,cloudPercent,SCA_cloudFree,SCA,SCA_error
2002-07-04,36.67322771472278,13.982899341481062,27.191532682220632,18.33661385736139
2002-07-05,44.3853040498494,13.897073632857666,29.92146727180704,22.1926520249247
2002-07-06,93.94154961970882,33.11556458020659,48.9770648580995,46.97077480985441
2002-07-07,40.58430641632869,12.322455338740893,27.613625514215386,20.292153208164347
2002-07-08,1.350391493073584,9.784457712615897,10.327524974558145,0.675195746536792
2002-07-09,1.366231284075552,13.217093287878487,13.719632866571816,0.683115642037776
2002-07-10,42.51666113969684,18.65912361669396,31.984217826795465,21.25833056984841
2002-07-11,62.30570918154491,27.75018683013121,41.613090717186736,31.152854590772456
2002-07-12,31.3605616827662,19.952258376213347,29.375398922419173,15.680280841383098
2002-07-13,88.89168208869539,25.92087312414734,47.325214036363896,44.445841044347695
2002-07-14,80.44718534604179,17.71147726340169,43.68668499481178,40.223592673020896
2002-07-15,89.92968268061603,23.915160313722712,47.37317387133928,44.96484134030801
2002-07-16,99.07699603841066,28.781147382654048,49.804149149738095,49.53849801920533
2002-07-17,97.5337234304297,37.19366731728476,49.68416041762497,48.76686171521485
2002-07-18,67.98565127316424,20.508565191241008,40.55850921577647,33.99282563658212
2002-07-19,43.13639491804039,17.72966702201041,31.64992529676262,21.5681974590202
2002-07-20,5.861618938607846,11.1183710883716,13.397464012294831,2.930809469303923
2002-07-21,55.87784326939877,17.566218809980803,35.68951622967947,27.938921634699387
2002-07-22,39.86211101721205,21.40762811105676,32.805151135881445,19.931055508606025
2002-07-23,3.841778899812083,13.0304187726435,14.450708343584967,1.9208894499060416
2002-07-25,78.60527807789818,20.041666666666664,43.590497890837,39.30263903894909
2002-07-26,76.05966894802077,10.123546574547849,40.45344503815845,38.02983447401039
2002-07-27,44.08703372877911,21.613287926328407,34.12814725273942,22.04351686438956
2002-07-28,2.69591325153418,11.589237125869191,12.624757972208256,1.34795662576709
2002-07-29,50.05693544205341,15.257052913986222,32.648275862068964,25.028467721026704
2002-08-08,43.29560730701069,16.86637509550475,31.21177922073291,21.647803653505346
2002-08-09,97.99014416476788,72.99742748159319,50.46221513819208,48.99507208238394
2002-08-10,100.0,-1.0,50.0,50.0
2002-08-11,99.95631469979296,100.0,50.02184265010352,49.97815734989648
2002-08-12,70.13535835455971,10.393765267599376,38.17173992791665,35.06767917727986
2002-08-13,49.31056901880104,12.28991670597844,30.87361174196881,24.65528450940052
2002-08-14,8.26442449980923,8.076076900950767,11.540847872829772,4.132212249904615
2002-08-15,5.134198393256384,11.01375897641184,13.015389936635966,2.567099196628192
2002-08-16,37.77220326412141,12.397894718746686,26.60103835717062,18.886101632060704
2002-08-17,25.60608514048221,15.309721671866368,24.19254387603852,12.803042570241104
2002-08-18,32.95559493797269,17.10509520263802,27.945806782888376,16.477797468986346
2002-08-19,8.621384222439106,11.646350885804404,14.95296633926532,4.310692111219553
2002-08-20,19.15540769425516,14.69259845714815,21.45587516892916,9.57770384712758
2002-08-21,95.29904472566618,63.38225812568741,50.62909396918447,47.64952236283309
2002-08-22,14.260473607827617,13.402966514937589,18.621876816322747,7.130236803913808
2002-08-23,76.00393660002072,14.76121812859943,41.54407956075831,38.00196830001036
2002-08-24,61.387340743038685,17.325797767958147,37.383621627211234,30.693670371519342
2002-08-25,26.052352884543385,14.560639595719952,23.79342682826813,13.026176442271693
2002-08-26,77.53892947943076,20.871401243044584,43.45740489154659,38.76946473971538
2002-08-27,91.26845740489156,21.231673949442563,47.4880813569959,45.634228702445775
2002-08-28,75.49091972343757,16.61041115023133,41.81651886479605,37.74545986171879
2002-08-29,78.2712415930029,13.76981628798718,42.12763091080552,39.13562079650145
2002-08-30,40.49468162870886,19.09233364393856,31.6082947336892,20.24734081435443
2002-08-31,40.206744329507245,18.6551053755233,31.257867017540107,20.103372164753623
2002-09-01,98.46350238729438,71.33905778602923,50.32787411345621,49.23175119364719
2002-09-02,44.80156680172863,17.42370995688894,32.01839830207821,22.40078340086432
2002-09-03,91.56104159200927,13.463426607756505,46.91669376772357,45.780520796004645
2002-09-04,86.56607581576293,27.32617552986768,46.95401561101543,43.28303790788146
2002-09-05,75.29070078411657,18.66138493841592,42.25644783431928,37.64535039205828
2002-09-06,60.76923236355422,15.490197114343225,36.46153941813253,30.38461618177711
2002-09-07,47.91062711495741,17.700453857791228,33.17536896980848,23.955313557478704
2002-09-08,50.9123981615146,12.828887602516597,31.75359234738746,25.456199080757298
2002-09-09,46.628013535727405,17.10839268295942,32.445095794867406,23.314006767863702
2002-09-10,73.1457016220765,16.88597947179031,41.10746212242773,36.57285081103825
2002-09-11,93.0257993019378,24.63690635302504,48.2311269458225,46.5128996509689
2002-09-12,10.664792335452685,8.382202202062604,12.820653911801228,5.332396167726342
2002-09-14,7.842235320546422,14.667053588701876,17.437946391958437,3.921117660273211
2002-09-15,58.24873503706635,15.042467876862371,35.40478813876617,29.124367518533177
2002-09-16,30.66589499930508,7.359958832100191,20.435909084308808,15.33294749965254
2002-09-17,7.705695017528343,11.219841110372649,14.208121881720237,3.8528475087641714
2002-09-18,5.168783380817503,6.727570931498031,8.964229053666802,2.584391690408752
2002-09-19,84.74399986740039,12.773990276231087,44.320799907180266,42.3719999337002
2002-09-20,86.44555221560174,26.900361723117395,46.86897159137507,43.22277610780087
2002-09-21,64.41790310330443,18.18464236502568,38.6794286182932,32.20895155165221
2002-09-22,94.24731585384552,59.486766255501145,50.54574369836294,47.12365792692276
2002-09-23,99.26928404744994,47.18050439217909,49.97939749581221,49.63464202372497
2002-09-24,97.82344362312485,99.73787680209698,51.08257292925836,48.91172181156242
2002-09-25,95.650096454538,30.88777768669563,49.16863676397699,47.825048227269
2002-09-26,68.0591064850968,26.25312583727784,42.41503621056685,34.0295532425484
2002-09-27,79.80462168765581,19.689491344545576,43.87867810863515,39.90231084382791
2002-09-28,16.275811102277043,40.99206545995537,42.45673325431111,8.137905551138521
2002-09-29,7.584263245669236,40.148860957483386,40.895997275164746,3.792131622834618
2002-09-30,2.655084990532836,37.48282948164265,37.815170997314965,1.327542495266418
2002-10-01,1.812132946802024,34.893285541525486,35.16703929140681,0.906066473401012
2002-10-02,32.31565772723869,24.77293800311881,32.92522901266924,16.157828863619343
2002-10-03,89.04641657879964,15.95968001210356,46.27136515328223,44.52320828939982
2002-10-04,99.97950310559006,100.0,50.010248447204965,49.98975155279503
2002-10-05,33.29190561950685,17.240574913921538,28.14681179507183,16.645952809753425
2002-10-06,90.9327385600639,30.15120828991093,48.20025816297786,45.46636928003195
2002-10-07,64.67981015750081,17.598154523335992,38.55560666516904,32.339905078750405
2002-10-15,99.6256496262708,27.544247787610622,49.91593680766921,49.81282481313539
2002-10-21,97.66769643611426,89.78160511363636,50.927827793836286,48.83384821805713
2002-10-22,89.16776941826487,61.55772649932132,51.25195958441279,44.583884709132434
2002-10-23,58.79531967235218,32.580078429793254,42.82217700366935,29.39765983617609
2002-10-24,14.365211035691372,35.23755025241381,37.35820731269246,7.182605517845686
2002-10-25,87.22069021242564,50.00567435677112,50.00072514363024,43.61034510621282
2002-11-02,100.0,-1.0,50.0,50.0
2002-11-04,83.3778799933698,40.37394827048925,48.39994612962042,41.6889399966849
2002-11-07,75.39983426558939,68.91321739862731,54.652682825771706,37.699917132794695
2002-11-09,86.75878642234906,19.824457099943675,46.00439191638785,43.37939321117453
2002-11-12,5.120920428231726,35.95676546490477,36.67590833099696,2.560460214115863
2002-11-16,99.93002070393376,85.79881656804734,50.02505175983437,49.96501035196688
2002-11-21,97.9271704043581,73.40924982519229,50.48523385849434,48.96358520217905
2002-11-23,10.219737544363891,65.78028210715262,64.16757869204139,5.109868772181946
2002-11-25,93.60924985712748,83.26853291861069,52.126108815027706,46.80462492856374
2002-12-06,89.35766592663774,91.12438701642408,54.37659465191027,44.67883296331887
2002-12-11,16.113891650976395,67.71938420725718,64.86410183487953,8.056945825488198
2002-12-16,70.95781582186416,61.92698188460084,53.46385604581867,35.47890791093208
2002-12-17,58.62804435692818,55.121518644883,52.11887242201264,29.31402217846409
2002-12-19,3.186507137086473,55.57989171007131,55.40208806248819,1.5932535685432367
2002-12-24,98.85353061634376,46.19830232978147,49.956414700151775,49.42676530817188
2002-12-25,85.37185410372113,93.8135281293355,56.40910681706638,42.68592705186057
2002-12-28,99.6716349309212,100.0,50.16418253453941,49.83581746546059
2002-12-29,29.038556506799573,64.91127011371577,60.58125251586291,14.519278253399786
2003-01-01,8.976600657872877,59.00963896652027,58.20087965577965,4.488300328936439
2003-01-02,100.0,-1.0,50.0,50.0
2003-01-04,22.643036671599383,55.65774752561581,54.37666167860412,11.321518335799691
2003-01-09,84.63924382405898,94.10550737148792,56.77493944749595,42.31962191202949
2003-01-18,4.856544228648794,60.39734694634746,59.89239519329204,2.428272114324397
2003-01-23,60.09660152596399,80.22961503879756,62.0626437460985,30.048300762981995
2003-01-27,37.575883360141134,69.28966835674507,62.04140507445649,18.787941680070567
2003-02-03,49.075971526233694,59.08463296119648,54.626261075896856,24.537985763116847
2003-02-05,49.72987322188141,63.12145977812891,56.596174465605245,24.864936610940703
2003-02-13,14.64770719533944,71.39455178335568,68.26074048237446,7.32385359766972
2003-02-14,34.905519425272566,80.36494744795004,69.76590481803203,17.452759712636283
2003-02-17,8.7418882578314,67.4697013138912,65.94251954605393,4.3709441289157
2003-02-22,0.9707837764112914,65.00456394108465,64.85878617261588,0.4853918882056457
2003-02-23,3.213928963779959,64.7110950900434,64.2382909440553,1.6069644818899795
2003-02-27,7.669495837235816,66.96266306792623,65.66171233004728,3.834747918617908
2003-03-02,58.52073030387858,72.42773872964136,59.30256186951157,29.26036515193929
2003-03-04,5.67827602032658,61.572198541585934,60.91484143482224,2.83913801016329
2003-03-05,13.43707443451689,58.06337893060645,56.97989670176371,6.718537217258445
2003-03-07,34.85904970614603,59.3178813221824,56.06717136500979,17.429524853073016
2003-03-09,99.01881010797436,44.62966870647816,49.94730685217967,49.50940505398718
2003-03-10,29.41820054061012,62.83572123996623,59.05968302475928,14.70910027030506
2003-03-13,35.51239535646248,47.31696642627973,48.26977591652589,17.75619767823124
2003-03-16,20.72151360102955,53.95528230694907,53.13244009008542,10.360756800514777
2003-03-17,57.393037260692125,59.403974476908026,54.00674790139023,28.696518630346063
2003-03-21,5.814378444377074,54.60171391658821,54.33415285455021,2.907189222188537
2003-03-29,49.22481263538805,51.03305953986352,50.52453791695369,24.612406317694024
2003-04-01,10.591761294647767,49.091791410387685,49.17932581844296,5.295880647323884
2003-04-03,91.80194737932464,99.8483776407561,54.08659622954216,45.90097368966232
2003-04-04,62.02737385924977,58.76890450866041,53.30480680324572,31.013686929624885
2003-04-11,66.52017081968572,70.98028772612139,57.0201915502301,33.26008540984286
2003-04-12,99.29522642196972,100.0,50.352386789015135,49.64761321098486
2003-04-24,12.47807358970367,42.89038317856762,43.77663604753749,6.239036794851835
2003-05-04,2.8232020103424644,33.600047871840246,34.06305165001765,1.4116010051712322
2003-05-08,46.32264622597475,25.30560504581661,36.74470225808793,23.16132311298737
2003-05-10,97.9229002780924,18.83162197188715,49.35260170665496,48.96145013904621
2003-05-15,55.75018250597292,27.88171705286449,40.21021369790285,27.87509125298646
2003-05-21,68.3959134934324,16.51448362720403,39.41720843837071,34.1979567467162
2003-05-24,28.43899937507656,20.812637808982245,29.113231560087115,14.219499687538278
2003-05-25,39.42535987647147,23.845025833596008,34.156718524298924,19.71267993823573
2003-05-29,85.95873457103383,19.1685844102201,45.67087910153135,42.97936728551692
2003-06-01,29.41009189356372,24.683814167124908,32.129327684518834,14.705045946781858
2003-06-02,35.89976597121944,22.04539128295756,32.0810303905459,17.94988298560972
2003-06-03,24.735685059900312,23.45950060817352,30.02447495106048,12.367842529950156
2003-06-05,46.37000738570824,21.056235324154844,34.47746114204626,23.18500369285412
2003-06-07,65.3467933590202,15.195925890463425,37.93927227934254,32.6733966795101
2003-06-11,39.768491147275725,13.21065338609742,27.841221437387848,19.884245573637862
2003-06-17,44.49192884115489,27.27591002675557,37.386295967451495,22.245964420577444
2003-06-18,66.43819143819144,13.88082383029195,37.877751239820206,33.21909571909572
2003-06-19,85.39097071419147,27.6324139614352,46.73231280509765,42.69548535709573
2003-06-20,8.810462021400722,9.712928791131734,13.262405899523737,4.405231010700361
2003-06-21,4.057330723177259,11.958470924257938,13.50194157101443,2.028665361588629
2003-06-22,1.4959439420812377,9.729516612938252,10.331940469613832,0.7479719710406187
2003-06-23,31.48482935926374,20.323347870889844,29.666991153282485,15.74241467963187
2003-06-24,24.097410168911328,17.8901032821503,25.62775679906434,12.048705084455664
2003-06-25,33.348897923268645,11.83807800925998,24.56465841950928,16.674448961634322
2003-06-26,64.04741783535334,28.20984562590192,42.165876844849045,32.02370891767667
2003-06-27,50.13603477355469,18.67312643020595,34.379178656625406,25.068017386777345
2003-06-28,68.85891182999858,24.485815838868994,42.05460541452565,34.42945591499929
2003-06-29,30.90378436972932,15.719995561874436,26.313814215366406,15.45189218486466
2003-06-30,64.79391534108535,26.916532466348635,41.87321487788962,32.39695767054268
2003-07-01,79.42482506252577,18.222284885594583,43.4616795240789,39.712412531262885
2003-07-02,29.72333058767736,15.556914240483849,25.794546485382057,14.861665293838676
2003-07-03,82.98139015771476,22.076371064899693,45.247786537727805,41.49069507885738
2003-07-04,91.46190134893722,21.052851385495625,47.52846389462386,45.73095067446861
2003-07-05,75.90898724992226,13.000524943417984,41.08645174665699,37.95449362496113
2003-07-06,34.69620689225814,13.439281560432438,26.12446407152077,17.34810344612907
2003-07-07,38.607667155179485,24.034314821644823,34.05906012986596,19.303833577589742
2003-07-08,16.92598281373241,10.3409505439318,17.05363443895554,8.462991406866205
2003-07-09,93.38458065758655,26.2294568790108,48.42747889257736,46.69229032879328
2003-07-10,29.759142659101567,11.437257729034698,22.913199214712925,14.879571329550783
2003-07-11,31.33060907207525,15.13668452085773,26.05957360319209,15.665304536037628
2003-07-12,85.96310123625834,39.70608781801324,48.55505396818605,42.98155061812917
2003-07-13,7.472705904826767,10.12102321051486,13.10106186384721,3.736352952413384
2003-07-14,29.39036940518379,13.662422534549076,24.342170784539924,14.695184702591895
2003-07-15,10.563954973306672,13.254021875660252,17.135850459216623,5.281977486653336
2003-07-16,9.574316349489914,17.851868647534925,20.92983244366948,4.787158174744957
2003-07-17,64.12704865331249,22.669403330249768,40.1957083539011,32.06352432665624
2003-07-18,3.692821382814593,6.663446881084263,8.263788381234386,1.8464106914072964
2003-07-19,0.2947107825931641,6.568417105838733,6.696414663678714,0.147355391296582
2003-07-20,1.833171090025424,13.119047446077396,13.7951384060219,0.916585545012712
2003-07-21,11.464449910229666,11.440601475556264,15.861224405076952,5.732224955114833
2003-07-22,5.416073854580075,11.388706673603414,13.4799228363696,2.708036927290037
2003-07-23,11.931836415956184,11.860224065818828,16.410999739697548,5.965918207978092
2003-07-25,7.548949340864275,12.108495887531458,14.968906337473213,3.7744746704321375
2003-07-26,25.649240665661114,15.059601029199827,24.021548050762544,12.824620332830555
2003-07-27,22.93228927090353,19.99157918114477,26.87319704895469,11.466144635451768
2003-07-28,59.93392596713058,26.211591945711422,40.46891881772767,29.96696298356529
2003-07-29,64.62660052775699,11.013899957807883,36.20929109342708,32.313300263878496
2003-07-30,6.651440910223403,5.092036547717547,8.079063200730836,3.3257204551117017
2003-07-31,76.58382455013519,10.655034198394931,40.78691377720685,38.2919122750676
2003-08-01,74.99751239655716,16.768924633115,41.69140450090383,37.49875619827858
2003-08-02,7.679416199063825,9.50231130006411,12.612297366333426,3.839708099531912
2003-08-03,5.143149539475327,14.33082409991824,16.165343155957938,2.5715747697376634
2003-08-04,2.207222144963504,13.705593010833065,14.506691199281136,1.103611072481752
2003-08-05,10.778000049922086,14.603045823233543,18.41812956207633,5.389000024961043
2003-08-06,13.02385868073013,27.837986868564705,30.724336139607693,6.511929340365065
2003-08-07,3.970078521038281,7.782919919551913,9.458971148035312,1.9850392605191405
2003-08-08,9.740308274922766,11.223874829205906,15.00078895791117,4.870154137461383
2003-08-09,43.65218600571239,17.386338107939643,31.622914460335966,21.8260930028562
2003-08-10,13.241193397588816,17.198911671989116,21.542167214014967,6.620596698794408
2003-08-11,0.2595892926548354,6.083513576318754,6.197516072784844,0.1297946463274177
2003-08-12,2.279251042101247,9.28476816358999,10.212770509515302,1.1396255210506234
2003-08-13,0.7281337027488651,9.168250114044133,9.465559846385895,0.3640668513744325
2003-08-14,62.40100508346671,12.230505409190664,35.79904964880128,31.20050254173336
2003-08-15,95.60283217949012,13.403664107756793,48.39079769466056,47.801416089745054
2003-08-16,26.754278052937675,15.70327998539524,24.87911982114013,13.377139026468836
2003-08-17,36.89715913750744,19.109440999053497,30.50717971209836,18.44857956875372
2003-08-18,53.251997732159474,17.665701765426025,34.884361528011034,26.625998866079737
2003-08-19,25.89866746540295,17.8002232787327,26.13953637637595,12.949333732701476
2003-08-20,34.5765449663568,25.979490449678565,34.28495273549348,17.2882724831784
2003-08-21,72.06802120324475,14.321869108937346,40.034392044429794,36.03401060162238
2003-08-22,35.67239808108675,20.190650755439098,30.82436048334029,17.836199040543374
2003-08-23,8.556880056767733,13.124892764112245,16.280251461091638,4.278440028383867
2003-08-24,12.927225853381971,13.999373437432814,18.653255741808497,6.463612926690986
2003-08-25,45.884434378065805,12.870387759716987,29.90710032293993,22.942217189032903
2003-08-26,7.725277507372265,11.834854585783953,14.783217980124302,3.8626387536861326
2003-08-27,0.535402916100598,6.539722486614577,6.772410079766655,0.267701458050299
2003-08-28,24.31831067275704,20.09267635363073,27.36563223186173,12.159155336378516
2003-08-29,98.4863234240113,77.83274440518257,50.42129773251606,49.24316171200565
2003-08-30,43.72528463894624,15.551091918881498,30.61397503235952,21.86264231947312
2003-08-31,62.74006354684298,11.597849199015888,35.69138301490779,31.37003177342149
2003-09-01,79.00375477369734,14.933978686366917,42.63745217388203,39.50187738684867
2003-09-02,51.21575507322344,14.916454696956407,32.8847573303666,25.60787753661172
2003-09-03,17.641501402607542,10.821624592515647,17.73327823954585,8.820750701303771
2003-09-04,0.4927917616057452,8.859890848237482,9.062625916852978,0.2463958808028726
2003-09-05,0.0738117906312512,6.763406557330249,6.795320261158238,0.0369058953156256
2003-09-06,98.94844941752868,28.823329942353336,49.77731660266079,49.474224708764346
2003-09-07,69.53587716576986,18.95018991156968,40.54094771486541,34.76793858288493
2003-09-08,99.40206544153575,98.16481994459834,50.28799410347084,49.70103272076788
2003-09-09,100.0,-1.0,50.0,50.0
2003-09-10,50.77561499632931,4.787263175190323,27.74430835465929,25.38780749816465
2003-09-11,59.55488281041067,20.57297521280488,38.09820533940943,29.77744140520533
2003-09-12,70.78835984495959,14.250750714093892,39.55705794047275,35.39417992247979
2003-09-13,45.64760040364709,10.2438864378147,28.3915982927012,22.823800201823545
2003-09-14,14.33446368780822,13.4014310510608,18.647639627303946,7.167231843904109
2003-09-15,0.6725074257514004,12.871153839250136,13.120848086776991,0.3362537128757002
2003-09-16,5.942562303213131,14.044033323539724,16.180739045010927,2.9712811516065654
2003-09-17,0.2296366819638928,11.16587264429108,11.255050045820363,0.1148183409819464
2003-09-18,0.0172381923574578,7.0181925443388735,7.025601830986792,0.0086190961787289
2003-09-19,0.0142631479480678,6.240482448475944,6.246723933205677,0.0071315739740339
2003-09-20,0.0142631479480678,8.347806549858596,8.353747463834004,0.0071315739740339
2003-09-21,0.0390455441349646,5.641376186627495,5.658696252666209,0.0195227720674823
2003-09-22,7.482909852065353,8.107889722105632,11.242638569328273,3.741454926032677
2003-09-23,99.8279474608275,78.58002406738869,50.049172657104045,49.91397373041375
2003-09-24,75.26484882846069,15.69527736131934,41.51467499634507,37.63242441423034
2003-09-25,3.080661667433311,9.647226764923923,10.890359181723202,1.5403308337166557
2003-09-26,0.1968314416833367,5.886755915695753,5.973584650000179,0.0984157208416683
2003-09-27,2.4632456506313223,12.425832160418228,13.35137621548764,1.2316228253156611
2003-09-28,15.183418905984963,9.4914631907472,15.642044027181168,7.591709452992482
2003-09-29,63.40267221875448,12.61956029011786,36.319757953303565,31.70133610937724
2003-09-30,53.34470819382192,20.667754496853064,36.31495526720225,26.67235409691096
2003-10-01,95.74836411828046,45.55328268069355,49.81094177089373,47.87418205914023
2003-10-02,46.52068334741819,21.88639742897339,34.9650374585923,23.260341673709096
2003-10-03,92.34585994301872,41.27553516107242,49.3322172420064,46.17292997150936
2003-10-04,80.48089438645653,22.462436952482083,44.62491398535885,40.24044719322826
2003-10-05,97.90325920404192,59.5299229705708,50.19981778274734,48.95162960202096
2003-10-06,21.12622552326704,55.06565147475661,53.99547051997683,10.56311276163352
2003-10-07,96.47008393024656,32.600023465915754,49.38579543219003,48.23504196512329
2003-10-09,72.7454776879926,14.379487647559936,40.29179951325288,36.3727388439963
2003-10-14,60.19087023394456,56.42703907356494,52.55854832491056,30.09543511697228
2003-10-22,88.9992895417648,61.28224439841837,51.24112703946047,44.4996447708824
2003-10-25,14.868396742458684,73.2826940427711,69.8209307201591,7.434198371229342
2003-10-28,6.534926947799089,50.24297894182504,50.22710044547824,3.2674634738995443
2003-11-05,2.153655087049617,44.99498022868083,45.10277109159369,1.0768275435248085
2003-11-17,57.93450046027152,60.332590737929536,54.34645590930578,28.96725023013576
2003-11-24,99.82215320910971,87.66006984866124,50.06697722567288,49.911076604554864
2003-11-27,80.02394574507309,56.67074536480152,51.33255171328077,40.01197287253655
2003-12-03,98.52714622934526,95.29031351047378,50.66706009028037,49.26357311467263
2003-12-06,5.920720653372456,51.98024063516028,51.86299611888787,2.960360326686228
2003-12-11,81.46589590585116,51.945714509295385,50.360620752527765,40.73294795292558
2003-12-13,72.88300645198719,53.885297758217575,51.05357594241695,36.44150322599359
2003-12-14,50.294044459190445,43.75265955227741,46.894699734572,25.147022229595223
2004-01-05,43.13146355931852,67.05862614797687,59.70099102724185,21.56573177965926
2004-01-06,91.05590885276996,89.52815336173366,53.53543406549033,45.52795442638499
2004-01-12,94.21602960637358,85.1766980557843,52.03460980100193,47.10801480318679
2004-01-19,50.43321052642491,79.07016626581617,64.40914811259535,25.21660526321245
2004-01-21,45.55239124437632,63.62729000872385,57.41973354794416,22.77619562218816
2004-01-23,12.508459095343866,77.95778139999479,74.46069374961077,6.254229547671933
2004-01-25,84.73539093200976,80.84465373810849,54.7083158114975,42.36769546600488
2004-01-27,88.3786734167566,86.26276669696807,54.21421454597428,44.1893367083783
2004-02-10,12.54717411972781,68.95428715207392,66.57591659989288,6.273587059863905
2004-02-13,44.74169492931745,62.60510826150936,56.96536917763465,22.370847464658723
2004-02-14,30.806182858731763,77.95168149130015,69.34083537899994,15.40309142936588
2004-02-21,100.0,-1.0,50.0,50.0
2004-02-22,94.29848489710922,89.18039963726196,52.23387640269146,47.14924244855461
2004-02-24,92.06921905905988,97.55549751893446,53.77132027795325,46.034609529529945
2004-02-27,98.00037685762857,99.140519830175,50.9826252068058,49.00018842881428
2004-02-29,83.49011449859725,90.89870860054468,56.75232996150228,41.74505724929863
2004-03-01,45.13378210791328,89.53682634956873,71.69236129257034,22.56689105395664
2004-03-02,39.28911476430016,81.56149301367195,69.15635533889954,19.64455738215008
2004-03-03,10.056131493836745,80.61636390073001,77.53754208824103,5.028065746918372
2004-03-10,67.18129915344683,96.09193950683547,65.12677574112259,33.590649576723415
2004-03-11,94.22702532536928,94.86977111286504,52.59032052291048,47.11351266268464
2004-03-14,93.10515482703354,91.1403429738415,52.83656295167376,46.55257741351677
2004-03-19,13.496092979406896,73.15543862344445,70.0303590970349,6.748046489703448
2004-03-21,59.73822684242608,82.55498395925702,63.107213793160646,29.86911342121304
2004-03-24,99.96997830155864,100.0,50.01501084922067,49.98498915077933
2004-03-31,34.56164698999882,67.98482125024965,61.76897081795608,17.28082349499941
2004-04-01,47.92599954766435,60.46022353714662,55.446805950081234,23.962999773832173
2004-04-10,90.4164413868536,41.02591816000519,49.13979363333354,45.2082206934268
2004-04-16,77.7295028301965,76.50550288866768,55.90290727066292,38.86475141509825
2004-04-18,95.06558646769136,55.51265371217527,50.27201713076289,47.53279323384568
2004-04-20,46.81478376881117,64.24856517481263,57.57426430769294,23.407391884405584
2004-05-03,99.87412008281574,20.06578947368421,49.96231884057971,49.93706004140787
2004-05-05,98.60103519668738,100.0,50.69948240165631,49.30051759834369
2004-05-10,90.06929267610595,58.94247021263277,50.88609692688535,45.03464633805297
2004-05-11,78.8669569885564,41.81812831654423,48.27040146915865,39.4334784942782
2004-05-14,51.05362328399609,45.680186235614286,47.87884892035032,25.526811641998044
2004-05-21,84.58459122168327,16.59049974461679,44.8497889648399,42.292295610841634
2004-05-31,95.9740482023085,19.356981533147337,48.7663268471668,47.98702410115425
2004-06-14,81.00801946726196,21.7883374987722,44.64204654980506,40.50400973363098
2004-06-16,96.19352239135938,26.35128805620609,49.09981707512757,48.09676119567969
2004-06-17,6.717051236793216,29.57984446045668,30.951476770680674,3.358525618396608
2004-06-18,59.14766993649333,27.649638859187814,40.86935669636967,29.573834968246665
2004-06-19,93.77770137605938,27.420697000965284,48.59504834019568,46.88885068802969
2004-06-20,98.72218367832993,18.94651539708266,49.60319350529662,49.36109183916496
2004-06-21,88.63904608066522,21.283073349863468,46.73748319622882,44.31952304033261
2004-06-22,95.61093477275128,18.515897726200585,48.61814221498925,47.80546738637564
2004-06-23,99.25992091084464,36.52132016381594,49.9002471090382,49.62996045542232
2004-06-24,40.92507211804181,30.28372411670082,38.352624240933096,20.462536059020906
2004-06-25,60.19048434084645,25.70335802513368,40.32762450836712,30.095242170423223
2004-06-26,12.669824190564388,22.48664354003847,25.972537432438887,6.334912095282194
2004-06-27,14.26171849046575,17.229738729073986,21.90334114012358,7.130859245232875
2004-06-28,42.13619166818213,28.65382837775381,37.64829216632257,21.068095834091064
2004-06-29,33.568853563825805,25.06743101907392,33.437008589980856,16.784426781912902
2004-06-30,11.72519906005855,25.63070441366857,28.4880528307,5.862599530029275
2004-07-01,90.42593290614398,18.653197196504284,46.99883606781458,45.21296645307199
2004-07-02,87.02212737744996,23.994635929692365,46.62505697592509,43.51106368872498
2004-07-03,27.0436416669341,25.327588819213982,31.99990728953834,13.52182083346705
2004-07-04,60.25755077918442,17.365328825162273,37.03018237995998,30.12877538959221
2004-07-05,31.730106821822528,11.171122978398769,23.49156713506694,15.865053410911264
2004-07-06,54.97730376582764,20.8750782097685,36.8871749339438,27.488651882913818
2004-07-07,79.38868147894581,31.534695431033,46.19405725940744,39.694340739472906
2004-07-08,68.11366302599815,18.14354248906881,39.84214261008476,34.056831512999075
2004-07-09,72.69412167134846,16.597324506126913,40.87910607112871,36.34706083567423
2004-07-10,84.93686774139486,20.99731319611301,45.63128692818149,42.46843387069743
2004-07-11,70.65321651815164,17.2907984107119,40.40090143095032,35.32660825907582
2004-07-12,95.4846439383404,29.752033483376767,49.08573221652885,47.742321969170206
2004-07-13,89.76030779873273,22.671634774432817,47.20165951726376,44.88015389936636
2004-07-14,59.835688535638255,21.56998526252242,38.58128033147556,29.917844267819127
2004-07-15,65.6636107872188,16.536855878870956,38.50996459173522,32.8318053936094
2004-07-16,59.27099381470661,24.99834542446226,39.817074561503546,29.635496907353303
2004-07-17,31.28331368414061,12.323826669002557,24.110182156319016,15.641656842070306
2004-07-18,68.44153713945437,20.33139932319061,40.63704567416552,34.220768569727184
2004-07-19,66.33789208287027,14.896120134769728,38.18329407666661,33.168946041435134
2004-07-20,73.85226231355392,19.081679269598183,41.915558598360455,36.92613115677696
2004-07-21,16.984021708511175,27.264214765100668,31.12566546499645,8.492010854255588
2004-07-22,20.270429285095368,21.37269897493694,27.175575785453727,10.135214642547684
2004-07-24,100.0,-1.0,50.0,50.0
2004-07-25,57.54417902587399,14.492293567228614,34.92491172488435,28.772089512937
2004-07-26,45.302253933954496,20.01844898172052,33.60076735735961,22.651126966977248
2004-07-27,47.003113998054005,11.25682118894204,29.46732169197352,23.501556999027
2004-07-28,9.972344604498778,9.170892804841206,13.242512073282644,4.986172302249389
2004-07-29,0.8413484004826693,8.550220133294795,8.898957193206906,0.4206742002413347
2004-07-30,3.7126974108820687,14.393347430480205,15.71531469853054,1.8563487054410344
2004-07-31,2.268197102441494,13.097175297903544,13.934204098515565,1.134098551220747
2004-08-01,17.18620183067504,20.186182294167164,25.31004517852112,8.59310091533752
2004-08-02,14.832914330318312,12.872913767004915,18.37994266128848,7.416457165159156
2004-08-03,40.95235038849249,24.72357257163561,35.074863697792416,20.476175194246245
2004-08-04,49.15116440774061,21.702360415702447,35.610979771290424,24.575582203870304
2004-08-05,60.802729966517255,24.6720521077816,40.07213587074735,30.401364983258627
2004-08-06,41.97145230938194,23.468541265969016,34.60417981550618,20.98572615469097
2004-08-07,75.96499110336147,19.69453078058587,42.71607777694576,37.982495551680735
2004-08-08,68.5433403579337,31.77242739576957,44.26621452487672,34.27167017896685
2004-08-09,19.02905850928041,10.203647455368014,17.77651866564554,9.514529254640207
2004-08-10,79.12827069445336,18.706750196082325,43.4685576100178,39.56413534722668
2004-08-11,64.30418812441798,15.7646115497917,37.77940014393891,32.15209406220899
2004-08-12,42.32806756992209,20.81131919393183,33.16632372829324,21.164033784961045
2004-08-13,23.599982884222463,18.50638364405613,25.938871713681564,11.799991442111232
2004-08-14,81.68041277550162,12.005605730302086,43.03958380134287,40.84020638775081
2004-08-15,39.95250371733293,20.45202168658959,32.25717882065161,19.976251858666465
2004-08-16,49.81511394472317,17.450973426175928,33.665308101824614,24.907556972361583
2004-08-17,73.00182211715037,31.41142053371547,44.981422249797646,36.500911058575184
2004-08-18,46.39972453962024,10.840221664963932,29.01025094274656,23.19986226981012
2004-08-19,48.97626255602743,22.926428708702414,36.18605206762158,24.488131278013714
2004-08-20,87.30134109248581,35.28536328536329,48.13143847412844,43.65067054624291
2004-08-21,92.54733396859594,14.500931150457236,47.35437295438538,46.27366698429797
2004-08-22,1.700345524759042,9.395138106716436,10.085561058753472,0.850172762379521
2004-08-23,17.56934564243001,10.452219352773488,17.400505628594757,8.784672821215006
2004-08-24,99.216418309603,25.802047781569964,49.810389276965374,49.60820915480151
2004-08-25,41.80867413342462,20.96345749064761,33.103250927996065,20.90433706671231
2004-08-26,74.3343567141986,19.283109304991143,42.1163124057295,37.1671783570993
2004-08-27,14.9173840282709,9.056078871589634,15.163840822546955,7.45869201413545
2004-08-28,7.455347432455079,12.307203267382048,15.117332220807794,3.72767371622754
2004-08-29,58.60332577036505,17.710065930542473,36.63304118430276,29.301662885182527
2004-08-30,38.3282877447467,12.647004405795762,26.96376803842492,19.16414387237335
2004-08-31,97.78315023017154,35.66832877593695,49.68228837945679,48.89157511508577
2004-09-01,43.76789579344109,17.042910861831718,31.467535292376706,21.883947896720542
2004-09-02,0.6329271901955121,9.587214893708644,9.842998398961642,0.316463595097756
2004-09-03,34.022284296113234,8.387320175024396,22.544625704821343,17.011142148056617
2004-09-04,57.4820908348577,23.22697786369336,38.6166707673217,28.74104541742885
2004-09-05,2.2861350358261587,9.583934693639234,10.507610050222588,1.1430675179130794
2004-09-06,9.528852565405447,12.71973041147722,16.27211233655324,4.764426282702724
2004-09-07,0.5798666638974849,6.082122757981024,6.336787887598912,0.2899333319487424
2004-09-08,10.906672657188803,10.07780481557377,14.43198796190313,5.4533363285944025
2004-09-09,3.2405186325148447,7.366482504604052,8.748029582738834,1.6202593162574224
2004-09-10,5.976437279589792,7.294947522114664,9.847188198671388,2.988218639794896
2004-09-11,53.57719750537543,20.811586187826205,36.44992030466084,26.788598752687715
2004-09-12,99.89503105590062,37.08086785009862,49.98643892339544,49.94751552795031
2004-09-13,75.15110022357484,14.895891629715727,41.277015293660384,37.57555011178742
2004-09-14,79.30096311906519,23.111509242191943,44.43434138131456,39.650481559532594
2004-09-15,99.44552012351886,42.18649517684888,49.956675688107744,49.72276006175943
2004-09-16,99.33105836123562,43.73667377398721,49.95810200290255,49.66552918061781
2004-09-17,23.15194174930378,15.726283553348956,23.661314420399155,11.57597087465189
2004-09-18,0.7561958840181188,5.728181346369557,6.062963016808276,0.3780979420090594
2004-09-19,0.9418699077237488,6.532495796240307,6.941903137974076,0.4709349538618743
2004-09-20,43.52240663900415,13.482378352961922,29.37572614107884,21.76120331950208
2004-09-21,56.14438584667829,18.54297097324985,36.204326725930045,28.072192923339145
2004-09-22,34.457091102291734,8.192948716205004,22.59844246424407,17.228545551145867
2004-09-23,82.29604589881009,30.39204825829061,46.5286172234643,41.148022949405046
2004-09-24,71.29470159711599,18.403269483987973,40.93006421982364,35.647350798557994
2004-09-25,57.90766751175818,20.88610275742301,37.74528157236944,28.95383375587909
2004-09-26,42.96791148290384,7.516138612313799,25.770566567894367,21.48395574145192
2004-09-27,23.07759355991508,10.8661400328067,19.897293180341887,11.538796779957538
2004-09-28,62.65586946366998,12.594410335246206,36.03120776771037,31.32793473183499
2004-09-29,87.38834629496904,16.380394984237387,45.7600118384128,43.69417314748452
2004-09-30,36.556804769596674,12.243848427962815,26.046291046665456,18.278402384798337
2004-10-01,86.86979817380548,29.35839171874014,47.2897151724981,43.43489908690274
2004-10-02,35.35085561058754,16.198760093544546,28.147787607463904,17.67542780529377
2004-10-03,32.27732551712826,15.990385602624215,26.96777954878532,16.13866275856413
2004-10-04,48.66853513904786,23.52706218241053,36.411053226502354,24.33426756952393
2004-10-05,1.8007224284435697,7.199347841085285,7.97006878403098,0.9003612142217848
2004-10-06,12.786555556744151,11.410394792791024,16.344676101739033,6.393277778372076
2004-10-09,54.75604668328323,25.915505168126668,39.103222401700165,27.37802334164161
2004-10-12,87.23221333023967,31.16126624588275,47.59471066299018,43.61610666511984
2004-10-13,88.46773759162043,13.828908130636297,45.82865476964893,44.23386879581022
2004-10-16,87.72049788541672,57.01895006834175,50.861892122063566,43.86024894270836
2004-10-19,91.66761572468344,99.82355864811132,54.15149036619835,45.83380786234172
2004-10-23,23.63295196027964,18.08639022374916,25.628518290961622,11.816475980139815
2004-10-28,99.62152347154904,98.19474835886214,50.1824058104843,49.81076173577452
2004-11-01,98.58921935009678,84.81068388611682,50.491102392364304,49.29460967504839
2004-11-13,82.16494396827666,45.91043735842481,49.27062421142264,41.08247198413833
2004-12-01,74.97637227348471,61.56872489336149,52.89491465001949,37.48818613674236
2004-12-02,79.51014640493625,60.754770403777904,52.203636710219335,39.755073202468125
2004-12-04,6.391165580983904,60.74495389236302,60.05822609750172,3.195582790491952
2004-12-13,5.61279268989149,41.22922433102016,41.72150978661544,2.806396344945745
2004-12-14,15.059715624065644,44.83360466992271,45.61164911464735,7.529857812032822
2004-12-16,25.061272093752013,43.70252419656333,45.28075174270079,12.530636046876008
2004-12-18,49.245241151621606,36.55834896197236,43.17772243040852,24.622620575810803
2004-12-24,10.605088465715252,53.91742639800244,53.50197986291499,5.302544232857627
2004-12-27,85.2946721778496,85.327434625789,55.19501507287814,42.6473360889248
2005-01-01,21.162376060889727,66.2123418046447,62.78142506366895,10.581188030444864
2005-01-02,23.78473411420873,64.44713764366251,61.010924368003614,11.892367057104368
2005-01-03,45.62336253373466,54.43780661798927,52.41313001611796,22.81168126686733
2005-01-04,13.71981598963696,61.934161329284784,60.296816355000495,6.85990799481848
2005-01-05,12.986929407173047,66.40557338327746,64.27499314914925,6.493464703586524
2005-01-06,52.37519544453523,55.50306318388248,52.62082308588777,26.18759772226761
2005-01-07,9.89549266704458,64.96841707436793,63.48721846040121,4.947746333522289
2005-01-08,13.593055437325988,65.27285527893449,63.19680759400635,6.796527718662994
2005-01-09,78.56762562952007,80.07848747293535,56.44653404017742,39.28381281476003
2005-01-10,13.58333558255078,61.85476605201513,60.24449339664362,6.7916677912753896
2005-01-11,7.747155887867543,59.011294221445965,58.31317521059615,3.873577943933772
2005-01-12,3.2726351379416334,56.34310252281267,56.13551592081544,1.6363175689708167
2005-01-13,63.22591612833675,50.071596892582114,50.02632910132765,31.61295806416837
2005-01-14,8.048671601656993,55.780621588725325,55.31535834051433,4.024335800828497
2005-01-15,18.176194884611075,60.15915940293661,58.31261079122056,9.088097442305536
2005-01-16,7.482053827097943,55.40380700577043,54.9994912568862,3.7410269135489713
2005-01-17,6.602993827929657,55.4727402502396,55.11137554929765,3.3014969139648285
2005-01-18,73.2251147276061,56.939790920275776,51.858121057047846,36.61255736380305
2005-01-19,70.575512292747,75.61731220120119,57.53776287957106,35.2877561463735
2005-01-20,80.1711077444078,63.66135354063235,52.70889507422751,40.0855538722039
2005-01-21,95.953921211318,40.10952454066226,49.59982357033994,47.976960605659
2005-01-22,62.16951401559131,46.35928183093652,48.622698623320616,31.08475700779565
2005-01-23,89.38852608752384,94.79837607838544,54.75376799077083,44.69426304376192
2005-01-24,86.81399723237296,70.52409979262238,52.706308366685725,43.40699861618648
2005-01-25,78.72148162886324,63.78228854170725,52.932666799310255,39.36074081443162
2005-01-26,98.00429824343462,96.53491026040044,50.92869802148293,49.00214912171731
2005-01-27,37.060782421960106,71.53966605680002,63.556897285072566,18.530391210980053
2005-01-28,92.32145853140204,85.87575193547517,52.7547344895368,46.16072926570102
2005-01-29,40.752973492196205,73.67425834103706,64.02629411484017,20.376486746098102
2005-01-30,4.257970195869952,66.09448204060385,65.4091837921353,2.128985097934976
2005-01-31,55.81472020171022,73.57610455430677,60.41716776285778,27.90736010085511
2005-02-01,67.31898766194858,52.38850472625769,50.78058752428321,33.65949383097429
2005-02-02,69.24896792961809,46.89731435468319,49.04589214216549,34.624483964809045
2005-02-03,46.37640565998589,51.44531930123232,50.77503215901075,23.188202829992942
2005-02-04,12.212154237376096,70.40359804774697,67.91187918418184,6.106077118688049
2005-02-05,24.69696120729908,73.03244759715814,67.34413294899652,12.34848060364954
2005-02-06,36.587684216861724,67.02308014557642,60.79472933792963,18.293842108430862
2005-02-07,7.92114367832801,67.68788721467057,66.28680425473591,3.960571839164005
2005-02-08,10.125220865022664,66.22095212573032,64.57854489659053,5.062610432511332
2005-02-09,15.598970227961631,66.19970186408742,63.67271519328988,7.799485113980817
2005-02-10,10.20141196013289,64.20884685642935,62.7593438538206,5.100705980066445
2005-02-11,66.3085075066235,47.4806022680425,49.15117730225924,33.15425375331175
2005-02-12,76.04952185226313,64.05785066777385,53.36692245222666,38.02476092613156
2005-02-13,71.54523459544181,34.2334006076547,45.51365113063165,35.772617297720906
2005-02-14,90.44792072316908,33.360801491954724,48.41061056748225,45.22396036158455
2005-02-15,56.18401456916828,46.78782255506692,48.59255279871565,28.09200728458414
2005-02-16,99.9815733082123,100.0,50.009213345893855,49.99078665410615
2005-02-17,27.64784597670149,70.45365253525206,64.79310380597711,13.823922988350745
2005-02-18,10.136179013730034,64.85411048643702,63.34847125663452,5.068089506865017
2005-02-19,37.498781031817664,64.19833415773381,58.87346591557478,18.749390515908832
2005-02-20,98.8489587000004,99.8740780715956,50.57407123659811,49.424479350000205
2005-02-21,98.59560855927202,88.38272150965649,50.53904365560007,49.29780427963601
2005-02-22,77.04651601495046,80.63545966059445,57.03140385536274,38.52325800747523
2005-02-23,55.19933802851952,88.19221671365153,67.1103659092983,27.59966901425976
2005-02-24,42.45556666763494,80.21330390215576,67.37226065341794,21.22778333381747
2005-02-25,31.36916804133337,81.65445222460062,71.72471391370206,15.684584020666689
2005-02-26,32.92251256323112,80.045286941028,70.15096625875069,16.46125628161556
2005-02-27,80.74309692793867,53.80559351763174,50.732839455007,40.37154846396933
2005-02-28,35.03327552298998,70.98498711401938,63.62854641562041,17.51663776149499
2005-03-01,3.864566811436544,71.74617368427873,70.89222394765032,1.932283405718272
2005-03-02,6.685132085187314,71.95086946363605,70.48208030795999,3.342566042593657
2005-03-03,97.627508967254,99.99127094972069,51.18603842043788,48.813754483627
2005-03-04,56.27244155865695,91.39793102794344,68.10230448375087,28.136220779328475
2005-03-05,40.133041833297376,79.19356795065066,67.46645951910791,20.066520916648688
2005-03-06,87.56282916682206,59.03979743124157,51.12429504949675,43.78141458341103
2005-03-07,29.08755186721992,70.13607890294247,64.27738589211617,14.54377593360996
2005-03-08,52.50577649825979,55.98038273750775,52.84033634361142,26.252888249129896
2005-03-09,65.2908771617007,50.18876039376852,50.065517076943166,32.64543858085035
2005-03-10,22.04496237232728,63.57623652707366,60.55078698671623,11.022481186163636
2005-03-11,59.26726908546524,78.7910102064191,61.72736471495693,29.63363454273262
2005-03-12,29.50216216664868,66.17750956726523,61.398477768278816,14.75108108332434
2005-03-13,18.35438570265916,67.12567739047954,63.980413407078906,9.17719285132958
2005-03-14,43.11782101167315,65.79860414378851,58.98604409857328,21.55891050583657
2005-03-15,2.6393449091524563,66.23870549388667,65.81011004712151,1.3196724545762282
2005-03-16,4.122311152461134,63.29991855689754,62.75112870333066,2.061155576230567
2005-03-17,5.11875860550794,61.36273597811217,60.78110495241141,2.55937930275397
2005-03-18,9.653955168869462,58.0087475551204,57.235586656561146,4.826977584434731
2005-03-19,71.02619865534163,38.76112653481783,46.743671128820594,35.513099327670815
2005-03-20,45.52006786424661,52.3304996021609,51.26965460168126,22.760033932123303
2005-03-21,12.578464860824154,55.7034577279281,54.9848936324844,6.289232430412077
2005-03-22,80.38016905610343,51.814658768122825,50.3560329825143,40.19008452805171
2005-03-23,73.2809747808608,58.62352448463602,52.30412168182854,36.6404873904304
2005-03-24,55.70730331603188,51.05059130874463,50.46533522177039,27.85365165801593
2005-03-25,97.81150219284622,87.98372599110607,50.83127301039065,48.90575109642311
2005-03-26,96.20932274282116,66.41175506636806,50.62211666680471,48.104661371410586
2005-03-27,91.36100166142552,47.13922593640593,49.75285777617574,45.68050083071276
2005-03-28,68.22258433674992,24.204881294893628,41.80297790824958,34.11129216837496
2005-03-29,97.46540009153468,60.28270283519896,50.26062537664872,48.73270004576735
2005-03-30,81.6096360972314,37.02964941343521,47.61470532766585,40.8048180486157
2005-03-31,96.85074750486604,40.86396212768755,49.71228309934981,48.42537375243302
2005-04-01,26.41974488991427,49.10477706197567,49.314090807240014,13.209872444957137
2005-04-02,5.308929617124133,44.18142582699544,44.489228890743945,2.6544648085620666
2005-04-03,8.710702271689023,43.09136525859186,43.6931558619544,4.355351135844511
2005-04-04,4.477782415743055,42.2052835144002,42.55326218556153,2.238891207871528
2005-04-05,32.113124387855045,42.25917378612584,44.74499493683494,16.056562193927522
2005-04-06,22.200559358668503,36.7176407792901,39.66639882231538,11.100279679334252
2005-04-07,98.12983097664151,42.09477413640389,49.8521589146725,49.06491548832076
2005-04-08,98.52081909849473,62.527995520716686,50.18531171708388,49.26040954924736
2005-04-09,99.94906832298138,90.65040650406505,50.02070393374741,49.97453416149069
2005-04-10,98.49366095258604,100.0,50.75316952370699,49.24683047629302
2005-04-11,97.36861177084477,97.25369845766446,51.24342825905549,48.68430588542238
2005-04-12,82.36969671859462,77.75806356853299,54.89383079217765,41.18484835929731
2005-04-13,67.6719311197193,39.31750075398328,46.5419884370049,33.83596555985965
2005-04-14,79.75596056070621,47.86730828299376,49.56825704769071,39.87798028035311
2005-04-15,60.01434812448034,45.81224591388036,48.32549922972135,30.00717406224017
2005-04-16,96.17746818353122,59.82665222101842,50.37562690764217,48.08873409176561
2005-04-17,56.52309994672991,52.37279072654184,50.99959166499119,28.26154997336496
2005-04-18,80.277948173815,41.67165810241376,48.35722101563407,40.1389740869075
2005-04-19,99.97184230031844,100.0,50.01407884984078,49.985921150159214
2005-04-20,98.75991560220396,70.27884454833863,50.251474787297255,49.37995780110197
2005-04-21,83.38125800183136,47.4308941062055,49.571474740108805,41.69062900091568
2005-04-22,7.761396093711305,51.9578716915516,51.48776601892057,3.880698046855653
2005-04-23,69.24626907441535,51.12772325280415,50.34681697475264,34.62313453720768
2005-04-24,99.92194455371748,100.0,50.03902772314126,49.96097227685873
2005-04-25,99.65320049359404,89.43283582089552,50.136752879988734,49.82660024679702
2005-04-26,44.73240593100674,39.23870522071466,44.03768358149536,22.36620296550337
2005-04-27,30.796655578083204,45.59868764357647,46.95140046111352,15.398327789041602
2005-04-28,91.98032311516155,40.43855571052224,49.233119304059656,45.99016155758078
2005-04-29,89.05240740970919,34.04609620406464,48.25343161017406,44.5262037048546
2005-04-30,67.70023749520342,36.82459768048189,45.74437634174419,33.85011874760171
2005-05-01,32.02637035991473,35.74824790435619,40.31256681328399,16.013185179957365
2005-05-02,13.823420699622488,39.141068519821495,40.64214430181031,6.911710349811244
2005-05-03,91.98017566859484,22.539575962606204,47.79772223154206,45.99008783429742
2005-05-04,47.196891750609865,29.834549362125124,39.35003484956604,23.59844587530493
2005-05-05,92.89862155803704,21.51939340915719,47.97748434341761,46.44931077901852
2005-05-06,80.17077228773121,17.730036989822572,43.60111555204701,40.085386143865605
2005-05-07,76.02410488028436,33.21282153297929,45.97512369718763,38.01205244014218
2005-05-08,38.02206510825098,20.644377021840903,31.80012364426963,19.01103255412549
2005-05-09,86.43535802632833,24.08015517847052,46.48406584982825,43.217679013164165
2005-05-10,99.17638728431407,29.68828557063852,49.83271013718597,49.58819364215704
2005-05-11,50.480563905877474,34.19122113898118,42.15953146055769,25.240281952938737
2005-05-12,32.766924841631024,35.90407635369144,40.51051437247719,16.383462420815512
2005-05-13,69.4626148363006,13.588436182419358,38.88086051289919,34.7313074181503
2005-05-14,98.26074531794876,64.53149184426718,50.25273965227331,49.13037265897438
2005-05-15,68.09692168918289,31.37212839814345,44.05602961150453,34.048460844591446
2005-05-16,99.98405780598144,100.0,50.00797109700928,49.99202890299072
2005-05-17,78.19972978125544,23.315146099884032,44.18262974229752,39.09986489062772
2005-05-18,99.59631366262288,3.652263374485597,49.812900519559264,49.79815683131144
2005-05-19,18.600759290748705,35.41782537924982,38.0529763741692,9.300379645374353
2005-05-20,19.1467234604343,23.47980128624793,28.55755039512769,9.57336173021715
2005-05-21,7.357772028256636,28.170220014703503,29.77640546029162,3.678886014128318
2005-05-22,60.12345397336364,25.17242814193723,40.09962188072338,30.06172698668182
2005-05-23,99.10073878977622,34.95279760534193,49.864686345640976,49.55036939488811
2005-05-24,52.46504660798051,26.46915024576782,38.81242492204341,26.232523303990256
2005-05-25,3.255478757871301,25.52332333664648,26.320156346054794,1.6277393789356505
2005-05-26,2.612925267554326,25.7339361497942,26.36799026357709,1.306462633777163
2005-05-27,7.573026427820857,25.799254500967265,27.63198335333868,3.7865132139104287
2005-05-28,10.150985632380822,25.33274784196356,27.83671706442897,5.075492816190411
2005-05-29,13.495249467836562,21.95937024357688,25.7435231815586,6.747624733918281
2005-05-30,8.034106743474677,22.240261573096628,24.470508590023403,4.0170533717373385
2005-05-31,45.31615682108653,20.979803690199308,34.130641359735755,22.658078410543265
2005-06-01,42.83521598267658,22.814255235773064,34.45932772202887,21.41760799133829
2005-06-02,52.84334396905068,21.058763530208303,36.35228066683667,26.42167198452534
2005-06-03,20.30843205401298,22.92884609372558,28.4265729910186,10.15421602700649
2005-06-04,95.38616387630164,19.252177035640543,48.58134583681956,47.69308193815082
2005-06-05,78.8327746309042,14.689674748206368,42.525783875392094,39.4163873154521
2005-06-06,98.20430949156614,28.83994464944649,49.62003089449076,49.10215474578307
2005-06-07,58.58824358612912,13.860647654517514,35.03405943713826,29.29412179306456
2005-06-08,43.62748251269399,8.406491675592905,26.55269224623953,21.813741256347
2005-06-09,71.55656603757943,12.921254162446536,39.45353141360172,35.778283018789715
2005-06-10,35.49019729919872,10.243368881596936,24.35307570503282,17.74509864959936
2005-06-11,36.67168127820719,19.151989776692822,30.464076360429527,18.3358406391036
2005-06-12,95.4801417426224,19.06616568914956,48.60183453557752,47.7400708713112
2005-06-13,80.54460595961982,25.939813581890814,45.31899592550682,40.27230297980991
2005-06-14,99.94596105469114,36.7816091954023,49.9928569210224,49.97298052734557
2005-06-15,89.49991400336113,33.265575970476206,48.2428710858578,44.74995700168056
2005-06-16,45.99117333991771,14.755949979830577,30.965102116613995,22.99558666995885
2005-06-17,90.16532367512106,10.527757294848836,46.11803269177774,45.08266183756053
2005-06-18,23.367584174035787,16.586170561450174,24.39417528127205,11.683792087017894
2005-06-19,7.092637427896295,15.211424995530129,17.678852486928935,3.546318713948148
2005-06-20,4.200926894902078,14.381762380357884,15.87805850401156,2.100463447451039
2005-06-21,12.275350251150892,14.882109135151383,19.19295323962848,6.137675125575446
2005-06-22,16.82911992891502,17.034309748761277,22.58214529653689,8.41455996445751
2005-06-23,2.492585792967095,12.472684055155844,13.408084600878906,1.2462928964835476
2005-06-24,34.90681940812684,27.26472782457326,35.200888224795584,17.45340970406342
2005-06-25,16.460548172757473,15.647261176260049,21.30191029900332,8.230274086378737
2005-06-26,41.36002672659399,20.00382171014452,32.41024906778553,20.680013363297
2005-06-27,11.550798808275632,13.3693253837848,17.600460910817908,5.775399404137817
2005-06-28,33.930146318788616,14.03673528358659,26.23912362287894,16.965073159394308
2005-06-29,78.86193179463805,17.333986767949032,43.095035843036506,39.43096589731903
2005-06-30,54.47686440097972,14.410736983093624,33.79865153812173,27.23843220048986
2005-07-01,89.68367581587773,14.892463401409724,46.37819271143005,44.84183790793887
2005-07-02,41.83271643871996,8.798424865439422,26.0341629597663,20.91635821935997
2005-07-03,4.760164230961731,8.909366850125165,10.86534847160121,2.3800821154808656
2005-07-04,23.70817955754086,16.637690622916924,24.54728683457807,11.85408977877043
2005-07-05,90.8673661711038,10.030843198621127,46.34976326483271,45.43368308555191
2005-07-06,18.23481193255512,8.743101426170663,16.26469520103761,9.11740596627756
2005-07-07,99.3716800414186,34.93737640079104,49.905358529640175,49.68584002070929
2005-07-08,64.16213021432793,11.846399555586418,36.32656235418546,32.081065107163965
2005-07-09,93.04373221320542,16.75152597885961,47.68714711206665,46.52186610660271
2005-07-10,95.6530113894084,14.231942062130742,48.44516659521102,47.8265056947042
2005-07-11,89.09477338780009,17.09406580047109,46.41153330667998,44.547386693900044
2005-07-12,90.15754637829777,17.949527477847234,46.84544710647069,45.07877318914888
2005-07-13,7.32113524839529,9.961998315019628,12.893234569131826,3.660567624197645
2005-07-14,4.833792309960831,9.512232913094053,11.469327485015764,2.4168961549804155
2005-07-15,22.23359358295431,15.760489463821427,23.373163081228192,11.116796791477157
2005-07-16,53.37451554908584,13.7371581054036,33.09227429097537,26.68725777454292
2005-07-17,27.838048715703323,13.030450298636651,23.32205155447833,13.91902435785166
2005-07-18,24.26557418556821,18.94754437983328,26.48260103478548,12.132787092784104
2005-07-19,52.42370508632758,7.411475974385465,29.7379582101934,26.21185254316379
2005-07-20,4.54770112555551,8.441152986787515,10.33112514017527,2.273850562777755
2005-07-21,36.72535247797985,13.291074901049027,26.772557034516385,18.362676238989923
2005-07-22,55.450144565618686,13.95223241305461,33.94077165269406,27.725072282809343
2005-07-23,73.09614161038078,14.923774968608692,40.56314208913031,36.54807080519039
2005-07-24,88.38927801221854,15.444456339435463,45.98785189420541,44.19463900610927
2005-07-25,49.65040911777822,16.619774008972083,33.193192777956384,24.82520455888911
2005-07-26,47.54191555268776,29.40262144139725,39.19500976179559,23.77095777634388
2005-07-27,15.072651542521603,12.294234281369416,17.977467432425136,7.536325771260802
2005-07-28,0.3850555256714068,7.562000271039436,7.725410133980215,0.1925277628357034
2005-07-29,0.0,6.079058919310722,6.079058919310722,0.0
2005-07-30,40.473680934498,15.324208170819697,29.35877751727286,20.236840467249
2005-07-31,73.32851171590863,15.24595386276932,40.73057865626081,36.66425585795432
2005-08-01,25.925695283406608,11.912288076222502,21.78679221000278,12.962847641703304
2005-08-02,80.64725978441248,17.32860874405858,43.67719052541948,40.32362989220624
2005-08-03,95.14756094278324,12.54107104757841,48.18232830109762,47.57378047139162
2005-08-04,66.99656488470492,8.808472415027731,36.40538092049481,33.49828244235246
2005-08-05,6.845611944265079,6.076680648856833,9.083500644676384,3.4228059721325392
2005-08-06,53.75662253372179,12.003443776315969,32.42910908129517,26.87831126686089
2005-08-07,72.82661199206417,14.948579450090024,40.47534149167961,36.413305996032086
2005-08-08,45.44590652375084,11.588255429201688,29.044820960988627,22.722953261875418
2005-08-09,18.633671918473794,13.630853797647635,20.40750645748029,9.316835959236895
2005-08-10,44.964243764967605,14.018695112800383,30.197416752097023,22.482121882483803
2005-08-11,73.17631258238615,26.529129964456803,43.7042471874715,36.58815629119307
2005-08-12,17.938585744483806,9.97993385510371,17.158967735505065,8.969292872241903
2005-08-13,88.38410939037655,19.7103465496638,46.481586989174914,44.19205469518828
2005-08-14,89.04065040650406,17.38645599047421,46.425767697167416,44.52032520325203
2005-08-15,78.12399634488231,12.252784723800865,41.74241780647353,39.06199817244116
2005-08-16,74.31908631125114,8.97534202348763,39.46449299394744,37.15954315562557
2005-08-17,9.422017167560206,7.927716864307508,11.891774604136993,4.711008583780103
2005-08-18,12.390610008846728,14.344263266559052,18.762226550980824,6.195305004423363
2005-08-19,32.49696554729078,11.144614419947072,23.771435685163866,16.24848277364539
2005-08-20,98.32362557382072,24.135375494071145,49.566412049355314,49.16181278691036
2005-08-21,99.9768115942029,100.0,50.01159420289854,49.98840579710145
2005-08-22,99.91014492753622,84.7926267281106,50.03126293995859,49.95507246376811
2005-08-23,87.99911346966844,55.42303842038041,50.65081268732614,43.99955673483422
2005-08-24,41.38082007590298,13.157335825333446,28.403132398621377,20.69041003795149
2005-08-25,94.6865255040978,18.475507579595497,48.32495413527919,47.3432627520489
2005-08-26,66.00903295910284,21.03455428390151,40.154364893392,33.00451647955142
2005-08-27,90.72432781831516,15.016081479496112,46.755006401730334,45.36216390915758
2005-08-28,95.25643813488242,10.622134905042566,48.13208660805815,47.62821906744121
2005-08-29,29.006481767822784,11.46186589330402,22.64042273662189,14.503240883911392
2005-08-30,6.257385850320356,11.006145788561833,13.446141704482912,3.128692925160178
2005-08-31,23.48251434645761,17.39393511835636,25.050658982003604,11.741257173228805
2005-09-01,5.8289361931876,10.604132809106206,12.900492770416331,2.9144680965938
2005-09-02,34.04649560731878,12.627141306570604,25.3512899999585,17.02324780365939
2005-09-03,37.71994431500611,17.121936919530427,29.52352400533613,18.85997215750305
2005-09-04,11.044732109855516,9.149161159600268,13.661026874151228,5.522366054927758
2005-09-05,14.677813216385928,11.437631723688115,17.097744111100035,7.338906608192963
2005-09-06,6.412213423384694,9.11572294664335,11.737310047912471,3.206106711692347
2005-09-07,27.844349901421605,11.020127587853269,21.873819653419112,13.922174950710804
2005-09-08,27.724213244972617,13.91741472172352,23.921027608571983,13.862106622486309
2005-09-09,93.4278153045884,8.138509042787826,47.24878549803898,46.7139076522942
2005-09-10,89.9058829866355,30.966258927838435,48.0787119041552,44.95294149331775
2005-09-11,83.1933347840955,35.29651141282232,47.52883389809432,41.59666739204775
2005-09-12,75.81706255440865,24.91064770769587,43.932657629648055,37.908531277204325
2005-09-13,42.780226987803765,10.924702007414448,27.64120318480328,21.39011349390188
2005-09-14,15.046255927319232,10.24450445386674,16.226218058911947,7.523127963659617
2005-09-15,0.724625641238655,5.079068872240853,5.404577457475752,0.3623128206193275
2005-09-16,67.50362264010134,20.074382643199343,40.27525845645473,33.75181132005067
2005-09-17,99.53041922713795,97.97178130511465,50.22526626140824,49.76520961356898
2005-09-18,99.7662501682212,91.76262178919396,50.09762005817866,49.8831250841106
2005-09-19,99.8567267020433,96.82080924855492,50.06708171754042,49.92836335102165
2005-09-20,87.02464788732395,11.670524383430442,45.02661557580779,43.512323943661976
2005-09-21,75.09519535517143,12.417185471252122,40.64007346158709,37.54759767758571
2005-09-22,60.18942606142662,11.63661552243159,34.72731645721845,30.09471303071331
2005-09-23,36.78177856179309,15.87107745135695,28.424302168724708,18.390889280896545
2005-09-24,8.471749758056813,8.471268931873617,11.989479105661678,4.235874879028406
2005-09-25,50.72927968202534,16.869184455391352,33.6762085339518,25.36463984101267
2005-09-26,22.04417388848979,13.030404721574143,21.18004659062125,11.022086944244895
2005-09-27,98.74754644161568,95.80095883617126,50.57363573871777,49.37377322080784
2005-09-28,36.87050210420592,14.8042837983538,27.781121081072108,18.43525105210296
2005-09-29,98.857730865905,99.94562262098968,50.57051343103113,49.428865432952506
2005-09-30,22.500944371339266,7.752978103440888,17.258956998933172,11.250472185669633
2005-10-01,54.338164692024215,7.056045054046689,30.39100201784748,27.169082346012107
2005-10-02,98.32614151185616,100.0,50.836929244071925,49.16307075592808
2005-10-03,99.68921786841968,12.991339107261826,49.88498369480822,49.844608934209845
2005-10-04,91.03944359756098,70.96826387444236,51.87887311108166,45.51972179878049
2005-10-05,95.98026892085824,54.39699139663078,50.17674722971756,47.990134460429125
2005-10-06,77.03047447335426,25.83456638637266,44.44931455749324,38.51523723667713
2005-10-07,93.80657959034929,13.707331750860888,47.75224247745099,46.90328979517464
2005-10-08,49.78307126295662,33.24165045696893,41.584471552471456,24.89153563147831
2005-10-09,10.387879215728615,24.957540623139145,27.55892105585536,5.193939607864308
2005-10-10,23.6106267437226,25.67739796570006,31.4201167463797,11.8053133718613
2005-10-11,38.14007250782873,16.474890133852192,29.26139134513021,19.070036253914363
2005-10-12,12.95844536026824,20.513548325541457,24.334534054458064,6.479222680134121
2005-10-13,3.959127301425768,17.430238391806796,18.71971671564606,1.979563650712884
2005-10-14,5.451362425264417,14.750011531339984,16.67161615763056,2.7256812126322085
2005-10-15,0.9439448378990216,15.573074463512564,15.898045649961578,0.4719724189495108
2005-10-16,1.166775355245505,15.649743632848615,16.05053395860419,0.5833876776227523
2005-10-17,15.735714048544011,17.850194312959616,22.90919580303484,7.867857024272006
2005-10-18,20.068158516286232,16.884863655011607,23.53046170960819,10.034079258143116
2005-10-19,43.232154444829135,14.389850192463609,29.784885155292766,21.616077222414567
2005-10-20,99.8472049689441,100.0,50.07639751552795,49.92360248447205
2005-10-21,77.4988552805236,26.962671037365794,44.81633727061583,38.7494276402618
2005-10-22,39.85736843306546,15.270896871506835,29.11300345892962,19.92868421653273
2005-10-23,97.08043706478324,23.148936170212767,49.21606629271414,48.54021853239162
2005-10-24,12.40932454182026,14.134921556958634,18.585535538134053,6.20466227091013
2005-10-25,98.11176605775262,40.67982456140351,49.82401328389142,49.05588302887631
2005-10-26,14.343292972878688,12.335910284288842,17.738181017781166,7.171646486439344
2005-10-27,1.8616822429906543,11.14412446882354,11.867497403946002,0.9308411214953272
2005-10-28,0.5825678260562547,9.76406146852621,9.998463100922349,0.2912839130281273
2005-10-29,0.673120258199045,9.860574430002844,10.130761035039225,0.3365601290995225
2005-10-30,1.4078861562361111,9.7783338915536,10.344609160501928,0.7039430781180556
2005-10-31,8.326050175937555,10.454078143469852,13.746691439781609,4.163025087968777
2005-11-01,98.98212718026868,61.87957689178194,50.12091898428053,49.49106359013434
2005-11-02,94.4126952574997,29.69166913726653,48.86531166658384,47.20634762874985
2005-11-03,56.572011562659405,16.28865290219073,35.35984008029164,28.286005781329703
2005-11-04,59.1733440558455,10.079805866645003,33.701919688936606,29.58667202792275
2005-11-05,99.97060041407867,30.985915492957744,49.9944099378882,49.98530020703934
2005-11-06,99.8575569358178,100.0,50.07122153209109,49.9287784679089
2005-11-07,33.13700830542031,34.31383503733914,39.511760823818,16.568504152710155
2005-11-08,27.3769403170914,21.72387385842792,29.465012036191585,13.688470158545696
2005-11-09,3.2394869323940387,16.633254489180036,17.714165849768225,1.6197434661970194
2005-11-10,6.002683181106418,17.415722889702927,19.371653811487835,3.001341590553209
2005-11-11,7.115295954943243,14.371154396508553,16.90625220652675,3.5576479774716216
2005-11-12,3.424721546669879,13.313935859305948,14.570331402557429,1.7123607733349395
2005-11-13,40.8498821107163,21.19512965367206,32.9618852322917,20.42494105535815
2005-11-14,4.616879759281833,12.621972194040834,14.347670794232895,2.3084398796409165
2005-11-15,23.00944823392939,14.961362123290808,23.023559367406182,11.504724116964695
2005-11-16,65.22692601067888,14.906832298136646,37.79702682983452,32.61346300533944
2005-11-17,36.60871008568999,30.306977779377924,37.51633919123597,18.304355042845
2005-11-18,39.895846300676375,19.100762884462704,31.428275032159007,19.947923150338188
2005-11-19,35.946483741988224,28.110746864310148,35.979163683973546,17.973241870994112
2005-11-20,15.93767840646052,26.20022522745009,29.993356792161013,7.96883920323026
2005-11-21,57.52665651970156,19.40085731303644,37.00352102453935,28.76332825985078
2005-11-22,28.974388771067737,34.37013360757996,38.8987918605182,14.487194385533869
2005-11-23,17.304024225467874,32.604816343945686,35.61488313785395,8.652012112733937
2005-11-24,47.460766924935946,60.01192412780137,55.26018815280415,23.730383462467973
2005-11-25,80.01723670008349,83.51251879114614,56.69672730587477,40.00861835004174
2005-11-26,100.0,-1.0,50.0,50.0
2005-11-27,51.48759405045335,88.10410352212926,68.48521738409086,25.74379702522668
2005-11-28,43.95312772115472,91.69872601097909,73.37083170927909,21.97656386057736
2005-11-29,99.98033126293996,100.0,50.00983436853003,49.99016563146998
2005-11-30,40.2163496442573,81.34387653489978,68.73851355556016,20.10817482212865
2005-12-01,19.042924156253893,81.78009665799223,75.7282369546266,9.521462078126946
2005-12-02,20.040122566765486,74.50139456444185,69.5912850631609,10.020061283382743
2005-12-03,97.53029161110788,94.88598256203888,51.10855287677133,48.76514580555394
2005-12-04,17.19227384431456,83.80443201215157,77.99268148910733,8.59613692215728
2005-12-05,76.27092653875722,89.31465697918122,59.32900383562553,38.13546326937861
2005-12-06,92.92345477550836,97.57696359592649,53.366805345305664,46.46172738775417
2005-12-07,39.43408122715979,72.10337612705936,63.38711283117012,19.717040613579893
2005-12-08,33.75398966782321,83.9640982133633,72.49986001165533,16.876994833911606
2005-12-09,33.58947648020718,74.66151293484612,66.37783984793273,16.79473824010359
2005-12-10,13.333042712900223,78.16617524832394,74.41076707187459,6.6665213564501125
2005-12-11,2.7358230001017576,70.57624107796731,70.01331154199988,1.3679115000508788
2005-12-12,48.763812340926016,80.87594077804722,65.81965495854483,24.381906170463008
2005-12-13,37.88521668406059,70.06019226786562,62.46034495994556,18.942608342030294
2005-12-14,22.9558749981842,69.58770245191388,65.09117396203628,11.4779374990921
2005-12-15,5.661490031915313,69.14589212056647,68.06194934663934,2.8307450159576564
2005-12-16,97.16929945908332,59.85075718779721,50.27884543699936,48.58464972954167
2005-12-17,89.2780058578134,55.13783976971969,50.55087887914428,44.6390029289067
2005-12-18,47.18376627822302,59.91656813798467,55.23755780493725,23.59188313911151
2005-12-19,84.2787893853707,79.7248685614895,54.67310919147349,42.13939469268535
2005-12-20,14.422532053876663,72.15511637609026,68.95978761517497,7.211266026938333
2005-12-21,12.419831368176713,65.60468633689092,63.66661060831616,6.209915684088356
2005-12-22,99.66169772256728,85.98531211750307,50.12173913043478,49.83084886128364
2005-12-23,61.84201251394239,57.62175906808945,52.90830987141904,30.9210062569712
2005-12-24,8.243290091818158,69.16679487063465,67.58682036814452,4.121645045909079
2005-12-25,68.33582301376335,85.29280900346791,61.17517750627255,34.16791150688167
2005-12-26,76.48895088892435,88.69130534445365,59.09673180125073,38.244475444462175
2005-12-27,72.80131474508163,90.64545378349752,61.055029045006805,36.40065737254081
2005-12-28,98.2052715489575,78.66866635902169,50.51452471167981,49.10263577447875
2005-12-29,43.62537739291994,94.07805201015192,74.84883547327561,21.81268869645997
2005-12-30,3.1064388306930613,83.42906991199379,82.3906163035081,1.5532194153465306
2005-12-31,15.504431172034106,83.7163649586257,78.48883435990376,7.752215586017053
2006-01-01,100.0,-1.0,50.0,50.0
2006-01-02,99.5611991542885,100.0,50.21940042285574,49.78059957714425
2006-01-03,66.5069876001708,91.43453047735164,63.8776724305904,33.2534938000854
2006-01-04,20.70940566619404,75.9290677642155,70.55931193546178,10.354702833097017
2006-01-05,64.60073317796153,89.82808610338263,64.09885046984765,32.300366588980765
2006-01-06,34.44685376355242,77.56752564755934,68.07138040151476,17.22342688177621
2006-01-07,32.799882116343696,80.69093952580523,70.62434754094278,16.399941058171848
2006-01-08,40.10358092882546,79.91831389910831,67.91999867203937,20.05179046441273
2006-01-09,6.426106420707728,75.86552757128592,74.20338124327759,3.213053210353864
2006-01-10,3.020297294940005,73.28746589921155,72.5841151965976,1.5101486474700023
2006-01-11,10.475670468653332,75.5982459028939,72.91665801635118,5.237835234326666
2006-01-12,10.353690539463194,79.53098005067231,76.4734337629551,5.176845269731597
2006-01-13,1.3276844958100993,69.89952054419707,69.63531769519122,0.6638422479050496
2006-01-14,4.283782969948311,71.3700535246654,70.45460681110694,2.141891484974156
2006-01-15,2.4393637634236653,69.97954331134399,69.49216957170952,1.219681881711833
2006-01-16,13.727663513768762,76.18864311113892,72.59355430601998,6.863831756884381
2006-01-17,95.14276011165688,87.9050136425648,51.84113744232855,47.57138005582844
2006-01-18,95.346202909115,74.80532194188582,51.15438935091614,47.673101454557504
2006-01-19,7.623740173666047,73.2807663865244,71.50529262023115,3.811870086833024
2006-01-20,8.428951707011183,75.08911402967746,72.97436472439898,4.214475853505592
2006-01-21,32.34494636150478,64.65358073915044,59.91388790903244,16.17247318075239
2006-01-22,45.62032215316274,63.2896668764182,57.22687803431407,22.81016107658137
2006-01-23,12.188326544509357,71.23473573463525,68.646428912501,6.094163272254678
2006-01-24,2.9897269021428765,70.09838339555434,69.49749662028162,1.4948634510714385
2006-01-25,86.80621137564822,65.04151820051172,51.98454611726891,43.40310568782411
2006-01-26,44.26716864097918,92.26957899670428,73.55803317840129,22.13358432048959
2006-01-27,88.99075917298637,93.07392703257004,54.74211236066776,44.49537958649319
2006-01-28,93.85454153914962,87.95107651875064,52.33226764290536,46.92727076957481
2006-01-29,66.86448281506746,87.06671752765567,62.28224855626675,33.43224140753373
2006-01-30,4.528578488577326,83.53941149731283,82.02055292305009,2.264289244288663
2006-01-31,38.01422795010051,83.04387553258785,70.48250136408242,19.007113975050256
2006-02-01,10.258134967592996,77.19640783392016,74.40656361197959,5.129067483796498
2006-02-02,2.077591953796216,73.20191298261986,72.71987190536613,1.038795976898108
2006-02-03,12.555067908436756,79.97948732558885,76.21554233325998,6.277533954218378
2006-02-04,3.5625433506805275,73.06469013723586,72.2430005523967,1.7812716753402638
2006-02-05,7.237388502234109,74.48961091575698,72.71720263109812,3.6186942511170543
2006-02-06,41.19193180663056,65.65953739077675,59.20907142753418,20.59596590331528
2006-02-07,90.51518804342874,73.33275101541686,52.21306755810726,45.25759402171437
2006-02-08,97.3578342564315,98.43272470809498,51.279672860914125,48.67891712821575
2006-02-09,62.32463225916164,62.75685167142802,54.8061907793638,31.16231612958082
2006-02-10,56.49915213128076,65.23717844854701,56.628301816387705,28.24957606564038
2006-02-11,21.3681953924472,69.56978490565041,65.38244431485428,10.6840976962236
2006-02-12,14.172214852321726,77.44779559918051,73.55783503463853,7.086107426160863
2006-02-13,5.757370622168141,73.0498125995668,71.72168763263798,2.8786853110840704
2006-02-14,4.063180103998803,71.25122841347424,70.3877527287226,2.0315900519994017
2006-02-15,99.9182184457778,96.9620253164557,50.03840627419802,49.9591092228889
2006-02-16,98.7254881659868,99.91876523151907,50.63622057026899,49.3627440829934
2006-02-17,45.01908396946565,79.40267648623463,66.16536674410887,22.509541984732824
2006-02-18,92.41327893635967,93.84997543265818,53.32677532255058,46.20663946817984
2006-02-19,83.30837129427655,98.25009928514694,58.053727422819655,41.65418564713828
2006-02-20,95.57445345856472,97.07574977775698,52.083359216144245,47.78722672928236
2006-02-21,92.51921615088744,95.7194672868732,53.42017452469672,46.25960807544372
2006-02-22,84.5424998394591,99.3017957652104,57.620825159556944,42.27124991972955
2006-02-23,78.63908672884725,90.05743000717875,58.55663288248617,39.31954336442362
2006-02-24,99.20638864388322,100.0,50.3968056780584,49.60319432194161
2006-02-25,90.900543618949,100.0,54.54972819052551,45.4502718094745
2006-02-26,91.44668310977744,99.6247155101448,54.24455917345411,45.72334155488872
2006-02-27,30.48465949850513,86.85228983014406,75.54362474549986,15.242329749252567
2006-02-28,60.24854631283596,88.2102102415197,65.18911402792571,30.12427315641798
2006-03-01,46.82498859252499,79.07563647994508,65.4598249471108,23.41249429626249
2006-03-02,47.37869637110912,82.16109229550015,66.92358602718296,23.68934818555456
2006-03-03,63.06578666351491,81.2289467774534,61.53366053525923,31.532893331757457
2006-03-04,99.9556930313834,76.16822429906543,50.0115943469277,49.9778465156917
2006-03-05,99.359961900029,99.644128113879,50.31774133432725,49.679980950014496
2006-03-06,38.29503028291711,76.36942760852163,66.24305152244254,19.147515141458555
2006-03-07,79.64636249088136,62.99841159939722,52.645649578884544,39.82318124544068
2006-03-08,37.84395063571137,78.30778061820439,67.56545246106229,18.921975317855686
2006-03-09,48.10628844981146,73.71515592399255,62.30591012233418,24.05314422490573
2006-03-10,73.08530833188264,76.4234094025918,57.09942553032752,36.54265416594132
2006-03-11,67.87127111686114,57.4952084099665,52.40775756972608,33.93563555843057
2006-03-12,82.87679180463061,75.77719423502789,54.41356860762431,41.43839590231531
2006-03-13,8.39156786116447,78.75015586211586,76.09810723984897,4.195783930582235
2006-03-14,37.12643797392197,80.49629592964742,69.17160254348931,18.563218986960987
2006-03-15,3.918780925181816,77.1998045963098,76.08663617042474,1.959390462590908
2006-03-16,70.89875720543199,96.46490897051598,63.52186597378486,35.449378602716
2006-03-17,7.01992640768151,78.56852506175541,76.55781482312095,3.509963203840755
2006-03-18,48.514943882672064,92.32829700760888,71.79274746787667,24.257471941336032
2006-03-19,3.15047129356013,75.14146584127951,74.34798680087302,1.575235646780065
2006-03-20,3.451806378188887,75.15976725927361,74.29130080828051,1.7259031890944434
2006-03-21,93.501204055898,97.54667686229529,53.08996150748213,46.75060202794901
2006-03-22,50.34810100322792,69.53784058195068,59.69932205358847,25.17405050161396
2006-03-23,75.54438409552635,64.29061872186762,53.49485882499274,37.77219204776318
2006-03-24,99.64575569358178,100.0,50.17712215320911,49.82287784679089
2006-03-25,77.51667281491828,54.64433526597657,51.04420109342165,38.75833640745914
2006-03-26,65.36210703069125,56.94843435794312,52.40679125594701,32.681053515345624
2006-03-27,42.91289354669476,85.57651443329301,70.3094252139455,21.45644677334738
2006-03-28,99.13824518394594,98.91878904372898,50.42156002053967,49.56912259197297
2006-03-29,37.822803195352215,54.61735349375799,52.870940968980186,18.911401597676107
2006-03-30,100.0,-1.0,50.0,50.0
2006-03-31,25.145315670028666,60.35696455317024,57.7151107552266,12.572657835014333
2006-04-01,61.42310140162407,75.18902855177528,59.71714600233431,30.71155070081204
2006-04-02,30.020026355929563,59.09159696031857,56.33777095244519,15.01001317796478
2006-04-03,83.63666127217458,55.0768685256946,50.83051693877424,41.81833063608729
2006-04-04,7.798993557857982,58.587135008751,57.82874725529916,3.899496778928991
2006-04-05,99.7428438324965,100.0,50.12857808375175,49.87142191624825
2006-04-06,94.54411393112932,71.86680351237314,51.18781818407765,47.272056965564666
2006-04-07,7.862024819839353,68.74749142009298,66.88502756612773,3.931012409919677
2006-04-08,6.800045682485958,61.576270166815576,60.78677699679184,3.400022841242979
2006-04-09,39.27237199924495,60.26285312133811,56.22626206473106,19.63618599962248
2006-04-10,99.93685182539632,100.0,50.03157408730184,49.968425912698166
2006-04-11,94.81896076896636,85.21805172482712,51.823955240260574,47.40948038448318
2006-04-12,93.6704744347898,50.97519471169579,50.06172519858736,46.835237217394905
2006-04-13,39.60969239698201,57.79705820680552,54.65643396069978,19.804846198491006
2006-04-14,7.121820893049458,60.39966817300618,59.50490845828846,3.560910446524729
2006-04-15,98.0410832120355,48.41982877074305,49.9690457605115,49.02054160601775
2006-04-16,79.51373917946337,53.9351196017323,50.806047063115656,39.756869589731686
2006-04-17,95.38144210338844,49.91032194422025,49.99585816707326,47.69072105169422
2006-04-18,98.57428621126655,47.30573710965868,49.96158752246768,49.28714310563328
2006-04-19,88.01026909759993,50.929766348679664,50.11147648322776,44.005134548799965
2006-04-20,31.96202137594687,52.63085638974565,51.78364636297603,15.981010687973434
2006-04-21,36.13061353245519,57.903065435380206,55.04763940570594,18.0653067662276
2006-04-22,35.821468598231704,50.18352332444014,50.11778257440538,17.910734299115852
2006-04-23,63.50237083755772,42.11007714944723,47.11923021900443,31.75118541877886
2006-04-24,75.64700125647416,37.84172661870503,47.039095836218806,37.82350062823708
2006-04-25,90.07132602602374,16.87566507396666,46.7111927791462,45.03566301301187
2006-04-26,98.42770095261363,36.25230445088228,49.78384511384365,49.21385047630682
2006-04-27,99.6318535696538,95.2193475815523,50.16647341394732,49.8159267848269
2006-04-28,95.67153175839104,37.498803942206486,49.45888969881714,47.83576587919552
2006-04-29,97.73762120995644,19.037159070108,49.299503254007206,48.86881060497822
2006-04-30,66.7160406869549,61.94610180492798,53.920055519877366,33.35802034347745
2006-05-01,85.08433135800423,38.72419637151668,48.318138494053294,42.54216567900212
2006-05-02,88.16062267382736,44.89185216295674,49.39346051642327,44.08031133691368
2006-05-03,23.01430270918932,46.25074499672336,47.11360989251687,11.50715135459466
2006-05-04,51.70254297585636,53.17464748807065,51.533274006218974,25.85127148792818
2006-05-05,97.27088613885992,31.959936262235374,49.50766611997416,48.635443069429954
2006-05-06,83.30512214374654,44.108776328364506,49.01537078204733,41.65256107187327
2006-05-07,29.028755771083137,39.87170712016707,42.81157621151228,14.514377885541569
2006-05-08,91.88390785548556,30.89744244218694,48.44961882664899,45.94195392774279
2006-05-09,99.71821246076506,100.0,50.14089376961747,49.85910623038253
2006-05-10,63.73325150015966,40.78410968616173,46.65693515412145,31.86662575007983
2006-05-11,19.360025894426265,41.77872309744403,43.34401201766963,9.680012947213132
2006-05-12,75.31570929666206,37.73531041663168,46.97254836937936,37.65785464833103
2006-05-13,86.94793841768586,23.30058564921358,46.51517599681814,43.47396920884293
2006-05-14,93.49281305662564,38.62435546502005,49.25976554409511,46.746406528312825
2006-05-15,89.45595844190277,17.722861745177383,46.596685128647,44.72797922095138
2006-05-16,55.08386559116379,25.098077224853,38.81501889593038,27.541932795581896
2006-05-17,64.19145540100745,23.37678877413977,40.466615534503845,32.09572770050372
2006-05-18,92.46209093205982,34.84532117149294,48.857654090368754,46.23104546602991
2006-05-19,71.0195915828755,31.54513652914792,44.65170519332435,35.50979579143775
2006-05-20,97.8193888242383,21.56490361789004,49.3799411104531,48.90969441211915
2006-05-21,100.0,-1.0,50.0,50.0
2006-05-22,73.58314972609185,24.28541164839821,43.20701569660553,36.79157486304592
2006-05-23,98.26067870801558,16.452380952380953,49.41649911895094,49.13033935400779
2006-05-24,99.92463658893608,100.0,50.037681705531966,49.962318294468034
2006-05-25,60.5068782322715,12.802566498997134,35.309572292979105,30.25343911613575
2006-05-26,81.08554029321112,12.554107810154186,42.917311809904014,40.54277014660556
2006-05-27,84.20194528749442,21.616092737811115,45.51589480117256,42.10097264374721
2006-05-28,97.93049185758802,23.35167583791896,49.4485107616494,48.96524592879401
2006-05-29,96.9901445194418,41.24647451331086,49.73653153339683,48.4950722597209
2006-05-30,96.8129890729279,26.5544798908453,49.25278871221235,48.40649453646395
2006-05-31,78.08482371399614,14.280715359807823,42.17205580300239,39.04241185699807
2006-06-01,82.2644817167937,9.460548915138984,42.810118240933,41.13224085839685
2006-06-02,72.82369865512496,12.50600663590252,39.81051937714541,36.41184932756248
2006-06-03,96.65822491235554,24.563142892551745,49.14995744610358,48.32911245617777
2006-06-04,84.2699073786287,17.681617598630048,44.916288514535545,42.13495368931435
2006-06-05,90.27405177753516,28.286012481629,47.88810881693076,45.13702588876758
2006-06-06,68.03115231216988,19.93139626116108,40.38741386887339,34.01557615608494
2006-06-07,40.936092339421656,22.510860549143104,33.756880743462645,20.468046169710828
2006-06-08,29.89930977807477,23.62867199734749,31.513320909615377,14.949654889037385
2006-06-09,77.05607166831031,26.029636184679845,44.500256905367664,38.52803583415516
2006-06-10,57.03580177007304,10.826872387058154,33.16957979951341,28.51790088503652
2006-06-11,6.741381709142937,23.33093594062779,25.12879934712592,3.3706908545714684
2006-06-12,3.2004552497019696,21.510546404824893,22.4222939434344,1.6002276248509848
2006-06-13,6.787382934983492,21.584195471435827,23.512884938845858,3.393691467491746
2006-06-14,0.812687309575089,19.293473708896595,19.54302175127573,0.4063436547875445
2006-06-15,4.23861167762543,19.305216084390786,20.60624877985969,2.119305838812715
2006-06-16,83.4686258178669,25.61348539917283,45.96857402135674,41.73431290893345
2006-06-17,53.1747579260046,15.76923588069302,33.97136183735615,26.5873789630023
2006-06-18,8.303383267412045,20.30123878336122,22.767240752852263,4.151691633706022
2006-06-19,15.47146229402007,19.190403324646745,23.95709845721368,7.735731147010035
2006-06-20,8.42430685031621,14.461294995998342,17.45518455616412,4.212153425158105
2006-06-22,69.41171839063789,30.46732643757578,44.02529080488826,34.70585919531894
2006-06-23,61.43705692335462,23.87328982692484,39.9247716281569,30.71852846167731
2006-06-24,21.184642659923853,20.081284966232232,26.419457834576853,10.592321329961926
2006-06-25,21.69444998172697,19.941024695908588,26.46215405827436,10.847224990863484
2006-06-26,16.075347742038634,15.655949627027226,21.1768101377264,8.037673871019317
2006-06-27,1.816286352724222,13.98243602813958,14.6366181271442,0.908143176362111
2006-06-28,25.77786726336022,12.173881429734015,21.92464806565843,12.88893363168011
2006-06-29,94.69808511475438,13.701519353200798,48.07548545146935,47.34904255737719
2006-06-30,20.421428497285625,10.710465765432032,18.73394990606089,10.210714248642812
2006-07-01,13.779274211293274,11.520904857977936,16.823044891621585,6.889637105646637
2006-07-02,10.287661617567046,12.778038838052868,16.607308249816214,5.143830808783523
2006-07-03,26.46111175698793,16.026118770961077,25.01598545116341,13.230555878493965
2006-07-04,19.35048007272697,19.42939642948136,25.34495498150693,9.675240036363489
2006-07-05,23.367974390805934,17.089272846469342,24.779843139534403,11.683987195402969
2006-07-06,43.42581548514236,20.6929930700693,33.419799823678886,21.71290774257118
2006-07-07,91.35644191855384,19.22938681618863,47.34032417744014,45.67822095927691
2006-07-08,91.4857031576941,24.670300257920093,47.843354174694525,45.74285157884705
2006-07-09,76.76435952298021,15.064422871011493,41.88249489973628,38.38217976149011
2006-07-10,35.237203819501374,13.383858614667284,26.28636298545377,17.618601909750687
2006-07-11,19.56105522838086,15.818156002736435,22.50448538512015,9.78052761419043
2006-07-12,49.66208719995853,14.037537797332147,31.89724713567318,24.831043599979264
2006-07-13,54.86230806405781,14.006001259069668,33.75313973289196,27.431154032028903
2006-07-14,23.341263712081577,13.023108441500412,21.65398221270023,11.670631856040789
2006-07-15,7.771042680305758,11.8515766602497,14.816106919845415,3.885521340152879
2006-07-16,8.4568870283156,10.223978441451209,13.58779164901614,4.2284435141578
2006-07-17,0.29263085313628,7.004176343772457,7.129995389350646,0.14631542656814
2006-07-18,0.300733765465047,6.522984495074378,6.653734560914164,0.1503668827325235
2006-07-19,1.0432221712230187,7.508195757934459,7.95147968074037,0.5216110856115094
2006-07-20,1.3578513632512006,7.9790213029362596,8.549603735025837,0.6789256816256003
2006-07-21,12.349693417137496,8.204717582316055,13.366306823726791,6.174846708568747
2006-07-22,16.838157575052797,11.395467881890257,17.89575983104944,8.419078787526399
2006-07-23,67.14818884903273,11.491974930731311,37.34941632627672,33.57409442451637
2006-07-24,21.701154292427667,14.768913466483571,22.41446591402068,10.850577146213832
2006-07-25,10.491765829751,12.946597402838457,16.83415363528752,5.245882914875501
2006-07-26,19.45791737953258,10.82312907633214,18.44613225254556,9.72895868976629
2006-07-27,11.247749889440934,11.650201535082076,15.963690949520704,5.623874944720467
2006-07-28,22.182480206261754,12.914920463851931,21.141310891434408,11.091240103130875
2006-07-29,99.03289722954352,97.55940912010276,50.45994836321324,49.51644861477176
2006-07-30,23.10391654450392,13.148273161774634,21.66246537568677,11.55195827225196
2006-07-31,45.03630404115841,14.31946766711833,30.38866069205875,22.518152020579205
2006-08-01,88.9575215996255,18.010092104522688,46.467521330342215,44.47876079981275
2006-08-02,56.03989265731221,15.327895533865163,34.75810565871827,28.019946328656104
2006-08-03,99.74988767720605,100.0,50.12505616139698,49.874943838603016
2006-08-04,97.00702584841314,11.671509616715095,48.852838190134825,48.50351292420657
2006-08-05,86.08211638369609,11.95616568893124,44.70510341740596,43.041058191848045
2006-08-06,94.882160460589,10.638556167044351,47.98554446423394,47.441080230294496
2006-08-07,93.81833316767715,10.7593876662312,47.57427608256303,46.90916658383858
2006-08-08,70.47508709826508,11.036937202543909,38.4961896452028,35.23754354913254
2006-08-09,87.61898645807223,18.95057390489576,46.15576635047429,43.809493229036114
2006-08-10,86.39944959527845,12.669510894408043,44.92284801286488,43.19972479763923
2006-08-11,90.91027693276206,21.492686927598307,47.40876418780817,45.45513846638103
2006-08-12,91.10168613589369,14.294362819288892,46.822800336481286,45.55084306794684
2006-08-13,69.90517101973288,10.115734362083218,37.9968984662335,34.95258550986644
2006-08-14,91.72538384564548,23.95843765648473,47.845160675477175,45.862691922822734
2006-08-15,12.826700504029956,9.783302680604924,14.941777998375974,6.413350252014978
2006-08-16,90.63274676253928,17.06351838340961,46.91475635946428,45.31637338126964
2006-08-17,52.28320683997536,14.37886335776323,33.002735907174134,26.14160341998768
2006-08-18,27.64631283559537,13.629856997375178,23.68486051063424,13.823156417797684
2006-08-19,57.332539680893646,11.08664479280593,33.39665960813756,28.666269840446823
2006-08-20,60.13112538580007,12.914948815397493,35.21460744259896,30.06556269290004
2006-08-21,42.39265115178584,15.51869492221558,30.136234296423748,21.19632557589292
2006-08-22,47.86571957281199,12.490350409460977,30.44461409521281,23.932859786405995
2006-08-24,58.90750970438937,16.039682900121612,36.04485999137388,29.453754852194685
2006-08-25,39.03949268746161,12.510892652905614,27.14644997426916,19.519746343730805
2006-08-26,28.913546672756148,11.721038352699992,22.788843794438502,14.456773336378074
2006-08-27,56.24577483773303,14.069461032436632,34.278871078116254,28.122887418866515
2006-08-28,99.59481311091189,16.198262646908535,49.86303979196127,49.79740655545594
2006-08-29,72.83472074820907,7.213057213057213,38.37680750862298,36.41736037410453
2006-08-30,60.38774096398038,11.022562453856665,34.56015647361893,30.19387048199019
2006-08-31,7.734530212976207,13.919823580373317,16.70915534039033,3.867265106488104
2006-09-01,0.9223394732633704,10.162204539547051,10.529644252356732,0.4611697366316852
2006-09-02,9.372819550121276,8.971923641837968,12.817411203774462,4.686409775060637
2006-09-03,62.04902704697458,6.314495643385867,33.42092605722863,31.02451352348729
2006-09-04,1.975871686718213,5.597728789499889,6.4750606946079925,0.9879358433591066
2006-09-05,0.0220150408420545,5.251535679490136,5.261387072186488,0.0110075204210272
2006-09-06,0.0,4.391169891731691,4.391169891731691,0.0
2006-09-07,10.251761959939031,12.59610779343679,16.430665786205836,5.125880979969516
2006-09-08,37.77953432211565,11.760312363499352,26.20708827880093,18.889767161057826
2006-09-09,0.7038436216897647,5.321369559306436,5.635837249921599,0.3519218108448823
2006-09-10,1.944747893051327,5.411553401759655,6.27868627752325,0.9723739465256632
2006-09-11,2.594028604715396,7.151019746800899,8.262534551397735,1.297014302357698
2006-09-12,0.6311303650753763,5.0025288519012365,5.28652155583292,0.3155651825376881
2006-09-13,0.3109008440220642,5.469920230329974,5.608364624177577,0.1554504220110321
2006-09-14,92.91006058095584,17.901378826828697,47.72422720447367,46.45503029047792
2006-09-15,99.64947151567854,40.165386887182514,49.96552687971676,49.82473575783927
2006-09-16,78.51860143107065,16.778277399309108,42.863509356681504,39.259300715535325
2006-09-17,96.04260377577307,54.77000366319536,50.188767944862775,48.021301887886544
2006-09-18,75.38077853584511,14.14508862784725,41.172799963513256,37.69038926792256
2006-09-19,77.57410991433792,13.351689982074546,41.78129027712736,38.78705495716896
2006-09-20,4.512160424986657,8.218245562143046,10.103505350753135,2.256080212493329
2006-09-21,4.245699368015302,7.123863478622987,8.94425533594047,2.122849684007651
2006-09-22,1.9030311841244456,5.172209378149268,6.025296212837101,0.9515155920622228
2006-09-23,33.75861861475544,12.505833967630489,25.16334648128129,16.87930930737772
2006-09-24,42.99691029479813,14.671782345810689,29.861824399333504,21.498455147399063
2006-09-25,69.91437085790785,12.643187281731954,38.76096786627596,34.95718542895393
2006-09-26,75.72570353674301,10.504979816169254,40.41286171235375,37.86285176837151
2006-09-27,47.63852231794565,11.933283931635447,30.0677049615723,23.819261158972825
2006-09-28,18.076835219603364,10.390594700647146,17.550721628076005,9.038417609801682
2006-09-29,31.052142299838977,14.184032166805109,25.30565746443333,15.526071149919488
2006-09-30,34.12593507153751,14.30839452272276,26.48848863388772,17.062967535768756
2006-10-01,87.77875602050858,33.39266039494873,47.97037650836398,43.88937801025429
2006-10-02,94.48683570252724,33.862910798122066,49.110335759470736,47.24341785126362
2006-10-03,98.77864207525256,36.34514324461773,49.83322532490522,49.389321037626274
2006-10-04,97.6088036771709,32.47034375270586,49.58083150441012,48.80440183858545
2006-10-05,54.39591087702564,28.86853879451457,40.36318959886367,27.19795543851282
2006-10-06,12.722652649410826,22.416319384978404,25.92569525755047,6.361326324705413
2006-10-07,95.67786185559324,82.87096928752815,51.42072870201248,47.83893092779663
2006-10-08,2.051899772588031,13.605512854492446,14.352291253465696,1.0259498862940155
2006-10-09,0.742903783887067,11.668675404677012,11.9534402655097,0.3714518919435335
2006-10-10,0.6014512919987871,9.253749430638145,9.498818281128637,0.3007256459993935
2006-10-11,0.3185943633304949,8.365766861962348,8.498411181956012,0.1592971816652474
2006-10-12,19.13886622783801,12.103055414362656,19.35610094304569,9.569433113919006
2006-10-13,3.265948653621701,8.700524702225046,10.049344359665554,1.6329743268108508
2006-10-14,94.95497212165398,41.206174562771984,49.556349055118766,47.47748606082699
2006-10-15,5.998770845790977,13.094270442196404,15.308160587336388,2.9993854228954886
2006-10-16,0.8216179393506393,8.312514527791796,8.655026386895651,0.4108089696753196
2006-10-17,8.991692085990337,8.789009915899664,12.494575249849976,4.4958460429951685
2006-10-18,28.51486381322957,10.62127506393899,21.85006485084306,14.257431906614787
2006-10-19,66.01620929548402,15.22845734142104,38.18331171817703,33.00810464774201
2006-10-20,85.21973629159538,18.83968609865471,45.3944234330145,42.60986814579769
2006-10-21,87.51092734300879,22.966046874222496,46.62370995206469,43.7554636715044
2006-10-22,19.937266592073005,13.112718089395589,20.467033822482307,9.968633296036504
2006-10-23,92.73427274384082,23.40164752159165,48.067436254287,46.36713637192041
2006-10-24,86.6229846436214,51.92257065427797,50.25718257166,43.3114923218107
2006-10-25,13.12202819708893,8.387645699344906,13.848030564149417,6.561014098544465
2006-10-26,3.8061637051173167,5.459899143409782,7.155168296435965,1.9030818525586584
2006-10-27,1.7023812985200475,5.152702802632552,5.916174803012241,0.8511906492600239
2006-10-28,27.48344920618449,10.837070468002782,21.600394313583067,13.741724603092248
2006-10-29,61.80162472164512,15.272756879986972,36.73475734919075,30.90081236082256
2006-10-30,1.2978489643584796,8.351569733187441,8.892103454076834,0.6489244821792398
2006-10-31,66.86423519220448,15.607507614562422,38.603784611622416,33.43211759610224
2006-11-01,52.60335334556879,12.792442758445672,32.36486556547526,26.3016766727844
2006-11-02,22.023577269519738,21.16628427547072,27.51649993773608,11.011788634759869
2006-11-03,56.33465722314976,15.043293641558094,34.73603434508934,28.16732861157488
2006-11-04,13.544406546023746,23.951985093191567,27.480034129338566,6.772203273011873
2006-11-05,49.09553701452534,8.332552254194395,28.789409485244395,24.54776850726267
2006-11-06,52.44003342824023,31.4087387234191,41.15800235158961,26.22001671412012
2006-11-07,1.57677537804602,18.780030259739984,19.272299055637824,0.7883876890230099
2006-11-08,4.637698013839164,16.207534843205575,17.774727328609522,2.318849006919582
2006-11-09,77.87593198141633,13.671146911441015,41.96257983231588,38.937965990708165
2006-11-10,8.807913604830555,17.871406387329174,20.701265155180327,4.403956802415277
2006-11-11,99.7089020888242,72.11948790896159,50.06438936726577,49.8544510444121
2006-11-12,38.95981313064259,18.35659641860639,30.684807322092407,19.479906565321293
2006-11-13,32.2569198012775,14.10677033075092,25.68482063924894,16.12845990063875
2006-11-14,55.72017553319453,17.97135523998651,35.817772321169336,27.860087766597264
2006-11-15,11.33173762582804,21.57996642653288,24.80045006425041,5.66586881291402
2006-11-16,57.35926203148682,43.76358464418565,47.34074646949908,28.67963101574341
2006-11-17,68.52834398007907,27.360827458989395,42.87507749213675,34.264171990039536
2006-11-18,93.6140519431578,47.9524010246101,49.86924139301917,46.807025971578895
2006-11-19,40.06684688908852,38.57364405488861,43.15182459641865,20.03342344454426
2006-11-20,57.62920996476705,53.00215348472983,51.2720361495503,28.814604982383525
2006-11-21,82.2402622293222,54.45434818116061,50.79108055636708,41.1201311146611
2006-11-22,68.98758840257683,36.13220157732923,45.69926127366038,34.493794201288416
2006-11-23,78.32870373247329,50.95439730073312,50.20683026661116,39.16435186623664
2006-11-24,64.87921764040146,54.3025095021129,51.51107499823812,32.43960882020073
2006-11-25,99.90143335776791,51.68067226890757,50.00165658222239,49.95071667888397
2006-11-26,5.7580131033838295,25.54872231048396,26.95663008379105,2.8790065516919148
2006-11-27,15.06952515357795,25.8921044207522,29.52504980906525,7.534762576788975
2006-11-28,85.54782561869987,30.92477679531091,47.243215478836106,42.77391280934994
2006-11-29,8.713167348464397,20.45244648665863,23.02697427165313,4.356583674232199
2006-11-30,3.4382067742330755,19.330631944354828,20.385108234458496,1.7191033871165378
2006-12-01,3.358129914146512,17.886184103079845,18.96460776128826,1.679064957073256
2006-12-02,4.046665296112402,18.905360659640312,20.16365663877796,2.023332648056201
2006-12-03,53.93137326023649,27.371381009155737,39.57530598074472,26.965686630118245
2006-12-04,90.760299827214,45.0356518229517,49.54130911290757,45.380149913607
2006-12-05,61.0596240685683,23.424272433952016,39.651311779267786,30.52981203428415
2006-12-06,98.6637293834604,95.49116826774092,50.60788511468242,49.3318646917302
2006-12-07,78.6980336263973,64.28112965340179,53.04216143653826,39.34901681319865
2006-12-08,89.81264224754749,52.14669051878354,50.218691042986464,44.90632112377374
2006-12-09,99.4521162477232,75.62547384382108,50.14039780763423,49.726058123861606
2006-12-10,49.2751368517562,73.9801259507647,62.16388607130189,24.6375684258781
2006-12-11,3.726656476374028,71.17546811631719,70.38633116235793,1.863328238187014
2006-12-12,63.06458167462845,58.368932474837344,53.09110021894905,31.532290837314225
2006-12-13,5.472960204015941,65.22649430880735,64.39315433481957,2.7364801020079703
2006-12-14,1.6452956838506814,57.477849197165376,57.35481646707955,0.8226478419253407
2006-12-15,1.5256711935583696,56.2426842308398,56.14744139582507,0.7628355967791848
2006-12-16,8.364478995365525,57.95016813044385,57.28517798707663,4.182239497682763
2006-12-17,72.02302508889275,73.80275222562918,56.6592900183173,36.011512544446376
2006-12-18,90.70204759567493,95.91723093371348,54.26936227760071,45.35102379783746
2006-12-19,60.52072296601014,66.1048816995352,56.35809086215584,30.26036148300507
2006-12-20,11.070760426983602,64.2896334985629,62.70766240804301,5.535380213491801
2006-12-21,4.5623981144026,55.65381058586738,55.39586123830587,2.2811990572013
2006-12-22,5.546118319405911,56.21244533756049,55.86789576861096,2.773059159702956
2006-12-23,4.69558643949526,52.80863619128972,52.676754251156765,2.34779321974763
2006-12-24,2.551530066560751,51.11022549757155,51.08189776019438,1.2757650332803756
2006-12-25,5.086540757737793,49.92517557485724,49.92898154973887,2.5432703788688964
2006-12-26,4.241585984324574,48.05896411577682,48.14129482179275,2.120792992162287
2006-12-27,7.4732608384188435,49.85974156541878,49.87022344408292,3.7366304192094217
2006-12-28,8.715659198039745,49.92083676449848,49.92773636231493,4.3578295990198725
2006-12-29,26.168637487312647,50.00140566313564,50.00103782024539,13.084318743656324
2006-12-30,12.239440041361526,48.39907159638576,48.595016268451246,6.119720020680763
2006-12-31,59.6688015359448,61.10651292148405,54.47938976879967,29.8344007679724
2007-01-01,90.20966856835196,91.448453826304,54.05794100288877,45.10483428417598
2007-01-02,79.31017333733953,48.5988422170142,49.71010288342986,39.65508666866977
2007-01-03,53.0274563477251,35.71040700010154,43.28781469039028,26.51372817386255
2007-01-04,91.7009217286502,71.90088831220682,51.81757186315095,45.85046086432511
2007-01-05,27.2381470190897,51.28412814757562,50.93435543482546,13.61907350954485
2007-01-06,30.108140526653287,49.25086849372013,49.4764180603603,15.054070263326643
2007-01-07,31.12269243696084,46.72881713304618,47.74689731577877,15.56134621848042
2007-01-08,69.96174394555455,85.3697238971755,60.62444822998396,34.98087197277727
2007-01-09,80.00982043520688,44.86039425408868,48.9725835824699,40.00491021760344
2007-01-10,23.32648069818049,57.844954235174114,56.01500249972513,11.663240349090245
2007-01-11,10.607796736828996,51.11485749051408,50.99659567401503,5.303898368414497
2007-01-12,45.71310038686124,36.36558161927943,42.59829698082289,22.856550193430618
2007-01-13,6.344993718136416,46.25059036654833,46.48849017225805,3.172496859068208
2007-01-14,25.55233137391651,48.51381907095918,48.89357294676364,12.776165686958254
2007-01-15,5.6558008560018775,44.4506566059,44.76451641708598,2.8279004280009388
2007-01-16,14.48006725549824,52.70104954513239,52.30993575439289,7.240033627749121
2007-01-17,28.27091603702912,61.87567986668827,58.518316382750456,14.13545801851456
2007-01-18,100.0,-1.0,50.0,50.0
2007-01-19,65.82935510149932,59.75916770299372,53.33477054083915,32.91467755074966
2007-01-20,68.48561961344228,45.44510054051211,48.56455165811172,34.24280980672114
2007-01-21,69.8606603918253,52.655028499529024,50.80020805616687,34.93033019591265
2007-01-22,99.64244010302365,99.18934568616096,50.17588137375879,49.821220051511816
2007-01-23,100.0,-1.0,50.0,50.0
2007-01-24,94.93712827819289,75.83442408376963,51.3079637514289,47.46856413909644
2007-01-25,75.96099060815948,93.43158801982332,60.44052352311081,37.98049530407974
2007-01-26,76.75669627130726,97.4645175094501,61.03232196808004,38.37834813565363
2007-01-27,76.68769003417766,62.83595757354837,52.992358216627046,38.34384501708883
2007-01-28,8.196843853820598,77.43144457211099,75.18293189368771,4.098421926910299
2007-01-29,9.64363198488576,67.55948209505647,65.86611026335731,4.82181599244288
2007-01-30,12.852325441354193,70.19497678053615,67.59945264189574,6.426162720677096
2007-01-31,4.381006570367725,65.05573786156856,64.39614499663591,2.1905032851838624
2007-02-01,41.23221274398173,66.62678708183785,59.7711948597656,20.616106371990867
2007-02-02,13.133556844956976,59.48164611413823,58.23636873190024,6.566778422478488
2007-02-03,15.79098138610902,54.39474838906884,53.70077448898465,7.895490693054509
2007-02-04,9.391761547103126,59.58408866419308,58.68397391038912,4.695880773551563
2007-02-05,13.658907229293346,60.21125321291948,58.816507609618576,6.829453614646673
2007-02-06,98.88115942028986,84.159881569208,50.38219461697723,49.44057971014493
2007-02-07,86.40249863304227,93.63461889965272,55.93321790134708,43.201249316521135
2007-02-08,98.79624836953144,90.48847609219126,50.48738069111162,49.39812418476573
2007-02-09,18.68760781431961,67.41416988338132,64.15945828688625,9.343803907159804
2007-02-10,62.84690339042424,68.0318448595211,56.69938874114669,31.42345169521212
2007-02-11,91.1055924806704,45.4905339636262,49.59890971377916,45.552796240335205
2007-02-12,69.8709034273078,52.82613929492691,50.85149023744733,34.9354517136539
2007-02-13,67.64117961754911,53.33444406707978,51.07898676641963,33.82058980877456
2007-02-14,74.0912247245743,76.6610930212092,56.9075626768373,37.04561236228715
2007-02-15,31.84768103339138,61.63092036945115,57.92674194894061,15.92384051669569
2007-02-16,4.355618132695379,59.820261508865336,59.39165882721856,2.177809066347689
2007-02-17,41.28127235591129,58.668874967334574,55.09025308187577,20.64063617795565
2007-02-18,12.57669284864491,60.47936616507068,59.16140847000492,6.288346424322455
2007-02-19,5.363573306529658,55.4899176868942,55.19546192728949,2.681786653264829
2007-02-20,8.165494442056387,58.69718094884916,57.98701312185529,4.082747221028193
2007-02-21,9.594394790178423,56.12702423337544,55.539173339535495,4.797197395089212
2007-02-22,51.34792610000601,57.85672565730293,53.822459972910806,25.673963050003007
2007-02-23,87.51991711991712,54.91433125249037,50.61331261331261,43.75995855995856
2007-02-24,92.88853086378847,60.74371742232317,50.76403614857029,46.44426543189424
2007-02-25,100.0,-1.0,50.0,50.0
2007-02-26,69.85587707259633,48.40342491661222,49.51872644423529,34.927938536298164
2007-02-27,30.919083614566865,54.4737016050043,53.09024794211778,15.459541807283433
2007-02-28,83.83858471609388,53.33264971287941,50.53860336005634,41.91929235804694
2007-03-01,77.7126992841826,46.85655322432209,49.299410564263,38.8563496420913
2007-03-02,51.08570077427089,43.51598212241229,46.827936805557,25.542850387135445
2007-03-03,87.43800522889899,27.1517390372215,47.12980265256825,43.71900261444949
2007-03-04,5.512905923836682,56.57695477773505,56.17973447231718,2.756452961918341
2007-03-05,40.15643775176247,63.609124768516914,58.14418505228773,20.07821887588124
2007-03-06,83.17416254065589,61.00960354592465,51.85245799755547,41.58708127032794
2007-03-07,99.21073172953687,82.24029380902414,50.25446240933871,49.60536586476845
2007-03-08,96.20534142816322,74.29335370511842,50.92184982875791,48.10267071408161
2007-03-09,5.893326250523948,58.73209225961921,58.17348594574181,2.946663125261974
2007-03-10,88.99755957091539,32.16027415315671,48.037194790989055,44.49877978545769
2007-03-11,20.381766499989627,60.15858033833253,58.0621200489657,10.190883249994814
2007-03-12,4.2804005009377,55.47411838476677,55.23980419400328,2.14020025046885
2007-03-13,2.8113058647615885,53.367650892555694,53.27286509386941,1.4056529323807945
2007-03-14,1.2035581290538309,52.0214675821011,51.99713804469053,0.6017790645269154
2007-03-15,3.783709696846355,52.72793200350515,52.62471497576515,1.8918548484231767
2007-03-16,4.447947037470823,50.69589331664233,50.66483507355445,2.2239735187354115
2007-03-17,22.066190682813303,52.14833916293492,51.67428254672814,11.033095341406652
2007-03-18,9.485978882671125,52.42996850274483,52.199462203718895,4.742989441335562
2007-03-19,100.0,-1.0,50.0,50.0
2007-03-20,99.91635212442829,100.0,50.04182393778586,49.95817606221414
2007-03-21,76.05924562559849,59.82719512406282,52.35270464654504,38.029622812799246
2007-03-22,55.597481408072845,55.16589226925681,52.29115569533911,27.798740704036422
2007-03-23,62.13439718149319,62.41451622617542,54.69125952023212,31.067198590746592
2007-03-24,97.22100860346416,73.95127039713881,50.66560374369752,48.610504301732085
2007-03-25,85.31080465482255,86.16810807755357,55.28140141632501,42.65540232741128
2007-03-26,52.810787717398966,68.95510580789768,58.944622110506906,26.405393858699483
2007-03-27,70.39364169878087,69.47680932108447,55.765941877266044,35.196820849390434
2007-03-28,86.90387655031975,74.08174886899302,53.1537755607253,43.45193827515988
2007-03-29,35.99452971303821,54.23339105844506,52.70183615701964,17.997264856519106
2007-03-30,90.08522933214586,69.97702109880927,51.98067582821577,45.04261466607293
2007-03-31,98.18015794464895,97.2010467629992,50.85898449955897,49.09007897232448
2007-04-01,82.20078404071045,63.08179468672146,52.32767265885941,41.10039202035522
2007-04-02,71.32110749739336,68.18047112736629,55.21339245182113,35.66055374869668
2007-04-03,63.2396202828184,49.32939278744741,49.75194823772336,31.6198101414092
2007-04-04,94.72845038224844,39.16254222641213,49.42869803616244,47.36422519112421
2007-04-05,6.993671739929058,57.44201987634777,56.89269769845602,3.496835869964529
2007-04-06,1.8991232259967024,55.871064981911246,55.75956622322641,0.9495616129983512
2007-04-07,15.59559501366177,52.58670523785979,52.18318398126386,7.797797506830885
2007-04-08,63.45516327728009,54.31228157763355,51.57524065024807,31.727581638640046
2007-04-09,11.72029278928516,53.35155516770125,52.95852151793594,5.860146394642579
2007-04-10,3.3936285097192225,50.56601988916071,50.54670626349892,1.6968142548596112
2007-04-11,7.352699921711303,49.76756383589155,49.784654169547984,3.676349960855652
2007-04-12,16.09744144563202,43.67887496844388,44.696414369103806,8.04872072281601
2007-04-13,43.05171176180143,43.06068101755549,46.04817662410947,21.52585588090072
2007-04-14,6.930100906057063,43.266654022514025,43.73319184195607,3.465050453028532
2007-04-15,2.8573386750073206,42.10189870846776,42.32757421126196,1.4286693375036603
2007-04-16,14.344834173608978,41.11707736875916,42.39131788998065,7.172417086804489
2007-04-17,11.148144225637576,39.49545068911601,40.66651299654658,5.574072112818787
2007-04-18,89.7496032518843,15.14471663028539,46.42719516692426,44.87480162594215
2007-04-19,11.478215002896912,38.84260877521002,40.122874818034376,5.739107501448457
2007-04-20,5.123668307270575,36.660187629416576,37.34367536809752,2.561834153635288
2007-04-21,6.100078504346815,35.46723287550041,36.35374307894879,3.0500392521734074
2007-04-22,11.664188650408663,36.80655951969572,38.345467306797794,5.8320943252043325
2007-04-23,14.802370638635429,33.52401797814154,35.96285390337197,7.401185319317714
2007-04-24,93.63260200552534,18.190984193065766,47.97459336544714,46.81630100276267
2007-04-25,14.330267876238311,35.51024266338333,37.58666370433739,7.165133938119156
2007-04-26,27.893896516714666,28.900585670930106,34.78603446951373,13.946948258357333
2007-04-27,76.75512420815231,29.661039621177665,45.27223392258964,38.37756210407616
2007-04-28,11.630669299759324,25.57513265061544,28.41590819892724,5.815334649879662
2007-04-29,31.39243395795721,27.96502254902257,34.882338292971426,15.696216978978605
2007-04-30,85.43690326002067,21.069701280227594,45.78685261027454,42.718451630010335
2007-05-01,59.3360083776582,21.93619451697128,38.588136489470905,29.6680041888291
2007-05-02,84.5529381545804,26.34268013034557,46.34563916876574,42.2764690772902
2007-05-03,96.93778457855971,31.989992562039355,49.44849477483223,48.46889228927986
2007-05-04,100.0,-1.0,50.0,50.0
2007-05-05,82.40941038009515,24.30885211143177,45.48077560627911,41.20470519004758
2007-05-06,91.60103573278094,18.926651210970256,47.39016053858104,45.80051786639047
2007-05-07,50.41862567999452,12.794686030752755,31.55309401397424,25.20931283999726
2007-05-08,52.48180905523244,17.577011554461368,34.59318244044903,26.24090452761622
2007-05-09,75.97433149759875,14.656555722345876,41.50850124051992,37.98716574879938
2007-05-10,28.369755362660488,17.153460183554277,26.4719431745788,14.184877681330244
2007-05-11,53.70244769531679,20.84466406526501,36.50179309600997,26.8512238476584
2007-05-12,54.54157101589928,23.228305148920448,37.83000810828185,27.27078550794964
2007-05-13,63.21713938504099,27.46390334383862,41.71057897891172,31.608569692520494
2007-05-14,74.9205724174378,12.683039698542292,40.64111996518243,37.4602862087189
2007-05-15,97.13683390903142,26.746709098799364,49.334219659882535,48.56841695451571
2007-05-16,18.5486793093524,32.79558783389072,35.893342609329416,9.2743396546762
2007-05-17,97.82528115830388,46.305465625595126,49.91965426484688,48.91264057915194
2007-05-18,16.69010870467181,22.383477532793748,26.97919259812464,8.345054352335906
2007-05-19,0.9348123107846028,22.308108380085034,22.56215816642234,0.4674061553923014
2007-05-20,6.207697212247585,22.627095562754505,24.32632258841659,3.1038486061237927
2007-05-21,15.277474929341134,18.908392100341448,23.65820836941556,7.638737464670567
2007-05-22,72.32212455427481,24.41445017864232,42.91846338834066,36.16106227713741
2007-05-23,40.995793270477975,21.22823678379234,33.02344935218026,20.497896635238988
2007-05-24,55.45722285595769,16.069807182801508,34.886549828891425,27.728611427978844
2007-05-25,54.777363374999474,19.5966277085665,36.25079342689894,27.388681687499737
2007-05-26,61.31622286475208,14.136501825707898,36.12664429335313,30.65811143237604
2007-05-27,79.87494896616327,22.230918152984305,44.4114581066602,39.93747448308164
2007-05-28,97.38721520376532,28.720874940561103,49.44402225567522,48.69360760188266
2007-05-29,96.61820945029598,94.85091532480254,51.51676401590992,48.30910472514799
2007-05-30,64.71354706130938,38.49442105573056,45.89989890871125,32.35677353065469
2007-05-31,92.67921870792684,27.257808963331826,48.335093933180055,46.33960935396343
2007-06-01,99.84554545642766,84.71849865951742,50.05362429863972,49.92277272821383
2007-06-02,99.0763726559928,55.25666890831652,50.04855203142113,49.5381863279964
2007-06-03,68.04631059608826,14.395074703359867,38.62291275821681,34.02315529804413
2007-06-04,68.97265982989629,18.22403988158484,40.14076476174284,34.48632991494814
2007-06-05,91.8665559258423,23.356846367363566,47.83299399969761,45.93327796292115
2007-06-06,95.25648565370088,15.082725804339283,48.34369408919223,47.62824282685044
2007-06-07,74.67440954346871,28.27542185633153,44.49812231092542,37.33720477173436
2007-06-08,83.58241740024204,23.37490217857773,45.62880257290164,41.79120870012102
2007-06-09,69.14762198888202,17.422120106683863,39.948949347306105,34.57381099444101
2007-06-10,24.33398108240531,15.94418027816572,24.23131700673493,12.166990541202654
2007-06-11,95.94527151977768,24.994892747701737,48.986110794730926,47.97263575988884
2007-06-12,88.71592994023632,23.710337486924445,47.03345606354913,44.35796497011816
2007-06-13,91.1503435020432,22.830462460213443,47.59558925564546,45.5751717510216
2007-06-14,58.242709079025175,20.34803695035356,37.61814352557917,29.121354539512588
2007-06-15,84.05335300162429,17.057295050019487,44.746743129910165,42.026676500812144
2007-06-16,72.79069767441861,17.688955924250042,41.208390332877336,36.395348837209305
2007-06-17,32.94276130617803,15.50038227837914,26.8655089959566,16.471380653089014
2007-06-18,80.1292678276871,17.412841931816995,43.52469309770311,40.06463391384355
2007-06-19,11.421374087019004,14.801537992638266,18.82168601137631,5.710687043509502
2007-06-20,2.265137607057709,10.516373465020855,11.410731938294886,1.1325688035288546
2007-06-21,77.92415599920407,22.37766177188568,43.90213570338927,38.96207799960204
2007-06-22,57.31520156623957,15.506644316497823,35.27658065345705,28.657600783119783
2007-06-23,71.54947390245167,19.61100099108028,41.35416990618359,35.77473695122583
2007-06-24,22.352415955480804,13.36888242325702,21.55682219315185,11.176207977740402
2007-06-25,52.29832603870646,13.2694105624769,32.47889398245141,26.14916301935323
2007-06-26,59.527852591813925,11.97233606557377,34.60938779656941,29.763926295906963
2007-06-27,85.05534520327764,18.89370902690192,45.35127219400648,42.52767260163882
2007-06-28,63.12039092999293,17.4979199928043,38.0133599537253,31.560195464996465
2007-06-29,59.89572320003317,13.15630314653323,35.22410183054502,29.947861600016584
2007-06-30,78.12046564461433,12.969787689596696,41.897961975673056,39.06023282230717
2007-07-01,30.61032571464159,12.033255848045068,23.654999896203112,15.305162857320797
2007-07-02,99.1168784915912,67.29191090269636,50.1527085843966,49.5584392457956
2007-07-03,72.71741901254474,10.989653757919204,39.3569706930176,36.35870950627237
2007-07-04,79.88473362778325,17.784094420070446,43.519684778375336,39.94236681389162
2007-07-05,90.68562160415443,12.931993061424189,46.54734556994276,45.34281080207722
2007-07-06,69.77781279219474,8.79031926132232,37.54553313941796,34.88890639609737
2007-07-07,22.550332226948058,8.804839284613507,18.094484887358355,11.275166113474029
2007-07-08,40.11069628252248,14.397640878502472,28.677995015139285,20.05534814126124
2007-07-09,97.44085113079632,10.92321385225342,48.99996686917881,48.720425565398166
2007-07-10,49.62366862923269,10.447072776990742,30.07466464186282,24.811834314616345
2007-07-11,80.35678019140462,17.962568311776,43.70681687245357,40.17839009570231
2007-07-13,12.83952001561465,12.077977149064711,16.94698286333651,6.419760007807325
2007-07-14,0.3426841096339926,6.951023563957377,7.098545565563779,0.1713420548169963
2007-07-15,0.548503401925681,7.326078466997041,7.560146378340658,0.2742517009628405
2007-07-16,0.0,5.270110012897491,5.270110012897491,0.0
2007-07-17,0.0031153359682152,6.1947270257584,6.196091707183342,0.0015576679841076
2007-07-18,4.187764019788244,7.151217989569379,8.945623865519691,2.093882009894122
2007-07-19,1.2369857921091272,6.790428505037463,7.324924765261385,0.6184928960545636
2007-07-20,31.63049342241773,10.682852807283764,23.119060463958167,15.815246711208864
2007-07-21,8.741402511961722,11.11930329985914,14.518021497873471,4.370701255980861
2007-07-22,48.48419489574562,11.02648126826676,29.92247804789024,24.24209744787281
2007-07-23,25.10084056292181,11.962360375841904,21.5101276518006,12.550420281460903
2007-07-24,73.6044503328834,15.322922721631349,40.8467948438838,36.8022251664417
2007-07-25,1.3301241449201926,5.239840127628496,5.835205821395789,0.6650620724600963
2007-07-26,9.527725685899473,11.491289886443717,15.160294151241589,4.763862842949736
2007-07-27,37.90388011263304,12.398204863443308,26.65074421220164,18.95194005631652
2007-07-28,41.30173168616352,17.42340960265252,30.87810556106549,20.65086584308176
2007-07-29,63.328335894261656,15.177440513887634,37.22998795223194,31.664167947130828
2007-07-30,34.885501568699055,7.238571724478578,22.156110456333728,17.442750784349528
2007-07-31,9.8293464335917,7.578803390462769,11.748498294294867,4.914673216795849
2007-08-01,0.9337700342063888,5.506999054493463,5.922461364641767,0.4668850171031944
2007-08-02,4.905696422008251,5.915607981517955,8.078254423432721,2.4528482110041256
2007-08-03,78.17118985799452,14.174648529090684,42.17975204470903,39.08559492899726
2007-08-04,7.089836572062149,6.516594297309558,9.599496697597065,3.5449182860310744
2007-08-05,1.1312799850464184,5.741288076917421,6.241978026542607,0.5656399925232092
2007-08-06,1.4359621922826895,8.059000158036138,8.661257058832081,0.7179810961413449
2007-08-07,63.53010916944582,12.207805493512472,36.2172279210133,31.76505458472291
2007-08-08,99.42514692300364,32.88904899135447,49.90163717162346,49.71257346150183
2007-08-09,73.36493342839616,14.585635359116022,40.5673301719421,36.68246671419808
2007-08-10,84.63656535980888,16.599463271883806,44.86853037030284,42.31828267990444
2007-08-11,81.16402730403716,6.873789825734907,41.87675882677188,40.58201365201858
2007-08-12,43.92102277088264,15.134869199810606,30.44799123765981,21.96051138544132
2007-08-13,55.86932573756855,14.29578789018428,34.24349045584962,27.934662868784272
2007-08-14,74.78322142087374,18.4785824649068,42.05131393517368,37.39161071043687
2007-08-15,16.201228664973915,8.055724854196706,14.851212782434118,8.100614332486957
2007-08-16,39.22618232518767,18.58476265909215,30.90768381696937,19.613091162593832
2007-08-17,91.42923997920984,24.85141338487557,47.84457499259713,45.71461998960493
2007-08-18,57.15020490783296,10.446352512971425,33.05134310033018,28.57510245391648
2007-08-19,73.51247720112751,18.15535575952488,41.56514259658432,36.75623860056376
2007-08-20,99.09521936271972,21.69336384439359,49.74388703699869,49.54760968135986
2007-08-21,99.1057785875484,41.3290113452188,49.9224621627777,49.5528892937742
2007-08-22,54.47900392347257,13.23804227932798,33.26559066831822,27.239501961736284
2007-08-23,60.48696748297853,11.028732737270705,34.60127049418243,30.243483741489264
2007-08-24,50.54383327284982,8.689672522956936,29.569495567421843,25.27191663642491
2007-08-25,4.242550098639809,6.483778625954198,8.329976118783096,2.1212750493199044
2007-08-26,13.11246372238438,8.043217000088402,13.544784950031346,6.55623186119219
2007-08-27,46.59751011528627,12.938540283182268,30.20825772359916,23.29875505764313
2007-08-28,66.27038930984286,15.357470013586877,38.3152095023619,33.13519465492143
2007-08-29,91.25720179097308,21.323668751184385,47.49288622516392,45.628600895486535
2007-08-30,95.84652693358296,15.302153968887117,48.558834310470864,47.92326346679148
2007-08-31,35.23366270070176,10.07077156706639,24.13930123211892,17.61683135035088
2007-09-01,61.244436886398425,14.01510084173012,36.053849695350834,30.622218443199213
2007-09-02,52.61662217299224,12.926003913654451,32.43308835883681,26.30831108649612
2007-09-03,23.97544514497703,12.673944861936388,21.623032736346705,11.987722572488517
2007-09-04,72.08968338507322,14.763251880397094,40.165312035014566,36.04484169253661
2007-09-05,75.7819172312004,13.105478947863972,41.06485435444151,37.8909586156002
2007-09-06,90.61380364413554,44.61188826618419,49.49426125279068,45.30690182206777
2007-09-07,37.13851247624659,9.407455076481362,24.48292243732833,18.56925623812329
2007-09-08,26.60454498287849,8.755117967742665,19.728131161149737,13.302272491439243
2007-09-09,37.56744305730792,8.988383108141795,24.395398930871902,18.78372152865396
2007-09-10,9.398873289740624,15.364781488645844,18.62010179015281,4.699436644870312
2007-09-11,32.41135016684098,6.644315289508669,20.69647807825755,16.20567508342049
2007-09-12,3.107096506255516,13.432439151942251,14.567512848465972,1.5535482531277578
2007-09-13,7.504625755124672,14.40060169957679,17.072203313099767,3.752312877562336
2007-09-14,26.586003042004982,11.697136202783524,21.880336737086523,13.293001521002491
2007-09-15,30.9230762844488,11.306916175401277,23.27200800328766,15.461538142224398
2007-09-16,13.728376809848816,18.745562415008965,23.036289376475548,6.864188404924408
2007-09-17,76.65478641463116,20.38953080455074,43.08737272269252,38.32739320731558
2007-09-18,92.0750989370096,40.404515522107246,49.2395673486124,46.03754946850479
2007-09-19,19.3839229550772,17.38004063669303,23.702960184183706,9.691961477538598
2007-09-20,11.711900658263596,11.937841187857064,16.39564341632577,5.855950329131798
2007-09-21,0.3821478787677392,8.815196112157015,8.97258296658906,0.1910739393838696
2007-09-22,0.7223350654421447,8.337377828357209,8.638321557485659,0.3611675327210723
2007-09-23,3.840873926542819,8.924841958398396,10.502486993904528,1.9204369632714096
2007-09-24,1.2675263609345178,7.9203005557588995,8.453671838816671,0.6337631804672589
2007-09-25,53.22146913506016,14.4939676798837,33.39079971221888,26.61073456753008
2007-09-26,97.8831421590956,86.48278560250391,50.77228870760694,48.941571079547806
2007-09-27,95.66368052880732,39.8901623686724,49.56160514228677,47.83184026440367
2007-09-28,98.2611144355662,77.32793522267207,50.47520152064487,49.1305572177831
2007-09-29,84.30714992936653,42.79114584020802,48.86872532489322,42.15357496468327
2007-09-30,45.41235125034738,30.133655504646413,39.15542964748043,22.70617562517369
2007-10-01,38.52566150628831,16.545847254564478,29.434280901067623,19.262830753144154
2007-10-02,23.93340724224268,17.551645364403797,25.31764222274817,11.96670362112134
2007-10-03,3.3037099497600155,15.037093358420217,16.19216638386339,1.6518549748800078
2007-10-04,100.0,-1.0,50.0,50.0
2007-10-05,28.82332916810236,12.739388460360743,23.479137174478897,14.41166458405118
2007-10-06,65.3204006666722,33.66369184604257,44.334633786349805,32.6602003333361
2007-10-07,2.3078121268133627,8.302383376950273,9.26468602996916,1.1539060634066811
2007-10-08,0.2103885854327192,7.36934338168112,7.459033417101082,0.1051942927163596
2007-10-09,24.66095520020925,11.557516174185228,21.037799888317096,12.330477600104626
2007-10-10,53.55617729347666,15.509480471924764,33.981284259821926,26.77808864673833
2007-10-11,21.57132983106502,9.310954437669375,18.08812266103204,10.78566491553251
2007-10-12,38.41157286774102,9.945397159035403,25.33100011617679,19.20578643387051
2007-10-13,7.548635062095486,7.266369151227532,10.492174992784424,3.774317531047743
2007-10-14,2.68139554686056,7.279466999009799,8.424973468493446,1.3406977734302798
2007-10-15,0.0980290348709215,6.470028148634771,6.512700159920247,0.0490145174354607
2007-10-16,0.1327133122459703,6.069668295726318,6.127969694011702,0.0663566561229851
2007-10-17,2.3726603077293693,7.18780179620593,8.203589829853778,1.1863301538646849
2007-10-18,82.38328438880127,28.54218625005882,46.219837975292165,41.19164219440064
2007-10-19,36.69371070487415,9.295556750095054,24.231527400244847,18.346855352437075
2007-10-20,66.96458195089582,13.148578243675852,37.825978765759785,33.48229097544791
2007-10-21,46.20444724728296,16.002113202890612,31.710648873252,23.10222362364148
2007-10-22,82.22983880159063,29.527485598339435,46.36200118945735,41.11491940079532
2007-10-23,83.7201785917769,37.5822441681408,47.97841152766412,41.86008929588845
2007-10-24,95.97353790725845,88.88203229455928,51.56557029122796,47.98676895362922
2007-10-25,20.952645800215,35.74335251617239,38.730497366444055,10.4763229001075
2007-10-26,79.71843825427574,70.29481469374413,54.11610537329204,39.85921912713787
2007-10-27,60.24607164783381,30.989001815639543,42.442381402757725,30.123035823916904
2007-10-28,61.956697500279866,34.68729394968149,44.17454091638438,30.978348750139933
2007-10-29,29.98092739751329,27.6683403382516,34.363579008100146,14.990463698756647
2007-10-30,80.0009944806325,100.0,59.99950275968375,40.00049724031625
2007-10-31,31.51090303890563,25.40677134148189,33.15631977820389,15.755451519452816
2007-11-01,3.84686475226839,21.46242002997931,22.56022213499644,1.923432376134195
2007-11-02,10.363757163026326,16.986083701624185,20.407565816792623,5.181878581513163
2007-11-03,1.0737524637115283,16.43751351510227,16.79789154061671,0.5368762318557642
2007-11-04,22.56860624653622,11.808857983819516,20.428066446506744,11.28430312326811
2007-11-05,21.261138590741243,17.8773188239605,24.706966587860208,10.630569295370622
2007-11-06,56.651364733398026,17.01464123941129,35.701297139492254,28.325682366699013
2007-11-07,92.56491098691215,13.771871169062743,47.30640637364368,46.28245549345608
2007-11-08,33.21768145654962,15.688815143492798,27.08619523309525,16.60884072827481
2007-11-09,65.32976476027191,14.449128471910786,37.67442921143795,32.66488238013596
2007-11-10,78.8103118465202,9.08815273417251,41.3309071465432,39.4051559232601
2007-11-11,54.571536366237005,43.8210143009683,47.19298172877997,27.285768183118503
2007-11-12,58.848757341473934,27.37063317676941,40.68773434648439,29.424378670736967
2007-11-13,29.008652267666168,50.05569149542628,50.03943225849298,14.504326133833084
2007-11-14,61.279934640929454,29.46163197326636,42.04753047636229,30.639967320464727
2007-11-15,33.250822172194496,40.11146996745425,43.39948750402009,16.625411086097248
2007-11-16,7.562021910117026,53.810213731370105,53.522084534181616,3.781010955058513
2007-11-17,21.668195191992464,63.80868625435743,60.81646076531395,10.834097595996232
2007-11-18,63.399535349306646,95.49099104200404,66.64991409557878,31.699767674653323
2007-11-19,87.86627001226425,49.66023561550282,49.95877390699062,43.933135006132126
2007-11-20,97.23901736019084,92.85285735713217,51.1831599522926,48.61950868009541
2007-11-21,99.65651818341806,83.6045810729355,50.11542562552407,49.82825909170903
2007-11-22,92.75527088005732,95.24068145437916,53.27756482338592,46.377635440028655
2007-11-23,80.07959378580115,84.51786679978368,56.87609928299299,40.039796892900576
2007-11-24,81.92421395439413,99.98510062806584,59.03519984420997,40.96210697719707
2007-11-25,83.31945083315722,83.1896551724138,55.53621674934006,41.65972541657861
2007-11-26,55.9199717889147,36.20924136827591,43.92102970461334,27.95998589445735
2007-11-27,6.792709816997969,52.89072837355597,52.69436958354269,3.3963549084989846
2007-11-28,8.49788134273667,59.82924211725253,58.99396478523812,4.248940671368335
2007-11-29,2.818609635441545,54.74610101251864,54.61232695207201,1.4093048177207723
2007-11-30,40.46070308885196,44.68157028105452,46.83344433862632,20.23035154442598
2007-12-01,30.82742336405549,50.21806947027416,50.150844271445,15.413711682027746
2007-12-02,32.82586728140815,43.93906164571859,45.928617225902975,16.412933640704075
2007-12-03,41.07002131913164,57.91425896860197,54.66387112294585,20.53501065956582
2007-12-04,65.9418622249589,35.72424288540557,45.1379429734812,32.97093111247945
2007-12-05,49.55462665770944,54.83982342351229,52.44146699509841,24.77731332885472
2007-12-06,20.117570622289847,50.27076468937417,50.2162934117691,10.058785311144923
2007-12-07,99.82981366459629,100.0,50.08509316770186,49.914906832298136
2007-12-08,39.07069298589626,40.68063861379395,44.32177768924468,19.53534649294813
2007-12-09,99.87225672877848,100.0,50.06387163561077,49.93612836438923
2007-12-10,40.40412422463332,53.02955407804505,51.80548928489928,20.20206211231666
2007-12-11,67.53546198553944,34.11083931046376,44.84165738776678,33.76773099276972
2007-12-12,79.88655174056895,58.88036256888294,51.78614713054215,39.94327587028448
2007-12-13,18.63175784338342,48.07276418202777,48.431842092703306,9.31587892169171
2007-12-14,22.81230802437364,50.83258271379213,50.64265138056419,11.40615401218682
2007-12-15,5.56318153594398,53.22659383576103,53.04709256325006,2.78159076797199
2007-12-16,50.46305128609229,77.88098876028215,63.81139110311133,25.231525643046144
2007-12-17,17.753712704268807,51.49200419038483,51.22711805288825,8.876856352134403
2007-12-18,7.569546545723376,55.26503211659482,54.86649305988188,3.784773272861688
2007-12-19,2.375033488470621,51.15822436089714,51.130716144454205,1.1875167442353105
2007-12-20,1.3711404224740755,50.061381989702994,50.06054035643005,0.6855702112370379
2007-12-21,2.6566095415313304,51.2943651274524,51.25997889997424,1.3283047707656652
2007-12-22,10.161464788966333,55.25432737861385,54.720410752139,5.0807323944831655
2007-12-23,50.54623338440772,87.33759019273259,68.46484471380025,25.27311669220386
2007-12-24,11.016528736920543,52.474614700963166,52.20199806130349,5.508264368460273
2007-12-25,19.571540382703,51.64981531051323,51.32692104077612,9.7857701913515
2007-12-26,41.98602982820464,45.15256952614584,47.187813130799725,20.99301491410232
2007-12-27,1.4450885059595882,48.90703530824913,48.92282961538382,0.7225442529797941
2007-12-28,9.747629746217768,51.93074887840792,51.74254662641145,4.873814873108884
2007-12-29,1.9503188919879293,48.47835296111158,48.5080299307804,0.9751594459939648
2007-12-30,96.8802609100792,100.0,51.5598695449604,48.4401304550396
2007-12-31,39.92642146019995,37.89095556361501,42.72566368008898,19.963210730099973
2008-01-01,30.864914894765025,54.981929736090095,53.4442613629289,15.432457447382513
2008-01-02,34.5887682963258,60.65158376780708,56.96733213847124,17.2943841481629
2008-01-03,90.28298409042898,95.33664400349538,54.40536891068521,45.14149204521449
2008-01-04,86.9695419592802,83.10208363133552,54.31335311818515,43.4847709796401
2008-01-05,98.1946670310876,99.4609473563482,50.89293478936057,49.0973335155438
2008-01-06,70.38977932251557,90.54730892454916,62.00614765134035,35.19488966125778
2008-01-07,50.70024409515771,71.58944631874742,60.64354433634944,25.350122047578854
2008-01-08,14.956808051701625,69.42086016570566,66.51611938873168,7.4784040258508115
2008-01-09,84.92500207176597,95.19130339178716,56.81258805005387,42.46250103588299
2008-01-10,6.221483827423291,65.11414695936594,64.173822750636,3.110741913711645
2008-01-11,73.22186308635837,74.29860262143885,56.50671307807061,36.610931543179184
2008-01-12,99.04981582287525,99.1937241229026,50.46743098275422,49.524907911437616
2008-01-13,93.13139596042424,98.57401266204404,53.33635659588919,46.56569798021212
2008-01-14,95.94988091539815,97.4278993659235,51.92088640364503,47.97494045769908
2008-01-15,93.31226481716574,88.82110674139906,52.59625281391019,46.65613240858287
2008-01-16,93.36435379897164,72.84359006366246,51.51581981623791,46.68217689948583
2008-01-17,92.67231380995776,95.60781210254092,53.34199734901832,46.33615690497888
2008-01-18,26.532912393441805,79.76149106227169,71.86490071173712,13.266456196720902
2008-01-19,97.36540142417452,98.55345911949684,51.27918874247628,48.68270071208725
2008-01-20,46.58761774347484,73.99480261190116,62.81619569276733,23.29380887173742
2008-01-21,20.15319993192959,75.16095075959402,70.09021404823868,10.076599965964794
2008-01-22,60.3714470552132,68.48507997634982,57.32536970531397,30.1857235276066
2008-01-23,2.534984278362292,67.45026007317422,67.00719830862593,1.2674921391811458
2008-01-24,10.541452525567149,71.71444488289501,69.42542698437418,5.270726262783574
2008-01-25,26.00382250463287,74.97805510762112,68.48280599232594,13.001911252316434
2008-01-26,65.6087813185652,79.13285499990963,60.01914387116424,32.8043906592826
2008-01-27,51.467272368980574,56.16299595245524,52.991070039515854,25.733636184490287
2008-01-28,40.98865246167535,76.74439039478123,65.78222516287067,20.494326230837675
2008-01-29,5.660655516450204,64.13832721093975,63.33800521173991,2.830327758225102
2008-01-30,83.35342463483542,84.61595888962162,55.76237168493525,41.67671231741771
2008-01-31,51.234142677516935,60.77718068834059,55.25558455786237,25.617071338758468
2008-02-01,98.14882295699704,95.26898557208366,50.838009068510736,49.07441147849852
2008-02-02,99.97619047619048,100.0,50.01190476190476,49.988095238095234
2008-02-03,56.60815972726255,78.43119450205982,62.336330569737584,28.30407986363128
2008-02-04,99.84926943295906,100.0,50.07536528352047,49.92463471647953
2008-02-05,64.19978352913856,85.71445119514412,62.78567311241141,32.09989176456928
2008-02-06,41.53595584879041,60.25444931419345,55.99516577451347,20.767977924395204
2008-02-07,33.92218010245685,59.69579361191705,56.40676904052005,16.961090051228425
2008-02-08,1.9426971822065136,65.49669084555514,65.19332484679585,0.9713485911032568
2008-02-09,8.204775718963953,67.86472118538627,66.39896087930708,4.1023878594819765
2008-02-10,3.056897332275603,66.17745978021037,65.68238172174759,1.5284486661378014
2008-02-11,3.7757282622013904,63.96873152012984,63.44131017625326,1.8878641311006952
2008-02-12,3.3303498559831874,63.39043273527187,62.94448447795723,1.6651749279915935
2008-02-13,0.9516135061827878,61.4871381962442,61.377825037694855,0.4758067530913939
2008-02-14,3.57445465268894,62.82725557594397,62.36875114219734,1.78722732634447
2008-02-15,2.2829694178043787,61.91350586255045,61.64152416712009,1.1414847089021891
2008-02-16,9.559388325368388,67.69907746409363,66.00715391929316,4.779694162684193
2008-02-17,4.424909246475773,63.11848541014348,62.53800433623247,2.2124546232378863
2008-02-18,8.633732943206667,64.64474279337328,63.38035481037394,4.316866471603333
2008-02-19,3.5191377126124066,61.69728670907193,61.28564308114058,1.7595688563062033
2008-02-20,28.93074320818546,73.01807944911852,66.35877799223793,14.46537160409273
2008-02-21,57.01035929931657,49.37080071577749,49.72950948842147,28.505179649658285
2008-02-22,80.0402110041351,49.22271721860494,49.84485599693236,40.02010550206755
2008-02-23,81.07135159332825,55.43341399056201,51.0284718307524,40.53567579666412
2008-02-24,2.6053781484681333,59.61096812301289,59.36056605967968,1.3026890742340669
2008-02-25,60.4280679933665,69.92430393671913,57.8844320066335,30.21403399668325
2008-02-26,4.133498094516153,58.76620985177708,58.40385873459258,2.0667490472580763
2008-02-27,62.13946718583807,54.26168101465466,51.61349513898824,31.06973359291904
2008-02-28,9.407396331738436,59.238577283855534,58.36946770334929,4.703698165869218
2008-02-29,83.30577896006066,55.810374782824525,50.96999680949362,41.65288948003033
2008-03-01,94.35252208311329,52.58178084201261,50.145805502915074,47.17626104155664
2008-03-02,44.63522162633168,40.82574823597304,44.92069584340411,22.31761081316584
2008-03-03,16.494528604674823,54.97234203885788,54.1521776589362,8.247264302337411
2008-03-04,94.18153655642551,67.41049184995373,51.01302310363607,47.09076827821276
2008-03-05,72.34180167293759,52.0855350437344,50.57682141857644,36.1709008364688
2008-03-06,56.60163137274402,84.57683368880133,64.94392544663853,28.30081568637201
2008-03-07,99.96376811594205,100.0,50.01811594202898,49.981884057971016
2008-03-08,97.04472264504572,42.69096005606167,49.78399759767223,48.522361322522855
2008-03-09,80.61791932904039,77.76008038653953,55.38048117484233,40.3089596645202
2008-03-10,83.46730420226562,74.32520488208316,54.02161212533044,41.73365210113281
2008-03-11,50.597508052738974,73.06652994498913,61.31370985282389,25.298754026369487
2008-03-12,66.27578444196156,53.51465978240826,51.18529144115105,33.13789222098078
2008-03-13,30.05526580467219,55.702403807636045,53.956533911222174,15.027632902336094
2008-03-14,71.06614034142034,35.80851109566564,45.89385451695699,35.53307017071017
2008-03-15,12.196088685243751,62.05410338370751,60.56530202289348,6.098044342621876
2008-03-16,98.47733813694433,94.8993471164309,50.68327225293496,49.23866906847216
2008-03-17,68.51638396059391,40.02370526454417,46.8591016705296,34.25819198029696
2008-03-18,52.22114665102367,49.23638763803428,49.61341621910698,26.11057332551184
2008-03-19,18.334281077356664,58.455988896176194,56.89047953080445,9.167140538678332
2008-03-20,59.927505127104496,40.657105444307,46.25311825415093,29.963752563552248
2008-03-21,99.9944099378882,100.0,50.0027950310559,49.9972049689441
2008-03-22,38.00189413436001,69.53364145827867,61.55946964237919,19.000947067180004
2008-03-23,99.71655082312068,100.0,50.14172458843967,49.858275411560335
2008-03-24,68.73401944227983,73.85924516968666,57.24197018960668,34.367009721139915
2008-03-25,82.79467148639993,50.60423870742316,50.10270260186834,41.39733574319997
2008-03-26,56.15775089475671,49.936849872990194,49.96920709833408,28.078875447378355
2008-03-27,98.9080044474904,99.01403109594236,50.53523103967336,49.454002223745206
2008-03-28,70.02290843880544,70.9509843254984,56.27608296793856,35.01145421940272
2008-03-29,40.51833528261072,63.0306756180882,57.61242845461979,20.25916764130536
2008-03-30,14.50231101771988,64.94989824218845,62.78181750227364,7.25115550885994
2008-03-31,47.36123843221517,62.02961596961172,56.32966786820918,23.680619216107583
2008-04-01,47.56720756384641,50.02492936679408,50.01307116314679,23.783603781923205
2008-04-02,86.3225103201313,23.66630808624112,46.39821200616721,43.16125516006565
2008-04-03,80.74662865005098,42.52117663520218,48.55945760014588,40.37331432502549
2008-04-04,38.09143669950382,45.56515676639562,47.232722138015546,19.04571834975191
2008-04-05,63.486543007819606,50.234661368229936,49.92508968572798,31.743271503909803
2008-04-06,96.7992662267616,63.25118054207904,50.42413501096312,48.3996331133808
2008-04-07,80.74267799754828,67.17571277262607,53.24178759566644,40.37133899877414
2008-04-08,99.79212863179644,76.69322709163346,50.05548757637306,49.89606431589822
2008-04-09,97.966938417989,96.8119779995926,50.95171634048915,48.98346920899451
2008-04-10,93.29655103854064,79.60268174375135,51.98440066191562,46.64827551927032
2008-04-11,97.11748908265297,94.85669132964586,51.2929990247377,48.55874454132648
2008-04-12,95.50235132599876,29.668508287292816,49.08556093257875,47.75117566299939
2008-04-13,89.35561986398561,89.76914392494257,54.231133335957225,44.677809931992805
2008-04-14,75.31558340507252,62.48619296958658,52.993696609496055,37.65779170253626
2008-04-15,99.8759811259423,94.82470784641067,50.05559109797076,49.93799056297115
2008-04-16,71.90511489992588,56.87625843894351,51.86192130732054,35.95255744996294
2008-04-17,88.15400865729139,67.50358680057388,52.06760143321666,44.07700432864569
2008-04-18,92.67439548696538,62.96893110564555,50.95005260236752,46.33719774348269
2008-04-19,85.72008575778604,50.61420066792508,50.08068274797776,42.86004287889302
2008-04-20,51.21237831098867,50.36420926405491,50.17528611049456,25.60618915549433
2008-04-21,99.82443064182196,98.46698113207547,50.08509316770186,49.912215320910974
2008-04-22,97.20826007087044,25.704747774480712,49.32173974273744,48.60413003543522
2008-04-23,78.29881037719039,32.35530085959885,46.16780684271372,39.1494051885952
2008-04-24,94.36413790818273,26.038068641140587,48.64953859407876,47.18206895409136
2008-04-25,94.137651083994,31.95082314703596,48.941894276412256,47.068825541997
2008-04-26,47.27393630794919,54.06024988577101,52.06824118708426,23.6369681539746
2008-04-27,29.85470599208241,58.86044473914794,56.14027815200945,14.927352996041204
2008-04-28,37.64136373449358,46.61644122924705,47.88763970307388,18.82068186724679
2008-04-29,99.66455738139412,89.81481481481481,50.1335558574079,49.83227869069706
2008-04-30,84.57133745034938,58.94019254558168,51.36360624096555,42.28566872517469
2008-05-01,88.27994739076853,52.96614666242173,50.34247781195307,44.13997369538426
2008-05-02,64.13086069099919,41.1406602300977,46.81856347634992,32.06543034549959
2008-05-03,50.97767535826663,45.38023127403816,47.73528197746171,25.488837679133315
2008-05-04,78.30630802426785,26.48551036202597,44.89883904827246,39.153154012133925
2008-05-05,39.684307454923285,50.34534710135456,50.19712637241849,19.842153727461643
2008-05-06,15.789615739164375,51.3458001075062,51.12871949042047,7.894807869582188
2008-05-07,18.66847967116804,50.6106589602459,50.489303619435134,9.33423983558402
2008-05-08,34.509107893507704,53.85817437223839,52.52675281540298,17.254553946753852
2008-05-09,21.52064584985818,47.10861225029766,47.730368481596685,10.76032292492909
2008-05-10,45.18902660374423,52.70181281459335,51.48088990302339,22.59451330187212
2008-05-11,63.44098508193118,48.84855360181509,49.57904253951401,31.72049254096559
2008-05-12,29.349877208023933,40.96130281597019,43.612533708110085,14.674938604011968
2008-05-13,36.99590894655893,40.63081672118942,44.097031236054406,18.497954473279464
2008-05-14,48.36939154108892,37.72542210754348,43.66256074836171,24.18469577054446
2008-05-15,91.70284781545956,30.5654724753464,48.38748767493309,45.85142390772978
2008-05-16,90.20813006109044,28.998476770754,47.94355816020235,45.104065030545215
2008-05-17,100.0,-1.0,50.0,50.0
2008-05-18,99.85444833226362,100.0,50.0727758338682,49.92722416613181
2008-05-19,95.56353649519384,19.07096171802054,48.627844504232456,47.78176824759692
2008-05-20,98.35320475920304,28.44209732176537,49.6449854846792,49.176602379601526
2008-05-21,88.33068546892056,28.14313861227967,47.44945409804486,44.16534273446028
2008-05-22,99.08236365895068,50.11281588447653,50.00103523955444,49.54118182947534
2008-05-23,59.57778786202267,40.65366795763434,46.18898427479429,29.788893931011334
2008-05-24,91.00440769523937,41.76836288279991,49.25951548492933,45.50220384761968
2008-05-25,95.22936691872276,34.23634627073022,49.24797392037347,47.61468345936139
2008-05-26,99.44947670265738,25.27265889432117,49.86387022639986,49.72473835132869
2008-05-27,14.326407819802386,27.26380481090329,30.52108485639958,7.163203909901193
2008-05-28,49.30379339750067,29.31693541786036,39.51447084771012,24.65189669875033
2008-05-29,50.91210304131108,19.977866667793045,35.262766125086046,25.45605152065554
2008-05-30,89.94347801773328,31.763978992894653,48.16609053872967,44.97173900886664
2008-05-31,93.28773963109296,23.3008210383357,48.20788159173264,46.64386981554647
2008-06-01,33.46568973390344,22.42902021219845,31.655838764581347,16.73284486695172
2008-06-02,88.42650721232539,36.24125029091104,48.40763209474439,44.213253606162695
2008-06-03,53.185080070454525,16.96845613195423,34.536309186681684,26.592540035227263
2008-06-04,99.9792960662526,52.0,50.00041407867495,49.98964803312629
2008-06-05,99.99399585921324,100.0,50.00300207039338,49.99699792960662
2008-06-06,95.39168216441,47.56426388639223,49.88775353824871,47.695841082205
2008-06-07,95.8644281182444,38.974564390146206,49.54403518507782,47.9322140591222
2008-06-08,77.0545354301005,17.784683203555492,42.60804589839095,38.52726771505025
2008-06-09,83.43648920541314,19.209117293835067,44.899948819215794,41.71824460270657
2008-06-10,44.52807472755579,20.625963567782783,33.705656460819924,22.26403736377789
2008-06-11,91.5919598323032,23.051340165549863,47.734145856463456,45.7959799161516
2008-06-12,82.75093152513149,21.467188889155874,45.0783558736856,41.37546576256575
2008-06-13,71.56183004150893,16.82585047900961,40.56584409068102,35.78091502075446
2008-06-14,99.51032256595116,32.21987315010571,49.912934731070806,49.75516128297559
2008-06-15,99.97701834805402,74.77477477477478,50.00569365250914,49.98850917402701
2008-06-16,99.6869513366681,41.73280423280424,49.97411965415576,49.84347566833405
2008-06-17,99.56126911036392,26.663520528551203,49.897615656005165,49.78063455518196
2008-06-18,71.03456139987145,20.685138394806348,41.50882176103497,35.517280699935725
2008-06-19,18.059422880861465,18.15783672011008,23.90827223478454,9.029711440430733
2008-06-20,49.90616102146579,19.056371788025185,34.49914870937705,24.953080510732896
2008-06-21,14.39750128756791,20.997816593886466,25.173406323204468,7.198750643783955
2008-06-22,7.47911392799367,19.58336887185035,21.85826336698225,3.739556963996835
2008-06-23,10.84380886320166,21.727362090090427,24.79310266053884,5.421904431600829
2008-06-24,21.19077320967845,13.797144964180363,21.46880987024956,10.595386604839227
2008-06-25,0.5925307480467047,13.89183124721869,14.10578324963551,0.2962653740233523
2008-06-26,13.387213329900074,16.856790762798013,21.2937428877574,6.693606664950037
2008-06-27,65.3024081125845,21.96911312244228,40.27395726880192,32.65120405629225
2008-06-28,16.707570793207836,15.432957412226909,21.2082705236974,8.353785396603918
2008-06-29,21.25345124660065,18.13776922468563,24.90959290859646,10.626725623300326
2008-06-30,42.30261711018254,13.147135290246718,28.73686154254723,21.15130855509127
2008-07-01,39.45252505126481,15.273973776673236,28.974267971740016,19.726262525632404
2008-07-02,52.51553800068044,20.08361985731324,35.79424284920049,26.25776900034021
2008-07-03,54.81890730509515,12.97783857226792,33.27298292767906,27.409453652547576
2008-07-04,61.14470824415575,18.19977155545118,37.64392845884559,30.57235412207788
2008-07-05,24.699408880691003,10.225556865900298,20.04960920560951,12.3497044403455
2008-07-06,95.4091543549663,18.58985925658607,48.55800892158203,47.70457717748315
2008-07-07,89.32965476101707,22.573569376504388,47.07350516574288,44.66482738050853
2008-07-08,62.09655675893164,15.059423493619908,36.75631841580216,31.04827837946582
2008-07-09,22.730726433269115,13.637181860436376,21.90271457516774,11.365363216634558
2008-07-10,6.252544132917964,11.300992037997846,13.72066458982347,3.126272066458982
2008-07-11,28.61095658383082,19.74145225211604,28.39871221116084,14.30547829191541
2008-07-12,71.53928424857708,15.53043820232902,40.1897159960038,35.76964212428854
2008-07-13,88.11484153467264,18.553502962704776,46.26253399532299,44.05742076733632
2008-07-14,96.5198825395642,43.14192204700981,49.76133083170769,48.2599412697821
2008-07-15,7.001260123022883,11.153628908927324,13.872044575554444,3.5006300615114414
2008-07-16,0.8224367388306444,8.204407625812504,8.548149932709721,0.4112183694153222
2008-07-17,99.91407636230376,92.04819277108432,50.03612933681445,49.95703818115187
2008-07-18,89.71227180338262,24.08716492457656,47.33415795940271,44.85613590169131
2008-07-19,17.214367596484525,12.45145947681594,18.9152032695918,8.607183798242263
2008-07-20,94.45898489265836,30.194319880418536,48.90256427246223,47.22949244632918
2008-07-21,49.86881158855166,11.543744673104452,30.72142218608636,24.93440579427583
2008-07-22,59.81135361762304,12.532181755330948,34.94219101845823,29.90567680881152
2008-07-23,47.30808083950955,8.483483779027884,28.12415083459347,23.65404041975477
2008-07-24,17.220302949774116,8.968947277337607,16.03441403135796,8.610151474887058
2008-07-25,22.00609025787073,9.070948373600752,18.07783241619668,11.003045128935367
2008-07-26,89.50230011951093,17.18327644377799,46.554998850458055,44.75115005975547
2008-07-27,82.26366540831506,17.910587245774096,44.30851438540368,41.13183270415753
2008-07-28,30.86506900081177,13.431213268747392,24.71811087050851,15.432534500405886
2008-07-29,60.81380663330589,15.093910254714036,36.32163217566045,30.406903316652944
2008-07-30,19.2674187347154,9.460404645086967,17.271338235477295,9.6337093673577
2008-07-31,28.817186445955063,12.295117819100078,23.16060401639769,14.408593222977531
2008-08-01,53.98577995633215,8.61046522107464,30.95492839177485,26.992889978166072
2008-08-02,16.206760516589842,11.121876277675218,17.422760682695902,8.103380258294921
2008-08-03,22.671104043050576,17.857152445720022,25.144290857149976,11.335552021525288
2008-08-04,89.98224875358079,13.679596394012076,46.361512315056665,44.9911243767904
2008-08-05,68.33967950618,15.723797489901337,39.148044432192,34.16983975309
2008-08-06,10.877185695892344,12.566583248283864,16.638285500685303,5.438592847946173
2008-08-07,7.094556707025815,10.315212507460618,13.13067226018151,3.547278353512908
2008-08-08,56.90493864534562,18.033757060787728,36.2241279925686,28.45246932267281
2008-08-09,49.38963162131434,10.005165119863577,29.758466734715896,24.69481581065717
2008-08-10,11.896887139336483,8.756062269940095,13.66280699350354,5.9484435696682425
2008-08-11,19.78774456284845,7.51128879918229,15.918846439646476,9.893872281424224
2008-08-12,91.47058945388405,18.76958200762636,47.33622943416239,45.73529472694202
2008-08-13,72.85032226766978,20.9231826511912,42.10573779498013,36.42516113383489
2008-08-14,38.83862159969625,13.22930271214614,27.51053469134548,19.419310799848127
2008-08-15,96.1133677035024,17.34171818375613,48.73069267144866,48.0566838517512
2008-08-16,39.15137805080525,7.768261861640625,24.30256931761581,19.575689025402625
2008-08-17,55.60718679143908,16.358249686910035,35.06548062341952,27.80359339571954
2008-08-18,11.32274516970412,9.93866783445233,14.47468974797734,5.661372584852059
2008-08-19,1.0897354686360965,6.682680799418788,7.154724990809836,0.5448677343180482
2008-08-20,63.26682950497431,16.47926121610332,37.68676987131903,31.633414752487155
2008-08-21,34.80537430891069,14.59608644580902,26.91855107834836,17.402687154455347
2008-08-22,23.01890317959577,13.743861096952193,22.089626607704524,11.509451589797887
2008-08-23,93.60459936810484,42.54106061096893,49.52297094318123,46.802299684052414
2008-08-24,1.4361161935340503,6.533859840614952,7.157839865256372,0.7180580967670251
2008-08-25,27.56366474778027,9.224252567865005,20.46354288846032,13.781832373890134
2008-08-26,45.25197056296462,12.447734828411026,29.440874809584884,22.62598528148231
2008-08-27,21.58196922080564,11.475665860205092,19.789975796775945,10.79098461040282
2008-08-28,15.571838800032392,10.818534394774444,16.919809058310303,7.785919400016196
2008-08-29,28.975211482745166,6.290635053751502,18.955515984691885,14.487605741372583
2008-08-30,3.4664434896195675,6.669190838118144,8.171228851309676,1.7332217448097835
2008-08-31,14.452297700223417,16.96933069260791,21.74302135328854,7.2261488501117075
2008-09-01,63.947021350719154,18.92453079794546,38.79636772341944,31.973510675359577
2008-09-02,48.51146202251947,16.537720719196024,32.770761624372646,24.255731011259734
2008-09-03,59.62168000779528,11.477084852281246,34.44509405132862,29.81084000389764
2008-09-04,92.25869529643032,20.699989296799743,47.731796893286734,46.129347648215166
2008-09-05,71.82270953508528,15.2457062121948,40.20718169038032,35.91135476754264
2008-09-06,58.22803707313028,15.826309676266492,35.72497874722677,29.11401853656514
2008-09-07,96.0843435870461,57.42542839009944,50.29075426294622,48.04217179352305
2008-09-08,20.71405289480623,10.225478464201268,18.46439389378271,10.357026447403117
2008-09-09,0.3443484690200606,4.968415963120348,5.123481533326825,0.1721742345100303
2008-09-10,34.20102654323805,7.449985023095962,22.00252693949868,17.100513271619025
2008-09-11,2.828870175584329,5.877374640157465,7.125546429646859,1.4144350877921648
2008-09-12,71.17955881834781,15.037539913126023,39.92366475500387,35.58977940917391
2008-09-13,99.95465838509315,100.0,50.022670807453416,49.97732919254658
2008-09-14,99.39727354794896,68.39574029543112,50.11087599281117,49.69863677397448
2008-09-15,89.68904759044504,15.18018560925636,46.40974550907506,44.84452379522252
2008-09-16,44.09569401819008,13.874742015471648,29.80405095546688,22.04784700909504
2008-09-17,5.060318027292117,14.05360002099903,15.872602179298944,2.5301590136460583
2008-09-18,31.957528821358405,12.457504901228432,24.45515859267542,15.978764410679204
2008-09-19,36.04139999875527,9.55371246744232,24.131120741698115,18.02069999937764
2008-09-20,15.442789911709816,7.3166420339881855,13.908143331942446,7.721394955854907
2008-09-21,91.0280068013263,23.1296599801482,47.5891949209584,45.51400340066315
2008-09-22,65.10919838224619,13.204855373129003,37.16187908327285,32.554599191123096
2008-09-23,72.5616795832962,33.077498356965336,45.35674977666218,36.2808397916481
2008-09-24,39.448044873590696,17.32055710917366,30.21195840518628,19.724022436795348
2008-09-25,96.35834679256222,16.335929948257235,48.774071313206605,48.17917339628111
2008-09-26,63.23109147846285,13.15258099449508,36.4516062133184,31.615545739231425
2008-09-27,33.98677354044276,15.468880606864303,27.204893955989245,16.99338677022138
2008-09-28,2.581467843799389,11.631565819684187,12.621986297244703,1.2907339218996945
2008-09-29,3.820329260669196,8.635566649679987,10.215824200472271,1.910164630334598
2008-09-30,71.2674672624846,20.972826361387032,41.65975783151009,35.6337336312423
2008-10-01,68.27021939934662,21.243638406710787,40.87566955771878,34.13510969967331
2008-10-02,93.82741104136942,27.84245311504009,48.63230570747557,46.91370552068471
2008-10-03,95.81338424836818,59.99901073354109,50.41862015837779,47.90669212418409
2008-10-04,53.25579176208968,37.87615881990086,44.33280643234093,26.62789588104484
2008-10-05,2.616582140201784,46.44666099377901,46.53867241529701,1.3082910701008916
2008-10-06,12.813852813852812,34.42925897613588,36.42447081296002,6.406926406926407
2008-10-07,17.636728237448153,24.076902525947546,28.648888778174964,8.818364118724077
2008-10-08,59.20548200827277,23.497362188316377,39.18837664963042,29.602741004136384
2008-10-09,11.164662470694992,17.76876021196474,21.367269344419228,5.582331235347496
2008-10-10,13.287384201334447,18.00427241942514,22.25566767106845,6.6436921006672245
2008-10-11,1.850094186990772,12.996290582990005,13.680894059885066,0.925047093495386
2008-10-12,1.4592082144325786,12.087432661422898,12.6406559583297,0.7296041072162893
2008-10-13,32.39051132755923,22.98626563339216,31.73615232340503,16.195255663779616
2008-10-14,51.71820165431873,13.894115524396216,32.567429666564344,25.859100827159367
2008-10-15,37.87650243065425,10.96100408795789,25.74761032348554,18.938251215327124
2008-10-16,98.4024599838486,28.865845755022683,49.66237342886133,49.20122999192429
2008-10-17,28.385678796092407,14.727583608647771,24.739898429117265,14.192839398046203
2008-10-18,37.7260129612573,17.313528296795727,29.644830848124272,18.86300648062865
2008-10-19,0.8043730646136081,8.457769775135045,8.791924285503631,0.402186532306804
2008-10-20,0.2540031984049513,7.097510343204926,7.206484039128538,0.1270015992024756
2008-10-21,6.392849577811097,8.803471516614383,11.43710361383733,3.1964247889055484
2008-10-22,38.00146030218299,10.829402121181705,25.71480132422857,19.000730151091496
2008-10-23,71.89568369191977,22.5296413525458,42.279643514755406,35.947841845959886
2008-10-24,9.717160768385796,12.03077383074393,15.720304580122557,4.858580384192898
2008-10-25,16.333130603187914,9.596572316043575,16.19571692782876,8.166565301593957
2008-10-26,0.2953320096699426,6.684650155185702,6.812574248377959,0.1476660048349713
2008-10-27,92.48978222790912,23.88002095222341,48.03833269148747,46.24489111395456
2008-10-28,91.18301352157486,31.463340146122583,48.36562520713197,45.59150676078743
2008-10-29,98.84143260637283,93.26184092940125,50.50121758289089,49.42071630318642
2008-10-30,82.30051452715514,55.98730887208186,51.05972286402848,41.15025726357757
2008-10-31,94.55095883659916,91.36994109823294,52.25426511971739,47.27547941829958
2008-11-01,48.391340252389234,40.94922204800386,45.32901480224254,24.195670126194617
2008-11-02,87.7867735105594,51.29509948603125,50.15817343349258,43.8933867552797
2008-11-03,77.3848866530055,23.75032066551838,44.06360526528439,38.69244332650275
2008-11-04,100.0,-1.0,50.0,50.0
2008-11-05,57.43623785174199,27.38845432170968,40.37567547944779,28.718118925871
2008-11-06,46.85802127222599,30.34345185115785,39.554121364127646,23.429010636112995
2008-11-07,95.6692701431222,37.89624671288549,49.4758191425921,47.834635071561095
2008-11-08,79.9045937567348,29.8482067358261,45.9504152782613,39.9522968783674
2008-11-09,49.24083536116073,35.06606561196006,42.419659656918576,24.620417680580363
2008-11-10,5.480470502234553,25.093927556037947,26.458897509594458,2.7402352511172765
2008-11-11,26.841131113933088,27.39834815756036,33.464887162504255,13.420565556966544
2008-11-12,93.27978697411304,99.86442766908029,53.35099576350151,46.63989348705652
2008-11-13,99.43477792776751,100.0,50.28261103611624,49.71738896388376
2008-11-14,54.89795156587631,79.22682213598661,63.181895475527874,27.448975782938152
2008-11-15,2.4525084785890963,53.658095201597625,53.56838010662358,1.226254239294548
2008-11-16,9.26113980383728,51.038922697010825,50.94270661358685,4.63056990191864
2008-11-17,15.282668637775526,44.988101044314114,45.75405295417172,7.641334318887763
2008-11-18,100.0,-1.0,50.0,50.0
2008-11-19,29.23786934606629,37.3390771901631,41.04086125930952,14.618934673033143
2008-11-20,72.26710873957416,64.7057504931556,54.078329793296376,36.13355436978708
2008-11-21,94.96013968198736,18.78929848354087,48.4270242392986,47.480069840993686
2008-11-22,97.84209011411804,54.78361001823242,50.10322599348548,48.92104505705902
2008-11-23,19.161677889685063,65.14018955569193,62.239075201142505,9.580838944842531
2008-11-24,84.14050202965785,99.10285206853322,57.78746582718913,42.070251014828926
2008-11-25,33.981814863362594,75.00125664450783,66.50537589805704,16.990907431681297
2008-11-26,4.938451059871088,66.74778171460028,65.9207007110107,2.469225529935544
2008-11-27,3.9547001783997193,62.3304451618623,61.84281302504865,1.97735008919986
2008-11-28,88.10733451111888,95.93702652339736,55.46313689996624,44.05366725555944
2008-11-29,88.61003021448349,84.65454545454546,53.94714225658082,44.30501510724174
2008-11-30,93.20273348519362,89.61430660492323,52.69268999792918,46.60136674259681
2008-12-01,92.6777904780837,99.53621221119312,53.62714524732465,46.33889523904185
2008-12-02,89.63294297932262,97.55503176061684,54.930057258824384,44.81647148966131
2008-12-03,31.20162721432945,86.70845978870138,75.25482300930875,15.600813607164724
2008-12-04,57.07957447514178,80.07389340996353,62.90784302344864,28.53978723757089
2008-12-05,91.1431938349256,96.83853618613352,54.14839836056407,45.571596917462806
2008-12-06,49.724532472406594,83.64540715322687,66.91538574784717,24.862266236203297
2008-12-07,45.43824998755208,76.7376954432074,64.5885545468125,22.71912499377604
2008-12-08,1.8715888983959,78.05584714626754,77.53075702572708,0.93579444919795
2008-12-09,29.79287510269113,86.70431241837018,75.7690424622636,14.896437551345564
2008-12-10,94.23984128759167,97.22811432680209,52.72041434210145,47.11992064379584
2008-12-11,100.0,-1.0,50.0,50.0
2008-12-12,80.2272011666639,99.95180823869588,59.87687055665114,40.11360058333195
2008-12-13,80.65370201182108,97.92362717381992,59.27144771979109,40.32685100591054
2008-12-14,90.83767735949483,82.33951175406872,52.96305040727187,45.41883867974742
2008-12-15,99.70372425444516,94.54926624737946,50.13198867071363,49.85186212722258
2008-12-16,84.89199691774864,88.84090161237249,55.86808461277146,42.44599845887432
2008-12-17,37.87706276273848,85.8872623478943,72.29422146455377,18.93853138136924
2008-12-18,91.60078191976211,83.43236113508048,52.8080569211081,45.80039095988106
2008-12-19,67.53936029168047,78.77263966712191,59.33978289691747,33.76968014584023
2008-12-24,10.991057580709125,73.99463494285048,71.35737080000084,5.4955287903545615
2008-12-25,25.270287656621583,74.43726778444844,68.26189991989939,12.635143828310792
2008-12-26,7.126481655300733,75.80840626243744,73.96917492461937,3.5632408276503664
2008-12-27,13.169652125530448,77.98959434192342,74.30346213574495,6.584826062765224
2008-12-28,45.25762119873399,75.45920223084383,63.9369729249889,22.628810599367
2008-12-29,24.286852688854854,72.2476668174156,66.84440875076264,12.143426344427429
2008-12-30,3.47616960916456,70.80054822933543,70.07748589324765,1.73808480458228
2008-12-31,12.424648776113454,69.66500667237116,67.22169866152977,6.212324388056727
2009-01-01,56.97519653696885,78.32950258033739,62.18871280724451,28.487598268484422
2009-01-02,12.089616383579049,83.1147177047957,79.1111028063772,6.044808191789524
2009-01-03,16.36293812988469,79.34744570113847,74.54534131835968,8.181469064942345
2009-01-04,25.09950899212644,69.42203258339799,64.54719776867428,12.54975449606322
2009-01-05,87.23783646089836,89.64347727309608,55.05936540217912,43.61891823044918
2009-01-06,87.28602558578862,99.84033627136316,56.33668760149803,43.64301279289431
2009-01-07,38.06868029874707,81.91962491627595,69.76824495433965,19.03434014937353
2009-01-08,36.13823911866755,80.11775479982333,69.23372855308921,18.06911955933377
2009-01-09,3.43970393999053,73.06462262426311,72.27126789111239,1.719851969995265
2009-01-10,10.68012763422042,75.40023800448118,72.68746016620683,5.3400638171102095
2009-01-11,3.138725694812193,72.52684817728266,71.81979220531095,1.5693628474060968
2009-01-12,4.560435110366267,73.55240625537184,72.47831405116575,2.2802175551831336
2009-01-13,4.134546693027197,72.80701184310004,71.86404528916283,2.0672733465135984
2009-01-14,89.69627822802738,100.0,55.1518608859863,44.84813911401369
2009-01-15,83.00754745907736,97.45790609492924,58.06426217009648,41.50377372953868
2009-01-16,4.045882685183647,74.99632107891935,73.98499925245444,2.022941342591824
2009-01-17,26.38939312528136,89.73770020545456,79.2511622792914,13.19469656264068
2009-01-18,99.98633537543556,100.0,50.00683231228222,49.99316768771778
2009-01-19,74.8467808437724,91.51070840197694,60.441279457651845,37.4233904218862
2009-01-20,88.60050500552026,99.7056311667545,55.66619093682874,44.30025250276013
2009-01-21,100.0,-1.0,50.0,50.0
2009-01-22,56.2295846943537,91.9017654918833,68.33981438274486,28.11479234717685
2009-01-23,100.0,-1.0,50.0,50.0
2009-01-24,82.57950134832298,87.5389371061705,56.53947003243432,41.28975067416149
2009-01-25,7.7447928887190844,85.69615124915597,82.9312023853771,3.8723964443595422
2009-01-26,36.46899676751414,88.59631361688787,74.5206252515654,18.23449838375707
2009-01-27,88.85678183776618,95.07389162561576,55.02268207805121,44.42839091888309
2009-01-28,78.2248393250305,88.56865654605639,58.39838693308093,39.11241966251525
2009-01-29,22.629727626459147,82.12044159773407,74.85167315175097,11.314863813229572
2009-01-30,17.190448804854906,82.16633488609982,76.63679755510664,8.595224402427453
2009-01-31,31.966570418678742,87.94617948100336,75.81572244071621,15.983285209339371
2009-02-01,76.00674722164085,91.9228909002971,60.058665185704015,38.003373610820425
2009-02-02,92.24497656801697,96.790215765862,53.62859219651802,46.12248828400848
2009-02-03,74.31383679591616,85.36412250066542,59.08368622121305,37.15691839795808
2009-02-04,16.14999657513632,86.06760486675826,80.2426879160431,8.07499828756816
2009-02-05,73.16437913372123,89.55162802189741,60.61392494239727,36.58218956686061
2009-02-06,97.8865670900021,92.35743680188124,50.89519600920253,48.94328354500105
2009-02-07,86.46963056248292,92.9044899958667,55.80513600172332,43.23481528124146
2009-02-08,78.13349804337733,97.27388196932644,60.337144325794256,39.066749021688665
2009-02-09,24.913919242862924,84.25969947923001,75.72356609902141,12.456959621431462
2009-02-10,86.7815353763031,87.95392210641799,55.016925766942336,43.39076768815155
2009-02-11,98.1382868595185,75.01112099644128,50.46563532617248,49.06914342975925
2009-02-12,41.07983168867384,76.51558103582458,65.62191366990065,20.53991584433692
2009-02-13,73.02156782278155,62.60592325125802,53.40088045465286,36.51078391139077
2009-02-14,38.546162273421416,73.02151107629662,64.14684449903724,19.273081136710708
2009-02-15,10.838566372232544,76.64211651349017,73.74765161973366,5.419283186116272
2009-02-16,61.11513215881871,75.76387888872888,60.01825025664424,30.557566079409355
2009-02-17,87.44659868314734,54.89594164149791,50.61460720249613,43.72329934157367
2009-02-18,13.007071701153148,82.44407264291222,78.22233710795244,6.503535850576574
2009-02-19,29.40912937428444,84.12767483843653,74.0508902052533,14.704564687142216
2009-02-20,73.53972047365683,63.890803697321005,53.67554548676675,36.769860236828414
2009-02-21,70.72956889958401,69.6193119857242,55.74251289736208,35.364784449792005
2009-02-22,73.26311122345174,75.62147418015002,56.85038505445874,36.63155561172587
2009-02-23,83.23835141789003,68.4816339651101,53.09782653746363,41.619175708945015
2009-02-24,78.68881002918546,56.89121892386103,51.46860075616875,39.34440501459273
2009-02-25,4.407515050861532,78.90807107183434,77.61002698775171,2.203757525430766
2009-02-26,67.1835717853538,67.52581551773139,55.75134666840764,33.5917858926769
2009-02-27,61.85983464359664,67.26099904356143,56.583373577381536,30.92991732179832
2009-02-28,1.6046644905688583,77.335576235091,76.88456714756768,0.8023322452844293
2009-03-01,80.1377496064297,97.11326874341673,59.357755406413126,40.06887480321485
2009-03-02,86.05931667947573,96.93146695197336,56.54256718545111,43.02965833973786
2009-03-03,97.91043354569943,100.0,51.04478322715028,48.95521677284972
2009-03-04,80.37550864805284,92.40693426803776,58.32214514805698,40.18775432402642
2009-03-05,99.30020703933748,100.0,50.34989648033126,49.65010351966874
2009-03-06,97.14110007702692,93.20634460780764,51.23522615271209,48.57055003851347
2009-03-07,60.97829467006655,74.17762546159773,59.430831104753615,30.48914733503328
2009-03-08,43.0300692149896,78.60664093788684,66.29653136868131,21.5150346074948
2009-03-09,51.70394698647293,68.51255496015389,58.936287560233225,25.851973493236464
2009-03-10,76.21756257472808,51.17016641979612,50.27829409655955,38.10878128736404
2009-03-11,61.0081395879204,59.1941824526686,53.57418303499235,30.5040697939602
2009-03-12,39.52360011118625,73.1198655393006,63.98115227122807,19.761800055593124
2009-03-13,47.79043979594165,62.93510095892098,56.75035631375527,23.895219897970826
2009-03-14,13.680676314467966,80.4629159762289,76.26549576058402,6.840338157233983
2009-03-15,75.0051311182106,60.58824017318746,52.64651674817715,37.5025655591053
2009-03-16,7.298706513796979,73.625996953132,71.67422528476774,3.6493532568984897
2009-03-17,37.55205015902919,70.02900418949403,62.50770248990119,18.7760250795146
2009-03-18,6.3984566119392445,74.06381043242884,72.52148324742804,3.1992283059696223
2009-03-19,84.83490981424117,55.03832543141729,50.76406659552646,42.417454907120586
2009-03-20,48.498138874200336,60.539586891373695,55.41603160284924,24.249069437100168
2009-03-21,14.736994548520238,69.89780381743547,66.72859492505509,7.368497274260119
2009-03-22,45.82185872125817,59.79920078390544,55.30852881648363,22.910929360629083
2009-03-23,15.627690807423775,73.33986153005841,69.66148994221572,7.813845403711888
2009-03-24,70.87695589000379,58.47407565567062,52.467908791115406,35.43847794500189
2009-03-25,78.25620238894552,55.829822922821805,51.26762489742123,39.12810119447276
2009-03-26,64.76333287704759,49.98116184331363,49.990563181058334,32.381666438523794
2009-03-27,51.55774642629763,60.043675601610005,54.85915682814084,25.778873213148817
2009-03-28,93.06070459582048,82.36681092374273,52.24602862291076,46.53035229791024
2009-03-29,99.99068322981364,100.0,50.00465838509317,49.99534161490683
2009-03-30,83.36353219074095,71.43072762719326,53.42850110246514,41.68176609537048
2009-03-31,80.32399063658774,91.12673980333116,58.09210117456964,40.16199531829387
2009-04-01,59.20174165457184,68.63597313935105,57.595894671366366,29.60087082728592
2009-04-02,90.98367446696577,82.66292986607246,52.94499608535176,45.49183723348288
2009-04-03,56.70529560891412,66.08548122729495,56.9592259274473,28.35264780445706
2009-04-04,54.323787157059634,63.51062863372093,56.17074820334932,27.161893578529817
2009-04-05,79.93795307312584,71.20766060305557,54.254690822277205,39.96897653656292
2009-04-06,33.14517753008659,64.51734118406996,59.7019263306712,16.572588765043296
2009-04-07,31.489338735926136,62.88002278470274,58.82418878076323,15.744669367963068
2009-04-08,34.824246020302525,61.59967658864686,57.55992108031178,17.412123010151262
2009-04-09,35.82034720089,66.90393415584626,60.84888625061229,17.910173600445
2009-04-10,23.735655682414887,59.96843107905837,57.60235860119425,11.867827841207443
2009-04-11,49.53426328542504,57.248387534376654,53.65795216915059,24.76713164271252
2009-04-12,39.14736881400644,56.85677088658501,54.17252549888215,19.57368440700322
2009-04-13,44.53750479766808,60.69905585564018,55.93396334062925,22.26875239883404
2009-04-14,41.60244678776108,58.158399658897096,54.76430578207155,20.80122339388054
2009-04-15,36.349390188215565,52.68423438259185,51.7085315532973,18.174695094107783
2009-04-16,96.93078635398872,84.23289704493321,51.05068074752809,48.46539317699436
2009-04-17,64.01488328177606,56.61880596497912,52.31355521598151,32.00744164088803
2009-04-18,91.58102119919536,54.701422734209615,50.394338594634014,45.79051059959768
2009-04-19,88.31761377522068,55.36369599517791,50.62660768207971,44.15880688761034
2009-04-20,97.6521233178796,34.82670429491137,49.64374972823104,48.8260616589398
2009-04-21,97.78760145767764,51.85774450163782,50.04110071227432,48.893800728838826
2009-04-22,20.36444542131226,52.02289986782521,51.55992427431278,10.18222271065613
2009-04-23,74.03627483296121,49.11489232587293,49.76988761808808,37.018137416480606
2009-04-24,73.0325840486224,55.49842351544493,51.42440024435449,36.5162920243112
2009-04-25,46.974157263744445,48.72441992409125,49.32047938825511,23.487078631872222
2009-04-26,99.96418189798672,27.74566473988439,49.99202891949416,49.98209094899337
2009-04-27,98.78258096975291,41.105442176870746,49.891715960404895,49.391290484876464
2009-04-28,99.8165623874219,31.71557562076749,49.96645948844509,49.90828119371095
2009-04-29,91.37353052082858,48.65501008742434,49.88397485569372,45.68676526041429
2009-04-30,94.07972131093216,53.603414497621046,50.21322116181197,47.03986065546608
2009-05-01,30.553464362967432,57.04743737704134,54.84734985410044,15.276732181483716
2009-05-02,65.4293392165482,37.60841140553963,45.7161459413282,32.7146696082741
2009-05-03,37.308876107570335,52.3752567755616,51.41862272656614,18.654438053785167
2009-05-04,99.28154226167185,85.47550432276657,50.254876506017865,49.64077113083592
2009-05-05,71.7227699788382,29.246714408227,44.131485077921454,35.8613849894191
2009-05-06,91.40630664034585,19.71460939571432,47.39736639869418,45.70315332017292
2009-05-07,3.165313542859989,48.70365644161253,48.71204197174213,1.5826567714299946
2009-05-08,55.333055380971054,39.52762633627135,45.32231065532455,27.666527690485527
2009-05-09,54.71248491183535,52.60966930907992,51.18185438210077,27.35624245591768
2009-05-10,61.135861156394014,25.922032179736902,40.64230515561418,30.567930578197007
2009-05-11,49.24864677580981,40.21012182160085,45.03150434546273,24.624323387904905
2009-05-12,76.6440567003261,40.12720208632711,47.69411491719117,38.32202835016305
2009-05-13,98.5896129924553,15.120375807398707,49.50806231210713,49.29480649622765
2009-05-14,96.35436296090752,29.281454132348767,49.24467701788754,48.17718148045376
2009-05-15,99.79481721961804,97.0736629667003,50.09658705050271,49.89740860980902
2009-05-16,76.99642357331675,32.49333044920326,45.97283989011559,38.49821178665837
2009-05-17,26.79952668618048,32.90907337768778,37.48936081874987,13.39976334309024
2009-05-18,42.28882460603696,31.711667008259354,39.44558807050454,21.14441230301848
2009-05-19,59.89686829758018,27.04745057877913,40.7953088765448,29.94843414879009
2009-05-20,28.84907618849907,31.42641231975817,36.78472078056882,14.424538094249534
2009-05-21,54.66082442786101,15.832486798634562,34.50873120099915,27.330412213930504
2009-05-22,70.6991331312989,24.17601075306852,42.43334729056892,35.34956656564945
2009-05-23,7.294755201195964,29.974444944645644,31.43526016361447,3.647377600597982
2009-05-24,67.31657153756684,24.864724278582347,41.78493014075514,33.65828576878342
2009-05-25,1.113397950982245,30.398329895954536,30.61657448925128,0.5566989754911225
2009-05-26,17.5299921515865,26.39395564417657,30.532093367052443,8.76499607579325
2009-05-27,50.99477504471716,23.37941693307645,36.95452338364618,25.49738752235858
2009-05-28,43.18647668522775,16.46752943238585,30.9490220160494,21.59323834261388
2009-05-29,34.09327628919882,19.89057069460535,30.155861616794542,17.04663814459941
2009-05-30,30.03024070103632,24.72613040731149,32.31583164003396,15.01512035051816
2009-05-31,90.83591933737571,39.85375601780362,49.0511314587133,45.41795966868786
2009-06-01,70.34626291437954,13.599250622151384,39.20581748229714,35.17313145718977
2009-06-02,68.84507836353801,17.772336844066242,39.9594967985059,34.422539181769004
2009-06-03,92.1605176063193,17.246116453555953,47.43226506612984,46.08025880315965
2009-06-04,57.9010361028428,20.14761747562292,37.43245625862123,28.9505180514214
2009-06-05,80.36573768080208,23.55244135369289,44.80721695836036,40.18286884040104
2009-06-06,96.15085931077044,36.6008500564911,49.48424786751352,48.075429655385214
2009-06-07,74.17849524334702,23.146155822467723,43.06569343065693,37.08924762167351
2009-06-08,95.43724030506776,14.545124387143634,48.38227922564823,47.71862015253387
2009-06-09,96.09712353137316,21.114353940037144,48.87262891711488,48.04856176568658
2009-06-10,89.64426566357898,28.47084708470848,47.770498119210565,44.82213283178949
2009-06-11,52.08581718956376,15.05532691999775,33.25654545793842,26.04290859478188
2009-06-12,8.8352538150109,17.153730180781338,20.05574587355964,4.41762690750545
2009-06-13,4.124064553103483,18.126509351209105,19.44016462204208,2.0620322765517414
2009-06-14,21.71428215550564,14.443380791128249,22.164245411101376,10.85714107775282
2009-06-15,94.5046681733532,13.174758745476478,47.97633079710069,47.2523340866766
2009-06-16,61.10797752109989,21.575161691078065,38.94500549530307,30.553988760549945
2009-06-17,75.07507071879307,23.86883283170095,43.486825062947496,37.537535359396536
2009-06-18,2.8440054495912808,14.943032427695004,15.940054495912806,1.4220027247956404
2009-06-19,77.70890839612397,26.041443937267005,44.65937632109019,38.85445419806199
2009-06-20,64.50155223793931,14.646771517375148,37.4497881615157,32.250776118969654
2009-06-21,88.123556282953,12.07633401364104,45.49601715368918,44.0617781414765
2009-06-22,87.15103126527839,13.4111539267691,45.298710607655146,43.5755156326392
2009-06-23,99.9080709179036,26.351351351351347,49.9782600143691,49.9540354589518
2009-06-24,75.58834806578307,8.266757227151166,39.8122260334304,37.79417403289153
2009-06-25,82.62618100447538,17.490131539718316,44.35179429802752,41.31309050223769
2009-06-26,84.51252339004967,25.186315043016368,46.1569863462204,42.25626169502483
2009-06-27,93.78967929292406,19.074778200253487,48.079444546861176,46.89483964646203
2009-06-28,88.24606614021859,12.722946774762072,45.61847981903002,44.123033070109294
2009-06-29,63.18188510838616,19.14262057778204,38.63889459178658,31.59094255419308
2009-06-30,71.79626477119805,18.023217344635675,40.98135288519158,35.89813238559903
2009-07-01,61.3959526125121,21.915203343306672,39.15813178997049,30.69797630625605
2009-07-02,58.35653093820656,19.427273497078588,37.2684560974092,29.17826546910328
2009-07-03,68.41694951099205,18.634376271943072,40.09377922177552,34.20847475549603
2009-07-04,41.34686618702647,16.77204105532421,30.510760776859403,20.67343309351324
2009-07-05,77.77865289871143,17.96813789501175,42.88208873864444,38.889326449355714
2009-07-06,88.37052202310893,16.130929047432378,46.06120385259354,44.18526101155447
2009-07-07,94.83755529415664,19.728818998716303,48.43726701900297,47.41877764707832
2009-07-08,40.87306362795098,9.90290103766401,26.29181380950208,20.43653181397549
2009-07-09,71.9791116222685,16.136785510911928,40.51122646690083,35.98955581113425
2009-07-10,80.39575687621874,18.48441926345609,43.82160893053636,40.19787843810937
2009-07-11,85.41754269675722,12.822625321382406,44.578625211024,42.70877134837861
2009-07-12,91.4247365281368,22.816425120772944,47.66893683303506,45.7123682640684
2009-07-13,29.59619015998837,11.649272141545554,22.99962648627337,14.798095079994187
2009-07-14,47.835060527866055,26.49403737031927,37.73812882188462,23.917530263933028
2009-07-15,48.88551480379834,8.877310024104599,28.98034871999104,24.44275740189917
2009-07-16,24.2299462243964,18.60805921007579,26.214309582268783,12.114973112198198
2009-07-17,48.7010643681403,13.296812144979684,31.17165528741258,24.35053218407015
2009-07-18,97.8954517407455,34.5336481700118,49.674503161791804,48.94772587037275
2009-07-19,25.280645864248136,13.756860653734195,22.919360361949632,12.640322932124068
2009-07-20,33.299573295256444,17.17976003783636,28.108759899716084,16.649786647628222
2009-07-21,18.74643117435388,11.728568581051729,18.90309613144491,9.373215587176936
2009-07-22,21.19062595362799,12.455911599299329,20.41173893999124,10.595312976813997
2009-07-23,4.555761827039284,8.192730192090544,10.0973698309266,2.277880913519642
2009-07-24,31.060631222339392,16.348843581659906,26.80110517881312,15.530315611169696
2009-07-25,35.00993846038932,10.235290361715034,24.1568907350311,17.50496923019466
2009-07-26,5.5100205789944745,9.048551541644963,11.304533816209435,2.7550102894972373
2009-07-27,3.309759429907435,9.3957901156623,10.739691781248572,1.6548797149537176
2009-07-28,27.473521885046686,12.255825001001597,22.625479179681744,13.736760942523343
2009-07-29,1.209373422861166,9.910315221184613,10.395149214208423,0.6046867114305831
2009-07-30,19.33717369868701,13.885164434996767,20.86875291919664,9.668586849343503
2009-07-31,99.59420289855072,18.418367346938773,49.87184265010352,49.79710144927536
2009-08-01,30.33457434224453,16.3973737987572,26.590587424719736,15.167287171122265
2009-08-02,17.36989497765239,11.81579509339631,18.44835138372496,8.684947488826195
2009-08-03,99.90621079176312,90.06622516556291,50.0375777953532,49.95310539588156
2009-08-04,78.02906409148287,11.473693148048566,41.53540981363911,39.01453204574143
2009-08-05,6.137709629457352,8.684378781744531,11.22021164372752,3.068854814728676
2009-08-06,2.29720580355474,9.669732610317642,10.596201853382569,1.1486029017773698
2009-08-07,6.360872400430302,12.77598011058056,15.143752518057326,3.180436200215151
2009-08-08,93.5510795837001,16.899508623181426,47.86537565370475,46.77553979185005
2009-08-09,78.96650963739509,17.582460913625518,43.18146004047374,39.483254818697546
2009-08-10,86.57404049217327,15.613905097094872,45.383336822013085,43.28702024608664
2009-08-11,41.67415173283604,10.643307299446604,27.04487513250123,20.83707586641802
2009-08-12,17.449309176658144,12.42748621389398,18.98363030987413,8.724654588329072
2009-08-13,19.108241899715107,15.736013245543107,22.28325871907107,9.554120949857554
2009-08-14,24.822312265435585,12.203863443081037,21.58573848350992,12.411156132717792
2009-08-15,3.007175269721608,10.233708394445811,11.429550481293417,1.503587634860804
2009-08-16,13.775516561104768,9.748226215879042,15.29311597964905,6.887758280552384
2009-08-17,17.50070587453703,11.219852230632952,18.00665182946071,8.750352937268515
2009-08-18,3.413931098360009,8.980020985275905,10.38041480540032,1.7069655491800044
2009-08-19,4.063352156494614,9.802482605740211,11.435849295637167,2.031676078247307
2009-08-20,1.4212044619547948,9.486779732434425,10.062555426558642,0.7106022309773974
2009-08-21,53.20339577167107,10.289424696392164,31.41679923837811,26.60169788583553
2009-08-22,58.49530014577532,17.0447051299986,36.32200377813121,29.24765007288766
2009-08-23,5.681466543997773,7.785210368243511,10.183629517790797,2.8407332719988867
2009-08-24,1.5679905629813005,9.182248216086656,9.82226671207955,0.7839952814906502
2009-08-25,5.683852451186032,8.326489090680894,10.695149961995506,2.841926225593016
2009-08-26,83.56209793542104,8.598437106125536,43.19445163829986,41.78104896771052
2009-08-27,12.697990758527594,13.031749769851633,17.72597476766523,6.348995379263797
2009-08-28,22.101714757793832,11.297637509925869,19.851523272009448,11.050857378896916
2009-08-29,91.11666293782784,38.8484678886246,49.00937181495016,45.55833146891391
2009-08-30,5.895998654241941,6.394069601410654,8.96507467088116,2.9479993271209706
2009-08-31,1.5231915993927172,4.875199038289167,5.56253621578063,0.7615957996963586
2009-09-01,0.0369686534894878,5.017961359702978,5.034590613700416,0.0184843267447439
2009-09-02,48.481711883075526,14.849172988033692,31.890895664493485,24.240855941537763
2009-09-03,93.018305309368,17.330051014355202,47.71908390623706,46.509152654684
2009-09-04,97.24587149884884,33.55134566230642,49.54698292282974,48.622935749424414
2009-09-05,4.968549410340381,7.579416154415991,9.687072343624427,2.4842747051701903
2009-09-06,5.017202251553601,6.094753846792828,8.297568845341688,2.5086011257768006
2009-09-07,0.7055094954059847,5.071543759765237,5.388518284679416,0.3527547477029923
2009-09-08,0.2222272990660222,5.1769392967388885,5.276548373898469,0.1111136495330111
2009-09-09,54.22915280101678,10.587707695374078,31.960659911633048,27.11457640050839
2009-09-10,35.79413424512017,11.402692414577558,25.21826450670562,17.897067122560085
2009-09-11,73.56686974180447,13.605255524807738,40.37972978573501,36.78343487090224
2009-09-12,91.18002825174707,20.360237653523708,47.38578133479149,45.590014125873545
2009-09-13,71.70807253819409,17.19074034720034,40.71762805827437,35.854036269097044
2009-09-14,99.42399867490708,85.69374550682963,50.20559644709463,49.71199933745354
2009-09-15,75.9661873291596,12.77624964431376,41.05371357045309,37.9830936645798
2009-09-16,99.9896480331263,28.000000000000004,49.99772256728778,49.99482401656315
2009-09-17,71.01923108818603,16.08160987788564,40.1701897401025,35.509615544093016
2009-09-18,58.49304671331224,15.34318574697483,35.615012297342695,29.24652335665612
2009-09-19,66.01444887735043,13.126616878996437,37.4683775287609,33.007224438675216
2009-09-20,29.574082069847385,12.086940374395388,23.29937974326187,14.787041034923693
2009-09-21,28.38519232006776,16.383610881632535,25.925687583943468,14.19259616003388
2009-09-22,6.676358802882717,8.492602549494373,11.263785333028723,3.3381794014413586
2009-09-23,5.991447612995143,10.37503258559518,12.74914174989564,2.995723806497572
2009-09-24,25.26318849487328,11.369496121446511,21.12879313280481,12.631594247436636
2009-09-25,72.956595264938,26.70125371670294,43.699225744412765,36.478297632469
2009-09-26,58.01036673518364,16.56885990910887,35.96238687958782,29.00518336759182
2009-09-27,31.44026584030901,12.185301347800287,24.074343130763623,15.720132920154503
2009-09-28,5.704649201872474,9.978327614231532,12.26142362856229,2.852324600936237
2009-09-29,0.5868963855822029,4.770519542919217,5.035969728939433,0.2934481927911014
2009-09-30,1.8456560521194827,4.4039422625269244,5.2454886616864895,0.9228280260597412
2009-10-01,34.83381139970361,15.65649166167684,27.61964458428981,17.416905699851807
2009-10-02,40.34309738039112,12.371603783101266,27.552064311564127,20.17154869019556
2009-10-03,10.926158164875504,7.742173095167611,12.359330099828911,5.463079082437752
2009-10-04,1.8489290208962408,4.833280083957691,5.66838067627232,0.9244645104481208
2009-10-05,30.377427401046702,10.653130933184702,22.605697518541422,15.188713700523351
2009-10-06,31.878349972090053,8.855164598836978,21.971459223460126,15.939174986045026
2009-10-07,2.2074674663864324,4.711036733896401,5.71077586385934,1.1037337331932162
2009-10-08,47.70151061662944,14.46327862870922,31.41483154643751,23.85075530831472
2009-10-09,95.22454280512282,73.91021470396876,51.141822068391264,47.61227140256141
2009-10-10,79.82985917593996,37.63931260464496,47.50683194553504,39.91492958796998
2009-10-11,20.80460294990639,10.278446111346993,18.542357683414355,10.402301474953196
2009-10-12,58.49076169124616,24.51885604652557,39.42297123255568,29.24538084562308
2009-10-13,52.256636525628174,10.046273163737482,30.92474697500555,26.128318262814087
2009-10-14,46.18509389963569,20.606037241219784,34.18166654218637,23.092546949817844
2009-10-15,41.17711734662125,29.98776225625906,38.22810045597687,20.588558673310622
2009-10-16,33.012833148322976,20.03481514520765,29.9271716239068,16.506416574161488
2009-10-17,99.2142434168299,87.167325428195,50.2920447063403,49.60712170841495
2009-10-18,81.8395278181901,8.332857843864474,42.433050239779824,40.91976390909505
2009-10-19,9.906505575822257,34.41020558679819,35.95175164492466,4.953252787911127
2009-10-20,10.340353266511098,39.18433599077498,40.30271385744775,5.170176633255549
2009-10-21,79.98168437453383,50.339481256080646,50.06795842933152,39.990842187266914
2009-10-22,99.28902691511388,97.32090856144436,50.33643892339544,49.64451345755694
2009-10-23,87.65480677629127,11.98288877705083,45.30671416145466,43.82740338814563
2009-10-24,25.2868935806394,30.22092480668385,35.22243850205235,12.6434467903197
2009-10-25,32.579531990214,22.63102170460561,31.54770674374836,16.289765995107
2009-10-26,13.215965121710695,26.427394101196843,29.542741475060986,6.607982560855348
2009-10-27,12.683396801534863,27.07444557002963,29.982184607334627,6.341698400767433
2009-10-28,14.529873711051216,25.06638420481076,28.68920709145048,7.264936855525608
2009-10-29,10.431338028169014,21.17773863056881,24.184286141376564,5.215669014084507
2009-10-30,4.885352249554575,24.54435895868447,25.78795669093492,2.4426761247772872
2009-10-31,38.03341249183354,18.494519287088945,30.477128724165464,19.01670624591677
2009-11-01,6.911989766783161,21.94841205220809,23.887334940579645,3.4559948833915803
2009-11-02,98.23029188692254,100.0,50.88485405653873,49.11514594346127
2009-11-03,46.07126115400092,70.28130985622967,60.93745462691397,23.03563057700046
2009-11-04,89.03647397526977,92.1957946838456,54.62614693150515,44.518236987634886
2009-11-05,61.979301664451405,60.366275994088106,53.94133052434263,30.989650832225703
2009-11-06,97.16256843046804,98.292469352014,51.3702657711006,48.581284215234014
2009-11-07,43.91026306070025,63.65455756140869,57.6588054164194,21.95513153035013
2009-11-08,95.25679257786614,98.76440796367449,52.31299701789265,47.62839628893307
2009-11-09,80.8869901754008,75.59077309977019,54.89116697674997,40.4434950877004
2009-11-10,64.97522648589256,52.71235698346839,50.94999689035388,32.48761324294628
2009-11-11,29.7354725719835,52.008174451295865,51.41103428813321,14.86773628599175
2009-11-12,42.96364054984101,50.767345276280665,50.43766581000325,21.481820274920505
2009-11-13,47.37703320108756,49.67387748828521,49.82838465893655,23.68851660054377
2009-11-14,100.0,-1.0,50.0,50.0
2009-11-15,98.04219954409088,89.45642978003384,50.77247816211896,49.02109977204544
2009-11-16,97.68862840064882,73.3938359241621,50.540718479549895,48.84431420032441
2009-11-17,56.62704284429413,68.9671318881366,58.22660598750772,28.313521422147065
2009-11-18,39.00434651811741,40.50225173131607,44.20678637745205,19.502173259058704
2009-11-19,16.561883603596122,43.5947076491242,44.6555447127463,8.280941801798061
2009-11-20,52.50022294717501,38.39141084472544,44.48594603226616,26.250111473587506
2009-11-21,14.80984776610829,38.75498044376211,40.42035072131005,7.404923883054145
2009-11-22,20.26979630379064,38.22154429219941,40.60901327190279,10.13489815189532
2009-11-23,11.72517904642852,33.299616807766405,35.25776663849545,5.862589523214259
2009-11-24,92.04998301588222,25.22991949561004,48.03077439292135,46.02499150794111
2009-11-25,9.147693764484057,32.356369653860924,33.97035492686331,4.573846882242028
2009-11-26,81.2514890046716,52.65303867403315,50.497405247511416,40.6257445023358
2009-11-27,59.31810830312932,50.19852292825142,50.0807628826647,29.65905415156466
2009-11-28,24.308426370222104,41.69252081361697,43.711938274860415,12.154213185111052
2009-11-29,99.53291345234102,71.94148936170212,50.102485745164536,49.76645672617051
2009-11-30,100.0,-1.0,50.0,50.0
2009-12-01,96.86304228991702,82.23762376237623,51.0112806241614,48.43152114495851
2009-12-02,12.170097719599154,73.33115825360011,70.49173349502266,6.085048859799577
2009-12-03,21.683490780468667,77.05048384660034,71.1849946756506,10.841745390234331
2009-12-04,92.97402742630888,100.0,53.51298628684557,46.48701371315444
2009-12-05,85.5412925387111,96.13549413231311,56.670596132411255,42.77064626935555
2009-12-06,99.36888791341671,100.0,50.31555604329164,49.68444395670837
2009-12-07,99.96459627329192,100.0,50.017701863354034,49.982298136645966
2009-12-08,86.28602550907355,99.9592286667774,56.85139587522546,43.14301275453678
2009-12-09,5.194524735041031,65.32455187398153,64.52851423635336,2.5972623675205155
2009-12-10,79.17605107049543,58.024715926051215,51.671062746178734,39.58802553524772
2009-12-11,73.41208899389645,79.32542404589672,57.79701764748552,36.70604449694822
2009-12-12,83.35688650548285,60.16011155517374,51.69095889729712,41.678443252741424
2009-12-13,84.80977000066282,75.55634340569434,53.88206734274541,42.40488500033141
2009-12-14,35.03858820502072,76.47697723599052,67.19981821313472,17.51929410251036
2009-12-15,29.12640492558925,85.33085125377214,75.04024445394084,14.563202462794624
2009-12-16,14.018200655688691,66.33278195670285,64.04321980935612,7.009100327844346
2009-12-17,19.57257771550158,64.84401415448625,61.938657947999374,9.78628885775079
2009-12-18,8.739424598477392,63.641121563380345,62.44896602996208,4.369712299238696
2009-12-19,70.94201711853832,88.824763154891,61.28169303131627,35.47100855926916
2009-12-20,4.804000357174748,70.36710636246436,69.3886705000654,2.402000178587374
2009-12-21,92.6682694796656,94.27199548086428,53.24590340463159,46.3341347398328
2009-12-22,85.16756322329542,83.72505481307694,55.002247433058606,42.58378161164771
2009-12-23,90.3360430797908,93.2726103729104,54.18184642468803,45.168021539895406
2009-12-24,94.61247734921044,94.07649433019412,52.37463111571318,47.306238674605225
2009-12-25,89.5620190037527,97.80555555555556,54.98993480403933,44.78100950187635
2009-12-26,47.77087889875924,91.16637227856393,71.50083443035875,23.88543944937961
2009-12-27,70.690848792621,95.90104807569908,63.45320758627837,35.3454243963105
2009-12-28,25.542556746133044,78.40285423605981,71.14803907529279,12.771278373066522
2009-12-29,25.851040212129828,64.67212311997201,60.87922667225485,12.925520106064914
2009-12-30,95.90043772284731,92.29759078741353,51.73401607606522,47.95021886142366
2009-12-31,80.37213928286523,88.36868052403221,57.530951172259456,40.18606964143262
2010-01-01,91.55875091138066,84.13122960272862,52.8811021077749,45.77937545569033
2010-01-02,85.70993429354684,79.59370106142335,54.22895932664872,42.85496714677342
2010-01-03,14.852796747596098,67.18006242684355,64.62834267347435,7.426398373798049
2010-01-04,93.27553704969652,78.3155170820369,51.90406645536842,46.63776852484826
2010-01-05,51.62653638062217,87.24080131351627,68.01466547495858,25.813268190311085
2010-01-06,83.94588066151383,85.01709787728241,55.62168668209343,41.97294033075691
2010-01-07,30.17257302962693,71.11334359748666,64.74290458153894,15.086286514813468
2010-01-08,94.73696199595771,99.04780641353533,52.58140469169344,47.368480997978864
2010-01-09,99.7391304347826,100.0,50.13043478260869,49.869565217391305
2010-01-10,72.49890705061132,94.85048707536296,62.33437413884913,36.24945352530566
2010-01-11,92.93381130184292,91.3630901790686,52.92279400344187,46.46690565092146
2010-01-12,61.31029878842661,93.45243517541088,66.81161733851908,30.655149394213304
2010-01-13,83.63157316939291,98.9268947015426,58.008562959710176,41.81578658469645
2010-01-14,35.66337565814986,87.28073851073019,73.98516868751595,17.83168782907493
2010-01-15,4.5455017433976215,83.12712257121288,81.62132863720093,2.2727508716988107
2010-01-16,3.105965422356056,75.6884833754493,74.89060796428015,1.552982711178028
2010-01-17,61.38531798327407,80.86726480499689,61.9192961517103,30.692658991637035
2010-01-18,43.61978167397116,67.94961408568842,60.12003161019076,21.80989083698558
2010-01-19,24.32433554300136,67.63552391243535,63.34579990120833,12.16216777150068
2010-01-20,4.745241778894576,73.24525545853908,72.14221188490971,2.372620889447288
2010-01-21,42.47014943949816,63.62892263091663,57.84069882257275,21.23507471974908
2010-01-22,15.427990328840188,78.63000790172414,74.21297305149996,7.713995164420094
2010-01-23,2.872040434076591,70.95871433122176,70.35647688621064,1.4360202170382954
2010-01-24,91.45764031864522,81.3321371417487,52.67650385050353,45.72882015932261
2010-01-25,72.99979904244762,91.32029433655345,61.15656250712156,36.49989952122381
2010-01-26,90.95134241740762,92.23145414177482,53.82137967743873,45.47567120870381
2010-01-27,44.93558644235137,72.80771143154183,62.5589325456993,22.46779322117569
2010-01-28,55.35411728352817,61.05433803104765,54.93530679242388,27.677058641764084
2010-01-29,92.52218758737818,96.87569244405051,53.50527634808363,46.26109379368909
2010-01-30,80.29537665911097,72.03633992975963,54.342177781277066,40.147688329555486
2010-01-31,56.49156122954575,83.84492962175865,64.7254004813862,28.24578061477288
2010-02-01,8.924418604651162,76.20937772164135,73.86939368770764,4.462209302325581
2010-02-02,15.862233617405566,70.96296625287765,67.6377715727083,7.931116808702783
2010-02-03,60.96985479961601,62.19494055524272,54.759703005811744,30.484927399808004
2010-02-04,81.66959144900001,80.92977518564986,55.66955415543543,40.834795724500005
2010-02-05,96.44028558886136,98.5573846780292,51.72850422005583,48.220142794430686
2010-02-06,95.47110340728592,100.0,52.264448296357045,47.73555170364296
2010-02-07,53.75207365627074,75.86514576775802,61.962093563370935,26.87603682813537
2010-02-08,3.3459649705665546,76.9927380543142,76.08301581204124,1.6729824852832773
2010-02-09,89.50927997348579,96.80126369829205,54.90978954345845,44.754639986742895
2010-02-10,85.60935050519484,98.53072384515758,56.983886365848456,42.80467525259742
2010-02-11,96.73510630367984,98.1544901065449,51.572192911983706,48.36755315183992
2010-02-12,23.65055579999502,84.15481471816284,76.07683654748168,11.82527789999751
2010-02-13,6.23370097835656,79.83064321476735,77.96943258641595,3.11685048917828
2010-02-14,19.22519717725197,85.86695377120202,78.97146118721462,9.612598588625984
2010-02-15,11.700117916694348,78.99236124336106,75.59923686308377,5.850058958347174
2010-02-16,45.99948146227638,82.9848281159977,67.8119782214156,22.99974073113819
2010-02-17,71.5829887038894,83.0364629282626,59.38797540215977,35.7914943519447
2010-02-18,81.76210486183632,81.41764846226383,55.72991778142457,40.88105243091816
2010-02-19,100.0,-1.0,50.0,50.0
2010-02-20,98.50939110521226,99.27767745520212,50.73453744329205,49.25469555260613
2010-02-21,6.662015320371858,84.1368401381127,81.86089152188313,3.331007660185929
2010-02-22,82.40279771856657,92.45234142263357,57.46831745321425,41.20139885928329
2010-02-23,80.98311806990243,90.18229762566332,57.6414200962728,40.491559034951216
2010-02-24,69.31307333742515,81.45212514359078,59.65135278602591,34.656536668712576
2010-02-25,61.94603651203106,69.35580548834979,57.36565115333892,30.97301825601553
2010-02-26,99.07988098910722,99.5949594959496,50.4563326507668,49.53994049455361
2010-02-27,22.97688430950667,72.38214288600747,67.23416748449583,11.488442154753336
2010-02-28,87.75241776291942,79.02213803717297,53.55451022306181,43.87620888145971
2010-03-01,3.046783213009129,71.98269214291835,71.27766453418135,1.5233916065045645
2010-03-02,68.63635421202132,63.50102465789648,54.23441355145031,34.31817710601066
2010-03-03,95.4211752523945,60.19900497512438,50.46699456381051,47.71058762619725
2010-03-04,86.95215347678106,57.77156828501572,51.014022302276,43.47607673839053
2010-03-05,51.810537012266565,60.91936206124488,55.24631640070095,25.90526850613328
2010-03-06,78.99561074476419,48.57678456908885,49.70106229095084,39.497805372382096
2010-03-07,42.215185023331145,72.43750493996595,62.86630311641134,21.10759251166557
2010-03-08,3.546785376190841,71.0889370745919,70.1615960327045,1.7733926880954205
2010-03-09,75.76107995639721,81.20500675433047,57.56375663678301,37.880539978198605
2010-03-10,78.62451106863986,82.00073763490954,56.806525020654696,39.31225553431993
2010-03-11,97.6193483856672,50.513221990257485,50.01221802759618,48.8096741928336
2010-03-12,51.57443883898721,79.07646359622208,63.93540360327164,25.787219419493606
2010-03-13,22.072547892442014,71.45364476522758,66.71353357088455,11.036273946221009
2010-03-14,10.021477262115978,69.17425265076783,67.21739761986284,5.010738631057989
2010-03-15,79.45158060778417,43.86184356527528,48.73870587284248,39.72579030389208
2010-03-16,61.370851520461166,51.03467156223328,50.39968481405066,30.685425760230583
2010-03-17,80.92677146432212,72.34435417300257,54.26178973623805,40.46338573216106
2010-03-18,22.457208553308764,74.86832808786691,69.28344041571206,11.228604276654382
2010-03-19,41.14703282749692,78.29502185869411,66.64986078087199,20.57351641374846
2010-03-20,92.30801090956534,81.85930054115177,52.45061392191419,46.15400545478267
2010-03-21,93.52579061470512,86.24428310998816,52.3465307787397,46.762895307352565
2010-03-22,91.59823630892345,70.5605403273516,51.72744801191258,45.79911815446172
2010-03-23,56.25655785636376,69.67968864807467,58.6085732178183,28.12827892818188
2010-03-24,15.255961500932166,60.43092677429628,58.839588601419216,7.627980750466083
2010-03-25,86.96739155200305,70.42434837889382,52.66182535227605,43.483695776001525
2010-03-26,91.86828889464148,67.18535119441756,51.39746311157132,45.93414444732073
2010-03-27,52.27782918459566,63.26542147093094,56.3287094860102,26.13891459229783
2010-03-28,78.54202849290994,37.56004213822497,47.32542186003904,39.27101424645497
2010-03-29,94.6286057443416,42.20286055746173,49.58118489987783,47.3143028721708
2010-03-30,96.7172308106485,57.14736310875599,50.23463143398532,48.35861540532425
2010-03-31,73.44537258021745,68.66141363341741,54.93797235481305,36.722686290108726
2010-04-01,99.63784321033668,79.24528301886792,50.10591377810908,49.81892160516834
2010-04-02,39.44364911815464,81.22524625047191,68.75337956124231,19.72182455907732
2010-04-03,87.52405474435166,64.03500033207146,51.7509989580593,43.76202737217583
2010-04-04,92.44731637101702,86.55496750486742,52.76088104632017,46.22365818550851
2010-04-05,75.39992374510975,48.63580043998281,49.6566457794576,37.69996187255487
2010-04-06,2.878888426328567,62.75537703403315,61.90846664001221,1.4394442131642835
2010-04-07,1.5855578214622437,59.98341303237624,59.8210095237304,0.7927789107311218
2010-04-08,3.5012708485613664,58.388640687274574,58.09117300152834,1.7506354242806832
2010-04-09,12.67200299000218,58.06280568851099,57.04000166111233,6.3360014950010894
2010-04-10,24.25725314406674,55.86318950494833,54.44070891960321,12.12862657203337
2010-04-11,71.24995078607587,54.074528335918615,51.155853763155655,35.624975393037936
2010-04-12,73.40074668789399,49.16210696971114,49.77549611626938,36.70037334394699
2010-04-13,55.40933308456164,52.45714019865547,51.079669133652594,27.70466654228082
2010-04-14,96.73276656553207,59.62221095334685,50.314380093402775,48.36638328276605
2010-04-15,80.35525376007949,50.83142687680054,50.1133458238016,40.17762688003975
2010-04-16,51.59053994345207,53.38373254134577,51.63472448964775,25.79526997172604
2010-04-17,70.99921863179733,54.10907478780685,51.18314068565578,35.49960931589867
2010-04-18,94.517344446815,62.59775586535192,50.69069156152841,47.25867222340749
2010-04-19,64.56240616471877,44.27315611429107,47.96797365561519,32.28120308235938
2010-04-20,31.42631425070137,49.6467484213361,49.73614420108197,15.713157125350683
2010-04-21,56.733850643734094,41.73134729060497,46.42238580901829,28.366925321867047
2010-04-22,31.63387464547064,55.68921347223233,53.88244667276653,15.816937322735315
2010-04-23,99.33454388097157,22.930927193528312,49.81986719864507,49.66727194048578
2010-04-24,42.72093853227761,48.75839059890673,49.28881778795876,21.360469266138804
2010-04-25,44.86227187092812,41.85983502920104,45.51169796914292,22.43113593546406
2010-04-26,75.83443873321174,29.389162392575948,45.019275410379706,37.91721936660587
2010-04-27,94.35314830157417,10.10160290503613,47.74699668599835,47.17657415078708
2010-04-28,19.39064498446921,48.424146262305726,48.72971446605651,9.695322492234606
2010-04-29,8.797523029512663,44.24749141034311,44.75356967829286,4.398761514756331
2010-04-30,93.75147551575748,24.10433168727008,48.38190282512084,46.87573775787874
2010-05-01,97.67981198297907,30.04016064257028,49.53689419901229,48.83990599148954
2010-05-02,98.43303545547154,31.342494714587737,49.70764350728407,49.21651772773577
2010-05-03,97.2538747450485,45.09803921568628,49.86519925041672,48.62693737252425
2010-05-04,100.0,-1.0,50.0,50.0
2010-05-05,97.7190610383076,98.33877995642702,51.1025780656329,48.8595305191538
2010-05-06,90.51319222963178,31.1923799536855,48.21356086650375,45.25659611481589
2010-05-07,98.48896121777553,27.952863798300903,49.66685922162248,49.24448060888776
2010-05-08,93.838190088739,36.01360910867075,49.133634653785286,46.91909504436951
2010-05-09,97.17475521101856,25.40857456943936,49.30523203448683,48.58737760550928
2010-05-10,99.37346004927844,62.29345670852611,50.077023417603584,49.68673002463922
2010-05-11,95.90261700744226,19.55829585081113,48.75268679154639,47.95130850372113
2010-05-12,97.2131439530443,37.03923900118906,49.63880224837316,48.60657197652215
2010-05-13,85.07828234689563,28.577782101708102,46.799706596603485,42.53914117344782
2010-05-14,95.70968510215282,30.372658814442943,49.15792525706475,47.85484255107641
2010-05-15,99.88405340996852,71.45421903052065,50.02443160289949,49.94202670498426
2010-05-16,93.53972843331373,22.9738394460118,48.25403663416372,46.76986421665686
2010-05-17,73.63508441804704,16.370724958929735,41.13367002459905,36.81754220902352
2010-05-18,68.63050359771886,24.532291852527376,42.01090820893511,34.31525179885943
2010-05-19,39.76861834466744,28.17237555361165,36.84462597445679,19.88430917233372
2010-05-20,74.42060032460063,21.88510441737777,42.80810630981326,37.21030016230032
2010-05-21,71.19689166438602,20.34810901081182,41.459333714825966,35.59844583219301
2010-05-22,45.78167065587575,36.65591410193125,42.75958550942269,22.890835327937875
2010-05-23,81.27880375319121,32.62861949880457,46.747869765591325,40.639401876595606
2010-05-24,2.5269453616597097,33.72886845278934,34.13722924843727,1.2634726808298549
2010-05-25,5.934709473771649,32.90739620542121,33.921792582132326,2.9673547368858246
2010-05-26,78.65053968464511,23.56327418164874,44.35590171273192,39.32526984232256
2010-05-27,94.9995237444454,25.34388465362944,48.766394579797655,47.49976187222271
2010-05-28,97.481638239673,21.78917941128104,49.28954948201925,48.7408191198365
2010-05-29,88.17554900494471,23.88185210490356,46.91167240132826,44.08777450247236
2010-05-30,91.34844658605252,33.36286576313395,48.56062944494739,45.67422329302626
2010-05-31,58.54519144454648,12.143096489604847,34.30619103199069,29.27259572227324
2010-06-01,75.3421108269112,20.054471633560578,42.6160648031075,37.6710554134556
2010-06-02,85.44086074984043,16.029328018223236,45.05363108115949,42.72043037492021
2010-06-03,82.97480381206573,19.0253045923149,44.72649733822655,41.48740190603287
2010-06-04,26.0600462852458,26.91545444848049,32.93101837918616,13.030023142622898
2010-06-05,4.28407656011165,27.397726927533338,28.365911809663057,2.142038280055825
2010-06-06,12.824751517064644,31.544091021707228,33.9110154883889,6.412375758532321
2010-06-07,98.060970508695,18.816744980777443,49.39534748882842,49.0304852543475
2010-06-08,88.33635806152215,26.33084068988792,47.23931400822063,44.168179030761074
2010-06-09,46.27526811222849,21.063709001594948,34.45405524284153,23.137634056114244
2010-06-10,97.5536928594502,23.72608769256814,49.357259407121504,48.7768464297251
2010-06-11,11.66603688185929,18.377415343971307,22.06651773294079,5.833018440929645
2010-06-12,42.632648828043976,17.504917416331608,31.35843186060983,21.316324414021988
2010-06-13,78.27206903268858,28.255872731261142,45.27545103760408,39.13603451634429
2010-06-14,85.24694134301104,22.96539806970961,46.01156931954079,42.62347067150552
2010-06-15,99.77722567287783,100.0,50.11138716356107,49.88861283643893
2010-06-16,97.71719188095604,51.98657474600871,50.04534968959277,48.85859594047802
2010-06-17,99.70826707745312,49.39673527324344,49.99824007818194,49.854133538726565
2010-06-18,96.3002849758102,19.88356471115092,48.88577771886805,48.15014248790509
2010-06-19,96.97693776218853,11.406217829936176,48.83260103446705,48.48846888109426
2010-06-20,98.18698713953532,100.0,50.903193478454426,49.09349356976766
2010-06-21,81.9048427890521,14.724804249278812,43.61689787243739,40.95242139452605
2010-06-22,68.93272111029343,12.91878799201959,38.479876449797366,34.466360555146714
2010-06-23,23.67033582670221,16.978844078054774,24.7924555706564,11.835167913351109
2010-06-24,17.909756958137024,20.016484669510188,25.386459392706666,8.954878479068512
2010-06-25,7.818307922967343,17.36875777181063,19.919968768299825,3.909153961483672
2010-06-26,53.67167782061465,17.953274751444777,35.153289878906904,26.835838910307324
2010-06-27,3.2320501078872987,15.13805965344516,16.264815034027592,1.6160250539436494
2010-06-28,5.071101760565575,16.083977281677445,17.80389330686012,2.535550880282788
2010-06-29,6.740541685529994,18.0982728981286,20.248622111834266,3.370270842764997
2010-06-30,62.83582584749629,14.37044559261698,36.75857035027912,31.417912923748144
2010-07-01,37.162488771236106,15.549209283898444,28.35198051537174,18.581244385618053
2010-07-02,14.64640381444455,15.737329991970997,20.755578998957507,7.323201907222275
2010-07-03,12.598554362970765,17.376708781366265,21.486771860536106,6.299277181485381
2010-07-04,16.24579841092216,14.659418511550198,20.400778137411425,8.12289920546108
2010-07-05,55.58193986175544,16.450725794779135,35.09806320758043,27.79096993087772
2010-07-06,67.27789443572676,17.159201049050722,39.25379909911964,33.63894721786338
2010-07-07,27.832871624075285,12.859389781382898,23.19668814392878,13.916435812037642
2010-07-08,4.0372071000018686,10.923193119820985,12.500804741641588,2.0186035500009343
2010-07-09,0.742903783887067,10.254398299268484,10.5496698782319,0.3714518919435335
2010-07-10,15.250554158053347,11.2432744843057,17.153889898964742,7.625277079026674
2010-07-11,9.26510870626154,12.865948140705358,16.30645841250854,4.63255435313077
2010-07-12,30.117383317246315,14.687684717358309,25.32283006922606,15.058691658623156
2010-07-13,56.609313377872326,13.035811566361785,33.96098483434728,28.304656688936163
2010-07-14,15.931954229190415,13.879709350286252,19.634377524049192,7.965977114595208
2010-07-15,8.764388403305153,17.028947572073037,19.918658667513927,4.382194201652577
2010-07-16,1.6548458447128216,11.01943500581804,11.664503265869843,0.8274229223564108
2010-07-17,23.613295759683584,18.66907901528364,26.06734205163748,11.806647879841792
2010-07-18,79.6327308903996,13.840030943365496,42.63451334770353,39.8163654451998
2010-07-19,34.94897535538728,13.592920805823166,26.31682194101236,17.474487677693638
2010-07-20,8.954954206558535,13.515788417189222,16.78293285705385,4.477477103279267
2010-07-21,21.895740303632337,14.741819476967486,22.461859120076564,10.947870151816169
2010-07-22,10.004650911703273,15.39171421254565,18.85415239210508,5.002325455851636
2010-07-23,81.61250292623001,16.85613529073763,43.905672846450095,40.80625146311501
2010-07-24,84.83728331724055,18.33884500806253,45.19930877008317,42.418641658620274
2010-07-25,41.71938116054182,8.543600842968617,25.838954022726192,20.85969058027091
2010-07-26,78.22351351575388,14.214613349574618,42.2072001127349,39.11175675787694
2010-07-27,79.84224782344688,15.374176236544768,43.02021225667266,39.92112391172344
2010-07-28,49.80228138459018,4.977713886789024,27.399839502665625,24.90114069229509
2010-07-29,100.0,-1.0,50.0,50.0
2010-07-30,60.75213072600212,12.271154201780572,35.192231922526595,30.37606536300106
2010-07-31,0.994614667295267,7.138601731892328,7.564907485674766,0.4973073336476335
2010-08-01,2.010363339944549,8.584962645048481,9.417555373256768,1.0051816699722744
2010-08-02,57.26466306975818,16.29710137895564,35.596952719038875,28.63233153487909
2010-08-03,58.27203251863912,10.219377155750822,33.40035463566888,29.13601625931956
2010-08-04,37.95140719097206,12.9253748315223,26.995716793737884,18.97570359548603
2010-08-05,99.93043262213112,100.0,50.03478368893444,49.96521631106556
2010-08-06,90.77375836438156,18.76585333004108,47.11826215540612,45.38687918219078
2010-08-07,60.83211333728708,12.059253298320662,35.13941133289925,30.41605666864354
2010-08-08,65.03001981971522,12.973315864047857,37.05177589624089,32.51500990985761
2010-08-09,6.267886143404816,12.167847971692993,14.539124186427092,3.133943071702408
2010-08-10,34.546126181092966,15.056531747189268,27.128146381855423,17.273063090546483
2010-08-11,75.20938127599779,10.018141840769816,40.08824998497387,37.60469063799889
2010-08-12,93.86665562193896,16.52091704088868,47.94661254750096,46.93332781096948
2010-08-13,99.98674948240166,100.0,50.006625258799176,49.99337474120083
2010-08-14,81.21972804201441,10.311758538873256,42.546440318258405,40.609864021007205
2010-08-15,58.2365954341232,15.129175106239328,35.43675632416025,29.1182977170616
2010-08-16,82.88692573645852,15.933673283996075,44.17020421022958,41.44346286822926
2010-08-17,63.92304024215786,6.949025918050687,34.468517405096094,31.96152012107893
2010-08-18,91.93554400281684,23.88791863570988,47.89420268842816,45.96777200140842
2010-08-19,22.91077531257916,14.107532905456909,22.33077539562908,11.45538765628958
2010-08-20,56.45383040978117,18.73767821937769,36.38645633957029,28.226915204890584
2010-08-21,3.924451810406776,10.7417239157973,12.282396042318284,1.962225905203388
2010-08-22,2.9107138777604016,8.358396686931261,9.570464613486688,1.4553569388802008
2010-08-23,32.61134787678594,13.82360638576289,25.62121595657713,16.30567393839297
2010-08-24,34.56619024599738,17.1175912920235,28.48378724348907,17.28309512299869
2010-08-25,39.14181187344237,15.12232546244992,28.77407921576928,19.570905936721186
2010-08-26,0.8785247430367049,5.984381646024485,6.371069744064766,0.4392623715183524
2010-08-27,98.00992655508782,55.790240349599415,50.11523003559397,49.00496327754391
2010-08-28,52.83602462825279,13.69412323567316,32.876705224376,26.4180123141264
2010-08-29,27.631679987381467,9.983567206683244,21.040779858498105,13.815839993690734
2010-08-30,48.58350653175857,13.05137121695,31.002310695158325,24.291753265879287
2010-08-31,46.37135932403157,10.909301965639994,29.03607682666689,23.185679662015787
2010-09-01,10.115389725788503,24.426299559980137,27.012469066086464,5.057694862894252
2010-09-02,21.355928685581453,18.941767380970607,25.57304746684378,10.677964342790728
2010-09-03,70.06600831062246,18.90041263950816,40.69065210407967,35.03300415531123
2010-09-04,64.57491096227123,15.762600712010494,37.871370818027,32.287455481135616
2010-09-05,45.34527061077964,19.20557946102649,33.16939278744553,22.67263530538981
2010-09-06,40.62431289903712,17.66195746345826,30.79902841331016,20.31215644951856
2010-09-07,99.37575442613922,21.42620232172471,49.82162933270944,49.68787721306961
2010-09-08,94.50499846774396,36.313964880548646,49.24795216048105,47.25249923387197
2010-09-09,54.26558425257619,15.642876260552809,34.286807922673646,27.13279212628809
2010-09-10,55.874373610327545,9.551945549068826,32.15204261109083,27.937186805163773
2010-09-11,4.525925172201122,6.699959109456157,8.65968655969466,2.262962586100561
2010-09-12,1.1441543040264512,6.467891642961289,6.965966134361805,0.5720771520132256
2010-09-13,91.86141160826908,46.52364228635415,49.71707355466218,45.93070580413453
2010-09-14,51.42889139595845,8.395173479757137,29.79207452632976,25.714445697979222
2010-09-15,23.324795762486715,6.362492048238432,16.540851653825715,11.662397881243358
2010-09-16,60.6706204379562,16.737142917400426,36.91792468480425,30.3353102189781
2010-09-17,99.95507246376812,85.71428571428571,50.01604554865424,49.97753623188406
2010-09-18,99.66436352267152,98.82788402220852,50.163884189886176,49.83218176133576
2010-09-19,21.06274818319008,11.027634827929871,19.23628596515628,10.531374091595035
2010-09-20,4.74152253734071,7.564734532278424,9.576812208210802,2.370761268670355
2010-09-21,0.2589882634909624,5.936382074037673,6.050501672935415,0.1294941317454812
2010-09-22,8.89259445383526,5.492609433940761,9.450471178964944,4.44629722691763
2010-09-23,0.9233759922242022,5.552690714561218,5.963106497692598,0.4616879961121011
2010-09-24,46.35488222475874,14.679154625535324,31.05209089965757,23.17744111237937
2010-09-25,66.24853283342527,28.388856802290576,42.70574548651866,33.12426641671264
2010-09-26,86.58338704095526,19.583886812270244,45.919187816417335,43.29169352047763
2010-09-27,92.78549518556645,76.5079091665949,51.91241438302967,46.392747592783216
2010-09-28,80.35415285145888,22.047825490754512,44.50855852122016,40.17707642572944
2010-09-29,47.05556592620248,21.85488578357054,35.09872855868749,23.52778296310124
2010-09-30,76.73145864848622,16.32780286230819,42.16497088505295,38.36572932424311
2010-10-01,97.3976309725187,24.37743655024266,49.333206344736766,48.69881548625935
2010-10-02,73.05594950776708,26.389583605876147,43.63839748534083,36.52797475388354
2010-10-03,66.62128474359214,24.613226054781595,41.52622101203761,33.31064237179607
2010-10-04,70.31876019508232,14.694729785406526,39.52095808383233,35.15938009754116
2010-10-05,95.71485376532036,32.337731380793585,49.24314596130508,47.85742688266018
2010-10-06,9.290372154842998,10.59720457433291,14.257870908788837,4.645186077421499
2010-10-07,14.51648057390882,12.326864424888786,17.795677832232137,7.258240286954409
2010-10-08,47.70597299387997,19.380539747377608,33.987851186365454,23.852986496939984
2010-10-09,42.016048581283016,15.735971614158585,30.132362426658315,21.008024290641508
2010-10-10,39.39444862833943,14.506218271070749,28.488797880528704,19.69722431416972
2010-10-11,6.6676357595265285,7.12461229702609,9.983386979545218,3.3338178797632643
2010-10-12,1.2151735739727307,5.683031847348016,6.221559933124954,0.6075867869863654
2010-10-13,28.58461793813149,10.459451215083597,21.761966015892444,14.292308969065749
2010-10-14,4.687564891646525,6.493056614625773,8.532472818187104,2.3437824458232623
2010-10-15,0.9549543187902528,6.072666500311392,6.492152468696066,0.4774771593951263
2010-10-16,97.06058949704754,100.0,51.46970525147623,48.53029474852377
2010-10-17,98.03246708870984,86.05409956846648,50.709376274878906,49.01623354435492
2010-10-18,67.37687008832974,41.40417987837812,47.19577443474981,33.68843504416487
2010-10-19,12.272277135223003,39.82544449414165,41.07409414309768,6.136138567611503
2010-10-20,57.220688668269126,29.23615420415761,41.11736976255607,28.610344334134563
2010-10-21,15.682919992940858,41.12812077545684,42.51949049611228,7.841459996470429
2010-10-22,13.780136586662348,36.27039211625252,38.16235083544608,6.890068293331174
2010-10-23,99.77971014492752,68.51503759398496,50.0407867494824,49.88985507246377
2010-10-24,99.86976740334008,89.0302066772655,50.05083005163754,49.93488370167004
2010-10-25,98.05030652237376,100.0,50.97484673881313,49.02515326118688
2010-10-26,45.77380384610599,85.52838377851285,69.26515902408275,22.886901923053
2010-10-27,1.391081130476681,68.7630713757669,68.50191901905727,0.6955405652383405
2010-10-28,89.34580523049334,81.47680227020933,53.3535998210806,44.67290261524667
2010-10-29,2.346427191805573,57.95129732028924,57.764725917864666,1.1732135959027867
2010-10-30,44.15676299234816,63.37892112605935,57.471222633492125,22.07838149617408
2010-10-31,81.06111929460366,66.26227930076357,53.07989367674997,40.53055964730183
2010-11-01,99.8103519668737,100.0,50.094824016563145,49.90517598343685
2010-11-02,99.87825860109194,100.0,50.06087069945403,49.93912930054597
2010-11-03,41.23388879900772,46.50433076146575,47.94573112806408,20.616944399503858
2010-11-04,26.015104379605976,39.15465617934664,41.976083694616754,13.007552189802988
2010-11-05,12.8111463718875,36.89303516932409,38.5721876186938,6.40557318594375
2010-11-06,22.66266257956463,39.844301382288144,42.14585309261769,11.331331289782314
2010-11-07,99.9871635610766,100.0,50.0064182194617,49.99358178053831
2010-11-08,94.94897209149204,99.9549087927854,52.52323638479329,47.47448604574602
2010-11-09,87.72441758601337,86.71424233221985,54.50688707516241,43.86220879300669
2010-11-10,75.88558878678946,72.69024891096085,55.47161992769012,37.94279439339473
2010-11-11,41.427424191175405,65.87048249327755,59.29575038960123,20.713712095587702
2010-11-12,36.5387727327422,54.23384724020243,52.68685141925338,18.2693863663711
2010-11-13,65.49700812347348,58.51931975241873,52.93942020211235,32.74850406173674
2010-11-14,52.50340062704245,47.13021535936156,48.636949886369294,26.251700313521223
2010-11-15,82.29498143728455,50.11233325532413,50.019888623707246,41.147490718642274
2010-11-16,94.41767725184329,99.70327510107192,52.77459723254605,47.20883862592164
2010-11-17,77.03402228917909,84.7409452655514,57.97859774621502,38.517011144589546
2010-11-18,89.28285911928323,59.35531248792177,51.00262201916187,44.641429559641615
2010-11-19,85.86142322097379,79.56103850436618,54.17951012561731,42.930711610486895
2010-11-20,84.227100580928,87.25897126044238,55.87682006149053,42.113550290464
2010-11-21,92.22528269063496,88.58847659891852,53.0001449695564,46.112641345317485
2010-11-22,90.83833178685047,90.6565085680698,53.724814422057264,45.41916589342524
2010-11-23,56.33041826829379,62.95649201435707,55.65804586977164,28.16520913414689
2010-11-24,55.75056252009001,51.26000009373257,50.557542953723,27.875281260045004
2010-11-25,27.08575388394636,71.49600921934355,65.67365306732174,13.542876941973178
2010-11-26,99.77763284574056,100.0,50.11118357712972,49.88881642287028
2010-11-27,15.162493849255371,77.62128746794056,73.43272798241043,7.581246924627686
2010-11-28,99.86956521739133,100.0,50.06521739130435,49.934782608695656
2010-11-29,94.61631817880574,96.11463743027504,52.48266535224335,47.30815908940287
2010-11-30,79.0515119622776,82.7285763734362,56.85614190650612,39.5257559811388
2010-12-01,97.32911203690666,99.40305450034886,51.31950023605025,48.66455601845333
2010-12-02,97.24012125328188,95.59606872233476,51.25839621000671,48.620060626640935
2010-12-03,68.92319873317498,93.02564444592656,63.37099401823134,34.46159936658749
2010-12-04,46.41029575198633,92.99197944757624,73.03927463632293,23.20514787599317
2010-12-05,97.48463742670688,97.84344390484814,51.20343608175705,48.74231871335344
2010-12-06,97.57915071505327,100.0,51.21042464247336,48.78957535752664
2010-12-07,61.29805101677071,85.32987040805398,63.67334842116608,30.64902550838536
2010-12-08,82.93395372348029,83.09399240097598,55.64783605789848,41.46697686174014
2010-12-09,41.135361030531655,65.43865709733365,59.08790976207966,20.567680515265828
2010-12-10,76.97752701856788,50.98270475641706,50.22624293703337,38.48876350928394
2010-12-11,48.92957670519956,67.51431704642378,58.944635852802016,24.46478835259978
2010-12-12,43.49627742133615,57.03310625952517,53.97396684954474,21.74813871066808
2010-12-13,54.748267381142966,65.96108371675251,57.22266692657678,27.374133690571483
2010-12-14,43.341063820077416,58.76113905791212,54.9639681874567,21.670531910038708
2010-12-15,76.4285699483798,61.30007824382182,52.66359003902081,38.2142849741899
2010-12-16,5.1528730667641245,69.46186180926526,68.45887253517617,2.5764365333820622
2010-12-17,94.93735363361348,89.69325153374234,52.00952895647366,47.46867681680674
2010-12-18,22.09197568792866,73.99756468635346,68.69602853014929,11.04598784396433
2010-12-19,62.44483003816549,80.53390448011658,61.46705972349199,31.222415019082742
2010-12-20,42.037911349342,76.19131125657167,65.18103104930384,21.018955674671
2010-12-21,97.61914621369915,95.338725106531,51.07944875335937,48.809573106849584
2010-12-22,91.58345930051976,86.63583132411553,53.08346965398712,45.79172965025988
2010-12-23,88.13429451270402,83.71118906749044,54.00007041101394,44.06714725635201
2010-12-24,99.65381015876696,98.5645933014354,50.168125688445706,49.82690507938348
2010-12-25,87.99555935734953,99.6756327748926,55.963281850323,43.99777967867477
2010-12-26,93.56394950379632,98.98018273066528,53.152389293678446,46.78197475189816
2010-12-27,6.384436793162024,75.94819898758213,74.29155262425604,3.192218396581012
2010-12-28,73.24386515808537,76.14178913291568,56.99089534632574,36.621932579042685
2010-12-29,30.1206594250262,66.42100168362666,61.474887692323655,15.0603297125131
2010-12-30,25.6901119739744,83.37884321148971,74.80378101484065,12.8450559869872
2010-12-31,7.69063058685753,72.8570432404102,71.09919248171195,3.845315293428765
2011-01-01,1.6502356144355117,66.142693338345,65.87630086374652,0.8251178072177558
2011-01-02,36.04728846544863,64.60754352156451,59.34192017063019,18.023644232724315
2011-01-03,7.005844432218081,64.99148268294371,63.94120272809376,3.5029222161090403
2011-01-04,67.7301673454675,87.79169421779407,62.195316481394784,33.86508367273375
2011-01-05,2.454833758740932,66.19584865408076,65.79826749380581,1.227416879370466
2011-01-06,89.31785093741392,94.14319226071616,54.715441598273664,44.65892546870696
2011-01-07,99.81262939958592,99.88950276243094,50.09347826086956,49.90631469979296
2011-01-08,80.75672204499317,78.82555573496958,55.546981812155614,40.37836102249658
2011-01-09,94.82037062729984,66.60536521009075,50.86009637386599,47.410185313649926
2011-01-10,99.16666666666669,100.0,50.41666666666666,49.583333333333336
2011-01-11,79.257652775879,76.10074198348264,55.41390653028589,39.6288263879395
2011-01-12,38.120549718667526,71.96148249478632,63.58964464140484,19.060274859333763
2011-01-13,51.70851989108276,58.04854377270659,53.8867609150541,25.85425994554138
2011-01-14,3.2573682275754785,63.57713139935037,63.13487423493176,1.6286841137877393
2011-01-15,4.795359771394395,61.01492680564614,60.48672143675965,2.397679885697197
2011-01-16,13.64146966912719,65.03833789765501,62.986887594605534,6.820734834563595
2011-01-17,6.79721133657722,66.23127469133739,65.12800064794682,3.39860566828861
2011-01-18,12.973317525803164,61.76779340751627,60.24112020297865,6.486658762901581
2011-01-19,93.84456065862372,68.96702557200538,51.16750375394812,46.92228032931186
2011-01-20,82.33966814746056,79.08439219551113,55.13640017902135,41.16983407373028
2011-01-21,61.21424810642964,84.94850650148842,63.55504102217561,30.60712405321481
2011-01-22,15.893836249224057,60.934206174064585,59.19621484374189,7.9469181246120275
2011-01-23,15.82803870271168,66.45740264289361,63.85251858311531,7.91401935135584
2011-01-24,57.27884525648869,49.625961795189205,49.84020655972293,28.639422628244347
2011-01-25,86.68557412233635,59.92624749101433,51.32162286462455,43.342787061168174
2011-01-26,67.2102838805438,42.34667105005279,47.49049516362415,33.6051419402719
2011-01-27,31.250272384846063,61.86208395467197,58.15515040831786,15.625136192423032
2011-01-28,22.400881926120004,63.06859225093239,60.14111233139495,11.200440963060002
2011-01-29,83.19429223696994,87.37349456997399,56.28088027826173,41.59714611848497
2011-01-30,14.76914645841896,66.14911370577661,63.76402745083386,7.38457322920948
2011-01-31,2.1799943926980467,61.72587884114832,61.470255339916726,1.0899971963490234
2011-02-01,8.285971181939185,65.24645097018136,63.98313443652365,4.142985590969593
2011-02-02,2.772505056966153,61.35392725626063,61.03913904891655,1.3862525284830765
2011-02-03,67.56317670828369,73.16203715534203,57.51302906283997,33.781588354141846
2011-02-04,28.44524031348756,71.1752492416905,65.15189870791168,14.222620156743778
2011-02-05,26.29518440986147,66.5364315773177,62.18814639925144,13.147592204930737
2011-02-06,42.895166493441295,51.69129160112329,50.96580925293187,21.447583246720647
2011-02-07,1.767178537160801,58.57697682629552,58.42540633268397,0.8835892685804005
2011-02-08,3.707565077611308,61.107947805456696,60.69611341178229,1.853782538805654
2011-02-09,2.5603003908570194,58.45095038556794,58.23458066981512,1.2801501954285095
2011-02-10,8.769277416192821,62.40735176282052,61.31931666673589,4.384638708096411
2011-02-11,43.69776653325314,46.30766680786018,47.92113394579125,21.84888326662657
2011-02-12,33.71913756362346,62.85312680007012,58.51916329312753,16.85956878181173
2011-02-13,92.9498634408758,72.74436090225564,51.60350850310908,46.4749317204379
2011-02-14,18.686404359835883,63.94316662072627,61.33769012541169,9.343202179917942
2011-02-15,68.13277698664892,77.49157657833456,58.76080201810407,34.06638849332446
2011-02-16,99.36244932103648,95.71289379668724,50.29144286477465,49.68122466051824
2011-02-17,93.89024513975596,71.93886196495747,51.34041068518622,46.94512256987798
2011-02-18,40.94518899630721,69.95935087885718,61.78332849259367,20.472594498153605
2011-02-19,16.439985552192702,61.969955556880485,60.00209659272545,8.219992776096351
2011-02-20,59.806516193077606,91.54326080231,66.6973043660276,29.903258096538803
2011-02-21,95.86034809438516,69.15612025411436,50.79299669714133,47.93017404719257
2011-02-22,89.45650372825187,65.3052805280528,51.61371168185585,44.72825186412594
2011-02-23,5.5365841514319145,68.90583955244387,67.80049044422131,2.7682920757159573
2011-02-24,7.284461545809254,67.28849926983757,66.02674983854992,3.642230772904627
2011-02-25,44.351669228009264,50.85832271145002,50.47711487051221,22.175834614004632
2011-02-26,8.609096874402997,66.46747404058077,65.04935918201224,4.304548437201499
2011-02-27,96.88495773108149,100.0,51.55752113445927,48.442478865540735
2011-02-28,94.89177614684978,65.86127214497101,50.81022928712248,47.44588807342489
2011-03-01,11.226363992952002,68.8296352416562,66.70246700661424,5.613181996476001
2011-03-02,11.362135902173687,64.94613782813295,63.24537546452965,5.681067951086844
2011-03-03,96.9777404173646,94.30704939371104,51.33907404608444,48.48887020868229
2011-03-04,32.050925714665,67.81598666251398,62.09257561489606,16.0254628573325
2011-03-05,9.871815903300227,65.6480037232192,64.10326160312144,4.935907951650114
2011-03-06,3.6623906245457833,61.5965803269642,61.164705833496,1.831195312272892
2011-03-07,19.67522399955169,66.48243465318905,63.23947871459438,9.837611999775843
2011-03-08,4.960045519865101,61.399307338497344,60.832876473373375,2.4800227599325506
2011-03-09,5.813692759978076,59.84384575028546,59.271554802597706,2.906846379989038
2011-03-10,28.547829443529004,57.55450220448565,55.39785579984144,14.273914721764502
2011-03-11,3.1042782470007,60.193236300819365,59.8765598748985,1.55213912350035
2011-03-12,73.67263099669984,84.19458149398424,59.00253364905542,36.83631549834992
2011-03-13,98.4469496982308,69.39074790027996,50.3011480687806,49.2234748491154
2011-03-14,81.8522238906436,72.5833694734199,54.09837932998498,40.9261119453218
2011-03-15,83.69501271885125,66.28849476572822,52.65583699984256,41.84750635942562
2011-03-16,99.49709936687108,100.0,50.25145031656446,49.74854968343554
2011-03-17,98.83372085078544,97.51464583703178,50.55415340722046,49.41686042539271
2011-03-18,68.0581916736426,51.80431632235298,50.54691967874815,34.0290958368213
2011-03-19,96.19799109454284,88.59352870683081,51.46732939836388,48.09899554727141
2011-03-20,3.1615879222644105,61.72691994997543,60.86376081864236,1.5807939611322053
2011-03-21,6.062166483254085,62.70076914063623,61.91898008762277,3.0310832416270426
2011-03-22,8.15428633124595,62.24863549829748,61.2414456090228,4.077143165622975
2011-03-23,4.02519537212601,59.38070044467526,59.00310892450319,2.012597686063005
2011-03-24,7.729670238391893,56.98509222833377,56.4445759614586,3.864835119195946
2011-03-25,4.360899757450909,56.57450190206534,56.28779446456458,2.1804498787254545
2011-03-26,48.291118629161225,46.422611597830624,48.15017247494809,24.145559314580613
2011-03-27,97.78728813910249,58.95012632169926,50.19804050668555,48.89364406955124
2011-03-28,96.35247972564385,60.35882586725714,50.37784027369345,48.17623986282192
2011-03-29,17.904576153375316,56.18360078515491,55.03833345436815,8.952288076687658
2011-03-30,53.47983599890445,55.4849845898583,52.5516238266369,26.739917999452224
2011-03-31,62.022088474145455,32.7000764275576,43.429850331617374,31.011044237072728
2011-04-01,29.413791242772525,50.53687881122212,50.37896239846257,14.706895621386264
2011-04-02,4.078865119794988,51.65916486428558,51.591382486278135,2.039432559897494
2011-04-03,11.495694201081225,49.101110944302654,49.20444448135261,5.747847100540612
2011-04-04,90.7265606067824,42.53232975230608,49.307490125494766,45.36328030339119
2011-04-05,17.1944256045531,47.33851982038676,47.75922826274078,8.59721280227655
2011-04-06,44.23974891665336,36.28517432776298,42.35257876951735,22.11987445832668
2011-04-07,3.2278897649895235,46.58300590761122,46.69330271018974,1.6139448824947618
2011-04-08,56.81930369639072,38.42041557393585,44.9998548157612,28.40965184819536
2011-04-09,3.909858125394557,44.03073132780083,44.26375552380636,1.9549290626972784
2011-04-10,7.078089669506429,43.48034965722509,43.94181635462498,3.539044834753214
2011-04-11,36.85507661285303,28.23312964058085,36.25532638776518,18.42753830642652
2011-04-12,94.90023964027031,9.954512224839576,47.95777608858198,47.45011982013517
2011-04-13,59.08285913366625,26.81682031737021,40.514105711963104,29.541429566833123
2011-04-14,99.46973932128289,99.53143303397113,50.262645712984245,49.73486966064144
2011-04-15,79.43422462331031,43.32742185768122,48.62773256741663,39.71711231165516
2011-04-16,37.998668489025405,47.8077354353902,48.62192762138631,18.999334244512703
2011-04-17,12.00390377607276,42.76103413123914,43.62999262850795,6.00195188803638
2011-04-18,10.048716266166076,39.04686269937829,40.14637722088861,5.024358133083038
2011-04-19,29.50167312945788,32.91246212600814,37.95357169546553,14.750836564728935
2011-04-20,12.518427161324349,39.16417853769219,40.52065295478234,6.259213580662173
2011-04-21,4.1613102197891205,37.36190868312133,37.88781886867688,2.0806551098945603
2011-04-22,11.873424345753053,38.229610952706366,39.62715919143758,5.936712172876526
2011-04-23,69.07269261055163,39.69540834444452,46.813067263458905,34.53634630527581
2011-04-24,91.94497267691644,23.67751060820368,47.87971628737503,45.97248633845823
2011-04-25,30.794076497378263,35.352383923589656,39.86034018208917,15.397038248689132
2011-04-26,56.14893877288682,35.03134722130287,43.43608690513954,28.07446938644341
2011-04-27,87.93139527897085,30.65460351250665,47.665280566208565,43.96569763948543
2011-04-28,96.15626760330032,24.47198275862069,49.01877133105802,48.07813380165016
2011-04-29,97.7696506821514,50.464252553389045,50.0103544536576,48.8848253410757
2011-04-30,92.30832951935602,27.209822029563018,48.24705460856168,46.15416475967801
2011-05-01,70.09088439662341,20.267609539656128,41.10730496556844,35.045442198311704
2011-05-02,85.94057887833775,23.877737495210305,46.32736110794554,42.97028943916887
2011-05-03,86.59839724271065,28.672993106859145,47.141839256161546,43.29919862135532
2011-05-04,23.50035490874072,28.28111516940828,33.38113877969507,11.75017745437036
2011-05-05,7.819188912002724,32.32392636931139,33.697999061605984,3.909594456001362
2011-05-06,6.36429333853879,31.205599827888687,32.39991610354981,3.182146669269395
2011-05-07,9.5972904895102,26.5104078135552,28.7647722104896,4.798645244755099
2011-05-08,13.599122985503517,27.43838552780822,30.506567227396737,6.799561492751757
2011-05-09,6.157647742846463,28.56760339283857,29.88537729972175,3.078823871423232
2011-05-10,36.20470755174946,17.13412353868917,29.03311799582601,18.10235377587473
2011-05-11,61.15573386216825,21.472323836479667,38.91863354810337,30.577866931084124
2011-05-12,92.32963018192665,21.044957472661,47.77904115717268,46.16481509096332
2011-05-13,24.08051189559521,29.299897735413627,34.280027479312686,12.040255947797608
2011-05-14,70.02717791271142,25.058447577019383,42.52389728365988,35.01358895635571
2011-05-15,99.62918026270022,55.49972082635399,50.020394050320505,49.81459013135011
2011-05-16,88.99931424404211,18.31142415910204,46.51403935120442,44.499657122021055
2011-05-17,59.46896893472415,17.971291768124246,37.01843431673188,29.73448446736208
2011-05-18,58.11934780488917,23.497939124920737,38.9002765542953,29.059673902444587
2011-05-19,26.81975475736257,24.60223130579328,31.41385058342173,13.409877378681289
2011-05-20,38.79210124227729,24.135533433954585,34.16885338470736,19.396050621138645
2011-05-21,55.33854112649296,22.11457181871383,37.54568573194661,27.66927056324648
2011-05-22,59.30691303121319,21.92238879005826,38.574353251580575,29.653456515606592
2011-05-23,37.20396013305582,21.44929547677585,32.07128820530273,18.60198006652791
2011-05-24,7.357644224778835,25.9292551164511,27.700294887236783,3.6788221123894176
2011-05-25,23.077513908494563,23.41297149380248,29.548596695175625,11.53875695424728
2011-05-26,65.88966009071987,20.22718432440317,39.844391372490485,32.944830045359936
2011-05-27,98.27410578969598,25.731765834932823,49.581155951602085,49.13705289484799
2011-05-28,68.09725009536763,26.52141393775812,42.50275736818536,34.048625047683814
2011-05-29,36.32639423565815,14.475077978078138,27.38000120367161,18.163197117829075
2011-05-30,11.048972251411104,17.017133865473824,20.66140159239769,5.524486125705551
2011-05-31,53.3986361486963,17.536660806871538,34.87164118432732,26.69931807434815
2011-06-01,88.8026889948784,19.688534595964267,46.60593094850028,44.4013444974392
2011-06-02,92.91668306179548,21.258369148905068,47.964139193608176,46.45834153089774
2011-06-03,95.70059242908349,14.227231132302654,48.46198286697575,47.85029621454174
2011-06-04,82.1845737505517,24.32771936354332,45.42637377666067,41.09228687527585
2011-06-05,57.32345384074606,16.813660461341847,35.83721648821781,28.66172692037303
2011-06-06,91.92430184834691,20.872330059745124,47.64773729701523,45.96215092417346
2011-06-07,98.95767333805424,11.104489471593167,49.5945817234625,49.47883666902712
2011-06-08,85.47709504613307,25.34839602322165,46.4198709848488,42.738547523066536
2011-06-09,98.10513017003916,46.74756750847273,49.93817699811528,49.05256508501957
2011-06-10,97.08271810238962,26.315042237523954,49.30904301473862,48.54135905119481
2011-06-11,99.73933747412008,87.84749801429706,50.09865424430642,49.86966873706004
2011-06-12,76.21356405802389,13.531908218664762,41.32554070917164,38.106782029011946
2011-06-13,99.99068309478604,71.11111111111111,50.00196690221184,49.99534154739303
2011-06-14,69.31077517579939,18.47968545216252,40.3261617686082,34.655387587899696
2011-06-15,75.73344883110316,16.136910963466498,41.78259617158051,37.86672441555158
2011-06-16,85.83512054621369,19.32737459588349,45.65525958619546,42.91756027310685
2011-06-17,83.60447502947643,13.444889602264828,44.00659774673687,41.802237514738216
2011-06-18,99.89192367575448,15.517241379310343,49.962732301984296,49.94596183787724
2011-06-19,47.22738627781328,13.473930872876393,30.724182719041256,23.61369313890664
2011-06-20,58.13119078827297,12.10681698847819,34.13457550065537,29.065595394136484
2011-06-21,10.558461867548322,13.374493240889946,17.241583405846914,5.279230933774161
2011-06-22,64.44745757089485,16.36206715573646,38.04085965326931,32.22372878544743
2011-06-23,95.64887867304466,12.53093470397868,48.36967550889399,47.82443933652233
2011-06-24,51.672910262313984,14.677099518417732,32.929470186312216,25.836455131156992
2011-06-25,62.50635016411934,9.847860591413609,34.94549744852998,31.25317508205967
2011-06-26,10.545110284347595,9.539492006906922,13.806097196385863,5.272555142173798
2011-06-27,0.9175531362539407,8.572566445879099,8.952685161724451,0.4587765681269704
2011-06-28,3.496137552952902,9.85552715159966,11.259033142287564,1.748068776476451
2011-06-29,7.79027150495769,9.564494808122344,12.714530446970876,3.895135752478845
2011-06-30,82.86543103716212,14.502865987858854,43.9177190928587,41.43271551858106
2011-07-01,55.6479487466753,11.451706459097371,32.90304109145681,27.82397437333765
2011-07-02,59.18689068657955,15.129599512095954,35.76830533084422,29.593445343289776
2011-07-03,49.82567340259384,6.307278296563612,28.077471113222064,24.91283670129692
2011-07-04,8.217275111455347,9.8441211737291,13.143840210306426,4.1086375557276735
2011-07-05,35.09483463612475,13.073385693819075,26.03271992129286,17.547417318062376
2011-07-06,36.77935828632951,14.544374698530303,27.58472616081634,18.38967914316476
2011-07-07,91.21927273631098,22.442384355907816,47.58024092991657,45.60963636815549
2011-07-08,46.31381530903538,11.582604260055028,29.37516596959437,23.15690765451769
2011-07-09,14.35853565859442,11.45549717909988,16.989923361066758,7.179267829297211
2011-07-10,27.90638313767564,12.072687706531877,22.656828788969847,13.95319156883782
2011-07-11,18.52437844414822,14.984531011880794,21.47092900123335,9.26218922207411
2011-07-12,14.348141089915654,12.872796546701212,18.19986008092056,7.174070544957827
2011-07-13,87.4039728513537,22.882331655646567,46.58425113326538,43.70198642567685
2011-07-14,79.4076444208659,21.715102525644,44.17425831212646,39.70382221043295
2011-07-15,72.39197933896288,15.37959097870807,40.44199032446617,36.19598966948144
2011-07-16,40.67174939059177,11.116278581843996,26.930968310772265,20.335874695295885
2011-07-17,89.9832619341581,13.48182156595111,46.34206971984455,44.99163096707905
2011-07-18,79.36914478960097,15.925914765821958,42.97022481106877,39.68457239480048
2011-07-19,64.73420136009288,11.567721377591214,36.44655000829325,32.36710068004644
2011-07-20,94.03046589414603,15.480692502515351,47.93935816583305,47.01523294707302
2011-07-21,64.14655839053628,8.655124958077462,35.17643936833856,32.07327919526814
2011-07-22,69.95499426804012,14.625479535230316,39.37172329870663,34.97749713402006
2011-07-23,86.23378507190517,26.089443499465624,46.70842140163289,43.11689253595259
2011-07-24,84.20280576568065,14.718342186372876,44.42648798609341,42.101402882840326
2011-07-25,93.4860091994872,11.258067592916415,47.476354087061694,46.74300459974361
2011-07-26,75.8013963284191,15.373346583510385,41.62057843153513,37.90069816420955
2011-07-27,86.26360303489382,20.32709222854212,45.92401159742271,43.13180151744691
2011-07-28,77.5908308980497,12.366919184911804,41.56645733590334,38.79541544902485
2011-07-29,80.82368055699455,13.783862636828283,43.055077809320544,40.41184027849727
2011-07-30,90.10046191768338,11.407766990291265,46.17954719638752,45.05023095884169
2011-07-31,39.90041655683708,8.841223356494591,25.26374668695141,19.95020827841854
2011-08-01,35.609833050690895,16.011192490200123,28.11455010036056,17.804916525345448
2011-08-02,9.489061705065776,11.723247122415222,15.35535182166478,4.744530852532888
2011-08-03,30.60251363784442,18.64355594890685,28.23941601598569,15.30125681892221
2011-08-04,56.70483302219457,12.592585494859293,33.80439742791952,28.352416511097285
2011-08-05,88.90014501760928,18.055581477817803,46.45421586906981,44.45007250880464
2011-08-06,68.770498260628,16.2176874361051,39.44995211025836,34.385249130314
2011-08-07,99.97018633540372,83.33333333333334,50.00993788819876,49.98509316770186
2011-08-08,68.98370334743733,20.83375107778068,40.9537097118596,34.491851673718664
2011-08-09,67.75802245998615,10.283888553171243,37.19474026754661,33.879011229993075
2011-08-10,13.88448899010386,6.290665130261004,12.359482917897544,6.942244495051931
2011-08-11,1.3289664425069885,6.439445762287336,7.018350910276593,0.6644832212534942
2011-08-12,40.93460581498383,9.222434582197364,25.91457024692204,20.46730290749192
2011-08-13,41.79265546689357,14.000891345039664,29.0458747963599,20.896327733446785
2011-08-14,9.59989702087196,9.793690128682425,13.653454472221588,4.799948510435979
2011-08-15,88.08122370081236,14.5268391044361,45.77203330660684,44.04061185040618
2011-08-16,11.571287955244896,9.379520562099607,14.079833206660105,5.785643977622447
2011-08-17,8.95121596643891,14.120148080901624,17.331831114618595,4.475607983219455
2011-08-18,4.875774398082671,11.774440752271705,13.638232783596363,2.437887199041336
2011-08-19,3.756826913093136,11.04132188607838,12.504931990447512,1.878413456546568
2011-08-20,6.641164462221226,8.992365665068023,11.715750103317156,3.320582231110613
2011-08-21,0.1079983135647958,4.556218799964238,4.605297317280353,0.0539991567823979
2011-08-22,0.0481838629750627,5.40106429620764,5.422553786275492,0.0240919314875313
2011-08-23,0.8776939867785142,6.121153326363032,6.5062753250853085,0.4388469933892571
2011-08-24,0.2706188511056328,5.340014077878156,5.460872418684539,0.1353094255528164
2011-08-25,0.4130746753449039,5.326971442394718,5.511504410075782,0.2065373376724519
2011-08-26,6.895148396848929,8.662239131501362,11.51253908731889,3.4475741984244643
2011-08-27,86.98864425075053,19.015834581196035,45.9674762722645,43.49432212537526
2011-08-28,1.890781608908937,10.132729312644214,10.88653233477468,0.9453908044544688
2011-08-29,0.4942999736234888,5.483303381902656,5.70334940154396,0.2471499868117444
2011-08-30,74.71364890153501,20.187516391292945,42.46151072353001,37.35682445076751
2011-08-31,28.96417857773072,15.440299728794535,25.450233031274976,14.48208928886536
2011-09-01,93.41935777802628,15.34128457689524,47.71923393927345,46.70967888901314
2011-09-02,74.27562745784988,10.76637924087356,39.907397234147965,37.13781372892494
2011-09-03,5.039591151019527,7.103759411650218,9.26555455646074,2.519795575509764
2011-09-04,90.55285414889124,16.45841553772634,46.83127759507617,45.276427074445614
2011-09-05,95.06493936783514,39.56445115810674,49.48499933735339,47.53246968391757
2011-09-06,21.2971576656644,10.160838385917142,18.64544744754722,10.6485788328322
2011-09-07,32.73777775933024,5.957093622049917,20.3757624308131,16.36888887966512
2011-09-08,97.19335300512502,10.203629924745462,48.88305637521354,48.59667650256251
2011-09-09,23.75994503635529,7.723030514233442,17.768015227088277,11.879972518177649
2011-09-10,2.0524674051645007,7.69981023460939,8.568007841866763,1.0262337025822503
2011-09-11,3.385662750440809,8.838153134465035,10.23175445118494,1.6928313752204045
2011-09-12,27.00977044538867,10.680901042836789,21.300899412361783,13.504885222694336
2011-09-13,0.3713480474112596,5.919312238248409,6.083005011537128,0.1856740237056298
2011-09-14,44.198482311269366,11.180773249738769,28.338282318324527,22.099241155634683
2011-09-15,25.871420239076244,15.703525326911768,24.576510416774774,12.935710119538122
2011-09-16,1.3859091277266975,6.347511457069686,6.952495280266008,0.6929545638633489
2011-09-17,57.80165543120911,14.734433811409875,35.11637415734069,28.90082771560456
2011-09-18,100.0,-1.0,50.0,50.0
2011-09-19,90.45207394749106,22.56860830892721,47.38087100616229,45.22603697374553
2011-09-20,32.38869672932198,38.13786627057682,41.97985678982631,16.19434836466099
2011-09-21,3.0575838379810767,37.75955921259808,38.13382095181133,1.5287919189905383
2011-09-22,12.168689209505535,27.49762986114888,30.235873348118247,6.084344604752768
2011-09-23,13.430790315212429,23.985608059486687,27.479546492794547,6.715395157606213
2011-09-24,10.385521903001733,19.67104089279632,22.820861583827394,5.192760951500866
2011-09-25,23.133487098468507,13.365077135819542,21.840012290138617,11.566743549234252
2011-09-26,1.2795643541325712,10.8185664305505,11.319918087943307,0.6397821770662856
2011-09-27,3.4964090933635728,11.477449054037477,12.824355028307728,1.7482045466817864
2011-09-28,2.3805122815908017,8.92494324842404,9.902740019065698,1.1902561407954009
2011-09-29,0.1607513359599077,7.122099372809252,7.191026170899023,0.0803756679799538
2011-09-30,0.1032214650801991,7.195545871864812,7.239729256535456,0.0516107325400995
2011-10-01,0.0041537812909536,6.270808712502777,6.272625127469163,0.0020768906454768
2011-10-02,0.0112152094855749,6.064162347980517,6.069089844212433,0.0056076047427874
2011-10-03,0.2733188089447526,6.745901997821618,6.864123583300969,0.1366594044723763
2011-10-04,0.0199381501965777,5.386243672010187,5.395138829755197,0.0099690750982888
2011-10-05,0.5831908932498977,6.513732527507882,6.767340479221748,0.2915954466249488
2011-10-06,15.297429839113205,13.289653008598798,18.905392583303403,7.6487149195566015
2011-10-07,62.42322956278692,30.88960745146944,42.8189316623884,31.21161478139346
2011-10-08,82.90257213540696,14.131462226423324,43.86740262807842,41.45128606770348
2011-10-09,23.98183756694753,42.51185830654917,44.28296141416404,11.990918783473765
2011-10-10,52.94221337397995,33.451292334133925,42.21254445723292,26.471106686989977
2011-10-11,14.94355712583502,27.5316726013389,30.88923994137746,7.471778562917509
2011-10-12,10.453456458463952,21.2155075279487,24.224481915304416,5.226728229231976
2011-10-13,44.0657681314533,7.021200063781896,25.960138389356963,22.03288406572665
2011-10-14,7.414337334385514,17.921612431477048,20.29997507995182,3.707168667192757
2011-10-15,5.437981139637704,16.13956644625159,17.980890436703984,2.718990569818852
2011-10-16,2.642072122214008,15.363251236150631,16.278379119281603,1.3210360611070038
2011-10-17,2.068575961656273,14.165843190309982,14.907099944137444,1.0342879808281364
2011-10-18,1.4756246741891337,13.764529307357302,14.299228853706508,0.7378123370945667
2011-10-19,99.03869247269084,39.50032306698256,49.89906581529976,49.51934623634542
2011-10-20,77.87856744652586,39.88345621644916,47.76207559017912,38.93928372326293
2011-10-21,24.47935589821099,50.21814133139063,50.16474173851842,12.239677949105497
2011-10-22,12.447907906785522,38.612356219613424,40.029879630148734,6.223953953392761
2011-10-23,24.0946117955352,30.460509038385787,35.16847353241042,12.0473058977676
2011-10-24,68.28636706666778,42.11094041120518,47.498092600117765,34.14318353333389
2011-10-25,95.28634169674304,97.14900720435776,52.22244309299142,47.643170848371525
2011-10-26,99.43374272250702,76.672760511883,50.15103644750681,49.71687136125351
2011-10-27,30.495723870576786,37.12326149399547,41.05011611232285,15.247861935288393
2011-10-28,39.09665984550696,24.07540560157845,34.21105608985668,19.54832992275348
2011-10-29,3.205997487202384,25.396644904386857,26.18542785051969,1.602998743601192
2011-10-30,3.849285138693893,22.15449349617028,23.22634643981624,1.9246425693469469
2011-10-31,9.120202638873028,20.43895841614921,23.134985310757923,4.560101319436514
2011-11-01,11.842036968215972,22.52678283355196,25.780171366761,5.921018484107986
2011-11-02,28.885555043720405,23.243531873050514,30.97228620161602,14.442777521860204
2011-11-03,60.361140876861,29.82702906204574,42.003664468952536,30.1805704384305
2011-11-04,88.95623425692695,26.94976929136812,47.4543865173008,44.478117128463474
2011-11-05,94.8572138582286,43.63372795361198,49.67259624345089,47.428606929114295
2011-11-06,80.95166062977115,24.914876257818875,45.22170049814749,40.47583031488558
2011-11-07,83.62770543043504,34.422205915842206,47.44955766510142,41.81385271521752
2011-11-08,83.81802476245322,32.089915256406975,47.10179452176813,41.90901238122661
2011-11-09,24.198797106081297,28.192224817174505,33.4694440870168,12.099398553040649
2011-11-10,3.442159916926272,20.3221587951631,21.343717549325024,1.721079958463136
2011-11-11,47.45833039422746,29.22599445615864,39.08499064327,23.72916519711373
2011-11-12,4.628471977038326,19.039789900960777,20.472774549427,2.314235988519163
2011-11-13,3.333167183807067,17.729054990385546,18.80469953935044,1.6665835919035334
2011-11-14,9.038053431785809,17.590512715153174,20.51969949292545,4.519026715892903
2011-11-15,3.576086595334618,16.364948253766546,17.56776683059746,1.788043297667309
2011-11-16,11.970882031115366,15.744907682582811,19.845544373550485,5.985441015557683
2011-11-17,3.5980934777416644,15.087035201861346,16.34323631114942,1.7990467388708322
2011-11-18,12.194681409847842,15.774204302829538,19.94793104808489,6.097340704923921
2011-11-19,3.74268690069969,15.770327825700464,17.05143728232042,1.871343450349845
2011-11-20,12.875019721491029,14.25987876708412,18.86142642430684,6.4375098607455135
2011-11-21,2.786661903852065,15.136619026255635,16.10814358224578,1.3933309519260324
2011-11-22,5.81062110098602,15.321727166895968,17.336750205593813,2.90531055049301
2011-11-23,9.753651415922956,16.798774104334584,20.03710594401093,4.876825707961478
2011-11-24,3.6042060839929135,13.77776915966984,15.083293007374978,1.8021030419964568
2011-11-25,11.015502684834114,14.619735663082436,18.517049631017,5.507751342417057
2011-11-26,27.32862267096217,11.948927418663772,22.34776146667109,13.664311335481086
2011-11-27,2.6702139369508013,14.093120518948446,15.051911019175613,1.335106968475401
2011-11-28,11.773425708122517,17.01411685527576,20.89768530148797,5.886712854061258
2011-11-29,28.29850882506701,14.942119683936731,24.862977039059324,14.149254412533503
2011-11-30,8.30943595259701,17.080014584753496,19.81547968843768,4.154717976298505
2011-12-01,5.268120456905503,14.53914858353028,16.407268951194183,2.634060228452752
2011-12-02,40.35925609341157,17.841762156220213,30.82058772271969,20.179628046705783
2011-12-03,84.19125110303713,58.77905605492807,51.38785892724719,42.095625551518566
2011-12-04,90.84156006602096,44.276863241678726,49.47584995764967,45.42078003301048
2011-12-05,62.60978071839134,46.89968678105164,48.84078608901851,31.30489035919567
2011-12-06,51.25013477983196,18.46834393143489,34.628360164887575,25.62506738991598
2011-12-07,99.76004140786748,29.93960310612597,49.95186335403727,49.88002070393375
2011-12-08,6.070158825093035,52.07934451455431,51.953125,3.035079412546517
2011-12-09,49.86525313752887,78.03078856944381,64.05316489284515,24.93262656876444
2011-12-10,42.76714817918572,51.21975970860591,50.69810326659642,21.38357408959286
2011-12-11,44.178531129696005,71.68979124709239,62.1075600690296,22.089265564848
2011-12-12,94.07821159629196,99.26555450634773,52.91740189377936,47.03910579814598
2011-12-13,64.30604709214211,77.59506978851437,59.84977121520284,32.153023546071054
2011-12-14,81.38081642293874,84.703552034185,56.46151806100588,40.69040821146937
2011-12-15,99.55201468777064,88.78071395456652,50.17373190249413,49.77600734388532
2011-12-16,100.0,-1.0,50.0,50.0
2011-12-17,64.55778590320789,58.733463558419984,53.095332852440535,32.27889295160394
2011-12-18,75.28437998014677,71.79594677309811,55.38700338416839,37.64218999007338
2011-12-19,17.350785775083562,64.30937949778078,61.82658971537711,8.675392887541781
2011-12-20,74.60484873601327,57.13912710004324,51.812992125984245,37.30242436800663
2011-12-21,59.63636212927504,60.82235524843158,54.368296281560326,29.81818106463752
2011-12-22,93.72176596692178,68.02810860743624,51.13184685011236,46.86088298346089
2011-12-23,13.546162453472174,60.28157109273885,58.88881276974721,6.773081226736087
2011-12-24,92.62603149622603,50.97444538051109,50.07185529544537,46.313015748113024
2011-12-25,27.17520116057772,58.55066103148842,56.22700169562231,13.58760058028886
2011-12-26,35.00754057076001,60.35486527376142,56.729881612001854,17.503770285380003
2011-12-27,9.871302570833429,62.651704552000645,61.40281651530476,4.935651285416714
2011-12-28,3.4250515564545774,58.1952565379049,57.91456477629795,1.712525778227289
2011-12-29,99.10822064447468,80.61295565358718,50.27300001863482,49.554110322237335
2011-12-30,81.29534558985004,61.70528554339639,52.189433208613536,40.64767279492502
2011-12-31,75.53599854082377,38.57832754384479,47.20580188366386,37.767999270411885
2012-01-01,65.18328353009242,58.04153737112635,52.79979926632672,32.59164176504621
2012-01-02,97.8317044889846,91.45339954163484,50.89883220142455,48.9158522444923
2012-01-03,22.39746063359681,86.7579908675799,78.52513433331258,11.198730316798407
2012-01-04,97.00853108046547,93.21658475808128,51.29281070112229,48.50426554023274
2012-01-05,94.01035140514422,42.90110650069156,49.57480122526837,47.00517570257211
2012-01-06,82.83349218847125,39.07953022969499,48.12533670382496,41.41674609423563
2012-01-07,68.10328385438262,43.38509135105975,47.89006136495564,34.05164192719131
2012-01-08,80.5109351393808,28.27839217354317,45.76666176193249,40.2554675696904
2012-01-09,28.661107836870897,59.12352915509141,56.50862462542231,14.330553918435449
2012-01-10,76.420194264915,48.80930404282813,49.71923620640336,38.2100971324575
2012-01-11,3.609131532609057,64.91556495757244,64.3772425994219,1.8045657663045285
2012-01-12,10.10779348338452,67.31455579092292,65.56443624901105,5.05389674169226
2012-01-13,34.09380039140568,51.941455611501056,51.27953961062813,17.04690019570284
2012-01-14,19.55330918601393,55.1034151778803,54.10552862910341,9.776654593006963
2012-01-15,4.254294062553864,60.61759564121585,60.16526248242607,2.127147031276932
2012-01-16,2.3923603971829173,59.57886852833786,59.34970747116769,1.1961801985914586
2012-01-17,29.36408434040045,56.57058393109549,54.64119212391181,14.682042170200225
2012-01-18,3.053008670370178,60.72931126077494,60.40174445771248,1.526504335185089
2012-01-19,99.37018633540372,53.122945430637735,50.01966873706005,49.685093167701865
2012-01-20,96.83398450845078,49.571643450395655,49.98643816528046,48.41699225422539
2012-01-21,77.79387442953605,36.9079285080965,47.092758164733,38.89693721476802
2012-01-22,49.34980655915807,51.18197261507604,50.59867141595379,24.67490327957904
2012-01-23,38.61344232704337,53.70867328660173,52.2766268659813,19.306721163521686
2012-01-24,70.29222259998508,40.69029043558359,47.23429220601528,35.14611129999254
2012-01-25,18.542600896860986,57.76043551618149,56.32120910147817,9.271300448430493
2012-01-26,9.665280829342649,63.36242172341815,62.070906138248695,4.832640414671324
2012-01-27,28.71075872518395,60.33720754189618,57.36931682562086,14.355379362591975
2012-01-28,95.34863494798223,95.29872673849168,52.10700914452323,47.67431747399112
2012-01-29,57.4964129019416,71.58223896032938,59.1732257342147,28.7482064509708
2012-01-30,20.098518486227963,66.27671044256525,63.00533278531647,10.049259243113982
2012-01-31,87.87347204215114,94.10428515311438,55.34831846970181,43.93673602107557
2012-02-01,98.15518098235732,100.0,50.92240950882133,49.07759049117866
2012-02-02,97.39239190529536,100.0,51.30380404735232,48.69619595264768
2012-02-03,25.14258436760616,74.04400674296868,67.99780000830185,12.57129218380308
2012-02-04,90.81469483120746,99.9819596346826,54.5909955217883,45.40734741560373
2012-02-05,18.88831906584086,79.0558788068061,73.566070290326,9.44415953292043
2012-02-06,20.02743911298189,78.7676192503043,73.00620182069515,10.013719556490948
2012-02-07,93.3698510986394,99.8813056379822,53.30720483774101,46.68492554931969
2012-02-08,21.850684189443577,79.40281304112267,72.97809722069442,10.925342094721788
2012-02-09,44.340295783120034,63.25794418296123,57.37933251747527,22.170147891560017
2012-02-10,67.17166169616155,88.80246968137827,62.7382060172472,33.585830848080775
2012-02-11,79.53326608100522,98.55574110621932,59.93777433460588,39.76663304050261
2012-02-12,70.84834066257444,93.50731520054596,62.68252297209362,35.42417033128722
2012-02-13,88.1821194110216,83.17532638219575,53.92062045685174,44.0910597055108
2012-02-14,69.4249966310421,65.90428273074942,54.86259834765572,34.71249831552105
2012-02-15,85.63653239741268,49.65165087195465,49.94996498584931,42.81826619870634
2012-02-16,35.40955171111655,57.91264178764058,55.1094890510949,17.704775855558275
2012-02-17,37.22254385036614,55.952243226358775,53.73597026910938,18.61127192518307
2012-02-18,20.33181839887553,70.78815076579077,66.56154170360574,10.165909199437763
2012-02-19,98.1306688755436,100.0,50.93466556222821,49.0653344377718
2012-02-20,96.05918267597816,95.80092495270128,51.80493078509829,48.02959133798908
2012-02-21,2.376889929509054,75.9837394223283,75.33159389244526,1.188444964754527
2012-02-22,4.163023726701625,68.96586843605019,68.1763148330824,2.0815118633508125
2012-02-23,99.8120082815735,83.70044052863436,50.06335403726708,49.90600414078675
2012-02-24,12.01748193671622,64.30471093239318,62.58564487999335,6.00874096835811
2012-02-25,58.90985324947589,52.51367609358283,51.03287319568602,29.454926624737947
2012-02-26,58.75370673744893,34.10021015374405,43.441926051883954,29.376853368724465
2012-02-27,17.219637127403896,58.80438407550519,57.28256493061753,8.609818563701948
2012-02-28,34.570854721780734,48.88961473452548,49.27348441150474,17.285427360890367
2012-02-29,62.277561629808666,59.34379928236633,53.524708925725015,31.138780814904333
2012-03-01,2.855689157477208,58.45290827931795,58.21018420451478,1.427844578738604
2012-03-02,1.579205329921829,55.88747932070631,55.79450393347566,0.7896026649609145
2012-03-03,3.204455917444244,55.05710307303144,54.89505043435642,1.602227958722122
2012-03-04,83.76147682060225,85.17786309197352,55.712365452206924,41.88073841030113
2012-03-05,97.9522240834184,100.0,51.0238879582908,48.9761120417092
2012-03-06,63.08366938618952,65.65767223411368,55.77288701367363,31.54183469309476
2012-03-07,9.45401314355125,69.91336332824245,68.0307513418673,4.727006571775625
2012-03-08,56.31315958615828,42.43590595426803,46.695486305488174,28.15657979307914
2012-03-09,28.141510647746564,54.96494045074913,53.56681870815919,14.070755323873282
2012-03-10,8.77162748302088,61.13665436038439,60.155599527429246,4.38581374151044
2012-03-11,59.80084693943118,32.358795078839634,42.90838503201415,29.90042346971559
2012-03-12,40.5915216065896,56.85952721812912,54.065000186639125,20.2957608032948
2012-03-13,2.216642888737984,54.60430600364037,54.49838953854205,1.108321444368992
2012-03-14,3.954926629091679,54.06236418243502,53.90113929465906,1.97746331454584
2012-03-15,3.55552694317304,52.42871477728347,52.34138125815107,1.7777634715865198
2012-03-16,5.924512157638088,51.9079166675865,51.79488191265773,2.962256078819044
2012-03-17,12.051186766510202,51.17010277642704,51.0290915054797,6.025593383255101
2012-03-18,84.49503695356776,79.03891627590076,54.502473237662805,42.24751847678388
2012-03-19,98.15645014670956,89.39683252836123,50.72630024827769,49.07822507335477
2012-03-20,8.15970172440578,60.57886511316526,59.559939930609495,4.07985086220289
2012-03-21,20.06244278327081,59.25816278037037,57.40013410251993,10.031221391635407
2012-03-22,10.26677243974465,51.35063203839905,51.2117524411568,5.133386219872325
2012-03-23,14.061429336744228,52.357595892479615,52.02608421201261,7.030714668372114
2012-03-24,39.061903259552,56.40659699987738,53.903824120352695,19.530951629776
2012-03-25,73.2255991375736,44.15674918117833,48.43550460237167,36.6127995687868
2012-03-26,3.9607579269153774,47.20468286438376,47.31539860941511,1.9803789634576887
2012-03-27,5.618460567141985,47.29705643537558,47.44892025370611,2.8092302835709924
2012-03-28,2.9607415145555254,46.395146015473685,46.50187642393266,1.480370757277763
2012-03-29,38.97578988859615,36.011626523431524,41.463705578490966,19.48789494429808
2012-03-30,71.35817875770114,20.9434959143645,41.67768804053102,35.67908937885057
2012-03-31,3.803216061622149,44.28273799885575,44.48712225809465,1.9016080308110743
2012-04-01,24.5028935197193,41.444155244490005,43.53963883396032,12.25144675985965
2012-04-02,15.740164084167873,42.47408659401633,43.65761961702622,7.870082042083935
2012-04-03,63.54868276983311,36.16343435147943,44.95638956169747,31.77434138491656
2012-04-04,96.25703772573009,57.772737331267976,50.29093062598745,48.12851886286504
2012-04-05,99.2970898068705,61.620029455081,50.081678371484415,49.64854490343525
2012-04-06,78.776127755267,43.152866242038215,48.54337440542193,39.3880638776335
2012-04-07,97.2344963246713,65.82752678504534,50.43648410808572,48.61724816233565
2012-04-08,81.9948742067348,33.47640472710954,47.02490588554605,40.9974371033674
2012-04-09,52.678064566922615,38.37606500300371,44.47118273242973,26.339032283461307
2012-04-10,28.007236829820386,44.79184979177774,46.25004408905782,14.003618414910193
2012-04-11,98.69885974229804,97.66072565245068,50.62013288857693,49.34942987114901
2012-04-12,24.078352711531807,69.50019838826637,64.66906485255508,12.039176355765903
2012-04-13,99.79543835820648,100.0,50.10228082089676,49.89771917910324
2012-04-14,99.84678835260212,55.54054054054054,50.00848875343691,49.92339417630106
2012-04-15,99.60061863738284,100.0,50.19969068130858,49.80030931869142
2012-04-16,99.51527273931984,81.33276377616403,50.15187844754758,49.75763636965993
2012-04-17,39.40385193789606,47.61816649190978,48.52736493844574,19.70192596894803
2012-04-18,91.43176149875298,39.9545476524346,49.13919891951909,45.71588074937649
2012-04-19,96.36310151454572,55.54922515952598,50.20135938299508,48.18155075727287
2012-04-20,96.3180425854474,35.34705816177298,49.46048492153732,48.15902129272369
2012-04-21,46.60997972208054,55.39386823628206,52.84751336310746,23.30498986104027
2012-04-22,99.09157924816638,80.46501025757921,50.27675047522809,49.54578962408319
2012-04-23,94.14075686377652,55.2183908045977,50.30381414112964,47.070378431888265
2012-04-24,99.4297262934694,73.27523602033406,50.13273255115691,49.71486314673469
2012-04-25,29.37203407832405,67.39382796801434,61.859458879771,14.686017039162024
2012-04-26,32.47600234062774,58.01231126668367,55.4078253327302,16.23800117031387
2012-04-27,20.20559673070896,50.37745960063682,50.29585921625846,10.10279836535448
2012-04-28,3.557135766368785,49.474244098032,49.49253495766452,1.7785678831843923
2012-04-29,92.31693224038736,64.90107283411504,51.144859522754295,46.15846612019368
2012-04-30,66.01178170870025,50.99624197759828,50.338604898055664,33.00589085435013
2012-05-01,96.89095031525328,46.98634698634699,49.90630403047966,48.445475157626646
2012-05-02,53.21539708635413,39.10236799985813,44.8921013950422,26.607698543177065
2012-05-03,59.44584539580102,27.473319799342395,40.86449528423184,29.72292269790051
2012-05-04,51.41916915152596,39.142833967306615,44.72176487908862,25.70958457576297
2012-05-05,93.28303809212188,30.04162170494836,48.659403332491166,46.64151904606094
2012-05-06,99.21922556120104,48.92601431980907,49.99161459433271,49.60961278060052
2012-05-07,61.574428292102354,27.88680080548072,41.49773058556905,30.787214146051177
2012-05-08,61.243139117037806,34.372157722968275,43.94313890968206,30.621569558518903
2012-05-09,77.44863336670377,14.176209996139775,41.92124577428735,38.72431668335189
2012-05-10,36.81609483955161,29.948906883122856,37.33093634139915,18.408047419775805
2012-05-11,27.32114366806157,30.462993888218048,35.80072739645597,13.660571834030783
2012-05-12,95.45304907212056,21.597377168617093,48.70854667762634,47.72652453606028
2012-05-13,61.20390522977427,25.03646554073188,40.31507161660759,30.601952614887136
2012-05-14,5.265911506776508,29.42686356472582,30.504667153866592,2.632955753388254
2012-05-15,8.763427128561965,28.69017758375024,30.55550364320852,4.381713564280982
2012-05-16,87.02233142662989,22.85956304240119,46.47439416760068,43.51116571331495
2012-05-17,15.211478674123722,42.302933487525394,43.34391727141384,7.605739337061861
2012-05-18,63.02407435813458,24.00605449041372,40.388498036988366,31.51203717906729
2012-05-19,26.402703947614125,24.71110284146813,31.388055489851897,13.201351973807062
2012-05-20,93.42570657035884,23.479383878791698,48.256456876843046,46.71285328517942
2012-05-21,95.89773746099516,64.47913509144185,50.59156895184418,47.94886873049759
2012-05-22,80.61224066734108,28.91878020615029,45.91276389326523,40.30612033367054
2012-05-23,39.24526579210571,18.46117589196057,30.838441394594103,19.622632896052856
2012-05-24,85.81785641786222,23.36342126018754,46.22236215775061,42.90892820893111
2012-05-25,20.859365594656413,24.905568321319528,30.1374710964062,10.429682797328208
2012-05-26,44.14474775970793,26.497119958999804,36.87240706936608,22.072373879853966
2012-05-27,68.82733894950626,20.896961155173216,40.927808345508616,34.41366947475313
2012-05-28,91.02832267470755,23.247385794418413,47.59984177739487,45.51416133735378
2012-05-29,70.15161754401967,15.886046059393838,39.8175365569509,35.07580877200984
2012-05-30,74.43921368648205,21.6323617666618,42.74900860898461,37.219606843241024
2012-05-31,76.43715670369242,18.234657896819463,42.51518221769155,38.21857835184621
2012-06-01,74.91690221400684,17.49392772756564,41.846470105519685,37.45845110700342
2012-06-02,33.82110683712805,28.424035890185063,35.72126576290597,16.910553418564024
2012-06-03,81.74416845734794,23.26988342924598,45.120194947688624,40.87208422867397
2012-06-04,99.95424430641822,93.21266968325791,50.01977225672878,49.97712215320911
2012-06-05,16.729302657244666,21.512516613594595,26.247727588372715,8.364651328622333
2012-06-06,99.86210066651344,21.77177177177177,49.96107346141821,49.93105033325672
2012-06-07,63.14643688694365,27.926250168789668,41.86416817155522,31.573218443471823
2012-06-08,96.2827819287288,25.649025069637883,49.09482115935786,48.141390964364405
2012-06-09,94.80609848531915,21.95773524720893,48.54351238625397,47.40304924265958
2012-06-10,97.16238771106592,34.6007882061013,49.56295842255015,48.58119385553296
2012-06-11,97.2302117306,39.0625,49.697054408034376,48.6151058653
2012-06-12,98.74435841165996,20.88279551914396,49.630760631029766,49.37217920582999
2012-06-13,75.66904225901004,23.45318224418505,43.5407105218426,37.83452112950502
2012-06-14,59.294075692800185,16.153250616302998,36.22236781542468,29.64703784640009
2012-06-15,9.354053672433698,18.32523938241627,21.288113491199947,4.677026836216849
2012-06-16,1.6394804504313656,17.684792408767755,18.21455719074381,0.8197402252156828
2012-06-17,7.578164750838499,16.96511431942026,19.468552381545745,3.7890823754192495
2012-06-18,5.585109696388304,15.373297793729549,17.30723709619146,2.792554848194152
2012-06-19,11.71463576709029,16.750676824721804,20.64571392972838,5.857317883545145
2012-06-20,58.61841627880459,20.99978958126672,37.99925364624905,29.30920813940229
2012-06-21,35.50111321604276,15.96556472056723,28.048168121559456,17.75055660802138
2012-06-22,25.47868266530508,17.26952932427577,25.60882208260428,12.73934133265254
2012-06-23,83.01701448614594,23.15492751500952,45.44090522869044,41.50850724307297
2012-06-24,64.21244023900252,11.82270575899245,36.337278008367576,32.10622011950126
2012-06-25,71.32908152161522,13.924352616283272,39.65678054806502,35.66454076080761
2012-06-26,63.99015819846113,11.431992309596312,36.11172144468029,31.99507909923057
2012-06-27,42.02576724803467,18.14605333810632,31.53291882154686,21.01288362401733
2012-06-28,6.606800562386947,13.6902776480634,16.089188588612288,3.3034002811934733
2012-06-29,14.05237850048168,13.634969139903133,18.74512091818092,7.02618925024084
2012-06-30,1.7188346981966358,12.57256246130178,13.2158782443628,0.8594173490983179
2012-07-01,13.340516033405784,9.853874715534795,15.209574995900049,6.670258016702892
2012-07-02,56.22946095170563,15.7646925077329,35.01502136579358,28.114730475852816
2012-07-03,71.33573034639257,16.957301291227463,40.528551741288375,35.66786517319628
2012-07-04,32.75262987471252,19.372551924661785,29.40384663284708,16.37631493735626
2012-07-05,43.67379456144464,13.461070962894208,29.41900776551184,21.83689728072232
2012-07-06,67.48175076582534,10.092035488476442,37.02262863585679,33.74087538291267
2012-07-07,50.37549685910362,14.512777849776132,32.389612221696666,25.18774842955181
2012-07-08,59.56305908406634,15.7349291325662,36.14425353853299,29.78152954203317
2012-07-09,27.402174386909667,16.52116224338939,25.695091748166387,13.701087193454834
2012-07-10,35.97393433777445,12.88944495585318,26.239571659818207,17.986967168887226
2012-07-11,46.05215103297725,18.24378122848384,32.868203059505134,23.026075516488625
2012-07-12,52.64472185984,11.420224856891334,31.730440175132586,26.32236092992
2012-07-13,93.77475350070428,23.538415466010047,48.35270113513961,46.88737675035215
2012-07-14,92.61192514986185,19.49140662236801,47.745961912100384,46.30596257493092
2012-07-15,71.30605137135395,12.892038927541885,39.35226071273089,35.65302568567697
2012-07-16,18.733653822203404,8.623032556999014,16.374199815677386,9.366826911101702
2012-07-17,55.02596239185793,9.384870043941149,31.73373617896632,27.512981195928965
2012-07-18,1.3649325322073818,6.9376333127683365,7.525405564820796,0.6824662661036909
2012-07-19,30.05850040570519,8.101901303140355,20.69584146991868,15.029250202852594
2012-07-20,78.83284307933408,23.311886084750903,44.350885048393145,39.41642153966704
2012-07-21,78.00702597954383,11.685435612307405,41.57348780816382,39.00351298977191
2012-07-22,66.66708143060377,11.43207326481348,37.14418438745588,33.333540715301886
2012-07-23,19.33851905826571,9.187749324411271,17.080196052787276,9.669259529132855
2012-07-24,42.33758366147858,12.964228917656708,28.644279484317494,21.16879183073929
2012-07-25,78.85348338359188,15.602795174110335,42.72618936591331,39.42674169179594
2012-07-26,19.66552906691909,10.676204406725349,18.40877197352797,9.832764533459548
2012-07-27,2.8911373897729207,7.725654159136841,8.94786357802395,1.4455686948864603
2012-07-28,54.9432591167004,11.500046027800792,32.65317549855659,27.4716295583502
2012-07-29,54.76070466269656,17.550664832645577,35.32014942864907,27.38035233134828
2012-07-30,73.55563939074847,15.75387027238879,40.9438299601184,36.77781969537424
2012-07-31,46.96264153839453,13.310911224090733,30.54107646962434,23.481320769197264
2012-08-01,3.1094754681243457,9.62994401145493,10.885240998886802,1.5547377340621729
2012-08-02,45.864176394293125,13.742251798809354,30.37156939040208,22.93208819714656
2012-08-03,61.81995047020124,15.856778882979592,36.96410126645289,30.909975235100617
2012-08-04,45.71953759719836,14.887973275644605,30.941029535024605,22.85976879859918
2012-08-05,30.36738200631292,11.94022733639707,23.497983891887632,15.18369100315646
2012-08-06,31.01797674476508,10.81353413763336,22.968383005917552,15.50898837238254
2012-08-07,16.17025163643611,10.606814810412162,16.976791983175797,8.085125818218055
2012-08-08,15.90016196685909,11.83408722790661,17.902529174799618,7.950080983429545
2012-08-09,83.70824798424262,12.809560132214596,43.94102576317104,41.85412399212131
2012-08-10,48.64428121285543,14.34866906329523,31.691002740271625,24.32214060642772
2012-08-11,45.514888813729534,12.471390216501325,29.55249523279917,22.757444406864767
2012-08-12,21.431788698043693,12.573113319701363,20.594364589279227,10.715894349021848
2012-08-13,34.00114969006099,13.91701359628712,26.18564381605789,17.000574845030496
2012-08-14,45.381766115728205,15.465715327801584,31.137983627478445,22.690883057864102
2012-08-15,15.258879348830447,13.65787081392471,19.203272459224035,7.629439674415224
2012-08-16,58.4321379974113,19.574145321536747,37.35262271414822,29.21606899870565
2012-08-17,0.3586790144738509,5.608197397876447,5.767421477956921,0.1793395072369254
2012-08-18,0.0290764690366758,4.659820629106947,4.673003952322898,0.0145382345183379
2012-08-19,0.0,3.968522645377153,3.968522645377153,0.0
2012-08-20,0.0080998735173596,4.67525184338976,4.678923090662508,0.0040499367586798
2012-08-21,0.2575344400391286,5.983979144152304,6.097335556990918,0.1287672200195643
2012-08-22,5.261431258798467,6.766050521830989,9.04077505408851,2.630715629399233
2012-08-23,1.293808823651573,6.627897680172692,7.189049766989808,0.6469044118257865
2012-08-24,30.50518215363415,10.667208189740128,22.6657479775696,15.252591076817074
2012-08-25,66.235874344638,19.98317645686357,39.865081981147135,33.117937172319
2012-08-26,86.84661986888888,17.637514964400477,45.743239323393645,43.42330993444444
2012-08-27,0.2031199051276353,4.785530404090645,4.87736999183782,0.1015599525638176
2012-08-28,0.0031153359682152,3.936038083053291,3.9374731302272745,0.0015576679841076
2012-08-29,28.32732692834664,10.207586900041418,21.47971385154492,14.163663464173318
2012-08-30,93.07757310147426,21.443317475989588,48.0231845276313,46.53878655073713
2012-08-31,99.9511380082113,100.0,50.02443099589436,49.97556900410565
2012-09-01,99.69292951044724,90.62710721510452,50.12475385701654,49.846464755223614
2012-09-02,53.02336101462086,12.54930715986342,32.40692322696581,26.51168050731043
2012-09-03,98.65316170548446,18.35511145272867,49.57379452278859,49.32658085274223
2012-09-04,88.20513989353877,19.225634178905207,46.37020660275125,44.102569946769385
2012-09-05,62.32326101696321,16.382968185045154,37.33419866923503,31.161630508481604
2012-09-06,41.84475166325646,12.87066178517139,28.407341155377,20.92237583162823
2012-09-07,1.1709412182523942,5.552952054722552,6.073400859410209,0.5854706091261971
2012-09-08,0.0299072252948665,4.154608440931141,4.168319525472025,0.0149536126474332
2012-09-09,0.7366639321280595,5.7179860570606005,6.044195682198153,0.3683319660640297
2012-09-10,17.259076102865613,8.536573126179292,15.69277752518804,8.629538051432807
2012-09-11,31.64224942934219,11.292408383320788,23.54036107076157,15.821124714671097
2012-09-12,99.99296066252587,100.0,50.00351966873706,49.99648033126294
2012-09-13,87.55388634202627,12.604650388642,45.34573228457375,43.77694317101314
2012-09-14,3.875960943437758,18.78606410580461,19.995826047952686,1.937980471718879
2012-09-15,16.101161871033767,7.791221298495646,14.587325081011288,8.050580935516884
2012-09-16,7.244540895262026,10.739281316467032,13.583540137269356,3.622270447631013
2012-09-17,35.65193213108155,8.18671963677639,23.09396197365172,17.825966065540776
2012-09-18,0.2066484732935405,7.45995309043307,7.547861447910047,0.1033242366467702
2012-09-19,98.5981018161942,55.6343228474376,50.07898746966798,49.2990509080971
2012-09-20,2.770653214568307,7.938355725484332,9.103738024676488,1.3853266072841537
2012-09-21,10.200747013916716,7.828557820581293,12.13035994942396,5.100373506958357
2012-09-22,36.28205101602525,8.16904068726105,23.34617068560176,18.141025508012625
2012-09-23,60.61590582068944,15.602642731173171,36.45291241805131,30.30795291034472
2012-09-24,98.99624211932048,88.8407590759076,50.38986718014017,49.49812105966024
2012-09-25,55.54573886496935,12.040345982663544,33.125316277179095,27.77286943248468
2012-09-26,84.4544414697423,20.107703176443927,45.35307550125573,42.22722073487115
2012-09-27,47.16347670191398,15.214778859068309,31.62069852758088,23.58173835095699
2012-09-28,19.615295201879725,9.233327566484451,17.22983070830185,9.807647600939864
2012-09-29,99.96956496534132,100.0,50.01521751732933,49.98478248267067
2012-09-30,81.497334623377,23.059782547840594,45.015341713092354,40.7486673116885
2012-10-01,96.87524593355342,28.625397667020145,49.33209624441343,48.43762296677671
2012-10-02,43.665744704249256,17.951079009499114,31.94547902967778,21.832872352124628
2012-10-03,40.7350930588145,14.92398332288972,29.212231357635886,20.36754652940725
2012-10-04,85.7107341449064,17.97831003885635,45.42433559015837,42.8553670724532
2012-10-05,20.49720511527213,9.999921675721824,18.198819776118626,10.248602557636064
2012-10-06,8.16238393435543,8.432283094286387,11.8251997408767,4.081191967177715
2012-10-07,74.3198234141994,31.8483006868276,45.338611563053774,37.1599117070997
2012-10-08,24.58883404601407,9.481413820710982,19.44446173412756,12.294417023007036
2012-10-09,59.97333836435219,11.146505063061664,34.44824304796814,29.98666918217609
2012-10-10,92.4690585857247,18.166817919313587,47.60266170720392,46.23452929286235
2012-10-11,56.62296142411086,18.79244994431619,36.46308897375612,28.31148071205543
2012-10-12,52.07182549556274,13.230484364995586,32.37704238201874,26.03591274778137
2012-10-13,91.88669670136191,33.43970997472491,48.65641344311532,45.94334835068096
2012-10-14,77.75132160005305,17.521865074560136,42.77404421013804,38.87566080002652
2012-10-15,99.82898302873954,100.0,50.08550848563023,49.91449151436977
2012-10-16,27.27850190251406,66.08983600005709,61.69843750973053,13.63925095125703
2012-10-17,95.48383221875434,36.37989544162157,49.38489322616254,47.74191610937717
2012-10-18,7.357790773013473,40.85534382544333,41.52818849367867,3.6788953865067366
2012-10-19,28.009388482714108,29.371661492249903,35.149532962414945,14.004694241357054
2012-10-20,2.489293917782273,23.600473679278235,24.257635482303293,1.2446469588911364
2012-10-21,1.8299369459928725,18.99293603931616,19.56034575860035,0.914968472996436
2012-10-22,0.3703080639098134,14.52821299623938,14.65956788392722,0.1851540319549067
2012-10-23,1.395156617648586,11.930160802855909,12.46129468374304,0.697578308824293
2012-10-24,2.9513820392008654,10.702288181650896,11.862113790074568,1.4756910196004327
2012-10-25,1.136266872140381,9.804881328017007,10.261605145704262,0.5681334360701905
2012-10-26,99.0653992757569,96.21178555604784,50.43189568249249,49.53269963787845
2012-10-27,95.86782506429024,94.90404369394196,51.85551363864123,47.93391253214512
2012-10-28,95.20462145290033,99.84887737478412,52.39044237160043,47.60231072645016
2012-10-29,54.73113953034973,67.16820687158952,57.77171230291239,27.365569765174865
2012-10-30,55.05426205472037,60.85443899467994,54.878607705979086,27.527131027360184
2012-10-31,67.0092346207091,80.26019058866393,59.98306848043239,33.50461731035455
2012-11-01,87.27885041568459,70.42819928362097,52.59870178825148,43.63942520784229
2012-11-02,57.19835399823288,65.83350697557218,56.77700160534951,28.59917699911644
2012-11-03,86.10884432643357,58.03724522506673,51.11646624608031,43.05442216321679
2012-11-04,99.53933747412007,31.41573033707865,49.91438923395445,49.76966873706005
2012-11-05,59.2601959377941,65.50771391353904,56.317812262903246,29.63009796889705
2012-11-06,50.39042813322465,34.702904276355675,42.41117630344925,25.195214066612326
2012-11-07,42.50770108385625,29.026252363289988,37.94171031478504,21.253850541928124
2012-11-08,58.75702700068637,41.07635763953483,46.31962459071804,29.378513500343185
2012-11-09,7.041651094223663,44.34137581359195,44.73983638553216,3.520825547111832
2012-11-10,99.84120082815735,46.41460234680574,49.994306418219466,49.92060041407868
2012-11-11,97.5499209050778,99.00278881095242,51.20060708458601,48.774960452538906
2012-11-12,87.59109877706558,89.63232471585694,54.91793602634332,43.79554938853279
2012-11-13,36.478001776125225,55.485835050940246,53.48471204362296,18.239000888062613
2012-11-14,8.416523200056487,40.81441992195029,41.58752640027911,4.208261600028243
2012-11-15,2.8673485281138054,35.64968634946698,36.06115985670526,1.433674264056903
2012-11-16,3.2185784179354915,35.28813493860088,35.76164785234286,1.6092892089677455
2012-11-17,3.7502388290316415,32.99500709880939,33.63273494546391,1.8751194145158208
2012-11-18,91.65607100405464,61.73528900801628,50.97918418229786,45.828035502027326
2012-11-19,58.61378994316567,48.50924613095387,49.38303347232618,29.306894971582835
2012-11-20,9.215709482960904,36.14523695701401,37.42205166860823,4.607854741480452
2012-11-21,4.889810023009893,31.431965169240986,32.3399067974714,2.4449050115049467
2012-11-22,95.51096893085275,100.0,52.24451553457361,47.75548446542639
2012-11-23,73.12941810568212,39.730444912475605,47.24051079002467,36.56470905284106
2012-11-24,15.222993021280836,33.067265584434665,35.6449345628282,7.611496510640419
2012-11-25,21.759038245196,38.664929938400974,41.13133216822406,10.879519122598
2012-11-26,87.3993255224301,51.971921287543765,50.248475382397295,43.69966276121505
2012-11-27,95.07867453239436,49.37939159338578,49.96945784043119,47.53933726619718
2012-11-28,98.5315982820673,93.4141869976026,50.6374946676993,49.26579914103365
2012-11-29,94.8025701394195,96.5577689243028,52.419807384491776,47.40128506970975
2012-11-30,74.80870466321244,79.65988745187087,57.471709844559584,37.40435233160622
2012-12-01,77.75410777083106,75.6115510013973,55.69751803398949,38.87705388541553
2012-12-02,83.8880495089109,76.77000257267815,54.31316956097319,41.94402475445545
2012-12-03,10.261914895825765,68.33017521210313,66.44914823158136,5.130957447912881
2012-12-04,96.37211825556884,98.13366816962504,51.74623256045089,48.186059127784425
2012-12-05,40.12219832547645,73.65843352002521,64.1661499024197,20.061099162738223
2012-12-06,52.613144317069526,55.422372181158565,52.56949168007697,26.306572158534763
2012-12-07,71.17662297290296,76.82125395455853,57.73079115071758,35.58831148645148
2012-12-08,83.00756365715564,88.103336868927,56.47468526195196,41.50378182857782
2012-12-09,23.654755752583394,61.44210171482008,58.73550050121724,11.827377876291695
2012-12-10,63.748339071870255,50.61927471094795,50.22449736842651,31.874169535935128
2012-12-11,67.99504216851237,59.02767883741112,52.889304805075554,33.997521084256185
2012-12-12,4.278433587811625,65.9946583584107,65.31033752294874,2.1392167939058124
2012-12-13,92.42175721125967,91.10188019239176,53.11480027171663,46.21087860562984
2012-12-14,69.39960462677845,91.9097730104556,62.82455624121911,34.69980231338923
2012-12-15,93.65859314983112,98.82448979591835,53.09615954047836,46.82929657491557
2012-12-16,35.601529419331015,86.0274669871041,73.20113772865047,17.800764709665508
2012-12-17,70.0009760980584,76.82582324756973,58.044294083807365,35.0004880490292
2012-12-18,45.33556782497957,69.64652941667488,60.73966374772368,22.667783912489785
2012-12-19,22.7106211900764,66.82456945977373,63.00360522290324,11.3553105950382
2012-12-20,95.57258011068032,66.76802170557141,50.74239072803791,47.78629005534016
2012-12-21,70.81651345728235,88.86237919746644,61.34139720327252,35.40825672864118
2012-12-22,88.44430913756361,72.0217932863774,52.54477035453855,44.22215456878181
2012-12-23,65.58308720659102,68.58472897207518,56.396289963210535,32.79154360329551
2012-12-24,19.84265625453836,67.13583186665286,63.735627652997294,9.92132812726918
2012-12-25,99.51179618836636,95.16539440203562,50.22049917701011,49.75589809418317
2012-12-26,83.01703848576258,84.82896598838627,55.91498988961448,41.50851924288129
2012-12-27,35.73783082511676,70.31264636624104,63.0533471717696,17.86891541255838
2012-12-28,54.68478127871022,48.79247614471065,49.45280792386388,27.34239063935511
2012-12-29,39.85762467175268,75.663045352647,65.4343650566473,19.92881233587634
2012-12-30,7.487771253934376,61.12992524467724,60.29654190162192,3.743885626967188
2012-12-31,9.100835992302311,64.89229532457567,63.53697195159673,4.550417996151156
2013-01-01,67.83585972170691,71.15090898545495,56.80300803621583,33.917929860853455
2013-01-02,64.35758289319857,89.5469005344608,64.09547124130441,32.178791446599284
2013-01-03,45.72964698415069,54.18458257369888,52.27098773498609,22.864823492075345
2013-01-04,64.78500866766753,52.12130133961431,50.74701608287783,32.39250433383376
2013-01-05,63.93839301820715,49.37758381775424,49.775546722567455,31.96919650910357
2013-01-06,14.032698678933514,57.82890479364068,56.7302981740885,7.016349339466757
2013-01-07,28.03106862197837,53.09253529939247,52.225664607460864,14.015534310989183
2013-01-08,19.12092838862471,60.51147153929066,58.50158059367223,9.560464194312354
2013-01-09,99.91904761904762,100.0,50.04047619047619,49.95952380952381
2013-01-10,95.58813785335067,63.76777584831276,50.60741529108724,47.79406892667534
2013-01-11,61.18732628777626,43.563864725012415,47.50196381604174,30.59366314388813
2013-01-12,28.941809700873144,59.86538377305048,57.01016317519338,14.470904850436572
2013-01-13,64.93258857788325,89.04873075445492,63.69337906877934,32.466294288941626
2013-01-14,94.60208859226066,96.64710169946676,52.517969224015296,47.30104429613033
2013-01-15,82.46451289508079,94.85577263814406,57.86567822677363,41.2322564475404
2013-01-16,99.95486542443064,100.0,50.02256728778468,49.97743271221532
2013-01-17,89.78713444478275,83.93940008518061,53.466185300946776,44.893567222391376
2013-01-18,24.86598999308938,82.24921695033228,74.23012989061297,12.43299499654469
2013-01-19,43.49060516819445,86.11332332637251,70.40742046538637,21.745302584097224
2013-01-20,85.86608008351352,96.19273718455992,56.52884448089877,42.93304004175676
2013-01-21,98.39766285285997,98.70784339061896,50.780463868218696,49.198831426429976
2013-01-22,71.90527404257611,99.69906400053108,63.962815834353904,35.952637021288055
2013-01-23,14.01227737653597,85.54980420181457,80.56846703024088,7.006138688267985
2013-01-24,47.81847596133903,89.4780355183872,70.60024059401833,23.90923798066952
2013-01-25,26.29777962232828,76.6526546367806,69.64359825689978,13.14888981116414
2013-01-26,3.603371619502896,77.50341989896488,76.51204757978938,1.801685809751448
2013-01-27,27.926860396826548,84.78265251179812,75.06894970251497,13.963430198413274
2013-01-28,99.72028985507248,100.0,50.13985507246377,49.86014492753623
2013-01-29,38.82484727163349,71.00412337574261,62.84930455436507,19.412423635816747
2013-01-30,61.45409385036107,87.40176962590431,64.41685101830524,30.72704692518053
2013-01-31,11.265649330426658,73.85449789302018,71.1671338108585,5.632824665213329
2013-02-01,99.42731377863171,75.84960231381056,50.148037110729696,49.71365688931586
2013-02-02,99.95445134575569,100.0,50.02277432712216,49.97722567287784
2013-02-03,55.06568549775379,60.659869189333904,54.789939147063336,27.53284274887689
2013-02-04,57.47078758415292,61.8293360902769,55.03092347321832,28.73539379207645
2013-02-05,55.70511411472439,77.00792119997753,61.96296818556966,27.8525570573622
2013-02-06,56.21909944586388,85.42540038937601,65.50938215482628,28.10954972293194
2013-02-07,61.183577683428425,72.00568260716308,58.54181869444077,30.59178884171421
2013-02-08,63.03772020725389,56.934670830926926,52.56321243523316,31.518860103626945
2013-02-09,51.32708853617861,79.77779955934933,64.49322558430892,25.663544268089307
2013-02-10,3.0809166329211184,73.31302080320201,72.59446157679967,1.5404583164605592
2013-02-11,100.0,-1.0,50.0,50.0
2013-02-12,95.7235895258902,90.53314609462012,51.73336370507656,47.861794762945095
2013-02-13,31.699979043599686,93.71787393824503,79.8589281527452,15.849989521799843
2013-02-14,22.526670969161074,83.09204498572095,75.62664585974836,11.263335484580535
2013-02-15,90.0375118324872,91.48387633324324,54.132826271125,45.0187559162436
2013-02-16,63.63856860330609,70.26128699380277,57.367293970338864,31.819284301653045
2013-02-17,84.48820545115936,90.82567582006624,56.33147788690408,42.24410272557968
2013-02-18,21.62246845949535,80.11708448511422,73.59821132138114,10.811234229747676
2013-02-19,45.48987225955564,74.39968028621996,63.30029689227852,22.74493612977782
2013-02-20,68.69732833129521,63.28844040099055,54.15963686861359,34.348664165647605
2013-02-21,72.6507347607105,87.82031362502937,60.34157564200883,36.32536738035525
2013-02-22,75.26535010464804,91.89775640488598,60.36326336075595,37.63267505232402
2013-02-23,58.10461770632084,89.40705866044863,66.48898019087736,29.05230885316042
2013-02-24,96.91673103085546,99.84553391537943,51.5368718797173,48.45836551542773
2013-02-25,68.22727084283405,95.22149771224552,64.35408979727208,34.11363542141702
2013-02-26,69.07571145376276,84.71346551122797,60.72769008734022,34.53785572688138
2013-02-27,50.8680825481721,89.89724220876501,69.59482570975466,25.43404127408605
2013-02-28,65.78899902350837,82.39764380772307,61.08338741009953,32.894499511754184
2013-03-01,5.007849423960263,78.44362297708805,77.01904627422316,2.503924711980132
2013-03-02,3.0617351632309364,76.5607024955387,75.74430441256176,1.5308675816154682
2013-03-03,7.69131733977893,76.87400175466223,74.8070369978134,3.845658669889465
2013-03-04,3.2764109624885527,73.48455733164431,72.71495411529429,1.6382054812442763
2013-03-05,95.27101328920855,92.78300853952264,52.0232027883108,47.63550664460428
2013-03-06,96.58817000339609,98.21558630735616,51.64503383667282,48.29408500169804
2013-03-07,85.85553095099503,83.45244720424122,54.73167104093862,42.92776547549752
2013-03-08,75.65088922916895,87.188433423254,59.05505284816487,37.82544461458448
2013-03-09,95.77794067705356,87.41968708617391,51.57988138723919,47.88897033852678
2013-03-10,64.99029754204399,78.63775256413294,60.02566590373834,32.495148771021995
2013-03-11,55.88736157176074,57.809010161234966,53.44476041725004,27.94368078588037
2013-03-12,92.32724335073328,64.53929429551039,51.11556466981523,46.16362167536664
2013-03-13,86.44756331244497,84.76981178233414,54.708995805064994,43.223781656222485
2013-03-14,76.74618601393385,52.39300547227322,50.55505360924724,38.373093006966926
2013-03-15,38.82456889936076,59.024310831343605,55.508174008271496,19.41228444968038
2013-03-16,5.307715263903972,67.0590454382952,66.01795972842801,2.6538576319519858
2013-03-17,99.36475201931418,94.52411994784876,50.28283857288683,49.68237600965709
2013-03-18,99.45146080398575,98.79199697999243,50.26764322795334,49.72573040199288
2013-03-19,53.93046154356627,92.21657977904432,69.44420250182493,26.965230771783133
2013-03-20,85.70378072930045,95.102655867395,56.44797457971183,42.851890364650224
2013-03-21,36.67473397581466,70.93304493166846,63.22354327001843,18.33736698790733
2013-03-22,13.915469341736287,70.75026125319476,67.49226677459454,6.9577346708681445
2013-03-23,43.46719333804959,78.37908256880733,66.04349188105913,21.733596669024795
2013-03-24,99.86521739130436,100.0,50.06739130434783,49.93260869565218
2013-03-25,98.84216650689172,93.86623748211731,50.50789798973437,49.42108325344586
2013-03-26,98.7933969179543,100.0,50.60330154102285,49.39669845897715
2013-03-27,66.47074732185068,95.22509381506276,64.7728140748127,33.23537366092534
2013-03-28,96.77872917594192,90.1581383389046,51.293602393796014,48.38936458797097
2013-03-29,81.09219146917074,83.84522635098104,56.39522114432294,40.54609573458537
2013-03-30,99.99689440993788,100.0,50.00155279503106,49.99844720496894
2013-03-31,88.26237578630686,61.533165021804,51.35257212474825,44.13118789315343
2013-04-01,38.1943430563124,76.36730091423478,65.61180740481797,19.0971715281562
2013-04-02,82.35461104595505,74.03732105739081,54.24086514353442,41.17730552297753
2013-04-03,65.60330945062871,79.26546213066624,60.05156508745132,32.80165472531436
2013-04-04,75.82048051980341,86.82388428052376,58.90293881204366,37.910240259901705
2013-04-05,99.98033126293996,100.0,50.00983436853003,49.99016563146998
2013-04-06,94.52957083873426,83.59135470683977,51.837591263547175,47.26478541936713
2013-04-07,95.19102119604165,60.25668633446746,50.49324187181304,47.595510598020816
2013-04-08,99.55238095238094,58.83441258094357,50.03954451345756,49.77619047619047
2013-04-09,76.55016910935738,80.23519009725906,57.08145434047351,38.27508455467869
2013-04-10,58.93390032826022,56.64259635709013,52.67996286349017,29.46695016413011
2013-04-11,94.19736899339452,81.9447419147569,51.853635499325776,47.09868449669726
2013-04-12,92.80140492718569,79.0615903392224,52.0817110952799,46.40070246359284
2013-04-13,35.370611992590455,64.76924213278011,59.52122153745947,17.685305996295227
2013-04-14,6.108798771057575,62.13700678376233,61.37249203367136,3.054399385528788
2013-04-15,5.165005638289697,61.20926382544486,60.63030471684987,2.5825028191448487
2013-04-16,65.11731129805698,51.45021464841659,50.50587386131714,32.55865564902849
2013-04-17,79.3625524434937,34.996986741663314,46.90376100691508,39.68127622174685
2013-04-18,26.80113539691169,54.17045799211404,53.05272789897624,13.400567698455845
2013-04-19,87.70259382229946,26.659031193155023,47.12966626001189,43.85129691114973
2013-04-20,99.11736206582412,100.0,50.44131896708793,49.55868103291206
2013-04-21,84.2707778742234,55.49643054714048,50.86397093096726,42.1353889371117
2013-04-22,99.08608484461992,56.72859084730403,50.06149361149704,49.543042422309966
2013-04-23,81.7980606427359,58.09830689878967,51.47368770089384,40.89903032136795
2013-04-24,4.802628299911947,52.78146215466239,52.64678274160589,2.4013141499559736
2013-04-25,3.174411988254302,50.9644998841828,50.9338826842326,1.587205994127151
2013-04-26,95.537474528255,57.35765000696088,50.32833700568248,47.768737264127495
2013-04-27,96.950355784922,81.3730816243379,50.95676736884832,48.475177892461005
2013-04-28,78.80331500643479,46.93534352115292,49.35019988270232,39.40165750321739
2013-04-29,100.0,-1.0,50.0,50.0
2013-04-30,98.7829245011502,87.64886015651582,50.45821505256119,49.391462250575096
2013-05-01,83.85077206514734,30.064420090855425,46.78055776033755,41.92538603257367
2013-05-02,91.93366320843232,61.96687636410322,50.96528855095907,45.96683160421616
2013-05-03,44.71590767621941,33.33696141720463,40.78764451526696,22.357953838109704
2013-05-04,49.228100823041,29.20254173221911,39.44061428278004,24.6140504115205
2013-05-05,43.18439753099227,37.64558080761969,42.97920016598371,21.592198765496136
2013-05-06,98.32436014246666,29.57241720217499,49.65770728070902,49.16218007123333
2013-05-07,90.34149292319933,34.66389258290077,48.51876097981372,45.170746461599656
2013-05-08,74.22496371552975,29.472380201587928,44.7089985486212,37.11248185776488
2013-05-09,59.331413920994336,22.325818626950934,38.74530172664139,29.665706960497168
2013-05-10,99.96687343166404,100.0,50.01656328416798,49.98343671583201
2013-05-11,96.82861823099272,28.99960820164556,49.33399740308689,48.414309115496366
2013-05-12,82.70712989284027,26.937684962198823,46.01186381680908,41.353564946420136
2013-05-13,72.36069332526209,12.77339413758963,39.71082424109243,36.180346662631045
2013-05-14,32.76512873266662,29.38341658588391,36.12219544468457,16.38256436633331
2013-05-15,86.27222269413328,17.03742831270752,45.474971564481805,43.13611134706664
2013-05-16,98.50427350427351,37.77685492801772,49.81717518054728,49.25213675213676
2013-05-17,99.34636869195064,96.95913842255304,50.30693963072005,49.67318434597532
2013-05-18,44.81878985845388,32.70665383227048,40.449318193601904,22.40939492922694
2013-05-19,82.4644274714228,35.76565494073952,47.49940410185195,41.2322137357114
2013-05-20,90.55598829934452,28.62877574747187,47.98169908101792,45.27799414967227
2013-05-21,77.92926937942325,17.784163473818644,42.889324090480486,38.96463468971162
2013-05-22,94.21051214222236,13.174466867038786,47.86799023070533,47.10525607111119
2013-05-23,54.701072383283325,26.320572427815435,39.22502241465349,27.350536191641662
2013-05-24,99.07029713220832,99.62138084632517,50.46133140076613,49.53514856610416
2013-05-25,96.98849198870944,26.90138907990648,49.30438348164455,48.49424599435472
2013-05-26,89.7625691669308,36.395473592582846,48.605888848146606,44.8812845834654
2013-05-27,78.632413082636,24.04400209533788,44.45382958745214,39.316206541318
2013-05-28,87.65086380987691,41.707480711170746,48.97577272717858,43.825431904938455
2013-05-29,96.29965581083265,38.00649205283188,49.55619892559964,48.14982790541632
2013-05-30,99.84823042472706,99.86357435197816,50.075677735009904,49.92411521236353
2013-05-31,99.82981577868598,95.57739557739558,50.07598249297111,49.91490788934299
2013-06-01,81.41858783505197,23.45818048013559,45.06815511893736,40.70929391752598
2013-06-02,96.09990600686524,64.24455825864277,50.54304844166008,48.04995300343261
2013-06-03,79.08549020908292,16.31552868893073,42.955057949627765,39.54274510454146
2013-06-04,66.98357875707714,23.71354117610122,41.32095538007683,33.49178937853857
2013-06-05,61.89339565710589,46.41704536177856,48.6336950683619,30.946697828552946
2013-06-06,36.35642923257638,35.637106058777675,40.8551694939877,18.17821461628819
2013-06-07,51.06319859927474,34.16972949600031,42.25317196226008,25.53159929963737
2013-06-08,29.98779135677891,29.63745014012663,35.743606034557935,14.993895678389457
2013-06-09,99.31311257126173,27.70575821525475,49.84686365584807,49.656556285630856
2013-06-10,96.1708763761981,25.101411650170373,49.04660227150348,48.08543818809905
2013-06-11,68.87760284408328,15.297463632972772,39.19973880867735,34.43880142204164
2013-06-12,46.504930712748894,22.53844512963717,35.30942219474292,23.252465356374447
2013-06-13,0.9568115972128476,24.791773261422065,25.032762541667097,0.4784057986064237
2013-06-14,81.79242389069444,18.23780522511241,44.21687421237647,40.89621194534722
2013-06-15,49.68255022138492,21.49286842354843,35.65593838569526,24.841275110692457
2013-06-16,34.83647051985685,28.25811342872797,35.83221933458987,17.418235259928426
2013-06-17,8.33900994376002,24.49683361466393,26.62354519551077,4.16950497188001
2013-06-18,37.04617070831621,23.393345863422034,33.25009237462998,18.523085354158106
2013-06-19,9.247791469902936,22.48575547470309,25.030215432921736,4.623895734951469
2013-06-20,11.112472509558057,21.4279205926812,24.6029850622286,5.556236254779027
2013-06-21,22.424481491477568,22.466533568129147,28.64077065210621,11.212240745738784
2013-06-22,67.28048879093905,18.82623544991984,39.80009661375025,33.64024439546952
2013-06-23,69.21705270447632,25.75102381722169,42.53545044195126,34.60852635223816
2013-06-24,98.2782932429998,15.77871316897174,49.41080979229777,49.139146621499904
2013-06-25,89.38113029359135,19.99492910498703,46.81380061634303,44.69056514679568
2013-06-26,92.35315434712832,18.122241178541447,47.56235698532837,46.17657717356416
2013-06-27,85.20971393887667,17.38028208468143,45.17545040799289,42.60485696943834
2013-06-28,99.32999296037104,22.466007416563656,49.81552031140006,49.66499648018552
2013-06-29,92.15644036446412,19.171860145769514,47.58197646600703,46.07822018223207
2013-06-30,45.45763851142489,13.12266074308493,29.88622831512516,22.728819255712445
2013-07-01,23.65228439041403,21.889130889938464,28.53785727334629,11.826142195207016
2013-07-02,45.77571849599608,17.16772999189119,32.19693748664843,22.88785924799804
2013-07-03,93.66379372841932,16.2929061784897,47.86424900731387,46.83189686420965
2013-07-04,74.9961648969912,16.04029349583385,41.50877098423255,37.4980824484956
2013-07-05,61.38167695033548,19.31201581622237,38.1488151304788,30.69083847516774
2013-07-06,41.50250701466023,18.016880181928485,31.2906767279308,20.751253507330112
2013-07-07,64.60188001965871,24.73227885178676,41.05570175165741,32.300940009829354
2013-07-08,52.68610213369732,12.09489319911613,32.06561648211685,26.34305106684866
2013-07-09,70.71677252264863,17.313289100063024,40.42827609230725,35.35838626132431
2013-07-10,55.083556073497,17.25312774110152,35.291269484148295,27.5417780367485
2013-07-11,33.3644580563233,17.21627462337064,28.15438692595636,16.68222902816165
2013-07-12,9.37679077145396,14.797444979540591,18.09831491001503,4.68839538572698
2013-07-13,22.26004225697053,16.23629732861315,23.752111810781752,11.130021128485266
2013-07-14,5.282898958872018,12.407358680875324,14.393339937735853,2.641449479436009
2013-07-15,12.249753958465698,12.261374068921132,16.884262892784026,6.124876979232849
2013-07-16,5.166949796686341,12.303730274481978,14.251477606422966,2.5834748983431703
2013-07-17,15.30284876561796,14.86630937378948,20.24276491609857,7.65142438280898
2013-07-18,82.43751735341287,20.997180240446443,44.906384812707465,41.21875867670644
2013-07-19,53.43062332927555,11.853062460477917,32.23520896887398,26.71531166463777
2013-07-20,23.22731736484677,13.737861058302077,22.16058315357193,11.613658682423385
2013-07-21,17.26262898905799,17.773684527514003,23.33679380437265,8.631314494528995
2013-07-22,5.112592078784342,12.532091337472831,14.447672667839347,2.556296039392171
2013-07-23,6.854814424061424,13.968271664121117,16.43817977532757,3.427407212030712
2013-07-24,56.504587498289794,14.130139499859403,34.39825621167584,28.252293749144897
2013-07-25,21.166328663562712,13.264188402820563,21.03981102270675,10.583164331781356
2013-07-26,10.584857004040511,13.43525843912475,17.305584047240366,5.292428502020257
2013-07-27,12.234462197714588,11.88072906194188,16.544416854903,6.117231098857294
2013-07-28,4.9549343744808105,8.63106098181842,10.680864761588303,2.4774671872404053
2013-07-29,98.8720169942814,32.929515418502206,49.80744783492689,49.43600849714071
2013-07-30,40.286948690386765,8.939865719567967,25.481740949329527,20.143474345193383
2013-07-31,1.434235147275971,7.904046522897989,8.507801483247528,0.7171175736379853
2013-08-01,0.0180689486156485,6.628971213247972,6.636807902153528,0.0090344743078242
2013-08-02,0.0026999578391198,6.972310146300127,6.973471875785324,0.0013499789195599
2013-08-03,2.4679976329149405,6.324632386597092,7.402539425462776,1.2339988164574702
2013-08-04,5.343449633408707,7.393416910708214,9.670078218600953,2.6717248167043537
2013-08-05,4.536694370719268,8.974858214426343,10.83604351239206,2.2683471853596338
2013-08-06,0.6463229995036273,7.599173044079928,7.873219340675773,0.3231614997518136
2013-08-07,48.6114625374874,9.032351801627277,28.947324758068863,24.3057312687437
2013-08-08,62.60549058954496,12.385593196848998,35.934277108308855,31.30274529477248
2013-08-09,82.5632493737737,10.899606696847634,43.18216192585563,41.28162468688685
2013-08-10,36.63231395392256,9.954856302930905,24.62431906534069,18.31615697696128
2013-08-11,20.933631754442057,11.634893125361064,19.66610332069612,10.466815877221029
2013-08-12,40.31703947122745,16.30290074213115,29.88857355058483,20.158519735613726
2013-08-13,41.97842823623135,13.182086350227944,28.63766780977513,20.98921411811568
2013-08-14,59.36939496171208,14.554881907444834,35.59843406245918,29.68469748085604
2013-08-15,30.68009855959347,12.976244306629017,24.335169043818333,15.340049279796736
2013-08-16,4.958991794205059,8.61231785879741,10.664729619991318,2.4794958971025296
2013-08-17,33.70306104658403,15.75625516567736,27.297445391825587,16.851530523292016
2013-08-19,73.74798998723539,8.594342005556959,39.130182517447736,36.87399499361769
2013-08-20,58.57253652851567,9.960755653888894,33.412756674256464,29.286268264257835
2013-08-21,0.9248317213334358,5.42910447761194,5.841310257885369,0.4624158606667179
2013-08-22,1.450280689438891,6.981939263661461,7.605821891491672,0.7251403447194456
2013-08-23,82.91398248278634,17.04604712645072,44.36948183941104,41.45699124139317
2013-08-24,32.44779933704224,9.060760247745328,22.34464261266756,16.22389966852112
2013-08-25,76.62778138274604,14.849474001667584,41.78454221855506,38.31389069137302
2013-08-26,96.6645682596613,66.57974793568013,50.55300617511482,48.33228412983065
2013-08-27,93.36254869514612,34.16019220568505,48.9486404708699,46.68127434757306
2013-08-28,72.9337100053682,13.263188525657224,40.05670807157322,36.4668550026841
2013-08-29,34.55251820060931,11.55441400304414,24.838332101973226,17.276259100304657
2013-08-30,29.92221767840425,13.070189729993928,24.120407947206832,14.961108839202126
2013-08-31,18.78703692168417,12.659121066235782,19.67436577840345,9.393518460842085
2013-09-01,52.11889450425024,14.283177485090109,32.898390531906294,26.05944725212512
2013-09-02,47.69333186779458,7.268344322547647,27.648494677398283,23.84666593389729
2013-09-03,1.104661426153415,4.992796932291164,5.489974143570679,0.5523307130767074
2013-09-04,0.2544191040709133,5.1176019855746,5.231791380488443,0.1272095520354566
2013-09-05,3.271617117163892,8.0506363901819,9.423058950582028,1.635808558581946
2013-09-06,27.273953919958814,16.34207814671991,25.52192424339927,13.636976959979409
2013-09-07,3.68035854472048,11.602674538197984,13.015833786775548,1.84017927236024
2013-09-08,95.1422554198704,24.51615653508398,48.76205997527433,47.571127709935205
2013-09-09,44.83281697126149,13.960180403161193,30.117846759784765,22.416408485630747
2013-09-10,94.1806622626271,20.91384648233159,48.3073784919961,47.09033113131355
2013-09-11,72.60012978154822,22.32621838184666,42.41741975208822,36.30006489077411
2013-09-12,71.41731646787346,14.164164164164164,39.75715645195065,35.70865823393673
2013-09-13,82.32420680893571,14.214191914454554,43.67457457104783,41.16210340446786
2013-09-14,43.85147732528117,3.8246744132790624,24.073236842814747,21.925738662640583
2013-09-15,99.66915113871636,8.760951188986233,49.86356107660456,49.83457556935818
2013-09-16,93.24942412541635,8.187062722474531,47.17738594368858,46.62471206270818
2013-09-17,39.65111598899571,11.729700182551388,26.90427681672386,19.825557994497856
2013-09-18,74.27575118411728,10.87672667230478,39.93583182426581,37.13787559205864
2013-09-19,24.931977660031503,8.619536066797535,18.936360976034965,12.465988830015752
2013-09-20,22.25358778182301,9.16376994996823,18.25129625093924,11.126793890911506
2013-09-21,7.16470473417874,9.086313604530744,12.017658430633972,3.5823523670893698
2013-09-22,65.64006544038517,5.722113597412315,34.786147207690284,32.820032720192586
2013-09-23,0.3509923321675126,7.086256414104152,7.236880363536674,0.1754961660837563
2013-09-24,1.035736760451346,7.100225390656151,7.544554126435898,0.517868380225673
2013-09-25,20.05354307831194,9.75531246592909,17.825798217306037,10.02677153915597
2013-09-26,64.67145324379408,8.452613602352155,35.32191217052544,32.33572662189704
2013-09-27,82.3660200874032,18.90951821386604,44.51751068710357,41.1830100437016
2013-09-28,32.898603929572175,13.075463183338382,25.223120303480943,16.449301964786088
2013-09-29,98.71242236024844,6.528380768612317,49.44026915113872,49.35621118012422
2013-09-30,98.79792960662526,100.0,50.60103519668737,49.39896480331263
2013-10-01,75.44635086410544,21.040416571722748,42.889365493804135,37.72317543205272
2013-10-02,21.21729709985513,11.27356067491208,19.49026436271112,10.608648549927567
2013-10-03,44.77579140068955,12.871617943529465,29.496144843585764,22.38789570034477
2013-10-04,92.52710384890187,31.063629309389203,48.58490468350367,46.26355192445094
2013-10-05,98.92872523686476,62.21492075763433,50.13085536341351,49.46436261843238
2013-10-06,91.27041497944262,36.48744839367912,48.82041031907953,45.63520748972131
2013-10-07,72.93270954810119,19.021143964282704,41.61486305813681,36.46635477405059
2013-10-08,73.37824253039143,18.094333452716484,41.50615083272015,36.68912126519572
2013-10-09,90.28628120262132,49.84967696539372,49.98539804313066,45.143140601310655
2013-10-10,99.70724152780998,90.87694483734089,50.11967071918375,49.85362076390499
2013-10-11,62.71708364005848,48.19266386718207,49.32617238125849,31.35854182002924
2013-10-12,61.92119840124716,65.87980261222889,56.03522977925933,30.96059920062358
2013-10-13,66.71427771823517,68.17842106574325,56.05081875115313,33.35713885911758
2013-10-14,92.018959190942,76.589782839945,52.12214141949592,46.009479595471
2013-10-15,86.36716735130163,75.97666043670512,53.54135464505665,43.183583675650816
2013-10-16,35.325394420624015,28.786517430815834,36.28026381873047,17.662697210312007
2013-10-17,3.653368162912728,37.77848181745688,38.2249788717625,1.826684081456364
2013-10-18,4.131589548922456,35.26389436427516,35.87272976463895,2.065794774461228
2013-10-19,44.607301401021374,40.70274074129529,44.84999720086006,22.303650700510687
2013-10-20,85.87473852080443,39.30294277210011,48.48901269597995,42.93736926040221
2013-10-21,61.91146852073485,29.121761813221227,42.047785675912806,30.955734260367425
2013-10-22,74.49846462419553,31.39061547836685,45.25432122299624,37.24923231209777
2013-10-23,97.64411131356634,86.0871857971524,50.85017392744741,48.82205565678317
2013-10-24,69.94847967371841,24.97120828649652,42.47846757079382,34.974239836859205
2013-10-25,37.615255788471,17.94922973031413,30.005208949431683,18.80762789423549
2013-10-26,8.390713900078907,12.986998268249115,16.092653349391586,4.195356950039454
2013-10-27,65.3679178228101,25.12580554441938,41.3855485352293,32.68395891140505
2013-10-28,47.0933923007671,19.343733949162708,33.780809585250395,23.54669615038355
2013-10-29,97.2827302318262,73.45881277146994,50.63743922741165,48.641365115913096
2013-10-30,91.58696917535106,32.10882678813246,48.494810082794245,45.79348458767553
2013-10-31,61.0520904374071,46.94367419061255,48.80962498782159,30.52604521870355
2013-11-01,65.1707980245747,21.293458922653084,40.00174082801241,32.58539901228735
2013-11-02,84.52535302865239,13.441745298802116,44.34273914610353,42.2626765143262
2013-11-03,89.72768739357933,89.10264166162533,54.01674558885063,44.86384369678967
2013-11-04,96.17976178643607,86.24857715865359,51.384781996488094,48.08988089321804
2013-11-05,39.2791110281072,33.738983039262926,40.126165945570186,19.6395555140536
2013-11-06,95.18760432241685,50.84344607969705,50.04058996268208,47.59380216120842
2013-11-07,5.973952611280833,43.66990471394304,44.04806160658101,2.9869763056404164
2013-11-08,56.724697648770906,61.932705481092576,55.1639143756245,28.362348824385453
2013-11-09,96.27054492448744,82.7559404841217,51.22161808491696,48.13527246224372
2013-11-10,89.93176005218957,86.0968836778772,53.634320862370686,44.96588002609479
2013-11-11,34.16417421316596,59.98034082209389,56.57063979656601,17.08208710658298
2013-11-12,20.33620319179194,45.698023814301614,46.57288243268773,10.16810159589597
2013-11-13,17.756778469989143,39.84597637900615,41.64900385917639,8.878389234994572
2013-11-14,90.75123438380224,30.32067359369401,48.17990522583425,45.37561719190112
2013-11-15,84.79106904300819,97.46973349130477,57.21963899216056,42.395534521504096
2013-11-16,11.247760103154649,61.76161633176351,60.4386979425133,5.623880051577324
2013-11-17,49.47598226114432,61.499099276548776,55.80980695829213,24.73799113057216
2013-11-18,69.17152075394284,65.70547075074106,54.84175779088778,34.58576037697142
2013-11-19,98.9494410753218,100.0,50.5252794623391,49.47472053766091
2013-11-20,81.99781620936211,62.39598559047958,52.23154810865912,40.99890810468106
2013-11-21,88.69089538265243,83.54548618106558,53.793694126614575,44.34544769132621
2013-11-22,57.60215430477442,70.60189712497555,58.73476055333625,28.80107715238721
2013-11-23,99.45238095238096,100.0,50.27380952380952,49.72619047619048
2013-11-24,90.95743799599066,89.94366068156833,53.611930283801925,45.47871899799533
2013-11-25,24.16784110886716,62.29899466540395,59.32659317668107,12.08392055443358
2013-11-26,34.73991953472062,57.12246318982319,54.64812520878852,17.36995976736031
2013-11-27,16.818465739893377,68.7182698376663,65.5701440379176,8.409232869946688
2013-11-28,22.429733881346785,61.46614680200274,58.894320587868975,11.214866940673392
2013-11-29,2.7689572746133573,61.26544264648087,60.95350735280375,1.3844786373066786
2013-11-30,73.6354293150106,79.52560968900556,57.78430023663195,36.8177146575053
2013-12-01,3.524271159125931,59.38864910826723,59.05739764660927,1.7621355795629654
2013-12-02,2.1189371047630914,57.46023865295176,57.302160888030485,1.0594685523815457
2013-12-03,5.369790877169668,60.098568648060336,59.55629663007207,2.684895438584834
2013-12-04,3.202968919384784,57.70769729177707,57.46082214312119,1.601484459692392
2013-12-05,28.87438182481993,59.18931609847435,56.53595788111122,14.437190912409967
2013-12-06,36.50629307947996,42.96516814645129,45.5333244805564,18.25314653973998
2013-12-07,60.19300111761498,41.63610792790916,46.67058557633891,30.09650055880749
2013-12-08,9.355432092613816,50.40804406830128,50.36986978258342,4.677716046306908
2013-12-09,80.58385726000846,71.17610042769228,54.111581885804696,40.29192863000423
2013-12-10,4.100721665541768,50.44945742443896,50.431026426457606,2.050360832770884
2013-12-11,2.601515595179502,47.52558635394457,47.58995861083595,1.300757797589751
2013-12-12,4.405177480079827,47.90543388061712,47.99770323561356,2.2025887400399133
2013-12-13,3.736708755607244,45.38182241811157,45.55439026416348,1.868354377803622
2013-12-14,5.732880894135042,47.99088850312382,48.1060684722701,2.866440447067521
2013-12-15,18.939900422312377,45.556116215392414,46.39778337908038,9.469950211156188
2013-12-16,14.953548542499863,49.105514387215706,49.23927172752908,7.4767742712499325
2013-12-17,13.108841319709049,48.82354346890981,48.97776328876578,6.554420659854523
2013-12-18,97.28400173916644,87.29989327641408,51.013064452680176,48.64200086958322
2013-12-19,93.63773958378626,80.93269981775579,51.968018916171296,46.81886979189313
2013-12-20,99.25279193702666,98.19894707675256,50.36014641882575,49.62639596851333
2013-12-21,40.5358246920035,58.38127902473404,54.98385845232019,20.26791234600175
2013-12-22,78.93937762017597,73.07211911997561,54.85913188288124,39.46968881008799
2013-12-23,58.818420747176944,73.27350603725533,59.584397333642855,29.409210373588472
2013-12-24,86.82375750344879,65.67943155379488,52.06595992360879,43.4118787517244
2013-12-25,97.2311833523139,91.42237511217468,51.14690961797288,48.61559167615695
2013-12-26,98.57862302034324,88.17016317016318,50.54254191239812,49.28931151017162
2013-12-27,38.49199678750864,77.38842328299391,66.84607227275463,19.24599839375432
2013-12-28,34.17965711440928,73.73956068198292,65.62546024041403,17.08982855720464
2013-12-29,93.66782701972876,94.92118516580548,52.84448714948674,46.83391350986438
2013-12-30,30.51203081482465,75.76017322481894,67.90022123250998,15.256015407412328
2013-12-31,10.30013685060856,73.13605604391279,70.75301060955628,5.15006842530428
2014-01-01,20.65097355419936,70.83472855887155,66.53215427408976,10.32548677709968
2014-01-02,95.02329337225916,95.82709269429188,52.28067995941777,47.51164668612957
2014-01-03,92.68755345431352,97.98646314179716,53.50898446640946,46.34377672715676
2014-01-04,100.0,-1.0,50.0,50.0
2014-01-05,92.21744668952016,100.0,53.89127665523991,46.10872334476009
2014-01-06,9.97464706260992,78.25621651294044,75.43775864252773,4.98732353130496
2014-01-07,38.5897701816975,76.37661236662827,66.19793827262922,19.29488509084875
2014-01-08,66.82590717369507,91.87992556234154,63.89328538163858,33.412953586847536
2014-01-09,85.13257026348288,62.81079273051622,51.90463560790034,42.56628513174144
2014-01-10,96.96898793020266,69.50403060527395,50.59116952174282,48.48449396510133
2014-01-11,64.88229442970822,88.36035972241892,63.47127818302387,32.44114721485411
2014-01-12,2.011173184357542,62.51902184279798,62.26724263255177,1.005586592178771
2014-01-13,7.260601354199327,64.4408870579543,63.39239181666608,3.630300677099664
2014-01-14,100.0,-1.0,50.0,50.0
2014-01-15,41.48530238676707,88.01004216147597,72.24146123345001,20.742651193383534
2014-01-16,99.693995225663,86.06224627875507,50.11035219534617,49.84699761283149
2014-01-17,94.06992514675584,97.0564614686267,52.79048338837756,47.03496257337792
2014-01-18,60.05127981909043,89.22239574956026,65.66884512624081,30.025639909545216
2014-01-19,88.4705799505817,75.40689110049222,52.92926719647403,44.23528997529085
2014-01-20,79.04732312090233,83.9037845533278,57.103750427244194,39.52366156045117
2014-01-21,77.16274300628683,63.90592119584936,53.17573096083935,38.581371503143416
2014-01-22,11.566981374918004,72.87761593445933,70.23121507278147,5.783490687459001
2014-01-23,54.63615023474178,86.71414661796771,66.6549503143715,27.31807511737089
2014-01-24,99.7848861283644,90.85659287776708,50.08788819875777,49.8924430641822
2014-01-25,8.565692384990054,69.37930721284302,67.71904728290433,4.282846192495027
2014-01-26,76.08929492985361,49.66584898627857,49.920102136620166,38.0446474649268
2014-01-27,70.89487150270874,73.06194791051257,56.71220957333306,35.44743575135437
2014-01-28,78.98623984354607,83.1100332239015,56.95766296939288,39.49311992177304
2014-01-29,25.41485876022751,85.57470001196336,76.53290752856854,12.707429380113757
2014-01-30,98.25682032764075,99.2754483905452,50.858959599807854,49.12841016382038
2014-01-31,93.4145003157644,92.50117905989624,52.79891501278588,46.7072501578822
2014-02-01,77.55775098970624,89.52858316487128,58.87110306410147,38.77887549485312
2014-02-02,97.49155672987126,99.4139012712564,51.23951968094688,48.74577836493563
2014-02-03,77.67493996523267,91.28251770318056,59.21634686109852,38.837469982616334
2014-02-04,87.26251568732216,86.77527395701232,54.68424475121875,43.63125784366108
2014-02-05,95.62557071952592,87.92956546435671,51.65920201762941,47.81278535976296
2014-02-06,29.93381443127745,73.33254318646479,66.34791851784186,14.966907215638727
2014-02-07,76.79880518113893,76.78029356094426,56.21334808213759,38.399402590569466
2014-02-08,64.92411257412056,89.0786939103511,63.70719868349875,32.46205628706028
2014-02-09,98.7181478375216,98.578352180937,50.62270265792771,49.35907391876081
2014-02-10,99.65693581780538,100.0,50.171532091097305,49.82846790890269
2014-02-11,69.52406818455108,84.75819234406144,60.59288299905875,34.76203409227554
2014-02-12,30.671782400106245,80.14750339724748,70.89956257573998,15.335891200053124
2014-02-13,87.90486291211295,76.50625107038877,53.20596740382305,43.95243145605647
2014-02-14,19.687922242078194,78.24467727679195,72.68063918240443,9.843961121039095
2014-02-15,68.374601516414,78.41300842847593,58.98572713668039,34.187300758207
2014-02-16,99.8952380952381,85.7707509881423,50.03747412008281,49.94761904761905
2014-02-17,91.61759985088382,95.1720900353322,53.78630823556214,45.80879992544191
2014-02-18,65.76006069374945,93.58158625992094,64.92230868409816,32.880030346874726
2014-02-19,95.35244397878006,99.79505457785696,52.31425305730295,47.67622198939003
2014-02-20,75.80893522922509,92.9056080050717,60.37932342280168,37.90446761461254
2014-02-21,36.43379164090156,76.50824429623971,66.84965077046301,18.21689582045078
2014-02-22,83.65499166071004,87.81295183014991,56.17252488837783,41.82749583035502
2014-02-23,8.834313285830552,77.94735607418527,75.47160213928613,4.417156642915276
2014-02-24,1.6310442504340317,74.08612411906039,73.68772999509898,0.8155221252170157
2014-02-25,16.6333884050511,75.98348839930587,71.66155385266794,8.31669420252555
2014-02-26,62.90395475540886,84.46289952104978,62.78402258912504,31.45197737770443
2014-02-27,74.95942576313766,72.72117740546985,55.68951329570587,37.47971288156883
2014-02-28,63.29950974803329,77.00954005524082,59.91231434168386,31.649754874016644
2014-03-01,94.16264890567788,61.3850847938693,50.66458737180442,47.08132445283894
2014-03-02,95.55188330527376,73.92458100558659,51.0641932818528,47.77594165263688
2014-03-03,70.55726168421837,82.80398699159522,59.65478869561974,35.27863084210919
2014-03-04,95.40323432384244,72.25751227643376,51.02312568468966,47.70161716192121
2014-03-05,81.1518910484227,60.418934520864255,51.96264529191007,40.57594552421135
2014-03-06,42.62958459054631,71.24858928726452,62.18981252827432,21.31479229527316
2014-03-07,1.7812571381107627,71.64557818526288,71.2504931785618,0.8906285690553813
2014-03-08,0.7142382427953112,69.03376822235191,68.89782177066286,0.3571191213976556
2014-03-09,2.033263273325413,68.81026075895697,68.42751281433544,1.0166316366627066
2014-03-10,4.55205237943945,68.5535699522672,67.70900172978406,2.276026189719725
2014-03-11,49.80578074481477,63.93670206172789,56.99541878980562,24.902890372407384
2014-03-12,1.964261979132053,67.54193447248785,67.19736492324051,0.9821309895660264
2014-03-13,5.055678084723728,68.08479922305293,67.17048999206675,2.527839042361864
2014-03-14,2.59325715757251,66.53654022868425,66.10770521558904,1.296628578786255
2014-03-15,100.0,-1.0,50.0,50.0
2014-03-16,47.39167318290333,53.63746757189381,51.91338832553113,23.695836591451663
2014-03-17,2.5037381624854627,61.92210691341615,61.62360857285263,1.251869081242731
2014-03-18,24.53936157184756,60.54457134055101,57.95700085309178,12.26968078592378
2014-03-19,8.119942943635039,60.26136730852235,59.42789989805432,4.059971471817519
2014-03-20,4.488705035074822,61.80776907589481,61.27762479700628,2.244352517537411
2014-03-21,46.75823799553003,52.14859508190971,51.143949879950114,23.379118997765016
2014-03-22,99.23058606731335,67.2497308934338,50.13272183284503,49.61529303365669
2014-03-23,99.86832025507776,100.0,50.065839872461126,49.93416012753888
2014-03-24,80.08681149060924,73.33027933658862,54.63623084812133,40.04340574530462
2014-03-25,71.08672758632127,75.95662121744618,57.497035556734886,35.54336379316064
2014-03-26,80.8703656099442,81.99386536314665,56.11809972386457,40.4351828049721
2014-03-27,62.07876118672605,75.87502255565094,59.8119717667355,31.039380593363024
2014-03-28,25.02235305588575,67.29099564917567,62.91705823411896,12.511176527942874
2014-03-29,5.949854430826608,66.99241562800145,65.98125251786908,2.974927215413304
2014-03-30,3.516204194026689,65.74122103722517,65.18704495142687,1.7581020970133443
2014-03-31,26.963125310021773,69.4839829841407,64.23049223674352,13.481562655010888
2014-04-01,39.66497480881039,62.10847660399542,57.30565240928994,19.832487404405192
2014-04-02,35.099023050042746,61.21088491925196,57.27597383732995,17.549511525021373
2014-04-03,100.0,-1.0,50.0,50.0
2014-04-04,47.60640172481705,64.890733625871,57.80179115616642,23.803200862408524
2014-04-05,99.99089026915114,100.0,50.00455486542443,49.99544513457557
2014-04-06,71.00350167205359,56.994751969798806,52.02823313796671,35.501750836026794
2014-04-07,14.551211510910866,55.62450947279412,54.80607520295663,7.275605755455433
2014-04-08,96.57273261930204,39.50453172205438,49.640292239258464,48.286366309651015
2014-04-09,34.76378818754176,48.21001399669169,48.83108043610888,17.38189409377088
2014-04-10,57.39732477127396,38.90866070428775,45.274792741331645,28.69866238563698
2014-04-11,58.69914585566848,46.34328807840617,48.48974674278415,29.34957292783424
2014-04-12,98.29262283032033,30.5845258307058,49.66850462664842,49.14631141516016
2014-04-13,90.25845712818048,34.46098235169041,48.4861885548108,45.12922856409024
2014-04-14,16.652827540967273,55.5506018724922,54.625347189065984,8.326413770483637
2014-04-15,52.88901607762384,36.719169579419095,43.74189949463215,26.44450803881192
2014-04-16,37.66004424172751,47.69395697872241,48.557267305529386,18.830022120863752
2014-04-17,4.819787168573806,52.36771233899164,51.96289802636335,2.409893584286903
2014-04-18,99.26852547738392,69.91225587319559,50.14565307859055,49.63426273869196
2014-04-19,93.72570862986836,70.80774057195694,51.30275252153999,46.86285431493418
2014-04-20,80.6478412198558,54.33267305530275,50.836889864920856,40.3239206099279
2014-04-21,99.30847143200243,91.7365269461078,50.28862000712233,49.65423571600122
2014-04-22,65.25206033276318,36.98461685400636,45.4715181672109,32.62603016638159
2014-04-23,88.31043190580066,27.41015098887077,47.35934421746723,44.15521595290033
2014-04-24,49.01315243548253,46.23384655447414,48.078893867728816,24.506576217741262
2014-04-25,72.57126863350818,38.32739971427924,46.798353824145295,36.28563431675409
2014-04-26,63.28375547119713,29.7836637607137,42.57701163731408,31.64187773559857
2014-04-27,99.94513457556936,96.98113207547168,50.02577639751553,49.97256728778468
2014-04-28,99.34326442302716,92.71752837326608,50.28054120643071,49.671632211513575
2014-04-29,77.43259850907425,31.40185370603419,45.80099436498873,38.71629925453713
2014-04-30,98.16900329426186,37.54381997059821,49.77192775400084,49.08450164713093
2014-05-01,63.84074543279349,33.53274523074805,44.04215659645405,31.920372716396745
2014-05-02,99.8734989648033,30.11456628477905,49.9748447204969,49.93674948240165
2014-05-03,92.31293390552251,21.03731644887512,47.77361937269067,46.15646695276126
2014-05-04,20.692809318764468,41.88875104040705,43.54139184110311,10.346404659382234
2014-05-05,7.98469070240219,45.88628521003586,46.16925279010912,3.992345351201095
2014-05-06,59.12019970392731,37.808174713063416,45.01600617025423,29.560099851963656
2014-05-07,99.36684879943518,55.134074558535,50.03250645470526,49.68342439971759
2014-05-08,31.545270895296408,42.04602665275596,44.52661249175554,15.772635447648204
2014-05-09,61.46559554075407,24.696221196172765,40.24933953226027,30.73279777037704
2014-05-10,78.18589104653596,30.326116900512023,45.708317705300544,39.09294552326798
2014-05-11,99.7583850931677,54.84147386461012,50.01169772256728,49.87919254658385
2014-05-12,78.43820331831539,31.876465838748125,46.09177798870132,39.219101659157694
2014-05-13,81.84280494956968,33.35730593607306,46.976978408320846,40.92140247478484
2014-05-14,72.10716439625212,18.53090217407457,41.22237627743202,36.05358219812606
2014-05-15,58.880188784883934,22.72598898549555,38.7843655260222,29.440094392441967
2014-05-16,91.92011862504296,18.52364475201845,47.45674783480303,45.96005931252149
2014-05-17,81.37070837685052,16.298290303562887,43.72161021866348,40.68535418842526
2014-05-18,71.48491662953252,37.56986793234531,46.45553747784905,35.74245831476626
2014-05-19,74.56583887372064,29.402702834879285,44.76125025136463,37.28291943686032
2014-05-20,64.59586129127878,41.96440072603782,47.15445637731359,32.29793064563939
2014-05-21,33.62479318598419,39.449174011221686,42.996867429361465,16.812396592992094
2014-05-22,21.732866375059945,32.51461491941901,36.314690294146345,10.866433187529973
2014-05-23,95.56550478778038,36.93378163818063,49.42057917232696,47.78275239389019
2014-05-24,20.88910947837969,31.009445007376453,34.97595205362817,10.444554739189844
2014-05-25,44.81654984609573,29.4561251739572,38.66318107569018,22.408274923047863
2014-05-26,99.63643440705268,54.840546697038725,50.01759856230098,49.81821720352634
2014-05-27,99.87390912761266,68.30870279146141,50.02308560307256,49.93695456380633
2014-05-28,81.6149215115556,18.93373025269781,44.28844192352664,40.8074607557778
2014-05-29,90.17749493493096,16.640303701360327,46.72324214137446,45.08874746746548
2014-05-30,86.7555445062515,20.20992038042203,46.054466163232746,43.37777225312575
2014-05-31,43.77942988479042,26.78271525647698,36.94122113019055,21.88971494239521
2014-06-01,79.12234125232378,28.74812630910192,45.56310633332711,39.56117062616189
2014-06-02,85.64750376961442,20.94379103831445,45.82970870408112,42.82375188480721
2014-06-03,78.84484269991235,26.592805924532737,45.0481712737981,39.422421349956174
2014-06-04,89.72810356223077,15.351876878391192,46.440980675317576,44.864051781115386
2014-06-05,95.723471004214,16.613403060236298,48.5722125011648,47.861735502107
2014-06-06,8.934522388214653,25.01453538082698,27.24686731102644,4.467261194107326
2014-06-07,4.956458349342566,25.41059550551977,26.629359097640048,2.478229174671283
2014-06-08,0.2282502819379051,23.615812152625992,23.67603413577465,0.1141251409689525
2014-06-09,6.80818011709023,23.24308543947656,25.064744376532943,3.404090058545115
2014-06-10,2.7185312869930014,22.88928739165706,23.62630059604162,1.3592656434965007
2014-06-11,17.50985204287144,21.903930087038816,26.82351035866004,8.75492602143572
2014-06-12,39.91648065321838,23.415818167379648,34.02728796541395,19.95824032660919
2014-06-13,55.49356650434292,19.3290585943689,36.34945786081085,27.746783252171458
2014-06-14,67.63992082983596,18.45727204606152,39.792748261676046,33.81996041491798
2014-06-15,94.55390292235155,24.976236644994486,48.63718155520538,47.27695146117578
2014-06-16,69.32349471405736,22.15290825774882,41.45748542970702,34.66174735702868
2014-06-17,86.82299812526541,20.68542681968244,46.13721814245911,43.41149906263271
2014-06-18,78.04552482889844,15.336757236457016,42.389866973979295,39.02276241444922
2014-06-19,77.40827921741544,20.211136486622824,43.27018313075262,38.70413960870772
2014-06-20,89.46893104741072,17.483576570551907,46.57567302772893,44.73446552370536
2014-06-21,30.881983763249675,16.258734961458106,26.67870695217565,15.440991881624836
2014-06-22,8.4755650688131,17.589708807897598,20.33666412687604,4.23778253440655
2014-06-23,46.61105512633897,15.014700113794804,31.32171752986892,23.305527563169484
2014-06-24,85.45644830373242,19.55056499992876,45.57157067954324,42.72822415186621
2014-06-25,67.56195391934331,22.27739222678067,41.0073277157634,33.780976959671655
2014-06-26,31.74418363323164,18.480161276100183,28.4858767615134,15.872091816615818
2014-06-27,69.12299609322376,18.30312793663579,40.21295557466917,34.56149804661188
2014-06-28,80.76557284317443,15.861422615777398,43.43364020065518,40.38278642158721
2014-06-29,99.9813662281519,100.0,50.00931688592405,49.99068311407595
2014-06-30,58.5100625213848,13.074966138036856,34.679772310180724,29.2550312606924
2014-07-01,75.26804608755309,16.58663314477268,41.73622150876837,37.634023043776544
2014-07-02,99.53332367129757,6.832298136645963,49.79854655375888,49.766661835648776
2014-07-03,0.7580619367755577,10.312050711641367,10.612867114857806,0.3790309683877788
2014-07-04,57.16817314129495,7.10614946867197,31.627780207389844,28.584086570647475
2014-07-05,74.13838479918267,9.481950398653792,39.52135827567128,37.06919239959134
2014-07-06,59.91040411477398,14.296578340179412,35.68664253937967,29.95520205738699
2014-07-07,64.64062626333826,13.586660178122273,37.124471082381575,32.32031313166913
2014-07-08,99.5581716505208,67.33833177132146,50.07660566509246,49.7790858252604
2014-07-09,96.8080567935188,33.653409459547134,49.47822611375271,48.404028396759394
2014-07-10,83.7454776024766,13.145683544949264,44.00950687735962,41.8727388012383
2014-07-11,67.42858564642509,12.180992940307725,37.68181450617988,33.714292823212546
2014-07-12,84.68503374157497,13.31511445424536,44.38172215672584,42.342516870787485
2014-07-13,85.90727790727792,16.015584797471146,45.21067081067081,42.95363895363896
2014-07-14,85.31787308283639,23.20274351519941,46.06559279258372,42.65893654141819
2014-07-15,44.328985462129936,15.448763830485223,30.764976289055607,22.164492731064968
2014-07-16,19.37524007267065,13.64969650458784,20.692655073968336,9.687620036335325
2014-07-17,26.03850913107389,16.762483297589238,25.41700231702557,13.019254565536944
2014-07-18,3.830529595015576,10.35187968625825,11.87061266874351,1.915264797507788
2014-07-19,3.44869837907438,9.000471059927857,10.414421149912256,1.72434918953719
2014-07-20,69.01926492010767,11.26487368653392,37.99957313396341,34.50963246005384
2014-07-21,99.90517519813828,69.21397379912663,50.01821961258478,49.95258759906914
2014-07-22,94.18503279085708,9.2340016381183,47.62947056277684,47.09251639542854
2014-07-23,78.54253864323898,17.488750265551673,43.023911151630685,39.27126932161949
2014-07-24,98.24907235621522,31.63434247871334,49.67843062549695,49.12453617810761
2014-07-25,44.673994467835215,12.905585081445198,29.477141950036213,22.336997233917607
2014-07-26,99.93602484472048,25.5663430420712,49.9843685300207,49.968012422360246
2014-07-27,85.72716009994075,22.62784317710072,46.09321587947444,42.86358004997037
2014-07-28,82.29568517927659,23.41665496419042,45.293600904981126,41.14784258963829
2014-07-29,97.71425494816796,31.98043123754304,49.588118598650674,48.85712747408398
2014-07-30,86.657275439178,23.2657433859148,46.43292177659927,43.328637719589
2014-07-31,84.10610299450833,16.364608323771773,44.65402548958657,42.05305149725417
2014-08-01,53.64097501897529,13.132420173029264,32.90854945811541,26.820487509487645
2014-08-02,78.72892804455569,16.98892471337704,42.97819042251653,39.36446402227784
2014-08-03,67.4422026714749,15.290305742458289,38.699288090278856,33.72110133573745
2014-08-04,47.59719749135631,15.13276964812578,31.728594138473483,23.798598745678152
2014-08-05,77.79889806020455,14.059625960541918,42.02078263429114,38.89944903010228
2014-08-06,9.68602695350624,8.275449790193711,12.316900969744792,4.84301347675312
2014-08-07,55.00351549618273,14.270964411318683,33.92319003797565,27.501757748091364
2014-08-08,56.33389531399373,12.01037194635462,33.41140924427081,28.166947656996864
2014-08-09,71.32775826157241,16.5990820051321,40.42320804965752,35.663879130786206
2014-08-10,24.384790722972102,9.348978566506426,19.261645069814367,12.192395361486051
2014-08-11,91.26718784308363,26.308174012049907,47.93103733992882,45.633593921541824
2014-08-12,81.22957224249886,22.73043651188227,44.878889434665375,40.61478612124943
2014-08-13,99.9567287784679,100.0,50.02163561076605,49.97836438923395
2014-08-14,88.116278346991,18.55635951529945,46.263325287225335,44.0581391734955
2014-08-15,92.48833582873084,26.23438921511868,48.21480712958879,46.24416791436541
2014-08-16,75.53104185749633,15.994342483040151,41.67916989609194,37.76552092874817
2014-08-17,7.489430448614122,8.362195710485853,11.480630103079084,3.744715224307061
2014-08-18,52.57053974179499,15.502442138587538,33.6379945040701,26.28526987089749
2014-08-19,98.94670147983577,26.55789266758404,49.75308463037235,49.47335073991788
2014-08-20,99.3109060301934,30.588942307692307,49.86623957196663,49.655453015096704
2014-08-21,49.68046743050167,11.388161557017092,30.570656120708616,24.840233715250832
2014-08-22,79.18828228144827,15.18926832183084,42.75528878737697,39.59414114072413
2014-08-23,99.63166939274105,61.66385609893198,50.04296155199901,49.81583469637052
2014-08-24,48.19306103903918,12.79879540749106,30.727194644016738,24.09653051951959
2014-08-25,86.791647677839,11.05987892475142,44.856651613705104,43.3958238389195
2014-08-26,97.67233846956564,77.68190713396193,50.64434110324779,48.83616923478282
2014-08-27,47.90370480978216,10.972133757961783,29.66792759610439,23.95185240489108
2014-08-28,15.592524226083814,9.768667253772318,16.041747558704262,7.796262113041907
2014-08-29,50.39465770754267,9.606508578882236,29.962670316680143,25.19732885377133
2014-08-30,98.37939573636348,26.229717644052634,49.61477779066108,49.18969786818174
2014-08-31,99.60372342628096,86.99059561128527,50.146585064886665,49.80186171314048
2014-09-01,77.27231286286764,11.864669468578777,41.33272138810727,38.63615643143382
2014-09-02,59.79801665709481,8.059267358084796,33.13899364940485,29.899008328547406
2014-09-03,79.46577318049582,20.80949353676626,44.005955193077554,39.73288659024791
2014-09-04,91.02978543634433,8.368732108227906,46.26558594453776,45.51489271817216
2014-09-05,97.23847985916952,25.97870106494675,49.33664699181941,48.61923992958476
2014-09-06,47.264166597527584,11.235004916420849,29.55695677424708,23.632083298763792
2014-09-07,42.32978003875567,17.92838718265118,31.5042303431163,21.16489001937784
2014-09-08,17.38523969155086,10.0537927534302,16.998536630930015,8.69261984577543
2014-09-09,67.69728414439442,13.454959357958638,38.19264076004925,33.84864207219721
2014-09-10,61.003736899078845,16.5304418576207,36.94812304808199,30.501868449539423
2014-09-11,62.46166351818482,13.892479533326703,36.44583747197989,31.23083175909241
2014-09-12,73.18034186794122,13.990386101579649,40.34234465776934,36.59017093397061
2014-09-13,55.32008857484077,9.64857327152158,31.97101827892781,27.660044287420384
2014-09-14,29.76541080608774,7.875474653152288,20.414012672756066,14.88270540304387
2014-09-15,27.27572867545832,12.736591145944864,22.90045744020366,13.63786433772916
2014-09-16,78.54637152335307,22.05856786880179,44.005548959518286,39.27318576167654
2014-09-17,68.52512652939359,15.270449200608684,39.06891782898161,34.262563264696794
2014-09-18,81.5272691115788,10.951377052121646,42.78665296720415,40.7636345557894
2014-09-19,80.3298219732131,13.315706866948268,42.78413423286037,40.16491098660655
2014-09-20,96.4007355072764,14.641583247037165,48.72735706062137,48.2003677536382
2014-09-21,57.70927851732915,16.01720771894713,35.62843196438536,28.854639258664577
2014-09-22,19.51813881272093,6.849940421844291,15.272014729417528,9.759069406360467
2014-09-23,1.1017813343080791,6.852335632145287,7.327728544340209,0.5508906671540397
2014-09-24,54.23946354592165,11.28671956065666,32.28459519198471,27.119731772960822
2014-09-25,53.89152753292544,12.508096728921515,32.71305610287255,26.94576376646272
2014-09-26,49.85335296923938,5.522786873040428,27.69616892410446,24.92667648461969
2014-09-27,0.5030197801832637,5.524662366668754,5.748382112267701,0.2515098900916318
2014-09-28,1.6371686929649305,5.180113128907412,5.91389028498324,0.8185843464824653
2014-09-29,1.9836770294685688,5.284992097089271,6.171993437584367,0.9918385147342844
2014-09-30,53.86227482846542,7.286148814096947,30.292800729669786,26.93113741423271
2014-10-01,98.5883765709435,98.4746259900264,50.68427917762273,49.29418828547175
2014-10-02,43.79477069931521,14.94020741878436,30.29456318738327,21.897385349657604
2014-10-03,16.37099788214775,11.587887996742593,17.876334039284085,8.185498941073876
2014-10-04,30.269701447927737,13.450015627092917,24.51358677603613,15.134850723963869
2014-10-05,74.49529341285091,16.112226403439617,41.35702277527989,37.247646706425456
2014-10-06,46.88298967360627,11.55159480535717,29.577356642427866,23.44149483680313
2014-10-07,78.15977870100808,11.44380562038671,41.57924182302297,39.07988935050404
2014-10-08,96.67772297932429,17.28779758195189,48.91321001610826,48.338861489662136
2014-10-09,57.492075141548646,13.079294165845663,34.30577410680781,28.746037570774323
2014-10-10,46.9156912018294,15.970400716136924,31.93562243337407,23.4578456009147
2014-10-11,88.6792843620939,45.59442350616561,49.501257212922575,44.33964218104695
2014-10-12,63.89371612009506,17.2872477902028,38.188640822200746,31.94685806004753
2014-10-13,99.2672877846791,85.70217575586324,50.26159420289855,49.63364389233955
2014-10-14,62.45518877215681,22.38801848916771,39.63313366549105,31.227594386078405
2014-10-15,83.1226303685748,15.658834794137144,44.20411461246815,41.5613151842874
2014-10-16,96.88087566573624,16.729735112527386,48.96225907182082,48.44043783286811
2014-10-17,41.52937442038502,16.489076709635984,30.405953514619267,20.76468721019251
2014-10-18,2.7161509115792053,5.4247216339913935,6.635453463668704,1.3580754557896026
2014-10-19,1.0187000515061393,4.4285351590777,4.892771694884277,0.5093500257530696
2014-10-20,41.99024645235966,12.683172777789697,28.35260049659705,20.99512322617983
2014-10-21,55.5865469959271,19.413354998669263,36.41541479681136,27.79327349796355
2014-10-22,61.98721883086723,10.034637938088094,34.808054375953816,30.99360941543361
2014-10-23,72.70111427831044,25.480889712415426,43.30655610261726,36.35055713915522
2014-10-24,6.0884911654174365,49.94152150217885,49.94477088221249,3.0442455827087183
2014-10-25,60.14857744557895,31.81837095599709,42.75436218239705,30.07428872278948
2014-10-27,6.695074164751029,37.08810162867609,37.95256280071351,3.3475370823755144
2014-10-28,2.661108930384992,33.17053499417511,33.61838539038113,1.3305544651924957
2014-10-29,3.977528789939876,30.458762028147323,31.23602039438843,1.988764394969938
2014-10-30,33.79054930234971,19.86161641800867,30.04554178121272,16.895274651174855
2014-10-31,17.022782854936285,22.53861184989104,27.21330432363529,8.511391427468142
2014-11-01,25.114182742212737,27.11047286901221,32.858990541516846,12.557091371106369
2014-11-02,4.137852262579694,25.13989233218877,26.16856685980105,2.068926131289847
2014-11-03,32.87058745419915,28.48069380526597,35.55421616754292,16.435293727099577
2014-11-04,91.10816122398684,48.41046183943918,49.85866082947973,45.55408061199343
2014-11-05,98.69339782826567,99.74643423137876,50.649987990027576,49.34669891413284
2014-11-06,98.8346112989694,100.0,50.58269435051529,49.4173056494847
2014-11-07,94.9841695811617,83.0945795318499,51.65996798714516,47.49208479058085
2014-11-08,90.12314485363864,74.9570140490669,52.46496812648339,45.06157242681932
2014-11-09,74.12794071323175,55.871421476746605,51.51905764543992,37.06397035661588
2014-11-10,99.78612836438924,100.0,50.106935817805386,49.89306418219462
2014-11-11,92.35725011370975,44.974048207831736,49.615879075119054,46.17862505685488
2014-11-12,94.43983127535374,57.74459051804403,50.430612299836206,47.21991563767687
2014-11-13,76.85844760211673,54.95885897447376,51.147556947914985,38.42922380105836
2014-11-14,70.76983018390871,47.17956353426639,49.1755816315111,35.384915091954355
2014-11-15,99.81345755693582,77.58046614872363,50.05144927536232,49.90672877846791
2014-11-16,63.90771380416237,54.56869119691209,51.64894510219354,31.953856902081185
2014-11-17,96.79813462661473,66.13633423877894,50.51666369852518,48.39906731330736
2014-11-18,86.69439875371337,77.63747898112973,53.6773327477554,43.347199376856686
2014-11-19,48.17833332641894,45.11918342839988,47.47067950531648,24.08916666320947
2014-11-20,18.675287744024576,55.70912265118915,54.64292756842028,9.337643872012288
2014-11-21,51.177381006717816,43.59399301394661,46.87241961651611,25.588690503358908
2014-11-22,39.76963124814545,53.09407987211642,51.86357571645262,19.88481562407273
2014-11-23,2.428184551994551,41.51142990932698,41.71754805695393,1.2140922759972754
2014-11-24,74.45485706706678,70.43743509865004,55.22077200777562,37.22742853353339
2014-11-25,37.75426585758,37.55232635648581,42.25185415694207,18.87713292879
2014-11-26,95.840778138257,62.705958484742894,50.52846900304141,47.9203890691285
2014-11-27,83.63216019191209,59.56385819695992,51.56539698915108,41.816080095956046
2014-11-28,88.65283922387367,40.35593684402665,48.90567264834054,44.32641961193684
2014-11-29,40.79228500188768,41.21713234650083,44.79986475105482,20.39614250094384
2014-11-30,89.28021806176069,47.49686020674331,49.731668872553584,44.640109030880346
2014-12-01,93.67055304197947,84.15212908716002,52.16164089560649,46.835276520989744
2014-12-02,92.07042527721512,88.25449891608118,53.033419076377584,46.03521263860756
2014-12-03,70.47525495242891,69.87204233903516,55.86716983634551,35.237627476214456
2014-12-04,83.48606180117405,50.46848541862653,50.07736539250249,41.74303090058702
2014-12-05,64.06871957878073,64.53772692671448,55.22359142890889,32.034359789390365
2014-12-06,78.4730597240699,70.95855071905743,54.51173469599201,39.23652986203495
2014-12-07,90.7728927181238,79.0103500145933,52.67681611869431,45.3864463590619
2014-12-08,50.70852553678691,38.04155726115936,44.1055072511864,25.35426276839345
2014-12-09,37.985108841547536,49.79276154028856,49.8714812947715,18.992554420773768
2014-12-10,48.49405712626273,45.40504621332635,47.63332572756124,24.24702856313137
2014-12-11,32.70617332107785,41.75284432522431,44.45017335427555,16.353086660538924
2014-12-12,6.276801418749001,46.94311194815266,47.13498674076058,3.1384007093745003
2014-12-13,99.10681565495008,94.3671766342142,50.39628067603744,49.55340782747504
2014-12-14,95.60650265767454,74.35667829201621,51.070110013438494,47.80325132883727
2014-12-15,93.313302783639,96.19100706057228,53.08865278332839,46.6566513918195
2014-12-16,92.30630649286108,100.0,53.846846753569466,46.15315324643053
2014-12-17,94.909469699323,64.37899190431634,50.73196693982111,47.45473484966151
2014-12-18,48.43151527217,46.66186784197658,48.27857582789491,24.215757636085
2014-12-19,22.047436967289,51.90587019737754,51.48567466693237,11.0237184836445
2014-12-20,7.655828246335285,45.69868779623517,46.02798887089406,3.8279141231676426
2014-12-21,10.826983368976183,46.341656499427216,46.73774474181426,5.4134916844880925
2014-12-22,46.833723847637216,53.342953530547376,51.77732390569598,23.416861923818608
2014-12-23,7.474747474747474,42.65854939255084,43.20730428644098,3.737373737373737
2014-12-24,99.33664321591394,79.30711610486891,50.19441074290163,49.66832160795697
2014-12-25,31.54739672816912,35.763197380984856,40.254537984611936,15.77369836408456
2014-12-26,65.13412583381543,36.962675738040296,45.45442292818768,32.56706291690772
2014-12-27,100.0,-1.0,50.0,50.0
2014-12-28,88.90665617200203,75.52140709897866,52.83117743923278,44.453328086001015
2014-12-29,46.36951549997824,55.63704548529896,53.02317480525242,23.18475774998912
2014-12-30,89.5550179575233,57.96268020385096,50.83170051739208,44.77750897876165
2014-12-31,60.95386765013796,49.58640389067046,49.838506715757305,30.47693382506898
2015-01-01,4.175968865066031,55.428047567342645,55.20137399094944,2.0879844325330152
2015-01-02,42.19257249420731,67.54810280112245,60.144106805400845,21.096286247103656
2015-01-03,16.38879204436033,51.185532850664806,50.99123833715178,8.194396022180165
2015-01-04,63.12043644208431,36.51688237180028,45.02748506471955,31.560218221042152
2015-01-05,22.29817390744781,43.95864500961744,45.30575685173922,11.149086953723906
2015-01-06,11.174049726120124,47.99571746488882,48.21967699201409,5.587024863060062
2015-01-07,8.098204090106924,50.78810689426919,50.72407349735285,4.049102045053462
2015-01-08,65.16056658116663,46.35721385336007,48.7308739458509,32.58028329058332
2015-01-09,87.49192171938954,23.331566919484647,46.66429151407692,43.74596085969477
2015-01-10,66.2526832260043,63.3066051057873,54.49062217691473,33.12634161300215
2015-01-11,78.91280070775485,40.10788186051995,47.91402933370351,39.45640035387743
2015-01-12,24.177441112379373,43.95225413369609,45.41444432914808,12.088720556189688
2015-01-13,6.178959720044444,48.127405905439474,48.2431127402623,3.089479860022222
2015-01-14,38.01570099660883,42.86025002676946,45.57447602849824,19.00785049830441
2015-01-15,62.29325350261426,55.88464921926545,52.21890976336881,31.14662675130713
2015-01-16,95.34066434724984,79.3146362060536,51.36586729622267,47.67033217362492
2015-01-17,99.96790890269152,88.38709677419355,50.01231884057971,49.98395445134576
2015-01-18,61.47426462967186,76.3833588016271,60.16438299371904,30.73713231483593
2015-01-19,32.44342999429372,83.38585627756687,72.55433936815895,16.221714997146858
2015-01-20,38.09843929604408,72.4467222181255,63.89487137990132,19.04921964802204
2015-01-21,76.75169331562492,91.55377704894656,59.66054952728056,38.37584665781246
2015-01-22,77.7128269099665,72.89665752405746,55.10301769421887,38.85641345498325
2015-01-23,63.63210422221024,57.73278152113191,52.81224992432944,31.81605211110512
2015-01-24,25.649039359489983,59.02024160414434,56.706636284776266,12.824519679744991
2015-01-25,63.3195242716031,55.378814857524006,51.9729748782895,31.65976213580155
2015-01-26,4.846633665011046,63.49315113333086,62.83918752803203,2.423316832505523
2015-01-27,72.3539084580787,48.34724691163565,49.54307836822886,36.17695422903935
2015-01-28,10.990525981400776,64.94156616669387,63.298195929265646,5.495262990700388
2015-01-29,96.79070528283992,73.13375056455254,50.74243023474917,48.39535264141996
2015-01-30,99.81366150992147,99.44444444444444,50.09213403120548,49.90683075496074
2015-01-31,10.369521389136317,75.58150578783871,72.92882607350563,5.184760694568158
2015-02-01,53.60693679979759,69.88632045740034,59.22587321799653,26.8034683998988
2015-02-02,48.75992084071476,55.34490366825769,52.73873287060277,24.37996042035737
2015-02-03,76.56489530075655,94.52729281767957,60.43501769156191,38.28244765037827
2015-02-04,46.96060294337244,79.76554037937412,65.78713228584228,23.48030147168621
2015-02-05,98.27638324126907,99.85585585585584,50.859323886740256,49.138191620634544
2015-02-06,84.87998707266242,99.67253096569112,57.51049310334826,42.43999353633121
2015-02-07,14.859000143210276,81.19970649680535,76.56374206376387,7.429500071605139
2015-02-08,49.59636437552633,60.37077426390404,55.22724727141488,24.798182187763164
2015-02-09,63.797171767438,53.13661590272567,51.135543667579,31.898585883719
2015-02-10,18.215013005237385,69.48972288074074,65.93966732332909,9.107506502618692
2015-02-11,1.44212397614182,66.78494968055158,66.542889896825,0.72106198807091
2015-02-12,6.869864421773086,68.20020335173606,66.94987405698481,3.434932210886543
2015-02-13,17.758015756592393,74.20825438793453,69.90934875932915,8.879007878296196
2015-02-14,76.8600708045996,90.6718589141041,59.41143935517683,38.4300354022998
2015-02-15,80.03423117647912,83.67598982927716,56.723670278345885,40.01711558823956
2015-02-16,22.30393377835343,65.03696025603693,61.68312659825313,11.151966889176714
2015-02-17,3.44449497561006,62.84486540893488,62.40242466530025,1.72224748780503
2015-02-18,2.713125171322485,61.181942567819966,60.87856246936961,1.3565625856612424
2015-02-19,4.617061926319725,61.84295035782168,61.29615400589774,2.3085309631598623
2015-02-20,2.886734106867312,60.355678734338014,60.05673782431627,1.443367053433656
2015-02-21,96.485521125594,88.0751782242385,51.338144095083294,48.242760562797
2015-02-22,75.88619267671012,97.35573411249086,61.4190687361419,37.94309633835506
2015-02-23,57.915189217210994,55.15092089833165,52.16775531363401,28.957594608605497
2015-02-24,98.98876544078978,100.0,50.50561727960511,49.49438272039489
2015-02-25,87.51491696224352,98.31070990010288,56.03163224715749,43.75745848112176
2015-02-26,62.61504211992571,84.25677960933038,62.806882628018045,31.307521059962856
2015-02-27,70.19748095164049,80.50366969285888,59.090861970662935,35.09874047582024
2015-02-28,54.408619548734926,64.62524058039594,56.66784907492112,27.204309774367463
2015-03-01,86.69797659420635,51.57532433148001,50.20955001129064,43.348988297103176
2015-03-02,99.6,99.79296066252589,50.1991718426501,49.8
2015-03-03,13.778208196292962,64.38132809263702,62.324405144561176,6.889104098146481
2015-03-04,67.55257190941838,47.36926152804482,49.14639302606108,33.77628595470919
2015-03-05,62.833190605243125,43.03257194505507,47.40953700113423,31.416595302621563
2015-03-06,7.942633767397853,62.27638095753606,61.26409879740059,3.971316883698927
2015-03-07,6.750925168316256,64.30782593202974,63.34111402310118,3.375462584158128
2015-03-08,16.570435562531532,62.34779427684084,60.30171098280297,8.285217781265766
2015-03-09,85.31089011287204,84.02126549433814,54.99742107345487,42.65544505643602
2015-03-10,3.015652484523001,60.85976145099467,60.53100487829192,1.5078262422615003
2015-03-11,58.19481720849391,48.0777149888121,49.196385237299175,29.097408604246954
2015-03-12,15.955353733251425,57.09617906599392,55.9576781948895,7.977676866625711
2015-03-13,2.8438577946499586,59.12749985037236,58.86706719636824,1.4219288973249793
2015-03-14,38.49788836890766,64.77277712349706,59.08395679198099,19.24894418445383
2015-03-15,72.19712261824331,70.40938026447218,55.674249049784265,36.098561309121656
2015-03-16,87.50067315379803,79.59302036555256,53.698928339153525,43.75033657689902
2015-03-17,99.94927536231884,33.46938775510204,49.9916149068323,49.97463768115942
2015-03-18,12.246283813249937,67.11700518966043,65.0208081538059,6.123141906624968
2015-03-19,19.57134050533334,54.46397233405595,53.58918263692425,9.78567025266667
2015-03-20,26.30528006907803,62.95396037651884,59.54638481943816,13.152640034539017
2015-03-21,96.80392713028392,63.017425665608606,50.41604641003398,48.40196356514196
2015-03-22,92.58543556604944,83.0482419363855,52.44677105339464,46.29271778302473
2015-03-23,52.55770048649938,76.72420201949525,62.67730257357136,26.27885024324969
2015-03-24,87.69247665207183,40.53203131576732,48.83472754361354,43.84623832603592
2015-03-25,100.0,-1.0,50.0,50.0
2015-03-26,94.8810443332208,99.9271844660194,52.55575043848659,47.44052216661041
2015-03-27,67.79364852344027,45.97476990409989,48.70304846830377,33.896824261720134
2015-03-28,3.586614556473076,57.90430564291684,57.46753986450521,1.7933072782365378
2015-03-29,89.52301629725396,54.97152349311818,50.520865706152186,44.76150814862698
2015-03-30,84.17097141152118,30.47832233741753,46.90990806183913,42.08548570576059
2015-03-31,29.96199280518823,52.87647452646297,52.01166356163929,14.980996402594116
2015-04-01,74.73114267472617,27.0935192780968,44.211794068140925,37.365571337363086
2015-04-02,74.99248590978532,28.17734970118448,44.54269765166544,37.49624295489266
2015-04-03,5.254980220181431,61.443358630032485,60.77331103998075,2.6274901100907155
2015-04-04,96.39671359071488,22.59455109782734,49.01250318430444,48.19835679535744
2015-04-05,78.05979490835537,27.744086752814933,45.11694948975785,39.029897454177686
2015-04-06,56.93244459560912,37.49145163309928,44.61116341962163,28.46622229780456
2015-04-07,8.550954401609571,58.963320248304896,57.477701232405565,4.275477200804786
2015-04-08,15.468414102487028,59.180981112792594,57.672741369409785,7.734207051243514
2015-04-09,2.539969270379137,56.60389822093328,56.42487853494457,1.2699846351895685
2015-04-10,22.65927241934681,53.71430871618721,52.8726733856908,11.329636209673405
2015-04-11,53.129951470405246,33.91313197461924,42.46007714961218,26.564975735202623
2015-04-12,45.295132910420826,59.81031978673301,55.36672240039498,22.647566455210413
2015-04-13,48.74831701695534,28.754619528919363,39.11138495242008,24.37415850847767
2015-04-14,87.31439270764508,26.28863454536549,46.99206929476996,43.65719635382254
2015-04-15,11.99827300258842,47.67736426721515,47.95604044329034,5.999136501294211
2015-04-16,65.66620927523495,38.355006580456646,46.00183232942132,32.833104637617474
2015-04-17,99.9792960662526,100.0,50.0103519668737,49.98964803312629
2015-04-18,86.2591024695756,33.99553840588448,47.80070251596816,43.1295512347878
2015-04-19,9.853092328616368,46.14408292542471,46.52228532272968,4.926546164308184
2015-04-20,23.51089698901172,44.791853263200174,45.99672592371278,11.755448494505858
2015-04-21,2.9702949734268467,43.73575285906006,43.92181947701043,1.4851474867134231
2015-04-22,2.633841425426756,42.82307672618997,43.01023798646011,1.316920712713378
2015-04-23,58.63950572731628,39.46596464836405,45.64307091170413,29.31975286365813
2015-04-24,22.377449811397444,49.34372458370789,49.43491812015404,11.188724905698722
2015-04-25,95.82643952116392,75.053336641032,51.04561615667988,47.91321976058196
2015-04-26,90.7069234083452,51.90353067047076,50.17689656315248,45.3534617041726
2015-04-27,93.17882947902062,47.57423037221447,49.83453411724263,46.58941473951031
2015-04-28,99.8664571389529,52.71317829457365,50.00362325591989,49.93322856947645
2015-04-29,79.43801324174049,29.38059160151527,45.760239975472125,39.719006620870246
2015-04-30,79.13170141435741,50.43009576467546,50.073452930036346,39.565850707178704
2015-05-01,100.0,-1.0,50.0,50.0
2015-05-02,68.0034992868752,26.827387816982625,42.5855749776112,34.0017496434376
2015-05-03,99.87246218379524,100.0,50.06376890810238,49.93623109189762
2015-05-04,99.7018503910108,45.34722222222222,49.98612776124842,49.8509251955054
2015-05-05,75.43409972482843,23.49924508886021,43.489850976361765,37.71704986241421
2015-05-06,95.14386589772528,23.51285659460151,48.71374879637203,47.57193294886264
2015-05-07,16.423459950299883,34.78324589642701,37.28214677935348,8.211729975149941
2015-05-08,65.20901788027986,28.314950870857984,42.45555843482768,32.60450894013993
2015-05-09,96.98015834391236,5.109038540666576,48.644364046032806,48.49007917195618
2015-05-10,30.56643239104316,16.32118777793717,26.615599145900383,15.28321619552158
2015-05-11,6.206519888192514,25.822814518289565,27.32316184258072,3.103259944096257
2015-05-12,97.56345535037624,9.382170476757032,49.01032844795812,48.78172767518812
2015-05-13,40.18783256400367,26.05109607990653,35.675641488227804,20.093916282001835
2015-05-14,34.02467158493979,26.18825253373332,34.29012140776578,17.012335792469894
2015-05-15,99.5869411282408,60.0,50.04130588717592,49.7934705641204
2015-05-16,50.97462874496195,21.816381539138565,36.182197597499176,25.487314372480974
2015-05-17,37.717131887516864,22.91593082536404,33.13126491646778,18.858565943758432
2015-05-18,32.670331334989285,24.62822958691492,32.91727104642259,16.335165667494643
2015-05-19,97.8826710727648,12.253080383336592,49.20077355181617,48.9413355363824
2015-05-20,99.84615448326127,100.0,50.07692275836936,49.92307724163064
2015-05-21,97.90857874042648,49.78714978714979,49.99554840539741,48.954289370213246
2015-05-22,99.67824155073492,35.77863577863578,49.954241559017,49.83912077536746
2015-05-23,99.09438931321417,100.0,50.45280534339292,49.54719465660708
2015-05-24,90.54594481527428,21.58958967730628,47.31397470441192,45.27297240763714
2015-05-25,86.2159754733397,16.722021009603104,45.41295521398683,43.10798773666985
2015-05-26,89.75286466911544,22.25951235291739,47.15739468935613,44.87643233455772
2015-05-27,45.93018793959217,19.143816559531803,33.311831213196626,22.965093969796087
2015-05-28,24.9815750192554,25.61387681229608,31.70591447072037,12.4907875096277
2015-05-29,36.806169320204646,22.220945389118537,32.44442922999681,18.403084660102323
2015-05-30,81.54279048276176,20.092503199443183,44.4799106541599,40.77139524138088
2015-05-31,88.65648393257356,14.228325177123658,45.942234318879485,44.32824196628678
2015-06-01,69.28887552989707,17.891084831794373,40.13899109669261,34.644437764948535
2015-06-02,49.515556357946686,23.44038375376622,36.59152550462447,24.757778178973343
2015-06-03,59.78105565267522,16.33349660986362,36.45968773783083,29.89052782633761
2015-06-04,58.79994111463363,29.32085252006744,41.480179061276026,29.399970557316816
2015-06-05,11.610839995846744,22.849463628717363,26.00186896480116,5.805419997923372
2015-06-06,45.816516577553415,29.781052631578948,39.04467000443838,22.908258288776707
2015-06-07,7.476575349293108,18.60569509876757,20.952913960095028,3.738287674646554
2015-06-08,78.14889569509663,13.257022551827475,41.9712536730727,39.07444784754831
2015-06-09,71.68924689280058,14.12515833327232,39.84356214813402,35.84462344640029
2015-06-10,52.60676189804462,13.362018024958308,32.636073966816994,26.30338094902231
2015-06-11,37.57934152244395,21.879832008220028,32.44720597453599,18.789670761221974
2015-06-12,46.81648872186688,19.284343851877274,33.66433554831056,23.40824436093344
2015-06-13,81.2960910061023,24.62832074092128,45.2545042011583,40.64804550305115
2015-06-14,96.5531881404654,25.872739289791504,49.168378716459706,48.276594070232704
2015-06-15,98.55751213805812,73.36012630974594,50.336966986552376,49.278756069029065
2015-06-16,98.32436708205466,76.8536826495304,50.44996914615611,49.16218354102733
2015-06-17,56.280795328234646,14.167469085148063,34.33430247026229,28.140397664117323
2015-06-18,93.04149011518818,20.330357142857142,47.93543496899736,46.52074505759409
2015-06-19,74.09315579503652,16.71506395641844,41.37692347546759,37.04657789751826
2015-06-20,81.04894177701908,17.694258603349514,43.87772013855511,40.52447088850954
2015-06-21,89.49878295095552,12.384597175096662,46.04992490548449,44.74939147547776
2015-06-22,99.48509316770186,18.2951347004423,49.83674948240166,49.74254658385093
2015-06-23,46.9763254570309,13.362701334470495,30.57330852412157,23.48816272851545
2015-06-24,26.72418265928104,13.370757557304664,23.159595464856373,13.36209132964052
2015-06-25,43.044812794049584,14.778565650529446,29.939566129638123,21.522406397024792
2015-06-26,12.765003363144912,11.0058447801544,15.98345000539764,6.382501681572457
2015-06-27,83.99505033609212,29.314788194309543,46.68934226262652,41.99752516804606
2015-06-28,10.854504423143595,11.818956723446474,15.963074380645711,5.427252211571799
2015-06-29,81.17660956391626,17.60489722219164,43.90214332196252,40.58830478195813
2015-06-30,5.829603862727792,11.699532918443769,13.932298426872954,2.914801931363896
2015-07-01,5.214902926633759,14.236105785978603,16.101158152023807,2.60745146331688
2015-07-02,2.8135345404096417,11.373320853260848,12.460072191969164,1.4067672702048208
2015-07-03,62.522184441864326,8.287647361462245,34.367121413169684,31.261092220932163
2015-07-04,0.3462104801879131,8.629270244585605,8.77250004672907,0.1731052400939565
2015-07-05,2.615877604507384,9.64439942421496,10.700052541841371,1.307938802253692
2015-07-06,9.399011504755576,10.119189511323004,13.867591477343522,4.699505752377788
2015-07-07,2.901569684609282,12.959679334027769,14.034430049553684,1.450784842304641
2015-07-08,82.8584626410889,32.40365908184597,46.98371664771327,41.42923132054445
2015-07-09,24.285794337825244,9.83873929931225,19.59222047655911,12.142897168912622
2015-07-10,1.547174278279542,7.363422932755082,8.02308508627833,0.7735871391397711
2015-07-11,1.6743162135781189,7.38454909514878,8.098066499138127,0.8371581067890593
2015-07-12,2.3326860572579724,7.792282355142651,8.776855899731052,1.1663430286289862
2015-07-13,82.60960563316073,20.408479403248293,44.853917869080405,41.30480281658036
2015-07-14,19.64908493041485,10.95024027282592,18.62316072674129,9.824542465207427
2015-07-15,1.7578364323230895,10.670412673850036,11.361762488551426,0.8789182161615448
2015-07-16,24.60450411739185,17.672016233167312,25.626119646197,12.302252058695927
2015-07-17,19.754790162553203,13.292903692976104,20.544313543194992,9.8773950812766
2015-07-18,12.923122276499054,5.903852297598214,11.602451384405226,6.461561138249527
2015-07-19,15.93438526138378,11.797152190176613,17.884541141013983,7.96719263069189
2015-07-20,22.66774894021615,13.210885047689866,21.550149262407047,11.333874470108077
2015-07-21,11.59870181915585,13.320633817042408,17.574964129759945,5.799350909577925
2015-07-22,25.86578424004883,17.073641999854384,25.590302718278107,12.932892120024414
2015-07-23,16.506602267134852,11.430667644900954,17.797153933846506,8.253301133567426
2015-07-24,83.390327611812,14.257210908954873,44.0632398295764,41.695163805906
2015-07-25,54.74513088657879,15.659531968700175,34.459266139499015,27.3725654432894
2015-07-26,71.74312991016674,11.454086869812594,39.10813140186296,35.87156495508337
2015-07-27,38.21808190522834,17.2472632855353,29.76473102927321,19.10904095261417
2015-07-28,79.32363306378932,16.46525982484619,43.06623407028034,39.66181653189466
2015-07-29,93.96721664513136,28.935264639253106,48.72921015140974,46.983608322565686
2015-07-30,60.29369678016084,16.614176107132973,36.74372353265671,30.14684839008042
2015-07-31,11.988387884526732,8.338406074076172,13.332959552792348,5.994193942263366
2015-08-01,94.88308332021836,6.9445568595710245,47.79688884839348,47.44154166010917
2015-08-02,85.55994970096103,15.28176288304832,44.98666909737256,42.779974850480514
2015-08-03,0.724419457142323,6.127393038926697,6.445214740108289,0.3622097285711615
2015-08-04,4.071710284469349,8.531721975890258,10.220190116990278,2.0358551422346745
2015-08-05,5.102835531685556,9.690388180168824,11.747321374795687,2.551417765842778
2015-08-06,6.505513675160427,8.483265364146032,11.184142213361577,3.2527568375802134
2015-08-07,20.25374788785605,15.23448074800608,22.27580136920899,10.126873943928029
2015-08-08,60.7206190720142,13.512371819919528,35.6678855355591,30.3603095360071
2015-08-09,16.190907090941543,11.221255330424404,17.499885850908832,8.095453545470772
2015-08-10,5.084341002207423,9.004250962100146,11.088614639596145,2.5421705011037115
2015-08-11,7.41820658833107,10.174563367264994,13.128896531386156,3.709103294165535
2015-08-12,5.598199006462975,10.763910277281568,12.960424662313711,2.799099503231488
2015-08-13,6.508859765885385,8.222071676865497,10.941338444510434,3.2544298829426923
2015-08-14,60.80709567467376,16.72062464292516,36.95684625623546,30.40354783733688
2015-08-15,71.50731673946437,13.799701698861364,39.6855636656875,35.753658369732186
2015-08-16,99.0426362286824,12.694636678200691,49.64285196679869,49.5213181143412
2015-08-17,98.27091366164576,61.84431137724551,50.20479836989609,49.13545683082288
2015-08-18,83.6327655518256,22.0902703044882,45.43194910688384,41.8163827759128
2015-08-19,99.93415985490324,42.76729559748428,49.995237976926965,49.967079927451614
2015-08-20,76.28429573888077,12.133635195496543,41.01972490852742,38.14214786944039
2015-08-21,70.48752693518979,15.930328070261655,39.94519724846677,35.243763467594896
2015-08-22,39.68508970750621,12.85935510513094,27.59865334960605,19.842544853753104
2015-08-23,80.01089922772962,16.112078616743375,43.22610924507308,40.00544961386481
2015-08-24,87.28468589776787,16.030310437545833,45.68014915324461,43.642342948883936
2015-08-25,92.25637912853968,25.89421867893737,48.13333968639361,46.12818956426984
2015-08-26,5.572239737151449,9.071534143895272,11.352166382135604,2.7861198685757245
2015-08-27,2.1263914271473667,6.111428213740846,7.04467104170128,1.0631957135736834
2015-08-28,0.8112115837525078,4.288980644729018,4.659793728790327,0.4056057918762539
2015-08-29,0.0029076469036675,4.012877096422452,4.014214239577644,0.0014538234518337
2015-08-30,0.0,3.371831962931656,3.371831962931656,0.0
2015-08-31,0.2392578023589323,4.757076802328365,4.865324026094054,0.1196289011794661
2015-09-01,6.865104496516783,6.516800324613796,9.501967420758106,3.4325522482583914
2015-09-02,95.48703719042491,32.329999082316235,49.20255943013336,47.74351859521246
2015-09-03,98.50764503197163,14.028028305813791,49.46317049332406,49.25382251598582
2015-09-04,56.74032954335655,14.0837641101382,34.46275471361508,28.37016477167828
2015-09-05,97.11615326946416,15.04488330341113,48.99194800999043,48.55807663473208
2015-09-06,58.25328905749291,12.019992746170624,34.14459615580063,29.126644528746453
2015-09-07,21.4545922529408,8.111850781057989,17.09876556023057,10.7272961264704
2015-09-08,12.70265444095613,9.399877744505044,14.557170977226292,6.351327220478065
2015-09-09,38.678011829407495,12.9067957222147,27.253709660682784,19.339005914703748
2015-09-10,82.89557922565487,21.048997637938346,45.04809873760237,41.44778961282744
2015-09-11,54.33652036999774,14.914321019061983,33.978658125491386,27.16826018499887
2015-09-12,32.541337532965244,10.155175860849235,23.121214573386705,16.270668766482622
2015-09-13,92.89887035483903,12.04980898778105,47.305107735636106,46.44943517741952
2015-09-14,84.44608821231955,46.23839277387725,49.41425229626775,42.223044106159776
2015-09-15,87.90910541178323,19.03905138881749,46.25654433990996,43.954552705891615
2015-09-16,87.00393311834772,11.515904889398865,44.9985812606276,43.50196655917386
2015-09-17,87.01832154360818,18.63541350864036,45.92835023251479,43.50916077180409
2015-09-18,44.75623112409146,11.93002613318915,28.96871162590024,22.37811556204573
2015-09-19,49.00357679747032,11.071671078257973,30.14794463739568,24.50178839873516
2015-09-20,30.602748710115268,11.232033591128497,23.096096931257343,15.301374355057634
2015-09-21,3.358815723070597,7.208769577251706,8.646048152786344,1.6794078615352983
2015-09-22,88.24193581801984,12.55924588142014,45.59769210052001,44.12096790900992
2015-09-23,95.27653944188955,100.0,52.36173027905523,47.63826972094478
2015-09-24,99.24631751566376,45.43956043956044,49.96562876582423,49.62315875783188
2015-09-25,27.2562955891966,29.817339483826427,35.31838509187877,13.628147794598297
2015-09-26,52.24310639171751,19.79063959170377,35.572947890067354,26.121553195858755
2015-09-27,51.137655012235086,17.7426747699725,34.23831446227863,25.568827506117543
2015-09-28,24.600525575081264,12.254881718298767,21.540379194533354,12.300262787540632
2015-09-29,1.8069711997740507,10.454863659339752,11.169432883926865,0.9034855998870254
2015-09-30,36.25427842429523,15.745576783523536,28.164270749061338,18.12713921214761
2015-10-01,56.663224211657074,16.053039583492843,35.288481877340764,28.331612105828537
2015-10-02,82.41824027044719,11.779398423601211,43.28014566364789,41.20912013522359
2015-10-03,79.36707864284027,16.436073013514328,43.0747813405039,39.683539321420135
2015-10-04,79.52894722667628,39.70045033648738,47.891573752967645,39.76447361333814
2015-10-05,5.374441654881976,10.341997384106252,12.473393596189029,2.687220827440988
2015-10-06,93.06071049840932,24.053844317096463,48.19952114262991,46.53035524920466
2015-10-07,87.48467121834814,11.999735178258137,45.24414191966061,43.74233560917407
2015-10-08,84.32736712778896,22.75996087036988,45.730768672966434,42.16368356389448
2015-10-09,51.66928437900048,16.571578210791575,33.843804528469434,25.83464218950024
2015-10-10,84.32874793283956,16.081511749381786,44.68454820887543,42.16437396641978
2015-10-11,59.58579415375426,13.40469092345821,35.210296459736554,29.79289707687713
2015-10-12,19.007885358224414,13.206202925144092,20.19992569207043,9.503942679112209
2015-10-13,99.61510191827904,45.88488434642281,49.98416099878879,49.80755095913952
2015-10-14,97.6203196375398,81.33484162895928,50.74566907285234,48.810159818769904
2015-10-15,90.369793468287,76.47602864947412,52.54969624033986,45.1848967341435
2015-10-16,97.70167068392848,71.11451482115505,50.48528108408088,48.85083534196424
2015-10-17,88.91770193411018,84.7605875976526,53.85227192702659,44.45885096705509
2015-10-18,91.11362920733828,67.09560109098538,51.51917850217929,45.556814603669146
2015-10-19,73.84072601541415,35.34660369583822,46.16677791274714,36.920363007707074
2015-10-20,4.320803066738102,47.14809091382634,47.2710225644476,2.160401533369051
2015-10-21,2.4004585355520804,44.709920123240856,44.83690629718004,1.2002292677760402
2015-10-22,3.41612842931611,40.69294135608017,41.01088243234824,1.708064214658055
2015-10-23,4.708628193627695,36.84355034124487,37.463038639157446,2.354314096813848
2015-10-24,3.8461778075893536,33.24572050572111,33.89011988545156,1.9230889037946768
2015-10-25,62.18115338216822,25.861861071831804,40.87123426235693,31.09057669108411
2015-10-26,7.889857588070535,26.406856148465728,28.268321598900403,3.944928794035268
2015-10-27,5.072686492772886,23.01802255116016,24.38673367669048,2.536343246386443
2015-10-28,90.09277536926834,22.410620949195064,47.26665824321273,45.04638768463417
2015-10-29,93.61373458100292,34.690833630556725,49.02231600221151,46.806867290501465
2015-10-30,4.666024232505784,22.779090918993106,24.049225133021253,2.333012116252892
2015-10-31,1.5946366375971206,18.13233546709553,18.640508921283768,0.7973183187985603
2015-11-01,2.991925166564208,16.670877132886595,17.668059547742867,1.495962583282104
2015-11-02,5.876550286174729,15.292557592552958,17.332157898671717,2.9382751430873646
2015-11-03,5.289521887032261,15.412193453320702,17.241723050851682,2.6447609435161303
2015-11-04,56.79403143488517,12.474151125355649,33.786593531428665,28.397015717442585
2015-11-05,3.2835231933872624,13.740618658535276,14.931203854661003,1.6417615966936312
2015-11-06,4.560699607706318,14.300883877397371,15.929013326355532,2.280349803853159
2015-11-07,16.117097477421364,13.70197662503527,19.55216443475553,8.058548738710682
2015-11-08,3.220419946416333,13.871077118527674,15.034580157427984,1.6102099732081665
2015-11-09,16.159009419566207,12.395685270388732,18.47217002970994,8.079504709783103
2015-11-10,3.1922449132162924,10.513761074286204,11.774258527812735,1.5961224566081462
2015-11-11,7.481881424566504,10.15664805923851,13.137680407019,3.740940712283252
2015-11-12,1.375934337298101,10.195507785354184,10.743191461522644,0.6879671686490505
2015-11-13,18.79425777722418,11.378092053460954,18.636792991415728,9.39712888861209
2015-11-14,91.0266925141664,27.581590730739048,47.988327202836594,45.51334625708321
2015-11-15,99.78840579710145,44.324853228962816,49.9879917184265,49.89420289855072
2015-11-16,14.225355914186116,13.35387564719181,18.56691726513401,7.112677957093058
2015-11-17,58.121878991987,14.25303179610088,35.02984139887519,29.06093949599349
2015-11-18,6.848794625432864,9.214218374947343,12.007552794824736,3.424397312716432
2015-11-19,41.689368774210685,15.912438887267912,30.123327945689223,20.844684387105342
2015-11-20,95.4520984740253,16.899613020714774,48.49462699546556,47.72604923701265
2015-11-21,96.19310944732672,72.86872313802296,50.8705872606584,48.09655472366337
2015-11-22,63.56103195356583,21.998065103573865,39.79638389070798,31.780515976782915
2015-11-23,18.461742815752004,42.50278720988836,43.88690335354843,9.230871407876002
2015-11-24,2.982523545965255,34.244044662887674,34.71396974070882,1.4912617729826274
2015-11-25,99.59440909815548,46.70750382848392,49.98664593508475,49.79720454907774
2015-11-26,84.22799464653454,29.1141235813367,46.705878453130246,42.11399732326727
2015-11-27,19.970820976521885,38.26224058212296,40.60636750212201,9.985410488260944
2015-11-28,85.96296066123921,16.70872625846726,45.32689080852651,42.9814803306196
2015-11-29,72.12860848308421,15.439951199190622,40.36763349028927,36.0643042415421
2015-11-30,47.03588467123004,14.237878906555965,31.05890894005393,23.51794233561501
2015-12-01,66.24500210383188,26.878392650996,42.19530192578345,33.12250105191594
2015-12-02,2.440792151585383,27.25540742191408,27.810555652470075,1.2203960757926915
2015-12-03,3.093879738067992,24.48017796751836,25.26973057057232,1.546939869033996
2015-12-04,15.257273944590343,28.038942363048854,31.38960108784787,7.628636972295172
2015-12-05,3.3848741939168634,21.73466294924516,22.69140904889978,1.6924370969584317
2015-12-06,14.261361394824432,25.408730398982865,28.915780228359523,7.130680697412216
2015-12-07,3.301785888593283,20.27109164753361,21.252676548348173,1.6508929442966416
2015-12-08,28.522607726736062,25.25517017150687,32.313040916136345,14.261303863368031
2015-12-09,62.06672165324469,15.926225388431195,37.07470023334756,31.033360826622346
2015-12-10,5.239109936987792,22.345858136007784,23.794689030392902,2.619554968493896
2015-12-11,46.80573014549392,13.409764467321793,30.536091370347783,23.40286507274696
2015-12-12,55.5992980913228,21.782474236436173,37.47122049971584,27.7996490456614
2015-12-13,30.14698712695663,26.464351266104742,33.55964026015788,15.073493563478316
2015-12-14,4.546672287790463,18.48924338154665,19.921934220390973,2.273336143895232
2015-12-15,48.93395121243223,25.79936578572328,37.64169232523663,24.46697560621612
2015-12-16,82.18529382519638,54.65359659526966,50.82902456000795,41.09264691259819
2015-12-17,34.26402521125212,28.898981227828763,36.12903961975656,17.13201260562606
2015-12-18,48.04206623087899,11.707651963582226,30.104087168596745,24.021033115439494
2015-12-19,5.002533243631592,22.89684898929845,24.25269312868048,2.501266621815796
2015-12-20,5.851841392714165,22.955603096535143,24.538198308942007,2.9259206963570823
2015-12-21,74.34922976820519,36.3013587966329,46.486193020046336,37.1746148841026
2015-12-22,24.926680130263414,28.64074448849593,33.9648977880542,12.463340065131709
2015-12-23,6.763788585405964,19.96681662286758,21.9981976519641,3.381894292702982
2015-12-24,15.859248494913846,21.762322788214338,26.240606186423083,7.929624247456923
2015-12-25,4.280573373396654,19.2909533861076,20.60547665868584,2.140286686698327
2015-12-26,3.2465806339066545,17.94569092637946,18.98635991709621,1.6232903169533273
2015-12-27,4.335799105344259,19.918462687344785,21.22273771302069,2.1678995526721296
2015-12-28,4.378335721554213,17.095778667251604,18.53643594376259,2.1891678607771063
2015-12-29,13.48055906191868,19.2670126915795,23.4099911971831,6.740279530959341
2015-12-30,4.716238638227885,16.50756912025595,18.087152086288206,2.3581193191139427
2015-12-31,80.89189261984133,22.824118750474373,44.80720342933624,40.44594630992066
2016-01-01,11.468127022746096,21.41343037897511,24.69177449456,5.734063511373049
2016-01-02,98.51980835566007,71.75828787242972,50.32206435903913,49.259904177830045
2016-01-03,35.599108928141774,59.445645067265296,56.08307959080388,17.799554464070887
2016-01-04,82.40775066325084,82.86047278206819,55.780896305056025,41.20387533162542
2016-01-05,85.8308391760478,52.28920594082563,50.32436127134705,42.9154195880239
2016-01-06,34.8892217929512,58.17357331327835,55.3218771915992,17.4446108964756
2016-01-07,60.56524884589154,67.48091843815051,56.89355668553732,30.28262442294577
2016-01-08,67.8215851909574,45.58564012726546,48.57952896898755,33.9107925954787
2016-01-09,99.91200700631272,99.29411764705884,50.04337536982938,49.95600350315636
2016-01-10,78.04885121755197,86.52877120803217,58.01848491627519,39.02442560877599
2016-01-11,97.57604247775882,99.8633062793678,51.2086653633969,48.78802123887941
2016-01-12,59.15990738418358,53.03417892418105,51.23916148276513,29.57995369209179
2016-01-13,50.51685589012457,41.43582263466076,45.76217577248386,25.258427945062284
2016-01-14,98.79931176276936,99.44818072081392,50.59371848943937,49.39965588138468
2016-01-15,38.590352048986496,48.52778744202857,49.09591945105913,19.295176024493248
2016-01-16,58.76918865901781,33.89426462008892,43.35947463043104,29.384594329508907
2016-01-17,63.35906823619168,35.73914076689356,44.77468829946471,31.67953411809584
2016-01-18,5.370538050656676,59.14659304387521,58.655371784115175,2.685269025328338
2016-01-19,49.52354492527659,64.3908089413195,57.263970210154426,24.76177246263829
2016-01-20,52.10172380543581,35.93563301989714,43.26341065885324,26.050861902717905
2016-01-21,13.944933559472627,58.26021928184593,57.10833719112576,6.972466779736314
2016-01-22,2.0778859353809667,58.57614306862866,58.397940598007466,1.038942967690483
2016-01-23,49.83397868373406,45.42425294769394,47.70452975836173,24.91698934186703
2016-01-24,22.45286386769504,57.302492646251935,55.66287391344055,11.22643193384752
2016-01-25,25.05474751793954,52.85608246965828,52.14049821798127,12.52737375896977
2016-01-26,80.03717348871326,47.602785937451344,49.52144831558925,40.01858674435663
2016-01-27,90.39201108375148,62.45204121222572,51.19639073951734,45.19600554187574
2016-01-28,15.897314533406409,53.113846062706415,52.61882816003188,7.948657266703203
2016-01-29,6.769640346632831,50.36529843099869,50.34056904102818,3.3848201733164154
2016-01-30,47.63250370585369,71.37557800722114,61.193855020783886,23.816251852926847
2016-01-31,80.7828436674997,36.90005068095798,47.48256225988138,40.39142183374985
2016-02-01,32.96881286474514,61.23075971102826,57.52811155861016,16.48440643237257
2016-02-02,89.03508771929825,78.98394711992445,53.1780643771847,44.51754385964912
2016-02-03,99.74699269136008,100.0,50.12650365431996,49.87349634568004
2016-02-04,44.51763983580817,43.52669809451533,46.40845932228351,22.258819917904084
2016-02-05,46.0950413651645,38.25972536964292,43.67140981688993,23.04752068258225
2016-02-06,42.55474921860903,46.40724400124199,47.93613230654999,21.27737460930452
2016-02-07,93.77149945843628,97.31338320864504,52.94691432938258,46.88574972921814
2016-02-08,95.77163254488836,80.98129468220546,51.31000298151461,47.88581627244418
2016-02-09,84.37116211833464,91.09376656418956,56.42247815578719,42.18558105916732
2016-02-10,95.0049296183067,83.43423453309006,51.67006354650826,47.50246480915335
2016-02-11,5.501028821537356,73.08464729561075,71.81278147249174,2.750514410768678
2016-02-12,37.92816602220489,65.71196540349776,59.75270507990773,18.96408301110245
2016-02-13,67.03249100465933,81.76337082466254,60.471592133844034,33.51624550232967
2016-02-14,95.82122868010792,98.0427134433378,52.007595130668136,47.91061434005396
2016-02-15,69.98511898593559,85.93633476039221,60.78624811914759,34.99255949296779
2016-02-16,83.20530190969848,94.6464035920905,57.49822869146913,41.60265095484924
2016-02-17,94.16854926045644,99.7017257297067,52.8983316526309,47.084274630228215
2016-02-18,12.212653519559796,76.55954810168186,73.3136977742907,6.106326759779899
2016-02-28,100.0,-1.0,50.0,50.0
2016-02-29,99.46641875257524,81.0244470314319,50.165540631476944,49.733209376287626
2016-03-01,48.18848245734128,62.25952780369061,56.35120166278765,24.09424122867064
2016-03-02,94.64874907570996,26.66821489394643,48.75145763385895,47.324374537854986
2016-03-03,100.0,-1.0,50.0,50.0
2016-03-04,88.23334465645377,79.37614420504154,53.45658964183036,44.11667232822688
2016-03-05,96.5743085565672,96.73597678916828,51.60103035787128,48.2871542782836
2016-03-06,94.85353958935173,87.1962015129567,51.91428778512928,47.42676979467586
2016-03-07,95.362053503934,94.00205439685588,52.04020768655649,47.681026751967
2016-03-08,95.77582029842588,86.79411764705883,51.55424964902037,47.887910149212935
2016-03-09,69.83521870990077,89.2252165543792,61.82221282470663,34.917609354950386
2016-03-10,12.67562665249893,82.64559297691628,78.47102601246041,6.337813326249465
2016-03-11,56.66000596975324,89.91515452971505,67.29922559034227,28.33000298487662
2016-03-12,51.58511185608072,70.50586591939395,59.92774578465215,25.79255592804036
2016-03-13,95.83798391021196,46.01223941489626,49.83402876282575,47.91899195510597
2016-03-14,33.68650838116344,73.92614614301361,65.86258129043772,16.84325419058172
2016-03-15,99.52629203433555,84.7027972027972,50.16438991465804,49.76314601716778
2016-03-16,60.17832149707117,68.78222555545139,57.47312218132809,30.089160748535587
2016-03-17,8.800496609683888,69.61891295586659,67.87992094106706,4.400248304841944
2016-03-18,5.077498774805007,69.84325264435961,68.83571173446079,2.538749387402504
2016-03-19,2.31565131067941,68.2090510551627,67.78710961026447,1.157825655339705
2016-03-20,7.9210161825872625,68.90569254570138,67.40816957972619,3.9605080912936312
2016-03-21,22.18166718571577,66.71371247452056,63.00633239904495,11.090833592857884
2016-03-22,13.997184701050964,65.4829614036443,63.31578269878377,6.998592350525482
2016-03-23,59.25214889020653,48.81247964832302,49.51611097520016,29.626074445103267
2016-03-24,25.90417451792577,57.4359261645332,55.50494318040325,12.952087258962884
2016-03-25,99.59294464999658,83.16378433367242,50.13499495839381,49.79647232499829
2016-03-26,28.081328062454112,61.482242942078415,58.201768758840686,14.040664031227056
2016-03-27,80.10691309167383,76.06940871358489,55.1860101318802,40.05345654583692
2016-03-28,86.44510179223943,72.24336344046583,53.01461632155908,43.222550896119714
2016-03-29,71.90861078362917,59.1790824605399,52.578531780481896,35.954305391814586
2016-03-30,93.25165953833248,70.27499846541035,51.36822592504375,46.625829769166245
2016-03-31,77.49807772419125,55.03628928268799,51.13326189997534,38.74903886209562
2016-04-01,98.08401189519635,44.64980544747082,49.897490908789685,49.04200594759818
2016-04-02,97.74232757888808,77.99688159222232,50.632077874478966,48.87116378944404
2016-04-03,84.85814677158045,64.34660062665043,52.172341210154926,42.42907338579023
2016-04-04,46.208863582148375,43.79625094960261,46.66293288527957,23.104431791074187
2016-04-05,90.7207929572008,47.8497744830974,49.80047612239951,45.36039647860039
2016-04-06,81.82801536746392,32.887084635208794,46.89024364973123,40.91400768373196
2016-04-07,86.3494161618338,27.33012582148224,46.90542981925464,43.1747080809169
2016-04-08,99.927950310559,100.0,50.036024844720494,49.96397515527951
2016-04-09,98.18130997857077,95.5714936247723,50.82880420717,49.09065498928538
2016-04-10,56.594310368073344,52.96105137395461,51.28405637776004,28.297155184036672
2016-04-11,26.108571736973424,51.258410236961495,50.92943169221955,13.054285868486712
2016-04-12,48.61102466753802,42.50100928542592,46.14634551150391,24.30551233376901
2016-04-13,63.05876548124007,37.35471886592326,45.32867704070421,31.52938274062004
2016-04-14,78.5879193073062,26.35745949398943,44.9376401490502,39.2939596536531
2016-04-15,82.44072911787018,22.795523762306114,45.22309232535869,41.22036455893509
2016-04-16,80.01566651055417,27.407814509104483,45.48510230894525,40.007833255277085
2016-04-17,98.79890760843683,61.21358386485088,50.13468550262228,49.39945380421842
2016-04-18,83.03050270092186,31.17663584506956,46.80396093764569,41.51525135046093
2016-04-19,32.863113897596655,46.6571214754433,47.71255245393176,16.431556948798328
2016-04-20,5.870575957941647,48.0631118622677,48.12955267356436,2.935287978970824
2016-04-21,21.850058225583137,44.009190273184856,45.318185686677865,10.925029112791568
2016-04-22,57.19606554113326,39.07733005169548,45.324667514169406,28.59803277056663
2016-04-23,98.88134793122867,100.0,50.55932603438566,49.44067396561434
2016-04-24,83.6419638011674,30.920885915564337,46.87589326771311,41.8209819005837
2016-04-25,64.56472705259928,26.052716262469648,41.513566518231045,32.28236352629964
2016-04-26,96.45879534437812,28.635110563669425,49.24028301476572,48.22939767218906
2016-04-27,86.40684272939306,59.56467718926879,51.239861837462406,43.20342136469653
2016-04-28,86.82138580053788,28.177030107695938,47.12403499102847,43.41069290026894
2016-04-29,40.11498447108387,47.83252581234761,48.65143077503597,20.057492235541936
2016-04-30,62.39560845211209,38.05920762375364,45.50973768091597,31.197804226056046
2016-05-01,99.78715562898824,100.0,50.106422185505885,49.89357781449412
2016-05-02,98.50095139893948,41.408839779005525,49.87121433289232,49.25047569946975
2016-05-03,76.9154397972064,27.0056213070886,44.69117711068874,38.4577198986032
2016-05-04,45.4740623813781,28.170311578065814,38.08699043142591,22.73703119068905
2016-05-05,47.99559439384542,49.21216811335206,49.58702627807174,23.99779719692271
2016-05-06,35.968727358786296,40.39785347189572,43.84885582075113,17.984363679393148
2016-05-07,36.073665711540976,36.286595261278805,41.23352304439571,18.036832855770488
2016-05-08,35.07129560646403,33.57081215840445,39.33274119207167,17.535647803232013
2016-05-09,99.29250117502365,55.39947322212468,50.03820120960144,49.64625058751182
2016-05-10,99.37194436334045,76.72271678206396,50.16783352901832,49.685972181670216
2016-05-11,99.85900037268624,92.2173274596182,50.0595262743799,49.92950018634312
2016-05-12,96.8036350005488,21.78307632499676,49.09808412773034,48.4018175002744
2016-05-13,99.97391304347826,100.0,50.01304347826087,49.98695652173913
2016-05-14,94.7153132889698,25.86220410722684,48.724393108119024,47.357656644484905
2016-05-15,53.31271031641541,25.922699473759064,38.7490177458849,26.656355158207703
2016-05-16,96.6076109778976,25.666849783311967,49.17452488331739,48.3038054889488
2016-05-17,71.67161234707072,27.113728247495168,43.507136699711545,35.83580617353536
2016-05-18,66.76823580623096,37.45391482273972,45.82923947515702,33.38411790311548
2016-05-19,99.78053148648507,99.05660377358492,50.10766379908279,49.890265743242544
2016-05-20,43.2101171752694,39.89053656824464,44.22873956236042,21.6050585876347
2016-05-21,18.644131143456324,35.17500472157992,37.938996283299765,9.322065571728162
2016-05-22,14.175059703042258,29.54453069046282,32.44398297165404,7.087529851521129
2016-05-23,99.4564688489356,63.695238095238096,50.07443788526006,49.72823442446781
2016-05-24,72.32967347302571,27.10372846798495,43.659639209768656,36.16483673651285
2016-05-25,28.28859276359084,34.95698190113364,39.21244003047521,14.14429638179542
2016-05-26,58.395969702249104,23.00179966399625,38.76766055236152,29.197984851124552
2016-05-27,46.97487186935862,20.47201264752841,34.34274687195236,23.48743593467931
2016-05-28,56.20310497434643,31.54328411921245,41.91653152050834,28.10155248717321
2016-05-29,99.47055985655216,40.32068830660931,49.94875383828575,49.73527992827608
2016-05-30,98.98166879595485,92.43594957299716,50.4321385162347,49.490834397977416
2016-05-31,93.73799812320166,33.23298819014853,48.9500494057841,46.86899906160083
2016-06-01,89.33299642099682,30.09980194943886,47.87724516171792,44.66649821049841
2016-06-02,83.74568117708262,32.50870324793736,47.15657196863711,41.87284058854131
2016-06-03,91.601353758461,33.99590618757553,48.65587277653044,45.800676879230494
2016-06-04,97.78769857703712,30.971546237364283,49.57903324664138,48.89384928851856
2016-06-05,83.29948228623064,23.17792035343319,45.52057383742378,41.64974114311532
2016-06-06,90.33659920873292,21.821143788047674,47.276964185844186,45.16829960436647
2016-06-07,39.41498281558717,22.47008567503777,33.32095004067808,19.707491407793587
2016-06-08,97.6116275265415,15.710074562164037,49.18102885967328,48.80581376327075
2016-06-09,99.95465838509315,70.31963470319634,50.0092132505176,49.97732919254658
2016-06-10,27.48647251850883,23.857651530764123,31.04326095845345,13.743236259254417
2016-06-11,99.69834243620056,49.69114619080302,49.999068319123474,49.84917121810028
2016-06-12,82.92761747323021,20.40212102459564,44.9469368815086,41.46380873661511
2016-06-13,79.75860118005227,23.776223776223777,44.691940868894825,39.87930059002613
2016-06-14,88.42410960266135,21.360317801159542,46.68470177851612,44.21205480133067
2016-06-15,57.209250237975255,20.973760989463685,37.579454699674194,28.604625118987627
2016-06-16,85.81893060380634,17.99722445402089,45.46166419111661,42.90946530190317
2016-06-17,75.42067581741073,23.07134424017541,43.381118402779215,37.71033790870536
2016-06-18,72.98491524545125,14.538672315733724,40.420092271007206,36.49245762272562
2016-06-19,94.32245051791044,61.72083014188278,50.66545593101706,47.16122525895523
2016-06-20,59.39346550547653,16.128488538389245,36.24595301452456,29.696732752738264
2016-06-21,78.88756959942643,11.38538548363351,41.84751638578234,39.443784799713214
2016-06-22,8.95099289336728,21.122163400019616,23.70701650184208,4.47549644668364
2016-06-23,0.0922139446591718,14.470371794738538,14.503135066429348,0.0461069723295859
2016-06-24,1.8606322286673187,16.312343400826165,16.939146796593167,0.9303161143336592
2016-06-25,24.193678966215167,17.447929502872572,25.323472935803625,12.096839483107583
2016-06-26,70.48020666177379,14.807141251826048,39.61114082772519,35.240103330886896
2016-06-27,67.92645260255799,10.745446789809082,37.40967227047532,33.96322630127899
2016-06-28,3.921275442498552,12.47500783538134,13.946466137932036,1.960637721249276
2016-06-29,30.079275621345257,20.388678102566843,29.295549231219525,15.039637810672629
2016-06-30,56.96884487134823,16.408365861886175,35.54513180377909,28.48442243567412
2016-07-01,32.8969871566031,18.06745951964863,28.572303260246905,16.44849357830155
2016-07-02,79.83808773530143,19.474977635651346,43.84557177212041,39.91904386765072
2016-07-03,56.94655570371815,16.224561065484934,35.45851021250386,28.47327785185908
2016-07-04,55.62155950933988,20.713217423817536,37.00298262279985,27.81077975466994
2016-07-05,56.68987574122816,12.448818332016378,33.73653655895914,28.34493787061408
2016-07-06,19.247919884410344,11.765719074722483,19.125022835600287,9.623959942205172
2016-07-07,4.974379629937216,10.785708199235726,12.736375942597084,2.487189814968608
2016-07-08,45.11684065523709,21.69608769608769,34.46591870944186,22.558420327618546
2016-07-09,52.5544447670801,10.27785306486444,31.15360683618865,26.27722238354005
2016-07-10,13.437825065973469,16.686015274206547,21.1626902641638,6.718912532986734
2016-07-14,65.63409658238031,9.002443365207686,35.91081928330334,32.817048291190154
2016-07-15,66.15277777777779,9.51071478879709,36.29550165837479,33.07638888888889
2016-07-16,25.640988390192472,6.704997418256416,17.806236172623766,12.820494195096236
2016-07-17,30.966119002748005,9.084868674235135,21.75469693070211,15.483059501374004
2016-07-18,10.83655676879922,9.315685420678705,13.724464266063713,5.418278384399611
2016-07-19,8.16154485049834,10.195480834015385,13.444144518272424,4.08077242524917
2016-07-20,2.003771609912522,8.941938437280118,9.764648218454305,1.001885804956261
2016-07-21,56.56413170151085,11.071963946416124,33.09126952857694,28.282065850755423
2016-07-22,58.92404262687384,12.736203876192064,34.693538988576016,29.46202131343692
2016-07-23,99.59543675852504,100.0,50.20228162073749,49.79771837926251
2016-07-24,52.02139853211541,12.151858267920632,31.84099091536553,26.010699266057703
2016-07-25,79.20349579608961,14.46313942825246,42.60957529725875,39.601747898044806
2016-07-26,77.69912274883089,21.056300716655976,43.54530115087393,38.84956137441544
2016-07-27,69.58906778133075,11.655672463610095,38.33913254320394,34.79453389066538
2016-07-28,86.80319580964378,18.93801419330528,45.90081055545426,43.40159790482189
2016-07-29,36.66153900448619,16.481701201565375,28.77002538919371,18.330769502243093
2016-07-30,20.652246131869408,13.100499527685974,20.721075186658584,10.326123065934704
2016-07-31,97.0361382417678,31.3748777420707,49.44797712397324,48.5180691208839
2016-08-01,79.17185792972775,16.34601029152691,42.99049921120442,39.58592896486388
2016-08-02,92.221018822053,14.756149504845064,47.25838750359812,46.110509411026506
2016-08-03,14.016229033691442,9.4773522529419,15.15709937168557,7.008114516845721
2016-08-04,33.70721462930759,15.716239947660531,27.272340531499413,16.853607314653797
2016-08-05,99.94264535365248,100.0,50.02867732317377,49.97132267682624
2016-08-06,47.861817201290144,6.795668467493615,27.47404664862118,23.930908600645072
2016-08-07,2.8845554794093826,6.263792661021299,7.525387826303658,1.4422777397046913
2016-08-08,0.0174458814220054,5.672147152605395,5.679880537250072,0.0087229407110027
2016-08-09,90.29500113940048,10.132986103699276,46.13090675560896,45.14750056970024
2016-08-10,71.78387027905424,7.414290856467027,37.98396106547608,35.89193513952712
2016-08-11,46.27593589099976,12.256592233347105,29.722707414522027,23.13796794549988
2016-08-12,85.27447294852479,7.32791983900249,43.71631129246513,42.6372364742624
2016-08-13,2.3283489096573207,7.032271645732731,8.032710280373832,1.1641744548286603
2016-08-14,0.2560806165872948,5.811692097547974,5.924849788884066,0.1280403082936474
2016-08-15,37.04697179037164,9.365144749633387,24.419128111295056,18.52348589518581
2016-08-16,10.791181685678335,12.02322766838896,16.121370169049527,5.395590842839168
2016-08-17,68.29436124041933,10.835174604834808,37.58254193938841,34.14718062020967
2016-08-18,65.51675531804632,18.511349427719534,39.14169157611512,32.75837765902316
2016-08-19,70.34939659105048,15.20633877182799,39.68346949778128,35.17469829552524
2016-08-20,64.22310790001099,11.507869842023856,36.22871212639354,32.111553950005494
2016-08-21,80.13455099565664,23.65790022959716,44.76702360343737,40.06727549782832
2016-08-22,17.33452408149702,7.137491363607813,14.567488421358698,8.66726204074851
2016-08-23,0.0467300395232289,3.8301223444928354,3.851697546569081,0.0233650197616144
2016-08-24,0.0,4.607789586054926,4.607789586054926,0.0
2016-08-25,0.0056076047427874,4.077995771213512,4.080570895700629,0.0028038023713937
2016-08-26,0.0876447852391228,4.801202327326547,4.840816716477427,0.0438223926195614
2016-08-27,0.2492248070065401,4.869735765459834,4.982211579399908,0.12461240350327
2016-08-28,4.294505284538493,7.399619374985081,9.22909497215986,2.1472526422692466
2016-08-29,58.53300084779666,12.03411181316484,34.256685467438594,29.26650042389833
2016-08-30,77.27896429933507,17.45409098787619,42.60523239424943,38.639482149667536
2016-08-31,23.15032975519024,11.15880292057558,20.15066812532565,11.57516487759512
2016-09-01,59.06304773955341,13.145853918066427,34.9130358124436,29.531523869776706
2016-09-02,20.244120150291657,9.78298213467705,17.924563552197288,10.122060075145829
2016-09-03,23.17949952975811,9.507349622586949,18.893343326406004,11.589749764879056
2016-09-04,51.49137196266334,11.696706453709089,31.41959780758056,25.74568598133167
2016-09-05,41.45383348612246,8.341422285831698,25.61049972414995,20.72691674306123
2016-09-06,43.39318127599548,8.558832583297908,26.54147348331622,21.69659063799774
2016-09-07,10.122826143383689,6.592256472577896,10.98634688262472,5.061413071691844
2016-09-08,3.124084923273737,7.572126206390924,8.897609014842674,1.5620424616368684
2016-09-09,12.741013648786728,9.228887159384898,14.423540211169907,6.370506824393364
2016-09-10,69.44125462753763,11.969313626404931,38.37829938769335,34.720627313768816
2016-09-11,42.93880379618141,11.3482733417936,27.9448624153972,21.469401898090705
2016-09-12,11.664130188792852,11.05979410520378,15.6018304165568,5.832065094396426
2016-09-13,6.823019748004744,8.780755266202027,11.593152474367468,3.411509874002372
2016-09-14,3.747271530248372,7.160796972299301,8.766098231141626,1.8736357651241853
2016-09-15,90.87785287166815,19.106761727441988,47.181873352071136,45.43892643583408
2016-09-16,99.96231884057973,51.098901098901095,50.00041407867495,49.981159420289856
2016-09-17,94.32066703116458,20.883929548189474,48.34640141160097,47.16033351558229
2016-09-18,96.14428195481716,34.73848136612609,49.41155887206478,48.07214097740859
2016-09-19,67.81446902737433,9.475955808934842,36.95712120552421,33.907234513687165
2016-09-20,49.97707549733723,9.505679768081322,29.74355676252082,24.988537748668616
2016-09-21,68.67954093698765,19.308578575730103,40.38730591695494,34.339770468493825
2016-09-22,15.117838825557008,10.083075658538494,16.11765194460018,7.558919412778504
2016-09-23,42.32766041297201,12.095437102360393,28.13955176669467,21.163830206486004
2016-09-24,17.08200717113773,13.0908890597105,19.39570603733393,8.541003585568864
2016-09-25,0.2589882634909624,4.904402363808247,5.021194669037091,0.1294941317454812
2016-09-26,7.6463026915002095,6.773292679636275,10.078537564920165,3.8231513457501047
2016-09-27,29.049624253643834,10.338200709045596,21.85980437530223,14.524812126821915
2016-09-28,1.7327462667968183,4.884105785305624,5.665849758042742,0.8663731333984092
2016-09-29,1.7102910298506535,4.733107665521423,5.507303264610163,0.8551455149253268
2016-09-30,37.40701778411319,13.56504732070343,27.194276549081124,18.7035088920566
2016-10-01,83.69824642821627,12.859031060952672,43.94537076938376,41.84912321410813
2016-10-02,94.46988383483796,63.583252190847126,50.75116962516076,47.23494191741898
2016-10-03,39.38527608634765,8.957236639444698,25.12204230246574,19.692638043173822
2016-10-04,31.80727692320464,6.003871109109279,19.99784166092493,15.903638461602318
2016-10-05,26.47503687981227,6.8092863653423406,18.244043728772063,13.237518439906134
2016-10-06,27.04926535574541,6.727925283825904,18.43270359874025,13.524632677872706
2016-10-07,55.4774275847049,10.867458653622176,32.57718594111363,27.73871379235245
2016-10-08,81.4087355445366,20.278192639486413,44.47434019266353,40.7043677722683
2016-10-09,96.01229089839924,23.360506776052755,48.937694504088334,48.00614544919962
2016-10-10,86.24268690853042,27.739963256332263,46.93761705089746,43.12134345426521
2016-10-11,87.3647114396526,34.12694508665781,47.99439370835682,43.6823557198263
2016-10-12,26.888790646799627,29.814734905692514,35.24230857840237,13.444395323399814
2016-10-13,87.46645073642705,32.8332314403265,47.84839460560977,43.733225368213525
2016-10-14,99.15320735653695,22.273838630806846,49.76521690521098,49.57660367826848
2016-10-15,65.21368779054222,19.642527331764427,39.439754778726765,32.60684389527111
2016-10-16,2.0191363114313186,13.393362457633046,14.132500368645026,1.0095681557156593
2016-10-17,100.0,-1.0,50.0,50.0
2016-10-18,61.64735844439191,16.772473611351447,37.256365906366526,30.82367922219596
2016-10-19,99.99772256728778,100.0,50.00113871635611,49.99886128364389
2016-10-20,42.93544104223716,30.96294088136284,39.13658617542113,21.46772052111858
2016-10-21,55.75655643532325,23.145105722763088,38.11847000609709,27.878278217661624
2016-10-22,64.51110705727244,27.804809663720743,42.12317266312324,32.25555352863622
2016-10-23,86.76938820746216,41.35247698377905,48.85587980005345,43.38469410373108
2016-10-24,92.75811649311164,30.31715617582292,48.57459137941033,46.37905824655582
2016-10-25,95.68009110673982,99.43440540670083,52.13552127549436,47.84004555336991
2016-10-26,93.98190616801296,35.6570209544782,49.13682606273826,46.990953084006485
2016-10-27,6.8194324753667726,11.275502813527217,13.916293750584034,3.4097162376833863
2016-10-28,5.446579665908784,8.646738724652703,10.8990770444659,2.723289832954392
2016-10-29,7.349945702841931,7.55584241535955,10.675464951859288,3.6749728514209656
2016-10-30,15.620900107946524,7.824420438358456,14.412625591629991,7.810450053973263
2016-10-31,1.2373985968672507,7.62024326233976,8.144649777567322,0.6186992984336254
2016-11-01,6.446168091582134,8.578460200125605,11.248562281747104,3.223084045791067
2016-11-02,85.39016580856008,30.942829196376675,47.215778944011134,42.69508290428004
2016-11-03,6.815454065974226,9.339067653088511,12.110294819989118,3.407727032987113
2016-11-04,61.00458286782644,21.771300090893146,38.992100719454285,30.50229143391322
2016-11-05,97.4607874602698,100.0,51.2696062698651,48.7303937301349
2016-11-06,92.01256520217592,99.8677831643896,53.98315666537591,46.00628260108796
2016-11-07,58.72152216330991,42.93364143266188,47.08311474492028,29.36076108165496
2016-11-08,55.69958719688012,74.70862852888429,60.94602443628519,27.84979359844006
2016-11-09,76.75632118191498,90.82588430311834,59.48943742205982,38.37816059095749
2016-11-10,39.86944373572624,48.55183452691421,49.12921004540636,19.93472186786312
2016-11-11,99.04035280233543,99.2017259978425,50.47216298474089,49.52017640116773
2016-11-12,29.62559431532592,46.28475713868648,47.3853238616436,14.812797157662958
2016-11-13,89.27680074894421,74.99468835107102,52.680230234065775,44.638400374472106
2016-11-14,7.350290697674419,53.63300396009871,53.36596760797342,3.6751453488372094
2016-11-15,21.741928519232047,52.03944122281585,51.59602736995947,10.870964259616024
2016-11-16,90.51184853757562,43.59786049557909,49.39255530698484,45.25592426878781
2016-11-17,57.03189939119818,31.8802825054996,42.214301556932405,28.51594969559909
2016-11-18,89.13033120868695,67.4708897909401,51.89902785517051,44.56516560434348
2016-11-19,99.58198757763977,100.0,50.20900621118013,49.79099378881988
2016-11-20,87.77986736202875,76.3478585108727,53.21974325729364,43.88993368101438
2016-11-21,92.30449027266364,61.979601173336206,50.92189137359019,46.15224513633182
2016-11-22,99.98509316770186,95.83333333333334,50.00683229813665,49.99254658385093
2016-11-23,91.80415786640162,52.89153886965968,50.23698596098895,45.90207893320081
2016-11-24,100.0,-1.0,50.0,50.0
2016-11-25,97.93009489221876,45.28358507552266,49.902374686574085,48.96504744610938
2016-11-26,91.58591266348414,76.86513894700569,52.26045625407739,45.79295633174207
2016-11-27,41.83018734887039,45.45555016827335,47.35650204686003,20.915093674435195
2016-11-28,20.342525748587512,37.54159403182644,40.07594847376571,10.171262874293756
2016-11-29,13.854687600553865,39.33243045246863,40.81038888785091,6.927343800276932
2016-11-30,3.943406335533229,33.25399038804537,33.9143535920322,1.9717031677666144
2016-12-01,60.75630025642567,21.443437288708587,38.79334827249529,30.37815012821284
2016-12-02,4.635915626044862,32.20296167247387,33.028017353272844,2.317957813022431
2016-12-03,19.62508587285214,39.36683365181016,41.45360167864563,9.81254293642607
2016-12-04,17.79872268795935,37.953994546005454,40.0980296517384,8.899361343979676
2016-12-05,3.4954404138621387,30.51204910024489,31.19323881182855,1.747720206931069
2016-12-06,6.566175630923832,32.92393502366614,34.045179440862896,3.283087815461916
2016-12-07,4.332350375877393,31.021016849078965,31.8432528969556,2.166175187938697
2016-12-08,10.73037032422836,33.99484098463228,35.71225381796285,5.36518516211418
2016-12-09,31.9334723648852,37.03752255987513,41.17689171102189,15.9667361824426
2016-12-10,3.836800471838196,30.23587289383776,30.99418301590169,1.918400235919098
2016-12-11,36.21505215724351,33.64688433090689,39.56917369980332,18.10752607862176
2016-12-12,32.70726074045483,22.14944538499256,31.258598900585817,16.353630370227414
2016-12-13,5.415883629416589,31.657313978098024,32.6507325075535,2.7079418147082945
2016-12-14,18.16419465580725,26.19280714213249,30.517191994918992,9.082097327903629
2016-12-15,12.014192230397448,31.434180503677418,33.66471374711422,6.007096115198724
2016-12-16,5.263573232323232,27.43527915999912,28.62298976608187,2.631786616161616
2016-12-17,20.067332519697462,33.16333684751731,36.54200602754739,10.033666259848731
2016-12-18,13.501202127703747,27.717237373325204,30.725678195189,6.7506010638518745
2016-12-19,49.292768377754406,40.85046327544946,45.36052322071974,24.646384188877203
2016-12-20,60.53690663196157,35.96935292449561,44.46307264445375,30.268453315980786
2016-12-21,4.38144008771602,28.97025767990357,29.891663240259657,2.19072004385801
2016-12-22,10.707634816006644,29.973564225910778,32.117921835262365,5.353817408003322
2016-12-23,5.595298661655228,27.088557476573843,28.37052111345301,2.797649330827614
2016-12-24,82.64318841360225,51.156407380003344,50.20071545011838,41.32159420680112
2016-12-25,58.18533522969942,18.15274465373879,36.68317693841925,29.09266761484971
2016-12-26,17.515972484567197,28.51074538225376,32.27479730823678,8.757986242283598
2016-12-27,9.476127499932526,28.619100041282508,30.6451813820036,4.738063749966263
2016-12-28,9.678879274551162,27.910018250104585,30.048080915447343,4.839439637275581
2016-12-29,8.619082516239798,32.32591953109026,33.84926311069221,4.309541258119899
2016-12-30,5.008690812658475,26.47718528105215,27.65537034075877,2.5043454063292376
2016-12-31,13.355450551823218,29.92648785420251,32.60739584284872,6.677725275911609
2017-01-01,5.662148439041308,25.63299916788841,27.01269492514501,2.8310742195206537
2017-01-02,27.20608684462856,25.152249529566063,31.91235010148892,13.60304342231428
2017-01-03,7.0415632689931575,31.57300986272604,32.87049246711175,3.5207816344965788
2017-01-04,76.51115357988252,15.11193865214744,41.80519685104655,38.25557678994126
2017-01-05,85.18392688085615,26.02069351230425,46.44720841731939,42.59196344042808
2017-01-06,14.662226964547427,44.4325247394693,45.248840598363344,7.331113482273714
2017-01-07,46.57025187569211,27.782650882980786,38.12932632687849,23.28512593784605
2017-01-08,52.11081821556789,20.98076240136508,36.102924553933455,26.055409107783944
2017-01-09,18.31950805961228,53.67820618687671,53.00437690802266,9.15975402980614
2017-01-10,22.962372687202727,45.404760365485735,46.45993641623295,11.481186343601363
2017-01-11,24.471178090492725,46.25707165485654,47.17301031599612,12.235589045246362
2017-01-12,28.12509077027134,35.51541883282769,39.58922043378853,14.06254538513567
2017-01-13,99.8757751115436,90.66666666666666,50.0505181213056,49.9378875557718
2017-01-14,76.2468999724442,48.28951729672208,49.593707332536354,38.1234499862221
2017-01-15,35.72042020362948,52.21341182013871,51.42277181714836,17.86021010181474
2017-01-16,54.65111457573144,50.496493457807205,50.22515424931998,27.32555728786572
2017-01-17,55.78913760539699,79.49476665666266,63.03989070018638,27.89456880269849
2017-01-18,28.333343710631127,67.30542563820391,62.40221991154391,14.166671855315563
2017-01-19,5.055315225134108,56.09389046986794,55.78582509714172,2.527657612567054
2017-01-20,2.3137821750923147,52.69928672413976,52.63683110906199,1.156891087546157
2017-01-21,5.068822009752207,51.869514617477975,51.77475224907171,2.5344110048761035
2017-01-22,4.02643169976513,49.65444418959914,49.6683577582895,2.013215849882565
2017-01-23,8.35323335562136,51.24947037138578,51.14509919555458,4.17661667781068
2017-01-24,9.245267740910762,50.18462087519904,50.16755218098127,4.622633870455381
2017-01-25,12.521466825318706,51.20033043804405,51.05003146045016,6.260733412659353
2017-01-26,5.843275290990458,47.62101158561734,47.76002242781048,2.921637645495229
2017-01-27,2.631578947368421,46.916026594031486,46.9971837889254,1.3157894736842104
2017-01-28,30.38012751112716,52.528785283384224,51.76053708980948,15.190063755563576
2017-01-29,3.272700086599146,45.52010649032784,45.66671996909844,1.636350043299573
2017-01-30,65.90222531841357,56.96043974753432,52.37335506196183,32.951112659206785
2017-01-31,95.59785804805723,93.89905451808646,51.9324986954469,47.798929024028624
2017-02-01,90.1346080955409,85.80126388276543,53.53193498878438,45.06730404777045
2017-02-02,73.28946223369648,81.10712041641133,58.3087110930617,36.64473111684824
2017-02-03,94.1545883717078,95.77060677978108,52.675480371045225,47.0772941858539
2017-02-04,94.3407754121448,85.48215919487649,52.00801507745837,47.1703877060724
2017-02-05,99.68260869565218,100.0,50.15869565217391,49.84130434782609
2017-02-06,98.50517598343686,100.0,50.74741200828158,49.25258799171843
2017-02-07,14.04982179812644,76.84261877793905,73.07127867368818,7.0249108990632205
2017-02-08,71.4590909561848,75.49097192475514,57.27535511142884,35.7295454780924
2017-02-09,55.55818280245661,75.01330122371257,61.11636560491323,27.779091401228307
2017-02-10,81.38658987559431,85.06889566591724,56.52751737639711,40.69329493779716
2017-02-11,61.47373614459579,84.5302856650901,63.30305373419598,30.73686807229789
2017-02-12,77.85691631928394,93.42832000898692,59.61636924071912,38.92845815964197
2017-02-13,17.73105877420386,73.65540939434764,69.46105485135733,8.86552938710193
2017-02-14,1.0680916195409054,62.51821063459075,62.38450467588622,0.5340458097704527
2017-02-15,3.368880120450651,61.047747381813565,60.67556201651004,1.6844400602253256
2017-02-16,2.312077505373664,59.12768770913853,58.91664849485478,1.156038752686832
2017-02-17,84.58742667216474,54.64641032535628,50.71613139850765,42.29371333608237
2017-02-18,19.42019238353821,55.506467210559805,54.43698546536972,9.710096191769106
2017-02-19,8.918222460323888,60.28615851795786,59.36881601870483,4.459111230161944
2017-02-20,44.38169025481844,48.01960806258464,48.89853947807972,22.19084512740922
2017-02-21,80.5824800250244,45.38587919004844,49.10405217005815,40.2912400125122
2017-02-22,18.029813076741068,61.228458425964845,59.2039883603638,9.014906538370534
2017-02-23,47.444264313819794,64.05205296811577,57.38515981640497,23.722132156909897
2017-02-24,99.968115942029,90.9090909090909,50.01304347826087,49.984057971014494
2017-02-25,6.210905375433001,55.409852037856346,55.072125169254285,3.1054526877165003
2017-02-26,90.03051060207173,31.676050778084807,48.17319582503941,45.01525530103586
2017-02-27,28.93845706934473,56.56754420799365,54.66676349753081,14.469228534672366
2017-02-28,99.88612836438924,100.0,50.05693581780538,49.94306418219462
2017-03-01,33.550227718355444,68.28147884443028,62.14304240022409,16.775113859177722
2017-03-02,43.79770675693615,50.866185903350335,50.48681634143104,21.898853378468075
2017-03-03,66.5363382127035,50.92956839033819,50.31106762222439,33.26816910635175
2017-03-04,83.41398239254274,83.95508873596523,55.63179699637494,41.70699119627137
2017-03-05,90.68321308799555,78.0203655120281,52.61059774672045,45.34160654399778
2017-03-06,55.444287992435,58.1014844226392,53.606541399068064,27.7221439962175
2017-03-07,81.95333530895309,49.20306830186946,49.85618040862171,40.97666765447654
2017-03-08,18.84583286623569,64.45187993389918,61.72830279552749,9.422916433117845
2017-03-09,82.22825906770109,31.14790415670728,46.64965436642132,41.114129533850544
2017-03-10,24.38877701482199,54.26079029525553,53.17707372005584,12.194388507410997
2017-03-11,2.4581518286124804,58.23017667573679,58.0146878672486,1.2290759143062402
2017-03-12,7.201853720521732,58.47653313285362,57.86460863823797,3.600926860260866
2017-03-13,6.67914120877067,58.12605290741536,57.583060928654206,3.339570604385335
2017-03-14,25.14873510314445,57.46757747306671,55.58957619574307,12.574367551572225
2017-03-15,56.61941645749865,66.06098539866983,56.96721226529483,28.30970822874933
2017-03-16,4.99349081343031,52.57104268789734,52.44265790746782,2.496745406715155
2017-03-17,4.766137188163881,52.22354511199497,52.11756790151658,2.3830685940819407
2017-03-18,84.76524615167817,17.58416649663334,45.061527557880254,42.382623075839085
2017-03-19,90.59176805591508,39.735857362976006,49.03432565363707,45.29588402795754
2017-03-20,11.623363005321854,51.65959066484657,51.46626135021044,5.811681502660927
2017-03-21,94.83592572346734,68.21972734562951,50.940880253110045,47.41796286173367
2017-03-22,98.9997618973674,56.5100393293314,50.06511589386834,49.4998809486837
2017-03-23,88.8933767481938,53.939687808880855,50.43756628222973,44.4466883740969
2017-03-24,97.11698728898662,19.68543521976444,49.12602724409743,48.55849364449331
2017-03-25,15.76948473987815,44.73805526588912,45.56783683775557,7.884742369939075
2017-03-26,64.99460737545112,41.98607613686861,47.19469448707844,32.49730368772556
2017-03-27,9.01682232123948,44.30858407786488,44.821768939126535,4.50841116061974
2017-03-28,3.807304775432564,43.90130695531655,44.13350278684576,1.9036523877162816
2017-03-29,8.941031874718426,40.45408013205624,41.307583870184175,4.470515937359213
2017-03-30,24.96134617020968,36.21348187196287,39.65478238672093,12.480673085104838
2017-03-31,8.867133157534104,39.46070334126975,40.3952368098669,4.433566578767052
2017-04-01,92.2792038725152,38.30717639168344,49.09722092765546,46.1396019362576
2017-04-02,56.002512187842,42.77766000047111,46.82235183895466,28.001256093921
2017-04-03,51.29271454498314,28.721202572073413,39.63567539538501,25.64635727249157
2017-04-04,94.16110092883105,35.074838618145705,49.12853489070444,47.08055046441552
2017-04-05,89.02753783500499,37.94438046330734,48.67696590810227,44.513768917502496
2017-04-06,53.91420477875152,25.89027781527579,38.888842805536086,26.95710238937576
2017-04-07,49.27951199775917,30.855702913431564,40.28985507246377,24.639755998879583
2017-04-08,6.716438057462075,38.7145391847157,39.47252016987343,3.3582190287310376
2017-04-09,3.4173905639649704,36.87314682818692,37.321742669826,1.7086952819824852
2017-04-10,25.76760962368191,33.278723814689215,37.58739698621778,12.883804811840957
2017-04-11,83.16697713836953,17.718745383819982,44.56608903043728,41.583488569184766
2017-04-12,67.2841413025225,28.94576748076704,43.11192703916939,33.64207065126125
2017-04-13,57.83082059683541,22.01245180580691,38.19788059144357,28.915410298417704
2017-04-14,13.138242102749894,35.325808965184265,37.25373970995837,6.569121051374947
2017-04-15,98.1461733896266,30.503741762537693,49.63857317676681,49.0730866948133
2017-04-16,92.59217067108534,19.13323081224661,47.71344241922121,46.29608533554267
2017-04-17,98.01593957125908,30.473805051137543,49.612588492780816,49.00796978562954
2017-04-18,73.93124295097194,19.784633248236428,42.12322945000995,36.96562147548597
2017-04-19,74.47005620678793,14.734175982075447,40.99665495001077,37.235028103393965
2017-04-20,32.68765183361109,27.854847365207043,35.064651062524355,16.343825916805546
2017-04-21,5.527881942501073,39.95136730000572,40.43197784452612,2.7639409712505363
2017-04-22,13.132535874239275,37.90706568505593,39.49478107941439,6.566267937119638
2017-04-23,21.61639244995044,29.5643675542819,33.95624836693473,10.80819622497522
2017-04-25,94.60447373271508,31.46278739492573,48.999819824670766,47.30223686635754
2017-04-26,99.95900604143289,100.0,50.02049697928356,49.97950302071644
2017-04-27,99.94658362974587,100.0,50.026708185127056,49.97329181487294
2017-04-28,95.4177523519153,22.447226867965465,48.73746370117523,47.70887617595765
2017-04-29,31.53519251916097,60.28785636356453,56.77227591794889,15.767596259580486
2017-04-30,11.560213942796445,53.857136483290944,53.36308449412653,5.780106971398221
2017-05-01,98.04905724449524,50.6898747611972,50.01345906167563,49.02452862224762
2017-05-02,30.26937105423585,55.90620245234046,53.85964187185501,15.134685527117924
2017-05-03,93.25428560773378,32.35736888998126,48.80920810007832,46.62714280386689
2017-05-04,98.48076994752994,50.87241003271538,50.01314857684773,49.24038497376497
2017-05-05,45.89583324698363,48.12930065126204,48.93800229621125,22.94791662349181
2017-05-06,96.99635155897349,70.11581414587067,50.60420833799224,48.498175779486736
2017-05-07,98.04608554484312,20.76091564222128,49.42869330417785,49.02304277242156
2017-05-08,97.93691255433129,47.06413730803975,49.939430585380094,48.96845627716564
2017-05-09,49.97648784307551,39.804467535054336,44.85902027845851,24.988243921537755
2017-05-10,35.53899860404433,48.064694676140455,48.75058856229011,17.769499302022165
2017-05-11,85.2872272775291,36.17165061665822,47.96539145889045,42.64361363876455
2017-05-12,91.11405231194956,28.943381273163794,48.12891987506111,45.557026155974775
2017-05-13,55.02642758758027,33.128378752375504,42.4116107137523,27.513213793790136
2017-05-14,68.35735921895312,25.04586554842092,42.10380094831929,34.17867960947656
2017-05-15,87.12261053137514,33.47276295891116,47.87172331781616,43.56130526568757
2017-05-16,6.51642084889164,31.70740918461648,32.899431386312564,3.25821042444582
2017-05-17,10.339027748072503,34.71625226961129,36.29644318840158,5.169513874036252
2017-05-18,78.9279208519933,30.47570342541871,45.885824772712674,39.46396042599665
2017-05-19,93.44805450290946,27.43362831858407,48.52146362676275,46.72402725145473
2017-05-20,97.34362480304937,25.892439594699923,49.35961274480371,48.67181240152468
2017-05-21,46.666376154784736,28.524739416152112,38.54646530043079,23.333188077392368
2017-05-22,19.90234018170041,29.83090034421266,33.845023169293626,9.951170090850203
2017-05-23,52.97490741989357,27.15160499055888,39.2555210937419,26.487453709946784
2017-05-24,89.78297521551278,14.241404476159586,46.34653543274469,44.89148760775639
2017-05-25,27.37942839358888,20.28385046846471,28.418278956377407,13.68971419679444
2017-05-26,5.403390590736926,24.44797133994956,25.82864725230912,2.701695295368463
2017-05-27,1.7780223888346591,23.30460450639421,23.779206214043903,0.8890111944173296
2017-05-28,3.98463963580402,23.550927618301888,24.604827839725523,1.99231981790201
2017-05-29,3.253327573638597,22.62183315373024,23.51253460489671,1.6266637868192986
2017-05-30,50.173479975098566,22.025787750818363,36.06142353185308,25.086739987549283
2017-05-31,45.61286654548775,23.07169917858601,35.354469095225056,22.80643327274388
2017-06-01,55.17552595543384,14.769608183480292,34.20816216440517,27.58776297771692
2017-06-02,79.19845469260693,20.29671402666241,43.82125751047165,39.599227346303465
2017-06-03,54.71686760736375,16.4026812427551,34.786081666780774,27.35843380368188
2017-06-04,92.86280943119138,19.026612879821226,47.78937033561802,46.43140471559569
2017-06-05,90.22182723660606,14.9827334166649,46.57595117646328,45.11091361830303
2017-06-06,95.80181919097365,30.758218975219663,49.19136712698715,47.900909595486816
2017-06-07,29.047185067853576,16.11678097422813,25.95853427140185,14.523592533926788
2017-06-08,47.8628525442923,5.775481058029303,26.94259734764736,23.93142627214615
2017-06-09,38.34885712922808,6.6608580396220125,23.280923671040707,19.17442856461404
2017-06-10,21.932466001606272,14.424326846138918,22.22694926545207,10.966233000803136
2017-06-11,0.6542137596730178,12.73581355677086,12.97960099191267,0.3271068798365089
2017-06-12,43.41653475185839,14.304780482081442,29.80240786883069,21.7082673759292
2017-06-13,2.050416189004636,14.244369104336156,14.97750834870159,1.0252080945023176
2017-06-14,99.3391304347826,22.431077694235587,49.81780538302277,49.6695652173913
2017-06-15,20.767239428608203,16.064087616103127,23.11163979314969,10.383619714304102
2017-06-16,83.87739199993368,20.58124140413116,45.256928873102254,41.93869599996684
2017-06-17,16.50742636952884,8.170791143647179,15.075716996566058,8.25371318476442
2017-06-18,0.6934737865247181,8.749555578793265,9.035616597679285,0.346736893262359
2017-06-19,2.527341981416176,11.597933201938956,12.568484757857837,1.2636709907080876
2017-06-20,19.512103981515505,17.415549210623375,23.773461130452294,9.756051990757753
2017-06-21,17.067185420632928,13.0896710559255,19.38922533617624,8.533592710316464
2017-06-22,6.728790292266253,12.64047132904191,15.154315667489769,3.3643951461331265
2017-06-23,48.44204619216388,10.552503077059216,29.66167775812261,24.22102309608194
2017-06-24,14.782444419993649,13.047429029421153,18.509922294905675,7.391222209996824
2017-06-25,91.6676851942004,10.036795783402118,46.67014001818848,45.8338425971002
2017-06-26,1.1385514518504056,8.39105307274893,8.864792342088812,0.5692757259252028
2017-06-27,86.33381735475733,19.374005305039788,45.8145956280644,43.166908677378665
2017-06-28,77.03762648712386,16.884312362937358,42.39585211342033,38.51881324356193
2017-06-29,82.37632829123064,23.80207843506066,45.38296430887419,41.18816414561532
2017-06-30,79.7626597362978,19.077707684745207,43.74215048682525,39.8813298681489
2017-07-01,69.0418393301727,11.888978170617383,38.20152862914677,34.52091966508635
2017-07-02,88.718253581926,12.901863582116956,45.81468232350328,44.359126790963
2017-07-03,31.3929111107421,11.753956560281006,23.7605029806878,15.69645555537105
2017-07-04,25.267633058832565,13.572942447701823,22.777197684146284,12.633816529416285
2017-07-05,8.283229803344943,12.06130171029779,15.20385127403152,4.141614901672472
2017-07-06,10.137015317141245,9.599364047909006,13.694782702594942,5.0685076585706215
2017-07-07,22.862193965526185,10.11913888597475,19.236778708985312,11.431096982763092
2017-07-08,30.22779955631279,12.097426623677917,23.55454053055693,15.113899778156394
2017-07-09,37.839003970344805,6.54904525765696,22.990453747764867,18.919501985172403
2017-07-10,79.29293661961616,14.615985107788386,42.673009609745286,39.64646830980808
2017-07-11,64.00827705749776,17.09632633780179,38.15740093759654,32.00413852874888
2017-07-12,37.77180962896701,15.167463795668152,28.32434305970939,18.885904814483503
2017-07-13,47.97126433204923,15.547200204143474,32.07464386400552,23.98563216602461
2017-07-14,73.36514068743678,16.871838767411095,41.17636086286084,36.68257034371839
2017-07-15,54.87005715328528,11.174881216053524,32.478246082635856,27.43502857664264
2017-07-16,7.772765114632662,5.620061679760484,9.069610043411554,3.886382557316331
2017-07-17,0.4234771230970529,6.204179363480314,6.389644644748593,0.2117385615485264
2017-07-18,11.787865762112125,12.685824052429748,17.08436902336766,5.893932881056061
2017-07-19,10.772607586945869,7.434248650762067,12.019690010050583,5.386303793472933
2017-07-20,74.25204421217533,17.37153434469438,41.59883708882636,37.12602210608767
2017-07-21,38.47052549227937,9.884824876477632,25.317343548644818,19.23526274613969
2017-07-22,51.07316344689977,16.750251177460584,33.73194973927977,25.536581723449885
2017-07-23,53.18082255428245,15.33986948373863,33.772411990674286,26.590411277141225
2017-07-24,97.19026438723785,14.584715159554868,49.004924129476855,48.59513219361892
2017-07-25,63.910132951320286,11.37969462667019,36.061983136971165,31.955066475660143
2017-07-26,88.85944502342272,15.276176306490608,46.13157333145482,44.42972251171136
2017-07-27,95.6130814453121,3.1578947368421053,47.94507499280409,47.80654072265605
2017-07-28,45.527562910829296,9.030552582361702,27.682943529646103,22.763781455414648
2017-07-29,51.90785065766138,18.73226193248967,34.962672712601666,25.95392532883069
2017-07-30,28.66251689003369,9.361970794212375,21.009852779098075,14.331258445016845
2017-07-31,7.82883494561031,5.678602966353692,9.148451985706483,3.914417472805155
2017-08-01,0.8290654737427986,4.297884459932065,4.67678492064481,0.4145327368713993
2017-08-02,24.22155669981134,7.849452647204626,18.058971373542786,12.11077834990567
2017-08-03,4.3577491054611,5.74401420912867,7.672579034043357,2.17887455273055
2017-08-04,2.782681292755766,8.160387938861177,9.324650996648073,1.391340646377883
2017-08-05,13.052072907885066,22.044782606619,25.693426413119763,6.526036453942533
2017-08-06,91.65756991381042,8.38733705772812,46.52849268703925,45.82878495690521
2017-08-07,11.552786520399604,8.452476239880385,13.252372964399306,5.776393260199803
2017-08-08,45.81990800581758,10.952703711787883,28.844138949805696,22.90995400290879
2017-08-09,43.83716805347241,13.760993465790513,29.64714766110077,21.918584026736205
2017-08-10,83.22323653515123,28.93407909520811,46.46582027811094,41.611618267575615
2017-08-11,80.09691834484359,11.23899796885579,42.28487692447997,40.04845917242179
2017-08-12,61.06340723173306,10.275795974869556,34.53274844829945,30.53170361586653
2017-08-13,15.998480151652627,7.910542941464355,14.644216374912537,7.999240075826314
2017-08-14,56.55397544035024,15.182471298661,34.87316792935316,28.27698772017512
2017-08-15,4.208541278554176,8.355863522341203,10.108474196100907,2.104270639277088
2017-08-16,83.15741717093664,18.6762770445628,44.72427601608416,41.57870858546832
2017-08-17,38.68417885173302,9.926387220144518,25.428535260254755,19.34208942586651
2017-08-18,21.062225433285995,11.908168471771456,19.93115589991446,10.531112716642998
2017-08-19,87.74445434021665,34.06060401210052,48.046540046809305,43.87222717010832
2017-08-20,37.04479234977214,9.353872119356147,24.411145790963506,18.52239617488607
2017-08-21,36.7071331827506,6.396484375,22.402084927830217,18.3535665913753
2017-08-22,11.245940580901834,8.394005184401877,13.07299063945714,5.622970290450917
2017-08-23,62.44082389315019,9.565611059582174,34.813176650139866,31.22041194657509
2017-08-24,0.1916970065775126,4.572316809761823,4.659400318595025,0.0958485032887563
2017-08-25,17.422567175583616,10.61724607872226,17.478732836251666,8.711283587791808
2017-08-26,8.745236098541145,6.695130772625325,10.48224382872373,4.372618049270573
2017-08-27,26.44637702812345,6.148173434180718,17.745392821496086,13.223188514061729
2017-08-28,55.21781500756806,28.309102694693955,40.28634224221941,27.60890750378403
2017-08-29,0.2573267509745809,4.608224882873503,4.725030062992093,0.1286633754872904
2017-08-30,6.301596265966812,4.472227515877272,7.341203926714615,3.150798132983406
2017-08-31,70.99797313260852,12.230956124053169,39.04621174754103,35.49898656630426
2017-09-01,96.76794825072886,89.01274905503236,51.26091223827193,48.38397412536443
2017-09-02,92.19689093416947,19.95647211826844,47.655670752165285,46.09844546708474
2017-09-03,71.38722451433665,13.992667091762796,39.69730267659072,35.693612257168326
2017-09-04,51.8013981372,23.04917990454097,37.0100815234302,25.9006990686
2017-09-05,63.57801171337083,11.082387641569062,35.82543178537654,31.789005856685414
2017-09-06,91.10687655343828,13.138159120551515,46.72183098591549,45.553438276719135
2017-09-07,41.312736506671975,11.853705785451178,27.61298380136759,20.656368253335987
2017-09-08,35.114663811225455,13.550854884000588,26.349849653549484,17.557331905612727
2017-09-09,95.53995521519286,16.171893147502903,48.491050288656936,47.76997760759643
2017-09-10,99.6784552601448,100.0,50.1607723699276,49.8392276300724
2017-09-11,94.62113524819316,29.33317933317933,48.88835966783326,47.310567624096585
2017-09-12,98.5374631415035,24.13988390202464,49.621786270417125,49.26873157075175
2017-09-13,73.4417888742265,18.303289365917585,41.5819206698749,36.72089443711325
2017-09-14,89.3882369999068,15.919737663960026,46.38348333108941,44.6941184999534
2017-09-15,83.92064826974782,19.255394524959744,45.05646674758991,41.96032413487391
2017-09-16,95.1679497745071,42.53085361672952,49.63908709534478,47.58397488725355
2017-09-17,88.94828111306553,21.9147779464972,46.89610020987555,44.47414055653277
2017-09-18,86.81747835509046,16.20330352512219,45.54474317193485,43.40873917754523
2017-09-19,99.97494803269592,100.0,50.01252598365203,49.98747401634796
2017-09-20,76.2102465990801,13.536402606907608,41.32540009907906,38.10512329954005
2017-09-21,12.70787398632236,22.557336967508853,26.0447160041689,6.35393699316118
2017-09-22,17.125116255895833,17.64907754161396,23.18921062246728,8.562558127947916
2017-09-23,37.649666577421904,16.172853067569413,28.90866110028413,18.824833288710952
2017-09-24,84.22218400545349,16.546724799075484,44.72180379464887,42.11109200272674
2017-09-25,70.22408301398497,18.66229307258913,40.668910399973456,35.11204150699248
2017-09-26,49.86917757199383,15.425113614728112,32.66732510151447,24.934588785996915
2017-09-27,58.234628113569066,17.378891917521884,36.37567289587844,29.117314056784533
2017-09-28,73.00909812668556,7.574919742561787,38.54908821803996,36.50454906334278
2017-09-29,75.74617049703272,10.470667611816651,40.41262311890878,37.87308524851636
2017-09-30,80.46515772220253,21.07284164076671,44.34912523907507,40.23257886110127
2017-10-01,97.50773849578135,70.18360056492482,50.50302810704488,48.75386924789068
2017-10-02,22.06016692272557,14.698791971337622,22.486297388199144,11.030083461362787
2017-10-03,98.29797807249122,41.72749391727494,49.85920013251752,49.14898903624561
2017-10-04,57.3038182632793,13.313738826272834,34.33636725685744,28.65190913163965
2017-10-05,5.472555215526369,8.174628101533278,10.46354467277612,2.7362776077631845
2017-10-06,28.56546940859312,7.064623715892717,19.329315493793725,14.282734704296557
2017-10-07,6.115986328165556,17.154699737459662,19.16351381096156,3.057993164082778
2017-10-08,70.89651083975733,8.977536572511147,38.061031803116265,35.44825541987866
2017-10-09,44.3546730571722,9.392186911566755,27.4036496426089,22.1773365285861
2017-10-10,58.63248182297046,11.772903872665747,34.18639906097445,29.31624091148523
2017-10-11,9.909543399657103,11.39905445631238,15.224231907642109,4.954771699828552
2017-10-12,4.282468934812944,8.573040167482022,10.34713685294704,2.141234467406472
2017-10-13,37.19780493474579,8.772382066586028,24.108150964699632,18.59890246737289
2017-10-14,0.3071721264660252,7.91504343659507,8.044316692593185,0.1535860632330126
2017-10-15,0.1171361458469628,7.235401630600902,7.28549443291775,0.0585680729234814
2017-10-16,0.16947322073887,7.048614867395085,7.1214059631312665,0.084736610369435
2017-10-17,30.5320873205121,12.182735050905787,23.729135407392647,15.26604366025605
2017-10-18,0.1676050750899813,6.347647717201809,6.420811275023937,0.0838025375449906
2017-10-19,0.855453490038401,6.696761489798483,7.067200554933654,0.4277267450192005
2017-10-20,1.6448393166440294,6.058033810121076,6.780808546518631,0.8224196583220147
2017-10-21,21.10009316493098,11.144217898177782,19.342824121624847,10.55004658246549
2017-10-22,98.7448547741898,93.92939623886504,50.55137771961936,49.3724273870949
2017-10-23,60.75923118873781,14.450509672953247,36.05010668718157,30.379615594368907
2017-10-24,22.5415288943133,24.58049060223917,30.310436657928115,11.27076444715665
2017-10-25,85.6109354735791,29.27549169234313,47.01793712682779,42.80546773678955
2017-10-26,35.39893837604711,20.80318913332349,31.13855021978933,17.699469188023556
2017-10-27,67.8288884466116,16.2419930660274,39.13967393107109,33.9144442233058
2017-10-28,31.52232561614384,14.262725322148546,25.527945412436605,15.76116280807192
2017-10-29,81.08453472453779,27.0748478079972,45.66360079777485,40.542267362268895
2017-10-30,7.906129763019595,19.2579899667437,21.688493171733448,3.9530648815097975
2017-10-31,15.02398006851448,19.682032412463627,24.23699781999377,7.51199003425724
2017-11-01,58.14327621772346,11.44290681433199,33.86126400679997,29.07163810886173
2017-11-02,79.16444812762211,40.04355262111208,47.9255192417258,39.582224063811054
2017-11-03,4.148929542953257,15.077233042310276,16.526154037834583,2.0744647714766287
2017-11-04,81.43280427665658,35.981876820408665,47.3972276325059,40.71640213832829
2017-11-05,99.9695652173913,93.19727891156462,50.0131469979296,49.98478260869565
2017-11-06,92.93854045222332,86.10809701164257,52.54958035050517,46.46927022611166
2017-11-07,88.69525585249637,90.57689488344818,54.587114149575314,44.34762792624819
2017-11-08,36.91743111653245,67.28304728580964,60.90259020923314,18.458715558266224
2017-11-09,60.974583124256135,82.91491995685693,62.84518472748083,30.487291562128068
2017-11-10,82.15358481967145,45.31863029599536,49.16454332649721,41.076792409835726
2017-11-11,95.21431337105896,71.92489075412107,51.0492565652299,47.60715668552948
2017-11-12,81.34100339103829,61.55648071051901,52.15632334389105,40.67050169551914
2017-11-13,99.80330733539412,100.0,50.09834633230293,49.90165366769706
2017-11-14,10.693115354509724,65.13140152325333,63.51297761592236,5.346557677254863
2017-11-15,7.921676114537261,61.06801371098683,60.19124151248988,3.960838057268631
2017-11-16,10.469658175565815,58.8043465655406,57.88256157553633,5.234829087782908
2017-11-17,16.372044175731578,55.92273442502519,54.9530617285488,8.186022087865789
2017-11-18,6.260176108988204,53.98802771968381,53.73837016115633,3.130088054494102
2017-11-19,49.04549631494992,43.45737513383243,46.66623797146964,24.52274815747496
2017-11-20,48.80333655485365,39.19192082865789,44.466624081763015,24.401668277426825
2017-11-21,41.92459177557145,38.09221099246455,43.08450292337016,20.962295887785725
2017-11-22,5.926925752494471,52.91431119391289,52.74158213325304,2.9634628762472355
2017-11-23,57.7086265397873,75.91454449214844,60.95961679168747,28.85431326989365
2017-11-24,53.42724582132983,50.14807326620678,50.06896179827481,26.71362291066492
2017-11-25,97.63459651069856,91.72794117647058,50.98703417660189,48.817298255349286
2017-11-26,55.060282937875606,56.89328183617813,53.09782135347327,27.530141468937803
2017-11-27,14.1162376907761,51.88754049219165,51.62109078980424,7.058118845388051
2017-11-28,99.63602107682274,99.94311717861206,50.181782420107865,49.81801053841137
2017-11-29,98.41864741241685,92.58871284535812,50.673477712598434,49.209323706208416
2017-11-30,91.40310475654005,80.26112931200616,52.601517586441126,45.701552378270016
2017-12-01,43.84844234950457,74.40690177532284,63.70485552107019,21.924221174752287
2017-12-02,42.47837517312302,81.26775184186623,67.98571890627721,21.23918758656151
2017-12-03,4.431324745768343,63.47928119771409,62.88197047444808,2.215662372884172
2017-12-04,51.96611568020533,46.153912555569946,48.15257480610432,25.983057840102664
2017-12-05,31.57698134351589,50.25507263959237,50.17452839977587,15.788490671757945
2017-12-06,3.562921691313133,54.22687161111661,54.07627148562019,1.7814608456565666
2017-12-07,5.449927943417932,53.580660676753325,53.38551724997197,2.724963971708966
2017-12-08,96.8063959050305,66.41379757505025,50.52419171149681,48.40319795251525
2017-12-09,60.04022392701638,39.09280532984652,45.64150943396226,30.02011196350819
2017-12-10,99.20928239115986,84.13197172034565,50.26988751063711,49.60464119557993
2017-12-11,99.81221376574548,100.0,50.09389311712727,49.906106882872734
2017-12-12,83.66788888198371,87.720700152207,56.16058666335218,41.83394444099186
2017-12-13,33.37802192784937,75.37598903495109,66.90598585045646,16.689010963924684
2017-12-14,70.73058508984641,63.54463185622636,53.96443449605173,35.36529254492321
2017-12-15,87.5103319267412,83.7670630774079,54.217394096456175,43.7551659633706
2017-12-16,44.843450982668784,60.90292265764495,56.01367587998565,22.421725491334392
2017-12-17,53.213796822499695,57.28560345782999,53.40865723648732,26.606898411249848
2017-12-18,77.54914253147506,81.29713563061358,57.02647531216,38.77457126573753
2017-12-19,9.604719200509958,65.62099460204433,64.12064193419116,4.802359600254979
2017-12-20,22.16148119553284,64.11649739899265,60.98807248244702,11.080740597766418
2017-12-21,23.03175835260032,59.54974073285102,57.35026752396093,11.515879176300157
2017-12-22,70.65689226121532,59.22353406394758,52.70647153770764,35.32844613060766
2017-12-23,38.3432458391332,69.6376721385385,62.10795123337572,19.1716229195666
2017-12-24,1.7819351649743822,59.504270287300784,59.33491035287716,0.8909675824871911
2017-12-25,5.716831103349026,61.92187906099812,61.24032537073533,2.858415551674513
2017-12-26,61.75754887492331,75.61232066687262,59.794779213026686,30.87877443746165
2017-12-27,97.85316466179424,94.4739126241682,50.95478167249839,48.92658233089712
2017-12-28,92.49122589061092,96.91981028016768,53.5231025664917,46.24561294530547
2017-12-29,4.576189526847422,78.30010881392818,77.00504219829878,2.288094763423711
2017-12-30,90.70352070969156,84.62823539893972,53.21920673246168,45.35176035484579
2017-12-31,4.955998820544128,73.50795589356602,72.34290187674685,2.477999410272064
2018-01-01,99.47142857142856,100.0,50.26428571428572,49.73571428571428
2018-01-02,37.99707435495752,75.30921625058565,65.69245453319363,18.99853717747876
2018-01-03,75.32481255037159,71.75939142554871,55.36917062215252,37.6624062751858
2018-01-04,97.96321106939702,72.92598617324116,50.46695394860815,48.98160553469851
2018-01-05,71.80884897079694,88.7650110975556,60.92830282499923,35.90442448539847
2018-01-06,72.45185683948827,84.93096083268155,59.62283109752939,36.225928419744136
2018-01-07,99.5246327601735,72.60452961672473,50.10745452851479,49.76231638008675
2018-01-08,61.838911288232914,79.37704722121126,61.21060105098414,30.919455644116457
2018-01-09,68.79714830473348,81.82319341126461,59.92974384481472,34.39857415236674
2018-01-10,42.51624019523483,85.20554467445056,70.23747073862046,21.25812009761741
2018-01-11,30.73140979362195,74.33496858284366,66.85648966450081,15.365704896810977
2018-01-12,17.808753694417693,73.08512035231968,68.97394812871516,8.904376847208846
2018-01-13,24.66459668581676,73.71367488401309,67.86479261448544,12.33229834290838
2018-01-14,53.89436787688351,81.5232842696225,64.53400947847639,26.94718393844176
2018-01-15,13.768735727631306,71.92278802819614,68.90429728046502,6.884367863815653
2018-01-16,84.18029357053192,66.65531825740811,52.63482245321556,42.09014678526596
2018-01-17,91.6219741991593,47.90657439446367,49.82461226264676,45.81098709957965
2018-01-18,55.746842792858175,55.61428665148406,52.48449909794082,27.873421396429087
2018-01-19,76.67142564085562,53.39704928808079,50.79248316918671,38.33571282042781
2018-01-20,38.2260554204669,63.59209116587123,58.39637086400491,19.11302771023345
2018-01-21,82.04366251178598,48.16793805033987,49.67102877332587,41.02183125589299
2018-01-22,62.51518480897199,51.74397062320612,50.65372416509464,31.257592404486
2018-01-23,10.925320462919716,67.98913993404724,66.02376874772952,5.462660231459858
2018-01-24,2.2452565295407725,71.80910618643654,71.31913753572141,1.1226282647703862
2018-01-25,49.7045052069293,79.30083365629612,64.73699926592873,24.85225260346465
2018-01-26,89.94454016799483,91.81134795592628,54.20432329892808,44.972270083997415
2018-01-27,4.380536670252221,69.67296244899201,68.81118111478895,2.1902683351261105
2018-01-28,54.81512819396141,61.04479050490864,54.99057443088849,27.407564096980707
2018-01-29,2.1923111270796944,67.516588985975,67.13257085655067,1.0961555635398472
2018-01-30,6.316510761116706,71.614118690087,70.24886055710712,3.158255380558353
2018-01-31,22.872503776497734,78.41290937021623,71.91416560150063,11.436251888248869
2018-02-01,99.76459627329191,99.47229551451188,50.11645962732919,49.88229813664597
2018-02-02,95.120471575251,97.29706793397548,52.307873873911184,47.5602357876255
2018-02-03,90.51117416789212,95.78503918101848,54.3444626250492,45.25558708394606
2018-02-04,39.55198486143733,85.82731491652021,71.65690074447866,19.775992430718667
2018-02-05,58.84208519175607,89.42889227964689,66.22755384589875,29.421042595878035
2018-02-06,77.13691948764489,90.38198377815034,59.23256546368469,38.56845974382245
2018-02-07,76.85309903226475,95.38585496866608,60.50541890295709,38.426549516132376
2018-02-08,67.76139882519246,78.59829367554119,59.21968984085794,33.88069941259623
2018-02-09,55.25970983484885,88.91164626997771,67.40918344922524,27.629854917424424
2018-02-10,31.56739304552076,68.93844754396603,62.96007337104251,15.78369652276038
2018-02-11,32.676580542635335,69.95294458431302,63.43300457659258,16.338290271317668
2018-02-12,91.63164316000754,80.89108910891089,52.58507656839371,45.81582158000377
2018-02-13,46.788806245670216,82.12399384123643,67.09356060448928,23.394403122835108
2018-02-14,4.179481375495024,74.36340899387304,73.34298286965027,2.089740687747512
2018-02-15,99.86356051163771,43.85432473444613,49.99161487211127,49.93178025581887
2018-02-16,37.5720420738159,65.05621300791934,59.399286321860544,18.78602103690795
2018-02-17,87.80731867498959,80.63617209270713,53.73537083344555,43.9036593374948
2018-02-18,85.82707171793321,66.58873041851766,52.35110886512191,42.91353585896661
2018-02-19,46.08081231243998,83.19986152780983,67.89988780100337,23.04040615621999
2018-02-20,61.92235755668081,83.06740581809468,62.591288552695424,30.961178778340404
2018-02-21,42.39736116009377,75.79262033818948,64.85612928655893,21.198680580046886
2018-02-22,98.36286199963972,96.85089161502466,50.76701375013717,49.18143099981987
2018-02-23,65.87125726781846,87.00014576551189,62.62750422336688,32.93562863390923
2018-02-24,21.78640599343612,70.98780177081343,66.41531406792643,10.893202996718058
2018-02-25,86.76269898300451,84.46544225775163,54.56229433849735,43.381349491502256
2018-02-26,50.25788643042458,77.24462270326161,63.55205116665872,25.12894321521229
2018-02-27,82.23691161025569,67.29174684252878,53.07154827576921,41.11845580512784
2018-02-28,18.08381021173609,79.50931625079505,74.1692767845838,9.041905105868045
2018-03-01,95.72134152023771,97.98170466095544,52.052973275210455,47.86067076011887
2018-03-02,92.46955581830191,89.11100723183105,52.94523256849294,46.23477790915096
2018-03-03,84.54109983549291,89.03006178547975,56.033618285562746,42.27054991774646
2018-03-04,13.920741254500978,72.69119516731763,69.53029931763719,6.960370627250489
2018-03-05,99.16229976252046,98.17103311913,50.40352885883529,49.58114988126023
2018-03-06,99.26141269575048,100.0,50.36929365212476,49.63070634787524
2018-03-07,99.35569358178054,98.90745501285348,50.31511387163561,49.67784679089027
2018-03-08,11.417791279826735,79.14740494162876,75.8181002672492,5.708895639913368
2018-03-09,42.10133247032904,72.91815214392439,63.26900217203245,21.05066623516452
2018-03-10,99.1956221971005,100.0,50.40218890144974,49.59781109855025
2018-03-11,97.9151138716356,93.12810327706056,50.899171842650105,48.957556935817806
2018-03-12,97.76364773259016,91.48227016017036,50.927689689300045,48.88182386629508
2018-03-13,87.89543686061977,80.24892145449564,53.658839761836695,43.94771843030989
2018-03-14,47.03609289861175,64.90353527634409,57.86966649174371,23.518046449305874
2018-03-15,99.99378881987576,100.0,50.00310559006211,49.99689440993789
2018-03-16,45.55252489242988,68.6030813820456,60.06122584335801,22.77626244621494
2018-03-17,96.0884184721394,87.04213423671395,51.44893328032863,48.044209236069705
2018-03-18,95.6760976983644,81.79247543733526,51.37230416216239,47.838048849182194
2018-03-19,99.4763855905621,85.36971134835903,50.1852009051966,49.73819279528105
2018-03-20,58.88315296264046,69.60266404298797,58.04152672388771,29.44157648132023
2018-03-21,43.849308844672095,64.4120853737411,58.08152790657629,21.924654422336047
2018-03-22,4.811637758374134,71.58069963390741,70.5016074767907,2.405818879187067
2018-03-23,36.01175599466542,60.27304396338656,56.54741287227489,18.00587799733271
2018-03-24,31.38007866958773,79.37239796705074,70.15399903737635,15.690039334793864
2018-03-25,11.262505994780648,71.04526020934689,68.66146669185686,5.631252997390324
2018-03-26,77.05769099247905,50.00767834075573,50.00176158866283,38.528845496239526
2018-03-27,84.83820708002006,55.28588608286869,50.801091465107504,42.41910354001003
2018-03-28,76.26087479245392,53.072308619229325,50.72933918988108,38.13043739622696
2018-03-29,99.60950844857253,98.03817603393423,50.18758501887238,49.804754224286256
2018-03-30,90.54606617753676,74.18322852071783,52.28580542793343,45.27303308876838
2018-03-31,98.515328149751,57.69874476987448,50.114301096420846,49.2576640748755
2018-04-01,63.68247338094617,51.138298723413975,50.38309889504251,31.841236690473085
2018-04-02,16.741505622782597,66.22964638516808,63.50100996261167,8.370752811391299
2018-04-03,93.65146749113168,79.30652053364648,51.86053398329672,46.82573374556584
2018-04-04,88.50226176865338,73.86691165874045,52.74415502642873,44.25113088432669
2018-04-05,69.70913923541498,60.31250214066021,53.108990373750586,34.85456961770749
2018-04-06,35.45468311473336,64.06823455306238,59.08038657243669,17.727341557366678
2018-04-07,8.844215470680213,65.04198388074117,63.71163841526344,4.422107735340107
2018-04-08,20.12640513593535,63.49677144312853,60.780356542213255,10.063202567967677
2018-04-09,99.94906811208328,100.0,50.02546594395836,49.97453405604164
2018-04-10,74.01995531402467,65.99387305740818,54.15521536733281,37.009977657012335
2018-04-11,90.3750181193183,67.84638554216868,51.71771137479033,45.18750905965915
2018-04-12,96.20128390971216,63.72110771914522,50.52122592669289,48.10064195485608
2018-04-13,85.20160421603885,51.73934345908868,50.25728774796573,42.60080210801942
2018-04-14,18.808904979780284,56.95774014072983,55.64906540891993,9.404452489890142
2018-04-15,96.04766736380014,91.0043485094567,51.62062824840039,48.02383368190007
2018-04-16,81.55415670903969,31.269523788120544,46.54500571030612,40.77707835451984
2018-04-17,43.13391530923001,56.46920624265817,53.67866715349061,21.56695765461501
2018-04-18,6.474035737723984,57.34353314754571,56.868110187162,3.237017868861992
2018-04-19,2.511785350860798,54.755397445865775,54.63595206944532,1.255892675430399
2018-04-20,3.6310662272422376,53.68211458149267,53.548414562475735,1.8155331136211188
2018-04-21,2.777489335720249,52.23416072115179,52.17210714537895,1.3887446678601243
2018-04-22,9.431685795986684,50.92713394431464,50.83968958377895,4.715842897993342
2018-04-23,44.42051492724666,38.63937553429373,43.68582342091122,22.21025746362333
2018-04-24,24.53716582313693,49.387222874811904,49.53758101414556,12.268582911568467
2018-04-25,37.96447154589663,48.95247144472623,49.35016012502828,18.982235772948314
2018-04-26,70.295925222483,28.75301902860573,43.68878088429224,35.1479626112415
2018-04-27,84.29601541617455,34.68841124701474,47.59547046269244,42.14800770808728
2018-04-28,42.94386502876562,32.299552743536594,39.900808922840085,21.47193251438281
2018-04-29,93.66020137258069,32.553733585941075,48.89394184134558,46.83010068629034
2018-04-30,26.850274249212948,35.25283569298178,39.205393256561536,13.425137124606474
2018-05-01,98.33436520968488,46.61859771258081,49.94367818710023,49.16718260484244
2018-05-02,98.28183817226342,59.67703060978549,50.16626704599572,49.14091908613171
2018-05-03,78.88551202928545,20.932308990472823,43.86250587842891,39.442756014642725
2018-05-04,99.68591612283431,50.82399472643375,50.00258803458443,49.84295806141717
2018-05-05,91.0491685806536,31.729100627039035,48.36460259832784,45.52458429032679
2018-05-06,38.11390897737504,37.594196679986055,42.32253326528834,19.05695448868752
2018-05-07,59.18655205602204,38.23033136816426,45.196392419767015,29.59327602801102
2018-05-08,53.87947300542007,34.91509726611849,43.04276336251405,26.93973650271004
2018-05-09,88.74837154295916,34.76852277956742,48.286210774638114,44.37418577147958
2018-05-10,79.99112982781918,22.93103805439894,44.583806547347656,39.99556491390959
2018-05-11,79.23409158735949,39.13251761512206,47.74326856119641,39.61704579367974
2018-05-12,74.61735725139883,18.12182492363482,41.908476705592605,37.308678625699415
2018-05-13,92.46356880711144,27.16829724084863,48.27930443139172,46.23178440355572
2018-05-14,93.08201502027696,28.556031256549204,48.51650946327157,46.541007510138485
2018-05-15,99.62335879474814,46.8389224848818,49.98809407954811,49.81167939737407
2018-05-16,86.48649768659051,14.825434305953786,45.24668425120332,43.243248843295255
2018-05-17,82.23691980630684,20.69685516983949,44.79485888454454,41.11845990315342
2018-05-18,69.86719619601153,26.292365157216263,42.85622490625797,34.93359809800577
2018-05-19,97.29667612912844,17.94577205882353,49.1334704044426,48.64833806456421
2018-05-20,95.56989550155524,13.972513089005236,48.40394468167943,47.784947750777626
2018-05-21,69.68092826899232,19.721922061579285,40.81984515026728,34.84046413449616
2018-05-22,99.9991718426501,100.0,50.00041407867495,49.99958592132505
2018-05-23,91.07896535299356,19.06121596211436,47.23994035661772,45.53948267649678
2018-05-24,86.79513537711604,24.639796591016104,46.65121947175568,43.39756768855802
2018-05-25,29.644383644678417,26.46597152147101,33.44248921069403,14.822191822339208
2018-05-26,44.55888334564653,21.57153391502248,34.2389409547843,22.279441672823264
2018-05-27,83.44918894167715,34.75044128140609,47.47607434925752,41.724594470838575
2018-05-28,88.4143398899385,10.72794880045765,45.4500736297717,44.20716994496925
2018-05-29,84.48669201520913,29.184698402521768,46.77085815522011,42.243346007604565
2018-05-30,17.89654413566022,20.952990231900696,26.15140115513812,8.94827206783011
2018-05-31,68.1789162545239,19.199828032074624,40.19905148433581,34.08945812726195
2018-06-01,59.5178204455578,19.638759118105074,37.709107951234586,29.7589102227789
2018-06-02,70.05834567010437,25.04847376876627,42.52910026581077,35.02917283505219
2018-06-03,78.42688990633634,17.02375004803812,42.88599729310155,39.21344495316817
2018-06-04,46.54646618038786,18.40596753098063,33.11187316919349,23.27323309019393
2018-06-05,43.0746726974708,19.544909481234715,32.66334004191132,21.5373363487354
2018-06-06,76.10405436492394,14.858371927633518,41.60257566054668,38.05202718246197
2018-06-07,98.93308211520146,17.85367746943528,49.65702513561639,49.46654105760073
2018-06-08,70.43845863586039,10.96554287678054,38.46081281125214,35.21922931793019
2018-06-09,69.75112353028972,13.014398004426992,38.81227094078042,34.87556176514486
2018-06-10,44.76783757760882,20.25089605734767,33.56892659118829,22.38391878880441
2018-06-11,64.40456249170758,13.51477277360062,37.01292374286852,32.20228124585379
2018-06-12,92.63199320615588,27.7128078263803,48.35787816649061,46.31599660307794
2018-06-13,99.01539748538109,41.85068349106204,49.91976162472874,49.50769874269054
2018-06-14,52.15614354650656,15.445589204565165,33.467837300681715,26.07807177325328
2018-06-15,3.937424849387269,11.804623270273016,13.30853752494637,1.9687124246936347
2018-06-16,9.58485426088112,13.343835830355586,16.857275743645324,4.792427130440561
2018-06-17,60.12983376714956,16.172829230737218,36.51305078242474,30.06491688357478
2018-06-18,69.23158232898432,11.764666258007583,38.23559281635698,34.61579116449216
2018-06-19,11.17723989039276,11.963484833258155,16.214917379390517,5.588619945196379
2018-06-20,15.707699975080988,16.5491552481043,21.8035135808622,7.853849987540494
2018-06-21,28.13582756036446,24.16045342015028,31.43062368823685,14.06791378018223
2018-06-22,18.59537922560936,10.876864672753278,18.151960051803147,9.297689612804676
2018-06-23,19.568185590969456,10.143259970537928,17.94250083001328,9.784092795484728
2018-06-24,81.25284870182068,13.038192909557068,43.07071410221349,40.62642435091034
2018-06-25,54.41576650571624,14.193868358070416,33.6780493470722,27.20788325285812
2018-06-26,36.90205673184874,10.025422864791798,24.77686399754296,18.45102836592437
2018-06-27,46.79451668253899,12.02097997543237,29.793078836693493,23.39725834126949
2018-06-28,99.89648011693606,58.6,50.00890270994351,49.94824005846803
2018-06-29,70.71356475637988,12.47655780050246,39.01072139906693,35.35678237818994
2018-06-30,30.5193956259455,15.85070097784468,26.2728606499034,15.25969781297275
2018-07-01,20.30684497127868,14.334967801072343,21.577410598665207,10.15342248563934
2018-07-02,34.72620116958579,20.058604240226536,30.4561135647473,17.363100584792896
2018-07-03,53.49480265436978,19.068159514675703,35.61473054910771,26.74740132718489
2018-07-04,54.575846564796834,11.108625381229798,32.33392232011016,27.287923282398417
2018-07-05,93.48393097976172,16.109751057132865,47.791687987752205,46.74196548988086
2018-07-06,93.43209764038498,15.006937436932391,47.701689818218725,46.71604882019249
2018-07-07,67.43383676279102,16.412417867875515,39.0618131754207,33.71691838139551
2018-07-08,49.36368030302716,10.878239424502873,30.190180243907,24.68184015151358
2018-07-09,50.12787246355168,13.95044168288666,32.021318299762925,25.06393623177584
2018-07-10,88.31499396281592,18.541297412265152,46.3240487034034,44.15749698140796
2018-07-11,59.735271303359504,16.733972741039878,36.60552437602924,29.867635651679752
2018-07-12,33.32517079082585,15.854212705032836,27.23335463895276,16.662585395412925
2018-07-13,16.203372095195977,11.406442789397792,17.659900469004004,8.101686047597989
2018-07-14,47.49130156042848,15.809438010455068,32.04698091011509,23.74565078021424
2018-07-15,54.15582180061761,13.001524535062044,33.038352976799075,27.077910900308805
2018-07-16,59.17107638608208,12.182331380532233,34.5594529667929,29.58553819304104
2018-07-17,69.25802158437435,11.931622778920396,38.297027691516746,34.629010792187174
2018-07-18,21.01681054254941,11.735860361709843,19.77776209522584,10.508405271274707
2018-07-19,1.668078884846068,6.964602517529779,7.682466895944441,0.8340394424230341
2018-07-20,48.46831263429486,13.251280895439487,31.062764960136725,24.23415631714743
2018-07-21,99.5157239605871,30.910645575032063,49.90755483044128,49.75786198029355
2018-07-22,71.89347824735282,10.782231660914965,38.97724941087228,35.94673912367641
2018-07-23,70.05986533927494,12.374468438768302,38.73486518375362,35.02993266963747
2018-07-24,12.839712282800091,10.702561048243002,15.748239144157614,6.419856141400046
2018-07-25,42.71316124695544,15.36725987411544,30.159998008323548,21.35658062347772
2018-07-26,36.641062988368375,11.921431986534191,25.87382407741689,18.320531494184188
2018-07-27,46.89024200491686,13.632191002238308,30.685144653174696,23.44512100245843
2018-07-28,32.716094212657,11.68592064441717,24.22079094310181,16.3580471063285
2018-07-29,18.8847172961434,9.935692306116913,17.501723550763764,9.4423586480717
2018-07-30,14.87160642995497,12.035634765601184,17.68154574689163,7.435803214977485
2018-07-31,2.9443528322028336,8.392732190507166,9.617796958658188,1.4721764161014168
2018-08-01,15.76822568023928,11.364650046450194,17.45675921947615,7.88411284011964
2018-08-02,44.84471173494261,11.436502324461763,28.73014424144105,22.422355867471307
2018-08-03,16.9689985257169,12.34504300158302,18.734712099503728,8.48449926285845
2018-08-04,12.25728230924616,13.941415862199507,18.36121831668677,6.128641154623081
2018-08-05,25.467056918669822,12.00930219604239,21.68441482957612,12.733528459334911
2018-08-06,12.478793277806504,18.4127172430156,22.354428960335905,6.239396638903251
2018-08-07,47.75632382287903,8.687348371444795,28.416752062995528,23.87816191143952
2018-08-08,32.57154476942997,17.79069552747706,28.28176355366688,16.285772384714985
2018-08-09,26.794811643906712,11.280538816022686,21.65534550980498,13.397405821953356
2018-08-10,80.76113484463635,17.375432097435954,43.72340337370565,40.38056742231817
2018-08-11,51.32990475637257,12.11791835569025,31.56275478344574,25.664952378186285
2018-08-12,41.84654690088943,13.726210386303745,28.905538769729105,20.923273450444714
2018-08-13,38.09598910950262,16.165171567641497,29.05488412245169,19.04799455475131
2018-08-14,86.1410296773766,20.63667613211777,45.930545659414406,43.0705148386883
2018-08-15,55.337015703329904,18.15170478566484,35.77560090966435,27.668507851664952
2018-08-16,16.58492117547386,10.875588426390378,17.36434124624151,8.29246058773693
2018-08-17,24.042393321349845,16.06557287453818,24.224221315388544,12.021196660674924
2018-08-18,42.05459895334023,9.418185334130715,26.484704739849853,21.027299476670112
2018-08-19,25.15759704988289,13.27851251362891,22.51675636617332,12.578798524941446
2018-08-20,23.016480972873552,13.762994323621015,22.10347784026389,11.508240486436776
2018-08-21,16.713731613524804,10.786567275809627,17.340595177780916,8.356865806762402
2018-08-22,39.38123064919111,15.409236709948413,29.03150498451935,19.690615324595555
2018-08-23,51.00593482886043,9.317808590244976,30.06814062765688,25.502967414430216
2018-08-24,89.90822077553548,24.05993431855501,47.38208617014886,44.95411038776774
2018-08-25,93.5601118359739,26.69239427560701,48.49901625763695,46.78005591798695
2018-08-26,61.634550971352006,11.078796003978722,35.06770531957035,30.817275485676003
2018-08-27,1.5592744431014358,12.3297988599108,12.91718067895312,0.7796372215507179
2018-08-28,0.1441320199458778,5.915238691455443,5.978778948417767,0.0720660099729389
2018-08-29,8.657268027323878,5.399218973755154,9.260428129476985,4.328634013661939
2018-08-30,84.740937205375,27.225315768029333,46.52417608603309,42.3704686026875
2018-08-31,99.9569358178054,100.0,50.021532091097306,49.97846790890269
2018-09-01,96.6002538885748,28.56794785892672,49.27136464073524,48.3001269442874
2018-09-02,95.01043849983846,29.55460545431904,48.97986446519258,47.50521924991923
2018-09-03,84.37454027835045,14.565128028324027,44.46313835264768,42.187270139175226
2018-09-04,59.26861751783024,8.98219451574787,33.292880762416864,29.63430875891512
2018-09-05,21.196339465372564,11.223365850316474,19.44259285792898,10.598169732686282
2018-09-06,52.36813007860229,15.367931430960594,33.50409814810589,26.184065039301142
2018-09-07,99.75093167701864,37.1571072319202,49.968012422360246,49.875465838509314
2018-09-08,10.980991562189136,8.797682008739125,13.32210507078582,5.490495781094569
2018-09-09,1.2498727904479645,5.8645006740684495,6.416138271071612,0.6249363952239823
2018-09-10,10.07525291958071,8.75221680336954,12.908035284150374,5.037626459790355
2018-09-11,8.466562146335384,4.873943098007455,8.694568749805322,4.233281073167692
2018-09-12,0.0267918893266512,3.797781286355326,3.810159733659544,0.0133959446633256
2018-09-13,31.420122640824243,12.00787937654887,23.945050270287098,15.71006132041212
2018-09-14,76.52092811175477,22.40141945393395,43.52010943345389,38.260464055877385
2018-09-15,26.89683091647031,12.373092662590484,22.49353830823048,13.448415458235155
2018-09-16,23.534052009574047,14.469622723977944,22.83136019131485,11.767026004787024
2018-09-17,8.891436499085145,8.589306677912397,12.271312178476707,4.445718249542573
2018-09-18,72.4748814537255,19.11047194530615,41.4976207845608,36.23744072686275
2018-09-19,15.149741002564024,9.280782198906762,15.449638234042332,7.574870501282012
2018-09-20,2.1748747141738614,5.162124464202689,6.137292081603492,1.087437357086931
2018-09-21,1.6494357193591664,7.7336154541384765,8.430772298119619,0.8247178596795832
2018-09-22,88.8029760412934,8.929298161234229,45.40130367510445,44.4014880206467
2018-09-23,39.49774862127683,12.873014730332418,27.5373380428042,19.748874310638413
2018-09-24,19.307043726985523,5.999516396225832,14.494709005691607,9.65352186349276
2018-09-25,3.554039379512106,4.08371079689303,5.715593796782117,1.777019689756053
2018-09-26,0.2598184801345822,4.702866697623475,4.820557020914245,0.1299092400672911
2018-09-27,0.0402916785222507,3.46897432967307,3.4877224609492634,0.0201458392611253
2018-09-28,0.0043614703555013,3.4810205454983505,3.483049456996941,0.0021807351777506
2018-09-29,18.65043205353604,9.208582429442968,16.816358047113866,9.325216026768016
2018-09-30,0.5732158656182632,3.653803573592016,3.919467324618791,0.2866079328091316
2018-10-01,87.35533390219453,99.8100011465448,56.29830832829367,43.67766695109727
2018-10-02,20.68655557608432,20.15390252839868,26.328032069153785,10.343277788042158
2018-10-03,56.8487767041837,4.547093003695925,30.38651460758512,28.42438835209185
2018-10-04,0.9769673305779972,7.970661890240066,8.381274792830588,0.4884836652889986
2018-10-05,0.1331286903750657,6.155375503277543,6.213745277669895,0.0665643451875328
2018-10-06,82.29127605488489,18.0340910420347,44.339245426087096,41.145638027442445
2018-10-07,80.35094629049978,14.44154912489846,43.01310088928505,40.17547314524989
2018-10-08,40.69641252720847,11.35444366689993,27.08179869565308,20.34820626360424
2018-10-09,6.021429001634486,8.384677262521437,10.890514374959762,3.010714500817243
2018-10-10,13.623224520308996,7.200521208974026,13.031190298197526,6.811612260154498
2018-10-11,50.26976813625675,7.152923713265953,28.69204961577221,25.13488406812837
2018-10-12,5.316281136942318,6.070576261669124,8.405987929437469,2.658140568471159
2018-10-13,0.6566978193146418,4.572708001455037,4.871028037383177,0.3283489096573209
2018-10-14,0.4768540922014833,4.324353652912292,4.542159841657857,0.2384270461007416
2018-10-15,75.88016456129078,12.44661745877622,40.94218592938787,37.94008228064539
2018-10-16,44.58026949348662,15.769209182241678,31.02938797855001,22.29013474674331
2018-10-17,35.168451433657914,8.03571714326863,22.79390557922104,17.584225716828957
2018-10-18,77.99348258881682,14.145179662421045,42.10960271966224,38.99674129440841
2018-10-19,1.048195823831657,5.193862066504773,5.663518133143923,0.5240979119158287
2018-10-20,0.6039597997046662,3.6060771321887,3.88627777581627,0.3019798998523331
2018-10-21,9.25567646338375,5.118966735981004,9.273009968322242,4.627838231691875
2018-10-22,0.0899293649491473,3.736155457992417,3.777760239590105,0.0449646824745736
2018-10-23,69.30056083679753,11.784450387659724,38.268040595876144,34.650280418398765
2018-10-24,47.99424200185849,4.711118910683376,26.44717410062392,23.997121000929244
2018-10-25,6.472509379470432,8.561635472835727,11.243737503555582,3.236254689735216
2018-10-26,28.575340874198123,12.209234773313504,23.0080747558071,14.28767043709906
2018-10-27,100.0,-1.0,50.0,50.0
2018-10-28,99.45631469979296,100.0,50.27184265010352,49.72815734989648
2018-10-29,98.73538539896025,94.02423051735428,50.55673684711787,49.36769269948012
2018-10-30,99.10120501884136,81.22552407279429,50.28065344320676,49.550602509420685
2018-10-31,66.93950561499655,32.767408763471536,44.302820141856905,33.469752807498274
2018-11-01,94.75518321658627,58.26687722068693,50.4335825639348,47.377591608293145
2018-11-02,97.22221647083182,76.15533691115087,50.72653864071639,48.61110823541591
2018-11-03,80.24881361970789,55.58189044917307,51.10248958615989,40.12440680985394
2018-11-04,51.35515568638832,26.537056845640155,38.586487831170444,25.67757784319416
2018-11-05,83.78624708190146,31.92119988757442,47.0687480192144,41.89312354095073
2018-11-06,95.75102558951984,40.92016765766644,49.61420024725975,47.87551279475991
2018-11-07,87.6366724314696,20.6493332439858,46.37128092540621,43.8183362157348
2018-11-08,49.81456667925014,28.816165256601543,39.36880074007392,24.90728333962507
2018-11-09,96.6349748073534,11.822265985599111,48.7153096324338,48.31748740367669
2018-11-10,44.5578478200903,28.591255293360668,38.13053117993666,22.27892391004515
2018-11-11,72.05876868377543,29.107559971821583,44.16239500412317,36.02938434188771
2018-11-12,29.77749098469161,28.33061992713692,34.783217624772284,14.888745492345809
2018-11-13,46.82871603898972,40.31742936806598,44.85165287456898,23.41435801949486
2018-11-14,6.373042685598361,25.028221397696605,26.61968350737452,3.1865213427991805
2018-11-15,6.911503597794599,23.78358240586441,25.59553105109595,3.4557517988973
2018-11-16,37.52305588809517,31.554128324593943,38.47558306240288,18.761527944047582
2018-11-17,9.52270236157704,20.990959985315712,23.753404523864884,4.7613511807885205
2018-11-18,7.033218072126517,21.32072226230819,23.33779840711089,3.5166090360632585
2018-11-19,98.69377529788092,64.09890632429862,50.184163397136615,49.34688764894047
2018-11-20,72.25364167455895,35.583738525771736,46.00001243422812,36.12682083727948
2018-11-21,42.53626676404196,42.78034126932548,45.85131456645864,21.268133382020977
2018-11-22,59.101946025525386,37.05795565740708,44.70695571936591,29.550973012762693
2018-11-23,97.07183052517816,74.77197200028283,50.7253653224237,48.53591526258908
2018-11-24,89.36682696887983,61.845308817514265,51.259532182636825,44.68341348443992
2018-11-25,98.1299471407778,47.0659875996457,49.945132417217245,49.0649735703889
2018-11-26,71.9622682945526,49.98152663858716,49.99482048849009,35.9811341472763
2018-11-27,77.37867478645146,72.03463600128282,54.98452666947183,38.68933739322573
2018-11-28,18.67570182322484,55.47689919789236,54.45404983453539,9.337850911612415
2018-11-29,43.406692532126186,47.43454921862118,48.54812655135731,21.703346266063093
2018-11-30,96.61255955819776,88.50785500336207,51.30443065365446,48.30627977909888
2018-12-01,20.18435475834579,40.839003683126286,42.68809167912307,10.092177379172895
2018-12-02,91.8235997207624,45.471358719059566,49.62972016165952,45.9117998603812
2018-12-03,24.00801228827632,37.48412314701761,40.48893639986716,12.00400614413816
2018-12-04,33.109333311203045,34.84549128591323,39.86304808773553,16.554666655601523
2018-12-05,63.167124787005136,29.11066837756917,42.30585855068137,31.583562393502568
2018-12-06,67.65019213151994,36.46736971591856,45.6222201035479,33.82509606575997
2018-12-07,50.05994482586962,40.3890084148094,45.20026549957479,25.02997241293481
2018-12-08,20.26629522067753,42.21466620150276,43.7924649330214,10.133147610338764
2018-12-09,70.37523036005614,31.29963823132203,44.46006090419302,35.18761518002807
2018-12-10,70.11346327209425,40.244638139418775,47.08446019459728,35.056731636047125
2018-12-11,48.06721084934827,40.7938055360225,45.2189664402236,24.033605424674136
2018-12-12,21.54282037444477,52.81765967972783,52.21065631616091,10.771410187222385
2018-12-13,40.93118635765493,67.10671492322288,60.10473355832576,20.465593178827465
2018-12-14,13.864412763350536,59.594766293852295,58.264508291193785,6.932206381675268
2018-12-15,4.876995488415838,54.28530270059084,54.07630868121807,2.438497744207919
2018-12-16,56.450499636232486,51.16013421860498,50.50523265575156,28.225249818116243
2018-12-17,61.75623004519634,64.1709809448947,55.41951735290459,30.87811502259817
2018-12-18,2.58996660519364,51.78054796915408,51.73443237136354,1.29498330259682
2018-12-19,100.0,-1.0,50.0,50.0
2018-12-20,34.26238353151134,62.7622063052626,58.3895702338708,17.13119176575567
2018-12-21,81.89675880291898,84.81045960970923,56.30182146495813,40.94837940145949
2018-12-22,42.008979024749344,45.3805251508119,47.3211193712609,21.004489512374672
2018-12-23,62.78130565213155,38.01552995699739,45.539536725483,31.39065282606577
2018-12-24,74.28332252403084,36.523756959495934,46.53435804139583,37.14166126201542
2018-12-25,31.04231221838725,49.66351044682683,49.76796458450509,15.521156109193626
2018-12-26,4.514257352956446,49.55165581781763,49.57189522802835,2.257128676478223
2018-12-27,3.4299717561056653,48.68968869084997,48.73463199867088,1.7149858780528326
2018-12-28,72.58849273284126,84.32149255762266,59.408038426630085,36.29424636642063
2018-12-29,9.769243865673936,44.18199557275727,44.75037061337032,4.884621932836968
2018-12-30,79.02019058988357,21.39427826293121,43.99857409917472,39.510095294941785
2018-12-31,58.62675289721797,29.16725136820159,41.3808154302646,29.313376448608985
2019-01-01,11.08529980215943,50.39609808943668,50.352189428712,5.542649901079715
2019-01-02,75.77844845097982,36.68797549057363,46.77562112123109,37.88922422548991
2019-01-03,42.68984742514374,31.99279060172417,39.68004081937427,21.34492371257187
2019-01-04,58.21560721800147,45.95029022175919,48.30785335972886,29.107803609000737
2019-01-05,55.68893939456778,28.25119452647146,40.362873625667206,27.84446969728389
2019-01-06,62.600934800369934,26.66367255508611,41.27243168367749,31.300467400184967
2019-01-07,46.799908728841686,31.85517045077924,40.34693411881845,23.399954364420843
2019-01-08,84.55568699514593,31.166496753769383,47.09129480887279,42.27784349757297
2019-01-09,74.3220444370751,33.05324841998208,45.64842065992373,37.16102221853755
2019-01-10,57.369627210037855,36.49277801832131,44.24182091564266,28.684813605018928
2019-01-11,16.774962321415966,49.485281829089125,49.57152287910053,8.387481160707983
2019-01-12,91.70127403442856,87.00643937503119,53.07106299334917,45.85063701721428
2019-01-13,80.03191478338358,18.22361524809813,43.654864413980334,40.01595739169179
2019-01-14,74.68908308529073,19.028588743028884,42.16085182943512,37.344541542645366
2019-01-15,30.342630639604863,58.13925774092733,55.6695928277923,15.171315319802432
2019-01-16,4.682999362447537,61.769056972105474,61.21791210913569,2.3414996812237683
2019-01-17,75.11791182102272,87.98470917449531,59.451388831326,37.55895591051136
2019-01-18,27.105540004689463,65.72967341396694,61.46606049413713,13.552770002344731
2019-01-19,53.68095805899736,83.03650576194698,65.30219295971797,26.84047902949868
2019-01-20,10.600281151433478,65.79977284393355,64.12495250118877,5.300140575716739
2019-01-21,22.5610186449896,58.69434101856841,56.732809120310215,11.2805093224948
2019-01-22,9.23912366317101,63.40356793934,62.16519572214724,4.619561831585505
2019-01-23,53.915283449721976,81.97050365216452,64.73351598779631,26.957641724860988
2019-01-24,16.267682376262286,61.45024826905772,59.58755824935393,8.133841188131143
2019-01-25,17.953911542037453,56.1063276538913,55.01000298844468,8.976955771018726
2019-01-26,52.814202891338425,38.21244320229212,44.43794736536532,26.407101445669213
2019-01-27,68.18689504974294,84.01422578880175,60.8209813482089,34.09344752487147
2019-01-28,86.66176531499814,80.9704215511218,54.13090750942302,43.33088265749907
2019-01-29,33.12797506650454,68.45480977190005,62.34110499209415,16.56398753325227
2019-01-30,98.74472049689442,100.0,50.6276397515528,49.37236024844721
2019-01-31,73.68815902911334,88.30437453726312,60.07858611313748,36.84407951455667
2019-02-01,94.28729400752944,98.40867075071591,52.765445034851496,47.14364700376471
2019-02-02,98.36504814162956,100.0,50.81747592918522,49.18252407081478
2019-02-03,94.15758815697107,99.98582264124194,52.92037762182736,47.07879407848554
2019-02-04,6.403191109413026,87.27323954910804,84.88656278810934,3.201595554706513
2019-02-05,2.8716321453343245,85.33492976417011,84.32024056253088,1.4358160726671625
2019-02-06,3.3779167678982662,84.02521373215674,82.875870332185,1.6889583839491331
2019-02-07,73.74892018818245,84.96448863636363,59.178555817725695,36.874460094091226
2019-02-08,18.88531137835184,81.12008558164294,75.24262371993282,9.44265568917592
2019-02-09,8.503229021741387,77.56529988357342,75.22135930394334,4.251614510870693
2019-02-10,97.66190848893692,97.44952178533477,51.10941324090293,48.83095424446846
2019-02-11,94.61591987872464,79.5484268020617,51.59091097359941,47.30795993936231
2019-02-12,36.865061825999085,68.68480039966082,61.79663718026133,18.432530912999542
2019-02-13,10.704120083460497,74.09475803639103,71.51547237187673,5.352060041730248
2019-02-14,11.144506414873456,79.58559147822837,76.28842333805895,5.572253207436728
2019-02-15,1.950409104124268,73.44031956081568,72.9831374340657,0.975204552062134
2019-02-16,14.791056859936475,78.37377576377722,74.17699445724605,7.3955284299682384
2019-02-17,2.651493126220044,70.96200284999958,70.4061967853138,1.325746563110022
2019-02-18,0.6540101476455427,68.01702547549661,67.89919230058298,0.3270050738227713
2019-02-19,3.4295005575663944,69.32771663634682,68.66487248653846,1.7147502787831972
2019-02-20,45.52419906829336,72.88590552919945,62.46728033750514,22.76209953414668
2019-02-21,4.292827568449773,68.07298446585091,67.29714240625921,2.1464137842248867
2019-02-22,48.660210449445664,50.779096926446464,50.39998672243245,24.330105224722832
2019-02-23,10.489554048610737,68.06347453734847,66.16869661269627,5.244777024305368
2019-02-24,64.7932120508889,79.83462319394991,60.503812523310266,32.39660602544445
2019-02-25,3.935601513597036,64.63619225514104,64.06017005121474,1.967800756798518
2019-02-26,62.4874376545039,84.10842222136296,62.79494315085382,31.24371882725195
2019-02-27,1.70793199838843,61.60695043672644,61.4087116161805,0.853965999194215
2019-02-28,4.089418517957014,61.05127538867957,60.59934248646448,2.044709258978507
2019-03-01,97.91083467227642,82.61645193260654,50.68141160490964,48.95541733613821
2019-03-02,56.327267676066114,39.5114124036307,45.41934721447631,28.163633838033057
2019-03-03,21.42840833847067,58.23999027823275,56.474291514362754,10.714204169235336
2019-03-04,66.22992418509865,71.45672312499616,57.24595166670468,33.11496209254933
2019-03-05,11.635931783924294,59.38553078690975,58.28554581580663,5.817965891962147
2019-03-06,96.81733371712808,58.52039820417724,50.27117584081078,48.40866685856404
2019-03-07,91.60950108531756,95.37398173290543,53.807103444847634,45.80475054265878
2019-03-08,62.091507334565264,62.16476458294581,54.61134996235759,31.045753667282632
2019-03-09,90.8117825912256,30.04598530273658,48.16658174783664,45.4058912956128
2019-03-10,73.90925046779712,37.49533393164905,46.73743889626819,36.95462523389856
2019-03-11,76.3081750838401,30.1727833428109,45.30257054383107,38.15408754192005
2019-03-12,7.824310140300973,60.46638452836481,59.4615688783168,3.912155070150487
2019-03-13,93.91191065969662,36.04354482054772,49.15031853993555,46.95595532984831
2019-03-14,87.88316934230969,30.31080110780593,47.614293112377005,43.94158467115484
2019-03-15,68.31808389987415,35.86835595460911,45.52282438997083,34.15904194993708
2019-03-16,17.62500129696303,67.28914509155774,64.23453241888794,8.812500648481516
2019-03-17,24.866896790785624,67.00610829163985,62.77707781115016,12.433448395392812
2019-03-18,85.54697941380633,51.840860215053766,50.26595248702355,42.77348970690316
2019-03-19,40.38585462178083,61.99305678878222,57.08263488439073,20.19292731089041
2019-03-20,9.957220583959796,62.367761323459206,61.1361465298833,4.978610291979898
2019-03-21,4.656078942778115,60.128863902206334,59.65063833675275,2.328039471389057
2019-03-22,2.8105743889446173,57.88170181849264,57.66018072576911,1.4052871944723089
2019-03-23,3.011549013214597,55.75252884294194,55.57928861733743,1.5057745066072985
2019-03-24,2.8996101870562163,54.76536249521443,54.62718555885303,1.4498050935281082
2019-03-25,54.75397529799182,32.93979073188841,42.28093350033594,27.37698764899591
2019-03-26,19.401260939897963,50.3214572729708,50.21744991496952,9.70063046994898
2019-03-27,54.97357109665428,43.25198457491165,46.9616096322358,27.486785548327138
2019-03-28,12.645558217059737,51.59504187222554,51.38905609777361,6.322779108529868
2019-03-29,5.492008904837852,53.75661956975544,53.55030568846358,2.746004452418926
2019-03-30,6.344592167472649,52.503153745363605,52.34433884889547,3.1722960837363243
2019-03-31,2.1366163456965497,52.29181212212529,52.24284488971131,1.0683081728482748
2019-04-01,9.70567529794847,51.73571661844593,51.56725359936704,4.852837648974235
2019-04-02,88.31164258731526,58.325212183496646,50.97308055537147,44.15582129365763
2019-04-03,95.71207866332,53.7261531031152,50.15977451394584,47.85603933166
2019-04-04,92.33079467523886,68.92537877764873,51.45142615694665,46.16539733761943
2019-04-05,94.59873635032626,89.46399815965034,52.131554587305104,47.29936817516313
2019-04-06,83.96995116857717,75.74993860907551,54.12757079727605,41.98497558428858
2019-04-07,72.62008860303108,73.31385844887086,56.3833137865156,36.31004430151554
2019-04-08,98.98398224298292,100.0,50.50800887850855,49.49199112149146
2019-04-09,97.08982546822064,55.71052444317939,50.16618622797644,48.54491273411032
2019-04-10,96.78398724281114,35.50132011076052,49.53372060513808,48.39199362140557
2019-04-11,99.98633531885292,100.0,50.006832340573546,49.99316765942645
2019-04-12,90.721769065383,22.909318212260573,47.48646398197131,45.3608845326915
2019-04-13,62.1090235073126,60.13115184822294,53.83056406768978,31.0545117536563
2019-04-14,99.7894340185182,88.10226155358899,50.08023040100708,49.894717009259104
2019-04-15,64.54356093971833,64.2624697109813,55.02792832937812,32.271780469859166
2019-04-16,74.55728869772503,58.11213765459256,52.06394776390112,37.278644348862514
2019-04-17,44.36108321645241,56.98602347817008,53.88694778949814,22.180541608226203
2019-04-18,49.24323516964974,51.69613444828629,50.86090297312323,24.62161758482487
2019-04-19,23.34630430947712,54.70445537048669,53.606138903589326,11.673152154738558
2019-04-20,2.758712351696367,53.21231406635415,53.12369556143036,1.3793561758481836
2019-04-21,31.51081704085931,50.361710764682,50.24773274740596,15.755408520429654
2019-04-22,21.71834786218348,50.51768342962289,50.40525114155251,10.85917393109174
2019-04-23,99.71076604554864,67.71653543307087,50.05124223602484,49.855383022774326
2019-04-24,96.33372751164414,63.49206349206349,50.49465581192103,48.16686375582207
2019-04-25,90.80408099849812,32.89180239237683,48.42674400538609,45.402040499249054
2019-04-26,95.44485975502428,53.03623452294246,50.13511974404904,47.72242987751214
2019-04-27,56.20042922459644,37.90374898781591,44.69772842731693,28.10021461229822
2019-04-28,98.28440203593956,48.4599589322382,49.9729770024973,49.142201017969775
2019-04-29,93.97982366939152,76.24191550846291,51.57980958613877,46.98991183469576
2019-04-30,90.31883157240522,35.07735764267831,48.55531385954009,45.15941578620261
2019-05-01,4.737895290691171,57.93325992870303,57.409900858836735,2.3689476453455853
2019-05-02,44.38693945595581,50.65846383296048,50.36524652844735,22.193469727977902
2019-05-03,93.18181818181816,46.40838650865998,49.75367570925657,46.590909090909086
2019-05-04,93.86631923227496,48.20005403214913,49.88959706034049,46.93315961613747
2019-05-05,99.32228728558768,99.93889398105712,50.33844223394651,49.661143642793846
2019-05-06,50.25317477232893,58.191221168197536,53.92808884603208,25.126587386164463
2019-05-07,68.23832295857767,69.83390438897047,56.29958065672929,34.119161479288834
2019-05-08,99.99461697722568,15.384615384615383,49.99813664596273,49.99730848861284
2019-05-09,80.60977657278951,34.46539670322622,46.98780571222476,40.30488828639476
2019-05-10,82.17331915572773,24.871809778501248,45.52047772727178,41.08665957786386
2019-05-11,99.863350642252,44.3939393939394,49.99233935418685,49.931675321126
2019-05-12,99.90909994450747,100.0,50.04545002774626,49.954549972253744
2019-05-13,84.04261490775886,39.72291471901943,48.35988132137707,42.02130745387943
2019-05-14,61.74737636468427,39.98796604473162,46.16748143448893,30.873688182342136
2019-05-15,91.82313598694252,34.76122883504005,48.75214638278834,45.91156799347127
2019-05-16,80.43022916135769,46.14961146753054,49.246487787798365,40.21511458067884
2019-05-17,93.95436782013871,51.192107426692246,50.07207043020663,46.97718391006936
2019-05-18,98.93304897870446,99.78653211721328,50.53119791289223,49.46652448935223
2019-05-19,97.40070153932804,51.06349079901219,50.02764329996812,48.70035076966401
2019-05-20,99.95031014749604,100.0,50.02484492625198,49.97515507374802
2019-05-21,99.9496894409938,100.0,50.02515527950311,49.9748447204969
2019-05-22,81.29267210824568,24.789715742228623,45.282801819018445,40.64633605412284
2019-05-23,34.041413891938674,47.586202556340815,48.407597043703134,17.020706945969337
2019-05-24,11.762140791022864,45.47142504147693,46.00408240392542,5.881070395511432
2019-05-25,93.0201776026746,39.43494776828111,49.26257811804136,46.5100888013373
2019-05-26,89.54180522319255,20.07052717079066,46.86991743584962,44.77090261159628
2019-05-27,99.95424260117352,100.0,50.02287869941323,49.97712130058677
2019-05-28,99.70515828072492,61.79775280898876,50.03478469721785,49.85257914036247
2019-05-29,99.84182194616976,100.0,50.07908902691511,49.92091097308489
2019-05-30,81.3496363112786,28.11805740691371,45.91893812423217,40.6748181556393
2019-05-31,47.00767815243031,28.097960142515955,38.39231811326157,23.503839076215154
2019-06-01,17.41134074547674,37.32732445910078,39.53380717909543,8.70567037273837
2019-06-02,7.172718871039761,38.23360956489055,39.07757967206986,3.5863594355198805
2019-06-03,17.94445344196805,40.928563656561,42.55638332772718,8.972226720984025
2019-06-04,21.091257113080594,40.40569338840801,42.429253264076166,10.545628556540295
2019-06-05,20.666024488575736,39.16084648054283,41.40086860122816,10.333012244287868
2019-06-06,87.00559939179378,37.08232368320367,48.321425390124105,43.50279969589689
2019-06-07,6.661142367017024,30.81468955466308,32.09265039698116,3.330571183508512
2019-06-08,28.79171509214677,28.323861152400102,34.564793292379214,14.395857546073383
2019-06-09,56.92959597655756,21.71159029649596,37.81606764889411,28.46479798827878
2019-06-10,91.66965301096006,25.92316299888101,47.99431593382123,45.83482650548003
2019-06-11,58.35462039909102,23.17902556085515,38.83030338215536,29.17731019954551
2019-06-12,84.40773302494084,17.893743437055548,44.99390676100825,42.20386651247042
2019-06-13,8.128723830647088,25.957706522599093,27.91203816193069,4.064361915323544
2019-06-14,16.51594044030328,20.490356016671807,25.36415124110384,8.25797022015164
2019-06-15,91.03564408524424,24.641866913123845,47.72680669675498,45.51782204262212
2019-06-16,44.07949339353296,15.849504656599011,30.90286999535224,22.03974669676648
2019-06-17,44.88569762930722,26.18602182513542,36.87509206221435,22.44284881465361
2019-06-18,17.898002795297423,25.18060403703142,29.62278022025947,8.949001397648711
2019-06-19,44.07336884375415,25.22020999224861,36.14149824107261,22.03668442187708
2019-06-20,53.02595034774005,16.679177632159952,34.347860356389475,26.512975173870025
2019-06-21,85.99784151947087,15.669798061986834,45.19303071795371,42.99892075973544
2019-06-22,99.6006045798998,96.99326075686884,50.18768893121869,49.8003022899499
2019-06-23,67.90675302488742,13.942220729217809,38.427887844886925,33.95337651244371
2019-06-24,2.5067913900957857,19.85889029487327,20.61446503784072,1.2533956950478928
2019-06-25,0.7852707221333777,17.869246759010192,18.12156015701261,0.3926353610666888
2019-06-26,0.047353106716872,15.172640209782218,15.189132046630348,0.023676553358436
2019-06-27,0.0130844110665041,14.75491560489047,14.759527216613463,0.006542205533252
2019-06-28,0.477060790462938,14.79216098732661,14.960123782425388,0.238530395231469
2019-06-29,0.2558729275227471,14.830392893804776,14.920382397105644,0.1279364637613735
2019-06-30,0.2195273412269023,14.413902487761016,14.492023701476043,0.1097636706134511
2019-07-01,36.71780630860616,21.911415030911268,32.224927254689526,18.35890315430308
2019-07-02,36.61319206243476,15.26019092016185,27.979543940686145,18.30659603121738
2019-07-03,86.25685013104598,22.33914249532653,46.19852689809491,43.12842506552299
2019-07-04,6.824562860821532,13.739282379083395,16.213917846907837,3.412281430410766
2019-07-05,13.327977480507188,12.716250751473607,17.68542045520597,6.663988740253593
2019-07-06,22.76119712755801,11.284636385132956,20.09671661616371,11.380598563779005
2019-07-07,46.08905358020442,11.724137931034482,29.365120508285138,23.04452679010221
2019-07-08,88.23896256731027,13.64749405443495,45.724568168021335,44.11948128365513
2019-07-09,67.15589635793371,17.609523028080563,39.36163817318317,33.57794817896686
2019-07-10,14.97232384218984,10.311601864581018,16.253877361193585,7.48616192109492
2019-07-11,95.67775322687862,10.756036795707168,48.30377906675751,47.83887661343931
2019-07-12,87.8230563780389,16.95650694255377,45.97631247966814,43.91152818901945
2019-07-13,67.4949455152464,14.395804891741198,38.4268369812025,33.7474727576232
2019-07-14,71.3930337945131,16.218586045972348,40.33616232643568,35.69651689725655
2019-07-15,89.11805276522416,21.027788351732013,46.8472592156879,44.55902638261208
2019-07-16,10.448616526928204,10.98884282574219,15.064969041597628,5.224308263464102
2019-07-17,22.4638478547478,14.574680880120178,22.532570669268857,11.231923927373897
2019-07-18,63.09986976034244,16.273436446202957,37.55485412328801,31.54993488017122
2019-07-19,70.9529050618612,14.70122308010675,39.74673075607678,35.4764525309306
2019-07-20,25.37514165099685,15.037156938001312,23.9090278901992,12.687570825498426
2019-07-21,65.0457332561954,13.141284229509754,37.11630617124207,32.5228666280977
2019-07-22,69.20929538525944,7.711464552301593,36.97906196439933,34.60464769262972
2019-07-23,1.0880830091653184,9.275590551181102,9.718705930976617,0.5440415045826592
2019-07-24,0.5715508092469943,9.726054580204494,9.956240641167028,0.2857754046234971
2019-07-25,23.33977503181065,16.56413477888854,24.36799050143537,11.669887515905325
2019-07-26,16.99075477102802,12.613682681223384,18.965900174775097,8.49537738551401
2019-07-27,40.17481197549147,13.7614933362919,28.32024525116258,20.087405987745736
2019-07-28,99.81676791016038,100.0,50.09161604491982,49.90838395508019
2019-07-29,62.72400839228109,11.85428253615128,35.78080555947159,31.362004196140543
2019-07-30,41.30769949057406,16.42053831223241,30.291441436767897,20.65384974528703
2019-07-31,85.23716405728892,15.554183563220004,44.91482063031077,42.61858202864446
2019-08-01,21.23867163574832,12.124686964544615,20.168900331156763,10.61933581787416
2019-08-02,69.86667164237898,20.537200886161298,41.12187799968072,34.93333582118949
2019-08-03,49.98859247767237,10.769562548730113,30.380306053453577,24.994296238836185
2019-08-04,14.212706952955047,8.933851462197724,14.770462810740796,7.1063534764775245
2019-08-05,47.6050891725427,10.580600714268746,29.34624089552177,23.80254458627135
2019-08-06,80.23705508154207,21.731109876633788,44.41323481585974,40.11852754077104
2019-08-07,99.56272477126905,35.984848484848484,49.93871521415512,49.78136238563452
2019-08-08,33.87096104844667,12.879317972870782,25.45244972319746,16.935480524223333
2019-08-09,0.9971131279985048,7.616076729272125,8.038692392365366,0.4985565639992523
2019-08-10,47.23697906946847,21.57190241141887,35.00047691918501,23.61848953473424
2019-08-11,37.9617390293857,23.99995986125373,33.87002724626013,18.98086951469285
2019-08-12,91.9573183741872,25.932412940449208,48.06426687823805,45.9786591870936
2019-08-13,80.48481256359617,12.248322147651008,42.63268930672674,40.24240628179808
2019-08-14,31.83564441511056,9.96340074660041,22.70931012081551,15.917822207555275
2019-08-15,59.1676346137891,13.791964888931783,35.21540280428109,29.58381730689455
2019-08-16,31.83717440173362,13.92385789893601,25.409482177069,15.91858720086681
2019-08-17,73.57635606852064,6.220091940317241,38.4317529807804,36.78817803426032
2019-08-18,2.968958621878264,6.565586312421755,7.8551360824613825,1.484479310939132
2019-08-19,76.55231738661803,16.827998338062784,42.22193433380317,38.27615869330901
2019-08-20,90.51588041519052,12.506280446512442,46.44405080075414,45.25794020759525
2019-08-21,71.72442810271248,21.219651653764952,41.861928024987925,35.86221405135624
2019-08-22,36.22761885588691,11.139714257818856,25.217870462804804,18.11380942794345
2019-08-23,81.17473499258227,11.987100466672535,42.84397092584765,40.58736749629114
2019-08-24,67.0404238032863,11.842088715052885,37.42331415496344,33.52021190164315
2019-08-25,79.0182253779165,18.22402212564204,43.33283593843909,39.50911268895825
2019-08-26,44.08304469546197,11.373505244171287,28.401240191673534,22.041522347730982
2019-08-27,1.7084502449692518,6.765582773214892,7.504221280236932,0.8542251224846259
2019-08-28,61.036938093588674,13.076181908194172,35.61334989867899,30.518469046794337
2019-08-29,97.16547793599906,18.05362752977278,49.09447302368349,48.58273896799953
2019-08-30,61.91781618505273,13.30344530436158,36.02468089701893,30.958908092526364
2019-08-31,43.64750016599163,14.383707914813396,29.929329061815285,21.82375008299581
2019-09-01,49.96752808872198,16.59077525359344,33.28453901297839,24.98376404436099
2019-09-02,97.25046847014733,46.92371413510054,49.91541655019619,48.62523423507366
2019-09-03,1.266658774711684,4.463992730393517,5.040778562127339,0.633329387355842
2019-09-04,0.1341671356978041,4.210106001335155,4.271540990552224,0.067083567848902
2019-09-05,50.75172070652625,8.309689586367732,29.46823948917821,25.375860353263125
2019-09-06,99.9184236298172,100.0,50.0407881850914,49.9592118149086
2019-09-07,97.4477256869318,53.889835320840426,50.09927926771447,48.723862843465895
2019-09-08,99.5293723031563,98.7241531016278,50.22930935954879,49.76468615157815
2019-09-09,56.273696436719625,27.86629415475688,40.32169079520471,28.136848218359813
2019-09-10,42.29763821347364,22.77244454032287,34.28905744302999,21.14881910673682
2019-09-11,33.81180918233748,16.43583538145157,27.7844866759208,16.90590459116874
2019-09-12,28.07103490508267,10.034717913346627,21.25338619780585,14.035517452541336
2019-09-13,0.086190961787289,7.089345921833232,7.126331027292419,0.0430954808936445
2019-09-14,17.340568863829336,8.898002853067046,16.025322972740124,8.670284431914668
2019-09-15,1.1272777115514814,5.732577727553425,6.2315945123090914,0.5636388557757407
2019-09-16,0.4203591744843643,5.899651489460216,6.085031350403848,0.2101795872421821
2019-09-17,33.811812160748964,9.99592463713596,23.522027455472006,16.905906080374482
2019-09-18,13.150596206862192,7.827872379076593,13.37375859434683,6.575298103431096
2019-09-19,29.42215231506363,8.724248135222465,20.86846271806503,14.711076157531815
2019-09-20,20.43519060609458,7.467585839793552,16.1591657428053,10.21759530304729
2019-09-21,0.0145382345183379,3.6901327118372977,3.6968653489487817,0.0072691172591689
2019-09-22,98.1106565183903,30.3013698630137,49.62782521554045,49.05532825919515
2019-09-23,99.40535347512092,100.0,50.29732326243954,49.70267673756046
2019-09-24,58.83507826267233,6.197150469130083,31.968591271898,29.417539131336166
2019-09-25,75.54603623515946,19.434458199084283,42.525513483476885,37.77301811757973
2019-09-26,81.47515814293676,7.358484235015156,42.10072663908187,40.73757907146838
2019-09-27,71.52420793525488,11.85886941273202,39.13901096282667,35.76210396762744
2019-09-28,78.21095833082995,26.41577606206976,44.86122361881401,39.10547916541498
2019-09-29,25.28346459962053,11.451893877301533,21.19819064265815,12.641732299810265
2019-09-30,33.56831722618012,8.400626017199855,22.36483583985125,16.78415861309006
2019-10-01,38.4795319209878,12.599315126263052,26.99092360092072,19.23976596049389
2019-10-02,80.42931778759173,25.1887541695346,45.14426992558022,40.21465889379586
2019-10-03,15.973828097430554,10.82226163948358,17.08044621765358,7.986914048715277
2019-10-04,65.99196324396466,12.173065204143816,37.13580211094371,32.99598162198233
2019-10-05,71.30600789334041,11.723699513830194,39.01700135977713,35.653003946670204
2019-10-06,97.10490625420589,21.677871549134604,49.18004783054322,48.55245312710294
2019-10-07,46.47228953658213,17.798406945871044,32.76322450537777,23.236144768291062
2019-10-08,39.36133805402244,9.285159683813394,25.31106561882302,19.68066902701122
2019-10-09,92.27000420367314,27.496048648503844,48.260445506521904,46.13500210183657
2019-10-10,40.39105786005141,13.086674948931831,27.99635742837762,20.195528930025706
2019-10-11,1.995862893980428,11.324133371195586,12.09605064216525,0.9979314469902136
2019-10-12,2.3041713913083206,9.913205774377529,10.836874218616956,1.1520856956541603
2019-10-13,13.261643537019546,8.071839032317513,13.632202281479328,6.630821768509773
2019-10-14,11.04623527580302,7.32551329228084,12.039437496756785,5.523117637901509
2019-10-15,84.22711757688229,18.507235338918505,45.032683258218455,42.113558788441146
2019-10-16,12.677395909043712,19.835815287442152,23.65984840618835,6.338697954521856
2019-10-17,8.52574086765103,12.39114049346616,15.597574398272174,4.262870433825515
2019-10-18,73.17789152243002,16.027855712971768,40.88795460717669,36.58894576121501
2019-10-19,95.44406869516057,52.940909090909095,50.1339857979196,47.72203434758028
2019-10-20,92.84896183917569,14.35108755466736,47.45073266711542,46.42448091958784
2019-10-21,96.07918651816604,32.56759611322349,49.31650795819952,48.03959325908303
2019-10-22,13.260881747970602,7.4191857919182205,13.06577721137501,6.630440873985301
2019-10-23,1.6440290758047766,5.641871347004966,6.371131879543095,0.8220145379023883
2019-10-24,81.7235501595803,12.149267938896696,43.0822299406208,40.86177507979015
2019-10-25,35.26388093400071,9.81878680442246,23.98824198354791,17.631940467000355
2019-10-26,0.0425762582322752,4.455165764912193,4.474557051147586,0.0212881291161376
2019-10-27,0.11838276679218,4.7438342007697765,4.797409701986961,0.05919138339609
2019-10-28,94.51948702763036,77.85082747676265,51.52636821277626,47.25974351381518
2019-10-29,98.3083450147942,62.16646266829865,50.20581457225147,49.15417250739711
2019-10-30,99.62691511387165,85.73806881243064,50.13333333333333,49.813457556935816
2019-10-31,76.79567856084638,31.8927027895846,45.79832455135232,38.39783928042319
2019-11-01,77.18295735194178,25.84675735067105,44.48894432381363,38.59147867597089
2019-11-02,85.722747588218,32.15736335151445,47.4525617287786,42.861373794109
2019-11-03,97.67062867555704,100.0,51.16468566222149,48.83531433777851
2019-11-04,14.652849009356196,42.15922167590752,43.30811908489512,7.326424504678098
2019-11-05,89.12727882717672,79.56419877716615,53.214432900020505,44.56363941358836
2019-11-06,99.22414167955624,99.89324793167869,50.38710091541757,49.61207083977811
2019-11-07,46.38078212105123,65.59165154966949,58.36012161534377,23.190391060525616
2019-11-08,98.45523152892946,99.6515212438011,50.767001045581125,49.22761576446473
2019-11-09,70.87432985458933,61.02711936792654,53.21172241364298,35.43716492729467
2019-11-10,3.054646352202303,66.04818461485728,65.55796932892484,1.5273231761011514
2019-11-11,78.29870893964002,77.25506668066787,55.91470134906692,39.14935446982001
2019-11-12,99.46418219461698,100.0,50.26790890269152,49.73209109730849
2019-11-13,91.20865234828146,80.82895449939915,52.7102805674323,45.60432617414073
2019-11-14,9.657183082798104,78.86490002597326,76.07736378379838,4.828591541399052
2019-11-15,100.0,-1.0,50.0,50.0
2019-11-16,58.71095888138797,82.7655642707214,63.52858730448341,29.355479440693987
2019-11-17,99.9184265010352,100.0,50.0407867494824,49.9592132505176
2019-11-18,52.14654475337439,82.1860295837991,65.40212726254899,26.0732723766872
2019-11-19,86.54420444426036,96.7079139348047,56.28492140741814,43.27210222213018
2019-11-20,61.79608772969769,93.02001334584732,66.43532815731986,30.898043864848844
2019-11-21,73.11463179599829,83.27886290409607,58.94714482587117,36.557315897999146
2019-11-22,92.50562202591723,93.31620247568524,53.246279937546845,46.25281101295862
2019-11-23,99.97163561076604,100.0,50.01418219461697,49.98581780538302
2019-11-24,99.71510915294664,82.04941860465115,50.09130586013847,49.85755457647332
2019-11-25,6.330612253374008,66.66969653973716,65.6144026879923,3.165306126687004
2019-11-26,87.71242967345282,55.68967261202333,50.69912252355267,43.85621483672641
2019-11-27,99.52587599069145,98.8646288209607,50.23167893729968,49.76293799534572
2019-11-28,69.03634604267205,81.04581286721897,59.61291806444528,34.518173021336025
2019-11-29,68.22502714215861,87.10811163275952,61.79109239936682,34.112513571079305
2019-11-30,12.38067952981818,63.68534533823007,61.99100658935489,6.1903397649090905
2019-12-01,99.49337474120082,86.3506334286882,50.18416149068323,49.74668737060041
2019-12-02,50.02986275575169,62.83185106179889,56.41209358655844,25.014931377875843
2019-12-03,4.701286888769367,65.39517552461267,64.67140415617102,2.3506434443846835
2019-12-04,2.433249705085816,60.43169143003107,60.17786232907439,1.216624852542908
2019-12-05,1.2750031672582345,58.845903018828224,58.73311747516558,0.6375015836291172
2019-12-06,2.671207983302354,60.53819218466936,60.25669515373672,1.335603991651177
2019-12-07,25.909485209581085,61.76036435239779,58.71331448992044,12.954742604790544
2019-12-08,43.48675735051582,76.05729451539368,64.72582207737516,21.74337867525791
2019-12-09,64.78320454634984,68.24641759587419,56.42580356235784,32.39160227317492
2019-12-10,26.9290877732602,61.01184136154355,58.04645293584132,13.464543886630098
2019-12-11,26.778163681102768,57.179976141834246,55.25731037830974,13.389081840551384
2019-12-12,98.5578635260599,100.0,50.72106823697005,49.27893176302995
2019-12-13,99.28694914026023,100.0,50.35652542986987,49.64347457013013
2019-12-14,26.06460126862002,68.36511611590542,63.5783218277756,13.03230063431001
2019-12-15,69.08374886320556,87.72899663624545,61.66439135145437,34.54187443160278
2019-12-16,98.21954340471171,99.45342481683916,50.88049676374734,49.10977170235586
2019-12-17,95.05418735531748,92.23813112283344,52.08901882995068,47.52709367765874
2019-12-18,76.00341446839545,70.64323950958384,54.95367262541127,38.00170723419773
2019-12-19,87.58069894555449,72.03228711517295,52.736256066013134,43.79034947277725
2019-12-20,99.23290337274064,100.0,50.38354831362968,49.61645168637032
2019-12-21,95.0076303948548,98.99626710908336,52.44607474680962,47.50381519742741
2019-12-22,98.48527825455028,100.0,50.75736087272487,49.24263912727513
2019-12-23,68.45040636921546,73.40277321416836,57.38347984740422,34.22520318460773
2019-12-24,94.47506833429968,97.6687530452382,52.63366603164085,47.23753416714984
2019-12-25,45.23100283775038,59.75169112132897,55.34090343351201,22.61550141887519
2019-12-26,6.87750368089114,66.1284100057312,65.01917801391782,3.43875184044557
2019-12-27,69.01616610941713,51.19384512460277,50.36989899031774,34.508083054708564
2019-12-28,6.582627527766761,64.16262316653292,63.23035043531886,3.2913137638833807
2019-12-29,2.7727472856110387,63.76664238706245,63.3849281839554,1.3863736428055191
2019-12-30,1.2056250038941376,61.17392072114495,61.03920513901552,0.6028125019470688
2019-12-31,4.673605602096633,63.97831073853722,63.32501962478246,2.3368028010483166
2020-01-01,1.8733008932446944,60.92240355737667,60.71779407397254,0.9366504466223472
2020-01-02,7.866960427434376,64.54023791600366,63.39636315309684,3.933480213717188
2020-01-03,89.04395055795271,41.34051805634336,49.05126287682782,44.52197527897636
2020-01-04,95.01069639429,71.0775361115723,51.05162226920951,47.50534819714501
2020-01-05,6.70479109433304,57.90354602352144,57.37362977359987,3.35239554716652
2020-01-06,1.3593051655673152,57.92997593435955,57.82218336185555,0.6796525827836576
2020-01-07,38.14716779169484,51.60160848377934,50.99064020810601,19.07358389584742
2020-01-08,30.830878827316937,55.856845339911295,54.051128450059885,15.415439413658468
2020-01-09,23.207232711581927,73.00349192964248,67.66501802574038,11.603616355790964
2020-01-10,2.5806156843117423,58.15658928940687,57.94609906689955,1.2903078421558711
2020-01-11,4.955203794697559,59.42130954826135,58.9544644600157,2.4776018973487792
2020-01-12,2.7835582526489806,57.4189868469119,57.21247502627173,1.3917791263244903
2020-01-13,76.34571739468366,52.13010181728966,50.50386030364268,38.17285869734183
2020-01-14,5.221250516600798,62.000298002506725,61.37373238105721,2.610625258300399
2020-01-15,1.7296345295531153,58.62169536373454,58.47257154369051,0.8648172647765576
2020-01-16,6.883855573806919,62.50563115803372,61.64476157052168,3.4419277869034595
2020-01-17,2.769609064779279,57.77634906530877,57.560974596687096,1.3848045323896394
2020-01-18,98.72980577519117,99.91850040749796,50.63406190928722,49.364902887595576
2020-01-19,40.00435680127799,53.56488301484879,52.13877449404052,20.002178400639
2020-01-20,4.250843586149614,63.25904785037649,62.69542646524425,2.125421793074807
2020-01-21,4.621605288242881,60.37250662468673,59.89313030999687,2.3108026441214404
2020-01-22,1.7714736667220468,58.22258398697648,58.07692307692308,0.8857368333610234
2020-01-23,3.944502015446565,59.32152454830641,58.95383682462811,1.9722510077232829
2020-01-24,6.354661594178822,65.64859596718934,64.65418064923414,3.177330797089411
2020-01-25,96.48769658337372,82.66509433962264,51.14729722453476,48.24384829168686
2020-01-26,75.20605320804691,83.12715236216523,58.21352853036448,37.603026604023455
2020-01-27,16.413723507413874,63.1612549031298,61.00100291322412,8.206861753706937
2020-01-28,98.25619555787456,90.34671099501304,50.70356773858256,49.12809777893728
2020-01-29,66.3598931856066,33.09009780779874,44.311490840334045,33.1799465928033
2020-01-30,9.205656968413182,65.21173279170726,63.81139285195108,4.602828484206591
2020-01-31,37.92298595406544,52.63113918550827,51.633332641756056,18.96149297703272
2020-02-01,31.0918007077869,74.85091049210827,67.12431492783146,15.54590035389345
2020-02-02,60.84933040341639,49.70162293823304,49.88318338239562,30.4246652017082
2020-02-03,67.52462234678795,50.43502684208174,50.141276609858885,33.762311173393975
2020-02-04,67.38567104772171,41.19879230891467,47.129545171856215,33.69283552386086
2020-02-05,74.349385352101,36.326533910907095,46.49267190447563,37.1746926760505
2020-02-06,6.04584426074624,63.972718693573725,63.127949882368085,3.02292213037312
2020-02-07,1.127935883563621,61.25595503163414,61.12899507579455,0.5639679417818105
2020-02-08,8.822320312597324,62.44312877149037,61.34535609436054,4.411160156298662
2020-02-09,2.275960466116039,61.743654261378126,61.47637333311181,1.1379802330580195
2020-02-10,94.96160473168874,62.341238850754245,50.62180039430739,47.48080236584437
2020-02-11,40.68434360719938,48.21792011414264,48.94284760120888,20.34217180359969
2020-02-12,56.65049147691925,40.667336394948336,45.95433619509768,28.325245738459625
2020-02-13,28.9478708788358,59.41599315338577,56.69026361338364,14.4739354394179
2020-02-14,42.71794105809963,44.19362666096864,46.67398980154927,21.358970529049817
2020-02-15,12.589245687150283,62.78694830419133,61.17677702691484,6.294622843575142
2020-02-16,71.82192107253495,47.42620563881576,49.27475419347486,35.910960536267474
2020-02-17,84.90847407076016,84.57949055775143,55.218572783722095,42.45423703538008
2020-02-18,8.249957429488697,57.63448794089955,57.00440656707245,4.124978714744349
2020-02-19,76.05657734419681,50.60666378191259,50.14525607340301,38.028288672098405
2020-02-20,56.85153622539323,36.10060596158559,44.00262499844491,28.425768112696616
2020-02-21,21.726910214867388,52.9593817626342,52.3163995441515,10.863455107433694
2020-02-22,8.750116796960164,59.775999854368045,58.92058844904019,4.375058398480082
2020-02-23,72.86989428483201,35.90280271027966,46.17541547242308,36.43494714241601
2020-02-24,52.75649508228003,53.94091589581037,51.86182679504038,26.378247541140016
2020-02-25,99.9966873706004,100.0,50.001656314699794,49.998343685300206
2020-02-26,76.43153956953815,61.00739542204908,52.59427363447011,38.21576978476907
2020-02-27,44.20258446376836,49.75190392828072,49.86156880393373,22.10129223188418
2020-02-28,26.82435321121861,56.43876332634695,54.71160670925323,13.412176605609307
2020-02-29,99.44573733291372,74.22487859544266,50.13426945820152,49.72286866645686
2020-03-01,78.9570402167878,78.71045869391854,56.04153027653703,39.4785201083939
2020-03-02,99.9842647497267,100.0,50.00786762513665,49.99213237486335
2020-03-03,91.21979098290218,96.1063157398236,54.048230892039584,45.60989549145109
2020-03-04,35.6255977362264,80.31196622514422,69.51114771579185,17.812798868113198
2020-03-05,85.13120258159125,100.0,57.43439870920437,42.56560129079563
2020-03-06,74.67086172876354,84.42711487161023,58.72009152862757,37.33543086438177
2020-03-07,58.13524811107148,65.9036090873521,56.658006485805046,29.06762405553574
2020-03-08,2.884675292309609,71.16526239254095,70.55471329775082,1.4423376461548043
2020-03-09,89.39091750700541,84.57003416300634,53.66756344220976,44.69545875350271
2020-03-10,98.38788845281611,65.00513874614595,50.24189957439759,49.19394422640806
2020-03-11,22.34671426792312,64.72404281025138,61.433434347627546,11.17335713396156
2020-03-12,3.479169219331164,65.80781892118682,65.25783815103328,1.7395846096655818
2020-03-13,68.92300293926216,65.7831196723717,54.904919636675686,34.46150146963108
2020-03-14,90.24793867706666,66.92577253902516,51.65061171738594,45.12396933853333
2020-03-15,51.53634240147369,71.27056214980674,60.30849240956408,25.768171200736845
2020-03-16,3.751085119020423,62.859799936131466,62.37741789439144,1.8755425595102115
2020-03-17,4.8642148636748805,61.02035692845058,60.48430308870686,2.4321074318374403
2020-03-18,3.456081944095419,59.60637441971527,59.27437024791329,1.7280409720477097
2020-03-19,2.1020715435335653,58.12754691845407,57.95670006749391,1.0510357717667826
2020-03-20,18.857781220086007,63.69315099341816,61.110926536943325,9.428890610043004
2020-03-21,64.77617574886382,50.58976639008792,50.20773827673683,32.38808787443191
2020-03-22,68.4669018434154,59.72564562669665,53.06679738182783,34.2334509217077
2020-03-23,15.246418932945817,56.7964981983946,55.75897861739672,7.6232094664729075
2020-03-24,21.38367390997484,57.51663498098859,55.909302267650894,10.69183695498742
2020-03-25,69.8976249315841,61.29809844556016,53.40099596968139,34.94881246579205
2020-03-26,95.78391721492932,83.7516577435041,51.422997831799854,47.89195860746466
2020-03-27,84.31006628003314,71.14889572414886,53.318247721623855,42.15503314001657
2020-03-28,18.09644796492801,52.239214513455565,51.83247812152311,9.048223982464007
2020-03-29,85.2565762086327,53.58984084172672,50.52926544873135,42.62828810431635
2020-03-30,89.83456727721685,99.2969514183241,55.011248430812834,44.91728363860842
2020-03-31,43.00255139081914,72.28752984335875,62.70167396129354,21.50127569540957
2020-04-01,12.72040824793594,65.83458625152254,63.76737335601378,6.3602041239679705
2020-04-02,3.239137974360199,59.135688530219774,58.83977097381816,1.6195689871800996
2020-04-03,31.94193922008589,52.606746370623405,51.77366425127291,15.970969610042946
2020-04-04,8.35209150109642,57.5472360750158,56.91688401222672,4.17604575054821
2020-04-05,4.097111171107557,55.81594778488551,55.57766193848518,2.0485555855537787
2020-04-06,3.1209243983685133,54.037976745781314,53.91195454432178,1.5604621991842569
2020-04-07,6.223690686580926,54.357319703606585,54.08613360302867,3.111845343290463
2020-04-08,3.7535071014261,52.03873565376126,51.962211566218016,1.87675355071305
2020-04-09,16.904375912037548,50.62351054422278,50.51810997797618,8.452187956018774
2020-04-10,3.8500357196258577,51.14916337105201,51.10492017078966,1.9250178598129288
2020-04-11,8.692600637066999,49.95792777221869,49.96158494295883,4.346300318533499
2020-04-12,29.169261427325942,44.66238790223317,46.219329929007344,14.584630713662971
2020-04-13,41.843664090461125,43.716174513644354,46.3455573421858,20.921832045230563
2020-04-14,27.36077532088863,44.86533742068378,46.27022091249624,13.680387660444316
2020-04-15,6.801698452083095,46.65294291945988,46.88059964909731,3.400849226041548
2020-04-16,77.65963839817644,34.689126139747145,46.57949541522044,38.82981919908822
2020-04-17,4.686085244594337,46.24428335806278,46.420279441449374,2.3430426222971685
2020-04-18,33.17273661376869,40.13021181162774,43.40429065169332,16.586368306884346
2020-04-19,72.33428200094936,24.52423052716756,42.95194545955795,36.16714100047468
2020-04-20,98.57169479242155,49.173673528559,49.98819753597681,49.285847396210784
2020-04-21,96.76947735942048,34.87820512820513,49.51148699300468,48.384738679710246
2020-04-22,4.727884445644386,41.56733661769194,41.96602319809763,2.363942222822193
2020-04-23,8.315439725885163,41.63172950825242,42.32758799709272,4.157719862942582
2020-04-24,20.601161301305165,36.283581504189925,39.109323003273815,10.300580650652584
2020-04-25,89.06416348037895,25.23201636425622,47.29141380038857,44.53208174018948
2020-04-26,63.45759900476882,34.88345702548739,44.47605224963716,31.72879950238441
2020-04-27,91.739020571154,29.10618026827128,48.27396585006172,45.86951028557699
2020-04-28,99.56374643874643,84.48030374940674,50.15042155303783,49.78187321937322
2020-04-29,97.49425901422772,35.972532472904774,49.64746516583114,48.747129507113854
2020-04-30,92.4900383554381,36.15354916992995,48.96013685352862,46.24501917771905
2020-05-01,82.39969665009707,32.22236611294898,46.87108250744389,41.199848325048535
2020-05-02,84.69129407864749,27.17319222076357,46.50551112584428,42.345647039323744
2020-05-03,14.861498026730342,37.72455966182809,39.48788263191059,7.430749013365171
2020-05-04,54.7250220969944,27.48682461848678,39.80716482075499,27.3625110484972
2020-05-05,91.74541492495268,29.36762860727729,48.29688335038797,45.872707462476335
2020-05-06,54.246851343620186,37.60872917252451,44.31314102829853,27.123425671810093
2020-05-07,2.5358910299941644,36.35251726511243,36.69731915344311,1.2679455149970822
2020-05-08,18.91216446226783,27.6588882176464,31.884076020624207,9.456082231133916
2020-05-09,27.413699687992377,31.61767649901905,36.656951459253214,13.706849843996189
2020-05-10,88.83381012257038,16.3846838824577,46.24644997441703,44.41690506128519
2020-05-11,91.06021785553764,37.22341929056324,48.85780151906495,45.530108927768815
2020-05-12,58.398672818704966,27.688579520523355,40.71470786458604,29.199336409352483
2020-05-13,99.99399585921324,100.0,50.00300207039338,49.99699792960662
2020-05-14,64.76155715743282,20.792825027659426,39.70784634144318,32.38077857871641
2020-05-15,99.55050829209712,10.54813450023031,49.822667135965546,49.77525414604857
2020-05-16,96.59607956840046,23.41810659527866,49.09517349929068,48.29803978420023
2020-05-17,52.102862881306,18.439132581894423,34.883248056900754,26.051431440653
2020-05-18,59.31967598879603,27.482888493626824,40.8399660812433,29.65983799439801
2020-05-19,88.46083735883138,31.7129214088249,47.88982425904598,44.23041867941569
2020-05-20,78.50395039006474,18.103456587764548,43.14350320425133,39.25197519503237
2020-05-21,22.39385685934217,22.14158652881619,28.380159764836787,11.196928429671086
2020-05-22,67.44521039126849,13.241145723908296,38.033232327838135,33.722605195634245
2020-05-23,17.467912457003834,21.22586340896572,26.252104398946297,8.733956228501917
2020-05-24,37.59741162651215,14.39745913497514,27.783092973495737,18.79870581325608
2020-05-25,53.69707681679851,17.186827956989248,34.80654215495298,26.848538408399254
2020-05-26,29.561774154719707,18.033458256729364,27.483335131949225,14.780887077359854
2020-05-27,3.9549864602196254,20.16523278969252,21.345193793298225,1.9774932301098127
2020-05-28,83.848128648064,16.38187602627258,44.57004386482919,41.924064324032
2020-05-29,56.35971372264288,17.653434236358365,35.88382947826989,28.17985686132144
2020-05-30,95.665995000818,19.62442660550459,48.68352113055238,47.832997500409
2020-05-31,71.35737873476606,17.56169935586596,40.708820401622745,35.67868936738303
2020-06-01,6.61499040673771,19.64196375166489,21.650144937166207,3.307495203368855
2020-06-02,19.69083357031803,17.89230447133142,24.214577361145995,9.845416785159015
2020-06-03,63.932706560384766,18.889387041890835,38.77924393353581,31.966353280192383
2020-06-04,99.79813204855596,100.0,50.100933975722015,49.89906602427799
2020-06-05,71.93707768256449,15.207240487624675,40.23613492594996,35.968538841282246
2020-06-06,79.05009462571539,18.95654410891677,43.49642536591029,39.525047312857694
2020-06-07,99.93188391694392,79.63525835866263,50.02018637719748,49.965941958471966
2020-06-08,97.0219471438067,27.499652343206787,49.32992775395345,48.51097357190335
2020-06-09,93.0775383671727,21.25366700592708,48.01004612764053,46.53876918358635
2020-06-10,99.84408162420152,75.96281540504648,50.0404808000911,49.922040812100754
2020-06-11,89.1276697118472,23.965398978736378,47.16943218776542,44.5638348559236
2020-06-12,36.56910204877401,19.244540213911787,30.49153568865604,18.284551024387007
2020-06-13,15.060252222469106,17.546909188700234,22.434426518868925,7.530126111234553
2020-06-14,89.12183028141447,19.56169912987185,46.688869971893766,44.56091514070724
2020-06-15,99.71033217590436,100.0,50.14483391204783,49.85516608795218
2020-06-16,93.631240719302,11.008130081300813,47.51665607001659,46.81562035965099
2020-06-17,98.85725052696094,26.309113969922088,49.729272524733,49.42862526348047
2020-06-18,60.13198266508725,14.438772589852064,35.822443691614474,30.065991332543625
2020-06-19,95.1994218516072,20.760902385368592,48.59635426912477,47.5997109258036
2020-06-20,61.67426098029903,9.436606761151788,34.453779769744,30.83713049014952
2020-06-21,79.61204279506568,11.509533682969469,42.15258019930416,39.80602139753284
2020-06-22,49.65410696140846,8.202386493288245,28.95661821122701,24.82705348070423
2020-06-23,4.338698390482855,11.99143004130859,13.640507254351885,2.1693491952414274
2020-06-24,16.888570598248016,18.023582537632905,23.42394237555528,8.444285299124008
2020-06-25,77.48568065583011,21.168749884947445,43.50884027818071,38.742840327915054
2020-06-26,83.47063089195069,23.74309028691761,45.65989847715736,41.73531544597535
2020-06-27,17.760387685101364,15.411182840220253,21.554290863488003,8.880193842550682
2020-06-28,59.34301588848816,15.002269979646698,35.77097846623515,29.67150794424408
2020-06-29,77.40262485029568,16.81735653896235,42.50141934200549,38.70131242514784
2020-06-30,49.684503980518485,19.19858185266109,34.50211367813183,24.842251990259243
2020-07-01,64.90853835501711,25.388564305841903,41.36348748310489,32.45426917750856
2020-07-02,47.71508500464869,15.458168279497336,31.939832647097887,23.857542502324343
2020-07-03,86.30501883280162,15.198667978506016,45.23396413372222,43.15250941640081
2020-07-04,20.680940841291694,13.146899281630258,20.768467239377948,10.340470420645849
2020-07-05,8.858677708260222,10.82882217847769,14.298870576215858,4.429338854130111
2020-07-06,16.054183908857418,14.150665720172448,19.905983775557026,8.027091954428709
2020-07-07,1.331702281879752,8.450840600576328,9.004151704400307,0.6658511409398761
2020-07-08,1.3059488378758393,9.05911393284105,9.593780958651184,0.6529744189379196
2020-07-09,6.029858557078688,9.622299177239388,12.05701742545225,3.014929278539344
2020-07-10,1.6180886989245973,10.474284520047371,11.113845655397576,0.8090443494622986
2020-07-11,98.80055158477096,34.57621267046435,49.81499962730759,49.40027579238548
2020-07-12,12.725294666010583,9.414163233069113,14.578830554327132,6.362647333005292
2020-07-13,32.378920453602085,11.992511202504453,24.29892576665726,16.189460226801042
2020-07-14,69.33530954281154,17.41049699853983,40.0065297830661,34.66765477140577
2020-07-15,81.83564727021768,11.714302013805693,43.0456507727285,40.91782363510884
2020-07-16,94.69549639110669,15.57473059503358,48.17391034204231,47.34774819555334
2020-07-17,79.09034776554834,19.698756379130952,43.66411533616231,39.54517388277417
2020-07-18,61.425259132368005,11.64879947527446,35.2061237779612,30.712629566184003
2020-07-19,65.35152564514624,16.94734700228614,38.54776000248831,32.67576282257312
2020-07-20,5.239568838397474,9.8875207665771,11.989241728800184,2.619784419198737
2020-07-21,66.41665768596275,17.612391619611838,39.12315861028443,33.20832884298137
2020-07-22,34.71341874578557,12.134492237776682,25.2789045074952,17.356709372892784
2020-07-23,25.84194323175833,13.058290340369902,22.60474597945249,12.920971615879164
2020-07-24,99.7459469532269,100.0,50.12702652338654,49.87297347661345
2020-07-25,69.58457711442786,9.642594258608,37.725124378109456,34.79228855721393
2020-07-26,47.17707060797567,15.21079310981188,31.623321808350667,23.58853530398784
2020-07-27,17.23760599995017,12.678286045455572,19.11165604936836,8.618802999975085
2020-07-28,0.0604375177833761,5.398817118940643,5.42577296677598,0.030218758891688
2020-07-29,7.149532128038675,9.346609589500664,12.253136798036309,3.5747660640193377
2020-07-30,12.211733729801114,14.426552122163985,18.770686855514903,6.105866864900557
2020-07-31,4.564361884390543,9.161233886621,11.025262961155471,2.2821809421952715
2020-08-01,3.250801641495954,8.718088520346285,10.060081576367775,1.625400820747977
2020-08-02,86.61075035327562,7.974311358712473,44.37307563206293,43.30537517663781
2020-08-03,99.98571413782751,100.0,50.00714293108624,49.99285706891376
2020-08-04,95.16486701934924,19.86553614251456,48.54295859948444,47.582433509674615
2020-08-05,30.73694300819148,10.636475018198269,22.73561925786988,15.36847150409574
2020-08-06,7.411645477087426,9.574575461435456,12.570764610841367,3.705822738543713
2020-08-07,8.83502444251544,11.14935511647084,14.581819088005515,4.41751222125772
2020-08-08,1.5780084030297428,7.911246162124522,8.5754102344167,0.7890042015148714
2020-08-09,2.13078359255098,9.001534207739791,9.875122790038898,1.06539179627549
2020-08-10,9.137893801340564,12.792374440389324,16.192367750026996,4.568946900670282
2020-08-11,5.407914274144144,10.841416132814045,12.9590787793203,2.703957137072072
2020-08-12,15.36369280089031,10.03942271602152,16.17884305139433,7.681846400445155
2020-08-13,53.01696785191391,16.56286552934166,34.290220362251816,26.50848392595696
2020-08-14,84.03096407479602,12.928876263117614,44.080098932580434,42.01548203739801
2020-08-15,63.26337580014187,15.300268762562954,37.25249013694197,31.631687900070936
2020-08-16,73.57635606852064,6.220091940317241,38.4317529807804,36.78817803426032
2020-08-17,86.94803944106518,17.88768823090716,45.80871373333582,43.47401972053259
2020-08-18,73.71036906999832,18.42198623495187,41.69825672614372,36.85518453499916
2020-08-19,8.012434484305306,7.412766745150447,10.82504090837355,4.006217242152653
2020-08-20,6.795715270682251,10.632997698311724,13.308267085337386,3.3978576353411256
2020-08-21,1.0917805971668118,7.712965879265092,8.174647512912586,0.5458902985834059
2020-08-22,37.72756405602789,18.893100530933364,30.62897595396968,18.863782028013947
2020-08-23,68.11015790128062,12.749684848012269,38.120933316755774,34.05507895064031
2020-08-24,84.00907957282851,19.36940443752433,45.10188583723579,42.004539786414256
2020-08-25,6.384755006001802,5.745178336121106,8.570740277702784,3.192377503000901
2020-08-26,20.4711923436952,5.6865247449558805,14.758021498591736,10.235596171847597
2020-08-27,5.809336307261619,6.112072671950964,8.66166996872391,2.904668153630809
2020-08-28,93.35980052271664,11.83406113537118,47.46563200251831,46.67990026135832
2020-08-29,99.17306434114305,7.28592889334001,49.64678211466951,49.58653217057152
2020-08-30,80.18335011832383,29.08191543875428,45.854314571443965,40.09167505916192
2020-08-31,99.99233954451346,100.0,50.00383022774327,49.99616977225673
2020-09-02,77.35064612068518,16.64043483830823,42.44427403392781,38.67532306034259
2020-09-03,25.20094493942589,11.349476167348922,21.089773397215,12.600472469712948
2020-09-04,0.2481884321344828,4.887006708391111,4.998971939130489,0.1240942160672414
2020-09-05,0.0209765955193161,4.020457510365858,4.030102453015541,0.010488297759658
2020-09-06,91.36849343725468,19.49223717994865,47.366720450040496,45.68424671862734
2020-09-07,97.82181867888342,8.728724921555576,49.101036795254686,48.91090933944171
2020-09-08,6.71820028328259,7.926973171546255,10.753523379120994,3.359100141641295
2020-09-09,0.367194266120306,4.764227540591302,4.93033070329748,0.183597133060153
2020-09-10,44.79229767071339,10.862352087959987,28.39300384203669,22.39614883535669
2020-09-11,37.48793513930893,11.615227533079873,26.004886138850203,18.743967569654465
2020-09-12,4.72735957798108,13.303817253173412,15.03857776300896,2.36367978899054
2020-09-13,1.0544373807085936,5.049620916349714,5.52359451617794,0.5272186903542968
2020-09-14,0.1075829354357005,3.917491906996472,3.96706882192532,0.0537914677178502
2020-09-15,0.0610605849770192,4.079635075177423,4.107674318624102,0.0305302924885096
2020-09-16,10.205259715315051,8.72703138947086,12.939045028395816,5.102629857657527
2020-09-17,27.53440633508201,9.286575430337082,20.496775184275183,13.767203167541004
2020-09-18,1.961623214652879,5.882502478582505,6.747921551686539,0.9808116073264396
2020-09-19,3.0371502625108,9.763965044551062,10.985993885824415,1.5185751312553997
2020-09-20,21.21230366763903,10.193503163564593,18.63737815195839,10.606151833819515
2020-09-21,66.39986068872014,22.35096681844544,40.70988633277568,33.19993034436007
2020-09-22,89.12197334868969,13.84773584187074,46.0673470698266,44.560986674344846
2020-09-23,98.91022787273911,62.511875356260695,50.13635093023016,49.45511393636957
2020-09-24,98.1264520617724,51.62466843501326,50.030438941967226,49.063226030886206
2020-09-25,95.7492670079014,83.09221101855911,51.40666153158078,47.874633503950704
2020-09-26,92.48236468546386,21.563171524601906,47.86222294019941,46.24118234273193
2020-09-27,61.8372594558726,54.3138299028451,51.64627571333775,30.9186297279363
2020-09-28,96.32803926034828,24.163988044888065,49.05131178431657,48.16401963017415
2020-09-29,61.08270888769519,8.937669203385132,34.019653186383806,30.541354443847595
2020-09-30,40.374287161012376,13.269780942635787,28.099345059724907,20.187143580506188
2020-10-01,24.7970432227378,22.85387088317673,29.585308253575608,12.3985216113689
2020-10-02,99.11963410568946,99.48259642521168,50.43562790254688,49.55981705284473
2020-10-03,87.69806005240862,98.4541290583322,55.96018601953412,43.84903002620431
2020-10-04,87.57021773712468,30.35711309970171,47.558431928150064,43.78510886856234
2020-10-05,92.33764969331126,33.7776095595988,48.75698361633767,46.16882484665563
2020-10-06,65.5625431541232,28.03065881531255,42.43431761019983,32.7812715770616
2020-10-07,61.27739337603337,19.851031587514925,38.32553356044945,30.638696688016687
2020-10-08,28.23249336347013,18.570585751551576,27.44389304342232,14.116246681735069
2020-10-09,69.42213491806947,15.146032391407468,39.3424008089448,34.71106745903474
2020-10-10,28.467050256972293,16.30056293888921,25.893798623392367,14.233525128486146
2020-10-11,99.96666666666668,100.0,50.016666666666666,49.98333333333333
2020-10-12,38.81028705403919,45.2082478561474,47.067940618094674,19.4051435270196
2020-10-13,33.921678495828665,41.17743125893124,44.170194662350056,16.960839247914333
2020-10-14,7.874278974929714,44.92824832143671,45.327612197522456,3.937139487464857
2020-10-15,99.91987577639752,100.0,50.04006211180124,49.95993788819876
2020-10-16,92.864984444067,41.38071183882018,49.38501244888913,46.4324922220335
2020-10-17,90.69113177722856,29.41870298660257,48.08411418248564,45.345565888614274
2020-10-18,39.0931881194694,46.22914735866543,47.703293875450335,19.54659405973469
2020-10-19,40.66638171081408,53.09453202590608,51.83609782008772,20.33319085540704
2020-10-20,94.8038663508208,31.64899976089902,49.04645750161512,47.401933175410406
2020-10-21,60.26108534717054,35.7438350661749,44.33475478418064,30.13054267358527
2020-10-22,72.69153292658665,27.82858140258479,43.94532545261622,36.34576646329332
2020-10-23,99.955900621118,81.2206572769953,50.01376811594203,49.977950310559
2020-10-24,70.07773121875668,26.063638127442555,42.83769746404232,35.03886560937834
2020-10-25,56.50521706861487,39.92783637828228,45.619134296239935,28.252608534307434
2020-10-26,97.70291789272277,47.48940773460741,49.94232963428498,48.85145894636138
2020-10-27,74.05075228878604,70.26718319421703,55.25918157115291,37.02537614439302
2020-10-28,51.74466602226103,61.81105408402755,55.69946359453887,25.872333011130515
2020-10-29,78.12840066080345,26.65801095547679,44.89473367838273,39.064200330401725
2020-10-30,28.84361617368788,42.19582389320923,44.44683049497062,14.42180808684394
2020-10-31,2.656385313975149,38.75104538239661,39.04986096083436,1.3281926569875746
2020-11-01,97.1525408288336,89.15145786373883,51.11482177758639,48.5762704144168
2020-11-02,19.09360730593607,28.28425348954739,32.43057285180573,9.546803652968036
2020-11-03,60.03550519201216,16.739317702981808,36.70753635030684,30.01775259600608
2020-11-04,79.87726171804589,20.91780525725112,44.14786606526842,39.93863085902294
2020-11-05,37.11747264808832,28.49195560072327,36.4751980977635,18.55873632404416
2020-11-06,3.7167340258941888,20.72014357142549,21.808397958039286,1.8583670129470944
2020-11-07,3.1741053812124864,17.38476685249256,18.4200087229226,1.5870526906062432
2020-11-08,19.98327186539456,16.592614495550386,23.268503164024963,9.991635932697276
2020-11-09,3.0826199465842583,16.376057240449747,17.412555606783716,1.5413099732921292
2020-11-10,32.252448177899886,20.93834617787961,30.31144101649965,16.126224088949943
2020-11-11,3.3042849784837256,16.135579678083104,17.254556631830795,1.6521424892418628
2020-11-12,30.43609128689277,18.45884820940996,28.05874196133136,15.218045643446384
2020-11-13,4.49079102298662,16.67695840109933,18.17342656180886,2.2453955114933097
2020-11-14,3.787770224944288,15.149193000028063,16.4692614907258,1.893885112472144
2020-11-15,8.448098279771745,16.90388109263044,19.699873744715138,4.224049139885873
2020-11-16,39.77833713423656,25.40608524861308,35.1891355729265,19.88916856711828
2020-11-17,16.343540345973917,21.508760520940115,26.16523774026832,8.171770172986959
2020-11-18,3.0436579555673706,16.015834186591494,17.05019595300451,1.5218289777836853
2020-11-19,19.62729154254469,16.18569668542678,22.82252858005841,9.813645771272345
2020-11-20,41.57534573348185,29.422708229780586,37.97778842583661,20.787672866740927
2020-11-21,13.562552951143743,35.4336932028386,37.40925627522967,6.781276475571872
2020-11-22,4.384112368836918,28.07327693861373,29.03456911642858,2.192056184418459
2020-11-23,74.72149624136509,24.187068527294493,43.47487714745829,37.360748120682544
2020-11-24,15.052388356851177,23.27895695101238,27.301112123747384,7.526194178425588
2020-11-25,6.179666782266321,19.4962692761444,21.381298191038468,3.0898333911331606
2020-11-26,7.290513756019362,20.4447410977866,22.599471313679604,3.645256878009681
2020-11-27,4.828945428264658,17.867110664010248,19.418790354569868,2.414472714132329
2020-11-28,18.36587624969368,14.49693830565046,21.017386681287096,9.18293812484684
2020-11-29,7.473115265379687,18.99673027335992,21.31364035606829,3.736557632689844
2020-11-30,6.041814205698312,16.53555664107829,18.55741613379549,3.020907102849156
2020-12-01,93.23078452324744,42.59667156142928,49.49885274554144,46.61539226162372
2020-12-02,98.31732859609676,100.0,50.84133570195163,49.15866429804838
2020-12-03,65.2970839000763,80.31284355432341,60.519440666157976,32.64854195003815
2020-12-04,79.04061961278344,68.00059314912758,53.77281279008089,39.52030980639172
2020-12-05,99.99461697722568,100.0,50.00269151138716,49.99730848861284
2020-12-06,100.0,-1.0,50.0,50.0
2020-12-07,87.52376809793077,89.65700434970283,54.947699828082605,43.761884048965385
2020-12-08,88.64188069594034,91.66621077010048,54.73249792874897,44.32094034797017
2020-12-09,97.80763423463463,99.37476316786662,51.08247540442253,48.90381711731733
2020-12-10,52.79120979380588,97.09097777055489,72.23108090174676,26.39560489690294
2020-12-11,62.0081880601839,96.8511580474344,67.7996038570073,31.00409403009195
2020-12-12,62.454062501943206,93.54863641382356,66.35074380919019,31.227031250971603
2020-12-13,36.28959144594485,75.48934368843517,66.23936500164932,18.144795722972425
2020-12-14,10.910664870262382,82.55861641492639,79.00625489149954,5.455332435131191
2020-12-15,86.94633527917836,88.0758549551694,54.97029444543416,43.47316763958918
2020-12-16,76.21699798185743,83.14631213953407,57.88318808508522,38.10849899092872
2020-12-17,12.617548026023522,75.89615548169915,72.62869562690206,6.308774013011761
2020-12-18,2.3854323725976414,70.77422237351601,70.27866734786275,1.1927161862988207
2020-12-19,38.58316064164556,78.16525598330148,67.29821002213357,19.29158032082277
2020-12-20,92.13938428499924,83.71908687381104,52.65052784175754,46.06969214249962
2020-12-21,100.0,-1.0,50.0,50.0
2020-12-22,93.82305499015408,88.77342361972444,52.39501305542499,46.91152749507704
2020-12-23,100.0,-1.0,50.0,50.0
2020-12-24,99.90020703933747,89.83402489626556,50.03975155279503,49.95010351966874
2020-12-25,98.3631913730557,100.0,50.81840431347214,49.18159568652785
2020-12-26,21.131116711018485,73.78840596493261,68.76165013679181,10.565558355509244
2020-12-27,64.16264530786196,61.92390449308223,54.27321194633766,32.08132265393098
2020-12-28,99.98136645962732,100.0,50.00931677018634,49.99068322981366
2020-12-29,81.04711391041313,88.28680119810227,57.256453818422905,40.523556955206566
2020-12-30,65.24665257223397,88.80605471429168,63.48640301786676,32.623326286116985
2020-12-31,23.011953911330583,81.94027275227428,74.58730050003425,11.505976955665291
2021-01-01,72.50585431561495,85.39341086732041,59.73111594653404,36.25292715780748
2021-01-02,90.7492481421032,92.16801379217698,53.900858319317976,45.374624071051606
2021-01-03,91.91675125639094,89.44161653555453,53.18036605035528,45.95837562819547
2021-01-04,32.11402518958565,89.8497010214464,77.05235799744453,16.057012594792823
2021-01-05,35.20317059361526,85.66819657019953,73.11186048392616,17.60158529680763
2021-01-06,87.36217836436111,95.15311561992552,55.706370214979984,43.68108918218056
2021-01-07,9.159298834297484,83.3576769138283,80.30234760111131,4.579649417148742
2021-01-08,13.492043723197126,82.8567589422184,78.42371065970882,6.746021861598563
2021-01-09,12.11862700532817,91.43823483563772,86.41648971831482,6.059313502664085
2021-01-10,17.792872723046496,80.19595764770037,74.82322933594001,8.896436361523248
2021-01-11,7.145823211623667,83.13004085228556,80.76262670304254,3.572911605811833
2021-01-12,99.13525870798208,88.43390804597702,50.33235387300976,49.567629353991045
2021-01-13,73.02726325190481,79.11468256407105,57.853026683050444,36.51363162595241
2021-01-14,85.53727313603238,92.14315391337983,56.0950492423536,42.76863656801619
2021-01-15,51.979449796923696,82.81005794022917,65.75557034484618,25.989724898461848
2021-01-16,8.44459854211607,81.8036069417642,79.11792001361965,4.222299271058035
2021-01-17,93.27357603522476,76.42096188188928,51.77718591174752,46.63678801761238
2021-01-18,68.4274247047897,73.7360140778484,57.4940709168104,34.21371235239485
2021-01-19,5.503802241889866,84.6824772444589,82.77362228433543,2.751901120944933
2021-01-20,42.33892540903718,89.24832499577427,72.63100595151691,21.16946270451859
2021-01-21,79.43540368553626,89.81425520770378,58.18764085907464,39.71770184276813
2021-01-22,89.19399127766113,88.32739258748228,54.1416613860484,44.59699563883056
2021-01-23,94.41138346730276,99.78881067061874,52.78250570457153,47.205691733651385
2021-01-24,94.93646511223427,96.5569413207933,52.35742696645499,47.46823255611714
2021-01-25,90.31958799179132,95.95695980490729,54.44882305556188,45.15979399589566
2021-01-26,58.00302000755002,80.03605383380665,62.61423551910528,29.00151000377501
2021-01-27,98.49772256728778,99.98621830209484,50.75093167701863,49.24886128364389
2021-01-28,98.47762084001045,97.4704202366381,50.72267978484205,49.23881042000522
2021-01-29,83.52844177716827,86.58944561827145,56.02685183842494,41.76422088858413
2021-01-30,35.57180864851638,87.91286603539173,74.42657387611384,17.78590432425819
2021-01-31,77.21005895701009,89.2256351501264,58.93949912445213,38.605029478505045
2021-02-01,80.4742861878911,87.40807555579137,57.30419377564129,40.23714309394555
2021-02-02,77.07110214329809,90.15549190918044,59.20721172371217,38.535551071649046
2021-02-03,78.95250306034313,92.67135757516115,58.98125267974208,39.47625153017157
2021-02-04,18.07279438171692,81.59045645046041,75.88117821192286,9.036397190858455
2021-02-05,54.54615218689853,93.1203314579312,69.59984983739298,27.273076093449266
2021-02-06,78.1077895905437,97.61206456129727,60.42333335404537,39.05389479527185
2021-02-07,98.64648016514722,98.33256845647853,50.65419090075223,49.32324008257361
2021-02-08,59.44751702133839,78.97943523634132,61.75188054152958,29.7237585106692
2021-02-09,79.10792040836205,80.7314968206573,56.42044877547341,39.553960204181024
2021-02-10,99.25734989648032,98.4388068023418,50.35973084886128,49.62867494824017
2021-02-11,25.48386427311404,79.89761928634293,72.27788730932862,12.741932136557018
2021-02-12,38.361709628585054,94.14115857966664,77.20785549864168,19.180854814292527
2021-02-13,18.275605817173364,79.70175184595338,74.27274954021414,9.137802908586682
2021-02-14,4.650916476642617,77.67068955377971,76.38374889412233,2.3254582383213087
2021-02-15,20.331355001567303,77.39376047152136,71.82423778177734,10.165677500783652
2021-02-16,57.63088598146343,58.874827495081774,53.76018578033963,28.815442990731714
2021-02-17,10.23603082851638,73.95080632476892,71.49919440568733,5.118015414258189
2021-02-18,73.92764172373198,74.66453623326656,56.4306262539172,36.96382086186599
2021-02-19,63.10127067620866,91.42195960367566,65.28417675477047,31.55063533810433
2021-02-20,3.725517479133656,77.87880356703725,76.84017386717396,1.8627587395668272
2021-02-21,13.299132380938538,80.85539958717068,76.75189914940529,6.649566190469269
2021-02-22,5.264961098341151,75.58231030393891,74.23541161837962,2.6324805491705754
2021-02-23,2.0906104241860386,78.99386383352387,78.38771509384593,1.0453052120930193
2021-02-24,4.741196700475989,77.91752235695256,76.59389770811008,2.3705983502379944
2021-02-25,1.6153787043325298,70.3942632657757,70.06481868007485,0.8076893521662649
2021-02-26,3.097981960802231,72.26730105660215,71.57746408671109,1.5489909804011155
2021-02-27,42.29763117333572,68.38069284861731,60.60609518040548,21.14881558666785
2021-02-28,8.051313784038573,71.27516869461532,69.5622381049283,4.025656892019287
2021-03-01,3.0936741352062485,68.74038325539931,68.1606168657885,1.5468370676031242
2021-03-02,3.452107255821874,67.13352449336497,66.5420568511515,1.726053627910937
2021-03-03,92.2381957403798,37.875917278185455,49.05895243085832,46.119097870189904
2021-03-04,92.57895848956542,92.7002205287106,53.16880109048272,46.28947924478271
2021-03-05,58.72572903600344,54.44663237421637,51.83531509490685,29.36286451800172
2021-03-06,16.751340701047024,70.37968117156481,66.96581134472886,8.375670350523512
2021-03-07,21.094943540352045,65.44814578055576,62.189368150116245,10.547471770176022
2021-03-08,35.48677560437189,60.81634753301216,56.97797455538313,17.743387802185946
2021-03-09,69.78373862041369,57.50670701165751,52.268246211642165,34.89186931020684
2021-03-10,48.33790676016784,58.37762967721214,54.32805885512919,24.16895338008392
2021-03-11,100.0,-1.0,50.0,50.0
2021-03-12,83.87906918916678,68.27296331525233,52.94577177314076,41.93953459458339
2021-03-13,22.036867890060616,67.35043827416898,63.52694511334385,11.018433945030308
2021-03-14,98.91570805071764,60.95092610273058,50.11874001010377,49.45785402535881
2021-03-15,74.37774129625484,44.93046735322908,48.70107123017354,37.18887064812742
2021-03-16,78.87218839975871,29.82879568310032,45.7382659544257,39.43609419987936
2021-03-17,79.61055403940877,43.33001341517948,48.64002668970934,39.805277019704384
2021-03-18,83.21842081812737,59.750796512633066,51.63633763763079,41.609210409063685
2021-03-19,58.089572794228985,72.22197472565006,59.30718287277577,29.044786397114493
2021-03-20,62.62488025181333,59.69774138246701,53.62417109372084,31.312440125906665
2021-03-21,69.43627867635779,54.92949148403638,51.50663603985356,34.718139338178894
2021-03-22,52.50085041774179,52.51339560597922,51.19297015655984,26.25042520887089
2021-03-23,24.33448239364274,67.71534758698246,63.40384731126114,12.16724119682137
2021-03-24,3.647697917618427,68.7402068654857,68.05305213844889,1.8238489588092133
2021-03-25,20.36448417682756,70.56322312541387,66.37562880579321,10.18224208841378
2021-03-26,12.34468438538206,66.27840592790525,64.26764950166113,6.17234219269103
2021-03-27,95.69691610249696,64.57791895273847,50.627300083046336,47.848458051248485
2021-03-28,55.27126671311503,70.51046094934333,59.17406937394247,27.63563335655752
2021-03-29,50.42004430689578,60.747382029194085,55.32854724824308,25.21002215344789
2021-03-30,4.32548731303918,63.378627710608,62.79993686632691,2.16274365651959
2021-03-31,4.232854778316121,62.12709021397112,61.61376809637834,2.1164273891580603
2021-04-01,10.155187344122172,62.33332177651423,61.0808498443558,5.077593672061086
2021-04-02,44.08941974281345,49.23414378871499,49.57180534833485,22.044709871406724
2021-04-03,44.00674595025173,55.34389182180235,52.99221892392551,22.003372975125863
2021-04-04,9.908477412042622,59.19649894221596,58.27543545363776,4.954238706021311
2021-04-05,71.06454855390099,33.40543637861261,45.19828810064144,35.532274276950496
2021-04-06,45.215818609079086,48.179543191601326,49.00267763994351,22.607909304539543
2021-04-07,91.90796694762564,35.25618058043712,48.80692525938659,45.953983473812826
2021-04-08,24.905446646597635,55.583654630128656,54.17653002159738,12.452723323298818
2021-04-09,42.822280001161104,61.38121146173376,56.49899025084076,21.411140000580552
2021-04-10,84.44328888815228,72.20306028685195,53.45406594681494,42.22164444407614
2021-04-11,98.61564327243212,98.4295542925516,50.67043779298008,49.30782163621606
2021-04-12,99.75092961432392,100.0,50.12453519283804,49.87546480716196
2021-04-13,95.24443689626032,72.25997560550618,51.05783888124865,47.62221844813016
2021-04-14,36.48252527285137,70.3460353452022,62.90694321413828,18.241262636425684
2021-04-15,92.38328627566337,52.15581730638449,50.16333810469797,46.19164313783168
2021-04-16,37.46782887137148,66.1677223173857,60.07078166769324,18.73391443568574
2021-04-17,59.7851575863506,63.06796797261277,55.25526272685239,29.8925787931753
2021-04-18,94.73164286424336,31.82908133181336,49.04269110971205,47.36582143212168
2021-04-19,98.05618145067764,42.1372256552312,49.84716193379503,49.028090725338814
2021-04-20,80.43238157995619,35.98055620274077,47.256430500038334,40.21619078997809
2021-04-21,75.65932881900989,65.07478441487686,53.66930370566833,37.82966440950494
2021-04-22,75.86297683733059,36.58850811646483,46.76286509761159,37.931488418665296
2021-04-23,9.152417807821026,60.575822056037175,59.60033300392795,4.576208903910513
2021-04-24,8.152483167954943,58.598959428567554,57.89683545092436,4.076241583977471
2021-04-25,41.48889377611612,49.31368412094478,49.59842898697462,20.74444688805806
2021-04-26,98.80996753139183,40.7342961545154,49.88973511579366,49.40498376569592
2021-04-27,69.99817595410038,58.53997250184818,52.56154082131812,34.99908797705019
2021-04-28,79.14869014907559,41.52529739721535,48.23291350134902,39.5743450745378
2021-04-29,99.37743271221532,42.50083139341536,49.95331262939959,49.68871635610766
2021-04-30,89.79467110292548,45.55014210312627,49.5458773661716,44.89733555146274
2021-05-01,85.37059487912794,27.23538077969175,46.6696716300372,42.68529743956397
2021-05-02,92.3874952363594,22.673595994775795,47.919635312246285,46.19374761817971
2021-05-03,40.56423483224638,54.52999332977122,52.68225270632274,20.28211741612319
2021-05-04,88.75067066337152,26.77335002946376,47.38715765094846,44.37533533168576
2021-05-05,94.11371223605624,32.466664321148365,48.96793740732457,47.05685611802812
2021-05-06,85.73089019554219,32.69155377444788,47.53023880263043,42.86544509777109
2021-05-07,78.80586932240865,36.51856776893443,47.142424939439714,39.40293466120433
2021-05-08,23.42211159510475,44.47525418032098,45.74611076540137,11.711055797552374
2021-05-09,7.196114787353541,46.79895203853563,47.02930312424085,3.5980573936767706
2021-05-10,58.3852386955512,35.27600484297694,43.87264456092625,29.1926193477756
2021-05-11,95.57477595374957,64.51733657760516,50.642424669107285,47.78738797687478
2021-05-12,97.98403379616688,23.91371340523883,49.474109278414566,48.99201689808344
2021-05-13,93.56193127562044,31.057559280589427,48.78047264840949,46.78096563781022
2021-05-14,84.88599794023361,39.94735110233629,48.48055965966194,42.4429989701168
2021-05-15,94.20663572288122,28.172035322298093,48.73542649193991,47.10331786144061
2021-05-16,95.7838872058857,28.31393350031924,49.08569097576682,47.89194360294285
2021-05-17,69.69087121879437,24.250364299348025,42.19219250339389,34.845435609397185
2021-05-18,68.51646825150004,30.924541352392872,43.99135847006772,34.25823412575002
2021-05-19,92.81533611966016,25.753819544537333,48.25799343045436,46.40766805983009
2021-05-20,58.49371500127504,33.7423282221467,43.243859609113095,29.24685750063752
2021-05-21,97.32722539653612,17.294281729428175,49.125849868183714,48.66361269826806
2021-05-22,84.8711072054782,34.241602279576966,47.61592890274283,42.4355536027391
2021-05-23,71.97447873711607,47.3833443147242,49.25017302902329,35.98723936855804
2021-05-24,99.92359726440937,100.0,50.03820136779531,49.96179863220468
2021-05-25,74.4242167917851,32.2892679920864,45.46826635817251,37.21210839589255
2021-05-26,38.726516819882896,38.00174121010715,42.64769677509076,19.363258409941448
2021-05-27,95.59563602022938,19.44797103493676,48.65437744117367,47.79781801011469
2021-05-28,22.636162049033288,36.55413583676186,39.59776343764534,11.318081024516644
2021-05-29,98.50107775801486,19.118662798729105,49.53711276806772,49.25053887900743
2021-05-30,27.923115554946808,36.16352925594707,40.02710297053538,13.961557777473404
2021-05-31,14.088983930573434,38.89203117144294,40.45000622845991,7.044491965286717
2021-06-01,14.468076272330002,38.10360604170358,39.82478539324676,7.234038136165001
2021-06-02,54.75890733139897,35.86511043670404,43.60522151406487,27.379453665699486
2021-06-03,49.756298981414815,31.06514251732425,40.4864268181092,24.878149490707408
2021-06-04,74.62894508242094,27.675587334014303,44.33606100248579,37.31447254121047
2021-06-05,56.11520489788807,24.99031181769204,39.02454958551705,28.057602448944035
2021-06-06,93.56628956979468,17.854267958914257,47.93183668480682,46.78314478489734
2021-06-07,98.66845282956362,36.97714196858964,49.82659450237281,49.33422641478181
2021-06-08,85.36346406785628,18.96607842859771,45.4577089180484,42.68173203392814
2021-06-09,82.74431634522142,22.31801916472537,45.22328495768858,41.37215817261071
2021-06-10,70.6564858915847,18.28911679945753,40.69491251414572,35.32824294579235
2021-06-11,85.93179529471246,35.59077385335965,47.97288056924282,42.96589764735623
2021-06-12,33.97983286769315,19.73351610347473,30.01801674644128,16.989916433846574
2021-06-13,11.149612380568785,20.774380483929384,24.03292377579112,5.574806190284392
2021-06-14,1.0845455376205628,23.50956390282823,23.79686474541633,0.5422727688102814
2021-06-15,3.722509500965672,24.245640146245183,25.20434863871409,1.861254750482836
2021-06-16,42.09772916813616,16.43294255904609,30.56391149025156,21.04886458406808
2021-06-17,18.36492325196568,24.7141316622074,29.35786197603609,9.182461625982835
2021-06-18,41.64745527775415,34.19626473976928,40.77811831448853,20.82372763887708
2021-06-19,17.14750211263073,16.182838813151566,21.98163724209813,8.573751056315364
2021-06-20,90.52706582212409,31.388026413609133,48.23689999295755,45.26353291106204
2021-06-21,17.22953266449533,19.60895942377192,24.845193686933165,8.614766332247665
2021-06-22,24.550107725070674,21.53181257977904,28.520783258818305,12.275053862535335
2021-06-23,9.252496143409122,14.374746899301956,17.67097206852378,4.626248071704561
2021-06-24,40.85211992430028,16.873658064244516,30.40647099837312,20.426059962150138
2021-06-25,52.637999896260176,14.971985298305098,33.41003164064526,26.318999948130088
2021-06-26,24.307357599863817,15.44721021567896,23.846080389283088,12.153678799931908
2021-06-27,14.0249245246193,14.444728885110658,19.43132882349765,7.012462262309651
2021-06-28,17.9182637801652,11.607269342075972,18.48658009377116,8.9591318900826
2021-06-29,46.00455129122663,15.870698564299188,31.57173054862352,23.00227564561332
2021-06-30,76.34608051198727,13.546668535978409,41.37710564711344,38.173040255993634
2021-07-01,84.31676053361183,15.776817683353814,44.63269636426176,42.15838026680591
2021-07-02,29.815401982104618,14.59518431353998,25.151272431481264,14.907700991052309
2021-07-03,37.35382088053863,11.960228589591624,26.16953666560191,18.67691044026932
2021-07-04,99.39252771825213,29.34560327198364,49.87453026491506,49.69626385912606
2021-07-05,65.81215891025388,6.16879770587415,35.0150582119591,32.90607945512694
2021-07-06,8.758173734823172,10.379020291491049,13.8490945298013,4.379086867411586
2021-07-07,68.46551634799731,12.870532251915922,38.29141406290481,34.232758173998654
2021-07-08,87.78076356501614,23.342998117910373,46.74271791354938,43.89038178250807
2021-07-09,40.00082999605752,9.872939679202087,25.924096860539912,20.00041499802876
2021-07-10,26.742203867388405,13.31521277017873,23.1255333594952,13.371101933694202
2021-07-11,47.61416600606783,12.091586119473934,30.14136123481488,23.80708300303392
2021-07-12,6.820744432331413,11.651379009110196,14.267040440222187,3.4103722161657064
2021-07-13,98.16130562003906,39.148552764951006,49.80047504954473,49.08065281001953
2021-07-14,97.86882903627256,28.86708122813836,49.54962137134598,48.93441451813628
2021-07-15,97.58094583174535,19.83902731398236,49.270389733052745,48.79047291587268
2021-07-16,91.85424497530366,21.201718920843188,47.65389912294327,45.92712248765183
2021-07-17,98.09818224735432,19.357648339684268,49.417238316296,49.049091123677165
2021-07-18,89.16521814795402,16.173011836243,46.33491962533951,44.58260907397701
2021-07-19,2.520949068065001,6.826364655102624,7.914750012979596,1.2604745340325008
2021-07-20,13.61556539141844,11.233117039173274,16.51144733891929,6.8077826957092205
2021-07-21,3.5093257351246168,9.608087486736444,11.025571267473422,1.7546628675623084
2021-07-22,41.50231410890729,26.140490240581027,36.04273892578048,20.75115705445365
2021-07-23,6.248195738724276,10.203936962522206,12.690472877409922,3.1240978693621377
2021-07-24,60.21360293812852,19.5912754020306,37.901464090000914,30.10680146906426
2021-07-25,80.25525758922927,15.608762740508256,43.20953879123636,40.12762879461464
2021-07-26,69.94003635542087,11.90743792535183,38.54938968907202,34.97001817771044
2021-07-27,86.63614043448084,23.951937984496123,46.51897357270872,43.31807021724042
2021-07-28,75.10045653584004,13.455456421865636,40.90057548798355,37.55022826792002
2021-07-29,0.9915075941506452,7.08096032220509,7.506505859946956,0.4957537970753226
2021-07-30,34.286455146090255,12.146523476712693,25.1251387261054,17.143227573045127
2021-07-31,46.63117403698924,21.709313988477057,34.90159301876849,23.31558701849462
2021-08-01,97.20781910047212,22.90863245327796,49.243560009939536,48.60390955023606
2021-08-02,79.7452250415439,18.61407205843239,43.64285092681229,39.87261252077195
2021-08-03,88.43068687488088,11.91132757941482,45.59340222246161,44.21534343744044
2021-08-04,99.97163549331466,100.0,50.01418225334267,49.98581774665733
2021-08-05,51.167629146545856,9.865556570312002,30.401399744445,25.583814573272928
2021-08-06,17.547060923863853,9.291798111226646,16.4348910976592,8.773530461931927
2021-08-07,80.6962438386647,18.4922023419807,43.91781156828904,40.34812191933235
2021-08-08,55.69601088430859,15.790878066820524,34.843994342150566,27.848005442154296
2021-08-09,26.01717817898019,12.350812221193502,22.146068488544422,13.008589089490094
2021-08-10,2.308836173774346,6.4290436901150345,7.435025690657074,1.154418086887173
2021-08-11,22.955081024405946,11.627048396180909,20.43559052829366,11.477540512202973
2021-08-12,0.6949247234112371,6.92133139528804,7.220695713938579,0.3474623617056185
2021-08-13,22.826732077413787,9.32744614540673,18.61166104283657,11.413366038706894
2021-08-14,0.2774725902357063,5.3968214298359065,5.520583024741999,0.1387362951178531
2021-08-15,7.151697386017228,8.83267281559478,11.776835477735046,3.5758486930086137
2021-08-16,53.11310480734326,22.865106401805072,37.27729087797542,26.55655240367163
2021-08-17,16.915163680066755,6.898309149778151,14.189030705969532,8.457581840033377
2021-08-18,49.05546094377157,15.055965667333073,32.19792278157262,24.527730471885786
2021-08-19,20.514875495970983,12.583817671259714,20.25970089134628,10.257437747985492
2021-08-20,25.33019758924105,12.862809853027436,22.269733496347744,12.665098794620524
2021-08-21,8.395668841660195,11.000077078978748,14.27438145593042,4.197834420830097
2021-08-22,98.30142772836923,8.484700719249055,49.29483263793264,49.15071386418462
2021-08-23,64.69969982420643,14.720788334713388,37.546332382500246,32.34984991210322
2021-08-24,67.03568489160608,10.071883627764816,36.83796990221017,33.51784244580304
2021-08-25,43.44856206166743,15.638575789597276,30.56812051292692,21.72428103083372
2021-08-26,17.117261105379942,6.876948698363407,14.258433986271484,8.558630552689971
2021-08-27,60.92744895546901,13.402116570603658,35.70027331583117,30.463724477734505
2021-08-28,80.88574660164811,13.683605900011925,43.05839240658416,40.44287330082405
2021-08-29,85.49674773169822,9.91530144401754,44.18641504743754,42.74837386584911
2021-08-30,86.71953824384322,14.626688714860691,45.30226092289078,43.35976912192161
2021-08-31,46.22260668973472,13.165660501089748,30.191452374432632,23.11130334486736
2021-09-01,2.4418556358501533,6.01233288136892,7.086448209984218,1.2209278179250769
2021-09-02,6.734647255508712,9.12350083058328,11.876388860044443,3.367323627754356
2021-09-03,20.012662300594712,11.302632774079695,19.047006196224142,10.006331150297356
2021-09-04,28.99623700438152,9.539775617228011,21.271718171761137,14.498118502190756
2021-09-05,22.894810041973024,11.309884370498995,20.167912848892968,11.447405020986512
2021-09-06,12.906233323435542,13.857722549912502,18.522329206024224,6.453116661717771
2021-09-07,16.983114259554156,7.922721020382643,15.068753386802422,8.491557129777078
2021-09-08,46.75630859014243,13.555589337012911,30.595650450457928,23.378154295071216
2021-09-09,13.340669608097585,8.263831153428708,13.831715546327535,6.670334804048792
2021-09-10,12.161126833086604,8.958991729325087,13.950040798699426,6.080563416543302
2021-09-11,51.99658179223602,6.305414887917178,29.025105574499506,25.99829089611801
2021-09-12,47.7040848079995,14.149364095810094,31.251581851751965,23.85204240399975
2021-09-13,20.66756910504964,11.366069021828736,19.350763404739464,10.33378455252482
2021-09-14,5.33225078336057,7.351173502961175,9.625315887943618,2.666125391680285
2021-09-15,95.26564344746164,11.834448965306033,48.19310673377659,47.632821723730814
2021-09-16,99.67907839597171,97.87096774193547,50.15362827754129,49.83953919798586
2021-09-17,31.40794823210049,12.485401172747242,24.26796695189097,15.703974116050247
2021-09-18,9.072539193676675,7.505829848366844,11.361130090401415,4.536269596838339
2021-09-19,92.67058104735572,27.59614569498997,48.35792765644578,46.33529052367786
2021-09-20,45.020589791197736,10.62448117123236,28.351571981287663,22.510294895598868
2021-09-21,15.158587125333243,10.7119083745289,16.667427973456693,7.5792935626666225
2021-09-22,84.34820270309476,9.038912205907664,43.58885356786127,42.17410135154738
2021-09-24,1.860609043652352,4.600782985927415,5.445484923438607,0.9303045218261756
2021-09-25,3.751009535831515,5.000539269613236,6.688473332682801,1.8755047679157573
2021-09-26,88.09464141846145,9.775063931945096,45.21107712190343,44.047320709230725
2021-09-27,18.00203429235687,10.38132536068068,17.51349275542824,9.001017146178436
2021-09-28,11.37133815626635,7.783049259064019,12.58368148708024,5.685669078133175
2021-09-29,68.6053599492451,20.047945476879185,40.59666029466037,34.30267997462255
2021-09-30,20.13558927989472,9.615694510144356,17.74731239711966,10.067794639947358
2021-10-01,14.425127333055102,10.079876157985918,15.838404853709736,7.212563666527551
2021-10-02,27.46073983054717,7.183447597028763,18.941189656818587,13.730369915273585
2021-10-03,85.5965134680553,13.200356649792914,44.69956832624924,42.79825673402765
2021-10-04,77.1213031854262,13.158562214653236,41.57115914696068,38.5606515927131
2021-10-05,89.78699168470213,45.10169732119319,49.499735940105005,44.893495842351065
2021-10-06,93.92418747890126,85.14163002351978,52.13513955708721,46.96209373945063
2021-10-07,92.8428237711029,37.520254629629626,49.10680263092497,46.42141188555145
2021-10-08,47.5849553576058,24.88337217630091,36.83510831354412,23.7924776788029
2021-10-09,12.24045236409246,17.75236977478266,21.69962559104907,6.120226182046229
2021-10-10,11.159419387121623,12.321387672302176,16.526102041197685,5.579709693560812
2021-10-11,4.401924011514162,11.875541767416395,13.553751448616184,2.200962005757081
2021-10-12,90.34135751705338,15.954275419821135,46.71164518207184,45.17067875852669
2021-10-13,36.68667173018897,13.357566381398458,26.80045571700721,18.343335865094485
2021-10-14,29.399140740125773,8.0937906056526,20.4138560843486,14.699570370062888
2021-10-15,6.496513458176034,15.099460114906025,17.36677838551725,3.248256729088017
2021-10-16,5.31774165747738,14.25716992884904,16.157881293103983,2.65887082873869
2021-10-17,2.42341296460517,11.17354344652032,12.11446882833414,1.211706482302585
2021-10-18,3.397601619685408,10.117086151934704,11.472148678814309,1.6988008098427037
2021-10-19,98.88863119618652,8.943543879262156,49.543711354722745,49.44431559809325
2021-10-20,6.056345925022998,9.914764940450402,12.342465440515324,3.028172962511499
2021-10-21,92.24487344380722,31.444290139942314,48.56098121695258,46.12243672190361
2021-10-22,6.687101785165433,9.366737588021117,12.083925204143512,3.3435508925827166
2021-10-23,3.302748863985645,8.01902900527271,9.405555047891209,1.6513744319928227
2021-10-24,0.4702080421359574,6.278887787573686,6.484467973307802,0.2351040210679787
2021-10-25,96.8137869051736,26.67359937605616,49.25677116876824,48.4068934525868
2021-10-26,15.760932750917636,7.748992005047368,14.408144961716689,7.880466375458818
2021-10-27,0.8953401191709951,6.037528657828669,6.431142301134181,0.4476700595854975
2021-10-28,1.265410048514654,5.906257953644321,6.464224596265036,0.632705024257327
2021-10-29,14.712744361370458,7.630602236635554,13.86430341701158,7.356372180685229
2021-10-30,47.49550139726186,4.8348185906572905,26.286247958007515,23.74775069863093
2021-10-31,32.702633173168685,9.935691913088515,23.037775620119337,16.351316586584343
2021-11-01,94.94861222993724,98.18800475546264,52.4341629788547,47.47430611496862
2021-11-02,23.56383861862859,62.28020635351616,59.38651834633903,11.781919309314295
2021-11-03,96.61214542036026,93.44172116618788,51.47174234000303,48.30607271018013
2021-11-04,92.72987505799696,74.61181230234479,51.78930950487174,46.36493752899848
2021-11-05,14.88398650402284,63.47465482753574,61.469089021541656,7.44199325201142
2021-11-06,2.467553775891038,60.95892744586975,60.68851001788202,1.233776887945519
2021-11-07,2.4955140559579982,57.72053811812017,57.52787100418688,1.2477570279789991
2021-11-08,40.10249879705985,68.25451787934085,60.93400006636911,20.05124939852993
2021-11-09,8.038836241621887,56.414372674397605,55.89873175917543,4.019418120810943
2021-11-10,29.50715566476292,52.50328255915967,51.76463507769956,14.75357783238146
2021-11-11,27.065527065527068,54.99960169337218,53.64643314388399,13.532763532763534
2021-11-12,4.6025938645924604,42.57147956607289,42.91338419179482,2.3012969322962302
2021-11-13,85.61120235612341,82.32982597555885,54.65187323824061,42.80560117806171
2021-11-14,86.77358611732001,97.8088585390302,56.32339750295713,43.38679305866
2021-11-15,91.49892405862896,50.17297666033231,50.0147048772557,45.749462029314486
2021-11-16,95.42801294568072,76.86141304347827,51.22810032695505,47.71400647284037
2021-11-17,52.081575100310005,57.35712214774394,53.52541705114514,26.040787550155
2021-11-18,84.7369020855133,59.28294100078738,51.41686437429421,42.36845104275665
2021-11-19,62.804884370470674,33.34504019355342,43.80516844194056,31.402442185235337
2021-11-20,12.769222144475195,41.19251642387889,42.31716356705196,6.384611072237599
2021-11-21,6.292165628770119,35.713668423886666,36.61258806893101,3.14608281438506
2021-11-22,97.80341506945466,97.3418795362428,51.03990459173004,48.90170753472733
2021-11-23,34.15202324968728,39.728573498743046,43.23647346552686,17.07601162484364
2021-11-24,5.555186349721919,33.98766395830814,34.87717906436781,2.7775931748609595
2021-11-25,95.26262609531068,44.60664335664335,49.7444965297908,47.63131304765533
2021-11-26,94.98199125555848,79.04077926366188,51.45726884290451,47.49099562777924
2021-11-27,92.17697289527806,81.24536693847294,52.44433352456657,46.08848644763903
2021-11-28,79.51435637616979,87.82115448782115,57.74790692279331,39.75717818808489
2021-11-29,67.83347218940797,83.69542807071801,60.83864924126554,33.916736094703985
2021-11-30,51.2441897366014,71.23482315304047,60.35321008626465,25.6220948683007
2021-12-01,11.812550744319232,66.40734269850763,64.46921701645206,5.906275372159616
2021-12-02,90.7401961596448,81.83302395276542,52.94767557447937,45.3700980798224
2021-12-03,8.971119246014855,66.73988813766549,65.23813281118602,4.485559623007427
2021-12-04,69.31332606650392,73.67859482310357,57.266173185399474,34.65666303325196
2021-12-05,90.3241643172746,81.04902590451724,53.00425272760793,45.1620821586373
2021-12-06,57.08400200705788,70.14150920607007,58.643929686625285,28.54200100352893
2021-12-07,32.486721991701245,65.82107715095232,60.68132780082988,16.243360995850622
2021-12-08,96.3362720455176,89.28510878779316,51.43929951260719,48.1681360227588
2021-12-09,98.7550054454277,99.86695493098289,50.62084087342176,49.37750272271385
2021-12-10,93.16314529688005,99.86068627154064,53.40890267436371,46.58157264844002
2021-12-11,63.714017963029,72.44080541207661,58.14286662077773,31.8570089815145
2021-12-12,4.824973990617933,74.92090713515826,73.71847984766082,2.4124869953089667
2021-12-13,41.96620800371687,75.19156814250383,64.61962225642259,20.98310400185844
2021-12-14,52.87976461757613,79.08524054899648,63.705033808231335,26.439882308788064
2021-12-15,39.70759979173538,70.77551891060597,62.526059006926246,19.85379989586769
2021-12-16,5.998907854931574,66.7405887407257,65.7363362477965,2.999453927465787
2021-12-17,4.482930475953152,63.70300800918317,63.0887116870172,2.241465237976576
2021-12-18,3.897951343100709,62.58100763886638,62.09060608263158,1.9489756715503543
2021-12-19,2.9357645739444664,60.92914881871906,60.60829473946543,1.4678822869722332
2021-12-20,27.40854341852956,70.1127803427722,64.60016020985,13.70427170926478
2021-12-21,30.198543598680526,70.9808292465448,64.64492437916226,15.099271799340263
2021-12-22,18.262279225105807,65.82848087925706,62.93783950399465,9.131139612552904
2021-12-23,39.44700212244626,75.04248612348387,65.16397609083987,19.72350106122313
2021-12-24,99.99420289855072,17.857142857142858,49.99813664596273,49.99710144927536
2021-12-25,95.789604447251,91.84205350118016,51.76171595979254,47.894802223625504
2021-12-26,80.33832639277352,58.964605220176814,51.76259141856755,40.16916319638676
2021-12-27,32.107632621729834,72.01327433628319,64.94533308437585,16.053816310864917
2021-12-28,50.2122517338728,67.77713479240131,58.85083511937087,25.1061258669364
2021-12-29,71.55475713912752,66.56760123249055,54.71269440680284,35.77737856956376
2021-12-30,44.910722434722,58.557652844141714,54.71434912838213,22.455361217361
2021-12-31,8.879679594052806,56.93313069216239,56.31749090086144,4.439839797026403
2022-01-01,5.358018025501516,54.227529353423776,54.00101756863397,2.679009012750758
2022-01-02,52.18151390159079,55.99732854553182,52.86783171682106,26.090756950795395
2022-01-03,68.55409755915657,65.88708083536466,54.9958359401867,34.27704877957829
2022-01-04,94.82898205031049,83.12645150956996,51.71297475365506,47.41449102515524
2022-01-05,98.87659525130644,100.0,50.56170237434679,49.43829762565321
2022-01-06,34.82418836220309,66.18594436310396,60.54932060989524,17.412094181101544
2022-01-07,35.22585356341202,78.35099091712678,68.36411237288347,17.61292678170601
2022-01-08,32.369432408652486,63.19954343083499,58.92692614174012,16.184716204326243
2022-01-09,98.66562318192452,93.25058184639256,50.57712573784102,49.33281159096226
2022-01-10,51.09765910146658,58.93999855816735,54.37186857123897,25.54882955073329
2022-01-11,7.6978015475743105,60.94538665706959,60.1028325135937,3.8489007737871552
2022-01-12,6.88530922215277,62.58020343851683,61.71401753099906,3.442654611076385
2022-01-13,4.489885764480873,60.14941469099512,59.69371756560599,2.2449428822404367
2022-01-14,12.149034019537616,61.21251367812044,59.85030157692029,6.074517009768808
2022-01-15,4.488553296119085,55.28633116050112,55.04905136895268,2.244276648059542
2022-01-16,6.948292261491877,55.27220866987905,54.90588020286015,3.4741461307459387
2022-01-17,18.531517881234564,48.34996573309521,48.655742128313165,9.265758940617282
2022-01-18,3.0605845388356574,51.22920968971988,51.19158868800645,1.5302922694178287
2022-01-19,6.294711180053285,52.81684210526316,52.63953003033871,3.1473555900266423
2022-01-20,48.0303724797624,36.32358223250988,42.89241662812378,24.0151862398812
2022-01-21,32.17931480928195,47.28672210087067,48.15983633768217,16.089657404640974
2022-01-22,51.963228096952406,39.30521798817998,44.86257195945386,25.981614048476203
2022-01-23,19.49199692748448,59.6546148907037,57.77273765284726,9.74599846374224
2022-01-24,6.482848557717266,53.46157603964969,53.23716730728897,3.241424278858633
2022-01-25,4.536628420123566,53.71193003828751,53.54353356523545,2.268314210061783
2022-01-26,6.76217253351496,52.472211148501934,52.30503596524744,3.38108626675748
2022-01-27,88.47500947591462,75.56745682296065,52.94664697609585,44.23750473795731
2022-01-28,53.34653629605052,37.28497132951061,44.06799871426646,26.67326814802525
2022-01-29,41.42735916975981,42.82187248723916,45.79558115361394,20.713679584879905
2022-01-30,22.397427887658967,52.16381902020992,51.67917921553895,11.198713943829484
2022-01-31,52.839260944118806,40.06559625767195,45.31486177432297,26.419630472059403
2022-02-01,56.52944799397789,35.4819320214669,43.68891570912213,28.264723996988945
2022-02-02,97.85920881823772,15.32882011605416,49.25776243843155,48.92960440911886
2022-02-03,26.524969329356008,61.602985715577255,58.52529731323083,13.262484664678004
2022-02-04,13.740323313936711,59.330175783130215,58.04817946476949,6.870161656968356
2022-02-05,8.119119457936279,55.550683891264455,55.100017235400266,4.059559728968139
2022-02-06,23.65696498054475,67.03662627284045,63.0062775616083,11.828482490272377
2022-02-07,81.0978275961397,51.55624746472542,50.2941645788131,40.54891379806985
2022-02-08,27.49992736087532,60.93665015887556,57.92907930947173,13.74996368043766
2022-02-09,4.280626706675111,58.54223116990743,58.176570141102445,2.140313353337556
2022-02-10,2.0015991194459155,56.557323200749344,56.426071877303926,1.0007995597229578
2022-02-11,80.99007480666486,48.1948061854996,49.65683400626876,40.49503740333243
2022-02-12,4.364105311686208,55.50271753881966,55.26257315042093,2.182052655843104
2022-02-13,8.529433752253112,58.24369667773031,57.54055603086661,4.264716876126556
2022-02-14,21.144771083137226,61.86148963382861,59.3534048037055,10.572385541568613
2022-02-15,100.0,-1.0,50.0,50.0
2022-02-16,57.44976735992373,91.16883496422432,67.5174350524865,28.724883679961867
2022-02-17,44.280438213221466,72.57356799666539,62.57789316738244,22.140219106610733
2022-02-18,47.41056263985119,66.22356471641343,58.53188140412144,23.7052813199256
2022-02-19,89.30237181983117,67.70308990939363,51.89381073490792,44.65118590991558
2022-02-20,35.94388300245024,52.720683020994606,51.742763899060776,17.97194150122512
2022-02-21,77.89631145927646,56.56652762806392,51.45144481484781,38.94815572963823
2022-02-22,52.19492774809184,41.2222945131208,45.80381154993769,26.09746387404592
2022-02-23,8.817519582028558,58.27934019435253,57.54894468855646,4.408759791014279
2022-02-24,82.79063793467768,76.47943952234206,54.556942620267904,41.39531896733884
2022-02-25,57.1966476879248,38.63193791840649,45.1340883361601,28.5983238439624
2022-02-26,28.53884595269917,48.48593093393971,48.918028772320135,14.269422976349585
2022-02-27,14.90124517851434,59.83825915128747,58.37173913946082,7.450622589257169
2022-02-28,11.462145382158004,53.19858767923626,52.83196090926641,5.731072691079001
2022-03-01,10.014244363509512,58.85662201608344,57.969576032924,5.007122181754756
2022-03-02,23.966328093544146,61.43660434011191,58.69567022120018,11.983164046772073
2022-03-03,14.789829072606766,59.66484639808567,58.23543213567881,7.394914536303383
2022-03-04,18.638804532613182,59.652005306663945,57.8529869040774,9.319402266306591
2022-03-05,12.16780254419955,58.62543442797361,57.57590859819837,6.083901272099775
2022-03-06,15.064227002539182,58.29295956430551,57.04368931030975,7.532113501269591
2022-03-07,5.53761554004523,55.22306029981732,54.93382730098869,2.768807770022615
2022-03-08,24.29307272467021,58.50783403572035,56.44101972612856,12.146536362335103
2022-03-09,4.700170488644127,55.01162504385268,54.77607012254001,2.3500852443220634
2022-03-10,9.973837752538362,56.2912990832036,55.663815120117945,4.986918876269181
2022-03-11,23.777551388799555,63.50921701636524,60.29705599807455,11.888775694399778
2022-03-12,62.54239818216498,56.78862013615985,52.54285429952813,31.27119909108249
2022-03-13,7.621577059889901,54.90846640771112,54.53436385798861,3.810788529944951
2022-03-14,10.079144935720691,54.0824101481868,53.670938112480485,5.039572467860346
2022-03-15,100.0,-1.0,50.0,50.0
2022-03-16,77.41677426307685,67.0588343259886,53.85243506392574,38.70838713153842
2022-03-17,100.0,-1.0,50.0,50.0
2022-03-18,72.0702141286347,49.89684754215151,49.971189739401865,36.03510706431735
2022-03-19,20.84911144328185,52.541088093501976,52.01129380501578,10.424555721640925
2022-03-20,37.188587710481066,53.87588569236924,52.43449854210452,18.594293855240533
2022-03-21,21.92363326201233,50.96619513154608,50.75437005431049,10.961816631006164
2022-03-22,7.064957825796244,49.43637708328213,49.476196804644765,3.5324789128981218
2022-03-23,2.9945380158252166,48.47235335298689,48.51809931257917,1.4972690079126083
2022-03-24,4.594380746091049,49.18480626904658,49.22225937286485,2.2971903730455243
2022-03-25,5.077867839616548,48.31885706784519,48.40422328413506,2.538933919808274
2022-03-26,10.146311687287056,49.86182164362924,49.875841650350985,5.073155843643528
2022-03-27,4.925270539958508,45.94338386265344,46.143183182185375,2.462635269979254
2022-03-28,8.950881361000814,46.45562431145892,46.77287717432839,4.475440680500407
2022-03-29,69.3840504629361,36.75546891921161,45.94506104788508,34.69202523146805
2022-03-30,100.0,-1.0,50.0,50.0
2022-03-31,99.94885969543569,88.66396761133603,50.01977287079309,49.97442984771784
2022-04-17,6.81856883568898,39.19710989873057,39.93371239652945,3.40928441784449
2022-04-18,15.432656273033237,36.99752768768828,39.00415454664366,7.716328136516617
2022-04-19,43.84254648074369,26.97591581249954,37.07026062416999,21.92127324037185
2022-04-20,51.01977750309024,48.097851402051205,49.06722608904854,25.50988875154512
2022-04-21,70.15142533814733,50.9273468367439,50.276694260096754,35.07571266907367
2022-04-22,100.0,-1.0,50.0,50.0
2022-04-23,97.94118621466494,49.37141707734084,49.98705864813603,48.97059310733247
2022-04-24,93.12776625996474,33.356438925891325,48.85621558032173,46.56388312998237
2022-04-25,73.26693474836249,33.89419162744535,45.69428322692977,36.63346737418125
2022-04-26,97.09958251880322,48.86477224046837,49.967073655611145,48.54979125940161
2022-04-27,47.35322065969269,37.67266622264435,43.50950865385014,23.676610329846344
2022-04-28,9.704430224687842,39.07166902742775,40.13082222212995,4.852215112343921
2022-04-29,17.14148085551682,35.970972438350266,38.37575551204563,8.57074042775841
2022-04-30,87.580217698972,13.382384837412618,45.45217191297843,43.790108849486
2022-05-01,89.2793451492035,40.14567514828339,48.9435518447712,44.63967257460175
2022-05-02,92.14010248168046,31.85064165063638,48.573479033507446,46.07005124084023
2022-05-03,78.74042842514169,25.6298751950078,44.81901587420038,39.37021421257084
2022-05-04,97.86271870794076,26.273977911257507,49.492908168547466,48.93135935397039
2022-05-05,100.0,-1.0,50.0,50.0
2022-05-06,100.0,-1.0,50.0,50.0
2022-05-07,99.8498946156681,100.0,50.07505269216595,49.92494730783405
2022-05-08,98.85335205073577,41.94655110148068,49.90765529336009,49.42667602536788
2022-05-09,86.08259060338739,20.88492677699726,45.94793606343117,43.041295301693694
2022-05-10,31.101923400227893,35.222757438553046,39.81876410068016,15.550961700113946
2022-05-11,15.788009401134447,26.945873047963275,30.5856607785003,7.894004700567224
2022-05-12,9.57759814619095,27.672184753729816,29.810653172841533,4.788799073095475
2022-05-13,82.10972667810688,20.744422047681933,44.7660971424308,41.05486333905344
2022-05-14,65.63651329088597,31.22364142075381,43.547788515165145,32.818256645442986
2022-05-15,13.246076886178304,27.367035281727222,30.36501518993124,6.623038443089152
2022-05-16,73.21922025261874,24.39031943390676,43.14046605733571,36.60961012630937
2022-05-17,45.41151384158408,13.779306151917012,30.22767155225701,22.70575692079204
2022-05-18,39.59354636604478,22.695098790066385,33.50607751082417,19.79677318302239
2022-05-19,20.30727706841068,21.332847019591497,27.1543652029482,10.153638534205337
2022-05-20,10.243824449718344,16.180678771447276,19.645070668186545,5.121912224859172
2022-05-21,46.38879899092999,11.49596975477999,29.357526948641983,23.194399495464992
2022-05-22,42.47783755978777,15.449631662261517,30.12588100107442,21.238918779893886
2022-05-23,39.743983402489626,14.856043025265636,28.82365145228216,19.871991701244813
2022-05-24,94.75518754698771,25.29221292054968,48.70412290639322,47.37759377349386
2022-05-25,99.80205891852944,74.05857740585773,50.04762180830359,49.90102945926472
2022-05-26,48.10041521658876,18.673023281835693,33.74142915807681,24.05020760829438
2022-05-27,6.427052353498263,15.88414160470536,18.07678568461628,3.213526176749132
2022-05-28,78.06392531342134,14.728550379689448,42.26282846824971,39.03196265671067
2022-05-29,99.8633537543556,55.757575757575765,50.007867511112856,49.9316768771778
2022-05-30,77.49733085941143,13.705836289096688,41.83284442279187,38.74866542970572
2022-05-31,58.13612013845538,20.77500024769888,37.76528121415995,29.06806006922769
2022-06-01,40.50601654628041,18.40126397734328,31.200653219096075,20.253008273140203
2022-06-02,78.01653577571022,18.01772080309172,42.9691870946352,39.00826788785511
2022-06-03,93.81859598260507,19.072026800670017,48.0882170221578,46.90929799130255
2022-06-04,2.946380363002035,10.691085092178914,11.849275241932135,1.4731901815010175
2022-06-05,35.68301498445948,17.238520449310617,28.92880410651373,17.84150749222974
2022-06-06,3.068574063228202,10.25306447776928,11.472728632132489,1.534287031614101
2022-06-07,98.68186749931672,12.8023876845743,49.509686182592205,49.34093374965836
2022-06-08,26.60837767613292,9.237103373779476,20.08344885981588,13.30418883806646
2022-06-09,94.22799721651536,21.015428776462144,48.3270097421963,47.11399860825768
2022-06-10,58.256892152591945,8.490739498387425,32.67274462215031,29.12844607629597
2022-06-11,6.166374591995217,9.265258434126848,11.777115188159764,3.0831872959976083
2022-06-12,0.6868277364591923,7.5810047220514365,7.872350147147703,0.3434138682295961
2022-06-13,64.79378225878362,13.079587220808596,37.00171908600199,32.39689112939181
2022-06-14,5.979444814789433,9.315501170649824,11.748208326324468,2.9897224073947166
2022-06-15,23.90081210709935,13.484567909651975,22.21205272366152,11.950406053549674
2022-06-16,75.0334810785261,15.945494855890194,41.49777552958152,37.51674053926305
2022-06-17,14.388626615679092,6.335934506690463,12.618593855748353,7.194313307839546
2022-06-18,2.1328382324232944,6.752767762595256,7.674894811824272,1.0664191162116472
2022-06-19,2.328575938325552,9.354772860654412,10.30122783989898,1.164287969162776
2022-06-20,14.271629026901362,11.498650137407536,16.99341996014613,7.135814513450681
2022-06-21,51.444418861764326,13.103359890638016,32.08462197441594,25.722209430882163
2022-06-22,98.36522135254896,21.816799695933103,49.53917670932207,49.182610676274486
2022-06-23,9.6442462843247,11.998621006665134,15.66356758822198,4.82212314216235
2022-06-24,56.832167382552846,14.802411896125111,34.80596408194079,28.416083691276423
2022-06-25,21.310627800642045,11.677314312705663,19.84411922273488,10.655313900321024
2022-06-26,21.76008205162276,13.70020777993902,21.599072351592863,10.88004102581138
2022-06-27,2.210545990737472,7.177838280954667,8.12444185998214,1.105272995368736
2022-06-28,83.84494896965529,11.275697998024956,43.74406925043613,41.922474484827646
2022-06-29,74.47939127550174,12.748291914112322,40.49313733620833,37.23969563775087
2022-06-30,12.767106107388544,12.99204257922311,17.71688777131087,6.383553053694271
2022-07-01,66.98388350520807,15.341729554615204,38.55718505467171,33.491941752604035
2022-07-02,0.3858862819295975,5.531127053922703,5.702726334350317,0.1929431409647987
2022-07-03,7.455479985462852,9.912370266479662,12.901095477908727,3.727739992731426
2022-07-04,64.89065202334194,12.46212456808718,36.820696691565296,32.44532601167097
2022-07-05,63.8821082147205,10.934252081538904,35.89027544170014,31.94105410736025
2022-07-06,27.161856776145545,10.970971427269022,21.571980269315134,13.580928388072772
2022-07-07,82.83670073785217,16.608115123199692,44.26885086932288,41.418350368926085
2022-07-08,6.101108594043617,4.728945302566257,7.490952053670985,3.0505542970218085
2022-07-09,14.950197838515608,5.647684834875149,12.278443698023276,7.475098919257804
2022-07-10,79.70128594576897,12.448704599742758,42.377569923042174,39.850642972884486
2022-07-11,14.683223265023182,8.43568691844554,14.538667806783415,7.341611632511591
2022-07-12,9.97782566990146,7.476342367400786,11.719278794447282,4.98891283495073
2022-07-13,0.2668804479437744,4.157816261422228,4.2801600867309535,0.1334402239718872
2022-07-14,38.30372478571488,10.26434176815122,25.48457893907084,19.15186239285744
2022-07-15,33.63884668708957,10.082067705857332,23.5099997509402,16.819423343544784
2022-07-16,3.161215554983261,9.027368204327528,10.322601413938342,1.5806077774916305
2022-07-17,3.696174037279463,7.041248250685171,8.629078479582683,1.848087018639732
2022-07-18,3.0866428242096475,7.329758782080955,8.646836720706801,1.5433214121048238
2022-07-19,2.721298946205384,7.157420553165597,8.323295216179506,1.360649473102692
2022-07-20,8.951449133924974,7.884822389666307,11.654741091117488,4.475724566962487
2022-07-21,25.107402134345023,12.757095588846582,22.10782136586459,12.553701067172511
2022-07-22,1.720689605040987,7.608493516593126,8.337919762073383,0.8603448025204935
2022-07-23,70.17812981316374,16.626465824650182,40.04738796146774,35.08906490658187
2022-07-24,9.039369686296824,10.306842309536313,13.894853573342084,4.519684843148411
2022-07-25,1.4532003846401476,9.683830285863618,10.269705019221623,0.7266001923200738
2022-07-26,50.8815128124812,15.008974386046416,32.81293756702879,25.4407564062406
2022-07-27,60.81556386018904,18.75678107385747,37.75752083186436,30.40778193009452
2022-07-28,34.8514189762781,14.346246973365616,26.7720858214454,17.42570948813905
2022-07-29,41.16842893564762,10.150318938493708,26.55580656738216,20.58421446782381
2022-07-30,54.05546096143118,10.443995052678144,31.82617586487949,27.02773048071559
2022-07-31,62.0459979387814,8.880013549765337,34.393319495105125,31.0229989693907
2022-08-01,12.968364929647938,10.852435786415132,15.92923477470108,6.484182464823969
2022-08-02,31.923015449633528,9.114026716102536,22.16606228425416,15.961507724816764
2022-08-03,2.1194272873407574,7.638348118898435,8.5361725282348,1.059713643670379
2022-08-04,0.9214972409080808,7.216462430459772,7.610711548725958,0.4607486204540403
2022-08-05,32.9960908645746,12.29794007258674,24.738146024052387,16.4980454322873
2022-08-07,73.10546328626046,21.51569085207529,42.33927701855632,36.55273164313023
2022-08-08,33.09003442987326,9.139436423132397,22.66021097895814,16.54501721493663
2022-08-09,1.2394728917226554,4.4975364174904895,5.061527118661669,0.6197364458613277
2022-08-10,7.284519280291074,10.414580771462042,13.29818826734894,3.642259640145537
2022-08-11,12.557587182686577,12.055055368776948,16.820024872264934,6.278793591343288
2022-08-12,65.06341344070528,18.673851504127523,39.05571301504631,32.53170672035264
2022-08-13,15.446129955759652,7.710816749941688,14.242858951975036,7.723064977879826
2022-08-14,4.341731750418952,4.540530683749737,6.514258896625336,2.170865875209476
2022-08-15,59.87885451132109,16.848146424693656,36.69909659485754,29.939427255660544
2022-08-16,4.748207714098209,6.415855400146082,8.485321116160064,2.3741038570491044
2022-08-17,64.80836670489447,14.229225719387363,37.41168028834688,32.404183352447234
2022-08-18,98.0749799153546,8.03484995159729,49.19216243301668,49.0374899576773
2022-08-19,90.7651452694725,26.72378987035126,47.85047580775461,45.38257263473625
2022-08-20,77.73143993018923,17.054191410540426,42.66344282377131,38.86571996509461
2022-08-21,7.147899459760235,5.829463049880258,8.986728621911062,3.573949729880117
2022-08-22,10.940948568509915,6.422403342223548,11.190205779943566,5.470474284254959
2022-08-23,1.6323106125110585,3.201411965393336,3.965310284387552,0.8161553062555292
2022-08-24,0.8779016758430618,5.561934534909547,5.952057056339813,0.4389508379215309
2022-08-25,12.62600251693532,8.168722176931542,13.450340367738372,6.31300125846766
2022-08-26,16.435389911018657,12.525931097192858,18.684940436893,8.217694955509328
2022-08-27,92.25614049621008,18.83023106546855,47.58625688605393,46.12807024810504
2022-08-28,62.99817290802117,17.77118900559361,38.07475108204908,31.499086454010584
2022-08-29,13.857007607215229,11.047080543544803,16.444789555858218,6.928503803607613
2022-08-30,27.40771181761954,11.89035722250496,22.335338289685065,13.70385590880977
2022-08-31,85.83521210815111,15.702854133446465,45.14188203504468,42.91760605407556
2022-09-01,77.22065739376266,15.121103488435573,42.05481666635577,38.61032869688133
2022-09-02,27.321671703251088,12.37170517177371,22.652384352273103,13.660835851625544
2022-09-03,93.17715334317828,12.937890838443325,47.47130912412312,46.588576671589145
2022-09-04,24.92734670154025,13.599148359624506,22.672914850334205,12.463673350770126
2022-09-05,40.3264747365801,9.757453996899526,25.985854144196463,20.16323736829005
2022-09-06,25.000415113450508,11.641229296102065,21.231081204493183,12.500207556725254
2022-09-07,62.3932616181321,12.499724372119688,35.89736945214368,31.19663080906605
2022-09-08,73.23685257973034,17.131038970092717,41.203231504054926,36.61842628986517
2022-09-09,79.31125970574945,20.274115336833244,43.850088921868974,39.655629852874725
2022-09-10,71.94409090720649,13.73560203621748,39.82569347423232,35.97204545360324
2022-09-11,49.25025053894402,9.356321087189382,29.37343477999257,24.62512526947201
2022-09-12,1.7038138514832566,4.7172641684836805,5.488797693911628,0.8519069257416283
2022-09-13,2.9420133040641154,3.956853774866746,5.311449262419861,1.4710066520320575
2022-09-14,96.27029635105724,18.355449447559824,48.8197520433541,48.13514817552862
2022-09-15,45.32909651686396,17.278938922001206,32.111100279389284,22.66454825843197
2022-09-16,59.17792594282396,12.958616555409922,34.87893901844689,29.58896297141198
2022-09-17,76.34892440468664,13.452690801062122,41.356168273306295,38.17446220234332
2022-09-18,52.91920749103147,10.75703356367226,31.524100397748374,26.459603745515736
2022-09-19,29.356536100955694,7.650623111061507,20.082933225992523,14.678268050477849
2022-09-20,24.656274648179664,8.673768771126557,18.863277844659383,12.328137324089832
2022-09-21,9.707064666699887,13.405295521756528,16.957567150047343,4.8535323333499445
2022-09-22,7.8072727499268,13.894876733002215,16.713702183154016,3.9036363749634
2022-09-23,13.395560354673256,9.116412227467924,14.592997902693275,6.697780177336628
2022-09-24,100.0,-1.0,50.0,50.0
2022-09-25,87.75101732983035,13.789370411718934,45.56456625697213,43.87550866491517
2022-09-26,57.773665385924,28.572341010926817,40.95188501531082,28.886832692962
2022-09-27,70.27992976360518,20.520922705617288,41.23879752306834,35.13996488180259
2022-09-28,94.59312801607192,33.58231824101739,49.1123169645631,47.29656400803596
2022-09-29,94.6057378101561,30.92633114514953,48.97111629274677,47.30286890507805
2022-09-30,99.17863923690264,80.31257877489286,50.24897562833996,49.58931961845132
2022-10-01,99.99213250517596,2.631578947368421,49.99627329192546,49.99606625258799
2022-10-02,42.943241370439374,8.777639200485789,26.47985709721456,21.471620685219687
2022-10-03,3.595057626414703,13.003674839198858,14.33371404838542,1.7975288132073517
2022-10-04,83.97952885718665,12.072242117102558,43.9237944932543,41.989764428593325
2022-10-05,8.265485586376878,10.106680368593915,13.404056952655043,4.132742793188439
2022-10-06,0.4783029487387174,8.966988111212439,9.163250217032818,0.2391514743693587
2022-10-07,0.3266948985335075,8.991990264963034,9.125961340757526,0.1633474492667537
2022-10-08,21.49230430684786,8.083930507443743,17.092659716253753,10.74615215342393
2022-10-09,99.19788310709524,55.085183273102736,50.04078911406873,49.59894155354762
2022-10-24,99.61490683229812,76.18279569892474,50.100828157349895,49.807453416149066
2022-10-25,9.214969574879026,10.802284856761808,14.414342381258956,4.607484787439513
2022-10-27,1.9601449651605936,5.866240729403441,6.7313263896821365,0.9800724825802968
2022-10-28,2.853339314567212,6.888258470563335,8.118382740817353,1.426669657283606
2022-10-30,1.6784872431231244,7.129776119875883,7.849347358802089,0.8392436215615622
2022-10-31,31.13607922649572,10.88006702287638,23.060480347985614,15.568039613247858
2022-11-02,42.14495651470494,14.658569026526465,29.553199741971348,21.07247825735247
2022-11-03,92.9469895586122,35.5599271830407,48.98154015647586,46.473494779306094
2022-11-05,41.24794936194306,31.273673323143285,38.99789906816518,20.62397468097153
2022-11-06,45.374952811990525,39.92101915665167,44.49435195825054,22.687476405995262
2022-11-07,26.03317874817143,35.26896923180502,39.10392480313735,13.016589374085717
2022-11-09,46.212919335036666,27.65377452700332,37.98061767926469,23.106459667518333
2022-11-10,28.54121787927464,30.71586021427306,36.21978856666127,14.270608939637317
2022-11-11,88.32040273044613,29.20110681471496,47.57077303943402,44.16020136522307
2022-11-12,96.5603212106278,36.740713984708925,49.54392315130984,48.280160605313895
2022-11-14,71.56592694841869,32.08056039478384,44.90477345221884,35.782963474209346
2022-11-15,47.78573339222285,27.379987927309696,38.1891265896541,23.892866696111422
2022-11-16,90.76677389087158,51.71949660138636,50.15876500914478,45.38338694543579
2022-11-17,53.92912716031453,43.59736464061029,47.050250005186825,26.964563580157265
2022-11-18,73.96490050029637,39.6543626565199,47.30650302374646,36.98245025014818
2022-11-19,8.582084902956776,31.63203183920475,33.208386461712266,4.291042451478388
2022-11-20,40.51249927402159,19.42160575186371,31.809677499647385,20.2562496370108
2022-11-21,19.88706781121225,27.168651595717115,31.709137335090983,9.943533905606127
2022-11-23,25.85114485598245,63.13299952139316,59.73796879118234,12.925572427991224
2022-11-24,47.09501365454519,42.76117238514059,46.170299238787614,23.5475068272726
2022-11-26,26.44687960483988,43.30602904619344,45.07637548512961,13.22343980241994
2022-11-27,12.291061914194708,48.9510141853374,49.0799456812887,6.145530957097354
2022-11-28,99.95507246376812,100.0,50.02246376811594,49.97753623188406
2022-11-29,97.85035292558644,96.2531304180312,50.994279064855895,48.92517646279322
2022-12-01,39.02016370035861,56.48374087498086,53.95377457165627,19.510081850179304
2022-12-02,93.67634359837731,98.80472868978616,53.08624335008625,46.83817179918866
2022-12-03,89.78727811263695,92.9420354520748,54.38555065349324,44.89363905631848
2022-12-04,97.90904912357708,95.28666204574712,50.94692185694824,48.95452456178855
2022-12-05,75.09893789393858,80.45914843691494,57.58465146925362,37.54946894696929
2022-12-06,9.260428260544543,62.99601812439929,61.79253118926192,4.630214130272273
2022-12-07,17.27748256393225,60.40915979966075,58.61071903022251,8.638741281966125
2022-12-08,3.696235023893237,56.88531201007506,56.63081469605434,1.8481175119466189
2022-12-09,98.45365094089584,83.11462238885913,50.51206765173602,49.22682547044792
2022-12-10,97.06403630822236,96.05782792665728,51.35224110514808,48.53201815411118
2022-12-11,81.01162993111566,76.74946522896931,55.07928744912424,40.50581496555783
2022-12-12,14.487205570341338,73.0608628098371,69.7199882082816,7.243602785170669
2022-12-13,83.51842299876331,83.49106996970954,55.51985648559573,41.75921149938166
2022-12-14,90.30635696922764,96.37738428348676,54.49565807945073,45.15317848461383
2022-12-15,92.33242846464282,99.27896300297056,53.77849974013497,46.16621423232141
2022-12-16,99.40041407867494,100.0,50.29979296066253,49.70020703933747
2022-12-17,23.036540576432262,79.91345609447036,73.02243064345444,11.518270288216131
2022-12-18,2.035950529081299,70.97152379094834,70.5445539413701,1.0179752645406497
2022-12-19,98.69737418715692,99.82461734693877,50.64902832671151,49.34868709357846
2022-12-20,65.68388333419676,83.09551270825659,61.357094752111074,32.84194166709838
2022-12-21,95.8390885050497,77.85796048375056,51.15914508002709,47.91954425252485
2022-12-22,47.58835375097733,71.67921683767347,61.362434438519976,23.794176875488667
2022-12-23,54.71484907921527,61.29992262365336,55.117187014053314,27.357424539607635
2022-12-24,40.74547408516977,66.98901991540853,60.06676320845141,20.372737042584884
2022-12-25,7.024275190804826,59.24271792627264,58.59348398402139,3.512137595402413
2022-12-26,62.55087463949759,81.07207316938137,61.63621963330866,31.2754373197488
2022-12-27,46.49337127497179,63.87651708084766,57.42485647441429,23.246685637485896
2022-12-28,47.169157973529735,81.9138038627738,66.8603313033796,23.584578986764868
2022-12-29,48.76478822126601,67.88508473341454,59.16346103997097,24.382394110633005
2022-12-30,63.41326401585348,66.10444133461,55.89208943281553,31.70663200792674
2022-12-31,74.25363777105825,56.75451589013749,51.73904212788622,37.126818885529126
2023-01-01,36.48176108977177,56.80817091527703,54.32443026738234,18.240880544885886
2023-01-02,44.01686097985266,72.54606396177849,62.62199433129378,22.00843048992633
2023-01-03,92.24054738010528,84.72870906616136,52.69475772548987,46.12027369005264
2023-01-04,31.9842946496387,51.48314263920671,51.008769927408416,15.99214732481935
2023-01-05,58.8477920678184,59.65952303004357,53.9751070025805,29.4238960339092
2023-01-06,4.209780945202037,49.37025250598314,49.39676349598916,2.1048904726010185
2023-01-07,32.08292959242745,62.20354568978422,58.28829071835104,16.041464796213724
2023-01-08,97.2501340665757,76.34214291092538,50.72437361404148,48.62506703328785
2023-01-09,95.08423796578305,97.87717968157696,52.3535282218408,47.54211898289152
2023-01-10,47.976490065538194,58.78815431611354,54.57190633369916,23.988245032769097
2023-01-11,99.5648033126294,6.470028544243577,49.81055900621118,49.782401656314704
2023-01-12,80.75247976285486,65.87328084780994,53.0552129434811,40.37623988142743
2023-01-13,72.10051880271196,67.67456891748327,54.93111303183497,36.05025940135598
2023-01-14,24.45553802723348,65.60642738011173,61.78979159747592,12.227769013616738
2023-01-15,100.0,-1.0,50.0,50.0
2023-01-16,82.15648578211815,80.88260904900675,55.51054273651238,41.07824289105908
2023-01-17,95.94815090901562,96.38695829926412,51.879529548184045,47.97407545450781
2023-01-18,51.55929770409645,74.97184407398049,62.09653664567413,25.779648852048226
2023-01-19,99.90931677018634,100.0,50.04534161490683,49.95465838509317
2023-01-20,56.46310838861389,72.2554310291449,59.689322884805605,28.231554194306945
2023-01-21,74.16342783270214,76.63119742761147,56.88058854240041,37.08171391635107
2023-01-22,50.63382486816485,78.7422445696235,64.18894679106072,25.316912434082425
2023-01-23,96.7812398417329,85.57828380290749,51.14517962404318,48.39061992086645
2023-01-24,75.76107899807322,87.98485392413286,59.20711873536785,37.88053949903661
2023-01-25,10.867728009867294,72.79180343527011,70.31485222938136,5.433864004933647
2023-01-26,14.180393557254318,71.97604008157597,68.85975110970854,7.090196778627159
2023-01-27,34.6292788091439,72.52156027513355,64.72250637528816,17.31463940457195
2023-01-28,50.64525897472062,73.50927696413187,61.60294276256296,25.32262948736031
2023-01-29,3.988595114090392,65.71772782426824,65.09081130022345,1.994297557045196
2023-01-30,5.832492348072379,63.23535248847825,62.46340156734734,2.9162461740361896
2023-01-31,9.122360363241429,61.82430579675703,60.74565001152521,4.561180181620714
2023-02-01,49.85459146632372,51.26372308125057,50.63369910182745,24.92729573316186
2023-02-02,70.66417030028965,43.2244658519864,48.01234084109301,35.33208515014483
2023-02-03,37.079892093795394,57.96736276928354,55.01307325171197,18.539946046897697
2023-02-04,29.727940566116047,58.55173981991986,56.0094836888852,14.863970283058023
2023-02-05,27.411415075935864,60.8941278722364,57.90789326227447,13.705707537967932
2023-02-06,28.443972296341176,66.04314669295677,61.479838492150776,14.221986148170588
2023-02-07,7.5946133959070945,62.785847835466704,61.81481212297405,3.7973066979535472
2023-02-08,4.27661227015779,60.92425580290411,60.45706773881368,2.138306135078895
2023-02-09,11.233920617946614,64.5280741439041,62.89600182726149,5.616960308973307
2023-02-10,4.658160658883338,61.98021829143715,61.42216047613708,2.329080329441669
2023-02-11,78.31467637201726,41.657108995679934,48.19081708578333,39.15733818600863
2023-02-12,10.89725357653717,58.2724241654648,57.37095712722735,5.448626788268585
2023-02-13,1.403551038125165,57.52093273089197,57.41537260147084,0.7017755190625825
2023-02-14,4.555149204292232,58.772332550746654,58.37273971436344,2.277574602146116
2023-02-15,3.205078948406806,56.58014435166193,56.36924553027204,1.602539474203403
2023-02-16,33.08485013205641,70.71606852182002,63.862188298121744,16.542425066028205
2023-02-17,73.12039383309748,47.87407887028643,49.42856077291403,36.56019691654874
2023-02-18,63.28145400285992,70.0414272652361,57.35892068886909,31.64072700142996
2023-02-19,33.3941178057013,53.302020488318426,52.19933987648098,16.69705890285065
2023-02-20,36.83131712761742,54.76221755123489,53.00823010263252,18.41565856380871
2023-02-21,29.11506389441601,61.72894433354213,58.31405469669085,14.557531947208004
2023-02-22,34.23541596186057,55.0039291676792,53.29081320268736,17.117707980930284
2023-02-23,80.12239319071386,74.81429003052624,54.93248700478389,40.06119659535693
2023-02-24,66.48407696135345,63.496108973486585,54.52334549676563,33.242038480676726
2023-02-25,49.381341098197325,39.857171537557,44.86583625760103,24.690670549098662
2023-02-26,95.29779850251788,80.31177066361354,51.42532053405778,47.64889925125895
2023-02-27,87.06834048018561,37.97356828193833,48.4447827978373,43.534170240092806
2023-02-28,31.32272826323818,51.26375718455933,50.86791395573266,15.66136413161909
2023-03-01,57.55951838000547,65.4319781556362,56.54940585274435,28.779759190002736
2023-03-02,83.24125802422337,60.61628596855533,51.779155972880766,41.620629012111685
2023-03-03,56.935606602515854,62.21954742416948,55.26227397413648,28.467803301257927
2023-03-04,8.794364232058102,51.05934470191063,50.96618207035159,4.397182116029051
2023-03-05,12.528760455515778,51.23994017520119,51.08459104085854,6.264380227757889
2023-03-06,92.46503576146873,70.92997691546664,51.57706627571326,46.23251788073436
2023-03-07,78.54285317692978,72.19851308293907,54.76316754474468,39.27142658846489
2023-03-08,73.94371889709433,51.25204830010978,50.32623722462076,36.97185944854717
2023-03-09,40.3402489626556,44.96313812769509,46.99502074688797,20.1701244813278
2023-03-10,78.49071071091815,43.47541236318792,48.59660757027842,39.24535535545908
2023-03-11,48.504632787571815,35.007690015863176,42.27965492004321,24.252316393785907
2023-03-12,71.64831247111105,31.38767244467514,44.723091049661,35.82415623555553
2023-03-13,96.96645918489897,22.0,49.15060857177171,48.48322959244948
2023-03-14,90.3913949451724,68.28558494470673,51.756989639301885,45.1956974725862
2023-03-15,19.580045084127978,52.12562207033267,51.707260371217565,9.790022542063989
2023-03-16,2.868220918013449,53.78858986502233,53.67992473801603,1.4341104590067246
2023-03-17,50.5725313538951,40.613382119688815,45.36043239027951,25.28626567694755
2023-03-18,21.268728759194403,49.50874398784912,49.61322789658673,10.6343643795972
2023-03-19,66.82801940378954,47.328687935506046,49.11387288030184,33.41400970189477
2023-03-20,67.5505092392927,47.85047923322684,49.30249145738646,33.77525461964635
2023-03-21,71.84798696533625,30.4130125840347,44.4858687495595,35.92399348266812
2023-03-22,15.075485411691414,46.48689094616999,47.01650918907694,7.537742705845707
2023-03-23,44.22398287204447,41.85366615709073,45.45629944047849,22.11199143602224
2023-03-24,90.03339949693562,36.34700538427957,48.63926056994625,45.01669974846781
2023-03-25,61.68406607074745,39.15252311571111,45.843525597439424,30.842033035373724
2023-03-26,86.19620971684745,27.07107696001921,46.834939549375605,43.09810485842373
2023-03-27,76.5500289124564,27.576362865021565,44.74166357507187,38.2750144562282
2023-03-28,8.605277798536898,52.64077427269939,52.40172632837605,4.302638899268449
2023-03-29,65.1914572478837,22.1762929519748,40.31497303696455,32.59572862394185
2023-03-30,85.9920123626089,50.53901778980524,50.075505545359256,42.99600618130445
2023-03-31,99.34202489870538,83.32284455632474,50.219256020223725,49.67101244935269
2023-04-01,54.81998784920575,36.514128623945005,43.90708167365786,27.40999392460288
2023-04-02,82.4308673411249,32.65250769466621,46.95219606388776,41.21543367056245
2023-04-03,35.49947820818974,35.869509276652686,40.885759751697634,17.74973910409487
2023-04-04,9.22705173609237,43.63554443511812,44.21980677331362,4.613525868046185
2023-04-05,15.701479027047675,44.38637667810235,45.26779856664756,7.8507395135238385
2023-04-06,16.01199742615771,41.80842203598852,43.12005728874775,8.005998713078855
2023-04-07,78.43798274974253,20.44644207705772,43.02547309474768,39.21899137487127
2023-04-08,97.18838658907826,40.53914708698535,49.7339973907101,48.59419329453913
2023-04-09,59.672444655550414,42.36094680643137,46.91900513775702,29.836222327775207
2023-04-10,27.23471541189483,40.42337789742654,43.03112426256519,13.617357705947414
2023-04-11,97.62714250810622,25.165794066317627,49.41071968395029,48.81357125405311
2023-04-12,100.0,-1.0,50.0,50.0
2023-04-13,99.93457272469404,100.0,50.03271363765298,49.96728636234702
2023-04-14,83.43909444723067,49.68840724797277,49.94839741862749,41.719547223615336
2023-04-15,92.01648732899056,56.7118098796181,50.535838192193374,46.00824366449528
2023-04-16,68.58880420521133,35.47573955906904,45.437756115154144,34.294402102605666
2023-04-17,89.97797470497045,59.40747997955359,50.74673387787624,44.988987352485225
2023-04-18,48.3509984894009,45.51232859100095,47.680462641722414,24.17549924470045
2023-04-19,96.74303120916623,50.71846388606307,50.023400144542485,48.37151560458312
2023-04-20,99.95238095238096,100.0,50.023809523809526,49.97619047619048
2023-04-21,77.10942503103543,50.41195110909914,50.09429797746382,38.554712515517714
2023-04-22,57.13897621792904,41.21859290404053,46.23619901620034,28.56948810896452
2023-04-23,85.79592293257221,45.69316243055252,49.38825347246675,42.897961466286105
2023-04-24,90.22096460464796,34.21665819352652,48.45654141817556,45.11048230232399
2023-04-25,84.30803016491257,31.2666684270286,47.06037126046242,42.15401508245628
2023-04-26,23.016291376984537,48.06433524203897,48.508456988689424,11.508145688492268
2023-04-27,80.63885037604425,22.200338250090983,44.61766589364652,40.31942518802212
2023-04-28,99.66438575968697,46.63787785317705,49.98871623929854,49.83219287984348
2023-04-29,70.64396295098551,29.91737871619236,44.10453825551216,35.321981475492755
2023-04-30,77.26647212919056,44.35054516281953,48.71567961004079,38.63323606459528
2023-05-01,100.0,-1.0,50.0,50.0
2023-05-02,99.79171282042788,95.6262425447316,50.09503361374116,49.89585641021394
2023-05-03,56.19162392063238,45.551004947799534,48.05096751577956,28.09581196031619
2023-05-04,15.25313222841908,41.72256986470528,42.98513722835679,7.62656611420954
2023-05-05,28.638865073911774,30.57338922455296,36.136950072967245,14.319432536955889
2023-05-06,73.81034793656848,19.79455198721094,42.08929826124985,36.90517396828424
2023-05-07,87.61008778017872,35.791920272891446,48.239631393689024,43.80504389008936
2023-05-08,99.97536231884058,100.0,50.01231884057971,49.98768115942029
2023-05-09,87.65547721117964,35.25630266205646,48.17996092220286,43.82773860558982
2023-05-10,99.83891605828838,100.0,50.08054197085582,49.91945802914419
2023-05-11,99.79233137535432,100.0,50.103834312322846,49.896165687677154
2023-05-12,95.02212687177597,31.75804975455529,49.09193886066801,47.51106343588798
2023-05-14,99.34509932211672,55.23237432816946,50.034266854944576,49.67254966105836
2023-05-15,76.22887442917168,21.160671462829736,43.144566999645534,38.11443721458584
2023-05-16,99.47198628406724,100.0,50.26400685796638,49.73599314203362
2023-05-17,99.9225621573272,17.647058823529413,49.97494658031174,49.9612810786636
2023-05-18,78.16419954947393,18.78558955280541,43.18408362294242,39.08209977473697
2023-05-19,96.93277319623915,57.85068178749832,50.24079821606412,48.466386598119584
2023-05-20,99.34635921877816,17.453278428888186,49.78726135486048,49.673179609389074
2023-05-21,74.76238637446995,18.55255270051653,42.06341475546418,37.38119318723498
2023-05-22,42.9633303382258,27.57714892781,37.2107525052034,21.4816651691129
2023-05-23,67.53902272618872,22.62845534168514,41.11492910897331,33.76951136309436
2023-05-24,94.84305350528676,18.75654766701588,48.38529686396866,47.42152675264338
2023-05-25,58.47579425897851,26.78040764954725,40.35824870017152,29.23789712948925
2023-05-26,21.551797505350272,26.532589104940968,31.58561165415329,10.775898752675136
2023-05-27,54.67023394723744,29.99926794227725,40.93371494939439,27.33511697361872
2023-05-28,79.173643462259,22.247208899679595,44.22010477627282,39.5868217311295
2023-05-29,57.312044734265854,27.07979049044283,40.21583121774769,28.656022367132927
2023-05-30,67.25250942199335,33.43145447179175,44.574217114237264,33.62625471099668
2023-05-31,68.35122817057947,17.883116032234817,39.83540067432226,34.17561408528974
2023-06-01,85.18499333870658,14.79378487615904,44.78419688421367,42.59249666935329
2023-06-02,22.0859634551495,24.284313255195425,29.963870431893685,11.04298172757475
2023-06-03,72.03435664183512,30.47170230738452,44.53878591336241,36.01717832091756
2023-06-04,98.80138723536416,36.08567973743306,49.83322118122056,49.40069361768207
2023-06-05,99.09607699900874,95.60067681895092,50.36649442187626,49.54803849950437
2023-06-06,73.37860189779751,22.62527640225482,42.712465851666686,36.689300948898754
2023-06-07,40.75528074034112,24.47254871744581,34.87633315350458,20.37764037017056
2023-06-08,63.87978176072067,20.300855486019405,39.27218320154783,31.93989088036033
2023-06-09,34.28018393754679,20.19475954845557,29.674794139664208,17.140091968773394
2023-06-10,56.84477706649746,21.67154396536397,37.77479164463357,28.42238853324873
2023-06-11,63.92350986922602,21.244747446296053,39.62611415038386,31.96175493461301
2023-06-12,24.231809791557225,20.477701595444405,27.63148879093225,12.115904895778613
2023-06-13,38.91153245427901,20.841524822333817,32.18753435426429,19.455766227139502
2023-06-14,32.9175576639608,19.97951200188168,29.861523449664706,16.4587788319804
2023-06-15,52.57356143079316,16.876972988098675,34.290927941938826,26.28678071539657
2023-06-16,64.40961463128507,15.313835796731777,37.6550604904316,32.20480731564253
2023-06-17,29.55304920319304,15.393386209091018,25.62069581027734,14.77652460159652
2023-06-18,33.58591676161894,17.261724328665583,28.257174344829306,16.79295838080947
2023-06-19,22.003438880951588,15.898283785150989,23.40183406984085,11.001719440475794
2023-06-20,41.86098603555303,11.059899614367916,27.360609599027697,20.93049301777652
2023-06-21,1.4635453227608608,12.081862347324826,12.636811477418576,0.7317726613804304
2023-06-22,50.01927876682228,7.848447771717717,28.93235018532492,25.00963938341114
2023-06-23,82.37086035075504,12.768158361838935,43.436346643622855,41.18543017537752
2023-06-24,31.38391569652242,9.609296334261638,22.28548072194916,15.69195784826121
2023-06-25,0.6920185258260815,9.88062523266368,10.158258738499242,0.3460092629130407
2023-06-26,5.377065246957543,10.49055858504954,12.61500702863989,2.688532623478772
2023-06-27,93.63809397568902,14.112706318976462,47.71688410134479,46.81904698784451
2023-06-28,93.7575591894892,23.624842412580453,48.35354639892639,46.8787795947446
2023-06-29,22.94626267658996,15.096830511579787,23.105803464848087,11.47313133829498
2023-06-30,98.72932592365603,23.08945738960404,49.6580547112462,49.36466296182802
2023-07-01,87.73631428453027,20.340615337827565,46.36266627988894,43.86815714226513
2023-07-02,82.90645222115626,19.877568337475,44.851007751616734,41.45322611057813
2023-07-03,55.99240100462701,23.24038248559081,38.223734831563206,27.996200502313503
2023-07-04,47.54762541930906,14.927445094386634,31.603612125889185,23.77381270965453
2023-07-05,27.30264727915649,11.48800246630243,22.002797313085324,13.651323639578244
2023-07-06,83.48369417866553,23.695487774136627,45.63280908829379,41.741847089332765
2023-07-07,2.3969345157739514,7.807868513391878,8.819186275935117,1.1984672578869755
2023-07-08,39.62791836362089,12.480927048538083,27.348954648530786,19.813959181810446
2023-07-09,2.1040935429603937,8.247004936789157,9.125527009906747,1.0520467714801969
2023-07-10,21.53414374916965,12.108192765984466,20.267869004915635,10.767071874584827
2023-07-11,3.0135245152607704,11.134595041393103,12.3058135477761,1.5067622576303852
2023-07-12,15.563071339740436,8.821395991571038,15.230051510112052,7.781535669870218
2023-07-13,92.47633706706,23.92202213778292,48.03798084592008,46.23816853353
2023-07-14,30.106223563449795,9.670445839445536,21.81215157716463,15.053111781724898
2023-07-15,2.1000907574823,7.326826350100022,8.223001725845945,1.05004537874115
2023-07-16,6.994203687127866,9.802717518728995,12.614197332159256,3.497101843563933
2023-07-17,6.789874784558839,15.079800032080415,17.45083788441971,3.39493739227942
2023-07-18,1.867908893231789,9.175525441951123,9.938089432836067,0.9339544466158948
2023-07-19,19.6468087403108,6.613895354695036,15.137880354229202,9.8234043701554
2023-07-20,20.16732927120421,11.257287890529511,19.07065821024113,10.083664635602103
2023-07-21,81.38841399604199,6.379922728335543,41.88161180359123,40.694206998021
2023-07-22,75.65805976801799,15.685122256572727,41.64709296901724,37.829029884009
2023-07-23,29.6382841845311,13.272300414095772,24.15776039180692,14.81914209226555
2023-07-24,98.45996807301384,27.130949179887065,49.64780931597157,49.22998403650691
2023-07-25,64.48420969672082,13.663544416154728,37.09482063119734,32.24210484836041
2023-07-26,51.611645330169495,8.743698775762148,30.036754639962165,25.805822665084747
2023-07-27,53.33354068176164,8.519392347920359,30.642469105084185,26.66677034088082
2023-07-28,25.0673384603253,10.956920043423356,20.74398104147385,12.53366923016265
2023-07-29,55.54626989475867,15.021435202246614,34.450723210119754,27.773134947379337
2023-07-30,57.81885451080182,13.426781780994338,34.57299761295929,28.90942725540091
2023-07-31,30.18445757600287,10.012635083911825,22.08260428276992,15.092228788001435
2023-08-01,96.2325802911395,41.24635608602387,49.669103182655874,48.11629014556975
2023-08-02,57.48563108125207,12.380408744737007,34.00626818801245,28.74281554062604
2023-08-03,71.90543890044847,25.54826907046908,43.130393514105,35.95271945022424
2023-08-04,93.62413327479229,16.21516273630871,47.84592380273872,46.812066637396136
2023-08-05,93.8112685449646,14.203480589022757,47.784649543405,46.9056342724823
2023-08-06,52.98083982859964,10.575162879740274,31.46277268711137,26.490419914299817
2023-08-07,47.57349219651021,8.526018421802299,28.256639811488267,23.786746098255104
2023-08-08,27.94812936112276,7.648146654529953,19.48469741435492,13.97406468056138
2023-08-09,99.4425912466948,17.60772659732541,49.81944263265893,49.7212956233474
2023-08-10,72.96572743671082,18.266111405103192,41.42097406232506,36.48286371835541
2023-08-11,0.0228457971002452,4.775862677848431,4.786194492501386,0.0114228985501226
2023-08-12,35.8134294914354,12.58981992378034,25.987688387996283,17.9067147457177
2023-08-13,2.903995563945845,7.298845411805975,8.538885046800788,1.4519977819729226
2023-08-14,10.702985508449943,6.756210068168925,11.38458663787734,5.351492754224972
2023-08-15,13.738749493921873,12.52596438276374,17.674428261478887,6.869374746960936
2023-08-16,5.399012282093564,6.843871908183449,9.173876564336656,2.6995061410467818
2023-08-17,38.72588682940593,13.487844518182436,27.62750052904784,19.362943414702965
2023-08-18,22.681223505183745,7.683591851639044,17.28147096313458,11.340611752591872
2023-08-19,0.0199381501965777,3.509398765665475,3.5186681315668684,0.0099690750982888
2023-08-20,0.3264872094689598,4.1198790624212105,4.269671788971295,0.1632436047344799
2023-08-21,4.069006766102202,6.871028846674243,8.625949601053335,2.034503383051101
2023-08-22,0.2936723372704257,4.907149924490965,5.0395751512495615,0.1468361686352128
2023-08-23,5.242783773849007,9.466460942328512,11.591546751010863,2.621391886924504
2023-08-24,0.8277987531099564,3.505733647169195,3.8906126043055504,0.4138993765549782
2023-08-25,9.36325622147754,7.741311812636155,11.698101063454295,4.68162811073877
2023-08-26,15.986239912971808,9.859395077592172,16.276368483006458,7.993119956485904
2023-08-27,95.9593847249628,31.48347425057648,49.251818432162594,47.979692362481394
2023-08-28,91.35276756588826,34.1500802375991,48.62942059752498,45.67638378294413
2023-08-29,99.48964591985887,33.91480730223124,49.917908562768375,49.74482295992944
2023-08-30,92.23871136134832,29.329810233005045,48.39572691002648,46.11935568067416
2023-08-31,68.6656771122702,11.491385926376797,37.933586526581145,34.3328385561351
2023-09-01,15.317816451162106,8.996481247624535,15.277324988631245,7.658908225581053
2023-09-02,1.9632643397425515,6.258778368828131,7.117534174880684,0.9816321698712758
2023-09-03,98.47133810720928,4.673530208615551,49.3071115289518,49.23566905360464
2023-09-04,0.9082148479524148,5.180866069613368,5.587920098692819,0.4541074239762074
2023-09-05,7.3178886336923155,7.207594772208367,10.339095330456487,3.6589443168461577
2023-09-06,0.0,4.190542255378628,4.190542255378628,0.0
2023-09-07,0.0,3.782848621671523,3.782848621671523,0.0
2023-09-08,0.0070614281946212,3.3893094889449684,3.3926008693864245,0.0035307140973106
2023-09-09,0.0033230250327629,4.776591833809995,4.778094618984027,0.0016615125163814
2023-09-10,0.0647989881388775,2.5639213844385744,2.5946594833942207,0.0323994940694387
2023-09-11,0.0909678102718857,4.978058459498057,5.01901393385934,0.0454839051359428
2023-09-12,15.929558108540135,5.753773745644728,12.802002067668392,7.964779054270068
2023-10-17,22.05998912759309,6.148521836357102,15.822153151545583,11.029994563796546
2023-10-18,68.59495230895101,18.09038266214665,39.97876945701592,34.297476154475504
2023-10-19,95.79741624753332,44.57035869136776,49.7718147765462,47.89870812376667
2023-10-20,90.47034265099964,68.95929765086815,51.80675610190482,45.23517132549981
2023-10-27,25.587963683527885,20.07736221076322,27.73395590142672,12.793981841763944
2023-10-28,22.14993045319604,23.131713404942985,29.08302019971351,11.07496522659802
2023-10-29,99.71014492753623,18.21428571428571,49.90786749482402,49.85507246376812
2023-10-30,99.62898550724638,88.16964285714286,50.1416149068323,49.81449275362319
2023-10-31,96.8812696046461,43.311425346876455,49.7914013892771,48.44063480232305
2023-11-01,47.55358879555073,42.54535102563697,46.0903041450573,23.776794397775365
2023-11-02,97.4353718255324,99.717422896819,51.27506703523103,48.7176859127662
2023-11-03,97.09398382601998,88.10202336848106,51.1072509617017,48.54699191300999
2023-11-04,31.66602347844489,62.76901309237534,58.725574408578055,15.833011739222446
2023-11-05,44.69030495507923,68.33500855111164,60.14103731608,22.345152477539614
2023-11-06,5.294724796839987,58.84036296494467,58.372290074909095,2.6473623984199937
2023-11-07,83.84118553625878,58.18836771059007,51.32314314596314,41.92059276812939
2023-11-08,2.887666771894263,54.5148334445414,54.384460099357,1.4438333859471315
2023-11-09,91.20670698754968,79.75416784402374,52.61637116194128,45.60335349377483
2023-11-10,64.94286111093837,75.87791134263229,59.07205532097484,32.47143055546918
2023-11-11,26.44663594508292,47.44992947813822,48.12433734539788,13.22331797254146
2023-11-12,67.86519695223566,78.79704582836133,59.25387396051836,33.93259847611783
2023-11-13,52.20935923812052,46.03901317074229,48.10701901380408,26.10467961906026
2023-11-14,52.95241136751995,31.88508006752736,41.477366989067136,26.47620568375997
2023-11-15,33.77784509660713,41.43921994993091,44.33086697430449,16.888922548303565
2023-11-16,61.56261268542581,58.40409758727591,53.23031553991603,30.781306342712902
2023-11-17,55.57924603437977,43.40670115608016,47.07120694232428,27.78962301718989
2023-11-18,39.98128584114127,61.29326645533958,56.77807331302854,19.99064292057064
2023-11-19,48.93031220909862,39.2545711409178,44.5123430298733,24.46515610454931
2023-11-20,8.616115908336102,47.159234164147264,47.40399784124876,4.308057954168051
2023-11-21,62.609959125467405,44.54872525486587,47.96176614461128,31.304979562733703
2023-11-22,41.87392671373226,31.001238122763265,38.95676574775388,20.93696335686613
2023-11-23,2.0355140186915888,42.76159160820778,42.90893042575286,1.0177570093457944
2023-11-24,36.15596585367878,42.951303460402166,45.4998277743886,18.07798292683939
2023-11-25,55.04791139503049,34.34056807485742,42.96075828597503,27.523955697515245
2023-11-26,46.273161786061024,35.06778332503176,41.97739210528499,23.136580893030512
2023-11-27,46.69321552278431,63.70852269190064,57.30757264638168,23.34660776139216
2023-11-28,41.704503734617134,38.4139420528093,43.24585002209035,20.852251867308567
2023-11-29,11.340978983805424,51.97568887379528,51.75162641383277,5.670489491902712
2023-11-30,100.0,-1.0,50.0,50.0
2023-12-01,98.6728421261856,99.53198127925116,50.657367589603865,49.33642106309279
2023-12-02,87.67533347281982,64.20311291894981,51.75048630373941,43.83766673640991
2023-12-03,2.598794262467006,67.41738572375841,66.96474370289764,1.299397131233503
2023-12-04,97.42165790792345,96.73947960167042,51.205103676187406,48.71082895396172
2023-12-05,73.33358206789624,86.9436455499417,59.8515469217025,36.66679103394812
2023-12-06,82.07181467661434,56.8483335644617,51.22778193300032,41.03590733830717
2023-12-07,4.719845489283935,61.82853705265774,61.27024838012959,2.359922744641968
2023-12-08,98.74879134030266,95.66440509680622,50.57135699097051,49.37439567015133
2023-12-09,22.15695513106577,64.76230091751925,61.49142452691161,11.078477565532888
2023-12-10,26.066040887988663,54.0469834639989,52.9920950995428,13.033020443994332
2023-12-11,100.0,-1.0,50.0,50.0
2023-12-12,73.44030034746322,58.453209348769,52.2451470140332,36.72015017373161
2023-12-13,99.69884190647966,100.0,50.05212351618621,49.84942095323983
2023-12-14,37.629707707662014,57.98338617333072,54.97926129113247,18.814853853831007
2023-12-15,39.041054678017375,47.783200931239406,48.64866266777601,19.520527339008687
2023-12-16,6.201365251504082,59.70460211397018,59.1027842906777,3.100682625752041
2023-12-17,2.259605399792316,57.95440057796098,57.77466251298027,1.1298026998961577
2023-12-18,5.1560478537060455,58.92928302118138,58.468884915616414,2.5780239268530227
2023-12-19,3.5999925233800134,53.962474712765015,53.819825919364646,1.7999962616900067
2023-12-20,56.77175461552658,59.560107454667566,54.13266670952302,28.38587730776329
2023-12-21,87.18499014963032,39.33011105543072,48.63265268072994,43.59249507481516
2023-12-22,87.11149142126648,16.890653634697617,45.73269905334541,43.55574571063324
2023-12-23,57.66790754585895,35.41953468319951,43.82778394184805,28.83395377292948
2023-12-24,54.65875481700564,53.54259392253821,51.60625619625591,27.32937740850282
2023-12-25,24.009438661154554,57.35322633063779,55.58775796516744,12.004719330577275
2023-12-26,75.98085014262956,72.39639484238216,55.37942363984016,37.99042507131478
2023-12-27,16.06702430679544,59.128585032835744,57.66189305674354,8.03351215339772
2023-12-28,54.53397997885967,68.27673919286681,58.30970590064043,27.266989989429835
2023-12-29,89.58113697605876,26.4536906347534,47.54674228004151,44.79056848802938
2023-12-30,2.120876678871608,51.614833424219206,51.58058479872233,1.0604383394358037
2023-12-31,99.86252331823988,97.43975903614458,50.065218606557885,49.93126165911994
2024-01-01,90.50314504487152,87.93753952849322,53.60287310256554,45.25157252243576
2024-01-02,88.81590122842996,56.198484876548925,50.69324467093407,44.40795061421498
2024-01-03,12.339695670952525,61.55775799582147,60.13156583275192,6.169847835476261
2024-01-04,37.89971766941391,47.92557455905933,48.71177594443834,18.949858834706955
2024-01-05,92.03633102985548,94.54181402121904,53.54716262194731,46.01816551492774
2024-01-06,100.0,-1.0,50.0,50.0
2024-01-07,92.75604249943044,100.0,53.62197875028478,46.378021249715225
2024-01-08,70.42377271691154,85.73560528565223,60.56924384027188,35.21188635845577
2024-01-09,51.304556981448194,78.87704178092692,64.06180342587466,25.652278490724097
2024-01-10,44.10629041154977,81.82158837104039,67.78626619054137,22.05314520577489
2024-01-11,0.7520249221183801,68.88626618872141,68.74423676012461,0.37601246105919
2024-01-12,4.223693800888347,67.48339761810294,66.74495243672246,2.1118469004441733
2024-01-13,0.7354132312076063,63.47621229524832,63.37710644696344,0.3677066156038031
2024-01-14,25.762047067613,74.20126746113613,67.96652554683934,12.881023533806498
2024-01-15,12.365295628219048,62.13474708567557,60.63424973479509,6.182647814109524
2024-01-16,8.594880697025888,64.14150936966858,62.92606351058683,4.297440348512944
2024-01-17,98.86210237765944,86.22634643377002,50.41221873473072,49.43105118882972
2024-01-18,86.73690227420053,72.92203432176262,53.04017181283667,43.368451137100266
2024-01-19,67.67263533117797,74.55989640095906,57.93956727182293,33.836317665588986
2024-01-20,4.118772156078475,64.99478009244218,64.37717926512947,2.0593860780392377
2024-01-21,46.20034560228355,75.72191482388324,63.838301279724185,23.10017280114177
2024-01-22,99.50496791918825,48.013383521539104,49.99016561110893,49.75248395959412
2024-01-23,43.796192771784106,47.92820789152202,48.83557395718165,21.898096385892053
2024-01-24,55.35875355352948,53.206837289237775,51.43157213742595,27.679376776764737
2024-01-25,57.89914694066333,48.944765207795534,49.555737150703,28.949573470331664
2024-01-26,30.8888450721765,60.61697213955151,57.3375120640093,15.44442253608825
2024-01-27,7.386065132930068,59.26278026905829,58.57862528526545,3.693032566465034
2024-01-28,2.231803511570237,57.17900022942212,57.01877905020624,1.1159017557851187
2024-01-29,6.583475066401682,58.01679274937366,57.489009197593546,3.291737533200841
2024-01-30,2.671819932005142,59.23839519291912,58.9915619087573,1.335909966002571
2024-01-31,78.38301029321254,45.227344626269016,48.96829557912014,39.19150514660627
2024-02-01,92.34885652216232,50.994721883881446,50.07610759854122,46.17442826108116
2024-02-03,17.117474369568196,59.22290941792103,57.6441802621799,8.558737184784098
2024-02-04,11.83566705763901,51.848869298220826,51.6300432837525,5.917833528819505
2024-02-05,9.54877694256406,57.77316084895373,57.030919058100416,4.77438847128203
2024-02-06,95.79948857577672,67.80696998077586,50.7479838083505,47.89974428788836
2024-02-07,58.50665074468439,72.0336357822368,59.14249344876771,29.2533253723422
2024-02-08,45.50082881925931,51.7518614955918,50.95474999533206,22.750414409629656
2024-02-09,99.8910973084886,72.0532319391635,50.024016563147,49.94554865424431
2024-02-10,99.62358845671268,96.47964796479648,50.1749547602188,49.81179422835634
2024-02-11,99.2855072463768,100.0,50.3572463768116,49.642753623188405
2024-02-12,50.86086455426992,62.89557829729433,56.33677568601764,25.43043227713496
2024-02-13,19.35155800838936,56.99458263096264,55.64102191568718,9.675779004194675
2024-02-14,45.98171044089494,50.16356934418676,50.08835736197273,22.99085522044747
2024-02-15,16.205453171327246,62.63374118509929,60.58638617356134,8.102726585663623
2024-02-16,19.35548812632051,51.84255834961126,51.48592218703173,9.677744063160254
2024-02-17,65.59534398643171,41.321248207118494,47.01410529938773,32.79767199321586
2024-02-18,7.849069611460775,54.25148837020646,53.91778608850579,3.924534805730388
2024-02-19,61.71193494141285,42.786198978624775,47.237975171738825,30.855967470706425
2024-02-20,42.24097875059118,46.03928216141672,47.71232814198356,21.12048937529559
2024-02-21,60.58620575257937,33.50395606245528,43.49828318349202,30.293102876289684
2024-02-22,98.25091419602516,77.44761453770569,50.480082329408745,49.12545709801258
2024-02-23,99.63414331146888,100.0,50.18292834426556,49.817071655734445
2024-02-24,80.13588814085966,93.80566041671013,58.70160538581046,40.06794407042983
2024-02-25,74.20960714973803,88.18308150790017,59.84756672322318,37.10480357486902
2024-02-26,98.59269889862487,92.75383707201888,50.60167521999465,49.29634944931245
2024-02-27,96.00702316692652,98.36660617059891,51.93126737933591,48.00351158346326
2024-02-28,93.76562373793334,79.918277855292,51.86521801262947,46.88281186896667
2024-02-29,66.28313265496446,86.1144233960687,62.17665222887696,33.14156632748223
2024-03-01,99.79813664596271,100.0,50.10093167701864,49.89906832298136
2024-03-02,78.49649733855746,77.7641810315755,55.97027140705256,39.24824866927873
2024-03-03,96.7561132161418,90.13850769132571,51.30204774623682,48.3780566080709
2024-03-04,45.73983496994362,68.19580633446107,59.87307454562804,22.86991748497181
2024-03-05,43.51351967960112,56.81974231592552,53.85223240118718,21.75675983980056
2024-03-06,96.69841598509164,73.27688930699279,50.7685060565276,48.34920799254581
2024-03-07,57.10124979011238,84.99690737590846,65.01323587637671,28.55062489505619
2024-03-08,70.89744652628089,80.23346081803872,58.797877632233465,35.448723263140444
2024-03-09,80.17299425078987,72.29467084639498,54.420365670482205,40.086497125394935
2024-03-10,99.99151138716356,95.1219512195122,50.00383022774327,49.99575569358178
2024-03-11,49.980186763098,72.81124531307032,61.41014230260933,24.990093381549
2024-03-12,64.99259701641098,53.88256061225336,51.35918363961364,32.49629850820549
2024-03-13,41.71583760726319,51.77383986672173,51.0329009610118,20.857918803631595
2024-03-14,64.6981877583512,85.3045668884439,62.46315191568578,32.3490938791756
2024-03-15,58.960019235871584,74.88711551088439,60.21366741841337,29.480009617935792
2024-03-16,59.12145699456509,49.57491706317402,49.82623228886083,29.560728497282547
2024-03-17,71.31883529275208,57.55271944151358,52.16620790289684,35.65941764637604
2024-03-18,99.17574226676052,100.0,50.41212886661973,49.58787113338026
2024-03-19,31.228067262815152,57.71261828891464,55.30411666192819,15.614033631407576
2024-03-20,8.023735274454683,61.48343449985214,60.56190646242261,4.011867637227342
2024-03-21,90.30367927889117,67.47196411406601,51.69413767677688,45.151839639445576
2024-03-25,3.739933941327775,58.08993102972172,57.769886629035504,1.8699669706638875
2024-03-26,94.38714339848464,93.34095772153766,52.4326658066333,47.19357169924233
2024-03-27,87.84538397169818,67.31365665791895,52.10440848722856,43.92269198584909
2024-03-28,99.86894111460096,100.0,50.06552944269952,49.93447055730048
2024-03-29,99.21735403549238,47.85714285714286,49.98322901504626,49.60867701774619
2024-03-30,82.54972800304935,62.95926967959448,52.26142780790759,41.27486400152468
2024-03-31,89.43490724707324,71.32942537298803,52.25347357432247,44.71745362353662
2024-04-01,99.8260815553278,100.0,50.086959222336105,49.9130407776639
2024-04-02,50.68988193901324,51.843608794796495,50.90822526807997,25.34494096950662
2024-04-03,99.54323244830306,67.1804170444243,50.07847457030514,49.77161622415153
2024-04-04,63.3625970418433,43.58566683829645,47.649954912468,31.68129852092165
2024-04-05,70.17607494844185,32.983529084717496,44.92502046780595,35.088037474220926
2024-04-06,16.01843681549689,52.508201625244446,52.10642693269939,8.009218407748445
2024-04-07,35.69287573768111,47.91252036191797,48.65760187518799,17.846437868840557
2024-04-08,39.38161393494647,59.443571924710106,55.72454088765178,19.69080696747324
2024-04-09,68.91534199611563,60.52131468923163,53.2705146886601,34.457670998057814
2024-04-10,99.93333181501028,100.0,50.03333409249486,49.966665907505146
2024-04-11,3.4386721329860808,58.6206303219576,58.3241951093887,1.7193360664930404
2024-04-12,4.714724193930231,52.33735296874013,52.227153222825386,2.357362096965116
2024-04-13,3.222021716874913,47.56386185883337,47.64235475879484,1.6110108584374565
2024-04-14,3.633516573661989,46.10782701644969,46.249249766882585,1.8167582868309944
2024-04-15,99.26663478122238,72.36024844720497,50.16398228494406,49.63331739061119
2024-04-16,59.877236770095685,47.01235358853405,48.80107879069305,29.93861838504784
2024-04-17,94.46299756783743,28.009129344857257,48.78236495697102,47.23149878391872
2024-04-18,95.76117795679995,53.932968536251714,50.16671153726677,47.88058897839999
2024-04-19,90.5882157965172,30.01408698714562,48.11896899613436,45.2941078982586
2024-04-20,87.91742625124296,24.19031290184312,46.88152552204176,43.95871312562148
2024-04-21,94.31648015707816,37.27633832586276,49.27684816400416,47.15824007853907
2024-04-22,99.87825734079247,98.46938775510203,50.05900792155467,49.93912867039624
2024-04-23,93.36943803005045,32.730509745127435,48.85493574675628,46.684719015025216
2024-04-24,97.1766971394258,42.38357169050239,49.78496516166437,48.588348569712906
2024-04-25,47.08521295460909,55.34618583556957,52.80206162046687,23.542606477304545
2024-04-26,80.73427573259731,73.24470831182241,54.47826141011773,40.367137866298656
2024-04-27,81.02271761812105,61.96221882507098,52.270104045572,40.511358809060525
2024-04-28,89.76355277850864,22.41853875733657,47.17663827697866,44.88177638925432
2024-04-29,13.106640925037883,51.571526181750414,51.36555188806543,6.553320462518943
2024-04-30,70.75481476874599,30.15098887077337,44.19511992868545,35.377407384372994
2024-05-01,93.6643917190526,40.51588858375833,49.39912385173832,46.8321958595263
2024-05-02,98.61577007495757,63.50037397157816,50.18687621650722,49.307885037478776
2024-05-03,97.1413779535712,23.17444219066937,49.233158690384975,48.5706889767856
2024-05-04,92.84745446827016,27.513028372900983,48.39160911566457,46.42372723413508
2024-05-05,77.77310236324931,29.380111723507635,45.416838539971685,38.886551181624654
2024-05-06,99.35858018058308,38.1859264041317,49.9242221904756,49.67929009029154
2024-05-07,99.8422291652432,100.0,50.0788854173784,49.921114582621605
2024-05-08,97.83708452661244,75.36620392532312,50.548649549711854,48.91854226330622
2024-05-09,63.746947034943744,37.37325212318778,45.42241840445515,31.873473517471872
2024-05-10,48.27875159970216,36.06527135575616,42.792784384003184,24.13937579985108
2024-05-11,35.24689513183237,38.289593456326365,42.41714817028625,17.623447565916184
2024-05-12,56.82789968522029,27.82164711759225,40.42513924544108,28.413949842610144
2024-05-13,95.31754775434467,26.35442926009464,48.89280744189129,47.65877387717234
2024-05-14,73.35086388747291,46.31468449904747,49.01789525597511,36.675431943736456
2024-05-15,97.39252688639591,72.20678154530295,50.579035858190565,48.69626344319796
2024-05-16,99.50826019350738,47.78947368421053,49.98912996217227,49.75413009675369
2024-05-17,86.0294909943886,44.893932650942,49.2857261266339,43.0147454971943
2024-05-18,75.61346164608149,31.09207271985517,45.38901106189646,37.806730823040745
2024-05-19,71.86241155043051,19.67167214370975,41.46633992416091,35.931205775215254
2024-05-20,51.720726289196506,22.65031254698945,36.79576953551176,25.860363144598253
2024-05-21,99.48012422360247,100.0,50.25993788819876,49.74006211180125
2024-05-22,76.9370938151062,29.615280898876406,45.29856857074744,38.4685469075531
2024-05-23,95.3094453096524,31.5334010331582,49.13381407601312,47.6547226548262
2024-05-24,89.42662835764934,27.12667998902864,47.58151886829584,44.71331417882467
2024-05-25,89.38232100075439,16.993285446595877,46.49545300052226,44.6911605003772
2024-05-26,27.578745839225384,31.688777894697605,36.73878329917501,13.789372919612692
2024-05-27,87.9415475842693,15.378006872852234,45.82512343338534,43.97077379213465
2024-05-28,92.35807498332,25.96730023589382,48.16343910454318,46.17903749166
2024-05-29,50.2531364655471,18.319401304955075,34.23989580027833,25.12656823277355
2024-05-30,84.83378253240552,34.63918370692128,47.670345196194,42.41689126620276
2024-05-31,98.8635257823742,23.519766806339952,49.69905897698686,49.4317628911871
2024-06-01,96.10013606343828,29.387711751898465,49.19614880411214,48.05006803171914
2024-06-02,81.8546164398891,14.279025147895204,43.51829210167482,40.92730821994455
2024-06-03,91.15383181364363,18.06495422296111,47.174972140173246,45.576915906821824
2024-06-04,60.41739231394404,28.55152473836936,41.51013418254797,30.20869615697202
2024-06-05,44.296683684057605,26.888887233059627,37.12634375129706,22.148341842028803
2024-06-06,37.84077724713213,25.54752324824281,34.800530507282026,18.920388623566065
2024-06-07,51.15743189289529,22.930715268459227,36.7786661688911,25.578715946447645
2024-06-08,84.86823568409713,13.735315862975437,44.51251346647883,42.434117842048565
2024-06-09,89.10560719789234,23.321736154679748,47.09356514390814,44.55280359894617
2024-06-10,75.3679222009615,16.133077479843124,41.65787329669487,37.68396110048075
2024-06-11,93.51886946814216,13.703182922152626,47.647555906275045,46.759434734071085
2024-06-12,89.63206544374064,21.52007514439315,47.04722002929884,44.81603272187032
2024-06-13,63.91803445223272,20.823756550519445,39.47224934642758,31.95901722611636
2024-06-14,96.85635778963562,23.94941377947569,49.18106277552423,48.42817889481781
2024-06-15,99.54694540153724,25.41133455210237,49.88859992048768,49.773472700768615
2024-06-16,57.80949043886074,18.27639415800129,36.61564904409341,28.90474521943037
2024-06-17,45.38294878659213,24.39233835269264,36.01385032353393,22.691474393296065
2024-06-18,20.69130164002491,15.491191791220585,22.63151339007681,10.345650820012455
2024-06-19,7.560758318640858,20.54923157452525,22.775932998157987,3.780379159320429
2024-06-20,85.77610672632736,17.44170805237173,45.3689433016386,42.88805336316368
2024-06-21,81.7045727689413,26.39846873478079,45.68199902195625,40.85228638447065
2024-06-22,25.63777363550692,15.882515499256092,24.62947894568597,12.81888681775346
2024-06-23,98.35080875593212,24.808537350910232,49.58454460373858,49.17540437796606
2024-06-24,89.33764805081533,27.472506120545603,47.598039317241536,44.66882402540767
2024-06-25,62.2294841303577,16.987543712292144,37.53102495889258,31.11474206517885
2024-06-26,89.66938125257666,17.39662294950467,46.63186941812841,44.83469062628833
2024-06-27,66.0882348672247,11.197187404463468,36.84128132769071,33.04411743361235
2024-06-28,22.0681953111053,14.418364302761676,22.270589163314195,11.03409765555265
2024-06-29,22.790836678192075,21.673834740067736,28.12960480165368,11.395418339096038
2024-06-30,78.76254527071265,20.102826258743647,43.65060126136429,39.381272635356325
2024-07-01,98.98576593515362,51.796651694569206,50.01822225351296,49.49288296757681
2024-07-02,47.22686215962169,11.547293259098486,29.7073000682676,23.613431079810844
2024-07-03,97.32928899747402,18.3114970152725,49.15369166425111,48.66464449873701
2024-07-04,26.35067094933673,14.896904019531007,24.146805334374243,13.175335474668367
2024-07-05,14.021411711462967,15.251667238107196,20.12387403752136,7.010705855731484
2024-07-06,81.94517528412976,15.35954837007034,43.74572717743038,40.97258764206488
2024-07-07,97.17148579322458,52.93256205608845,50.08294793437896,48.58574289661229
2024-07-08,61.740605980143634,17.54231866141818,37.58188780696259,30.870302990071817
2024-07-09,3.6986961415926265,13.08625467720543,14.451581951176962,1.8493480707963128
2024-07-10,5.380298889341164,12.020833653417732,14.064226318543932,2.690149444670582
2024-07-11,20.02661274920909,17.342978992916304,23.88307412543282,10.013306374604545
2024-07-12,63.47438106315529,15.750127717545553,37.490022163754695,31.73719053157765
2024-07-13,74.55805267510523,16.181801888406422,41.39599185021981,37.279026337552615
2024-07-14,6.885823999867085,12.574187864526992,15.151263418696562,3.4429119999335427
2024-07-15,12.460021432665709,11.7175786217237,16.487576530400325,6.230010716332854
2024-07-16,50.20769605657463,18.201885912301748,34.16698638517612,25.10384802828732
2024-07-17,50.29147837916867,16.85739675334699,33.52530189943115,25.145739189584337
2024-07-18,13.333347176597131,16.97889886935125,21.38171692463589,6.666673588298567
2024-07-19,10.656360713885208,15.433266700757752,19.11682248813168,5.328180356942604
2024-07-20,47.45050541920551,10.680795642907883,29.33795683715837,23.72525270960276
2024-07-21,5.014027648276707,11.402829883429092,13.338102664526351,2.5070138241383537
2024-07-22,46.41897820211528,11.721895323629608,29.490200389536845,23.20948910105764
2024-07-23,75.49787749146022,20.74190000845952,42.83114449640168,37.74893874573011
2024-07-24,45.36084185711588,13.935867587799422,30.2948616584386,22.68042092855794
2024-07-25,12.835248246681257,10.53863889709315,15.603602556170562,6.417624123340628
2024-07-26,29.685563832679858,15.271443457520451,25.58081127810653,14.842781916339929
2024-07-27,20.828316129514445,16.02618060526916,23.10235511007399,10.414158064757222
2024-07-28,32.874242053231626,14.009428858489835,25.841056331890417,16.437121026615813
2024-07-29,1.7215346560357558,9.26775147928994,9.968971253756576,0.8607673280178779
2024-07-30,0.7507585464982254,7.0150952713759,7.337808117330165,0.3753792732491127
2024-07-31,0.1084136916938912,6.014757769244044,6.0624437941469065,0.0542068458469456
2024-08-01,38.102171613465245,8.554157116624445,24.34592329869537,19.051085806732623
2024-08-02,56.96447418349511,12.18663724361229,33.72682050888612,28.48223709174756
2024-08-03,51.24893995094227,11.87856465394414,31.415396162881592,25.624469975471136
2024-08-04,79.9908431548439,16.82887434771805,43.3627374409311,39.99542157742195
2024-08-05,68.36903278766685,14.733599842715774,38.84489652927922,34.18451639383343
2024-08-06,4.829743093469453,10.140961857379768,12.066050999196325,2.4148715467347266
2024-08-07,17.5859055345314,9.505901674030117,16.62715555269544,8.7929527672657
2024-08-08,40.4629936939927,5.1585974301084265,23.30277132426153,20.23149684699635
2024-08-09,26.05737892092753,13.951020385244911,23.344439600589567,13.028689460463765
2024-08-10,1.18569686950273,7.232964815671108,7.740052213030828,0.5928484347513651
2024-08-11,0.1156828089530602,7.443048081641479,7.492279159025441,0.0578414044765301
2024-08-12,2.3343329705840814,6.932642663332397,7.937978185201492,1.1671664852920407
2024-08-13,10.772983464983756,9.326192210064423,13.707974797853458,5.386491732491878
2024-08-14,11.463928995458431,11.747026084183974,16.13231985254436,5.731964497729216
2024-08-15,2.1459708789280323,6.0578469949530325,7.0008328020153385,1.072985439464016
2024-08-16,19.5249838090968,9.551187804689311,17.4488118367957,9.762491904548398
2024-08-17,17.36900678531979,12.67947152326534,19.16167664670659,8.684503392659895
2024-08-18,94.9317880095188,15.859588901148298,48.26969159108843,47.465894004759406
2024-08-19,98.11671636845594,29.60193534198373,49.6158465871438,49.05835818422797
2024-08-20,56.94738195360256,10.265906978312278,32.89343269717253,28.47369097680128
2024-08-21,32.22562753280061,12.97979627889034,24.90978924193913,16.112813766400304
2024-08-22,52.47693785303703,14.36883710982003,33.06698031601417,26.238468926518514
2024-08-23,3.128141225337487,9.634292231764991,10.89698857736241,1.5640706126687436
2024-08-24,5.550202271084788,12.93210731608642,14.989450337672263,2.775101135542394
2024-08-25,39.72143356360552,7.740501560279783,24.52658015732616,19.86071678180276
2024-08-27,12.06810984789493,9.696829437630178,14.56066033328142,6.034054923947465
2024-09-04,51.62383308381061,10.033176736849324,30.665582867119817,25.811916541905305
2024-09-05,99.50124120339794,49.97924449979244,49.99989648011693,49.75062060169897
2024-09-10,48.28928808496515,13.425489496042712,31.087060238964487,24.14464404248257
2024-09-11,68.11988027725268,13.937128181788626,38.50311328889331,34.05994013862634
2024-09-12,99.542638740507,26.6183793571752,49.893061525338105,49.7713193702535
2024-09-13,94.78064934338738,15.939211173716371,48.22224799474793,47.39032467169369
2024-09-14,98.90676439530408,95.89015151515152,50.50168747541255,49.45338219765203
2024-09-15,60.2157960199005,51.16689853531958,50.46424129353234,30.10789800995025
2024-09-16,98.07211303534012,62.64633229513479,50.24380699182548,49.036056517670055
2024-09-17,50.70812833425981,34.40608641497366,42.31346812800239,25.354064167129906
2024-09-18,16.64369142871379,23.385777155680195,27.81536628203904,8.321845714356895
2024-09-19,77.74186128913948,24.06207525740565,44.22670073207474,38.87093064456974
2024-09-20,60.29903294297184,26.134755291868828,40.52526706034569,30.14951647148592
2024-09-21,41.57441216949779,17.658010396051914,31.10400245781342,20.78720608474889
2024-09-22,89.35180294113381,29.54302278077155,47.82170075340919,44.675901470566906
2024-10-08,98.60650985588867,62.43684992570579,50.17330627795262,49.30325492794434
2024-10-09,95.4217171821747,26.638324815702592,48.93043643908116,47.71085859108735
2024-10-10,92.2750452581475,98.28127094784824,53.72970632951245,46.13752262907375
2024-10-12,72.10585440873498,26.190723870948567,43.35860585233608,36.05292720436749
2024-10-13,99.85465838509316,26.923076923076923,49.96645962732919,49.92732919254658
2024-10-14,93.25896444043173,39.57238964150769,49.29707107772081,46.629482220215856
2024-10-15,55.8009720816814,19.03770008819832,36.31496441782924,27.9004860408407
2024-10-16,92.1547592913976,31.65883533076396,48.56109148293729,46.077379645698805
2024-10-17,75.67541807648557,18.36759031321073,42.30554859135523,37.83770903824279
2024-10-18,82.0659457197835,91.07571837752934,57.36654162981497,41.03297285989175
2024-10-19,98.60928797697674,37.412535358046746,49.82494461583056,49.30464398848837
2024-10-20,66.48272144944961,14.746666336805124,38.18404195775202,33.24136072472481
2024-10-21,5.635124836206342,9.111494999064732,11.415613299525909,2.817562418103171
2024-10-22,18.60795307119238,11.912819715026766,19.00006434859502,9.30397653559619
2024-10-23,98.49750619569063,96.98222405952872,50.70590500562116,49.24875309784533
2024-10-24,77.9956327716155,29.01461228486423,45.38229822286124,38.99781638580775
2024-10-25,64.24974239147787,16.447738515696134,38.00498008587642,32.12487119573893
2024-10-26,70.84071594208304,23.77388795315154,42.35265349091188,35.42035797104152
2024-10-27,22.80345321352232,9.08875847811886,18.41793429763214,11.40172660676116
2024-10-28,27.670343124539578,11.65188651367224,22.26294109712697,13.835171562269789
2024-10-29,1.16363832716866,6.925346288327057,7.426579468211261,0.5818191635843301
2024-10-30,3.715765053822621,6.50714627759395,8.123238537121305,1.8578825269113104
2024-10-31,1.0953157288086313,5.445256608662603,5.9332717209582455,0.5476578644043156
2024-11-01,0.8396851440320671,5.802109972415787,6.173233088953042,0.4198425720160335
2024-11-02,0.2766418339775156,5.1587293322809,5.2827790458349,0.1383209169887578
2024-11-03,1.6122902080836738,4.612159771682365,5.343943475344193,0.8061451040418369
2024-11-04,0.462523546747693,4.96680312647362,5.175092265866925,0.2312617733738465
2024-11-05,71.43141342595088,33.79587987813724,45.37071191442272,35.71570671297544
2024-11-06,1.5676272918345475,6.301166382526207,6.986201224527094,0.7838136459172739
2024-11-07,1.585290629692475,5.902848122636413,6.601916139309518,0.7926453148462375
2024-11-08,1.5205698502689344,5.101980565490249,5.784686312379291,0.7602849251344672
2024-11-09,8.991502604442395,7.114358516950409,10.970422087830642,4.495751302221198
2024-11-10,2.858584683883937,4.241855453676724,5.549890765307394,1.4292923419419683
2024-11-11,0.940621819767804,4.60477900708863,5.0317763608797685,0.470310909883902
2024-11-12,11.648747752349392,10.42790802609562,15.037561200463442,5.824373876174696
2024-11-13,27.123565747305843,10.49281273230098,21.208570645766567,13.561782873652922
2024-11-14,6.973605528055546,20.44394348592728,22.50506627686788,3.486802764027773
2024-11-15,4.551788298961472,8.155508367636436,10.060181041518272,2.275894149480736
2024-11-16,1.4685632753260185,6.1590995320602,6.802930895904597,0.7342816376630092
2024-11-17,1.2764304806448197,6.50253601008093,7.05775089875576,0.6382152403224097
2024-11-18,18.616940681255407,14.497835972588136,21.1072527901334,9.308470340627704
2024-11-19,53.542084344918095,9.892002856122811,31.36666051595488,26.771042172459047
2024-11-20,46.88389205511726,41.80765371264803,45.64854450279153,23.44194602755863
2024-11-21,91.16726625782628,25.76031139353296,47.85897284545874,45.583633128913135
2024-11-22,40.191970446927954,54.79245754419082,52.86627442434808,20.095985223463977
2024-11-23,17.99749593556706,50.7988595678309,50.65508484957965,8.99874796778353
2024-11-24,80.69934154520429,65.11166199843319,52.91665026916075,40.34967077260215
2024-11-25,14.93404975801981,46.52287776316079,47.04215292815753,7.467024879009905
2024-11-26,87.62893856715367,60.54772506612207,51.30486554769769,43.814469283576834
2024-11-27,38.87334053928453,43.96204129841567,46.30919754610391,19.436670269642267
2024-11-28,82.57231503382226,71.7579387716296,53.79190502425345,41.28615751691113
2024-11-29,6.90395463803653,34.180224583784025,35.27241470235883,3.451977319018265
2024-11-30,7.988521976014086,35.250551741879576,36.42881465732036,3.994260988007043
2024-12-01,6.244976875455586,28.133001958126226,29.498590929197565,3.122488437727793
2024-12-02,43.54242318037499,22.24075169244671,34.32780106221265,21.77121159018749
2024-12-03,86.28736560810391,78.2642193519148,53.875769063451614,43.14368280405196
2024-12-04,82.96289850748742,57.14789503125228,51.21779413105272,41.48144925374371
2024-12-05,9.85201319775663,51.79845675457791,51.62127255776095,4.926006598878315
2024-12-06,34.44408710356776,52.6804874188954,51.757217997530894,17.22204355178388
2024-12-07,93.2300803393348,32.086150457368376,48.78724677783139,46.6150401696674
2024-12-08,99.3424430641822,100.0,50.3287784679089,49.671221532091096
2024-12-09,76.63989026995331,64.27602110958357,53.33489419628336,38.319945134976656
2024-12-10,79.75311557455835,86.71461750171375,57.43356617281496,39.876557787279175
2024-12-11,7.76474839116955,65.26142076551943,64.07640984215914,3.882374195584775
2024-12-12,9.896382740147017,58.99391824779164,58.103845674654266,4.948191370073508
2024-12-13,5.179857907995323,52.15505818295709,52.04342923124528,2.5899289539976613
2024-12-14,88.81681445263942,59.18968487745234,51.02769951106323,44.40840722631971
2024-12-15,41.59188151626331,40.40231517647894,44.3941728765822,20.795940758131653
2024-12-16,38.9656917861929,49.5277199017032,49.71174710917306,19.48284589309645
2024-12-19,95.52317321194096,87.4121021465581,51.67487501087312,47.761586605970486
2024-12-20,76.241136221409,71.49996511303377,55.10814742365028,38.1205681107045
2024-12-21,7.374960806829059,60.47543894259223,59.70287942623275,3.6874804034145297
2024-12-22,89.56208870080722,71.01863427993094,52.19390640244092,44.78104435040361
2024-12-23,23.96566609111436,60.74524532174597,58.17007570726525,11.98283304555718
2024-12-24,40.82613629526976,43.82156404916665,46.34398073136982,20.41306814763488
2024-12-26,3.7777934695471216,53.38802697125886,53.26003430959215,1.8888967347735608
2024-12-27,23.4766292288756,60.049040881867896,57.68986481297363,11.7383146144378
2025-01-01,36.37635057882691,57.93514384394864,55.04862810033968,18.18817528941345
2025-01-02,99.07960914965824,58.49268841394826,50.07816592711002,49.53980457482912
2025-01-03,19.09321446507208,44.1167870480568,45.24008151440821,9.546607232536036
2025-01-04,24.64486557515896,54.58677685950413,53.45637186824684,12.32243278757948
2025-01-05,94.86264140160227,80.29826682789198,51.55653061604819,47.431320700801145
2025-01-06,92.67621909422444,92.18436307083276,53.08949032780469,46.33810954711222
2025-01-07,83.07942458858498,92.7298322928143,57.230133496276814,41.53971229429249
2025-01-08,59.452407401266704,67.4469835980107,57.0743318300892,29.726203700633352
2025-01-09,70.00329524800368,79.10223990935346,58.7297129818264,35.00164762400184
2025-01-10,24.14872952758847,52.22145919458937,51.68500502212224,12.074364763794234
2025-01-11,18.909819306493965,64.67352350917432,61.89878672769353,9.454909653246984
2025-01-12,36.90879096936182,49.03929010741796,49.39387651349305,18.45439548468091
2025-01-13,5.845472028044642,55.12747837863472,54.82775306426759,2.922736014022321
2025-01-14,16.88084936762471,53.60733330835612,52.99838480638438,8.440424683812354
2025-01-15,42.58024760517618,41.4319783197832,45.08026316608469,21.29012380258809
2025-01-16,17.227576413139616,58.50005016554631,57.03569752812161,8.613788206569808
2025-01-17,2.9858526616601315,51.87111856090528,51.81524971755167,1.4929263308300658
2025-01-18,8.765925633650722,51.38781400515337,51.26615926152823,4.382962816825361
2025-01-19,58.66692645232968,66.54246756698477,56.83751028606133,29.33346322616484
2025-01-20,89.0516135848994,79.37970707338303,53.216603858018615,44.5258067924497
2025-01-21,27.744767399628508,66.0652992523359,61.60801934272106,13.872383699814254
2025-01-22,63.97052273052165,72.71744505652478,58.18497670284684,31.985261365260826
2025-01-23,90.77748433535292,75.2829934417393,52.3317280306561,45.388742167676455
2025-01-24,9.71401756218296,56.85318062646613,56.18746145684308,4.85700878109148
2025-01-25,57.4977719745487,68.29701222515348,57.77663785777944,28.74888598727435
2025-01-26,96.3147736262462,98.08373138522056,51.77199435049309,48.1573868131231
2025-01-27,78.0518829422708,72.64687004455183,54.97056154729004,39.0259414711354
2025-01-28,85.86229184880112,79.9745028794162,54.23770773686457,42.93114592440056
2025-01-29,14.173893725383536,70.25705659793117,67.38584292384961,7.086946862691768
2025-01-30,69.22503123620788,72.36608224933345,56.883154825916414,34.61251561810394
2025-01-31,71.61513964200097,56.27805800296366,51.782017997335416,35.807569821000484
2025-02-01,82.51234690664413,85.26446721554225,56.16692769187425,41.25617345332206
2025-02-02,13.527404727738656,66.86967610548486,64.5876467424373,6.763702363869328
2025-02-03,1.4457235783164308,60.59979600782251,60.44655225768397,0.7228617891582154
2025-02-04,0.6980429459447671,56.82265000167319,56.77502497461001,0.3490214729723835
2025-02-05,6.597178956812122,59.14905159897456,58.54547229213912,3.298589478406061
2025-02-06,1.6272066458982346,57.12792796596751,57.01194184839045,0.8136033229491173
2025-02-07,57.56609368196239,80.00107502712001,62.73062807141228,28.7830468409812
2025-02-08,51.426622264431074,63.96099876627008,56.78132866639848,25.713311132215537
2025-02-09,79.03797583751339,81.68681367558538,56.64219753899832,39.51898791875669
2025-02-10,74.61994459489419,85.7573209460287,59.075227867483584,37.309972297447096
2025-02-11,96.61709321368896,99.92655609278414,51.688968854234176,48.30854660684449
2025-02-12,99.25981904387254,82.23776223776224,50.23861777676556,49.62990952193627
2025-02-13,87.88727318668437,90.80945215785516,54.94313745389173,43.94363659334218
2025-02-14,84.39253304603655,77.54841964131633,54.29961049185762,42.196266523018274
2025-02-15,6.962184341730122,68.48374605229385,67.1968735788759,3.481092170865061
2025-02-16,30.725379353853302,59.13814537992601,56.33041554603713,15.362689676926651
2025-02-17,33.25102095023075,67.91236873029789,61.95632325110395,16.625510475115377
2025-02-18,7.212776384205193,60.87534492134786,60.09093061116002,3.606388192102597
2025-02-19,31.409063080451183,67.85253947026038,62.24522408658386,15.704531540225592
2025-02-20,7.410883944053912,58.70440440597602,58.059331097428014,3.705441972026956
2025-02-21,11.618487269345112,56.24945678855744,55.52336444717567,5.809243634672557
2025-02-22,59.78626295956987,66.68625268019133,56.71016577471386,29.89313147978493
2025-02-23,70.24593153876127,54.58237264995368,51.36344229541629,35.122965769380635
2025-02-24,60.54765661772482,51.914142157378016,50.755173936753664,30.27382830886241
2025-02-25,85.04621592844093,78.27032568190948,54.227483458799256,42.52310796422047
2025-02-26,100.0,-1.0,50.0,50.0
2025-02-27,31.448983953668368,65.37615139893268,60.54050801279058,15.724491976834184
2025-02-28,19.245534518591725,62.11418066821787,59.78274184607143,9.622767259295864
2025-03-01,67.14341993406457,64.15526554927303,54.65093615874267,33.571709967032284
2025-03-02,7.80594879377335,58.491645530843286,57.82879202895691,3.902974396886675
2025-03-03,1.1277328830709226,54.33751971886311,54.2886040826838,0.5638664415354613
2025-03-04,11.839760762569307,56.476286046763626,55.70950927252716,5.919880381284655
2025-03-05,1.5842159916926273,53.69762298679812,53.63904465212877,0.7921079958463136
2025-03-06,6.613931871185328,53.69673168312649,53.45223236814397,3.306965935592664
2025-03-07,7.628174512531927,54.704328571268,54.345474178208775,3.8140872562659633
2025-03-08,1.8003052420652637,52.224818413456966,52.18476489093307,0.9001526210326318
2025-03-09,21.56769122818672,55.28704904581668,54.146754632532144,10.78384561409336
2025-03-10,95.64816770404973,74.7823190750345,51.07848496519279,47.82408385202486
2025-03-11,89.50701424392831,43.103073855447846,49.27630652204536,44.75350712196416
2025-03-12,95.5315002619758,83.44533531074757,51.494504720742064,47.765750130987904
2025-03-13,90.96253394564968,62.19028627747599,51.101692984255024,45.481266972824834
2025-03-14,96.26721172623596,66.51872399445215,50.61660899224035,48.13360586311798
2025-03-15,95.44412625249255,97.14571402599763,52.14789920838536,47.722063126246276
2025-03-16,91.75421081846878,78.50845243776845,52.35074688693548,45.87710540923439
