,cloudPercent,SCA_cloudFree,SCA,SCA_error
2012-01-19,45.50524783574657,83.32675499281258,23.393549850706993,22.752623917873287
2012-01-20,34.665594116295104,73.32337893908611,25.844780211935735,17.332797058147552
2012-01-21,20.672642304451085,66.89569731515142,27.46280864841592,10.336321152225542
2012-01-22,10.837355397226691,70.56736809132093,30.425681287306684,5.418677698613346
2012-01-23,3.1571286294338465,67.74146617976001,30.786849445055335,1.5785643147169233
2012-01-24,2.745728951198958,67.41372738221635,30.717177372272804,1.372864475599479
2012-01-25,1.419597027503256,61.824386880621574,28.441017601114783,0.709798513751628
2012-01-26,0.49260706351030414,61.290373611232816,28.306147526497067,0.24630353175515207
2012-01-27,0.08886845935800199,66.59220984772925,30.80041341362297,0.04443422967900099
2012-01-28,0.07737684823412243,65.47572397001504,30.2865366667883,0.038688424117061214
2012-01-29,0.03753926300467326,62.91284230360499,29.107705290350662,0.01876963150233663
2012-01-30,0.02374932965601777,69.25638117397733,32.043415213776036,0.011874664828008885
2012-01-31,0.02374932965601777,69.25638117397733,32.043415213776036,0.011874664828008885
2012-02-01,0.009193288899103655,68.83319579388859,31.850430506342846,0.004596644449551828
2012-02-02,0.006128859266069103,69.79982974408058,32.29825264356089,0.0030644296330345515
2012-02-03,0.01378993334865548,75.86175889857311,35.101022365214426,0.00689496667432774
2012-02-04,0.01378993334865548,74.40547008422462,34.42733398885942,0.00689496667432774
2012-02-05,0.01072550371562093,70.19119185157813,32.47840108429556,0.005362751857810465
2012-02-06,0.011491611123879567,69.4104807307401,32.11706657386963,0.005745805561939783
2012-02-07,0.007661074082586379,72.17228150499956,33.39560579675119,0.0038305370412931895
2012-02-08,0.008427181490845016,74.27231643129849,34.36703793459394,0.004213590745422508
2012-02-09,0.007661074082586379,71.90868378720398,33.27364767698478,0.0038305370412931895
2012-02-10,0.007661074082586379,68.01775933951886,31.47344305548321,0.0038305370412931895
2012-02-11,0.007661074082586379,67.38877038482264,31.182430254196035,0.0038305370412931895
2012-02-12,0.004596644449551828,67.23163535665275,31.110257021377453,0.002298322224775914
2012-02-13,0.004596644449551828,67.22581243384414,31.10756276529879,0.002298322224775914
2012-02-14,0.002298322224775914,65.64356698297122,30.37582013486922,0.001149161112387957
2012-02-15,0.0007661074082586379,64.70603302340866,29.94222861140662,0.00038305370412931893
2012-02-16,0.011491611123879567,62.14476714187563,28.75573472302493,0.005745805561939783
2012-02-17,0.012257718532138206,63.160076228365,29.22534561500076,0.006128859266069103
2012-02-18,0.012257718532138206,63.160076228365,29.22534561500076,0.006128859266069103
2012-02-19,0.012257718532138206,63.91692860103062,29.575481885404393,0.006128859266069103
2012-02-20,0.004596644449551828,64.50364275949183,29.84801967442173,0.002298322224775914
2012-02-21,0.009193288899103655,65.54434668137881,30.328837018987713,0.004596644449551828
2012-02-22,0.009193288899103655,63.55366106211054,29.407841810624802,0.004596644449551828
2012-02-23,0.009193288899103655,62.24602981912777,28.802863255781247,0.004596644449551828
2012-02-24,0.013023825940396843,63.6467725337847,29.450397299108168,0.0065119129701984215
2012-02-25,0.013023825940396843,62.82976900064901,29.072440060554584,0.0065119129701984215
2012-02-26,0.012257718532138206,58.41012053254413,27.02791341820432,0.006128859266069103
2012-02-27,0.01378993334865548,53.21660710290189,24.625232538892423,0.00689496667432774
2012-02-28,0.016854362981690033,53.95291345130077,24.965731358228307,0.008427181490845016
2012-02-29,0.01838657779820731,52.18340271300161,24.14716531836062,0.009193288899103655
2012-03-01,0.016088255573431395,51.39459310328463,23.782325336470002,0.008044127786715698
2012-03-02,0.016854362981690033,48.32032068064808,22.360231078660316,0.008427181490845016
2012-03-03,0.019152685206465948,41.10994788752589,19.0250924967835,0.009576342603232974
2012-03-04,0.019152685206465948,42.204085750663985,19.53118888659955,0.009576342603232974
2012-03-05,0.019152685206465948,48.407028820427044,22.40037676465888,0.009576342603232974
2012-03-06,0.017620470389948673,59.10516968518446,27.34896989520993,0.008810235194974337
2012-03-07,0.009193288899103655,65.3602097586991,30.243645654852052,0.004596644449551828
2012-03-08,0.009193288899103655,63.84305593131266,29.541731002006983,0.004596644449551828
2012-03-09,0.012257718532138206,52.04640484312172,24.083920959601222,0.006128859266069103
2012-03-10,0.012257718532138206,52.04640484312172,24.083920959601222,0.006128859266069103
2012-03-11,0.016088255573431395,50.96510280070152,23.583650288892656,0.008044127786715698
2012-03-12,0.016854362981690033,48.82882851919262,22.59545442418486,0.008427181490845016
2012-03-13,0.017620470389948673,43.76724820484048,20.25413835409533,0.008810235194974337
2012-03-14,0.020684900022983222,40.60693099884372,18.792564613921627,0.010342450011491611
2012-03-15,0.026047651880793686,41.06988686197566,19.007177890781787,0.013023825940396843
2012-03-16,0.01838657779820731,40.91556929415173,18.93511256295329,0.009193288899103655
2012-03-17,0.019918792614724585,42.19337548961388,19.526294633884376,0.009959396307362292
2012-03-18,0.022217114839500497,41.78741296173373,19.338707444562555,0.011108557419750248
2012-03-19,0.020684900022983222,43.9157747976299,20.3230284486854,0.010342450011491611
2012-03-20,0.016854362981690033,47.82455672545144,22.130902743298535,0.008427181490845016
2012-03-21,0.017620470389948673,46.306426585491835,21.42868099904552,0.008810235194974337
2012-03-22,0.01838657779820731,41.516935930888835,19.213280913469745,0.009193288899103655
2012-03-23,0.022983222247759134,41.92941507150255,19.404448377359625,0.011491611123879567
2012-03-24,0.022983222247759134,41.92941507150255,19.404448377359625,0.011491611123879567
2012-03-25,0.022983222247759134,41.92941507150255,19.404448377359625,0.011491611123879567
2012-03-26,0.022983222247759134,41.92941507150255,19.404448377359625,0.011491611123879567
2012-03-27,0.03753926300467326,35.75836036891815,16.55231995208241,0.01876963150233663
2012-03-28,0.03753926300467326,35.75836036891815,16.55231995208241,0.01876963150233663
2012-03-29,0.022983222247759134,33.16119550858696,15.349020878299333,0.011491611123879567
2012-03-30,0.02757986669731096,30.014884600509916,13.89472553278466,0.01378993334865548
2012-03-31,0.054393625986363284,29.246434760163236,13.544906577150142,0.027196812993181642
2012-04-01,0.06205470006894967,29.413632192476015,13.623762410804762,0.031027350034474835
2012-04-02,0.06435302229372558,30.296886362989262,14.032387892766307,0.03217651114686279
2012-04-03,0.05975637784417376,27.722599329301705,12.841784125800936,0.02987818892208688
2012-04-04,0.05975637784417376,27.70953143021816,12.835744840239641,0.02987818892208688
2012-04-05,0.0505630889450701,27.550665066832313,12.760261453094266,0.02528154447253505
2012-04-06,0.05745805561939783,30.50177088554108,14.125720770796265,0.028729027809698916
2012-04-07,0.05745805561939783,31.094492545581993,14.399658712919058,0.028729027809698916
2012-04-08,0.04060369263770781,33.39822405470946,15.461575296695482,0.020301846318853903
2012-04-09,0.03907147782119053,31.872144376632228,14.755732668920029,0.019535738910595266
2012-04-10,0.051329196353328735,30.30441054433033,14.033299702690341,0.025664598176664367
2012-04-11,0.051329196353328735,30.419546974621543,14.086519319036164,0.025664598176664367
2012-04-12,0.04749865931203554,51.46760237946653,23.815637229579483,0.02374932965601777
2012-04-13,0.04749865931203554,51.472591108961296,23.81794336562265,0.02374932965601777
2012-04-14,0.022983222247759134,52.84541544129301,24.453255351426808,0.011491611123879567
2012-04-15,0.01378993334865548,55.46077048516342,25.663396651927588,0.00689496667432774
2012-04-16,0.012257718532138206,55.125833998246186,25.508531462637663,0.006128859266069103
2012-04-17,0.06128859266069103,40.21196907738302,18.61385427630352,0.030644296330345516
2012-04-18,0.06128859266069103,44.83014485039382,20.74805789983495,0.030644296330345516
2012-04-19,0.05975637784417376,44.52313984259695,20.606097355893805,0.02987818892208688
2012-04-20,0.05975637784417376,45.10365462021725,20.874380305753355,0.02987818892208688
2012-04-21,0.05975637784417376,45.059452110881914,20.85395226489574,0.02987818892208688
2012-04-22,0.019152685206465948,47.5516827180405,22.004734141324843,0.009576342603232974
2012-04-23,0.01838657779820731,48.11967690259483,22.267446962574663,0.009193288899103655
2012-04-24,0.01838657779820731,48.13581667108045,22.27491257922696,0.009193288899103655
2012-04-25,0.01838657779820731,48.27952490676931,22.34138630828865,0.009193288899103655
2012-04-26,0.019152685206465948,47.806978755991786,22.122822005290097,0.009576342603232974
2012-04-27,0.04520033708725963,45.717974859250745,21.157663042455894,0.022600168543629815
2012-04-28,0.06205470006894967,40.95668887082422,18.958081892109004,0.031027350034474835
2012-04-29,0.0505630889450701,40.31915257941054,18.662348808942884,0.02528154447253505
2012-04-30,0.04443422967900099,38.828315209306936,17.97254158423671,0.022217114839500497
2012-05-01,0.04290201486248372,38.05990292474186,17.617121748996187,0.02145100743124186
2012-05-02,0.048264766720294186,35.37322422958946,16.375813811301605,0.024132383360147093
2012-05-03,0.06128859266069103,32.246138161602275,14.932594393504731,0.030644296330345516
2012-05-04,0.06588523711024286,30.50102657861983,14.127019988631224,0.03294261855512143
2012-05-05,0.06435302229372558,30.106175481075216,13.944260267122461,0.03217651114686279
2012-05-06,0.05899027043591512,30.084204979495066,13.933039649031182,0.02949513521795756
2012-05-07,0.060522485252432395,28.03964651346017,12.988474654343507,0.030261242626216198
2012-05-08,0.04520033708725963,27.09234432079073,12.547179448015589,0.022600168543629815
2012-05-09,0.04596644449551827,26.94947276924365,12.481307636878114,0.022983222247759134
2012-05-10,3.4045813223013868,26.692910672711378,13.145498317808807,1.7022906611506934
2012-05-11,0.8733624454148471,20.04799809919035,9.538684312833972,0.43668122270742354
2012-05-12,0.8664674787405193,20.006662048541646,9.517849278166796,0.43323373937025966
2012-05-13,0.8725963380065884,19.12878990398786,9.121117567456007,0.4362981690032942
2012-05-14,0.11568221864705433,17.754134440234335,8.252925412997463,0.057841109323527165
2012-05-15,0.08657013713322607,17.682891494157392,8.210632385591474,0.04328506856661304
2012-05-16,0.08657013713322607,19.507943958410834,9.05358487174313,0.04328506856661304
2012-05-17,0.0789090630506397,24.0752192502332,11.161124994789027,0.03945453152531985
2012-05-18,0.06205470006894967,24.82097644290811,11.501387573834826,0.031027350034474835
2012-05-19,0.07431241860108788,20.142784837305907,9.343144408287236,0.03715620930054394
2012-05-20,0.07431241860108788,20.142784837305907,9.343144408287236,0.03715620930054394
2012-05-21,0.04979698153681146,21.468406890109772,9.948588573726754,0.02489849076840573
2012-05-22,0.04979698153681146,21.496671220481343,9.961653653797462,0.02489849076840573
2012-05-23,0.05975637784417376,17.144232146370474,7.953027350016491,0.02987818892208688
2012-05-24,0.05592584080288056,17.035026289353045,7.90129549536796,0.02796292040144028
2012-05-25,0.07201409637631197,13.678763731092797,6.355924945183055,0.036007048188155984
2012-05-26,0.08120738527541561,13.31043515045357,6.189121258191591,0.04060369263770781
2012-05-27,0.06971577415153604,13.452535183455943,6.250561935565857,0.03485788707576802
2012-05-28,0.07201409637631197,13.161732762560366,6.117044200141657,0.036007048188155984
2012-05-29,0.07431241860108788,12.840088377622653,5.969290811403769,0.03715620930054394
2012-05-30,0.07967517045889834,12.720328945383583,5.915961041513363,0.03983758522944917
2012-05-31,0.0789090630506397,12.601826362992282,5.860932566169246,0.03945453152531985
2012-06-01,0.06971577415153604,12.049869311668964,5.60246432280753,0.03485788707576802
2012-06-02,0.06588523711024286,9.575328328027013,4.457561506422104,0.03294261855512143
2012-06-03,0.06435302229372558,9.480069118164973,4.412922769244425,0.03217651114686279
2012-06-04,0.06435302229372558,9.486901047728157,4.416079808449145,0.03217651114686279
2012-06-05,0.0727802037845706,11.245194361989205,5.2318542587028505,0.0363901018922853
2012-06-06,0.0727802037845706,11.230733195837855,5.225172962854466,0.0363901018922853
2012-06-07,0.06205470006894967,9.780391200205555,4.55077742731632,0.031027350034474835
2012-06-08,0.06205470006894967,9.855493763924198,4.585484098166487,0.031027350034474835
2012-06-09,0.05975637784417376,9.840645962278355,4.577699586520182,0.02987818892208688
2012-06-10,0.05975637784417376,9.922901549422575,4.615713729160863,0.02987818892208688
2012-06-11,0.05899027043591512,10.163337880930571,4.726525378588345,0.02949513521795756
2012-06-12,0.05899027043591512,10.22638104045048,4.755661045469816,0.02949513521795756
2012-06-13,0.06205470006894967,10.902325530633203,5.069249814857316,0.031027350034474835
2012-06-14,0.06358691488546694,10.584379932008712,4.922923566374271,0.03179345744273347
2012-06-15,0.06588523711024286,7.872520116712342,3.6707187877087386,0.03294261855512143
2012-06-16,0.0628208074772083,6.942678838273128,3.2397332990472316,0.03141040373860415
2012-06-17,0.06818355933501877,6.232773742329288,2.9140219315184734,0.034091779667509384
2012-06-18,0.0628208074772083,5.570899316319737,2.605812049033988,0.03141040373860415
2012-06-19,0.0689496667432774,5.207343521138241,2.4405523821871564,0.0344748333716387
2012-06-20,0.07048188155979469,5.226295403121719,2.4499952176685116,0.035240940779897346
2012-06-21,0.0689496667432774,4.315208589653565,2.0283372439989718,0.0344748333716387
2012-06-22,0.0689496667432774,4.315208589653565,2.0283372439989718,0.0344748333716387
2012-06-23,0.0727802037845706,4.441951759667304,2.088644639318594,0.0363901018922853
2012-06-24,0.07431241860108788,4.179999430680434,1.968320429534847,0.03715620930054394
2012-06-25,0.0505630889450701,4.54369956118724,2.125554713275058,0.02528154447253505
2012-06-26,0.048264766720294186,4.10270213696244,1.9206538285618378,0.024132383360147093
2012-06-27,0.060522485252432395,2.6876170004120428,1.272313800014216,0.030261242626216198
2012-06-28,0.05286141116984601,2.678303909246691,1.264384507443351,0.026430705584923005
2012-06-29,0.0628208074772083,2.4296781362630147,1.154203517807286,0.03141040373860415
2012-06-30,0.06435302229372558,2.1561687250375896,1.0285435161021783,0.03217651114686279
2012-07-01,0.04979698153681146,2.1191939461051126,1.0044878964693493,0.02489849076840573
2012-07-02,0.04979698153681146,3.3908985206040376,1.5923285377896712,0.02489849076840573
2012-07-03,0.04979698153681146,4.150777918175315,1.9435799222320078,0.02489849076840573
2012-07-04,0.04979698153681146,3.6666671305159744,1.719801537224717,0.02489849076840573
2012-07-05,0.05745805561939783,3.104902973598041,1.4637208433942313,0.028729027809698916
2012-07-06,0.060522485252432395,2.8563826059282516,1.3503069634368339,0.030261242626216198
2012-07-07,0.05975637784417376,2.7036649757916935,1.2793678541305304,0.02987818892208688
2012-07-08,0.05975637784417376,2.8335222501524595,1.339380956241454,0.02987818892208688
2012-07-09,0.06128859266069103,2.9486583079963142,1.393311625334817,0.030644296330345516
2012-07-10,0.06435302229372558,2.0219101930081482,0.9665025589662568,0.03217651114686279
2012-07-11,0.054393625986363284,2.3940661618757573,1.1337348166101764,0.027196812993181642
2012-07-12,0.05515973339462192,2.454363452928219,1.1619684908845436,0.02757986669731096
2012-07-13,0.054393625986363284,2.383554762547858,1.1288764451028483,0.027196812993181642
2012-07-14,0.05209530376158737,2.48307982097279,1.173784861093789,0.026047651880793686
2012-07-15,0.06205470006894967,2.2838689260887906,1.0864571936765643,0.031027350034474835
2012-07-16,0.07201409637631197,1.698503014788114,0.8207562998225816,0.036007048188155984
2012-07-17,0.07124798896805333,1.5640814212599978,0.758279218836813,0.035623994484026665
2012-07-18,0.0689496667432774,1.519143738620394,0.7364023378815078,0.0344748333716387
2012-07-19,0.06741745192676013,1.6214873255493725,0.7829494105047488,0.033708725963380065
2012-07-20,0.06358691488546694,1.6389304215443465,0.7891568535749134,0.031793457442733514
2012-07-21,0.0505630889450701,1.6797163579438052,0.8017112247981111,0.025281544472535094
2012-07-22,0.05745805561939783,1.934583592571143,0.9228347842567942,0.028729027809698916
2012-07-23,0.06741745192676013,1.3830200930375496,0.6727608510799568,0.033708725963380065
2012-07-24,0.07048188155979469,2.366301073755174,1.1285652168710223,0.035240940779897346
2012-07-25,0.07048188155979469,2.514711208461062,1.1971365431876704,0.035240940779897346
2012-07-26,0.06818355933501877,1.7483196224290354,0.841924472439764,0.034091779667509384
2012-07-27,0.07354631119282924,1.2252509179188726,0.602849780556313,0.03677315559641462
2012-07-28,0.05515973339462192,1.4815469123527518,0.7123398852542827,0.02757986669731096
2012-07-29,0.05899027043591512,1.4033360104993686,0.6780528984400093,0.02949513521795756
2012-07-30,0.056691948211139195,1.472267961015208,0.7087947717162758,0.028345974105569598
2012-07-31,0.051329196353328735,1.249994337502378,0.6034506117613267,0.025664598176664367
2012-08-01,0.06358691488546694,0.8432348308790971,0.4214592949038248,0.03179345744273349
2012-08-02,0.06588523711024286,1.0726948738436546,0.5286191987340372,0.03294261855512143
2012-08-03,0.0628208074772083,1.6213733978150153,0.7806729744595243,0.03141040373860415
2012-08-04,0.06358691488546694,2.8416039484593654,1.3449223057314064,0.03179345744273347
2012-08-05,0.07124798896805333,2.302544797211283,1.0994727202559966,0.035623994484026665
2012-08-06,0.0689496667432774,2.156919256790048,1.0310895136407063,0.0344748333716387
2012-08-07,0.05515973339462192,0.9207457742176637,0.45314174947178154,0.02757986669731096
2012-08-08,0.06588523711024286,1.1446602414332456,0.5618733403990472,0.03294261855512143
2012-08-09,0.0689496667432774,1.3866541490373085,0.6751849003044369,0.0344748333716387
2012-08-10,0.07048188155979469,1.3759842340107222,0.6709998402910187,0.035240940779897346
2012-08-11,0.06818355933501877,1.1328092144822333,0.5575202800357537,0.034091779667509384
2012-08-12,0.06511912970198422,0.9879927161030935,0.48910408838726954,0.03255956485099211
2012-08-13,0.06435302229372558,1.0802847162553797,0.5313767985527618,0.03217651114686279
2012-08-14,0.06665134451850149,1.2842956902068383,0.6267700494508961,0.033325672259250746
2012-08-15,0.058224163027656484,1.2352310277333376,0.5999888682987922,0.029112081513828242
2012-08-16,0.07201409637631197,0.9835412581690767,0.4904267693071376,0.036007048188155984
2012-08-17,0.0628208074772083,0.6994971902536877,0.35465923937870564,0.03141040373860415
2012-08-18,0.07048188155979469,0.7322592378888607,0.3735735435308143,0.03524094077989732
2012-08-19,0.07431241860108788,0.8215950903284084,0.416734022234388,0.03715620930054392
2012-08-20,0.06205470006894967,0.8254829884750894,0.41250256146331005,0.031027350034474835
2012-08-21,0.06665134451850149,0.8230899725797205,0.4136571799291032,0.033325672259250746
2012-08-22,0.06588523711024286,0.7410551035052501,0.37537332125199313,0.03294261855512143
2012-08-23,0.06741745192676013,0.5974274529949433,0.30976204244186784,0.033708725963380065
2012-08-24,0.06588523711024286,0.6643746475431035,0.3399404063526379,0.03294261855512143
2012-08-25,0.05745805561939783,1.2554240502296423,0.6089478792477103,0.028729027809698916
2012-08-26,0.05899027043591512,1.4977570443294348,0.7216899846715175,0.02949513521795756
2012-08-27,0.06741745192676013,0.6674615760143231,0.3421227112213888,0.033708725963380065
2012-08-28,0.07124798896805333,0.6746020067428893,0.34731151784767417,0.035623994484026665
2012-08-29,0.05899027043591512,0.8875554646932562,0.43968270441753377,0.02949513521795756
2012-08-30,0.05899027043591512,0.9815450826637471,0.48312040995702554,0.02949513521795756
2012-08-31,0.05899027043591512,0.9862963555826217,0.48531623113860145,0.02949513521795756
2012-09-01,0.05899027043591512,1.0369072212142754,0.5087062600149479,0.02949513521795756
2012-09-02,0.05745805561939783,1.208298753711088,0.5871679990433525,0.028729027809698916
2012-09-03,0.05745805561939783,1.208298753711088,0.5871679990433525,0.028729027809698916
2012-09-04,0.056691948211139195,1.5546856829697446,0.746886370046723,0.028345974105569598
2012-09-05,0.060522485252432395,3.5889676622043147,1.688863068161732,0.030261242626216198
2012-09-06,0.060522485252432395,1.3642833210763305,0.6607497339867272,0.030261242626216198
2012-09-07,0.06511912970198422,0.883854085448065,0.44098235556554766,0.03255956485099211
2012-09-08,0.06665134451850149,0.8785075147702298,0.4392643894381859,0.033325672259250746
2012-09-09,0.07507852600934652,0.7515653880472014,0.38475752057610074,0.03753926300467324
2012-09-10,0.06665134451850149,2.2298530446069353,1.0636910011910465,0.033325672259250746
2012-09-11,0.06588523711024286,2.2153421163064695,1.0566197432555047,0.03294261855512143
2012-09-12,0.06588523711024286,2.2153421163064695,1.0566197432555047,0.03294261855512143
2012-09-13,0.06588523711024286,2.325069709239828,1.1073232558224888,0.03294261855512143
2012-09-14,0.07048188155979469,3.0191532509848304,1.4302086307124426,0.035240940779897346
2012-09-15,0.07431241860108788,2.406867122541491,1.149131401400939,0.03715620930054394
2012-09-16,0.06818355933501877,1.6233057327237006,0.7841602593868424,0.034091779667509425
2012-09-17,0.06588523711024286,1.5644715140835959,0.7558619768901109,0.03294261855512147
2012-09-18,0.07124798896805333,1.4254497352397633,0.6942269829355311,0.035623994484026665
2012-09-19,0.07124798896805333,1.4396721950084808,0.7007982104402548,0.035623994484026665
2012-09-20,0.06971577415153604,2.2319645822101215,1.0661305134273702,0.03485788707576802
2012-09-21,0.07124798896805333,1.8012207329724332,0.8678451021591548,0.035623994484026665
2012-09-22,0.07048188155979469,1.7042004518062692,0.8226486573847858,0.035240940779897346
2012-09-23,0.06818355933501877,1.6507609429582275,0.7968462786534865,0.034091779667509425
2012-09-24,0.06511912970198422,1.9166681815479658,0.9182385252924896,0.03255956485099211
2012-09-25,0.06128859266069103,2.249628147997728,1.0702679011991032,0.030644296330345516
2012-09-26,0.06128859266069103,2.6316426038590084,1.2468087424345597,0.030644296330345516
2012-09-27,0.06205470006894967,2.539033257402278,1.2043746657455205,0.031027350034474835
2012-09-28,0.06971577415153604,2.468897376550595,1.1756046094931658,0.03485788707576802
2012-09-29,0.06971577415153604,2.468897376550595,1.1756046094931658,0.03485788707576802
2012-09-30,0.06741745192676013,2.515442248976243,1.196019181833702,0.033708725963380065
2012-10-01,43.838964222784035,20.15465092390411,22.41033965591888,21.919482111392018
2012-10-02,22.23933195434,15.170223331650707,14.765842462145695,11.11966597717
2012-10-03,12.119819198651651,11.231630268995815,9.89602804452901,6.059909599325826
2012-10-04,12.074618861564392,11.288681389812519,9.898015980407727,6.037309430782196
2012-10-05,3.9217038228759673,4.799154323292493,3.9934241052216253,1.9608519114379837
2012-10-06,1.8072473760821266,2.9946337700249486,2.235252646238858,0.9036236880410633
2012-10-07,1.734467172297556,3.4615780542853116,2.4090188073242897,0.8672335861487782
2012-10-08,0.8856201639469853,2.25463324036338,1.4661610431208827,0.44281008197349275
2012-10-09,0.7308664674787405,2.3059477715723244,1.4156437839916614,0.36543323373937026
2012-10-10,0.7270359304374473,2.4642117345292744,1.485901940189757,0.36351796521872376
2012-10-11,0.7140121044970504,2.5719476731835558,1.5287958946159965,0.35700605224852516
2012-10-12,0.5293802191067187,2.614794098307049,1.4608287014786807,0.2646901095533593
2012-10-13,0.5163563931663219,2.7139956770709395,1.5000500559265537,0.25817819658316093
2012-10-14,0.5063969968589597,3.022758072955463,1.6366550987239128,0.2531984984294799
2012-10-15,0.5063969968589597,3.022758072955463,1.6366550987239128,0.2531984984294799
2012-10-16,0.4022063893357849,36.63143529593664,17.0047533227212,0.20110319466789245
2012-10-17,0.4022063893357849,36.763411037762175,17.06529351649495,0.20110319466789245
2012-10-18,0.2597104113996782,33.97618087556254,15.763896054002242,0.1298552056998391
2012-10-19,0.19152685206465944,27.494273786478356,12.765920147125154,0.09576342603232972
2012-10-20,0.1256416149544166,22.2565770962378,10.333959175079848,0.0628208074772083
2012-10-21,0.10495671493143341,17.813323271038456,8.276794046802516,0.052478357465716705
2012-10-22,0.08886845935800199,12.690766585028054,5.905734730291896,0.04443422967900099
2012-10-23,0.08120738527541561,9.454657004339083,4.408013473788626,0.04060369263770781
2012-10-24,0.08427181490845016,7.051515914654627,3.2992415347150597,0.04213590745422508
2012-10-25,0.07124798896805333,5.828497766096255,2.7285748239906464,0.035623994484026665
2012-10-26,0.07124798896805333,6.1774222245970964,2.8897889906015957,0.035623994484026665
2012-10-27,0.07124798896805333,7.414305420572556,3.4612682571769726,0.035623994484026665
2012-10-28,0.06741745192676013,9.143787254826993,4.258778705949861,0.033708725963380065
2012-10-29,0.060522485252432395,34.59861324538462,16.0196287964555,0.030261242626216198
2012-10-30,0.060522485252432395,44.418836174927236,20.557936524784616,0.030261242626216198
2012-10-31,0.060522485252432395,44.705204738521836,20.69027859834408,0.030261242626216198
2012-11-01,0.05745805561939783,44.65072576897606,20.664937818624214,0.028729027809698916
2012-11-02,0.05975637784417376,44.68747263417145,20.68204320220454,0.02987818892208688
2012-11-03,0.05975637784417376,44.4067426738949,20.552304796292315,0.02987818892208688
2012-11-04,0.05975637784417376,44.4067426738949,20.552304796292315,0.02987818892208688
2012-11-05,0.0628208074772083,43.99558774567551,20.36247493158007,0.03141040373860415
2012-11-06,0.06205470006894967,42.560434017164624,19.69921045238173,0.031027350034474835
2012-11-07,0.06205470006894967,39.82439765482933,18.43482334280978,0.031027350034474835
2012-11-08,0.05899027043591512,39.73054411296922,18.3911367012554,0.02949513521795756
2012-11-09,0.05592584080288056,40.235955282425024,18.624415431191444,0.02796292040144028
2012-11-10,0.05592584080288056,39.978485995048246,18.505417004483764,0.02796292040144028
2012-11-11,0.05592584080288056,39.976935463147754,18.50470037199296,0.02796292040144028
2012-11-12,0.04060369263770781,41.002984732898135,18.977546354444723,0.020301846318853903
2012-11-13,0.04903087412855282,43.811253529867805,20.276437719184585,0.02451543706427641
2012-11-14,0.06665134451850149,41.331111155956116,19.131509763054417,0.033325672259250746
2012-11-15,0.06741745192676013,38.672844956849275,17.90327105437376,0.033708725963380065
2012-11-16,0.06205470006894967,37.3581449627477,17.295109647574535,0.031027350034474835
2012-11-17,0.0628208074772083,36.93029190711129,17.09748875995521,0.03141040373860415
2012-11-18,0.05745805561939783,37.61956233317417,17.41534771219948,0.028729027809698916
2012-11-19,0.053627518578104647,37.558253224883146,17.386535919433463,0.026813759289052323
2012-11-20,0.06971577415153604,35.558214606196685,16.46442565781298,0.03485788707576802
2012-11-21,0.06358691488546694,33.97885161174007,15.733703749088706,0.03179345744273347
2012-11-22,0.05592584080288056,34.30926118490942,15.885186685240177,0.02796292040144028
2012-11-23,0.051329196353328735,34.31012652201194,15.884865423317171,0.025664598176664367
2012-11-24,0.04213590745422508,36.638942578396225,16.960087855500475,0.02106795372711254
2012-11-25,0.04213590745422508,37.39072348736172,17.307653338633397,0.02106795372711254
2012-11-26,0.03983758522944917,37.557081580617044,17.38427850601577,0.019918792614724585
2012-11-27,0.03983758522944917,36.9804716692089,17.11768532319587,0.019918792614724585
2012-11-28,0.03983758522944917,37.74247741360861,17.469995494608746,0.019918792614724585
2012-11-29,0.03983758522944917,37.74266534975857,17.47008238610227,0.019918792614724585
2012-11-30,0.03294261855512143,41.612145152042814,19.25854186188732,0.016471309277560714
2012-12-01,0.03141040373860415,41.60414117752918,19.254712063256253,0.015705201869302077
2012-12-02,0.036007048188155984,45.22795266863145,20.930690901059155,0.018003524094077992
2012-12-03,0.03983758522944917,64.38865020017376,29.789742125032454,0.019918792614724585
2012-12-04,0.03983758522944917,64.05638972303565,29.636122881982697,0.019918792614724585
2012-12-05,0.041369800045966444,65.57124362247905,30.336270666738418,0.020684900022983222
2012-12-06,0.029112081513828242,67.25776170465133,31.118114820650984,0.014556040756914121
2012-12-07,0.029112081513828242,67.25776170465133,31.118114820650984,0.014556040756914121
2012-12-08,0.03983758522944917,67.11483977429243,31.050184481563992,0.019918792614724585
2012-12-09,0.0344748333716387,66.06363669442112,30.565026583660277,0.01723741668581935
2012-12-10,0.02987818892208688,64.83439367485559,29.997307173793818,0.01493909446104344
2012-12-11,0.016854362981690033,64.34639210049257,29.773501532427343,0.008427181490845016
2012-12-12,0.04213590745422508,63.646617923202164,29.446352959560873,0.02106795372711254
2012-12-13,0.03907147782119053,63.31079612447576,29.29150277260581,0.019535738910595266
2012-12-14,0.022217114839500497,62.989316687927534,29.14505490232321,0.011108557419750248
2012-12-15,0.02145100743124186,63.95973370661932,29.59400109402769,0.01072550371562093
2012-12-16,0.01838657779820731,73.14302552500774,33.842255383045405,0.009193288899103655
2012-12-17,0.005362751857810465,76.31684629325932,35.31376642826474,0.0026813759289052324
2012-12-18,0.008427181490845016,76.89696524588597,35.58135775809622,0.004213590745422508
2012-12-19,0.009193288899103655,71.85090993932633,33.24658278737391,0.004596644449551828
2012-12-20,0.009193288899103655,71.82777392339023,33.23587885722466,0.004596644449551828
2012-12-21,0.0038305370412931895,68.1429016322604,31.532037308539273,0.0019152685206465948
2012-12-22,0.0038305370412931895,68.1429016322604,31.532037308539273,0.0019152685206465948
2012-12-23,0.0015322148165172757,71.71534854965054,33.18552863248979,0.0007661074082586379
2012-12-24,0.0030644296330345515,69.983500413055,32.38384630313105,0.0015322148165172757
2012-12-25,0.0030644296330345515,69.9691834994288,32.37722167316709,0.0015322148165172757
2012-12-26,0.004596644449551828,69.86299526123513,32.32778259248875,0.002298322224775914
2012-12-27,0.0030644296330345515,69.9381686991866,32.3628707047688,0.0015322148165172757
2012-12-28,0.009959396307362292,67.5663818545235,31.26420159206941,0.004979698153681146
2012-12-29,0.016088255573431395,72.33417461561702,33.46862635000055,0.008044127786715698
2012-12-30,0.016088255573431395,65.12992505626116,30.136060712649233,0.008044127786715698
2012-12-31,0.009193288899103655,65.64377583326882,30.374838141202055,0.004596644449551828
2013-01-01,0.009959396307362292,65.23485728593413,30.185534334178165,0.004979698153681146
2013-01-02,0.0030644296330345515,70.52204777089976,32.633039464236596,0.0015322148165172757
2013-01-03,0.009193288899103655,63.53907158095296,29.401091954138884,0.004596644449551828
2013-01-04,0.006128859266069103,61.61693003778142,28.51216481040199,0.0030644296330345515
2013-01-05,0.007661074082586379,59.74270378549442,27.6448430783236,0.0038305370412931895
2013-01-06,0.02145100743124186,56.17446249128513,25.99308203821994,0.01072550371562093
2013-01-07,0.030644296330345516,53.206642866409524,24.62008256111401,0.015322148165172758
2013-01-08,0.02374932965601777,53.025948593096274,24.536731345390443,0.011874664828008885
2013-01-09,0.02374932965601777,53.05079109573695,24.54822116939198,0.011874664828008885
2013-01-10,0.02374932965601777,53.05079109573695,24.54822116939198,0.011874664828008885
2013-01-11,0.02374932965601777,52.89788557802424,24.477501342456918,0.011874664828008885
2013-01-12,0.01838657779820731,52.58393620074211,24.332436221009782,0.009193288899103655
2013-01-13,0.015322148165172758,56.54647982116698,26.165552321778172,0.007661074082586379
2013-01-14,0.019152685206465948,56.30805400472296,26.055017058478192,0.009576342603232974
2013-01-15,0.016088255573431395,55.644077559102655,25.74806593960145,0.008044127786715698
2013-01-16,0.016088255573431395,55.63985280477945,25.746111638745028,0.008044127786715698
2013-01-17,0.015322148165172758,63.1142682009733,29.203751953659463,0.007661074082586379
2013-01-18,0.01378993334865548,74.63464887974254,34.53335354289722,0.00689496667432774
2013-01-19,0.01378993334865548,74.60687262604469,34.52050407301833,0.00689496667432774
2013-01-20,0.01378993334865548,72.46378500378466,33.52909824307464,0.00689496667432774
2013-01-21,0.01378993334865548,71.48300786436641,33.07538456203096,0.00689496667432774
2013-01-22,0.011491611123879567,72.30491467133726,33.456116465625094,0.005745805561939783
2013-01-23,0.006128859266069103,82.06484875058221,37.97306730592708,0.0030644296330345515
2013-01-24,0.006128859266069103,80.78825702420828,37.382410133456176,0.0030644296330345515
2013-01-25,0.009193288899103655,79.86915898238566,36.95624385923749,0.004596644449551828
2013-01-26,0.011491611123879567,78.01839721504484,36.09934078468485,0.005745805561939783
2013-01-27,0.011491611123879567,76.12444941286812,35.22314507542225,0.005745805561939783
2013-01-28,0.011491611123879567,76.12063545799302,35.22138062822206,0.005745805561939783
2013-01-29,0.009959396307362292,73.73668482809252,34.11885896026722,0.004979698153681146
2013-01-30,0.012257718532138206,74.79215708890825,34.60659770145418,0.006128859266069103
2013-01-31,0.012257718532138206,69.64697310923576,32.226324355889915,0.006128859266069103
2013-02-01,0.012257718532138206,69.64697310923576,32.226324355889915,0.006128859266069103
2013-02-02,0.012257718532138206,69.64697310923576,32.226324355889915,0.006128859266069103
2013-02-03,0.01072550371562093,68.84335123173021,31.85484022203114,0.005362751857810465
2013-02-04,0.009959396307362292,68.25704590665818,31.583733588119056,0.004979698153681146
2013-02-05,0.01072550371562093,69.67668489563448,32.24037115971481,0.005362751857810465
2013-02-06,0.007661074082586379,74.49637509800495,34.470888569054736,0.0038305370412931895
2013-02-07,0.007661074082586379,70.09453057182792,32.43429778820066,0.0038305370412931895
2013-02-08,0.012257718532138206,69.86472975093747,32.32706328614196,0.006128859266069103
2013-02-09,0.013023825940396843,71.40602930239923,33.03993778767623,0.0065119129701984215
2013-02-10,0.01378993334865548,71.03289846246531,32.86716111819126,0.00689496667432774
2013-02-11,0.01378993334865548,71.03289846246531,32.86716111819126,0.00689496667432774
2013-02-12,0.013023825940396843,70.88516673956448,32.798979495660774,0.0065119129701984215
2013-02-13,0.005362751857810465,79.33170689570767,36.7087139965239,0.0026813759289052324
2013-02-14,0.012257718532138206,75.27757172340496,34.831161005818835,0.006128859266069103
2013-02-15,0.009193288899103655,70.16814989982376,32.468050045586125,0.004596644449551828
2013-02-16,0.009193288899103655,70.01819497430658,32.39867305982054,0.004596644449551828
2013-02-17,0.006128859266069103,68.43346332456368,31.666058254988876,0.0030644296330345515
2013-02-18,0.01378993334865548,66.15651799712283,30.611316806391365,0.00689496667432774
2013-02-19,0.009959396307362292,67.74206381408054,31.345479902463108,0.004979698153681146
2013-02-20,0.01072550371562093,68.20012284797616,31.557259009757022,0.005362751857810465
2013-02-21,0.01072550371562093,67.74848405535856,31.34831421998768,0.005362751857810465
2013-02-22,0.006128859266069103,66.66082576037722,30.845889151706285,0.0030644296330345515
2013-02-23,0.006128859266069103,66.65884381865715,30.84497214114747,0.0030644296330345515
2013-02-24,0.006128859266069103,67.38356965711174,31.18029039969054,0.0030644296330345515
2013-02-25,0.006128859266069103,70.84670667755938,32.78262470761144,0.0030644296330345515
2013-02-26,0.011491611123879567,73.12275127206803,33.834471623890074,0.005745805561939783
2013-02-27,0.013023825940396843,72.9080342288261,33.73478623234248,0.0065119129701984215
2013-02-28,0.013023825940396843,72.40918021080198,33.5040094003622,0.0065119129701984215
2013-03-01,0.007661074082586379,67.2725458909937,31.128656948202643,0.0038305370412931895
2013-03-02,0.01072550371562093,68.83951659465765,31.853066177263358,0.005362751857810465
2013-03-03,0.011491611123879567,68.52349959641454,31.70672312976852,0.005745805561939783
2013-03-04,0.012257718532138206,66.83870873658452,30.927160543686455,0.006128859266069103
2013-03-05,0.012257718532138206,66.89396186144235,30.95272183379344,0.006128859266069103
2013-03-06,0.012257718532138206,67.06040611701594,31.02972254487187,0.006128859266069103
2013-03-07,0.012257718532138206,72.20239602631186,33.40851824442555,0.006128859266069103
2013-03-08,0.012257718532138206,68.0922260029118,31.50706473157,0.006128859266069103
2013-03-09,0.012257718532138206,67.79832004118867,31.371097479561932,0.006128859266069103
2013-03-10,0.01838657779820731,63.34338393366683,29.30932992528105,0.009193288899103655
2013-03-11,0.01838657779820731,63.316787795323705,29.297027606726843,0.009193288899103655
2013-03-12,0.01838657779820731,63.055365038880076,29.176103809986216,0.009193288899103655
2013-03-13,0.022217114839500497,61.65513661937977,28.527967234519387,0.011108557419750248
2013-03-14,0.01378993334865548,62.94880825639553,29.127410080090304,0.00689496667432774
2013-03-15,0.013023825940396843,60.64458542803709,28.061543638029722,0.0065119129701984215
2013-03-16,0.019918792614724585,55.667917833649796,25.758876941120356,0.009959396307362292
2013-03-17,0.019918792614724585,55.67487778902082,25.762096233738763,0.009959396307362292
2013-03-18,0.019918792614724585,55.67487778902082,25.762096233738763,0.009959396307362292
2013-03-19,0.015322148165172758,75.86979326888193,35.10434273470948,0.007661074082586379
2013-03-20,0.009959396307362292,76.37642023796444,35.34011830039404,0.004979698153681146
2013-03-21,0.014556040756914121,71.06690657198024,32.88273208868369,0.0072780203784570605
2013-03-22,0.01378993334865548,61.75809282752102,28.576577624278173,0.00689496667432774
2013-03-23,0.01072550371562093,62.064681841004266,28.718777346315527,0.005362751857810465
2013-03-24,0.01072550371562093,63.00017557155198,29.151571304794917,0.005362751857810465
2013-03-25,0.01072550371562093,62.97168904667419,29.138392386045826,0.005362751857810465
2013-03-26,0.007661074082586379,64.95192104882328,30.054979054474334,0.0038305370412931895
2013-03-27,0.007661074082586379,63.67308560800862,29.463303348187058,0.0038305370412931895
2013-03-28,0.007661074082586379,63.4487767498736,29.359522910276308,0.0038305370412931895
2013-03-29,0.00689496667432774,64.41023788583229,29.80447021097885,0.00344748333716387
2013-03-30,0.00689496667432774,64.60005099464286,29.89229203799483,0.00344748333716387
2013-03-31,0.011491611123879567,64.35613437536301,29.778777955451208,0.005745805561939783
2013-04-01,0.01072550371562093,62.48810036078377,28.91466639536513,0.005362751857810465
2013-04-02,0.007661074082586379,61.106820391992244,28.275975615668397,0.0038305370412931895
2013-04-03,0.007661074082586379,61.40121375137606,28.412181880587628,0.0038305370412931895
2013-04-04,0.008427181490845016,60.82603847676901,28.145983985678058,0.004213590745422508
2013-04-05,0.008427181490845016,60.826210784928826,28.146063705758344,0.004213590745422508
2013-04-06,0.008427181490845016,60.4277372431085,27.96170596681656,0.004213590745422508
2013-04-07,0.01378993334865548,59.554943832122945,27.557387024890158,0.00689496667432774
2013-04-08,0.01378993334865548,59.50826728796469,27.535794161621542,0.00689496667432774
2013-04-09,0.016088255573431395,58.61230322470278,27.121117605230815,0.008044127786715698
2013-04-10,0.016854362981690033,58.12792271344548,26.896988994390853,0.008427181490845016
2013-04-11,0.016854362981690033,57.33776779552328,26.531482567177626,0.008427181490845016
2013-04-12,0.015322148165172758,57.8429156435607,26.76527183321445,0.007661074082586379
2013-04-13,0.026047651880793686,53.81968360759129,24.903751321712022,0.013023825940396843
2013-04-14,0.04290201486248372,54.869333371906436,25.38837655451671,0.02145100743124186
2013-04-15,0.05899027043591512,53.79934097618857,24.893091583456485,0.02949513521795756
2013-04-16,0.053627518578104647,53.57884648431151,24.791381031881425,0.026813759289052323
2013-04-17,0.053627518578104647,53.30417362459606,24.664425060285986,0.026813759289052323
2013-04-18,0.05592584080288056,48.67856923714788,22.526464441185126,0.02796292040144028
2013-04-19,0.05592584080288056,48.30576350896359,22.35415924869581,0.02796292040144028
2013-04-20,0.05515973339462192,50.68456300901298,23.453609793409587,0.02757986669731096
2013-04-21,0.05515973339462192,50.72681014573867,23.473136107350136,0.02757986669731096
2013-04-22,0.05515973339462192,50.390459222684704,23.31767719991242,0.02757986669731096
2013-04-23,0.04979698153681146,49.5689805928655,22.937972742141465,0.02489849076840573
2013-04-24,0.056691948211139195,41.740159096842646,19.3196990576444,0.028345974105569598
2013-04-25,0.05286141116984601,41.844603648813575,19.367658560820267,0.026430705584923005
2013-04-26,0.0505630889450701,41.59633292195852,19.252710818810154,0.02528154447253505
2013-04-27,0.04749865931203554,44.25135978104039,20.479790463402875,0.02374932965601777
2013-04-28,0.046732551903776905,44.212292825848934,20.46168667283039,0.023366275951888452
2013-04-29,0.046732551903776905,44.255956251964555,20.481871264841747,0.023366275951888452
2013-04-30,0.046732551903776905,44.3590028400055,20.529507319150937,0.023366275951888452
2013-05-01,0.030644296330345516,40.293389757599854,18.648506799572836,0.015322148165172758
2013-05-02,0.043668122270742356,38.94166413912984,18.024858059264464,0.021834061135371178
2013-05-03,0.03983758522944917,34.19627579395329,15.830423995748724,0.019918792614724585
2013-05-04,0.05975637784417376,30.931764136764016,14.324888836176761,0.02987818892208688
2013-05-05,0.05209530376158737,28.298842342814932,13.106430352496714,0.026047651880793686
2013-05-06,0.05286141116984601,28.14876297716567,13.037227585239686,0.026430705584923005
2013-05-07,0.051329196353328735,28.94479989126051,13.404845640383076,0.025664598176664367
2013-05-08,0.054393625986363284,26.12244257300418,12.10099657451862,0.027196812993181642
2013-05-09,0.05515973339462192,25.328886285120184,11.734403658785723,0.02757986669731096
2013-05-10,0.05515973339462192,25.365772205777088,11.751452058335492,0.02757986669731096
2013-05-11,0.058224163027656484,25.44933852782526,11.790828131690699,0.029112081513828242
2013-05-12,0.041369800045966444,26.594754725927583,12.31625111622062,0.020684900022983222
2013-05-13,0.046732551903776905,24.788251706437936,11.482401717752024,0.023366275951888452
2013-05-14,0.05899027043591512,21.663406805934745,10.041331613943258,0.02949513521795756
2013-05-15,0.05745805561939783,21.39981006872128,9.919071033599545,0.028729027809698916
2013-05-16,0.05209530376158737,24.781401321310454,11.480587354017812,0.026047651880793686
2013-05-17,0.01838657779820731,27.12727356225193,12.557193925853422,0.009193288899103655
2013-05-18,0.043668122270742356,24.65498545148148,11.420019130235579,0.021834061135371178
2013-05-19,0.04979698153681146,23.91367335041916,11.078903768821272,0.02489849076840573
2013-05-20,0.05515973339462192,23.660444612487268,10.963262265160168,0.02757986669731096
2013-05-21,0.053627518578104647,24.138437254339326,11.18379067209684,0.026813759289052323
2013-05-22,0.053627518578104647,24.135850257307293,11.182594941575605,0.026813759289052323
2013-05-23,0.06128859266069103,22.519530417950985,10.437624407198646,0.030644296330345516
2013-05-24,0.05899027043591512,24.235251045863166,11.229920473007704,0.02949513521795756
2013-05-25,0.04903087412855282,25.456365909235558,11.791819552834252,0.02451543706427641
2013-05-26,0.05209530376158737,26.951912426694907,12.483848037632809,0.026047651880793686
2013-05-27,0.06358691488546694,27.022626905047247,12.519174383555848,0.03179345744273347
2013-05-28,0.06358691488546694,26.970743861154045,12.49519879691221,0.03179345744273347
2013-05-29,0.060522485252432395,31.494167643005788,14.584943497502781,0.030261242626216198
2013-05-30,0.02374932965601777,50.95581023143099,23.57927847607232,0.011874664828008885
2013-05-31,0.022983222247759134,51.24728472097271,23.71409693690772,0.011491611123879567
2013-06-01,0.022983222247759134,51.23852232065423,23.710044200892803,0.011491611123879567
2013-06-02,0.022983222247759134,50.27206850136155,23.263045426830615,0.011491611123879567
2013-06-03,0.019918792614724585,50.056691350008855,23.16343213780843,0.009959396307362292
2013-06-04,0.033708725963380065,44.73753607171148,20.70380910301357,0.016854362981690033
2013-06-05,0.04596644449551827,36.10282876676173,16.71276253308769,0.022983222247759134
2013-06-06,0.06665134451850149,29.460407482461132,13.64632251056955,0.033325672259250746
2013-06-07,0.05515973339462192,27.307658447582238,12.648977508179243,0.02757986669731096
2013-06-08,0.056691948211139195,25.034433254741593,11.598692173385817,0.028345974105569598
2013-06-09,0.056691948211139195,25.051641547159026,11.606645455121502,0.028345974105569598
2013-06-10,0.056691948211139195,25.825218064313272,11.964174943567695,0.028345974105569598
2013-06-11,0.06205470006894967,22.159086190786137,10.271265135328358,0.031027350034474835
2013-06-12,0.06128859266069103,18.835141562849383,8.734952956057615,0.030644296330345516
2013-06-13,0.06588523711024286,16.126912284183614,7.484952434940771,0.03294261855512143
2013-06-14,0.06818355933501877,16.00020374077636,7.427183698900211,0.034091779667509384
2013-06-15,0.06358691488546694,15.650936666000485,7.264221625346535,0.03179345744273347
2013-06-16,0.06358691488546694,13.786870385288323,6.402821073854334,0.03179345744273347
2013-06-17,0.0689496667432774,11.899405124589165,5.532650899212609,0.0344748333716387
2013-06-18,0.06665134451850149,11.847112366693741,5.50761190835159,0.033325672259250746
2013-06-19,0.060522485252432395,11.143903248532357,5.180293232676147,0.030261242626216198
2013-06-20,0.06128859266069103,11.171577882658129,5.193380227056642,0.030644296330345516
2013-06-21,0.07507852600934652,9.158738554452798,4.268816132595736,0.03753926300467326
2013-06-22,0.06665134451850149,8.808246269043842,4.103419702117363,0.033325672259250746
2013-06-23,0.06282080747720829,8.515425260302596,3.96652456677739,0.031410403738604147
2013-06-24,0.06282080747720829,8.515425260302596,3.96652456677739,0.031410403738604147
2013-06-25,0.06511912970198422,10.497286500223144,4.8832822326971534,0.03255956485099211
2013-06-26,0.06511912970198422,10.458967132478557,4.8655751208895195,0.03255956485099211
2013-06-27,0.06435302229372558,10.822217071780612,5.033130233169868,0.03217651114686279
2013-06-28,0.06435302229372558,10.82667376065199,5.035189672067776,0.03217651114686279
2013-06-29,0.06358691488546694,12.537112017512017,5.825297324632707,0.03179345744273347
2013-06-30,0.06205470006894967,10.595169824919559,4.927305899095784,0.031027350034474835
2013-07-01,0.058224163027656484,9.038471922462705,4.206349936370835,0.029112081513828242
2013-07-02,0.05745805561939783,8.70779713567508,4.053208287779595,0.028729027809698916
2013-07-03,0.05745805561939783,8.769877572061665,4.081899979236682,0.028729027809698916
2013-07-04,0.056691948211139195,8.521374440847335,3.9667316116405273,0.028345974105569598
2013-07-05,0.06435302229372558,7.991627394676929,3.7251128567541794,0.03217651114686279
2013-07-06,0.056691948211139195,7.7765435492760355,3.622487698159233,0.028345974105569598
2013-07-07,0.056691948211139195,7.7398066462042685,3.60550873632277,0.028345974105569598
2013-07-08,0.05975637784417376,7.266332843744819,3.387989446610453,0.02987818892208688
2013-07-09,0.05899027043591512,7.659320314007781,3.569282907703359,0.02949513521795756
2013-07-10,0.06435302229372558,7.158785073435612,3.3402558650079612,0.03217651114686279
2013-07-11,0.07124798896805333,6.58576248211426,3.0784551408398753,0.035623994484026665
2013-07-12,0.06971577415153604,4.743154880359385,2.2264185550398747,0.03485788707576802
2013-07-13,0.06818355933501877,4.840417387711773,2.2706664667513996,0.034091779667509384
2013-07-14,0.07201409637631197,4.388450911047084,2.0635769366691763,0.036007048188155984
2013-07-15,0.06511912970198422,4.104861860379154,1.9293875188270087,0.03255956485099211
2013-07-16,0.07507852600934652,4.2240258128380646,1.9890113584416353,0.03753926300467326
2013-07-17,0.060522485252432395,4.618283791015892,2.164550165674187,0.030261242626216198
2013-07-18,0.05975637784417376,4.6993490432466345,2.201666526352639,0.02987818892208688
2013-07-19,0.060522485252432395,4.493583495690654,2.106921299398968,0.030261242626216198
2013-07-20,0.06665134451850149,4.039704264012253,1.8999828597556045,0.033325672259250746
2013-07-21,0.06665134451850149,3.8751993058988505,1.8239687898206478,0.033325672259250746
2013-07-22,0.07048188155979469,3.577591288483315,1.6882289941655464,0.035240940779897346
2013-07-23,0.07048188155979469,3.3816273970088204,1.5976859596537343,0.035240940779897346
2013-07-24,0.06741745192676013,3.332758461297431,1.5736765022193617,0.033708725963380065
2013-07-25,0.06971577415153604,2.8628552265156566,1.3576316675583067,0.03485788707576802
2013-07-26,0.07201409637631197,2.748905143582738,1.3060673515604673,0.036007048188155984
2013-07-27,0.06511912970198422,2.8174306162266864,1.3344745459200569,0.03255956485099211
2013-07-28,0.06128859266069103,2.237048923111857,1.0644546475136245,0.030644296330345516
2013-07-29,0.06128859266069103,2.2370474253077477,1.0644539553314485,0.030644296330345516
2013-07-30,0.0689496667432774,1.92595097701267,0.9243695344027285,0.0344748333716387
2013-07-31,0.0689496667432774,1.8639533906160612,0.8957232582152445,0.0344748333716387
2013-08-01,0.06665134451850149,1.9929411320144161,0.9542192934762085,0.033325672259250746
2013-08-02,0.0689496667432774,1.802308461907223,0.8672399291699107,0.0344748333716387
2013-08-03,0.06358691488546694,1.7630464831891963,0.8465119192483654,0.03179345744273347
2013-08-04,0.06511912970198422,1.7559986320470586,0.8439942502810269,0.03255956485099211
2013-08-05,0.05899027043591512,1.5146588083464054,0.7295012074886762,0.02949513521795756
2013-08-06,0.060522485252432395,1.4600151975097548,0.7049911649381823,0.030261242626216198
2013-08-07,0.05975637784417376,1.5467319136043272,0.744695134882919,0.02987818892208688
2013-08-08,0.058224163027656484,1.7961420840964544,0.8592206187482011,0.029112081513828242
2013-08-09,0.053627518578104647,1.9444017889361047,0.9255316688124803,0.026813759289052323
2013-08-10,0.0727802037845706,1.4915509397230073,0.7255110895723237,0.0363901018922853
2013-08-11,0.0689496667432774,1.1322487151395342,0.5576356738488897,0.0344748333716387
2013-08-12,0.07048188155979469,1.651277553383896,0.7981961943199476,0.035240940779897346
2013-08-13,0.07354631119282924,1.6574895352736527,0.8025477967839799,0.03677315559641462
2013-08-14,0.06741745192676013,1.7193418491442725,0.8281650523962893,0.033708725963380065
2013-08-15,0.06971577415153604,1.521100866961826,0.7376780386680049,0.03485788707576802
2013-08-16,0.08044127786715698,1.0854881216410954,0.5416507873331274,0.04022063893357849
2013-08-17,0.07431241860108788,1.5429308959072616,0.7499919380808044,0.03715620930054394
2013-08-18,0.06588523711024286,1.529845559135488,0.7398618305739377,0.03294261855512143
2013-08-19,0.06588523711024286,1.5402353118297023,0.7446627830255138,0.03294261855512143
2013-08-20,0.06818355933501877,1.2557378171135785,0.6143209604196066,0.034091779667509384
2013-08-21,0.06358691488546694,1.0954259890013875,0.5379989292160783,0.03179345744273347
2013-08-22,0.07814295564238107,1.1593083550224825,0.5746287735222224,0.03907147782119053
2013-08-23,0.07814295564238107,1.6950178980626704,0.8221066364297788,0.03907147782119053
2013-08-24,0.07814295564238107,1.5646503637418663,0.761881689524512,0.039071477821190574
2013-08-25,0.07737684823412243,1.9575435088805357,0.9430156372405207,0.038688424117061214
2013-08-26,0.07201409637631197,2.1911830670210355,1.048386335753502,0.036007048188155984
2013-08-27,0.07124798896805333,2.640953966008923,1.255828489512236,0.035623994484026665
2013-08-28,0.06511912970198422,2.8091476307624967,1.3306470362728993,0.03255956485099211
2013-08-29,0.06818355933501877,2.7060130767560917,1.2844385711973505,0.034091779667509384
2013-08-30,0.07124798896805333,2.1061650205659035,1.00873903489856,0.035623994484026665
2013-08-31,0.07124798896805333,1.6232592422342769,0.7856212490608058,0.035623994484026617
2013-09-01,0.0628208074772083,1.8236291933635043,0.8741386113819549,0.03141040373860415
2013-09-02,0.06665134451850149,1.3511740458329082,0.6576730450809152,0.033325672259250746
2013-09-03,0.07354631119282924,1.1397772206955883,0.5633601859439833,0.03677315559641462
2013-09-04,0.07354631119282924,1.0919568893869467,0.5412667752345761,0.03677315559641462
2013-09-05,0.06435302229372558,0.9764932332451762,0.4834146850753278,0.03217651114686279
2013-09-06,0.07124798896805333,1.6827675836922178,0.8131159902313181,0.035623994484026617
2013-09-07,0.060522485252432395,1.3399559675848252,0.6495071158555075,0.030261242626216198
2013-09-08,0.056691948211139195,1.4313434905269784,0.689880411372953,0.028345974105569598
2013-09-09,0.06588523711024286,1.3838212376478984,0.6723861316936386,0.03294261855512143
2013-09-10,0.06588523711024286,1.4383673739564276,0.6975911018735608,0.03294261855512143
2013-09-11,0.04903087412855282,2.123697075381274,1.0062026670830866,0.02451543706427641
2013-09-12,0.048264766720294186,3.107966292996842,1.4608256964156627,0.024132383360147093
2013-09-13,0.04979698153681146,3.5849478863007946,1.6820271249194136,0.02489849076840573
2013-09-14,0.053627518578104647,3.26467396188867,1.5357719257539817,0.026813759289052323
2013-09-15,0.053627518578104647,3.2670807179965475,1.536884347492283,0.026813759289052323
2013-09-16,0.05286141116984601,3.508014480856145,1.6478896627096742,0.026430705584923005
2013-09-17,0.04443422967900099,6.186030951589096,2.8820183233179533,0.022217114839500497
2013-09-18,0.03983758522944917,6.11378356584047,2.8466010740708834,0.019918792614724585
2013-09-19,0.07431241860108788,3.859441415247379,1.8202222825901573,0.03715620930054394
2013-09-20,0.06205470006894967,2.863690343789424,1.3544063834193045,0.031027350034474835
2013-09-21,0.06435302229372558,2.6471215730944495,1.2554131544159275,0.03217651114686279
2013-09-22,0.06588523711024286,2.6215368647432395,1.2443163834662778,0.03294261855512143
2013-09-23,0.07048188155979469,2.5805275471860663,1.2275462833891955,0.035240940779897346
2013-09-24,0.0789090630506397,2.3853270961281456,1.1413685633144184,0.03945453152531985
2013-09-25,0.07431241860108788,2.1168083194765686,1.0151239232822682,0.03715620930054394
2013-09-26,0.07584463341760515,2.388144604545345,1.141211093908664,0.03792231670880258
2013-09-27,0.07201409637631197,2.4450847645732146,1.1656950278241127,0.036007048188155984
2013-09-28,0.04979698153681146,2.551554120964022,1.20434475596879,0.02489849076840573
2013-09-29,0.04979698153681146,2.551554120964022,1.20434475596879,0.02489849076840573
2013-09-30,0.04979698153681146,3.1567236770757736,1.4840820999289124,0.02489849076840573
2013-10-01,32.308281621083275,25.283584646471674,19.685281146902465,16.154140810541637
2013-10-02,3.70106488929748,4.189678501200707,3.6342191372881674,1.85053244464874
2013-10-03,3.1517658775760364,3.86866273633394,3.2441529771145694,1.5758829387880182
2013-10-04,3.0322531218876887,3.7670524232044125,3.1450816438776514,1.5161265609438443
2013-10-05,3.0284225848463953,3.7739717164215927,3.1463029910387075,1.5142112924231976
2013-10-06,2.7771393549375625,4.417373098501813,3.310006836846989,1.388569677468781
2013-10-07,2.725810158584234,4.367924298552197,3.265075375981775,1.362905079292117
2013-10-08,2.4936796138818664,4.431360778623898,3.186922350540258,1.2468398069409332
2013-10-09,2.2155826246839805,6.9039179664252295,4.149577279162759,1.1077913123419905
2013-10-10,2.204091013560101,7.175317360816767,4.264231450095646,1.1020455067800505
2013-10-11,2.0186930207615106,17.84812287624433,8.908162983161006,1.0093465103807553
2013-10-12,1.4104037386041524,30.944608411283557,14.58819591797423,0.7052018693020762
2013-10-13,1.3552440052095305,32.90236885035027,15.457094865567973,0.6776220026047652
2013-10-14,1.3376235348195817,32.74153342054947,15.381807893325286,0.6688117674097909
2013-10-15,1.2947215199570978,33.02784919440435,15.503187634274635,0.6473607599785489
2013-10-16,0.49184095610204553,31.347776987777344,14.597741153677882,0.24592047805102277
2013-10-17,0.19382517428943538,33.26427470703363,15.425288128042332,0.09691258714471769
2013-10-18,0.12793993717919253,33.00600764280273,15.295080597289681,0.06396996858959626
2013-10-19,0.08580402972496744,30.936801049961726,14.332182144351432,0.04290201486248372
2013-10-20,0.0850379223167088,30.767582536799182,14.25387511473347,0.0425189611583544
2013-10-21,0.10036007048188156,30.345414396525257,14.061889765517305,0.05018003524094078
2013-10-22,0.09959396307362292,29.66672957581231,13.748357657192672,0.04979698153681146
2013-10-23,0.09959396307362292,29.958474507437415,13.883070370889971,0.04979698153681146
2013-10-24,0.1011261778901402,28.362432853983506,13.146432453149359,0.0505630889450701
2013-10-25,0.1011261778901402,27.975355804730835,12.967706231143241,0.0505630889450701
2013-10-26,0.09576342603232972,17.614668896019964,8.182099111663184,0.04788171301616486
2013-10-27,0.09193288899103653,17.692332448440432,8.216725539392371,0.04596644449551827
2013-10-28,0.08273960009193289,16.162264730322878,7.506991416916324,0.041369800045966444
2013-10-29,0.08197349268367425,16.6738976124846,7.743067927256253,0.040986746341837126
2013-10-30,0.08197349268367425,16.746508449838,7.776608649222265,0.040986746341837126
2013-10-31,0.08657013713322607,19.211132272843155,8.916493937006367,0.04328506856661304
2013-11-01,0.08657013713322607,19.20861720746054,8.9153322823917,0.04328506856661304
2013-11-02,0.08657013713322607,19.07423679285771,8.853264858688412,0.04328506856661304
2013-11-03,0.05286141116984601,23.782663475579287,11.019148360316597,0.026430705584923005
2013-11-04,0.05286141116984601,23.778716367070825,11.017323945257672,0.026430705584923005
2013-11-05,0.08886845935800199,24.493936880079026,11.357093991821376,0.04443422967900099
2013-11-06,0.08886845935800199,24.725280922124686,11.46394151284156,0.04443422967900099
2013-11-07,0.08657013713322607,32.49861272525633,15.05369541555948,0.04328506856661304
2013-11-08,0.07967517045889834,32.3885333693888,15.001637823545588,0.03983758522944917
2013-11-09,0.07431241860108788,34.249684122571026,15.860547008439788,0.03715620930054394
2013-11-10,0.07431241860108788,34.22031244212895,15.846977260572945,0.03715620930054394
2013-11-11,0.0628208074772083,47.6247842248396,22.039584650596222,0.03141040373860415
2013-11-12,0.0689496667432774,39.81859947662281,18.432845871708224,0.0344748333716387
2013-11-13,0.06971577415153604,37.32265458026429,17.279679923315097,0.03485788707576802
2013-11-14,0.06128859266069103,36.139988845872985,16.732064714324295,0.030644296330345516
2013-11-15,0.05745805561939783,44.378551995506314,20.539147370205388,0.028729027809698916
2013-11-16,0.05515973339462192,57.2639104130949,26.494535472473878,0.02757986669731096
2013-11-17,0.053627518578104647,53.36725839413692,24.69358334049696,0.026813759289052323
2013-11-18,0.053627518578104647,52.952650058317175,24.501948083340167,0.026813759289052323
2013-11-19,0.053627518578104647,52.952650058317175,24.501948083340167,0.026813759289052323
2013-11-20,0.053627518578104647,52.21605263021639,24.161486917078186,0.026813759289052323
2013-11-21,0.053627518578104647,52.066119256143686,24.092186523876972,0.026813759289052323
2013-11-22,0.04520033708725963,61.61121267526251,28.504982812099634,0.022600168543629815
2013-11-23,0.038305370412931895,61.461716726526646,28.436662283607877,0.019152685206465948
2013-11-24,0.029112081513828242,61.485293335808834,28.448619067821685,0.014556040756914121
2013-11-25,0.03907147782119053,60.62988442586378,28.051973913930166,0.019535738910595266
2013-11-26,0.03753926300467326,59.73639137964385,27.639013475336284,0.01876963150233663
2013-11-27,0.04060369263770781,59.99430382488593,27.757957875798983,0.020301846318853903
2013-11-28,0.04213590745422508,58.93040920110679,27.26594196015622,0.02106795372711254
2013-11-29,0.03907147782119053,56.42998042451438,26.110133675016222,0.019535738910595266
2013-11-30,0.015322148165172758,54.62173920314187,25.275184682173546,0.007661074082586379
2013-12-01,0.051329196353328735,49.93665381525175,23.10792927252903,0.025664598176664367
2013-12-02,0.04749865931203554,51.29536712072491,23.736018172562176,0.02374932965601777
2013-12-03,0.054393625986363284,49.56178965816514,22.934668902679544,0.027196812993181642
2013-12-04,0.058224163027656484,48.85116535205708,22.60626216983219,0.029112081513828242
2013-12-05,0.06358691488546694,46.364090255760786,21.457025665649542,0.03179345744273347
2013-12-06,0.05975637784417376,45.730654021849666,21.16414596808442,0.02987818892208688
2013-12-07,0.05899027043591512,47.05692274747911,21.777054046898627,0.02949513521795756
2013-12-08,0.06588523711024286,43.681917549846574,20.217716532111744,0.03294261855512143
2013-12-09,0.06588523711024286,42.86324543049703,19.83942014391986,0.03294261855512143
2013-12-10,0.07431241860108788,41.882654374124876,19.386987451402746,0.03715620930054394
2013-12-11,0.0628208074772083,40.785038366615055,18.878828731128632,0.03141040373860415
2013-12-12,0.06741745192676013,41.39087429275086,19.159190930000573,0.033708725963380065
2013-12-13,0.06665134451850149,41.35513490304658,19.142610600453956,0.033325672259250746
2013-12-14,0.0628208074772083,37.83143540361663,17.513921577768752,0.03141040373860415
2013-12-15,0.060522485252432395,38.82014450615642,17.970562913084144,0.030261242626216198
2013-12-16,0.06588523711024286,36.356406671050344,16.832705315031586,0.03294261855512143
2013-12-17,0.06741745192676013,41.01960805758741,18.987639932470138,0.033708725963380065
2013-12-18,0.058224163027656484,40.97888917678238,18.967995621532015,0.029112081513828242
2013-12-19,0.058224163027656484,40.97888917678238,18.967995621532015,0.029112081513828242
2013-12-20,0.058224163027656484,40.76485455951047,18.86907696435324,0.029112081513828242
2013-12-21,0.030644296330345516,39.099362855151156,18.09634368085983,0.015322148165172758
2013-12-22,0.02987818892208688,38.651206443563716,17.889012292598153,0.01493909446104344
2013-12-23,0.026047651880793686,40.2287128947756,18.618148625080924,0.013023825940396843
2013-12-24,0.026047651880793686,40.04193309725526,18.531766009462235,0.013023825940396843
2013-12-25,0.026047651880793686,41.29266825327055,19.110210657423092,0.013023825940396843
2013-12-26,0.026047651880793686,41.29266825327055,19.110210657423092,0.013023825940396843
2013-12-27,0.01838657779820731,64.36075050154264,29.7799233416237,0.009193288899103655
2013-12-28,0.01838657779820731,68.29676570958702,31.600567838914,0.009193288899103655
2013-12-29,0.01838657779820731,68.76603832105019,31.817634733382118,0.009193288899103655
2013-12-30,0.015322148165172758,71.07959407357873,32.88843981728974,0.007661074082586379
2013-12-31,0.016088255573431395,73.46046161727917,33.98962792394801,0.008044127786715698
2014-01-01,0.016088255573431395,72.6893747965191,33.6329360268798,0.008044127786715698
2014-01-02,0.016088255573431395,71.43501962252724,33.052692253334996,0.008044127786715698
2014-01-03,0.016088255573431395,70.93548411540664,32.82161546290023,0.008044127786715698
2014-01-04,0.015322148165172758,73.20658780007044,33.872367919588235,0.007661074082586379
2014-01-05,0.015322148165172758,73.59762407844022,34.053257772959306,0.007661074082586379
2014-01-06,0.014556040756914121,80.57887902055418,37.28295757219124,0.0072780203784570605
2014-01-07,0.011491611123879567,78.63744009850979,36.38572814853835,0.005745805561939783
2014-01-08,0.011491611123879567,78.0382050363437,36.10850446280309,0.005745805561939783
2014-01-09,0.011491611123879567,78.01278492270627,36.0967443739176,0.005745805561939783
2014-01-10,0.011491611123879567,74.63335354406259,34.53332046629363,0.005745805561939783
2014-01-11,0.015322148165172758,76.69677855383364,35.48689866419661,0.007661074082586379
2014-01-12,0.01838657779820731,70.12424127733922,32.445885542351846,0.009193288899103655
2014-01-13,0.01072550371562093,70.78558007551283,32.75338703439875,0.005362751857810465
2014-01-14,0.01072550371562093,70.78558007551283,32.75338703439875,0.005362751857810465
2014-01-15,0.0007661074082586379,80.77190909615891,37.376496447690904,0.00038305370412931893
2014-01-16,0.0007661074082586379,80.77190909615891,37.376496447690904,0.00038305370412931893
2014-01-17,0.0007661074082586379,80.77190909615891,37.376496447690904,0.00038305370412931893
2014-01-18,0.0007661074082586379,78.54065056637062,36.34401160544972,0.00038305370412931893
2014-01-19,0.0007661074082586379,77.51799590340052,35.87079192952804,0.00038305370412931893
2014-01-20,0.0,77.23318628795532,35.73920875021127,0.0
2014-01-21,0.0,76.21027893279278,35.26586430781084,0.0
2014-01-22,0.011491611123879567,73.16027392503246,33.85183070183816,0.005745805561939783
2014-01-23,0.01072550371562093,72.07039256302298,33.34778875427742,0.005362751857810465
2014-01-24,0.01072550371562093,71.2781719259874,32.98127822160827,0.005362751857810465
2014-01-25,0.009959396307362292,69.3784100405973,32.10252665242956,0.004979698153681146
2014-01-26,0.01072550371562093,67.59103004357651,31.275470177518567,0.005362751857810465
2014-01-27,0.01072550371562093,67.7789310437822,31.362400121595947,0.005362751857810465
2014-01-28,0.009193288899103655,66.94550558644157,30.977086358424934,0.004596644449551828
2014-01-29,0.008427181490845016,73.6901767783802,34.097705246480956,0.004213590745422508
2014-01-30,0.008427181490845016,73.679868907366,34.09293620765143,0.004213590745422508
2014-01-31,0.008427181490845016,72.98193370991537,33.77002956159886,0.004213590745422508
2014-02-01,0.0015322148165172757,71.00757733549894,32.85802245509949,0.0007661074082586379
2014-02-02,0.0015322148165172757,70.53509435429089,32.639390936943,0.0007661074082586379
2014-02-03,0.0015322148165172757,69.99855616604904,32.391119224924246,0.0007661074082586379
2014-02-04,0.0015322148165172757,69.41910238126249,32.122989227214084,0.0007661074082586379
2014-02-05,0.0030644296330345515,69.01311865382358,31.93483751209405,0.0015322148165172757
2014-02-06,0.013023825940396843,74.54474090053466,34.49194958460726,0.0065119129701984215
2014-02-07,0.013023825940396843,72.51547167774153,33.553181316635424,0.0065119129701984215
2014-02-08,0.013023825940396843,73.4142890301714,33.96898676999081,0.0065119129701984215
2014-02-09,0.013023825940396843,73.34749058317185,33.938084876004226,0.0065119129701984215
2014-02-10,0.013023825940396843,73.0340458537379,33.79308096895704,0.0065119129701984215
2014-02-11,0.009193288899103655,76.50000597675881,35.39749759393599,0.004596644449551828
2014-02-12,0.00689496667432774,81.6678968529158,37.78916183741779,0.00344748333716387
2014-02-13,0.00689496667432774,81.6678968529158,37.78916183741779,0.00344748333716387
2014-02-14,0.009959396307362292,82.48356465559043,38.16555570356585,0.004979698153681146
2014-02-15,0.011491611123879567,80.63411122673091,37.30944667623228,0.005745805561939783
2014-02-16,0.0,79.75654849205318,36.90687996642148,0.0
2014-02-17,0.0,79.42766314515607,36.754690180753215,0.0
2014-02-18,0.0,79.34001727045718,36.714132560868414,0.0
2014-02-19,0.0015322148165172757,76.97303245240631,35.61841078775255,0.0007661074082586379
2014-02-20,0.0007661074082586379,77.36387779000542,35.799475847652786,0.00038305370412931893
2014-02-21,0.011491611123879567,73.6094884405321,34.05965048999013,0.005745805561939783
2014-02-22,0.011491611123879567,74.60117132653882,34.518432030151686,0.005745805561939783
2014-02-23,0.009959396307362292,81.62920420771161,37.77029045353172,0.004979698153681146
2014-02-24,0.009959396307362292,79.50693140462643,36.78843239557178,0.004979698153681146
2014-02-25,0.009193288899103655,78.34340187398944,36.25034887895673,0.004596644449551828
2014-02-26,0.0030644296330345515,80.01939805979806,37.02759215518029,0.0015322148165172757
2014-02-27,0.005362751857810465,75.72030404664787,35.03775195661762,0.0026813759289052324
2014-02-28,0.006128859266069103,73.84498862411836,34.16987851808017,0.0030644296330345515
2014-03-01,0.006128859266069103,73.14188747367645,33.84456563307451,0.0030644296330345515
2014-03-02,0.002298322224775914,73.21865037507068,33.880971914532246,0.001149161112387957
2014-03-03,0.002298322224775914,73.20637571107966,33.87529216711484,0.001149161112387957
2014-03-04,0.002298322224775914,72.70236743157173,33.64207684439975,0.001149161112387957
2014-03-05,0.004596644449551828,72.35948026962798,33.48290178782235,0.002298322224775914
2014-03-06,0.009959396307362292,73.74731194911875,34.123775540453025,0.004979698153681146
2014-03-07,0.01378993334865548,72.09199388865241,33.357105331896015,0.00689496667432774
2014-03-08,0.011491611123879567,70.14096178605196,32.45500849899885,0.005745805561939783
2014-03-09,0.014556040756914121,65.17815956750279,30.15860575472704,0.0072780203784570605
2014-03-10,0.009959396307362292,68.29281763088068,31.60028318326249,0.004979698153681146
2014-03-11,0.011491611123879567,70.65066036816728,32.690809987378515,0.005745805561939783
2014-03-12,0.016854362981690033,67.57611925874208,31.26749468201063,0.008427181490845016
2014-03-13,0.016088255573431395,66.94692409050434,30.97657414777249,0.008044127786715698
2014-03-14,0.015322148165172758,59.37961517212136,27.47613516680481,0.007661074082586379
2014-03-15,0.015322148165172758,59.030107459512195,27.314456053169888,0.007661074082586379
2014-03-16,0.013023825940396843,60.414603483660244,27.95515078036332,0.0065119129701984215
2014-03-17,0.009959396307362292,60.664110599937004,28.070903049257605,0.004979698153681146
2014-03-18,0.014556040756914121,61.267231121229884,28.349415588701625,0.0072780203784570605
2014-03-19,0.016088255573431395,55.62729459281166,25.74030241943278,0.008044127786715698
2014-03-20,0.019152685206465948,53.16570469712077,24.60151499653766,0.009576342603232974
2014-03-21,0.01838657779820731,54.077840391036716,25.023457037692598,0.009193288899103655
2014-03-22,0.01838657779820731,54.044315367261866,25.00794969159991,0.009193288899103655
2014-03-23,0.01838657779820731,54.044315367261866,25.00794969159991,0.009193288899103655
2014-03-24,0.014556040756914121,61.13565219532347,28.288547357007715,0.0072780203784570605
2014-03-25,0.014556040756914121,63.77011872119041,29.507247979327666,0.0072780203784570605
2014-03-26,0.011491611123879567,64.38327726665281,29.79133505172269,0.005745805561939783
2014-03-27,0.012257718532138206,64.63807341082234,29.90909906524108,0.006128859266069103
2014-03-28,0.011491611123879567,62.23596865821926,28.797927214922904,0.005745805561939783
2014-03-29,0.015322148165172758,61.433269287337666,28.426137026798614,0.007661074082586379
2014-03-30,0.01378993334865548,54.09151895120728,25.029972269590893,0.00689496667432774
2014-03-31,0.019152685206465948,53.84219394119422,24.914426902531854,0.009576342603232974
2014-04-01,0.01838657779820731,54.79083668036141,25.353260837254737,0.009193288899103655
2014-04-02,0.014556040756914121,52.63223748453088,24.35487930765669,0.0072780203784570605
2014-04-03,0.014556040756914121,52.63223748453088,24.35487930765669,0.0072780203784570605
2014-04-04,0.01378993334865548,51.42679928127962,23.797256169469,0.00689496667432774
2014-04-05,0.01378993334865548,51.0053427694443,23.602287733012524,0.00689496667432774
2014-04-06,0.054393625986363284,49.76707347745922,23.029551137428882,0.027196812993181642
2014-04-07,0.051329196353328735,48.29572196609303,22.34943985922181,0.025664598176664367
2014-04-08,0.0505630889450701,49.80685293850037,23.047929816113985,0.02528154447253505
2014-04-09,0.05899027043591512,46.92134910342519,21.714398105141537,0.02949513521795756
2014-04-10,0.053627518578104647,44.58538785524959,20.63453321139139,0.026813759289052323
2014-04-11,0.05515973339462192,43.658798475592285,20.20635342091843,0.02757986669731096
2014-04-12,0.05515973339462192,43.677027519383266,20.214778750052805,0.02757986669731096
2014-04-13,0.05745805561939783,43.78944351563974,20.26687933017696,0.028729027809698916
2014-04-14,0.058224163027656484,45.093627671745914,20.869671209114713,0.029112081513828242
2014-04-15,0.04520033708725963,42.39253397018599,19.620337679942796,0.022600168543629815
2014-04-16,0.056691948211139195,40.39796981993215,18.699369672082025,0.028345974105569598
2014-04-17,0.06435302229372558,41.969914198864075,19.42650183595406,0.03217651114686279
2014-04-18,0.06435302229372558,42.26413208781124,19.562460118536723,0.03217651114686279
2014-04-19,0.0628208074772083,46.41582548233348,21.480905486051906,0.03141040373860415
2014-04-20,0.06741745192676013,44.569851238581585,20.628100877988274,0.033708725963380065
2014-04-21,0.06741745192676013,44.833624595821924,20.749982639028605,0.033708725963380065
2014-04-22,0.0689496667432774,43.443443143236074,20.10772192488205,0.0344748333716387
2014-04-23,0.06741745192676013,43.49843643596025,20.13303221633729,0.033708725963380065
2014-04-24,0.06358691488546694,41.75954130621301,19.329225251279112,0.03179345744273347
2014-04-25,0.060522485252432395,42.0699764812684,19.47243692085768,0.030261242626216198
2014-04-26,0.05899027043591512,41.58688715255249,19.249053608195275,0.02949513521795756
2014-04-27,0.056691948211139195,44.937519212318094,20.797446250216243,0.028345974105569598
2014-04-28,0.056691948211139195,48.98351671258195,22.66741435866578,0.028345974105569598
2014-04-29,0.06128859266069103,47.65438225321492,22.053226432838663,0.030644296330345516
2014-04-30,0.058224163027656484,47.78913615259201,22.115432678627638,0.029112081513828242
2014-05-01,0.0505630889450701,46.891827627195426,21.700492696808883,0.02528154447253505
2014-05-02,0.0505630889450701,46.87955986470617,21.694822063869694,0.02528154447253505
2014-05-03,0.04903087412855282,43.03562378820765,19.917899855457545,0.02451543706427641
2014-05-04,0.06665134451850149,36.48909430818447,16.89412183557915,0.033325672259250746
2014-05-05,0.06818355933501877,36.330632991984494,16.821109841764816,0.034091779667509384
2014-05-06,0.05975637784417376,36.40492575306234,16.85429204878367,0.02987818892208688
2014-05-07,0.053627518578104647,36.50521869762468,16.899815019268306,0.026813759289052323
2014-05-08,0.04979698153681146,33.852927819025034,15.673286645342172,0.02489849076840573
2014-05-09,0.04520033708725964,33.064862281221565,15.30822787585806,0.02260016854362982
2014-05-10,0.04443422967900099,32.527807406022866,15.05981774388297,0.022217114839500497
2014-05-11,0.04443422967900099,32.54247176026189,15.066597072713122,0.022217114839500497
2014-05-12,0.04443422967900099,32.61923774977535,15.102085978491104,0.022217114839500497
2014-05-13,0.04979698153681146,33.192504605226794,15.368008506592885,0.02489849076840573
2014-05-14,0.04903087412855282,33.08245479448351,15.317008790236308,0.02451543706427641
2014-05-15,0.04443422967900099,32.15644416304853,14.888136570711719,0.022217114839500497
2014-05-16,0.04443422967900099,32.346627077477194,14.976058104368988,0.022217114839500497
2014-05-17,0.048264766720294186,31.55642776758143,14.611455566292008,0.024132383360147093
2014-05-18,0.04749865931203554,31.206691634476453,14.449642022709794,0.02374932965601777
2014-05-19,0.04903087412855282,30.88994944768676,14.303514669229479,0.02451543706427641
2014-05-20,0.054393625986363284,29.32622138006845,13.581783973652872,0.027196812993181642
2014-05-21,0.05515973339462192,27.544159548443638,12.758286566747909,0.02757986669731096
2014-05-22,0.041369800045966444,25.303596098420222,11.719309104017954,0.020684900022983222
2014-05-23,0.04979698153681146,25.414871376629467,11.772826892298264,0.02489849076840573
2014-05-24,0.06358691488546694,23.240853199099135,10.771585260985677,0.03179345744273347
2014-05-25,0.06358691488546694,22.658579808014537,10.502511878032857,0.03179345744273347
2014-05-26,0.06358691488546694,22.775879910813106,10.55671723236295,0.03179345744273347
2014-05-27,0.06358691488546694,23.204826829976923,10.754937175801563,0.03179345744273347
2014-05-28,0.05745805561939783,22.676426045102644,10.50908414941322,0.028729027809698916
2014-05-29,0.05745805561939783,22.290744978815088,10.330834079039132,0.028729027809698916
2014-05-30,0.05745805561939783,21.94558214663289,10.171310305369817,0.028729027809698916
2014-05-31,0.0628208074772083,20.835998053117848,9.660058243806546,0.03141040373860415
2014-06-01,0.060522485252432395,20.887715276289065,9.683288505413202,0.030261242626216198
2014-06-02,0.0628208074772083,20.779282081409466,9.633848886467625,0.03141040373860415
2014-06-03,0.05899027043591512,20.083704521514615,9.311265419906299,0.02949513521795756
2014-06-04,0.05899027043591512,20.045947483023777,9.293815842437825,0.02949513521795756
2014-06-05,0.058224163027656484,19.815769882200115,9.187207032204121,0.029112081513828242
2014-06-06,0.038305370412931895,17.41249932609006,8.070015776665803,0.019152685206465948
2014-06-07,0.056691948211139195,15.44232884630284,7.165439474754903,0.028345974105569598
2014-06-08,0.06435302229372558,13.611440534563796,6.322032254376918,0.03217651114686279
2014-06-09,0.060522485252432395,13.41987868396204,6.232110180438536,0.030261242626216198
2014-06-10,0.0689496667432774,13.062758066348726,6.070183593791652,0.0344748333716387
2014-06-11,0.058224163027656484,14.911238569083036,6.920519251654817,0.029112081513828242
2014-06-12,0.0505630889450701,13.815928457151742,6.411536500350169,0.02528154447253505
2014-06-13,0.053627518578104647,12.626524991794986,5.8628936321533365,0.026813759289052323
2014-06-14,0.05515973339462192,11.668057683501983,5.420469777412661,0.02757986669731096
2014-06-15,0.05286141116984601,11.458368182661399,5.322667031061902,0.026430705584923005
2014-06-16,0.05286141116984601,10.585018379197871,4.9189911428188555,0.026430705584923005
2014-06-17,0.05515973339462192,10.39660100598008,4.832811910601228,0.02757986669731096
2014-06-18,0.060522485252432395,10.270293116344389,4.776563944359478,0.030261242626216198
2014-06-19,0.06128859266069103,9.716365891218874,4.520881201946716,0.030644296330345516
2014-06-20,0.06358691488546694,9.716716794324698,4.521969204909765,0.03179345744273347
2014-06-21,0.07737684823412243,8.566071007183284,3.995959915760049,0.038688424117061214
2014-06-22,0.07584463341760515,7.9521363015794435,3.711695973294608,0.03792231670880258
2014-06-23,0.0727802037845706,8.0082187634545,3.7363184629407082,0.0363901018922853
2014-06-24,0.07354631119282924,8.817602988512514,4.110582745922283,0.03677315559641462
2014-06-25,0.07507852600934652,8.212674463421626,3.831740755705032,0.03753926300467326
2014-06-26,0.06971577415153604,6.998090659477985,3.2683049549052074,0.03485788707576802
2014-06-27,0.07048188155979469,6.728464503410556,3.1440564942977915,0.03524094077989752
2014-06-28,0.05899027043591512,6.552547874268838,3.0577832721617075,0.02949513521795756
2014-06-29,0.05899027043591512,6.563906413698739,3.063032669933168,0.02949513521795756
2014-06-30,0.06665134451850149,6.771334222307439,3.1622081024934747,0.03332567225925092
2014-07-01,0.0628208074772083,6.821886216171495,3.183913097061707,0.03141040373860415
2014-07-02,0.0628208074772083,6.821840731827374,3.1838920780190545,0.03141040373860415
2014-07-03,0.06971577415153604,6.161189926264547,2.881617449191306,0.03485788707576802
2014-07-04,0.06971577415153604,6.14281889262357,2.8731291674942168,0.03485788707576802
2014-07-05,0.0689496667432774,5.92618611775229,2.7726969825624463,0.0344748333716387
2014-07-06,0.06741745192676013,5.480639243143905,2.5661478228068755,0.033708725963380065
2014-07-07,0.060522485252432395,5.485342662621596,2.5652518611608257,0.030261242626216198
2014-07-08,0.060522485252432395,5.569516110854306,2.604151691987009,0.030261242626216198
2014-07-09,0.060522485252432395,5.805726211238631,2.7133135849272043,0.030261242626216198
2014-07-10,0.06128859266069103,5.441753015054363,2.5454487502804666,0.030644296330345516
2014-07-11,0.06128859266069103,5.188133544187319,2.4282432517617973,0.030644296330345516
2014-07-12,0.056691948211139195,5.363804883424645,2.5073747108499345,0.028345974105569598
2014-07-13,0.058224163027656484,5.898699240866057,2.755266455255388,0.029112081513828242
2014-07-14,0.06205470006894967,6.536704002995515,3.0517928611406755,0.031027350034474835
2014-07-15,0.06971577415153604,5.705432100592799,2.6710358953409354,0.03485788707576802
2014-07-16,0.06588523711024286,4.1689092816994835,1.9593344996168394,0.03294261855512143
2014-07-17,0.06511912970198422,3.8203474898146745,1.7979154182421797,0.03255956485099211
2014-07-18,0.07124798896805333,3.653967938866772,1.7238730745814463,0.035623994484026665
2014-07-19,0.08580402972496744,3.2920686643013557,1.5634629569503466,0.04290201486248372
2014-07-20,0.08580402972496744,3.2992507448091213,1.5667802605113148,0.04290201486248372
2014-07-21,0.08580402972496744,3.2992507448091213,1.5667802605113148,0.04290201486248372
2014-07-22,0.08580402972496744,3.2992507448091213,1.5667802605113148,0.04290201486248372
2014-07-23,0.08044127786715698,3.2009555919047217,1.5188693735162724,0.04022063893357849
2014-07-24,0.08044127786715698,3.3385901026980385,1.5824482296972622,0.0402206389335784
2014-07-25,0.06971577415153604,4.603301788568105,2.161799848083437,0.03485788707576802
2014-07-26,0.06971577415153604,4.603301788568105,2.161799848083437,0.03485788707576802
2014-07-27,0.0689496667432774,4.537425214766766,2.1310134800659863,0.0344748333716387
2014-07-28,0.06358691488546694,5.108743269533999,2.3925862658011283,0.03179345744273347
2014-07-29,0.06358691488546694,5.127208572713788,2.4011192361719376,0.03179345744273347
2014-07-30,0.0628208074772083,5.104523755717014,2.3902924457584485,0.03141040373860415
2014-07-31,0.06971577415153604,4.62236197404187,2.170606550344283,0.03485788707576802
2014-08-01,0.06971577415153604,3.740781002927419,1.7632746730066307,0.03485788707576802
2014-08-02,0.0689496667432774,3.907558858330916,1.8399807696594976,0.0344748333716387
2014-08-03,0.0689496667432774,4.225669962960231,1.986965500697598,0.0344748333716387
2014-08-04,0.06818355933501877,3.184967720491737,1.5057454847622622,0.034091779667509384
2014-08-05,0.06435302229372558,3.221899163087024,1.5210182618484878,0.03217651114686279
2014-08-06,0.07431241860108788,2.379802703091417,1.136627610587052,0.03715620930054394
2014-08-07,0.06971577415153604,2.5699846000273405,1.2223116617808085,0.03485788707576802
2014-08-08,0.06205470006894967,2.2940116279274436,1.0911443760684234,0.031027350034474835
2014-08-09,0.06358691488546694,2.6786650648782877,1.2696268907407755,0.03179345744273347
2014-08-10,0.06435302229372558,3.121483530957333,1.4746161313129889,0.03217651114686279
2014-08-11,0.06665134451850149,3.111820148987052,1.4712283175220564,0.033325672259250746
2014-08-12,0.06358691488546694,2.9693233910659584,1.4039425237547503,0.03179345744273347
2014-08-13,0.06358691488546694,2.9693233910659584,1.4039425237547503,0.03179345744273347
2014-08-14,0.06818355933501877,3.1149945131585746,1.4734134993651504,0.034091779667509384
2014-08-15,0.06205470006894967,3.283980466502086,1.5486323888751419,0.031027350034474748
2014-08-16,0.060522485252432395,4.211040561875691,1.9763471984526721,0.030261242626216198
2014-08-17,0.07048188155979469,1.7833643707205389,0.8592255052337063,0.035240940779897346
2014-08-18,0.06435302229372558,1.7074428838053952,0.8211870057869749,0.03217651114686279
2014-08-19,0.06435302229372558,1.7196600211638335,0.8268325531031956,0.03217651114686279
2014-08-20,0.060522485252432395,1.706298969217986,0.8188084939871032,0.030261242626216198
2014-08-21,0.0689496667432774,1.9062849923796656,0.9152827737715651,0.0344748333716387
2014-08-22,0.0727802037845706,1.8801114600256832,0.9050324202847534,0.0363901018922853
2014-08-23,0.0727802037845706,1.9581635214149522,0.9410937522866125,0.0363901018922853
2014-08-24,0.06588523711024286,1.7538974269420433,0.843392915065014,0.03294261855512143
2014-08-25,0.0628208074772083,1.8320961355479832,0.8780513207404763,0.03141040373860415
2014-08-26,0.0628208074772083,1.8662282047226573,0.893824295632197,0.03141040373860415
2014-08-27,0.06358691488546694,1.8612950135249207,0.8919133832897395,0.03179345744273347
2014-08-28,0.06511912970198422,1.4065672239754712,0.6825244407303187,0.03255956485099211
2014-08-29,0.0628208074772083,1.3431016103579945,0.6520791322821897,0.03141040373860415
2014-08-30,0.0628208074772083,1.4363253745497457,0.6951593242384178,0.03141040373860415
2014-08-31,0.0628208074772083,1.4470377641157333,0.7001096907336323,0.03141040373860415
2014-09-01,0.06205470006894967,1.6116927268845738,0.7758286752348454,0.031027350034474835
2014-09-02,0.06818355933501877,1.5714457483920394,0.7601977125777145,0.034091779667509384
2014-09-03,0.0689496667432774,1.8701805529743023,0.8986005478509624,0.0344748333716387
2014-09-04,0.0689496667432774,1.8777218795142114,0.9020850532234821,0.0344748333716387
2014-09-05,0.06435302229372558,2.11550365196715,1.0097521587325102,0.03217651114686279
2014-09-06,0.06511912970198422,2.802356124615769,1.3275087287860976,0.03255956485099211
2014-09-07,0.06971577415153604,2.7063642390527205,1.285325470171674,0.03485788707576802
2014-09-08,0.06971577415153604,2.294136666934182,1.0948569410822604,0.03485788707576802
2014-09-09,0.07814295564238107,2.0876687699643197,1.003496719749088,0.03907147782119053
2014-09-10,0.07507852600934652,2.6626593037388115,1.267670318338047,0.03753926300467326
2014-09-11,0.06818355933501877,3.2957596259414137,1.5569382541898757,0.034091779667509384
2014-09-12,0.06435302229372558,3.980175485494742,1.8714182558344585,0.03217651114686279
2014-09-13,0.06818355933501877,2.8465672378343827,1.3493833587336639,0.034091779667509384
2014-09-14,0.07584463341760515,2.243363507972241,1.0743242903642845,0.03792231670880258
2014-09-15,0.07124798896805333,2.0478116347154254,0.981777919850246,0.035623994484026665
2014-09-16,0.06588523711024286,3.4192564193728727,1.6129308985742294,0.03294261855512143
2014-09-17,0.07048188155979469,3.4646482385036244,1.6360448576124536,0.035240940779897346
2014-09-18,0.07048188155979469,3.4646131643263587,1.6360286519614087,0.035240940779897346
2014-09-19,0.07201409637631197,3.410702107465479,1.611833468911577,0.036007048188155984
2014-09-20,0.07201409637631197,3.4507322042994866,1.630328336603795,0.036007048188155984
2014-09-21,0.07048188155979469,3.1854849417650155,1.5070604216490318,0.035240940779897346
2014-09-22,0.07201409637631197,1.6847250076481013,0.8143905290832889,0.036007048188155984
2014-09-23,0.06588523711024286,1.486758121753576,0.7199517572334995,0.03294261855512143
2014-09-24,0.06588523711024286,1.495231625482771,0.723867239122185,0.03294261855512143
2014-09-25,0.06435302229372558,1.53965570350501,0.7436524379377553,0.03217651114686279
2014-09-26,0.06205470006894967,1.51224047285001,0.7298694366259515,0.031027350034474835
2014-09-27,0.0727802037845706,1.2669600637419807,0.6217464227693836,0.0363901018922853
2014-09-28,0.07201409637631197,1.2812198389213982,0.6279614345029624,0.036007048188155984
2014-09-29,0.06358691488546694,1.2967208751588462,0.6310189724102233,0.03179345744273347
2014-09-30,0.060522485252432395,1.31952382378739,0.6400646259275778,0.030261242626216198
2014-10-01,46.2437753773079,95.11748424862819,23.15103577238907,23.12188768865395
2014-10-02,24.866314257258868,21.192110759783002,16.969986540039653,12.433157128629432
2014-10-03,5.453918639393243,6.747341577789411,5.48125795824219,2.7269593196966215
2014-10-04,3.867310196889604,5.700696003160621,4.35115549344176,1.933655098444802
2014-10-05,3.7792078449398607,5.669732060569173,4.298968571728427,1.8896039224699304
2014-10-06,3.342526622232437,5.557785929479178,4.0573260223863,1.6712633111162185
2014-10-07,3.340228300007661,5.552308806280039,4.053953038547047,1.6701141500038306
2014-10-08,3.3409944074159195,5.56585705901217,4.060110284563709,1.6704972037079597
2014-10-09,2.7725427104880107,5.154431761375883,3.6285459182272786,1.3862713552440054
2014-10-10,2.21021987282617,4.657374807370344,3.15734487700544,1.1051099364130852
2014-10-11,2.1696161801884624,4.805533795648575,3.2042793274763546,1.0848080900942314
2014-10-12,2.1527618172067724,4.839137393926039,3.211488552754068,1.0763809086033864
2014-10-13,2.1527618172067724,4.83913760574886,3.211488646213809,1.0763809086033864
2014-10-14,2.129778594959013,4.905113606897698,3.2302340937459526,1.0648892974795066
2014-10-15,2.129778594959013,4.911024238289405,3.2328433207593053,1.0648892974795066
2014-10-16,2.129778594959013,4.911024238289405,3.2328433207593053,1.0648892974795066
2014-10-17,1.394315483030721,4.193087099741661,2.5790196006823414,0.6971577415153605
2014-10-18,0.43591511529916493,1.8664563819450637,1.073513251366881,0.21795755764958247
2014-10-19,0.2849919558722133,1.5260739544916615,0.8443286561567028,0.14249597793610666
2014-10-20,0.2604765188079369,1.5924161077075778,0.862971701992895,0.13023825940396846
2014-10-21,0.2466865854592814,1.301533958697247,0.722409869290819,0.12334329272964066
2014-10-22,0.2528154447253505,4.599910401203706,2.243360282089244,0.12640772236267525
2014-10-23,0.24132383360147094,14.598525687482985,6.840815237752166,0.12066191680073547
2014-10-24,0.17314027426645215,31.11607422287539,14.431478452736915,0.08657013713322607
2014-10-25,0.17314027426645215,31.349805606994906,14.539231611173872,0.08657013713322607
2014-10-26,0.13023825940396844,32.60182894661147,15.108966223184723,0.06511912970198422
2014-10-27,0.11491611123879567,29.838953514618993,13.830970866182668,0.05745805561939783
2014-10-28,0.0911667815827779,28.567195207017388,13.238843397415378,0.04558339079138895
2014-10-29,0.08580402972496744,27.768935202915685,12.86898876414454,0.04290201486248372
2014-10-30,0.07584463341760515,24.35295234178454,11.288639278837302,0.03792231670880258
2014-10-31,0.07431241860108788,22.36030076051857,10.367639143209011,0.03715620930054394
2014-11-01,0.07124798896805333,22.062800931150473,10.229337787150493,0.035623994484026665
2014-11-02,0.07584463341760515,18.681246899528823,8.668392184036518,0.03792231670880258
2014-11-03,0.06971577415153604,21.376517843127374,9.911814660513713,0.03485788707576802
2014-11-04,0.06818355933501877,21.576244118330788,10.003662081581895,0.034091779667509384
2014-11-05,0.03907147782119053,21.957628709183897,10.171721828146458,0.019535738910595266
2014-11-06,0.03753926300467326,25.35883332846445,11.743903071116334,0.01876963150233663
2014-11-07,0.03753926300467326,25.408690730344237,11.76695557839934,0.01876963150233663
2014-11-08,0.03217651114686279,27.34370020134303,12.66042859230112,0.016088255573431395
2014-11-09,0.028345974105569598,28.3508049183781,13.125307124016656,0.014172987052784799
2014-11-10,0.028345974105569598,28.195781620958925,13.053614935640736,0.014172987052784799
2014-11-11,0.02757986669731096,28.856687792144246,13.359096110170688,0.01378993334865548
2014-11-12,0.02757986669731096,28.725151430147456,13.298264699550153,0.01378993334865548
2014-11-13,0.04520033708725963,28.827201659873946,13.349190452476625,0.022600168543629815
2014-11-14,0.04520033708725963,28.7270159348838,13.302875373927014,0.022600168543629815
2014-11-15,0.026047651880793686,29.19167249289912,13.513697119829416,0.013023825940396843
2014-11-16,0.04979698153681146,31.57425611210422,14.619979246426354,0.02489849076840573
2014-11-17,0.04979698153681146,31.57425611210422,14.619979246426354,0.02489849076840573
2014-11-18,0.04903087412855282,34.31146967641102,15.885125697811139,0.02451543706427641
2014-11-19,0.04903087412855282,43.99443085134771,20.361112148231197,0.02451543706427641
2014-11-20,0.04290201486248372,50.304873549718096,23.278157505793978,0.02145100743124186
2014-11-21,0.060522485252432395,48.330974610521935,22.365888159277674,0.030261242626216198
2014-11-22,0.05975637784417376,46.60309319580074,21.567340794786514,0.02987818892208688
2014-11-23,0.06588523711024286,41.769324711966476,19.33393541198935,0.03294261855512143
2014-11-24,0.04443422967900099,41.12727904399927,19.035352230376866,0.022217114839500497
2014-11-25,0.04520033708725963,41.88379628533328,19.385152219764546,0.022600168543629815
2014-11-26,0.046732551903776905,40.00022788608044,18.514546471109934,0.023366275951888452
2014-11-27,0.046732551903776905,39.30799206497023,18.19454186158254,0.023366275951888452
2014-11-28,0.046732551903776905,39.201247326793066,18.145196237999084,0.023366275951888452
2014-11-29,0.041369800045966444,37.97182492075659,17.57621765354952,0.020684900022983222
2014-11-30,0.041369800045966444,37.643555755003646,17.424448806427336,0.020684900022983222
2014-12-01,0.04060369263770781,38.94609138028874,18.026566066873862,0.020301846318853903
2014-12-02,0.03677315559641462,38.73786205291478,17.929862302471605,0.01838657779820731
2014-12-03,0.04749865931203554,36.77672401962618,17.024496493865346,0.02374932965601777
2014-12-04,0.04749865931203554,37.12668615732687,17.186273214840295,0.02374932965601777
2014-12-05,0.0344748333716387,39.272850532722856,18.17698184021722,0.01723741668581935
2014-12-06,0.0344748333716387,39.969854094701205,18.499275902810698,0.01723741668581935
2014-12-07,0.0344748333716387,45.09957038565548,20.871253886210127,0.01723741668581935
2014-12-08,0.036007048188155984,41.60841848956965,19.25707575222536,0.018003524094077992
2014-12-09,0.0505630889450701,40.70206687079146,18.839346561833096,0.02528154447253505
2014-12-10,0.0505630889450701,40.6744469797474,18.826579583008037,0.02528154447253505
2014-12-11,0.05515973339462192,41.10704922107741,19.02695379995097,0.02757986669731096
2014-12-12,0.06588523711024286,37.52073097490999,17.37072251193343,0.03294261855512143
2014-12-13,0.06358691488546694,37.464703256242906,17.344544822748148,0.03179345744273347
2014-12-14,0.06358691488546694,37.11893441209897,17.184762160448923,0.03179345744273347
2014-12-15,0.06128859266069103,37.04406920854773,17.149868557404556,0.030644296330345516
2014-12-16,0.060522485252432395,41.039896696963886,18.99639690838085,0.030261242626216198
2014-12-17,0.060522485252432395,41.052702532936905,19.002314984251534,0.030261242626216198
2014-12-18,0.05745805561939783,40.096673421180235,18.560193192978932,0.028729027809698916
2014-12-19,0.0628208074772083,43.77263374462148,20.25944432295693,0.03141040373860415
2014-12-20,0.0727802037845706,40.54974084723894,18.77103517409361,0.0363901018922853
2014-12-21,0.0628208074772083,42.05403070228499,19.465250378930747,0.03141040373860415
2014-12-22,0.0628208074772083,42.05403070228499,19.465250378930747,0.03141040373860415
2014-12-23,0.06588523711024286,37.7117782408749,17.459002653616874,0.03294261855512143
2014-12-24,0.06435302229372558,38.090563495464544,17.633851290273732,0.03217651114686279
2014-12-25,0.05515973339462192,38.98828321901055,18.047675833930178,0.02757986669731096
2014-12-26,0.051329196353328735,40.5282142233176,18.75905772744861,0.025664598176664367
2014-12-27,0.051329196353328735,40.5282142233176,18.75905772744861,0.025664598176664367
2014-12-28,0.02374932965601777,43.96879108560661,20.347735284066168,0.011874664828008885
2014-12-29,0.01838657779820731,47.565379346433716,22.011050901547343,0.009193288899103655
2014-12-30,0.01838657779820731,47.13534606723183,21.812134565596594,0.009193288899103655
2014-12-31,0.015322148165172758,47.69757199625661,22.072127421113663,0.007661074082586379
2015-01-01,0.04443422967900099,46.2432494160869,21.40046458871024,0.022217114839500497
2015-01-02,0.04213590745422508,45.97614097070205,21.276887912042874,0.02106795372711254
2015-01-03,0.02987818892208688,42.46976083901988,19.654885264121326,0.01493909446104344
2015-01-04,0.03294261855512143,42.14790106230865,19.506283308204154,0.016471309277560714
2015-01-05,0.05745805561939783,43.76424833080495,20.255234881272276,0.028729027809698916
2015-01-06,0.0505630889450701,44.474939082093336,20.583313601909015,0.02528154447253505
2015-01-07,0.06971577415153604,40.7465427514467,18.861677314659477,0.03485788707576802
2015-01-08,0.051329196353328735,40.10171233563752,18.561915374018923,0.025664598176664367
2015-01-09,0.046732551903776905,40.14541932086168,18.581665113308162,0.023366275951888452
2015-01-10,0.046732551903776905,41.33073151283167,19.129607524827826,0.023366275951888452
2015-01-11,0.041369800045966444,42.29265714719624,19.573870171753608,0.020684900022983222
2015-01-12,0.03753926300467326,42.667775170181784,19.747017810817297,0.01876963150233663
2015-01-13,0.04290201486248372,39.99077846304376,18.509794814455212,0.02145100743124186
2015-01-14,0.04520033708725963,39.59647378820084,18.327740885630913,0.022600168543629815
2015-01-15,0.02145100743124186,47.14611330561914,21.817202518298092,0.01072550371562093
2015-01-16,0.016854362981690033,48.14527275499375,22.279258170125814,0.008427181490845016
2015-01-17,0.015322148165172758,48.186106159406116,22.29811891609025,0.007661074082586379
2015-01-18,0.009193288899103655,54.4050913006244,25.17523529950745,0.004596644449551828
2015-01-19,0.009959396307362292,62.62948492346352,28.98017287246639,0.004979698153681146
2015-01-20,0.015322148165172758,69.1963002020091,32.017245068549094,0.007661074082586379
2015-01-21,0.009959396307362292,67.81054430451636,31.377162031758505,0.004979698153681146
2015-01-22,0.007661074082586379,66.12631048147855,30.59833097829965,0.0038305370412931895
2015-01-23,0.007661074082586379,65.75872192114541,30.428259666450725,0.0038305370412931895
2015-01-24,0.014556040756914121,62.837053366791885,29.075613218777246,0.0072780203784570605
2015-01-25,0.017620470389948673,61.71593095057436,28.556624491417526,0.008810235194974337
2015-01-26,0.020684900022983222,60.84553021795568,28.153672618624636,0.010342450011491611
2015-01-27,0.020684900022983222,59.65465383662474,27.6028478157222,0.010342450011491611
2015-01-28,0.019918792614724585,57.637924350631266,26.670093622873768,0.009959396307362292
2015-01-29,0.017620470389948673,57.686129630660396,26.69256738657507,0.008810235194974337
2015-01-30,0.017620470389948673,57.70128954178352,26.699579876222685,0.008810235194974337
2015-01-31,0.011491611123879567,73.27553543511254,33.905154051330285,0.005745805561939783
2015-02-01,0.013023825940396843,69.08135907524968,31.964512891741,0.0065119129701984215
2015-02-02,0.015322148165172758,65.0993564006909,30.12203583993348,0.007661074082586379
2015-02-03,0.009959396307362292,63.67123876162164,29.462134663108625,0.004979698153681146
2015-02-04,0.013023825940396843,67.06681155941399,31.03255509090029,0.0065119129701984215
2015-02-05,0.009959396307362292,67.7954567410785,31.370181851964986,0.004979698153681146
2015-02-06,0.009959396307362292,66.1139473310267,30.592240598891983,0.004979698153681146
2015-02-07,0.012257718532138206,69.79129958037515,32.293092901712505,0.006128859266069103
2015-02-08,0.009193288899103655,66.86149270272901,30.938217607582967,0.004596644449551828
2015-02-09,0.012257718532138206,64.04146440158436,29.633094839148654,0.006128859266069103
2015-02-10,0.014556040756914121,63.969243371218134,29.599362770889943,0.0072780203784570605
2015-02-11,0.016088255573431395,61.07349872797811,28.259625577982433,0.008044127786715698
2015-02-12,0.014556040756914121,60.66760427537996,28.072029027505312,0.0072780203784570605
2015-02-13,0.008427181490845016,55.42241001777137,25.645941648534677,0.004213590745422508
2015-02-14,0.008427181490845016,54.15274452566145,25.05851830727971,0.004213590745422508
2015-02-15,0.009959396307362292,53.29917438597141,24.66355506009674,0.004979698153681146
2015-02-16,0.016088255573431395,53.936309465835976,24.958080915166185,0.008044127786715698
2015-02-17,0.011491611123879567,56.5076347271643,26.147832209218347,0.005745805561939783
2015-02-18,0.014556040756914121,52.83082500265651,24.44674562273353,0.0072780203784570605
2015-02-19,0.014556040756914121,51.020257684341495,23.60917965029949,0.0072780203784570605
2015-02-20,0.01838657779820731,52.16041153615755,24.136530511990507,0.009193288899103655
2015-02-21,0.01838657779820731,51.977255830546824,24.051809948186285,0.009193288899103655
2015-02-22,0.01838657779820731,55.99203668351126,25.908888308258966,0.009193288899103655
2015-02-23,0.016854362981690033,56.50809281208768,26.14769511984873,0.008427181490845016
2015-02-24,0.016088255573431395,57.01774716604409,26.38350257896964,0.008044127786715698
2015-02-25,0.014556040756914121,64.97731901509786,30.065697189065,0.0072780203784570605
2015-02-26,0.009193288899103655,66.60384659861757,30.81901705424435,0.004596644449551828
2015-02-27,0.009193288899103655,67.78037925085661,31.363342549293122,0.004596644449551828
2015-02-28,0.011491611123879567,60.05964425070014,27.791095819865387,0.005745805561939783
2015-03-01,0.006128859266069103,56.827264386274045,26.29606837772646,0.0030644296330345515
2015-03-02,0.006128859266069103,58.57033886855567,27.102559148299637,0.0030644296330345515
2015-03-03,0.014556040756914121,63.535334157773306,29.39863696045986,0.0072780203784570605
2015-03-04,0.016854362981690033,61.954863624261435,28.66723868561178,0.008427181490845016
2015-03-05,0.016854362981690033,59.58388732982877,27.570482777714407,0.008427181490845016
2015-03-06,0.014556040756914121,53.92675579837043,24.953721714341544,0.0072780203784570605
2015-03-07,0.016854362981690033,52.86914972845512,24.464408646319775,0.008427181490845016
2015-03-08,0.017620470389948673,54.406152948778896,25.17535515892378,0.008810235194974337
2015-03-09,0.017620470389948673,54.13582426621958,25.050309763043533,0.008810235194974337
2015-03-10,0.01378993334865548,53.2235904953108,24.62846310019802,0.00689496667432774
2015-03-11,0.01838657779820731,54.00210007674053,24.98842257284486,0.009193288899103655
2015-03-12,0.019152685206465948,48.566708765304504,22.47423714948893,0.009576342603232974
2015-03-13,0.015322148165172758,48.42327466119646,22.407830924633146,0.007661074082586379
2015-03-14,0.016854362981690033,49.91933949568882,23.099898251357473,0.008427181490845016
2015-03-15,0.016854362981690033,49.86599321754057,23.075221561902243,0.008427181490845016
2015-03-16,0.016854362981690033,49.31642034601833,22.821002531928194,0.008427181490845016
2015-03-17,0.016854362981690033,49.31642034601833,22.821002531928194,0.008427181490845016
2015-03-18,0.013023825940396843,47.19714089867462,21.840568092901762,0.0065119129701984215
2015-03-19,0.014556040756914121,48.67254722512575,22.523131993371393,0.0072780203784570605
2015-03-20,0.017620470389948673,48.434023417180555,22.41283919333444,0.008810235194974337
2015-03-21,0.016854362981690033,48.2615961444009,22.333066537952394,0.008427181490845016
2015-03-22,0.016854362981690033,47.77839853095658,22.109551086333855,0.008427181490845016
2015-03-23,0.016088255573431395,45.02019908815528,20.83363702705818,0.008044127786715698
2015-03-24,0.016088255573431395,44.90461710849438,20.780170731847075,0.008044127786715698
2015-03-25,0.016088255573431395,44.90461710849438,20.780170731847075,0.008044127786715698
2015-03-26,0.012257718532138206,61.80672410337996,28.599255663117308,0.006128859266069103
2015-03-27,0.01378993334865548,60.4428030312577,27.968116281616982,0.00689496667432774
2015-03-28,0.02374932965601777,43.78766206073116,20.263961895873752,0.011874664828008885
2015-03-29,0.02374932965601777,43.90445851765066,20.317981040137038,0.011874664828008885
2015-03-30,0.02145100743124186,45.60496114904016,21.10437389421704,0.01072550371562093
2015-03-31,0.026813759289052323,46.488973025305484,21.513443918015902,0.013406879644526162
2015-04-01,0.01838657779820731,46.00986279711958,21.29153065168533,0.009193288899103655
2015-04-02,0.019152685206465948,45.51985130684184,21.06490509732008,0.009576342603232974
2015-04-03,0.01838657779820731,44.74272973679311,20.705405163932387,0.009193288899103655
2015-04-04,0.017620470389948673,45.925910939341804,21.252666640668956,0.008810235194974337
2015-04-05,0.022983222247759134,46.1404272388401,21.35210199389607,0.011491611123879567
2015-04-06,0.019152685206465948,46.068893790504895,21.318866164018342,0.009576342603232974
2015-04-07,0.017620470389948673,42.914733552041774,19.859792362971962,0.008810235194974337
2015-04-08,0.022217114839500497,41.624162165791944,19.26320035574471,0.011108557419750248
2015-04-09,0.03294261855512143,42.95923870631683,19.881457818697445,0.016471309277560714
2015-04-10,0.029112081513828242,43.51558960993595,20.13847430639833,0.014556040756914121
2015-04-11,0.02374932965601777,43.94800183818846,20.3381201177758,0.011874664828008885
2015-04-12,0.02374932965601777,42.52777378675882,19.681255123576317,0.011874664828008885
2015-04-13,0.029112081513828242,38.88710315071731,17.99801650647284,0.014556040756914121
2015-04-14,0.029112081513828242,38.62295372864212,17.87585979373135,0.014556040756914121
2015-04-15,0.0689496667432774,37.0855571289818,17.17003080949322,0.0344748333716387
2015-04-16,0.06511912970198422,37.009654698851776,17.134462134916436,0.03255956485099211
2015-04-17,0.06511912970198422,37.009654698851776,17.134462134916436,0.03255956485099211
2015-04-18,0.05745805561939783,35.331996427427924,16.358104255553855,0.028729027809698916
2015-04-19,0.056691948211139195,30.452149430350094,14.102637484364976,0.028345974105569598
2015-04-20,0.058224163027656484,31.260359628937323,14.476461004943486,0.029112081513828242
2015-04-21,0.06358691488546694,31.474915073262366,14.576613822907476,0.03179345744273347
2015-04-22,0.06741745192676013,31.5823259709656,14.626954789035615,0.033708725963380065
2015-04-23,0.0505630889450701,31.40419154107132,14.541510003999687,0.02528154447253505
2015-04-24,0.06511912970198423,27.461767725266977,12.722450347697297,0.032559564850992116
2015-04-25,0.06511912970198422,27.496951247503716,12.738708407229616,0.03255956485099211
2015-04-26,0.07048188155979469,26.920633198731426,12.473633557155384,0.035240940779897346
2015-04-27,0.07048188155979469,26.867754118253018,12.449201339706114,0.035240940779897346
2015-04-28,0.07048188155979469,26.887771698639828,12.458450250095519,0.035240940779897346
2015-04-29,0.06205470006894967,25.90561770308138,12.002625951640018,0.031027350034474835
2015-04-30,0.05899027043591512,28.856595716479756,13.365694756735166,0.02949513521795756
2015-05-01,0.05899027043591512,28.856595716479756,13.365694756735166,0.02949513521795756
2015-05-02,0.06358691488546694,28.830077959134865,13.354412567356592,0.03179345744273347
2015-05-03,0.06358691488546694,29.21645737851794,13.532961714661946,0.03179345744273347
2015-05-04,0.06358691488546694,29.207620120703037,13.52887794423264,0.03179345744273347
2015-05-05,0.06588523711024286,28.135391006936768,13.0338944608473,0.03294261855512143
2015-05-06,0.06818355933501877,28.005428933203234,12.974346397366787,0.034091779667509384
2015-05-07,0.07048188155979469,21.58549243329249,10.008588436772161,0.035240940779897346
2015-05-08,0.07048188155979469,21.53461637298255,9.985081693515497,0.035240940779897346
2015-05-09,0.07048188155979469,21.533913518860455,9.984756947234153,0.035240940779897346
2015-05-10,0.06588523711024286,17.070096022865627,7.920783817629381,0.03294261855512143
2015-05-11,0.05975637784417376,16.665450676494885,7.731760105790834,0.02987818892208688
2015-05-12,0.05975637784417376,16.354085859234445,7.587863903872355,0.02987818892208688
2015-05-13,0.06358691488546694,16.127212332451034,7.484312577040633,0.03179345744273347
2015-05-14,0.05975637784417376,14.971994402316069,6.949134990617593,0.02987818892208688
2015-05-15,0.05975637784417376,15.7210932019194,7.295328478607109,0.02987818892208688
2015-05-16,0.06205470006894967,13.798182281510893,6.40749370568466,0.031027350034474835
2015-05-17,0.060522485252432395,13.406449402689033,6.22590398619789,0.030261242626216198
2015-05-18,0.06665134451850149,11.477555607243831,5.336847977100372,0.033325672259250746
2015-05-19,0.06665134451850149,11.478926446782658,5.337481411458638,0.033325672259250746
2015-05-20,0.06665134451850149,11.942661386828073,5.551762978216005,0.033325672259250746
2015-05-21,0.033708725963380065,17.859354071837735,8.27514665646198,0.016854362981690033
2015-05-22,0.033708725963380065,18.499005129985907,8.57092585333402,0.016854362981690033
2015-05-23,0.033708725963380065,18.432880996432832,8.540349583871086,0.016854362981690033
2015-05-24,0.03294261855512143,18.677650166354248,8.653292625380955,0.016471309277560714
2015-05-25,0.035240940779897346,18.996983645799162,8.801669692222895,0.017620470389948673
2015-05-26,0.0344748333716387,17.948418342336826,8.316576157882661,0.01723741668581935
2015-05-27,0.051329196353328735,14.798588260801818,6.866029439327952,0.025664598176664367
2015-05-28,0.05286141116984601,15.08731320175869,7.000021967376903,0.026430705584923005
2015-05-29,0.054393625986363284,14.81278076623063,6.873667941526547,0.027196812993181642
2015-05-30,0.04596644449551827,15.992997001004857,7.416298360795488,0.022983222247759134
2015-05-31,0.04596644449551827,15.992997001004857,7.416298360795488,0.022983222247759134
2015-06-01,0.05286141116984601,14.11118362159349,6.548839664763656,0.026430705584923005
2015-06-02,0.053627518578104647,12.899652295501255,5.989135235518131,0.026813759289052323
2015-06-03,0.054393625986363284,11.577140460304555,5.378154149319192,0.027196812993181642
2015-06-04,0.048264766720294186,12.073354308948439,5.605179848675705,0.024132383360147093
2015-06-05,0.04290201486248372,10.7897971685903,5.009737990774153,0.02145100743124186
2015-06-06,0.04290201486248372,10.738661508134504,4.986097198880602,0.02145100743124186
2015-06-07,0.060522485252432395,8.361642631104566,3.894502171425119,0.030261242626216198
2015-06-08,0.060522485252432395,8.331409244613385,3.8805301452755168,0.030261242626216198
2015-06-09,0.060522485252432395,8.714152163811411,4.05741056444952,0.030261242626216198
2015-06-10,0.06205470006894967,8.722656521798532,4.061973217278856,0.031027350034474835
2015-06-11,0.05975637784417376,8.15430127592376,3.7983610677148922,0.02987818892208688
2015-06-12,0.053627518578104647,7.668402383382297,3.571210086525862,0.026813759289052323
2015-06-13,0.05975637784417376,6.896506899337538,3.2170756316221376,0.02987818892208688
2015-06-14,0.05975637784417376,6.896506899337538,3.2170756316221376,0.02987818892208688
2015-06-15,0.05975637784417376,6.965878632638367,3.2491355445895715,0.02987818892208688
2015-06-16,0.05975637784417376,7.441722474712488,3.469045174017897,0.02987818892208688
2015-06-17,0.06665134451850149,5.84855717141353,2.735813420622133,0.033325672259250746
2015-06-18,0.06435302229372558,5.495010853388747,2.5714246889964176,0.03217651114686279
2015-06-19,0.05592584080288056,5.953153101126813,2.7794206193049833,0.02796292040144028
2015-06-20,0.05209530376158737,6.544502344089855,3.0510687537601875,0.026047651880793686
2015-06-21,0.056691948211139195,6.638409766176652,3.096468125135257,0.028345974105569598
2015-06-22,0.056691948211139195,6.632710779074003,3.0938341827930467,0.028345974105569598
2015-06-23,0.054393625986363284,6.313963710742872,2.945512484737824,0.027196812993181642
2015-06-24,0.06741745192676013,4.649932774460812,2.1823032663665782,0.033708725963380065
2015-06-25,0.07124798896805333,4.599786941015834,2.160871451970612,0.035623994484026665
2015-06-26,0.07124798896805333,4.017247459779399,1.891719735323954,0.035623994484026665
2015-06-27,0.0689496667432774,3.929794111114613,1.8502546727154259,0.0344748333716387
2015-06-28,0.06511912970198422,3.719793786832948,1.7514502554232967,0.03255956485099211
2015-06-29,0.06358691488546694,3.5872263529921233,1.68948062810183,0.03179345744273347
2015-06-30,0.0689496667432774,3.5727580667550454,1.6852844903250614,0.0344748333716387
2015-07-01,0.06741745192676013,3.3665314378470845,1.5892819822439983,0.03370872596338015
2015-07-02,0.07507852600934652,3.367094962968542,1.5931149517111387,0.03753926300467317
2015-07-03,0.07584463341760515,3.395413282352501,1.6065548698820413,0.03792231670880266
2015-07-04,0.07201409637631197,2.9384026715291087,1.3936197679811346,0.036007048188155984
2015-07-05,0.07431241860108788,2.873071045551285,1.3645181138586548,0.03715620930054394
2015-07-06,0.06358691488546694,2.934196365218679,1.3877100325873402,0.03179345744273347
2015-07-07,0.06818355933501877,3.258420858305338,1.5396854150537795,0.034091779667509384
2015-07-08,0.06665134451850149,3.171703148722338,1.4988989153082648,0.033325672259250746
2015-07-09,0.07048188155979469,2.2819738975206505,1.0896027408218065,0.035240940779897346
2015-07-10,0.07201409637631197,2.0987521932688,1.0056810485838872,0.036007048188155984
2015-07-11,0.08273960009193289,2.177811051707694,1.0473373136571187,0.041369800045966444
2015-07-12,0.06971577415153604,2.24187386687313,1.0707090690644707,0.03485788707576802
2015-07-13,0.07048188155979469,2.0741926225844467,0.9935996098066958,0.035240940779897346
2015-07-14,0.06971577415153604,1.760417192851068,0.8482534384282598,0.03485788707576802
2015-07-15,0.06128859266069103,1.751782871004775,0.8401980107618942,0.030644296330345516
2015-07-16,0.056691948211139195,3.245828511881923,1.5284941581614393,0.028345974105569598
2015-07-17,0.06741745192676013,3.412158054416598,1.6103646739759652,0.033708725963380065
2015-07-18,0.0628208074772083,2.8497870474846665,1.3483425626620322,0.03141040373860415
2015-07-19,0.060522485252432395,2.1373484762975092,1.0180132700198778,0.030261242626216198
2015-07-20,0.058224163027656484,1.6932885400213216,0.8116856237288455,0.029112081513828197
2015-07-21,0.07048188155979469,1.54033290786916,0.7469353993226772,0.035240940779897346
2015-07-22,0.06741745192676013,3.673398587372124,1.7310760928427358,0.033708725963380065
2015-07-23,0.06205470006894967,3.449865444416854,1.6252917603054398,0.031027350034474835
2015-07-24,0.056691948211139195,3.505088285576345,1.6483181344690856,0.028345974105569598
2015-07-25,0.056691948211139195,3.2557967642893737,1.5331012579180983,0.028345974105569598
2015-07-26,0.056691948211139195,3.2637020102288945,1.536754882962451,0.028345974105569598
2015-07-27,0.07124798896805333,2.335888765771271,1.1148786912962505,0.035623994484026665
2015-07-28,0.07048188155979469,1.9987472071478236,0.958740856991383,0.035240940779897346
2015-07-29,0.07048188155979469,1.9917496117723088,0.9555076923771388,0.035240940779897346
2015-07-30,0.06971577415153604,1.8281819966323516,0.8795639653634701,0.03485788707576802
2015-07-31,0.0727802037845706,0.9886866764729068,0.49317955564277627,0.0363901018922853
2015-08-01,0.0727802037845706,0.9886866764729068,0.49317955564277627,0.0363901018922853
2015-08-02,0.0727802037845706,1.0290140931431153,0.5118114833002517,0.0363901018922853
2015-08-03,0.0689496667432774,0.878514391627821,0.44039653710148735,0.0344748333716387
2015-08-04,0.06971577415153604,0.8139122962537872,0.4109236535613435,0.03485788707576804
2015-08-05,0.07201409637631197,0.6920855274064166,0.3557672105020009,0.036007048188155984
2015-08-06,0.0628208074772083,0.750777500100707,0.3783566904625346,0.03141040373860415
2015-08-07,0.05592584080288056,2.0094547226554798,0.9567026274655822,0.02796292040144028
2015-08-08,0.05899027043591512,2.2371148533938876,1.063387370956763,0.02949513521795756
2015-08-09,0.056691948211139195,1.6362383312444007,0.7845781509791788,0.028345974105569598
2015-08-10,0.06741745192676013,1.0872817180396663,0.5361090135742316,0.033708725963380065
2015-08-11,0.0727802037845706,0.9624691744886957,0.4810666398980294,0.0363901018922853
2015-08-12,0.07354631119282924,1.1033291722115353,0.5465208692207832,0.03677315559641462
2015-08-13,0.07201409637631197,1.6523061379438424,0.799412231418963,0.036007048188155935
2015-08-14,0.07201409637631197,1.7948184528665638,0.8652563491571036,0.036007048188155984
2015-08-15,0.06741745192676013,1.823045238459712,0.8760832798012645,0.033708725963380065
2015-08-16,0.06741745192676013,1.9110172048153529,0.916732488249699,0.033708725963380065
2015-08-17,0.06741745192676013,1.9967534892095202,0.9563486550845246,0.033708725963380065
2015-08-18,0.06818355933501877,2.78464097403498,1.3207695630657454,0.034091779667509384
2015-08-19,0.06818355933501877,2.805361509273179,1.3303437425020552,0.034091779667509384
2015-08-20,0.06205470006894967,2.630141230297433,1.2464778146998503,0.031027350034474835
2015-08-21,0.06741745192676013,1.9692786553523653,0.9436533579937375,0.033708725963380065
2015-08-22,0.06358691488546694,1.6401352402030507,0.7897136103103334,0.031793457442733514
2015-08-23,0.06358691488546694,1.7124024196669134,0.8231088757518468,0.03179345744273347
2015-08-24,0.06358691488546694,1.7105031736920167,0.8222312183707097,0.03179345744273347
2015-08-25,0.06588523711024286,1.6784316775113848,0.8085212982515643,0.03294261855512143
2015-08-26,0.06665134451850149,0.94818229783129,0.47145955177885734,0.033325672259250746
2015-08-27,0.07584463341760515,0.8139184801925838,0.4139410565467968,0.03792231670880258
2015-08-28,0.07507852600934652,0.8981646863988326,0.4524854305416013,0.03753926300467326
2015-08-29,0.06971577415153604,0.8023067925980504,0.40556136496116607,0.03485788707576802
2015-08-30,0.06435302229372558,0.7630775562744935,0.38479515850275714,0.03217651114686277
2015-08-31,0.0727802037845706,0.7913484664669684,0.40200606731956984,0.0363901018922853
2015-09-01,0.06971577415153604,0.7401540272302257,0.37684386375762,0.03485788707576802
2015-09-02,0.06971577415153604,0.8244170184078661,0.4157773293280993,0.03485788707576802
2015-09-03,0.06971577415153604,0.9215385160611994,0.46065202974156894,0.03485788707576802
2015-09-04,0.07354631119282924,1.4827032428719755,0.7217950031765674,0.03677315559641462
2015-09-05,0.07354631119282924,1.5015487014144009,0.7305017696123255,0.03677315559641462
2015-09-06,0.07124798896805333,1.7104534533128386,0.8259077401045275,0.035623994484026665
2015-09-07,0.0689496667432774,1.8215317544428733,0.8761221418368081,0.0344748333716387
2015-09-08,0.060522485252432395,1.8283093906498156,0.8751942647067251,0.030261242626216198
2015-09-09,0.060522485252432395,2.0371458469016646,0.9717057298908229,0.030261242626216198
2015-09-10,0.043668122270742356,2.776665678892039,1.3055074725560416,0.021834061135371178
2015-09-11,0.05592584080288056,3.3982263624746425,1.5985719621675683,0.02796292040144028
2015-09-12,0.0628208074772083,2.4677092476384277,1.1717783024404351,0.03141040373860415
2015-09-13,0.0628208074772083,2.4799678719084763,1.1774432087146198,0.03141040373860415
2015-09-14,0.04979698153681146,3.351017274286315,1.5738935821543965,0.024898490768405643
2015-09-15,0.051329196353328735,3.0675793528497524,1.4435945779069166,0.025664598176664367
2015-09-16,0.051329196353328735,3.046719221184753,1.4339523803737229,0.025664598176664367
2015-09-17,0.04979698153681146,3.7217694170573337,1.7452723612731809,0.02489849076840573
2015-09-18,0.0628208074772083,2.1960872726912757,1.0462574449455129,0.03141040373860415
2015-09-19,0.06741745192676013,2.010823031958599,0.9628497690151762,0.033708725963380065
2015-09-20,0.06741745192676013,1.6944659101735082,0.8166706267233967,0.033708725963380023
2015-09-21,0.07354631119282924,1.4049783476536244,0.6858854227656437,0.03677315559641462
2015-09-22,0.07354631119282924,1.5048933187927038,0.7320470120517336,0.03677315559641462
2015-09-23,0.07354631119282924,1.5423412215583485,0.7493482701853809,0.03677315559641462
2015-09-24,0.07354631119282924,1.5423412215583485,0.7493482701853809,0.03677315559641462
2015-09-25,0.05899027043591512,6.464908727243776,3.0172804640387714,0.02949513521795756
2015-09-26,0.07431241860108788,6.398140342527626,2.9931039098761087,0.03715620930054394
2015-09-27,0.06971577415153604,5.658205387458936,2.649214932375974,0.03485788707576802
2015-09-28,0.06435302229372558,4.843291532896173,2.27026475661711,0.03217651114686279
2015-09-29,0.06818355933501877,4.856374702948925,2.278039741507381,0.034091779667509384
2015-09-30,0.07048188155979469,5.398560412676748,2.529588435520836,0.035240940779897346
2015-10-01,20.21374396690416,11.965346803845534,13.225122211188337,10.10687198345208
2015-10-02,19.72113690339386,11.859953894069799,13.009775545609891,9.86056845169693
2015-10-03,18.254807323986824,13.038628878365314,12.780776929421075,9.127403661993412
2015-10-04,17.20983681912204,13.525759032004176,12.536123850120084,8.60491840956102
2015-10-05,5.918179728797977,11.27602108842742,7.509667991075547,2.9590898643989885
2015-10-06,5.8270129472151995,11.299895115698346,7.484021010713321,2.9135064736075997
2015-10-07,5.41637937638857,11.076005727976387,7.23362857185656,2.708189688194285
2015-10-08,4.581322301386654,9.92566442424168,6.428978083935346,2.290661150693327
2015-10-09,2.7181490845016474,7.731924697474674,4.7268125852311735,1.3590745422508237
2015-10-10,2.6369416992262313,7.990302972924271,4.805237549511733,1.3184708496131157
2015-10-11,2.2799356469777066,7.472327714474493,4.4273798462530625,1.1399678234888533
2015-10-12,0.9109017084195203,4.180626175429961,2.3519299603595667,0.45545085420976017
2015-10-13,0.9109017084195203,4.195396206303482,2.3586301659683455,0.45545085420976017
2015-10-14,0.9040067417451926,4.868425019540428,2.6608279055176842,0.4520033708725963
2015-10-15,0.8657013713322608,8.053042774998092,4.08963419412922,0.4328506856661304
2015-10-16,0.8649352639240021,8.457272214805153,4.272871339831042,0.43246763196200105
2015-10-17,0.8603386194744502,9.113871766650863,4.569150421016597,0.4301693097372251
2015-10-18,0.839653719451467,9.324349969702277,4.6563234452092495,0.4198268597257335
2015-10-19,0.7653413008503792,18.666068884910892,8.877426568377858,0.3826706504251896
2015-10-20,0.5109936413085114,31.258249874347392,14.560342880902027,0.2554968206542557
2015-10-21,0.28805638550524787,36.903103789785746,17.11442356612027,0.14402819275262393
2015-10-22,0.13100436681222707,35.67894035867266,16.528983810183203,0.06550218340611354
2015-10-23,0.09499731862407108,33.20755514349995,15.382555802803111,0.04749865931203554
2015-10-24,0.08427181490845016,30.525147507758106,14.141746675383068,0.04213590745422508
2015-10-25,0.08120738527541561,30.82194240541088,14.27824897936608,0.04060369263770781
2015-10-26,0.0689496667432774,25.258794801474288,11.705419689469986,0.0344748333716387
2015-10-27,0.06971577415153604,23.186780452579594,10.748241139014233,0.03485788707576802
2015-10-28,0.0689496667432774,23.7184952785861,10.993717055405538,0.0344748333716387
2015-10-29,0.06435302229372558,23.554752535214384,10.916843357228693,0.03217651114686279
2015-10-30,0.07048188155979469,17.315802066620194,8.035823355840526,0.035240940779897346
2015-10-31,0.0727802037845706,15.507642676175875,7.201175261412231,0.0363901018922853
2015-11-01,0.07201409637631197,15.26573883403465,7.089145618654421,0.036007048188155984
2015-11-02,0.07431241860108788,13.044323680132678,6.063647740216051,0.03715620930054394
2015-11-03,0.06358691488546694,11.977872384239433,5.566868032980452,0.03179345744273347
2015-11-04,0.06358691488546694,11.877410794045616,5.520443895549203,0.03179345744273347
2015-11-05,0.06971577415153604,11.060806766859574,5.145470902597624,0.03485788707576802
2015-11-06,0.07354631119282924,11.478567456059482,5.3399715697933265,0.03677315559641462
2015-11-07,0.0727802037845706,10.033553893612952,4.672056497832807,0.0363901018922853
2015-11-08,0.0727802037845706,9.70003910332863,4.517967196847006,0.0363901018922853
2015-11-09,0.07124798896805333,8.426464913030761,3.928918045200124,0.035623994484026665
2015-11-10,0.06358691488546694,7.298521439902764,3.4045009938979147,0.03179345744273347
2015-11-11,0.06511912970198422,7.413882289071301,3.458462713781611,0.03255956485099211
2015-11-12,0.06665134451850149,7.897902542330872,3.682770181879159,0.033325672259250746
2015-11-13,0.06511912970198422,7.034587272786112,3.2831931397582155,0.03255956485099211
2015-11-14,0.06511912970198422,6.844274845427174,3.1952510982274633,0.03255956485099211
2015-11-15,0.06511912970198422,6.840083326930765,3.1933142268481034,0.03255956485099211
2015-11-16,0.07431241860108788,7.4404139616308065,3.4746354397927357,0.03715620930054394
2015-11-17,0.07507852600934652,7.415007424389911,3.4632238391205785,0.03753926300467326
2015-11-18,0.06665134451850149,5.445006898329682,2.549341845344019,0.033325672259250746
2015-11-19,0.06741745192676013,6.213351639587392,2.904712256110274,0.033708725963380065
2015-11-20,0.06741745192676013,6.213351639587392,2.904712256110274,0.033708725963380065
2015-11-21,0.06741745192676013,7.274141154074084,3.3948712906368215,0.033708725963380065
2015-11-22,0.0628208074772083,11.955014207256525,5.55601361358855,0.03141040373860415
2015-11-23,0.058224163027656484,22.65238177096472,10.498181128592794,0.029112081513828242
2015-11-24,0.06588523711024286,20.508020807681433,9.509398475722922,0.03294261855512143
2015-11-25,0.06588523711024286,20.76421798159967,9.627783435058346,0.03294261855512143
2015-11-26,0.05592584080288056,21.174824433240527,9.81464784519243,0.02796292040144028
2015-11-27,0.0727802037845706,25.85808264159435,11.983248217778522,0.0363901018922853
2015-11-28,0.04903087412855282,25.89555310478942,11.99483554153669,0.02451543706427641
2015-11-29,0.04596644449551827,24.499171604612297,11.34857130901337,0.022983222247759134
2015-11-30,0.048264766720294186,21.57780072931314,9.998719973998508,0.024132383360147093
2015-12-01,0.03907147782119053,22.603042369588078,10.470131081337701,0.019535738910595266
2015-12-02,0.0628208074772083,14.355818222337355,6.665463534600392,0.03141040373860415
2015-12-03,0.07048188155979469,14.20269528935473,6.597445437071814,0.035240940779897346
2015-12-04,0.06511912970198422,13.223705433937564,6.143141351864031,0.03255956485099211
2015-12-05,0.0689496667432774,9.598672516479356,4.469586584033578,0.0344748333716387
2015-12-06,0.060522485252432395,9.214691746133893,4.288729412411206,0.030261242626216198
2015-12-07,0.07737684823412243,9.803034905539555,4.567400657618483,0.038688424117061214
2015-12-08,0.05209530376158737,12.81041675458198,5.947320037316702,0.026047651880793686
2015-12-09,0.05592584080288056,13.624974745423007,6.325221032840149,0.02796292040144028
2015-12-10,0.07124798896805333,8.643205935797859,4.029059272060316,0.035623994484026665
2015-12-11,0.06741745192676013,10.270689530962537,4.779486465720329,0.033708725963380065
2015-12-12,0.06741745192676013,10.46369789207376,4.86866984342708,0.033708725963380065
2015-12-13,0.060522485252432395,11.91724352437048,5.5376839126683555,0.030261242626216198
2015-12-14,0.06358691488546694,9.093553854791859,4.234000421107716,0.03179345744273347
2015-12-15,0.06971577415153604,9.407012416375025,4.381340119849798,0.03485788707576802
2015-12-16,0.054393625986363284,13.80048927358391,6.405786549947071,0.027196812993181642
2015-12-17,0.057458055619397846,16.404771566787954,7.6105160063557555,0.028729027809698923
2015-12-18,0.05975637784417376,17.167870950286737,7.9639519436535435,0.02987818892208688
2015-12-19,0.05899027043591512,17.192937757521502,7.975285146881826,0.02949513521795756
2015-12-20,0.0628208074772083,11.960782691715782,5.558679322487521,0.03141040373860415
2015-12-21,0.06128859266069103,12.96317246532489,6.0213321799841255,0.030644296330345516
2015-12-22,0.06588523711024286,12.397747940172806,5.7617602448438126,0.03294261855512143
2015-12-23,0.06971577415153604,10.80725221725958,5.028316773731269,0.03485788707576802
2015-12-24,0.06971577415153604,13.739678177322922,6.383235505650217,0.03485788707576802
2015-12-25,0.06818355933501877,9.960096754747,4.63627760337896,0.034091779667509384
2015-12-26,0.05745805561939783,8.330611429686542,3.878884514814219,0.028729027809698916
2015-12-27,0.07048188155979469,8.074786038533235,3.7661100588672296,0.035240940779897346
2015-12-28,0.060522485252432395,8.141655608169474,3.792837594818104,0.030261242626216198
2015-12-29,0.05745805561939783,10.23366841898047,4.75841963312522,0.028729027809698916
2015-12-30,0.06971577415153604,8.58602823381453,4.0020068092361,0.03485788707576802
2015-12-31,0.06971577415153604,13.189874998078155,6.129200574650207,0.03485788707576802
2016-01-01,0.06511912970198422,8.043224220843678,3.7492772184833227,0.03255956485099211
2016-01-02,0.06511912970198422,8.40116156168079,3.9146775600697175,0.03255956485099211
2016-01-03,0.015322148165172758,46.962588794264526,21.732130824908303,0.007661074082586379
2016-01-04,0.009959396307362292,48.18130724659061,22.29580145035134,0.004979698153681146
2016-01-05,0.016088255573431395,47.852159369498956,22.1436545996301,0.008044127786715698
2016-01-06,0.016854362981690033,54.915286156868056,25.410901541038022,0.008427181490845016
2016-01-07,0.016088255573431395,53.864717988437185,24.924963892283962,0.008044127786715698
2016-01-08,0.016088255573431395,53.16615166546467,24.601818767428345,0.008044127786715698
2016-01-09,0.016088255573431395,53.12979073800811,24.584998809098813,0.008044127786715698
2016-01-10,0.014556040756914121,55.0279636448847,25.463138962453634,0.0072780203784570605
2016-01-11,0.012257718532138206,55.424321700060716,25.646618326667177,0.006128859266069103
2016-01-12,0.011491611123879567,59.332354202112725,27.454630147881566,0.005745805561939783
2016-01-13,0.009959396307362292,58.647191509702445,27.137786317930136,0.004979698153681146
2016-01-14,0.009959396307362292,56.196762407572876,26.00410851935125,0.004979698153681146
2016-01-15,0.014556040756914121,57.25360601194288,26.492718086410378,0.0072780203784570605
2016-01-16,0.015322148165172758,56.939793731543034,26.34749578716028,0.007661074082586379
2016-01-17,0.01072550371562093,57.703669352980334,26.701211866144003,0.005362751857810465
2016-01-18,0.019152685206465948,55.5236508031343,25.692189263317555,0.009576342603232974
2016-01-19,0.013023825940396843,57.51076228577894,26.611793309022918,0.0065119129701984215
2016-01-20,0.017620470389948673,56.261865381107036,26.033748332535524,0.008810235194974337
2016-01-21,0.016854362981690033,54.96636326399997,25.434528567228366,0.008427181490845016
2016-01-22,0.019918792614724585,56.173010335483866,25.99250495683118,0.009959396307362292
2016-01-23,0.016854362981690033,54.515793510726816,25.22610596933797,0.008427181490845016
2016-01-24,0.015322148165172758,54.76961449719722,25.343590458666686,0.007661074082586379
2016-01-25,0.02145100743124186,53.82408586102409,24.90596307188744,0.01072550371562093
2016-01-26,0.02145100743124186,53.21369935918722,24.62364119445008,0.01072550371562093
2016-01-27,0.020684900022983222,52.95096119468169,24.502139601079502,0.010342450011491611
2016-01-28,0.014556040756914121,50.5813026999907,23.406119673129076,0.0072780203784570605
2016-01-29,0.019152685206465948,45.53629058145168,21.072509127681823,0.009576342603232974
2016-01-30,0.015322148165172758,45.62336950844198,21.112620069399707,0.007661074082586379
2016-01-31,0.015322148165172758,45.56114808705499,21.08383700139856,0.007661074082586379
2016-02-01,0.016854362981690033,45.697235476635676,21.14685572726011,0.008427181490845016
2016-02-02,0.016854362981690033,45.49264395058185,21.052216668475694,0.008427181490845016
2016-02-03,0.016854362981690033,45.49264395058185,21.052216668475694,0.008427181490845016
2016-02-04,0.019152685206465948,54.82089155140617,25.367126095144798,0.009576342603232974
2016-02-05,0.022217114839500497,50.45811158881055,23.349096536821108,0.011108557419750248
2016-02-06,0.022217114839500497,50.85575140774937,23.533013711331133,0.011108557419750248
2016-02-07,0.017620470389948673,56.46064170812172,26.125695898986294,0.008810235194974337
2016-02-08,0.017620470389948673,56.910867576376404,26.333955974825944,0.008810235194974337
2016-02-09,0.017620470389948673,56.90204378048309,26.329874369277473,0.008810235194974337
2016-02-10,0.017620470389948673,57.571416035286084,26.639504549103947,0.008810235194974337
2016-02-11,0.009959396307362292,69.43204599154475,32.12734103565001,0.004979698153681146
2016-02-12,0.013023825940396843,66.41174748821891,30.729513307868682,0.0065119129701984215
2016-02-13,0.012257718532138206,66.44808398917412,30.746449090402734,0.006128859266069103
2016-02-14,0.012257718532138206,66.16747132890215,30.616631607041178,0.006128859266069103
2016-02-15,0.012257718532138206,65.66331662519737,30.383398741508987,0.006128859266069103
2016-02-16,0.012257718532138206,65.48058643442609,30.2988638047135,0.006128859266069103
2016-02-17,0.012257718532138206,66.43616291014119,30.74093414151372,0.006128859266069103
2016-02-18,0.014556040756914121,72.43306341323057,33.514714380457384,0.0072780203784570605
2016-02-19,0.014556040756914121,72.12903560421516,33.374071530600816,0.0072780203784570605
2016-02-20,0.01378993334865548,65.37444651327121,30.249525612942385,0.00689496667432774
2016-02-21,0.01378993334865548,62.188445812251445,28.7756616251206,0.00689496667432774
2016-02-22,0.014556040756914121,61.01069673890156,28.230743133265097,0.0072780203784570605
2016-02-23,0.014556040756914121,60.74212727843702,28.106503267094634,0.0072780203784570605
2016-02-24,0.012257718532138206,56.4857386951181,26.137652775939646,0.006128859266069103
2016-02-25,0.013023825940396843,55.72766675867694,25.786908428887667,0.0065119129701984215
2016-02-26,0.01072550371562093,55.916353902304564,25.87433371219159,0.005362751857810465
2016-02-27,0.01072550371562093,55.714206508862404,25.78081286031704,0.005362751857810465
2016-02-28,0.01072550371562093,55.714206508862404,25.78081286031704,0.005362751857810465
2016-02-29,0.01072550371562093,55.725667969328576,25.78611535533451,0.005362751857810465
2016-03-01,0.016088255573431395,59.81984908761247,27.679708172520712,0.008044127786715698
2016-03-02,0.016088255573431395,59.49958060838691,27.531557317972954,0.008044127786715698
2016-03-03,0.016088255573431395,59.49958060838691,27.531557317972954,0.008044127786715698
2016-03-04,0.016088255573431395,59.73877507513763,27.64220468713618,0.008044127786715698
2016-03-05,0.016088255573431395,59.73877507513763,27.64220468713618,0.008044127786715698
2016-03-06,0.014556040756914121,63.29720671142554,29.288479528506922,0.0072780203784570605
2016-03-07,0.016088255573431395,63.32786234391502,29.302456570810794,0.008044127786715698
2016-03-08,0.016088255573431395,64.5948935529096,29.888564066637812,0.008044127786715698
2016-03-09,0.016854362981690033,64.13517796337955,29.675799015006948,0.008427181490845016
2016-03-10,0.013023825940396843,75.80225066476106,35.07369115445948,0.0065119129701984215
2016-03-11,0.013023825940396843,75.51706166801611,34.941758743761234,0.0065119129701984215
2016-03-12,0.009959396307362292,71.76437857779445,33.20638211855074,0.004979698153681146
2016-03-13,0.009959396307362292,71.38421911425117,33.03050339454925,0.004979698153681146
2016-03-14,0.012257718532138206,63.80658463230814,29.524434379886305,0.006128859266069103
2016-03-15,0.012257718532138206,63.63915805118562,29.446979223771507,0.006128859266069103
2016-03-16,0.009959396307362292,65.2567386397863,30.19565762443925,0.004979698153681146
2016-03-17,0.01072550371562093,64.05611193019465,29.64008647238638,0.005362751857810465
2016-03-18,0.011491611123879567,62.999392772117545,29.151109563547557,0.005745805561939783
2016-03-19,0.009193288899103655,55.753720968328814,25.799181868362652,0.004596644449551828
2016-03-20,0.009193288899103655,56.75733434634175,26.263505869727865,0.004596644449551828
2016-03-21,0.016854362981690033,58.13913060655219,26.90217349286464,0.008427181490845016
2016-03-22,0.01378993334865548,58.806552891660225,27.211176662912823,0.00689496667432774
2016-03-23,0.01072550371562093,57.58883455570226,26.648085046730625,0.005362751857810465
2016-03-24,0.019152685206465948,51.483272921244264,23.82330168670777,0.009576342603232974
2016-03-25,0.014556040756914121,54.02711289104022,25.000146768556515,0.0072780203784570605
2016-03-26,0.016854362981690033,52.88403391977352,24.47129371083985,0.008427181490845016
2016-03-27,0.016088255573431395,53.500975587194446,24.756702726809067,0.008044127786715698
2016-03-28,0.01838657779820731,52.97061631849536,24.51129910425276,0.009193288899103655
2016-03-29,0.014556040756914121,53.069311696983526,24.557069242311776,0.0072780203784570605
2016-03-30,0.015322148165172758,52.89641491786588,24.477065238417055,0.007661074082586379
2016-03-31,0.015322148165172758,52.07957221232038,24.09920117462904,0.007661074082586379
2016-04-01,0.015322148165172758,51.78016865232197,23.96069978981464,0.007661074082586379
2016-04-02,0.015322148165172758,51.70803303107176,23.927330502429896,0.007661074082586379
2016-04-03,0.012257718532138206,51.17325145925169,23.679981327038785,0.006128859266069103
2016-04-04,0.009959396307362292,46.28544984663771,21.41869325663529,0.004979698153681146
2016-04-05,0.008427181490845016,45.39787842214751,21.00799261313039,0.004213590745422508
2016-04-06,0.009959396307362292,43.92903191700141,20.3285092196108,0.004979698153681146
2016-04-07,0.048264766720294186,42.002006421944635,19.4400449359819,0.024132383360147093
2016-04-08,0.048264766720294186,42.19607683609813,19.52975622625699,0.024132383360147093
2016-04-09,0.048264766720294186,45.96000559057302,21.26967576288658,0.024132383360147093
2016-04-10,0.05209530376158737,39.98315064113035,18.50718923452048,0.026047651880793686
2016-04-11,0.06128859266069103,37.19652964772622,17.220325300008742,0.030644296330345516
2016-04-12,0.060522485252432395,36.08498891642028,16.7065409209011,0.030261242626216198
2016-04-13,0.06665134451850149,35.433318966728606,16.40627161172325,0.033325672259250746
2016-04-14,0.06128859266069103,34.664774166073926,16.05032182062293,0.030644296330345516
2016-04-15,0.060522485252432395,34.195850532037326,15.833496450196026,0.030261242626216198
2016-04-16,0.060522485252432395,33.57240412368922,15.545377568017349,0.030261242626216198
2016-04-17,0.05515973339462192,36.848075462344305,17.058487647615355,0.02757986669731096
2016-04-18,0.053627518578104647,36.63784847020211,16.96111755078705,0.026813759289052323
2016-04-19,0.06128859266069103,41.43524421700629,19.179168020058633,0.030644296330345516
2016-04-20,0.06741745192676013,32.06457191472904,14.8497861829845,0.033708725963380065
2016-04-21,0.06588523711024286,30.297147728345784,14.032810559893544,0.03294261855512143
2016-04-22,0.05515973339462192,30.062705999335503,13.922340097601401,0.02757986669731096
2016-04-23,0.04903087412855282,39.72311683527807,18.386680637455054,0.02451543706427641
2016-04-24,0.04596644449551827,38.098048176474684,17.635121604725622,0.022983222247759134
2016-04-25,0.035240940779897346,35.136821622554606,16.26459822148859,0.017620470389948673
2016-04-26,0.035240940779897346,35.196166772427034,16.292038931407387,0.017620470389948673
2016-04-27,0.053627518578104647,44.423622330357084,20.559763904352284,0.026813759289052323
2016-04-28,0.04749865931203554,43.018598644949826,19.909922946726976,0.02374932965601777
2016-04-29,0.06588523711024286,41.40224545113508,19.164313465338726,0.03294261855512143
2016-04-30,0.060522485252432395,39.898260179991205,18.468802182162026,0.030261242626216198
2016-05-01,0.060522485252432395,40.656208788064795,18.81907977263796,0.030261242626216198
2016-05-02,0.05515973339462192,40.59151133442035,18.78867600402651,0.02757986669731096
2016-05-03,0.053627518578104647,39.00414313320807,18.054837688751316,0.026813759289052323
2016-05-04,0.0689496667432774,34.95797443308154,16.18697122506714,0.0344748333716387
2016-05-05,0.0689496667432774,31.680942840416748,14.672803375401939,0.0344748333716387
2016-05-06,0.05592584080288056,30.764804642668253,14.246992256856913,0.02796292040144028
2016-05-07,0.06511912970198422,28.431526484591206,13.170569087344578,0.03255956485099211
2016-05-08,0.06358691488546694,27.928600930789905,12.937832525429528,0.03179345744273347
2016-05-09,0.06358691488546694,27.928600930789905,12.937832525429528,0.03179345744273347
2016-05-10,0.06435302229372558,27.920249002020242,12.934142184201768,0.03217651114686279
2016-05-11,0.06435302229372558,27.921006842307378,12.934492382703564,0.03217651114686279
2016-05-12,0.06435302229372558,30.716163856081597,14.226136301778364,0.03217651114686279
2016-05-13,0.06435302229372558,30.84207111622202,14.284318130608137,0.03217651114686279
2016-05-14,0.0628208074772083,31.805123740372633,14.729066605525757,0.03141040373860415
2016-05-15,0.06971577415153604,26.84570034764462,12.438834242448436,0.03485788707576802
2016-05-16,0.06588523711024286,26.96561972601781,12.493360295675249,0.03294261855512143
2016-05-17,0.07201409637631197,24.800800354950184,11.494573414589256,0.036007048188155984
2016-05-18,0.06818355933501877,23.89928213481874,11.077050512505346,0.034091779667509384
2016-05-19,0.06511912970198422,25.836250011718086,11.97130998204857,0.03255956485099211
2016-05-20,0.056691948211139195,25.085886134314283,11.622472525173617,0.028345974105569598
2016-05-21,0.06665134451850149,23.544075215273114,10.912517402966351,0.033325672259250746
2016-05-22,0.06741745192676013,21.18404784280921,9.822222183338654,0.033708725963380065
2016-05-23,0.06741745192676013,21.22868219633466,9.842846380063808,0.033708725963380065
2016-05-24,0.04979698153681146,23.892282000348196,11.069015697962225,0.02489849076840573
2016-05-25,0.0628208074772083,22.150185895527525,10.267365457888761,0.03141040373860415
2016-05-26,0.04749865931203554,21.81335687190584,10.107392581405026,0.02374932965601777
2016-05-27,0.056691948211139195,19.96790255472291,9.257056809326007,0.028345974105569598
2016-05-28,0.051329196353328735,18.55789669374878,8.60369797760923,0.025664598176664367
2016-05-29,0.051329196353328735,18.57276038188007,8.610568433622417,0.025664598176664367
2016-05-30,0.051329196353328735,19.40438546781401,8.99497124952546,0.025664598176664367
2016-05-31,0.04520033708725963,20.22861262213312,9.374129866370787,0.022600168543629815
2016-06-01,0.04520033708725963,19.963444946203534,9.251544919855666,0.022600168543629815
2016-06-02,0.04520033708725963,20.326442509346755,9.41935585950748,0.022600168543629815
2016-06-03,0.04520033708725963,21.030720775254512,9.744938203793632,0.022600168543629815
2016-06-04,0.04443422967900099,20.930477164246383,9.698373661221817,0.022217114839500497
2016-06-05,0.04520033708725963,21.055439092101164,9.756365288704975,0.022600168543629815
2016-06-06,0.04520033708725963,19.99841065575754,9.267709294417964,0.022600168543629815
2016-06-07,0.04520033708725963,17.063855163518916,7.91108719935817,0.022600168543629815
2016-06-08,0.04520033708725963,17.111506580597982,7.933116077476626,0.022600168543629815
2016-06-09,0.04520033708725963,17.30170374223458,8.021042740501501,0.022600168543629815
2016-06-10,0.06665134451850149,10.737186723480313,4.994740038510036,0.033325672259250746
2016-06-11,0.06665134451850149,10.701350041102243,4.978180707339936,0.033325672259250746
2016-06-12,0.06511912970198422,10.80306386724909,5.024579815221507,0.03255956485099211
2016-06-13,0.060522485252432395,11.67592891348905,5.426163026495058,0.030261242626216198
2016-06-14,0.05286141116984601,12.307931651670796,5.7153485048667285,0.026430705584923005
2016-06-15,0.053627518578104647,11.821914717051007,5.490996389405664,0.026813759289052323
2016-06-16,0.05515973339462192,12.019914960075708,5.583095606690932,0.02757986669731096
2016-06-17,0.05209530376158737,11.674059371740451,5.422069241818649,0.026047651880793686
2016-06-18,0.05209530376158737,11.949905977219375,5.549571954566412,0.026047651880793686
2016-06-19,0.04979698153681146,12.84504282098097,5.962471069405721,0.02489849076840573
2016-06-20,0.06741745192676013,9.457106839724485,4.403554293504501,0.033708725963380065
2016-06-21,0.06588523711024286,9.166082427534745,4.268454973563056,0.03294261855512143
2016-06-22,0.07124798896805333,7.595427047677049,3.5449521935061306,0.035623994484026665
2016-06-23,0.0689496667432774,6.420701046101474,3.001189929460447,0.0344748333716387
2016-06-24,0.06818355933501877,5.9581042491564205,2.7871074969690586,0.034091779667509384
2016-06-25,0.06665134451850149,6.119895603549811,2.8611928547315317,0.033325672259250746
2016-06-26,0.06741745192676013,5.9874064631644135,2.8003097634206573,0.033708725963380065
2016-06-27,0.06128859266069103,5.424901356813702,2.5376610713683916,0.030644296330345516
2016-06-28,0.06358691488546694,4.911505799464639,2.301441188369781,0.03179345744273347
2016-06-29,0.06435302229372558,4.460252584606287,2.0932622033117445,0.03217651114686279
2016-06-30,0.06818355933501877,4.56850896079237,2.145027816994332,0.034091779667509384
2016-07-01,0.06665134451850149,4.272149864899642,2.0073907845048793,0.033325672259250746
2016-07-02,0.06588523711024286,4.2596831872896255,2.001279791040842,0.03294261855512143
2016-07-03,0.06128859266069103,3.4519705896081407,1.6259079897827495,0.030644296330345516
2016-07-04,0.05592584080288056,3.1893481328499727,1.5020315904903552,0.02796292040144028
2016-07-05,0.056691948211139195,3.1180562242045333,1.4694407101341538,0.028345974105569598
2016-07-06,0.05899027043591512,3.004140857222335,1.4178717322603027,0.02949513521795756
2016-07-07,0.06205470006894967,3.007728725786104,1.4209699262096345,0.031027350034474835
2016-07-08,0.0628208074772083,3.199382337652673,1.5098961358094631,0.03141040373860415
2016-07-09,0.0628208074772083,2.4202587190448615,1.149850654506903,0.03141040373860415
2016-07-10,0.07048188155979469,1.897771752883601,0.9120862209178731,0.035240940779897346
2016-07-11,0.05745805561939783,1.8805070314214178,0.8978422407458813,0.028729027809698916
2016-07-12,0.056691948211139195,1.7919493978261605,0.856544267770295,0.028345974105569598
2016-07-13,0.051329196353328735,1.893721555254955,0.9010012260500091,0.025664598176664367
2016-07-14,0.0689496667432774,2.348452612528646,1.1195884008797035,0.0344748333716387
2016-07-15,0.06435302229372558,2.1859456186577106,1.0423034384907361,0.03217651114686279
2016-07-16,0.06588523711024286,2.005577594777537,0.9596906320891898,0.03294261855512143
2016-07-17,0.06741745192676013,1.8269265659111171,0.8778767248629672,0.033708725963380065
2016-07-18,0.07048188155979469,1.6480646245073376,0.7967116946605188,0.03524094077989739
2016-07-19,0.07967517045889834,1.724710400362224,0.8365631480965403,0.03983758522944917
2016-07-20,0.06665134451850149,1.5938651067064133,0.7698151682448273,0.033325672259250746
2016-07-21,0.05975637784417376,1.4774931164468905,0.7126966579065519,0.02987818892208688
2016-07-22,0.060522485252432395,1.4957391245450105,0.7215005838499094,0.030261242626216198
2016-07-23,0.060522485252432395,1.6975913886759924,0.8147843816678305,0.030261242626216198
2016-07-24,0.03677315559641462,1.8294634477938876,0.8642874199659258,0.01838657779820731
2016-07-25,0.06971577415153604,2.5745791048046343,1.224434539108805,0.03485788707576802
2016-07-26,0.06665134451850149,3.036487909883397,1.4364189709999011,0.033325672259250746
2016-07-27,0.06665134451850149,3.2846306145900748,1.5510801771163745,0.033325672259250746
2016-07-28,0.06665134451850149,3.2159361594946736,1.5193380024509404,0.033325672259250746
2016-07-29,0.0727802037845706,2.122602620946595,1.0170673121996958,0.0363901018922853
2016-07-30,0.06741745192676013,1.9066176060242641,0.914699565538554,0.033708725963380065
2016-07-31,0.06741745192676013,1.9185284616209817,0.9202032148487544,0.033708725963380065
2016-08-01,0.06818355933501877,1.8146058755495038,0.8725528550679325,0.034091779667509384
2016-08-02,0.06818355933501877,1.7306857153622779,0.8337765077043214,0.034091779667509384
2016-08-03,0.07201409637631197,1.1353581698888653,0.5605698345947882,0.036007048188155984
2016-08-04,0.06971577415153604,1.6825618470319725,0.8122806064226252,0.03485788707576802
2016-08-05,0.06971577415153604,1.6825618470319725,0.8122806064226252,0.03485788707576802
2016-08-06,0.06971577415153604,1.4958101249212286,0.7259925261941639,0.03485788707576802
2016-08-07,0.06358691488546694,1.1587439263848018,0.5672586753666197,0.03179345744273347
2016-08-08,0.07814295564238107,1.1663843429810707,0.5778976165001039,0.03907147782119053
2016-08-09,0.07814295564238107,1.1886509456356003,0.5881839578780869,0.03907147782119053
2016-08-10,0.07431241860108788,1.3584947138495567,0.6647822241530492,0.03715620930054394
2016-08-11,0.07124798896805333,1.4020038987789398,0.6833942628626299,0.035623994484026665
2016-08-12,0.0689496667432774,1.4587582515332123,0.7085009397569225,0.0344748333716387
2016-08-13,0.06511912970198422,1.2578889715446626,0.6138212602210942,0.03255956485099211
2016-08-14,0.07661074082586379,1.1954354613784801,0.5905703607756463,0.038305370412931895
2016-08-15,0.07201409637631197,1.8330613579100805,0.8829254912498363,0.036007048188155984
2016-08-16,0.06971577415153604,1.5577322024501568,0.7546034387648157,0.03485788707576802
2016-08-17,0.06971577415153604,1.7011589438980983,0.8208733399635195,0.03485788707576802
2016-08-18,0.07124798896805333,1.6403747379068416,0.7935291509110833,0.035623994484026665
2016-08-19,0.07048188155979469,1.61563396786871,0.7817274542416448,0.0352409407798973
2016-08-20,0.0727802037845706,1.4613000614645353,0.71153468786288,0.0363901018922853
2016-08-21,0.0727802037845706,1.614997558609434,0.7825454513679547,0.036390101892285254
2016-08-22,0.07584463341760515,1.0022944455687395,0.50096806826884,0.03792231670880258
2016-08-23,0.06511912970198422,0.9886936117072018,0.4894279673434712,0.03255956485099211
2016-08-24,0.06665134451850149,1.0443072124988007,0.5158767296549847,0.033325672259250746
2016-08-25,0.08427181490845016,1.166267706368585,0.5808366854544911,0.04213590745422508
2016-08-26,0.07431241860108788,1.0219449417234163,0.5092958684641892,0.03715620930054394
2016-08-27,0.06128859266069103,0.9253435110064906,0.45827450602109493,0.030644296330345516
2016-08-28,0.0727802037845706,0.9724510635249992,0.4856784362828632,0.0363901018922853
2016-08-29,0.06971577415153604,1.2341662691704498,0.6051007573733165,0.03485788707576802
2016-08-30,0.06741745192676013,1.2504153794448696,0.611488188124093,0.033708725963380065
2016-08-31,0.06511912970198422,1.5227426683203664,0.7362083009659046,0.03255956485099211
2016-09-01,0.06358691488546694,1.336089941075218,0.649211745619521,0.03179345744273347
2016-09-02,0.06741745192676013,0.8886926695767733,0.4443469675389068,0.033708725963380065
2016-09-03,0.0505630889450701,0.8349674006979916,0.4112356783001151,0.02528154447253505
2016-09-04,0.046732551903776905,1.0275992625681634,0.4984016479171497,0.023366275951888452
2016-09-05,0.04749865931203554,1.1976463011739045,0.577384339330678,0.02374932965601777
2016-09-06,0.051329196353328735,1.323876620601663,0.637601286324993,0.025664598176664367
2016-09-07,0.06358691488546694,0.9042340999728252,0.4496475651287891,0.03179345744273347
2016-09-08,0.06665134451850149,0.7838315385961134,0.3955167337043176,0.033325672259250726
2016-09-09,0.06665134451850149,0.8384190367387374,0.42074039838272387,0.033325672259250746
2016-09-10,0.06665134451850149,1.0404244480842852,0.5140825908695601,0.033325672259250746
2016-09-11,0.06588523711024286,1.9731992447589775,0.9447290710708841,0.03294261855512143
2016-09-12,0.06971577415153604,2.2322762575873987,1.066274522112569,0.03485788707576802
2016-09-13,0.06818355933501877,1.4833491395980603,0.7194915855096744,0.034091779667509384
2016-09-14,0.06511912970198422,0.8881715505117814,0.44297742597271983,0.03255956485099211
2016-09-15,0.06511912970198422,0.8919655637960424,0.44473061297392086,0.03255956485099211
2016-09-16,0.06511912970198422,0.8919655637960424,0.44473061297392086,0.03255956485099211
2016-09-17,0.06511912970198422,0.9010361232718944,0.44892205506313376,0.03255956485099211
2016-09-18,0.06511912970198422,1.2514646888332261,0.6108526441151743,0.03255956485099211
2016-09-19,0.06511912970198422,1.3139651446724372,0.6397336675952454,0.03255956485099211
2016-09-20,0.06435302229372558,1.4514683057914677,0.702900982676241,0.03217651114686279
2016-09-21,0.060522485252432395,2.62262066953083,1.2422764624845495,0.030261242626216198
2016-09-22,0.07661074082586379,1.6378822226168321,0.7949710701619569,0.03830537041293194
2016-09-23,0.060522485252432395,1.7773212371886677,0.8516306518879339,0.030261242626216198
2016-09-24,0.07124798896805333,1.4594527279054839,0.7099374440147999,0.035623994484026665
2016-09-25,0.06435302229372558,1.269055497471106,0.6186079023708126,0.03217651114686279
2016-09-26,0.06971577415153604,1.214347028081881,0.5959433357132179,0.03485788707576802
2016-09-27,0.07048188155979469,2.2864552963038713,1.0916733235278209,0.035240940779897346
2016-09-28,0.06435302229372558,1.1585366549960752,0.5675370716008066,0.03217651114686279
2016-09-29,0.06205470006894967,1.2256146477449266,0.597412864219886,0.031027350034474835
2016-09-30,0.0689496667432774,1.7089142924002967,0.8240867141901991,0.0344748333716387
2016-10-01,46.160269669807704,60.00309411157997,23.148628369130662,23.080134834903852
2016-10-02,45.258561250287286,69.59543443527004,23.336271708122027,22.629280625143643
2016-10-03,15.886769325059374,14.487661958648884,12.345844722207982,7.943384662529687
2016-10-04,8.173599938711407,8.938663181841033,7.49250391498123,4.086799969355703
2016-10-05,2.1067953727112543,3.2548904134243606,2.491005455563788,1.0533976863556271
2016-10-06,1.3782272274572895,2.7691319405408437,1.932348418842527,0.6891136137286448
2016-10-07,1.2847621236497357,2.934332461675001,1.9625271877105988,0.6423810618248679
2016-10-08,1.2793993717919252,3.4374027947505823,2.18635977125022,0.6396996858959627
2016-10-09,1.2602466865854594,3.551289301026175,2.2287068525273495,0.6301233432927297
2016-10-10,1.2541178273193903,4.115574848195493,2.479903133028485,0.6270589136596951
2016-10-11,1.2364973569294415,6.232141865462971,3.42507589049902,0.6182486784647208
2016-10-12,0.700222171148395,19.93241463459504,9.434149098159732,0.3501110855741975
2016-10-13,0.6986899563318777,19.968414669281543,9.450095676668651,0.34934497816593885
2016-10-14,0.6979238489236191,20.198226907532955,9.554605967639953,0.34896192446180957
2016-10-15,0.5653872672948748,18.957306214756198,8.947894874720093,0.2826936336474374
2016-10-16,0.25587987435838505,9.021292318594574,4.279406933221014,0.12793993717919253
2016-10-17,0.25587987435838505,9.021292318594574,4.279406933221014,0.12793993717919253
2016-10-18,0.2543476595418678,9.984691937397843,4.722136249747096,0.1271738297709339
2016-10-19,0.25204933731709184,9.983985754771139,4.720891567044868,0.12602466865854592
2016-10-20,0.15015705201869303,19.550661924570502,9.092677176363223,0.07507852600934652
2016-10-21,0.13866544089481345,19.838951653298864,9.22218269756616,0.06933272044740672
2016-10-22,0.13406879644526162,19.9905958290294,9.2907654561783,0.06703439822263081
2016-10-23,0.13100436681222707,20.26357372077589,9.415807161388589,0.06550218340611354
2016-10-24,0.13100436681222707,20.299787290171533,9.432517339112248,0.06550218340611354
2016-10-25,0.13100436681222707,20.776574396303076,9.65252319362392,0.06550218340611354
2016-10-26,0.08963456676626062,21.21338479067234,9.842173462849017,0.04481728338313031
2016-10-27,0.09193288899103653,7.368066228849281,3.448722656917891,0.04596644449551827
2016-10-28,0.09269899639929517,7.282662082570579,3.409608159039586,0.046349498199647586
2016-10-29,0.08350570750019153,6.536411124190307,3.060980892597917,0.04175285375009576
2016-10-30,0.07661074082586379,5.414291618258405,2.5395894672812247,0.038305370412931895
2016-10-31,0.06511912970198422,4.874360499395191,2.2849674576114283,0.03255956485099211
2016-11-01,0.06435302229372558,4.91237219940296,2.302186978653089,0.03217651114686279
2016-11-02,0.06435302229372558,4.854368442224502,2.27538340380064,0.03217651114686279
2016-11-03,0.07814295564238107,6.093706637781173,2.8541370585934636,0.03907147782119053
2016-11-04,0.07507852600934652,6.362411200769082,2.976931318862934,0.03753926300467326
2016-11-05,0.07124798896805333,10.929144403071229,5.085235346700548,0.035623994484026665
2016-11-06,0.06741745192676013,15.203028940871013,7.058572646439089,0.033708725963380065
2016-11-07,0.04749865931203554,27.35207184922322,12.667769979178189,0.02374932965601777
2016-11-08,0.04060369263770781,35.444240051341424,16.407526567520136,0.020301846318853903
2016-11-09,0.02757986669731096,35.04371493518545,16.220400641824902,0.01378993334865548
2016-11-10,0.03677315559641462,49.12857513113935,22.734283486285026,0.01838657779820731
2016-11-11,0.035240940779897346,49.25854771412799,22.7943683891359,0.017620470389948673
2016-11-12,0.04749865931203554,53.92423480219735,24.951262759247587,0.02374932965601777
2016-11-13,0.035240940779897346,55.54429771068112,25.70084756474274,0.017620470389948673
2016-11-14,0.054393625986363284,50.2160960977023,23.237089509465083,0.027196812993181642
2016-11-15,0.03907147782119053,49.921921430423424,23.10110993830908,0.019535738910595266
2016-11-16,0.03141040373860415,47.939632459641025,22.18443388413692,0.015705201869302077
2016-11-17,0.033708725963380065,46.00673210239965,21.290694370923454,0.016854362981690033
2016-11-18,0.033708725963380065,45.85373512487935,21.219947480789607,0.016854362981690033
2016-11-19,0.03141040373860415,45.805285678716764,21.197447704382306,0.015705201869302077
2016-11-20,0.03217651114686279,45.539501326562274,21.074575193988345,0.016088255573431395
2016-11-21,0.03217651114686279,45.222722804129745,20.928089699358548,0.016088255573431395
2016-11-22,0.03217651114686279,45.06348687123195,20.85445543206589,0.016088255573431395
2016-11-23,0.03217651114686279,45.03189320818478,20.839845813575682,0.016088255573431395
2016-11-24,0.03217651114686279,45.03189320818478,20.839845813575682,0.016088255573431395
2016-11-25,0.03217651114686279,45.03189652064945,20.83984734533364,0.016088255573431395
2016-11-26,0.03217651114686279,44.508560321525636,20.597844947577475,0.016088255573431395
2016-11-27,0.035240940779897346,41.99335167739483,19.435001408418312,0.017620470389948673
2016-11-28,0.0727802037845706,29.881283343055575,13.842032901016262,0.0363901018922853
2016-11-29,0.08273960009193289,32.168748428931885,14.900655158002138,0.041369800045966444
2016-11-30,0.06665134451850149,32.32586266923635,14.970385404849388,0.033325672259250746
2016-12-01,0.06665134451850149,31.11390790339284,14.410368154394693,0.033325672259250746
2016-12-02,0.06971577415153604,27.33971429208185,12.667091922697834,0.03485788707576802
2016-12-03,0.07048188155979469,28.029789293245873,12.986107349081886,0.035240940779897346
2016-12-04,0.06665134451850149,29.581426479512114,13.70224268836109,0.033325672259250746
2016-12-05,0.07124798896805333,30.224008455455266,14.000074511147256,0.035623994484026665
2016-12-06,0.06435302229372558,26.981727662875215,12.500450847845762,0.03217651114686279
2016-12-07,0.06665134451850149,26.5614627464964,12.306784842985753,0.033325672259250746
2016-12-08,0.06818355933501877,25.073409530474866,11.619570589224935,0.034091779667509384
2016-12-09,0.06818355933501877,25.037825250566293,11.603128432830802,0.034091779667509384
2016-12-10,0.06741745192676013,28.286730448578652,13.104158892787657,0.033708725963380065
2016-12-11,0.06665134451850149,27.87981405254556,12.915965560248871,0.033325672259250746
2016-12-12,0.0628208074772083,24.330091587846578,11.274734732083855,0.03141040373860415
2016-12-13,0.07737684823412243,22.718107040522522,10.533782062748399,0.038688424117061214
2016-12-14,0.0727802037845706,22.9672110181835,10.647618132793935,0.0363901018922853
2016-12-15,0.06971577415153604,24.846110042715846,11.514929462853257,0.03485788707576802
2016-12-16,0.05592584080288056,23.641932909541257,10.954908224160842,0.02796292040144028
2016-12-17,0.05515973339462192,25.312664748720376,11.726906184710796,0.02757986669731096
2016-12-18,0.06511912970198422,22.247723894422133,10.313077163409636,0.03255956485099211
2016-12-19,0.04213590745422508,28.058135372667024,12.992984718718587,0.02106795372711254
2016-12-20,0.04520033708725963,29.0351210992283,13.445309986139073,0.022600168543629815
2016-12-21,0.036007048188155984,28.92862360720261,13.394139874455782,0.018003524094077992
2016-12-22,0.03753926300467326,24.78853440940618,11.480214641928224,0.01876963150233663
2016-12-23,0.033708725963380065,23.036234213822766,10.668972839024855,0.016854362981690033
2016-12-24,0.03141040373860415,23.00876562103527,10.655650820894124,0.015705201869302077
2016-12-25,0.02757986669731096,24.54156050868048,11.363486107921597,0.01378993334865548
2016-12-26,0.03907147782119053,25.766176308914858,11.932617072085504,0.019535738910595266
2016-12-27,0.06435302229372558,22.762297974266662,10.550649576433132,0.03217651114686279
2016-12-28,0.06205470006894967,22.241427023817483,10.309316781611082,0.031027350034474835
2016-12-29,0.058224163027656484,20.663446742113845,9.578971027080058,0.029112081513828242
2016-12-30,0.06665134451850149,20.953536860518774,9.715487441524475,0.033325672259250746
2016-12-31,0.06511912970198422,23.084039073271153,10.699532557898538,0.03255956485099211
2017-01-01,0.07507852600934652,21.408208424164616,9.927990506479913,0.03753926300467326
2017-01-02,0.06588523711024286,22.291156923852952,10.333359542014211,0.03294261855512143
2017-01-03,0.06971577415153604,19.474642146694325,9.033058626440523,0.03485788707576802
2017-01-04,0.06971577415153604,19.5984505318645,9.090263924211138,0.03485788707576802
2017-01-05,0.06511912970198422,24.17124555721739,11.201923069598415,0.03255956485099211
2017-01-06,0.02987818892208688,36.696150104265335,16.984905452721737,0.01493909446104344
2017-01-07,0.029112081513828242,37.58680513897716,17.396689691329332,0.014556040756914121
2017-01-08,0.022217114839500497,37.50820950958738,17.35948159597272,0.011108557419750248
2017-01-09,0.02987818892208688,34.46870554910272,15.954833931360513,0.01493909446104344
2017-01-10,0.019152685206465948,34.99228321132834,16.195350367351345,0.009576342603232974
2017-01-11,0.016088255573431395,37.14609158458024,17.191206281839726,0.008044127786715698
2017-01-12,0.019918792614724585,36.11673037650017,16.71557276650252,0.009959396307362292
2017-01-13,0.019918792614724585,36.116730868363895,16.715572994011634,0.009959396307362292
2017-01-14,0.011491611123879567,44.13781520270042,20.425191501152764,0.005745805561939783
2017-01-15,0.009959396307362292,54.918496686091466,25.412725782397743,0.004979698153681146
2017-01-16,0.007661074082586379,56.51158646698728,26.149909828501468,0.0038305370412931895
2017-01-17,0.0038305370412931895,57.9563122374507,26.81864238263472,0.0019152685206465948
2017-01-18,0.005362751857810465,54.15361620026253,25.059048880830886,0.0026813759289052324
2017-01-19,0.009959396307362292,49.91815756873821,23.099345877718008,0.004979698153681146
2017-01-20,0.009959396307362292,47.48168799846139,21.97212638120803,0.004979698153681146
2017-01-21,0.01072550371562093,46.45279093454096,21.496139883207377,0.005362751857810465
2017-01-22,0.012257718532138206,43.99061223206922,20.35713713510865,0.006128859266069103
2017-01-23,0.014556040756914121,41.05120489639268,18.99750942510442,0.0072780203784570605
2017-01-24,0.006128859266069103,41.21300449161386,19.071617201153202,0.0030644296330345515
2017-01-25,0.013023825940396843,38.44802979888946,17.793107173875274,0.0065119129701984215
2017-01-26,0.009959396307362292,38.01748146303557,17.593562308061404,0.004979698153681146
2017-01-27,0.007661074082586379,38.830651092795094,17.96951414078052,0.0038305370412931895
2017-01-28,0.00689496667432774,38.30481836075768,17.726138782358372,0.00344748333716387
2017-01-29,0.01378993334865548,33.75531538229351,15.622316433344146,0.00689496667432774
2017-01-30,0.011491611123879567,36.51015015712457,16.896410308268457,0.005745805561939783
2017-01-31,0.01072550371562093,38.38915714588293,17.765605008240087,0.005362751857810465
2017-02-01,0.01072550371562093,38.54595788050935,17.838146820563843,0.005362751857810465
2017-02-02,0.01072550371562093,38.84867475178277,17.978194828090537,0.005362751857810465
2017-02-03,0.01072550371562093,45.41366988705669,21.01540409974396,0.005362751857810465
2017-02-04,0.01072550371562093,45.42977109557943,21.022853113612587,0.005362751857810465
2017-02-05,0.01072550371562093,46.17307292092661,21.366731996850653,0.005362751857810465
2017-02-06,0.008427181490845016,46.44293200165318,21.491497023763408,0.004213590745422508
2017-02-07,0.008427181490845016,72.79496894141917,33.68352845584345,0.004213590745422508
2017-02-08,0.008427181490845016,68.539052847785,31.714486635490573,0.004213590745422508
2017-02-09,0.01378993334865548,66.77478825065205,30.897332519170867,0.00689496667432774
2017-02-10,0.01378993334865548,66.01289091689677,30.544874014601202,0.00689496667432774
2017-02-11,0.015322148165172758,65.10988686459051,30.126907137498694,0.007661074082586379
2017-02-12,0.012257718532138206,63.06435382494784,29.18106236170459,0.006128859266069103
2017-02-13,0.011491611123879567,63.23947767483451,29.26217986938046,0.005745805561939783
2017-02-14,0.013023825940396843,61.445551963316326,28.43208193752284,0.0065119129701984215
2017-02-15,0.01378993334865548,59.12081093289584,27.356554411797923,0.00689496667432774
2017-02-16,0.019152685206465948,55.358811717252344,25.615942504041563,0.009576342603232974
2017-02-17,0.019152685206465948,54.55715720692983,25.245135069967077,0.009576342603232974
2017-02-18,0.016088255573431395,47.1864619821839,21.835714095964498,0.008044127786715698
2017-02-19,0.009193288899103655,47.83547627017688,22.135788033065058,0.004596644449551828
2017-02-20,0.011491611123879567,49.235200924369785,22.78339139063754,0.005745805561939783
2017-02-21,0.011491611123879567,48.654985139296016,22.51496657938151,0.005745805561939783
2017-02-22,0.009193288899103655,49.45627258091884,22.885653115465324,0.004596644449551828
2017-02-23,0.009193288899103655,47.662404545188224,22.055716007691082,0.004596644449551828
2017-02-24,0.009193288899103655,47.58814565563291,22.021359964327523,0.004596644449551828
2017-02-25,0.016088255573431395,44.15439671226859,20.433131294595032,0.008044127786715698
2017-02-26,0.017620470389948673,44.033278017277404,20.377195230255055,0.008810235194974337
2017-02-27,0.015322148165172758,45.24077813629694,20.935636753435087,0.007661074082586379
2017-02-28,0.015322148165172758,46.84187724120154,21.676290749852377,0.007661074082586379
2017-03-01,0.01838657779820731,62.44554425681199,28.8940249072075,0.009193288899103655
2017-03-02,0.009959396307362292,60.75895642078375,28.11478295636796,0.004979698153681146
2017-03-03,0.01378993334865548,58.26792191302367,26.96200258021927,0.00689496667432774
2017-03-04,0.01072550371562093,58.454668168076616,27.04865166117989,0.005362751857810465
2017-03-05,0.009959396307362292,58.30455787884248,26.979268717884153,0.004979698153681146
2017-03-06,0.01072550371562093,56.34217621346978,26.071334843936356,0.005362751857810465
2017-03-07,0.01378993334865548,55.87497915511344,25.85501219108534,0.00689496667432774
2017-03-08,0.015322148165172758,58.49581445071813,27.067296929160058,0.007661074082586379
2017-03-09,0.015322148165172758,58.49581445071813,27.067296929160058,0.007661074082586379
2017-03-10,0.017620470389948673,54.256493271884274,25.1061273826944,0.008810235194972942
2017-03-11,0.009959396307362292,50.710313886818014,23.465832722830406,0.004979698153681146
2017-03-12,0.016854362981690033,48.13185497345977,22.27305143106949,0.008427181490845016
2017-03-13,0.020684900022983222,50.8191037887413,23.516075930784158,0.010342450011491611
2017-03-14,0.022217114839500497,49.80169642907222,23.045490067512276,0.011108557419750248
2017-03-15,0.029112081513828242,48.99819695874363,22.673922938922857,0.014556040756914121
2017-03-16,0.01378993334865548,46.91220109300105,21.70877461732763,0.00689496667432774
2017-03-17,0.026047651880793686,41.185916493166715,19.0608397062705,0.013023825940396843
2017-03-18,0.020684900022983222,41.50513714234123,19.20801850125528,0.010342450011491611
2017-03-19,0.020684900022983222,41.56140845508366,19.234046085004795,0.010342450011491611
2017-03-20,0.019152685206465948,41.69943223943865,19.29776005761578,0.009576342603232974
2017-03-21,0.019152685206465948,41.33398171924627,19.12871994379018,0.009576342603232974
2017-03-22,0.019152685206465948,41.20936796721541,19.071079520084,0.009576342603232974
2017-03-23,0.019152685206465948,41.00771527404191,18.977804528467235,0.009576342603232974
2017-03-24,0.019152685206465948,40.61921145518782,18.798101049796028,0.009576342603232974
2017-03-25,0.04596644449551827,36.07688834898132,16.700770679186626,0.022983222247759134
2017-03-26,0.03677315559641462,34.82840994576207,16.122223656374196,0.01838657779820731
2017-03-27,0.06128859266069103,31.120174391611528,14.412251280554589,0.030644296330345516
2017-03-28,0.060522485252432395,28.96894584767557,13.417940093230166,0.030261242626216198
2017-03-29,0.06128859266069103,29.438700680647003,13.635189630414377,0.030644296330345516
2017-03-30,0.06511912970198422,29.43217532969078,13.63296191956607,0.03255956485099211
2017-03-31,0.06128859266069103,28.603523916155016,13.249228297481826,0.030644296330345516
2017-04-01,0.05515973339462192,28.70248955647775,13.293658124127042,0.02757986669731096
2017-04-02,0.05515973339462192,28.395200709915947,13.151631493367264,0.02757986669731096
2017-04-03,0.056691948211139195,26.851512546970813,12.438504933223438,0.028345974105569598
2017-04-04,0.056691948211139195,27.80648232606209,12.879870265583957,0.028345974105569598
2017-04-05,0.05975637784417376,27.41733197549907,12.700705846089066,0.02987818892208688
2017-04-06,0.05975637784417376,28.723453151480655,13.304325349804023,0.02987818892208688
2017-04-07,0.05515973339462192,26.528978537221725,12.289077416307261,0.02757986669731096
2017-04-08,0.06205470006894967,23.0719057513311,10.693100642197528,0.031027350034474835
2017-04-09,0.07048188155979469,22.981419258791203,10.65356159884852,0.035240940779897346
2017-04-10,0.07124798896805333,23.534687631635236,10.909396126379296,0.035623994484026665
2017-04-11,0.06818355933501877,24.02424405502393,11.134790712408323,0.034091779667509384
2017-04-12,0.06818355933501877,23.684659846324408,10.977881631129732,0.034091779667509384
2017-04-13,0.05975637784417376,21.176181256560355,9.816379055548511,0.02987818892208688
2017-04-14,0.06818355933501877,19.451576181685166,9.021932998130525,0.034091779667509384
2017-04-15,0.06741745192676013,19.48285238285844,9.036150759363547,0.033708725963380065
2017-04-16,0.06665134451850149,19.67281202996546,9.12369307888889,0.033325672259250746
2017-04-17,0.06128859266069103,20.28708121640635,9.405939731372587,0.030644296330345516
2017-04-18,0.060522485252432395,23.388928903751914,10.839196799670777,0.030261242626216198
2017-04-19,0.06358691488546694,24.693545364669763,11.442886408117028,0.03179345744273347
2017-04-20,0.06511912970198422,23.911600022455094,11.081942684091196,0.03255956485099211
2017-04-21,0.06435302229372558,23.607898723507994,10.941402246261818,0.03217651114686279
2017-04-22,0.06588523711024286,23.067730198774026,10.692202671180985,0.03294261855512143
2017-04-23,0.07048188155979469,17.624631278852494,8.178514612944104,0.035240940779897346
2017-04-24,0.07124798896805333,17.366947019148114,8.059704342126741,0.035623994484026665
2017-04-25,0.0689496667432774,17.389602193797433,8.069422259345062,0.0344748333716387
2017-04-26,0.0689496667432774,18.879847372250193,8.75799704830425,0.0344748333716387
2017-04-27,0.0689496667432774,18.913075848388587,8.773350421880124,0.0344748333716387
2017-04-28,0.054393625986363284,23.69104381855836,10.977203436891473,0.027196812993181642
2017-04-29,0.0505630889450701,39.90397079863773,18.47043577803268,0.02528154447253505
2017-04-30,0.0628208074772083,41.354031324136805,19.141769474235286,0.03141040373860415
2017-05-01,0.0628208074772083,41.90634618049665,19.39700300013451,0.03141040373860415
2017-05-02,0.04749865931203554,44.11676818962118,20.417572914745595,0.02374932965601777
2017-05-03,0.04749865931203554,44.686502755550684,20.68094366252914,0.02374932965601777
2017-05-04,0.043668122270742356,46.02590481399426,21.299955764961954,0.021834061135371178
2017-05-05,0.05899027043591512,41.243633133432915,19.09041728931541,0.02949513521795756
2017-05-06,0.05899027043591512,41.243633133432915,19.09041728931541,0.02949513521795756
2017-05-07,0.054393625986363284,41.29536536799355,19.113925442552816,0.027196812993181642
2017-05-08,0.054393625986363284,41.49118048328203,19.20443123984439,0.027196812993181642
2017-05-09,0.06665134451850149,33.842076777255976,15.670994107256526,0.033325672259250746
2017-05-10,0.06818355933501877,29.971054160499193,13.882587831013469,0.034091779667509384
2017-05-11,0.06818355933501877,29.96776904750254,13.881069903945612,0.034091779667509384
2017-05-12,0.06588523711024286,31.258160145161185,14.476880313457,0.03294261855512143
2017-05-13,0.06741745192676013,27.587918834921282,12.781258994939417,0.033708725963380065
2017-05-14,0.06358691488546694,26.565837674304877,12.308088276077497,0.03179345744273347
2017-05-15,0.06205470006894967,23.6099326687817,10.941735604945842,0.031027350034474835
2017-05-16,0.06741745192676013,20.384153866661265,9.452615156008639,0.033708725963380065
2017-05-17,0.07048188155979469,19.15863568938102,8.887285056512443,0.035240940779897346
2017-05-18,0.0727802037845706,18.43067535540295,8.55166428145473,0.0363901018922853
2017-05-19,0.0689496667432774,20.16483994567864,9.351733906410557,0.0344748333716387
2017-05-20,0.06588523711024286,21.571293289356436,10.000721106571845,0.03294261855512143
2017-05-21,0.06358691488546694,17.663909817943598,8.194433282069562,0.03179345744273347
2017-05-22,0.0628208074772083,15.740227092954962,7.305221008557751,0.03141040373860415
2017-05-23,0.07124798896805333,15.644664992120985,7.26395542028518,0.035623994484026665
2017-05-24,0.0689496667432774,14.608681666012838,6.784484858963964,0.0344748333716387
2017-05-25,0.06665134451850149,11.714468592101834,5.446320180285161,0.033325672259250746
2017-05-26,0.0628208074772083,10.976690715720132,5.103914686066332,0.03141040373860415
2017-05-27,0.0628208074772083,10.712742992676516,4.981940223077051,0.03141040373860415
2017-05-28,0.05899027043591512,10.40075898213658,4.836250560004514,0.02949513521795756
2017-05-29,0.0628208074772083,9.94302440857923,4.626240958595719,0.03141040373860415
2017-05-30,0.05975637784417376,13.761765781697646,6.389831908489457,0.02987818892208688
2017-05-31,0.06665134451850149,11.537489079918432,5.364541897305448,0.033325672259250746
2017-06-01,0.06588523711024286,11.299966331171092,5.254491452010385,0.03294261855512143
2017-06-02,0.058224163027656484,11.573090616889122,5.377754267635433,0.029112081513828242
2017-06-03,0.056691948211139195,11.30290343779956,5.252291110055711,0.028345974105569598
2017-06-04,0.056691948211139195,11.07659068981861,5.147694500385943,0.028345974105569598
2017-06-05,0.05592584080288056,11.023150925981739,5.122697251310444,0.02796292040144028
2017-06-06,0.056691948211139195,10.8607667835588,5.047945595024402,0.028345974105569598
2017-06-07,0.06818355933501877,8.14747525001169,3.7987334310423275,0.034091779667509384
2017-06-08,0.060522485252432395,7.868694555993006,3.6666916548009354,0.030261242626216198
2017-06-09,0.06128859266069103,7.818594845125117,3.643861780798569,0.030644296330345516
2017-06-10,0.06741745192676013,5.739658342001191,2.685832783570519,0.033708725963380065
2017-06-11,0.06971577415153604,4.950370866483862,2.3221620878610914,0.03485788707576802
2017-06-12,0.06511912970198422,4.5704234762600215,2.144520285126605,0.03255956485099211
2017-06-13,0.07507852600934652,4.355454157331569,2.04973038767887,0.03753926300467326
2017-06-14,0.07507852600934652,4.327824825341023,2.036965818335747,0.03753926300467326
2017-06-15,0.06665134451850149,3.809333221173076,1.7935335419831004,0.033325672259250746
2017-06-16,0.06435302229372558,3.784005989366053,1.7807682009237848,0.03217651114686279
2017-06-17,0.06205470006894967,3.0838914359438676,1.4561665158015016,0.031027350034474835
2017-06-18,0.06588523711024286,2.9450994843120677,1.393829927953472,0.03294261855512143
2017-06-19,0.06511912970198422,2.9448237256729697,1.3933420107363557,0.03255956485099211
2017-06-20,0.05975637784417376,3.114100766336567,1.4690493727762743,0.02987818892208688
2017-06-21,0.06818355933501877,2.9943709363597346,1.4176778846599607,0.034091779667509384
2017-06-22,0.0689496667432774,2.3345698437384392,1.113173802310218,0.0344748333716387
2017-06-23,0.0727802037845706,2.2982039438894164,1.0981980023300315,0.0363901018922853
2017-06-24,0.07584463341760515,2.0492447632748143,0.9846441964281095,0.03792231670880258
2017-06-25,0.07201409637631197,2.0186341298817623,0.9686645759971602,0.036007048188155984
2017-06-26,0.06971577415153604,1.5879843072435327,0.7685813342079574,0.03485788707576798
2017-06-27,0.07201409637631197,1.691225863731778,0.8173940809770633,0.036007048188155984
2017-06-28,0.07201409637631197,1.6944826422630221,0.8188987910028218,0.036007048188155984
2017-06-29,0.06741745192676013,1.975532407346099,0.9465430293164222,0.033708725963380065
2017-06-30,0.06588523711024286,2.7422663172540966,1.3001036941047892,0.03294261855512143
2017-07-01,0.06665134451850149,3.3306114385064616,1.5723268897074791,0.03332567225925083
2017-07-02,0.06511912970198422,3.377027302489906,1.593060260509336,0.03255956485099219
2017-07-03,0.06358691488546694,2.1567937899707736,1.0284658286772932,0.03179345744273347
2017-07-04,0.06435302229372558,1.7956149558252268,0.8619313790352107,0.03217651114686279
2017-07-05,0.07431241860108788,1.8998999600720405,0.9149120285922349,0.03715620930054394
2017-07-06,0.0689496667432774,1.7082800816893944,0.8237936741503925,0.0344748333716387
2017-07-07,0.06588523711024286,1.8268196001818793,0.8770891825984083,0.03294261855512143
2017-07-08,0.06741745192676013,1.5527395634485726,0.7511831305434552,0.033708725963380065
2017-07-09,0.0727802037845706,1.4121006563354013,0.688803756083805,0.0363901018922853
2017-07-10,0.07124798896805333,1.4877263141053736,0.7230007375881481,0.035623994484026665
2017-07-11,0.0727802037845706,1.5098837920628874,0.7339811679149355,0.0363901018922853
2017-07-12,0.07048188155979469,1.357055833464583,0.6622541738776451,0.035240940779897346
2017-07-13,0.06818355933501877,1.1306821937937217,0.5565374638342201,0.034091779667509384
2017-07-14,0.06741745192676013,1.1979736001811292,0.5872564140145915,0.033708725963380065
2017-07-15,0.0628208074772083,1.1276394213804255,0.5525106098036257,0.03141040373860415
2017-07-16,0.06741745192676013,1.1297600757020145,0.5557369892430194,0.033708725963380065
2017-07-17,0.058224163027656484,0.9522712066366115,0.4692156041642552,0.029112081513828242
2017-07-18,0.06971577415153604,1.0400913359815882,0.5154290091502763,0.03485788707576802
2017-07-19,0.06588523711024286,1.0053422830219976,0.49749655361031797,0.03294261855512143
2017-07-20,0.06588523711024286,1.0143459468091147,0.5016570146919372,0.03294261855512143
2017-07-21,0.06511912970198422,1.1298133035725584,0.5546383898842105,0.03255956485099211
2017-07-22,0.06818355933501877,1.8777844068873593,0.901745276431451,0.034091779667509384
2017-07-23,0.06511912970198422,1.845842735517249,0.8855105820745723,0.03255956485099211
2017-07-24,0.06511912970198422,1.845842735517249,0.8855105820745723,0.03255956485099211
2017-07-25,0.06205470006894967,1.7865234130589487,0.8566220700155434,0.031027350034474835
2017-07-26,0.06205470006894967,1.8792502136250673,0.8994733175214715,0.031027350034474835
2017-07-27,0.06205470006894967,1.890743491720511,0.9047846331423655,0.031027350034474835
2017-07-28,0.06205470006894967,1.2567618587965779,0.6118067270701628,0.031027350034474835
2017-07-29,0.06818355933501877,1.1833725551153609,0.5808836965959762,0.034091779667509384
2017-07-30,0.0628208074772083,0.8265491929007879,0.41337200119340783,0.03141040373860415
2017-07-31,0.05975637784417376,0.6907573209594221,0.3491093589945314,0.02987818892208688
2017-08-01,0.06588523711024286,0.7476175849737986,0.37840574776127817,0.03294261855512143
2017-08-02,0.058224163027656484,1.2904557404757169,0.6255116295099832,0.029112081513828242
2017-08-03,0.05975637784417376,0.9028385930823607,0.4471220048195843,0.02987818892208688
2017-08-04,0.07354631119282924,0.5940085896783985,0.3112103118757795,0.03677315559641462
2017-08-05,0.06818355933501877,0.6843330708747575,0.35029633420416184,0.034091779667509384
2017-08-06,0.06818355933501877,0.6843330708747575,0.35029633420416184,0.034091779667509384
2017-08-07,0.05899027043591512,0.6196597317104954,0.3158735410666945,0.02949513521795756
2017-08-08,0.06205470006894967,0.596605367098216,0.3067327997298053,0.031027350034474835
2017-08-09,0.0628208074772083,0.8023762195333012,0.4022012837068011,0.031410403738604174
2017-08-10,0.0628208074772083,0.9928496199681771,0.4902220874625024,0.03141040373860415
2017-08-11,0.06358691488546694,1.40232979201536,0.6798217323571171,0.03179345744273347
2017-08-12,0.06971577415153604,1.4909130489214146,0.7237298467287171,0.03485788707576802
2017-08-13,0.07048188155979469,1.1475789858435368,0.5654676215140099,0.035240940779897346
2017-08-14,0.06358691488546694,1.0353720351313183,0.510247497028162,0.03179345744273347
2017-08-15,0.06665134451850149,0.7394545370076536,0.3750111116189123,0.033325672259250726
2017-08-16,0.06665134451850149,0.7329879998468297,0.37202306910872235,0.033325672259250746
2017-08-17,0.06818355933501877,1.037505774938281,0.5134841477350229,0.034091779667509384
2017-08-18,0.06511912970198422,1.608390289608809,0.7757854676958135,0.03255956485099211
2017-08-19,0.0628208074772083,1.83926819983226,0.8813656463179491,0.03141040373860415
2017-08-20,0.05975637784417376,1.8697829421883503,0.893992080016625,0.02987818892208688
2017-08-21,0.06358691488546694,1.6745004486420936,0.8055940593092965,0.031793457442733514
2017-08-22,0.08044127786715698,0.9406222373348707,0.4747314720338674,0.04022063893357849
2017-08-23,0.07354631119282924,0.9922839348100707,0.4952169997139057,0.03677315559641462
2017-08-24,0.07737684823412243,0.7424837250105378,0.38169394853183514,0.03868842411706119
2017-08-25,0.06511912970198422,1.3969985734568038,0.6781028342541487,0.03255956485099211
2017-08-26,0.06818355933501877,1.232672894119159,0.603663527641223,0.034091779667509384
2017-08-27,0.05515973339462192,1.2854605644152242,0.6217102263937062,0.02757986669731096
2017-08-28,0.03677315559641462,6.367303240761162,2.9624777429931757,0.01838657779820731
2017-08-29,0.06588523711024286,0.8350282220370474,0.41879692208983793,0.03294261855512143
2017-08-30,0.06741745192676013,0.6712378991745905,0.3438676369479527,0.033708725963380065
2017-08-31,0.054393625986363284,0.8603401982629288,0.42484627672872727,0.027196812993181642
2017-09-01,0.054393625986363284,1.030937646083342,0.5036964615479516,0.027196812993181642
2017-09-02,0.05592584080288056,1.6485949616585374,0.7899186810840259,0.02796292040144028
2017-09-03,0.06205470006894967,2.053487971088026,0.9799927059220165,0.031027350034474835
2017-09-04,0.05592584080288056,1.9796814192562937,0.9429418550701979,0.02796292040144028
2017-09-05,0.05745805561939783,1.6573121799342723,0.7946883619006728,0.028729027809698875
2017-09-06,0.05745805561939783,1.6516969048383778,0.7920931523648571,0.028729027809698875
2017-09-07,0.07201409637631197,1.6956521875035941,0.8194391490382804,0.036007048188155984
2017-09-08,0.07661074082586379,4.691526452586132,2.2056877970110236,0.038305370412931895
2017-09-09,0.07584463341760515,4.746382026321592,2.230683178834528,0.03792231670880258
2017-09-10,0.07584463341760515,4.761218396749526,2.2375373705599224,0.03792231670880258
2017-09-11,0.06818355933501877,4.9967635493047124,2.3429081433326826,0.034091779667509384
2017-09-12,0.06818355933501877,4.9967635493047124,2.3429081433326826,0.034091779667509384
2017-09-13,0.06818355933501877,5.367550439707829,2.5142348093932303,0.034091779667509384
2017-09-14,0.06818355933501877,5.33751364264727,2.500355936022254,0.034091779667509384
2017-09-15,0.06358691488546694,6.655488878571722,3.1073502923969034,0.031793457442733646
2017-09-16,0.060522485252432395,9.341659921022579,4.3474063542162344,0.030261242626216198
2017-09-17,0.06128859266069103,9.425928485070786,4.38666098273531,0.030644296330345516
2017-09-18,0.06128859266069103,9.772700818177867,4.546915335586649,0.030644296330345516
2017-09-19,0.06128859266069103,9.877018145870926,4.595123638973615,0.030644296330345516
2017-09-20,0.06128859266069103,9.964415325128035,4.6355126119847805,0.030644296330345516
2017-09-21,0.0727802037845706,8.768111056309817,4.087401160444924,0.0363901018922853
2017-09-22,0.07507852600934652,8.759495584852802,4.08436851106231,0.03753926300467326
2017-09-23,0.07201409637631197,9.709060948580818,4.521826765395021,0.036007048188155984
2017-09-24,0.06971577415153604,9.95491869165583,4.634498591990001,0.03485788707576802
2017-09-25,0.0689496667432774,10.077944536883217,4.691036473672724,0.0344748333716387
2017-09-26,0.06665134451850149,8.946490049226865,4.167299067793751,0.033325672259250746
2017-09-27,0.060522485252432395,8.230783792832703,3.8340272024442434,0.030261242626216198
2017-09-28,0.060522485252432395,8.186722859051299,3.813664927806263,0.030261242626216198
2017-09-29,0.060522485252432395,8.266484677721621,3.850525972682152,0.030261242626216198
2017-09-30,0.05592584080288056,9.850310861272666,4.580628238333859,0.02796292040144028
2017-10-01,43.20692561097066,84.83268566203475,24.2057004013697,21.60346280548533
2017-10-02,12.528920554661763,12.727750550166178,10.559503227102732,6.2644602773308815
2017-10-03,12.112158124569063,16.554580445928266,11.71149813257361,6.056079062284532
2017-10-04,10.862636941699225,15.616858909397694,10.961526617398984,5.431318470849613
2017-10-05,0.689496667432774,3.403052735895539,1.8960273032349373,0.344748333716387
2017-10-06,0.6075231747490998,3.7228647767116776,2.003878391749072,0.3037615873745499
2017-10-07,0.2911208151382824,4.475796188113053,2.2036791450465154,0.1455604075691412
2017-10-08,0.2757986669731096,4.821889484264117,2.3559020027134463,0.1378993334865548
2017-10-09,0.25817819658316093,4.749449939578705,2.3146074513199637,0.12908909829158047
2017-10-10,0.2604765188079369,4.729663699634078,2.3065430255682378,0.13023825940396844
2017-10-11,0.19688960392246993,3.7969615996133785,1.8479909247586503,0.09844480196123497
2017-10-12,0.14479430016088257,3.29696220643776,1.593273464615313,0.07239715008044129
2017-10-13,0.11951275568834752,3.3122915269864315,1.5885414489759024,0.05975637784417367
2017-10-14,0.10265839270665747,2.9807049810824946,1.427573184707575,0.051329196353328735
2017-10-15,0.08733624454148471,2.9255782518882247,1.3949073902538671,0.043668122270742356
2017-10-16,0.08197349268367425,2.9921616641254345,1.423139412690133,0.040986746341837126
2017-10-17,0.08657013713322607,2.8779003731650885,1.3725253627346206,0.04328506856661304
2017-10-18,0.07507852600934652,2.422263771244056,1.1566091661771358,0.03753926300467326
2017-10-19,0.07814295564238107,2.4788863581363882,1.1842246793505264,0.03907147782119053
2017-10-20,0.07967517045889834,2.6000647639351238,1.2409308598464726,0.03983758522944917
2017-10-21,0.07737684823412243,3.591775959833285,1.6979827024738139,0.038688424117061214
2017-10-22,0.07737684823412243,4.012467967295807,1.8923299693243272,0.038688424117061214
2017-10-23,0.07124798896805333,9.540993743682835,4.443865714301449,0.035623994484026665
2017-10-24,0.07431241860108788,12.189373978518502,5.668660061093681,0.03715620930054394
2017-10-25,0.07431241860108788,12.190673745688745,5.6692605549204,0.03715620930054394
2017-10-26,0.07124798896805333,11.32820332622534,5.26961322608844,0.035623994484026665
2017-10-27,0.06511912970198422,20.531443265120895,9.519995889238468,0.03255956485099211
2017-10-28,0.07431241860108788,6.883197319991494,3.217200753712457,0.03715620930054394
2017-10-29,0.05975637784417376,11.820343491633537,5.492610133986834,0.02987818892208688
2017-10-30,0.06971577415153604,8.475493663302457,3.9509346382244273,0.03485788707576802
2017-10-31,0.06205470006894967,8.1335477663811,3.7897321291341024,0.031027350034474835
2017-11-01,0.05975637784417376,7.709700806841652,3.592890457917075,0.02987818892208688
2017-11-02,0.058224163027656484,7.696717124281598,3.5862419155704566,0.029112081513828242
2017-11-03,0.0689496667432774,5.48748863958396,2.5699947508663743,0.0344748333716387
2017-11-04,0.06588523711024286,5.242786695612094,2.4555575142307444,0.03294261855512143
2017-11-05,0.06588523711024286,5.433677727388535,2.5437654623854047,0.03294261855512143
2017-11-06,0.03983758522944917,12.860983732840872,5.9661408739519395,0.019918792614724585
2017-11-07,0.036007048188155984,20.81437168193935,9.642238587784028,0.018003524094077992
2017-11-08,0.03983758522944917,42.46570066796377,19.653758027362397,0.019918792614724585
2017-11-09,0.04213590745422508,47.38952430401443,21.930327305403807,0.02106795372711254
2017-11-10,0.04213590745422508,47.38117160469109,21.926465661750505,0.02106795372711254
2017-11-11,0.041369800045966444,47.39860573424883,21.934505928525617,0.020684900022983222
2017-11-12,0.041369800045966444,48.173842710398056,22.292921626347216,0.020684900022983222
2017-11-13,0.041369800045966444,48.31972594559425,22.36036789523268,0.020684900022983222
2017-11-14,0.06435302229372558,59.08134337005958,27.33370466096111,0.03217651114686279
2017-11-15,0.053627518578104647,55.05669358105288,25.474453666835846,0.026813759289052323
2017-11-16,0.07354631119282924,53.86987255160525,24.925124753674297,0.03677315559641462
2017-11-17,0.06128859266069103,50.61976233632311,23.42362141769465,0.030644296330345516
2017-11-18,0.06971577415153604,47.62819727890771,22.041325412458463,0.03485788707576802
2017-11-19,0.04060369263770781,50.32816986417629,23.288935287927487,0.020301846318853903
2017-11-20,0.020684900022983222,49.029207019577186,22.68818182645348,0.010342450011491611
2017-11-21,0.019918792614724585,48.36756043588475,22.382133064253257,0.009959396307362292
2017-11-22,0.04596644449551827,49.68433652661703,22.991283495664792,0.022983222247759134
2017-11-23,0.05745805561939783,48.83166582572322,22.597241279923423,0.028729027809698916
2017-11-24,0.053627518578104647,48.991148246736394,22.670910564790468,0.026813759289052323
2017-11-25,0.048264766720294186,50.06392417072839,23.16675952300299,0.024132383360147093
2017-11-26,0.04443422967900099,51.18182696238315,23.683568269501638,0.022217114839500497
2017-11-27,0.04596644449551827,52.050772222583944,24.085250114572588,0.022983222247759134
2017-11-28,0.04596644449551827,52.050772222583944,24.085250114572588,0.022983222247759134
2017-11-29,0.04596644449551827,53.10208434196886,24.571255445974753,0.022983222247759134
2017-11-30,0.043668122270742356,57.00781869015705,26.37697708463593,0.021834061135371178
2017-12-01,0.053627518578104647,62.422363842920404,28.8789248094007,0.026813759289052323
2017-12-02,0.036007048188155984,65.36724063561914,30.24277797106254,0.018003524094077992
2017-12-03,0.05745805561939783,60.28036895709163,27.888484011908886,0.028729027809698916
2017-12-04,0.038305370412931895,57.59733603120086,26.64992280820528,0.019152685206465948
2017-12-05,0.03907147782119053,56.48746853012354,26.136713500815794,0.019535738910595266
2017-12-06,0.053627518578104647,51.681457814129196,23.914392958262795,0.026813759289052323
2017-12-07,0.053627518578104647,50.83169235282317,23.52162463058705,0.026813759289052323
2017-12-08,0.051329196353328735,51.39279998113986,23.781005032269007,0.025664598176664367
2017-12-09,0.04749865931203554,52.81208649729121,24.437150840776464,0.02374932965601777
2017-12-10,0.04749865931203554,52.81208649729121,24.437150840776464,0.02374932965601777
2017-12-11,0.04749865931203554,53.22708357621906,24.6289912126642,0.02374932965601777
2017-12-12,0.04749865931203554,53.261334674358764,24.64482444074778,0.02374932965601777
2017-12-13,0.02374932965601777,62.400551950166246,28.87254824012477,0.011874664828008885
2017-12-14,0.022983222247759134,62.655984977491684,28.990784685981218,0.011491611123879567
2017-12-15,0.022983222247759134,62.11642753945211,28.741231620407593,0.011491611123879567
2017-12-16,0.009959396307362292,73.03290788410186,33.793260355573636,0.004979698153681146
2017-12-17,0.00689496667432774,71.52218212765841,33.09499077021125,0.00344748333716387
2017-12-18,0.00689496667432774,71.44021438707053,33.05706632558301,0.00344748333716387
2017-12-19,0.005362751857810465,68.44316131272883,31.670686642781416,0.0026813759289052324
2017-12-20,0.01072550371562093,65.58310207123499,30.346528521242156,0.005362751857810465
2017-12-21,0.01378993334865548,66.18145438507992,30.622852536494793,0.00689496667432774
2017-12-22,0.011491611123879567,65.21747369306775,30.177258744375102,0.005745805561939783
2017-12-23,0.011491611123879567,64.18485147650289,29.699537471168163,0.005745805561939783
2017-12-24,0.005362751857810465,61.17733682555965,28.308858174976443,0.0026813759289052324
2017-12-25,0.009959396307362292,57.316142355222176,26.521983610583867,0.004979698153681146
2017-12-26,0.008427181490845016,57.691879280032786,26.695934127024135,0.004213590745422508
2017-12-27,0.008427181490845016,57.281952350103936,26.50627736439996,0.004213590745422508
2017-12-28,0.008427181490845016,57.71985331408571,26.70887659151881,0.004213590745422508
2017-12-29,0.0030644296330345515,81.13772050128554,37.54505510485439,0.0015322148165172757
2017-12-30,0.0030644296330345515,81.11458369771518,37.53434939228224,0.0015322148165172757
2017-12-31,0.00689496667432774,80.93553709044782,37.45031710337406,0.00344748333716387
2018-01-01,0.00689496667432774,80.93998587232267,37.452375444627165,0.00344748333716387
2018-01-02,0.0038305370412931895,79.56779271746474,36.81840172187787,0.0019152685206465948
2018-01-03,0.0038305370412931895,79.5016021214464,36.787774943147156,0.0019152685206465948
2018-01-04,0.0038305370412931895,79.5016021214464,36.787774943147156,0.0019152685206465948
2018-01-05,0.0,80.65543067353013,37.32283247944968,0.0
2018-01-06,0.0,79.89423180181885,36.970592119003,0.0
2018-01-07,0.0038305370412931895,79.5016021214464,36.787774943147156,0.0019152685206465948
2018-01-08,0.0,78.03022115644586,36.10803201020182,0.0
2018-01-09,0.0038305370412931895,79.5016021214464,36.787774943147156,0.0019152685206465948
2018-01-10,0.0,79.62432465049018,36.84569415106801,0.0
2018-01-11,0.009193288899103655,79.88338983333121,36.96282779464393,0.004596644449551828
2018-01-12,0.0038305370412931895,77.35328019091696,35.793733729340474,0.0019152685206465948
2018-01-13,0.0038305370412931895,79.5016021214464,36.787774943147156,0.0019152685206465948
2018-01-14,0.002298322224775914,76.89963100105255,35.584239736708604,0.001149161112387957
2018-01-15,0.0015322148165172757,75.1005971952469,34.75198092846788,0.0007661074082586379
2018-01-16,0.0038305370412931895,79.5016021214464,36.787774943147156,0.0019152685206465948
2018-01-17,0.0015322148165172757,74.65938722157641,34.547820333894244,0.0007661074082586379
2018-01-18,0.0007661074082586379,70.43385525141889,32.59270122608559,0.00038305370412931893
2018-01-19,0.0038305370412931895,79.5016021214464,36.787774943147156,0.0019152685206465948
2018-01-20,0.0007661074082586379,69.95602595994825,32.3715921551125,0.00038305370412931893
2018-01-21,0.0038305370412931895,79.5016021214464,36.787774943147156,0.0019152685206465948
2018-01-22,0.0007661074082586379,72.95458683586526,33.75913582680685,0.00038305370412931893
2018-01-23,0.0038305370412931895,79.5016021214464,36.787774943147156,0.0019152685206465948
2018-01-24,0.0007661074082586379,77.2712142178593,35.75659702729579,0.00038305370412931893
2018-01-25,0.0007661074082586379,75.23471525227308,34.81423455108057,0.00038305370412931893
2018-01-26,0.0038305370412931895,79.5016021214464,36.787774943147156,0.0019152685206465948
2018-01-27,0.0038305370412931895,79.5016021214464,36.787774943147156,0.0019152685206465948
2018-01-28,0.00689496667432774,74.45945488688115,34.45399416979556,0.00344748333716387
2018-01-29,0.007661074082586379,72.4055057007993,33.50351107241761,0.0038305370412931895
2018-01-30,0.0038305370412931895,79.5016021214464,36.787774943147156,0.0019152685206465948
2018-01-31,0.0038305370412931895,79.5016021214464,36.787774943147156,0.0019152685206465948
2018-02-01,0.0038305370412931895,79.5016021214464,36.787774943147156,0.0019152685206465948
2018-02-02,0.0007661074082586379,73.23992490585219,33.89117217680517,0.00038305370412931893
2018-02-03,0.0038305370412931895,79.5016021214464,36.787774943147156,0.0019152685206465948
2018-02-04,0.0038305370412931895,79.5016021214464,36.787774943147156,0.0019152685206465948
2018-02-05,0.012257718532138206,77.06724968694797,35.65910472378794,0.006128859266069103
2018-02-06,0.0038305370412931895,79.5016021214464,36.787774943147156,0.0019152685206465948
2018-02-07,0.009959396307362292,75.90612263276893,35.12253765165313,0.004979698153681146
2018-02-08,0.009959396307362292,75.32068247673948,34.85168692321934,0.004979698153681146
2018-02-09,0.0038305370412931895,79.5016021214464,36.787774943147156,0.0019152685206465948
2018-02-10,0.013023825940396843,72.54070026077002,33.564852411297004,0.0065119129701984215
2018-02-11,0.012257718532138206,69.73580441562885,32.26741963872032,0.006128859266069103
2018-02-12,0.012257718532138206,70.2451594674994,32.503058297743195,0.006128859266069103
2018-02-13,0.012257718532138206,70.2451594674994,32.503058297743195,0.006128859266069103
2018-02-14,0.011491611123879567,71.28846259610907,32.985875973272336,0.005745805561939783
2018-02-15,0.011491611123879567,70.8528912402387,32.78436791024511,0.005745805561939783
2018-02-16,0.009959396307362292,68.17713480101895,31.54676314639342,0.004979698153681146
2018-02-17,0.009959396307362292,67.7832967656385,31.364556104957806,0.004979698153681146
2018-02-18,0.009959396307362292,67.3450647932845,31.161810448185534,0.004979698153681146
2018-02-19,0.007661074082586379,69.30748594594463,32.07015775107246,0.0038305370412931895
2018-02-20,0.006128859266069103,70.10370887980145,32.43885232580042,0.0030644296330345515
2018-02-21,0.006128859266069103,67.95835206342268,31.44623239499233,0.0030644296330345515
2018-02-22,0.0030644296330345515,68.39131256665002,31.647119408569125,0.0015322148165172757
2018-02-23,0.0030644296330345515,69.97179405744288,32.378429613739634,0.0015322148165172757
2018-02-24,0.009193288899103655,70.15119005070882,32.46020353299859,0.004596644449551828
2018-02-25,0.009193288899103655,68.65866442740841,31.769683174528417,0.004596644449551828
2018-02-26,0.01072550371562093,67.51666908131881,31.24106804935785,0.005362751857810465
2018-02-27,0.01072550371562093,65.89846748358046,30.492428211127375,0.005362751857810465
2018-02-28,0.01072550371562093,71.55279524096,33.10832911216649,0.005362751857810465
2018-03-01,0.009959396307362292,70.77453167453695,32.74843479118679,0.004979698153681146
2018-03-02,0.009959396307362292,70.77453167453695,32.74843479118679,0.004979698153681146
2018-03-03,0.009959396307362292,70.20367825890402,32.484332539469506,0.004979698153681146
2018-03-04,0.01072550371562093,65.4767537539609,30.297327860983614,0.005362751857810465
2018-03-05,0.01072550371562093,65.40563832482621,30.264427236341117,0.005362751857810465
2018-03-06,0.0038305370412931895,69.07580464480857,31.963697028518368,0.0019152685206465948
2018-03-07,0.0038305370412931895,68.86608436539441,31.86665821969453,0.0019152685206465948
2018-03-08,0.009193288899103655,77.74078834069378,35.97154836355242,0.004596644449551828
2018-03-09,0.014556040756914121,72.53820954517414,33.563354837709724,0.0072780203784570605
2018-03-10,0.014556040756914121,73.88664712160879,34.18714022174292,0.0072780203784570605
2018-03-11,0.014556040756914121,72.60886931382134,33.59604195032922,0.0072780203784570605
2018-03-12,0.014556040756914121,72.30158136928257,33.45389096622531,0.0072780203784570605
2018-03-13,0.016088255573431395,71.62903423013009,33.14244017351938,0.008044127786715698
2018-03-14,0.015322148165172758,67.86508901606838,31.401438787774772,0.007661074082586379
2018-03-15,0.015322148165172758,67.86508901606838,31.401438787774772,0.007661074082586379
2018-03-16,0.012257718532138206,66.89353263790346,30.952523265704734,0.006128859266069103
2018-03-17,0.011491611123879567,68.25849652074413,31.584124947507675,0.005745805561939783
2018-03-18,0.011491611123879567,68.14483446079377,31.531541550478458,0.005745805561939783
2018-03-19,0.011491611123879567,69.15085828060893,31.9969576265313,0.005745805561939783
2018-03-20,0.008427181490845016,67.0605295041088,31.03043313631069,0.004213590745422508
2018-03-21,0.013023825940396843,65.25310185367994,30.193507664402535,0.0065119129701984215
2018-03-22,0.015322148165172758,67.13657048791593,31.064432691345594,0.007661074082586379
2018-03-23,0.012257718532138206,64.89009712710433,30.02569068503273,0.006128859266069103
2018-03-24,0.012257718532138206,65.36546190091039,30.245604706568415,0.006128859266069103
2018-03-25,0.01378993334865548,58.56341016965195,27.098697308544118,0.00689496667432774
2018-03-26,0.01378993334865548,58.604698929632505,27.117797748923074,0.00689496667432774
2018-03-27,0.013023825940396843,60.48454130897718,27.98750499458046,0.0065119129701984215
2018-03-28,0.014556040756914121,60.04960126565955,27.786141677961545,0.0072780203784570605
2018-03-29,0.014556040756914121,59.91075488859027,27.7219115332701,0.0072780203784570605
2018-03-30,0.014556040756914121,59.87218179295066,27.704067671828238,0.0072780203784570605
2018-03-31,0.014556040756914121,59.89678796336947,27.715450452709252,0.0072780203784570605
2018-04-01,0.011491611123879567,60.571324462348464,28.02781406809038,0.005745805561939783
2018-04-02,0.014556040756914121,62.407650886866925,28.87697221712775,0.0072780203784570605
2018-04-03,0.01378993334865548,61.938982535509,28.66025834232878,0.00689496667432774
2018-04-04,0.01378993334865548,61.85756932831903,28.62259607999093,0.00689496667432774
2018-04-05,0.01378993334865548,60.277980341059745,27.891868267176523,0.00689496667432774
2018-04-06,0.01072550371562093,59.07831685737893,27.33717458349344,0.005362751857810465
2018-04-07,0.014556040756914121,58.47362272988848,27.057096156430372,0.0072780203784570605
2018-04-08,0.01838657779820731,56.49755561800772,26.142721313905387,0.009193288899103655
2018-04-09,0.01838657779820731,56.3468806639137,26.07302505727252,0.009193288899103655
2018-04-10,0.014556040756914121,56.01644278308052,25.920408063822503,0.0072780203784570605
2018-04-11,0.014556040756914121,55.94399637991967,25.886894456513364,0.0072780203784570605
2018-04-12,0.014556040756914121,56.01556783188407,25.920003312592172,0.0072780203784570605
2018-04-13,0.017620470389948673,55.81886074147848,25.82882856592147,0.008810235194974337
2018-04-14,0.022217114839500497,55.841182422600475,25.83888536274924,0.011108557419750248
2018-04-15,0.022217114839500497,55.79765241130779,25.81875177375228,0.011108557419750248
2018-04-16,0.014556040756914121,53.303203724870976,24.66526737546069,0.0072780203784570605
2018-04-17,0.035240940779897346,51.67633962444389,23.91233551193546,0.017620470389948673
2018-04-18,0.054393625986363284,51.23202068892846,23.706650120154315,0.027196812993181642
2018-04-19,0.056691948211139195,50.12706844355651,23.195937984087006,0.028345974105569598
2018-04-20,0.056691948211139195,48.99864941733236,22.674408350944816,0.028345974105569598
2018-04-21,0.0505630889450701,43.995578511246144,20.36173465911704,0.02528154447253505
2018-04-22,0.051329196353328735,43.45998311325886,20.114211914031053,0.025664598176664367
2018-04-23,0.04290201486248372,43.99509395371469,20.361050637637835,0.02145100743124186
2018-04-24,0.05592584080288056,42.66471869610577,19.746953299757646,0.02796292040144028
2018-04-25,0.04213590745422508,41.86007791546152,19.373937960349007,0.02106795372711254
2018-04-26,0.05286141116984601,41.18798830523049,19.064160717225707,0.026430705584923005
2018-04-27,0.048264766720294186,40.55619314725564,18.771701051959383,0.024132383360147093
2018-04-28,0.05592584080288056,38.45791619622255,17.80263254578955,0.02796292040144028
2018-04-29,0.05592584080288056,38.42014090822615,17.7851733766366,0.02796292040144028
2018-04-30,0.05975637784417376,35.12643201905743,16.26344047435548,0.02987818892208688
2018-05-01,0.05975637784417376,35.016147874976156,16.212473028499666,0.02987818892208688
2018-05-02,0.058224163027656484,34.49683865606487,15.972238479780657,0.029112081513828242
2018-05-03,0.03294261855512143,34.140269802050746,15.803436336336327,0.016471309277560714
2018-05-04,0.03294261855512143,34.16567806430184,15.815185492095264,0.016471309277560714
2018-05-05,0.03294261855512143,33.24496569770986,15.389434494354317,0.016471309277560714
2018-05-06,0.038305370412931895,29.017400684048184,13.43567123330787,0.019152685206465948
2018-05-07,0.035240940779897346,28.965008419458616,13.410802483450887,0.017620470389948673
2018-05-08,0.04520033708725963,26.076759880543953,12.077682689586025,0.022600168543629815
2018-05-09,0.03907147782119053,27.8516217067527,12.89683001320947,0.019535738910595266
2018-05-10,0.038305370412931895,26.142147040447245,12.10626567214489,0.019152685206465948
2018-05-11,0.038305370412931895,26.95309708031055,12.481217459518138,0.019152685206465948
2018-05-12,0.03907147782119053,25.635886046134132,11.87237691542359,0.019535738910595266
2018-05-13,0.03753926300467326,25.03409083128565,11.593752271053265,0.01876963150233663
2018-05-14,0.03677315559641462,25.090063371694733,11.619441390755105,0.01838657779820731
2018-05-15,0.03677315559641462,25.6220543345749,11.865421491679564,0.01838657779820731
2018-05-16,0.028345974105569598,25.940186176308526,12.010490603944412,0.014172987052784799
2018-05-17,0.028345974105569598,24.456083833098358,11.324151540526948,0.014172987052784799
2018-05-18,0.030644296330345516,22.57579287351138,10.455221094238059,0.015322148165172758
2018-05-19,0.030644296330345516,23.158478010865398,10.724676700313012,0.015322148165172758
2018-05-20,0.030644296330345516,23.401544512688062,10.837079827433364,0.015322148165172758
2018-05-21,0.02987818892208688,22.460645984216082,10.401761844367082,0.01493909446104344
2018-05-22,0.02987818892208688,23.118244596916465,10.705865307620229,0.01493909446104344
2018-05-23,0.046732551903776905,22.850063933514832,10.586422338253417,0.023366275951888452
2018-05-24,0.04979698153681146,22.171404934275827,10.273546767175365,0.02489849076840573
2018-05-25,0.060522485252432395,16.65044327383786,7.725079978608146,0.030261242626216198
2018-05-26,0.056691948211139195,15.812523205439858,7.336534895715742,0.028345974105569598
2018-05-27,0.05209530376158737,15.620438408618764,7.246177361109357,0.026047651880793686
2018-05-28,0.05209530376158737,15.60069634205411,7.237052119064528,0.026047651880793686
2018-05-29,0.058224163027656484,14.172454602207921,6.579081409122768,0.029112081513828242
2018-05-30,0.06205470006894967,11.12820744461846,5.173635189357467,0.031027350034474835
2018-05-31,0.054393625986363284,10.339728499948075,4.806222018925666,0.027196812993181642
2018-06-01,0.060522485252432395,11.001897127301,5.114666669809073,0.030261242626216198
2018-06-02,0.05975637784417376,13.256167900421062,6.156171550026814,0.02987818892208688
2018-06-03,0.05286141116984601,12.78127163907516,5.9341336229243975,0.026430705584923005
2018-06-04,0.0628208074772083,10.399272850845422,4.837080658568881,0.03141040373860415
2018-06-05,0.06665134451850149,9.7600613150899,4.54323219351603,0.033325672259250746
2018-06-06,0.06665134451850149,9.23599853227073,4.301074476931809,0.033325672259250746
2018-06-07,0.06665134451850149,9.263154959557903,4.3136228559391325,0.033325672259250746
2018-06-08,0.06511912970198422,8.61459384533387,4.013303125480756,0.03255956485099211
2018-06-09,0.058224163027656484,8.37425870125865,3.8993758554518454,0.029112081513828242
2018-06-10,0.05592584080288056,6.9395599208481515,3.2353229944445574,0.02796292040144028
2018-06-11,0.0505630889450701,6.891144722339564,3.210634397970428,0.02528154447253505
2018-06-12,0.0505630889450701,6.8789610329963224,3.2050026268816834,0.02528154447253505
2018-06-13,0.0505630889450701,7.019881747330841,3.2701416157737957,0.02528154447253505
2018-06-14,0.06741745192676013,5.32021054161171,2.492018529125631,0.033708725963380065
2018-06-15,0.0628208074772083,4.361519078140102,2.0469381045997923,0.03141040373860415
2018-06-16,0.07354631119282924,4.379181699806327,2.05999334703532,0.03677315559641462
2018-06-17,0.07048188155979469,4.366178427511831,2.0525873053186134,0.035240940779897346
2018-06-18,0.07354631119282924,3.8195269293940437,1.8014279552902568,0.03677315559641462
2018-06-19,0.06665134451850149,3.223590835247112,1.5228750572889724,0.033325672259250746
2018-06-20,0.06511912970198422,2.689025763548198,1.2751395616328558,0.03255956485099211
2018-06-21,0.0689496667432774,3.2922758530716494,1.555686365206905,0.03447483337163861
2018-06-22,0.06971577415153604,3.1258036356013865,1.4791262013847795,0.03485788707576802
2018-06-23,0.06971577415153604,2.999057105772475,1.420563342574456,0.03485788707576802
2018-06-24,0.06971577415153604,2.9975223299439016,1.4198542039473425,0.03485788707576802
2018-06-25,0.06205470006894967,2.9650284650979293,1.4012371258957497,0.031027350034474835
2018-06-26,0.06818355933501877,2.7519722316591286,1.305674566827986,0.034091779667509384
2018-06-27,0.06818355933501877,2.635346732308763,1.251786313228671,0.034091779667509384
2018-06-28,0.06818355933501877,2.642370743153152,1.2550318442641235,0.034091779667509384
2018-06-29,0.06818355933501877,2.5214229523155085,1.1991464224546484,0.034091779667509384
2018-06-30,0.06588523711024286,2.3360737361073842,1.1124080553669884,0.03294261855512143
2018-07-01,0.06358691488546694,2.1803880306208265,1.0393689237647867,0.03179345744273347
2018-07-02,0.0628208074772083,2.2844855066642857,1.0871076822338903,0.03141040373860415
2018-07-03,0.06205470006894967,3.995089883291867,1.8772528679234557,0.031027350034474835
2018-07-04,0.06205470006894967,3.883038825892182,1.8254714243211698,0.031027350034474835
2018-07-05,0.06205470006894967,3.9095849203166866,1.8377390023628501,0.031027350034474835
2018-07-06,0.05592584080288056,4.090300537907413,1.9184382222586098,0.02796292040144028
2018-07-07,0.06818355933501877,3.1704457916210496,1.4990354480199217,0.034091779667509384
2018-07-08,0.06511912970198422,2.7176253614819545,1.2883552357964225,0.03255956485099211
2018-07-09,0.06588523711024286,2.473382387661688,1.1758563709047911,0.03294261855512143
2018-07-10,0.06588523711024286,2.486766899585317,1.1820411577061822,0.03294261855512143
2018-07-11,0.07354631119282924,2.1737742264943183,1.041075833164532,0.03677315559641462
2018-07-12,0.07048188155979469,1.8275169727597944,0.879625746013508,0.035240940779897346
2018-07-13,0.06971577415153604,1.531170303499094,0.7423305920043964,0.03485788707576802
2018-07-14,0.07048188155979469,1.8531812626084598,0.8914836585299641,0.035240940779897346
2018-07-15,0.06818355933501877,1.69030777474098,0.8151193811227512,0.03409177966750934
2018-07-16,0.0727802037845706,1.6745610716434371,0.8100647709155042,0.0363901018922853
2018-07-17,0.07354631119282924,1.5325693897716275,0.7448335985564066,0.03677315559641462
2018-07-18,0.07201409637631197,1.2543040424956928,0.6155256890740078,0.036007048188155984
2018-07-19,0.0689496667432774,1.1741223438581174,0.5769835808072533,0.0344748333716387
2018-07-20,0.06818355933501877,1.5920400340853613,0.7697135568512251,0.034091779667509425
2018-07-21,0.06818355933501877,1.5920400340853613,0.7697135568512251,0.034091779667509425
2018-07-22,0.07431241860108788,1.5586123975970982,0.7572368086807095,0.03715620930054398
2018-07-23,0.06971577415153604,1.532165322053606,0.7427903373812536,0.03485788707576802
2018-07-24,0.07124798896805333,1.1638217234081814,0.5733465434537961,0.035623994484026665
2018-07-25,0.06511912970198422,1.3431935656516676,0.653239916489785,0.03255956485099211
2018-07-26,0.06818355933501877,1.2330930889750906,0.6038576838684948,0.034091779667509384
2018-07-27,0.06588523711024286,1.208010438403593,0.5911465379816986,0.03294261855512143
2018-07-28,0.06205470006894967,1.214677158181743,0.5923583916240014,0.031027350034474835
2018-07-29,0.0628208074772083,0.9432859602682524,0.46731792785858417,0.03141040373860415
2018-07-30,0.06741745192676013,1.4494241809457018,0.703444189454984,0.033708725963380065
2018-07-31,0.0689496667432774,1.5013857995927498,0.7281971986902469,0.0344748333716387
2018-08-01,0.07354631119282924,1.1260645182894249,0.5570247976707428,0.03677315559641462
2018-08-02,0.07124798896805333,1.1400087675496138,0.5623442025752674,0.035623994484026665
2018-08-03,0.0628208074772083,0.9610417155597835,0.47552314626956366,0.03141040373860415
2018-08-04,0.07584463341760515,1.461816373399965,0.7132606509242172,0.03792231670880258
2018-08-05,0.07201409637631197,2.0821729701498293,0.998021048676901,0.036007048188155984
2018-08-06,0.06971577415153604,2.205790510730758,1.05403686120189,0.03485788707576802
2018-08-07,0.08197349268367425,1.5439814310124156,0.7541895379061794,0.04098674634183708
2018-08-08,0.07124798896805333,1.4009688539579428,0.6829160393269713,0.035623994484026665
2018-08-09,0.07201409637631197,1.581753707942613,0.7668153115651813,0.036007048188155984
2018-08-10,0.06435302229372558,1.846870804051301,0.8856167406631914,0.03217651114686279
2018-08-11,0.06128859266069103,1.5858716040355214,0.7635252194792824,0.030644296330345516
2018-08-12,0.05745805561939783,1.4834020360635478,0.7143123774580988,0.028729027809698916
2018-08-13,0.05975637784417376,1.3461104329298617,0.6519785930901782,0.02987818892208688
2018-08-14,0.05975637784417376,1.8684371603870122,0.8933701314884406,0.02987818892208688
2018-08-15,0.07048188155979469,1.5580987694095312,0.755143926937017,0.035240940779897346
2018-08-16,0.056691948211139195,1.566652263141316,0.7524170514884648,0.028345974105569598
2018-08-17,0.06971577415153604,1.3230018245775588,0.6461469627066355,0.03485788707576802
2018-08-18,0.06665134451850149,1.3723593104797285,0.6674622830888289,0.033325672259250746
2018-08-19,0.07048188155979469,1.262573699027405,0.6185997072576633,0.035240940779897346
2018-08-20,0.07661074082586379,1.8329105496186648,0.8850698840351241,0.038305370412931895
2018-08-21,0.06435302229372558,3.0229208862626216,1.4290702675062346,0.03217651114686279
2018-08-22,0.05899027043591512,2.4639463341843277,1.1682185138257073,0.02949513521795756
2018-08-23,0.060522485252432395,2.5727163250101017,1.2192137200152025,0.030261242626216198
2018-08-24,0.05899027043591512,2.8372636956414117,1.3407487354598033,0.02949513521795756
2018-08-25,0.05899027043591512,2.8286379615055894,1.3367623153897545,0.02949513521795756
2018-08-26,0.06435302229372558,5.4573708236403045,2.554031206162077,0.03217651114686279
2018-08-27,0.07737684823412243,1.7308372021652172,0.8382840276393531,0.038688424117061214
2018-08-28,0.06971577415153604,1.0268972027087055,0.5093326989394372,0.03485788707576802
2018-08-29,0.07124798896805333,0.8430703488052145,0.42514923516504777,0.035623994484026665
2018-08-30,0.07661074082586379,1.1893054856066927,0.587738446280968,0.038305370412931895
2018-08-31,0.07661074082586379,1.1893054856066927,0.587738446280968,0.038305370412931895
2018-09-01,0.07661074082586379,1.1974925714093745,0.5915207005372566,0.038305370412931895
2018-09-02,0.07354631119282924,1.4967433474464102,0.728281654110957,0.03677315559641462
2018-09-03,0.0727802037845706,1.6134394705808246,0.7818255891543539,0.036390101892285344
2018-09-04,0.07584463341760515,1.4930396912541748,0.7276853788531411,0.03792231670880258
2018-09-05,0.07124798896805333,1.1959310535647008,0.5881820723928104,0.035623994484026665
2018-09-06,0.07048188155979469,2.173291440616109,1.03938716604273,0.035240940779897346
2018-09-07,0.07048188155979469,2.234852780953328,1.0678309294361081,0.035240940779897346
2018-09-08,0.06588523711024286,1.025690308019067,0.506899077748242,0.03294261855512143
2018-09-09,0.07354631119282924,0.735626980869281,0.37663924544781174,0.03677315559641464
2018-09-10,0.06971577415153606,0.8357763128817561,0.421025857704831,0.03485788707576803
2018-09-11,0.06358691488546694,0.8364882275907694,0.41834163334135926,0.03179345744273347
2018-09-12,0.07661074082586379,0.7202074653494501,0.37102543917492176,0.038305370412931895
2018-09-13,0.06511912970198422,1.8134061330606788,0.8705218549591738,0.03255956485099211
2018-09-14,0.0628208074772083,1.8912953944731608,0.9054082448067192,0.03141040373860415
2018-09-15,0.07124798896805333,1.0623248728327774,0.5264517793279092,0.035623994484026665
2018-09-16,0.06358691488546694,1.6515100988414875,0.7949700272122859,0.03179345744273343
2018-09-17,0.06665134451850149,1.3985608190909962,0.6795694154866577,0.033325672259250746
2018-09-18,0.06435302229372558,1.5156105270204092,0.7325411458577876,0.03217651114686279
2018-09-19,0.060522485252432395,1.076239735107315,0.5276335673092664,0.030261242626216198
2018-09-20,0.07048188155979469,0.6253427859516948,0.3241739325882687,0.035240940779897346
2018-09-21,0.0789090630506397,0.8253800230906726,0.420743047669842,0.03945453152531985
2018-09-22,0.07967517045889834,0.8118090836334885,0.4148507172675407,0.03983758522944917
2018-09-23,0.07584463341760515,0.5780186766470466,0.3049587087860787,0.03792231670880258
2018-09-24,0.06741745192676013,0.6840326964987361,0.349779729231784,0.033708725963380065
2018-09-25,0.06818355933501877,0.7649010978625176,0.3875237869867618,0.034091779667509384
2018-09-26,0.07431241860108788,0.7872624793643902,0.40087231914555704,0.03715620930054394
2018-09-27,0.06665134451850149,0.7696417652217878,0.38895995609708206,0.033325672259250726
2018-09-28,0.0727802037845706,0.734244786216043,0.37562323084601934,0.0363901018922853
2018-09-29,0.06971577415153604,0.7349058876930676,0.3744189764242442,0.03485788707576802
2018-09-30,0.0727802037845706,0.672596391732012,0.34714066188755416,0.0363901018922853
2018-10-01,44.0266605378074,85.65177245994077,23.938575809373063,22.0133302689037
2018-10-02,8.709875124492454,12.790349769307829,9.159574199329434,4.354937562246228
2018-10-03,8.531372098368191,12.369075996018115,8.93415228698252,4.2656860491840956
2018-10-04,0.7025204933731709,2.4352258540948637,1.4610389177264456,0.35126024668658545
2018-10-05,0.4895426338772696,1.6981014688940148,1.0222449864821344,0.2447713169386348
2018-10-06,0.45506780050563084,1.727504535302648,1.0190652819074602,0.22753390025281542
2018-10-07,0.4397456523404581,1.9164123793582872,1.0982541931528969,0.21987282617022905
2018-10-08,0.3960775300697158,2.0616599253047587,1.1438941594030145,0.1980387650348579
2018-10-09,0.31870068183559336,1.2908471015674854,0.7525684075279797,0.1593503409177967
2018-10-10,0.27273423734007507,1.1102964325571612,0.6471221909854232,0.13636711867003753
2018-10-11,0.2589443039914196,1.0474605817934068,0.6114661180176143,0.1294721519957098
2018-10-12,0.18080134834903852,0.953783560875143,0.5300340283736602,0.09040067417451926
2018-10-13,0.1578181261012794,1.1452390436330386,0.6070543895697111,0.0789090630506397
2018-10-14,0.13636711867003753,1.3931362935116565,0.710949514597763,0.06818355933501877
2018-10-15,0.12870604458745116,1.52156827640241,0.7664915617928659,0.06435302229372562
2018-10-16,0.1233432927296407,1.6694098367646877,0.832122255240493,0.06167164636482035
2018-10-17,0.11261778901401975,1.2558137901914406,0.6360151683749733,0.05630889450700988
2018-10-18,0.11338389642227839,1.3401708179236425,0.6753286789486795,0.056691948211139195
2018-10-19,0.10878725197272657,1.3674792129731888,0.6856990528902502,0.054393625986363284
2018-10-20,0.12181107791312343,0.8608510043586642,0.45821073359058456,0.060905538956561714
2018-10-21,0.11261778901401975,0.8880599566522471,0.46625337231349995,0.05630889450700988
2018-10-22,0.11415000383053703,0.8884871170484907,0.4672030511263519,0.057075001915268514
2018-10-23,0.11415000383053703,0.8884871170484907,0.4672030511263519,0.057075001915268514
2018-10-24,0.11031946678924384,1.45411853965417,0.7264404731669424,0.05515973339462192
2018-10-25,0.11108557419750248,2.3170719085003264,1.125180433544045,0.05554278709875124
2018-10-26,0.11031946678924384,2.434405213050221,1.178980995387882,0.05515973339462192
2018-10-27,0.11031946678924384,2.434405213050221,1.178980995387882,0.05515973339462192
2018-10-28,0.11031946678924384,2.434405213050221,1.178980995387882,0.05515973339462192
2018-10-29,0.11031946678924384,2.4456438683726334,1.1841692194928228,0.05515973339462192
2018-10-30,0.1095533593809852,2.4675610424978305,1.193922936182309,0.0547766796904926
2018-10-31,0.10572282233969202,9.203122870354855,4.301823310036505,0.05286141116984601
2018-11-01,0.10189228529839883,11.140492575082616,5.194793128075187,0.050946142649199416
2018-11-02,0.09269899639929517,13.684374996986337,6.3660293357338045,0.046349498199647586
2018-11-03,0.08657013713322607,14.24308124097395,6.621858001509834,0.04328506856661304
2018-11-04,0.08273960009193289,21.26378568867746,9.863469656884384,0.041369800045966444
2018-11-05,0.08273960009193289,22.801490837311498,10.57376149961587,0.041369800045966444
2018-11-06,0.0789090630506397,24.191626680346893,11.21490000151871,0.03945453152531985
2018-11-07,0.07967517045889834,23.922561740755732,11.090803859986893,0.03983758522944917
2018-11-08,0.08273960009193289,23.04335428862536,10.685482291261605,0.041369800045966444
2018-11-09,0.08273960009193289,23.042380708970487,10.685032578462165,0.041369800045966444
2018-11-10,0.07431241860108788,23.662220459336783,10.969127440437482,0.03715620930054394
2018-11-11,0.06741745192676013,23.80555491123309,11.033542012687604,0.033708725963380065
2018-11-12,0.06358691488546694,23.10399423889012,10.708341595768122,0.03179345744273347
2018-11-13,0.06128859266069103,23.954723428662682,11.10087203450387,0.030644296330345516
2018-11-14,0.060522485252432395,25.065900549260988,11.614190751804722,0.030261242626216198
2018-11-15,0.06588523711024286,25.042740267879154,11.604825879088326,0.03294261855512143
2018-11-16,0.06511912970198422,22.971848421535555,10.647690042455835,0.03255956485099211
2018-11-17,0.06818355933501877,21.001994749217946,9.738323062204717,0.034091779667509384
2018-11-18,0.07124798896805333,20.96716190941321,9.723117808892985,0.035623994484026665
2018-11-19,0.07124798896805333,22.643295768382167,10.4975448134173,0.035623994484026665
2018-11-20,0.06205470006894967,25.685152579596753,11.900743804135876,0.031027350034474835
2018-11-21,0.041369800045966444,36.39360515973611,16.846558524322035,0.020684900022983222
2018-11-22,0.053627518578104647,34.69141399361199,16.0614601169279,0.026813759289052323
2018-11-23,0.03677315559641462,34.59418547452457,16.013923773304654,0.01838657779820731
2018-11-24,0.035240940779897346,35.77681968679971,16.560528070301718,0.017620470389948673
2018-11-25,0.035240940779897346,35.77681968679971,16.560528070301718,0.017620470389948673
2018-11-26,0.04213590745422508,38.49389352487867,17.817674040801755,0.02106795372711254
2018-11-27,0.03294261855512143,41.75486959274303,19.324539751385707,0.016471309277560714
2018-11-28,0.036007048188155984,42.33508386578197,19.59307428728469,0.018003524094077992
2018-11-29,0.033708725963380065,41.7726928467311,19.33284451729867,0.016854362981690033
2018-11-30,0.030644296330345516,41.39884142802715,19.159709386949935,0.015322148165172758
2018-12-01,0.0505630889450701,38.528542434429056,17.834659743535674,0.02528154447253505
2018-12-02,0.0505630889450701,39.732160343764384,18.39101835977452,0.02528154447253505
2018-12-03,0.051329196353328735,39.2227366649812,18.155625654498127,0.025664598176664367
2018-12-04,0.054393625986363284,38.18678131123905,17.677137081807732,0.027196812993181642
2018-12-05,0.051329196353328735,41.728724998307314,19.31397090916166,0.025664598176664367
2018-12-06,0.04596644449551827,41.74320755798864,19.320222404536512,0.022983222247759134
2018-12-07,0.03753926300467326,40.35915229759953,18.679582614088904,0.01876963150233663
2018-12-08,0.03983758522944917,43.03497913535958,19.91696154768215,0.019918792614724585
2018-12-09,0.03907147782119053,45.561505871718744,21.08505662195739,0.019535738910595266
2018-12-10,0.0344748333716387,48.421989376809506,22.407538595082286,0.01723741668581935
2018-12-11,0.035240940779897346,53.298609027404076,24.662459560698693,0.017620470389948673
2018-12-12,0.05286141116984601,53.33681708993784,24.679538692156743,0.026430705584923005
2018-12-13,0.04979698153681146,54.40121408269166,25.171654440414976,0.02489849076840573
2018-12-14,0.053627518578104647,55.52312245049169,25.690040785130346,0.026813759289052323
2018-12-15,0.05209530376158737,54.78779624229615,25.350240546102015,0.026047651880793686
2018-12-16,0.04520033708725963,55.22808417915994,25.554112339102495,0.022600168543629815
2018-12-17,0.02757986669731096,56.86373121402119,26.311468616146506,0.01378993334865548
2018-12-18,0.04903087412855282,50.60647270006373,23.417554200386466,0.02451543706427641
2018-12-19,0.04903087412855282,50.71331371743848,23.466941876065295,0.02451543706427641
2018-12-20,0.028345974105569598,53.448009280901054,24.731778750031353,0.014172987052784799
2018-12-21,0.028345974105569598,53.688690969828635,24.84308458127408,0.014172987052784799
2018-12-22,0.028345974105569598,53.07462685501172,24.559104038173462,0.014172987052784799
2018-12-23,0.017620470389948673,51.488937319174575,23.825944582811935,0.008810235194974337
2018-12-24,0.03217651114686279,53.558441735219176,24.78271311681475,0.016088255573431395
2018-12-25,0.0344748333716387,55.01863710607814,25.457824866402806,0.01723741668581935
2018-12-26,0.033708725963380065,48.425604873996605,22.409198337429608,0.016854362981690033
2018-12-27,0.029112081513828242,48.60881151768348,22.49385044398564,0.014556040756914121
2018-12-28,0.029112081513828242,47.83800731577092,22.137389669878157,0.014556040756914121
2018-12-29,0.04443422967900099,43.73473049647944,20.24077665731675,0.022217114839500497
2018-12-30,0.04443422967900099,43.72624346211462,20.23685310256527,0.022217114839500497
2018-12-31,0.020684900022983222,43.54432746386589,20.151220184102527,0.010342450011491611
2019-01-01,0.02757986669731096,47.50387124105736,21.982829168295936,0.01378993334865548
2019-01-02,0.019918792614724585,49.51362165070156,22.912237958957768,0.009959396307362292
2019-01-03,0.03217651114686279,48.96906974767444,22.66048456270305,0.016088255573431395
2019-01-04,0.033708725963380065,49.12066924158472,22.730601042546315,0.016854362981690033
2019-01-05,0.028345974105569598,49.44204838368961,22.879179121132484,0.014172987052784799
2019-01-06,0.03141040373860415,48.756864596567866,22.562346616972594,0.015705201869302077
2019-01-07,0.02757986669731096,48.46249933968823,22.426164369414078,0.01378993334865548
2019-01-08,0.026047651880793686,49.7260595036498,23.010516816948833,0.013023825940396843
2019-01-09,0.026047651880793686,50.52453537875095,23.379798910169598,0.013023825940396843
2019-01-10,0.022983222247759134,49.82006546416649,23.053987529323983,0.011491611123879567
2019-01-11,0.019918792614724585,47.62500495032732,22.03866773064401,0.009959396307362292
2019-01-12,0.019918792614724585,47.455517460859824,21.96027213833504,0.009959396307362292
2019-01-13,0.019918792614724585,47.53806624897817,21.99845466826251,0.009959396307362292
2019-01-14,0.022983222247759134,48.9416264395133,22.647696862072298,0.011491611123879567
2019-01-15,0.013023825940396843,64.5918354966413,29.887596617365237,0.0065119129701984215
2019-01-16,0.019918792614724585,64.34795230255574,29.7737835610136,0.009959396307362292
2019-01-17,0.016854362981690033,64.6286346535826,29.904060065757427,0.008427181490845016
2019-01-18,0.01378993334865548,62.92564046797796,29.116692515271442,0.00689496667432774
2019-01-19,0.016088255573431395,64.79027432666358,29.978943952488113,0.008044127786715698
2019-01-20,0.015322148165172758,65.04310710227176,30.09601542212038,0.007661074082586379
2019-01-21,0.016088255573431395,62.99240181706269,29.147278128522657,0.008044127786715698
2019-01-22,0.022983222247759134,63.3004173643006,29.288843921838314,0.011491611123879567
2019-01-23,0.012257718532138206,62.83668620195281,29.07573839723529,0.006128859266069103
2019-01-24,0.015322148165172758,62.4638320817163,28.902866074911458,0.007661074082586379
2019-01-25,0.014556040756914121,62.395318323916904,28.871267190324634,0.0072780203784570605
2019-01-26,0.015322148165172758,61.7143364014932,28.55615613724785,0.007661074082586379
2019-01-27,0.015322148165172758,60.3871605924119,27.94221658539045,0.007661074082586379
2019-01-28,0.01378993334865548,61.2451678874606,28.33929531691122,0.00689496667432774
2019-01-29,0.009959396307362292,61.635259956650536,28.520200057627896,0.004979698153681146
2019-01-30,0.009959396307362292,61.68246159191415,28.542037639424684,0.004979698153681146
2019-01-31,0.00689496667432774,63.98240661871686,29.606523273762104,0.00344748333716387
2019-02-01,0.00689496667432774,65.81864658663896,30.45610605459961,0.00344748333716387
2019-02-02,0.00689496667432774,65.81864658663896,30.45610605459961,0.00344748333716387
2019-02-03,0.00689496667432774,65.80578110888283,30.450153516500116,0.00344748333716387
2019-02-04,0.0015322148165172757,90.13370211931922,41.70823265155046,0.0007661074082586379
2019-02-05,0.0,89.14404532327289,41.25088964694958,0.0
2019-02-06,0.0,86.83158035666713,40.180809903496574,0.0
2019-02-07,0.0,85.47854284083746,39.554699645079786,0.0
2019-02-08,0.0,79.12123196393586,36.612890929944484,0.0
2019-02-09,0.0,80.2655094988016,37.14239871865942,0.0
2019-02-10,0.0,80.08534551567509,37.05902888100671,0.0
2019-02-11,0.0,74.92184256056782,34.66964785369967,0.0
2019-02-12,0.0,75.78222291794978,35.067783871064144,0.0
2019-02-13,0.0,74.73527465658658,34.583314638835084,0.0
2019-02-14,0.0,74.43640414949112,34.445014046100994,0.0
2019-02-15,0.0030644296330345515,74.11442621494929,34.295281655791825,0.0015322148165172757
2019-02-16,0.0030644296330345515,75.27948748011451,34.83437129260673,0.0015322148165172757
2019-02-17,0.005362751857810465,71.51429841810992,33.091672818216104,0.0026813759289052324
2019-02-18,0.004596644449551828,70.41544278178013,32.58339908257407,0.002298322224775914
2019-02-19,0.006128859266069103,65.37214365641694,30.249637968173175,0.0030644296330345515
2019-02-20,0.00689496667432774,66.81501000139208,30.917098743691657,0.00344748333716387
2019-02-21,0.01378993334865548,66.96175653865222,30.983825226614385,0.00689496667432774
2019-02-22,0.012257718532138206,63.17482437821048,29.232168427967657,0.006128859266069103
2019-02-23,0.012257718532138206,64.56164617567019,29.873742173937178,0.006128859266069103
2019-02-24,0.012257718532138206,63.50877381935881,29.38666065927987,0.006128859266069103
2019-02-25,0.011491611123879567,57.49203478208942,26.603244498475703,0.005745805561939783
2019-02-26,0.011491611123879567,58.508357965895705,27.073425361882663,0.005745805561939783
2019-02-27,0.017620470389948673,56.749173775352816,26.25916159796236,0.008810235194974337
2019-02-28,0.01072550371562093,55.81521482179513,25.827543037298433,0.005362751857810465
2019-03-01,0.01072550371562093,55.849948538557015,25.843612137794995,0.005362751857810465
2019-03-02,0.011491611123879567,51.464967472361735,23.814946684697063,0.005745805561939783
2019-03-03,0.01378993334865548,51.495462339936715,23.829020132802718,0.00689496667432774
2019-03-04,0.015322148165172758,52.93687148748207,24.495780082411265,0.007661074082586379
2019-03-05,0.01838657779820731,53.3205810589208,24.67317891040772,0.009193288899103655
2019-03-06,0.017620470389948673,52.44178021198687,24.266699206462537,0.008810235194974337
2019-03-07,0.006128859266069103,58.11101556505892,26.890038106459574,0.0030644296330345515
2019-03-08,0.016854362981690033,54.56356956826834,25.2482060103581,0.008427181490845016
2019-03-09,0.016854362981690033,54.19971505399368,25.079895770781725,0.008427181490845016
2019-03-10,0.014556040756914121,53.41406456121428,24.716551447175377,0.0072780203784570605
2019-03-11,0.014556040756914121,53.40126779290419,24.710631679605715,0.0072780203784570605
2019-03-12,0.017620470389948673,43.77407767780051,20.257297449689094,0.008810235194974337
2019-03-13,0.017620470389948673,44.01009548322733,20.36647173202929,0.008810235194974337
2019-03-14,0.017620470389948673,44.01009548322733,20.36647173202929,0.008810235194974337
2019-03-15,0.016854362981690033,48.926043322973165,22.640423625535274,0.008427181490845016
2019-03-16,0.019152685206465948,55.85521822742472,25.84555666066975,0.009576342603232974
2019-03-17,0.017620470389948673,52.26684191454646,24.185778349485947,0.008810235194974337
2019-03-18,0.015322148165172758,58.227425015243185,26.943142398455635,0.007661074082586379
2019-03-19,0.015322148165172758,57.7162518159786,26.706678289683754,0.007661074082586379
2019-03-20,0.01838657779820731,54.7838970360392,25.350050833080324,0.009193288899103655
2019-03-21,0.013023825940396843,51.91661319423878,24.023861853475132,0.0065119129701984215
2019-03-22,0.008427181490845016,50.71232529346694,23.466774203614207,0.004213590745422508
2019-03-23,0.014556040756914121,44.04334566674288,20.38166966517226,0.0072780203784570605
2019-03-24,0.017620470389948673,45.079510826376584,20.86114903995857,0.008810235194974337
2019-03-25,0.016854362981690033,46.15650440120609,21.35930234999482,0.008427181490845016
2019-03-26,0.019918792614724585,45.63186882661235,21.116752564740267,0.009959396307362292
2019-03-27,0.015322148165172758,45.26733124844331,20.947919983478926,0.007661074082586379
2019-03-28,0.02374932965601777,40.250415363620995,18.62796158673993,0.011874664828008885
2019-03-29,0.020684900022983222,40.89875081935438,18.927542179717467,0.010342450011491611
2019-03-30,0.02145100743124186,42.97944649100584,19.889995422109756,0.01072550371562093
2019-03-31,0.019918792614724585,43.25249001717916,20.016182772368108,0.009959396307362292
2019-04-01,0.01838657779820731,43.10437216598771,19.947565943752444,0.009193288899103655
2019-04-02,0.01838657779820731,43.058184977442444,19.926201582532904,0.009193288899103655
2019-04-03,0.01838657779820731,42.98997085436039,19.89464843518403,0.009193288899103655
2019-04-04,0.01838657779820731,43.54104893403766,20.14955529410347,0.009193288899103655
2019-04-05,0.01838657779820731,44.52136311410421,20.603009745678268,0.009193288899103655
2019-04-06,0.01838657779820731,44.365554040134846,20.530938648856676,0.009193288899103655
2019-04-07,0.016088255573431395,44.864313097524125,20.761526768877683,0.008044127786715698
2019-04-08,0.016088255573431395,48.26498775834912,22.334622123932263,0.008044127786715698
2019-04-09,0.014556040756914121,52.70144896996519,24.386896446436896,0.0072780203784570605
2019-04-10,0.014556040756914121,56.559834992130654,26.171780558720798,0.0072780203784570605
2019-04-11,0.014556040756914121,58.46885741482314,27.054891728179463,0.0072780203784570605
2019-04-12,0.015322148165172758,54.55679977822571,25.245144290269096,0.007661074082586379
2019-04-13,0.03753926300467326,49.04273001628852,22.694598059243553,0.01876963150233663
2019-04-14,0.02987818892208688,49.269856223510764,22.799558195202486,0.01493909446104344
2019-04-15,0.026047651880793686,49.6993973658314,22.998186012261623,0.013023825940396843
2019-04-16,0.026047651880793686,49.47282325062995,22.893399172558254,0.013023825940396843
2019-04-17,0.038305370412931895,49.293034484482355,22.81033645298,0.019152685206465948
2019-04-18,0.038305370412931895,48.29867370802834,22.35058266779228,0.019152685206465948
2019-04-19,0.06128859266069103,43.19779738238346,19.993699024746306,0.030644296330345516
2019-04-20,0.05975637784417376,41.82124620448799,19.35742630843127,0.02987818892208688
2019-04-21,0.038305370412931895,42.578037421813896,19.705582735626386,0.019152685206465948
2019-04-22,0.03753926300467326,42.66717674413405,19.746741117281257,0.01876963150233663
2019-04-23,0.03753926300467326,45.77873694320378,21.18542948543,0.01876963150233663
2019-04-24,0.043668122270742356,45.72491638443675,21.160806551894858,0.021834061135371178
2019-04-25,0.03983758522944917,45.24896441712964,20.940588390207413,0.019918792614724585
2019-04-26,0.029112081513828242,49.02034192760556,22.684163947889232,0.014556040756914121
2019-04-27,0.02987818892208688,46.3968049755914,21.470928818981257,0.01493909446104344
2019-04-28,0.02987818892208688,46.39099742669621,21.468243144623177,0.01493909446104344
2019-04-29,0.02987818892208688,46.59403803022374,21.562138340752288,0.01493909446104344
2019-04-30,0.028345974105569598,45.540269605824776,21.074759631928387,0.014172987052784799
2019-05-01,0.0689496667432774,42.595495607316025,19.715923780498308,0.0344748333716387
2019-05-02,0.0689496667432774,40.84960765209571,18.909228044994997,0.0344748333716387
2019-05-03,0.06358691488546694,42.490746637719596,19.667121324144706,0.03179345744273347
2019-05-04,0.0628208074772083,42.70938759472388,19.768101277206345,0.03141040373860415
2019-05-05,0.05515973339462192,59.557195081082604,27.554474674340867,0.02757986669731096
2019-05-06,0.06588523711024286,54.23874057418946,25.095869734718544,0.03294261855512143
2019-05-07,0.02757986669731096,54.891211243270234,25.399240465113394,0.01378993334865548
2019-05-08,0.02757986669731096,54.891211243270234,25.399240465113394,0.01378993334865548
2019-05-09,0.026813759289052323,51.96559114856033,24.046248685092632,0.013406879644526162
2019-05-10,0.02451543706427641,49.646286983702645,22.9736179055093,0.012257718532138206
2019-05-11,0.02451543706427641,49.71408257033566,23.00497329940369,0.012257718532138206
2019-05-12,0.02451543706427641,50.033713020783374,23.15280207664669,0.012257718532138206
2019-05-13,0.02757986669731096,48.21528625714258,22.31183613114739,0.01378993334865548
2019-05-14,0.02528154447253505,44.58205756126228,20.631458154568627,0.012640772236267524
2019-05-15,0.03677315559641462,44.01128511505148,20.36816901734327,0.01838657779820731
2019-05-16,0.036007048188155984,43.4105780360631,20.09036571950194,0.018003524094077992
2019-05-17,0.036007048188155984,43.43560648808163,20.10193847842003,0.018003524094077992
2019-05-18,0.036007048188155984,44.902472124351405,20.780193863979385,0.018003524094077992
2019-05-19,0.036007048188155984,45.585870161606714,21.096186268319723,0.018003524094077992
2019-05-20,0.036007048188155984,45.611160408683794,21.107880077117215,0.018003524094077992
2019-05-21,0.036007048188155984,45.55062023228478,21.079887260549665,0.018003524094077992
2019-05-22,0.03753926300467326,43.42823193758487,20.098629296936025,0.01876963150233663
2019-05-23,0.06588523711024286,37.86259890632843,17.52869467275037,0.03294261855512143
2019-05-24,0.07507852600934652,34.59044287394052,16.01809597081214,0.03753926300467326
2019-05-25,0.07507852600934652,35.09845207566391,16.25279287497768,0.03753926300467326
2019-05-26,0.07507852600934652,35.003554108996845,16.208950639615,0.03753926300467326
2019-05-27,0.07507852600934652,35.003554108996845,16.208950639615,0.03753926300467326
2019-05-28,0.0628208074772083,45.071366576114336,20.85960952938954,0.03141040373860415
2019-05-29,0.0628208074772083,45.37161101729806,20.99835728616731,0.03141040373860415
2019-05-30,0.05515973339462192,36.23101982538742,16.773289098794322,0.02757986669731096
2019-05-31,0.05209530376158737,34.290358222882155,15.875848257254058,0.026047651880793686
2019-06-01,0.06205470006894967,27.01109243531448,12.513491969590168,0.031027350034474835
2019-06-02,0.06741745192676013,26.027708117122884,12.06033239390293,0.033708725963380065
2019-06-03,0.06665134451850149,25.378233722923127,11.76004111697011,0.033325672259250746
2019-06-04,0.053627518578104647,28.890283384554184,13.380131595471717,0.026813759289052323
2019-06-05,0.060522485252432395,28.710274186347213,13.298397837608386,0.030261242626216198
2019-06-06,0.060522485252432395,28.59290301954723,13.244156047254634,0.030261242626216198
2019-06-07,0.0628208074772083,20.813692409013356,9.649750449028465,0.03141040373860415
2019-06-08,0.05745805561939783,19.81789575326568,9.187958301595485,0.028729027809698916
2019-06-09,0.054393625986363284,19.74263986898513,9.152250102932214,0.027196812993181642
2019-06-10,0.054393625986363284,19.775656581138882,9.167510435889756,0.027196812993181642
2019-06-11,0.04979698153681146,18.945274362584154,8.782280082856357,0.02489849076840573
2019-06-12,0.04596644449551827,18.460749315357795,8.557102085247223,0.022983222247759134
2019-06-13,0.03677315559641462,14.644758642873763,6.789778312510557,0.01838657779820731
2019-06-14,0.03677315559641462,14.030574664641534,6.505794095685093,0.01838657779820731
2019-06-15,0.03677315559641462,14.00437095461382,6.493678116867866,0.01838657779820731
2019-06-16,0.05209530376158737,12.849502479434902,5.965386367840538,0.026047651880793686
2019-06-17,0.053627518578104647,12.007359581633697,5.576710474826663,0.026813759289052323
2019-06-18,0.058224163027656484,11.627078440365239,5.402705385685078,0.029112081513828242
2019-06-19,0.053627518578104647,11.092433539286873,5.153824410421018,0.026813759289052323
2019-06-20,0.04903087412855282,11.601885276736231,5.38753201430867,0.02451543706427641
2019-06-21,0.0505630889450701,11.526993831841882,5.3535026418295555,0.02528154447253505
2019-06-22,0.0505630889450701,11.619682541875836,5.396346938225852,0.02528154447253505
2019-06-23,0.04979698153681146,10.60416632213295,4.926634362817252,0.02489849076840573
2019-06-24,0.06511912970198422,8.482809172215543,3.9524063498086646,0.03255956485099211
2019-06-25,0.07354631119282924,8.091534711281927,3.775132860634091,0.03677315559641462
2019-06-26,0.060522485252432395,7.532955730714025,3.511533659265013,0.030261242626216198
2019-06-27,0.07737684823412243,6.567323636128937,3.0725977367824333,0.038688424117061214
2019-06-28,0.06665134451850149,6.010674487683696,2.8107242145456377,0.033325672259250746
2019-06-29,0.06128859266069103,5.846911981715222,2.7326853946297835,0.030644296330345516
2019-06-30,0.06205470006894967,5.42601670426904,2.5385179929381194,0.031027350034474835
2019-07-01,0.053627518578104647,6.711370056426465,3.128862163826871,0.026813759289052323
2019-07-02,0.05975637784417376,5.86384864962172,2.739836098519732,0.02987818892208688
2019-07-03,0.05975637784417376,5.905059162216716,2.7588813981579805,0.02987818892208688
2019-07-04,0.07124798896805333,4.900050085346049,2.29960254805129,0.035623994484026665
2019-07-05,0.06358691488546694,4.133868819579627,1.942088664124902,0.03179345744273347
2019-07-06,0.05975637784417376,4.1009770040434494,1.9251309031787105,0.02987818892208688
2019-07-07,0.0628208074772083,4.311087285158193,2.02363276672598,0.03141040373860415
2019-07-08,0.05899027043591512,4.201658766955306,1.9713097764236485,0.02949513521795756
2019-07-09,0.06128859266069103,4.152129637200528,1.9494734082219431,0.030644296330345516
2019-07-10,0.06818355933501877,3.2162267500496022,1.5201891057668095,0.034091779667509384
2019-07-11,0.06818355933501877,3.394277851318386,1.602459818023181,0.034091779667509294
2019-07-12,0.06818355933501877,3.314599015582067,1.5656432270497296,0.034091779667509384
2019-07-13,0.06205470006894967,3.9565593879412533,1.8594470147859063,0.031027350034474835
2019-07-14,0.06205470006894967,3.779509616204947,1.7776281280862531,0.031027350034474835
2019-07-15,0.06128859266069103,3.726633838311244,1.7528384769371859,0.030644296330345516
2019-07-16,0.07507852600934652,2.8397906605770187,1.3495038381631543,0.03753926300467326
2019-07-17,0.08810235194974335,2.558432586328205,1.2256969687578985,0.044051175974871674
2019-07-18,0.08197349268367425,2.8215059623378536,1.3443093694871746,0.040986746341837126
2019-07-19,0.08580402972496744,2.8013882282575784,1.3368244563062088,0.04290201486248372
2019-07-20,0.08044127786715698,2.6248342532196283,1.252736006790653,0.04022063893357849
2019-07-21,0.07967517045889834,2.4637772107933724,1.177973172883006,0.03983758522944917
2019-07-22,0.0727802037845706,2.4355285145976624,1.1616442053921798,0.0363901018922853
2019-07-23,0.0628208074772083,1.9177299997883694,0.9176240985768364,0.03141040373860415
2019-07-24,0.06818355933501877,1.77082514640202,0.8523234279854824,0.034091779667509384
2019-07-25,0.06665134451850149,2.070585489368517,0.9900970182430253,0.033325672259250746
2019-07-26,0.07201409637631197,2.84662187113619,1.351214830341541,0.036007048188155984
2019-07-27,0.06511912970198422,3.1947141318591545,1.508814619561393,0.03255956485099211
2019-07-28,0.06511912970198422,3.2054745105009803,1.5137869152676595,0.03255956485099211
2019-07-29,0.06588523711024286,2.6773272898854943,1.2700963212804217,0.03294261855512143
2019-07-30,0.06588523711024286,2.3467703925949537,1.1173508235636038,0.03294261855512143
2019-07-31,0.06588523711024286,2.3372893617967674,1.1129697781822863,0.03294261855512143
2019-08-01,0.05209530376158737,1.8340150833938647,0.8737720527195696,0.026047651880793686
2019-08-02,0.05515973339462192,3.2232896065464867,1.5173604685738873,0.02757986669731096
2019-08-03,0.05899027043591512,3.0669462013971085,1.4468974917588335,0.02949513521795756
2019-08-04,0.06741745192676013,1.4171288626085383,0.6885214909934221,0.033708725963380065
2019-08-05,0.07201409637631197,1.3765647775960617,0.6720130897668222,0.036007048188155984
2019-08-06,0.07124798896805333,1.499013158913389,0.7282156178725778,0.035623994484026665
2019-08-07,0.07124798896805333,1.499013158913389,0.7282156178725778,0.035623994484026665
2019-08-08,0.07354631119282924,2.1638804130377847,1.0365048049387622,0.03677315559641462
2019-08-09,0.060522485252432395,1.1992628811521253,0.584487357540333,0.030261242626216198
2019-08-10,0.06818355933501877,1.2592534320146453,0.6159453937416632,0.034091779667509384
2019-08-11,0.06128859266069103,1.1506813472151278,0.562410175643231,0.030644296330345516
2019-08-12,0.06128859266069103,1.2630130722082429,0.6143221829598225,0.030644296330345516
2019-08-13,0.0628208074772083,1.738270013479244,0.8346927695783959,0.03141040373860415
2019-08-14,0.0689496667432774,1.1286545212078867,0.5559749596498128,0.0344748333716387
2019-08-15,0.07048188155979469,1.1434625394109004,0.5635656611650303,0.035240940779897346
2019-08-16,0.06665134451850149,1.1781517838209394,0.5777233190926221,0.033325672259250746
2019-08-17,0.06665134451850149,1.1913891092909403,0.5838399917787718,0.033325672259250746
2019-08-18,0.06971577415153604,1.0457551299464711,0.5180459483812276,0.03485788707576802
2019-08-19,0.06511912970198422,0.9523391798777332,0.4726288386783516,0.03255956485099211
2019-08-20,0.06741745192676013,1.0273554690137319,0.5084188903554296,0.033708725963380065
2019-08-21,0.0628208074772083,1.2786065956010721,0.6222749547740494,0.03141040373860415
2019-08-22,0.06665134451850149,1.5126950283110407,0.7323082864673288,0.033325672259250746
2019-08-23,0.06665134451850149,1.6519346117197253,0.7966477905912452,0.03332567225925079
2019-08-24,0.058224163027656484,2.165951582161569,1.0301324993907823,0.029112081513828242
2019-08-25,0.06358691488546694,2.8703428495549934,1.3582027912534103,0.03179345744273347
2019-08-26,0.06818355933501877,3.059842379579712,1.4479297743016253,0.034091779667509384
2019-08-27,0.07354631119282924,1.1575140781670108,0.5715547690028329,0.03677315559641462
2019-08-28,0.0628208074772083,1.5353385128664256,0.7409148785421191,0.03141040373860415
2019-08-29,0.0628208074772083,1.546866717888235,0.7462422464032661,0.03141040373860415
2019-08-30,0.06435302229372558,1.9269899896918425,0.9226398697481999,0.03217651114686279
2019-08-31,0.07124798896805333,3.263172116703461,1.5433130099308132,0.03562399448402675
2019-09-01,0.06205470006894967,3.6360319737692666,1.7113237163084039,0.031027350034474835
2019-09-02,0.06205470006894967,3.671540817317103,1.7277331926866237,0.031027350034474835
2019-09-03,0.060522485252432395,0.9424958086660478,0.46582528664798895,0.030261242626216198
2019-09-04,0.0689496667432774,0.7999952889738738,0.4041164166750348,0.03447483337163872
2019-09-05,0.0689496667432774,1.057917822349599,0.5232907354749792,0.0344748333716387
2019-09-06,0.0689496667432774,1.057917822349599,0.5232907354749792,0.0344748333716387
2019-09-07,0.0689496667432774,1.1095244352117257,0.5471358135025634,0.0344748333716387
2019-09-08,0.0689496667432774,1.1393649740357634,0.5609237747188001,0.0344748333716387
2019-09-09,0.051329196353328735,7.493223319797304,3.4892639929515847,0.025664598176664367
2019-09-10,0.06205470006894967,7.186847333324718,3.3522394698037257,0.031027350034474835
2019-09-11,0.06741745192676013,7.280782524630804,3.3979400688775168,0.033708725963380065
2019-09-12,0.06665134451850149,5.2951130706692755,2.4800792527190483,0.033325672259250746
2019-09-13,0.07737684823412243,3.639979432180111,1.7202512812372088,0.038688424117061214
2019-09-14,0.0689496667432774,3.0600960572505103,1.4484065992866988,0.0344748333716387
2019-09-15,0.07048188155979469,2.0603168969774273,0.987188478179029,0.035240940779897346
2019-09-16,0.06741745192676013,1.812281941983376,0.8711098831593147,0.033708725963380065
2019-09-17,0.07048188155979469,1.5750765669246172,0.7629883379393525,0.03524094077989739
2019-09-18,0.07584463341760515,1.4837003588392168,0.723370740359161,0.03792231670880258
2019-09-19,0.06588523711024286,1.6208011343976136,0.7818910688908793,0.03294261855512147
2019-09-20,0.06971577415153604,1.5478004124767009,0.7500144846156613,0.03485788707576798
2019-09-21,0.07201409637631197,1.380933985991826,0.6740317691503488,0.036007048188155984
2019-09-22,0.07201409637631197,3.409500085901968,1.6112781060336774,0.036007048188155984
2019-09-23,0.07201409637631197,3.409500085901968,1.6112781060336774,0.036007048188155984
2019-09-24,0.07201409637631197,3.4658766580540816,1.6373254385499545,0.036007048188155984
2019-09-25,0.06205470006894967,4.076238295698929,1.9147534684352647,0.031027350034474835
2019-09-26,0.06128859266069103,3.9661835446480205,1.8635418967306971,0.030644296330345516
2019-09-27,0.060522485252432395,3.901974162285337,1.83351557030214,0.030261242626216198
2019-09-28,0.07201409637631197,3.479037034765035,1.6434058491734447,0.036007048188155984
2019-09-29,0.07814295564238107,3.0406726343525015,1.4437490220750464,0.03907147782119053
2019-09-30,0.07737684823412243,2.9941221272039353,1.421884305466364,0.038688424117061214
2019-10-01,32.079981613422206,15.883112217141948,18.29450933240792,16.039990806711103
2019-10-02,24.731479353405348,18.10373848999514,16.26581725533336,12.365739676702674
2019-10-03,1.611889986976174,4.953768648019555,3.0184233865183785,0.8059449934880869
2019-10-04,1.5682218647054318,5.35555855491653,3.1783775336869233,0.7841109323527159
2019-10-05,1.5046349498199647,6.2660850142417885,3.5576302463974696,0.7523174749099826
2019-10-06,1.3973799126637554,9.7434208395922,5.071248800594744,0.6986899563318777
2019-10-07,1.1093235271585076,9.223735127274807,4.720570602109546,0.5546617635792538
2019-10-08,0.7561480119512756,6.380917878855408,3.282557540582196,0.37807400597563795
2019-10-09,0.7255037156209301,6.791431766433824,3.456175405449498,0.3627518578104649
2019-10-10,0.6611506933272044,8.872825745138247,4.377761219947797,0.3305753466636022
2019-10-11,0.2849919558722133,5.466133003058047,2.656339264334441,0.14249597793610666
2019-10-12,0.2252355780280395,4.901736949182518,2.3698276606256243,0.11261778901401975
2019-10-13,0.1884624224316249,3.609994641962628,1.7579317986815588,0.09423121121581245
2019-10-14,0.13253658162874435,2.4866466160472203,1.2136538653022908,0.06626829081437217
2019-10-15,0.12870604458745116,3.0148264104592393,1.4555661840772374,0.06435302229372558
2019-10-16,0.12104497050486479,10.418722690877749,4.86911460805362,0.060522485252432395
2019-10-17,0.11261778901401975,6.685521305600031,3.1424659945524387,0.0563088945070097
2019-10-18,0.11185168160576112,6.719938143727895,3.1580218554237955,0.055925840802880385
2019-10-19,0.11185168160576112,6.9579924533539605,3.2679138379628916,0.05592584080288056
2019-10-20,0.11185168160576112,6.975958591086484,3.2762074685092104,0.05592584080288056
2019-10-21,0.10725503715620929,7.106790738421507,3.334631299155419,0.053627518578104647
2019-10-22,0.10725503715620929,6.953762314467553,3.263982414727984,0.053627518578104647
2019-10-23,0.08810235194974335,4.152048262023656,1.9617293616227698,0.044051175974871674
2019-10-24,0.08580402972496744,4.352514319675771,2.0532681248238123,0.04290201486248372
2019-10-25,0.08580402972496744,2.8728037261667683,1.3698102861456714,0.04290201486248372
2019-10-26,0.08963456676626062,2.1996713290247714,1.060730759750696,0.04481728338313031
2019-10-27,0.08657013713322607,3.27789190244316,1.5572728484363416,0.04328506856661304
2019-10-28,0.08657013713322607,3.272504541956055,1.5547845424805684,0.043285068566612954
2019-10-29,0.0850379223167088,3.630061889942931,1.719222105313332,0.0425189611583544
2019-10-30,0.08427181490845016,3.954757355180384,1.8688441772660362,0.04213590745422508
2019-10-31,0.07431241860108788,5.596843577043948,2.6229039447915063,0.03715620930054394
2019-11-01,0.07354631119282924,6.257405861220297,2.9277493133130417,0.03677315559641462
2019-11-02,0.06665134451850149,6.503891671137933,3.0386288680355813,0.033325672259250746
2019-11-03,0.06665134451850149,6.582784579587965,3.075083520400277,0.033325672259250746
2019-11-04,0.06511912970198422,16.170359961983436,7.504769798720257,0.03255956485099211
2019-11-05,0.06128859266069103,18.689862782158027,8.667815082703873,0.030644296330345516
2019-11-06,0.06128859266069103,18.689862782158027,8.667815082703873,0.030644296330345516
2019-11-07,0.06128859266069103,19.684984277936497,9.12769188396296,0.030644296330345516
2019-11-08,0.03983758522944917,21.682873716820854,10.044904840344278,0.019918792614724585
2019-11-09,0.04443422967900099,47.02823724172298,21.76336434623865,0.022217114839500497
2019-11-10,0.05209530376158737,67.09185836310078,31.037464050251458,0.026047651880793686
2019-11-11,0.0505630889450701,66.57014140768204,30.796568236986932,0.02528154447253505
2019-11-12,0.0505630889450701,66.42740534918529,30.730590126012746,0.02528154447253505
2019-11-13,0.04903087412855282,68.03381783938484,31.4734122484701,0.02451543706427641
2019-11-14,0.043668122270742356,83.0862486582652,38.43323125168937,0.021834061135371178
2019-11-15,0.043668122270742356,83.08487781155611,38.43259749895314,0.021834061135371178
2019-11-16,0.04596644449551827,80.7233589191703,37.340143445189405,0.022983222247759134
2019-11-17,0.04596644449551827,80.7233589191703,37.340143445189405,0.022983222247759134
2019-11-18,0.04520033708725963,80.32355020204236,37.155550370350426,0.022600168543629815
2019-11-19,0.03217651114686279,78.42281662688801,36.280557815053704,0.016088255573431395
2019-11-20,0.041369800045966444,81.49907961429578,37.70019502461903,0.020684900022983222
2019-11-21,0.03677315559641462,80.0691899201276,37.04049558292639,0.01838657779820731
2019-11-22,0.03677315559641462,79.48291325611744,36.7694150514036,0.01838657779820731
2019-11-23,0.03677315559641462,79.48291325611744,36.7694150514036,0.01838657779820731
2019-11-24,0.03677315559641462,79.1554820591304,36.61801857195094,0.01838657779820731
2019-11-25,0.046732551903776905,74.49276751725418,34.45964977214919,0.023366275951888452
2019-11-26,0.046732551903776905,72.45927964097213,33.51961535904312,0.023366275951888452
2019-11-27,0.04520033708725963,71.69867551147965,33.168338132147525,0.022600168543629815
2019-11-28,0.04596644449551827,71.42574144271826,33.041998698663186,0.022983222247759134
2019-11-29,0.04596644449551827,71.25162633379038,32.96150797696759,0.022983222247759134
2019-11-30,0.04749865931203554,64.53214518133323,29.854973111481247,0.02374932965601777
2019-12-01,0.04749865931203554,63.64974848715631,29.447068288631055,0.02374932965601777
2019-12-02,0.046732551903776905,70.00939520259551,32.38709044602632,0.023366275951888452
2019-12-03,0.0344748333716387,68.85194305071767,31.854337904789443,0.01723741668581935
2019-12-04,0.043668122270742356,63.58650537856274,29.418353382895646,0.021834061135371178
2019-12-05,0.04979698153681146,63.22061195213422,29.24838782928003,0.02489849076840573
2019-12-06,0.046732551903776905,63.75983750329412,29.49806446630101,0.023366275951888452
2019-12-07,0.04979698153681146,63.54563453074584,29.398628289907393,0.02489849076840573
2019-12-08,0.029112081513828242,63.66492138484515,29.45659476346275,0.014556040756914121
2019-12-09,0.033708725963380065,63.779613315354936,29.509000999679714,0.016854362981690033
2019-12-10,0.04596644449551827,60.56135556260872,28.019561153443163,0.022983222247759134
2019-12-11,0.04213590745422508,62.840271347048905,29.07356052233479,0.02106795372711254
2019-12-12,0.04213590745422508,63.01970019709668,29.156514577447286,0.02106795372711254
2019-12-13,0.04213590745422508,63.16729020973789,29.224748810902106,0.02106795372711254
2019-12-14,0.0344748333716387,63.746889829672156,29.493764111311748,0.01723741668581935
2019-12-15,0.0344748333716387,63.3670292222169,29.318116775954532,0.01723741668581935
2019-12-16,0.0344748333716387,63.31958521447496,29.29617869294465,0.01723741668581935
2019-12-17,0.0344748333716387,62.34676602015013,28.846347634093323,0.01723741668581935
2019-12-18,0.0344748333716387,61.668335316422805,28.532641650910378,0.01723741668581935
2019-12-19,0.0344748333716387,61.44510398326669,28.4294196055928,0.01723741668581935
2019-12-20,0.03294261855512143,60.93216300835431,28.192403485951566,0.016471309277560714
2019-12-21,0.03294261855512143,61.24520078521736,28.337156777713435,0.016471309277560714
2019-12-22,0.02987818892208688,61.32604637062171,28.37488804925947,0.01493909446104344
2019-12-23,0.01838657779820731,62.49397128282319,28.91642532838657,0.009193288899103655
2019-12-24,0.01838657779820731,62.49397128282319,28.91642532838657,0.009193288899103655
2019-12-25,0.013023825940396843,63.33094182071854,29.304289602728023,0.0065119129701984215
2019-12-26,0.033708725963380065,66.5021513205212,30.767921929089244,0.016854362981690033
2019-12-27,0.03753926300467326,65.42047224816946,30.26715514896018,0.01876963150233663
2019-12-28,0.041369800045966444,64.35765727338838,29.775192684704223,0.020684900022983222
2019-12-29,0.043668122270742356,63.92703588538765,29.575783195462478,0.021834061135371178
2019-12-30,0.04979698153681146,63.49739043156192,29.376327637088423,0.02489849076840573
2019-12-31,0.03753926300467326,64.31726834376205,29.757068078993882,0.01876963150233663
2020-01-01,0.043668122270742356,61.27879907463538,28.35148341499174,0.021834061135371178
2020-01-02,0.04596644449551827,61.161635857343654,28.297061448738454,0.022983222247759134
2020-01-03,0.04596644449551827,60.65531623167213,28.06299771739493,0.022983222247759134
2020-01-04,0.04596644449551827,60.43721328480971,27.96217209861325,0.022983222247759134
2020-01-05,0.04213590745422508,57.340966341827695,26.53110622715296,0.02106795372711254
2020-01-06,0.043668122270742356,57.624951461180075,26.662282202749648,0.021834061135371178
2020-01-07,0.04596644449551827,60.079984449526904,27.797030733573525,0.022983222247759134
2020-01-08,0.03983758522944917,61.94046482748047,28.65783384921816,0.019918792614724585
2020-01-09,0.014556040756914121,61.861314160318756,28.624237592450225,0.0072780203784570605
2020-01-10,0.030644296330345516,57.246730359029364,26.488371546247834,0.015322148165172758
2020-01-11,0.04060369263770781,56.45069128840353,26.119610576602042,0.020301846318853903
2020-01-12,0.04596644449551827,57.15079163867366,26.442910205016823,0.022983222247759134
2020-01-13,0.02987818892208688,57.51176077474458,26.610989164528515,0.01493909446104344
2020-01-14,0.02987818892208688,61.049246496817034,28.246883216788227,0.01493909446104344
2020-01-15,0.026047651880793686,59.94413542873649,27.736210584248553,0.013023825940396843
2020-01-16,0.033708725963380065,58.29126788290683,26.971151052451468,0.016854362981690033
2020-01-17,0.04443422967900099,56.87774630235709,26.31679095127125,0.022217114839500497
2020-01-18,0.04213590745422508,58.803872123870626,27.207440979538962,0.02106795372711254
2020-01-19,0.03141040373860415,57.282544020469594,26.5048773432894,0.015705201869302077
2020-01-20,0.020684900022983222,60.343779202541114,27.921594034730866,0.010342450011491611
2020-01-21,0.03294261855512143,56.521445057430164,26.15282235671054,0.016471309277560714
2020-01-22,0.02451543706427641,55.75204332402215,25.797524365825613,0.012257718532138206
2020-01-23,0.02528154447253505,56.44129760239692,26.11625446226232,0.012640772236267524
2020-01-24,0.013023825940396843,62.05210464483627,28.712681674545603,0.0065119129701984215
2020-01-25,0.013023825940396843,62.023619810176065,28.69950419242689,0.0065119129701984215
2020-01-26,0.00689496667432774,59.78885193255873,27.666269323243846,0.00344748333716387
2020-01-27,0.008427181490845016,58.72058082085147,27.171873104665913,0.004213590745422508
2020-01-28,0.007661074082586379,58.40994211501413,27.028217453535074,0.0038305370412931895
2020-01-29,0.012257718532138206,58.122472937383726,26.894841421871245,0.006128859266069103
2020-01-30,0.014556040756914121,60.927001332200334,28.19202575225812,0.0072780203784570605
2020-01-31,0.01838657779820731,59.77424603284397,27.65838831664026,0.009193288899103655
2020-02-01,0.016088255573431395,60.20992296579723,27.860149839866722,0.008044127786715698
2020-02-02,0.016088255573431395,60.21766299533831,27.863730248383682,0.008044127786715698
2020-02-03,0.015322148165172758,56.82033977924888,26.2922374668705,0.007661074082586379
2020-02-04,0.013023825940396843,57.74794817080268,26.72151881018861,0.0065119129701984215
2020-02-05,0.014556040756914121,57.40353365244159,26.56207440845308,0.0072780203784570605
2020-02-06,0.019918792614724585,55.990352536704215,25.908017503685386,0.009959396307362292
2020-02-07,0.022217114839500497,56.105446154268435,25.96111315920975,0.011108557419750248
2020-02-08,0.02145100743124186,57.516832998230285,26.613968248181685,0.01072550371562093
2020-02-09,0.022983222247759134,58.54884260920009,27.09117234354269,0.011491611123879567
2020-02-10,0.022983222247759134,59.345409406291495,27.459595929492302,0.011491611123879567
2020-02-11,0.022217114839500497,55.14615702429543,25.517420807690094,0.011108557419750248
2020-02-12,0.017620470389948673,54.70630085490592,25.31419397317371,0.008810235194974337
2020-02-13,0.017620470389948673,56.18825638971163,25.999699169190215,0.008810235194974337
2020-02-14,0.019152685206465948,53.359499526787815,24.691155312409926,0.009576342603232974
2020-02-15,0.022217114839500497,56.44679570846487,26.11899484645024,0.011108557419750248
2020-02-16,0.022217114839500497,56.310588066208545,26.05599581185328,0.011108557419750248
2020-02-17,0.017620470389948673,55.93285581395693,25.881559037699418,0.008810235194974337
2020-02-18,0.017620470389948673,53.7670449191624,24.87972424097224,0.008810235194974337
2020-02-19,0.017620470389948673,55.97365174227846,25.900429928346213,0.008810235194974337
2020-02-20,0.02145100743124186,52.36854219444543,24.23273091586186,0.01072550371562093
2020-02-21,0.01378993334865548,53.76922550060284,24.880877289729582,0.00689496667432774
2020-02-22,0.01838657779820731,52.77872470880981,24.422537657768473,0.009193288899103655
2020-02-23,0.016854362981690033,51.68869709908412,23.918360000327123,0.008427181490845016
2020-02-24,0.048264766720294186,51.10720353208244,23.649027456694416,0.024132383360147093
2020-02-25,0.048264766720294186,51.10717010628869,23.64901200523522,0.024132383360147093
2020-02-26,0.03141040373860415,51.58738678563242,23.871265255248282,0.015705201869302077
2020-02-27,0.03141040373860415,51.60072919621997,23.877435187413116,0.015705201869302077
2020-02-28,0.016854362981690033,54.321852298553594,25.13639348645266,0.008427181490845016
2020-02-29,0.016854362981690033,53.66591678662529,24.832973688626637,0.008427181490845016
2020-03-01,0.015322148165172758,52.8621030423055,24.46119287443875,0.007661074082586379
2020-03-02,0.014556040756914121,54.587499656153014,25.259380921914403,0.0072780203784570605
2020-03-03,0.012257718532138206,56.98452359386147,26.368401453603912,0.006128859266069103
2020-03-04,0.01378993334865548,70.42230167960639,32.58469520126678,0.00689496667432774
2020-03-05,0.009959396307362292,82.23503451726154,38.050574576441484,0.004979698153681146
2020-03-06,0.009959396307362292,82.8833458626531,38.35051232130359,0.004979698153681146
2020-03-07,0.009959396307362292,79.53982900479237,36.80365229273275,0.004979698153681146
2020-03-08,0.011491611123879567,68.27251907993741,31.590612193979776,0.005745805561939783
2020-03-09,0.011491611123879567,73.21889316860744,33.87894968032404,0.005745805561939783
2020-03-10,0.009193288899103655,73.55916431020151,34.03691053928652,0.004596644449551828
2020-03-11,0.012257718532138206,65.55318027912577,30.332447286717912,0.006128859266069103
2020-03-12,0.013023825940396843,62.425691249788514,28.88550805269654,0.0065119129701984215
2020-03-13,0.01378993334865548,60.663064712076775,28.070010722240436,0.00689496667432774
2020-03-14,0.01378993334865548,60.724980848372134,28.098653516801527,0.00689496667432774
2020-03-15,0.015322148165172758,58.04113782970263,26.85696762761897,0.007661074082586379
2020-03-16,0.019152685206465948,57.546188145722596,26.6277193110725,0.009576342603232974
2020-03-17,0.016854362981690033,56.34161809493058,26.070687968834044,0.008427181490845016
2020-03-18,0.015322148165172758,54.62904041232603,25.278562155650576,0.007661074082586379
2020-03-19,0.016854362981690033,50.4118300637733,23.327712397537972,0.008427181490845016
2020-03-20,0.02757986669731096,47.876038934772666,22.154944965421638,0.01378993334865548
2020-03-21,0.030644296330345516,48.11279227163255,22.264493734009683,0.015322148165172758
2020-03-22,0.028345974105569598,50.74195404070381,23.48033444929967,0.014172987052784799
2020-03-23,0.01838657779820731,50.478531826405984,23.358559676815602,0.009193288899103655
2020-03-24,0.02528154447253505,50.60281175811085,23.416005079486663,0.012640772236267524
2020-03-25,0.017620470389948673,49.873694839440816,23.07878511231592,0.008810235194974337
2020-03-26,0.008427181490845016,51.66314749674935,23.906681532798515,0.004213590745422508
2020-03-27,0.008427181490845016,51.36089514369906,23.76684148182893,0.004213590745422508
2020-03-28,0.030644296330345516,48.715230186037324,22.543083769934764,0.015322148165172758
2020-03-29,0.029112081513828242,49.14977231698438,22.744019429575157,0.014556040756914121
2020-03-30,0.011491611123879567,71.7588721206009,33.20350119318721,0.005745805561939783
2020-03-31,0.036007048188155984,60.345808960344236,27.920947673343875,0.018003524094077992
2020-04-01,0.041369800045966444,58.01588867507868,26.84319964577988,0.020684900022983222
2020-04-02,0.035240940779897346,54.048516502570465,25.009210618471943,0.017620470389948673
2020-04-03,0.026813759289052323,53.04176177974059,24.543951837566844,0.013406879644526162
2020-04-04,0.03141040373860415,47.26364668947308,21.871837721774952,0.015705201869302077
2020-04-05,0.054393625986363284,43.69127662220807,20.221316248329387,0.027196812993181642
2020-04-06,0.06128859266069103,45.14222498816068,20.892279902978846,0.030644296330345516
2020-04-07,0.06205470006894967,45.9926439385636,21.28531582791768,0.031027350034474835
2020-04-08,0.05975637784417376,45.590495506246505,21.099372182018037,0.02987818892208688
2020-04-09,0.051329196353328735,45.40376364708696,21.01268734886227,0.025664598176664367
2020-04-10,0.0628208074772083,39.723268806408726,18.38816804108308,0.03141040373860415
2020-04-11,0.051329196353328735,39.804547844439846,18.424556762386256,0.025664598176664367
2020-04-12,0.060522485252432395,40.78092742142073,18.87671711363183,0.030261242626216198
2020-04-13,0.058224163027656484,40.99946155943693,18.97750339412083,0.029112081513828242
2020-04-14,0.06358691488546694,39.989444797042935,18.511248913758006,0.03179345744273347
2020-04-15,0.06511912970198422,35.35289576396312,16.368885419405217,0.03255956485099211
2020-04-16,0.02451543706427641,35.23792748407692,16.309765434871093,0.012257718532138206
2020-04-17,0.033708725963380065,35.517766133643896,16.440521935911118,0.016854362981690033
2020-04-18,0.03677315559641462,35.55401977564774,16.4577285646169,0.01838657779820731
2020-04-19,0.030644296330345516,35.102763961499356,16.248165465747523,0.015322148165172758
2020-04-20,0.030644296330345516,35.13113597120831,16.26128575418736,0.015322148165172758
2020-04-21,0.02987818892208688,34.440016042327734,15.941566600498195,0.01493909446104344
2020-04-22,0.06665134451850149,31.007446013868417,14.361174491124443,0.033325672259250746
2020-04-23,0.06741745192676013,31.329050800626497,14.509923925449982,0.033708725963380065
2020-04-24,0.06128859266069103,31.762718694799602,14.709191121640247,0.030644296330345516
2020-04-25,0.06128859266069103,31.807416914287153,14.729847568402892,0.030644296330345516
2020-04-26,0.05745805561939783,30.965952080426547,14.340251215474547,0.028729027809698916
2020-04-27,0.05592584080288056,30.86476072708183,14.293190453567146,0.02796292040144028
2020-04-28,0.04443422967900099,44.41263620410891,20.55417236727762,0.022217114839500497
2020-04-29,0.04443422967900099,44.444678310353105,20.56898542833025,0.022217114839500497
2020-04-30,0.04443422967900099,44.33994322218657,20.520566412316143,0.022217114839500497
2020-05-01,0.04443422967900099,44.55473565182583,20.619864921273102,0.022217114839500497
2020-05-02,0.05592584080288056,41.83380730780385,19.362918570998993,0.02796292040144028
2020-05-03,0.06358691488546694,31.478314267796755,14.578184619008908,0.03179345744273347
2020-05-04,0.06741745192676013,29.522415801032874,13.675132051049543,0.033708725963380065
2020-05-05,0.06741745192676013,29.79537754364375,13.801259489522172,0.033708725963380065
2020-05-06,0.06741745192676013,28.92877202407611,13.40082705784208,0.033708725963380065
2020-05-07,0.06282080747720829,23.84214926203362,11.049248781780955,0.031410403738604147
2020-05-08,0.060522485252432395,23.299337560279803,10.797793148308884,0.030261242626216198
2020-05-09,0.0628208074772083,22.06034419488873,10.225848171575027,0.03141040373860415
2020-05-10,0.0628208074772083,21.423683298246534,9.931636991881032,0.03141040373860415
2020-05-11,0.05515973339462192,28.317444274399044,13.115693044315439,0.02757986669731096
2020-05-12,0.051329196353328735,24.918071025385157,11.543567113434564,0.025664598176664367
2020-05-13,0.051329196353328735,24.918071025385157,11.543567113434564,0.025664598176664367
2020-05-14,0.0505630889450701,19.41899892692928,9.001491758639432,0.02528154447253505
2020-05-15,0.04979698153681146,21.346828801962054,9.892389561204201,0.02489849076840573
2020-05-16,0.04979698153681146,20.848358778828,9.661973673777256,0.02489849076840573
2020-05-17,0.05899027043591512,18.210295255478854,8.44546128312849,0.02949513521795756
2020-05-18,0.06741745192676013,16.919059110153682,7.851498744884772,0.033708725963380065
2020-05-19,0.06358691488546694,16.79839833614139,7.794473218706139,0.03179345744273347
2020-05-20,0.06588523711024286,15.533314167254575,7.210659444665035,0.03294261855512143
2020-05-21,0.06741745192676013,14.120824359559661,6.558518351509089,0.033708725963380065
2020-05-22,0.06511912970198422,13.964356942360903,6.485391233374569,0.03255956485099211
2020-05-23,0.05899027043591512,11.202525041003469,5.206790186918978,0.02949513521795756
2020-05-24,0.0628208074772083,10.809211191334562,5.026519720074319,0.03141040373860415
2020-05-25,0.06435302229372558,10.798123667951836,5.021996655202013,0.03217651114686279
2020-05-26,0.06971577415153604,10.96731941715528,5.102275349483277,0.03485788707576802
2020-05-27,0.06205470006894967,11.201901103208444,5.207690771827446,0.031027350034474835
2020-05-28,0.0689496667432774,11.068047074239244,5.148518004608269,0.0344748333716387
2020-05-29,0.06665134451850149,10.459817173722204,4.8665737595422875,0.033325672259250746
2020-05-30,0.06665134451850149,10.399285374505897,4.838603365994968,0.033325672259250746
2020-05-31,0.043668122270742356,10.032026580261393,4.659715345023165,0.021834061135371178
2020-06-01,0.06511912970198422,9.876409327146458,4.596379233781453,0.03255956485099211
2020-06-02,0.06358691488546694,8.593508373530792,4.002925240044464,0.03179345744273347
2020-06-03,0.06511912970198422,8.57376016130488,3.9944341657046385,0.03255956485099211
2020-06-04,0.06511912970198422,14.607538237756915,6.782600811206496,0.03255956485099211
2020-06-05,0.06741745192676013,13.903804469065436,6.458239965886865,0.033708725963380065
2020-06-06,0.06588523711024286,13.228583565616459,6.145677210937885,0.03294261855512143
2020-06-07,0.06588523711024286,13.431526296603819,6.23945407267261,0.03294261855512143
2020-06-08,0.06588523711024286,13.425807863594974,6.2368116685864905,0.03294261855512143
2020-06-09,0.058224163027656484,13.649173341660306,6.3372407186776964,0.029112081513828242
2020-06-10,0.058224163027656484,13.655700951684466,6.340257531688633,0.029112081513828242
2020-06-11,0.05975637784417376,13.925769274770719,6.465625570606519,0.02987818892208688
2020-06-12,0.054393625986363284,9.350426361445642,4.348966312819865,0.027196812993181642
2020-06-13,0.06741745192676013,7.47207791576222,3.4863319345076422,0.033708725963380065
2020-06-14,0.06665134451850149,7.661564536778585,3.5735636637998955,0.033325672259250746
2020-06-15,0.06665134451850149,7.7880702029528095,3.632019108948891,0.033325672259250746
2020-06-16,0.06665134451850149,7.739655643415882,3.6096478214405043,0.033325672259250746
2020-06-17,0.06665134451850149,7.740255771944302,3.6099251274405932,0.033325672259250746
2020-06-18,0.06818355933501877,7.588237610542797,3.5403307669092756,0.034091779667509384
2020-06-19,0.06818355933501877,7.659701291655955,3.5733514441403935,0.034091779667509384
2020-06-20,0.06588523711024286,7.144204815073881,3.334174960744627,0.03294261855512143
2020-06-21,0.06511912970198422,6.822593147043893,3.1852321370585037,0.03255956485099211
2020-06-22,0.060522485252432395,6.334335462425076,2.9576045207988044,0.030261242626216198
2020-06-23,0.06435302229372558,5.038854800583308,2.3606346729608827,0.03217651114686279
2020-06-24,0.07201409637631197,4.751805663764425,2.231455573203899,0.036007048188155984
2020-06-25,0.0689496667432774,4.84460350995,2.2729466551145663,0.0344748333716387
2020-06-26,0.07507852600934652,5.299662133852699,2.485948251894991,0.03753926300467326
2020-06-27,0.07354631119282924,4.503174513778289,2.1172791099970385,0.03677315559641462
2020-06-28,0.07354631119282924,4.466603957434197,2.100383193572563,0.03677315559641462
2020-06-29,0.0689496667432774,3.8721637214878384,1.82362628032157,0.0344748333716387
2020-06-30,0.07507852600934652,3.3521826376662163,1.5862255556716733,0.03753926300467326
2020-07-01,0.05515973339462192,4.079888229464008,1.913274012744684,0.02757986669731096
2020-07-02,0.0727802037845706,3.4257178436526496,1.619127909271128,0.0363901018922853
2020-07-03,0.06665134451850149,4.049191143187705,1.9043665349066607,0.033325672259250746
2020-07-04,0.06588523711024286,3.195626080737902,1.5095945965355648,0.03294261855512143
2020-07-05,0.0727802037845706,2.5639963079228143,1.2209984320991432,0.0363901018922853
2020-07-06,0.0689496667432774,2.3830001032710224,1.135551231352807,0.0344748333716387
2020-07-07,0.06435302229372558,2.522760704250567,1.1979459140349784,0.03217651114686279
2020-07-08,0.07507852600934652,2.679005748440751,1.2752222680914047,0.03753926300467326
2020-07-09,0.06588523711024286,2.434589508136656,1.1579307498105458,0.03294261855512143
2020-07-10,0.06358691488546694,2.6956617325531775,1.2774811924145801,0.03179345744273347
2020-07-11,0.06358691488546694,2.9626012164994893,1.4008361509080878,0.03179345744273347
2020-07-12,0.06588523711024286,2.2670603895923134,1.0805179993767715,0.03294261855512143
2020-07-13,0.06358691488546694,2.2450530751506945,1.0692511793458572,0.03179345744273347
2020-07-14,0.0628208074772083,2.849013179142928,1.347984945728196,0.03141040373860415
2020-07-15,0.06511912970198422,2.960453456939356,1.4005644002314497,0.03255956485099211
2020-07-16,0.06511912970198422,2.9311321905955876,1.3870152481433697,0.03255956485099211
2020-07-17,0.05745805561939783,2.796292085896747,1.321090267876297,0.028729027809698916
2020-07-18,0.06665134451850149,2.3718210740477734,1.1292912593364854,0.033325672259250746
2020-07-19,0.05975637784417376,1.9637217261427802,0.937405572725328,0.02987818892208688
2020-07-20,0.06588523711024286,1.6397945534533616,0.7906676494759288,0.03294261855512147
2020-07-21,0.06971577415153604,1.6212990229519089,0.7839742999559687,0.03485788707576802
2020-07-22,0.06971577415153604,1.6085260353675492,0.778072578863497,0.03485788707576802
2020-07-23,0.0628208074772083,1.3915813914729065,0.6744824142622057,0.03141040373860415
2020-07-24,0.0628208074772083,1.4096074459960461,0.6828125422698345,0.03141040373860415
2020-07-25,0.0628208074772083,1.5313596240658751,0.739076170410278,0.03141040373860415
2020-07-26,0.06358691488546694,1.5810083532718981,0.7623905834751217,0.03179345744273347
2020-07-27,0.06741745192676013,1.311474300333398,0.6397016850556083,0.033708725963380065
2020-07-28,0.06741745192676013,1.2255741435544432,0.6000097977043031,0.033708725963380065
2020-07-29,0.0727802037845706,1.0721976565079534,0.5317629975563101,0.0363901018922853
2020-07-30,0.06665134451850149,1.3228155942460134,0.6445692374699173,0.033325672259250746
2020-07-31,0.06588523711024286,1.1228252463521398,0.5517837091777803,0.03294261855512143
2020-08-01,0.07584463341760515,1.0597505556142857,0.5275119723834235,0.03792231670880258
2020-08-02,0.07354631119282924,1.1305971421124668,0.5591189094632225,0.03677315559641462
2020-08-03,0.07354631119282924,1.188647665465218,0.5859387582436638,0.03677315559641462
2020-08-04,0.07354631119282924,1.739804883838647,0.8405782067323486,0.03677315559641462
2020-08-05,0.07201409637631197,1.4809028773210942,0.7202198017733896,0.036007048188155984
2020-08-06,0.06971577415153604,1.2532455112827932,0.6139162646975908,0.03485788707576802
2020-08-07,0.07124798896805333,1.1016008824512658,0.5445985414828268,0.035623994484026665
2020-08-08,0.06588523711024286,0.9939797284568466,0.49224608367121087,0.03294261855512143
2020-08-09,0.0689496667432774,1.0697564528577683,0.5287608303436583,0.0344748333716387
2020-08-10,0.06511912970198422,1.6584207415801098,0.7989041896107215,0.03255956485099211
2020-08-11,0.06435302229372558,1.2439445810089544,0.6070041311368889,0.03217651114686279
2020-08-12,0.06435302229372558,1.3942072426344174,0.6764406072260998,0.03217651114686279
2020-08-13,0.06971577415153604,1.2899510857989958,0.6308759667174079,0.03485788707576802
2020-08-14,0.06971577415153604,1.7115661789577428,0.8256819721069518,0.03485788707576802
2020-08-15,0.0727802037845706,1.7170591134272637,0.8296995629622155,0.0363901018922853
2020-08-16,0.0727802037845706,1.7512195619261868,0.8454822502189728,0.0363901018922853
2020-08-17,0.0727802037845706,1.7974728404330695,0.8668520231977104,0.0363901018922853
2020-08-18,0.07124798896805333,1.4948563851382735,0.7262950565487177,0.035623994484026665
2020-08-19,0.07737684823412243,0.9497425280564395,0.47744138653437035,0.038688424117061214
2020-08-20,0.06665134451850149,0.8541977136265144,0.4280313728444282,0.033325672259250746
2020-08-21,0.06741745192676013,0.7827909102680655,0.3954129392623006,0.033708725963380086
2020-08-22,0.0689496667432774,0.9561364263575725,0.47626216307728425,0.0344748333716387
2020-08-23,0.06971577415153604,1.0391993133820001,0.5150168527494201,0.03485788707576802
2020-08-24,0.07967517045889834,1.176090278938239,0.5831294847116979,0.03983758522944917
2020-08-25,0.0689496667432774,0.9848775431826446,0.4895421311915396,0.0344748333716387
2020-08-26,0.06971577415153604,0.9682764918848465,0.48224717307949877,0.03485788707576802
2020-08-27,0.06511912970198422,0.865358975558673,0.4324358946508272,0.03255956485099211
2020-08-28,0.06511912970198422,0.8727392454575966,0.43584626574937446,0.03255956485099211
2020-08-29,0.06511912970198422,0.8727392454575966,0.43584626574937446,0.03255956485099211
2020-08-30,0.06435302229372558,1.2976390581233335,0.6318163847995344,0.03217651114686279
2020-08-31,0.06435302229372558,1.2976390581233335,0.6318163847995344,0.03217651114686279
2020-09-01,0.06128859266069103,1.584405064815697,0.7628474857872709,0.03064429633034547
2020-09-02,0.06818355933501877,1.6454819815316977,0.7944070692723608,0.03409177966750934
2020-09-03,0.06665134451850149,1.414204430534333,0.6867979792207025,0.033325672259250746
2020-09-04,0.07354631119282924,1.2282634577197782,0.6042416002547226,0.03677315559641462
2020-09-05,0.06818355933501877,1.142218384653053,0.5618679034212792,0.034091779667509384
2020-09-06,0.06818355933501877,1.2917375152019435,0.6309550659187529,0.034091779667509384
2020-09-07,0.06818355933501877,1.3090401964897043,0.638949983688681,0.034091779667509384
2020-09-08,0.06818355933501877,1.0740900221881087,0.5303883513999188,0.034091779667509384
2020-09-09,0.07201409637631197,1.0041076353945064,0.4999289303253804,0.036007048188155984
2020-09-10,0.06665134451850149,1.166966088913969,0.572554659104007,0.033325672259250746
2020-09-11,0.06971577415153604,2.073735894961547,0.9930214170001218,0.03485788707576802
2020-09-12,0.06205470006894967,2.148494987033362,1.0238976948811724,0.031027350034474835
2020-09-13,0.06741745192676013,1.2754191719296586,0.6230416910730516,0.033708725963380065
2020-09-14,0.07124798896805333,0.9837480984160676,0.4901468173398806,0.035623994484026665
2020-09-15,0.07661074082586379,0.9348496397944528,0.4701854208142579,0.038305370412931895
2020-09-16,0.0789090630506397,2.83977334852083,1.351302330057899,0.03945453152531985
2020-09-17,0.08350570750019153,2.183409609249219,1.0502897078867934,0.04175285375009576
2020-09-18,0.06741745192676013,0.9137209263459274,0.45591177470028543,0.033708725963380065
2020-09-19,0.06818355933501877,0.8492396254981037,0.4264934462013876,0.034091779667509384
2020-09-20,0.0628208074772083,1.7806571252673173,0.8542805316488516,0.03141040373860415
2020-09-21,0.060522485252432395,3.8751162933184307,1.8211035023507829,0.030261242626216198
2020-09-22,0.060522485252432395,3.971685784737518,1.8657320278305471,0.030261242626216198
2020-09-23,0.060522485252432395,6.567921816579168,3.065553878353675,0.030261242626216198
2020-09-24,0.060522485252432395,7.409112670404129,3.4543009546984464,0.030261242626216198
2020-09-25,0.060522485252432395,8.671064972428589,4.037498294122498,0.030261242626216198
2020-09-26,0.05899027043591512,8.935122344528247,4.158900294443167,0.02949513521795756
2020-09-27,0.058224163027656484,9.612820348766899,4.471791927983696,0.029112081513828242
2020-09-28,0.056691948211139195,10.306474604186128,4.791764344758605,0.028345974105569598
2020-09-29,0.06358691488546694,9.80865358704414,4.564453962437105,0.03179345744273347
2020-09-30,0.058224163027656484,8.105587014855251,3.775206023581995,0.029112081513828242
2020-10-01,27.975178119972423,16.243483885046768,16.9600234128417,13.987589059986211
2020-10-02,27.947598253275107,16.49316958004814,16.99647286213063,13.973799126637553
2020-10-03,27.60438213437524,18.73373179502243,17.299785825823154,13.80219106718762
2020-10-04,25.162797824254962,27.105591192665774,18.303828824762817,12.581398912127481
2020-10-05,23.68344441890753,29.633355600067112,18.536186240211286,11.841722209453765
2020-10-06,22.82310579943308,29.174172842468053,18.253279743206846,11.41155289971654
2020-10-07,14.378303838198114,29.58387785668568,16.625259868882644,7.189151919099057
2020-10-08,5.8270129472151995,19.128403818576274,10.65044976637978,2.9135064736075997
2020-10-09,5.606374013636712,19.659101381460744,10.798159332976805,2.803187006818357
2020-10-10,4.954416609208611,19.275275431353236,10.441752703516716,2.4772083046043054
2020-10-11,4.84256492760285,25.73907606967463,13.085459073960577,2.421282463801426
2020-10-12,2.4492453842028654,40.5297097991874,18.986838650597683,1.2246226921014327
2020-10-13,1.7245077759901937,41.825418846912164,19.49544113511675,0.8622538879950968
2020-10-14,0.2980157818126101,40.39219878885803,18.719888346860774,0.14900789090630506
2020-10-15,0.27656477438136823,41.5236367052797,19.238264547779806,0.13828238719068411
2020-10-16,0.23902551137669503,42.04646133902529,19.475766964391557,0.11951275568834752
2020-10-17,0.23902551137669503,42.05614398900958,19.48022441047717,0.11951275568834752
2020-10-18,0.16241477055083123,42.38503428405231,19.625796472512896,0.08120738527541561
2020-10-19,0.15398758905998622,41.808227861411396,19.35912913111796,0.07699379452999311
2020-10-20,0.15245537424346894,41.41034474431742,19.175492106352117,0.07622768712173447
2020-10-21,0.13023825940396844,38.426111211080446,17.796533597378357,0.06511912970198422
2020-10-22,0.12870604458745116,37.581367128459306,17.40654307527479,0.06435302229372558
2020-10-23,0.1233432927296407,38.08571159911063,17.638637496682936,0.06167164636482035
2020-10-24,0.11568221864705433,34.21379057694881,15.850494875137844,0.057841109323527165
2020-10-25,0.11338389642227839,30.838875714367553,14.29223640001151,0.056691948211139195
2020-10-26,0.11338389642227839,30.82977102914216,14.288033583007214,0.056691948211139195
2020-10-27,0.10495671493143338,37.077350424574185,17.170891927809418,0.05247835746571669
2020-10-28,0.09806174825710565,48.829598216630984,22.5967609201656,0.04903087412855282
2020-10-29,0.09576342603232972,48.476486420697135,22.433671738147257,0.04788171301616486
2020-10-30,0.08733624454148471,42.11415176087379,19.494966531521943,0.043668122270742356
2020-10-31,0.08580402972496744,37.59035597075227,17.405367053372053,0.04290201486248372
2020-11-01,0.0789090630506397,36.79431699904682,17.036777144913234,0.03945453152531985
2020-11-02,0.08120738527541561,33.19493746053818,15.374411622773385,0.04060369263770781
2020-11-03,0.07201409637631197,31.864521206709135,14.758182371364548,0.036007048188155984
2020-11-04,0.0727802037845706,31.62046204802808,14.64556197602413,0.0363901018922853
2020-11-05,0.07737684823412243,22.554770061324845,10.458325208518728,0.038688424117061214
2020-11-06,0.07048188155979469,17.54355159171271,8.141052604736025,0.035240940779897346
2020-11-07,0.07354631119282924,15.869853903064415,7.368784260156307,0.03677315559641462
2020-11-08,0.07124798896805333,17.098382846726164,7.935619176459115,0.035623994484026665
2020-11-09,0.06205470006894967,15.269740292760902,7.087535464641312,0.031027350034474835
2020-11-10,0.060522485252432395,15.891341968236894,7.37426968168202,0.030261242626216198
2020-11-11,0.06818355933501877,12.967237427236283,6.025764122798605,0.034091779667509384
2020-11-12,0.06511912970198422,13.436628656184299,6.24153168355986,0.03255956485099211
2020-11-13,0.07507852600934652,14.172681460246714,6.585224720590804,0.03753926300467326
2020-11-14,0.07124798896805333,14.546645918880838,6.756635782745608,0.035623994484026665
2020-11-15,0.07431241860108788,13.401788358911194,6.228796805210599,0.03715620930054394
2020-11-16,0.06971577415153604,19.391664147621483,8.994718887667199,0.03485788707576802
2020-11-17,0.06435302229372558,16.443976232921546,7.630948888511162,0.03217651114686279
2020-11-18,0.06435302229372558,14.11338699965036,6.5539820504474875,0.03217651114686279
2020-11-19,0.0689496667432774,15.441091061320122,7.169103532447248,0.0344748333716387
2020-11-20,0.06128859266069103,25.835045123553495,11.96982756410782,0.030644296330345516
2020-11-21,0.06741745192676013,27.437810546435394,12.71189845474377,0.033708725963380065
2020-11-22,0.07124798896805333,22.04108017459304,10.219302108707055,0.035623994484026665
2020-11-23,0.07124798896805333,22.044459764450973,10.220863586411353,0.035623994484026665
2020-11-24,0.06435302229372558,21.129804686942478,9.796273340281898,0.03217651114686279
2020-11-25,0.07507852600934652,16.779715371571623,7.7896572111181746,0.03753926300467326
2020-11-26,0.0628208074772083,14.329722721189823,6.653404386287981,0.03141040373860415
2020-11-27,0.06588523711024286,13.736635126043668,6.380440391193211,0.03294261855512143
2020-11-28,0.06741745192676013,13.78838349020087,6.404907391618594,0.033708725963380065
2020-11-29,0.07431241860108788,15.691508303659637,7.286649875524358,0.03715620930054394
2020-11-30,0.07048188155979469,15.429661484881382,7.164352134782781,0.035240940779897346
2020-12-01,0.07048188155979469,20.773455039779012,9.633395184624776,0.035240940779897346
2020-12-02,0.06205470006894967,22.183150821017712,10.282385970080515,0.031027350034474835
2020-12-03,0.03677315559641462,32.51009573213046,15.050289725097693,0.01838657779820731
2020-12-04,0.03217651114686279,37.14560552511117,17.19304948667517,0.016088255573431395
2020-12-05,0.03217651114686279,37.14560552511117,17.19304948667517,0.016088255573431395
2020-12-06,0.03217651114686279,37.14560552511117,17.19304948667517,0.016088255573431395
2020-12-07,0.020684900022983222,51.56684449910007,23.86193393574785,0.010342450011491611
2020-12-08,0.019918792614724585,54.032751123495224,25.002538740765708,0.009959396307362292
2020-12-09,0.019918792614724585,54.053134619147926,25.011967024941967,0.009959396307362292
2020-12-10,0.028345974105569598,63.7715060119354,29.50599065663434,0.014172987052784799
2020-12-11,0.02451543706427641,64.69240748742601,29.932434229800876,0.012257718532138206
2020-12-12,0.022983222247759134,75.36104411129982,34.86705703736607,0.011491611123879567
2020-12-13,0.02374932965601777,80.99688381517876,37.47347638708463,0.011874664828008885
2020-12-14,0.012257718532138206,83.8528719342331,38.798280277488686,0.006128859266069103
2020-12-15,0.012257718532138206,83.8443369597535,38.794331813772125,0.006128859266069103
2020-12-16,0.009193288899103655,82.90164842220625,38.359231963663795,0.004596644449551828
2020-12-17,0.01838657779820731,77.71610948116708,35.957582611307025,0.009193288899103655
2020-12-18,0.030644296330345516,75.23480161647872,34.8067348132528,0.015322148165172758
2020-12-19,0.03141040373860415,74.66740425360406,34.544159872456866,0.015705201869302077
2020-12-20,0.03141040373860415,73.63690500649444,34.067626010089725,0.015705201869302077
2020-12-21,0.03141040373860415,73.63690500649444,34.067626010089725,0.015705201869302077
2020-12-22,0.03141040373860415,72.57587208699188,33.576972458767465,0.015705201869302077
2020-12-23,0.03141040373860415,72.58296707268403,33.58025339365878,0.015705201869302077
2020-12-24,0.02451543706427641,71.87289395356163,33.25340234410876,0.012257718532138206
2020-12-25,0.02451543706427641,71.87289395356163,33.25340234410876,0.012257718532138206
2020-12-26,0.015322148165172758,70.70256993748872,32.7140318544813,0.007661074082586379
2020-12-27,0.015322148165172758,70.23960563824524,32.49986874778614,0.007661074082586379
2020-12-28,0.015322148165172758,70.23960563824524,32.49986874778614,0.007661074082586379
2020-12-29,0.01072550371562093,70.5388709928094,32.639250298887404,0.005362751857810465
2020-12-30,0.009959396307362292,71.5073314081208,33.08746063284308,0.004979698153681146
2020-12-31,0.006128859266069103,86.81406703338715,40.1704494324246,0.0030644296330345515
2021-01-01,0.0030644296330345515,79.90083949901367,36.97273350234756,0.0015322148165172757
2021-01-02,0.0030644296330345515,78.88479350184888,36.50259524955695,0.0015322148165172757
2021-01-03,0.0007661074082586379,78.69260256000358,36.414325344570415,0.00038305370412931893
2021-01-04,0.0007661074082586379,87.06673164629989,40.28934082715207,0.00038305370412931893
2021-01-05,0.0,85.30893800884817,39.47621599333829,0.0
2021-01-06,0.0,83.64227789350404,38.70497869703081,0.0
2021-01-07,0.0,86.17762931612032,39.87819785453382,0.0
2021-01-08,0.002298322224775914,85.88668182207068,39.742738798523305,0.001149161112387957
2021-01-09,0.0,88.45095388021058,40.93016560386485,0.0
2021-01-10,0.0007661074082586379,84.58089413574875,39.13905298930024,0.00038305370412931893
2021-01-11,0.0015322148165172757,83.79755594849267,38.77631486469745,0.0007661074082586379
2021-01-12,0.0015322148165172757,83.25101024032871,38.52341238424771,0.0007661074082586379
2021-01-13,0.0015322148165172757,80.87422611364255,37.42360574016709,0.0007661074082586379
2021-01-14,0.0015322148165172757,77.88923672228795,36.042364958447806,0.0007661074082586379
2021-01-15,0.002298322224775914,82.05332915263817,37.968965199495855,0.001149161112387957
2021-01-16,0.0015322148165172757,81.55921520764753,37.74056997274122,0.0007661074082586379
2021-01-17,0.0015322148165172757,80.8608521128584,37.4174172038355,0.0007661074082586379
2021-01-18,0.0015322148165172757,79.82670677852165,36.938888297117195,0.0007661074082586379
2021-01-19,0.0,82.16217977025103,38.02007187989506,0.0
2021-01-20,0.0,82.26736457286805,38.068745536890944,0.0
2021-01-21,0.0,81.55949463417684,37.741182830717456,0.0
2021-01-22,0.0,80.43034328556976,37.21867459691247,0.0
2021-01-23,0.0,80.10371362966147,37.067528619158914,0.0
2021-01-24,0.0,80.61400115619847,37.30366121073087,0.0
2021-01-25,0.0,80.78851899530244,37.3844183280032,0.0
2021-01-26,0.0,81.05287740553896,37.50674864819861,0.0
2021-01-27,0.0,80.69453709498111,37.34092874903125,0.0
2021-01-28,0.0,80.69453709498111,37.34092874903125,0.0
2021-01-29,0.0,80.43399611520401,37.22036492262738,0.0
2021-01-30,0.0,79.14576049170516,36.624241363824225,0.0
2021-01-31,0.0,79.67829726104392,36.870669663384476,0.0
2021-02-01,0.0,77.99470952959423,36.09159921095956,0.0
2021-02-02,0.0,76.87495479849163,35.57343920737372,0.0
2021-02-03,0.0,76.68600513388695,35.486003846602614,0.0
2021-02-04,0.005362751857810465,81.03862542057743,37.498489100404306,0.0026813759289052324
2021-02-05,0.005362751857810465,81.81814486561746,37.859165396146224,0.0026813759289052324
2021-02-06,0.005362751857810465,81.77484238938469,37.839129748769544,0.0026813759289052324
2021-02-07,0.005362751857810465,81.04755004532679,37.50261844010964,0.0026813759289052324
2021-02-08,0.005362751857810465,81.43146188523963,37.68025082784837,0.0026813759289052324
2021-02-09,0.007661074082586379,79.029996172623,36.568448087466855,0.0038305370412931895
2021-02-10,0.005362751857810465,80.91681430558351,37.44212824627072,0.0026813759289052324
2021-02-11,0.009959396307362292,82.34555037597127,38.1017041419944,0.004979698153681146
2021-02-12,0.009959396307362292,84.1026537017195,38.914618512166854,0.004979698153681146
2021-02-13,0.006128859266069103,78.24552532711961,36.205931637217965,0.0030644296330345515
2021-02-14,0.008427181490845016,78.57512834736838,36.35777657263405,0.004213590745422508
2021-02-15,0.009959396307362292,80.53650871226857,37.2647607800903,0.004979698153681146
2021-02-16,0.008427181490845016,77.60191356080384,35.907509092549645,0.004213590745422508
2021-02-17,0.009193288899103655,74.95962458694765,34.68483665675146,0.004596644449551828
2021-02-18,0.009193288899103655,72.1226509821134,33.3723043959996,0.004596644449551828
2021-02-19,0.013023825940396843,74.87396941892234,34.6442552927421,0.0065119129701984215
2021-02-20,0.009959396307362292,77.80590163603141,36.00146015397457,0.004979698153681146
2021-02-21,0.009193288899103655,75.73302086178673,35.0426501941569,0.004596644449551828
2021-02-22,0.011491611123879567,75.65408019667352,35.005538503305935,0.005745805561939783
2021-02-23,0.01072550371562093,72.87767716618161,33.721268434163605,0.005362751857810465
2021-02-24,0.01072550371562093,69.61204532783728,32.21046650775636,0.005362751857810465
2021-02-25,0.009959396307362292,68.72708591340019,31.80119506032578,0.004979698153681146
2021-02-26,0.012257718532138206,70.96730267332102,32.837137357168174,0.006128859266069103
2021-02-27,0.013023825940396843,68.39749826301332,31.648149334345057,0.0065119129701984215
2021-02-28,0.01378993334865548,68.15435324334894,31.53552797246903,0.00689496667432774
2021-03-01,0.009959396307362292,62.97055046295038,29.137965003501957,0.004979698153681146
2021-03-02,0.012257718532138206,60.79785852649322,28.13253263602865,0.006128859266069103
2021-03-03,0.012257718532138206,63.83062316642797,29.535555125472452,0.006128859266069103
2021-03-04,0.005362751857810465,62.738958221827176,29.031405667718168,0.0026813759289052324
2021-03-05,0.009193288899103655,63.17914052710986,29.234569037249404,0.004596644449551828
2021-03-06,0.009959396307362292,57.18394170884666,26.460821695055092,0.004979698153681146
2021-03-07,0.014556040756914121,59.52935647739921,27.54547714835514,0.0072780203784570605
2021-03-08,0.017620470389948673,57.727934525930294,26.711904993037194,0.008810235194974337
2021-03-09,0.016088255573431395,57.40408344001271,26.562215292970258,0.008044127786715698
2021-03-10,0.012257718532138206,55.46190195353755,25.664003764393765,0.006128859266069103
2021-03-11,0.012257718532138206,60.19517164415252,27.853716654438017,0.006128859266069103
2021-03-12,0.009959396307362292,54.68455743742108,25.304495051623544,0.004979698153681146
2021-03-13,0.011491611123879567,54.738027657180645,25.329160163442637,0.005745805561939783
2021-03-14,0.011491611123879567,54.890994760280165,25.399927224308883,0.005745805561939783
2021-03-15,0.01072550371562093,58.603030766465324,27.117289679960987,0.005362751857810465
2021-03-16,0.013023825940396843,52.92398424312091,24.4898857620536,0.0065119129701984215
2021-03-17,0.019918792614724585,51.589707900928474,23.872521291859783,0.009959396307362292
2021-03-18,0.009959396307362292,57.63398993202331,26.669034076495485,0.004979698153681146
2021-03-19,0.009959396307362292,60.796687248010386,28.132238919942537,0.004979698153681146
2021-03-20,0.01378993334865548,59.680824839787824,27.615620371759352,0.00689496667432774
2021-03-21,0.01378993334865548,59.55648113152978,27.55809818927675,0.00689496667432774
2021-03-22,0.011491611123879567,56.261626706625314,26.03402169564838,0.005745805561939783
2021-03-23,0.014556040756914121,51.816983232423006,23.977743802370327,0.0072780203784570605
2021-03-24,0.01378993334865548,55.55336323962323,25.70623064323458,0.00689496667432774
2021-03-25,0.016854362981690033,60.30218258989011,27.902748676760623,0.008427181490845016
2021-03-26,0.012257718532138206,56.76582388476387,26.267226239985835,0.006128859266069103
2021-03-27,0.012257718532138206,58.58134539887182,27.10712574317225,0.006128859266069103
2021-03-28,0.009193288899103655,51.553187852638985,23.855795713022818,0.004596644449551828
2021-03-29,0.016854362981690033,51.72135665362313,23.933467515098172,0.008427181490845016
2021-03-30,0.016854362981690033,54.47065153385366,25.205224389903353,0.008427181490845016
2021-03-31,0.020684900022983222,51.05984783414977,23.627429043030666,0.010342450011491611
2021-04-01,0.019152685206465948,50.248736502086224,23.25226356995679,0.009576342603232974
2021-04-02,0.03141040373860415,46.50012617978405,21.518762861701866,0.015705201869302077
2021-04-03,0.022217114839500497,43.155481094254064,19.971469088358237,0.011108557419750248
2021-04-04,0.020684900022983222,48.743065665935156,22.55583076366226,0.010342450011491611
2021-04-05,0.020684900022983222,48.66545466371686,22.519932776541065,0.010342450011491611
2021-04-06,0.026047651880793686,43.37063932336674,20.071238448425675,0.013023825940396843
2021-04-07,0.026047651880793686,42.613998892080716,19.721304566897484,0.013023825940396843
2021-04-08,0.02987818892208688,38.46442747264998,17.80263721390922,0.01493909446104344
2021-04-09,0.02374932965601777,46.627753735945134,21.577523334043846,0.011874664828008885
2021-04-10,0.026813759289052323,46.5243601360111,21.52980960951951,0.013406879644526162
2021-04-11,0.01378993334865548,51.2983288331992,23.73782493115683,0.00689496667432774
2021-04-12,0.022217114839500497,48.79688458160128,22.580742456485208,0.011108557419750248
2021-04-13,0.006128859266069103,56.32948570386539,26.065754689337673,0.0030644296330345515
2021-04-14,0.03141040373860415,58.932714501787565,27.267965831934415,0.015705201869302077
2021-04-15,0.030644296330345516,59.365421958906275,27.46813453063281,0.015322148165172758
2021-04-16,0.04290201486248372,53.960856945705174,24.968374115111654,0.02145100743124186
2021-04-17,0.028345974105569598,54.744940201476055,25.331558379392494,0.014172987052784799
2021-04-18,0.028345974105569598,54.62318338080537,25.27525063037092,0.014172987052784799
2021-04-19,0.04060369263770781,50.95355725734717,23.57807574445449,0.020301846318853903
2021-04-20,0.030644296330345516,53.86632496805653,24.925144470403957,0.015322148165172758
2021-04-21,0.03217651114686279,53.617128259139044,24.809851081909393,0.016088255573431395
2021-04-22,0.026047651880793686,52.68154899803365,24.377382593375437,0.013023825940396843
2021-04-23,0.05745805561939783,44.66224252565446,20.67026051363791,0.028729027809698916
2021-04-24,0.06128859266069103,38.86810914458024,17.992814524012633,0.030644296330345516
2021-04-25,0.053627518578104647,39.65262362448914,18.35457050879245,0.026813759289052323
2021-04-26,0.05286141116984601,42.62467642858447,19.728220355211732,0.026430705584923005
2021-04-27,0.056691948211139195,41.55921121078627,19.236069056341947,0.028345974105569598
2021-04-28,0.05592584080288056,39.49393861075706,18.28146650155798,0.02796292040144028
2021-04-29,0.048264766720294186,43.27699139044754,20.029421462561974,0.024132383360147093
2021-04-30,0.04749865931203554,43.79319411757059,20.26799458403593,0.02374932965601777
2021-05-01,0.02451543706427641,55.60978050526779,25.731727948387473,0.012257718532138206
2021-05-02,0.026813759289052323,53.03246956998796,24.539654413019715,0.013406879644526162
2021-05-03,0.05899027043591512,44.73024244954213,20.70176875636734,0.02949513521795756
2021-05-04,0.05515973339462192,41.54809008341768,19.23079962255871,0.02757986669731096
2021-05-05,0.05286141116984601,43.017892251819994,19.909970836045783,0.026430705584923005
2021-05-06,0.017620470389948673,46.152891084970165,21.357660390863504,0.008810235194974337
2021-05-07,0.019918792614724585,49.138100998656356,22.738542755649092,0.009959396307362292
2021-05-08,0.07201409637631197,40.822099515573214,18.896799031526772,0.036007048188155984
2021-05-09,0.06971577415153604,34.22746741513031,15.849557858530028,0.03485788707576802
2021-05-10,0.060522485252432395,35.374179598450326,16.378048233488997,0.030261242626216198
2021-05-11,0.0344748333716387,54.597253804337385,25.262977460111784,0.01723741668581935
2021-05-12,0.0344748333716387,54.77438472971383,25.344882702300914,0.01723741668581935
2021-05-13,0.05286141116984601,52.84605909696774,24.45270270050835,0.026430705584923005
2021-05-14,0.04213590745422508,50.8577643949281,23.53377390592757,0.02106795372711254
2021-05-15,0.04213590745422508,50.42517724274133,23.333778986192527,0.02106795372711254
2021-05-16,0.04596644449551827,47.6999660247913,22.073939706335377,0.022983222247759134
2021-05-17,0.054393625986363284,42.3099751867956,19.582878365085158,0.027196812993181642
2021-05-18,0.06665134451850149,37.0441181154807,17.150585950626052,0.033325672259250746
2021-05-19,0.05745805561939783,40.65003116050334,18.815938326972226,0.028729027809698916
2021-05-20,0.058224163027656484,35.919052753437185,16.629531727601716,0.029112081513828242
2021-05-21,0.058224163027656484,35.779766468558044,16.5651589058625,0.029112081513828242
2021-05-22,0.07048188155979469,31.936405962404397,14.791118084674856,0.035240940779897346
2021-05-23,0.06741745192676013,31.8460118916299,14.74879614825531,0.033708725963380065
2021-05-24,0.06741745192676013,31.8460118916299,14.74879614825531,0.033708725963380065
2021-05-25,0.06588523711024286,31.114093533156222,14.41030924343715,0.03294261855512143
2021-05-26,0.06435302229372558,28.73402281598515,13.310187606026142,0.03217651114686279
2021-05-27,0.04903087412855282,32.953748955853754,15.25751401592204,0.02451543706427641
2021-05-28,0.06588523711024286,28.255940522235957,13.089598625137395,0.03294261855512143
2021-05-29,0.06588523711024286,28.251858949444014,13.087712590168277,0.03294261855512143
2021-05-30,0.07201409637631197,25.526017621674015,11.829641237477334,0.036007048188155984
2021-05-31,0.060522485252432395,22.17559358539164,10.278467263093386,0.030261242626216198
2021-06-01,0.07737684823412243,21.28047646391385,9.869639249601388,0.038688424117061214
2021-06-02,0.06971577415153604,21.231931575581157,9.845009003714663,0.03485788707576802
2021-06-03,0.07201409637631197,21.081663975351464,9.77624294051556,0.036007048188155984
2021-06-04,0.06741745192676013,20.960105583983285,9.718745178827609,0.033708725963380065
2021-06-05,0.04979698153681146,24.215190415711703,11.218278894605048,0.02489849076840573
2021-06-06,0.02757986669731096,25.074840807948046,11.610111393645841,0.01378993334865548
2021-06-07,0.028345974105569598,25.179530232041113,11.658717095358629,0.014172987052784799
2021-06-08,0.03677315559641462,22.65153984846483,10.491925503824762,0.01838657779820731
2021-06-09,0.03141040373860415,26.261502657452706,12.1598143101701,0.015705201869302077
2021-06-10,0.03983758522944917,19.34469025890953,8.963855490118672,0.019918792614724585
2021-06-11,0.033708725963380065,21.272964078193844,9.85362419238201,0.016854362981690033
2021-06-12,0.043668122270742356,19.16469775734396,8.881817866903557,0.021834061135371178
2021-06-13,0.06435302229372557,11.841226868891429,5.504015339598508,0.032176511146862784
2021-06-14,0.0689496667432774,13.554466227666207,6.297379660790655,0.0344748333716387
2021-06-15,0.06588523711024286,10.451754311915655,4.862545108997968,0.03294261855512143
2021-06-16,0.07661074082586379,9.90475403329976,4.614084713981782,0.038305370412931895
2021-06-17,0.06818355933501877,8.73213553293703,4.068882941837364,0.034091779667509384
2021-06-18,0.06971577415153604,8.472254968445123,3.9494382088553874,0.03485788707576802
2021-06-19,0.06741745192676013,7.198044340687268,3.359709234384524,0.033708725963380065
2021-06-20,0.05592584080288056,9.319111457651243,4.335115874731033,0.02796292040144028
2021-06-21,0.060522485252432395,8.202997580609312,3.8211861108947787,0.030261242626216198
2021-06-22,0.06665134451850149,5.658994360515924,2.6482206761244003,0.033325672259250746
2021-06-23,0.06818355933501877,5.179649634594439,2.4274129197218604,0.034091779667509384
2021-06-24,0.06205470006894967,6.319097160396591,2.9512315928314012,0.031027350034474835
2021-06-25,0.0727802037845706,4.862532374341595,2.282959778590504,0.0363901018922853
2021-06-26,0.07048188155979469,5.441219536668697,2.5492986306327214,0.035240940779897346
2021-06-27,0.0628208074772083,4.77555548895545,2.238270949925632,0.03141040373860415
2021-06-28,0.06818355933501877,3.2584453010423906,1.539696709122575,0.03409177966750947
2021-06-29,0.07354631119282924,3.3054534147574173,1.5639215018031165,0.03677315559641453
2021-06-30,0.07201409637631197,3.645781126013313,1.7204456304880937,0.036007048188155984
2021-07-01,0.07124798896805333,3.14661456865736,1.4894597258956308,0.035623994484026665
2021-07-02,0.07814295564238107,2.6655837830438114,1.2704719383861323,0.03907147782119053
2021-07-03,0.07354631119282924,3.752726998878939,1.7705658039867715,0.03677315559641462
2021-07-04,0.07584463341760515,2.505561621002875,1.1954560823667848,0.03792231670880258
2021-07-05,0.07507852600934652,2.269222111474393,1.0859049276821555,0.03753926300467326
2021-07-06,0.07431241860108788,3.212768229984576,1.5214585774091767,0.03715620930054394
2021-07-07,0.07584463341760515,2.1135491982858214,1.0143519290908594,0.03792231670880258
2021-07-08,0.06358691488546694,3.1737532798670816,1.4984112777775414,0.03179345744273347
2021-07-09,0.06818355933501877,2.8469544045531245,1.3495622539018814,0.034091779667509384
2021-07-10,0.07431241860108788,1.4871387193108572,0.7242158926533461,0.03715620930054394
2021-07-11,0.06665134451850149,1.397942635394188,0.6792837665961882,0.033325672259250746
2021-07-12,0.07124798896805333,1.1497310134032104,0.5668361885186104,0.035623994484026665
2021-07-13,0.06435302229372558,2.004805494996324,0.9585984666144817,0.03217651114686279
2021-07-14,0.06435302229372558,2.6301933559839314,1.2475906140062725,0.03217651114686279
2021-07-15,0.06435302229372558,2.629963399032188,1.2474843507456028,0.03217651114686279
2021-07-16,0.07124798896805333,1.713197917364249,0.8271757695420247,0.035623994484026665
2021-07-17,0.06435302229372558,2.8233402329216184,1.3368439145741682,0.03217651114686279
2021-07-18,0.07048188155979469,1.683600362469477,0.8131306049225018,0.035240940779897346
2021-07-19,0.07737684823412243,1.9052051574867408,0.9188368666330188,0.038688424117061214
2021-07-20,0.0727802037845706,1.4369116849977068,0.7002668580951253,0.0363901018922853
2021-07-21,0.0689496667432774,1.2263115979476285,0.6010978709524045,0.0344748333716387
2021-07-22,0.06435302229372558,5.538860415084384,2.591687600682295,0.03217651114686279
2021-07-23,0.06665134451850149,3.0055167832067147,1.4221079045362217,0.033325672259250746
2021-07-24,0.06588523711024286,1.9205616272394466,0.9204059994528039,0.03294261855512143
2021-07-25,0.06511912970198422,1.7601721106147408,0.8459227855355038,0.03255956485099211
2021-07-26,0.06511912970198422,1.7697221703666504,0.8503358013483894,0.03255956485099211
2021-07-27,0.06128859266069103,2.850360958821034,1.3478853425113186,0.030644296330345516
2021-07-28,0.060522485252432395,2.8402314383012754,1.342842879434979,0.030261242626216198
2021-07-29,0.07431241860108788,1.7113283159880366,0.8277917267728381,0.03715620930054394
2021-07-30,0.06511912970198422,1.6963996467690257,0.8164539760527645,0.03255956485099211
2021-07-31,0.06971577415153604,0.9950771289818446,0.49463032809334273,0.03485788707576802
2021-08-01,0.06665134451850149,1.7376209495003476,0.8362415350426221,0.033325672259250746
2021-08-02,0.05975637784417376,2.264315652923263,1.0763240438745338,0.02987818892208688
2021-08-03,0.05975637784417376,2.2720183893877506,1.0798838375961592,0.02987818892208688
2021-08-04,0.05975637784417376,2.2720183893877506,1.0798838375961592,0.02987818892208688
2021-08-05,0.0689496667432774,1.002400909038579,0.4976388847463018,0.0344748333716387
2021-08-06,0.06665134451850149,0.792617606082987,0.3995765794138923,0.033325672259250746
2021-08-07,0.06818355933501877,0.9007321023944683,0.45028618165722495,0.034091779667509384
2021-08-08,0.07201409637631197,1.4418674558277305,0.702184498016232,0.036007048188155984
2021-08-09,0.06818355933501877,0.9315538652593486,0.4645277581811622,0.034091779667509384
2021-08-10,0.06435302229372558,1.1928131025685051,0.5833762408697394,0.03217651114686279
2021-08-11,0.06511912970198422,1.2004418486737933,0.5872753465598497,0.03255956485099211
2021-08-12,0.07201409637631197,1.1969659809417732,0.5890341253247258,0.036007048188155984
2021-08-13,0.06741745192676013,2.007829127370137,0.9614663754554695,0.033708725963380065
2021-08-14,0.06971577415153604,1.1920824180709677,0.5856560385832997,0.03485788707576802
2021-08-15,0.0689496667432774,0.7438688080664384,0.37818291237342405,0.03447483337163872
2021-08-16,0.06971577415153604,0.9099281348071605,0.4552874874615388,0.03485788707576802
2021-08-17,0.06818355933501877,0.8722769270327649,0.43713811614285714,0.034091779667509384
2021-08-18,0.06741745192676013,1.306782934740605,0.6375339456519179,0.033708725963380065
2021-08-19,0.0727802037845706,1.142078496786937,0.5640490914405103,0.0363901018922853
2021-08-20,0.07354631119282924,0.8504802841392332,0.42970247464414757,0.03677315559641462
2021-08-21,0.07201409637631197,1.2914135643200462,0.632671180855078,0.036007048188155984
2021-08-22,0.0689496667432774,1.987923256362285,0.9530041173502041,0.0344748333716387
2021-08-23,0.07431241860108788,0.976474259886434,0.48828836468590675,0.03715620930054394
2021-08-24,0.06741745192676013,1.966951381190829,0.9425779943702112,0.033708725963380065
2021-08-25,0.0727802037845706,1.1588514959583387,0.5717984920459628,0.0363901018922853
2021-08-26,0.0689496667432774,0.8632573862723312,0.43334696606800616,0.0344748333716387
2021-08-27,0.06665134451850149,0.5486298553024928,0.2868352847818115,0.033325672259250746
2021-08-28,0.07124798896805333,0.7990675695266353,0.4048185555089393,0.035623994484026686
2021-08-29,0.06971577415153604,1.5493834316792223,0.7507459139508587,0.03485788707576798
2021-08-30,0.06971577415153604,1.5835891700217815,0.7665505740686713,0.03485788707576798
2021-08-31,0.06128859266069103,2.187827497116724,1.0417078853985675,0.030644296330345516
2021-09-01,0.07201409637631197,1.2778734826999225,0.6264153374294563,0.036007048188155984
2021-09-02,0.07124798896805333,1.213529340391139,0.5963130390687904,0.035623994484026665
2021-09-03,0.0727802037845706,0.8348820503336813,0.4221192967859751,0.03639010189228532
2021-09-04,0.07201409637631197,1.82773766926648,0.8804658190310491,0.036007048188155984
2021-09-05,0.07124798896805333,0.9350297687844291,0.46763740385827124,0.035623994484026665
2021-09-06,0.07431241860108788,0.8352401608451789,0.4230380594481615,0.03715620930054392
2021-09-07,0.06665134451850149,1.1452622271307427,0.5625257889327415,0.033325672259250746
2021-09-08,0.0727802037845706,1.9401831019426483,0.9327865037068512,0.0363901018922853
2021-09-09,0.0689496667432774,1.9243336604362542,0.9236222456770962,0.0344748333716387
2021-09-10,0.06435302229372558,1.090010533126216,0.5358711050111629,0.03217651114686279
2021-09-11,0.06435302229372558,1.4682864653044694,0.7106726653967286,0.03217651114686279
2021-09-12,0.06588523711024286,1.3590411342074264,0.6609356090619408,0.03294261855512143
2021-09-13,0.06741745192676013,1.9427165562768818,0.9313798082837956,0.033708725963380065
2021-09-14,0.058224163027656484,2.2966904128388403,1.0905550129848762,0.029112081513828242
2021-09-15,0.058224163027656484,5.276231605435211,2.467585595874393,0.029112081513828242
2021-09-16,0.058224163027656484,5.387267446958816,2.518902137479794,0.029112081513828242
2021-09-17,0.07201409637631197,1.386574598159699,0.67663786766119,0.036007048188155984
2021-09-18,0.06665134451850149,1.015173366899892,0.5024146297752776,0.033325672259250746
2021-09-19,0.06665134451850149,1.0252842687646273,0.5070866518849192,0.033325672259250746
2021-09-20,0.06358691488546694,1.4280528610934669,0.6917085767892196,0.03179345744273347
2021-09-21,0.06741745192676013,1.8290030766258907,0.8788362182150766,0.033708725963380065
2021-09-22,0.06741745192676013,1.8227349352745226,0.87593989800159,0.033708725963380065
2021-09-23,0.06511912970198422,1.4835494328654018,0.7180973810016276,0.03255956485099211
2021-09-24,0.06588523711024286,1.392053251612862,0.6761900247014585,0.03294261855512143
2021-09-25,0.07201409637631197,1.2035895722509828,0.592094383845187,0.036007048188155984
2021-09-26,0.07201409637631197,1.2038309030776853,0.5922058844925231,0.036007048188155984
2021-09-27,0.07431241860108788,1.0616474078184306,0.5276384503829806,0.03715620930054394
2021-09-28,0.06665134451850149,1.0508788601882821,0.5189133413947462,0.033325672259250746
2021-09-29,0.07201409637631197,2.3822161935941755,1.1366482356797483,0.036007048188155984
2021-09-30,0.06205470006894967,1.7348492509348783,0.8327422176177337,0.031027350034474835
2021-10-01,11.727572205623229,10.672033896891788,9.55063737490568,5.8637861028116145
2021-10-02,8.411859342679843,8.791553324018606,7.534636852674844,4.205929671339922
2021-10-03,8.24025128322991,8.709427954814352,7.4326841357903435,4.120125641614955
2021-10-04,7.700911667815828,8.611299816002768,7.172136257839112,3.850455833907914
2021-10-05,7.464184478663909,9.672444460714289,7.485990683638437,3.7320922393319544
2021-10-06,7.088791848617176,10.41223350763693,7.6244949948833325,3.544395924308588
2021-10-07,6.157205240174672,12.237834610743976,7.988080972892118,3.078602620087336
2021-10-08,2.253121887688654,11.110922617745873,6.017733276168664,1.126560943844327
2021-10-09,0.7316325748869992,8.597837127773127,4.281510945642604,0.3658162874434996
2021-10-10,0.30797517811997244,7.749641333171205,3.71622217107387,0.15398758905998622
2021-10-11,0.2290661150693327,7.155102043416235,3.4091250909020605,0.11453305753466635
2021-10-12,0.2229372558032636,7.72625166316942,3.66952205412378,0.1114686279016318
2021-10-13,0.19459128169769402,9.574643694864479,4.509275024582155,0.09729564084884701
2021-10-14,0.13713322607829617,9.247404624316276,4.335068173524852,0.06856661303914809
2021-10-15,0.11568221864705433,8.673619288881962,4.061474264724025,0.057841109323527165
2021-10-16,0.09423121121581245,7.864108719181108,3.6787758330155373,0.04711560560790622
2021-10-17,0.08350570750019153,6.202315666559275,2.9066591471987926,0.04175285375009576
2021-10-18,0.07431241860108788,5.419508466003085,2.540974933289788,0.03715620930054394
2021-10-19,0.07431241860108788,5.399707058121233,2.5318266616103653,0.03715620930054394
2021-10-20,0.06358691488546694,5.349899892609779,2.5040267495773327,0.03179345744273347
2021-10-21,0.06205470006894967,5.63451203887363,2.6348686179184577,0.031027350034474835
2021-10-22,0.07201409637631197,3.672968897812725,1.7330070350822786,0.036007048188155984
2021-10-23,0.07201409637631197,2.697887500031902,1.282495972971148,0.036007048188155984
2021-10-24,0.07354631119282924,3.1344158785327174,1.4849006662896962,0.03677315559641462
2021-10-25,0.07354631119282924,3.141054126862761,1.4879675949941447,0.03677315559641462
2021-10-26,0.05899027043591512,4.285396308123568,2.010009440646244,0.02949513521795756
2021-10-27,0.06741745192676013,3.781530851824689,1.7810407706807192,0.033708725963380065
2021-10-28,0.06818355933501877,2.727388418915397,1.2943153122657192,0.034091779667509384
2021-10-29,0.07201409637631197,2.732912904173696,1.2986785522478148,0.036007048188155984
2021-10-30,0.07124798896805333,2.7840171200635426,1.321928204197596,0.035623994484026665
2021-10-31,0.06435302229372558,3.505209237840888,1.6519360362222224,0.03217651114686279
2021-11-01,0.06435302229372558,3.580368712124919,1.6866672793836734,0.03217651114686279
2021-11-02,0.06435302229372558,10.44940005944138,4.860851243280359,0.03217651114686279
2021-11-03,0.0628208074772083,10.418178411205703,4.845817220285972,0.03141040373860415
2021-11-04,0.0628208074772083,14.72688054517988,6.836937366775839,0.03141040373860415
2021-11-05,0.02757986669731096,50.42421785615363,23.33339718918693,0.01378993334865548
2021-11-06,0.026813759289052323,63.500563664549624,29.380897316615854,0.013406879644526162
2021-11-07,0.02987818892208688,62.242789620110706,28.79883176157774,0.01493909446104344
2021-11-08,0.035240940779897346,58.777388565106214,27.195802223516058,0.017620470389948673
2021-11-09,0.03907147782119053,56.993773775433596,26.370805493918585,0.019535738910595266
2021-11-10,0.04060369263770781,55.438142191908625,25.6514704906113,0.020301846318853903
2021-11-11,0.036007048188155984,53.21105063783315,24.62194868035256,0.018003524094077992
2021-11-12,0.03907147782119053,48.465170902858624,22.42757625954509,0.019535738910595266
2021-11-13,0.03907147782119053,46.830685475692405,21.671866231084902,0.019535738910595266
2021-11-14,0.036007048188155984,47.545447446168076,22.002263698869797,0.018003524094077992
2021-11-15,0.036007048188155984,47.51453919643209,21.987972214821564,0.018003524094077992
2021-11-16,0.053627518578104647,43.00679235985421,19.90489386849555,0.026813759289052323
2021-11-17,0.0505630889450701,43.8650206628302,20.30138578650519,0.02528154447253505
2021-11-18,0.04903087412855282,44.05610900346892,20.389623113853578,0.02451543706427641
2021-11-19,0.038305370412931895,46.22851441681746,21.393421451649182,0.019152685206465948
2021-11-20,0.06128859266069103,36.863582447741386,17.0664599740493,0.030644296330345516
2021-11-21,0.0727802037845706,35.97768948324034,16.65867248652245,0.0363901018922853
2021-11-22,0.0727802037845706,36.84452204557927,17.059163341781574,0.0363901018922853
2021-11-23,0.06665134451850149,31.985320350985845,14.81302839936958,0.033325672259250746
2021-11-24,0.05899027043591512,32.79395881940454,15.185364021915104,0.02949513521795756
2021-11-25,0.058224163027656484,33.04392461798072,15.30075688733858,0.029112081513828242
2021-11-26,0.058224163027656484,32.881665807140784,15.225767038087607,0.029112081513828242
2021-11-27,0.03753926300467326,35.927816761303085,16.630671301577607,0.01876963150233663
2021-11-28,0.03983758522944917,32.017809009028156,14.823218981803793,0.019918792614724585
2021-11-29,0.019918792614724585,62.00604285705851,28.690545035913306,0.009959396307362292
2021-11-30,0.019152685206465948,63.88603357613965,29.5602317415658,0.009576342603232974
2021-12-01,0.02987818892208688,66.78982743145822,30.901588548572068,0.01493909446104344
2021-12-02,0.02374932965601777,66.64110869180458,30.833834159449424,0.011874664828008885
2021-12-03,0.022217114839500497,65.88246303140617,30.483198809431432,0.011108557419750248
2021-12-04,0.01838657779820731,63.52168324032521,29.391804111578608,0.009193288899103655
2021-12-05,0.015322148165172758,64.88605536673256,30.023364706611854,0.007661074082586379
2021-12-06,0.013023825940396843,71.3850051445386,33.03021171878467,0.0065119129701984215
2021-12-07,0.01838657779820731,69.86346854504679,32.32526242099774,0.009193288899103655
2021-12-08,0.01378993334865548,69.7055139769629,32.253104696122946,0.00689496667432774
2021-12-09,0.01378993334865548,69.69052287200074,32.24616971656243,0.00689496667432774
2021-12-10,0.0030644296330345515,74.01880271656165,34.251035367156135,0.0015322148165172757
2021-12-11,0.008427181490845016,78.4238553854596,36.2877886354347,0.004213590745422508
2021-12-12,0.01378993334865548,75.50483530228333,34.93590726187908,0.00689496667432774
2021-12-13,0.009959396307362292,73.70524753162655,34.10431466473145,0.004979698153681146
2021-12-14,0.013023825940396843,73.0242491013576,33.78854885455817,0.0065119129701984215
2021-12-15,0.015322148165172758,72.91767670430347,33.73872025403549,0.007661074082586379
2021-12-16,0.020684900022983222,65.10803047225585,30.125238180973312,0.010342450011491611
2021-12-17,0.019152685206465948,63.34047382155228,29.307881620499977,0.009576342603232974
2021-12-18,0.02145100743124186,62.08032209746577,28.724717431336842,0.01072550371562093
2021-12-19,0.016854362981690033,60.47052548155244,27.980619999817176,0.008427181490845016
2021-12-20,0.016854362981690033,55.69613522844505,25.77210331030041,0.008427181490845016
2021-12-21,0.016854362981690033,56.06113534418142,25.940943477221133,0.008427181490845016
2021-12-22,0.02451543706427641,52.55391058771301,24.318391037924115,0.012257718532138206
2021-12-23,0.022217114839500497,56.105266597695845,25.96103011034009,0.011108557419750248
2021-12-24,0.022217114839500497,56.105266597695845,25.96103011034009,0.011108557419750248
2021-12-25,0.022217114839500497,54.582182999308046,25.25657039927392,0.011108557419750248
2021-12-26,0.019918792614724585,54.88891007134694,25.398550788842737,0.009959396307362292
2021-12-27,0.02451543706427641,49.58055870848288,22.943218641163806,0.012257718532138206
2021-12-28,0.016854362981690033,52.94065299750794,24.49748431770114,0.008427181490845016
2021-12-29,0.016854362981690033,52.87835327133658,24.468665981179058,0.008427181490845016
2021-12-30,0.01838657779820731,55.19444888692247,25.539955833100482,0.009193288899103655
2021-12-31,0.02451543706427641,48.705864850062426,22.53867356928115,0.012257718532138206
2022-01-01,0.02374932965601777,45.80230671720579,21.195748554542483,0.011874664828008885
2022-01-02,0.019152685206465948,53.17577069365812,24.606171050111058,0.009576342603232974
2022-01-03,0.019152685206465948,52.64657726515325,24.361391216870896,0.009576342603232974
2022-01-04,0.022983222247759134,48.16903470629167,22.290362087552598,0.011491611123879567
2022-01-05,0.019152685206465948,52.69139021852614,24.382119568098922,0.009576342603232974
2022-01-06,0.022983222247759134,63.33817656708561,29.306308095518986,0.011491611123879567
2022-01-07,0.01838657779820731,68.1447734830583,31.53026226430778,0.009193288899103655
2022-01-08,0.009959396307362292,66.48762347089223,30.76511984818594,0.004979698153681146
2022-01-09,0.009959396307362292,64.80578774458665,29.98702762665934,0.004979698153681146
2022-01-10,0.014556040756914121,63.567046784532856,29.413307178353232,0.0072780203784570605
2022-01-11,0.02145100743124186,55.55761070050137,25.707769772711792,0.01072550371562093
2022-01-12,0.026047651880793686,56.68671881469882,26.229708430289882,0.013023825940396843
2022-01-13,0.019918792614724585,57.55166538370927,26.630194968258873,0.009959396307362292
2022-01-14,0.026047651880793686,53.621072925160796,24.811897114426625,0.013023825940396843
2022-01-15,0.0344748333716387,46.55564334907234,21.544541221328117,0.01723741668581935
2022-01-16,0.02374932965601777,44.83568263154944,20.748678435220032,0.011874664828008885
2022-01-17,0.03141040373860415,45.03217088330238,20.839936157871865,0.015705201869302077
2022-01-18,0.02987818892208688,45.100563265353316,20.871487783548012,0.01493909446104344
2022-01-19,0.01838657779820731,49.80562735406329,23.04730076138538,0.009193288899103655
2022-01-20,0.016088255573431395,49.68624619429327,22.99207256153851,0.008044127786715698
2022-01-21,0.016854362981690033,45.843978484772144,21.21473547008766,0.008427181490845016
2022-01-22,0.015322148165172758,49.795818952262835,23.04275752681785,0.007661074082586379
2022-01-23,0.026047651880793686,46.568419679690436,21.55015980405694,0.013023825940396843
2022-01-24,0.019918792614724585,47.171643794701325,21.82896779092076,0.009959396307362292
2022-01-25,0.022983222247759134,48.44149426889979,22.41637854900803,0.011491611123879567
2022-01-26,0.028345974105569598,43.65971647887548,20.20507764688055,0.014172987052784799
2022-01-27,0.02757986669731096,43.71694870608332,20.231497169933547,0.01378993334865548
2022-01-28,0.026047651880793686,46.45137858441262,21.496030202894513,0.013023825940396843
2022-01-29,0.02145100743124186,47.7185856187581,22.081987957916965,0.01072550371562093
2022-01-30,0.02528154447253505,44.237388795154935,20.472051820843546,0.012640772236267524
2022-01-31,0.02374932965601777,50.01571820042094,23.14447960987982,0.011874664828008885
2022-02-01,0.017620470389948673,50.445726587287396,23.343388689296145,0.008810235194974337
2022-02-02,0.017620470389948673,50.448351174805026,23.34460273947409,0.008810235194974337
2022-02-03,0.012257718532138206,56.36842009915741,26.083378657072853,0.006128859266069103
2022-02-04,0.017620470389948673,58.28367990194824,26.96897501570315,0.008810235194974337
2022-02-05,0.019152685206465948,52.8349678630674,24.448531790917183,0.009576342603232974
2022-02-06,0.022983222247759134,49.210866634088504,22.77222431956785,0.011491611123879567
2022-02-07,0.022217114839500497,54.369091775404456,25.15801101475901,0.011108557419750248
2022-02-08,0.012257718532138206,60.293952742897325,27.89941492632037,0.006128859266069103
2022-02-09,0.014556040756914121,54.84160250766542,25.37692855451131,0.0072780203784570605
2022-02-10,0.017620470389948673,50.55718240364161,23.39494458246745,0.008810235194974337
2022-02-11,0.012257718532138206,52.81776304553364,24.44076794045503,0.006128859266069103
2022-02-12,0.011491611123879567,49.49976246292515,22.90578530490049,0.005745805561939783
2022-02-13,0.014556040756914121,51.25570342235434,23.718096527633662,0.0072780203784570605
2022-02-14,0.017620470389948673,49.576538326930226,22.941330021004518,0.008810235194974337
2022-02-15,0.015322148165172758,53.02552603634061,24.536790876628505,0.007661074082586379
2022-02-16,0.014556040756914121,62.051541510108564,28.712236505055433,0.0072780203784570605
2022-02-17,0.012257718532138206,62.06508245198721,28.718777820774534,0.006128859266069103
2022-02-18,0.01072550371562093,64.75966379684776,29.96557555630156,0.005362751857810465
2022-02-19,0.01072550371562093,63.68781517884404,29.469698789703774,0.005362751857810465
2022-02-20,0.012257718532138206,55.092405153617285,25.49306655639572,0.006128859266069103
2022-02-21,0.014556040756914121,52.71244167775746,24.39198165807116,0.0072780203784570605
2022-02-22,0.015322148165172758,48.34053421188557,22.369555939493406,0.007661074082586379
2022-02-23,0.019152685206465948,46.734025350303256,21.62652454282739,0.009576342603232974
2022-02-24,0.017620470389948673,50.73158354954668,23.475616970336926,0.008810235194974337
2022-02-25,0.01378993334865548,50.67180918005835,23.447992994167187,0.00689496667432774
2022-02-26,0.022217114839500497,44.993886225159486,20.82177195335596,0.011108557419750248
2022-02-27,0.022983222247759134,41.64738227141649,19.274004156055742,0.011491611123879567
2022-02-28,0.014556040756914121,47.29850819725602,21.887503412816294,0.0072780203784570605
2022-03-01,0.015322148165172758,50.30238625657558,23.27709099015205,0.007661074082586379
2022-03-02,0.01072550371562093,50.606391910919235,23.417749135957948,0.005362751857810465
2022-03-03,0.01838657779820731,51.331732982782185,23.753216686083064,0.009193288899103655
2022-03-04,0.019152685206465948,44.05427767442539,20.387000100733793,0.009576342603232974
2022-03-05,0.016854362981690033,44.388851065545396,20.541628953785576,0.008427181490845016
2022-03-06,0.017620470389948673,47.90003722885514,22.165834274427677,0.008810235194974337
2022-03-07,0.01838657779820731,48.09667138225463,22.256805521472227,0.009193288899103655
2022-03-08,0.012257718532138206,50.70633657440462,23.463976406818336,0.006128859266069103
2022-03-09,0.022217114839500497,43.70705230659896,20.226582922748022,0.011108557419750248
2022-03-10,0.019918792614724585,41.71344545076586,19.304305389837122,0.009959396307362292
2022-03-11,0.020684900022983222,45.387464604540085,21.00373994866397,0.010342450011491611
2022-03-12,0.017620470389948673,45.68514284145967,21.141295025086137,0.008810235194974337
2022-03-13,0.016854362981690033,47.14280007713085,21.8155387164419,0.008427181490845016
2022-03-14,0.020684900022983222,46.25264121615661,21.403916443924427,0.010342450011491611
2022-03-15,0.020684900022983222,46.25264121615661,21.403916443924427,0.010342450011491611
2022-03-16,0.022983222247759134,40.799748324050015,18.881961279549124,0.011491611123879567
2022-03-17,0.022983222247759134,40.71754846098569,18.8439426621208,0.011491611123879567
2022-03-18,0.02145100743124186,40.548066587635816,18.765410037247566,0.01072550371562093
2022-03-19,0.012257718532138206,43.493726093578864,20.127266864987767,0.006128859266069103
2022-03-20,0.028345974105569598,36.015259255750976,16.669816325545145,0.014172987052784799
2022-03-21,0.019152685206465948,36.17028612274938,16.74023875916065,0.009576342603232974
2022-03-22,0.033708725963380065,38.07005811865447,17.62071989524053,0.016854362981690033
2022-03-23,0.02451543706427641,38.27026361298593,17.71221799062254,0.012257718532138206
2022-03-24,0.02987818892208688,38.51007063510859,17.82374468510733,0.01493909446104344
2022-03-25,0.02757986669731096,36.1666444540559,16.739720057561776,0.01378993334865548
2022-03-26,0.036007048188155984,31.53654859759963,14.600002992477787,0.018003524094077992
2022-03-27,0.04596644449551827,32.40269948467784,15.002249998501727,0.022983222247759134
2022-03-28,0.03983758522944917,33.306626804811486,15.419098503565262,0.019918792614724585
2022-03-29,0.03983758522944917,32.25385196694006,14.932352456943482,0.019918792614724585
2022-03-30,0.03983758522944917,32.78817988093894,15.179396734962577,0.019918792614724585
2022-03-31,0.03983758522944917,33.72311353149946,15.611659401103136,0.019918792614724585
2022-04-01,0.03983758522944917,33.78501779179817,15.640280577147164,0.019918792614724585
2022-04-02,0.03907147782119053,36.440755660585076,16.868046003769017,0.019535738910595266
2022-04-03,0.04596644449551827,47.973776690596495,22.200518141913534,0.022983222247759134
2022-04-04,0.04060369263770781,48.67007655673648,22.522335479372483,0.020301846318853903
2022-04-05,0.048264766720294186,49.644387930109744,22.972824050523954,0.024132383360147093
2022-04-06,0.054393625986363284,45.99031817264949,21.28393385178975,0.027196812993181642
2022-04-07,0.0628208074772083,45.17439130133447,20.90721890214123,0.03141040373860415
2022-04-08,0.05286141116984601,43.812579448830476,20.27728764181636,0.026430705584923005
2022-04-09,0.051329196353328735,43.61200324293629,20.184480316115536,0.025664598176664367
2022-04-10,0.053627518578104647,41.42317340457387,19.17293264264729,0.026813759289052323
2022-04-11,0.06741745192676013,35.599119843372115,16.482994822900068,0.033708725963380065
2022-04-12,0.056691948211139195,35.409192445803804,16.393670128479677,0.028345974105569598
2022-04-13,0.05899027043591512,33.83380591450707,15.665933822053466,0.02949513521795756
2022-04-14,0.056691948211139195,33.0105517255057,15.285072891261073,0.028345974105569598
2022-04-15,0.056691948211139195,32.83086603829688,15.202026249585337,0.028345974105569598
2022-04-16,0.05592584080288056,29.5694729464371,13.69452795055239,0.02796292040144028
2022-04-17,0.06971577415153604,25.917522868910726,12.009972586737721,0.03485788707576802
2022-04-18,0.06818355933501877,26.7485247101234,12.393578264319869,0.034091779667509384
2022-04-19,0.06971577415153604,26.614810343288873,12.332152199602355,0.03485788707576802
2022-04-20,0.05899027043591512,25.234288272951623,11.691629817404479,0.02949513521795756
2022-04-21,0.05286141116984601,23.66716520251106,10.965763258738221,0.026430705584923005
2022-04-22,0.05286141116984601,23.71232295051576,10.986635873542232,0.026430705584923005
2022-04-23,0.058224163027656484,23.756420317151512,11.008425741610987,0.029112081513828242
2022-04-24,0.056691948211139195,26.652386395445504,12.346473350681347,0.028345974105569598
2022-04-25,0.057458055619397846,27.549169173461753,12.761117970791593,0.028729027809698923
2022-04-26,0.05515973339462192,28.52688022842611,13.212492792315539,0.02757986669731096
2022-04-27,0.06971577415153604,28.966887156158304,13.418922326477157,0.03485788707576802
2022-04-28,0.06741745192676013,27.479916331914534,12.731354275975587,0.033708725963380065
2022-04-29,0.06588523711024286,26.77790820732502,12.406621553918761,0.03294261855512143
2022-04-30,0.041369800045966444,36.569121718131356,16.92770518230132,0.020684900022983222
2022-05-01,0.036007048188155984,39.19272103141972,18.140095593743485,0.018003524094077992
2022-05-02,0.036007048188155984,38.670029060903914,17.898411123656295,0.018003524094077992
2022-05-03,0.04596644449551827,36.063764433087435,16.694703695865794,0.022983222247759134
2022-05-04,0.04596644449551827,36.47186263783994,16.883361183578778,0.022983222247759134
2022-05-05,0.04596644449551827,36.47186263783994,16.883361183578778,0.022983222247759134
2022-05-06,0.04596644449551827,36.535171118116544,16.912627714773524,0.022983222247759134
2022-05-07,0.043668122270742356,37.17794869583157,17.20947915460014,0.021834061135371178
2022-05-08,0.04290201486248372,41.39838541820755,19.16055287249792,0.02145100743124186
2022-05-09,0.04596644449551827,40.85580890383848,18.90999173274666,0.022983222247759134
2022-05-10,0.07354631119282924,26.53549757198228,12.296404784922725,0.03677315559641462
2022-05-11,0.06282080747720832,21.969954203760253,10.184077511459574,0.03141040373860416
2022-05-12,0.05899027043591512,17.175660501830865,7.967300388975309,0.02949513521795756
2022-05-13,0.060522485252432395,17.08470750953648,7.925770406019835,0.030261242626216198
2022-05-14,0.06128859266069103,17.08853361834162,7.927790737191474,0.030644296330345516
2022-05-15,0.0689496667432774,12.898757355480445,5.994406294520313,0.0344748333716387
2022-05-16,0.07431241860108788,14.861926553633836,6.903382217244223,0.03715620930054394
2022-05-17,0.07048188155979469,13.358824740288073,6.207544013535384,0.035240940779897346
2022-05-18,0.0689496667432774,10.701814058220219,4.979298318236251,0.0344748333716387
2022-05-19,0.0628208074772083,8.069463524430107,3.760438518299426,0.03141040373860415
2022-05-20,0.06588523711024286,7.327005938358114,3.418644680747782,0.03294261855512143
2022-05-21,0.06511912970198422,7.15664453822531,3.339594948380725,0.03255956485099211
2022-05-22,0.06128859266069103,6.937304604817076,3.2365899668411524,0.030644296330345516
2022-05-23,0.05286141116984601,5.769332689322856,2.6931061759359216,0.026430705584923005
2022-05-24,0.05209530376158737,5.762802242940534,2.6897487974072947,0.026047651880793686
2022-05-25,0.05209530376158737,5.796405488997125,2.7052809987983797,0.026047651880793686
2022-05-26,0.051329196353328735,4.951301815475609,2.3143093161474058,0.025664598176664367
2022-05-27,0.07584463341760515,3.7877455336870764,1.7878067794218324,0.03792231670880258
2022-05-28,0.07737684823412243,3.835355847176944,1.8105094073440353,0.038688424117061214
2022-05-29,0.07737684823412243,3.89677751838942,1.8388844030981417,0.038688424117061214
2022-05-30,0.0628208074772083,3.991171473438323,1.8757945551045707,0.03141040373860415
2022-05-31,0.06205470006894967,3.8623653806253446,1.8159177363418477,0.031027350034474835
2022-06-01,0.060522485252432395,3.828365779644559,1.799498268026498,0.030261242626216198
2022-06-02,0.06128859266069103,4.4554522905558915,2.089648303615357,0.030644296330345516
2022-06-03,0.06128859266069103,4.4554522905558915,2.089648303615357,0.030644296330345516
2022-06-04,0.06205470006894967,2.659163362302336,1.2598896282650671,0.031027350034474835
2022-06-05,0.0628208074772083,2.6458498146859877,1.254099906702358,0.03141040373860415
2022-06-06,0.06128859266069103,2.106519860503769,1.004133080711778,0.030644296330345516
2022-06-07,0.06128859266069103,2.17520470377837,1.035874497367033,0.030644296330345516
2022-06-08,0.05975637784417376,2.183535223150425,1.0389916402461215,0.02987818892208688
2022-06-09,0.05975637784417376,2.4956214475707306,1.183221238054522,0.02987818892208688
2022-06-10,0.06588523711024286,2.2669285111305273,1.0804570602723427,0.03294261855512143
2022-06-11,0.06588523711024286,2.2566303970786556,1.075698452694371,0.03294261855512143
2022-06-12,0.07814295564238107,2.2153072300251084,1.062460935957359,0.03907147782119053
2022-06-13,0.07814295564238107,2.579128438556137,1.2305327882091095,0.03907147782119053
2022-06-14,0.06818355933501877,1.8661405724939955,0.8963650988188949,0.034091779667509384
2022-06-15,0.06971577415153604,1.9758777035011512,0.9478063293944529,0.03485788707576802
2022-06-16,0.05745805561939783,1.8868879319768372,0.9007912991064635,0.028729027809698916
2022-06-17,0.06128859266069103,1.7434578120235376,0.8363507403423263,0.030644296330345516
2022-06-18,0.0727802037845706,1.5166657710267994,0.7371145533847638,0.0363901018922853
2022-06-19,0.06128859266069103,1.265258581362833,0.6153599030488687,0.030644296330345516
2022-06-20,0.06128859266069103,1.241589569188185,0.604421711427026,0.030644296330345516
2022-06-21,0.06128859266069103,1.2763954772967985,0.6205066113651841,0.030644296330345516
2022-06-22,0.06128859266069103,1.303120092762745,0.6328568929413493,0.030644296330345516
2022-06-23,0.06971577415153604,0.8761494655499823,0.4396801533500726,0.03485788707576802
2022-06-24,0.07048188155979469,1.127617736049521,0.5562447380766614,0.035240940779897346
2022-06-25,0.06665134451850149,0.7964030757999618,0.401325760490881,0.033325672259250746
2022-06-26,0.06665134451850149,0.7734816789824283,0.3907342945516369,0.03332567225925077
2022-06-27,0.07661074082586379,0.7101271681071701,0.3663685627150737,0.038305370412931875
2022-06-28,0.07661074082586379,0.7101271681071701,0.3663685627150737,0.038305370412931875
2022-06-29,0.07661074082586379,0.9429315394458482,0.47391908137335126,0.038305370412931895
2022-06-30,0.06435302229372558,0.9338088030326014,0.4636901814243503,0.03217651114686279
2022-07-01,0.060522485252432395,1.0277301658840312,0.5052154048618894,0.030261242626216198
2022-07-02,0.06818355933501877,0.717930465048522,0.3658204254843446,0.03409177966750936
2022-07-03,0.06588523711024286,0.7662637674012739,0.3870218753893759,0.03294261855512141
2022-07-04,0.060522485252432395,0.7309430915387226,0.36805853145553025,0.03026124262621622
2022-07-05,0.060522485252432395,0.7975288312917116,0.3988303967671027,0.030261242626216177
2022-07-06,0.06205470006894967,0.7357632326033064,0.3710409404264464,0.031027350034474856
2022-07-07,0.06665134451850149,0.8938486210830885,0.44635317230235566,0.033325672259250746
2022-07-08,0.07431241860108788,0.8539275358240932,0.43167164673157077,0.03715620930054394
2022-07-09,0.0628208074772083,0.9380265122793189,0.4648874528513638,0.03141040373860415
2022-07-10,0.06588523711024286,0.9902392923002888,0.4905176829417315,0.03294261855512143
2022-07-11,0.0727802037845706,0.8440781530447906,0.4263680470058392,0.03639010189228532
2022-07-12,0.07661074082586379,0.7842404481449088,0.40060727422074843,0.038305370412931895
2022-07-13,0.06971577415153604,0.8233366547368633,0.4152781504928749,0.03485788707576802
2022-07-14,0.07124798896805333,0.8886939005395913,0.44622876310152615,0.035623994484026665
2022-07-15,0.07048188155979469,0.8715121021736159,0.43791385031863,0.035240940779897346
2022-07-16,0.06741745192676013,0.7164644978322199,0.36476549239448797,0.033708725963380044
2022-07-17,0.06971577415153604,0.6635910268744849,0.341468156146687,0.03485788707576802
2022-07-18,0.0628208074772083,0.6839658303485671,0.3474819496408915,0.03141040373860415
2022-07-19,0.06741745192676013,0.7222121130540335,0.36742129308772675,0.033708725963380044
2022-07-20,0.0727802037845706,1.3179162870777448,0.6452890333624267,0.0363901018922853
2022-07-21,0.07048188155979469,1.3100615979533936,0.6405409865361922,0.035240940779897346
2022-07-22,0.06435302229372558,0.7404782478209406,0.37435200300362753,0.03217651114686279
2022-07-23,0.06358691488546694,0.5995022996957288,0.30882846254000357,0.03179345744273347
2022-07-24,0.06128859266069103,0.5365666478433677,0.2786085446350082,0.030644296330345516
2022-07-25,0.06588523711024286,1.0356005192939177,0.5114784411379142,0.03294261855512143
2022-07-26,0.05592584080288056,1.4891206267323358,0.7162120454312043,0.02796292040144028
2022-07-27,0.05592584080288056,1.4891206267323358,0.7162120454312043,0.02796292040144028
2022-07-28,0.05592584080288056,1.4891206267323358,0.7162120454312043,0.02796292040144028
2022-07-29,0.05592584080288056,1.4891206267323358,0.7162120454312043,0.02796292040144028
2022-07-30,0.05592584080288056,1.4891206267323358,0.7162120454312043,0.02796292040144028
2022-07-31,0.05592584080288056,1.4891206267323358,0.7162120454312043,0.02796292040144028
2022-08-01,0.05592584080288056,1.4891206267323358,0.7162120454312043,0.02796292040144028
2022-08-02,0.05592584080288056,1.4891206267323358,0.7162120454312043,0.02796292040144028
2022-08-03,0.05592584080288056,1.4891206267323358,0.7162120454312043,0.02796292040144028
2022-08-04,0.05592584080288056,1.4891206267323358,0.7162120454312043,0.02796292040144028
2022-08-05,0.05592584080288056,1.4891206267323358,0.7162120454312043,0.02796292040144028
2022-08-06,0.05592584080288056,1.4891206267323358,0.7162120454312043,0.02796292040144028
2022-08-07,0.05592584080288056,1.4891206267323358,0.7162120454312043,0.02796292040144028
2022-08-08,0.05592584080288056,1.4891206267323358,0.7162120454312043,0.02796292040144028
2022-08-09,0.05592584080288056,1.4891206267323358,0.7162120454312043,0.02796292040144028
2022-08-10,0.05592584080288056,1.4891206267323358,0.7162120454312043,0.02796292040144028
2022-08-11,0.060522485252432395,0.8168040510039845,0.4077382269877681,0.03026124262621622
2022-08-12,0.054393625986363284,0.9000744616412762,0.44321146361204183,0.027196812993181642
2022-08-13,0.06511912970198422,0.6143554784714902,0.31644893430602056,0.03255956485099211
2022-08-14,0.06511912970198422,0.5773709633413656,0.29935864855482375,0.03255956485099211
2022-08-15,0.06665134451850149,1.1246731285519633,0.553012025960405,0.033325672259250746
2022-08-16,0.06971577415153604,0.5671579587242198,0.2969115425466668,0.03485788707576802
2022-08-17,0.07124798896805333,0.5724394475273189,0.3001091752158514,0.035623994484026665
2022-08-18,0.07124798896805333,0.5724394475273189,0.3001091752158514,0.035623994484026665
2022-08-19,0.06588523711024286,0.6619097398028796,0.3388014086106679,0.03294261855512143
2022-08-20,0.06588523711024286,0.6984497548756368,0.35568601405867545,0.03294261855512143
2022-08-21,0.06741745192676013,0.5069565498525048,0.2679581502168389,0.033708725963380065
2022-08-22,0.06971577415153604,0.512119745955274,0.2714812993052059,0.03485788707576802
2022-08-23,0.06741745192676013,0.5181420742074627,0.2731266457040444,0.033708725963380065
2022-08-24,0.06588523711024286,0.4952487491481804,0.2617898073517326,0.03294261855512143
2022-08-25,0.06588523711024286,0.6162324954479743,0.3176946234232745,0.03294261855512143
2022-08-26,0.06435302229372558,1.0380544854069962,0.511862180730707,0.03217651114686279
2022-08-27,0.06435302229372558,1.1066080166498038,0.5435408132098588,0.03217651114686279
2022-08-28,0.06971577415153604,1.3991945159202315,0.6813515701345674,0.03485788707576802
2022-08-29,0.07124798896805333,0.7693869767862368,0.3911051802880653,0.035623994484026686
2022-08-30,0.06665134451850149,0.7759574340370036,0.3918782857116515,0.033325672259250726
2022-08-31,0.06665134451850149,0.9919020806000495,0.49166148771464013,0.033325672259250746
2022-09-01,0.06665134451850149,1.1253322028314303,0.553316569476578,0.033325672259250746
2022-09-02,0.06128859266069103,0.9028135929385096,0.4478627254519021,0.030644296330345516
2022-09-03,0.06128859266069103,0.9302563365365508,0.4605448765230815,0.030644296330345516
2022-09-04,0.0689496667432774,0.7126689736940879,0.3637668822603066,0.0344748333716387
2022-09-05,0.0689496667432774,0.8007164606753377,0.4044496374492527,0.03447483337163868
2022-09-06,0.0689496667432774,1.275889636769505,0.6240056368102535,0.0344748333716387
2022-09-07,0.0689496667432774,1.2770316020061339,0.6245332872151532,0.0344748333716387
2022-09-08,0.06588523711024286,1.5366492277533725,0.7430057061301801,0.03294261855512143
2022-09-09,0.06971577415153604,1.6204814111647807,0.7835965248506787,0.03485788707576802
2022-09-10,0.06588523711024286,2.752404108379871,1.3047882188082456,0.03294261855512143
2022-09-11,0.06818355933501877,2.6180396117514277,1.2437893442393615,0.034091779667509384
2022-09-12,0.06588523711024286,1.5740922416307812,0.7603075740917963,0.032942618555121386
2022-09-13,0.06665134451850149,0.943114529960992,0.46911784934189255,0.033325672259250746
2022-09-14,0.06665134451850149,0.9631423119731206,0.478372240455518,0.033325672259250746
2022-09-15,0.06511912970198422,1.093127386413346,0.5376860841668105,0.03255956485099211
2022-09-16,0.06128859266069103,1.0788269588203656,0.5292040129469247,0.030644296330345516
2022-09-17,0.06588523711024286,1.757239978447273,0.8449374591283668,0.03294261855512143
2022-09-18,0.06665134451850149,2.122084331669655,1.013893483985714,0.033325672259250746
2022-09-19,0.0689496667432774,1.9361375317577514,0.929076279900203,0.0344748333716387
2022-09-20,0.07048188155979469,1.7641270833644023,0.8503371209507936,0.035240940779897346
2022-09-21,0.07431241860108788,2.3609104739795783,1.1278993804745154,0.03715620930054394
2022-09-22,0.06511912970198422,2.378859023328844,1.1318136804575643,0.03255956485099211
2022-09-23,0.07201409637631197,2.2515768817150184,1.0762897309619956,0.036007048188155984
2022-09-24,0.07201409637631197,2.2515768817150184,1.0762897309619956,0.036007048188155984
2022-09-25,0.07201409637631197,2.854205438799525,1.3547186210305813,0.036007048188155984
2022-09-26,0.07507852600934652,5.237026694607738,2.457011091638895,0.03753926300467326
2022-09-27,0.06435302229372558,7.010341564519636,3.2716600205982944,0.03217651114686279
2022-09-28,0.06435302229372558,7.002483056485643,3.2680285987979847,0.03217651114686279
2022-09-29,0.05975637784417376,7.160399505151763,3.339032710861679,0.02987818892208688
2022-09-30,0.05975637784417376,7.423288931206794,3.4605261739532565,0.02987818892208688
2022-10-01,,-1.0,,
2022-10-02,19.63456676626063,8.96378446113342,12.205222378510628,9.817283383130315
2022-10-03,2.5013406879644524,5.809135919054607,3.793507998215147,1.2506703439822264
2022-10-04,2.163487320922393,6.189832196920986,3.8121363535916384,1.0817436604611967
2022-10-05,1.5774151536045353,5.98163997473278,3.4623214666807214,0.7887075768022677
2022-10-06,0.8465486861257948,4.818765076556003,2.612336725232064,0.4232743430628974
2022-10-07,0.48034934497816595,4.266853763943228,2.194140685970324,0.24017467248908297
2022-10-08,0.3286600781429556,4.009145207061848,2.0063622577424365,0.1643300390714778
2022-10-09,0.327893970734697,4.226518531546711,2.1058854088024397,0.1639469853673485
2022-10-10,0.3041446410786792,4.161405282874483,2.065081774296203,0.1520723205393396
2022-10-11,0.2773308817896269,4.146493471233807,2.0459317246064335,0.13866544089481345
2022-10-12,0.21221175208764267,5.196092422405579,2.4995407714482143,0.10610587604382134
2022-10-13,0.19459128169769402,4.979689211162757,2.3919278838046236,0.09729564084884701
2022-10-14,0.19382517428943538,4.961655847667383,2.3832730987615522,0.09691258714471769
2022-10-15,0.18922852983988353,4.8448341643387245,2.327365350155489,0.09461426491994177
2022-10-16,0.14479430016088257,2.6172351684307196,1.2797179284204314,0.07239715008044129
2022-10-17,0.13023825940396844,2.5215618686057106,1.228673212823559,0.06511912970198422
2022-10-18,0.11798054087183024,2.4482278042472174,1.1890050467347457,0.05899027043591512
2022-10-19,0.09882785566536428,2.4769404049906547,1.193155818815611,0.04941392783268214
2022-10-20,0.09193288899103653,2.6192287036563378,1.2555913944212929,0.04596644449551827
2022-10-21,0.09193288899103653,2.6192287036563378,1.2555913944212929,0.04596644449551827
2022-10-22,0.08657013713322607,3.221724307371168,1.5313302441362169,0.04328506856661304
2022-10-23,0.08427181490845016,3.3709727697339424,1.5991932140718523,0.04213590745422508
2022-10-24,0.08427181490845016,3.4471174461378,1.6343645526893453,0.04213590745422508
2022-10-25,0.08810235194974335,4.168565561844367,1.9693580941309379,0.044051175974871674
2022-10-26,0.09040067417451926,4.069989100689454,1.92488487662578,0.04520033708725963
2022-10-27,0.08733624454148471,2.7889623950741846,1.3318085104897912,0.043668122270742356
2022-10-28,0.09576342603232972,2.9372562993886384,1.4042672026219947,0.04788171301616486
2022-10-29,0.08273960009193289,3.5037616434830046,1.6598161689432642,0.041369800045966444
2022-10-30,0.07814295564238107,3.39114679422529,1.6056550347949516,0.039071477821190616
2022-10-31,0.07814295564238107,3.3586986295940715,1.5906651908720026,0.03907147782119053
2022-11-01,0.0789090630506397,4.008970863627448,1.8914190922077028,0.03945453152531985
2022-11-02,0.0789090630506397,3.934392158934901,1.8569670787682186,0.03945453152531985
2022-11-03,0.07431241860108788,3.961575756931522,1.8674084579924575,0.03715620930054394
2022-11-04,0.05209530376158737,16.300511114763385,7.560522773294523,0.026047651880793686
2022-11-05,0.04596644449551827,34.75187777186515,16.08823878426329,0.022983222247759134
2022-11-06,0.03983758522944917,41.7487195353014,19.32226479702321,0.019918792614724585
2022-11-07,0.04213590745422508,39.436492680008406,18.253459156978987,0.02106795372711254
2022-11-08,0.06205470006894967,37.63674485102982,17.423857244763422,0.031027350034474835
2022-11-09,0.060522485252432395,36.19975249766475,16.75957764434713,0.030261242626216198
2022-11-10,0.07124798896805333,27.997645530912486,12.971424226796913,0.035623994484026665
2022-11-11,0.07124798896805333,27.63255863540996,12.80274250166965,0.035623994484026665
2022-11-12,0.07124798896805333,27.33043386626911,12.663151275881587,0.035623994484026665
2022-11-13,0.07048188155979469,18.009577741107393,8.356375036897164,0.035240940779897346
2022-11-14,0.06511912970198422,18.903671136266308,8.76781377404562,0.03255956485099211
2022-11-15,0.06588523711024286,20.479027549999735,9.496001116262805,0.03294261855512143
2022-11-16,0.041369800045966444,21.350542284652377,9.891691762768724,0.020684900022983222
2022-11-17,0.05209530376158737,21.52686937454587,9.976267040863023,0.026047651880793686
2022-11-18,0.04903087412855282,23.53171710673844,10.902143160854854,0.02451543706427641
2022-11-19,0.06511912970198422,24.812355585230492,11.498175529260305,0.03255956485099211
2022-11-20,0.06971577415153604,24.332356223546853,11.277551031933918,0.03485788707576802
2022-11-21,0.07048188155979469,21.6036132671603,10.016960975579849,0.035240940779897346
2022-11-22,0.07048188155979469,21.6036132671603,10.016960975579849,0.035240940779897346
2022-11-23,0.04443422967900099,49.96295149529941,23.120082318488834,0.022217114839500497
2022-11-24,0.02528154447253505,50.2553431309793,23.255303834169077,0.012640772236267524
2022-11-25,0.04443422967900099,44.56401196356293,20.6241533588389,0.022217114839500497
2022-11-26,0.04979698153681146,39.94832569538656,18.49086131527265,0.02489849076840573
2022-11-27,0.06358691488546694,37.48871772805527,17.35564211015526,0.03179345744273347
2022-11-28,0.06358691488546694,37.48871772805527,17.35564211015526,0.03179345744273347
2022-11-29,0.06358691488546694,38.37206281953461,17.76384323306143,0.03179345744273347
2022-11-30,0.051329196353328735,45.266658930737655,20.949313311775505,0.025664598176664367
2022-12-01,0.04520033708725963,48.96774322712794,22.660005589171696,0.022600168543629815
2022-12-02,0.04443422967900099,47.99895730509767,22.212128090238366,0.022217114839500497
2022-12-03,0.03983758522944917,47.78481945323145,22.113030368516956,0.019918792614724585
2022-12-04,0.013023825940396843,54.28323211377318,25.118692800047455,0.0065119129701984215
2022-12-05,0.007661074082586379,54.13093973204507,25.04846175053754,0.0038305370412931895
2022-12-06,0.03217651114686279,60.492576544575094,27.98921259657207,0.016088255573431395
2022-12-07,0.048264766720294186,56.165899464603456,25.987468074731535,0.024132383360147093
2022-12-08,0.05209530376158737,54.99270109059251,25.444952329731162,0.026047651880793686
2022-12-09,0.04596644449551827,56.753907515639256,26.25943681382597,0.022983222247759134
2022-12-10,0.041369800045966444,56.45774907597825,26.122824187827593,0.020684900022983222
2022-12-11,0.03677315559641462,57.534120316617035,26.62080975706048,0.01838657779820731
2022-12-12,0.035240940779897346,66.35151091320533,30.698014193498967,0.017620470389948673
2022-12-13,0.036007048188155984,65.61033893432767,30.35518276550484,0.018003524094077992
2022-12-14,0.03294261855512143,66.43355405244924,30.736327963317123,0.016471309277560714
2022-12-15,0.03294261855512143,65.83172917068593,30.458035248704757,0.016471309277560714
2022-12-16,0.03294261855512143,65.7209645886387,30.406816069912228,0.016471309277560714
2022-12-17,0.019152685206465948,74.5011422323957,34.47027859162916,0.009576342603232974
2022-12-18,0.02374932965601777,74.75593857170011,34.586997376174885,0.011874664828008885
2022-12-19,0.022983222247759134,73.88776818735107,34.18564575964728,0.011491611123879567
2022-12-20,0.022983222247759134,73.82168813348453,34.15508278552615,0.011491611123879567
2022-12-21,0.022983222247759134,73.36133032180233,33.942160684806936,0.011491611123879567
2022-12-22,0.014556040756914121,70.75769819952248,32.73969271724329,0.0072780203784570605
2022-12-23,0.011491611123879567,67.47988767848044,31.223917698922843,0.005745805561939783
2022-12-24,0.01378993334865548,64.05558342324692,29.6394112420849,0.00689496667432774
2022-12-25,0.016854362981690033,66.17928538104103,30.621353338751682,0.008427181490845016
2022-12-26,0.016088255573431395,65.66675093233938,30.384387405543436,0.008044127786715698
2022-12-27,0.015322148165172758,62.47006231313986,28.905748123741752,0.007661074082586379
2022-12-28,0.013023825940396843,62.336104923882644,28.84406416784382,0.0065119129701984215
2022-12-29,0.013023825940396843,61.758534030006906,28.576871810326875,0.0065119129701984215
2022-12-30,0.03294261855512143,56.67645133683814,26.22449954983692,0.016471309277560714
2022-12-31,0.03141040373860415,57.358231362055065,26.539877447674908,0.015705201869302077
2023-01-01,0.02757986669731096,57.62941787233663,26.665574498440765,0.01378993334865548
2023-01-02,0.02757986669731096,56.274132020715996,26.03879762171563,0.01378993334865548
2023-01-03,0.026047651880793686,55.81285417995139,25.825560263045315,0.013023825940396843
2023-01-04,0.02757986669731096,50.50121466197327,23.3690057786308,0.01378993334865548
2023-01-05,0.028345974105569598,50.2878330053909,23.270321300623777,0.014172987052784799
2023-01-06,0.043668122270742356,48.726919126102366,22.54865498095953,0.021834061135371178
2023-01-07,0.04596644449551827,48.538139229209136,22.461414214118882,0.022983222247759134
2023-01-08,0.04443422967900099,50.63644562185107,23.431438555159584,0.022217114839500497
2023-01-09,0.04290201486248372,56.74949803465786,26.257605212590697,0.02145100743124186
2023-01-10,0.030644296330345516,64.56258687066119,29.871499798413016,0.015322148165172758
2023-01-11,0.030644296330345516,64.56258687066119,29.871499798413016,0.015322148165172758
2023-01-12,0.02987818892208688,63.05513475510879,29.174497044531005,0.01493909446104344
2023-01-13,0.03141040373860415,62.52553755462903,28.92939532931098,0.015705201869302077
2023-01-14,0.01072550371562093,62.073710234840604,28.722954214828427,0.005362751857810465
2023-01-15,0.01072550371562093,62.067317805663706,28.719996840943995,0.005362751857810465
2023-01-16,0.007661074082586379,62.646558245989816,28.988362411643426,0.0038305370412931895
2023-01-17,0.00689496667432774,63.32613401984327,29.302882186933232,0.00344748333716387
2023-01-18,0.005362751857810465,66.43791337942123,30.74287733509649,0.0026813759289052324
2023-01-19,0.005362751857810465,67.69930587577583,31.32651174724187,0.0026813759289052324
2023-01-20,0.015322148165172758,70.75468505054324,32.738139835454696,0.007661074082586379
2023-01-21,0.011491611123879567,68.75872963655215,31.815547434018804,0.005745805561939783
2023-01-22,0.01072550371562093,67.05412369112528,31.027077464641646,0.005362751857810465
2023-01-23,0.01072550371562093,67.0600674786017,31.029827280301838,0.005362751857810465
2023-01-24,0.008427181490845016,66.72186317066941,30.873745795908192,0.004213590745422508
2023-01-25,0.011491611123879567,67.78847136643378,31.366677548493353,0.005745805561939783
2023-01-26,0.016088255573431395,64.050184609974,29.636590798550838,0.008044127786715698
2023-01-27,0.014556040756914121,63.86501917925149,29.551148801813703,0.0072780203784570605
2023-01-28,0.015322148165172758,64.3125380095716,29.758060753037253,0.007661074082586379
2023-01-29,0.012257718532138206,59.45327750515791,27.510500386320892,0.006128859266069103
2023-01-30,0.012257718532138206,59.38725950432408,27.479959031855618,0.006128859266069103
2023-01-31,0.016088255573431395,59.609121742200045,27.58222921869134,0.008044127786715698
2023-02-01,0.016088255573431395,58.99274098931131,27.2971017672229,0.008044127786715698
2023-02-02,0.015322148165172758,58.586088349386245,27.109056819984982,0.007661074082586379
2023-02-03,0.009959396307362292,58.31226737683105,26.98283547551866,0.004979698153681146
2023-02-04,0.012257718532138206,58.537108389370154,27.086660746192493,0.006128859266069103
2023-02-05,0.015322148165172758,58.71450658689768,27.168461937715886,0.007661074082586379
2023-02-06,0.016088255573431395,59.02950994788145,27.31411047393725,0.008044127786715698
2023-02-07,0.014556040756914121,58.4322144976931,27.037940764684006,0.0072780203784570605
2023-02-08,0.013023825940396843,57.30729995247871,26.517668793613936,0.0065119129701984215
2023-02-09,0.011491611123879567,56.284225202592516,26.044476421580896,0.005745805561939783
2023-02-10,0.014556040756914121,57.26473214971327,26.497865022570572,0.0072780203784570605
2023-02-11,0.015322148165172758,57.53027850700458,26.62064871531411,0.007661074082586379
2023-02-12,0.013023825940396843,56.43552043340274,26.114371419375043,0.0065119129701984215
2023-02-13,0.016854362981690033,56.04828543325397,25.934999421281507,0.008427181490845016
2023-02-14,0.015322148165172758,50.50350973578578,23.370128896546515,0.007661074082586379
2023-02-15,0.016088255573431395,50.27077538895546,23.26246601364069,0.008044127786715698
2023-02-16,0.013023825940396843,52.74119136833423,24.405323226667143,0.0065119129701984215
2023-02-17,0.015322148165172758,51.719273012702025,23.93253001649409,0.007661074082586379
2023-02-18,0.015322148165172758,51.52047223011924,23.84056656859772,0.007661074082586379
2023-02-19,0.030644296330345516,44.175221560321845,20.443612378948494,0.015322148165172758
2023-02-20,0.030644296330345516,43.879682397886796,20.306943912520055,0.015322148165172758
2023-02-21,0.029112081513828242,45.89011904218421,21.236582746207063,0.014556040756914121
2023-02-22,0.026813759289052323,45.79132968330713,21.190800574520814,0.013406879644526162
2023-02-23,0.030644296330345516,44.46534629364963,20.577777008942615,0.015322148165172758
2023-02-24,0.02451543706427641,42.96174675862979,19.88202445275784,0.012257718532138206
2023-02-25,0.03141040373860415,38.4796456940192,17.80985132717914,0.015705201869302077
2023-02-26,0.019152685206465948,43.87930964741319,20.306068172694903,0.009576342603232974
2023-02-27,0.019152685206465948,43.00155748651,19.900061567172408,0.009576342603232974
2023-02-28,0.022217114839500497,40.485363073663905,18.736480692915887,0.011108557419750248
2023-03-01,0.022217114839500497,39.63042997664701,18.34105530514142,0.011108557419750248
2023-03-02,0.022217114839500497,39.09177091996096,18.09191362714168,0.011108557419750248
2023-03-03,0.028345974105569598,39.5113341095495,18.286613679023638,0.014172987052784799
2023-03-04,0.02757986669731096,41.43926389180928,19.178139922569212,0.01378993334865548
2023-03-05,0.017620470389948673,40.89064287929472,18.923512804787677,0.008810235194974337
2023-03-06,0.02451543706427641,40.2279267691518,18.61763532562395,0.012257718532138206
2023-03-07,0.020684900022983222,39.989891462960394,18.507160783545803,0.010342450011491611
2023-03-08,0.019918792614724585,38.201366629356386,17.67981086044604,0.009959396307362292
2023-03-09,0.02757986669731096,38.20084680188474,17.68047435871121,0.01378993334865548
2023-03-10,0.029112081513828242,39.84523494271808,18.44110750082153,0.014556040756914121
2023-03-11,0.0344748333716387,39.01802882260203,18.05915242201632,0.01723741668581935
2023-03-12,0.02451543706427641,37.848173871499206,17.51700188939253,0.012257718532138206
2023-03-13,0.02451543706427641,37.51663046890402,17.363663383189575,0.012257718532138206
2023-03-14,0.020684900022983222,39.503952684231145,18.28239594967023,0.010342450011491611
2023-03-15,0.022217114839500497,47.62533872016405,22.038876691584036,0.011108557419750248
2023-03-16,0.01838657779820731,45.89603561086808,21.238878710740774,0.009193288899103655
2023-03-17,0.01838657779820731,43.65413629841676,20.201865022797875,0.009193288899103655
2023-03-18,0.02987818892208688,36.67636801385219,16.975757315714088,0.01493909446104344
2023-03-19,0.02987818892208688,36.06372474367347,16.692443244482966,0.01493909446104344
2023-03-20,0.05515973339462192,35.99039731476288,16.66207515513403,0.02757986669731096
2023-03-21,0.05745805561939783,32.70106398403706,15.142167217995894,0.028729027809698916
2023-03-22,0.04979698153681146,33.3924173417391,15.460417414759151,0.02489849076840573
2023-03-23,0.05286141116984601,32.08189287906973,14.855181514386837,0.026430705584923005
2023-03-24,0.06435302229372558,31.51162958135166,14.59372154361426,0.03217651114686279
2023-03-25,0.04979698153681146,34.705983171088825,16.067608263188436,0.02489849076840573
2023-03-26,0.048264766720294186,36.668547087140105,16.97459176197768,0.024132383360147093
2023-03-27,0.038305370412931895,40.75462892801012,18.86250950021655,0.019152685206465948
2023-03-28,0.03677315559641462,37.00674806578222,17.129435936276874,0.01838657779820731
2023-03-29,0.017620470389948673,37.898248029170176,17.539326727597228,0.008810235194974337
2023-03-30,0.05592584080288056,35.23944133477966,16.31510194044222,0.02796292040144028
2023-03-31,0.056691948211139195,35.37860741917813,16.37953442414907,0.028345974105569598
2023-04-01,0.056691948211139195,37.29262837283315,17.26415141711697,0.028345974105569598
2023-04-02,0.054393625986363284,36.05380694623202,16.691275774711745,0.027196812993181642
2023-04-03,0.06128859266069103,30.628974914369643,14.185252622267722,0.030644296330345516
2023-04-04,0.053627518578104647,31.14367388901465,14.421666536980249,0.026813759289052323
2023-04-05,0.060522485252432395,32.983577469228834,15.273257823307219,0.030261242626216198
2023-04-06,0.053627518578104647,33.370254297356375,15.450809639685167,0.026813759289052323
2023-04-07,0.051329196353328735,33.411238318671984,15.469371515797704,0.025664598176664367
2023-04-08,0.015322148165172758,33.78683983881409,15.637148265894984,0.007661074082586379
2023-04-09,0.05286141116984601,31.891618092400815,14.767233543007876,0.026430705584923005
2023-04-10,0.06205470006894967,30.510304970773312,14.130560837677292,0.031027350034474835
2023-04-11,0.06205470006894967,30.41486559068747,14.08645604302351,0.031027350034474835
2023-04-12,0.06205470006894967,30.372949702845887,14.067085719952244,0.031027350034474835
2023-04-13,0.06205470006894967,30.509350871553636,14.130119925863685,0.031027350034474835
2023-04-14,0.05515973339462192,38.04475641235804,17.611584726557577,0.02757986669731096
2023-04-15,0.03983758522944917,42.03153394342546,19.453022856705175,0.019918792614724585
2023-04-16,0.0344748333716387,45.937322686677525,21.258630088100787,0.01723741668581935
2023-04-17,0.058224163027656484,45.60079533112877,21.104064806141686,0.029112081513828242
2023-04-18,0.05286141116984601,43.84567669384577,20.292585704204374,0.026430705584923005
2023-04-19,0.05286141116984601,43.824674831158546,20.282878316006197,0.026430705584923005
2023-04-20,0.05286141116984601,45.97783410631087,21.27810208485447,0.026430705584923005
2023-04-21,0.058224163027656484,44.98763423512632,20.820685075218194,0.029112081513828242
2023-04-22,0.053627518578104647,43.68543722789325,20.21856890242286,0.026813759289052323
2023-04-23,0.053627518578104647,42.4281865503404,19.63745767988307,0.026813759289052323
2023-04-24,0.04903087412855282,42.625494704680484,19.728316092017245,0.02451543706427641
2023-04-25,0.0505630889450701,42.10951613743811,19.48992389235016,0.02528154447253505
2023-04-26,0.060522485252432395,35.99860283828022,16.666618547564376,0.030261242626216198
2023-04-27,0.05975637784417376,35.24169012939271,16.31670662196802,0.02987818892208688
2023-04-28,0.05975637784417376,35.24169012939271,16.31670662196802,0.02987818892208688
2023-04-29,0.05745805561939783,34.34678285021434,15.90276847471754,0.028729027809698916
2023-04-30,0.058224163027656484,33.937204508937775,15.713596868200261,0.029112081513828242
2023-05-01,0.05745805561939783,34.47312209689704,15.961158635865377,0.028729027809698916
2023-05-02,0.05209530376158737,34.72398742275644,16.076281752582446,0.026047651880793686
2023-05-03,0.06511912970198422,32.41357774154658,15.010647120484682,0.03255956485099211
2023-05-04,0.0505630889450701,30.119194018288493,13.947534591951694,0.02528154447253505
2023-05-05,0.05515973339462192,28.547241743438427,13.221903733866853,0.02757986669731096
2023-05-06,0.0505630889450701,28.990340325940085,13.42573488014955,0.02528154447253505
2023-05-07,0.058224163027656484,28.452151279589362,13.178613943863537,0.029112081513828242
2023-05-08,0.058224163027656484,28.497480531460923,13.199563399531996,0.029112081513828242
2023-05-09,0.043668122270742356,27.12017074758713,12.559692819759025,0.021834061135371178
2023-05-10,0.043668122270742356,27.12017074758713,12.559692819759025,0.021834061135371178
2023-05-11,0.043668122270742356,27.159091809639076,12.577686319257412,0.021834061135371178
2023-05-12,0.04290201486248372,27.525504509893082,12.74690948558958,0.02145100743124186
2023-05-13,0.03294261855512143,29.534443606371006,13.673634272864074,0.016471309277560714
2023-05-14,0.026813759289052323,29.555119255487618,13.681941960438374,0.013406879644526162
2023-05-15,0.029112081513828242,28.474601471942872,13.182723077088482,0.014556040756914121
2023-05-16,0.029112081513828235,28.79357079088854,13.33023141975941,0.014556040756914117
2023-05-17,0.029112081513828242,28.875315460376694,13.368034493604371,0.014556040756914121
2023-05-18,0.038305370412931895,28.24966125627384,13.080698353931197,0.019152685206465948
2023-05-19,0.038305370412931895,29.207480178846513,13.523556605789814,0.019152685206465948
2023-05-20,0.038305370412931895,29.463064541960048,13.64172888406016,0.019152685206465948
2023-05-21,0.038305370412931895,28.862543693853844,13.364071378315076,0.019152685206465948
2023-05-22,0.04290201486248372,25.942099595110733,12.014877362802059,0.02145100743124186
2023-05-23,0.035240940779897346,25.214157909643504,11.676440012215147,0.017620470389948673
2023-05-24,0.035240940779897346,25.600381251472243,11.855026513551357,0.017620470389948673
2023-05-25,0.029112081513828242,23.38377200662189,10.828453331860292,0.014556040756914121
2023-05-26,0.046732551903776905,18.75846906898813,8.69497266599106,0.023366275951888452
2023-05-27,0.04903087412855282,18.039528018352303,8.363357401144114,0.02451543706427641
2023-05-28,0.051329196353328735,18.34002735471562,8.502992035905669,0.025664598176664367
2023-05-29,0.05286141116984601,18.754202979353938,8.694915562348587,0.026430705584923005
2023-05-30,0.053627518578104647,17.695719388675613,8.205915438271488,0.026813759289052323
2023-05-31,0.054393625986363284,16.82851409497941,7.805340411125433,0.027196812993181642
2023-06-01,0.053627518578104647,16.655165558832106,7.724963215318001,0.026813759289052323
2023-06-02,0.05899027043591512,13.698867720192457,6.360485675481575,0.02949513521795756
2023-06-03,0.05286141116984601,15.429752935125668,7.158302948248959,0.026430705584923005
2023-06-04,0.05209530376158737,27.14476534789036,12.572989140424554,0.026047651880793686
2023-06-05,0.05209530376158737,27.753105698118564,12.854178190379878,0.026047651880793686
2023-06-06,0.05286141116984601,25.186008371711527,11.667796239105735,0.026430705584923005
2023-06-07,0.0505630889450701,19.47173207437194,9.025867053085921,0.02528154447253505
2023-06-08,0.05209530376158737,19.330394521309398,8.961005309497288,0.026047651880793686
2023-06-09,0.058224163027656484,15.26835397618019,7.08556440639735,0.029112081513828242
2023-06-10,0.05592584080288056,13.542589211671032,6.287143680003846,0.027962920401440633
2023-06-11,0.05209530376158737,11.807482480205895,5.48374050379792,0.026047651880793686
2023-06-12,0.05975637784417376,9.61611380632442,4.473932806655285,0.02987818892208688
2023-06-13,0.0628208074772083,8.266380749481513,3.851437116438557,0.03141040373860415
2023-06-14,0.05899027043591512,7.736025570264396,3.6047325712571796,0.02949513521795756
2023-06-15,0.05975637784417376,7.551617536168248,3.519832806648383,0.02987818892208688
2023-06-16,0.054393625986363284,7.398481589149089,3.4467769306286193,0.027196812993181642
2023-06-17,0.06971577415153604,6.296053720731469,2.9439308660923587,0.03485788707576802
2023-06-18,0.054393625986363284,5.88910157641371,2.749141095584276,0.027196812993181642
2023-06-19,0.051329196353328735,5.8962976286375355,2.7511155858717973,0.025664598176664367
2023-06-20,0.0505630889450701,5.683312836929061,2.652327919474081,0.02528154447253505
2023-06-21,0.051329196353328735,5.316258577126406,2.4830036102882227,0.025664598176664367
2023-06-22,0.05515973339462192,5.1640142260018465,2.414349025164264,0.02757986669731096
2023-06-23,0.05515973339462192,4.585746538195545,2.1470779793866335,0.02757986669731096
2023-06-24,0.06358691488546694,3.6641895068988157,1.725045942439513,0.03179345744273347
2023-06-25,0.06358691488546694,3.1716172345783953,1.4974241934615358,0.03179345744273347
2023-06-26,0.06205470006894967,2.8963054220723223,1.3694785824318132,0.031027350034474835
2023-06-27,0.06205470006894967,2.8963054220723223,1.3694785824318132,0.031027350034474835
2023-06-28,0.06128859266069103,2.846586388390998,1.3461409953307422,0.030644296330345516
2023-06-29,0.07507852600934652,2.368060954898386,1.1315678221419772,0.03753926300467326
2023-06-30,0.07507852600934652,2.3824281403202483,1.1382053671483359,0.03753926300467326
2023-07-01,0.07354631119282924,2.1184457386413915,1.0155135885582451,0.03677315559641462
2023-07-02,0.06741745192676013,1.9660410685061205,0.9421573661677636,0.033708725963380065
2023-07-03,0.06741745192676013,2.2779094922302194,1.0862624156467744,0.033708725963380065
2023-07-04,0.06511912970198422,2.3268100788241917,1.107762227261463,0.03255956485099211
2023-07-05,0.05975637784417376,1.9078290794246107,0.9115749742374182,0.02987818892208688
2023-07-06,0.06971577415153604,2.37771510816675,1.133474112377575,0.03485788707576802
2023-07-07,0.06665134451850149,1.728392021849257,0.831977053534344,0.033325672259250746
2023-07-08,0.06818355933501877,1.7110128637184217,0.8246864234233446,0.034091779667509384
2023-07-09,0.06665134451850149,1.4378624162921652,0.6977298064710177,0.033325672259250746
2023-07-10,0.06511912970198422,1.5563363875773122,0.751731723661233,0.03255956485099211
2023-07-11,0.060522485252432395,1.5801538177681769,0.7605119033879546,0.030261242626216153
2023-07-12,0.06358691488546694,1.4099505732523119,0.6833433588294353,0.03179345744273347
2023-07-13,0.06358691488546694,1.5778632643081907,0.7609372116739889,0.03179345744273347
2023-07-14,0.0628208074772083,1.2197386617689354,0.5950711413307453,0.03141040373860415
2023-07-15,0.07354631119282924,0.827889689093712,0.4192654224353436,0.03677315559641462
2023-07-16,0.07354631119282924,0.7860763318836502,0.399947286222136,0.03677315559641464
2023-07-17,0.07354631119282924,1.438008464337979,0.7011456251464502,0.03677315559641462
2023-07-18,0.0689496667432774,1.1151926712192581,0.5497548485909438,0.0344748333716387
2023-07-19,0.0689496667432774,1.0278400355954014,0.5093931527375305,0.0344748333716387
2023-07-20,0.07048188155979469,0.9164876911639976,0.4586943434773669,0.035240940779897346
2023-07-21,0.06971577415153604,0.9377654058616319,0.46814961612595485,0.03485788707576802
2023-07-22,0.07201409637631197,2.2785102181056716,1.088733580276694,0.036007048188155984
2023-07-23,0.0727802037845706,2.231383219535974,1.0673257321731096,0.0363901018922853
2023-07-24,0.0727802037845706,2.223881722165854,1.063859917403326,0.0363901018922853
2023-07-25,0.06665134451850149,2.509604259388136,1.1929577944150418,0.033325672259250746
2023-07-26,0.06665134451850149,2.509604259388136,1.1929577944150418,0.033325672259250746
2023-07-27,0.06665134451850149,2.509604259388136,1.1929577944150418,0.033325672259250746
2023-07-28,0.07584463341760515,1.2966678414556165,0.6369643824660848,0.03792231670880258
2023-07-29,0.0689496667432774,1.2459522252775774,0.6101729151225102,0.0344748333716387
2023-07-30,0.06588523711024286,1.194250125411684,0.5847880990142582,0.03294261855512143
2023-07-31,0.07048188155979469,0.9625032910656695,0.47995536263058697,0.035240940779897346
2023-08-01,0.07048188155979469,1.1805521086996116,0.5807025026865362,0.035240940779897346
2023-08-02,0.06665134451850149,1.0518724182253567,0.5193724423907331,0.033325672259250746
2023-08-03,0.060522485252432395,1.6229008812953774,0.7802669873774691,0.030261242626216153
2023-08-04,0.060522485252432395,1.6229008812953774,0.7802669873774691,0.030261242626216153
2023-08-05,0.06205470006894967,1.6479548762328842,0.7925862720389474,0.031027350034474835
2023-08-06,0.06511912970198422,1.6389294280130318,0.7898973899445496,0.03255956485099211
2023-08-07,0.06358691488546694,1.52342721439489,0.7357818596880822,0.03179345744273347
2023-08-08,0.06665134451850149,1.2655071545484329,0.618088286421426,0.033325672259250746
2023-08-09,0.06665134451850149,1.2715117014033692,0.6208628535213683,0.033325672259250746
2023-08-10,0.06971577415153604,1.0928320212511415,0.5397976866136335,0.03485788707576802
2023-08-11,0.07354631119282924,0.6477882992624215,0.33605700739538497,0.03677315559641462
2023-08-12,0.07201409637631197,0.7092400900995133,0.36369303113247103,0.036007048188155984
2023-08-13,0.07507852600934652,0.8642481411629722,0.43681621010259614,0.03753926300467326
2023-08-14,0.07124798896805333,0.7082735493278203,0.3628688384770667,0.035623994484026644
2023-08-15,0.06971577415153604,1.5883453171556392,0.7687481377688943,0.03485788707576806
2023-08-16,0.0628208074772083,0.7210387304314746,0.3646139295152574,0.03141040373860415
2023-08-17,0.06511912970198422,1.0067178819072176,0.4977568565310476,0.03255956485099211
2023-08-18,0.05745805561939783,0.7100884938436031,0.35691035446336505,0.028729027809698916
2023-08-19,0.06435302229372558,0.4879067949164876,0.25763856627421056,0.03217651114686279
2023-08-20,0.07124798896805333,0.490554912895002,0.26227592309648873,0.035623994484026665
2023-08-21,0.0727802037845706,0.442340770352302,0.24075878983862925,0.0363901018922853
2023-08-22,0.06665134451850149,0.48085070138799374,0.25551605036556224,0.033325672259250746
2023-08-23,0.07737684823412243,0.49734598315126194,0.2684475609438769,0.038688424117061214
2023-08-24,0.05975637784417376,0.5830011353243422,0.2993102006228884,0.02987818892208688
2023-08-25,0.048264766720294186,1.3575826529516462,0.6516906435030213,0.024132383360147093
2023-08-26,0.06128859266069103,1.2412542840289666,0.6042667656569013,0.030644296330345516
2023-08-27,0.06128859266069103,1.3861950979913469,0.6712484540031718,0.030644296330345516
2023-08-28,0.06128859266069103,1.4771242633176733,0.7132696683662659,0.030644296330345516
2023-08-29,0.05975637784417376,3.1861726118325757,1.5023571335033195,0.02987818892208688
2023-08-30,0.04979698153681146,2.685015779681187,1.2660369041494197,0.02489849076840573
2023-08-31,0.05209530376158737,2.646780554588537,1.2494511451815278,0.026047651880793686
2023-09-01,0.06665134451850149,1.2778897009798984,0.6238099847897232,0.033325672259250746
2023-09-02,0.0689496667432774,0.8436562646930844,0.4242901757156923,0.0344748333716387
2023-09-03,0.0689496667432774,0.8436562646930844,0.4242901757156923,0.0344748333716387
2023-09-04,0.07507852600934652,0.729426419739997,0.37452946308129,0.03753926300467326
2023-09-05,0.07201409637631197,0.6666213818288517,0.3440021626854699,0.036007048188155984
2023-09-06,0.0628208074772083,0.6694391864976876,0.3407689552558073,0.03141040373860415
2023-09-07,0.07201409637631197,0.6624802558073462,0.3420888628455484,0.036007048188155984
2023-09-08,0.07201409637631197,0.6756881462368202,0.34819122594997437,0.036007048188155984
2023-09-09,0.06971577415153604,0.6783904189381247,0.3483061714286159,0.03485788707576802
2023-09-10,0.06741745192676013,0.6520214064839192,0.33498827174343904,0.033708725963380065
2023-09-11,0.06741745192676013,0.6104700606101665,0.31578864043240307,0.033708725963380065
2023-09-12,0.06818355933501877,0.6289487129768037,0.3247053070234426,0.034091779667509384
2023-09-13,0.06818355933501877,0.7667981885679426,0.388400361197413,0.034091779667509384
2023-09-14,0.06511912970198422,3.0839781769629315,1.4576443093531994,0.03255956485099211
2023-09-15,0.06818355933501877,3.0404036318336187,1.4389478606204018,0.034091779667509384
2023-09-16,0.06818355933501877,2.9848067174137514,1.4132586190712908,0.034091779667509384
2023-09-17,0.06971577415153604,2.8922572556184236,1.3712167880456811,0.03485788707576802
2023-09-18,0.06971577415153604,2.9216171087254694,1.3847824212391158,0.03485788707576802
2023-09-19,0.06741745192676013,1.401895547157253,0.6814826325844062,0.033708725963380065
2023-09-20,0.06665134451850149,1.5740084696823715,0.7606398594108038,0.033325672259250705
2023-09-21,0.06588523711024286,1.5801396399931888,0.7631019882466039,0.03294261855512143
2023-09-22,0.06588523711024286,1.5801396399931888,0.7631019882466039,0.03294261855512143
2023-09-23,0.06435302229372558,2.038810397164155,0.9743121545709608,0.03217651114686279
2023-09-24,0.06358691488546694,2.6415966978818144,1.2524972896616346,0.03179345744273347
2023-09-25,0.0727802037845706,1.9752187074352878,0.9489735278426406,0.0363901018922853
2023-09-26,0.06665134451850149,1.3062380155819882,0.6369091083262669,0.033325672259250746
2023-09-27,0.06818355933501877,1.1137339150826657,0.5487063021556793,0.034091779667509384
2023-09-28,0.06741745192676013,1.0723557384784108,0.52921216586675,0.033708725963380065
2023-09-29,0.07201409637631197,1.0349246135223003,0.5141671155466397,0.036007048188155984
2023-09-30,0.06665134451850149,1.983634998112861,0.9499191366825801,0.033325672259250746
2023-10-01,1.1606527235118365,1.4903969175257143,1.2527005537603366,0.5803263617559182
2023-10-02,0.5738144487857197,0.9201025060181958,0.7073996383322105,0.2869072243928599
2023-10-03,0.4566000153221481,0.8631752401781388,0.6237880825411307,0.2283000076610741
2023-10-04,0.33708725963380065,0.9920126635203754,0.6242477846472745,0.1685436298169003
2023-10-05,0.28805638550524787,0.9510667721454846,0.5813892137041665,0.14402819275262393
2023-10-06,0.2528154447253505,0.8181490515199532,0.5029330408557926,0.12640772236267522
2023-10-07,0.2321305447023673,0.7363627339553245,0.4551035313566311,0.11606527235118365
2023-10-08,0.22983222247759133,0.8388949359050678,0.5011818236249627,0.11491611123879567
2023-10-09,0.22370336321152223,0.8702983580290415,0.5126303095160168,0.11185168160576112
2023-10-10,0.22217114839500496,0.8399690449272372,0.4979102063025058,0.1110855741975025
2023-10-11,0.2022523557802804,0.7855680743233392,0.4630544154880638,0.1011261778901402
2023-10-12,0.18769631502336626,0.8380613804582178,0.48008318749885087,0.09384815751168313
2023-10-13,0.19459128169769402,0.7817917026817703,0.45754391582703685,0.09729564084884701
2023-10-14,0.1823335631655558,0.9586504459061583,0.5330287706082748,0.0911667815827779
2023-10-15,0.16011644832605532,0.9401735815394363,0.513612720398401,0.08005822416302766
2023-10-16,0.13483490385352026,1.499312246948298,0.7591938970712342,0.06741745192676017
2023-10-17,0.13406879644526162,1.5323734504782955,0.7740768850222653,0.06703439822263081
2023-10-18,0.12181107791312343,1.4574146937305783,0.7335404381706215,0.060905538956561714
2023-10-19,0.11798054087183024,2.2164426792779945,1.0820212866095196,0.05899027043591512
2023-10-20,0.11798054087183024,2.3807310050578527,1.1578509277003408,0.05899027043591512
2023-10-21,0.11798054087183024,2.7173048045176964,1.3132014085848631,0.05899027043591512
2023-10-22,0.10725503715620929,4.7567107541164795,2.249666003712305,0.053627518578104647
2023-10-23,0.10725503715620929,4.755911236635948,2.249296889160772,0.053627518578104647
2023-10-24,0.10725503715620929,4.770123539998205,2.255858306652661,0.053627518578104647
2023-10-25,0.1095533593809852,4.8890130381420285,2.3117830128353676,0.0547766796904926
2023-10-26,0.10878725197272657,4.971742775058189,2.3496301204704397,0.054393625986363284
2023-10-27,0.09576342603232972,9.162230981777435,4.278876862702814,0.04788171301616486
2023-10-28,0.09499731862407108,9.45520528014684,4.413857840164646,0.04749865931203554
2023-10-29,0.09499731862407108,9.521885293335043,4.444650285081204,0.04749865931203554
2023-10-30,0.09499731862407108,9.891893100475142,4.615517753086958,0.04749865931203554
2023-10-31,0.09499731862407108,12.938130015471843,6.02225236399764,0.04749865931203554
2023-11-01,0.09499731862407108,13.40144233757791,6.236207318045821,0.047498659312035195
2023-11-02,0.09499731862407108,13.40144233757791,6.236207318045821,0.047498659312035195
2023-11-03,0.09499731862407108,13.70225328715739,6.3751200769422605,0.04749865931203554
2023-11-04,0.05899027043591512,24.661427857446995,11.426879916498045,0.02949513521795756
2023-11-05,0.03294261855512143,47.20054182970214,21.842699029334188,0.016471309277560714
2023-11-06,0.046732551903776905,61.94913961717358,28.661020712785344,0.023366275951888452
2023-11-07,0.02374932965601777,62.154528384220654,28.758760691670766,0.011874664828008885
2023-11-08,0.06511912970198422,55.64350788614754,25.74503535714978,0.03255956485099211
2023-11-09,0.05975637784417376,55.79510014727731,25.815395857537393,0.02987818892208688
2023-11-10,0.056691948211139195,55.506983669723034,25.68241255517545,0.028345974105569598
2023-11-11,0.06665134451850149,54.67332069182756,25.29664703537562,0.033325672259250746
2023-11-12,0.04749865931203554,54.489946436731515,25.212773829712553,0.02374932965601777
2023-11-13,0.046732551903776905,53.66513719685829,24.831517992765082,0.023366275951888452
2023-11-14,0.051329196353328735,51.69362148430948,23.92005402785423,0.025664598176664367
2023-11-15,0.05745805561939783,48.275760179048504,22.340318580567374,0.028729027809698916
2023-11-16,0.05745805561939783,48.2671716790992,22.33634923684224,0.028729027809698916
2023-11-17,0.05745805561939783,46.48502267918495,21.512694117575965,0.028729027809698916
2023-11-18,0.05745805561939783,46.03602368076058,21.305180422808885,0.028729027809698916
2023-11-19,0.03141040373860415,45.24770978220988,20.939607830873904,0.015705201869302077
2023-11-20,0.06511912970198422,42.679822864141066,19.75460718376156,0.03255956485099211
2023-11-21,0.06818355933501877,42.86996999021787,19.842691335478513,0.034091779667509384
2023-11-22,0.06971577415153604,42.96343787903988,19.885987144126055,0.03485788707576802
2023-11-23,0.058224163027656484,42.264412043908656,19.562115383136703,0.029112081513828242
2023-11-24,0.06511912970198422,39.44885665141165,18.261600296048393,0.03255956485099211
2023-11-25,0.05899027043591512,45.078654526721564,20.862788893928432,0.02949513521795756
2023-11-26,0.03217651114686279,48.23056622312258,22.31898396711621,0.016088255573431395
2023-11-27,0.019918792614724585,50.51246657334377,23.37424869250137,0.009959396307362292
2023-11-28,0.016854362981690033,49.79879369370198,23.044136698274155,0.008427181490845016
2023-11-29,0.015322148165172758,47.04598624246116,21.77070973180334,0.007661074082586379
2023-11-30,0.015322148165172758,47.04598624246116,21.77070973180334,0.007661074082586379
2023-12-01,0.009193288899103655,66.35335298742024,30.7031256179446,0.004596644449551828
2023-12-02,0.009193288899103655,67.04202555214961,31.021741539066227,0.004596644449551828
2023-12-03,0.020684900022983222,68.05530773948225,31.488463991199268,0.010342450011491611
2023-12-04,0.020684900022983222,67.69800204038036,31.323196760805672,0.010342450011491611
2023-12-05,0.020684900022983222,64.61154986678625,29.895597358516966,0.010342450011491611
2023-12-06,0.014556040756914121,65.22735605786939,30.1813639840828,0.0072780203784570605
2023-12-07,0.02987818892208688,59.40823365221646,27.488004351097384,0.01493909446104344
2023-12-08,0.02987818892208688,59.117251576384255,27.35344102432608,0.01493909446104344
2023-12-09,0.02374932965601777,60.21027112387585,27.85952867554975,0.011874664828008885
2023-12-10,0.02145100743124186,60.996405253273466,28.22337371302484,0.01072550371562093
2023-12-11,0.02145100743124186,60.996405253273466,28.22337371302484,0.01072550371562093
2023-12-12,0.02145100743124186,57.85438416175764,26.77009568208041,0.01072550371562093
2023-12-13,0.02145100743124186,57.85438416175764,26.77009568208041,0.01072550371562093
2023-12-14,0.013023825940396843,64.26828882338725,29.737919410099128,0.0065119129701984215
2023-12-15,0.016854362981690033,62.615526657816126,28.9728453198417,0.008427181490845016
2023-12-16,0.02451543706427641,60.336890764568,27.91801191647108,0.012257718532138206
2023-12-17,0.02528154447253505,59.68213009909805,27.61511156019651,0.012640772236267524
2023-12-18,0.020684900022983222,58.149639921624605,26.906722671172034,0.010342450011491611
2023-12-19,0.019152685206465948,57.545313159877075,26.62731458403354,0.009576342603232974
2023-12-20,0.019152685206465948,54.44139669360409,25.19158973546108,0.009576342603232974
2023-12-21,0.019152685206465948,54.44139669360409,25.19158973546108,0.009576342603232974
2023-12-22,0.019152685206465948,54.43370541917283,25.188032115938082,0.009576342603232974
2023-12-23,0.013023825940396843,56.62063810284701,26.20000943722069,0.0065119129701984215
2023-12-24,0.013023825940396843,56.31634252065327,26.05923805339499,0.0065119129701984215
2023-12-25,0.020684900022983222,57.695839421413964,26.696822991403263,0.010342450011491611
2023-12-26,0.020684900022983222,57.64175436736338,26.67180663395054,0.010342450011491611
2023-12-27,0.020684900022983222,57.600820076102885,26.652872995439452,0.010342450011491611
2023-12-28,0.020684900022983222,57.43733174555705,26.57725353664297,0.010342450011491611
2023-12-29,0.020684900022983222,57.31474919809551,26.52055453026137,0.010342450011491611
2023-12-30,0.02528154447253505,52.770612017946696,24.418594016022553,0.012640772236267524
2023-12-31,0.02528154447253505,52.747589884935934,24.407946477926128,0.012640772236267524
2024-01-01,0.01838657779820731,62.02537130036836,28.69966956541516,0.009193288899103655
2024-01-02,0.01838657779820731,62.632039828876785,28.980290360744064,0.009193288899103655
2024-01-03,0.015322148165172758,62.83147652152675,29.072935074870365,0.007661074082586379
2024-01-04,0.016088255573431395,62.00327434183301,28.689724262883775,0.008044127786715698
2024-01-05,0.013023825940396843,61.425305297850294,28.422715547465643,0.0065119129701984215
2024-01-06,0.013023825940396843,61.521734504697235,28.467325044557896,0.0065119129701984215
2024-01-07,0.007661074082586379,66.46740555427542,30.75614461222555,0.0038305370412931895
2024-01-08,0.00689496667432774,70.23763372860239,32.50066202230509,0.00344748333716387
2024-01-09,0.006128859266069103,70.20522506857314,32.485822131244966,0.0030644296330345515
2024-01-10,0.006128859266069103,72.28061327860846,33.44606878379131,0.0030644296330345515
2024-01-11,0.015322148165172758,71.48627794175334,33.07656810448901,0.007661074082586379
2024-01-12,0.016854362981690033,69.15175544023731,31.996345617724113,0.008427181490845016
2024-01-13,0.016088255573431395,67.05514116572171,31.02663356107747,0.008044127786715698
2024-01-14,0.014556040756914121,66.94304850975729,30.975040972685775,0.0072780203784570605
2024-01-15,0.014556040756914121,65.51670584155505,30.315216799437817,0.0072780203784570605
2024-01-16,0.01378993334865548,62.2342406379904,28.796846599895904,0.00689496667432774
2024-01-17,0.01072550371562093,61.52407364749137,28.468672025011177,0.005362751857810465
2024-01-18,0.01072550371562093,59.754897891433636,27.65018596390021,0.005362751857810465
2024-01-19,0.013023825940396843,63.11927308839945,29.20636869258409,0.0065119129701984215
2024-01-20,0.01838657779820731,67.59957898447966,31.278076916608544,0.009193288899103655
2024-01-21,0.01838657779820731,67.59957898447966,31.278076916608544,0.009193288899103655
2024-01-22,0.01838657779820731,67.17330330987026,31.080898699481708,0.009193288899103655
2024-01-23,0.013023825940396843,63.714443835317404,29.481702987785503,0.0065119129701984215
2024-01-24,0.01838657779820731,65.72678130310082,30.411795001291818,0.009193288899103655
2024-01-25,0.01378993334865548,61.56038163289582,28.485115180577502,0.00689496667432774
2024-01-26,0.014556040756914121,59.61460604706759,27.584913483031347,0.0072780203784570605
2024-01-27,0.016854362981690033,54.87999412607434,25.394576306844165,0.008427181490845016
2024-01-28,0.017620470389948673,55.74368182411765,25.794053205074697,0.008810235194974337
2024-01-29,0.020684900022983222,55.85672826529316,25.846165395059174,0.010342450011491611
2024-01-30,0.015322148165172758,57.30606476999951,26.516929464047422,0.007661074082586379
2024-01-31,0.015322148165172758,57.30606476999951,26.516929464047422,0.007661074082586379
2024-02-01,0.016854362981690033,56.380279986153134,26.088572018416656,0.008427181490845016
2024-02-02,0.009193288899103655,51.753072806062626,23.948272939233295,0.004596644449551828
2024-02-03,0.022217114839500497,52.342294512219745,24.220572639134627,0.011108557419750248
2024-02-04,0.02145100743124186,53.361349336671616,24.6919336922716,0.01072550371562093
2024-02-05,0.017620470389948673,54.26839651557873,25.111633442228822,0.008810235194974337
2024-02-06,0.017620470389948673,52.66809700565529,24.37138611127297,0.008810235194974337
2024-02-07,0.017620470389948673,53.43317562728295,24.72528699302626,0.008810235194974337
2024-02-08,0.016088255573431395,52.27267391334488,24.1885108677061,0.008044127786715698
2024-02-09,0.016088255573431395,51.88454140792892,24.008967247009544,0.008044127786715698
2024-02-10,0.016088255573431395,51.88454140792892,24.008967247009544,0.008044127786715698
2024-02-11,0.01378993334865548,54.73442505065309,25.327384679833266,0.00689496667432774
2024-02-12,0.020684900022983222,56.65225283859726,26.214125221254193,0.010342450011491611
2024-02-13,0.02145100743124186,56.289742644327376,26.04640253128493,0.01072550371562093
2024-02-14,0.016088255573431395,55.553473762748375,25.70615413520654,0.008044127786715698
2024-02-15,0.017620470389948673,54.48826795583241,25.21333893285226,0.008810235194974337
2024-02-16,0.015322148165172758,53.153909212951724,24.596179775503337,0.007661074082586379
2024-02-17,0.02451543706427641,50.74055815284568,23.47971727332639,0.012257718532138206
2024-02-18,0.02451543706427641,47.44160675083091,21.95395540908344,0.012257718532138206
2024-02-19,0.03217651114686279,46.34384051964917,21.44651967950681,0.016088255573431395
2024-02-20,0.02145100743124186,46.63308641148961,21.579912349707143,0.01072550371562093
2024-02-21,0.019918792614724585,46.35495650131975,21.451213159608372,0.009959396307362292
2024-02-22,0.019918792614724585,46.2149728507971,21.38646442074409,0.009959396307362292
2024-02-23,0.019918792614724585,46.389714474310104,21.467290286531426,0.009959396307362292
2024-02-24,0.01838657779820731,51.856904368223496,23.996140135942685,0.009193288899103655
2024-02-25,0.016088255573431395,53.63671463570956,24.81949334573492,0.008044127786715698
2024-02-26,0.016088255573431395,53.329884714116936,24.67755894371481,0.008044127786715698
2024-02-27,0.016088255573431395,55.35471803162899,25.614213050392937,0.008044127786715698
2024-02-28,0.019152685206465948,56.96528112887782,26.359019219476416,0.009576342603232974
2024-02-29,0.016088255573431395,55.493644872800274,25.6784782890106,0.008044127786715698
2024-03-01,0.013023825940396843,58.04033941349049,26.856783080392425,0.0065119129701984215
2024-03-02,0.01072550371562093,57.35531691823424,26.540051161099587,0.005362751857810465
2024-03-03,0.01072550371562093,57.19999264373315,26.46819241377275,0.005362751857810465
2024-03-04,0.013023825940396843,57.23108934856598,26.482412704459946,0.0065119129701984215
2024-03-05,0.015322148165172758,55.2426739735561,25.56242350318903,0.007661074082586379
2024-03-06,0.015322148165172758,56.15405840181461,25.98402171468911,0.007661074082586379
2024-03-07,0.016854362981690033,59.983630402349775,27.755394190560633,0.008427181490845016
2024-03-08,0.017620470389948673,59.772286260445384,27.657556669879966,0.008810235194974337
2024-03-09,0.017620470389948673,59.387830079776464,27.479719546363462,0.008810235194974337
2024-03-10,0.017620470389948673,59.387830079776464,27.479719546363462,0.008810235194974337
2024-03-11,0.01378993334865548,64.93142023501896,30.044578866707916,0.00689496667432774
2024-03-12,0.016854362981690033,62.933933844646006,29.12013273224336,0.008427181490845016
2024-03-13,0.014556040756914121,57.73046841684708,26.713313984635544,0.0072780203784570605
2024-03-14,0.016854362981690033,57.10892016783736,26.425623226338928,0.008427181490845016
2024-03-15,0.016854362981690033,58.134375819877974,26.899974044313428,0.008427181490845016
2024-03-16,0.01838657779820731,56.62578227840245,26.202033880375264,0.009193288899103655
2024-03-17,0.01838657779820731,56.72726703537917,26.24897670314965,0.009193288899103655
2024-03-18,0.01838657779820731,57.82158822863943,26.75516627647891,0.009193288899103655
2024-03-19,0.02528154447253505,52.18144423921569,24.14610899622471,0.012640772236267524
2024-03-20,0.02528154447253505,50.897237583700104,23.552174486251374,0.012640772236267524
2024-03-21,0.01378993334865548,52.17527350462928,24.143505058634297,0.00689496667432774
2024-03-22,0.03217651114686279,51.492789114530936,23.827509009063718,0.016088255573431395
2024-03-23,0.026813759289052323,50.52469677661161,23.379869534311755,0.013406879644526162
2024-03-24,0.019918792614724585,51.119286080143425,23.65493002662023,0.009959396307362292
2024-03-25,0.03753926300467326,45.160921337393304,20.899770822613178,0.01876963150233663
2024-03-26,0.028345974105569598,45.15606068104643,20.897078089415213,0.014172987052784799
2024-03-27,0.028345974105569598,51.31882340632665,23.747113881275634,0.014172987052784799
2024-03-28,0.00689496667432774,56.84553907506405,26.304471319699253,0.00344748333716387
2024-03-29,0.00689496667432774,57.13932733946305,26.440399877516217,0.00344748333716387
2024-03-30,0.00689496667432774,56.1493188109426,25.98234743698197,0.00344748333716387
2024-03-31,0.0030644296330345515,59.116579270048675,27.355574616964677,0.0015322148165172757
2024-04-01,0.0030644296330345515,59.08943396851342,27.34301411805925,0.0015322148165172757
2024-04-02,0.03294261855512143,55.95327353749027,25.890091453684022,0.016471309277560714
2024-04-03,0.03294261855512143,56.17875049299293,25.994355328327284,0.016471309277560714
2024-04-04,0.03294261855512143,56.10716769077849,25.96125438326591,0.016471309277560714
2024-04-05,0.043668122270742356,51.63809713863095,23.894514455149654,0.021834061135371178
2024-04-06,0.04290201486248372,49.43897507607041,22.877839500042484,0.02145100743124186
2024-04-07,0.04060369263770781,48.32935024052895,22.36480470133825,0.020301846318853903
2024-04-08,0.04213590745422508,48.200681241408326,22.30534368248884,0.02106795372711254
2024-04-09,0.03217651114686279,46.06880717715198,21.319338092491332,0.016088255573431395
2024-04-10,0.03217651114686279,46.441850516345,21.491841700502444,0.016088255573431395
2024-04-11,0.04520033708725963,45.21953186533816,20.927236737532375,0.022600168543629815
2024-04-12,0.06128859266069103,41.8444424850233,19.368271352038423,0.030644296330345516
2024-04-13,0.04979698153681146,41.11271419228949,19.02909550463626,0.02489849076840573
2024-04-14,0.04520033708725963,40.5991073067581,18.79125053406653,0.022600168543629815
2024-04-15,0.04443422967900099,40.54470989429234,18.766030597266354,0.022217114839500497
2024-04-16,0.05286141116984601,37.56255314934759,17.38842809438128,0.026430705584923005
2024-04-17,0.05286141116984601,37.78642070660255,17.491903167788642,0.026430705584923005
2024-04-18,0.05286141116984601,37.527289695038746,17.372128776302556,0.026430705584923005
2024-04-19,0.05286141116984601,37.52779067258557,17.37236033593124,0.026430705584923005
2024-04-20,0.05286141116984601,38.10130872044661,17.637449314569107,0.026430705584923005
2024-04-21,0.048264766720294186,38.41941755688309,17.783951857540554,0.024132383360147093
2024-04-22,0.048264766720294186,38.45354307132636,17.79972677070988,0.024132383360147093
2024-04-23,0.05209530376158737,43.55272466793082,20.15712931981106,0.026047651880793686
2024-04-24,0.05209530376158737,43.464239944459734,20.116229623910474,0.026047651880793686
2024-04-25,0.04596644449551827,42.65105919055596,19.7399081718879,0.022983222247759134
2024-04-26,0.038305370412931895,42.503472412016805,19.67110677246639,0.019152685206465948
2024-04-27,0.03983758522944917,42.347832460858484,19.599262154392168,0.019918792614724585
2024-04-28,0.03983758522944917,42.19576186786062,19.52895295124024,0.019918792614724585
2024-04-29,0.0505630889450701,38.07641424289262,17.625668656700903,0.02528154447253505
2024-04-30,0.04979698153681146,37.6781831078925,17.441496469630813,0.02489849076840573
2024-05-01,0.048264766720294186,36.87187587213046,17.06858284109768,0.024132383360147093
2024-05-02,0.048264766720294186,37.01666191444554,17.13551186130184,0.024132383360147093
2024-05-03,0.046732551903776905,39.085883047120554,18.09186599974183,0.023366275951888452
2024-05-04,0.046732551903776905,38.48856971147826,17.815741859804714,0.023366275951888452
2024-05-05,0.051329196353328735,36.32209816050345,16.814860894154414,0.025664598176664367
2024-05-06,0.051329196353328735,36.407707036825265,16.85443196251323,0.025664598176664367
2024-05-07,0.04903087412855282,36.82208677329292,17.04566821211176,0.02451543706427641
2024-05-08,0.046732551903776905,38.454928878190174,17.800190480647153,0.023366275951888452
2024-05-09,0.05209530376158737,32.21222103336321,14.91528494466357,0.026047651880793686
2024-05-10,0.0505630889450701,32.16877964673362,14.89493211342465,0.02528154447253505
2024-05-11,0.04520033708725963,30.916315586783867,14.314971511938241,0.022600168543629815
2024-05-12,0.04520033708725963,30.52633046724516,14.134684435646783,0.022600168543629815
2024-05-13,0.04060369263770781,38.81780749956583,17.967255533527148,0.020301846318853903
2024-05-14,0.04520033708725963,34.49820806539095,15.970852442272937,0.022600168543629815
2024-05-15,0.015322148165172758,38.68742214446047,17.90411341398002,0.007661074082586379
2024-05-16,0.014556040756914121,38.887114113853414,17.996403980209998,0.0072780203784570605
2024-05-17,0.02374932965601777,39.000811366691465,18.050011361514827,0.011874664828008885
2024-05-18,0.02374932965601777,38.38162775659135,17.763634791183456,0.011874664828008885
2024-05-19,0.03983758522944917,33.9462786544244,15.714838863054567,0.019918792614724585
2024-05-20,0.03983758522944917,31.858614399047468,14.749616019171953,0.019918792614724585
2024-05-21,0.03983758522944917,31.976181917787155,14.803972870132956,0.019918792614724585
2024-05-22,0.038305370412931895,32.200102771705495,14.907229008488244,0.019152685206465948
2024-05-23,0.035240940779897346,32.74312668172835,15.157773339480551,0.017620470389948673
2024-05-24,0.038305370412931895,31.433265379853093,14.552673195471492,0.019152685206465948
2024-05-25,0.04520033708725963,31.262049764419565,14.474801723238869,0.022600168543629815
2024-05-26,0.06741745192676013,26.738222139853423,12.388639624171605,0.033708725963380065
2024-05-27,0.06818355933501877,26.61049193916777,12.329798516256995,0.034091779667509384
2024-05-28,0.06971577415153604,25.959396129155422,12.029320002646843,0.03485788707576802
2024-05-29,0.06818355933501877,22.61683687382834,10.484480827175428,0.034091779667509384
2024-05-30,0.06818355933501877,22.61683687382834,10.484480827175428,0.034091779667509384
2024-05-31,0.06818355933501877,22.61683687382834,10.484480827175428,0.034091779667509384
2024-06-01,0.06818355933501877,22.61683687382834,10.484480827175428,0.034091779667509384
2024-06-02,0.06818355933501877,22.61683687382834,10.484480827175428,0.034091779667509384
2024-06-03,0.06818355933501877,22.61683687382834,10.484480827175428,0.034091779667509384
2024-06-04,0.06511912970198422,21.03718315768242,9.753694756162803,0.03255956485099211
2024-06-05,0.06818355933501877,19.68131579197003,9.12808702490683,0.034091779667509384
2024-06-06,0.05592584080288056,18.803972156713343,8.718875631980078,0.02796292040144028
2024-06-07,0.04749865931203554,18.31609159303741,8.490714523281063,0.02374932965601777
2024-06-08,0.04749865931203554,17.90111934296556,8.298885629008979,0.02374932965601777
2024-06-09,0.05209530376158737,17.421734377475342,8.07877822669576,0.026047651880793686
2024-06-10,0.05592584080288056,16.789257844731477,7.787705021947485,0.02796292040144028
2024-06-11,0.058224163027656484,16.62370487753955,7.7119560288244156,0.029112081513828242
2024-06-12,0.06511912970198422,16.021902598581363,7.436168689486189,0.03255956485099211
2024-06-13,0.05899027043591512,15.59279860559633,7.2357739667708465,0.02949513521795756
2024-06-14,0.05899027043591512,15.575015100956573,7.227555243738645,0.02949513521795756
2024-06-15,0.05899027043591512,15.595976068812478,7.237242445040318,0.02949513521795756
2024-06-16,0.06511912970198422,14.109276955549403,6.5523577578171555,0.03255956485099211
2024-06-17,0.06971577415153604,13.685226457655949,6.358076249809913,0.03485788707576802
2024-06-18,0.07124798896805333,13.03417299366709,6.057825320424949,0.035623994484026665
2024-06-19,0.05745805561939783,10.234202568581283,4.758666500841209,0.028729027809698916
2024-06-20,0.05745805561939783,10.217103842653998,4.750763989242226,0.028729027809698916
2024-06-21,0.046732551903776905,10.367897988797177,4.816205719313648,0.023366275951888452
2024-06-22,0.04749865931203554,9.377789488012391,4.358812669169292,0.02374932965601777
2024-06-23,0.04749865931203554,9.41898128196383,4.377854367223608,0.02374932965601777
2024-06-24,0.046732551903776905,9.413773878869549,4.37513621102327,0.023366275951888452
2024-06-25,0.04596644449551827,8.955049072166519,4.162763894221038,0.022983222247759134
2024-06-26,0.03907147782119053,9.263270179635326,4.302440960784276,0.019535738910595266
2024-06-27,0.04596644449551827,8.846506447741259,4.112586317854923,0.022983222247759134
2024-06-28,0.06205470006894967,7.494523772313114,3.4944240287267245,0.031027350034474835
2024-06-29,0.06205470006894967,7.468611645287179,3.482449422013085,0.031027350034474835
2024-06-30,0.06205470006894967,7.401408375302109,3.4513932016134112,0.031027350034474835
2024-07-01,0.06205470006894967,7.401408375302109,3.4513932016134112,0.031027350034474835
2024-07-02,0.04060369263770781,6.49017289095256,3.0209564375706432,0.020301846318853903
2024-07-03,0.04060369263770781,6.475689325507631,3.0142601325753473,0.020301846318853903
2024-07-04,0.06741745192676013,5.217348301692104,2.444488971640677,0.033708725963380065
2024-07-05,0.06665134451850149,4.810688671834908,2.2562375487759323,0.033325672259250746
2024-07-06,0.06588523711024286,4.770882256437436,2.237497388947218,0.03294261855512143
2024-07-07,0.06588523711024286,4.786086889081047,2.244523226858289,0.03294261855512143
2024-07-08,0.06971577415153604,4.4907192539749055,2.1097814213321118,0.03485788707576802
2024-07-09,0.07048188155979469,3.599111138671697,1.6981720123595345,0.035240940779897346
2024-07-16,0.07048188155979469,3.599111138671697,1.6981720123595345,0.035240940779897346
2024-07-17,0.06741745192676013,3.5596314710701784,1.6785077188855186,0.033708725963380065
2024-07-18,0.07124798896805333,2.967945609276612,1.4069089998457305,0.035623994484026665
2024-07-19,0.060522485252432395,4.221851535879862,1.9813433708640231,0.030261242626216198
2024-07-20,0.05745805561939783,3.364723194222024,1.5838018550358695,0.028729027809698916
2024-07-21,0.06205470006894967,2.965106096362915,1.4012730011392585,0.031027350034474835
2024-07-22,0.06741745192676013,2.3473677939362854,1.1183570146592592,0.033708725963380065
2024-07-23,0.07661074082586379,2.2034578339020165,1.0562546104340718,0.038305370412931895
2024-07-24,0.07661074082586379,2.2034578339020165,1.0562546104340718,0.038305370412931895
2024-07-25,0.07661074082586379,2.2034578339020165,1.0562546104340718,0.038305370412931895
2024-07-26,0.07661074082586379,2.2034578339020165,1.0562546104340718,0.038305370412931895
2024-07-27,0.07661074082586379,2.2034578339020165,1.0562546104340718,0.038305370412931895
2024-07-28,0.07661074082586379,2.2034578339020165,1.0562546104340718,0.038305370412931895
2024-07-29,0.07661074082586379,2.2034578339020165,1.0562546104340718,0.038305370412931895
2024-07-30,0.07661074082586379,1.651905305222172,0.8014494270704619,0.03830537041293185
2024-07-31,0.07431241860108788,1.717209469196167,0.8305088258628274,0.03715620930054394
2024-08-01,0.06741745192676013,1.5820911192271236,0.7647456045741572,0.03370872596338011
2024-08-02,0.06588523711024286,1.988072492367918,0.9516017808140913,0.03294261855512143
2024-08-03,0.06818355933501877,1.5728601884426228,0.7608512720871823,0.034091779667509425
2024-08-04,0.06588523711024286,1.6887157981294143,0.8132734396688405,0.03294261855512143
2024-08-05,0.06511912970198422,1.6506337820749957,0.7953058900897689,0.03255956485099215
2024-08-06,0.0689496667432774,1.0438680687215556,0.5167989807763308,0.0344748333716387
2024-08-07,0.0689496667432774,1.1283693441397107,0.5558431922451101,0.0344748333716387
2024-08-08,0.07048188155979469,1.1612267361537234,0.5717734195773466,0.035240940779897346
2024-08-09,0.06511912970198422,1.0120991230109684,0.5002434904056736,0.03255956485099211
2024-08-10,0.06971577415153604,0.9877412626948961,0.491240812796996,0.03485788707576802
2024-08-11,0.07124798896805333,0.9455050286348509,0.4724773061513768,0.035623994484026665
2024-08-12,0.05975637784417376,0.9793114985764163,0.4824637006061729,0.02987818892208688
2024-08-13,0.06588523711024286,1.4487557600436012,0.7023914228360519,0.03294261855512143
2024-08-14,0.07584463341760515,1.637333783529633,0.7943471933516238,0.03792231670880258
2024-08-15,0.07584463341760515,1.017807370865895,0.5081348187031798,0.03792231670880258
2024-08-16,0.06511912970198422,1.1054390489794534,0.5433752173239385,0.03255956485099211
2024-08-17,0.07048188155979469,1.1228442718395846,0.5540392096425752,0.035240940779897346
2024-08-18,0.07048188155979469,1.127576388997412,0.5562256341104261,0.035240940779897346
2024-08-19,0.06971577415153604,1.1732784940157877,0.5769677411521196,0.03485788707576802
2024-08-20,0.06205470006894967,0.9846152693119682,0.4860413518744138,0.031027350034474835
2024-08-21,0.060522485252432395,1.555553375879543,0.7491430804656527,0.030261242626216198
2024-08-22,0.05286141116984601,1.500605118856435,0.7200337748867333,0.026430705584923005
2024-08-23,0.07124798896805333,0.9032444946386238,0.45295159907424165,0.035623994484026665
2024-08-24,0.06511912970198422,0.8209336345630653,0.4119072553124984,0.03255956485099211
2024-08-25,0.06588523711024286,0.9434780663497508,0.46891000574543457,0.03294261855512143
2024-08-26,0.06435302229372558,0.982448790688049,0.4861667521391385,0.03217651114686279
2024-08-27,0.0727802037845706,1.941022542000726,0.9331743387760499,0.0363901018922853
2024-08-28,0.06435302229372558,1.7093099347443255,0.8220497712702692,0.03217651114686279
2024-08-29,0.0628208074772083,1.247191588252926,0.6077575775945492,0.03141040373860415
2024-08-30,0.07354631119282924,1.1307695870014238,0.5591985805079893,0.03677315559641462
2024-08-31,0.07354631119282924,2.144819652069272,1.0276985669017813,0.03677315559641462
2024-09-01,0.048264766720294186,2.5828016026703375,1.218062253148897,0.024132383360147093
2024-09-02,0.06205470006894967,1.5186375850392642,0.7328256934586184,0.031027350034474835
2024-09-03,0.06128859266069103,1.4803338987555772,0.714752941398406,0.030644296330345516
2024-09-04,0.06128859266069103,1.5481010226208942,0.7460702511800933,0.030644296330345516
2024-09-05,0.06128859266069103,1.7285509629630582,0.8294618186459632,0.030644296330345516
2024-09-06,0.06588523711024286,1.7788505811052153,0.8549234018995031,0.03294261855512143
2024-09-07,0.07048188155979469,1.185133133761033,0.5828191166561548,0.035240940779897346
2024-09-08,0.07048188155979469,1.2174095494207995,0.5977320916691061,0.035240940779897346
2024-09-09,0.06358691488546694,1.2797786529824158,0.6231898304546566,0.03179345744273347
2024-09-10,0.056691948211139195,1.6077492631639718,0.7714111510622547,0.028345974105569643
2024-09-11,0.056691948211139195,1.8150119699183909,0.8672032645463625,0.028345974105569598
2024-09-12,0.056691948211139195,1.8150119699183909,0.8672032645463625,0.028345974105569598
2024-09-13,0.053627518578104647,2.4522479432825617,1.1602621842804224,0.026813759289052323
2024-09-14,0.053627518578104647,2.7942166698697952,1.3183228386316133,0.026813759289052323
2024-09-15,0.0628208074772083,8.735852553273999,4.06838754319687,0.03141040373860415
2024-09-16,0.0628208074772083,8.84140993555617,4.117167297270729,0.03141040373860415
2024-09-17,0.0689496667432774,9.894545332406194,4.6062960092552085,0.0344748333716387
2024-09-18,0.0789090630506397,7.945056031746904,3.7097137336880914,0.03945453152531985
2024-09-19,0.07737684823412243,7.913822337634392,3.6946403185604186,0.038688424117061214
2024-09-20,0.07354631119282924,7.861550875284226,3.668878319810699,0.03677315559641462
2024-09-21,0.07048188155979469,7.882228628392202,3.6771409528716283,0.035240940779897346
2024-09-22,0.07048188155979469,7.849942825204639,3.6622236404511748,0.035240940779897346
2024-09-23,0.07048188155979469,7.859212452196207,3.666506573139916,0.035240940779897346
2024-09-24,0.06435302229372558,9.6962570455748,4.512823354592667,0.03217651114686279
2024-09-25,0.06435302229372558,9.72252298588612,4.524960863117129,0.03217651114686279
2024-09-26,0.06435302229372558,9.72252298588612,4.524960863117129,0.03217651114686279
2024-09-27,0.06435302229372558,9.72252298588612,4.524960863117129,0.03217651114686279
2024-09-28,0.05899027043591512,9.379656082446285,4.364343470264093,0.02949513521795756
2024-09-29,0.07201409637631197,6.803745974226396,3.179501357646866,0.036007048188155984
2024-09-30,0.0689496667432774,6.3926161428880395,2.988213167929698,0.0344748333716387
2024-10-01,40.36926377078066,71.20330965949671,24.38929832877806,20.18463188539033
2024-10-02,33.147935340534744,39.33887014889464,21.737778297181958,16.573967670267372
2024-10-03,33.06979238489236,40.28805510773631,21.85478371130731,16.53489619244618
2024-10-04,32.751857810465026,43.790941097459445,22.297586005602213,16.375928905232513
2024-10-05,32.62621619551061,43.66932105896495,22.273185893399685,16.313108097755304
2024-10-06,27.434306289741823,40.62464179376448,21.370881720617913,13.717153144870911
2024-10-07,14.203631349115145,24.12195065958251,14.837915410338182,7.101815674557573
2024-10-08,14.177583697234352,24.522081620209924,14.959604164255841,7.088791848617176
2024-10-09,14.09561020455068,24.59642595067035,14.96264214514676,7.04780510227534
2024-10-10,12.394851758216502,32.86567371199812,17.332174125225563,6.197425879108251
2024-10-11,4.0435149007890905,20.919360160417074,10.856192518829625,2.0217574503945452
2024-10-12,3.7225158967287215,20.890445058427876,10.750540028194743,1.8612579483643614
2024-10-13,3.7209836819122044,20.89284715842165,10.75111618336421,1.8604918409561022
2024-10-14,3.6596950892515125,20.565633578881158,10.593835653300118,1.8298475446257563
2024-10-15,3.0774534589749485,22.28405555262438,11.16476267781143,1.5387267294874742
2024-10-16,2.934191373630583,21.91418423806189,10.964753165675608,1.4670956868152916
2024-10-17,2.9181031180571515,21.772002611004165,10.898589931544922,1.4590515590285758
2024-10-18,2.876733318011185,22.49895321216759,11.20239180732136,1.438366659005592
2024-10-19,2.802420899410097,23.209847274381485,11.490994972324394,1.4012104497050486
2024-10-20,2.8001225771853213,23.137715258284892,11.45902036131075,1.40006128859266
2024-10-21,0.69179498965755,6.597212591697729,3.3530801501066665,0.345897494828775
2024-10-22,0.3761587374549912,4.581558521714035,2.2909350539677438,0.1880793687274956
2024-10-23,0.37386041523021524,4.589878061399712,2.293709907076552,0.18693020761510762
2024-10-24,0.3692637707806634,4.907109326339485,2.437248071970137,0.1846318853903317
2024-10-25,0.3692637707806634,4.873085750797359,2.421629496573797,0.1846318853903317
2024-10-26,0.3700298781889221,4.879792141665096,2.425053745012111,0.18501493909446104
2024-10-27,0.32559564850992107,4.605024118740309,2.278752252889662,0.16279782425496053
2024-10-28,0.26660537807400597,3.9880557354575257,1.9681199658098998,0.13330268903700299
2024-10-29,0.1294721519957098,3.586750801318545,1.7198403509983906,0.0647360759978549
2024-10-30,0.10419060752317474,3.2602829459557774,1.5573754081128544,0.05209530376158737
2024-10-31,0.0911667815827779,2.784254874050516,1.3314428604335191,0.04558339079138895
2024-11-01,0.08273960009193289,2.829071519298989,1.3481654652923716,0.041369800045966444
2024-11-02,0.07584463341760515,2.6472011054885147,1.2608915058934644,0.03792231670880258
2024-11-03,0.07584463341760515,2.6472011054885147,1.2608915058934644,0.03792231670880258
2024-11-04,0.07584463341760515,2.6472011054885147,1.2608915058934644,0.03792231670880258
2024-11-05,0.07584463341760515,2.6472011054885147,1.2608915058934644,0.03792231670880258
2024-11-06,0.07584463341760515,2.6472011054885147,1.2608915058934644,0.03792231670880258
2024-11-07,0.07814295564238107,2.6249232788428682,1.251688299350532,0.03907147782119053
2024-11-08,0.0727802037845706,2.8769958327747953,1.3656093441136103,0.0363901018922853
2024-11-09,0.05899027043591512,3.2442148049558575,1.52882293809057,0.02949513521795756
2024-11-10,0.06588523711024286,2.7370785200993057,1.2977064890700203,0.03294261855512143
2024-11-11,0.06741745192676013,2.25697129772152,1.0765875036449535,0.033708725963380065
2024-11-12,0.06971577415153604,2.427498129970372,1.1564762101941555,0.03485788707576802
2024-11-13,0.06971577415153604,4.65058837461258,2.183648475149462,0.03485788707576802
2024-11-14,0.06818355933501877,8.775083881881589,4.088727757357882,0.034091779667509384
2024-11-15,0.06588523711024286,4.412047907586483,2.0716852952883342,0.03294261855512143
2024-11-16,0.0689496667432774,2.7251172093109526,1.293628048172544,0.0344748333716387
2024-11-17,0.06665134451850149,2.4251681184733784,1.1539417380351018,0.033325672259250746
2024-11-18,0.06511912970198422,2.5423246039235363,1.2073499818804563,0.03255956485099211
2024-11-19,0.06435302229372558,2.6599571255456236,1.2613444717586832,0.03217651114686279
2024-11-20,0.053627518578104647,24.146400954784482,11.187471557527445,0.026813759289052323
2024-11-21,0.053627518578104647,24.146400954784482,11.187471557527445,0.026813759289052323
2024-11-22,0.04443422967900099,56.23953526899634,26.021746083446835,0.022217114839500497
2024-11-23,0.0344748333716387,55.32450594259834,25.599258447693312,0.01723741668581935
2024-11-24,0.03294261855512143,54.495700953784144,25.21608836182837,0.016471309277560714
2024-11-25,0.03677315559641462,50.41261076988026,23.32799134609173,0.01838657779820731
2024-11-26,0.03677315559641462,49.02155965880834,22.684802050469003,0.01838657779820731
2024-11-27,0.05209530376158737,36.709931496823735,16.994231264302176,0.026047651880793686
2024-11-28,0.04520033708725963,38.08711805402773,17.629977512711218,0.022600168543629815
2024-11-29,0.05899027043591512,30.416677484297978,14.086693244773427,0.02949513521795756
2024-11-30,0.05515973339462192,30.40488434963467,14.08049239878541,0.02757986669731096
2024-12-01,0.06128859266069103,24.386732881683713,11.300517129310697,0.030644296330345516
2024-12-02,0.056691948211139195,24.452135796390607,11.329567519533077,0.028345974105569598
2024-12-03,0.05209530376158737,25.148941660365576,11.650473041726016,0.026047651880793686
2024-12-04,0.0505630889450701,28.86211115308686,13.366462411190138,0.02528154447253505
2024-12-05,0.04903087412855282,44.29910819172195,20.501950433403195,0.02451543706427641
2024-12-06,0.036007048188155984,47.246769278072534,21.864159655083643,0.018003524094077992
2024-12-07,0.036007048188155984,47.246769278072534,21.864159655083643,0.018003524094077992
2024-12-08,0.036007048188155984,47.246769278072534,21.864159655083643,0.018003524094077992
2024-12-09,0.02145100743124186,57.47636373683602,26.59525001338955,0.01072550371562093
2024-12-10,0.03983758522944917,57.635076189145906,26.667255405002344,0.019918792614724585
2024-12-11,0.030644296330345516,58.239933156325364,26.947666016870535,0.015322148165172758
2024-12-12,0.04213590745422508,51.36436550946352,23.76798717076224,0.02106795372711254
2024-12-13,0.041369800045966444,51.40385857833357,23.78625647349478,0.020684900022983222
2024-12-14,0.041369800045966444,51.41159203123459,23.78983188463146,0.020684900022983222
2024-12-15,0.04520033708725963,52.24179736741008,24.173575258880156,0.022600168543629815
2024-12-16,0.02757986669731096,51.89728446481071,24.014643943942108,0.01378993334865548
2024-12-17,0.053627518578104647,44.43332991672273,20.56425082766962,0.026813759289052323
2024-12-18,0.05209530376158737,43.37756412693089,20.076166046382042,0.026047651880793686
2024-12-19,0.05209530376158737,43.25192652805824,20.018093427900606,0.026047651880793686
2024-12-20,0.0505630889450701,46.0499452446884,21.311342191707038,0.02528154447253505
2024-12-21,0.03677315559641462,62.22777264264903,28.791044128357,0.01838657779820731
2024-12-22,0.03677315559641462,62.22777264264903,28.791044128357,0.01838657779820731
2024-12-23,0.04290201486248372,59.19851011167727,27.38982066344347,0.02145100743124186
2024-12-24,0.04596644449551827,59.91658433083552,27.72149338612792,0.022983222247759134
2024-12-25,0.03907147782119053,55.79399549294789,25.816083827433523,0.019535738910595266
2024-12-26,0.03983758522944917,51.881586306741056,24.007153402373575,0.019918792614724585
2024-12-27,0.04979698153681146,47.86524211310015,22.150426058209792,0.02489849076840573
2024-12-28,0.04060369263770781,42.611674035862976,19.721304806483527,0.020301846318853903
2024-12-29,0.04213590745422508,39.8718823752474,18.454749756370607,0.02106795372711254
2024-12-30,0.041369800045966444,38.08580441539116,17.628913850149587,0.020684900022983222
2024-12-31,0.048264766720294186,37.93538689309845,17.560203093102487,0.024132383360147093
2025-01-01,0.04290201486248372,39.38408269239708,18.229310152113644,0.02145100743124186
2025-01-02,0.04290201486248372,39.38408269239708,18.229310152113644,0.02145100743124186
2025-01-03,0.016854362981690033,38.46895272526947,17.803228112707963,0.008427181490845016
2025-01-04,0.016088255573431395,41.88149708656971,19.38172585293929,0.008044127786715698
2025-01-05,0.016088255573431395,41.099881722995704,19.020163627642713,0.008044127786715698
2025-01-06,0.01378993334865548,40.76746443142942,18.866180741802143,0.00689496667432774
2025-01-07,0.01378993334865548,42.35371777549241,19.59999152804209,0.00689496667432774
2025-01-08,0.011491611123879567,50.350532509854396,23.29937643968879,0.005745805561939783
2025-01-10,0.016854362981690033,61.23131480387114,28.33254261746525,0.008427181490845016
2025-01-11,0.016854362981690033,60.272119212324824,27.88884209024878,0.008427181490845016
2025-01-12,0.019918792614724585,58.66435671835695,27.144864791446555,0.009959396307362292
2025-01-13,0.02145100743124186,54.93453053359973,25.419576698349417,0.01072550371562093
2025-01-14,0.02145100743124186,55.85617807664636,25.845866047647647,0.01072550371562093
2025-01-15,0.02145100743124186,54.55586436188307,25.244432352595787,0.01072550371562093
2025-01-16,0.017620470389948673,53.14459058340829,24.591796788750546,0.008810235194974337
2025-01-17,0.016854362981690033,53.469315494201766,24.742030717382228,0.008427181490845016
2025-01-18,0.02374932965601777,47.557899096124636,22.007721798300317,0.011874664828008885
2025-01-19,0.020684900022983222,52.00720728233853,24.065618169548678,0.010342450011491611
2025-01-20,0.01838657779820731,49.77183307915436,23.031668870399006,0.009193288899103655
2025-01-21,0.015322148165172758,48.91124311585503,22.633560727967197,0.007661074082586379
2025-01-22,0.015322148165172758,49.3345545219034,22.829380764127567,0.007661074082586379
2025-01-23,0.01072550371562093,48.979101871204506,22.66490464872671,0.005362751857810465
2025-01-24,0.014556040756914121,47.66033892684509,22.054885814906054,0.0072780203784570605
2025-01-25,0.016088255573431395,48.95432554497464,22.653498281859445,0.008044127786715698
2025-01-26,0.015322148165172758,58.71766409436986,27.169922572176823,0.007661074082586379
2025-01-27,0.015322148165172758,58.56110941585801,27.09750179076334,0.007661074082586379
2025-01-28,0.006128859266069103,60.66024785903104,28.069524317768487,0.0030644296330345515
2025-01-29,0.014556040756914121,72.45015175389771,33.52261942354712,0.0072780203784570605
2025-01-30,0.014556040756914121,72.98907601147683,33.77192505018774,0.0072780203784570605
2025-01-31,0.014556040756914121,72.98906823440247,33.77192145252374,0.0072780203784570605
2025-02-01,0.014556040756914121,72.01609081152583,33.32182342352229,0.0072780203784570605
2025-02-02,0.011491611123879567,67.25333633054427,31.119108411802472,0.005745805561939783
2025-02-03,0.016088255573431395,60.047256229294824,27.78490292178848,0.008044127786715698
2025-02-04,0.019918792614724585,58.86621805897001,27.238234747018875,0.009959396307362292
2025-02-05,0.014556040756914121,59.76917094559161,27.65641499431287,0.0072780203784570605
2025-02-06,0.016088255573431395,58.955209734055614,27.27974043478137,0.008044127786715698
2025-02-07,0.012257718532138206,58.956632933806056,27.280741870380854,0.006128859266069103
2025-02-08,0.012257718532138206,56.90810882209614,26.333050328132206,0.006128859266069103
2025-02-09,0.012257718532138206,61.96616648722004,28.67301715695449,0.006128859266069103
2025-02-10,0.011491611123879567,58.36530130823948,27.00724316326253,0.005745805561939783
2025-02-11,0.011491611123879567,56.25601079699409,26.031423611415633,0.005745805561939783
2025-02-12,0.011491611123879567,56.040294759713426,25.931627056269168,0.005745805561939783
2025-02-13,0.011491611123879567,55.569719010758845,25.713924936050674,0.005745805561939783
2025-02-14,0.009193288899103655,59.07164043432244,27.334224820567933,0.004596644449551828
2025-02-15,0.016088255573431395,59.976531941543996,27.752187046367645,0.008044127786715698
2025-02-16,0.01378993334865548,59.44707460437281,27.507486040836955,0.00689496667432774
2025-02-17,0.011491611123879567,57.970821129055494,26.82474508174576,0.005745805561939783
2025-02-18,0.019152685206465948,57.47395569991666,26.594308000412685,0.009576342603232974
2025-02-19,0.019152685206465948,53.32489685536621,24.67514975435874,0.009576342603232974
2025-02-20,0.019918792614724585,53.08895307218218,24.56598966280603,0.009959396307362292
2025-02-21,0.01378993334865548,54.81942879702172,25.366707948206233,0.00689496667432774
2025-02-22,0.01378993334865548,53.0573810992398,24.551573586888043,0.00689496667432774
2025-02-23,0.01378993334865548,51.84759282002545,23.99191791039927,0.00689496667432774
2025-02-24,0.014556040756914121,51.6691252932161,23.90934492132282,0.0072780203784570605
2025-02-25,0.01378993334865548,51.978397964286614,24.052429193867177,0.00689496667432774
2025-02-26,0.01378993334865548,51.978397964286614,24.052429193867177,0.00689496667432774
2025-02-27,0.014556040756914121,54.566115478087006,25.249488630302057,0.0072780203784570605
2025-02-28,0.019152685206465948,53.164975816399775,24.601177850814135,0.009576342603232974
2025-03-01,0.022983222247759134,53.51839464237999,24.76451789894863,0.011491611123879567
2025-03-02,0.02451543706427641,49.85937325172382,23.07217010041038,0.012257718532138206
2025-03-03,0.014556040756914121,50.621484921378226,23.42470791394761,0.0072780203784570605
2025-03-04,0.02145100743124186,51.034940949844895,23.61590075006463,0.01072550371562093
2025-03-05,0.020684900022983222,50.150673041941666,23.206901746014154,0.010342450011491611
2025-03-06,0.016854362981690033,50.04988715105741,23.16028641830113,0.008427181490845016
2025-03-07,0.019918792614724585,44.24109082401354,20.47345514127512,0.009959396307362292
2025-03-08,0.016088255573431395,45.18873101781003,20.91159708562313,0.008044127786715698
2025-03-09,0.019918792614724585,45.76872795255229,21.18005607035392,0.009959396307362292
2025-03-10,0.019918792614724585,45.61597167616569,21.10939941714686,0.009959396307362292
2025-03-11,0.019152685206465948,44.6664563886613,20.670164999449963,0.009576342603232974
2025-03-12,0.019152685206465948,44.6664563886613,20.670164999449963,0.009576342603232974
2025-03-13,0.02145100743124186,47.15942582297441,21.823359952779107,0.01072550371562093
2025-03-14,0.015322148165172758,50.597541836163174,23.413627297565345,0.007661074082586379
2025-03-15,0.015322148165172758,50.6838526748107,23.453553912590365,0.007661074082586379
2025-03-16,0.016088255573431395,52.37800483159757,24.23723519295712,0.008044127786715698
2025-03-17,0.017620470389948673,53.16086248547573,24.599323649816437,0.008810235194974337
2025-03-18,0.02451543706427641,51.291080633689944,23.734333393517673,0.012257718532138206
2025-03-19,0.020684900022983222,52.37951267029285,24.23782331624095,0.010342450011491611
