,cloudPercent,SCA_cloudFree,SCA,SCA_error
2002-07-04,27.283036432107643,10.343784186392943,21.16320399441459,13.641518216053822
2002-07-05,51.12131901970239,13.451253915782551,32.13545499919634,25.560659509851195
2002-07-06,90.57571711093458,18.21361312886737,47.0043609810517,45.28785855546729
2002-07-07,24.18898784328333,10.42534421726167,19.998052893569472,12.094493921641664
2002-07-08,0.0922868512403691,6.54655469021449,6.586656506646346,0.0461434256201845
2002-07-09,1.0295138594916775,8.252493626922616,8.68228999102562,0.5147569297458388
2002-07-10,40.64045865430961,10.68976324111798,26.665623758022644,20.32022932715481
2002-07-11,63.92717243246444,17.67713488284823,38.34022860140274,31.96358621623222
2002-07-12,30.460309806011693,12.337283145575318,23.809463380794057,15.230154903005849
2002-07-13,92.04250534698328,19.696164878359717,47.58857394053647,46.021252673491645
2002-07-14,53.89919122872322,7.422971757840456,30.371645629589523,26.94959561436161
2002-07-15,88.34653783130902,17.815467130535623,46.249387637887054,44.17326891565451
2002-07-16,100.0,-1.0,50.0,50.0
2002-07-17,97.89120759401736,30.55666800160192,49.58998049134779,48.94560379700867
2002-07-18,54.03412646069031,10.3804127883448,31.788510645494057,27.017063230345155
2002-07-19,27.308968412499578,8.555825949256548,19.873802349595422,13.654484206249789
2002-07-20,2.60843062387294,6.441461803261587,7.577656052896704,1.3042153119364697
2002-07-21,48.98095415138661,6.879875453386111,28.000523887583867,24.490477075693303
2002-07-22,23.32027183710085,9.49737318440687,18.94269585896969,11.660135918550427
2002-07-23,1.0845821691643385,6.289534276592285,6.763610193887054,0.5422910845821691
2002-07-24,66.63821227539343,11.15192663339498,37.03958822833381,33.319106137696714
2002-07-25,91.96292791727214,14.769263113633974,47.168480281166566,45.98146395863607
2002-07-26,74.92668249930274,10.530218761586948,40.10361643326205,37.46334124965137
2002-07-27,22.666971444052184,12.457167880015326,20.966990915940706,11.333485722026092
2002-07-28,0.6468546270425873,6.42544270788949,6.70730674794683,0.3234273135212936
2002-07-29,58.04991539763114,17.54562871836241,36.385363790186126,29.02495769881557
2002-08-08,28.11415316367823,11.13845936429051,22.06405242037893,14.057076581839114
2002-08-09,96.47652990557911,100.0,51.76173504721044,48.23826495278956
2002-08-10,100.0,-1.0,50.0,50.0
2002-08-11,100.0,-1.0,50.0,50.0
2002-08-12,64.98989881913391,10.497851175817278,36.17025772803733,32.49494940956696
2002-08-13,43.43239353145373,8.705032737515545,26.63533993734654,21.716196765726863
2002-08-14,0.604521209042418,5.041057616954581,5.312843959021251,0.302260604521209
2002-08-15,0.0084666836000338,4.838272650296359,4.842096350859369,0.0042333418000169
2002-08-16,37.46550877727557,9.701957174954655,24.79982394664229,18.732754388637787
2002-08-17,16.499462406556102,12.304572645239784,18.52411551062911,8.249731203278051
2002-08-18,27.45297235062055,12.445445422083226,22.755286906757423,13.726486175310274
2002-08-19,2.650918635170604,8.531992798684977,9.631275929218525,1.3254593175853018
2002-08-20,17.05706570047491,9.801179856702523,16.657919019360516,8.528532850237456
2002-08-21,95.73519352087222,46.1980198019802,49.8378529021797,47.86759676043611
2002-08-22,12.65769198205063,8.425746413338503,13.688087376174751,6.328845991025315
2002-08-23,79.07941308149111,12.056852135992893,42.06207077149205,39.53970654074556
2002-08-24,51.020528950216445,10.842583162146765,30.82090435606061,25.510264475108222
2002-08-25,29.548070412999323,9.2809264108786,21.3126269465132,14.77403520649966
2002-08-26,95.87588805257778,17.18557968045883,48.64669657112446,47.93794402628889
2002-08-27,97.5988986858552,15.335912768202602,49.16768014594102,48.7994493429276
2002-08-28,62.78833881342608,11.105306196620026,35.52663832233088,31.39416940671304
2002-08-29,57.16280604947571,11.74332226963806,33.611912761617816,28.581403024737856
2002-08-30,38.173771768010965,15.469787175802368,28.65127181032003,19.086885884005483
2002-08-31,25.78846267759979,12.652512029920866,22.283855026105797,12.894231338799894
2002-09-01,99.32185354401196,58.28144458281445,50.056160322942965,49.66092677200598
2002-09-02,50.98208394660711,19.224131980396216,34.91431084944763,25.49104197330356
2002-09-03,98.93070711848372,25.75039494470774,49.740700699347954,49.46535355924186
2002-09-04,98.06011367379168,27.209403569873743,49.55788833619066,49.030056836895845
2002-09-05,83.12418610157452,19.58210151826427,44.86673206041029,41.56209305078726
2002-09-06,39.3838946718643,10.89782936220077,26.297787060604268,19.69194733593215
2002-09-07,52.3507579408358,12.833569907735985,32.29047776058708,26.1753789704179
2002-09-08,48.200526097657935,10.692008752163549,29.63866733204205,24.100263048828968
2002-09-09,61.47860580379421,14.471401910198706,36.313888677442,30.739302901897105
2002-09-10,74.78263075986197,13.053831963776622,40.68314838622369,37.39131537993099
2002-09-11,99.77620133434677,67.16981132075472,50.03842580863103,49.88810066717338
2002-09-12,5.177157854633196,6.084821428571428,8.358379545358337,2.588578927316598
2002-09-14,2.0701041402082803,5.700946699520166,6.617983235966472,1.03505207010414
2002-09-15,63.913462676973566,14.80734977031968,37.30019113990426,31.956731338486783
2002-09-16,21.751971835753697,5.349282400147088,15.061693916929014,10.875985917876848
2002-09-17,0.79248158496317,4.715209858842406,5.074083481500296,0.396240792481585
2002-09-18,0.0016933367200067,3.5662275205743894,3.567013800694268,0.0008466683600033
2002-09-19,82.79690734716296,13.61559998035267,43.74075795344121,41.39845367358148
2002-09-20,85.8929295660403,17.303545759463347,45.38748817088008,42.94646478302015
2002-09-21,54.31861804222648,11.118720615999704,32.238494254525776,27.15930902111324
2002-09-22,92.0971925348293,51.69980756895446,50.13433251945288,46.04859626741465
2002-09-23,99.86064659977704,100.0,50.069676700111486,49.93032329988852
2002-09-24,99.00513478819,98.98132427843804,50.487298155530034,49.502567394095
2002-09-25,91.12277055399252,13.505282192823833,46.76028016458402,45.561385276996255
2002-09-26,73.2669585354722,29.111602908631045,44.41589614428912,36.6334792677361
2002-09-27,77.5611611104069,23.99728844198396,44.16529344657118,38.78058055520345
2002-09-28,6.193379053424773,35.84439028793213,36.71958343916688,3.0966895267123866
2002-09-29,8.458216916433834,32.020902700702926,33.54161374989417,4.229108458216917
2002-09-30,3.405098334702033,26.942460230509663,27.72759213322384,1.7025491673510165
2002-10-01,2.378291423249513,23.23570480741711,23.872237744475488,1.1891457116247566
2002-10-02,26.755150755895645,10.366346931699988,20.97039056019232,13.377575377947824
2002-10-03,92.71759787153174,8.072372999304106,46.946661598885086,46.35879893576587
2002-10-04,99.99746645159657,100.0,50.00126677420173,49.99873322579828
2002-10-05,21.07280017595209,10.896755731326966,19.136904258378877,10.536400087976045
2002-10-06,82.76578669482576,27.62609675996275,46.14403379091869,41.38289334741288
2002-10-07,78.9952254193603,13.928226585130352,42.42320530696751,39.49761270968015
2002-10-08,51.1231112463239,11.22983557238446,31.050349863097047,25.56155562316195
2002-10-09,83.2040994072433,28.19312289180889,46.3373385985236,41.60204970362165
2002-10-10,99.8116729020108,90.13452914798206,50.075584194036026,49.9058364510054
2002-10-11,91.25348660299214,15.56822574410514,46.988420251880655,45.62674330149607
2002-10-12,98.28812242416052,42.57523433645782,49.8728971015472,49.14406121208027
2002-10-13,7.5251883837101,11.394224606764206,14.299381932097196,3.76259419185505
2002-10-14,98.23918385960764,19.664268585131893,49.46584354494093,49.11959192980382
2002-10-15,99.89781354772784,80.16528925619835,50.03082483890855,49.94890677386392
2002-10-16,89.92341763592103,32.79087324888852,48.2659081687855,44.96170881796051
2002-10-17,99.50680257746323,53.76712328767124,50.01857935495858,49.75340128873162
2002-10-18,19.230866904251982,46.34072210868312,47.04443296961899,9.615433452125991
2002-10-19,39.43437899315399,31.00697209763731,38.496754702930495,19.717189496577
2002-10-20,58.71888528138528,20.641487792888743,37.880478896103895,29.35944264069264
2002-10-21,98.94519934803354,98.39871897518016,50.51051000329362,49.47259967401677
2002-10-22,96.14530282683424,77.69500438212094,51.06755855102575,48.07265141341712
2002-10-23,72.42960218573688,37.129533042891325,46.451561059371855,36.21480109286844
2002-10-24,11.729894934683408,33.719859584508264,35.62950295046437,5.864947467341704
2002-10-25,96.07558262309206,41.8854928971158,49.681552873203984,48.03779131154603
2002-10-26,4.002167452650473,23.96987229238693,25.01164159138437,2.0010837263252363
2002-10-27,21.45770571709034,17.325863276410065,24.336983380157736,10.72885285854517
2002-10-28,10.536252497544789,15.36277692082028,19.01224220258052,5.268126248772393
2002-10-29,3.6169366104765857,17.060058503676245,18.25147530712635,1.8084683052382928
2002-10-30,37.283806527457095,19.270447036612502,30.72759411023436,18.641903263728548
2002-10-31,29.971386485617053,17.0535045090786,26.928026006129045,14.985693242808528
2002-11-01,3.5246803826940987,14.597137265570836,15.84497502328338,1.7623401913470491
2002-11-02,100.0,-1.0,50.0,50.0
2002-11-03,99.45019678056856,84.33179723502305,50.18875732648683,49.72509839028428
2002-11-04,82.44976286890582,39.19075144508671,48.10295124652335,41.22488143445291
2002-11-05,70.67416205249589,37.1364330806261,46.22765121095566,35.337081026247944
2002-11-06,3.966641266615867,30.12122547939167,30.90974515282364,1.9833206333079332
2002-11-07,80.25575620386168,53.7174880219028,50.733989898136734,40.12787810193084
2002-11-08,18.30002285598192,23.3989203526986,28.266924008092708,9.15001142799096
2002-11-09,96.27468202624868,32.464293810927224,49.34673918551425,48.137341013124335
2002-11-10,13.836424743699364,24.54926851315104,28.07073982204989,6.918212371849681
2002-11-11,68.85455144839945,23.38109971231613,41.70942410589757,34.427275724199724
2002-11-12,6.896756061221726,26.487302352224475,28.10891575240417,3.448378030610863
2002-11-13,99.58617660968854,89.18367346938776,50.16215120599959,49.79308830484427
2002-11-14,98.51276940747246,96.02498580352072,50.684497669076414,49.25638470373623
2002-11-16,100.0,-1.0,50.0,50.0
2002-11-17,92.08830014615312,84.75173518419648,52.74945298177733,46.044150073076565
2002-11-18,100.0,-1.0,50.0,50.0
2002-11-19,94.55818510447811,84.55688343939158,51.88052163043295,47.27909255223906
2002-11-20,62.5999543066027,64.34760967442702,55.366012574146,31.29997715330135
2002-11-21,98.19442450448015,83.44246959775491,50.60382903615373,49.09721225224008
2002-11-22,98.35234902162806,100.0,50.82382548918597,49.17617451081403
2002-11-23,13.298002929150124,66.10457452521604,63.96298773312565,6.649001464575062
2002-11-24,98.5879690231482,99.16267942583733,50.69419226254318,49.293984511574095
2002-11-25,97.23758772411348,95.29195964536838,51.25115065323323,48.618793862056734
2002-11-26,96.77817094695594,100.0,51.61091452652203,48.38908547347797
2002-11-27,96.3343356194466,89.28571428571429,51.440082435217406,48.167167809723296
2002-11-28,90.03852457631415,78.13586633873292,52.80274741057398,45.01926228815707
2002-11-29,92.51545555893382,77.20604829609569,52.036248775379214,46.25772777946691
2002-11-30,42.28892328250408,50.85510793264652,50.49349199502701,21.14446164125204
2002-12-01,5.97319470667423,47.07624981991068,47.25089111090415,2.986597353337115
2002-12-02,95.63807416540692,87.47337850919652,51.63456097828749,47.81903708270347
2002-12-03,86.57187993680886,69.11607423718151,52.56692939993749,43.28593996840443
2002-12-04,98.53054192600352,99.48275862068968,50.72712839178792,49.26527096300176
2002-12-05,88.79292131128145,91.90860417766382,54.696730247534376,44.39646065564072
2002-12-06,90.03623647467248,63.35198372329604,51.33036008412943,45.01811823733624
2002-12-07,90.33054149305704,74.48649593566996,52.36771156430389,45.16527074652851
2002-12-08,56.79651044836681,38.63778664788292,45.09112734158383,28.398255224183405
2002-12-09,74.97465873766726,55.461419023830416,51.36673874847952,37.48732936883363
2002-12-10,6.017997274166378,51.028643487659885,50.96673975061162,3.008998637083189
2002-12-11,18.829960062275774,62.488272698842906,60.13673593718269,9.414980031137889
2002-12-12,59.238298268321365,65.7977751950855,56.43944200526187,29.619149134160683
2002-12-13,90.49953511960103,95.96975088967972,54.3673400388809,45.249767559800524
2002-12-14,97.9512038577497,66.48804616652927,50.3378064537923,48.97560192887485
2002-12-15,97.76794385656736,59.09950813469542,50.20310613034263,48.883971928283685
2002-12-16,68.49206282156344,59.38597667247621,52.95732763354651,34.24603141078172
2002-12-17,34.41103074905892,51.47673338836154,50.96857420801083,17.20551537452946
2002-12-18,36.1642375591064,50.03445260117139,50.02199308063848,18.0821187795532
2002-12-19,4.040267206272066,47.90936923742048,47.99383630652522,2.020133603136033
2002-12-20,3.95042077992448,53.15210492913053,53.02758352100513,1.97521038996224
2002-12-21,99.49666838384948,75.0,50.12583290403764,49.748334191924734
2002-12-22,100.0,-1.0,50.0,50.0
2002-12-23,11.740054352887393,49.540527577937645,49.59446989002429,5.870027176443696
2002-12-24,98.92999805761288,99.76322020520917,50.53246742279012,49.464999028806446
2002-12-25,90.76787931515064,98.35315645013723,54.46402175841069,45.383939657575326
2002-12-26,72.57220620926911,89.32786834725262,60.786766632574576,36.28610310463456
2002-12-27,100.0,-1.0,50.0,50.0
2002-12-28,100.0,-1.0,50.0,50.0
2002-12-29,32.3213017150976,66.55087096693575,61.20141402523596,16.1606508575488
2002-12-30,96.92211532776432,46.81668496158068,49.90202123436352,48.46105766388216
2002-12-31,99.36576838300496,100.0,50.317115808497526,49.68288419150248
2003-01-01,8.202896833123111,56.21593707061112,55.70605016549705,4.101448416561556
2003-01-02,100.0,-1.0,50.0,50.0
2003-01-03,16.014623372007414,59.40167064679625,57.89602850203526,8.007311686003707
2003-01-04,13.168118223599016,51.7501535222388,51.51969123733591,6.584059111799507
2003-01-05,96.97819367261792,87.73057574063724,51.14014492508826,48.48909683630897
2003-01-06,78.00784618766593,84.5526892468571,57.59888056546663,39.00392309383297
2003-01-07,88.97627153005972,64.95785440613027,51.6489132546608,44.48813576502986
2003-01-08,56.67957978786392,79.1412839737582,62.62412667264392,28.33978989393196
2003-01-09,90.51624301546109,81.26392726624476,52.96499488575365,45.25812150773054
2003-01-10,50.18558758127383,68.78829539861161,59.35927895631293,25.092793790636915
2003-01-11,2.918119941756121,62.15893335193631,61.80412109308862,1.4590599708780605
2003-01-12,3.252899839133012,60.69590786571919,60.34798069596139,1.626449919566506
2003-01-13,100.0,-1.0,50.0,50.0
2003-01-14,55.6861716972675,61.48326271995115,55.08867332527084,27.84308584863375
2003-01-15,3.676769387064003,56.705661073855,56.45910938029123,1.8383846935320012
2003-01-16,36.02065870798408,47.140248259799385,48.17034967403268,18.01032935399204
2003-01-17,4.1135436243883445,55.44352524655006,55.21960346082864,2.0567718121941723
2003-01-18,2.6088428178548764,53.59886004240087,53.50497144066004,1.3044214089274382
2003-01-19,5.043048347908536,56.21667885098872,55.90316873089915,2.521524173954268
2003-01-20,70.7400145366035,46.35625776262962,48.93384155102179,35.37000726830175
2003-01-21,98.6800212818066,100.0,50.6599893590967,49.340010640903294
2003-01-22,75.78754300107344,94.84395727152132,60.8578238709841,37.89377150053672
2003-01-23,58.00762913279935,84.9037222043184,64.65690047449485,29.00381456639968
2003-01-24,49.221584230421215,73.50741918830249,61.93669505213399,24.610792115210607
2003-01-25,4.947134065301492,67.248519392617,66.39521201398472,2.473567032650746
2003-01-26,51.82529886204156,66.39816082271595,57.89976496846519,25.912649431020775
2003-01-27,45.4497766346284,76.46803362595776,64.43837146338161,22.7248883173142
2003-01-28,64.89510962354413,64.09688448018491,54.94869584326453,32.447554811772065
2003-01-29,11.485892144258743,56.658257845048354,55.89349753027945,5.742946072129373
2003-01-30,99.03725160669194,38.24561403508772,49.88683483797959,49.51862580334597
2003-01-31,68.58870933680235,74.50584913271481,57.69760350056175,34.294354668401176
2003-02-02,41.64249410133027,53.25334028925021,51.898568251203,20.821247050665136
2003-02-03,55.265382729409374,61.01903123995993,54.92932145212289,27.632691364704687
2003-02-04,99.87163354755891,100.0,50.064183226220536,49.93581677377946
2003-02-05,38.152009402294766,65.6185489493759,59.659758685708006,19.076004701147383
2003-02-06,80.6301129064972,51.12565445026178,50.2180379960787,40.3150564532486
2003-02-07,7.67426897614331,60.26573259854938,59.47791266656508,3.837134488071655
2003-02-08,31.65765354050829,52.32681972410036,51.59020319733245,15.828826770254146
2003-02-09,13.440491607628044,61.03711961198467,59.553676476812,6.720245803814022
2003-02-10,3.4344973544973545,59.07791843461795,58.766137566137566,1.7172486772486772
2003-02-11,8.711919212439796,61.63568083824007,60.62198972379525,4.355959606219898
2003-02-12,9.427717727122676,61.44220255506855,60.36346399641107,4.713858863561338
2003-02-13,10.30179894179894,60.95171580656121,59.82349206349207,5.15089947089947
2003-02-14,43.396737062002586,68.30529241251531,60.36139279582533,21.698368531001293
2003-02-15,1.3648178408446292,57.26572760281204,57.16656365622169,0.6824089204223146
2003-02-16,71.06486961815538,65.98287601180562,54.62466601278453,35.53243480907769
2003-02-17,6.2150814343277005,57.91497427565665,57.423052178918496,3.1075407171638503
2003-02-18,6.167468002979617,59.08615245827696,58.52576691271077,3.0837340014898085
2003-02-19,3.4290115880445917,57.57235769507214,57.31172601765717,1.7145057940222956
2003-02-20,7.209259008398808,60.67228117557962,59.90288878352749,3.604629504199404
2003-02-21,3.670757511637748,56.779102562976114,56.53025814642404,1.835378755818874
2003-02-22,1.205553674229597,57.09278809899225,57.00728073145953,0.6027768371147985
2003-02-23,3.5323096717398297,56.40854648356952,56.18217677631245,1.7661548358699148
2003-02-24,1.6235800023701896,55.19893990500447,55.11453095637157,0.8117900011850948
2003-02-25,3.4469334732530483,56.05399246209133,55.84531536944729,1.7234667366265242
2003-02-26,3.123412899949213,55.46701616426388,55.29625867614695,1.5617064499746065
2003-02-27,7.085654301339248,58.507052006268445,57.90427170986913,3.542827150669624
2003-02-28,8.136023347290953,53.419523559582686,53.14131032440892,4.0680116736454766
2003-03-01,73.6869228754636,63.40782122905028,53.528010340719966,36.8434614377318
2003-03-02,61.8669936160318,58.21987671293627,53.13448611169831,30.9334968080159
2003-03-03,66.26657763276899,48.87118193891102,49.61921103569527,33.13328881638449
2003-03-04,4.580540320942514,54.905091360652825,54.68041167309906,2.290270160471257
2003-03-05,10.554361984673422,52.06150470930893,51.84392603995737,5.277180992336711
2003-03-06,98.37852902179696,99.79166666666669,50.80735742456359,49.18926451089848
2003-03-07,11.95822365915381,50.33648022457652,50.29368699906054,5.979111829576905
2003-03-08,31.034628664274592,55.98134854899074,54.12505923769548,15.517314332137296
2003-03-09,99.24246902737076,32.10702341137124,49.86445516041584,49.62123451368539
2003-03-10,35.7454767022663,55.0937084304661,53.27293807017247,17.87273835113315
2003-03-11,49.930677668064384,40.89082497551751,45.43909779521169,24.965338834032192
2003-03-12,17.992382564536605,45.95838665730917,46.68556919170546,8.996191282268303
2003-03-13,25.08506136267457,43.895742950108456,45.42699957680914,12.542530681337285
2003-03-15,11.115812276812155,50.42460823701899,50.37740958248007,5.557906138406079
2003-03-16,9.792867602867856,44.8902027027027,45.38755851257438,4.896433801433928
2003-03-17,82.43001233337276,64.03673253521805,52.46625217523526,41.21500616668638
2003-03-18,3.1102645502645503,46.58540847531673,46.691216931216935,1.5551322751322751
2003-03-19,3.2491280349463274,47.53863115342212,47.61860417865972,1.6245640174731637
2003-03-20,3.7201625190452,47.08162996175656,47.19019807008634,1.8600812595226
2003-03-21,4.052178035112668,47.1604894703874,47.27555149237307,2.026089017556334
2003-03-22,9.93374681637799,50.26258185131949,50.236497635023646,4.966873408188995
2003-03-23,2.321387753028725,44.35286062213439,44.48395262404863,1.1606938765143626
2003-03-24,4.0917403230722345,46.134018343440765,46.29220427376477,2.045870161536117
2003-03-25,1.9032782443782168,42.90979078920113,43.04473719859117,0.9516391221891086
2003-03-26,19.68568575345712,41.68554599003172,43.32230327854979,9.84284287672856
2003-03-27,30.036537095300925,39.03919150890936,42.33143881728069,15.018268547650464
2003-03-28,24.23757784998646,39.293891637720165,41.88879298673165,12.11878892499323
2003-03-29,45.884892086330936,41.39700017204436,45.34447735928904,22.942446043165468
2003-03-30,48.97657109024782,31.2639867384998,40.4402435929967,24.48828554512391
2003-03-31,95.95789793797888,39.268547544409614,49.56622373900777,47.97894896898944
2003-04-01,3.875621174538405,38.78926136663907,39.2201349440837,1.9378105872692024
2003-04-02,100.0,-1.0,50.0,50.0
2003-04-03,89.26790092146419,99.873966128397,55.35252345929496,44.633950460732095
2003-04-04,40.78844916889536,51.225265927027344,50.71769525034699,20.39422458444768
2003-04-05,3.747851779107864,52.276766077241135,52.18081458843052,1.873925889553932
2003-04-06,26.803905641858734,38.979759331399045,41.93361424171659,13.401952820929369
2003-04-07,88.37529570800946,15.61886765026528,46.00329503210544,44.18764785400473
2003-04-08,5.273629313556165,48.65920683957181,48.50951606894917,2.6368146567780824
2003-04-09,90.9982679227747,19.626431387272387,47.26585273119006,45.49913396138735
2003-04-10,99.7449561273868,100.0,50.12752193630659,49.87247806369341
2003-04-11,76.73665429269654,44.75664279742648,48.78021968729653,38.36832714634827
2003-04-12,98.61583805558604,100.0,50.69208097220697,49.30791902779303
2003-04-13,10.205135585902116,49.52322565432681,49.555948762667526,5.102567792951057
2003-04-14,21.058379330195383,45.449280957436535,46.40758863567099,10.529189665097691
2003-04-15,84.32559476505301,55.9546925566343,50.933362641822086,42.162797382526506
2003-04-16,8.557761503619354,43.30460062773709,43.877576937730176,4.278880751809677
2003-04-17,23.451773211761022,39.44789754252472,41.922552679924486,11.725886605880511
2003-04-18,9.259086791238753,39.44763237695358,40.42468525370202,4.629543395619376
2003-04-19,97.62823815597206,32.12250712250712,49.57598844526281,48.81411907798603
2003-04-20,98.1374958822188,95.19274376417232,50.84171671354603,49.06874794110939
2003-04-21,81.28530834545516,33.566812779610466,46.92457968269003,40.64265417272758
2003-04-22,58.20171136740285,26.88635352186754,40.33889133155207,29.100855683701425
2003-04-23,74.15210905741064,25.483913157206384,43.663108609484205,37.07605452870532
2003-04-24,4.764202861739056,35.7936006970066,36.46981627296588,2.382101430869528
2003-04-25,39.38039992214804,29.58847506840136,37.62661521667386,19.69019996107402
2003-04-26,78.9381159248804,13.868378812199037,42.389999830964015,39.4690579624402
2003-04-27,64.72658067244662,34.094288043738906,44.389511524635225,32.36329033622331
2003-04-28,92.25674556912836,41.413921012437264,49.33515805835741,46.12837278456418
2003-04-29,69.33263428494114,31.337892240666186,44.27682316330672,34.66631714247057
2003-04-30,99.30665225359132,69.79293544457978,50.13723387185313,49.653326126795655
2003-05-01,73.4135139935551,17.78011070815041,41.43386364213037,36.70675699677755
2003-05-02,89.20085845613086,30.036773335419763,47.84414289576856,44.60042922806543
2003-05-03,23.58976963909278,32.90501553484243,36.90007534774253,11.79488481954639
2003-05-04,1.9812039624079247,27.737755895309668,28.178816357632712,0.9906019812039624
2003-05-05,1.4833629667259334,27.080217948056863,27.42020150706968,0.7416814833629667
2003-05-06,1.624756582846499,24.977838214663787,25.384387435441536,0.8123782914232495
2003-05-07,0.7484548302429939,24.58669578421169,24.77690288713911,0.3742274151214969
2003-05-08,37.96666977004004,19.382478545017943,31.006931807602133,18.983334885020017
2003-05-09,99.23571289829492,60.0,50.0764287101705,49.61785644914746
2003-05-10,99.56083306589191,28.46153846153846,49.905410198807495,49.78041653294597
2003-05-11,87.33345161753647,18.836712913553896,46.052687163629294,43.66672580876824
2003-05-13,95.21753457992884,29.04593639575972,48.99787915402749,47.608767289964426
2003-05-14,74.31550286651671,25.977276469619625,43.827687676514856,37.15775143325836
2003-05-15,50.8744616582196,24.081442819492533,37.26594295480891,25.4372308291098
2003-05-16,31.939694578945588,22.694991355828908,31.416127721531844,15.969847289472794
2003-05-17,87.66924278896913,6.479895883279677,44.63364162337937,43.83462139448456
2003-05-18,81.30652331930287,12.940272188814031,43.07224842368612,40.65326165965144
2003-05-19,22.409691592661886,14.755815475930694,22.65392853212329,11.204845796330943
2003-05-20,99.93074967697255,100.0,50.03462516151372,49.96537483848629
2003-05-21,62.27292716755184,15.933647164312934,37.14776225432157,31.13646358377592
2003-05-22,46.45985524891775,12.24731522425774,29.78684726731602,23.229927624458877
2003-05-23,36.77565035012347,13.241215104535907,26.759497310645784,18.38782517506173
2003-05-24,29.97164501248466,16.117725267420077,26.27280037242372,14.98582250624233
2003-05-25,34.834570492691306,19.10742814095154,29.868722862197096,17.417285246345653
2003-05-26,37.09946270677328,14.437912804853442,27.631256081567034,18.54973135338664
2003-05-27,98.8142392635446,28.917378917378915,49.75001055698661,49.407119631772304
2003-05-28,51.30043629722325,12.780401416765052,31.87421787803971,25.650218148611625
2003-05-29,91.37600418993232,25.134685081790572,47.855616283293486,45.688002094966166
2003-05-30,58.72108751521709,19.712050462849184,37.49746381712431,29.360543757608543
2003-05-31,50.9163366839273,17.781110479047076,34.18578874335804,25.45816834196365
2003-06-01,20.418857031600517,19.39793638974577,25.646528007043027,10.209428515800257
2003-06-02,23.857171881349046,18.65119071442865,26.13013002844372,11.928585940674523
2003-06-03,12.704768838733164,17.220745970479275,21.38527442199101,6.352384419366581
2003-06-04,20.187896741430382,13.915459500731725,21.20016927634363,10.093948370715191
2003-06-05,45.06738407654628,17.578389699993842,32.189961337698705,22.53369203827314
2003-06-06,69.10654982719137,18.99669028146284,40.422007960182185,34.553274913595686
2003-06-07,70.64082827223359,13.958915555043362,39.41863612525587,35.3204141361168
2003-06-08,23.97542024275049,13.211979514584726,22.03206202495218,11.987710121375247
2003-06-09,58.64293020228404,13.65763924374042,34.96986449589599,29.321465101142017
2003-06-10,5.942262106332543,16.17177163121844,18.181933626820182,2.971131053166272
2003-06-11,36.76005346055592,11.23179197710036,25.4830059720178,18.38002673027796
2003-06-12,20.506678403954563,16.519192887185223,23.38499432885849,10.253339201977282
2003-06-13,12.393965561030122,8.678804043215244,13.80013883950492,6.196982780515061
2003-06-14,10.918431253067926,11.4481697179285,15.657424804075898,5.459215626533963
2003-06-15,40.5250107896318,11.26193423542636,26.960539566214493,20.2625053948159
2003-06-16,29.332114688060663,12.824535351599922,23.72888527808808,14.666057344030332
2003-06-17,38.75031728572637,17.85581080521059,30.311786107115665,19.375158642863184
2003-06-18,51.71483426792858,11.313913363344954,31.320358952238376,25.85741713396429
2003-06-19,94.84184298323407,29.01588341247748,48.91760631783437,47.42092149161704
2003-06-20,4.525905858449035,7.443204994058915,9.369285472400948,2.2629529292245176
2003-06-21,0.3666073998814664,6.326639870153046,6.486749640165947,0.1833036999407332
2003-06-22,0.0211667090000846,6.18960917982809,6.198882397764796,0.0105833545000423
2003-06-23,31.82952517109237,11.664701867593225,23.866645236060943,15.914762585546184
2003-06-24,21.73012194915684,8.808116605979405,17.75916310065457,10.86506097457842
2003-06-25,28.60782853079606,10.881345079858187,22.072342802966176,14.30391426539803
2003-06-26,66.77286594383551,8.627091917188057,36.25296836839036,33.38643297191776
2003-06-27,41.50313258309166,10.149452201312403,26.68867788929003,20.75156629154583
2003-06-28,63.080266907977645,22.5380826938495,39.86113342861734,31.540133453988823
2003-06-29,16.53275989061693,8.513120124963232,15.372046360811735,8.266379945308465
2003-06-30,63.09995857252767,11.325466834688967,35.7290812401187,31.549979286263834
2003-07-01,75.36340894493087,16.09550272717917,41.64708765761807,37.68170447246544
2003-07-02,22.6291516818278,7.331051152209815,16.98667230801777,11.314575840913898
2003-07-03,72.98092532467533,12.48278883464764,39.8631966991342,36.49046266233766
2003-07-04,93.79978544216652,20.01362397820164,48.14078034852977,46.89989272108326
2003-07-05,82.25856895312961,16.742103006336652,44.09957313723004,41.129284476564806
2003-07-06,20.103280423280424,10.446290449045328,18.3978835978836,10.051640211640212
2003-07-07,24.312885668576843,13.28285765411112,22.2098544934357,12.156442834288422
2003-07-08,8.778108913573558,8.613008613008613,12.246003793010024,4.389054456786779
2003-07-09,90.8474261289723,19.344716197508077,47.19425250460374,45.42371306448615
2003-07-10,20.45121693121693,10.6026583800696,18.65989417989418,10.225608465608463
2003-07-11,33.67217388360362,10.15759586550118,23.5733994650777,16.83608694180181
2003-07-12,93.03761646913726,23.489444309633583,48.154233436673735,46.51880823456863
2003-07-13,4.211007543240291,6.925626408590746,8.739491529728493,2.1055037716201457
2003-07-14,4.224028448056896,11.944731747420905,13.552197104394208,2.112014224028448
2003-07-15,7.241554483108967,9.725531002126749,12.642028617390569,3.620777241554483
2003-07-16,3.244021164021164,11.424146710647197,12.675555555555556,1.622010582010582
2003-07-17,73.73023995398837,25.474097685051035,43.5571043127437,36.86511997699419
2003-07-18,0.1066802133604267,4.5506170328180096,4.599102531538397,0.0533401066802133
2003-07-19,0.0,3.953094572855812,3.953094572855812,0.0
2003-07-20,1.169249005164677,7.948324752203822,8.440013546693761,0.5846245025823384
2003-07-21,2.093810854288375,10.43178221503498,11.26026585386504,1.0469054271441876
2003-07-22,3.431667160452025,6.316564546243458,7.815634655267278,1.7158335802260127
2003-07-23,9.126463442507768,6.58605656369937,10.548214240364349,4.563231721253883
2003-07-24,96.09169770840197,100.0,51.954151145799024,48.04584885420098
2003-07-25,6.346626026585386,7.979098486629178,10.646007958682585,3.173313013292693
2003-07-26,20.505724948589705,8.310977686935786,16.859613936208927,10.252862474294853
2003-07-27,24.57956344000474,13.815508921557626,22.709498861626223,12.28978172000237
2003-07-28,47.425611861480654,15.346725903032644,31.781253173555395,23.712805930740327
2003-07-29,33.774604758964294,7.019963980534161,21.53630127136924,16.887302379482147
2003-07-30,0.2116670900008466,3.5923977600543013,3.690627381254762,0.1058335450004233
2003-07-31,54.83851881904472,8.618592203028205,31.31154330535622,27.41925940952236
2003-08-01,79.04754656993312,16.70366035756084,43.02359994250104,39.52377328496656
2003-08-02,6.292859682690192,7.905316890274201,10.554276232242334,3.146429841345096
2003-08-03,3.7253092430002286,10.79051279119874,12.251187442321209,1.8626546215001143
2003-08-04,0.4148674964016595,7.385648699200815,7.562441791550249,0.2074337482008297
2003-08-05,8.594113713506971,9.04469097846017,12.564436807489482,4.2970568567534855
2003-08-06,6.789532944473134,13.369299655776864,15.856353123439126,3.394766472236567
2003-08-07,1.84743036152739,5.926092057138914,6.740326813986962,0.923715180763695
2003-08-08,6.494924781795247,9.960978171315787,12.561482522455403,3.247462390897624
2003-08-09,60.843490691320646,11.15095480860624,34.78807000329885,30.421745345660323
2003-08-10,10.830942163310564,11.18114421862986,15.385592036769,5.415471081655282
2003-08-11,0.100753534840403,3.786729496317516,3.8332909999153335,0.0503767674202015
2003-08-12,1.2123982965465276,4.8405481612259065,5.388060586048953,0.6061991482732638
2003-08-13,0.0440267547201761,3.78373341916685,3.804080941495216,0.022013377360088
2003-08-14,43.92810949269175,10.509890242431553,27.857148895520368,21.96405474634588
2003-08-15,100.0,-1.0,50.0,50.0
2003-08-16,21.46858709633742,7.158482311231802,16.355950849637804,10.73429354816871
2003-08-17,52.21304755706932,15.462841781330692,33.49574462690478,26.10652377853466
2003-08-18,50.54149793292358,11.835695116322798,31.124506480221164,25.27074896646179
2003-08-19,19.27123449997884,10.096773855332,17.78661813872783,9.63561724998942
2003-08-20,32.67744856593969,14.128398848508466,25.850322864566145,16.338724282969846
2003-08-21,65.69455363105352,10.66702806593894,36.50664840784791,32.84727681552676
2003-08-22,37.858884073672805,17.75907159202354,29.965127302275192,18.9294420368364
2003-08-23,6.459642052862392,9.202809354862069,11.838161838161838,3.229821026431196
2003-08-24,3.458201058201058,6.4766748509294985,7.981798941798941,1.729100529100529
2003-08-25,33.039401530025046,8.495311275686879,22.208212037099724,16.519700765012523
2003-08-26,1.1362289391245448,4.925150726226364,5.437304207941749,0.5681144695622724
2003-08-27,0.0211667090000846,3.134183003768472,3.1441029548725763,0.0105833545000423
2003-08-28,18.56266655386828,10.480662352097898,17.816505223975295,9.28133327693414
2003-08-29,98.55666098001792,98.53715623171443,50.700555715082,49.27833049000896
2003-08-30,38.797370358149095,10.04202610042026,25.54466922185276,19.398685179074548
2003-08-31,53.78837223072823,12.864726340838368,32.8391855655278,26.894186115364118
2003-09-01,56.713428547283016,7.330977528747974,31.530043099805628,28.356714273641508
2003-09-02,38.01521420895421,11.639113756433185,26.22208683437836,19.007607104477103
2003-09-03,3.563627127254255,6.445948674726297,7.998052662771993,1.7818135636271275
2003-09-04,0.0999068664803996,4.295206454674893,4.340868681737364,0.0499534332401998
2003-09-05,0.0101600203200406,4.002608003522498,4.007281347896029,0.0050800101600203
2003-09-06,99.88007465774828,92.95774647887325,50.05151722448842,49.94003732887414
2003-09-07,84.38638149722408,15.402933376630406,44.598146004275854,42.19319074861204
2003-09-08,98.7230916046651,96.494708994709,50.593694842539975,49.36154580233255
2003-09-09,100.0,-1.0,50.0,50.0
2003-09-10,46.74064738769676,7.68644390801677,27.46407395816593,23.37032369384838
2003-09-11,27.323366574674505,9.594641817122888,20.63474594924064,13.661683287337253
2003-09-12,76.6731742771904,18.4304916488533,42.63583580538019,38.3365871385952
2003-09-13,42.42711302450288,9.979579544285944,26.95908856391302,21.21355651225144
2003-09-14,1.7153500973668614,5.378002136383998,6.143425620184574,0.8576750486834307
2003-09-15,0.21251375836085,5.868877217692328,5.96266192532385,0.106256879180425
2003-09-16,2.9689642911566008,5.4765955590455,6.798479538104671,1.4844821455783004
2003-09-17,0.0728134789602912,4.9989832576425135,5.031750063500127,0.0364067394801456
2003-09-18,0.0262467191601049,4.357252348004302,4.369232071797477,0.0131233595800524
2003-09-19,0.0,4.119041571416476,4.119041571416476,0.0
2003-09-20,0.0076200152400304,4.188787563187441,4.192278384556769,0.0038100076200152
2003-09-21,0.0,3.743967487934976,3.743967487934976,0.0
2003-09-22,9.605045929814164,7.813992694577128,11.865978072217754,4.802522964907082
2003-09-23,99.9037251606692,100.0,50.04813741966541,49.9518625803346
2003-09-24,55.100244581545525,7.416971387642778,30.880324303281117,27.55012229077276
2003-09-25,0.1032935399204131,4.034308573753263,4.081788163576327,0.0516467699602065
2003-09-26,0.0829734992803319,4.070772463817239,4.108881551096435,0.0414867496401659
2003-09-27,1.6713233426466851,5.366983536543363,6.112945559224452,0.8356616713233426
2003-09-28,7.641446338015053,6.808869496667981,10.109296556862148,3.8207231690075263
2003-09-29,45.40539625866168,8.926495885443304,27.57608318597548,22.70269812933084
2003-09-30,69.07799018778549,20.74625232519969,40.95415327355777,34.538995093892744
2003-10-01,94.9900341204689,97.35333782872556,52.372386068038246,47.49501706023445
2003-10-02,28.63160744042836,9.183250168896896,20.86974175048004,14.31580372021418
2003-10-03,95.23700867919106,30.021291696238467,49.048415857482105,47.61850433959553
2003-10-04,82.3067107231288,21.68409991880403,44.98998588728419,41.1533553615644
2003-10-05,97.740919340264,100.0,51.12954032986801,48.870459670132
2003-10-06,31.974032789105284,45.35410341910118,46.83958391522569,15.987016394552642
2003-10-07,97.65259405672968,30.514573587621445,49.54259794232426,48.82629702836484
2003-10-08,73.15267188477338,19.189597632390907,41.72823018274644,36.57633594238669
2003-10-09,83.184584178499,23.854041013269,45.60344827586207,41.5922920892495
2003-10-10,1.7568219725512442,37.81929745940915,38.03329071805336,0.8784109862756221
2003-10-11,8.532651488853706,33.61843140521877,35.016213561818965,4.266325744426853
2003-10-12,3.022503682882639,28.82909624249197,29.468987588262184,1.5112518414413194
2003-10-13,19.605983897322147,29.388472919891743,33.42956560020996,9.802991948661074
2003-10-14,50.60543538922055,36.38106650689036,43.27298709644688,25.302717694610276
2003-10-15,4.745576157818983,21.455046442380336,22.80966895267124,2.3727880789094917
2003-10-16,3.920921175175684,21.52028128552419,22.636948607230547,1.9604605875878416
2003-10-17,5.45254423842181,19.86567565147309,21.50876301752604,2.726272119210905
2003-10-18,37.04440082574706,19.07110507855021,30.5285288842262,18.52220041287353
2003-10-19,30.69163655442629,20.8556672079706,29.800539904712743,15.345818277213144
2003-10-20,99.44430838351168,100.0,50.27784580824417,49.72215419175584
2003-10-21,93.72983564466816,86.19342672413794,52.26938734143004,46.864917822334085
2003-10-22,92.94911874545852,67.8370281605752,51.25766767494128,46.47455937272927
2003-10-23,99.97044193529318,100.0,50.01477903235342,49.98522096764659
2003-10-24,88.62548034289092,98.9085239085239,55.56310966597694,44.31274017144546
2003-10-25,9.136003115027467,67.30045461320614,65.71988454082971,4.568001557513734
2003-10-26,6.330474827939421,54.75422281267793,54.4532579342572,3.1652374139697104
2003-10-27,4.188149239326442,46.97716749726081,47.10376823373039,2.094074619663221
2003-10-28,4.699657113829742,42.01076720798834,42.38623375523854,2.349828556914871
2003-10-29,99.61067806200438,59.00216919739696,50.03504741958095,49.80533903100219
2003-10-30,99.9611522578139,100.0,50.01942387109306,49.98057612890695
2003-10-31,99.04907483257468,100.0,50.47546258371266,49.52453741628734
2003-11-01,99.87754516050028,100.0,50.061227419749855,49.93877258025015
2003-11-02,9.989333423632392,45.31252939074168,45.78077645903527,4.994666711816196
2003-11-03,16.09861789374794,51.467739983052894,51.23145413150745,8.04930894687397
2003-11-04,2.1597047020775832,41.40714909965648,41.59272930459371,1.0798523510387916
2003-11-05,2.1029461564510665,41.86066622851016,42.03183203521842,1.0514730782255333
2003-11-06,3.947167894335789,38.87331640928002,39.312505291677255,1.9735839471678944
2003-11-07,77.83628449478088,37.23830225374671,47.17153361788446,38.91814224739044
2003-11-08,99.92061548335882,100.0,50.0396922583206,49.96030774167941
2003-11-09,9.662481905068274,72.59565376289675,70.41235280672497,4.831240952534137
2003-11-10,12.608875985068437,62.73064517691272,61.1254539144567,6.3044379925342175
2003-11-11,4.908567558415171,51.16539947650504,51.108195055875385,2.4542837792075853
2003-11-12,76.89621939672662,94.69793991730396,60.326913972676856,38.44810969836331
2003-11-13,75.74172062279175,55.656991532806025,51.3722888103731,37.87086031139587
2003-11-14,34.46879043374574,71.37178990837528,64.00519243291699,17.23439521687287
2003-11-15,59.06973204697845,84.25847501394426,64.02208561982633,29.534866023489226
2003-11-16,84.5026991864424,64.1027038813781,52.18553844334243,42.2513495932212
2003-11-17,51.17138916856329,51.66169947324647,50.81138476897955,25.585694584281644
2003-11-18,50.421568047087085,37.45948896394091,43.78261126943991,25.210784023543543
2003-11-19,9.861599018072544,45.70315067849932,46.12688872899648,4.930799509036272
2003-11-20,5.403026507329294,39.39269226639945,39.96580791495988,2.701513253664647
2003-11-21,99.84376451512104,100.0,50.07811774243947,49.921882257560526
2003-11-22,100.0,-1.0,50.0,50.0
2003-11-23,95.84487768617382,77.63773124618825,51.14838153804568,47.92243884308691
2003-11-24,99.5481838680528,80.37383177570094,50.13723387185313,49.7740919340264
2003-11-25,72.37758102125646,54.16118672579905,51.14942043188807,36.18879051062823
2003-11-26,99.71201999814208,100.0,50.14399000092897,49.85600999907104
2003-11-27,89.44660792877114,82.11798607220044,53.38953699558199,44.72330396438557
2003-11-28,100.0,-1.0,50.0,50.0
2003-11-29,17.162763922046697,71.05540169035963,67.44171280540459,8.581381961023348
2003-11-30,31.78062497357182,63.08605856246746,58.92722736690769,15.89031248678591
2003-12-01,99.32185354401196,100.0,50.33907322799402,49.66092677200598
2003-12-02,92.32841543437688,89.66314398943197,53.04279163253413,46.16420771718844
2003-12-03,98.70945945945944,93.717277486911,50.56418918918919,49.354729729729726
2003-12-04,29.532586894152896,66.47330811265238,61.60831407994177,14.766293447076448
2003-12-05,6.09767453672742,56.40979409325304,56.01894571097209,3.04883726836371
2003-12-06,2.3608983095324763,50.267027326952416,50.26072308330441,1.180449154766238
2003-12-07,1.6763323879270202,48.868988676970766,48.88794818608983,0.8381661939635101
2003-12-08,3.178539987810659,47.27970554550144,47.36617119252387,1.5892699939053294
2003-12-09,1.5518642690236717,46.50206823009383,46.556351383385824,0.7759321345118358
2003-12-10,98.04055708988945,95.73275862068964,50.89610729639108,49.02027854494472
2003-12-11,93.493289611575,66.6320301337836,51.08219803252088,46.7466448057875
2003-12-12,19.90642027955461,52.93309810798533,52.34922327139812,9.953210139777305
2003-12-13,81.48504815002534,76.23414545122729,54.85723939854705,40.74252407501267
2003-12-14,44.28352820824985,40.860671906770655,44.90788884098038,22.141764104124924
2003-12-15,72.84208390745327,51.34621969060292,50.36560521399528,36.42104195372664
2003-12-16,85.27093138207536,38.38343276732446,48.28898784125187,42.63546569103768
2003-12-25,13.785343237618234,47.11198775317946,47.51011015414812,6.892671618809117
2003-12-26,24.83113541331618,56.366686935567415,54.785766281254766,12.41556770665809
2003-12-27,82.94484542181505,28.52824578790882,46.33795912847991,41.47242271090752
2003-12-28,99.8598103216762,100.0,50.070094839161904,49.929905160838096
2003-12-29,97.3909371172769,100.0,51.30453144136155,48.69546855863845
2003-12-30,80.2005033698755,92.21516017574542,58.35838921639838,40.10025168493775
2003-12-31,97.87334753355648,100.0,51.06332623322176,48.93667376677824
2004-01-02,87.2400101377038,100.0,56.37999493114809,43.6200050688519
2004-01-03,4.7665814382715,79.12236406955657,77.73422286943122,2.38329071913575
2004-01-04,55.42864389584038,81.00874447542633,63.82101792357119,27.71432194792019
2004-01-05,34.48695725700757,71.29544779875837,63.95129581871222,17.243478628503784
2004-01-06,86.93441446007012,86.98041243777878,54.83170742007686,43.46720723003506
2004-01-07,74.2410404722039,82.05574340960572,58.257225971214496,37.12052023610195
2004-01-08,84.67852950366948,97.6298092823283,57.29758717665042,42.33926475183474
2004-01-09,44.27793836739524,74.17446569690719,63.47051067498352,22.13896918369762
2004-01-10,83.2264280100398,64.35409109230149,52.407693802871655,41.6132140050199
2004-01-11,95.0829363872842,84.40398488491927,51.69166582210061,47.5414681936421
2004-01-12,98.9781354772783,92.89256198347108,50.43830387379551,49.48906773863915
2004-01-13,100.0,-1.0,50.0,50.0
2004-01-14,5.003598188206409,71.25440042778843,70.19091563306947,2.5017990941032044
2004-01-15,97.58546719816228,72.33298356068556,50.53923721370178,48.792733599081146
2004-01-16,94.75977738554695,63.02981466559226,50.68279129472768,47.37988869277348
2004-01-17,99.73397741763856,100.0,50.13301129118072,49.866988708819285
2004-01-18,100.0,-1.0,50.0,50.0
2004-01-19,32.5,78.50799734465612,69.24289820764288,16.25
2004-01-20,67.43346521930269,71.70893798188001,57.06984883838896,33.716732609651345
2004-01-21,41.06338188919794,62.29056690383291,57.24364447976463,20.53169094459897
2004-01-22,7.999424319130383,73.09610571260306,71.24855021545703,3.999712159565192
2004-01-23,7.266602909687958,71.9177519599164,70.32507595825894,3.633301454843979
2004-01-24,4.199119539451406,71.1611876988335,70.2726041313918,2.099559769725703
2004-01-25,81.22697001453636,74.10525368027731,54.52528650147054,40.61348500726818
2004-01-26,96.04003885627402,100.0,51.979980571863,48.02001942813701
2004-01-27,94.75395712620572,99.87119626469168,52.61626433771982,47.37697856310286
2004-01-28,34.04654940480723,80.60419472772755,70.18452244980837,17.023274702403615
2004-01-29,97.412402563951,81.52741514360314,50.8158025859084,48.706201281975495
2004-01-30,4.803264255722606,71.5554804631227,70.52011377488826,2.401632127861303
2004-01-31,26.004129923325603,79.23371647509579,71.63174286149524,13.002064961662802
2004-02-01,100.0,-1.0,50.0,50.0
2004-02-02,99.21868401047384,100.0,50.39065799476307,49.609342005236925
2004-02-03,66.12969986737737,68.62031125299282,56.30675530701718,33.064849933688684
2004-02-04,95.38218577665928,94.05632772494512,52.034439367964126,47.69109288832964
2004-02-05,4.1214768907740895,67.8705461609784,67.13401573069856,2.0607384453870448
2004-02-06,43.95694524300741,75.96143691253904,64.54958230459634,21.978472621503705
2004-02-07,48.99556306782168,80.60678364898676,65.61081766321571,24.49778153391084
2004-02-08,35.896568635740984,56.35140482785912,54.07146843449291,17.948284317870492
2004-02-09,45.619345565232095,54.79196467442004,52.60590175023252,22.809672782616047
2004-02-10,12.298953712795855,62.935436232541534,61.34451291775302,6.149476856397928
2004-02-11,49.04647584912678,49.47658310798481,49.73330064751729,24.52323792456339
2004-02-12,51.83015486576047,64.3367320077918,56.90598160546426,25.915077432880235
2004-02-13,23.66187409557498,56.22228627172756,54.74997672824514,11.83093704778749
2004-02-14,13.80022515087648,65.16855035889984,63.07525625724757,6.90011257543824
2004-02-15,4.977950076603381,59.693568501692496,59.211027501036895,2.48897503830169
2004-02-16,5.567691135382271,58.22529452902254,57.76733553467107,2.783845567691136
2004-02-17,3.677366924014628,58.43879631582648,58.12847081132331,1.838683462007314
2004-02-18,39.32239235259284,57.63241178356825,54.63116487606802,19.66119617629642
2004-02-20,96.3457786861018,86.91934365611277,51.349114524833,48.1728893430509
2004-02-21,100.0,-1.0,50.0,50.0
2004-02-22,99.75928037501583,100.0,50.12035981249208,49.87964018750792
2004-02-23,99.69428515931796,100.0,50.15285742034101,49.84714257965898
2004-02-24,90.4110630533216,100.0,54.79446847333919,45.205531526660806
2004-02-25,84.99167237341585,96.54686795853988,56.98590644313119,42.495836186707926
2004-02-26,83.7608210469363,87.0685616117445,56.01963005545787,41.88041052346815
2004-02-27,99.3995490283842,83.96624472573839,50.203950646477104,49.69977451419209
2004-02-28,100.0,-1.0,50.0,50.0
2004-02-29,70.99967872300851,82.37952246290196,59.3901655421972,35.49983936150426
2004-03-01,27.25911513408341,83.30212706571923,74.22426190677608,13.629557567041706
2004-03-02,19.11631566923604,74.92781822746673,70.16126985201419,9.55815783461802
2004-03-03,2.462853998222072,72.8156519625714,72.25373576599077,1.2314269991110358
2004-03-04,2.979224165664844,70.89001946017645,70.26405797592238,1.489612082832422
2004-03-05,0.8542883752434172,67.72273507484992,67.57133180933027,0.4271441876217086
2004-03-06,96.2155953617607,99.84378486944878,51.88629050647343,48.10779768088035
2004-03-07,99.96537483848628,100.0,50.01731258075686,49.98268741924314
2004-03-08,93.64532394152076,98.24561403508773,53.06585248435402,46.82266197076038
2004-03-09,27.440860942840708,69.98203914067784,64.48695387322752,13.720430471420354
2004-03-10,83.19370355654372,86.89134808853119,56.20006932174589,41.59685177827186
2004-03-11,98.38359611860383,100.0,50.80820194069807,49.19179805930192
2004-03-12,73.04816538952207,92.00025077583774,61.31983812508977,36.52408269476104
2004-03-13,62.91758618065596,79.09797751784208,60.790232436225885,31.45879309032798
2004-03-14,99.15210580098132,92.33067729083665,50.35891935715432,49.576052900490666
2004-03-15,5.035892052957709,70.94301275594341,69.88834524091693,2.5179460264788545
2004-03-16,3.622403196586695,67.4589580753116,66.82652421990079,1.811201598293348
2004-03-17,7.557455453506582,63.21481223731079,62.21610868921149,3.778727726753291
2004-03-18,4.165149886135638,60.53726491347402,60.09837203592865,2.082574943067819
2004-03-19,3.670967523451522,62.46792054842679,62.0102272342443,1.835483761725761
2004-03-20,84.58705366570649,59.94190507508495,51.532340493829246,42.293526832853246
2004-03-21,81.90764444294145,81.97196261682242,55.78448115520536,40.95382222147072
2004-03-22,47.76227914447544,53.39936236668771,51.7752979964494,23.88113957223772
2004-03-23,100.0,-1.0,50.0,50.0
2004-03-24,100.0,-1.0,50.0,50.0
2004-03-25,97.9342786443598,90.84219133278822,50.84368586847283,48.967139322179904
2004-03-26,99.93666128991394,100.0,50.03166935504303,49.96833064495697
2004-03-27,75.19132706992634,54.52685421994885,51.11751921727144,37.59566353496317
2004-03-28,3.39097827099046,61.72643716431119,61.32879622810804,1.69548913549523
2004-03-29,3.748571428571429,56.5582205335233,56.31238095238095,1.8742857142857143
2004-03-30,2.444453849083753,54.96152077531082,54.84023868974565,1.2222269245418764
2004-03-31,45.00228360708426,56.703472457170975,53.68675677047211,22.50114180354213
2004-04-01,52.41706803003242,36.32191269078877,43.49156502086525,26.20853401501621
2004-04-02,90.59189294223005,48.96731321839081,49.902843722014765,45.295946471115016
2004-04-03,71.35262597406988,42.95323794069922,47.98128771615477,35.67631298703494
2004-04-04,99.956085161007,100.0,50.0219574194965,49.9780425805035
2004-04-05,70.84950081577101,45.474581677928256,48.680817968941525,35.424750407885504
2004-04-06,97.05517223906564,38.14166905649555,49.65079257839221,48.52758611953281
2004-04-07,86.33802221940607,40.12738853503185,48.651206015291685,43.16901110970304
2004-04-08,53.19850795503566,39.800086761622445,45.22359528703257,26.59925397751783
2004-04-09,99.96368580621731,100.0,50.018157096891336,49.98184290310866
2004-04-10,88.74656752988889,30.655454613709736,47.82307464830383,44.373283764944446
2004-04-11,68.45958123061057,39.5368782161235,46.69988757301415,34.22979061530528
2004-04-12,38.63805591281392,52.65995587424159,51.63220063629594,19.31902795640696
2004-04-13,98.36918425430927,52.61522527187985,50.0426495055191,49.18459212715464
2004-04-14,40.658959341887,37.67688006390505,42.68382477402756,20.3294796709435
2004-04-15,96.62899520237856,100.0,51.68550239881073,48.31449760118928
2004-04-16,98.91141870265432,71.21799844840963,50.23097516278049,49.45570935132716
2004-04-17,99.8817677411727,15.714285714285714,49.95946322554492,49.94088387058635
2004-04-18,99.94510645125877,98.46153846153848,50.02660225823614,49.972553225629376
2004-04-19,99.28552728255453,78.01418439716312,50.20015370453259,49.64276364127726
2004-04-20,43.86221718308429,51.49158112121075,50.83385510974227,21.931108591542145
2004-04-21,3.783728865220005,48.28760493479523,48.35239732116399,1.8918644326100025
2004-04-22,16.008363525547693,45.10436298767398,45.88807435749839,8.004181762773847
2004-04-23,71.84346958279417,33.40442148263848,45.327260886847824,35.921734791397085
2004-04-24,92.59518902665631,46.73206341964184,49.758015473495725,46.29759451332816
2004-04-25,61.14722914993448,29.927976151619998,42.201462569218414,30.57361457496724
2004-04-26,5.326029902301089,42.79759934885468,43.172505460641055,2.6630149511505445
2004-04-27,88.11260320974925,33.57742073084032,48.04778283908153,44.05630160487463
2004-04-28,71.7110491165779,17.4550996623136,40.79338912841322,35.85552455828895
2004-04-29,93.72888228138936,24.48814655172414,48.4001216380592,46.86444114069469
2004-04-30,99.9831096773104,45.0,49.99915548386552,49.9915548386552
2004-05-01,83.4884114363052,25.025614754098363,45.87633226188462,41.7442057181526
2004-05-02,99.9223025471252,31.521739130434785,49.98564286196879,49.9611512735626
2004-05-03,100.0,-1.0,50.0,50.0
2004-05-04,100.0,-1.0,50.0,50.0
2004-05-05,98.8066987019787,100.0,50.596650649010655,49.40334935098935
2004-05-06,97.7707383003886,27.92724516862448,49.50794053049501,48.88536915019429
2004-05-07,79.93948971916807,48.13188668890109,49.60490843171888,39.96974485958403
2004-05-08,98.29320406388028,31.568530430479964,49.68541242642029,49.14660203194014
2004-05-09,99.88767935411406,51.127819548872175,50.00126677420173,49.94383967705703
2004-05-10,98.1766434700358,49.51366373320982,49.9911323559219,49.08832173501791
2004-05-11,69.32977050178424,34.92417976288944,45.37621133453973,34.66488525089212
2004-05-12,88.93594360196785,34.43349377339751,48.27771297188552,44.467971800983925
2004-05-13,97.5381107216756,23.293310463121784,49.34251087369621,48.76905536083781
2004-05-14,31.39142138811997,36.76078586237536,40.91178437497355,15.695710694059985
2004-05-15,6.118025569384472,38.6367735651672,39.33197866395733,3.059012784692236
2004-05-16,54.042139109832455,24.846721779316187,38.44009138602132,27.021069554916227
2004-05-17,49.76815420283969,23.936663016929167,36.9079047570696,24.884077101419845
2004-05-18,3.6466006265345863,35.493791903552626,36.02277537888409,1.8233003132672931
2004-05-19,11.635566242210784,33.12573656928782,35.08915266865348,5.817783121105392
2004-05-20,1.8923037846075688,33.7950377562028,34.10168487003641,0.9461518923037846
2004-05-21,89.33644283336291,20.8716323296355,46.89387986176244,44.668221416681455
2004-05-22,99.466930244739,42.31378763866879,49.95902712657661,49.733465122369495
2004-05-23,33.8220232099476,23.537312287344268,32.486731731265714,16.9110116049738
2004-05-24,4.7878690384468845,30.17252885120165,31.10421552607293,2.3939345192234422
2004-05-25,3.100499534332402,29.3065482952063,29.946659893319787,1.550249767166201
2004-05-26,22.82293209223609,25.371694223937546,30.99259572667654,11.411466046118043
2004-05-27,83.98677892743626,16.032307448661776,44.56067829850544,41.99338946371813
2004-05-28,91.651111918175,26.871711857547552,48.06881814880193,45.825555959087495
2004-05-29,7.874015748031496,27.524377579060555,29.293878587757177,3.937007874015748
2004-05-30,1.466379938025975,26.611842953262357,26.95277443825457,0.7331899690129875
2004-05-31,97.57548110226908,30.627177700348437,49.53030226232112,48.78774055113454
2004-06-01,99.72046515948688,100.0,50.13976742025656,49.86023257974344
2004-06-02,67.23018663781446,18.143829962855964,39.56079253448742,33.61509331890723
2004-06-03,99.0372272143774,27.368421052631582,49.78210931693805,49.51861360718871
2004-06-04,80.48817606127989,17.696507496316837,43.69699941662369,40.24408803063994
2004-06-05,78.4968402554831,21.145685997171142,43.7954107667872,39.24842012774155
2004-06-06,48.41865621746968,21.629610167821603,35.357018932116894,24.20932810873484
2004-06-07,6.290745914825163,27.280448138778464,28.70967741935484,3.1453729574125817
2004-06-08,1.363982727965456,22.641396063485523,23.01456269579206,0.681991363982728
2004-06-09,2.6466852933705867,22.040457802824744,22.78045889425112,1.3233426466852931
2004-06-10,6.704766742866819,20.06788213193455,22.0747608161883,3.352383371433409
2004-06-11,65.7339701593474,13.6523991612187,37.54512025022191,32.8669850796737
2004-06-12,80.9535074305315,19.552874378992197,44.200890480978,40.47675371526575
2004-06-13,59.17947937281169,11.548262788240413,34.303800679961434,29.58973968640585
2004-06-14,86.50600372061558,18.41082842461461,45.737358362929136,43.25300186030779
2004-06-15,43.07651956139164,11.801602283030366,28.25614254771897,21.538259780695817
2004-06-16,92.1897039570928,20.41743268086947,47.689513915283584,46.0948519785464
2004-06-17,0.5113876894420456,16.584685037359794,16.755566844467022,0.2556938447210228
2004-06-18,60.36023846771806,20.62889325027733,38.35736332501797,30.18011923385903
2004-06-19,95.72669065598971,34.789484087764386,49.350007602250265,47.863345327994864
2004-06-20,99.8505206441969,83.05084745762711,50.04940419386712,49.92526032209845
2004-06-21,89.11025831755477,14.825739346425523,46.16961387611577,44.55512915877738
2004-06-22,99.43079612535998,28.041543026706236,49.87501161209685,49.71539806267999
2004-06-23,100.0,-1.0,50.0,50.0
2004-06-24,35.68592928668772,18.03764148460121,29.443706142764032,17.84296464334386
2004-06-25,41.49227956115401,14.178024712793356,29.041378843288637,20.746139780577003
2004-06-26,7.633303418731057,16.467762928742964,19.02738032748023,3.816651709365528
2004-06-27,10.322236611563952,13.112092724732888,16.919749794740273,5.161118305781976
2004-06-28,41.52427677211978,15.020974974685377,29.54576213838606,20.76213838605989
2004-06-29,18.79402004605174,14.36196274250211,21.05978260869565,9.39701002302587
2004-06-30,1.9558039116078236,12.577720207253886,13.30962661925324,0.9779019558039116
2004-07-01,96.84063845958956,31.99679230152366,49.43121357993412,48.42031922979478
2004-07-02,88.3606113891519,27.41138872748402,47.37082375219803,44.18030569457595
2004-07-03,27.616234788348592,14.903019887061134,24.595484318670348,13.808117394174296
2004-07-04,71.05650482151921,15.615045152994126,40.04779225173405,35.528252410759606
2004-07-05,25.60587867205601,8.947793173215727,19.459571445483604,12.802939336028007
2004-07-06,48.7298702396551,12.80461665292663,30.929878693097763,24.36493511982755
2004-07-07,89.41912920066906,29.24550898203593,47.80399412033048,44.70956460033453
2004-07-08,79.36613887152103,15.74055116498096,42.93095290399987,39.68306943576052
2004-07-09,73.53152619782635,14.833040421792616,40.69184251702119,36.765763098913176
2004-07-10,82.1743761412051,13.643477023758711,43.51922296611889,41.08718807060255
2004-07-11,69.34386175528182,15.4132539091586,39.397039304042,34.67193087764091
2004-07-12,93.6923089915633,16.49484536082474,47.88659837346192,46.84615449578165
2004-07-13,88.36365788494707,18.15737847852939,46.29468362136021,44.18182894247354
2004-07-14,45.800964711855805,14.225490655300014,30.610561056105613,22.900482355927902
2004-07-15,67.83374058322694,10.4116286405215,37.26590176963466,33.91687029161347
2004-07-16,63.293258255973214,22.689791781831584,39.97531239960094,31.646629127986607
2004-07-17,34.91587962492807,8.935583699581306,23.27358586371484,17.457939812464033
2004-07-18,72.66179143593862,13.402603828431827,39.99492750560088,36.33089571796931
2004-07-19,72.75694967143932,15.11812001365908,40.497111879773016,36.37847483571966
2004-07-20,83.19124667314436,14.50688649844174,44.034050103502175,41.59562333657218
2004-07-21,19.133283668009888,15.66847774881442,22.23722528867969,9.566641834004944
2004-07-22,18.13926718410116,13.155010546341869,19.83842162729481,9.06963359205058
2004-07-23,15.130710101249534,8.823852131150812,15.05409569604822,7.565355050624767
2004-07-24,100.0,-1.0,50.0,50.0
2004-07-25,41.761839500532965,8.895861477898345,26.061705835575182,20.88091975026648
2004-07-26,26.577331099944164,8.398432999193457,19.455019203762923,13.288665549972082
2004-07-27,28.42622839830064,9.797453087864922,21.2255208950424,14.21311419915032
2004-07-28,0.7213614427228855,5.493868222210852,5.81491829650326,0.3606807213614427
2004-07-29,0.0177800355600711,6.005639814038564,6.013462026924054,0.0088900177800355
2004-07-30,0.2201337736008805,5.732711073398388,5.830158326983321,0.1100668868004402
2004-07-31,0.3191939717212768,6.141013989280831,6.281009228685123,0.1595969858606384
2004-08-01,8.54068423681604,8.054318747743663,11.63676693448022,4.27034211840802
2004-08-02,15.449412043582427,11.453660685677669,17.40884347406473,7.724706021791214
2004-08-03,34.15385396481549,15.215575403199896,27.095796982492367,17.076926982407745
2004-08-04,37.5210514289583,8.667560648543216,24.17592647444632,18.76052571447915
2004-08-05,63.70913209588531,15.14848026085944,37.35208100889204,31.85456604794265
2004-08-06,31.27269034502018,12.887099356014431,24.49330185246304,15.63634517251009
2004-08-07,81.77317845828934,14.808120133481648,43.58563885955649,40.88658922914467
2004-08-08,54.0337171747916,16.47844320188346,34.591386394764875,27.0168585873958
2004-08-09,9.33597487152134,7.856302411146182,11.79082742797152,4.667987435760669
2004-08-10,95.97748269362432,37.591931077957554,49.50088328022383,47.98874134681216
2004-08-11,84.77926511848021,20.187663094775417,45.46234323767028,42.389632559240106
2004-08-12,42.08002030113348,20.09259124034291,32.67763491794958,21.04001015056674
2004-08-13,7.632392160182873,8.43263061411549,11.605215256317996,3.816196080091436
2004-08-14,92.35395987328404,11.810849629875152,47.08004223864836,46.17697993664203
2004-08-15,26.278898492326185,13.178926578324871,22.85509908659177,13.139449246163093
2004-08-16,57.38931246090646,9.597111741484992,32.78405152739506,28.69465623045323
2004-08-17,88.11808367641962,32.39416577730345,47.90808950959092,44.05904183820981
2004-08-18,50.21305377071356,10.144681429153648,30.157253973621916,25.10652688535678
2004-08-19,46.77851498119427,12.233003541425145,29.89984363774669,23.38925749059713
2004-08-20,89.8630322182697,23.022422272234724,47.26529163744518,44.93151610913485
2004-08-21,99.86230665912028,17.791411042944784,49.955650917814815,49.93115332956014
2004-08-22,0.4724409448818897,5.759153395943923,5.9681652696638725,0.2362204724409448
2004-08-23,16.527813055626112,6.391179543356763,13.598763864194396,8.263906527813056
2004-08-24,100.0,-1.0,50.0,50.0
2004-08-25,46.83545375284627,14.273886668683428,31.006373955661648,23.41772687642313
2004-08-26,76.13355874894336,14.181483317985409,41.451394759087066,38.06677937447168
2004-08-27,10.16002032004064,6.99839788898313,11.367369401405467,5.08001016002032
2004-08-28,4.411839409384155,6.660584749740927,8.572650151548505,2.2059197046920773
2004-08-29,55.175882795526206,16.549734072649088,35.006213595516066,27.587941397763103
2004-08-30,40.07686577272111,10.56423586584918,26.3688541243397,20.03843288636056
2004-08-31,97.63813449793464,37.58941344778255,49.70687863761921,48.81906724896732
2004-09-01,36.30399078918406,13.385345366100026,26.677926211882628,18.15199539459203
2004-09-02,0.0304800609601219,4.176194589833495,4.190161713656761,0.0152400304800609
2004-09-03,31.321649309965288,7.208195670397949,20.611294555922445,15.660824654982644
2004-09-04,51.34133337846758,18.2823750391318,34.566626610023185,25.67066668923379
2004-09-05,0.1041402082804165,3.8987346063549375,3.946744560155787,0.0520701041402082
2004-09-06,4.192701718736771,9.287898336838756,10.99483532300398,2.096350859368385
2004-09-07,0.0,3.474726949453899,3.474726949453899,0.0
2004-09-08,5.663875648721183,4.717887047125024,7.28260961588933,2.831937824360592
2004-09-09,0.0,4.003894674456015,4.003894674456015,0.0
2004-09-10,0.0,3.964947929895859,3.964947929895859,0.0
2004-09-11,65.38396524620092,15.982615914251532,38.22453050254399,32.69198262310046
2004-09-12,99.9873322579828,100.0,50.0063338710086,49.99366612899139
2004-09-13,97.4372619077786,26.565589980224125,49.399437447735856,48.718630953889296
2004-09-14,97.39635675739584,25.72169964320467,49.36787967334116,48.698178378697925
2004-09-15,99.67232773982148,54.63917525773196,50.01520129042065,49.836163869910735
2004-09-16,99.9611522578139,100.0,50.01942387109306,49.98057612890695
2004-09-17,12.86004572009144,10.51777576976516,15.59520785708238,6.43002286004572
2004-09-18,0.011006688680044,4.818073278745438,4.823046312759292,0.005503344340022
2004-09-19,0.3708407416814833,5.198347950234551,5.364490728981458,0.1854203708407416
2004-09-20,41.46958530414696,12.520781229670536,28.063257828960168,20.73479265207348
2004-09-21,41.99727674833603,10.83796276045084,27.284951920230714,20.998638374168014
2004-09-22,20.94117647058824,3.765202124015073,13.44731273804486,10.470588235294118
2004-09-23,73.34792270449763,21.02209682021368,42.27678684590751,36.67396135224882
2004-09-24,64.0628831891485,9.723268072289155,35.525703799545035,32.03144159457425
2004-09-25,69.91369618690987,17.256202062203243,40.14860147249013,34.95684809345494
2004-09-26,33.620638612814545,5.376097455305376,20.37893846479171,16.810319306407273
2004-09-27,11.017824195541412,6.859686501293563,11.61281039998646,5.508912097770706
2004-09-28,73.2191879175923,8.44346317615518,38.87082196524956,36.60959395879615
2004-09-29,98.43325056166488,15.633423180592992,49.461561850706936,49.216625280832446
2004-09-30,19.45896121907081,5.044990183005576,13.792768109323998,9.729480609535408
2004-10-01,87.96459129493726,21.62978573937478,46.58552876323176,43.98229564746863
2004-10-02,15.215532928759448,7.139719682146708,13.66113974726828,7.607766464379724
2004-10-03,29.695010493534628,11.685404078095283,23.06292735766028,14.847505246767314
2004-10-04,69.62286487400642,18.411090079055786,40.40419414848639,34.81143243700321
2004-10-05,0.0465667598001862,4.195502096480454,4.216831766996868,0.0232833799000931
2004-10-06,2.478947145698447,4.989325325881311,6.10511616097499,1.2394735728492234
2004-10-07,70.69229273899778,20.36278694197716,41.314012356635146,35.34614636949889
2004-10-08,20.32715025555969,10.65203768414568,18.65035710659039,10.163575127779849
2004-10-09,61.745329691239526,15.7952912567702,36.91510144020568,30.872664845619763
2004-10-10,99.83447483764178,50.0,50.0,49.91723741882089
2004-10-11,99.96284129008284,100.0,50.01857935495858,49.98142064504143
2004-10-12,95.18344165448232,94.26215125460608,52.13191234015939,47.591720827241154
2004-10-13,99.00425661295228,49.95759117896522,49.99957771696902,49.50212830647614
2004-10-14,90.00692789915682,11.19377747717281,46.12206620368024,45.00346394957841
2004-10-15,95.97589933833036,37.2742545149097,49.48790319173209,47.98794966916518
2004-10-16,90.3144856022712,52.98787402948617,50.28939096931189,45.1572428011356
2004-10-17,35.1696062832188,38.837613085991045,42.76338061545753,17.5848031416094
2004-10-18,20.86380874983069,44.0362850602255,45.28054313964513,10.431904374915346
2004-10-19,85.41385135135135,100.0,57.29307432432432,42.70692567567568
2004-10-20,94.66709460543764,51.28286347798543,50.06841389562236,47.33354730271882
2004-10-21,70.43350328488445,28.84923358499199,43.746459342684894,35.216751642442226
2004-10-22,82.74928738782174,27.997058102476096,46.20433572703359,41.37464369391087
2004-10-23,13.11152114297322,16.102165463631316,20.54668720587737,6.55576057148661
2004-10-24,0.5926678520023707,9.9684865002981,10.20574041148082,0.2963339260011853
2004-10-25,83.24275898207388,41.93776163817017,48.64899128626848,41.62137949103694
2004-10-26,54.99011273175925,10.112275168037248,32.046580019267495,27.495056365879627
2004-10-27,98.35144881637066,100.0,50.82427559181467,49.17572440818533
2004-10-28,100.0,-1.0,50.0,50.0
2004-10-29,97.00787933553472,73.89218176686424,50.71488290783795,48.50393966776736
2004-10-30,77.3475805633517,16.24123003433348,42.35282183072397,38.67379028167585
2004-10-31,99.95777419327597,100.0,50.02111290336202,49.97888709663798
2004-11-01,97.77045857613376,97.95454545454544,51.06916645553585,48.88522928806688
2004-11-02,59.40423228512949,11.496312346347764,34.36913239846406,29.702116142564744
2004-11-03,99.99915548386552,100.0,50.000422258067246,49.99957774193276
2004-11-04,20.07956324855051,6.3512740674842725,15.115747598290236,10.039781624275255
2004-11-05,80.40121631894586,15.82123001336034,43.30137680547344,40.20060815947293
2004-11-06,49.53657505285412,13.532083186700852,31.597040169133194,24.76828752642706
2004-11-07,73.6085629496859,21.64984782956912,42.51798743627248,36.80428147484295
2004-11-08,29.81186685962373,19.94935793090975,28.90801533500901,14.905933429811864
2004-11-09,25.911568541151773,14.837663079489111,23.948776111318008,12.955784270575888
2004-11-10,98.81852192786144,99.85704074338814,50.58905000380032,49.40926096393072
2004-11-11,87.4319710644627,91.39322216245291,55.20231213872832,43.71598553223135
2004-11-12,74.75651064764367,60.22620800428323,52.581451728711045,37.37825532382183
2004-11-13,80.04544916958116,35.61661233648025,47.12985959754676,40.02272458479058
2004-11-14,30.83728759082105,33.02718634201226,38.26114170198009,15.418643795410524
2004-11-15,36.465720039941104,39.1923389406108,43.1334303653934,18.232860019970552
2004-11-16,62.17989919150232,38.112701252236135,45.50421163018842,31.08994959575116
2004-11-17,40.55812143666785,26.421994848515038,35.984790810198106,20.279060718333923
2004-11-18,61.98938790017517,27.77184076943628,41.55094061793902,30.994693950087587
2004-11-19,94.84593553618488,63.7823664372337,50.71035205081424,47.42296776809244
2004-11-20,50.896972875134274,32.035139092240115,41.17870947551827,25.448486437567137
2004-11-21,12.65576323987539,40.09866444397062,41.35175402952729,6.327881619937695
2004-11-22,19.142992584566414,30.32098662032287,34.0881386923103,9.571496292283207
2004-11-23,22.722926028417408,24.173200753427658,30.041805241734156,11.361463014208704
2004-11-24,6.174490962197858,26.84033856093556,28.27032976336621,3.087245481098929
2004-11-25,10.455695988216071,26.056950536983813,28.56036299914499,5.2278479941080365
2004-11-26,5.462658008144881,24.420781128256568,25.818086376374765,2.7313290040724403
2004-11-27,35.18596823571199,15.173538622129437,27.42756626016948,17.592984117855995
2004-11-28,100.0,-1.0,50.0,50.0
2004-11-29,100.0,-1.0,50.0,50.0
2004-11-30,95.34993708142257,98.92844169996368,52.275203324127794,47.67496854071128
2004-12-01,89.3840215546002,88.8535285225555,54.12468221323176,44.6920107773001
2004-12-02,95.69972384322402,94.10840534171248,51.89678323804377,47.84986192161201
2004-12-03,66.5288941856632,77.61363636363636,59.24258944645891,33.2644470928316
2004-12-04,2.425581631616377,62.31269143000928,62.01403704832538,1.2127908158081886
2004-12-05,81.20030083574875,83.41349395424102,56.28163634366259,40.60015041787437
2004-12-06,21.73037037037037,58.26879813100285,56.47195767195768,10.865185185185185
2004-12-07,7.342595179437686,52.03662079929829,51.88707997866558,3.671297589718843
2004-12-08,6.083231748611675,53.89482792810658,53.6578965190302,3.0416158743058377
2004-12-09,2.695655118696874,45.6269794313159,45.74486098411731,1.347827559348437
2004-12-10,7.543464644241675,46.04687356953218,46.345076264156695,3.7717323221208376
2004-12-11,4.033555115377452,40.80480554648978,41.175698782738245,2.016777557688726
2004-12-12,6.954931771238954,41.09956694202846,41.718585988555176,3.477465885619477
2004-12-13,6.344073277686538,38.19961674741486,38.94824170800671,3.172036638843269
2004-12-14,18.906335971557965,40.915448851774535,42.63300461336607,9.453167985778984
2004-12-15,10.11427120365668,40.38666176982984,41.358980870154056,5.05713560182834
2004-12-16,15.002496466864692,40.52111231692868,41.94318210667953,7.501248233432347
2004-12-17,45.4112330645093,41.97838994217682,45.621101981061024,22.70561653225465
2004-12-18,45.4420928915082,35.496869381935404,42.08739546957309,22.721046445754094
2004-12-19,61.40482872890812,70.56839338517139,57.93840665471883,30.70241436445406
2004-12-20,6.815160981721823,44.8609508580981,45.21118533004851,3.4075804908609117
2004-12-21,15.328300353775582,47.34963965494837,47.75589484909525,7.664150176887791
2004-12-22,8.934603174603174,44.19406717423841,44.71280423280423,4.467301587301587
2004-12-23,41.78081033549784,40.35900489420102,44.387090773809526,20.89040516774892
2004-12-24,11.623969251087896,43.90159788481435,44.61047427149122,5.811984625543948
2004-12-25,93.64982806546186,89.55561468866419,52.51184954249361,46.82491403273093
2004-12-26,100.0,-1.0,50.0,50.0
2004-12-27,80.88210433783007,89.0087540896631,57.45765290597424,40.44105216891504
2004-12-28,94.35326513890884,89.60359012715034,52.236309729953454,47.17663256945442
2004-12-29,64.47070358724685,95.30380168435076,66.09612198667884,32.23535179362342
2004-12-30,10.407603635932766,78.27446460791445,75.33177040134062,5.203801817966383
2004-12-31,4.032339993227226,71.09309526540046,70.2425499492042,2.016169996613613
2005-01-01,12.31987130640928,66.84015875008448,64.76547286427906,6.15993565320464
2005-01-02,9.9021383945956,65.00202012609346,63.5164993312226,4.951069197297801
2005-01-03,39.89004947773502,58.73563056661648,55.25098321140103,19.94502473886751
2005-01-04,13.704346354056456,60.5871275281009,59.1362309027043,6.852173177028228
2005-01-05,14.646921937804104,63.51991751432594,61.53966574994711,7.323460968902053
2005-01-06,57.26820114451874,58.02622989733547,53.4297524154079,28.63410057225937
2005-01-07,10.463669226145628,61.0213401662207,59.86810358693904,5.231834613072814
2005-01-08,11.743151873133002,57.141350413254834,56.302730788433706,5.871575936566501
2005-01-09,79.82875786057204,73.06096794468887,54.65168368381905,39.91437893028602
2005-01-10,19.948706228892103,57.74041765794343,56.196304478471006,9.974353114446052
2005-01-11,8.273527420446852,52.01321228225568,51.84664861205146,4.136763710223426
2005-01-12,5.045417220449178,51.85214902778892,51.75870038179248,2.522708610224589
2005-01-13,49.34860717757957,42.85714285714285,46.38204336982712,24.674303588789787
2005-01-14,8.35428039439719,49.78205459717041,49.800262367229486,4.177140197198595
2005-01-15,25.618730228545328,54.79314971912029,53.56520562312858,12.809365114272664
2005-01-16,9.699477831094862,49.087160262418,49.17570095039819,4.849738915547431
2005-01-17,6.5273709341505946,48.99282660676762,49.05856855009397,3.2636854670752973
2005-01-18,85.01896387150182,63.30983930081759,51.99395183430053,42.50948193575091
2005-01-19,72.48834144363342,69.77736834024259,55.441082049202485,36.24417072181671
2005-01-20,95.96743545785442,89.31937172774869,51.58557904248761,47.98371772892721
2005-01-21,99.8201180633556,55.86854460093896,50.01055645168101,49.91005903167781
2005-01-22,66.11021891640605,53.527871305649086,51.1955878623954,33.05510945820303
2005-01-23,95.60968605623454,98.4224701808388,52.12589846026504,47.80484302811727
2005-01-24,79.85041832164286,68.08287547707923,53.643623764049686,39.92520916082143
2005-01-25,87.02014057853475,74.39468888310336,53.16639632333063,43.510070289267375
2005-01-26,99.92061548335882,97.87234042553192,50.03800322605163,49.96030774167941
2005-01-27,27.322492216055235,64.85290864852908,60.79472383917693,13.661246108027616
2005-01-28,98.97118820160657,88.83415435139574,50.39953036177347,49.48559410080328
2005-01-29,37.08225459837217,64.65810529146776,59.22254936798822,18.541127299186083
2005-01-30,4.770006941270083,59.736530991386594,59.27209778725854,2.3850034706350414
2005-01-31,48.90356626383756,67.65640516385302,59.02179336473653,24.45178313191878
2005-02-01,67.10616452837847,61.08140073018975,53.64509772413968,33.55308226418924
2005-02-02,81.5873552531485,54.94858611825193,50.91116558194574,40.79367762657425
2005-02-03,40.31270093742597,54.90304473549923,52.92649497444922,20.156350468712983
2005-02-04,2.5776250296278738,59.486301667434205,59.24178038126841,1.2888125148139369
2005-02-05,30.645352279455302,71.83467889460718,65.14336462826694,15.322676139727651
2005-02-06,53.19741127701874,59.25022142689298,54.32934309039381,26.59870563850937
2005-02-07,11.427628125899464,62.54217362631061,61.1089006653912,5.713814062949732
2005-02-08,6.88729950484574,60.28379754199694,59.57552160480765,3.44364975242287
2005-02-09,11.68417755276548,59.41466313892404,58.31463718177739,5.84208877638274
2005-02-10,7.514220897948127,59.538344667258535,58.82161237895307,3.757110448974064
2005-02-11,61.80259687563401,53.98353472314433,51.52160681679854,30.901298437817005
2005-02-12,65.98292765382014,66.11592834604586,55.48216700473293,32.99146382691007
2005-02-13,88.12065278939852,28.40068298235629,47.43414213635557,44.06032639469926
2005-02-14,97.13279508141342,97.0839469808542,51.34999324369976,48.56639754070671
2005-02-15,45.1718563533106,50.60512503859216,50.33177882540139,22.585928176655298
2005-02-16,100.0,-1.0,50.0,50.0
2005-02-17,17.31163137135409,65.33221418115934,62.677957781050566,8.655815685677045
2005-02-18,3.92299617351258,59.481011542867215,59.10907182283025,1.96149808675629
2005-02-19,46.8690509429652,55.371361233199565,52.85385520048058,23.4345254714826
2005-02-20,99.67739483662837,100.0,50.16130258168582,49.838697418314176
2005-02-21,97.64538959174368,73.20659971305595,50.546425012246,48.82269479587183
2005-02-22,80.43485611875697,48.051330798479086,49.61874006695297,40.21742805937848
2005-02-23,57.55446180907923,72.41138849594549,59.51263446316217,28.77723090453961
2005-02-24,56.09685934750237,57.26729620350742,53.19057127385949,28.048429673751187
2005-02-25,19.60238333023004,67.04178202604403,63.70118658699663,9.80119166511502
2005-02-26,27.66155512677296,63.53542680643953,59.78809112758539,13.830777563386478
2005-02-27,68.04158566477896,48.65115048928855,49.56892908460823,34.02079283238948
2005-02-28,19.935514445779663,59.18675813083322,57.35533063656213,9.967757222889832
2005-03-01,3.755554615091625,59.91047243817498,59.53827923314571,1.8777773075458124
2005-03-02,6.811352536376026,61.131396806365466,60.37319812766101,3.405676268188013
2005-03-03,98.1478821471724,100.0,50.9260589264138,49.0739410735862
2005-03-04,43.25153633528034,82.75836386927638,68.58986821751294,21.62576816764017
2005-03-05,25.291957213458804,65.67718837098639,61.70156049014962,12.645978606729402
2005-03-06,94.30717115655914,37.438789137854286,49.28491176495434,47.15358557827957
2005-03-07,21.255024753522616,60.02557847109525,57.89362332331909,10.627512376761308
2005-03-08,44.19481672515114,49.26058365405012,49.58736735297848,22.09740836257557
2005-03-09,67.72920153505436,46.3184639966472,48.8119389359436,33.86460076752718
2005-03-10,11.993634993990486,57.48121638912138,56.569837319926194,5.996817496995243
2005-03-11,71.78393084976045,57.986464634365454,52.253466383891976,35.891965424880226
2005-03-12,26.72855909683316,57.58496407365479,55.55127706030704,13.36427954841658
2005-03-13,14.10433295807552,57.886178861788615,56.77241601137624,7.052166479037759
2005-03-14,57.18298419574267,54.63473432529097,51.98399269010796,28.59149209787133
2005-03-15,2.76729027342758,56.97843480380634,56.78532125624313,1.38364513671379
2005-03-16,4.792543239559435,54.62119864840832,54.399725704997415,2.3962716197797174
2005-03-17,8.308783692266017,52.716663743041,52.49094202898551,4.1543918461330085
2005-03-18,6.161843642582589,49.710382908080405,49.72822866044669,3.0809218212912945
2005-03-19,68.9536269364367,32.41050769021369,44.53910059751697,34.47681346821835
2005-03-20,37.74523489251542,37.13291749901477,41.98962801282539,18.87261744625771
2005-03-21,4.6928443225303935,41.49307560427456,41.89229232280132,2.3464221612651968
2005-03-22,76.4512531053014,39.58879041228605,47.54829060551265,38.2256265526507
2005-03-23,75.56133960940736,30.07019606487085,45.12942289978282,37.78066980470368
2005-03-24,64.02109248242294,37.59160090191657,45.53559356408869,32.01054624121147
2005-03-25,97.65982602820708,70.98520389750993,50.4910902795372,48.82991301410354
2005-03-26,99.70864193360414,100.0,50.14567903319793,49.85432096680207
2005-03-27,96.36558667522552,42.38903090866837,49.723385925200176,48.18279333761276
2005-03-28,67.18855674286488,19.506853550448312,39.99475855539024,33.59427837143244
2005-03-29,99.22294672117302,40.97826086956522,49.92989628027974,49.61147336058651
2005-03-30,75.96896604181809,40.78919603291833,47.78654857084904,37.984483020909046
2005-03-31,93.48997483150625,35.22314478463934,49.038023006368135,46.74498741575312
2005-04-01,16.83132275132275,32.983770795577186,35.840846560846565,8.415661375661376
2005-04-02,6.197934304097528,31.567641723151347,32.709532678631895,3.098967152048764
2005-04-03,9.227291583768636,30.31767054039434,32.13381647011014,4.613645791884318
2005-04-04,5.115440298697011,30.118407081225296,31.135438097415182,2.5577201493485053
2005-04-05,23.596503845600616,26.748911948083588,32.235355834398035,11.798251922800308
2005-04-06,25.402280364655194,22.056303827344006,29.154639873369504,12.701140182327595
2005-04-07,99.91048128974504,83.01886792452831,50.029558064706826,49.955240644872525
2005-04-08,99.94679548352772,47.61904761904761,49.99873322579828,49.97339774176386
2005-04-09,100.0,-1.0,50.0,50.0
2005-04-10,99.42741322523436,100.0,50.28629338738282,49.71370661261717
2005-04-11,97.907182973692,99.7175141242938,51.04049660065031,48.953591486846
2005-04-12,99.16686382532868,58.620689655172406,50.07182208402339,49.583431912664345
2005-04-13,63.748677808335096,27.937227061488525,41.99746139200338,31.874338904167548
2005-04-14,84.42620872666424,29.091599739526806,46.74376938484032,42.21310436333212
2005-04-15,71.64907060683161,22.567084078711986,42.22251337666839,35.82453530341581
2005-04-16,97.57032708109888,100.0,51.21483645945055,48.78516354054944
2005-04-17,55.001648755823496,46.2442417974993,48.29628564906021,27.500824377911748
2005-04-18,94.48339951001098,44.134762633996935,49.67643828672806,47.24169975500549
2005-04-19,99.94172838672084,100.0,50.02913580663959,49.97086419336041
2005-04-20,97.75007601094558,54.87987987987988,50.10979358805447,48.87503800547279
2005-04-21,70.11434994633244,31.828850994032976,44.5694339973462,35.05717497316622
2005-04-22,2.2291645501032886,41.38003100019157,41.34621897118087,1.1145822750516443
2005-04-23,43.20304568527919,35.1997497542229,41.59390862944162,21.6015228426396
2005-04-24,99.92821612856912,100.0,50.03589193571543,49.96410806428457
2005-04-25,99.38854449943416,100.0,50.30572775028293,49.69427224971707
2005-04-26,39.63807718989526,35.84810410590083,41.44642222635827,19.81903859494763
2005-04-27,18.30445932107281,33.17137351594389,36.25092038558866,9.152229660536406
2005-04-28,98.42823600952688,37.93659322944654,49.81039171635614,49.21411800476344
2005-04-29,88.62666565269926,25.609212481426447,47.22595418557293,44.31333282634963
2005-04-30,55.63575133479435,26.326028494592897,39.49722041241126,27.81787566739717
2005-05-01,41.631046595285454,27.28538283062645,36.74171568834906,20.815523297642727
2005-05-02,17.08574621558468,28.680247102670137,32.32288597649768,8.54287310779234
2005-05-03,98.67237578859358,15.521628498727736,49.54225679225046,49.33618789429679
2005-05-04,37.14094686775335,23.40554441048564,33.282977030755426,18.570473433876675
2005-05-05,84.02501373220096,17.747566652560305,44.84767820171547,42.01250686610048
2005-05-06,71.85790732866117,16.269638619363754,40.50757044188386,35.928953664330585
2005-05-07,76.81474464161859,24.82944803181205,44.164143251061525,38.407372320809294
2005-05-08,25.84042328042328,15.736046405407874,24.586666666666662,12.92021164021164
2005-05-09,70.76703248389333,18.270426608821403,40.72450411755754,35.383516241946666
2005-05-10,99.70357483679726,28.77492877492877,49.93708354798118,49.85178741839863
2005-05-11,28.872750664432147,21.65260138311928,29.83342643847443,14.436375332216071
2005-05-12,23.139355777856768,20.046689350643632,26.977013828940912,11.569677888928384
2005-05-13,76.80625396154659,10.29733275032794,40.79146418761885,38.403126980773294
2005-05-14,99.82518516016248,100.0,50.08740741991876,49.912592580081245
2005-05-15,68.59083910049239,22.216835016835017,41.27354100746206,34.295419550246194
2005-05-16,100.0,-1.0,50.0,50.0
2005-05-17,81.70660580702422,16.18611958229369,43.81429356324754,40.85330290351211
2005-05-18,100.0,-1.0,50.0,50.0
2005-05-19,3.6796206925747184,28.880713921109606,29.6240792481585,1.8398103462873592
2005-05-20,9.744492795340252,18.34477712742008,21.42941803958753,4.872246397670126
2005-05-21,4.880836472928926,20.931019136626613,22.349828556914872,2.440418236464463
2005-05-22,66.31160370574052,17.017429303330154,38.88870087567156,33.15580185287026
2005-05-23,99.91554838655192,100.0,50.04222580672404,49.95777419327596
2005-05-24,53.6053765352158,17.210677078581984,34.78708006399025,26.8026882676079
2005-05-25,0.2929472525611718,17.3236303114704,17.419354838709676,0.1464736262805859
2005-05-26,0.2734738802810939,17.01546011019892,17.105664211328424,0.1367369401405469
2005-05-27,9.114920634920637,20.53782671063172,23.223280423280425,4.557460317460317
2005-05-28,8.60072131258572,20.491112366731816,23.029089554513284,4.30036065629286
2005-05-29,14.156182800250598,16.74211268577966,21.450160009482044,7.078091400125299
2005-05-30,4.272107691656436,15.970778904916466,17.424543876730304,2.136053845828218
2005-05-31,23.279182574686565,13.992364390696032,22.37464762501376,11.639591287343285
2005-06-01,10.767251303582311,13.942854974576916,17.825218392361347,5.383625651791156
2005-06-02,47.99374365911397,14.82775998569408,31.708234697328376,23.996871829556984
2005-06-03,15.49454363819538,15.448270334712523,20.80190316545179,7.74727181909769
2005-06-04,95.60498040275714,16.33672881030175,48.52049263413975,47.80249020137857
2005-06-05,61.28323445396616,10.298611717453944,34.62890658012609,30.64161722698308
2005-06-06,97.81439224396382,28.245749613601237,49.52453741628734,48.90719612198191
2005-06-07,39.940633245382585,10.02266998972106,25.98986875042284,19.970316622691293
2005-06-08,30.97207290335142,7.311569497927449,20.533061314325867,15.48603645167571
2005-06-09,57.98760012518292,11.646869337628347,33.886929381613335,28.993800062591458
2005-06-10,21.56734928845356,9.567498138094056,18.2877170407118,10.78367464422678
2005-06-11,20.218583861027398,11.904281848570063,19.60609190342352,10.109291930513695
2005-06-12,92.58298404542997,12.259314116440695,47.200767306652246,46.29149202271498
2005-06-13,91.11158090566995,21.729616592141564,47.4872098431356,45.55579045283498
2005-06-14,99.92313929524649,53.84615384615385,50.00295618095206,49.96156964762324
2005-06-15,77.65411320946203,28.43842252668231,45.18187430755829,38.82705660473101
2005-06-16,38.78913521746488,11.042452895395291,26.153748519207987,19.39456760873244
2005-06-17,90.57768991619358,21.20505693535372,47.28685117599351,45.28884495809679
2005-06-18,11.97477035092918,11.98026372738552,16.533039834060027,5.987385175464589
2005-06-19,0.3471340276013885,7.714528462192013,7.861315722631446,0.1735670138006942
2005-06-20,0.0304800609601219,7.592696105831936,7.605621877910422,0.0152400304800609
2005-06-21,5.969706975523439,10.511245970719058,12.868608874552336,2.98485348776172
2005-06-22,12.578099866235458,14.838128625521737,19.26082392184087,6.289049933117729
2005-06-23,1.0193887054440776,8.550459343404103,8.972991279315892,0.5096943527220388
2005-06-24,30.98930119176598,27.01515969190012,34.13800108342362,15.49465059588299
2005-06-25,11.036047476338023,10.140266067792094,14.539205228492577,5.518023738169012
2005-06-26,35.387714338913625,17.502816274134815,29.00282681923591,17.693857169456813
2005-06-27,7.760291889237854,10.34232745961821,13.419878605229965,3.880145944618927
2005-06-28,31.52811518634828,12.03580082084755,24.005197267625427,15.76405759317414
2005-06-29,87.8317201304076,19.06017907961408,46.23515599925675,43.9158600652038
2005-06-30,49.94120881444825,13.310914713486657,31.63388740853529,24.97060440722413
2005-07-01,90.62085512254052,15.258511979823457,46.74154550600242,45.31042756127027
2005-07-02,34.132157247824466,9.523075143617229,23.338722784681543,17.066078623912233
2005-07-03,0.048260096520193,5.28830271149399,5.309880619761239,0.0241300482600965
2005-07-04,23.578763789060183,17.320645189879027,25.02603306834633,11.789381894530091
2005-07-05,94.05942266439202,17.386977537674152,48.06259817914633,47.02971133219601
2005-07-06,9.573595215740012,5.694882276456227,9.936474907165394,4.786797607870006
2005-07-07,98.91896003786596,30.883502736512902,49.793343025221446,49.459480018932986
2005-07-08,51.86381898921548,10.629250206469978,31.048424614083316,25.93190949460774
2005-07-09,96.10205288502154,13.155613350671867,48.56382529357101,48.05102644251077
2005-07-10,99.44177483510822,50.68078668683812,50.003800322605166,49.72088741755411
2005-07-11,84.36092259062366,13.040423692174668,44.21986325104167,42.18046129531183
2005-07-12,89.23481377538081,19.811542991755005,46.750156384723326,44.61740688769041
2005-07-13,1.5553297773262214,6.440016168844013,7.11751756836847,0.7776648886631107
2005-07-14,0.3268139869613072,5.627569569501547,5.772584878503091,0.1634069934806536
2005-07-15,17.386482917414416,12.513192544547252,19.03082991907358,8.693241458707208
2005-07-16,43.46984325594765,11.916548268900025,28.471365042863667,21.734921627973826
2005-07-17,18.15473419607113,9.929576736538404,17.204255571260504,9.077367098035564
2005-07-18,18.798679309177107,18.498670698013868,24.42050457162208,9.399339654588552
2005-07-19,48.96036799337071,7.937244247113202,28.531324251879287,24.480183996685355
2005-07-20,0.0194733722800778,5.155520929484194,5.164253661840657,0.0097366861400389
2005-07-21,19.649416823252587,9.877700645732164,17.761498484925433,9.824708411626291
2005-07-22,44.43485909536859,12.785777344820238,29.321864745086103,22.217429547684294
2005-07-23,62.31099685417583,9.48438341410878,34.7300679903934,31.155498427087917
2005-07-24,90.17714589827416,14.688682490540076,46.53142079964858,45.08857294913708
2005-07-25,59.77707491162492,18.38442454059964,37.28329076670669,29.888537455812457
2005-07-26,36.84526730863613,24.2607355798218,33.74443635871312,18.422633654318066
2005-07-27,19.738579797500933,12.445152307822124,19.85794588737259,9.869289898750466
2005-07-28,0.5291677250021167,7.349023279567604,7.574718482770298,0.2645838625010583
2005-07-29,0.0,4.854796376259419,4.854796376259419,0.0
2005-07-30,40.6144211238998,14.349437081373804,28.828706838185514,20.307210561949898
2005-07-31,81.88516625121467,14.70286407314115,43.605982508766736,40.942583125607335
2005-08-01,29.84916711809317,11.90651431605111,23.277102518959914,14.924583559046589
2005-08-02,80.05934768273507,19.26908890490524,43.87205586459936,40.02967384136753
2005-08-03,89.35525015415544,8.35581653705761,45.56708084502522,44.67762507707772
2005-08-04,60.96209641265088,10.781998223223766,34.69011427749723,30.48104820632544
2005-08-05,0.5080010160020321,4.272827844438771,4.50512234357802,0.254000508001016
2005-08-06,42.67313242101878,10.40627122147096,27.30215553355168,21.33656621050939
2005-08-07,58.34665583948706,10.056251649980709,33.36209302915726,29.17332791974353
2005-08-08,33.577908669307064,10.56098462165709,23.80378118547104,16.788954334653532
2005-08-09,16.358787673552317,10.839397957427858,17.245597697257026,8.179393836776159
2005-08-10,28.93903739694256,11.280524121500893,22.485567725879903,14.469518698471278
2005-08-11,65.6003112787806,25.23359889839677,41.48043511359984,32.8001556393903
2005-08-12,5.790168819953604,6.660076387328691,9.169531130941294,2.895084409976802
2005-08-13,82.35781429634137,21.14997604216579,44.91022519780888,41.17890714817069
2005-08-14,94.83524839472794,23.818092589563225,48.64776951672862,47.41762419736397
2005-08-15,58.07872817217032,10.70722556178642,33.5279692190605,29.03936408608516
2005-08-16,83.9388920809815,13.831018518518515,44.19086085104944,41.96944604049075
2005-08-17,2.11497756328846,5.716534615783829,6.653119972906612,1.05748878164423
2005-08-18,8.798828290353713,11.365049895567417,14.764472815320271,4.3994141451768565
2005-08-19,21.138802675754988,7.292147001104546,16.320075773592567,10.569401337877494
2005-08-20,100.0,-1.0,50.0,50.0
2005-08-21,99.96199677394836,100.0,50.01900161302581,49.980998386974186
2005-08-22,100.0,-1.0,50.0,50.0
2005-08-23,88.91919968244048,69.0091463414634,52.10636554817023,44.45959984122024
2005-08-24,36.2998451003462,10.072286595088764,24.565984713181702,18.1499225501731
2005-08-25,92.65769113821412,19.107327734959163,47.73176458664144,46.32884556910707
2005-08-26,47.20115779139443,16.370922497395206,32.24423643319002,23.60057889569721
2005-08-27,97.55465080920364,28.221070811744383,49.46742913133088,48.77732540460182
2005-08-28,93.02203789267402,7.493039583585523,47.03388040916654,46.51101894633701
2005-08-29,37.82246597603088,12.776325819448983,26.85523732141648,18.91123298801544
2005-08-30,7.152593746560439,9.7535175948132,12.63218497853714,3.5762968732802194
2005-08-31,18.311409077826877,15.79449130587967,22.05800193001168,9.155704538913437
2005-09-01,0.7594615189230378,8.176567445590505,8.494200321733977,0.3797307594615189
2005-09-02,16.559851672494222,9.018131639558831,15.80466825266473,8.279925836247111
2005-09-03,22.849887849676247,14.193244029007449,22.375047610986503,11.424943924838123
2005-09-04,2.886292439251545,6.252778964437973,7.515451697570062,1.4431462196257727
2005-09-05,2.0904241808483617,7.430755527883709,8.320633307933283,1.0452120904241808
2005-09-06,4.830079414802648,8.650552891672374,10.647764024586415,2.415039707401324
2005-09-07,34.60356952448653,12.785175407948032,25.662833109074445,17.301784762243265
2005-09-08,43.277442508062,15.156082129640684,30.235638653541773,21.638721254031
2005-09-09,100.0,-1.0,50.0,50.0
2005-09-10,94.85654924284012,47.848932676518885,49.88936091146339,47.42827462142007
2005-09-11,83.33530675417379,40.083231831100285,48.34740100475312,41.66765337708689
2005-09-12,81.02132407008291,24.422177688710757,45.14566799361038,40.510662035041456
2005-09-13,44.54995556684017,10.102721431078956,27.87694130591173,22.274977783420084
2005-09-14,2.101430869528406,5.001383747881135,5.946998560663788,1.050715434764203
2005-09-15,0.0,3.635593937854542,3.635593937854542,0.0
2005-09-16,83.09604328711532,27.13313994198259,46.13459587419682,41.54802164355766
2005-09-17,99.98648774184832,100.0,50.006756129075846,49.99324387092416
2005-09-18,100.0,-1.0,50.0,50.0
2005-09-19,99.93750580604842,70.27027027027027,50.012667742017214,49.96875290302421
2005-09-20,63.5624175601177,6.987051561702325,34.32712145297121,31.78120878005885
2005-09-21,69.25015859589764,8.447488584474886,37.222668640304505,34.62507929794882
2005-09-22,55.751793206117206,9.691848906560637,32.16436594938422,27.875896603058603
2005-09-23,18.22391926443944,10.983652382776508,18.09396007247236,9.11195963221972
2005-09-24,3.449326898653797,7.100389350731348,8.58013716027432,1.7246634493268984
2005-09-25,55.14277253690935,17.082555310360437,35.234146960531326,27.571386268454678
2005-09-26,15.10959472387548,9.50633290116685,15.624761888635843,7.55479736193774
2005-09-27,99.341277415105,100.0,50.32936129244749,49.670638707552506
2005-09-28,24.41807316618984,9.6501444665935,19.5028017131926,12.20903658309492
2005-09-29,99.2973269709894,100.0,50.3513365145053,49.6486634854947
2005-09-30,9.433498996706488,5.874599182940852,10.037168426310842,4.716749498353244
2005-10-01,41.67787107739922,6.769609975351602,24.787116196081417,20.83893553869961
2005-10-02,99.9290606447036,100.0,50.035469677648194,49.964530322351806
2005-10-03,100.0,-1.0,50.0,50.0
2005-10-04,96.77310385014906,99.92148652185293,51.61091452652203,48.38655192507453
2005-10-05,99.76944709528676,93.4065934065934,50.10007516193596,49.884723547643375
2005-10-06,96.91911298838436,36.4957499314505,49.583949313621964,48.459556494192185
2005-10-07,99.97128645142766,61.76470588235294,50.00337806453792,49.98564322571383
2005-10-08,36.2191201353638,30.23783310562549,37.395516074450086,18.109560067681898
2005-10-09,3.524501337668055,21.157845778522724,22.17438788987097,1.7622506688340276
2005-10-10,22.06884294093252,25.353504637372662,30.792700989395104,11.03442147046626
2005-10-11,42.98166185717066,13.703285939030543,29.30421684198055,21.49083092858533
2005-10-12,4.052932809536711,18.048091771453784,19.343081143321594,2.0264664047683554
2005-10-13,1.5282363898061129,15.54017454107734,16.066802133604266,0.7641181949030564
2005-10-14,3.2605198543730425,14.075040040609494,15.246380492760986,1.6302599271865212
2005-10-15,0.8559817119634239,14.406613207627734,14.711286089238843,0.4279908559817119
2005-10-16,1.1150622301244604,14.494019333350458,14.88993311319956,0.5575311150622302
2005-10-17,0.8128016256032511,13.15322236448997,13.45271357209381,0.4064008128016255
2005-10-18,22.350680896803297,17.56280996239577,24.812742799590364,11.175340448401649
2005-10-19,33.72570906692374,14.289542183432856,26.333147293114823,16.86285453346187
2005-10-20,99.4164393510738,100.0,50.2917803244631,49.7082196755369
2005-10-21,95.06646497595769,52.79205207262761,50.13774686689258,47.53323248797884
2005-10-22,42.53754084206606,16.414524563600207,30.700959894360828,21.26877042103303
2005-10-23,99.84376451512104,55.13513513513514,50.00802290327757,49.921882257560526
2005-10-24,5.371264075861485,11.559866148918276,13.6245872491745,2.6856320379307426
2005-10-25,99.1841974140916,50.72463768115942,50.00591161294137,49.5920987070458
2005-10-26,12.622123639072791,10.342121326628492,15.347787805414924,6.311061819536396
2005-10-27,0.4851409702819405,10.327811667815242,10.520277707222082,0.2425704851409702
2005-10-28,0.2531538396410126,9.37009277571704,9.472948945897892,0.1265769198205063
2005-10-29,0.5689611379222758,9.536947155094603,9.767166200999068,0.2844805689611379
2005-10-30,1.1488803284934177,9.14027304338889,9.609702408669516,0.5744401642467087
2005-10-31,0.8593683854034374,8.763824245270934,9.118194903056471,0.4296841927017187
2005-11-01,98.73575934668231,64.92985971943888,50.18874935605645,49.36787967334116
2005-11-02,93.07709199013546,16.298645846041236,47.666886253842776,46.53854599506773
2005-11-03,68.65786513527914,21.746991202979117,41.14490387949626,34.32893256763957
2005-11-04,65.72249208025343,7.81003548895899,35.538331573389655,32.86124604012672
2005-11-05,100.0,-1.0,50.0,50.0
2005-11-06,99.82602967629695,100.0,50.08698516185152,49.91301483814848
2005-11-07,24.0005417347362,36.77006181433424,39.94531865006476,12.0002708673681
2005-11-08,30.22514293447005,23.293615680190065,31.36565851348151,15.112571467235025
2005-11-09,4.696469392938786,18.65355400975454,20.125730251460503,2.348234696469393
2005-11-10,10.213082972833403,19.010173582628536,22.17519026777173,5.106541486416702
2005-11-11,7.488804043243061,14.502594324514764,17.160925475986897,3.7444020216215295
2005-11-12,4.461942257217848,14.061503013115916,15.66505799678266,2.230971128608924
2005-11-13,62.81452527201042,28.94587153875907,42.17092238184679,31.40726263600521
2005-11-14,5.140080094148725,13.216708318457693,15.107398972153312,2.5700400470743623
2005-11-15,15.83446898197916,14.48096224631414,20.105213262118998,7.91723449098958
2005-11-16,59.12438383035571,12.704782392851232,34.75535000126828,29.562191915177856
2005-11-17,33.99284076195956,24.08974358974359,32.897375792297474,16.99642038097978
2005-11-18,31.47214135806648,19.20645113487614,28.8978403628732,15.73607067903324
2005-11-19,31.076779818843647,20.401871798965843,29.600016930500296,15.538389909421824
2005-11-20,12.833559092448358,18.446790532337488,22.496190314933965,6.416779546224179
2005-11-21,63.911973825486335,22.82481375626669,40.19301167538868,31.955986912743167
2005-11-22,18.07649015309879,27.471074380165287,31.54351340143366,9.038245076549394
2005-11-23,7.589289493511221,23.80132280463898,25.78961626046543,3.7946447467556106
2005-11-24,39.71481763560972,41.680820898665054,44.98476770753999,19.85740881780486
2005-11-25,84.42064182596869,50.05693216938676,50.00886966658501,42.21032091298434
2005-11-26,100.0,-1.0,50.0,50.0
2005-11-27,59.05446549391069,83.5522782666171,63.73815967523681,29.527232746955345
2005-11-28,39.34891739769789,90.1471448875512,74.3496780082146,19.674458698848944
2005-11-29,99.97888709663798,100.0,50.01055645168101,49.98944354831899
2005-11-30,20.89174668979229,79.41648306988085,73.27086594187571,10.445873344896146
2005-12-01,8.312031284386585,79.00334188807444,76.5925750368201,4.156015642193292
2005-12-02,8.906838076711633,72.54419520166383,70.53622023935382,4.4534190383558165
2005-12-03,99.17232525928178,95.3061224489796,50.37498733150907,49.58616262964089
2005-12-04,17.860921826723665,85.21667439583655,78.92665171202438,8.930460913361832
2005-12-05,81.1624939796703,85.65533327352651,56.71657555196917,40.58124698983515
2005-12-06,82.53230847199933,96.252417794971,58.07922966466762,41.266154235999664
2005-12-07,20.77881435494921,77.1064656645029,71.4740634858878,10.389407177474604
2005-12-08,21.922881785895484,86.37663265969199,78.40182648401827,10.961440892947742
2005-12-09,21.132005213181905,80.24293930809512,73.85199979688902,10.566002606590953
2005-12-10,8.919548013034829,76.70040053156393,74.31884548647848,4.459774006517415
2005-12-11,3.1533323739301946,70.51064648089228,69.86387762530792,1.5766661869650973
2005-12-12,46.39309586259413,76.4165535528268,64.16109653947034,23.196547931297065
2005-12-13,21.621827411167512,70.93574258173851,66.4090524534687,10.810913705583756
2005-12-14,12.450910691312885,67.5892537775157,65.39923149840882,6.225455345656442
2005-12-15,4.6810851991365805,67.23413702766307,66.42739239006221,2.3405425995682902
2005-12-16,99.98986580638623,100.0,50.00506709680689,49.99493290319312
2005-12-17,96.81772883130922,42.35668789808918,49.75676908264784,48.40886441565461
2005-12-18,48.87571061180292,65.85971240878328,58.10816526800217,24.43785530590146
2005-12-19,80.03548046462512,85.79951762366183,57.14720168954594,40.01774023231256
2005-12-20,9.395922029336337,69.27115445696242,67.46045181003326,4.697961014668168
2005-12-21,3.887769443080414,65.85595743556316,65.2395143674755,1.943884721540207
2005-12-22,100.0,-1.0,50.0,50.0
2005-12-23,65.82059149191537,74.1431326969682,58.25197995114571,32.91029574595768
2005-12-24,6.939117624647584,66.66302755715677,65.50676047513821,3.469558812323792
2005-12-25,53.07166225663829,75.12249603689293,61.789569789755774,26.535831128319145
2005-12-26,70.95893190830917,80.39364118092355,58.82663803089619,35.479465954154584
2005-12-27,86.97308943432893,80.30224413023738,53.94744624223734,43.48654471716446
2005-12-28,97.93915437760774,94.87704918032787,50.92484670349161,48.96957718880387
2005-12-29,24.288577493255755,88.54548297739254,79.18333347427885,12.144288746627875
2005-12-30,3.9447397826160566,75.1947617033277,74.20089391528121,1.9723698913080283
2005-12-31,12.468578876541434,73.93662795757147,70.95207062029742,6.234289438270717
2006-01-01,100.0,-1.0,50.0,50.0
2006-01-02,99.9214599994933,100.0,50.03927000025335,49.96072999974665
2006-01-03,68.4982242516489,87.02421216513663,61.66328428885507,34.24911212582445
2006-01-04,3.1267462534925072,71.01479675223088,70.35771738210143,1.5633731267462536
2006-01-05,90.96273003153028,89.50519128238706,53.57019078774968,45.481365015765135
2006-01-06,33.74554565230272,67.52730756946661,61.612621991992754,16.87277282615136
2006-01-07,28.814448694945664,71.07953869932231,65.00558583567488,14.407224347472832
2006-01-08,45.37955191552728,69.71668448038167,60.769341410586165,22.68977595776364
2006-01-09,7.864084244743169,70.34600613733669,68.74597907425591,3.932042122371585
2006-01-10,4.186664635127014,67.77835693650556,67.03403675393822,2.093332317563507
2006-01-11,7.359937693649154,68.81899261641932,67.43392648527843,3.679968846824577
2006-01-12,14.736815385786931,78.49756872084946,74.29793462902012,7.368407692893466
2006-01-13,1.8135175636890093,65.27407713997465,64.9970790683498,0.9067587818445048
2006-01-14,5.275141993753121,66.38816159847016,65.52366280398513,2.6375709968765606
2006-01-15,2.721554883984729,65.12235023843503,64.71078717694763,1.3607774419923644
2006-01-16,5.906851541469856,68.83299147144554,67.72055462440957,2.953425770734928
2006-01-17,94.3457257233586,79.82076176250933,51.68614766143608,47.172862861679306
2006-01-18,99.54649483578385,51.21042830540037,50.00548935487412,49.77324741789192
2006-01-19,8.076831911147229,67.81198486006612,66.37334078287958,4.038415955573615
2006-01-20,10.577639330940611,71.05073835668307,68.82406717681316,5.288819665470306
2006-01-21,21.933840516548333,61.84715447154472,59.24861850400698,10.966920258274166
2006-01-22,34.34793640054127,59.42648820642302,56.18868403247632,17.173968200270636
2006-01-23,7.471580568981133,65.48017637265127,64.32356252274825,3.7357902844905664
2006-01-24,4.1279783317110335,64.0357382491083,63.45634601548944,2.0639891658555167
2006-01-25,97.00700954311291,86.42776523702031,51.090279537201255,48.50350477155646
2006-01-26,30.70990003552037,85.49005248382767,74.59109284349047,15.354950017760183
2006-01-27,99.04991934870915,96.17777777777778,50.43872613186275,49.52495967435458
2006-01-28,99.0482303164402,90.32830523513752,50.3838325831215,49.5241151582201
2006-01-29,89.6334406231256,85.19273082878331,53.64827533770941,44.8167203115628
2006-01-30,4.6114121232644765,79.50174398480559,78.14129698611582,2.3057060616322382
2006-01-31,39.19803739108366,78.73779113448535,67.47314102021825,19.59901869554183
2006-02-01,7.772143540426829,72.98294567951095,71.19667815148102,3.886071770213415
2006-02-02,3.2075918934019607,67.67100763532365,67.10419382693057,1.6037959467009804
2006-02-03,13.244007313109426,73.85289325541235,70.69381432827736,6.622003656554713
2006-02-04,4.899089092817717,66.67527172703561,65.8583353086587,2.4495445464088585
2006-02-05,2.501058335450004,67.22880266768557,66.7979002624672,1.250529167725002
2006-02-06,26.053393374075267,61.17419472997413,58.262937820588775,13.026696687037632
2006-02-07,97.7400557385356,73.50523168908819,50.531205134701466,48.870027869267794
2006-02-08,99.761834381994,100.0,50.11908280900301,49.880917190997
2006-02-09,59.40976566462651,55.605539935436845,52.27530179555677,29.704882832313256
2006-02-10,39.34800436241894,61.48227652249063,56.96422985551601,19.67400218120947
2006-02-11,13.394829264164516,63.34053219454516,61.550374476367786,6.697414632082258
2006-02-12,10.287581588682984,66.71825310698209,64.99834917839878,5.143790794341491
2006-02-13,6.976704814789734,64.57885924362101,63.56064197196452,3.488352407394867
2006-02-14,1.8208444790573255,63.650942826842325,63.402380388040505,0.9104222395286627
2006-02-15,100.0,-1.0,50.0,50.0
2006-02-16,98.40018920676752,100.0,50.79990539661624,49.20009460338376
2006-02-17,42.31192256929168,75.74539854806775,64.85202544925379,21.15596128464584
2006-02-18,99.03191471388266,96.1605584642234,50.44687357448174,49.51595735694133
2006-02-19,95.98743009680852,100.0,52.00628495159574,47.99371504840426
2006-02-20,98.04805946197052,100.0,50.97597026901474,49.02402973098526
2006-02-21,96.25287200973104,98.82777276825968,51.829639140424376,48.126436004865525
2006-02-22,94.90447473774894,99.95027349577325,52.54522880454062,47.45223736887447
2006-02-23,94.97597351597402,87.359220036981,51.87693710888347,47.48798675798701
2006-02-24,99.69090709478004,100.0,50.15454645260997,49.84545354739002
2006-02-25,92.94504176555544,100.0,53.52747911722228,46.47252088277772
2006-02-26,89.27202094417702,98.7798157915453,55.23308842158602,44.63601047208851
2006-02-27,7.668275336550673,78.79338842975207,76.48336296672593,3.834137668275337
2006-02-28,41.12431536953141,86.26986519660623,71.35413144904997,20.562157684765705
2006-03-01,45.012301214903495,74.41728167281673,63.42650129775704,22.506150607451747
2006-03-02,42.12757675253021,72.42539004810715,62.97811664353654,21.063788376265105
2006-03-03,50.263565366749305,75.37087444709086,62.617292934079046,25.13178268337465
2006-03-04,99.9957774193276,0.0,49.9978887096638,49.9978887096638
2006-03-05,99.80576128906942,100.0,50.09711935546529,49.90288064453471
2006-03-06,29.71675752547997,78.17270503753147,69.78083838418041,14.858378762739983
2006-03-07,78.20664481022071,62.43021091811415,52.70896001622334,39.10332240511036
2006-03-08,26.372214143190504,76.28864795332385,69.34542933477628,13.186107071595252
2006-03-09,38.14279553161442,73.45928801881118,64.5112597566235,19.07139776580721
2006-03-10,72.63720285395462,68.18406576426231,54.96990498089473,36.31860142697731
2006-03-11,62.90218953419562,57.16466888473634,52.65745202468509,31.45109476709781
2006-03-12,80.79897887591821,73.62743803108353,54.53546461991024,40.39948943795911
2006-03-13,2.424817122730967,73.0523316422267,72.40923868870225,1.2124085613654836
2006-03-14,21.187337549634677,71.58648991255399,67.01167526013224,10.593668774817337
2006-03-15,3.2960520188636115,71.52541185331803,70.79230554309082,1.6480260094318058
2006-03-16,73.328824449423,89.3495625713199,60.49499091178087,36.6644122247115
2006-03-17,4.646397940954848,72.98389245058516,71.91164393419861,2.323198970477424
2006-03-18,42.05525235859034,80.63724774393272,67.75267588949528,21.02762617929517
2006-03-19,3.955232725487208,69.0495918763112,68.2937979377254,1.977616362743604
2006-03-20,1.6780966895267122,66.99503995591071,66.70984675302684,0.8390483447633561
2006-03-21,97.31252269828802,90.28912633563796,51.08276112532833,48.65626134914401
2006-03-22,30.281630581867383,63.90489476557287,59.69426589986468,15.140815290933691
2006-03-23,67.77378283490546,54.62683432651668,51.491053677932406,33.88689141745273
2006-03-24,100.0,-1.0,50.0,50.0
2006-03-25,85.57244619453623,50.40998008668151,50.05915009759766,42.78622309726811
2006-03-26,71.15534144692359,48.896832605701896,49.68179513184584,35.57767072346179
2006-03-27,47.629115326393055,80.51899817527088,65.98306933791133,23.814557663196528
2006-03-28,99.1225477362745,100.0,50.43872613186275,49.56127386813725
2006-03-29,32.19428416724479,50.05926757751576,50.04018680519129,16.097142083622394
2006-03-30,100.0,-1.0,50.0,50.0
2006-03-31,16.180591417420825,52.56823532978304,52.12998315315392,8.090295708710412
2006-04-01,56.63550611226259,63.401548996273824,55.8115138953513,28.31775305613129
2006-04-02,29.697087674456,48.140789441996,48.68517938605029,14.848543837228
2006-04-03,73.74438684470904,44.86712836205509,48.65157422050081,36.87219342235452
2006-04-04,6.514288615650202,49.82596399630174,49.77363312487835,3.257144307825101
2006-04-05,100.0,-1.0,50.0,50.0
2006-04-06,91.86757674567907,53.23569128492781,50.26314011049351,45.93378837283954
2006-04-07,2.1459772450223484,62.384300501473135,61.83758296085602,1.0729886225111742
2006-04-08,7.315958320283733,53.50606414846204,53.24956195667815,3.6579791601418665
2006-04-09,42.12761277988783,47.56190253456895,48.58861246690409,21.06380638994392
2006-04-10,100.0,-1.0,50.0,50.0
2006-04-11,92.853281527156,62.94764212268053,50.925331531379335,46.426640763578
2006-04-12,88.70770140678468,32.210998877665546,47.99121287651557,44.35385070339234
2006-04-13,25.14527384224995,54.67441308451357,53.48699513639247,12.572636921124976
2006-04-14,4.159964783366913,52.23257336482912,52.0596651033642,2.079982391683457
2006-04-15,100.0,-1.0,50.0,50.0
2006-04-16,76.09252759335222,39.0172285704178,47.37429695098744,38.04626379667611
2006-04-17,93.21292197479134,35.61115260144386,49.02341770013179,46.60646098739567
2006-04-18,99.0630280500169,21.009918845807032,49.72837107130788,49.53151402500845
2006-04-19,84.7022934306816,35.47478318510744,47.77797495310045,42.3511467153408
2006-04-20,25.718590242746387,45.42647142612957,46.60002708467346,12.859295121373194
2006-04-21,34.77318889641165,44.95406892256592,46.7087000677048,17.386594448205823
2006-04-22,32.762954124247884,42.280873986809645,44.809887701304085,16.381477062123942
2006-04-23,63.63367224374482,32.112204312329915,43.494865591852616,31.81683612187241
2006-04-24,84.91264548520425,16.57703081232493,44.95735814928452,42.456322742602126
2006-04-25,97.64275639563856,28.376925833034758,49.49029146713288,48.82137819781928
2006-04-26,99.40461612519108,67.65957446808511,50.10514225874285,49.702308062595534
2006-04-27,99.84629806352451,55.494505494505496,50.0084451613448,49.92314903176226
2006-04-28,93.13060303672972,25.055350553505534,48.2864530084241,46.56530151836486
2006-04-29,95.31181379007468,15.492704017294182,48.38223370832067,47.65590689503733
2006-04-30,70.48920997199922,51.14818955878558,50.33710906768406,35.24460498599961
2006-05-01,86.50919788989584,20.6040857250282,46.0342553767077,43.25459894494792
2006-05-02,90.2258941997398,23.65600691443388,47.42511024380354,45.11294709986991
2006-05-03,23.111953816722817,35.79937027985115,39.08141326245577,11.555976908361409
2006-05-04,52.43004418262151,33.91160456923241,42.34675740185872,26.215022091310757
2006-05-05,100.0,-1.0,50.0,50.0
2006-05-06,89.78605876838095,36.61622426196973,48.6329890115459,44.89302938419048
2006-05-07,22.89066865338052,31.2128066053273,35.51279229245331,11.445334326690258
2006-05-08,93.74017544749252,26.339948697178343,48.51892229941011,46.87008772374626
2006-05-09,99.94426193512427,100.0,50.02786903243786,49.97213096756214
2006-05-10,54.14770708933132,36.35709541731237,43.74164791853443,27.07385354466566
2006-05-11,13.349023458995438,34.513827811980846,36.57436018997468,6.674511729497719
2006-05-12,84.22315536892621,28.48497831093022,46.605608455773634,42.11157768446311
2006-05-13,86.46243556156512,16.78007366252575,45.50283106566383,43.23121778078256
2006-05-14,94.40484434910394,59.13962264150944,50.51137611269699,47.20242217455197
2006-05-15,84.62064828972822,10.661906069761054,43.95005617835148,42.31032414486411
2006-05-16,54.36416355997397,16.340026674570243,34.638989627450485,27.182081779986984
2006-05-17,62.526943981876734,23.54334438654666,40.08588262144868,31.263471990938367
2006-05-18,96.10593610390926,18.824549989156363,48.78600805668392,48.05296805195463
2006-05-19,72.33160446403642,25.75150607015076,43.2908307879752,36.16580223201821
2006-05-20,99.90625870907265,58.55855855855856,50.00802290327757,49.95312935453632
2006-05-21,100.0,-1.0,50.0,50.0
2006-05-22,74.34548775537816,19.253081943437277,42.11202814233527,37.17274387768908
2006-05-23,94.32447958907812,11.074724620422744,47.79078805082455,47.16223979453906
2006-05-24,100.0,-1.0,50.0,50.0
2006-05-25,55.16037695981068,8.731056322099072,31.495161222161176,27.58018847990534
2006-05-26,87.25281411621539,18.390347387960755,45.97065882432479,43.626407058107695
2006-05-27,74.1229071054878,19.423849495378384,42.0877811303532,37.0614535527439
2006-05-28,98.0001857935496,23.14189189189189,49.46288773847024,49.0000928967748
2006-05-29,99.71032851955071,19.24198250728863,49.91090279537202,49.85516425977536
2006-05-30,93.105807236242,19.20862428028911,47.87718320327016,46.55290361812101
2006-05-31,63.44177864977547,12.89412200143422,36.43475098734006,31.720889324887736
2006-06-01,83.68486876573881,8.13694514942767,43.16998766245838,41.842434382869406
2006-06-02,52.552504311948326,11.078244444840427,31.53260171125165,26.276252155974163
2006-06-03,97.47711071319976,17.308336123200537,49.17522551437549,48.73855535659988
2006-06-04,76.92034710310855,17.78509976203551,42.56491284399794,38.46017355155428
2006-06-05,96.58393223602538,38.56613102595797,49.60941128780265,48.29196611801269
2006-06-06,50.6038166969915,14.315818328222177,32.37337621123006,25.30190834849575
2006-06-07,27.517926229438807,16.076790951474006,25.40699101783734,13.758963114719403
2006-06-08,6.785200237067141,13.7303346292192,16.190839048344763,3.3926001185335704
2006-06-09,66.91602846951024,26.14016709675771,42.10621967506889,33.45801423475512
2006-06-10,43.20054131777045,8.23480358578789,26.277594519157574,21.600270658885226
2006-06-11,0.1041402082804165,13.70150948833346,13.739310811954958,0.0520701041402082
2006-06-12,0.650241300482601,14.514836972269093,14.745576157818984,0.3251206502413005
2006-06-13,2.319024638049276,14.909292629863655,15.72305477944289,1.159512319024638
2006-06-14,0.1938870544407755,12.912174141719191,12.984082634831935,0.0969435272203877
2006-06-15,1.3732960799254932,13.482075406908866,13.983574633815934,0.6866480399627466
2006-06-16,84.69326527335267,23.520318021201412,45.94682532304546,42.34663263667633
2006-06-17,60.400777881119474,14.222573344151684,35.83241735013106,30.200388940559737
2006-06-18,4.040301413936161,13.384742981171364,14.864109728219455,2.0201507069680806
2006-06-19,12.464025732182158,12.69641734758014,17.34594548840359,6.232012866091079
2006-06-20,2.2216577766488865,10.158807128136743,11.043942087884176,1.1108288883244433
2006-06-22,68.49845332071199,24.117299849753167,41.84654913030984,34.249226660355994
2006-06-23,60.427472648350445,20.445603831679783,38.30457849267661,30.213736324175223
2006-06-24,17.559435647000075,15.49699197174712,21.55552546274745,8.779717823500038
2006-06-25,38.74329151641357,24.071028812271127,34.116765706739805,19.371645758206785
2006-06-26,22.63607889613138,14.050771419192474,22.188267163294675,11.31803944806569
2006-06-27,1.6735799542876493,10.705707127667816,11.36332853635825,0.8367899771438246
2006-06-28,11.108289743199093,7.6460170250042845,12.350820171652025,5.554144871599546
2006-06-29,100.0,-1.0,50.0,50.0
2006-06-30,16.132719237346972,9.077418508161802,15.679343684914574,8.066359618673486
2006-07-01,4.22995512657692,7.17594639036724,8.98738464143595,2.11497756328846
2006-07-02,2.005757344848023,6.977648370067652,7.840572347811363,1.0028786724240115
2006-07-03,23.14366492855692,14.34550360702682,22.597260784180943,11.571832464278458
2006-07-04,10.173567013800694,13.816049917997248,17.49724832782999,5.086783506900347
2006-07-05,13.944610905151253,14.155462226200196,19.153843549506544,6.972305452575626
2006-07-06,49.38615268764436,23.182881979271148,36.42682483141409,24.69307634382218
2006-07-07,86.86195508028618,13.263469204063265,45.17353808208533,43.43097754014309
2006-07-08,89.44601732516374,21.933055733504165,47.03781956475808,44.72300866258187
2006-07-09,91.86857795255612,14.123764950598025,47.08275191340015,45.93428897627806
2006-07-10,21.420832557430888,10.416330047934508,18.89548170845254,10.710416278715444
2006-07-11,11.17771568876471,14.419300720631412,18.396410126153587,5.588857844382355
2006-07-12,44.90702732897176,12.618674532214952,29.405516575965063,22.45351366448588
2006-07-13,52.02304315092249,13.477915895265802,32.47781546868788,26.011521575461245
2006-07-14,16.29631510780405,10.606796116504857,17.026436752418924,8.148157553902024
2006-07-15,1.1743290153246972,6.996050478483247,7.501058335450004,0.5871645076623486
2006-07-16,0.1913470493607653,5.349326456516575,5.434764202861738,0.0956735246803826
2006-07-17,0.0093133519600372,4.72230924901989,4.726526119718906,0.0046566759800186
2006-07-18,0.1346202692405385,4.766386041661368,4.827279654559309,0.0673101346202692
2006-07-19,0.8822284311235289,5.622373321488365,6.013885361104056,0.4411142155617644
2006-07-20,0.4292608585217171,6.702209977636625,6.888070442807552,0.2146304292608585
2006-07-21,8.771484209635085,8.152204176334106,11.822876979087292,4.385742104817543
2006-07-22,19.70470457758701,12.225338450508202,19.668723914018912,9.852352288793504
2006-07-23,69.15524612602869,7.149509669643346,36.78287172381162,34.57762306301434
2006-07-24,18.279005595009355,12.772150063182316,19.577030836034908,9.139502797504678
2006-07-25,11.612411632730812,11.744365367484365,16.186767133725606,5.806205816365407
2006-07-26,11.601527118199288,8.252733993449906,13.09605438030661,5.800763559099644
2006-07-27,5.363644060621454,8.932229926191008,11.13495893658454,2.681822030310727
2006-07-28,12.907157851967224,8.925239094938185,14.226823322272637,6.453578925983612
2006-07-29,99.40123806065316,100.0,50.29938096967342,49.70061903032658
2006-07-30,15.74937139664237,10.567144981711484,16.77757177084127,7.874685698321185
2006-07-31,52.38884613107572,14.86126407787686,33.27004237252299,26.19442306553786
2006-08-01,91.59853373424778,21.03146677390168,47.56621845332612,45.79926686712389
2006-08-02,41.06744044396319,12.508792328782857,27.905471710882512,20.533720221981596
2006-08-03,100.0,-1.0,50.0,50.0
2006-08-04,95.99820941408989,11.544955677501054,48.46110965649467,47.99910470704494
2006-08-05,77.68274439871198,12.417632356282663,41.61264695193584,38.84137219935599
2006-08-06,99.39358108108108,30.362116991643457,49.88091216216216,49.69679054054054
2006-08-07,100.0,-1.0,50.0,50.0
2006-08-08,83.21154317285192,13.264227846827351,43.832630751945125,41.60577158642596
2006-08-09,80.29140326560969,11.132075471698114,42.339677495689806,40.14570163280485
2006-08-10,77.195473407537,12.33739762072416,41.41122182500443,38.5977367037685
2006-08-11,82.48852988145433,16.072376357056694,44.05877432383335,41.24426494072716
2006-08-12,95.73028011322828,14.545814367702356,48.48620558536482,47.86514005661414
2006-08-13,65.04526129842029,6.86961988586904,34.92388833010743,32.52263064921014
2006-08-14,94.88364625758368,23.89760528488852,48.66450915113312,47.441823128791846
2006-08-15,10.923914423833995,6.751002718269432,11.475486170491967,5.461957211916998
2006-08-16,98.8665157606676,35.02235469448584,49.83023075103888,49.4332578803338
2006-08-17,59.87634481358685,16.9965640085162,36.75781514310847,29.938172406793424
2006-08-18,38.27229474610995,15.057464958718487,28.430774961480505,19.13614737305497
2006-08-19,72.32795371498173,13.9569005043558,40.02613682501015,36.16397685749087
2006-08-20,42.59688218585149,9.945361629431083,27.00738874611119,21.298441092925746
2006-08-21,25.016927920912757,13.330925263288597,22.50440125943732,12.508463960456377
2006-08-22,33.83797781143954,9.83973498075029,23.42915654697933,16.91898890571977
2006-08-24,59.04101479915433,16.91993227897758,36.45073995771671,29.520507399577166
2006-08-25,28.820143884892087,10.177291049834125,21.654253068133727,14.410071942446043
2006-08-26,20.650038944766163,10.244865297412645,18.45431609604118,10.32501947238308
2006-08-27,43.56291603582878,13.07156238291495,29.15866665538912,21.78145801791439
2006-08-28,100.0,-1.0,50.0,50.0
2006-08-29,85.02518338234796,9.28329571106095,43.90274819997972,42.51259169117398
2006-08-30,60.11030655748799,13.181779625074222,35.313324761453615,30.055153278743997
2006-08-31,1.6840233680467362,6.790506209200984,7.517991702650072,0.8420116840233681
2006-09-01,0.1032935399204131,5.249686408787334,5.295910591821184,0.0516467699602065
2006-09-02,8.225463719406372,6.204510862045109,9.806892931824146,4.112731859703186
2006-09-03,66.20762532758475,8.380656943436819,35.935835658128326,33.103812663792375
2006-09-04,0.2218271103208873,3.82526644491209,3.927694522055711,0.1109135551604436
2006-09-05,0.0,3.9945813224959785,3.9945813224959785,0.0
2006-09-06,0.0,3.229193125052917,3.229193125052917,0.0
2006-09-07,8.368392093791002,11.263845393490932,14.505438693020697,4.184196046895501
2006-09-08,4.8732580388438285,5.735239146300219,7.89237516297814,2.4366290194219142
2006-09-09,0.0008466683600033,3.7177522458068393,3.7181441029548727,0.0004233341800016
2006-09-10,0.0677334688002709,3.454206557654833,3.4857336381339428,0.0338667344001354
2006-09-11,2.422174623466563,6.706809189977095,7.755445871466428,1.2110873117332814
2006-09-12,0.0084666836000338,3.806943268416596,3.810854288375244,0.0042333418000169
2006-09-13,0.0,3.5492337651341974,3.5492337651341974,0.0
2006-09-14,99.83194128923832,41.20603015075377,49.98522096764659,49.915970644619165
2006-09-15,100.0,-1.0,50.0,50.0
2006-09-16,86.70446959005518,20.86061145363249,46.125763734545735,43.35223479502759
2006-09-17,97.7052171048742,52.44755244755245,50.05616601491567,48.8526085524371
2006-09-18,64.90263420576244,9.069655338635815,35.63452721335882,32.45131710288122
2006-09-19,68.89794744720618,9.391994779203827,37.37007687558672,34.44897372360309
2006-09-20,1.5671831343662683,5.933304088285638,6.623909914486497,0.7835915671831343
2006-09-21,0.2116670900008466,4.313592397760054,4.410295487257641,0.1058335450004233
2006-09-22,0.0,3.009059351452036,3.009059351452036,0.0
2006-09-23,15.086944007043565,10.333894976121872,16.31829803084946,7.543472003521782
2006-09-24,70.87231630771313,25.41457322916969,42.838834655793725,35.43615815385657
2006-09-25,77.62790029815953,11.998338807716994,41.498230469706826,38.813950149079766
2006-09-26,62.30476673427992,11.051321719243964,35.318204868154154,31.15238336713996
2006-09-27,34.74496661334958,10.50631598059814,24.228383307521096,17.37248330667479
2006-09-28,15.2229126805398,8.964718335879844,15.211483431822415,7.6114563402699
2006-09-29,44.58625680262033,19.692086814412047,33.20525081885352,22.293128401310167
2006-09-30,24.659481227052,12.084802479394524,21.434493494187915,12.329740613526
2006-10-01,95.67854307097124,66.4972634870993,50.71292213606339,47.839271535485615
2006-10-02,95.81193838254173,31.03448275862069,49.20571245186136,47.905969191270856
2006-10-03,99.83194128923832,100.0,50.08402935538084,49.915970644619165
2006-10-04,97.98665653238749,36.24161073825504,49.72299636854996,48.993328266193735
2006-10-05,37.98462722283762,27.697027542950643,36.168728490372985,18.99231361141881
2006-10-06,10.17268950579157,17.383154682289998,20.701165083044952,5.086344752895785
2006-10-07,91.04893687118276,76.3590033975085,52.35941103423807,45.52446843559137
2006-10-08,1.2945120815483346,12.004974911009135,12.496825101173442,0.6472560407741673
2006-10-09,0.6409279485225637,10.135233014920797,10.390737448141564,0.3204639742612818
2006-10-10,0.3513673694014054,7.986745401248991,8.134366268732537,0.1756836847007027
2006-10-11,0.122766912200491,7.235196880430636,7.28769790872915,0.0613834561002455
2006-10-12,38.081053406561786,14.014131667782802,27.71792940618944,19.040526703280893
2006-10-13,3.059859453052239,8.086745388485188,9.369232071797477,1.5299297265261196
2006-10-14,98.62024097199924,88.42620943049602,50.53018909373574,49.310120485999626
2006-10-15,4.566005147656462,17.745899094207722,19.218623001896503,2.283002573828231
2006-10-16,1.4003894674456014,10.23648416569348,10.793328253323171,0.7001947337228007
2006-10-17,4.751826485951085,8.89520931472758,10.84843764550511,2.3759132429755425
2006-10-18,40.85559325475729,12.657901889815596,27.914237606504944,20.427796627378644
2006-10-19,68.54526717686213,10.432891132713891,37.55427161995506,34.27263358843106
2006-10-20,96.03376454384912,53.89859394972305,50.15462741552527,48.01688227192456
2006-10-21,95.71721986966554,36.33313597789619,49.41467826322151,47.85860993483277
2006-10-22,31.457934747642348,16.55756737395944,27.077866007483536,15.728967373821174
2006-10-23,99.5598286626733,89.82725527831093,50.17530816217906,49.77991433133665
2006-10-24,93.73890551300909,63.12947212096665,50.82204865513685,46.869452756504536
2006-10-25,15.6300799241398,7.091750208226712,13.798343944730426,7.8150399620699
2006-10-26,0.6629132624984125,4.702042068659871,5.002328239427676,0.3314566312492062
2006-10-27,0.0982135297603928,4.475651304303609,4.520362374058082,0.0491067648801964
2006-10-28,20.257471497854404,10.878310247837392,18.80337539886076,10.128735748927202
2006-10-29,68.29196117555549,23.26213902887769,41.52194866245054,34.14598058777774
2006-10-30,0.7374481415629498,5.06401453441261,5.395394124121582,0.3687240707814749
2006-10-31,73.36234210637488,11.697909728169506,39.79722022728232,36.68117105318744
2006-11-01,43.91011540153643,11.385302280680584,28.3410606111882,21.95505770076821
2006-11-02,19.3849746983262,9.867108937081436,17.646859715335015,9.692487349163098
2006-11-03,50.46747159211095,12.645621946636604,31.497432079127496,25.233735796055477
2006-11-04,9.536872407078148,12.579787731875784,16.148505630344594,4.768436203539074
2006-11-05,36.31680454753084,9.023045759447433,23.904566140520057,18.158402273765414
2006-11-06,29.01770600582301,11.811558777588324,22.892968379714265,14.508853002911504
2006-11-07,1.351282702565405,7.189693942358859,7.768182203031072,0.6756413512827025
2006-11-08,1.5519431038862077,6.349493020975773,7.026924053848108,0.7759715519431039
2006-11-09,89.3590241759727,45.868063824720174,49.56032167052424,44.67951208798635
2006-11-10,5.075776818220303,8.232618293716273,10.35263737194141,2.537888409110152
2006-11-11,99.20530360611434,58.34218916046758,50.06629507642936,49.60265180305717
2006-11-12,31.935082837884693,17.841256430009196,28.11117782870868,15.967541418942346
2006-11-13,14.266851745268646,10.952493780357775,16.523343602938688,7.133425872634323
2006-11-14,44.92607754245889,15.151654764647162,30.80764936734556,22.46303877122945
2006-11-15,1.6941833883667767,9.404955688189547,10.092710185420373,0.8470916941833884
2006-11-16,71.88882778459326,38.84608439174141,46.864503574601294,35.94441389229663
2006-11-17,79.22598654993021,31.883703884681164,46.23651820834919,39.61299327496511
2006-11-18,99.08532722988438,77.93167128347184,50.255483391468125,49.54266361494219
2006-11-19,60.87559630544372,39.50622621930128,45.89437358324594,30.43779815272186
2006-11-20,46.481387478849406,41.25262808454133,45.318527918781726,23.240693739424703
2006-11-21,93.45627803637656,49.961270333075134,49.997465638279,46.72813901818827
2006-11-22,51.79318917913288,32.93337543416482,41.7727245820402,25.89659458956644
2006-11-23,72.87027337546041,40.35934483402877,47.38451660865745,36.43513668773021
2006-11-24,60.48558216601432,39.82071798382611,45.97771597162929,30.24279108300716
2006-11-25,100.0,-1.0,50.0,50.0
2006-11-26,3.5323003979341294,20.04423458372097,21.102362204724407,1.7661501989670647
2006-11-27,9.66095238095238,18.208653116302607,21.28,4.83047619047619
2006-11-28,86.4679054054054,20.21595306453626,45.96959459459459,43.2339527027027
2006-11-29,2.745745491490983,15.204540903827906,16.15993565320464,1.3728727457454917
2006-11-30,3.4086868173736344,13.700431261175977,14.93776987553975,1.7043434086868172
2006-12-01,3.284198762181338,12.788010364871488,14.010126067851427,1.642099381090669
2006-12-02,3.4323354104578705,12.455943467358711,13.74458141425088,1.7161677052289352
2006-12-03,54.07170251229113,27.37221578473027,39.60744395073409,27.03585125614557
2006-12-04,97.2537550609854,45.67559248999692,49.88124117761417,48.6268775304927
2006-12-05,52.658675142866805,16.89969821967465,34.32987860548473,26.329337571433403
2006-12-06,99.29313999543962,97.7299880525687,50.33738419572506,49.64656999771981
2006-12-07,96.27990642761227,86.40181611804766,51.35418162163988,48.13995321380615
2006-12-08,96.9462296577176,65.65265486725663,50.4779961321161,48.473114828858805
2006-12-09,100.0,-1.0,50.0,50.0
2006-12-10,40.69395559767158,71.07354304871959,62.49788479761743,20.34697779883579
2006-12-11,4.296769168247088,68.88629386837938,68.07479341641832,2.148384584123544
2006-12-12,63.9667731413409,63.89625008794353,55.0072673190353,31.98338657067045
2006-12-13,4.111746031746032,61.23883179715365,60.77671957671957,2.055873015873016
2006-12-14,2.2631445262890524,53.71068201703093,53.626703920074505,1.1315722631445262
2006-12-15,1.522283933893254,51.22685145382327,51.20817529124898,0.761141966946627
2006-12-16,4.619760757854102,52.44173042444038,52.3289283204795,2.309880378927051
2006-12-17,67.28387233143098,56.593875177671535,52.157260621433096,33.64193616571549
2006-12-18,87.51931895918315,88.22574096630126,54.77083280549292,43.759659479591576
2006-12-19,64.16347317040157,63.4106038430669,54.80589464423182,32.08173658520079
2006-12-20,11.521107922560548,55.75434601658997,55.09138160178107,5.760553961280274
2006-12-21,3.846414302160222,48.12222691738855,48.19445384980023,1.923207151080111
2006-12-22,4.1316366530356525,49.67103229623873,49.68462404646398,2.0658183265178263
2006-12-23,4.397771908438304,46.94996148158643,47.08409521874577,2.198885954219152
2006-12-24,2.1096296296296297,45.359888613112176,45.45777777777778,1.0548148148148149
2006-12-25,5.044050812887719,44.17775559496965,44.471432561209895,2.52202540644386
2006-12-26,3.9592980436310072,42.35874834728956,42.66128827448424,1.979649021815504
2006-12-27,7.353488844500118,44.257262927096654,44.679554457121576,3.676744422250059
2006-12-28,7.238830611363695,44.47578105747378,44.87566990932413,3.619415305681848
2006-12-29,21.1554412038526,44.38695549496554,45.574419824974186,10.577720601926298
2006-12-30,8.141720284456484,42.07164778854041,42.71715204876397,4.070860142228242
2006-12-31,72.76139274211954,49.042609316326846,49.73922011175073,36.38069637105977
2007-01-01,92.44610393998784,86.62491612614627,52.76660809623572,46.22305196999392
2007-01-02,80.01368925393567,40.63081346186369,48.127445264109646,40.00684462696783
2007-01-03,54.85188191133204,36.7039304907964,43.99707483683338,27.42594095566602
2007-01-04,95.14257238420215,56.47713441140672,50.31462211561202,47.57128619210109
2007-01-05,20.23275876651386,47.5803715327848,48.06992912360234,10.11637938325693
2007-01-06,28.475801196611577,42.78733524219693,44.84119931960699,14.237900598305789
2007-01-07,18.36361790681149,41.429370803282765,43.00324840117754,9.181808953405746
2007-01-08,81.37462912401416,80.79331941544885,55.7353699461543,40.68731456200708
2007-01-09,82.93453648315253,55.248044360827805,50.895603095745045,41.46726824157626
2007-01-10,17.654122621564483,46.35118204038039,46.9953488372093,8.827061310782241
2007-01-11,5.636736145210722,42.77408935941145,43.18139487631013,2.818368072605361
2007-01-12,46.79575529531137,37.70223451257112,43.4570667568596,23.397877647655687
2007-01-13,5.586502319596357,38.81461555704998,39.43948731841116,2.7932511597981784
2007-01-14,12.35929380300286,41.917509246651406,42.9164480254583,6.17964690150143
2007-01-15,6.298412698412699,37.76663504539911,38.53714285714286,3.1492063492063496
2007-01-16,14.61335996411615,44.64278634579551,45.42565526113119,7.306679982058075
2007-01-17,20.155583395408684,54.16697588126159,53.327097582447344,10.077791697704342
2007-01-18,100.0,-1.0,50.0,50.0
2007-01-19,75.20575262366282,82.56142862011383,58.07336116134047,37.60287631183141
2007-01-20,55.24567158122549,30.32169100285234,41.19310496415528,27.622835790612744
2007-01-21,45.87801495213288,38.06644165260329,43.54132133554345,22.93900747606644
2007-01-22,100.0,-1.0,50.0,50.0
2007-01-23,100.0,-1.0,50.0,50.0
2007-01-24,90.93274754984792,62.225121133060014,51.10848259547144,45.466373774923966
2007-01-25,69.02046264848516,88.99312752263555,62.07989050539869,34.51023132424258
2007-01-26,89.44918869151695,100.0,55.27540565424152,44.72459434575848
2007-01-27,85.62206919859744,70.35317623552918,52.926365595031896,42.81103459929872
2007-01-28,8.078935338040331,79.43432892179887,77.05634852102064,4.039467669020166
2007-01-29,3.8438743544153753,70.05195033899797,69.28117856235713,1.921937177207688
2007-01-30,6.223648339739574,69.0582595270984,67.87214047445687,3.111824169869787
2007-01-31,3.286834041544634,64.6545008971161,64.17283177301123,1.643417020772317
2007-02-01,25.654933152817737,61.59615756706616,58.62117109493992,12.827466576408868
2007-02-02,7.420357091457065,59.27978345952668,58.59119038951584,3.710178545728533
2007-02-03,6.693646708209157,55.739251946355004,55.35508669737199,3.3468233541045787
2007-02-04,6.899674184403165,57.12740428316911,56.63563660982525,3.4498370922015824
2007-02-05,25.1333186612267,60.30120073265043,57.71216712658078,12.56665933061335
2007-02-06,99.70864193360414,100.0,50.14567903319793,49.85432096680207
2007-02-07,93.0468637833912,90.70812583505403,52.83049144053983,46.5234318916956
2007-02-08,100.0,-1.0,50.0,50.0
2007-02-09,20.893880279961746,64.80191717217106,61.70922231907853,10.446940139980873
2007-02-10,68.78833967046894,71.66409485909202,56.7617237008872,34.39416983523447
2007-02-11,97.1742490140274,94.11237298266587,51.24650581449358,48.587124507013705
2007-02-12,60.8352220831501,56.568775642409854,52.57264639220595,30.41761104157505
2007-02-13,73.58830393533003,74.26924923963503,56.40992034634963,36.794151967665016
2007-02-14,85.54467326364535,82.01215947620717,54.62746224764866,42.77233663182268
2007-02-15,13.524770580068402,59.92970983279163,58.58673935864008,6.762385290034201
2007-02-16,5.9171096739240845,57.235788450810674,56.80763891240308,2.9585548369620422
2007-02-17,36.69368813450436,61.66880307643006,57.387088866535365,18.34684406725218
2007-02-18,9.939233907141286,55.48705997331178,54.9416882479392,4.969616953570643
2007-02-19,3.426878306878306,53.469148031592695,53.35026455026455,1.713439153439153
2007-02-20,10.142952662271162,56.832160652556816,56.13917783175767,5.071476331135581
2007-02-21,5.791665961157486,52.10061378362105,51.97895325013969,2.895832980578743
2007-02-22,56.26231782309703,46.165003481086096,48.32266141106214,28.131158911548518
2007-02-23,90.28069908686214,45.65444116113333,49.57764206009308,45.14034954343107
2007-02-24,99.65205935259394,78.39805825242718,50.09880838773425,49.82602967629697
2007-02-25,100.0,-1.0,50.0,50.0
2007-02-26,74.03038547986412,57.79592633565432,52.02457201764318,37.01519273993206
2007-02-27,16.059987982091624,58.80561801151431,57.391436817116215,8.029993991045812
2007-02-28,66.00845308537616,48.090122351536856,49.35080304311074,33.00422654268808
2007-03-01,63.47082146268884,40.02777134922472,46.3572267920094,31.73541073134442
2007-03-02,50.16830745289083,42.72815220896485,46.376315166277614,25.08415372644541
2007-03-03,88.28211476227091,18.156907989616386,46.26866302207876,44.141057381135454
2007-03-04,5.0786475000423295,52.749665327978576,52.57741995563908,2.5393237500211647
2007-03-05,61.89126295747832,67.84500943710448,56.80050772159933,30.94563147873916
2007-03-06,90.76260450975424,40.190162735417815,49.09382653492104,45.38130225487712
2007-03-07,99.20699934972258,75.29286474973375,50.20057258193917,49.60349967486129
2007-03-08,98.29661095675232,47.05007436787308,49.9497512899984,49.148305478376166
2007-03-09,2.075837488676865,54.10023271708005,53.97939401122578,1.0379187443384326
2007-03-10,91.32965065207108,35.55772040915733,48.7478039056693,45.66482532603554
2007-03-11,18.97698426129633,53.707881598462535,52.99923844982231,9.488492130648163
2007-03-12,3.418615283022062,50.73632538569425,50.711153253526135,1.709307641511031
2007-03-13,2.7962614923553617,48.29949746993093,48.347047967355785,1.3981307461776808
2007-03-14,1.5383964101261536,46.7551787295882,46.80509694352722,0.7691982050630768
2007-03-15,3.31327086031609,47.06042007757164,47.15781632255716,1.656635430158045
2007-03-16,6.01984321825847,44.89123091474126,45.198770804056686,3.009921609129235
2007-03-17,26.213567584035747,44.21773388844923,45.733472123489385,13.106783792017874
2007-03-18,3.456946913893828,43.83347803590378,44.04665142663619,1.7284734569469138
2007-03-19,100.0,-1.0,50.0,50.0
2007-03-20,99.9780425805035,100.0,50.01097870974826,49.98902129025175
2007-03-21,73.90833939107061,64.0760658286899,53.67267932311125,36.954169695535306
2007-03-22,51.00437936456942,56.63031097918751,53.245210598400426,25.50218968228471
2007-03-23,57.84694981739483,64.28600088271878,56.01328959826864,28.92347490869741
2007-03-24,92.8069345409077,60.61780596664318,50.76374573350005,46.40346727045385
2007-03-25,95.6746571580664,57.09247648902821,50.29953780767053,47.8373285790332
2007-03-26,61.10838729310724,52.42897819896972,50.94422559975654,30.554193646553617
2007-03-27,84.3807864988036,36.81589346613977,47.94074625225119,42.1903932494018
2007-03-28,77.86949652323057,57.04195777497805,51.55842071022415,38.93474826161528
2007-03-29,31.87639127527572,47.22936783109024,48.105749617002544,15.93819563763786
2007-03-30,98.13860784081888,51.497277676951,50.02787020927993,49.06930392040944
2007-03-31,99.7449561273868,100.0,50.12752193630659,49.87247806369341
2007-04-01,98.60660447508955,46.81625227410552,49.95563780166295,49.303302237544784
2007-04-02,93.20412956423296,53.020885131775245,50.2052954395688,46.602064782116486
2007-04-03,62.03445419350477,43.83210866176798,47.65684434751737,31.017227096752386
2007-04-04,92.8783808896322,39.15312537065592,49.227526903519,46.439190444816106
2007-04-05,3.53859438226978,52.9070839590084,52.77330985557794,1.7692971911348898
2007-04-06,2.3161316537992684,50.02773155851359,50.02708925910876,1.1580658268996342
2007-04-07,13.106052268436605,47.34508963367109,47.69304357396229,6.553026134218301
2007-04-08,60.75850869476961,43.585377419493895,47.48206915217538,30.379254347384805
2007-04-09,10.800538376236954,46.98692277032285,47.31235133281979,5.400269188118477
2007-04-10,2.359584807897455,44.25329714637509,44.38889547386423,1.1797924039487275
2007-04-11,4.999576665819999,43.12552916536696,43.46922360511388,2.4997883329099992
2007-04-12,25.38919317017837,34.90588515606385,38.73815913111937,12.694596585089185
2007-04-13,51.81387478849408,30.412950347636773,40.56175972927242,25.90693739424704
2007-04-14,4.787706895821868,37.64716343588832,38.238581043897895,2.393853447910934
2007-04-15,2.5535517737702143,36.06356543347177,36.41943950554568,1.2767758868851071
2007-04-16,11.795132275132277,34.86160165847666,36.64719576719577,5.8975661375661375
2007-04-17,9.76099159279673,33.73301808901899,35.32083682575161,4.880495796398365
2007-04-18,98.2154620542878,41.268338854708944,49.84418019357127,49.1077310271439
2007-04-19,3.935314537295741,31.874988983095665,32.58826517653035,1.9676572686478704
2007-04-20,2.9980526627719923,30.54054761759289,31.123952247904494,1.4990263313859962
2007-04-21,2.4400155781702426,28.928596223271317,29.442741757962647,1.2200077890851213
2007-04-22,3.892981119295572,28.75731200225527,29.58428583523834,1.9464905596477864
2007-04-23,7.536977927542734,29.167925720407663,30.73803456070984,3.768488963771367
2007-04-24,94.4612447628058,22.11377154186366,48.45545006081903,47.230622381402895
2007-04-25,2.4265515197697063,27.04956440248516,27.606468546270424,1.2132757598848531
2007-04-26,22.66096600770436,20.50597160341109,27.189603352664776,11.330483003852178
2007-04-27,82.86120057822527,28.292394199467296,46.27957698257716,41.43060028911263
2007-04-28,4.49750232833799,22.15642121314208,23.408686817373635,2.248751164168995
2007-04-29,15.333429280144935,23.644871961523464,27.686016880994917,7.666714640072468
2007-04-30,70.37822940619505,17.389194897114642,40.34010212363046,35.18911470309752
2007-05-01,50.78995889507249,16.95684306412526,33.73944888949033,25.394979447536244
2007-05-02,98.76447289525466,34.79152426520847,49.81209516007804,49.38223644762733
2007-05-03,97.56252058681936,72.34927234927235,50.54475891250918,48.78126029340969
2007-05-04,100.0,-1.0,50.0,50.0
2007-05-05,79.59114686768471,23.49896480331263,44.59144264816489,39.79557343384236
2007-05-06,92.87584901834892,19.26953634531009,47.81071537187849,46.43792450917447
2007-05-07,55.99986473462625,10.16216423932675,32.47129837850633,27.999932367313125
2007-05-08,48.50066843788605,17.22336318080999,33.120251129575415,24.250334218943024
2007-05-09,76.20396121626077,17.012433392539965,42.150265856277,38.10198060813038
2007-05-10,4.343408686817374,14.946008143034163,16.468546270425875,2.171704343408687
2007-05-11,52.17406016309681,17.100608461865004,34.26555679626434,26.08703008154841
2007-05-12,44.622049975883634,15.899089297720186,31.115614713522938,22.311024987941817
2007-05-13,70.87297359007535,24.231338733559795,42.49435522743994,35.43648679503767
2007-05-14,70.12778336871126,11.692098632618974,38.55658071663552,35.06389168435563
2007-05-15,99.19256756756756,37.86610878661088,49.90202702702703,49.59628378378378
2007-05-16,12.06315611242804,29.650523635942832,32.06188621740603,6.03157805621402
2007-05-17,99.34885056500516,45.654993514915695,49.97170751482189,49.674425282502575
2007-05-18,6.484632969265938,18.514426472985456,20.55160443654221,3.242316484632969
2007-05-19,0.5054610109220218,16.541129409762117,16.707730082126833,0.2527305054610109
2007-05-20,7.238708038775769,17.61055081458495,19.95512847648478,3.6193540193878846
2007-05-21,15.024424107483004,15.641500787056408,20.803667425775267,7.512212053741503
2007-05-22,67.90917931588515,23.091517563045137,41.36484715234028,33.95458965794258
2007-05-23,41.84792728134469,18.965492148044653,31.952790426054133,20.923963640672344
2007-05-24,54.755423296079,13.522553159684591,33.49593358470149,27.377711648039497
2007-05-25,47.46247440475183,17.92179346775752,33.14690403262654,23.731237202375915
2007-05-26,65.17818661213039,15.600048537798813,38.02131309631457,32.589093306065195
2007-05-27,79.07084922655345,19.162692960478463,43.54601351522789,39.53542461327672
2007-05-28,98.9770404284435,36.0858794384806,49.85766417191802,49.48852021422175
2007-05-29,97.3194605139812,100.0,51.3402697430094,48.6597302569906
2007-05-30,41.17622170509837,26.01206849374253,35.8722233975037,20.588110852549185
2007-05-31,91.07544331186504,18.35401079647694,47.17573575401052,45.53772165593252
2007-06-01,99.94595096739324,100.0,50.027024516303385,49.972975483696615
2007-06-02,99.35732322166017,39.816031537450726,49.93454999957774,49.67866161083008
2007-06-03,74.7545996722364,14.77664380123808,41.10772271874842,37.3772998361182
2007-06-04,57.50767902926916,15.737698388991776,35.441152827490505,28.753839514634578
2007-06-05,96.12275411165454,33.769063180827885,49.3706866695387,48.06137705582727
2007-06-06,99.80829483747289,47.136563876651984,49.99451064512587,49.90414741873644
2007-06-07,79.18121633847116,24.19688908743857,44.6281061611695,39.59060816923558
2007-06-08,82.35870823789924,21.47271594883342,44.96741858873047,41.17935411894962
2007-06-09,60.02739934546008,16.66031987814166,36.67326280538854,30.01369967273004
2007-06-10,14.289463436108427,11.508943828215283,17.00910922605442,7.144731718054215
2007-06-11,97.39702541320744,26.24918883841661,49.38177242130689,48.69851270660372
2007-06-12,81.0060066402521,16.69261219588133,43.67359697218022,40.50300332012605
2007-06-13,93.87498204736116,20.48275862068965,48.1920636663935,46.937491023680586
2007-06-14,71.63754811963281,18.70954270202548,41.12525910571513,35.818774059816405
2007-06-15,87.78700785072634,15.153611956822584,45.74421336398131,43.89350392536317
2007-06-16,60.97486723268951,12.923636994019242,35.53090011162602,30.48743361634476
2007-06-17,31.86281979648161,12.543952289246445,24.478505274208025,15.931409898240805
2007-06-18,79.35725935252711,15.71966595709841,42.923599550436464,39.678629676263554
2007-06-19,11.455758355626292,13.573695884962522,17.746605262266772,5.727879177813146
2007-06-20,0.7603081872830413,7.029143773675051,7.355854711709424,0.3801540936415206
2007-06-21,77.52352130654201,22.099364398811534,43.72891958375952,38.76176065327101
2007-06-22,47.18212127879229,13.377765672813496,30.656912688070133,23.591060639396144
2007-06-23,66.81637866138868,16.557911908646002,38.90270412004026,33.40818933069434
2007-06-24,34.460780579467254,15.252486116492316,27.22675063270782,17.230390289733627
2007-06-25,58.79009818929136,12.377121513739816,34.49564871744995,29.39504909464568
2007-06-26,50.17044060800352,11.298591071125443,30.715258452247024,25.08522030400176
2007-06-27,76.8007570572778,15.300287722620826,41.9499294483452,38.4003785286389
2007-06-28,57.85844227270805,15.63698423853027,35.5188898760418,28.929221136354023
2007-06-29,68.16202642948333,13.899142257747563,38.50621845329184,34.08101321474167
2007-06-30,77.00057473207343,12.92811994708217,41.47368065181379,38.50028736603672
2007-07-01,30.41406395476783,10.25142009171299,22.3405786061314,15.207031977383917
2007-07-02,98.99076912682528,88.3682008368201,50.38722372832687,49.49538456341264
2007-07-03,82.86585932680363,13.39580764488286,43.72818618958684,41.432929663401815
2007-07-04,80.5068423720223,16.788004853527475,43.525933434701805,40.25342118601115
2007-07-05,91.19028312723832,15.76222435282838,46.98374890195283,45.595141563619165
2007-07-06,78.52790805763298,14.180014955330789,42.30869987746652,39.26395402881649
2007-07-07,16.464483141026186,8.30884290318004,15.173076434684704,8.232241570513093
2007-07-08,53.62066340770311,13.455997665852143,33.05113415314873,26.810331703851556
2007-07-09,99.83447483764178,37.755102040816325,49.97973161277246,49.91723741882089
2007-07-10,39.70282116806851,10.414269275028769,26.13092115283725,19.85141058403425
2007-07-11,69.36412763114498,14.95886932037763,39.26484392838719,34.68206381557249
2007-07-13,4.736262805858945,7.294962494223044,9.317585301837273,2.3681314029294724
2007-07-14,0.0,4.76504953009906,4.76504953009906,0.0
2007-07-15,0.9279485225637116,6.600064949493223,7.002794005588012,0.4639742612818558
2007-07-16,0.0,4.276521886377107,4.276521886377107,0.0
2007-07-17,0.0,4.859876386419439,4.859876386419439,0.0
2007-07-18,0.5096943527220388,4.814991319739933,5.045296757260181,0.2548471763610194
2007-07-19,0.9279485225637116,5.281419317346643,5.696384726102786,0.4639742612818558
2007-07-20,39.73783246648907,11.033301991383302,26.51782316377014,19.868916233244533
2007-07-21,10.899747718460574,11.0948530599447,15.335415925907114,5.449873859230287
2007-07-22,39.25285023173991,9.424295161851722,25.351415812442912,19.62642511586996
2007-07-23,27.569278689079614,11.442727931381029,22.072689722885244,13.784639344539809
2007-07-24,69.1653061051848,11.07270233196159,37.99688692253682,34.5826530525924
2007-07-25,0.0237067140800948,3.712674243322437,3.723647447294894,0.0118533570400474
2007-07-26,12.942800054185858,12.300510576221736,17.1798801137903,6.471400027092929
2007-07-27,49.98561857065511,11.116185450178447,30.552500676773143,24.99280928532756
2007-07-28,43.37275003383408,16.74160156541742,31.166683583705503,21.68637501691704
2007-07-29,58.66393782295781,14.747222620046236,35.42789002308805,29.331968911478903
2007-07-30,17.89906649627191,6.06650997855847,13.930194571629272,8.949533248135955
2007-07-31,0.6121412242824485,4.662356138243587,4.93988654643976,0.3060706121412243
2007-08-01,0.0,4.073321479976293,4.073321479976293,0.0
2007-08-02,0.9381085428837524,4.489666843301824,4.916603166539667,0.4690542714418761
2007-08-03,69.85864768442588,14.4868594508176,39.29585918874592,34.92932384221294
2007-08-04,1.7102700872068413,4.437074683435266,5.2163237659808654,0.8551350436034206
2007-08-05,0.006773346880027,3.640073834482058,3.643213953094573,0.0033866734400135
2007-08-06,1.2192024384048767,7.243507328362046,7.764795529591059,0.6096012192024384
2007-08-07,57.82461301749136,9.647610647851186,32.98122363404263,28.91230650874568
2007-08-08,99.63933069236684,27.634660421545664,49.91933508459258,49.81966534618341
2007-08-09,62.52262003416259,12.292418772563176,35.868186507466724,31.261310017081296
2007-08-10,75.89961200666097,17.53007611097471,42.17462236160303,37.94980600333049
2007-08-11,95.23081600594564,7.968833008677173,47.99545631133557,47.61540800297282
2007-08-12,30.35499652959997,11.201993193971804,22.979126813495625,15.177498264799985
2007-08-13,56.656399147006056,14.386958219445528,34.564025319026506,28.328199573503028
2007-08-14,91.39146755947851,33.27440581418189,48.56017179864388,45.69573377973926
2007-08-15,13.426897812690456,6.331032324931067,12.194419990519402,6.713448906345229
2007-08-16,32.0496000677134,15.03114100647733,26.238520462143978,16.0248000338567
2007-08-17,92.03648956837571,27.163767501060672,48.181434242756985,46.01824478418786
2007-08-18,54.14466558353642,9.819154825613582,31.57493907392364,27.07233279176821
2007-08-19,77.6362146315087,20.075557234605213,43.30776184723008,38.81810731575435
2007-08-20,99.96199677394836,20.0,49.98859903218451,49.980998386974186
2007-08-21,99.42150644788067,100.0,50.289246776059656,49.71075322394034
2007-08-22,72.24882406686744,17.083803310672803,40.86536834624886,36.12441203343372
2007-08-23,74.39522436520754,15.4415164123902,41.15137781460593,37.19761218260377
2007-08-24,51.79736352881528,8.483074172115773,29.987747169173566,25.89868176440764
2007-08-25,0.0313267293201253,4.515850363758014,4.530099060198121,0.0156633646600626
2007-08-26,7.374481415629498,6.295246800731262,9.518245703158074,3.687240707814749
2007-08-27,32.666790779541685,10.580753811157612,23.45775649053921,16.333395389770843
2007-08-28,77.87680963333784,13.748948857121016,41.980110945744826,38.93840481666892
2007-08-29,87.56980054573256,19.04308821530515,46.15199412028081,43.78490027286628
2007-08-30,99.92399354789671,83.33333333333334,50.02533548403443,49.96199677394837
2007-08-31,6.084747915167422,4.243292946776287,7.027473225246582,3.042373957583711
2007-09-01,52.54373498460393,12.959232784898123,32.42183534666531,26.271867492301965
2007-09-02,40.12376510027343,13.175455959281775,27.95084950942629,20.06188255013672
2007-09-03,23.18371907962684,12.234957020057308,20.99029849482756,11.591859539813418
2007-09-04,63.603006450849264,12.89663182346109,36.49548947826749,31.801503225424632
2007-09-05,88.04180678304071,24.87105207376528,46.99503185359177,44.02090339152036
2007-09-06,91.75486759302277,47.80247925417478,49.81881150483592,45.87743379651138
2007-09-07,20.561997460854844,9.010612001363793,17.438848920863308,10.280998730427422
2007-09-08,12.966192080448288,5.213966154444661,11.021009328073946,6.483096040224144
2007-09-09,24.027969423257627,9.376566939662377,19.13755301407783,12.013984711628812
2007-09-10,1.791550249767166,6.956394296256703,7.72754212175091,0.895775124883583
2007-09-11,16.446416023975008,5.8746048472075865,13.131650906258727,8.223208011987504
2007-09-12,0.6993480653627974,7.077812452038676,7.377868089069511,0.3496740326813987
2007-09-13,0.2921005842011684,6.315968241837558,6.443569553805774,0.1460502921005842
2007-09-14,19.81276610152276,8.476365402073172,16.703346001811394,9.90638305076138
2007-09-15,21.494124420061635,11.08618755931326,19.45037082190389,10.747062210030816
2007-09-16,22.35533166828938,16.195616617598954,23.752698641154808,11.17766583414469
2007-09-17,89.6088412365555,26.74749776222638,47.58379557599946,44.80442061827775
2007-09-18,93.34003412335085,45.18706404565632,49.67946010777573,46.67001706167542
2007-09-19,10.011006688680045,13.49001749995296,17.14503429006858,5.005503344340021
2007-09-20,5.846195527935586,7.261298850781432,9.759886886064804,2.923097763967793
2007-09-21,0.254000508001016,5.602240896358544,5.7150114300228605,0.127000254000508
2007-09-22,0.4792142917619168,5.751888654461308,5.963931927863856,0.2396071458809584
2007-09-23,4.262128524257049,7.67713750044218,9.480992295317924,2.1310642621285245
2007-09-24,1.3411226822453646,5.999519420558502,6.589619845906358,0.6705613411226823
2007-09-25,41.1697567656682,15.057842925917942,29.44344400199525,20.5848783828341
2007-09-26,99.386881286367,54.54545454545454,50.02786903243786,49.69344064318349
2007-09-27,99.00008445232666,100.0,50.49995777383667,49.50004222616333
2007-09-28,99.6883709146187,80.48780487804879,50.09500886749429,49.84418545730935
2007-09-29,99.69174900768516,89.04109589041096,50.12034456549278,49.84587450384258
2007-09-30,30.435848865135476,28.914066203911936,35.33174914589182,15.217924432567736
2007-10-01,27.382956939661373,16.601997180177346,25.74735791103627,13.691478469830686
2007-10-02,10.62230124460249,16.37490053427305,19.946659893319787,5.311150622301245
2007-10-03,2.417238167809669,14.067068673810246,14.935653204639742,1.2086190839048343
2007-10-04,100.0,-1.0,50.0,50.0
2007-10-05,36.25976488112871,14.118787428131348,27.129230743188916,18.129882440564355
2007-10-06,47.94070865342312,27.82942208931938,38.45815425225896,23.97035432671156
2007-10-07,0.2768605537211074,6.551879303464848,6.672170011006688,0.1384302768605537
2007-10-08,0.1371602743205486,6.641909994234747,6.701380069426806,0.0685801371602743
2007-10-09,20.51533742331288,9.881721689325143,18.11212185318384,10.25766871165644
2007-10-10,37.10250638866795,10.992721744628756,25.46539965137335,18.55125319433397
2007-10-11,4.456015578697825,6.3466463441651095,8.291846583693168,2.2280077893489123
2007-10-12,28.56212136595932,8.179460150892446,20.124293498493927,14.28106068297966
2007-10-13,1.515536364406062,5.705811554332875,6.377106087545509,0.757768182203031
2007-10-14,0.234527135720938,5.8167066950684445,5.920328507323681,0.117263567860469
2007-10-15,0.022013377360088,5.756071948782223,5.765811531623063,0.011006688680044
2007-10-16,0.1049868766404199,5.287067957215263,5.334010668021336,0.0524934383202099
2007-10-17,0.3352806705613411,5.881203595154357,6.029125391584116,0.1676403352806705
2007-10-18,77.73492345428402,28.37334751557514,45.184809270066815,38.86746172714201
2007-10-19,21.44544246251788,7.578321173389662,16.67583789778451,10.72272123125894
2007-10-20,54.775620691113645,12.35082862593992,32.973395931142406,27.387810345556822
2007-10-21,32.991654111154375,11.315606644350408,24.078227895244705,16.495827055577188
2007-10-22,61.69041012452626,21.912333002097824,39.23972996751489,30.84520506226313
2007-10-23,80.18284439637691,30.70691566470538,46.176659456536434,40.09142219818845
2007-10-24,100.0,-1.0,50.0,50.0
2007-10-25,6.636130419689952,14.546625193837112,16.899357384155582,3.318065209844976
2007-10-26,90.532539380886,98.8045320724418,54.62054985430128,45.266269690443
2007-10-27,67.7725078414961,15.325690600487944,38.82533965725687,33.88625392074805
2007-10-28,50.443765705244815,23.01782421634911,36.62864975083127,25.221882852622407
2007-10-29,25.077857892420703,14.68638104166902,23.5422802207102,12.538928946210351
2007-10-30,74.58291780057809,100.0,62.70854109971096,37.29145890028904
2007-10-31,9.481196769332364,18.65430840168726,21.62625510083137,4.740598384666182
2007-11-01,2.9684192701718737,12.378276499947646,13.49504699009398,1.4842096350859368
2007-11-02,7.406592104037728,10.879365050336952,13.776870909568116,3.703296052018864
2007-11-03,0.720514774362882,8.903367758551582,9.1994750656168,0.360257387181441
2007-11-04,9.116924900516468,8.091893201170091,11.912623825247652,4.558462450258234
2007-11-05,6.646009008093738,8.362505214662724,11.1297368688408,3.323004504046869
2007-11-06,45.35922067379245,13.154636622508356,29.8674063049655,22.679610336896225
2007-11-07,100.0,-1.0,50.0,50.0
2007-11-08,17.69564739038076,14.42056555269923,20.71657681598524,8.84782369519038
2007-11-09,56.17998443158358,19.06931840123576,36.446170508004194,28.08999221579179
2007-11-10,95.87704627236327,10.325752919483712,48.364249151082056,47.93852313618165
2007-11-11,36.160499150328455,62.25400609190835,57.822896323162645,18.080249575164228
2007-11-12,60.77385430844274,39.28794638046594,45.79807424064384,30.38692715422137
2007-11-13,8.532197851501325,59.374363720499765,58.57452446054737,4.266098925750662
2007-11-14,48.48971722365039,47.02203106018321,48.46603977810851,24.244858611825197
2007-11-15,17.751504328912738,52.04045933486994,51.6782471077108,8.875752164456369
2007-11-16,3.4001337702031105,54.62369738029922,54.46648548423967,1.7000668851015552
2007-11-17,4.473303251695267,54.30923705456446,54.116471813279375,2.236651625847633
2007-11-18,80.1500405515004,97.71024855294516,59.470464990537984,40.0750202757502
2007-11-19,99.96537483848628,95.1219512195122,50.015623548487895,49.98268741924314
2007-11-20,100.0,-1.0,50.0,50.0
2007-11-21,99.5220038678839,100.0,50.23899806605805,49.76100193394195
2007-11-22,98.8117657987856,94.5273631840796,50.529089358252186,49.40588289939279
2007-11-23,86.01493722647471,99.92146438712015,56.98154813200183,43.00746861323736
2007-11-24,84.64294768866729,100.0,57.678526155666354,42.321473844333646
2007-11-25,81.79667632621681,77.5039450478047,55.00663214011136,40.898338163108406
2007-11-26,66.6322820664581,36.72207581593351,45.569459710831154,33.31614103322905
2007-11-27,3.291790842590084,48.49856422468133,48.54798835004064,1.6458954212950418
2007-11-28,5.712689315374652,51.31851851851852,51.24319565198987,2.856344657687326
2007-11-29,6.080383293548005,51.74175987598129,51.6358541994684,3.0401916467740024
2007-11-30,24.5860023524036,47.92082762954153,48.43201299745297,12.2930011762018
2007-12-01,17.101745956554105,51.58215900162247,51.31158218853624,8.550872978277052
2007-12-02,27.524208211763717,41.66443015671128,43.95872975601505,13.762104105881855
2007-12-03,40.08708518283661,61.60565606389885,56.95328683153667,20.043542591418305
2007-12-04,68.70739669491383,39.00435123375044,46.55917525075692,34.35369834745691
2007-12-05,52.61690297939939,50.92731293244882,50.4393895864668,26.308451489699696
2007-12-06,11.79677777119297,49.32090648186364,49.40101763505677,5.898388885596485
2007-12-07,99.86487741848308,100.0,50.067561290758455,49.93243870924154
2007-12-08,29.58676986846001,43.8039861122791,45.6371864822569,14.793384934230003
2007-12-09,99.98479870957937,100.0,50.00760064521032,49.99239935478968
2007-12-10,28.84955303152037,45.58237944109641,46.85684322696865,14.424776515760184
2007-12-11,60.91238808620004,35.928104857896784,44.499632237937824,30.45619404310002
2007-12-12,74.76870041317076,47.87690040854598,49.464314381553486,37.38435020658538
2007-12-13,4.406349206349206,45.73591923485654,45.92380952380952,2.203174603174603
2007-12-14,19.167774100439303,45.86474826170729,46.65738397338773,9.583887050219651
2007-12-15,3.420952380952381,46.4859226534834,46.60613756613757,1.7104761904761905
2007-12-16,57.61871732841604,66.62741497684816,57.04691174231531,28.80935866420802
2007-12-17,14.98535660476376,43.42181246141899,44.40757732220548,7.492678302381879
2007-12-18,3.068783068783069,47.85938864628821,47.92507936507936,1.5343915343915344
2007-12-19,2.955494035675886,45.687790068744114,45.8152371760682,1.477747017837943
2007-12-20,1.7575644694288763,44.80188207717895,44.89324235086947,0.8787822347144382
2007-12-21,3.524232804232804,46.47777329285201,46.60190476190476,1.762116402116402
2007-12-22,9.141009252753394,50.64521238435093,50.5862334605975,4.570504626376697
2007-12-23,51.62638068979516,82.10539198545352,65.5305400970923,25.81319034489758
2007-12-24,6.740108978914949,43.69635825878681,44.12123058178496,3.3700544894574747
2007-12-25,10.325212886624117,45.05474797054937,45.565355770370246,5.162606443312058
2007-12-26,44.2661190132096,50.962909046795865,50.53666658215224,22.1330595066048
2007-12-27,1.256423933013301,43.98734448550532,44.06288892839908,0.6282119665066505
2007-12-28,7.355269061142949,47.60882277694529,47.78470029542973,3.6776345305714746
2007-12-29,2.080846560846561,43.43330422678897,43.56994708994709,1.0404232804232805
2007-12-30,96.36452710978216,100.0,51.81773644510892,48.18226355489108
2007-12-31,33.965537669899625,41.22268503684716,44.20394725706257,16.982768834949812
2008-01-01,29.487559116405382,50.362949187113806,50.25592433100111,14.743779558202691
2008-01-02,44.6160351826793,56.63347891152307,53.673883626522326,22.30801759133965
2008-01-03,93.96204423949122,94.1390404252343,52.66509573398873,46.98102211974561
2008-01-04,98.31856837624883,99.29683576092415,50.82889258599286,49.15928418812442
2008-01-05,99.34043289897052,100.0,50.329783550514726,49.67021644948527
2008-01-06,75.1604892387742,88.6693644370388,59.60528094063587,37.5802446193871
2008-01-07,46.46254358349413,67.44807309285194,59.3412545276057,23.231271791747066
2008-01-08,14.640505171917589,69.2548739612463,66.43586314310383,7.3202525859587935
2008-01-09,79.93813335136369,92.99405990647512,58.625410965271854,39.96906667568184
2008-01-10,2.557785115570231,62.826160623517445,62.49809499618999,1.2788925577851156
2008-01-11,93.0025509773115,92.68469338483824,52.986839660094944,46.50127548865575
2008-01-12,100.0,-1.0,50.0,50.0
2008-01-13,99.59716580385268,100.0,50.20141709807366,49.798582901926345
2008-01-14,99.99071032252073,100.0,50.00464483873965,49.99535516126036
2008-01-15,99.96284129008284,100.0,50.01857935495858,49.98142064504143
2008-01-16,99.9695974191587,100.0,50.01520129042065,49.98479870957935
2008-01-17,98.3734481884976,97.81931464174455,50.777805928553335,49.1867240942488
2008-01-18,18.864442506793537,80.506661936709,74.75175023491666,9.432221253396769
2008-01-19,99.49293060755365,100.0,50.25353469622318,49.74646530377682
2008-01-20,80.50393168174516,74.29525544279643,54.73661959922212,40.25196584087258
2008-01-21,12.454072907671728,69.08742783649708,66.71026565754052,6.227036453835864
2008-01-22,59.75310729686311,69.16386554621849,57.71286040415997,29.876553648431557
2008-01-23,3.498433663533994,64.64317675340855,64.13089492845653,1.749216831766997
2008-01-24,13.729258381307144,71.54156403638756,68.58406705045716,6.864629190653572
2008-01-25,7.224192961216421,64.78135494232735,63.71352133901132,3.6120964806082094
2008-01-26,69.38053246841002,76.92753303357148,58.24506723427258,34.69026623420501
2008-01-27,56.57971504671712,61.7553699051625,55.10421511013403,28.28985752335856
2008-01-28,35.02942867773907,67.60337893243437,61.43701586442513,17.514714338869535
2008-01-29,3.2176960585128,58.67817750837509,58.398940132737366,1.6088480292564
2008-01-30,81.14929320411319,79.69520394441955,55.597755828003145,40.5746466020566
2008-01-31,41.55495751667174,52.34647630355772,51.37139907247554,20.77747875833587
2008-02-01,99.9873322579828,100.0,50.0063338710086,49.99366612899139
2008-02-02,100.0,-1.0,50.0,50.0
2008-02-03,65.93853595832488,66.13948407279588,55.49734456396725,32.96926797916244
2008-02-04,100.0,-1.0,50.0,50.0
2008-02-05,68.52227747894042,76.60809285829437,58.37562163807978,34.26113873947021
2008-02-06,40.239950588454285,60.71554982939502,56.40361787276527,20.119975294227142
2008-02-07,26.23422325990593,58.17087155963303,56.02730687239874,13.117111629952966
2008-02-08,2.71459890468008,61.88081337173386,61.55672555210388,1.35729945234004
2008-02-09,9.29126394366674,64.50324699559603,63.155712036833286,4.64563197183337
2008-02-10,3.784717225500072,62.6189931551442,62.14139994751678,1.892358612750036
2008-02-11,2.168833807395368,60.77912188706021,60.545340647433285,1.0844169036976838
2008-02-12,4.048894870948354,59.86519391608145,59.46576258560412,2.024447435474177
2008-02-13,1.0726470762536089,58.10769178105638,58.020724862215225,0.5363235381268043
2008-02-14,4.333288186096908,59.30999088600426,58.906562150814345,2.166644093048454
2008-02-15,2.54784618119334,57.972361438039066,57.76923793158906,1.27392309059667
2008-02-16,5.394148720032507,60.24911414152261,59.69626168224299,2.697074360016253
2008-02-17,4.094641496656227,58.47757584316772,58.13044950478287,2.0473207483281133
2008-02-18,6.97918518330413,59.683143449932665,59.00733893699688,3.489592591652065
2008-02-19,4.296114450182003,57.38976604307637,57.07229323626514,2.148057225091001
2008-02-20,42.91271331202327,65.75813236949695,58.99589020244558,21.45635665601164
2008-02-21,56.772339166455325,46.68518011499198,48.56708090286584,28.386169583227662
2008-02-22,93.80696937697994,37.389169281134905,49.21900739176346,46.90348468848997
2008-02-23,88.5914207484028,38.92592592592592,48.73660548287868,44.2957103742014
2008-02-24,3.148626338737671,55.078848910801085,54.918934936290896,1.5743131693688357
2008-02-25,81.12616340940187,78.68617711549649,55.41418219286837,40.56308170470093
2008-02-26,3.5903861294774004,52.75201966982789,52.65321153732189,1.7951930647387002
2008-02-27,62.130117465982224,42.49441715051363,47.157644591406125,31.065058732991112
2008-02-28,4.632851591272765,51.47148906703598,51.4033171623784,2.3164257956363823
2008-02-29,79.25309450382323,43.44125432702097,48.63926323349246,39.62654725191162
2008-03-01,96.8367795121292,49.692923898531376,49.99028650584499,48.4183897560646
2008-03-02,41.84036732933646,38.27621803166664,43.18149147210783,20.92018366466823
2008-03-03,12.095866173395528,50.46179034044397,50.40593279886221,6.047933086697764
2008-03-04,96.38625442322795,68.49731245618135,50.66844581070696,48.193127211613984
2008-03-05,55.9963474025974,42.97133194988856,46.90712932900433,27.9981737012987
2008-03-06,63.72273879966187,66.4173191648024,55.95350803043111,31.86136939983093
2008-03-07,100.0,-1.0,50.0,50.0
2008-03-08,90.60066787842922,40.07015650296816,49.06666103056178,45.30033393921461
2008-03-09,99.92652709630018,100.0,50.03673645184992,49.96326354815009
2008-03-10,99.45020142390231,81.41321044546851,50.17270938373576,49.72510071195116
2008-03-11,37.86596552336346,66.70208129018198,60.33369123204518,18.93298276168173
2008-03-12,56.55274511462651,45.3747152397827,47.99044074105406,28.276372557313252
2008-03-13,10.041798520975412,52.763923133387294,52.461374443673535,5.020899260487706
2008-03-14,75.65952411140697,32.56007778858175,45.75503993914036,37.82976205570348
2008-03-15,6.342756034168931,51.17662480901883,51.09592868209178,3.1713780170844657
2008-03-16,99.22975575149488,97.14912280701752,50.36316340664166,49.614877875747446
2008-03-17,85.50221366048194,39.757561629465584,48.51507316908311,42.75110683024097
2008-03-18,35.18899122918305,41.94154733778016,44.77049554692852,17.594495614591526
2008-03-19,14.530261510876551,50.42020134028885,50.34507256673094,7.265130755438276
2008-03-20,54.898362984509234,39.01231790314416,45.04371575458297,27.449181492254617
2008-03-21,100.0,-1.0,50.0,50.0
2008-03-22,26.74533772401358,63.96694408079296,59.69914246290072,13.37266886200679
2008-03-23,99.99239935478968,100.0,50.003800322605166,49.996199677394834
2008-03-24,67.62786372474427,59.36909510812514,52.93811818412376,33.81393186237214
2008-03-25,92.39978034047228,48.49933303690529,49.88594601444684,46.19989017023614
2008-03-26,52.16902408711606,43.89873059651356,47.077249554020575,26.08451204355803
2008-03-27,99.4907567709081,96.01990049751244,50.23435322731841,49.74537838545405
2008-03-28,68.97202270669949,41.61031737375941,47.396851179750094,34.486011353349745
2008-03-29,30.96044145775852,52.16083117393494,51.42737444352286,15.48022072887926
2008-03-30,14.175794409927372,56.47838565553156,55.560023023921175,7.087897204963686
2008-03-31,46.66576491275531,52.45137667031242,51.3069795752739,23.332882456377654
2008-04-01,22.372508358373185,46.84395887169758,47.550044436920736,11.186254179186593
2008-04-02,89.8402048352614,24.61947933128171,47.42139108831408,44.9201024176307
2008-04-03,69.49045070636873,33.58647450110865,44.99031966249862,34.74522535318437
2008-04-04,22.809881011780423,43.8346095618404,45.196072627635374,11.404940505890211
2008-04-05,39.23652504755866,40.36368221235343,43.97844007609385,19.61826252377933
2008-04-06,98.14375353641132,24.56778889899909,49.527915480825264,49.071876768205655
2008-04-07,95.49519848515588,91.34339766864132,51.78831067829851,47.74759924257794
2008-04-08,99.97213096756214,100.0,50.01393451621893,49.98606548378107
2008-04-09,100.0,-1.0,50.0,50.0
2008-04-10,99.88683483797958,100.0,50.05658258101021,49.94341741898979
2008-04-11,99.7238432240248,100.0,50.138078387987605,49.8619216120124
2008-04-12,99.84460903125554,50.54347826086957,50.00084451613448,49.92230451562777
2008-04-13,98.8244335408028,44.82758620689656,49.93919483831738,49.41221677040139
2008-04-14,93.28704290311951,33.59375,48.89553398714342,46.64352145155976
2008-04-15,99.6672606430146,92.13197969543148,50.14018967832381,49.83363032150729
2008-04-16,64.5127190311887,54.08578959980829,51.34336310127867,32.25635951559435
2008-04-17,98.62428321693086,27.56292203806016,49.69132935284728,49.31214160846543
2008-04-18,99.5000464483874,59.45945945945946,50.04729290353092,49.7500232241937
2008-04-19,87.55976011487456,39.974161963690754,48.74567108708506,43.77988005743728
2008-04-20,72.89690390436091,24.65296191159497,43.13016790950135,36.448451952180456
2008-04-21,99.69681870772142,100.0,50.1515906461393,49.84840935386071
2008-04-22,97.78735268026864,34.13516609392898,49.648967177797495,48.89367634013433
2008-04-23,68.69083040302948,31.09009860867216,44.07289694346768,34.34541520151474
2008-04-24,87.59767852466356,24.33757918397929,46.81726407204346,43.79883926233178
2008-04-25,94.16232290549046,24.240231548480462,48.49622789750695,47.08116145274523
2008-04-26,27.50905766430772,44.60918179580642,45.97357193647784,13.75452883215386
2008-04-27,27.40908783097447,49.11914073901114,49.318581973318885,13.704543915487235
2008-04-28,59.373016880314765,23.20941372487764,39.11579303634133,29.686508440157382
2008-04-29,99.36827525632148,100.0,50.31586237183926,49.684137628160734
2008-04-30,93.83721323107072,24.643640350877195,48.43734162246174,46.91860661553536
2008-05-01,92.4210810856472,38.01827909050379,49.091915087725226,46.2105405428236
2008-05-02,69.5906136146544,30.90459246080285,44.19268125681536,34.7953068073272
2008-05-03,41.5948075246888,38.1610594337709,43.0854439752562,20.7974037623444
2008-05-04,67.37547876522959,26.15197221790287,42.219695112155776,33.687739382614794
2008-05-05,20.51236464920969,39.86424567909128,41.92847890686512,10.256182324604849
2008-05-06,7.7612117209790625,45.02345306174902,45.40778745777349,3.8806058604895313
2008-05-07,10.701888070442807,43.3695528501536,44.07840149013632,5.350944035221404
2008-05-08,29.792763659143628,44.97485922371071,46.47198753872984,14.896381829571814
2008-05-09,23.484489298293145,37.677871954323145,40.57166079653211,11.742244649146572
2008-05-10,42.03202585076596,44.1717254261032,46.62146730165712,21.01601292538298
2008-05-11,60.39436381331189,32.58333333333333,43.102018364151824,30.197181906655945
2008-05-12,33.98000727931405,32.59314341393369,38.50799454897878,16.990003639657026
2008-05-13,39.8523735355861,31.37243863994596,38.7959639737252,19.92618676779305
2008-05-14,47.47195289100969,31.50197310139325,40.28334771646615,23.735976445504846
2008-05-15,90.2750789922782,24.47224394057858,47.51744588817735,45.1375394961391
2008-05-16,93.4324397417261,18.929352721657445,47.95941651735912,46.71621987086305
2008-05-17,100.0,-1.0,50.0,50.0
2008-05-18,99.96537483848628,100.0,50.01731258075686,49.98268741924314
2008-05-19,91.62991500650548,12.859594226304631,46.89131646981295,45.814957503252735
2008-05-20,94.07058863283098,20.91466020800684,48.27541055619382,47.03529431641549
2008-05-21,90.1902316230508,26.01394988375097,47.647024040817016,45.0951158115254
2008-05-22,98.5370509582654,31.00461893764434,49.72210725477444,49.26852547913271
2008-05-23,54.61666652567823,28.904689920310545,40.41010717941343,27.308333262839117
2008-05-24,98.72391456730485,16.81005956320318,49.57646800496584,49.36195728365242
2008-05-25,97.44196262629676,26.28797886393659,49.393437637279085,48.72098131314838
2008-05-26,100.0,-1.0,50.0,50.0
2008-05-27,12.92673636094299,21.78993622647379,25.43657679773141,6.463368180471495
2008-05-28,45.45708457820924,22.48033145570504,34.989970461528046,22.72854228910462
2008-05-29,41.6892234816444,18.883005730035546,31.855439012011505,20.8446117408222
2008-05-30,88.41563838143259,20.545348498104403,46.58786665653162,44.20781919071629
2008-05-31,90.93006939807104,21.789375582479032,47.44131594296002,45.46503469903553
2008-06-01,28.025493880453,16.74369377315223,26.063937839622163,14.0127469402265
2008-06-02,94.01559898936124,42.50211804574979,49.55129667655335,47.00779949468063
2008-06-03,50.00677048070413,14.118364030335862,32.06161137440758,25.003385240352067
2008-06-04,100.0,-1.0,50.0,50.0
2008-06-05,99.97550903210006,100.0,50.01224548394997,49.98775451605003
2008-06-06,91.66018925312606,33.68453044271097,48.639320716458265,45.83009462656303
2008-06-07,94.35645320696383,39.754527765304594,49.42179198026744,47.17822660348192
2008-06-08,71.84103921585209,16.84286400768861,40.66329507877845,35.920519607926046
2008-06-09,74.70987482144518,15.845058654456738,41.36217257905013,37.35493741072259
2008-06-10,42.74107550906414,15.527078160104054,30.261175713874643,21.37053775453207
2008-06-11,87.49947189197867,19.643098553467624,46.20522700195189,43.749735945989336
2008-06-12,74.37393259946904,16.440118772682283,41.399922217149424,37.18696629973452
2008-06-13,49.44181598124434,12.563823554030302,31.072949022860573,24.72090799062217
2008-06-14,99.12677031694692,45.45454545454545,49.96030774167941,49.56338515847346
2008-06-15,99.99071032252073,100.0,50.00464483873965,49.99535516126036
2008-06-16,99.79562019137384,100.0,50.102189904313086,49.897810095686914
2008-06-17,99.27202094417702,26.218097447795824,49.82687273034372,49.63601047208851
2008-06-18,52.605268055015145,15.432528421766524,33.61683950533742,26.302634027507573
2008-06-19,13.225134613430864,13.333333333333334,18.182549358257987,6.612567306715432
2008-06-20,51.90661478599223,14.53848318559167,32.945356115716464,25.953307392996116
2008-06-21,14.63245316243513,16.399734224540595,21.316277376588413,7.316226581217565
2008-06-22,7.585120972520867,16.847736474726563,19.362375768247464,3.7925604862604336
2008-06-23,14.161502252023434,17.78398051070629,22.346252836194928,7.080751126011717
2008-06-24,19.612820252479104,10.4759599191647,18.227738856736725,9.806410126239552
2008-06-25,0.6290745914825163,10.088866546814693,10.33993734654136,0.3145372957412581
2008-06-26,5.05197575593404,10.325951285617489,12.330274608065556,2.52598787796702
2008-06-27,51.81066269747302,16.46338253101911,33.83892628801461,25.90533134873651
2008-06-28,8.782965753714599,11.067281721907166,14.486729035262243,4.3914828768573
2008-06-29,20.841725766320813,14.79660020313252,22.133596249217177,10.420862883160408
2008-06-30,43.157680948472105,11.292243561113592,27.99761358731985,21.578840474236053
2008-07-01,33.33587301587301,11.162329993523564,24.10920634920635,16.667936507936506
2008-07-02,46.46118431631418,14.794031171951566,31.151141239495267,23.23059215815709
2008-07-03,63.05863855757771,12.578371699235731,36.17594103177488,31.52931927878885
2008-07-04,50.74274596057863,14.83160732993285,32.677015480923785,25.37137298028932
2008-07-05,11.021450805251048,5.581116793733483,10.476722154554066,5.510725402625524
2008-07-06,99.32945418922228,35.26448362720403,49.90119161226576,49.664727094611145
2008-07-07,88.96090726249429,17.017530429457246,46.35903459698819,44.48045363124714
2008-07-08,40.82948373013859,10.692633264699152,26.74162817063472,20.414741865069296
2008-07-09,14.57031580729828,11.494435139394058,17.10481754296842,7.28515790364914
2008-07-10,5.817409047421494,8.541891405969077,10.953679166208058,2.908704523710747
2008-07-11,28.456075905439832,17.873578856460064,27.015497642767063,14.228037952719916
2008-07-12,67.61031276415892,15.94592478534332,38.96999154691462,33.80515638207946
2008-07-13,93.34166610364164,29.388635210553023,48.62762651172218,46.67083305182082
2008-07-14,99.2880127701624,100.0,50.3559936149188,49.644006385081205
2008-07-15,1.26746253492507,6.513722126929674,7.064177461688256,0.6337312674625349
2008-07-16,0.0,5.013970027940056,5.013970027940056,0.0
2008-07-17,99.8707824838478,100.0,50.06460875807609,49.9353912419239
2008-07-18,86.93693312933738,25.773262585738323,46.83524509099516,43.46846656466869
2008-07-19,17.533506616657213,10.88170674113468,17.7405152780012,8.766753308328607
2008-07-20,90.80658783783784,23.803399173174093,47.59163851351352,45.40329391891892
2008-07-21,23.334546778303604,7.341151527198039,17.295400479169665,11.667273389151802
2008-07-22,42.783047204853325,10.752258846842052,27.54363847123626,21.391523602426663
2008-07-23,45.67358126628541,9.383954154727794,27.93475686101993,22.836790633142705
2008-07-24,10.09507522202562,6.347876037026923,10.754590787100923,5.047537611012809
2008-07-25,20.47457397546708,8.485112996455221,16.98510924682757,10.23728698773354
2008-07-26,90.46754387446582,14.521130504119784,46.61799233146969,45.23377193723291
2008-07-27,91.13543461369548,22.8467987804878,47.592986723421504,45.56771730684774
2008-07-28,23.49440428017541,10.989023148762891,20.154326735858323,11.747202140087705
2008-07-29,49.63406069938826,12.89834864851244,31.313404800785182,24.81703034969413
2008-07-30,20.32854035663809,7.014096176929859,15.752502983268307,10.164270178319043
2008-07-31,22.71072813150722,9.076970254523152,18.37088828319423,11.35536406575361
2008-08-01,51.58722109533469,9.233266994867495,30.26369168356998,25.793610547667345
2008-08-02,12.905192045579607,9.3041339826398,14.556013646791904,6.4525960227898045
2008-08-03,18.95328558608896,16.598073829569433,22.928836287905725,9.47664279304448
2008-08-04,97.62170196952805,18.146306818181817,49.24242424242424,48.81085098476402
2008-08-05,65.33856456740851,14.124707259953162,37.56510857065548,32.669282283704256
2008-08-06,5.705698078062823,8.488744825852331,10.857251714503429,2.8528490390314114
2008-08-07,5.072979105286328,8.759944347329741,10.852043753598158,2.536489552643164
2008-08-08,42.33807534211817,13.8347805679418,29.14643841872896,21.169037671059083
2008-08-09,37.2875330127988,10.047782307048566,24.94497866865308,18.6437665063994
2008-08-10,1.1777156887647109,5.036026696596099,5.565574464482262,0.5888578443823554
2008-08-11,16.748622548729188,6.0418445772843725,13.404230108418746,8.374311274364594
2008-08-12,99.82687419243145,35.12195121951219,49.97424225789834,49.91343709621572
2008-08-13,60.2445525703406,17.556033290053428,37.101755870530994,30.122276285170297
2008-08-14,40.307736554501005,12.637635155242537,27.69755874739888,20.153868277250503
2008-08-15,96.73121441003023,7.702248643060222,48.61737719876312,48.36560720501512
2008-08-16,37.48709005638048,8.145550078543957,23.83556541320285,18.74354502819024
2008-08-17,44.24402913730235,13.249776186213072,29.509555918408783,22.12201456865117
2008-08-18,15.047327158507882,8.830886676433362,15.025737846487292,7.523663579253941
2008-08-19,0.0753534840403014,4.771184789147695,4.8052662771992205,0.0376767420201507
2008-08-20,60.21554495313504,15.526259834148416,36.28481034074375,30.10777247656752
2008-08-21,41.5657604142868,17.120639471740738,30.787195694666565,20.7828802071434
2008-08-22,26.868349994498008,14.174103267474564,23.79993059023692,13.434174997249004
2008-08-23,94.26980814881772,55.15258735072977,50.29525314049656,47.13490407440887
2008-08-24,0.5435610871221743,4.297340552320632,4.545762424858183,0.2717805435610871
2008-08-25,22.57064968929376,7.2262677950534675,16.880577050068577,11.285324844646878
2008-08-26,33.687114902837024,10.362476068921506,23.71521430022344,16.843557451418512
2008-08-27,11.34695328970206,9.740327956527135,14.30857413788724,5.673476644851029
2008-08-28,11.420032679461888,8.201437473716405,12.974846973763302,5.710016339730944
2008-08-29,27.10897425045286,4.38034188034188,16.747363253144627,13.55448712522643
2008-08-30,0.0262467191601049,3.4688640655832117,3.4810769621539244,0.0131233595800524
2008-08-31,5.768253860742346,15.352339194422232,17.350904226496887,2.884126930371173
2008-09-01,67.70992818413283,17.572629869279332,39.52917889679324,33.85496409206642
2008-09-02,57.28601535323442,24.324806309073253,39.03310170883022,28.64300767661721
2008-09-03,63.32411892504206,10.983058660827474,35.690192995358984,31.66205946252103
2008-09-04,97.67530262457656,27.9796511627907,49.48809352852231,48.83765131228829
2008-09-05,84.13092913359202,19.065629661197526,45.09100284885834,42.06546456679601
2008-09-06,61.5387869046612,13.183767733421314,35.84003045427629,30.7693934523306
2008-09-07,96.64264533189149,26.119778560644185,49.19825627075114,48.32132266594574
2008-09-08,12.447827154431623,7.977643259133192,13.208513592454937,6.223913577215812
2008-09-09,0.0177800355600711,3.3694925014184216,3.377783422233511,0.0088900177800355
2008-09-10,47.142011834319526,9.536070109225824,28.61158072696534,23.571005917159763
2008-09-11,0.4199475065616798,4.433145713945619,4.624502582338498,0.2099737532808399
2008-09-12,63.67539426311253,14.053047929269429,36.94241138587921,31.837697131556265
2008-09-13,99.99831096773104,100.0,50.00084451613448,49.99915548386552
2008-09-14,99.96537483848628,100.0,50.01731258075686,49.98268741924314
2008-09-15,78.88372486057123,14.178238424906958,42.43577826601318,39.44186243028562
2008-09-16,26.06387931837229,10.082551895487695,20.486502044375214,13.031939659186143
2008-09-17,1.7813600650230288,7.127956692641886,7.891662151178543,0.8906800325115144
2008-09-18,26.429865095888555,6.676713179721381,18.126999441425887,13.214932547944278
2008-09-19,20.4542185292052,7.365330610160838,16.085919056362698,10.2271092646026
2008-09-20,3.6000338667344,4.862196771417028,6.487172974345949,1.8000169333672
2008-09-21,86.25218544388794,17.515512686613015,45.53409292465181,43.12609272194397
2008-09-22,45.101441424665886,11.691154931314658,28.968996250433783,22.550720712332943
2008-09-23,52.95133012928992,28.26954895331271,39.77611182562784,26.47566506464496
2008-09-24,29.764595342695344,15.33010340588618,25.64945783285508,14.882297671347672
2008-09-25,99.07259597111364,25.136612021857925,49.76941593817307,49.53629798555682
2008-09-26,53.82682840176622,10.874782449390858,31.934646162174964,26.91341420088311
2008-09-27,9.916529807155072,9.106115851595684,13.16137006247566,4.958264903577536
2008-09-28,1.2014224028448055,7.215637881241912,7.729658792650919,0.6007112014224029
2008-09-29,1.5358564050461434,6.287404553896953,6.958767250867835,0.7679282025230717
2008-09-30,84.63359372358053,31.497579225352112,47.156842852794966,42.316796861790266
2008-10-01,82.62677836293398,26.031529778123787,45.83590454533928,41.31338918146699
2008-10-02,98.4299914700989,55.19096288327058,50.08149856005135,49.21499573504945
2008-10-03,98.24171740801108,99.9519692603266,50.87829677985998,49.120858704005535
2008-10-04,49.141184235019374,48.10175018300393,49.034572622814885,24.570592117509687
2008-10-05,1.6323351366911347,41.37889481838526,41.51786848187752,0.8161675683455674
2008-10-06,7.73568132751979,29.839050083503093,31.39863692164416,3.867840663759895
2008-10-07,16.03341599871347,18.308737550905203,23.389929494612645,8.016707999356735
2008-10-08,69.17431813185884,19.7805814591333,40.68465817819036,34.58715906592942
2008-10-09,8.221996443992888,13.049013367281988,16.087122174244346,4.110998221996444
2008-10-10,13.353595556985386,13.577605159020958,18.44130445825361,6.676797778492693
2008-10-11,1.363982727965456,9.61381642760882,10.16467699602066,0.681991363982728
2008-10-12,0.8720684108034883,9.311581824393578,9.666412666158664,0.4360342054017441
2008-10-13,30.79904213100466,24.09850698817574,32.07591873344672,15.39952106550233
2008-10-14,47.6409666283084,10.24563671622495,29.18499966154471,23.8204833141542
2008-10-15,39.56188074830565,8.021839563208735,24.62918933554452,19.780940374152824
2008-10-16,99.38265349210371,43.77564979480164,49.961574191368975,49.69132674605186
2008-10-17,10.98750380981408,7.197207479693356,11.900165938568865,5.4937519049070405
2008-10-18,36.96056862413268,14.906040268456374,27.876967337959048,18.48028431206634
2008-10-19,0.3987807975615951,6.217325886823248,6.391922783845567,0.1993903987807975
2008-10-20,0.1998137329607992,5.287001374348881,5.376344086021505,0.0999068664803996
2008-10-21,2.970908967759415,6.231075975323508,7.531410864264427,1.4854544838797077
2008-10-22,37.48645720476706,12.051830589254768,26.277254875406285,18.74322860238353
2008-10-23,74.66550516754343,15.99065264563512,41.383903651956224,37.33275258377172
2008-10-24,7.013563167787053,10.994263862332696,13.729955805408334,3.5067815838935266
2008-10-25,4.199475065616798,6.7220503756076,8.539497078994158,2.099737532808399
2008-10-26,0.2159004318008636,5.3217937295829625,5.418254169841672,0.1079502159004318
2008-10-27,89.87491448407503,19.094094094094093,46.87075059755572,44.93745724203752
2008-10-28,87.66405530343366,18.907994793450708,46.16450743266655,43.83202765171683
2008-10-29,100.0,-1.0,50.0,50.0
2008-10-30,90.88144869759114,55.01111522786217,50.45694111287544,45.44072434879557
2008-10-31,92.9704391891892,100.0,53.5147804054054,46.4852195945946
2008-11-01,54.024515070254544,49.22813667224788,49.64513209207109,27.012257535127272
2008-11-02,91.23953820297788,58.01600308493203,50.70223888790358,45.61976910148893
2008-11-03,95.05008192152424,75.37962804982085,51.25627079708799,47.52504096076212
2008-11-04,100.0,-1.0,50.0,50.0
2008-11-05,71.48208593003493,34.49073387694588,45.57708081414522,35.74104296501746
2008-11-06,40.79719036939872,25.40131795245651,35.43688909575594,20.39859518469936
2008-11-07,99.66050451393876,100.0,50.16974774303064,49.83025225696937
2008-11-08,86.72607523018,32.47133757961783,47.67325853716276,43.36303761509
2008-11-09,57.850568489442345,41.97976878612717,46.6195181375203,28.925284244721173
2008-11-10,5.182062157654569,24.97187449775889,26.268847518180817,2.5910310788272843
2008-11-11,23.186320155760605,27.233854970244654,32.51248624396851,11.593160077880302
2008-11-12,89.29373806989983,100.0,55.35313096505009,44.64686903494992
2008-11-13,100.0,-1.0,50.0,50.0
2008-11-14,40.73779574849641,65.31588112706615,59.07652875643943,20.368897874248205
2008-11-15,2.355132275132275,48.7580520707802,48.78730158730159,1.1775661375661377
2008-11-16,6.910211267605634,47.07492271322059,47.27705173347779,3.455105633802817
2008-11-17,9.98543755079924,38.86359788558852,39.97561636412896,4.99271877539962
2008-11-18,100.0,-1.0,50.0,50.0
2008-11-19,25.164717126352205,33.08318264014466,37.3402518755339,12.582358563176102
2008-11-20,54.69398800815243,55.41784107666176,52.45460772789161,27.346994004076212
2008-11-21,100.0,-1.0,50.0,50.0
2008-11-22,99.28638386636376,95.62130177514793,50.32556096984233,49.64319193318188
2008-11-23,21.899546316359697,66.9321888784125,63.22411633261105,10.949773158179848
2008-11-24,90.7887735538307,100.0,54.60561322308466,45.39438677691535
2008-11-25,5.300811080820225,65.88915809142357,65.04690383866433,2.6504055404101123
2008-11-26,3.44255355177377,59.47616709340255,59.1499449665566,1.721276775886885
2008-11-27,2.936943343831488,55.64820710528841,55.482322462663824,1.4684716719157438
2008-11-28,90.89481018538068,100.0,54.55259490730966,45.44740509269034
2008-11-29,96.67260643014583,97.63959390862944,51.58515678442037,48.33630321507293
2008-11-30,99.14281612350204,100.0,50.42859193824898,49.57140806175102
2008-12-01,95.76171693539531,100.0,52.119141532302336,47.880858467697664
2008-12-02,88.83295890272123,98.55543790651944,55.422205705984695,44.416479451360615
2008-12-03,53.2342938359757,90.64546474185028,69.00813861017579,26.61714691798785
2008-12-04,58.44459843158464,93.9725470259278,68.2729684964846,29.22229921579232
2008-12-05,92.93631617187368,98.21791651716302,53.40596117128229,46.46815808593684
2008-12-06,44.720423380619856,87.80816051874962,70.90019106234044,22.360211690309928
2008-12-07,39.97258558543313,85.26302435723952,71.16748176602982,19.986292792716565
2008-12-08,1.585648736052556,80.38778828204974,79.9059447012411,0.792824368026278
2008-12-09,28.484940726836115,88.12220672042375,77.26311873234911,14.242470363418056
2008-12-10,95.76897416625144,98.84231536926148,52.06653098107439,47.88448708312572
2008-12-11,100.0,-1.0,50.0,50.0
2008-12-12,88.01530392479793,99.94362226920369,55.985591337911,44.00765196239897
2008-12-13,90.55655508535422,100.0,54.7217224573229,45.27827754267711
2008-12-14,90.0946702586753,85.35254497399607,53.50178615162443,45.04733512933765
2008-12-15,99.92314903176224,100.0,50.03842548411888,49.961574515881125
2008-12-16,95.16441005802707,97.7991266375546,52.31136976003648,47.58220502901354
2008-12-17,47.32119448931438,86.43259644560035,69.19225662407077,23.66059724465719
2008-12-18,98.32701353759364,99.89904088844018,50.83480419893422,49.163506768796815
2008-12-19,41.74987107192073,77.5166908563135,66.02850790054362,20.874935535960365
2008-12-24,4.523098021620798,67.85625620655412,67.04860023533993,2.261549010810399
2008-12-25,8.946076356556336,71.8274111675127,69.8747142978075,4.473038178278168
2008-12-26,6.027125876257239,68.26851176157915,67.16744556198991,3.0135629381286195
2008-12-27,2.5780615009482526,69.56208122224443,69.05775873746953,1.2890307504741263
2008-12-28,43.67158172410295,67.12246521471565,59.64481382529,21.835790862051475
2008-12-29,34.518462124095926,67.39009675877482,61.3873027957535,17.259231062047963
2008-12-30,3.1190734218369003,67.00982277065054,66.47927390950962,1.55953671091845
2008-12-31,3.3239355532413875,67.25721842241235,66.68359960376927,1.6619677766206935
2009-01-01,41.29609429830124,65.87108390349297,59.31694612854401,20.64804714915062
2009-01-02,13.44290320669606,77.68076264971889,73.95966451984191,6.72145160334803
2009-01-03,6.362520631427484,71.66178544310662,70.28354987515341,3.181260315713742
2009-01-04,15.879864636209817,66.50306748466258,63.8824027072758,7.9399323181049075
2009-01-05,97.61593095236084,100.0,51.19203452381957,48.80796547618042
2009-01-06,84.55871792922252,99.99452894189736,57.71979623387485,42.27935896461126
2009-01-07,28.816642133225045,76.58153381742984,68.92162834373889,14.408321066612524
2009-01-08,20.180722891566266,72.3934704261183,67.87430621361852,10.090361445783133
2009-01-09,3.840651480136459,67.9428490941423,67.25372679482948,1.9203257400682292
2009-01-10,9.442586870952724,71.2133108992335,69.2102255893681,4.721293435476362
2009-01-11,3.8776356664606944,68.31398932703992,67.60383954494283,1.9388178332303472
2009-01-12,2.523747439001676,68.8388615301771,68.36341624477218,1.261873719500838
2009-01-13,3.7646879550303063,67.63461386208292,66.97072567810099,1.8823439775151531
2009-01-14,88.73432155074116,100.0,55.63283922462941,44.36716077537058
2009-01-15,90.77468003449034,91.04737469073582,53.78675165266201,45.38734001724517
2009-01-16,2.563603268001524,69.53000773328004,69.02933581678873,1.281801634000762
2009-01-17,22.811709249088125,85.12959389527235,77.11593307549741,11.405854624544062
2009-01-18,100.0,-1.0,50.0,50.0
2009-01-19,70.54877842733079,91.07911192702656,62.09830027371338,35.274389213665394
2009-01-20,90.32535982160957,100.0,54.83732008919522,45.16267991080478
2009-01-21,100.0,-1.0,50.0,50.0
2009-01-22,72.19257216804391,89.25996897527146,60.91718753964697,36.09628608402196
2009-01-23,100.0,-1.0,50.0,50.0
2009-01-24,90.68913098555863,98.11337868480724,54.47977366776454,45.34456549277933
2009-01-25,3.151112879602428,89.28090634124167,88.0423647739106,1.575556439801214
2009-01-26,49.26731869098785,89.56207057567875,70.07089918440556,24.633659345493925
2009-01-27,81.85738201126198,93.15872867928046,57.830123273077774,40.92869100563099
2009-01-28,54.43360992344481,90.96354263249638,68.66560762509928,27.216804961722406
2009-01-29,7.2507808598346015,83.96046471302236,81.49806583769966,3.6253904299173008
2009-01-30,7.737047070775482,79.34318826217414,77.07289197426346,3.868523535387741
2009-01-31,7.150536269057232,80.70001094052004,78.50479552361361,3.575268134528616
2009-02-01,93.1329384026434,90.31503814915088,52.768458502700014,46.566469201321695
2009-02-02,94.8902519389669,100.0,52.55487403051655,47.44512596948345
2009-02-03,95.7183031981826,98.93491124260356,52.095244529646735,47.8591515990913
2009-02-04,18.82828898368204,85.79025295601943,79.0515607014693,9.414144491841018
2009-02-05,89.44767343628561,96.7496597550236,54.933176764775446,44.723836718142806
2009-02-06,99.9383503221829,100.0,50.03082483890855,49.96917516109145
2009-02-07,97.54581538721392,98.27942188575362,51.18486614306224,48.77290769360696
2009-02-08,79.76196514006526,99.7452176092223,60.0674544809048,39.88098257003263
2009-02-09,14.359538207806487,86.89177044550006,81.59428257284222,7.179769103903244
2009-02-10,91.33683240785348,94.79024390243902,53.88025389419949,45.66841620392674
2009-02-11,99.74580064352128,94.6843853820598,50.11358742008765,49.872900321760646
2009-02-12,36.162127393063294,77.4709321595715,67.53685867596526,18.081063696531647
2009-02-13,79.58250581026833,73.93931868040896,54.88780900063384,39.791252905134165
2009-02-14,27.96442353259766,75.69577425077243,68.50881795409924,13.98221176629883
2009-02-15,5.472864279061891,76.32158787596511,74.88104309541951,2.7364321395309457
2009-02-16,53.886492430009305,78.20249449743214,63.005159434999584,26.943246215004653
2009-02-17,99.68752903024212,71.35135135135135,50.06671677462398,49.843764515121066
2009-02-18,14.13503538414655,81.49345847834446,77.03839772457928,7.067517692073275
2009-02-19,46.09698753404036,88.21229488890634,70.55953045449164,23.04849376702018
2009-02-20,81.36863812308785,68.99977319119982,53.539916499044985,40.68431906154392
2009-02-21,72.96036113717633,68.80822860001251,55.0856770899377,36.48018056858817
2009-02-22,82.86319950002535,86.99916219013356,56.34047261118524,41.43159975001267
2009-02-23,80.5315496626021,63.30625895843287,52.59052241708806,40.26577483130105
2009-02-24,84.55548509828789,62.82914545355012,51.98139928133587,42.27774254914394
2009-02-25,5.8349419215008975,75.49852937208236,73.98066307697518,2.9174709607504488
2009-02-26,77.17675090618742,78.33555456833999,56.46709420124543,38.58837545309371
2009-02-27,54.52155092240315,70.87245078172928,59.492466900015216,27.260775461201572
2009-02-28,1.91176097061239,74.11628589683814,73.63327717147429,0.955880485306195
2009-03-01,77.49997888352999,95.69036714468054,60.280342255745786,38.749989441765
2009-03-02,76.5794765211808,98.0592330724,61.25572396546188,38.2897382605904
2009-03-03,95.4419154596512,100.0,52.2790422701744,47.7209577298256
2009-03-04,91.0750489964182,100.0,54.462475501790905,45.537524498209095
2009-03-05,99.8336303215073,100.0,50.08318483924635,49.91681516075365
2009-03-06,95.92098707045798,86.08695652173914,51.47199162239995,47.96049353522899
2009-03-07,61.61730629365898,72.27535146093165,58.547435008372375,30.80865314682949
2009-03-08,25.1135450585698,77.25835234588538,70.4102000253732,12.5567725292849
2009-03-09,37.46776580004227,67.55415528571815,60.97357852462481,18.733882900021136
2009-03-10,71.82243859560154,49.65804787329774,49.90364622952482,35.91121929780077
2009-03-11,61.25100376146402,54.330090310195885,51.67786653142301,30.62550188073201
2009-03-12,35.5482261406402,77.91132513679128,67.98934415831536,17.774113070320098
2009-03-13,36.71558918626106,62.0179510159312,57.600765154977736,18.35779459313053
2009-03-14,4.354194181990585,71.36212212496012,70.36853601544244,2.1770970909952925
2009-03-15,73.08553704689706,56.836023362431696,51.83987897534714,36.54276852344853
2009-03-16,2.7271187875709084,68.72191734210458,68.05308610617222,1.3635593937854542
2009-03-17,32.322617205010445,63.946411387580135,59.43856622093663,16.161308602505223
2009-03-18,3.2105392385129243,67.3458140145219,66.78378813150341,1.6052696192564622
2009-03-19,82.96537967408209,50.78892527537958,50.13439042531611,41.48268983704104
2009-03-20,31.74871660422357,57.986184316594944,55.41732563154912,15.874358302111789
2009-03-21,4.706629413258827,65.14649568082643,64.28964524595716,2.3533147066294133
2009-03-22,43.9464272125409,56.98404078800496,53.914804386610186,21.97321360627045
2009-03-23,9.074516178188652,65.07218031107385,63.68627351382469,4.537258089094326
2009-03-24,64.02704987320372,50.09634364131968,50.03465765004227,32.01352493660186
2009-03-25,79.98360558762137,53.05243603816601,50.610987636584895,39.991802793810685
2009-03-26,68.86583468614718,48.35021589767265,49.48635349025974,34.43291734307359
2009-03-27,45.664563919565694,52.44025842609169,51.316612829576016,22.832281959782847
2009-03-28,99.97973092807013,100.0,50.01013453596494,49.98986546403506
2009-03-29,99.96199677394836,100.0,50.01900161302581,49.980998386974186
2009-03-30,86.70543192555718,59.07624822603536,51.09280842468242,43.35271596277859
2009-03-31,88.21377888903906,72.50770443632194,52.65280781186647,44.10688944451953
2009-04-01,68.9615823507037,47.15542362264768,49.11668991166899,34.48079117535185
2009-04-02,99.08032192955046,100.0,50.45983903522476,49.54016096477523
2009-04-03,80.5532058873287,46.64955182316596,49.34528844527153,40.27660294366435
2009-04-04,48.11032615592876,50.75410477572516,50.39130250856635,24.05516307796438
2009-04-05,87.48076630425594,32.47568881685575,47.80609052941276,43.74038315212797
2009-04-06,51.40280222011641,49.80500034821366,49.90439285230811,25.701401110058207
2009-04-07,40.99821445193829,47.80201655120979,48.70315051916291,20.499107225969144
2009-04-08,30.778401596374337,53.66264795338781,52.53534345723273,15.389200798187169
2009-04-09,44.94196670276124,47.88500837392253,48.83552720628045,22.470983351380617
2009-04-10,27.923276168548643,48.58132706987669,48.97746703008346,13.961638084274322
2009-04-11,51.3341675403294,46.75121612230716,48.41895228110521,25.6670837701647
2009-04-12,32.368031782257724,47.01794730790381,47.98317907104518,16.184015891128862
2009-04-13,44.12700561911854,53.47146492184661,51.93961140071762,22.06350280955927
2009-04-14,38.014249208847374,52.13497870481599,51.323382579411415,19.007124604423687
2009-04-15,43.32374100719424,36.49926078580709,42.34828607702074,21.66187050359712
2009-04-16,99.934972257645,98.7012987012987,50.03166935504303,49.96748612882249
2009-04-17,60.77927348981939,46.99011098156065,48.79168639653656,30.38963674490969
2009-04-18,94.87513205155292,39.89116094986807,49.48193534755968,47.43756602577646
2009-04-19,99.59119204682708,48.96694214876033,49.99577677734325,49.795596023413545
2009-04-20,95.3629798555682,16.174863387978142,48.43152160141898,47.681489927784106
2009-04-21,99.1731279244582,86.51685393258427,50.30194766803493,49.58656396222909
2009-04-22,3.430554967616306,47.77766075096108,47.80171866401389,1.715277483808153
2009-04-23,63.24152094725366,37.5301772699055,45.41628282384361,31.62076047362683
2009-04-24,82.32454323325751,26.7786230323908,45.89438352342383,41.16227161662876
2009-04-25,46.63535584327664,37.184630754348966,43.16112380468816,23.31767792163832
2009-04-26,100.0,-1.0,50.0,50.0
2009-04-27,100.0,-1.0,50.0,50.0
2009-04-28,100.0,-1.0,50.0,50.0
2009-04-29,91.21267457982482,24.98556859726765,47.80190051063542,45.60633728991241
2009-04-30,97.57696043241415,34.437086092715234,49.62290443815717,48.78848021620709
2009-05-01,18.759892002606836,48.29387840233601,48.57470525006136,9.379946001303416
2009-05-02,67.50940684056991,29.27521145087833,43.266393269352726,33.754703420284955
2009-05-03,29.758488457729133,43.231224699413936,45.16426678856524,14.879244228864566
2009-05-04,99.68921806251107,100.0,50.15539096874446,49.84460903125554
2009-05-05,65.06402941549385,26.16259375756109,41.67194962174042,32.532014707746924
2009-05-06,90.9405045538264,9.63349808822158,46.34299859752286,45.4702522769132
2009-05-07,2.397764795529591,40.99751835204693,41.20226907120481,1.1988823977647955
2009-05-08,52.4020644724596,22.20385381114903,36.76960825788984,26.2010322362298
2009-05-09,55.13103670043073,31.210983912641684,41.56956326741303,27.565518350215363
2009-05-10,57.70154606042153,17.77773334399744,36.370479380222605,28.850773030210764
2009-05-11,52.79868734881676,26.25609231651376,38.79256389870934,26.399343674408374
2009-05-12,74.26304717005044,33.22171886284551,45.68178169805422,37.13152358502522
2009-05-13,99.012760638792,20.958083832335326,49.713286772343785,49.506380319396
2009-05-14,99.89190193478646,56.25,50.006756129075846,49.94595096739323
2009-05-15,100.0,-1.0,50.0,50.0
2009-05-16,79.94703309162598,26.261603375527425,45.239747180315945,39.97351654581299
2009-05-17,32.93377690868612,22.592330800494786,31.61871143053051,16.46688845434306
2009-05-18,41.106465101318754,25.907614475840063,35.81114252340404,20.553232550659377
2009-05-19,57.14297801054208,20.778220871007225,37.47641569297674,28.57148900527104
2009-05-20,30.385435709932967,24.017945070576648,31.91270566727605,15.192717854966483
2009-05-21,50.0473965739048,13.88851236868858,31.96137179226759,25.0236982869524
2009-05-22,57.859107256187855,14.230923694779117,34.926591918764544,28.929553628093927
2009-05-23,5.19654241133791,24.433152644692303,25.7617447107529,2.598271205668955
2009-05-24,74.25081364385646,20.83059750492449,42.48911619256943,37.12540682192823
2009-05-25,0.6807213614427229,24.21274274120676,24.388282109897556,0.3403606807213614
2009-05-26,10.332565700352207,21.80005287608113,24.71383094012463,5.166282850176104
2009-05-27,30.73823230612936,18.58896005475969,28.244158482898747,15.36911615306468
2009-05-28,31.88224346501988,14.567447405677951,25.86414008967092,15.941121732509938
2009-05-29,21.87814809484707,15.28992338783958,22.883845352882915,10.939074047423537
2009-05-30,19.392307757431062,20.060285885330785,25.866287388142467,9.696153878715531
2009-05-31,96.9117709169236,57.41247264770241,50.22891413608143,48.4558854584618
2009-06-01,77.54462172943006,11.162545632456435,41.27890271110811,38.77231086471503
2009-06-02,62.66613683249349,16.117489865706457,37.35035002874632,31.333068416246743
2009-06-03,98.40893160263828,17.67515923566879,49.48568967410122,49.20446580131914
2009-06-04,42.18014693435352,16.17408106802512,30.441903375427437,21.09007346717676
2009-06-05,80.17477434839931,22.086281865461675,44.46604239207599,40.087387174199655
2009-06-06,92.6902610017738,26.172868037901548,48.25829884280767,46.3451305008869
2009-06-07,73.87386625152294,18.35875514103436,41.73336604846352,36.93693312576147
2009-06-08,97.27946890097638,8.817137534927042,48.87960741916957,48.63973445048819
2009-06-09,99.04544686602466,37.78761061946903,49.88342625443487,49.52272343301233
2009-06-10,94.09587860558644,28.162564396107616,48.7106912925193,47.04793930279322
2009-06-11,35.420859476737306,10.858976037711145,24.72306313314955,17.710429738368653
2009-06-12,2.793792700581617,14.307736524442818,15.304904376095294,1.3968963502908085
2009-06-13,0.4868343070019473,14.815161441272812,14.986453306239946,0.2434171535009736
2009-06-14,12.932004977103633,10.90674003285924,15.962282357521945,6.466002488551816
2009-06-15,97.341813850949,18.52557991738163,49.16335132486971,48.6709069254745
2009-06-16,48.20691172488492,19.2461646543696,34.0716389114541,24.10345586244246
2009-06-17,89.05907911309478,29.660820520744803,47.77470646412903,44.52953955654739
2009-06-18,0.9287951909237152,12.06703528667755,12.419354838709678,0.4643975954618576
2009-06-19,80.04816630049011,31.853796959044512,46.37949974649316,40.024083150245055
2009-06-20,44.54470044522693,10.937786189633067,28.33793231873508,22.272350222613465
2009-06-21,83.4800831488398,16.015345268542198,44.38576329620929,41.7400415744199
2009-06-22,76.94056017912213,13.43250769456251,41.567741117823495,38.470280089561065
2009-06-23,100.0,-1.0,50.0,50.0
2009-06-24,77.8875656120836,9.307748174763962,41.001952514178974,38.9437828060418
2009-06-25,71.31868782066995,12.863963220558764,39.34889736025763,35.659343910334975
2009-06-26,81.02107078837894,23.950815290029404,45.056143673690265,40.51053539418947
2009-06-27,93.49339370797148,14.294988314723447,47.67681546311628,46.74669685398574
2009-06-28,77.0484320851999,10.812403329159608,41.00583213591412,38.52421604259995
2009-06-29,49.42166941659263,13.993910599571734,31.788721072894194,24.710834708296314
2009-06-30,61.13592150892329,14.88389301181745,36.352448617102255,30.567960754461645
2009-07-01,52.57249687003012,18.606974047980025,35.11107163401347,26.286248435015057
2009-07-02,51.577228342725626,16.44503468642424,33.75175576652959,25.788614171362813
2009-07-03,61.251681344060096,16.406864029342415,36.98322462756643,30.625840672030048
2009-07-04,32.11662153012864,13.89335627283041,25.4895903859174,16.05831076506432
2009-07-05,72.20404885676852,18.35543121274784,41.20409112040912,36.10202442838426
2009-07-06,88.41932731220588,16.677609980302037,46.141043080068606,44.20966365610294
2009-07-07,99.07000709531373,19.43687556766576,49.71576511132885,49.535003547656856
2009-07-08,37.49333649232956,8.369996344979763,23.9784736971256,18.74666824616478
2009-07-09,69.08612832587909,12.698282463625423,38.4685949085621,34.543064162939544
2009-07-10,62.82075136588914,15.737033666969976,37.26128655762107,31.41037568294457
2009-07-11,88.17496789889843,11.244463494784968,45.41714536730419,44.087483949449215
2009-07-12,92.1198246221689,20.915523156089197,47.70809221697515,46.05991231108445
2009-07-13,20.30269191073211,8.1894126763404,16.678087406730626,10.151345955366056
2009-07-14,40.355716509849046,23.55085827776989,34.22459893048128,20.177858254924523
2009-07-15,38.04562904835191,8.122457893156444,24.055032217693515,19.022814524175956
2009-07-16,22.69919964804819,16.26608878381928,23.923416639875462,11.349599824024097
2009-07-17,67.91585317410008,18.000052685651063,39.73308991945368,33.95792658705004
2009-07-18,99.43919866218476,80.12048192771084,50.16891606560699,49.71959933109238
2009-07-19,11.323422340371494,11.652329988638858,15.994598621717266,5.661711170185747
2009-07-20,27.55568343375533,11.661565778099666,22.22598334574504,13.777841716877663
2009-07-21,12.408672609825684,9.156985173300342,14.225061167128066,6.204336304912842
2009-07-22,12.038839882836973,10.222799672778018,15.011513130047575,6.0194199414184855
2009-07-23,5.653108913573558,6.285278413424866,8.75651923597941,2.826554456786779
2009-07-24,21.895950430012867,14.501078368682874,22.273904652265188,10.947975215006434
2009-07-25,21.63312988343252,8.006567718797934,17.091061466701657,10.81656494171626
2009-07-26,0.0338667344001354,5.253663081223003,5.268817204301075,0.0169333672000677
2009-07-27,0.2971805943611887,6.301853786122505,6.431716196765727,0.1485902971805943
2009-07-28,11.61873153220276,10.676514541901367,15.24540474638264,5.809365766101379
2009-07-29,0.3462873592413851,7.062811700835167,7.211497756328845,0.1731436796206925
2009-07-30,13.583027142349176,11.578854556498229,16.797609170490528,6.791513571174589
2009-07-31,99.516936771077,21.153846153846157,49.86065483781068,49.75846838553851
2009-08-01,33.18947279343319,16.11779607346422,27.363120927477365,16.594736396716595
2009-08-02,21.58210648402909,11.727555382821608,19.98755513414211,10.791053242014543
2009-08-03,100.0,-1.0,50.0,50.0
2009-08-04,80.97370934074758,13.5071511059785,43.05676449958168,40.48685467037379
2009-08-05,1.5358564050461434,5.924537387356401,6.601473202946407,0.7679282025230717
2009-08-06,0.0211667090000846,5.0887072871236825,5.098213529760392,0.0105833545000423
2009-08-07,2.9853526373719417,9.846051804789498,11.04478875624418,1.4926763186859708
2009-08-08,96.86164552472005,23.654467168998924,49.17318379136192,48.430822762360016
2009-08-09,76.2096092031805,14.897777777777776,41.64904415496532,38.10480460159025
2009-08-10,89.92583070456602,14.28811282740094,46.402324027638,44.96291535228301
2009-08-11,36.00629063760347,10.357265544486433,24.63114372923202,18.003145318801735
2009-08-12,7.357958634235547,8.879973680843674,11.905568207793966,3.678979317117773
2009-08-13,18.75095240514045,11.766851093536722,18.93593064797413,9.375476202570225
2009-08-14,21.156125143901946,10.463480884231773,18.82787634590641,10.578062571950973
2009-08-15,1.5959698586063835,8.554958055495804,9.216408432816865,0.7979849293031919
2009-08-16,7.661177665834145,6.872902646104194,10.176946196503406,3.830588832917072
2009-08-17,17.356008532827687,10.27665959909453,17.171045948599872,8.678004266413843
2009-08-18,2.251291169249005,7.514010272756407,8.470493607653882,1.1256455846245026
2009-08-19,2.9506392346118027,8.144820065430752,9.37981542629752,1.475319617305901
2009-08-20,0.4834312613238057,5.596249883021533,5.810911492287112,0.2417156306619028
2009-08-21,65.99631277167937,9.851273378432152,36.34795257344857,32.998156385839685
2009-08-22,49.154822335025386,16.2897885156159,32.85998307952623,24.577411167512693
2009-08-23,0.5494877656421979,4.56491942006283,4.814579629159258,0.2747438828210989
2009-08-24,0.2946405892811785,8.257332586063416,8.380323427313522,0.1473202946405892
2009-08-25,3.944427511937417,6.546092352168663,8.260100240441599,1.9722137559687083
2009-08-26,98.67326515273074,13.749204328453215,49.519048061413216,49.33663257636537
2009-08-27,12.81124327985438,12.5564413543983,17.353426745121283,6.4056216399271895
2009-08-28,17.00197205271221,9.720281859620856,16.568628280759366,8.500986026356104
2009-08-29,91.73594917029976,44.99539924343114,49.58641724965359,45.86797458514988
2009-08-30,0.0152400304800609,3.973173457981912,3.980187960375921,0.0076200152400304
2009-08-31,1.713656760646855,3.8109677308202543,4.60248920497841,0.8568283803234273
2009-09-01,0.0,3.85996105325544,3.85996105325544,0.0
2009-09-02,57.39941799478903,16.58690601481364,35.76582749636247,28.699708997394517
2009-09-03,99.86994122018784,94.8051948051948,50.058273089656105,49.93497061009391
2009-09-04,98.17242078237956,25.73937153419593,49.55661779609486,49.08621039118978
2009-09-05,0.5816611633223266,4.1661344029704575,4.432732198797731,0.2908305816611633
2009-09-06,0.5444077554821777,4.260771110184137,4.509779019558039,0.2722038777410888
2009-09-07,0.3242739818812971,4.0441020326688015,4.1931250529167725,0.1621369909406485
2009-09-08,0.0685801371602743,3.936320734734684,3.967911269155872,0.0342900685801371
2009-09-09,70.2046889927881,16.634034221503363,40.05850672573704,35.10234449639405
2009-09-10,29.20873782299222,10.541354821740274,22.06672704036292,14.60436891149611
2009-09-11,51.39992560781794,9.121586362845711,30.13306056199912,25.69996280390897
2009-09-12,86.97173870774121,22.165985335150214,46.37371184133774,43.485869353870605
2009-09-13,54.36768387576967,12.854018386714117,33.04942824277691,27.18384193788484
2009-09-14,99.52703901083588,100.0,50.23648049458206,49.76351950541794
2009-09-15,91.21460122803016,13.968467602384155,46.83448619521794,45.60730061401508
2009-09-16,100.0,-1.0,50.0,50.0
2009-09-17,58.4832263574938,10.919868008310589,33.77519006181766,29.2416131787469
2009-09-18,70.6694528811093,15.55279933081427,39.89644757658565,35.33472644055465
2009-09-19,79.63782151587175,12.648500456924484,42.39442099654061,39.81891075793588
2009-09-20,20.366890153054317,8.795671262583848,17.187711634836784,10.183445076527155
2009-09-21,21.53260271654043,11.263899224555386,19.60478991241061,10.766301358270216
2009-09-22,6.341546016425366,7.391972518531912,10.093980187960376,3.170773008212683
2009-09-23,3.791380916095165,9.711172909039709,11.238675810684954,1.8956904580475824
2009-09-24,23.333982440246885,9.44771454760301,18.910177714184115,11.666991220123442
2009-09-25,66.34716164587348,25.46842819108856,41.744429793420565,33.17358082293674
2009-09-26,80.61651655461118,23.294066317626527,44.82345976574062,40.30825827730559
2009-09-27,19.029598022283174,7.560723135959179,15.636746926749977,9.514799011141587
2009-09-28,5.366848976412618,8.900022366360993,11.105796095297764,2.683424488206309
2009-09-29,0.0677334688002709,3.898161484368381,3.929387858775717,0.0338667344001354
2009-09-30,0.1210735754804842,3.271253825222308,3.327829988993311,0.0605367877402421
2009-10-01,30.921926980606607,12.907455516886426,24.37718503720383,15.460963490303303
2009-10-02,21.633496152446096,8.178498898154949,17.225951729917803,10.816748076223048
2009-10-03,1.5510964355262045,4.969125715956587,5.667598001862671,0.7755482177631022
2009-10-04,0.0237067140800948,3.5390660727291205,3.5500804334942,0.0118533570400474
2009-10-05,20.95101108384804,8.054330607526651,16.842372451137997,10.47550554192402
2009-10-06,10.483051708374251,5.8955372088404685,10.519030848938405,5.241525854187126
2009-10-07,0.0762001524003048,3.7866463311303167,3.821860977055288,0.0381000762001524
2009-10-08,47.6399495936197,15.506380229365208,31.939123301110463,23.81997479680985
2009-10-09,95.59754273594552,59.86564299424184,50.43433071664568,47.79877136797276
2009-10-10,72.13674635647381,27.85497572815534,43.82967571771548,36.0683731782369
2009-10-11,13.122692945917573,8.423637639354487,13.879576010024044,6.561346472958786
2009-10-12,58.298592025707165,23.39903475686417,38.90702295886009,29.149296012853583
2009-10-13,51.446363151794095,12.206597312980293,31.64992850676436,25.723181575897048
2009-10-14,37.64602309281143,19.805864784143363,31.17275590017946,18.82301154640572
2009-10-15,52.67021906453523,34.1166589227635,42.48244946291128,26.335109532267616
2009-10-16,20.721231560862904,18.992260475046702,25.41744598380149,10.360615780431452
2009-10-17,99.72299870789033,98.78048780487804,50.13512258151693,49.86149935394516
2009-10-18,82.55355105834636,11.25102920521141,43.239680594870926,41.27677552917318
2009-10-19,4.297361135803723,25.39831385627969,26.454677062961927,2.1486805679018617
2009-10-20,4.002201337736009,23.20541880176041,24.27779188891711,2.0011006688680046
2009-10-21,84.41903119743726,27.5469241618748,46.501593258445965,42.20951559871863
2009-10-22,99.60307741679404,100.0,50.19846129160298,49.80153870839703
2009-10-23,94.38269623823922,30.747256051721543,48.91851488995118,47.19134811911961
2009-10-24,7.403989433757789,25.56895590077446,27.377827824437823,3.7019947168788954
2009-10-25,17.392408277262916,18.93755442856411,24.340061783250817,8.696204138631458
2009-10-26,4.323715669342003,19.071047438699573,20.408327406955877,2.1618578346710016
2009-10-27,9.116924900516468,15.389130070242777,18.54457708915418,4.558462450258234
2009-10-28,12.633343492837549,16.154039963563775,20.429916353415287,6.316671746418774
2009-10-29,5.979714856581666,13.435926989815677,15.622354295777033,2.989857428290833
2009-10-30,1.8271103208873083,14.17483096453705,14.829396325459316,0.9135551604436544
2009-10-31,29.701898851896317,9.024654239326518,21.19510999137654,14.850949425948157
2009-11-01,5.572063492063492,13.75612992298934,15.775661375661375,2.786031746031746
2009-11-02,98.77714063727188,100.0,50.61142968136407,49.388570318635935
2009-11-03,28.167882100133667,64.19376494281978,60.19568196815621,14.083941050066834
2009-11-04,90.44330811815917,77.52719554258424,52.63068926171661,45.221654059079576
2009-11-05,69.95416723041536,53.83749401930709,51.15300703558382,34.97708361520768
2009-11-06,96.82124126981446,99.97343251859724,51.58853484895829,48.41062063490723
2009-11-07,55.95892612454113,58.16624414227548,53.59650161554988,27.979463062270565
2009-11-08,94.42252616816904,100.0,52.78873691591548,47.211263084084514
2009-11-09,91.86654613350456,54.336761192479486,50.3527284708904,45.93327306675228
2009-11-10,65.74319013530989,48.03986874892063,49.32852156421937,32.871595067654944
2009-11-11,8.933544384157646,49.20016730956917,49.27162071796782,4.466772192078823
2009-11-12,45.61329330683692,46.03591697115758,47.84406579003002,22.80664665341846
2009-11-13,43.18466168464477,43.84001904535174,46.50018598045514,21.592330842322387
2009-11-14,100.0,-1.0,50.0,50.0
2009-11-15,99.84123096671762,91.48936170212764,50.0658722584895,49.92061548335881
2009-11-16,99.32943865887732,42.04545454545455,49.94665989331979,49.66471932943866
2009-11-17,79.46413487853499,96.3186903586706,59.511943778085616,39.732067439267496
2009-11-18,36.026947425437555,27.52288723077737,35.62070483090152,18.013473712718778
2009-11-19,15.177188513004545,35.712788992107285,37.88118594002589,7.588594256502272
2009-11-20,85.55317135809145,21.36132389918718,45.86261953840435,42.77658567904572
2009-11-21,9.265938531877064,31.11341283616072,32.863432393531454,4.632969265938532
2009-11-22,16.41270486252201,28.03726959692121,31.64194771772992,8.206352431261005
2009-11-23,11.95110181759691,25.85716208680268,28.742497227466284,5.975550908798455
2009-11-24,87.83800907270837,22.41439188719872,46.645040844082885,43.91900453635419
2009-11-25,7.205025738282308,23.01600335760296,24.960207260904905,3.602512869141154
2009-11-26,91.20141223372806,57.08937314005952,50.62376471780664,45.60070611686403
2009-11-27,79.95856236786469,54.449554833537285,50.89175475687103,39.97928118393234
2009-11-28,30.50165921712041,36.55553796119225,40.65632195584451,15.250829608560206
2009-11-29,99.97973161277244,100.0,50.010134193613766,49.98986580638623
2009-11-30,100.0,-1.0,50.0,50.0
2009-12-01,98.24425095641452,100.0,50.87787452179274,49.12212547820726
2009-12-02,16.371823737536182,77.49392712550606,72.99266983799157,8.185911868768091
2009-12-03,22.754861046447648,78.22623065795818,71.80339109309,11.377430523223824
2009-12-04,94.95654964488097,100.0,52.52172517755952,47.47827482244048
2009-12-05,90.5679830306513,99.51617238598692,54.67037378201823,45.28399151532565
2009-12-06,100.0,-1.0,50.0,50.0
2009-12-07,100.0,-1.0,50.0,50.0
2009-12-08,81.79829192677755,99.87469253260316,59.07804593720169,40.899145963388776
2009-12-09,3.111506223012446,68.73508978896317,68.1521463042926,1.555753111506223
2009-12-10,66.93347307565526,56.2138949951434,52.0547192616196,33.46673653782763
2009-12-11,63.00119195556796,69.20967852491603,57.10735208338617,31.50059597778398
2009-12-12,89.37027495037378,78.15479974570884,52.99277780124171,44.68513747518689
2009-12-13,92.36545153552484,74.11218055094591,51.84085611000372,46.18272576776242
2009-12-14,36.02508654179821,69.39685395636815,62.409120532200326,18.012543270899105
2009-12-15,14.81374921725591,78.4737950490722,74.25575845786722,7.406874608627955
2009-12-16,2.582338498010329,63.31826872935859,62.9743459486919,1.2911692490051647
2009-12-17,4.498310910922776,65.13679320555329,64.45589318522407,2.249155455461388
2009-12-18,1.8677504021674711,62.92707758144671,62.68563203793074,0.9338752010837356
2009-12-19,57.4305579050648,87.42474517673708,65.93150522718815,28.7152789525324
2009-12-20,2.886268002133586,62.86551237118795,62.49417920430781,1.443134001066793
2009-12-21,94.2072192287553,86.17874325703455,52.09575528267148,47.10360961437765
2009-12-22,99.9290606447036,100.0,50.035469677648194,49.964530322351806
2009-12-23,95.7883980373445,94.64607980749948,51.88031517342139,47.89419901867225
2009-12-24,98.04578966481156,100.0,50.97710516759423,49.022894832405775
2009-12-25,87.59125321076112,99.79572381860277,56.179025280519134,43.79562660538056
2009-12-26,34.00593923703647,90.87727395100188,76.97657300946724,17.002969618518236
2009-12-27,78.69076895773648,99.91671624033312,60.63686839236367,39.34538447886824
2009-12-28,18.0365605958023,82.22885346109368,76.41587677725119,9.01828029790115
2009-12-29,19.33721284298136,71.26963488035568,67.1566803126163,9.66860642149068
2009-12-30,99.84037971048764,100.0,50.07981014475617,49.92018985524383
2009-12-31,84.07733191377898,94.45446826576098,57.07833743145157,42.03866595688949
2010-01-01,97.57951455162744,99.02302861130497,51.18659527388815,48.78975727581373
2010-01-02,79.2767051026274,75.32838378069674,55.24887566361208,39.6383525513137
2010-01-03,9.249210608741292,70.78253407087487,68.86031372482626,4.624605304370646
2010-01-04,98.31139869236875,74.28714357178589,50.41011302393945,49.15569934618439
2010-01-05,52.27641863770176,87.14880794115041,67.72874158291883,26.13820931885088
2010-01-06,80.11295900163182,81.96930402618936,56.357748598581246,40.05647950081591
2010-01-07,47.55872596804766,68.97035805915479,59.94829745464392,23.77936298402383
2010-01-08,98.44524579642096,100.0,50.77737710178953,49.22262289821048
2010-01-09,100.0,-1.0,50.0,50.0
2010-01-10,73.76479540074399,93.29058038735458,61.357372336827865,36.882397700372
2010-01-11,99.67570306561946,100.0,50.16214846719027,49.83785153280973
2010-01-12,86.63331615105756,97.27525603742572,56.319134013300776,43.31665807552878
2010-01-13,94.91989223246031,100.0,52.54005388376983,47.45994611623016
2010-01-14,41.04328129886155,89.67845520879625,73.39311522240722,20.521640649430772
2010-01-15,1.7153500973668614,81.806278212329,81.26068918804505,0.8576750486834307
2010-01-16,3.490518117168981,75.1642587085625,74.28589569928886,1.7452590585844905
2010-01-17,45.153656310220086,75.33594279726314,63.89583826363299,22.576828155110043
2010-01-18,27.11811369902404,69.78312078628869,64.41831159824766,13.559056849512018
2010-01-19,24.02593006330185,68.16784369639316,63.80285027588775,12.012965031650925
2010-01-20,5.465905819801209,73.47167242830787,72.18873291904431,2.7329529099006047
2010-01-21,36.12873213228453,67.26875455207575,61.02977247737461,18.064366066142263
2010-01-22,6.720391423226363,74.6556073833421,72.99865405940761,3.3601957116131813
2010-01-23,3.628236927426797,70.76763613046037,70.01413708742137,1.8141184637133985
2010-01-24,96.34256560998064,88.38337182448038,51.403846641157536,48.17128280499033
2010-01-25,73.93790435649251,92.00829633470524,60.94824236895894,36.968952178246255
2010-01-26,96.72158836594572,99.48480164863471,51.62231549433752,48.36079418297287
2010-01-27,57.76996772721896,74.6949145760813,60.42867039521485,28.88498386360948
2010-01-28,53.929839391377854,66.39327718757454,57.55240912933221,26.964919695688927
2010-01-29,91.75757780613324,96.18618002870618,53.80685995318534,45.87878890306661
2010-01-30,77.04118710811404,62.28790165261879,52.82115634876371,38.52059355405702
2010-01-31,44.80357988766326,80.56121745260609,66.86869797658524,22.40178994383163
2010-02-01,6.413490679443984,71.96240547092665,70.55263024228367,3.206745339721992
2010-02-02,11.009360664894968,69.04589808456812,66.9490664725697,5.504680332447484
2010-02-03,64.19525556701554,66.79023422742728,56.01170045482981,32.09762778350777
2010-02-04,81.0520266387208,90.15165031222124,57.60792400527366,40.5260133193604
2010-02-05,99.12085870400554,100.0,50.43957064799724,49.56042935200277
2010-02-06,99.22220064014324,100.0,50.38889967992839,49.611100320071614
2010-02-07,43.09640764632775,75.36587177772826,64.43409227335368,21.548203823163878
2010-02-08,3.996173156214812,73.66982105532381,72.720191680848,1.9980865781074055
2010-02-09,92.61657045783012,99.9084249084249,53.68495338872032,46.308285228915054
2010-02-10,84.20977023635487,99.9036711976881,57.87990434260895,42.10488511817744
2010-02-11,97.5854875896258,92.93459251486532,51.03666106461502,48.79274379481289
2010-02-12,17.250603123545098,79.15012889234421,74.12155584712406,8.625301561772549
2010-02-13,5.620507784390583,75.87462772255911,74.41648817737743,2.8102538921952918
2010-02-14,16.682324065845712,81.4767786762017,76.2257204519487,8.341162032922856
2010-02-15,4.020249392602877,74.39956957760391,73.41801620290028,2.0101246963014385
2010-02-16,63.56867887812513,76.89038550859266,59.7965226955455,31.784339439062563
2010-02-17,77.364245460767,71.99805904968086,54.97942664988129,38.6821227303835
2010-02-18,77.18242226468051,70.71878473508707,54.727524812742,38.591211132340256
2010-02-19,100.0,-1.0,50.0,50.0
2010-02-20,99.83699875004224,100.0,50.08150062497888,49.91849937502111
2010-02-21,4.890108029394832,81.43054257355232,79.89010802939484,2.445054014697416
2010-02-22,88.1968044636064,81.58554942298043,53.72051737255896,44.0984022318032
2010-02-23,84.06638933982684,79.54364552931811,54.70736945346321,42.03319466991342
2010-02-24,85.51839577979169,76.00700525394045,53.76623157040443,42.75919788989584
2010-02-25,75.4614558583544,55.51152613624617,51.3524482738211,37.7307279291772
2010-02-26,99.52453741628734,100.0,50.237731291856335,49.76226870814367
2010-02-27,20.60736243012626,74.46606802373267,69.42299723464892,10.30368121506313
2010-02-28,99.24916808837688,37.570303712036,49.90667387375213,49.62458404418844
2010-03-01,1.896537126407586,70.6647323972851,70.23452713572094,0.948268563203793
2010-03-02,63.39640507955833,58.07502194299441,52.95574832175045,31.698202539779164
2010-03-03,97.96542317339932,93.93939393939394,50.89398072683969,48.98271158669967
2010-03-04,75.93519160229214,57.8758824149194,51.895316012779126,37.96759580114607
2010-03-05,49.19888334320277,56.459107032824285,53.27891041367059,24.599441671601387
2010-03-06,97.39380119922303,82.85806869734283,50.85634659234862,48.69690059961152
2010-03-07,42.32738950392969,72.20261726216732,62.66204681822023,21.163694751964844
2010-03-08,2.638196272997434,67.43888089946398,66.83035449704093,1.319098136498717
2010-03-09,65.48708493326792,66.02460422486888,55.53055804590896,32.74354246663396
2010-03-10,89.38896161479667,80.88188475007959,53.2768886449052,44.694480807398335
2010-03-11,99.4231808661577,75.84187408491947,50.14906087426525,49.71159043307885
2010-03-12,40.53406889082556,73.26207024504417,63.70159154560147,20.26703444541278
2010-03-13,6.941833883667766,66.54929897826423,65.40047413428161,3.470916941833883
2010-03-14,3.6751384209011326,66.7423142894841,66.075026668247,1.8375692104505663
2010-03-15,88.87790368511335,41.73377906093299,49.08062294555564,44.43895184255668
2010-03-16,53.66649754777608,52.98207832974413,51.38170133603923,26.83324877388804
2010-03-17,87.79336379221525,72.57506572575065,52.75565614681068,43.89668189610762
2010-03-18,12.585707755599572,71.83874653806674,69.09018572129955,6.292853877799787
2010-03-19,28.151658767772517,67.3455444961423,62.46191604603927,14.075829383886257
2010-03-20,98.90043070686598,99.46236559139786,50.5438729837007,49.45021535343299
2010-03-21,93.12095132724676,73.77532228360958,51.63551599199344,46.560475663623386
2010-03-22,92.4018883380767,63.28776258752917,51.00961903877174,46.20094416903835
2010-03-23,40.72535264899261,61.743922111664695,56.96116841686623,20.362676324496302
2010-03-24,19.81903439869989,52.34299950384782,51.87863962621885,9.909517199349946
2010-03-25,99.41137225426692,67.14490674318509,50.10091967807045,49.70568612713346
2010-03-26,97.349885989359,60.19757807520713,50.27024744531712,48.67494299467951
2010-03-27,61.2857396554786,54.23547400611621,51.63973243355235,30.6428698277393
2010-03-28,84.1864670294386,32.663424020524886,47.25681887315375,42.0932335147193
2010-03-29,99.01022709038855,50.68259385665529,50.006756129075846,49.50511354519428
2010-03-30,99.48568967410122,41.87192118226601,49.9581964513432,49.74284483705061
2010-03-31,59.72066047227318,59.98948254101809,53.97196459219303,29.86033023613659
2010-04-01,99.99239935478968,100.0,50.003800322605166,49.996199677394834
2010-04-02,31.201814442761272,78.7682453655232,69.71937069979604,15.600907221380636
2010-04-03,85.32086058577971,66.2771285475793,52.38934239213101,42.660430292889856
2010-04-04,96.71629941808906,99.2283950617284,51.616513095107386,48.35814970904453
2010-04-05,63.09915363867727,38.75535595628165,45.850631177549865,31.54957681933864
2010-04-06,2.2457738311902684,56.93456769656303,56.3580879178553,1.1228869155951342
2010-04-07,1.322473584394473,54.8186981964203,54.75311568680574,0.6612367921972365
2010-04-08,3.2225570528881966,53.188195367713945,53.085003724520895,1.6112785264440983
2010-04-09,5.847789828384682,51.49501362373318,51.40628042637135,2.923894914192341
2010-04-10,8.892442819790318,52.92003343549735,52.660371131927,4.446221409895159
2010-04-11,52.8344153648475,45.532815554877935,47.87609048488537,26.41720768242375
2010-04-12,68.4799337042737,30.56285882921071,43.87314177476365,34.23996685213685
2010-04-13,47.83627016606352,40.11610936334447,44.83503568167214,23.91813508303176
2010-04-14,98.55581642822156,56.49122807017544,50.09374524939615,49.27790821411077
2010-04-15,77.76143625114109,36.10435047155461,46.90553470602158,38.88071812557055
2010-04-16,47.32599059317159,41.421068692481896,45.4797313301526,23.662995296585795
2010-04-17,63.06955653689322,41.14870901967972,46.72943843798115,31.53477826844661
2010-04-18,97.83541374592504,67.18689036285603,50.37202506629732,48.91770687296252
2010-04-19,65.59754437294413,42.42312513826414,47.39301025714745,32.798772186472064
2010-04-20,22.100517643874547,45.8644737985574,46.76176540244274,11.050258821937271
2010-04-21,60.39852560742607,37.0919881305638,44.88823698493482,30.199262803713037
2010-04-22,35.52721764810411,50.924030030976006,50.59402421791043,17.763608824052056
2010-04-23,100.0,-1.0,50.0,50.0
2010-04-24,33.37932552312589,38.66942810312186,42.45149658021264,16.689662761562946
2010-04-25,41.35003255841487,37.61481118336626,42.736090791465465,20.675016279207437
2010-04-26,77.27849064259269,25.651041666666668,44.46754915386046,38.63924532129634
2010-04-27,94.15441797600948,7.991329479768786,47.544348707551954,47.077208988004735
2010-04-28,9.315891965117263,40.22519536538229,41.135805604944544,4.657945982558632
2010-04-29,7.607057588431515,38.71839749287541,39.57659549249031,3.8035287942157576
2010-04-30,95.50613989155956,26.91223454237925,48.96246811816969,47.75306994577978
2010-05-01,99.96199677394836,75.55555555555556,50.00971193554653,49.980998386974186
2010-05-02,100.0,-1.0,50.0,50.0
2010-05-03,98.10477775056376,48.7957181088314,49.97635195054179,49.05238887528188
2010-05-04,100.0,-1.0,50.0,50.0
2010-05-05,99.46286052109284,100.0,50.268569739453575,49.731430260546425
2010-05-06,86.95060632948832,24.6983261969638,46.69244095153589,43.47530316474416
2010-05-07,97.47897030505726,21.072026800670017,49.27071720549981,48.73948515252863
2010-05-08,92.31172343842448,27.17271727172717,48.2435973290508,46.15586171921224
2010-05-09,97.44956127386814,32.019867549668874,49.54142773897695,48.72478063693407
2010-05-10,99.90879225747608,100.0,50.04560387126196,49.95439612873804
2010-05-11,100.0,-1.0,50.0,50.0
2010-05-12,98.011773946975,20.26338147833475,49.4087688032636,49.00588697348751
2010-05-13,78.46600184391045,25.54589448007239,44.72497821986517,39.23300092195522
2010-05-14,92.67247572282182,26.839677047289506,48.30292171296727,46.33623786141091
2010-05-15,99.78887096637982,36.4,49.97128645142765,49.89443548318991
2010-05-16,96.56579136295684,22.99557304476144,49.07261163711919,48.282895681478415
2010-05-17,61.74944215295152,15.359628770301626,36.74986476435189,30.87472107647576
2010-05-18,65.3508215575344,21.572743025895104,40.15018900474415,32.6754107787672
2010-05-19,21.496963442897503,26.45698826217705,31.510412261262328,10.748481721448751
2010-05-20,60.3881722429796,20.473751600512163,38.30411334088488,30.1940861214898
2010-05-21,60.68413662431696,19.21686746987952,37.89734567170239,30.34206831215848
2010-05-22,29.86101706392199,28.58660101138105,34.97892402491875,14.930508531960996
2010-05-23,75.46855441659055,23.475262885709363,43.49309854866538,37.73427720829528
2010-05-24,1.274235881805097,27.80326744136186,28.086106172212343,0.6371179409025485
2010-05-25,2.1056642113284227,27.414095811387007,27.88967911269156,1.0528321056642114
2010-05-26,69.9073526179648,17.272957105536673,40.15156638320174,34.9536763089824
2010-05-27,94.7332409785106,13.985565356856457,48.10320651439384,47.3666204892553
2010-05-28,97.76942567567568,19.27300265051117,49.31461148648648,48.88471283783784
2010-05-29,80.60464683857772,17.700888966358725,43.73547334702537,40.30232341928886
2010-05-30,92.46791215662417,27.20439757684541,48.28301520106129,46.23395607831208
2010-05-31,42.326422942947005,8.200662620576422,25.892826947140584,21.163211471473502
2010-06-01,66.84503279908027,17.939369215471306,39.37030837898154,33.422516399540136
2010-06-02,83.9898938687217,15.93392093735156,44.5459845873048,41.99494693436085
2010-06-03,79.45666607461538,21.157725719461485,44.07483528287365,39.72833303730769
2010-06-04,16.129114181227145,22.18824123139036,26.67403155898686,8.064557090613572
2010-06-05,0.4538142409618153,20.655927330872476,20.78909491152316,0.2269071204809076
2010-06-06,13.317304029055936,25.013917782530985,28.34139031638121,6.658652014527967
2010-06-07,97.60947425327748,17.031802120141343,49.21188674145155,48.804737126638734
2010-06-08,91.78298634581589,22.447300771208223,47.73599094227389,45.891493172907936
2010-06-09,48.26716756354283,16.726636354715254,32.78674653941178,24.133583781771414
2010-06-10,98.5312872140064,31.972397929844732,49.73522630338758,49.2656436070032
2010-06-11,12.194172127122808,14.30513507780713,18.65782834696331,6.097086063561403
2010-06-12,49.35200067676169,18.97412770790533,34.28601641147111,24.676000338380845
2010-06-13,74.88587562979745,23.798303487276154,43.419673350691504,37.44293781489873
2010-06-14,80.47283242859316,17.74053866805231,43.70064092807738,40.23641621429658
2010-06-15,99.77873677276604,100.0,50.110631613616974,49.88936838638302
2010-06-16,98.42060810810813,89.89304812834224,50.63006756756757,49.210304054054056
2010-06-17,99.84038645058314,19.576719576719576,49.95144032226735,49.92019322529157
2010-06-18,99.80829159945613,91.18942731277532,50.0789635922945,49.90414579972806
2010-06-19,97.17422514990288,14.01673640167364,48.98319398699434,48.58711257495144
2010-06-20,99.66640485782092,100.0,50.166797571089546,49.83320242891045
2010-06-21,66.0627784493909,12.25089677162216,37.18900320401728,33.03138922469545
2010-06-22,57.10311353143128,12.955114431587456,34.10889749530687,28.55155676571564
2010-06-23,15.838483027173451,12.480511773403476,18.42292389740117,7.9192415135867265
2010-06-24,0.6891880450427568,13.123209657618334,13.377360088053509,0.3445940225213784
2010-06-25,1.0151467687175624,11.801183796359656,12.18895784473927,0.5075733843587812
2010-06-26,41.06601905600027,14.416988527861932,29.02951479970891,20.533009528000136
2010-06-27,0.1032935399204131,10.289181950706851,10.33020066040132,0.0516467699602065
2010-06-28,0.4275675218017103,10.653458611453596,10.821691643383287,0.2137837609008551
2010-06-29,1.4308695284057231,11.9146194811888,12.459571585809838,0.7154347642028617
2010-06-30,71.11312278445672,14.251405810684162,39.6733474902495,35.55656139222836
2010-07-01,30.44261712603421,12.05288186716289,23.604977750706396,15.221308563017104
2010-07-02,8.028616179147441,12.773400103100377,15.762180925369345,4.014308089573721
2010-07-03,8.258333262778233,14.084922986055354,17.050909737450365,4.129166631389117
2010-07-04,6.881429115692334,11.755025593933828,14.386826398001949,3.440714557846167
2010-07-05,35.10403357504887,12.55867320329613,25.702089132954825,17.552016787524433
2010-07-06,68.93686443901574,17.546533144660934,39.918935596486925,34.46843221950787
2010-07-07,15.989469585386088,10.29674038994408,16.64508100970085,7.994734792693044
2010-07-08,0.0,6.115485564304461,6.115485564304461,0.0
2010-07-09,0.3869274405215477,7.860403049645994,8.023452713572093,0.1934637202607738
2010-07-10,16.01569768425326,10.932747890189129,17.18964088164149,8.00784884212663
2010-07-11,11.411759725691065,11.736878321036738,16.103373830588833,5.705879862845531
2010-07-12,27.20703951264912,12.378826975381829,22.614434385311785,13.60351975632456
2010-07-13,62.12982224702759,10.993010740682848,35.22798383141373,31.064911123513795
2010-07-14,23.299984764613274,13.894590478712836,22.30714539637398,11.649992382306635
2010-07-15,3.7395441769108335,14.564771897729972,15.889887906803482,1.8697720884554168
2010-07-16,2.281693956685914,10.634297645968168,11.532502497587076,1.140846978342957
2010-07-17,15.359502000287566,12.665753999580309,18.40010826080705,7.679751000143783
2010-07-18,79.00745297527504,13.013726200539388,42.23563907995471,39.50372648763752
2010-07-19,36.48076662603278,14.18956739611376,27.253487742110256,18.24038331301639
2010-07-20,5.212937092540852,12.665136262538743,14.611379222758444,2.606468546270426
2010-07-21,17.447755761889848,11.964155721653183,18.60055693331189,8.723877880944924
2010-07-22,10.872767290273428,16.059115172007672,19.749428595615,5.436383645136714
2010-07-23,80.10729976343359,15.663622849861966,43.16956742142616,40.0536498817168
2010-07-24,95.01680771634656,28.830508474576277,48.945083531816415,47.50840385817328
2010-07-25,29.74086862326936,7.398128184435264,20.068294912155988,14.870434311634678
2010-07-26,63.59380017916604,12.79771577139143,36.45606206581816,31.79690008958302
2010-07-27,64.96470090889875,12.814325015686084,36.971887550200805,32.482350454449374
2010-07-28,53.37363659423353,3.287696073986762,28.21975141625095,26.68681829711677
2010-07-29,100.0,-1.0,50.0,50.0
2010-07-30,40.26847909807274,9.194995111306344,25.62654997587751,20.13423954903637
2010-07-31,0.2362204724409448,5.184543965509925,5.290407247481162,0.1181102362204724
2010-08-01,1.74244348488697,6.784027849584668,7.537041740750149,0.8712217424434849
2010-08-02,53.87763038865076,17.90336180665029,35.19626989964576,26.93881519432538
2010-08-03,46.62370719909346,9.189137805380398,28.216674700425365,23.31185359954673
2010-08-04,22.21187860733569,10.423647678314984,19.21429901321914,11.105939303667846
2010-08-05,99.94510645125877,100.0,50.027446774370624,49.972553225629376
2010-08-06,93.05344414040069,16.60790273556231,47.68039931083409,46.526722070200336
2010-08-07,62.52218747358634,13.231844835363106,36.2200997379765,31.26109373679317
2010-08-08,59.21015920254995,9.51393926831796,33.48580028238796,29.605079601274976
2010-08-09,1.827956989247312,8.347491612836457,9.108881551096436,0.913978494623656
2010-08-10,28.51909507775089,12.076128253382096,22.891673293964367,14.259547538875449
2010-08-11,79.6446644757407,17.543786834896654,43.39342891177439,39.82233223787035
2010-08-12,96.15404108663331,20.404129145618278,48.86175496688742,48.07702054331666
2010-08-13,99.9738199998311,100.0,50.013090000084446,49.98690999991555
2010-08-14,93.01290496942671,16.54780611628188,47.66266342353298,46.50645248471336
2010-08-15,66.61197564276048,18.344394346218145,39.43081867388363,33.30598782138024
2010-08-16,87.72383487556513,18.19370826736421,46.09540710694216,43.861917437782566
2010-08-17,72.36942158535967,6.158456410726845,37.88632792037716,36.18471079267984
2010-08-18,96.55175325991488,19.250551065393093,48.93968312951827,48.27587662995744
2010-08-19,11.987368349757864,10.62939484594592,15.34889430729114,5.993684174878933
2010-08-20,43.183106935804666,15.247571947804325,30.254750116372563,21.591553467902333
2010-08-21,1.5942765218863773,8.225283281853613,8.891287782575565,0.7971382609431886
2010-08-22,0.7696215392430785,6.03578467760514,6.374142748285497,0.3848107696215392
2010-08-23,29.05051564707574,12.770828613333652,23.58609487229381,14.52525782353787
2010-08-24,16.617137825641546,16.43990008732206,22.01662814423476,8.308568912820773
2010-08-25,33.71422767324344,16.32444580651752,27.67789881753469,16.85711383662172
2010-08-26,0.0812801625603251,3.996983408748114,4.0343747354161374,0.0406400812801625
2010-08-27,96.22969788596188,64.38172043010752,50.54223430941139,48.114848942980935
2010-08-28,48.40858122117378,10.685169693092533,29.71692125417848,24.20429061058689
2010-08-29,20.05079365079365,7.427996611605252,15.964021164021164,10.025396825396824
2010-08-30,26.78955297144501,11.40987699990752,21.74799844276308,13.394776485722506
2010-08-31,35.363324728088365,15.252750130958615,27.539887426467477,17.681662364044183
2010-09-01,4.024214715096097,16.654463332657006,17.996359326051987,2.0121073575480484
2010-09-02,14.74693777352645,9.975971085868617,15.878289724293804,7.373468886763225
2010-09-03,54.01165396683102,10.070248997756446,31.636967938905475,27.00582698341551
2010-09-04,58.90727300411105,12.458058008604542,34.57299226852087,29.453636502055524
2010-09-05,28.06808179294468,13.77590041064138,23.94331031214029,14.03404089647234
2010-09-06,15.742104817542968,12.444105027281772,18.356193379053423,7.871052408771484
2010-09-07,100.0,-1.0,50.0,50.0
2010-09-08,93.43992297167182,22.86597141753573,48.21998682410176,46.71996148583591
2010-09-09,40.51006847749723,13.11146524003301,28.055035931641005,20.25503423874861
2010-09-10,42.8848171082462,10.56622776485922,27.477328866781715,21.4424085541231
2010-09-11,0.7552281771230209,4.944633076831203,5.28490390314114,0.3776140885615104
2010-09-12,0.365760731521463,4.835228334947908,5.0004233341800015,0.1828803657607315
2010-09-13,96.52816485094164,100.0,51.735917574529175,48.264082425470825
2010-09-14,36.75398691041924,5.236911064762822,21.689130912719214,18.376993455209615
2010-09-15,30.96170270338833,6.032286512174808,19.64543924775281,15.480851351694165
2010-09-16,59.04948853108157,15.101551684952168,35.708906920271765,29.524744265540782
2010-09-17,99.97888709663798,92.0,50.00886741941205,49.98944354831899
2010-09-18,99.94172838672084,100.0,50.02913580663959,49.97086419336041
2010-09-19,9.196969055581423,7.833886547570208,11.711890953731531,4.5984845277907125
2010-09-20,0.1845737024807383,5.0622603739015375,5.145203623740581,0.0922868512403691
2010-09-21,0.0736601473202946,4.895655931470984,4.928879857759715,0.0368300736601473
2010-09-22,18.369177902479077,5.164548037243639,13.4004519716629,9.184588951239537
2010-09-23,0.3462873592413851,4.567505798591346,4.7248327829989,0.1731436796206925
2010-09-24,55.60782057681407,16.16290593078213,34.9789764892006,27.803910288407035
2010-09-25,57.92162966973471,38.97064736630478,45.35902815376286,28.960814834867357
2010-09-26,88.82725966009977,15.279249281065535,46.12074067810941,44.413629830049885
2010-09-27,98.43416129658875,94.60625674217908,50.69846203221202,49.21708064829439
2010-09-28,75.74748584467169,16.16837410272493,41.794980140285645,37.87374292233584
2010-09-29,39.05442550852117,21.945905438598924,32.90227090117139,19.527212754260585
2010-09-30,77.03180212014135,12.329775487670226,41.34782829222108,38.51590106007068
2010-10-01,96.33614864864865,13.485477178423237,48.66216216216216,48.16807432432432
2010-10-02,74.08496897770114,21.335377389262185,42.5715541580024,37.04248448885057
2010-10-03,81.25876725988272,28.32536748128776,45.93790667410299,40.62938362994136
2010-10-04,93.2456629334955,15.418281855695886,47.66423419314516,46.62283146674775
2010-10-05,96.7927270269357,29.926238145416228,49.35617966136064,48.39636351346785
2010-10-06,4.615189230378461,9.04676945472621,10.936838540343748,2.3075946151892306
2010-10-07,0.923715180763695,8.602021893880481,8.984421302175939,0.4618575903818475
2010-10-08,50.91122819183573,25.929435275471175,38.184055409439566,25.455614095917863
2010-10-09,67.46569555225092,26.00701207635372,42.19404826280925,33.73284777612546
2010-10-10,66.73260296206126,30.169741322356053,43.40298911205789,33.36630148103063
2010-10-11,5.585282015679767,6.077997076678892,8.531164806881488,2.792641007839884
2010-10-12,0.646007958682584,5.078101698381722,5.368300736601473,0.323003979341292
2010-10-13,13.975055422991655,7.810870890956662,13.706825066422976,6.987527711495828
2010-10-14,0.2709338752010837,5.25087019271585,5.372110744221489,0.1354669376005418
2010-10-15,0.2091270849208365,4.954056828690938,5.048260096520193,0.1045635424604182
2010-10-16,97.68264772698484,100.0,51.15867613650759,48.84132386349241
2010-10-17,99.90878994662523,84.25925925925925,50.031247888656175,49.95439497331262
2010-10-18,53.31140387965296,33.006719432017825,42.066075868017386,26.65570193982648
2010-10-19,8.377991686350207,31.99412324552082,33.50265410306555,4.188995843175103
2010-10-20,51.12871019054388,30.529778393351805,40.48465157207162,25.56435509527194
2010-10-21,16.617710546587322,28.87555582627764,32.38595481364225,8.308855273293661
2010-10-22,14.3002286004572,24.719423038925115,28.334603335873336,7.1501143002286005
2010-10-23,99.97466451596556,100.0,50.012667742017214,49.98733225798279
2010-10-24,99.95439612873804,100.0,50.02280193563098,49.97719806436902
2010-10-25,96.47414513854288,100.0,51.76292743072857,48.23707256927144
2010-10-26,27.338354773188893,75.94604982703798,68.85282667569398,13.669177386594448
2010-10-27,1.66107893934776,66.69507722506329,66.41775881336991,0.8305394696738799
2010-10-28,92.59953873837344,83.60730593607306,52.48709565687542,46.29976936918671
2010-10-29,3.1444464199537734,55.2732104301611,55.10739715357327,1.5722232099768867
2010-10-30,50.94890140559192,63.906274246107685,56.82118029126706,25.47445070279596
2010-10-31,94.2286414122218,97.10229767305722,52.71844250179484,47.1143207061109
2010-11-01,100.0,-1.0,50.0,50.0
2010-11-02,100.0,-1.0,50.0,50.0
2010-11-03,32.41582199829235,43.56690766267231,45.65224742372623,16.207910999146176
2010-11-04,17.298495966956978,34.266356909662164,36.98804052509966,8.649247983478489
2010-11-05,5.456777580221827,31.51838087135629,32.526881720430104,2.7283887901109134
2010-11-06,9.103762403061396,31.254715311606414,32.961241491415215,4.551881201530699
2010-11-07,99.9831096773104,100.0,50.0084451613448,49.9915548386552
2010-11-08,97.7578096629536,100.0,51.12109516852319,48.8789048314768
2010-11-09,98.03649998733226,94.96774193548389,50.88294161859962,49.01824999366613
2010-11-10,89.46581521463686,63.836099751423305,51.457520314902105,44.73290760731843
2010-11-11,32.36165422443417,58.09515467013715,55.47542870685424,16.180827112217084
2010-11-12,30.22270339764356,46.80776270652266,47.77254311547928,15.111351698821778
2010-11-13,71.41540153084958,51.16430452407018,50.33281177316361,35.70770076542479
2010-11-14,87.52598928311838,74.26654922420218,53.02701195084434,43.76299464155919
2010-11-15,97.94613676094282,62.70559210526315,50.26095548555455,48.97306838047141
2010-11-16,94.74239864864865,99.2289156626506,52.58826013513514,47.37119932432432
2010-11-17,96.08581805895768,91.34656883901596,51.61837993073739,48.04290902947884
2010-11-18,87.62026235988749,40.85698689956332,48.86811896576482,43.81013117994375
2010-11-19,84.0389586254667,71.09288171473935,53.36664357757092,42.01947931273335
2010-11-20,89.51377921167538,91.63176546391752,54.36559884462388,44.75688960583769
2010-11-21,98.31528075837711,100.0,50.84235962081144,49.15764037918856
2010-11-22,95.44932432432432,97.42019302152931,52.15793918918919,47.72466216216216
2010-11-23,40.505076979007264,69.68168253517123,61.7096018735363,20.252538489503632
2010-11-24,57.29843994419313,56.36126017306587,52.71635733310786,28.649219972096564
2010-11-25,21.76828752642706,71.4189970705553,66.75644820295983,10.88414376321353
2010-11-26,100.0,-1.0,50.0,50.0
2010-11-27,7.246450433059866,72.40265074757653,70.77925376546189,3.623225216529933
2010-11-28,99.55325096485969,100.0,50.22337451757016,49.77662548242984
2010-11-29,94.76546796615035,98.32203936753793,52.5294326301032,47.382733983075184
2010-11-30,94.51655673881648,93.91652548898814,52.40813775747185,47.258278369408245
2010-12-01,97.14613896842089,100.0,51.42693051578956,48.57306948421044
2010-12-02,98.9646232191266,98.85807504078304,50.50586516455397,49.4823116095633
2010-12-03,69.68236656774968,86.86558839933073,61.17677395355129,34.84118328387484
2010-12-04,25.13704656199242,92.72832056410604,81.98768272874932,12.56852328099621
2010-12-05,98.37430644112456,100.0,50.81284677943773,49.18715322056228
2010-12-06,99.3699377539041,100.0,50.31503112304795,49.68496887695205
2010-12-07,76.13332094500427,98.7082389580974,61.6250390654695,38.066660472502136
2010-12-08,96.13536361870496,98.8854895104895,51.88924641279654,48.067681809352486
2010-12-09,37.39773429105646,63.26999486444846,58.30731744460519,18.69886714552823
2010-12-10,91.495006505906,42.74786409696007,49.3832063132636,45.747503252953
2010-12-11,60.76681204990364,78.47078593588418,61.16999695709504,30.38340602495182
2010-12-12,33.48596287801204,56.83637242800972,54.547147294563736,16.74298143900602
2010-12-13,47.40483843681272,63.6205731930908,57.16376247673829,23.70241921840636
2010-12-14,34.37566079388306,60.26267287045511,56.7348112561216,17.18783039694153
2010-12-15,84.05653841604568,70.25594828043029,53.22949933255605,42.02826920802284
2010-12-16,4.0664792739095095,64.47823631164613,63.88893592522352,2.0332396369547547
2010-12-17,92.915354147841,80.71283824055311,52.17589582048965,46.45767707392049
2010-12-18,8.398310178718074,64.20761744563258,63.0144176635427,4.199155089359037
2010-12-19,73.41473520433617,71.02099236641222,55.58848648328697,36.70736760216808
2010-12-20,66.0263233480325,82.6959419136662,61.10801358406407,33.01316167401625
2010-12-21,97.23146568470126,95.69859670530812,51.26518133139643,48.61573284235063
2010-12-22,98.66988708819282,99.93650793650794,50.66421193976911,49.33494354409641
2010-12-23,95.14403222673567,100.0,52.42798388663216,47.572016113367845
2010-12-24,100.0,-1.0,50.0,50.0
2010-12-25,86.56654644356412,98.94994969818912,56.57566875860496,43.28327322178206
2010-12-26,91.21489801950932,99.67313978081138,54.36383598665597,45.60744900975466
2010-12-27,5.902871850447033,72.71459420550657,71.37378081820644,2.9514359252235165
2010-12-28,62.48751164168995,79.74089288132534,61.15654897976462,31.24375582084497
2010-12-29,24.367444654050807,63.39954812876093,60.13442065459221,12.183722327025404
2010-12-30,24.2488326453272,83.3713009491904,75.27915003045274,12.1244163226636
2010-12-31,8.18073298961217,70.72729955004795,69.03165451790144,4.090366494806085
2011-01-01,1.9227512869141157,63.833185141702856,63.567207396369554,0.9613756434570576
2011-01-02,8.481923630513927,61.67523961070199,60.684954703242745,4.240961815256964
2011-01-03,3.069172805012277,62.68419443595232,62.29489458978919,1.5345864025061384
2011-01-04,63.74066439120003,84.39116454634419,62.47000777263357,31.87033219560001
2011-01-05,2.503577143534472,63.68428365493166,63.34168705709037,1.251788571767236
2011-01-06,88.60250310564255,87.30629495069326,54.25198380840509,44.30125155282128
2011-01-07,100.0,-1.0,50.0,50.0
2011-01-08,93.2749402413994,97.06103993971364,53.16488305896463,46.6374701206997
2011-01-09,99.87585298290657,100.0,50.062073508546725,49.93792649145328
2011-01-10,97.79159030833284,100.0,51.10420484583358,48.89579515416642
2011-01-11,97.62847852708924,91.55982905982906,50.98560027025886,48.81423926354461
2011-01-12,23.97133356460524,76.96425391737893,70.50056266763688,11.98566678230262
2011-01-13,38.41443818609293,60.00411974732216,56.161093350924375,19.207219093046465
2011-01-14,3.954687460313429,62.24854991978279,61.76415805203492,1.9773437301567145
2011-01-15,1.565476543251687,58.34494503793157,58.2143068808155,0.7827382716258435
2011-01-16,13.46365498907872,61.44792838624468,59.906618804923895,6.73182749453936
2011-01-17,8.54941798941799,65.0241608501657,63.73968253968254,4.274708994708995
2011-01-18,7.048297811108665,59.35072622137231,58.69165918978856,3.5241489055543327
2011-01-19,97.18775079197466,62.96185040552719,50.36451953537486,48.59387539598733
2011-01-20,77.44901667469554,72.956564104486,55.17693094326547,38.72450833734777
2011-01-21,50.279060327769045,80.50410735241594,65.1669288142473,25.139530163884523
2011-01-22,3.6522180833051134,56.80983427938773,56.56112428039282,1.8261090416525567
2011-01-23,26.035548032162502,63.85357424847521,60.24672027084215,13.017774016081251
2011-01-24,49.51715740161342,55.98827470686767,53.023051294627,24.75857870080671
2011-01-25,83.44909167722857,42.01041453951399,48.67765103506548,41.72454583861428
2011-01-26,64.29241654479826,37.4612343457778,45.52270978976644,32.14620827239913
2011-01-27,35.58055287525604,55.03028551156893,53.24048211534881,17.79027643762802
2011-01-28,19.525550534030707,55.18630306982028,54.17364884307453,9.762775267015352
2011-01-29,94.8607721088148,89.82744453574362,52.04682313792725,47.4303860544074
2011-01-30,5.956049165340467,58.76449197090804,58.242474520028445,2.9780245826702334
2011-01-31,2.3647247081135543,57.54175410603722,57.363412383266585,1.1823623540567771
2011-02-01,9.387088309731592,61.57625804523078,60.48958447956255,4.693544154865796
2011-02-02,3.2152380952380955,57.36002868963587,57.12338624338624,1.6076190476190475
2011-02-03,92.74348839566233,87.69785847299813,52.73554947467992,46.37174419783116
2011-02-04,14.921811535337124,62.63153706908555,60.74668291362036,7.460905767668562
2011-02-05,7.460412840542668,56.38729856779645,55.91077972528077,3.730206420271334
2011-02-06,43.67238520623964,50.69984681464573,50.39420701790004,21.83619260311982
2011-02-07,1.6508216012122958,55.06529055804705,54.98167164735064,0.8254108006061479
2011-02-08,3.479482903124762,57.71197516029155,57.44363830309598,1.739741451562381
2011-02-09,2.800518112782655,54.84222169963332,54.706614403874,1.4002590563913275
2011-02-10,5.463703703703704,58.13416195789417,57.68973544973544,2.731851851851852
2011-02-11,33.92349837662338,47.62891874600128,48.43327245670996,16.96174918831169
2011-02-12,31.00305494672884,57.49205843032882,55.16929143853295,15.50152747336442
2011-02-13,94.8960286491326,64.55402945556843,50.742833493809016,47.44801432456629
2011-02-14,16.125837065382107,61.60306036962644,59.73196975982256,8.062918532691054
2011-02-15,76.01747994624156,71.86762062524231,55.24440650172855,38.00873997312078
2011-02-16,99.9873322579828,100.0,50.0063338710086,49.99366612899139
2011-02-17,99.736510966042,100.0,50.13174451697899,49.868255483021
2011-02-18,17.487305348679758,67.45252531470254,64.38684834123222,8.743652674339879
2011-02-19,11.228964209528325,58.84501320720532,57.85180983984017,5.614482104764162
2011-02-20,45.88735441775554,83.20812182741116,67.96979326898696,22.94367720887777
2011-02-21,93.1801096385644,66.62125340599455,51.13355125898521,46.590054819282194
2011-02-22,81.70378195647581,57.82253221857823,51.431227551236006,40.851890978237904
2011-02-23,5.226893743810257,59.37019694749258,58.852284173727554,2.6134468719051287
2011-02-24,8.465093445287106,58.327861878912856,57.61993838028169,4.232546722643553
2011-02-25,29.614470668820243,48.09559282933628,48.657539343610736,14.80723533441012
2011-02-26,5.577328401290005,58.648139847601975,58.16580468769838,2.788664200645002
2011-02-27,99.46964386754608,100.0,50.26517806622696,49.73482193377304
2011-02-28,94.34072246815126,41.99134199134199,49.54676781671341,47.17036123407563
2011-03-01,8.492481012229984,58.27902117942887,57.56508280190131,4.246240506114992
2011-03-02,2.0349600033859567,55.9535124859587,55.83188724764041,1.0174800016929784
2011-03-03,98.17246708498368,99.16820702402956,50.89856516708752,49.08623354249183
2011-03-04,50.48756992445623,65.74175261252647,57.777458552331375,25.24378496222812
2011-03-05,6.902535020525626,58.37257932539322,57.79465910533666,3.451267510262813
2011-03-06,3.708656352618572,55.277570216693775,55.07295439926876,1.854328176309286
2011-03-07,3.4792472635847256,58.36132574395495,58.070414546809005,1.7396236317923628
2011-03-08,4.871567009436757,55.336091463143376,55.07426685286276,2.4357835047183785
2011-03-09,1.555689099173064,54.74468871712421,54.670876111962215,0.777844549586532
2011-03-10,17.837303097176775,52.0535539707532,51.68725532472583,8.918651548588388
2011-03-11,2.109754652127533,53.08494629235639,53.01986149443777,1.0548773260637667
2011-03-12,98.64201805575496,98.75621890547264,50.66210064943291,49.32100902787748
2011-03-13,99.65543741713184,72.79411764705883,50.07854000050671,49.827718708565925
2011-03-14,96.99856431044677,79.37535171637592,50.88168229034709,48.499282155223376
2011-03-15,98.7363584147042,72.19251336898395,50.280433827752816,49.3681792073521
2011-03-16,99.77451228781354,100.0,50.11274385609323,49.88725614390677
2011-03-17,97.6986740984714,100.0,51.15066295076429,48.84933704923571
2011-03-18,57.86718313909234,46.648998112677184,48.58378862971296,28.93359156954617
2011-03-19,98.42747111681643,98.1203007518797,50.75670562799811,49.21373555840822
2011-03-20,2.041783767311144,55.8279004587116,55.3152405783361,1.0208918836555718
2011-03-21,5.942354086426546,55.99157371647716,55.61941846192915,2.971177043213273
2011-03-22,8.445614272656488,55.853690108548925,55.34843765868851,4.222807136328244
2011-03-23,2.166459248723745,53.54620976116304,53.46938257181317,1.0832296243618724
2011-03-24,8.634189698226605,51.338781106972775,51.22275362932238,4.317094849113302
2011-03-25,2.657556977886146,50.87974116562442,50.85636154289004,1.328778488943073
2011-03-26,44.01867735877785,42.13659715926262,45.59796308514778,22.009338679388925
2011-03-27,97.07174107670735,22.353619844245745,49.190442406121726,48.53587053835368
2011-03-28,92.57901273158905,45.07058287795992,49.63418858296654,46.28950636579452
2011-03-29,8.275126362043128,48.49495238710988,48.59075630963569,4.137563181021564
2011-03-30,54.82026074670683,46.96640575259354,48.629430029018856,27.41013037335341
2011-03-31,54.05190633189618,26.906093612010597,39.38879026122242,27.02595316594809
2011-04-01,25.81215825024124,44.71915752963593,46.08225694503225,12.906079125120618
2011-04-02,2.0684108034882733,45.49958069285103,45.59266785200237,1.0342054017441369
2011-04-03,13.767557636460618,42.79430535100639,43.78635351491394,6.883778818230309
2011-04-04,95.758087676324,43.727598566308245,49.7339302305938,47.879043838162005
2011-04-05,10.147307822553335,41.37661285002026,42.24009481882831,5.073653911276668
2011-04-06,34.460762749145545,34.32812701690977,39.72877398395994,17.230381374572772
2011-04-07,2.171685956430815,40.987139321136176,41.182870350771736,1.0858429782154075
2011-04-08,63.11705674298963,24.32953268026337,40.53197610465215,31.558528371494816
2011-04-09,2.9277791888917117,38.45375571294003,38.79180425027517,1.4638895944458556
2011-04-10,5.153670307340614,38.31445328191532,38.91668783337567,2.576835153670307
2011-04-11,24.83009606025983,27.717666662913636,33.25039143497948,12.415048030129917
2011-04-12,96.71391643717584,14.652956298200516,48.83846660697089,48.35695821858791
2011-04-13,58.43644021210558,18.21714890326781,36.78991568211226,29.21822010605279
2011-04-14,99.50333223525834,98.63945578231292,50.24157649781652,49.75166611762917
2011-04-15,72.97267583955617,22.62899339779092,42.60234931964448,36.48633791977809
2011-04-16,16.323507001473104,34.918047723660365,37.362214057129314,8.161753500736552
2011-04-17,7.847769028871392,35.54175356713004,36.67640335280671,3.923884514435696
2011-04-18,7.424434848869697,32.83306353517894,34.107611548556434,3.712217424434849
2011-04-19,27.718003199891644,26.434075843815148,32.9660794555105,13.859001599945822
2011-04-20,11.515146384001897,33.37670911752605,35.290905396481364,5.757573192000948
2011-04-21,2.974345948691897,31.7521401083798,32.29489458978918,1.4871729743459488
2011-04-22,10.374051747493905,32.839909691193,34.62010633974533,5.187025873746952
2011-04-23,83.71458268195607,24.128268991282688,45.78668063782861,41.85729134097804
2011-04-24,96.88180942889478,23.429035752979416,49.17146669819766,48.44090471444739
2011-04-25,24.428152989181044,29.228184160412237,34.30235511233767,12.214076494590522
2011-04-26,35.60204107537255,26.73815061562923,35.019843788344204,17.801020537686274
2011-04-27,90.36973780998198,25.926251097453907,47.68163486171823,45.18486890499099
2011-04-28,98.90808289104493,54.33436532507739,50.04732767654914,49.45404144552246
2011-04-29,96.20679752694348,38.38788688488087,49.55952903814318,48.10339876347174
2011-04-30,95.49984796783674,23.085585585585587,48.78881043278489,47.74992398391837
2011-05-01,59.13102339552396,18.99132523136167,37.32707196344714,29.56551169776198
2011-05-02,82.81021620297227,19.379730659589107,44.7364419023158,41.405108101486135
2011-05-03,84.03825681407257,27.92187169172136,46.47594585917302,42.01912840703629
2011-05-04,7.480314960629922,24.5154382561268,26.421556176445687,3.740157480314961
2011-05-05,3.1673863347726696,25.77555821824956,26.535856405046143,1.5836931673863348
2011-05-06,5.099310835294715,26.62122739559822,27.81338368017339,2.5496554176473576
2011-05-07,8.186436372872747,21.90223255041912,24.20243840487681,4.093218186436373
2011-05-08,7.73568132751979,23.910330525427156,25.928544215383315,3.867840663759895
2011-05-09,1.4562202617809912,23.8379985222606,24.21897488866688,0.7281101308904956
2011-05-10,23.825154178686542,15.158144906934387,23.45927060157182,11.912577089343271
2011-05-11,70.6471448992193,17.71892919920468,40.524584062862125,35.32357244960965
2011-05-12,91.49408783783784,16.979445933869528,47.19130067567568,45.74704391891892
2011-05-13,15.109210971892988,22.603293010082474,26.742719268540466,7.554605485946494
2011-05-14,61.6423536570936,23.889476467477525,39.98461772511367,30.8211768285468
2011-05-15,100.0,-1.0,50.0,50.0
2011-05-16,96.8956953642384,18.8843537414966,49.0340755507501,48.4478476821192
2011-05-17,52.02374208385826,16.908110394416834,34.12374969350052,26.01187104192913
2011-05-18,73.70055421584803,14.76738948587607,40.73401869949655,36.850277107924015
2011-05-19,21.017523067806653,18.204325737926304,24.886988910522305,10.508761533903328
2011-05-20,42.89511105092091,18.41816618741292,31.96522887323944,21.44755552546045
2011-05-21,49.73297334811642,19.667632004310345,34.75282049545928,24.86648667405821
2011-05-22,56.35007231850593,19.581056466302368,36.72215314606647,28.175036159252965
2011-05-23,29.79218690481229,17.28719556305763,27.03305540271723,14.896093452406143
2011-05-24,4.361188722377444,21.25904089094273,22.51248835831005,2.180594361188722
2011-05-25,12.88847876330204,18.04425785008309,22.16286689073069,6.44423938165102
2011-05-26,65.09324747974074,19.12174102495824,39.22140255701744,32.54662373987037
2011-05-27,96.28400347952402,25.181818181818183,49.07775722719096,48.14200173976201
2011-05-28,55.247791205443285,19.345626477541373,36.28050844588876,27.62389560272164
2011-05-29,30.33732594066111,13.39676290463692,24.50120624709019,15.168662970330557
2011-05-30,13.11253344170138,12.71095607436567,17.600494429205188,6.55626672085069
2011-05-31,43.162794634166985,14.140210852343795,29.61829799839194,21.581397317083493
2011-06-01,82.17223845802997,16.297910645757334,43.99167187526395,41.08611922901498
2011-06-02,93.33046180872267,25.262758009370646,48.35014019796628,46.66523090436134
2011-06-03,99.8767006443658,56.84931506849316,50.0084451613448,49.938350322182906
2011-06-04,84.66044034991337,21.273899388396057,45.59354266153911,42.330220174956686
2011-06-05,58.86103781882146,15.514122435554825,35.81286787091537,29.43051890941073
2011-06-06,95.58318061666569,34.30210325047801,49.3066522535913,47.79159030833284
2011-06-07,99.88683483797958,100.0,50.05658258101021,49.94341741898979
2011-06-08,77.98410954272673,19.63757822397973,43.315442481616095,38.99205477136336
2011-06-09,97.309193518409,21.31868131868132,49.22824121791731,48.6545967592045
2011-06-10,96.7907118231596,24.539231174302262,49.18289055634422,48.3953559115798
2011-06-11,99.9695974191587,100.0,50.01520129042065,49.98479870957935
2011-06-12,71.22297897542197,12.280598594654984,39.14547992723889,35.61148948771098
2011-06-13,99.98817627485094,100.0,50.005911862574536,49.99408813742547
2011-06-14,58.66442323139231,13.993208967435772,35.11638525082226,29.33221161569616
2011-06-15,74.6208470707583,11.571899670230838,40.24727364950545,37.31042353537915
2011-06-16,83.02473569901379,20.79952207895654,45.04314169575175,41.512367849506894
2011-06-17,95.19584980905066,10.112557157931764,48.08374733853797,47.59792490452533
2011-06-18,100.0,-1.0,50.0,50.0
2011-06-19,30.190435886584847,8.940349175557712,21.33643673296657,15.095217943292424
2011-06-20,34.79643981183796,9.033580733897336,23.288436156891944,17.39821990591898
2011-06-21,7.647955295910592,9.99660790084069,13.056049445432224,3.823977647955296
2011-06-22,65.98090696160253,16.099125074567507,38.46722981828636,32.990453480801264
2011-06-23,99.27456064048104,61.58323632130384,50.08402935538084,49.63728032024052
2011-06-24,27.182608548426696,10.751363102642502,21.420166431044557,13.591304274213348
2011-06-25,60.52531469004404,10.296605632294678,34.32721001597755,30.26265734502202
2011-06-26,7.73900233668597,7.881624225739848,11.14116631108402,3.869501168342985
2011-06-27,0.0,6.395732791465584,6.395732791465584,0.0
2011-06-28,0.418254169841673,6.682764249761937,6.863940394547456,0.2091270849208365
2011-06-29,0.1049868766404199,6.183784516807079,6.229785792904919,0.0524934383202099
2011-06-30,80.4665905921136,14.725864381842571,43.10975867461223,40.2332952960568
2011-07-01,53.61428450537361,10.163461889298354,31.52153676906152,26.80714225268681
2011-07-02,45.71324612025927,14.42132335749357,30.685491377413733,22.856623060129635
2011-07-03,52.94495645556777,6.788614964421765,29.666863955356387,26.472478227783885
2011-07-04,4.563925433026871,7.264195296768413,9.214625556627894,2.2819627165134357
2011-07-05,19.62648470636043,10.639575301775896,18.36464303553136,9.813242353180216
2011-07-06,28.182333386904407,12.400918673811908,22.99721712357156,14.091166693452204
2011-07-07,97.4340999501685,19.091507570770244,49.20691897735623,48.71704997508425
2011-07-08,54.31902401055856,12.190243360373374,32.72813414778592,27.15951200527928
2011-07-09,14.97495006939508,9.359105793826952,15.445059408957045,7.48747503469754
2011-07-10,26.738284554220943,10.762036716314514,21.253594992387075,13.369142277110472
2011-07-11,18.931340352777877,12.733214311815496,19.78831634898602,9.465670176388937
2011-07-12,15.386763710223423,11.193350603626762,17.16443805010156,7.693381855111713
2011-07-13,91.38177179688624,26.504606939815723,47.97511340885476,45.69088589844311
2011-07-14,81.28006763897696,22.5960887042139,44.87000634115409,40.64003381948848
2011-07-15,50.72191472435213,11.204616494349604,30.88237783307097,25.360957362176062
2011-07-16,33.39567237308646,9.722133990623451,23.1731981619856,16.69783618654323
2011-07-17,98.46952996325858,21.08167770419426,49.55741374213438,49.23476498162929
2011-07-18,81.17435255933464,17.289992367440398,43.8421292852796,40.58717627966732
2011-07-19,72.52435064935064,13.25701624815362,39.90462662337662,36.26217532467532
2011-07-20,99.62672386855952,26.923076923076923,49.91385935428296,49.81336193427976
2011-07-21,69.3114493623279,9.63344441078461,37.61208914731958,34.65572468116395
2011-07-22,59.88162678616724,13.789833080424888,35.473070093853046,29.94081339308362
2011-07-23,79.22935748780013,25.3674823893481,44.88366782533682,39.61467874390007
2011-07-24,74.76505983368264,13.067649028801071,40.68014333040362,37.38252991684132
2011-07-25,84.16921543114955,8.43251320915835,43.41954071545649,42.084607715574776
2011-07-26,68.16109358214132,11.477456893116182,37.73484355041999,34.08054679107066
2011-07-27,77.63979880806458,17.9123662621451,42.8251405384843,38.81989940403229
2011-07-28,73.53667405164978,11.219044575810832,39.737269360212416,36.76833702582489
2011-07-29,71.73773428653519,13.027358349529075,39.55069377545674,35.86886714326759
2011-07-30,85.95000126728792,10.499098015634395,44.45012377178679,42.97500063364396
2011-07-31,25.66286275439369,7.271381391641044,18.236768141952524,12.831431377196845
2011-08-01,30.537594366769355,14.192070570460803,25.126950810792515,15.268797183384676
2011-08-02,5.985098636863941,9.53971956304428,11.961307255947846,2.9925493184319705
2011-08-03,18.607289505989925,16.917523950196074,23.07327604453287,9.303644752994964
2011-08-04,60.43980208905992,13.069226493351009,35.39011291072863,30.21990104452996
2011-08-05,94.08967678183828,25.72163475278651,48.56507014180384,47.044838390919146
2011-08-06,75.71706409605953,16.906362085176028,41.96389311686115,37.858532048029765
2011-08-07,99.98395419344487,100.0,50.00802290327757,49.99197709672244
2011-08-08,63.21119468015803,18.01122251862754,38.23171092818044,31.60559734007901
2011-08-09,65.78498005004396,8.975911056207536,35.9635997835937,32.89249002502198
2011-08-10,3.233426466852934,4.405421249267221,5.879688426043519,1.616713233426467
2011-08-11,0.0389467445601557,4.594118444233636,4.611802556938447,0.0194733722800778
2011-08-12,40.24883622513754,9.252648875290385,25.652983495556494,20.12441811256877
2011-08-13,47.99800307999526,14.297801715020258,31.43414394747085,23.99900153999763
2011-08-14,7.8123280365049395,9.19618340940189,12.38391141287324,3.9061640182524697
2011-08-15,90.10256496907844,21.929150661545027,47.22170592409854,45.051282484539215
2011-08-16,6.92998052662772,8.250170570843757,11.143425620184574,3.46499026331386
2011-08-17,9.788185096764362,14.804804804804805,18.24977565567803,4.894092548382181
2011-08-18,3.0038267465881,10.558794776901054,11.743540248569204,1.50191337329405
2011-08-19,3.6085005503344334,11.576839294497928,12.963339260011852,1.8042502751672167
2011-08-20,5.44046056809042,8.375936752947919,10.640477500740804,2.72023028404521
2011-08-21,0.0,3.633053932774532,3.633053932774532,0.0
2011-08-22,0.0101600203200406,4.581788006570814,4.586402506138346,0.0050800101600203
2011-08-23,1.3097959529252392,6.6041539768194015,7.172551011768691,0.6548979764626196
2011-08-24,0.0516467699602065,4.372760463875171,4.396325459317586,0.0258233849801032
2011-08-25,0.2861642142337064,4.476293981795951,4.606566537413008,0.1430821071168532
2011-08-26,7.510179204794595,8.275596965065303,11.409174405119654,3.7550896023972977
2011-08-27,94.4229973221602,43.59285065131778,49.6426731092508,47.21149866108009
2011-08-28,0.2565405130810261,4.381743020363816,4.498772330877995,0.128270256540513
2011-08-29,0.1701803403606807,3.968314547659636,4.046651426636187,0.0850901701803403
2011-08-30,80.18259436155374,20.00170626626285,44.055116446172704,40.09129718077687
2011-08-31,34.63934981374873,15.453862494171286,27.420419911953942,17.319674906874365
2011-09-01,97.9847292138248,17.85414920368818,49.352174059934455,48.9923646069124
2011-09-02,88.98932215989728,17.692189657818012,46.44269108603096,44.49466107994864
2011-09-03,5.006772773450728,5.748355702903588,7.963934981374873,2.503386386725364
2011-09-04,99.95017354806564,77.96610169491525,50.01393451621893,49.97508677403282
2011-09-05,97.95273728484317,99.38118811881188,51.010962652657895,48.97636864242158
2011-09-06,13.231795592505735,8.994223713995785,14.420024213280051,6.615897796252868
2011-09-07,13.01679477195002,4.368643861612574,10.308383841804083,6.508397385975011
2011-09-08,92.11520102731336,7.575270545376621,46.65489536779677,46.05760051365667
2011-09-09,15.48945247689026,6.876414848648757,13.55602207699861,7.744726238445129
2011-09-10,0.9872153077639488,6.6775550690929,7.105240877148421,0.4936076538819744
2011-09-11,1.4858526508288603,7.770778366950558,8.398242376009618,0.7429263254144302
2011-09-12,33.618551902162416,11.388063697678271,24.368837543904192,16.809275951081208
2011-09-13,0.0584201168402336,4.442524207690548,4.469138938277877,0.0292100584201168
2011-09-14,44.796973646349926,11.493354182955434,28.743166161710192,22.398486823174963
2011-09-15,25.890726291024187,16.413342621247246,25.1091721534842,12.945363145512092
2011-09-16,0.302260604521209,5.278846398817865,5.414020828041656,0.1511303022606045
2011-09-17,50.39624079248159,12.828745132864269,31.558293116586235,25.198120396240792
2011-09-18,100.0,-1.0,50.0,50.0
2011-09-19,96.96503839103956,32.78597272474256,49.47756088083995,48.48251919551978
2011-09-20,11.115719618415596,53.060272172331366,52.72010089809461,5.557859809207797
2011-09-21,5.029210058420117,36.19506106802175,36.88934044534756,2.5146050292100584
2011-09-22,4.759122851579037,21.128288099280816,22.50232833799001,2.3795614257895186
2011-09-23,6.83261366522733,17.125590694292985,19.371772076877487,3.416306832613665
2011-09-24,6.634493268986538,14.920108094383083,17.24748116162899,3.317246634493269
2011-09-25,35.59214424786252,11.730301636327791,25.35130788114789,17.79607212393126
2011-09-26,0.9804419608839215,8.646282235447021,9.051731436796208,0.4902209804419608
2011-09-27,2.517991702650072,8.29801278488049,9.348065362797392,1.258995851325036
2011-09-28,0.4343408686817374,6.983171339404917,7.17001100668868,0.2171704343408687
2011-09-29,0.2269071204809076,5.89009012067005,5.990178647023961,0.1134535602404538
2011-09-30,0.0389467445601557,5.941692641279306,5.958851917703836,0.0194733722800778
2011-10-01,0.0169333672000677,5.417901600474215,5.425450850901702,0.0084666836000338
2011-10-02,0.0101600203200406,5.028874324713374,5.033443400220135,0.0050800101600203
2011-10-03,0.0287867242401151,5.331312036315594,5.344170688341377,0.0143933621200575
2011-10-04,0.0,4.419608839217679,4.419608839217679,0.0
2011-10-05,0.2353738040809415,4.867947586394188,4.974176615019896,0.1176869020404707
2011-10-06,18.199905177960648,14.864571150601847,21.25918588506214,9.099952588980324
2011-10-07,48.64222186492456,35.51820728291317,42.56247302637703,24.32111093246228
2011-10-08,89.68089690190347,21.62272801702964,47.071720047650025,44.84044845095173
2011-10-09,19.33959867919736,42.37398510613716,43.82694098721531,9.66979933959868
2011-10-10,56.0147801161778,39.34256055363321,45.31230182553037,28.007390058088895
2011-10-11,14.81080165918903,16.601744937098793,21.54829425209515,7.405400829594515
2011-10-12,5.205590782489439,12.119777805562006,14.091667160502189,2.6027953912447197
2011-10-13,30.64203733306268,8.754451002390127,21.392927524464405,15.32101866653134
2011-10-14,2.5035983405300146,10.11263275815654,11.111252222504444,1.2517991702650073
2011-10-15,3.727880789094912,8.98273633109659,10.511811023622048,1.863940394547456
2011-10-16,1.6840233680467362,9.28858690503871,9.974176615019898,0.8420116840233681
2011-10-17,0.8305816611633223,8.63236260874762,8.975954618575905,0.4152908305816611
2011-10-18,0.6036745406824147,8.46784841179928,8.718567437134874,0.3018372703412073
2011-10-19,99.96706387075524,56.41025641025641,50.0021112903362,49.98353193537762
2011-10-20,65.35885814787255,35.86945909002148,45.105019278901445,32.67942907393628
2011-10-21,14.030037758851318,37.65387115199023,39.38603769112244,7.015018879425659
2011-10-22,8.590099546285638,30.121865392451014,31.829416943184125,4.295049773142819
2011-10-23,17.718721956010093,21.22873987796973,26.32663946223268,8.859360978005046
2011-10-24,96.73416951215388,61.80124223602485,50.38540856688867,48.36708475607694
2011-10-25,97.74007482412952,99.9626307922272,51.12911807180076,48.87003741206476
2011-10-26,99.92314903176224,100.0,50.03842548411888,49.961574515881125
2011-10-27,37.131451190013024,40.99849324651564,44.34088333305141,18.565725595006512
2011-10-28,51.484436472549135,20.316696313347983,35.59897794285617,25.742218236274567
2011-10-29,3.109681242856538,23.356809562922702,24.18532785844304,1.554840621428269
2011-10-30,3.11997290661248,19.769281188551453,20.712471424942848,1.55998645330624
2011-10-31,8.607903558971927,17.79706547111786,20.569063018522908,4.303951779485963
2011-11-01,12.84270917952884,19.0273691977592,23.005094096940155,6.42135458976442
2011-11-02,36.04802680565897,20.17570553445972,30.926775197996346,18.024013402829485
2011-11-03,75.0687132648315,37.66621438263229,46.92502854243308,37.53435663241575
2011-11-04,99.87501055654084,100.0,50.06249472172959,49.937505278270415
2011-11-05,99.60645548133196,95.06437768240345,50.17734838824096,49.80322774066598
2011-11-06,84.11405983411322,23.0806039982986,45.7236008581516,42.05702991705661
2011-11-07,92.88767975126312,81.24257543359468,52.22207201879044,46.44383987563156
2011-11-08,94.30359435173298,37.31653076352854,49.27749814201743,47.15179717586649
2011-11-09,19.99035059504664,27.651943930177204,32.11939868971238,9.99517529752332
2011-11-10,3.292665374097248,17.016861900509532,18.10288626800213,1.646332687048624
2011-11-11,46.72196360558612,31.052614856707123,39.905205247566656,23.36098180279306
2011-11-12,3.0234271151713217,15.483673825737734,16.527249790451354,1.5117135575856608
2011-11-13,3.239353145372957,15.065100976514648,16.196765726864786,1.6196765726864786
2011-11-14,5.998340614311355,15.019228864010952,17.117494666260285,2.9991703071556777
2011-11-15,3.416306832613665,13.840017532325223,15.075353484040305,1.7081534163068326
2011-11-16,11.311952859102222,13.028743806859946,17.210914878845863,5.655976429551111
2011-11-17,3.5026670053340108,12.635448746632974,13.944204555075776,1.7513335026670054
2011-11-18,15.00697940019458,11.360062110564767,17.158749629880294,7.5034897000972895
2011-11-19,3.1402929472525614,13.34516306675641,14.496232325797983,1.570146473626281
2011-11-20,7.397624429600656,13.450233587186077,16.154048036302374,3.698812214800328
2011-11-21,2.488358310049953,12.730635316182026,13.65803064939463,1.2441791550249766
2011-11-22,6.800094822039352,12.66124050724901,15.200311558129297,3.400047411019676
2011-11-23,10.535315229904516,14.416690320749362,18.165504164691544,5.267657614952259
2011-11-24,3.2876132418931503,11.665368082852568,12.925662517991704,1.6438066209465751
2011-11-25,11.672479767024482,12.305436282778714,16.705326605939522,5.836239883512241
2011-11-26,25.83987201950179,9.775723335045369,20.169624946039967,12.919936009750897
2011-11-27,2.282598572529231,12.176926742624444,13.040275672883984,1.1412992862646154
2011-11-28,14.731882280290662,16.394174487589037,21.34494514139731,7.365941140145331
2011-11-29,22.98315171906569,15.136547242711623,23.149267484424005,11.491575859532848
2011-11-30,4.0250613834561,13.281167295952573,14.759122851579038,2.01253069172805
2011-12-01,4.655829311658623,12.067204802372771,13.833290999915333,2.327914655829312
2011-12-02,51.496484087428186,21.083391486392184,35.974428188226135,25.748242043714093
2011-12-03,90.54404473313004,81.50066994193837,52.97868925847404,45.27202236656503
2011-12-04,97.01125740007262,73.66487708392201,50.70728226262763,48.50562870003631
2011-12-05,47.54266096162628,41.62650116869509,45.60748532868813,23.771330480813138
2011-12-06,45.53755622442423,16.61698956780924,31.818796712773512,22.768778112212114
2011-12-07,100.0,-1.0,50.0,50.0
2011-12-08,6.228092456184912,56.163208552287045,55.77935822538311,3.114046228092456
2011-12-09,42.1187974758497,73.40630754391606,63.54785227291953,21.05939873792485
2011-12-10,51.65548344516555,46.572153671129776,48.34282426406505,25.827741722582772
2011-12-11,54.770058087918216,78.31491970912083,62.80682173688794,27.385029043959108
2011-12-12,99.6089890297354,100.0,50.19550548513229,49.804494514867706
2011-12-13,67.86040531853706,72.03273856518764,57.08123287207768,33.93020265926853
2011-12-14,91.66441456658336,96.52482269503548,53.8781163434903,45.83220728329167
2011-12-15,99.46236559139786,92.75590551181102,50.22987045974092,49.73118279569893
2011-12-16,100.0,-1.0,50.0,50.0
2011-12-17,62.15213201230853,70.71765205155123,57.84118959862037,31.076066006154264
2011-12-18,70.55548044749384,94.2921915803369,63.04162301010579,35.27774022374692
2011-12-19,7.254855478605416,68.92144780683738,67.54872411399157,3.627427739302708
2011-12-20,77.90132740745747,75.82014223445745,55.70590869532155,38.950663703728736
2011-12-21,62.43991044650024,78.90143506230599,60.85540489164871,31.21995522325012
2011-12-22,97.2958136628128,100.0,51.352093168593605,48.6479068314064
2011-12-23,10.22080736927662,60.44039984911355,59.3733066919534,5.110403684638309
2011-12-24,98.67660968853455,96.80918953414168,50.61946827917032,49.33830484426728
2011-12-25,9.955134174214848,60.77183416376798,59.69948361974097,4.977567087107424
2011-12-26,46.14388927429316,64.9507532320646,58.0518942149879,23.07194463714658
2011-12-27,7.506264391168901,60.192566423518,59.42748543952323,3.7531321955844503
2011-12-28,3.419635600108372,54.721099646717455,54.55965524248171,1.709817800054186
2011-12-29,99.87501161209686,100.0,50.06249419395158,49.93750580604843
2011-12-30,86.75192377541453,77.65238459576639,53.66340898916266,43.37596188770726
2011-12-31,84.61824449927333,57.65216435948143,51.17703721228918,42.309122249636665
2012-01-01,71.03507184357636,61.65727466495372,53.37652123170082,35.51753592178818
2012-01-02,97.74683095320536,99.58770614692654,51.117294845918025,48.87341547660268
2012-01-03,16.899143447201816,84.42280662443218,78.60564715441649,8.449571723600908
2012-01-04,97.46376811594205,87.91208791208791,50.96153846153846,48.731884057971016
2012-01-05,100.0,-1.0,50.0,50.0
2012-01-06,92.2412191042557,61.04518236254764,50.85697149904546,46.12060955212785
2012-01-07,72.70291514880022,63.73235075551151,53.74853143779635,36.35145757440011
2012-01-08,93.9868740022468,62.5228262396404,50.75301332026928,46.9934370011234
2012-01-09,15.117991603466956,67.6974163118375,65.02192239978332,7.558995801733477
2012-01-10,94.48860132949297,77.70114942528735,51.526720781140455,47.24430066474648
2012-01-11,3.727407407407408,66.93339899052074,66.30222222222221,1.863703703703704
2012-01-12,7.183363239326946,67.02109227528474,65.79840538985002,3.591681619663473
2012-01-13,23.01717573398765,58.95302574022377,56.89229207208732,11.508587866993825
2012-01-14,14.55986049622036,58.3624780795181,57.14491293711325,7.279930248110181
2012-01-15,4.651123414774555,61.280498632666834,60.75582871945954,2.3255617073872776
2012-01-16,2.704235845941529,59.88844122279559,59.62103445064388,1.3521179229707647
2012-01-17,30.9204178023057,59.641964416997496,56.66062873491222,15.46020890115285
2012-01-18,3.7985185185185184,60.79304458015805,60.38306878306878,1.8992592592592592
2012-01-19,100.0,-1.0,50.0,50.0
2012-01-20,98.3202574085178,89.84414278531926,50.669279036576,49.160128704258895
2012-01-21,91.25615659505443,59.66183574879227,50.84481578791744,45.628078297527225
2012-01-22,45.05051359005791,66.20151699309199,58.90265037832354,22.525256795028955
2012-01-23,11.44037310716674,63.40810689401397,61.87416943873103,5.720186553583369
2012-01-24,74.34748421025932,62.798286090969015,53.28308236030202,37.17374210512966
2012-01-25,11.632946753576569,61.67088171054144,60.31321425548125,5.816473376788284
2012-01-26,11.958242670030732,64.36381470760767,62.64615488819839,5.979121335015367
2012-01-27,23.81645660693578,67.71587929425358,63.49658458960056,11.90822830346789
2012-01-28,95.62466207082996,85.96254103108708,51.573482698026496,47.81233103541498
2012-01-29,41.9336553836262,84.29955562031034,69.9164981683742,20.966827691813094
2012-01-30,6.608884073672806,69.88834106728538,68.57394366197182,3.304442036836403
2012-01-31,99.19770967224328,100.0,50.40114516387836,49.59885483612164
2012-02-01,97.3846543856684,100.0,51.307672807165794,48.692327192834206
2012-02-02,100.0,-1.0,50.0,50.0
2012-02-03,11.290363536332473,74.60138739134169,71.82064412374625,5.645181768166236
2012-02-04,91.00676246830092,99.94360372215434,54.49154691462383,45.50338123415047
2012-02-05,10.092364479888923,74.03787300959537,71.6112564447718,5.046182239944463
2012-02-06,11.790452163459502,71.14997024780698,68.65629312315338,5.895226081729751
2012-02-07,97.13281929583056,100.0,51.43359035208472,48.56640964791528
2012-02-08,21.197454816218777,77.58342997036465,71.73644486563326,10.598727408109388
2012-02-09,36.89751395230847,71.26298157453937,63.41746998139692,18.44875697615424
2012-02-10,59.34949033540583,82.33066278222869,63.142579198917225,29.67474516770292
2012-02-11,91.45835621298777,89.36801503313222,53.36267561014758,45.72917810649388
2012-02-12,87.41755454084222,76.89516129032258,53.38406900050736,43.70877727042111
2012-02-13,91.23623403824068,73.39308085188398,52.05011485710425,45.618117019120334
2012-02-14,69.16151719823833,68.19440256571913,55.61087770611258,34.580758599119164
2012-02-15,95.76709297021506,28.07822789862303,49.07207176766738,47.88354648510753
2012-02-16,20.467682828778656,61.81998127021965,59.39808898330188,10.233841414389328
2012-02-17,36.21052987923053,56.57596221458613,54.1947714520265,18.105264939615264
2012-02-18,18.57905919599096,68.84025575713468,65.33991348734054,9.28952959799548
2012-02-19,99.13562200572872,100.0,50.43218899713564,49.56781100286436
2012-02-20,94.27012508762893,93.86792452830188,52.51357720212505,47.135062543814456
2012-02-21,3.4390817829391747,69.8991670320035,69.19766044251833,1.719540891469587
2012-02-22,2.403426936329081,65.99528121855592,65.61084632120755,1.2017134681645405
2012-02-23,100.0,-1.0,50.0,50.0
2012-02-24,19.46948344886541,64.27805688100393,61.49819295973729,9.734741724432707
2012-02-25,65.60541870671503,55.41869498942814,51.86373745317402,32.802709353357514
2012-02-26,56.21111186257271,41.16840743672414,46.13274381171378,28.105555931286357
2012-02-27,13.179613499580997,57.63503564219333,56.61901013230401,6.5898067497904975
2012-02-28,23.73513856568648,53.02354481503673,52.30590226359213,11.86756928284324
2012-02-29,71.25758625936132,48.66486295729914,49.61624938718239,35.62879312968066
2012-03-01,3.258826517653035,53.13011438723624,53.028109389552114,1.6294132588265176
2012-03-02,2.083650833968335,49.58019524595976,49.58894251121836,1.0418254169841674
2012-03-03,3.765980865295064,47.99053333567947,48.066209465752266,1.882990432647532
2012-03-04,85.99158684303887,54.54655089242644,50.6368996334026,42.99579342151944
2012-03-05,98.79989189737006,100.0,50.60005405131497,49.39994594868503
2012-03-06,55.746261081410296,65.43764701382648,56.81845097110374,27.873130540705148
2012-03-07,9.408279014644885,70.01196082828736,68.12917971726064,4.7041395073224415
2012-03-08,48.64812309773419,51.22244357002914,50.62774771728103,24.324061548867096
2012-03-09,8.019738289912482,57.4329858011797,56.83687979279875,4.009869144956241
2012-03-10,11.855168386217636,57.21034741026675,56.35458015590219,5.927584193108818
2012-03-11,53.85915969228168,35.8904360571638,43.48972863302054,26.92957984614084
2012-03-12,19.16546762589928,45.85104823339686,46.64155734236141,9.58273381294964
2012-03-13,2.2995123272825797,47.94474247532218,47.9883500406394,1.1497561636412896
2012-03-14,4.254778795523424,47.07603890362511,47.200446980343024,2.127389397761712
2012-03-15,3.829776427065785,45.22415781273381,45.4070618910156,1.9148882135328924
2012-03-16,6.593406593406594,43.96356385389287,44.36157063275707,3.296703296703297
2012-03-17,16.521091475387635,42.91305053126774,44.0838919358115,8.260545737693818
2012-03-18,96.6876119050032,60.04589495155533,50.3327590284112,48.3438059525016
2012-03-19,98.73067081049582,98.66932801064536,50.61777398677465,49.36533540524791
2012-03-20,16.536046177023206,53.417618684945424,52.78873334800346,8.268023088511603
2012-03-21,19.64902186421174,54.93097166205073,53.96161917010763,9.82451093210587
2012-03-22,12.778906382258338,41.17019108527508,42.29854410022008,6.389453191129169
2012-03-23,18.999856106582698,42.83669118876442,44.19770955536934,9.499928053291349
2012-03-24,33.54520909683371,42.025293885400615,44.70042572640096,16.772604548416854
2012-03-25,65.50884226016797,30.363886028149672,43.227276955995904,32.75442113008398
2012-03-26,4.151710125296309,39.25240248728095,39.6986115814426,2.0758550626481544
2012-03-27,8.359156718313436,38.49238245701562,39.45432224197782,4.179578359156718
2012-03-28,3.1631529929726523,38.20973298127196,38.582677165354326,1.581576496486326
2012-03-29,45.31120472347697,31.6571799789643,39.96853271075471,22.655602361738485
2012-03-30,66.63313609467455,18.002178704430875,39.32333051563821,33.31656804733728
2012-03-31,4.019947337673883,35.43020053664737,35.99580056048971,2.0099736688369414
2012-04-01,13.9367366113373,32.90515486225177,35.28622578105823,6.96836830566865
2012-04-02,11.195584076940008,32.44322840200584,34.4088115274556,5.597792038470004
2012-04-03,70.83745341142466,20.651480901872137,41.44122444495153,35.41872670571233
2012-04-04,99.92821612856912,30.58823529411765,49.98606548378107,49.96410806428457
2012-04-05,98.51948819728896,40.387906446092416,49.85769182044677,49.25974409864448
2012-04-06,69.86348873401448,38.03014567603222,46.39141687529602,34.93174436700724
2012-04-07,98.08694477056008,56.8653421633554,50.13133778727501,49.04347238528003
2012-04-08,79.38295912590101,25.89556521026314,45.030378826929415,39.691479562950505
2012-04-09,39.11807987009692,26.13183302076821,35.46793863432621,19.55903993504846
2012-04-10,24.68674117756551,34.09313037128574,38.0200181059792,12.343370588782754
2012-04-11,98.53891305265824,99.82658959537572,50.728009796883576,49.26945652632912
2012-04-12,20.26116687259864,60.67527941863924,58.46253448655237,10.130583436299318
2012-04-13,99.9780425805035,100.0,50.01097870974826,49.98902129025175
2012-04-14,99.96621935462076,10.0,49.98648774184831,49.98310967731038
2012-04-15,99.71201999814208,100.0,50.14399000092897,49.85600999907104
2012-04-16,99.11224860417776,63.55851569933397,50.12036591237362,49.55612430208888
2012-04-17,17.553155471289276,42.6080613177984,43.87781013001084,8.776577735644638
2012-04-18,98.62328755553304,72.51533742331289,50.30997145222048,49.31164377776652
2012-04-19,98.07003614986994,25.77680525164114,49.53250109801007,49.03501807493497
2012-04-20,94.43613722955791,28.10507136349833,48.781796216978826,47.21806861477896
2012-04-21,49.67558559549288,39.45689321369046,44.663869455982,24.83779279774644
2012-04-22,99.90456967680367,100.0,50.04771516159816,49.95228483840184
2012-04-23,99.5903508623748,48.04123711340206,49.99197594472693,49.7951754311874
2012-04-24,99.9780425805035,100.0,50.01097870974826,49.98902129025175
2012-04-25,22.386644543022584,63.02715952115203,59.953946700077886,11.193322271511292
2012-04-26,41.92527398129734,47.10871466044885,48.31929928489824,20.96263699064867
2012-04-27,19.419578644555376,43.30956706183781,44.606988746932906,9.709789322277688
2012-04-28,2.7626788586910505,42.36392292085717,42.57344848023029,1.3813394293455252
2012-04-29,96.72905488191304,61.25032291397572,50.36799188812371,48.36452744095652
2012-04-30,78.53753837566285,30.090239192970014,45.726875227293874,39.268769187831424
2012-05-01,99.79731612772464,30.0,49.95946322554492,49.89865806386232
2012-05-02,54.91792181418176,29.095005632745025,40.57116263327128,27.45896090709088
2012-05-03,55.36116140166833,21.78000151618528,37.40292042435831,27.680580700834167
2012-05-04,44.710024714764536,25.06316321374432,36.20882283237973,22.355012357382268
2012-05-05,94.89479596922013,30.45996029119788,49.00244110517024,47.447397984610056
2012-05-06,98.94856853306308,27.630522088353416,49.76480027024744,49.47428426653154
2012-05-07,44.89189760947747,18.882439653583933,32.8517029828644,22.44594880473873
2012-05-08,61.53963234174967,20.334623164189605,38.590587001741895,30.76981617087484
2012-05-09,75.8426538841969,7.804024496937882,39.80657215078581,37.92132694209845
2012-05-10,19.201591736516807,27.81066948895013,32.07137414274829,9.600795868258404
2012-05-11,10.60834377433883,21.570558654456264,24.58645152551556,5.304171887169415
2012-05-12,95.52828706792444,27.233238904627004,48.98193579988346,47.76414353396222
2012-05-13,27.89752964175997,17.85881966289497,26.82526383493708,13.948764820879983
2012-05-14,2.84562826493722,21.945098039215686,22.74343625911219,1.42281413246861
2012-05-15,1.921872089676076,22.20831463001968,22.742435274395923,0.960936044838038
2012-05-16,82.22026848814798,22.03309243058197,45.02755892198965,41.11013424407399
2012-05-17,9.891896010226285,36.48593980788951,37.77671489159972,4.9459480051131415
2012-05-18,70.78947813012113,24.820705610179296,42.64499670558024,35.39473906506056
2012-05-19,15.913456250052883,20.19803574303655,24.940558286724823,7.956728125026442
2012-05-20,99.7897154825143,62.24899598393574,50.02575774210166,49.89485774125715
2012-05-21,99.35901225392912,97.10144927536231,50.30191451807686,49.67950612696456
2012-05-22,95.328871763672,29.79377713458756,49.05614141823836,47.664435881836006
2012-05-23,23.92892515808988,16.38401103914892,24.42795587874273,11.96446257904494
2012-05-24,82.8414672291214,25.49637877518845,45.79553812208875,41.4207336145607
2012-05-25,5.709448018963766,17.76504812526936,19.60548594649509,2.854724009481883
2012-05-26,20.84366825535229,19.038554088016685,25.492055160970818,10.421834127676146
2012-05-27,60.07032194264367,17.562761949113074,37.04791527558257,30.035160971321837
2012-05-28,91.31518259150694,24.832214765100677,47.81422380658732,45.65759129575347
2012-05-29,66.71428450673271,15.315658489511913,38.455068764105725,33.357142253366355
2012-05-30,80.41228403666625,19.909424196678888,44.10594347991383,40.206142018333125
2012-05-31,66.98412966687512,16.473418823107835,38.93090743150743,33.49206483343756
2012-06-01,62.56914254782888,12.694323933477946,36.03616556997141,31.28457127391444
2012-06-02,23.578013493951424,19.676543893658263,26.82621246624396,11.789006746975712
2012-06-03,79.09840571742716,16.869663739732125,43.07523153042669,39.54920285871358
2012-06-04,100.0,-1.0,50.0,50.0
2012-06-05,9.6497837073658,15.172265005768743,18.51778170951603,4.8248918536829
2012-06-06,99.98902129025174,100.0,50.00548935487412,49.99451064512587
2012-06-07,60.82530064402562,20.533592568589327,38.456623477738376,30.41265032201281
2012-06-08,98.67345990384698,24.14012738853503,49.65695842099482,49.33672995192349
2012-06-09,90.34136037177862,19.66582101303473,47.07013096746937,45.17068018588931
2012-06-10,99.57014128754928,34.3811394891945,49.93286096730878,49.785070643774645
2012-06-11,96.81338176902932,45.81124072110286,49.86652023316719,48.40669088451466
2012-06-12,99.90963143137056,86.79245283018868,49.99366575453532,49.95481571568528
2012-06-13,74.2437184442208,19.454933508455092,42.13272667303773,37.1218592221104
2012-06-14,41.59980385028366,11.046124446246056,27.25086026869129,20.79990192514183
2012-06-15,5.909545015832162,11.221588352799325,13.51321604551535,2.954772507916081
2012-06-16,1.9023993768731904,12.026720291368552,12.74912372792387,0.9511996884365952
2012-06-17,6.899762952929224,12.596162589797215,15.17693870640027,3.449881476464612
2012-06-18,1.2813568502657504,10.8254316626944,11.327397677646502,0.6406784251328752
2012-06-19,13.432317811280504,12.288661810003422,17.35416860657056,6.716158905640253
2012-06-20,69.54717905819328,24.800221975582687,42.32595672049143,34.77358952909664
2012-06-21,30.44868270816594,12.352554904297492,23.81570600921893,15.22434135408297
2012-06-22,20.07127197623139,12.509134040052103,20.0340277131176,10.035635988115695
2012-06-23,83.51122717169925,22.45400030751884,45.45800268742236,41.75561358584962
2012-06-24,65.69359105469114,8.905915104333474,35.90209518336024,32.84679552734557
2012-06-25,49.634400967041145,11.360813668557618,30.539142342707887,24.817200483520573
2012-06-26,62.78816159874211,9.270996615098026,34.84398907796742,31.394080799371054
2012-06-27,27.0405485482096,14.837504496037685,24.345636163548637,13.520274274104798
2012-06-28,5.7175514351028704,8.455687563422147,10.831004995343324,2.8587757175514352
2012-06-29,12.668534333183809,10.547280075206189,15.54536144425354,6.334267166591904
2012-06-30,1.4655829311658624,9.365091640244374,9.960629921259844,0.7327914655829312
2012-07-01,10.962150450267451,7.0342205323193925,11.74419391969666,5.481075225133727
2012-07-02,63.37103154478142,15.904003692165686,37.51098826791088,31.68551577239071
2012-07-03,66.05299860529986,12.669007245835513,37.327247369088376,33.02649930264993
2012-07-04,41.9914336019503,18.196675859854956,31.55134759937699,20.99571680097515
2012-07-05,48.18694942075467,11.259554452211407,29.9273933536993,24.093474710377336
2012-07-06,72.44560855054708,14.120569115662946,40.11364116429386,36.22280427527354
2012-07-07,43.2303475347704,13.029029566046734,29.01170857162194,21.6151737673852
2012-07-08,60.55611463944727,13.775138287380472,35.71150707405559,30.278057319723636
2012-07-09,20.24467679803581,13.6938314066431,21.043897896118192,10.122338399017906
2012-07-10,35.66321133911572,12.95804287781139,26.16839433044214,17.83160566955786
2012-07-11,51.53278743994045,17.441008098296564,34.219564187588816,25.766393719970225
2012-07-12,50.48187979658665,10.141485253408977,30.262812756487826,25.240939898293323
2012-07-13,91.45729918057047,25.90576123539893,47.94170126762112,45.72864959028524
2012-07-14,90.12032718177517,15.591857680465276,46.600588116000814,45.06016359088758
2012-07-15,57.703763877606285,9.92917733674776,33.05155023016518,28.851881938803142
2012-07-16,6.497057951995937,5.953404985467354,8.815137789442492,3.2485289759979685
2012-07-17,56.49515917642582,8.693708577092767,32.02976366634254,28.24757958821291
2012-07-18,0.0694268055202777,4.393872640390415,4.425535517737702,0.0347134027601388
2012-07-19,22.88300482192708,5.797498903027644,15.9123593604602,11.44150241096354
2012-07-20,88.88137484467062,28.48779746065536,47.60813883699503,44.44068742233531
2012-07-21,70.3332487524317,11.250178189593727,38.5041867546308,35.16662437621585
2012-07-22,43.518510683308655,8.42884324389111,26.519991537973343,21.759255341654328
2012-07-23,3.8015409364152064,5.444464002816406,7.138260943188553,1.9007704682076032
2012-07-24,47.34062809413796,13.780413332047695,30.92699315375697,23.67031404706898
2012-07-25,82.283604285666,13.378165688939765,43.51193091560482,41.141802142833
2012-07-26,18.8088384693532,9.516707688456885,17.12961395191331,9.4044192346766
2012-07-27,4.056388112776226,6.452580767567663,8.219033104732876,2.028194056388113
2012-07-28,48.80622252282719,8.799048751486325,28.90767669935746,24.4031112614136
2012-07-29,45.65393988627133,13.264511709018436,30.0357094503114,22.826969943135666
2012-07-30,64.88652212501584,14.096916299559473,37.39317864840878,32.44326106250792
2012-07-31,52.95008204069895,14.39357169821496,33.247204695772794,26.47504102034948
2012-08-01,2.1725510117686904,9.04850100394655,9.938193209719753,1.0862755058843452
2012-08-02,46.82706868691996,13.383822312734678,30.530104988875078,23.41353434345998
2012-08-03,68.3597946254113,14.698176763086137,38.830430626866175,34.17989731270565
2012-08-04,44.34133053600433,14.545620354748989,30.26656402273958,22.170665268002164
2012-08-05,34.52113927800584,11.508531540847985,24.796224977781534,17.26056963900292
2012-08-06,20.975907082268087,8.361186099327249,17.095305013290893,10.487953541134043
2012-08-07,4.834435403984387,8.246367914876203,10.264920286848811,2.4172177019921937
2012-08-08,18.483966001828588,12.219337418215806,19.20270224509837,9.241983000914294
2012-08-09,79.93340713760553,13.741840387449988,42.724222731152445,39.96670356880277
2012-08-10,40.64179723541312,10.906394387085736,26.79473831229843,20.32089861770656
2012-08-11,43.64722708846405,12.542988871701684,28.891935579421297,21.823613544232025
2012-08-12,17.491025467353023,12.150472535478642,18.770743023570848,8.745512733676511
2012-08-13,29.706624231856583,12.397948125135468,23.568248379069257,14.853312115928292
2012-08-14,50.11380077672203,14.75237449118046,32.41629931719534,25.05690038836101
2012-08-15,13.056729002819097,11.786757546251216,16.776157056627415,6.528364501409548
2012-08-16,41.23495020771463,12.082643438197394,27.717846536538318,20.61747510385732
2012-08-17,0.0008466683600033,3.520476847657672,3.5208703750740837,0.0004233341800016
2012-08-18,0.0,3.1826263652527302,3.1826263652527302,0.0
2012-08-19,0.0,2.9353992041317416,2.9353992041317416,0.0
2012-08-20,0.033020066040132,3.652039874312914,3.667344001354669,0.016510033020066
2012-08-21,0.0016933367200067,4.982727672977275,4.983489966979934,0.0008466683600033
2012-08-22,3.53079605864626,4.658611279297303,6.259523245183354,1.76539802932313
2012-08-23,0.5934441773052047,5.458896468323923,5.723223053740138,0.2967220886526023
2012-08-24,38.21066698242469,11.032632501095051,25.92232352791921,19.105333491212345
2012-08-25,68.082552990095,17.57930413599534,39.65214157736385,34.0412764950475
2012-08-26,85.4422677101469,16.16835994194485,45.07488041108162,42.72113385507345
2012-08-27,0.0685801371602743,3.426276593040693,3.458216916433833,0.0342900685801371
2012-08-28,0.0,2.8321056642113285,2.8321056642113285,0.0
2012-08-29,35.13053780730335,10.072665127261816,24.09935260017772,17.565268903651674
2012-08-30,99.2238700087832,93.47116430903156,50.33739274373353,49.6119350043916
2012-08-31,99.99662193546207,100.0,50.00168903226896,49.99831096773104
2012-09-01,99.76091309233148,50.8833922261484,50.00211207515608,49.88045654616574
2012-09-02,61.654440693453815,12.254804615961696,35.526393718641856,30.827220346726907
2012-09-03,100.0,-1.0,50.0,50.0
2012-09-04,91.78722325502788,23.366601502212163,47.81265844177793,45.89361162751394
2012-09-05,52.25277791871734,10.948762906682251,31.35411909956534,26.12638895935867
2012-09-06,32.17393512561793,12.503900058656884,24.56787092842148,16.086967562808965
2012-09-07,0.0152400304800609,3.759780510110761,3.766827533655067,0.0076200152400304
2012-09-08,0.0,3.234273135212937,3.234273135212937,0.0
2012-09-09,0.7535348404030142,4.9070124552124215,5.246803826940987,0.3767674202015071
2012-09-10,14.109250385221058,7.621563544243906,13.600843253128334,7.054625192610529
2012-09-11,30.203584508293087,9.191599714012192,21.51719938087304,15.101792254146543
2012-09-12,100.0,-1.0,50.0,50.0
2012-09-13,91.46119994256225,13.542387971114849,46.88695740313712,45.73059997128112
2012-09-14,1.0837355008043348,11.064795001283915,11.486749640165948,0.5418677504021674
2012-09-15,3.839641012615359,5.021351529826106,6.748370163406993,1.9198205063076796
2012-09-16,0.1676403352806705,5.320069204152249,5.39497078994158,0.0838201676403352
2012-09-17,49.27967786415815,6.157746384909185,27.763067734813173,24.63983893207908
2012-09-18,0.1735670138006942,5.567193927314363,5.644314621962578,0.0867835069003471
2012-09-19,99.38852384250266,100.0,50.30573807874868,49.69426192125133
2012-09-20,0.9347218694437388,4.230552279370289,4.658369316738634,0.4673609347218694
2012-09-21,0.2878672424011514,4.491806062664516,4.622809245618491,0.1439336212005757
2012-09-22,10.927115874668766,4.980420484355397,9.899762104318526,5.463557937334383
2012-09-23,84.48331248097927,28.422773086352493,46.65192912453928,42.24165624048963
2012-09-24,97.93658569546268,95.9476054031928,50.94808946248184,48.96829284773134
2012-09-25,70.72558351861088,14.08645932599844,39.486520529879705,35.36279175930544
2012-09-26,90.46234468768488,24.11378943637008,47.53106246302088,45.231172343842445
2012-09-27,45.54312125419023,13.138300352862538,29.926268919513767,22.771560627095116
2012-09-28,41.78174284385438,10.97376753914534,27.279607627584458,20.89087142192719
2012-09-29,100.0,-1.0,50.0,50.0
2012-09-30,86.50236726411904,33.36047604134043,47.75405816706121,43.25118363205952
2012-10-01,96.9157338965153,21.00794302930704,49.10580781414995,48.45786694825765
2012-10-02,34.33336155083383,16.253287268602072,27.839668162194197,17.166680775416914
2012-10-03,46.1737585652652,15.433456968630162,31.394129092293376,23.0868792826326
2012-10-04,90.39150417356628,16.943638441923856,46.82378087932141,45.195752086783145
2012-10-05,14.586613839928209,8.036316060738216,14.157396589966304,7.293306919964104
2012-10-06,5.455930911861824,8.62034997223864,10.877995089323512,2.727965455930912
2012-10-07,77.31541354972317,16.052464880575325,42.29914204809602,38.65770677486159
2012-10-08,14.301545541447071,6.398499580474804,12.634188019727436,7.1507727707235365
2012-10-09,40.36043658515949,7.594200431279082,24.709366274642523,20.180218292579745
2012-10-10,84.52960259529603,10.484927916120576,43.88686131386861,42.26480129764801
2012-10-11,35.70793951650435,12.000368513180929,25.569253940988823,17.853969758252173
2012-10-12,29.76533761785971,9.627239452899248,21.644327935393854,14.882668808929855
2012-10-13,97.63672452383967,26.94781987133667,49.455213480299,48.818362261919845
2012-10-14,92.05398694245729,26.147959183673468,48.10471372224428,46.02699347122864
2012-10-15,99.84967485854234,100.0,50.07516257072883,49.92483742927117
2012-10-16,25.03321682760255,60.88370097762525,58.15864526120698,12.516608413801276
2012-10-17,99.15625,47.147147147147145,49.97592905405405,49.578125
2012-10-18,11.47743628820591,42.66886011056488,43.51028702057404,5.738718144102955
2012-10-19,29.929491031902558,27.68717837210988,34.36529232019367,14.964745515951275
2012-10-20,1.951570569807806,25.04641423081905,25.53340106680213,0.975785284903903
2012-10-21,1.884683769367539,19.54885920403162,20.12276691220049,0.9423418846837692
2012-10-22,0.5063076792820252,14.22407924297093,14.405215477097622,0.2531538396410126
2012-10-23,0.941495216323766,11.075402998341852,11.441876217085769,0.470747608161883
2012-10-24,0.7272881212429092,8.900563747857161,9.1994750656168,0.3636440606214546
2012-10-25,0.9448818897637796,8.75344034736824,9.143171619676572,0.4724409448818897
2012-10-26,99.98479870957937,100.0,50.00760064521032,49.99239935478968
2012-10-27,95.92076364250718,92.8970801408159,51.74987328940699,47.96038182125359
2012-10-28,95.10687351681854,99.39592682084916,52.417005176883904,47.55343675840927
2012-10-29,65.3879981056762,60.64308053166536,53.68378323523443,32.6939990528381
2012-10-30,48.551692651087286,55.1461767267588,52.64762081910108,24.275846325543643
2012-10-31,91.78973336487446,95.47231940728544,53.73339866851408,45.89486668243723
2012-11-01,94.91873526205026,97.521623419827,52.41469949373294,47.45936763102513
2012-11-02,68.75655468723569,62.071952573021846,53.77169390033493,34.378277343617846
2012-11-03,99.04648491605012,84.67670504871568,50.33064761325631,49.52324245802507
2012-11-04,100.0,-1.0,50.0,50.0
2012-11-05,60.69045988382417,65.65356735712288,56.15334533986083,30.345229941912084
2012-11-06,32.4616985457714,35.49445731821883,40.20320285600684,16.2308492728857
2012-11-07,35.8298448137342,30.570125728142543,37.531819527252736,17.9149224068671
2012-11-08,76.33750939825805,47.08318457693681,49.30980882464751,38.16875469912903
2012-11-09,5.982160991131271,38.62140973366097,39.30209532191456,2.991080495565636
2012-11-10,99.98902129025174,100.0,50.00548935487412,49.99451064512587
2012-11-11,98.7678509597926,100.0,50.6160745201037,49.3839254798963
2012-11-12,87.90690599330698,77.65199161425576,53.343981340634826,43.95345299665349
2012-11-13,24.39552996952252,49.91265788766461,49.9339654588554,12.19776498476126
2012-11-14,8.527138345877393,43.25049747790273,43.82603689562045,4.263569172938697
2012-11-15,1.4477170940677464,38.40662503114074,38.57446430234429,0.7238585470338732
2012-11-16,2.3950828415892715,38.3379016029422,38.61721852061938,1.1975414207946358
2012-11-17,2.5924765686515228,36.14373006284279,36.5029506142527,1.2962382843257614
2012-11-18,82.43259224219489,56.73414434774247,51.1830145965671,41.21629612109744
2012-11-19,73.47028526484046,54.61761611782333,51.22504038362328,36.73514263242023
2012-11-20,4.0763975313031775,37.80096024853491,38.29824160380633,2.0381987656515888
2012-11-21,3.297745341246793,33.693177838481475,34.23093530661835,1.6488726706233965
2012-11-22,93.6372542395784,100.0,53.1813728802108,46.818627119789205
2012-11-23,79.25961603461097,44.07822367080872,48.77180085175421,39.629808017305486
2012-11-24,8.649051364325203,37.19335316632839,38.30100662902038,4.3245256821626015
2012-11-25,17.5427014033484,40.419831656744,42.1004519831395,8.7713507016742
2012-11-26,93.24163336346814,78.43480435054381,51.92172833039026,46.62081668173407
2012-11-27,98.88859799508484,97.18844984802432,50.52445337769933,49.44429899754242
2012-11-28,99.99493290319312,100.0,50.00253354840344,49.99746645159656
2012-11-29,99.9163893721602,100.0,50.04180531391991,49.9581946860801
2012-11-30,72.54896985689638,74.30446436824106,56.67182583984574,36.27448492844819
2012-12-01,99.48822322250469,100.0,50.25588838874767,49.744111611252336
2012-12-02,89.52038126140742,74.42348008385744,52.55948759548436,44.76019063070371
2012-12-03,6.35900301398625,66.41743140002713,65.37344644248027,3.179501506993125
2012-12-04,99.6402361267112,100.0,50.1798819366444,49.8201180633556
2012-12-05,26.62346451896721,75.046694491203,68.37839667016344,13.311732259483604
2012-12-06,53.24908068811023,60.81115290033271,55.054313369119576,26.624540344055116
2012-12-07,60.030424677794215,79.87693999238805,61.94168603422776,30.015212338897108
2012-12-08,86.75181525405104,89.9891533209979,55.297836910306586,43.37590762702552
2012-12-09,13.881837259680475,60.38950192097945,58.94724817221771,6.940918629840239
2012-12-10,69.40072690389655,53.2760620960168,51.00245118755811,34.70036345194828
2012-12-11,64.93728234777024,62.00761776192083,54.210197112621294,32.46864117388512
2012-12-12,4.886928397863027,61.902812024319246,61.321130123358536,2.4434641989315136
2012-12-13,98.41141148749652,72.88676236044657,50.36357647774202,49.205705743748254
2012-12-14,90.71360400003378,95.8981355161437,54.262282620630245,45.35680200001689
2012-12-15,96.97827023283703,100.0,51.51086488358148,48.48913511641852
2012-12-16,30.81074679389571,88.13057831030689,76.38226237607012,15.405373396947857
2012-12-17,61.96596393192786,73.24903156863618,58.84006434679536,30.98298196596393
2012-12-18,27.050532567406364,73.21024737031324,66.93175184643107,13.525266283703182
2012-12-19,9.076593547076204,66.91776230027189,65.38220577901572,4.538296773538102
2012-12-20,97.51036643555076,97.59158751696066,51.184856136676494,48.755183217775375
2012-12-21,50.29845446244378,82.15190950072298,65.97999594169569,25.14922723122189
2012-12-22,85.23983681467654,80.69241773962804,54.530250943890266,42.61991840733827
2012-12-23,56.675461295178174,80.895126188199,63.38517090330983,28.337730647589087
2012-12-24,15.10410938042016,61.076728356305,59.403687189596674,7.55205469021008
2012-12-25,100.0,-1.0,50.0,50.0
2012-12-26,78.23962533708672,74.38716444582573,55.30673835307246,39.11981266854336
2012-12-27,38.18614337475873,67.6308256981251,60.89829331888525,19.093071687379364
2012-12-28,65.091883484641,57.29471874470301,52.54644891886866,32.5459417423205
2012-12-29,35.77759734767753,76.63233860984539,67.10392773774485,17.888798673838764
2012-12-30,2.290024635754861,61.50966936993137,61.24609510586602,1.1450123178774307
2012-12-31,10.144485919605902,65.38178940824054,63.82138594753816,5.072242959802951
2013-01-01,75.67320935184325,82.8974332256608,58.00288970942367,37.83660467592163
2013-01-02,54.637841676741886,80.03280338471288,63.62352782028628,27.318920838370943
2013-01-03,42.28889377462836,57.31303481420701,54.22043328992542,21.144446887314174
2013-01-04,56.218821340999405,52.8312089609888,51.23953665342014,28.109410670499702
2013-01-05,78.30297089938149,64.16387569125321,53.073140230506645,39.151485449690746
2013-01-06,8.560979945652635,53.17175233298771,52.900219251834855,4.2804899728263175
2013-01-07,5.496719576719577,53.34760642109789,53.16359788359788,2.7483597883597883
2013-01-08,6.294286464109446,50.9197022260769,50.86181353335083,3.147143232054723
2013-01-09,100.0,-1.0,50.0,50.0
2013-01-10,100.0,-1.0,50.0,50.0
2013-01-11,44.292368690241695,42.33185625834648,45.72825875609736,22.146184345120847
2013-01-12,14.731005291005292,51.52396648266551,51.2994708994709,7.365502645502646
2013-01-13,66.7201743788177,81.38153385291056,60.44371974350092,33.36008718940885
2013-01-14,94.00278704446605,95.39501478664975,52.72243570795152,47.001393522233016
2013-01-15,92.18841057085666,98.87555411395826,53.8179576186012,46.09420528542833
2013-01-16,100.0,-1.0,50.0,50.0
2013-01-17,92.07393827775854,77.49946706459177,52.179624732827016,46.03696913887927
2013-01-18,11.925502645502648,74.04698283319556,71.17925925925927,5.962751322751323
2013-01-19,19.690136316328346,77.98674547734194,72.47611714234945,9.845068158164173
2013-01-20,88.32709798920708,100.0,55.83645100539646,44.16354899460354
2013-01-21,98.82527805693728,99.85621854780732,50.5856719392624,49.41263902846864
2013-01-22,66.71344396446052,99.62666666666668,66.51900820857038,33.35672198223026
2013-01-23,7.4167195767195775,83.24402911378516,80.7784126984127,3.7083597883597887
2013-01-24,49.956439730349246,86.65089157441055,68.3414110144045,24.978219865174623
2013-01-25,5.940166598943518,77.07787707787708,75.46940606799404,2.970083299471759
2013-01-26,3.456100245533825,75.4919844248781,74.61095588857845,1.7280501227669125
2013-01-27,17.80079897081725,81.06672158154859,75.53659692599363,8.900399485408625
2013-01-28,98.94857741257148,100.0,50.525711293714274,49.47428870628573
2013-01-29,21.802146136869077,68.518318266361,64.48092745583845,10.901073068434536
2013-01-30,57.67103126268778,80.01518693923227,62.70511909595344,28.83551563134389
2013-01-31,5.728386283024777,69.59789519054632,68.47525205068948,2.8641931415123887
2013-02-01,100.0,-1.0,50.0,50.0
2013-02-02,99.81420645041425,100.0,50.09289677479288,49.90710322520712
2013-02-03,62.60051239124369,59.1992222825104,53.44046199764942,31.300256195621845
2013-02-04,58.7785162261343,70.3000964082788,58.36800094701774,29.38925811306715
2013-02-05,39.39729688583656,67.44124378942668,60.56929478830117,19.69864844291828
2013-02-06,36.27847544257523,82.88203343913095,70.95293301289645,18.13923772128761
2013-02-07,56.32264554468836,72.10706613249724,59.65578163436097,28.16132277234418
2013-02-08,53.38867707602438,64.96726336217058,56.97643945862323,26.69433853801219
2013-02-09,26.01619823799731,72.49422315770208,66.64085442743377,13.008099118998654
2013-02-10,1.7776573861664398,68.11510518559375,67.79308068025023,0.8888286930832199
2013-02-11,100.0,-1.0,50.0,50.0
2013-02-12,95.76981868238592,80.21561189858255,51.27817516953661,47.884909341192966
2013-02-13,12.5945735515648,90.21863320358644,85.1517408303854,6.2972867757824
2013-02-14,18.37712466987201,73.54069863923,69.2083700142209,9.188562334936003
2013-02-15,90.7367211979426,80.36105032822756,52.81242873913668,45.36836059897131
2013-02-16,39.743600585186,66.45428390990105,59.914759033597456,19.871800292593
2013-02-17,87.10088968121869,82.45889827733019,54.18690909705383,43.55044484060935
2013-02-18,7.269526058728426,69.15479200708373,67.76115865478216,3.634763029364213
2013-02-19,43.19272265707637,66.05344694035631,59.119526126507296,21.596361328538187
2013-02-20,57.288347602667365,56.57551052714896,52.80850919970588,28.64417380133368
2013-02-21,54.6029598308668,70.81703364256175,59.45031712473573,27.3014799154334
2013-02-22,70.08696534063537,76.45928688478273,57.91477565646578,35.04348267031769
2013-02-23,63.99895151607393,68.00028191514355,56.47396546767457,31.999475758036965
2013-02-24,99.8336303215073,100.0,50.08318483924635,49.91681516075365
2013-02-25,82.0427625738707,89.43973634651601,57.0822870959833,41.02138128693535
2013-02-26,81.75813953488372,76.34787446108201,54.806342494714585,40.87906976744186
2013-02-27,37.90524534686971,78.6881225218351,67.81049069373942,18.952622673434856
2013-02-28,85.28755451871388,51.7292887510054,50.25442066470568,42.64377725935694
2013-03-01,3.9878079756159512,70.37125220458553,69.55888578443825,1.993903987807976
2013-03-02,2.7344146828756224,68.95183051024493,68.42893908096576,1.3672073414378112
2013-03-03,5.355086697371986,68.56342866344029,67.56934096450826,2.677543348685993
2013-03-04,3.312648679766007,66.12876393278988,65.59391481760538,1.6563243398830034
2013-03-05,99.79562709545566,100.0,50.10218645227217,49.89781354772783
2013-03-06,98.78727483088564,83.35654596100278,50.404523228416274,49.39363741544282
2013-03-07,88.95760463662324,98.56924254016832,55.36320778628277,44.47880231831162
2013-03-08,95.15468358065252,86.0902910929057,51.74868880011486,47.57734179032626
2013-03-09,99.28807289863272,47.5682087781732,49.98268741924314,49.64403644931637
2013-03-10,56.84634317564768,63.13086768193489,55.66644957752197,28.42317158782384
2013-03-11,41.4683261555644,53.89863829541184,52.28193825144472,20.7341630777822
2013-03-12,97.81237066380612,41.6988416988417,49.818401425759966,48.90618533190307
2013-03-13,90.770999399836,67.95529497984609,51.65594542734212,45.38549969991801
2013-03-14,70.21026655172997,49.01549111955967,49.70547470547471,35.105133275864986
2013-03-15,24.392162169019088,56.41229316536701,54.83817771275381,12.196081084509544
2013-03-16,2.4676413073843,59.55980744834298,59.25936899491234,1.23382065369215
2013-03-17,100.0,-1.0,50.0,50.0
2013-03-18,99.92483742927118,100.0,50.03758128536441,49.96241871463559
2013-03-19,51.208395345690704,93.89233595618566,71.41498105804357,25.604197672845352
2013-03-20,83.321649083983,93.64428238630607,57.279146571165526,41.6608245419915
2013-03-21,28.34693618640842,67.6039711489653,62.609210470672814,14.17346809320421
2013-03-22,8.465357840690897,66.85118338791307,65.0135760385035,4.232678920345449
2013-03-23,54.62972360364018,71.22697785400045,59.6307385229541,27.31486180182009
2013-03-24,100.0,-1.0,50.0,50.0
2013-03-25,99.4037716090566,66.71388101983003,50.09965290386873,49.701885804528295
2013-03-26,99.81082678827802,100.0,50.09458660586099,49.90541339413901
2013-03-27,81.6805444017076,74.10459291165317,54.22038125026417,40.8402722008538
2013-03-28,99.94341741898978,73.13432835820896,50.013090000084446,49.97170870949489
2013-03-29,91.28025343189016,83.43344313117613,52.915311510031685,45.64012671594509
2013-03-30,100.0,-1.0,50.0,50.0
2013-03-31,86.77139139105306,57.24785887766841,50.95443713981511,43.38569569552653
2013-04-01,19.67611404578085,65.06580908974742,61.56330421237979,9.838057022890425
2013-04-02,87.89755112729239,60.73846583374048,51.29961733724162,43.948775563646194
2013-04-03,55.53310564047072,72.97857767969256,60.195032463140805,27.76655282023536
2013-04-04,91.76093880689066,79.68621821164889,52.44586568437772,45.88046940344533
2013-04-05,100.0,-1.0,50.0,50.0
2013-04-06,98.2871476955042,43.54043392504931,49.88935717362477,49.143573847752094
2013-04-07,84.80601808807371,56.24165554072096,50.94835601386188,42.40300904403686
2013-04-08,100.0,-1.0,50.0,50.0
2013-04-09,92.14842858712278,72.98460876116673,51.80465297085344,46.07421429356139
2013-04-10,60.59181602975989,49.51921013092939,49.801318904294895,30.295908014879945
2013-04-11,95.69087837837836,70.87416699333595,50.89949324324324,47.84543918918919
2013-04-12,93.93795959766716,71.69153535071817,51.31434367340039,46.96897979883357
2013-04-13,27.6480343876394,57.641992932531416,55.50718383510179,13.8240171938197
2013-04-14,2.777871850447033,55.95479773117371,55.76190395556759,1.3889359252235167
2013-04-15,2.8168656337312674,53.59330214404572,53.49208365083397,1.4084328168656337
2013-04-16,72.56122310918684,46.53907790927022,49.05036530915979,36.28061155459342
2013-04-17,92.89554206887225,31.469363474122545,48.683498723648846,46.44777103443612
2013-04-18,13.999357206894803,49.95967821246632,49.96532300353536,6.999678603447402
2013-04-19,88.04085218537229,28.438228438228435,47.421395867475375,44.020426092686144
2013-04-20,99.85474077139406,100.0,50.07262961430297,49.92737038569703
2013-04-21,89.511605906004,54.23210115164694,50.44387944724128,44.755802953002
2013-04-22,99.35732322166017,44.67805519053877,49.96579709655353,49.67866161083008
2013-04-23,93.32487738880432,41.297187737522165,49.41907661085743,46.66243869440216
2013-04-24,5.155363644060621,45.63162264218316,45.85682838032343,2.5776818220303106
2013-04-25,2.3037260928094283,44.26390044370493,44.39604446589283,1.1518630464047142
2013-04-26,99.62925741696294,61.95899772209568,50.04433709706024,49.81462870848147
2013-04-27,97.67917166359813,100.0,51.160414168200944,48.83958583179906
2013-04-28,88.47818369313475,31.34032719536351,47.85006677598769,44.239091846567376
2013-04-29,100.0,-1.0,50.0,50.0
2013-04-30,99.70947663567188,100.0,50.14526168216407,49.85473831783594
2013-05-01,91.4088243743346,18.05664830841857,47.25569055545229,45.70441218716731
2013-05-02,93.33389658668467,60.608365019011416,50.70716458262928,46.66694829334234
2013-05-03,43.68446441719349,22.3915362998362,34.452145801068035,21.842232208596744
2013-05-04,41.98641205485942,23.951405903628515,34.88827595542883,20.99320602742971
2013-05-05,28.68907961335974,26.2677460709368,33.07475496419684,14.34453980667987
2013-05-06,98.39835104495768,25.89662447257384,49.613948537735055,49.19917552247884
2013-05-07,93.55419091623236,46.38972611715372,49.7672886381106,46.77709545811618
2013-05-08,81.77920232739082,20.106753307031795,44.55321200230033,40.88960116369541
2013-05-09,69.94530437649526,15.234023402340233,39.551191553034464,34.97265218824763
2013-05-10,99.97297548369662,100.0,50.01351225815169,49.98648774184831
2013-05-11,97.87900800756832,32.93508562325766,49.63805453255398,48.939504003784165
2013-05-12,78.27497908374109,20.43801299257012,43.57765213937412,39.13748954187054
2013-05-13,76.0854862707967,13.458003393665155,41.261159204653055,38.04274313539835
2013-05-14,25.979500114264432,18.766152086906803,26.88007312923731,12.989750057132216
2013-05-15,92.68101066930232,21.44506001846722,47.91006698936449,46.34050533465116
2013-05-16,99.96284129008284,100.0,50.01857935495858,49.98142064504143
2013-05-17,99.9256825801657,100.0,50.03715870991715,49.96284129008285
2013-05-18,52.81454151575669,21.987660078200665,36.78113258639949,26.407270757878347
2013-05-19,89.91116483107794,28.359584450402146,47.81673414533129,44.95558241553897
2013-05-20,90.20226010666622,23.09351276742581,47.36377236651932,45.10113005333311
2013-05-21,78.95715372264007,15.2570281124498,42.689089833516434,39.47857686132004
2013-05-22,92.74682752910564,14.09435061153174,47.39570132305976,46.373413764552815
2013-05-23,28.53962072468676,22.521837304652685,30.313664070436847,14.26981036234338
2013-05-24,99.90034709613128,85.59322033898306,50.035469677648194,49.95017354806564
2013-05-25,95.11272162109655,25.11234013135154,48.78367078022451,47.55636081054828
2013-05-26,91.67215773734095,34.52513966480447,48.707486441279336,45.83607886867048
2013-05-27,80.02839684592176,19.15280775252846,43.8393211801594,40.01419842296088
2013-05-28,93.33333333333331,21.52267544970864,48.10151169664724,46.66666666666666
2013-05-29,94.89636408189476,36.60596026490066,49.31641697719418,47.44818204094739
2013-05-30,99.91723671987162,98.9795918367347,50.040537116797566,49.95861835993581
2013-05-31,99.90879071692186,100.0,50.04560464153908,49.95439535846093
2013-06-01,64.78939895882631,21.92780337941628,40.115610844432425,32.39469947941316
2013-06-02,93.07377222245682,66.74867757411735,51.11946286052109,46.53688611122841
2013-06-03,63.447272481200464,16.534376229375418,37.76740173065699,31.723636240600232
2013-06-04,55.18843179395191,17.575528700906347,35.469937217606144,27.594215896975957
2013-06-05,55.81178938819708,30.77688861660987,41.50565105576611,27.90589469409854
2013-06-06,24.807192502730206,27.734744426930877,33.258129238166994,12.403596251365103
2013-06-07,40.19135922576497,27.507143059209596,36.54732799242007,20.095679612882485
2013-06-08,31.84623329128819,21.315894072638745,30.450701363786436,15.923116645644097
2013-06-09,99.95017354806564,100.0,50.02491322596718,49.97508677403282
2013-06-10,96.79843933418348,35.214982854128195,49.52664870662354,48.39921966709174
2013-06-11,53.25158562367864,13.350217076700435,32.86680761099366,26.62579281183932
2013-06-12,26.59493413700857,17.90010264217094,26.43704920253293,13.297467068504284
2013-06-13,0.4148674964016595,19.83931304199966,19.96443992887985,0.2074337482008297
2013-06-14,80.74214952876041,18.03976649256024,43.84514602087824,40.37107476438021
2013-06-15,55.41224034102442,18.421002712597453,35.91963258677854,27.70612017051221
2013-06-16,42.80515259745756,22.838793690254224,34.465189498451174,21.40257629872878
2013-06-17,7.848864280937021,18.653535205056592,21.113876683683404,3.9244321404685114
2013-06-18,58.46676986322227,20.72870206309444,37.84268446384314,29.23338493161113
2013-06-19,13.542892457734018,18.03493791860875,22.36393190033948,6.771446228867009
2013-06-20,13.327350615486209,18.032546690630618,22.292961276012125,6.663675307743104
2013-06-21,25.00571351182062,17.939254393390446,25.956272589532848,12.50285675591031
2013-06-22,64.72577835653041,14.692204429954932,37.545449933199166,32.362889178265206
2013-06-23,61.324115521632805,20.7850172843828,38.70084703453295,30.662057760816403
2013-06-24,99.96790838688972,100.0,50.016045806555134,49.98395419344487
2013-06-25,72.131507775524,19.451689209680357,41.486646382691006,36.065753887762
2013-06-26,85.93066279207285,19.951966376463524,45.77244082515332,42.965331396036426
2013-06-27,72.38624933435891,14.056138847225196,40.07455180166854,36.193124667179454
2013-06-28,100.0,-1.0,50.0,50.0
2013-06-29,97.66660192042968,68.00579080709373,50.420146776904176,48.83330096021484
2013-06-30,36.01695273705492,12.627751702254248,26.08809670842815,18.00847636852746
2013-07-01,18.741533459767,15.86542468950571,22.26276754267136,9.3707667298835
2013-07-02,43.03901263789678,15.144994212104123,30.146244558096285,21.51950631894839
2013-07-03,95.75399172087522,29.844807003581376,49.14420883669849,47.87699586043761
2013-07-04,70.32204049185596,12.971247827202006,39.010621923786005,35.16102024592798
2013-07-05,46.74504625750151,14.641511833049892,31.16985348264392,23.372523128750757
2013-07-06,29.11753502349008,13.13159057525347,23.86676260210776,14.55876751174504
2013-07-07,70.00727260426885,18.552457213747992,40.56802421946352,35.003636302134424
2013-07-08,46.78872691276133,12.683648158748332,30.14349411555676,23.394363456380667
2013-07-09,71.12955855749235,15.571562426797843,40.06035809085837,35.56477927874617
2013-07-10,41.69747628998554,13.032374152917448,28.44694117547526,20.84873814499277
2013-07-11,21.92300205655092,14.018752371145196,21.906922028791712,10.96150102827546
2013-07-12,0.5139276945220557,8.798073240683218,9.00982135297604,0.2569638472610278
2013-07-13,16.822825415365344,12.096913699591951,18.473283734944857,8.411412707682672
2013-07-14,0.0694268055202777,7.366895990781848,7.396494792989586,0.0347134027601388
2013-07-15,2.5078104494924265,8.286654682194374,9.332746314907164,1.2539052247462132
2013-07-16,0.0711201422402844,6.73410943351465,6.764880196427059,0.0355600711201422
2013-07-17,6.920667174667683,11.575825935089506,14.23503513673694,3.460333587333841
2013-07-18,86.54323698836089,23.029123776048205,46.37059310438029,43.27161849418045
2013-07-19,57.03560921172771,12.129083038173947,33.72899124141896,28.51780460586385
2013-07-20,23.402922402262067,11.609452021485886,20.59396217470073,11.701461201131034
2013-07-21,12.766696017339472,14.609882270728797,19.12803102140341,6.383348008669737
2013-07-22,3.5399204131741597,9.820151146766849,11.24248581830497,1.7699602065870796
2013-07-23,4.893577391333796,11.464917122153578,13.350661225595612,2.446788695666898
2013-07-24,41.18129475722245,9.65085023501847,26.267152531768645,20.590647378611227
2013-07-25,9.881683847052251,9.504892845739189,13.506491308248275,4.940841923526126
2013-07-26,8.860255835019428,10.45264125881271,13.956638419274825,4.430127917509714
2013-07-27,12.824440401134009,8.996126627253402,14.254643930097744,6.412220200567004
2013-07-28,9.087368777514392,7.013949676866631,10.920250592617675,4.543684388757196
2013-07-29,99.87585612823132,100.0,50.06207193588433,49.93792806411567
2013-07-30,36.9324530218385,11.639018628872067,25.806670052480108,18.46622651091925
2013-07-31,0.5215477097620862,5.8317871550887705,6.062145457624248,0.2607738548810431
2013-08-01,0.0,4.846329692659386,4.846329692659386,0.0
2013-08-02,0.0,5.406824146981627,5.406824146981627,0.0
2013-08-03,4.879906565784797,5.077763541889103,7.269926708305828,2.4399532828923984
2013-08-04,2.8126322919312505,6.347353381886609,7.575141816950301,1.4063161459656253
2013-08-05,5.899335393472463,8.144169433273053,10.613385260127842,2.949667696736232
2013-08-06,0.6595323162368559,6.304171815741253,6.592359923463772,0.3297661581184279
2013-08-07,61.08916836523254,9.23337752950638,34.13736816732495,30.54458418261627
2013-08-08,64.51124384507352,13.447922378239207,37.028122303253866,32.25562192253676
2013-08-09,81.2855017581823,12.588075880758808,42.99854611847444,40.64275087909115
2013-08-10,6.912200491067649,5.553635421024867,8.625857251714503,3.456100245533825
2013-08-11,13.204080768742326,8.404295789073245,13.896626169411167,6.602040384371163
2013-08-12,52.97893392644211,17.47990144062157,34.708702969208524,26.48946696322105
2013-08-13,25.20010830386002,8.756490164360937,19.14989931125514,12.60005415193001
2013-08-14,41.67668014960989,11.08338290556128,27.302536937058917,20.838340074804947
2013-08-15,21.28924108503505,13.817360438851242,21.520369805953468,10.644620542517526
2013-08-16,2.241977817288968,6.914829121269335,7.880789094911524,1.120988908644484
2013-08-17,32.98579081438352,13.362210491753594,25.447475097957906,16.49289540719176
2013-08-19,84.46535514879167,15.926268283399487,44.70676679027258,42.23267757439584
2013-08-20,33.60949149100018,6.337552419920208,21.01227902410954,16.80474574550009
2013-08-21,0.111760223520447,4.018545830578582,4.06993480653628,0.0558801117602235
2013-08-22,0.0829734992803319,4.702064196861336,4.739649479298959,0.0414867496401659
2013-08-23,86.29492238662195,18.68179295887539,45.70781541789544,43.147461193310974
2013-08-24,27.474822638063262,7.025848500040807,18.832920404867203,13.737411319031631
2013-08-25,69.31126074304662,11.337137186802282,38.134854841984165,34.65563037152331
2013-08-26,98.3252537878148,34.039334341906205,49.73269935645153,49.1626268939074
2013-08-27,92.90041314982383,23.777222420564083,48.13829113121943,46.45020657491192
2013-08-28,53.87966401339887,10.53133539973956,31.79691927693518,26.939832006699437
2013-08-29,23.164052248850812,9.356132387290115,18.770899117051982,11.582026124425408
2013-08-30,23.77638952376115,11.024365324389755,20.29136404422097,11.888194761880577
2013-08-31,5.702311404622809,8.887093153759821,11.231479129624926,2.8511557023114045
2013-09-01,34.71795782689233,10.103522887757348,23.954764986001507,17.358978913446165
2013-09-02,34.2821625187102,7.088995264566606,21.79981564637931,17.1410812593551
2013-09-03,0.2201337736008805,4.056003394145099,4.157141647616629,0.1100668868004402
2013-09-04,0.0,3.6855473710947417,3.6855473710947417,0.0
2013-09-05,0.0397934129201591,4.822848818003947,4.840826348319363,0.0198967064600795
2013-09-06,19.23731324332332,13.209445649781468,20.28695983408812,9.61865662166166
2013-09-07,2.3511184110266354,10.85514622367497,11.775488087779602,1.1755592055133175
2013-09-08,99.46520449802726,36.33491311216429,49.92691972998319,49.73260224901363
2013-09-09,28.302589585784794,10.37145488464354,21.587359367460447,14.151294792892395
2013-09-10,94.20885942316625,28.19017062855476,48.73696212153203,47.10442971158312
2013-09-11,78.99843637746693,23.736316806181584,44.4842158644297,39.499218188733465
2013-09-12,69.06068008351014,13.178887553272869,38.60779822329662,34.53034004175507
2013-09-13,83.23470233163688,16.544803590338358,44.391136736384695,41.61735116581844
2013-09-14,33.93195346320346,4.170719221909393,19.721489448051948,16.96597673160173
2013-09-15,99.97635354823454,60.71428571428571,50.00253354840344,49.98817677411727
2013-09-16,98.83868243243244,20.727272727272727,49.66005067567568,49.41934121621622
2013-09-17,32.65832635487773,11.09129276993418,23.798225357592983,16.329163177438865
2013-09-18,71.56150952964543,10.803340565280708,38.85306174196002,35.78075476482272
2013-09-19,11.910466208951686,6.8243412074499785,11.966763458428929,5.955233104475843
2013-09-20,3.3731267462534924,4.396894660287752,5.93514520362374,1.6865633731267462
2013-09-21,0.58250783168233,5.320979032889919,5.581237829142325,0.291253915841165
2013-09-22,77.50678193849352,3.745867147580402,39.595957035046354,38.75339096924676
2013-09-23,0.186267039200745,4.601747391636272,4.686309372618745,0.0931335196003725
2013-09-24,0.1964270595207857,4.788849488454164,4.877656421979511,0.0982135297603928
2013-09-25,0.6993480653627974,4.848913747825791,5.164676996020659,0.3496740326813987
2013-09-26,57.79432648093048,4.680459033466184,30.872582499323777,28.89716324046524
2013-09-27,74.30935957259756,13.27695699384686,40.56561506728883,37.15467978629878
2013-09-28,26.98532274720252,11.25769467082459,21.712430803609216,13.492661373601258
2013-09-29,100.0,-1.0,50.0,50.0
2013-09-30,99.70273032066278,100.0,50.14863483966862,49.85136516033139
2013-10-01,67.10766577621479,16.90097406769642,39.112957765529366,33.553832888107394
2013-10-02,5.043766825254389,6.116717780472149,8.330088210893452,2.5218834126271945
2013-10-03,46.73486641866757,13.726548363544014,30.678897531281702,23.367433209333782
2013-10-04,97.2206269846632,34.91340018231541,49.58068711573542,48.6103134923316
2013-10-05,99.76437999847988,92.831541218638,50.10091967807045,49.882189999239934
2013-10-06,86.78766770083945,45.038070254014976,49.344413353509566,43.393833850419725
2013-10-07,81.95059682818787,17.001545595054097,44.04397592398472,40.975298414093935
2013-10-08,72.12497567661316,18.53223260895957,41.22835218572069,36.06248783830658
2013-10-09,77.5541599398176,44.417247222745246,48.74690424066201,38.7770799699088
2013-10-10,99.4738664482185,97.91332263242376,50.252088066142505,49.73693322410925
2013-10-11,71.77116000710053,58.69142087138793,52.45348729089356,35.88558000355027
2013-10-12,75.17540448697358,73.70448656757125,55.86273647906136,37.58770224348679
2013-10-13,94.9321213452392,80.78013002167029,51.559899639275855,47.466060672619605
2013-10-14,97.097324505101,68.48996217631655,50.53670360110804,48.5486622525505
2013-10-15,92.64197656045356,79.85760220486908,52.19692936872079,46.32098828022679
2013-10-16,25.978060300316567,31.274656664875188,36.13913764791522,12.989030150158284
2013-10-17,2.2038404226496886,35.9833432892675,36.29224803576266,1.1019202113248443
2013-10-18,3.9971219367672575,32.94154991050409,33.62339696110382,1.9985609683836287
2013-10-19,33.592164027608604,37.26276907400331,41.54148057923941,16.796082013804302
2013-10-20,96.17008698589646,52.89966923925028,50.11105480956001,48.08504349294823
2013-10-21,88.6590530613625,48.41979725700656,49.82079004539422,44.32952653068125
2013-10-22,92.4545201057888,37.60358342665174,49.06463087985534,46.2272600528944
2013-10-23,95.73175882283378,99.84167821096378,52.12736303279104,47.86587941141689
2013-10-24,86.20392362373109,34.90993750765837,47.91816345332984,43.10196181186554
2013-10-25,51.37620888930255,19.74350496806863,35.28814505825514,25.688104444651277
2013-10-26,6.074022653776476,11.54293336698182,13.87882430624926,3.037011326888238
2013-10-27,79.99188620401125,36.091750095044986,47.217221531986105,39.995943102005626
2013-10-28,71.1619801712178,28.93517160457612,43.92532061042872,35.5809900856089
2013-10-29,99.4510598766996,99.53846153846156,50.271936491850354,49.7255299383498
2013-10-30,98.67579870113418,61.47959183673469,50.152012904206536,49.33789935056709
2013-10-31,60.45178634834216,37.72124839675075,45.14397308219063,30.22589317417108
2013-11-01,68.99648541786354,19.366705725263643,40.50260214254335,34.49824270893177
2013-11-02,98.9248946430532,78.24037706205813,50.30361380661616,49.4624473215266
2013-11-03,91.86166348476912,86.57878347519204,52.97690449238879,45.93083174238456
2013-11-04,99.55493999712864,100.0,50.22253000143567,49.77746999856432
2013-11-05,33.06668021095225,28.673690068168305,35.72559277412364,16.533340105476125
2013-11-06,97.45196571090749,100.0,51.27401714454626,48.725982855453736
2013-11-07,8.800447006832094,46.24224870966544,46.57294762061988,4.400223503416047
2013-11-08,80.32154993153117,80.49398625429554,56.0007438589373,40.16077496576558
2013-11-09,95.30332846296125,81.15446862075166,51.46322306022652,47.65166423148062
2013-11-10,92.88784912544446,98.111863199145,53.42178829928296,46.44392456272223
2013-11-11,14.04925107895405,52.9369486452426,52.52432935601252,7.024625539477025
2013-11-12,16.338309468196744,40.564243662627206,42.10588673369215,8.169154734098372
2013-11-13,5.7886225669074,34.58579722127361,35.47806724183184,2.8943112834537
2013-11-14,85.19009800608313,27.25768726111016,46.63188577222034,42.59504900304157
2013-11-15,85.52257083738017,100.0,57.23871458130992,42.761285418690086
2013-11-16,12.103512202554793,59.319291554708045,58.19132996419229,6.051756101277396
2013-11-17,62.04849837662337,75.7808670855055,59.78422619047619,31.02424918831169
2013-11-18,90.61911318730516,70.84196307969384,51.95516096604972,45.30955659365259
2013-11-19,99.72637677242824,100.0,50.13681161378588,49.86318838621412
2013-11-20,89.25319684454129,78.83527192706697,53.09886991334313,44.626598422270646
2013-11-21,96.33192567567568,95.6942205848492,51.67609797297297,48.16596283783784
2013-11-22,63.06527141480567,69.85307579641157,57.332679661217526,31.532635707402832
2013-11-23,99.4426193512427,100.0,50.27869032437865,49.72130967562135
2013-11-24,88.092099704267,91.00262541687364,54.882551753274186,44.0460498521335
2013-11-25,20.72126984126984,56.31086622245003,55.0031746031746,10.36063492063492
2013-11-26,20.245912737365877,55.66649336318397,54.51926006160511,10.122956368682935
2013-11-27,5.963023161316538,55.54805372510893,55.21722199647839,2.981511580658269
2013-11-28,16.200294550810014,56.44304385592792,55.39925177322973,8.100147275405007
2013-11-29,4.485925925925926,53.30154397036144,53.15343915343915,2.242962962962963
2013-11-30,54.129177377892034,61.662826066918605,55.349834257881206,27.064588688946017
2013-12-01,4.421737032365117,49.83347800669631,49.840841171341246,2.2108685161825585
2013-12-02,3.1212434180451383,48.585709417244125,48.62985286897042,1.5606217090225691
2013-12-03,6.2895743744286055,50.80125020324836,50.75085497578979,3.1447871872143027
2013-12-04,4.00267522286469,48.84516680923866,48.89139103123068,2.001337611432345
2013-12-05,17.20293679794289,44.850131785955085,45.73606035999458,8.601468398971445
2013-12-06,23.95883582569545,38.30341342889895,41.1057794026794,11.979417912847724
2013-12-07,64.81202880421921,43.8882617154661,47.8494032928767,32.406014402109605
2013-12-08,5.7984018419448775,42.20656686375644,42.65846143427914,2.8992009209724388
2013-12-09,78.42549345855961,55.17146883808331,51.11571888276083,39.21274672927981
2013-12-10,4.458911473633416,42.369922733394766,42.710141124082526,2.229455736816708
2013-12-11,2.7547089947089947,39.859494563466846,40.13883597883598,1.377354497354497
2013-12-12,4.674273718426221,39.586552293675744,40.07330534299452,2.3371368592131105
2013-12-13,3.832640517453034,37.8809754379787,38.34545408366281,1.916320258726517
2013-12-14,6.378980514313769,39.565288150304696,40.23091638592155,3.1894902571568844
2013-12-15,13.43887571960718,38.42986522700155,39.98476125973586,6.719437859803589
2013-12-16,14.163943862262776,40.41713919431981,41.774450219235135,7.081971931131388
2013-12-17,16.580604747231913,41.53533918514384,42.93883113804896,8.290302373615956
2013-12-18,98.95111096097492,89.77455716586151,50.41719097043349,49.47555548048746
2013-12-19,99.32523160854988,98.87359198998747,50.329783550514726,49.66261580427494
2013-12-20,99.61152257813886,95.0,50.17481483983751,49.80576128906943
2013-12-21,60.2956482006414,56.26238731538904,52.48644029074048,30.147824100320697
2013-12-22,90.93266436921414,83.64229156963205,53.05045949050612,45.46633218460707
2013-12-23,72.68708316779794,85.1231740529834,59.593163317920926,36.34354158389897
2013-12-24,97.40642524153772,57.37544773689351,50.19128775082765,48.70321262076887
2013-12-25,98.16824450431125,98.2941447671738,50.88463065086859,49.08412225215562
2013-12-26,99.81758451495216,100.0,50.09120774252393,49.90879225747608
2013-12-27,34.452109874296355,72.2618970749661,64.59220383459602,17.226054937148177
2013-12-28,54.25518424901302,81.53829095209935,64.42713308704803,27.12759212450651
2013-12-29,94.72661858351772,89.15759128763612,52.06492914210429,47.36330929175887
2013-12-30,14.588659566903136,70.91968719336327,67.86778524626247,7.294329783451568
2013-12-31,9.00994708994709,74.13148248078748,71.95724867724867,4.504973544973545
2014-01-01,12.325856961489633,71.99262455713554,69.28184511214558,6.162928480744816
2014-01-02,93.68654875926958,100.0,53.15672562036521,46.84327437963479
2014-01-03,93.3519199087568,98.61481763883594,53.23195201284163,46.675959954378406
2014-01-04,100.0,-1.0,50.0,50.0
2014-01-05,92.4568801602258,100.0,53.7715599198871,46.2284400801129
2014-01-06,10.90695194407299,87.20111715922368,83.14360918800887,5.453475972036495
2014-01-07,46.60378954491626,81.41623762376238,66.77508035865336,23.30189477245813
2014-01-08,58.43279358724206,97.55339253418953,69.76661683095557,29.21639679362103
2014-01-09,77.69665627297387,73.89179358945215,55.32866884680711,38.84832813648693
2014-01-10,91.94384850583644,68.48395890123714,51.4890957312026,45.97192425291822
2014-01-11,69.7536912524918,91.34830205540662,62.50633510153057,34.8768456262459
2014-01-12,2.4484405161028144,66.80031937790739,66.38897355142403,1.2242202580514072
2014-01-13,2.362991372668546,66.41317354884583,66.0253316739055,1.181495686334273
2014-01-14,100.0,-1.0,50.0,50.0
2014-01-15,26.68342686880486,88.62193178931813,78.31627686499573,13.34171343440243
2014-01-16,99.98648774184832,100.0,50.006756129075846,49.99324387092416
2014-01-17,97.58468385538504,100.0,51.207658072307474,48.792341927692526
2014-01-18,74.78058134328988,99.18271646290404,62.40359517152245,37.39029067164494
2014-01-19,96.51805997753588,100.0,51.74097001123207,48.259029988767935
2014-01-20,91.88906154989527,97.35526863806749,53.84095669211539,45.94453077494764
2014-01-21,63.79855312531693,64.50332671880471,55.25041411716981,31.899276562658464
2014-01-22,4.588864806285559,71.3236077095091,70.34509617989706,2.29443240314278
2014-01-23,70.0318845727721,87.72929954281199,61.30676003687447,35.01594228638605
2014-01-24,100.0,-1.0,50.0,50.0
2014-01-25,3.9336212005757343,69.88154624455764,69.0982981965964,1.9668106002878671
2014-01-26,78.94843583633322,54.058285163776496,50.85433250519698,39.47421791816661
2014-01-27,56.15430116613148,66.36729816717096,57.17635626161906,28.07715058306574
2014-01-28,69.11646620290934,76.23843669604248,58.10335646485052,34.55823310145467
2014-01-29,21.094206395570342,79.8289662868302,73.53678257262114,10.547103197785171
2014-01-30,100.0,-1.0,50.0,50.0
2014-01-31,99.9425729028553,100.0,50.02871354857235,49.97128645142765
2014-02-01,87.31830505325215,99.56043956043956,56.2851037593223,43.65915252662607
2014-02-02,98.5778348295344,100.0,50.7110825852328,49.288917414767205
2014-02-03,86.56367199378316,86.33306091657761,54.88182923944994,43.28183599689158
2014-02-04,89.68866665540483,100.0,55.15566667229759,44.844333327702415
2014-02-05,96.85755546359714,97.0438054286482,51.47832549340855,48.42877773179857
2014-02-06,26.09409653444394,75.8676379630266,69.11642710819916,13.04704826722197
2014-02-07,94.5012625729463,91.66026724005528,52.29078870693951,47.25063128647315
2014-02-08,82.26236929677866,95.19070520451407,58.01576040135813,41.13118464838933
2014-02-09,99.71370903041102,100.0,50.14314548479448,49.85685451520551
2014-02-10,99.82349612789352,100.0,50.08825193605324,49.91174806394676
2014-02-11,75.64054863095943,78.95303224910613,57.05279981058364,37.82027431547972
2014-02-12,24.21392963241953,83.7298130402734,75.5596651742262,12.106964816209766
2014-02-13,96.907077141433,99.97268505872712,51.54561659922107,48.453538570716496
2014-02-14,10.0602787043465,83.20232704816952,79.85785401039638,5.030139352173251
2014-02-15,61.40938462058932,74.14526168142369,59.31780506783044,30.70469231029466
2014-02-16,100.0,-1.0,50.0,50.0
2014-02-17,97.85239547001544,96.34290208415256,50.99526226448556,48.926197735007726
2014-02-18,71.44040995112381,98.7564398649849,63.92463934786653,35.720204975561906
2014-02-19,97.61759986487628,100.0,51.19120006756186,48.80879993243814
2014-02-20,86.36820883031692,95.47935011782216,56.19965003339053,43.18410441515846
2014-02-21,25.39350931650752,77.15008049339048,70.25441720022667,12.69675465825376
2014-02-22,89.31701586389337,91.14715189873418,54.39574370980147,44.65850793194669
2014-02-23,3.5440637355752544,80.75778458621204,79.65676936493018,1.7720318677876272
2014-02-24,1.1362289391245448,76.1295406463328,75.82169164338328,0.5681144695622724
2014-02-25,5.656543421019211,78.89886027102216,77.26418369161213,2.8282717105096054
2014-02-26,80.59172698369748,87.86650982442382,57.34923560846919,40.29586349184874
2014-02-27,85.62180435241919,61.48239581496503,51.6509613353053,42.8109021762096
2014-02-28,88.38262250492048,81.1313895150149,53.61665103942289,44.19131125246024
2014-03-01,95.67117128537986,78.27020695041,51.22376883615188,47.83558564268993
2014-03-02,89.59298198167744,55.0349196037031,50.52398499036544,44.79649099083872
2014-03-03,92.9782920854802,86.58727294598822,52.56905144015542,46.489146042740096
2014-03-04,87.06812785696783,67.5530872263966,52.26994279727252,43.53406392848392
2014-03-05,74.17909817013904,65.10524076074503,53.89975911760977,37.08954908506952
2014-03-06,18.63555943079176,72.79717005670291,68.54878988224738,9.31777971539588
2014-03-07,2.0853441706883413,71.46304127857198,71.00457200914401,1.0426720853441709
2014-03-08,0.7467551709832276,68.84303372032518,68.70232239164852,0.3733775854916138
2014-03-09,2.113284226568453,68.45510452976742,68.06451612903226,1.0566421132842263
2014-03-10,2.350351367369401,69.41838486482737,68.96198459063585,1.1751756836847007
2014-03-11,53.36478306448885,66.64370399912983,57.76182746609855,26.682391532244427
2014-03-12,2.216521466731012,67.0003030434218,66.62348767705502,1.108260733365506
2014-03-13,4.562425391772564,66.95940671350508,66.18564643531414,2.281212695886282
2014-03-14,2.825045292155568,65.3909482946378,64.95614703442205,1.412522646077784
2014-03-15,100.0,-1.0,50.0,50.0
2014-03-16,36.963581927975774,55.33268036119199,53.36059473265786,18.481790963987887
2014-03-17,2.876540701611811,59.25738690839361,58.99109440606799,1.4382703508059056
2014-03-18,16.594315114281606,61.01275326440957,59.18526228495511,8.297157557140803
2014-03-19,3.060550645128518,58.462371507672415,58.20337634190118,1.530275322564259
2014-03-20,3.217396456716241,58.090048802672776,57.829759859148965,1.6086982283581206
2014-03-21,56.62939972599496,43.0543639341705,46.98763594540196,28.31469986299748
2014-03-22,100.0,-1.0,50.0,50.0
2014-03-23,99.84798709579348,100.0,50.07600645210327,49.923993547896735
2014-03-24,66.95585996955859,69.46349953926487,56.42567224759005,33.477929984779294
2014-03-25,64.01552629576072,62.92927156053874,54.64774082248776,32.00776314788036
2014-03-26,94.70365486695744,42.22789658474306,49.588362579031006,47.35182743347872
2014-03-27,70.26350293955927,46.70440645179643,49.02000592141437,35.13175146977964
2014-03-28,18.673021086402613,61.44974945045787,59.2675205065477,9.336510543201308
2014-03-29,5.869456647790278,62.6400604305678,61.89762733098013,2.934728323895139
2014-03-30,3.291066379996276,62.13304157549234,61.73373512333035,1.6455331899981378
2014-03-31,13.209783519730436,69.43441871354156,66.86717407316475,6.604891759865218
2014-04-01,37.749520194120585,58.95719019938067,55.57589387623968,18.87476009706029
2014-04-02,37.44541115135922,48.61592163654075,49.13419547039507,18.72270557567961
2014-04-03,100.0,-1.0,50.0,50.0
2014-04-04,18.63635209801748,55.1862559537428,54.2197270334989,9.31817604900874
2014-04-05,100.0,-1.0,50.0,50.0
2014-04-06,58.13015008206291,49.530217615324,49.80330282059525,29.065075041031456
2014-04-07,7.692568196826794,51.32351322596031,51.22170106845928,3.846284098413397
2014-04-08,96.85486254803428,54.80665950590763,50.15117604830876,48.427431274017145
2014-04-09,21.062790481108674,44.03547719399848,45.29177213582452,10.531395240554335
2014-04-10,44.247435593622,37.1415559772296,42.83108771454688,22.123717796811
2014-04-11,56.98832882273342,32.194191556717854,42.34142422192152,28.49416441136671
2014-04-12,96.9630430376326,24.24916573971079,49.217958246064455,48.48152151881629
2014-04-13,83.2823537364383,31.42279504675259,46.89432859025924,41.64117686821915
2014-04-14,7.283517897659927,46.89032352323469,47.11681736597921,3.641758948829964
2014-04-15,48.3902075896256,28.227657202806373,38.76190637318761,24.1951037948128
2014-04-16,24.74325434118175,40.13276327632763,42.57152049308713,12.371627170590877
2014-04-17,4.4202683825085725,44.372240421592366,44.41137874105745,2.2101341912542862
2014-04-18,98.8556806377786,66.56826568265683,50.189593872190926,49.427840318889295
2014-04-19,98.3506599893591,95.39170506912444,50.74866355321719,49.17532999467955
2014-04-20,73.46352185307296,34.79507935496208,45.96161974807676,36.73176092653648
2014-04-21,99.95101806420011,100.0,50.024490967899936,49.97550903210006
2014-04-22,53.739136321708735,31.747542604016036,41.546852389374536,26.869568160854367
2014-04-23,79.65906882009415,24.534651819843774,44.82011105195102,39.829534410047074
2014-04-24,30.48300385217797,41.69823040105226,44.22850611691995,15.241501926088985
2014-04-25,69.30441033447504,29.344831386378665,43.659774197640495,34.65220516723752
2014-04-26,63.721583458125,23.28358208955224,40.30770662537967,31.8607917290625
2014-04-27,99.99831096773104,100.0,50.00084451613448,49.99915548386552
2014-04-28,99.59885483612165,75.36842105263158,50.10176419420493,49.79942741806082
2014-04-29,68.76506966946134,30.455161202926035,43.89260666153417,34.38253483473067
2014-04-30,99.76691354688332,76.08695652173914,50.06080516168261,49.88345677344166
2014-05-01,70.65342349957734,30.78430242609347,44.35798816568048,35.32671174978867
2014-05-02,99.61912322334918,31.70731707317073,49.93032741890534,49.80956161167459
2014-05-03,83.5907531642361,19.988672056021837,45.07536711898204,41.79537658211805
2014-05-04,5.72263144526289,38.97255719497511,39.582169164338325,2.861315722631445
2014-05-05,2.350351367369401,37.99536832244802,38.264329861993055,1.1751756836847007
2014-05-06,45.12653999983088,28.48447492102628,38.193686951963,22.56326999991544
2014-05-07,99.77873677276604,100.0,50.110631613616974,49.88936838638302
2014-05-08,27.495915274755973,33.385523164105855,37.93715025862872,13.747957637377986
2014-05-09,46.284975013317776,22.46674537583629,35.21050539898362,23.142487506658888
2014-05-10,82.39932389604901,27.369634111207148,46.01690259877456,41.199661948024506
2014-05-11,99.37167999594632,61.424731182795696,50.07178387143087,49.68583999797316
2014-05-12,71.89568451751977,28.319196294291043,43.90675852741029,35.947842258759884
2014-05-13,77.86606705100678,32.00809654750993,46.01768415357825,38.93303352550339
2014-05-14,66.2781262150694,13.15202406316581,37.574172062279175,33.1390631075347
2014-05-15,43.73630278978855,19.33887777660806,32.74891903097791,21.868151394894277
2014-05-16,93.542418276908,15.425879890095512,47.76734793886293,46.771209138454
2014-05-17,67.4215644820296,18.46121898037587,39.72515856236786,33.7107822410148
2014-05-18,66.97495117889237,16.009215410213745,38.77452679454556,33.487475589446184
2014-05-19,83.60755585257121,17.98431210651254,44.75184624364494,41.803777926285605
2014-05-20,83.33615121901735,21.00750811688312,45.16873499475873,41.66807560950868
2014-05-21,43.74560876300441,30.56805357008502,39.06867683035223,21.87280438150221
2014-05-22,15.2225260537923,25.98661873377272,29.642061953420644,7.611263026896149
2014-05-23,98.53730258654927,75.90987868284229,50.37898312532215,49.26865129327464
2014-05-24,25.07196071791399,22.672165414383368,29.523789366745685,12.535980358956994
2014-05-25,48.09326337169939,23.47838846950255,36.23349695328368,24.046631685849697
2014-05-26,99.84798581200911,100.0,50.07600709399544,49.92399290600456
2014-05-27,99.76944709528676,38.46153846153847,49.97339774176386,49.884723547643375
2014-05-28,72.83761609121512,15.59181639834335,40.653917074078464,36.41880804560756
2014-05-29,82.84037677777214,12.31398442889524,43.533221720528296,41.42018838888607
2014-05-30,76.48465086418085,19.48126594101376,42.82341313419723,38.242325432090425
2014-05-31,18.725767400910893,22.306962981485533,27.48759798858846,9.362883700455448
2014-06-01,83.40219861931439,25.973629282696127,46.01215070935469,41.7010993096572
2014-06-02,77.66250443539529,17.821482602118003,42.81212510349256,38.831252217697646
2014-06-03,68.44161775402155,23.251326579835982,41.5585513963362,34.220808877010775
2014-06-04,97.32940192458793,16.007592534008225,49.092199420426994,48.66470096229396
2014-06-05,93.94418203787104,10.339053997488488,47.59820530802964,46.97209101893552
2014-06-06,4.816451623827424,21.027866971457037,22.42329574316773,2.408225811913712
2014-06-07,5.533636994767767,21.876176307157323,23.43244661936773,2.766818497383884
2014-06-08,0.1676403352806705,19.62819729968112,19.67911269155872,0.0838201676403352
2014-06-09,7.515493243929697,20.360860132370306,22.58838768668089,3.757746621964849
2014-06-10,1.9566505799678269,19.701379113809278,20.294217255101177,0.9783252899839132
2014-06-11,21.395443312231286,20.9246737585598,27.145468702393444,10.697721656115643
2014-06-12,31.23276080886708,19.719228308479742,29.1767493019714,15.61638040443354
2014-06-13,46.48435187769012,16.387510665866067,32.01205848279594,23.242175938845055
2014-06-14,47.93609197345619,14.973453051681307,31.76381081195317,23.968045986728097
2014-06-15,95.1388243641616,32.91051259774109,49.16925000211172,47.5694121820808
2014-06-16,59.38050101557211,18.039003250270856,37.017603249830735,29.69025050778605
2014-06-17,75.37632771801637,19.98832297283374,42.61002300250321,37.688163859008185
2014-06-18,85.6914529264023,18.020094562647756,45.42414017640443,42.84572646320115
2014-06-19,70.8543859945587,19.60284099144804,41.140561366747214,35.42719299727935
2014-06-20,93.11040913544376,19.67635159985289,47.91082469002331,46.55520456772188
2014-06-21,14.641950228542408,12.470994228595227,17.965972574911124,7.320975114271204
2014-06-22,2.9260858521717044,13.561672510335445,14.627889255778513,1.4630429260858522
2014-06-23,33.555991476984474,8.821358580845486,22.639259985794972,16.777995738492237
2014-06-24,76.6791897243235,19.411487246471463,42.8665109745985,38.33959486216175
2014-06-25,44.47452121540231,16.50517976843388,31.40184069838262,22.23726060770116
2014-06-26,14.839834755519435,13.577804727728186,18.982798320465932,7.4199173777597185
2014-06-27,60.72279788366943,15.07574453434326,36.28272959313038,30.361398941834715
2014-06-28,88.85292452272094,19.41622441243366,46.59080345145233,44.42646226136047
2014-06-29,100.0,-1.0,50.0,50.0
2014-06-30,41.51669754888274,9.889760134255376,26.54220710544796,20.75834877444137
2014-07-01,79.58474583435485,19.760652615015115,43.82656037332296,39.792372917177424
2014-07-02,100.0,-1.0,50.0,50.0
2014-07-03,0.5240877148420964,7.941033781310909,8.161459656252646,0.2620438574210482
2014-07-04,60.71126879540463,6.673833584175447,32.97769893563102,30.355634397702318
2014-07-05,77.11878728474136,15.292292920713468,42.05845571459956,38.55939364237068
2014-07-06,69.40526453840101,14.884261179789265,39.2564326025705,34.70263226920051
2014-07-07,65.24566596194504,11.015402584130229,36.45116279069767,32.62283298097252
2014-07-08,99.97550903210006,100.0,50.01224548394997,49.98775451605003
2014-07-09,99.26946886586096,94.91329479768788,50.32810560186476,49.634734432930486
2014-07-10,67.18513571772742,11.39648110461372,37.33230766629754,33.59256785886371
2014-07-11,56.46897648183072,13.220009713453132,33.98929377838291,28.23448824091536
2014-07-12,79.40898025426021,12.647783251231528,42.30879767378956,39.70449012713011
2014-07-13,81.66180634799882,13.58838442037336,43.32276742318583,40.83090317399941
2014-07-14,80.05309929060024,17.57025984485609,43.5312719309371,40.02654964530012
2014-07-15,39.05451159641104,13.780364161608864,27.92576604029118,19.52725579820552
2014-07-16,12.84623459298388,11.732538148475518,16.648466070702966,6.423117296491941
2014-07-17,22.43144161001092,15.023412685418643,22.869165446063448,11.21572080500546
2014-07-18,1.5510964355262045,8.207055504910645,8.85530437727542,0.7755482177631022
2014-07-19,5.730127825277237,6.592972405061018,9.080250571404385,2.8650639126386186
2014-07-20,74.93538305600134,11.997034440924716,40.474702255258045,37.46769152800067
2014-07-21,100.0,-1.0,50.0,50.0
2014-07-22,91.12599449333626,14.352336537546398,46.83662438134491,45.56299724666813
2014-07-23,76.88400162282778,15.090131266225455,41.930235310027726,38.44200081141389
2014-07-24,99.16815160753646,27.715736040609134,49.81462870848147,49.58407580376823
2014-07-25,40.28534678265579,10.3576793356574,26.32772568798023,20.142673391327897
2014-07-26,100.0,-1.0,50.0,50.0
2014-07-27,72.94361315411277,20.50929542259022,42.02088088595824,36.471806577056384
2014-07-28,79.69624232999205,24.89697373350539,44.903142379012486,39.84812116499602
2014-07-29,99.8859903218451,57.77777777777777,50.00886741941205,49.94299516092255
2014-07-30,80.35109071392952,12.229008947006196,42.57841223154745,40.17554535696476
2014-07-31,85.51027310391477,17.24339149209313,45.25365688678448,42.755136551957385
2014-08-01,38.04386424742547,8.024236469335953,23.993438963762117,19.02193212371273
2014-08-02,83.94109396914446,21.623612353343503,45.44306257287214,41.97054698457223
2014-08-03,77.49638877860467,15.6493993993994,42.26987438862656,38.748194389302334
2014-08-04,41.66158794650415,13.930442100375792,28.957592686642965,20.830793973252074
2014-08-05,70.89818637071123,11.478650117722292,38.7895885497733,35.449093185355615
2014-08-06,2.6212852425704853,5.871459126715008,7.028194056388112,1.310642621285243
2014-08-07,44.31571018712074,10.818286825946863,28.18194128250916,22.15785509356037
2014-08-08,58.17379618125111,9.392745276346368,33.01552687408609,29.08689809062556
2014-08-09,71.28829171420121,15.101836590534496,39.98014112477289,35.644145857100604
2014-08-10,25.33538727178853,9.006506903666086,19.39236713585618,12.667693635894269
2014-08-11,97.9155933548981,37.31766612641815,49.73564858998505,48.95779667744905
2014-08-12,78.88802422560944,16.775616603168235,42.98227064336587,39.44401211280472
2014-08-13,100.0,-1.0,50.0,50.0
2014-08-14,94.36183971395002,17.466266866566716,48.16569597890128,47.18091985697501
2014-08-15,91.83426954428349,23.099203475742215,47.80335346538836,45.91713477214174
2014-08-16,54.662752132124005,11.701035737613138,32.63630364153242,27.331376066062003
2014-08-17,3.4535602404538146,5.617770606238654,7.150537634408602,1.7267801202269073
2014-08-18,66.48057923940993,23.490965983647925,41.114325348491,33.24028961970497
2014-08-19,99.02683798372996,25.0,49.75670949593249,49.513418991864974
2014-08-20,99.71286451427656,20.588235294117645,49.915548386551926,49.85643225713827
2014-08-21,51.16898941436296,12.24960144174118,31.56609888389646,25.58449470718148
2014-08-22,92.22473885264188,16.73913043478261,47.4138805314222,46.11236942632095
2014-08-23,99.88936838638304,100.0,50.05531580680849,49.94468419319151
2014-08-24,25.47638598481321,8.83522275484472,19.32252029560904,12.738192992406605
2014-08-25,80.40748377501352,15.535906836316585,43.24761695511087,40.20374188750676
2014-08-26,94.76315545008488,99.74197710046766,52.604910016805874,47.38157772504244
2014-08-27,38.65969790768086,11.556597270095132,26.41870063090949,19.32984895384043
2014-08-28,4.719329438658877,7.08395535650814,9.109304885276435,2.3596647193294387
2014-08-29,37.13986114517179,6.758683778620819,22.81844858058569,18.569930572585896
2014-08-30,99.16639217574176,26.95035460992908,49.80785635256459,49.58319608787088
2014-08-31,100.0,-1.0,50.0,50.0
2014-09-01,68.3815385655949,10.206428151238034,37.41788483162692,34.19076928279745
2014-09-02,38.00199614304564,8.301613937434345,24.147833000642827,19.00099807152282
2014-09-03,70.31102096010818,16.27191983602824,39.98647734956051,35.15551048005409
2014-09-04,99.33114322149125,23.61111111111111,49.82349612789353,49.66557161074562
2014-09-05,99.15123978109588,60.59701492537314,50.0899432470779,49.575619890547934
2014-09-06,31.510348385787147,8.187611144042679,21.36284054097487,15.755174192893572
2014-09-07,29.946180144196592,13.809431774255897,24.6471245303456,14.973090072098296
2014-09-08,9.352651935104394,7.997535198117787,11.925879535202563,4.676325967552197
2014-09-09,59.49623232579798,13.68275746674475,35.28702057404115,29.74811616289899
2014-09-10,52.43120740101814,14.995022399203584,33.3485548057571,26.21560370050907
2014-09-11,39.39581181967464,8.969399013952708,25.133737366897464,19.69790590983732
2014-09-12,66.1526365181221,7.850630698139128,35.73354976708009,33.07631825906105
2014-09-13,34.88159520625624,7.293995321029373,22.19053100191276,17.44079760312812
2014-09-14,16.296296296296298,5.367383059418458,12.64084656084656,8.148148148148149
2014-09-15,21.04768596510535,9.514925373134329,18.036096743335563,10.523842982552676
2014-09-16,70.29131302201333,19.30398656916029,40.88061745511108,35.14565651100666
2014-09-17,91.24484344356529,31.949406198706185,48.41964225333063,45.62242172178264
2014-09-18,98.23143385613298,27.31614135625597,49.59882095590409,49.11571692806649
2014-09-19,97.6216417091072,38.92045454545455,49.73648871208858,48.8108208545536
2014-09-20,99.76184645007643,59.21985815602837,50.0219574194965,49.88092322503822
2014-09-21,54.86215093605394,11.87285641996364,32.79022747844918,27.43107546802697
2014-09-22,7.55515670769908,5.053391211971354,8.449177940703365,3.77757835384954
2014-09-23,0.563034459402252,4.2564604708587,4.514012361358056,0.281517229701126
2014-09-24,62.98180097669781,11.546537636371935,35.76522077088156,31.490900488348903
2014-09-25,32.86842305706717,9.693401578376742,22.941544867509037,16.434211528533584
2014-09-26,38.89617255233664,6.175249169435216,23.22139987312328,19.44808627616832
2014-09-27,0.3894674456015579,4.422439439014025,4.5999491998984,0.1947337228007789
2014-09-28,0.1236135805604944,3.412905632226781,3.470493607653882,0.0618067902802472
2014-09-29,0.0465667598001862,3.949006818855618,3.9704512742358817,0.0232833799000931
2014-09-30,39.05503555454092,3.8776897570721016,21.89077442102326,19.527517777270457
2014-10-01,98.52292880668864,98.6277873070326,50.7182670382569,49.26146440334431
2014-10-02,43.1507139169368,13.868211052882328,29.459335934524468,21.5753569584684
2014-10-03,6.388959444585556,8.873593574762129,11.501143002286003,3.194479722292778
2014-10-04,22.698103623433795,13.143282699405315,21.509058584490347,11.349051811716896
2014-10-05,94.04351645381443,14.534883720930234,47.88752618420163,47.02175822690722
2014-10-06,62.252126444077696,13.705970718145332,36.299775718336086,31.126063222038848
2014-10-07,89.83597968547986,12.412703691386763,46.17961956751367,44.91798984273993
2014-10-08,99.80998386974184,49.333333333333336,49.99873322579828,49.90499193487092
2014-10-09,71.86593728069805,20.997746055597293,41.84048768527052,35.932968640349024
2014-10-10,59.73451327433629,17.819847456558737,37.04250494932232,29.867256637168143
2014-10-11,92.72249717075148,45.05048160612743,49.63979865885175,46.36124858537574
2014-10-12,90.29335451863996,28.994340444057464,47.96105509588323,45.14667725931999
2014-10-13,98.61752708785502,100.0,50.691236456072495,49.30876354392751
2014-10-14,79.19939794184052,34.55831537867393,46.78803663084195,39.59969897092026
2014-10-15,75.50670105272059,14.734007663893395,41.36219507039276,37.75335052636029
2014-10-16,99.95101806420011,100.0,50.024490967899936,49.97550903210006
2014-10-17,32.289992386430924,12.485007496251871,24.59859571948228,16.144996193215462
2014-10-18,0.1549403098806197,3.759105209154816,3.830750994835323,0.0774701549403098
2014-10-19,0.0601134535602404,3.4793585171002803,3.507323681314029,0.0300567267801202
2014-10-20,36.480882825855154,8.025793386447813,23.33835451822013,18.240441412927577
2014-10-21,28.027611410009136,10.515984955336153,21.582411261124083,14.013805705004568
2014-10-22,66.26088426747823,12.959158105737911,37.5027474849945,33.13044213373912
2014-10-23,83.70245810905588,56.69103541245399,51.0904742992826,41.85122905452794
2014-10-24,1.331809330285327,54.006023837922726,53.95267123867581,0.6659046651426636
2014-10-25,73.67487435063563,57.89507460291994,52.078388309329725,36.83743717531782
2014-10-27,3.7355008043349422,31.603018522753256,32.290237913809165,1.8677504021674711
2014-10-28,4.662523706312652,28.244749345055727,29.25909306421024,2.331261853156326
2014-10-29,6.103632207264415,24.961001253370124,26.48928964524596,3.051816103632208
2014-10-30,22.613911307378647,21.465974309920743,27.918633571899903,11.306955653689323
2014-10-31,6.73857642387246,21.27968625172489,23.21502654282836,3.36928821193623
2014-11-01,23.317728923465022,18.045129382672435,25.49627949106485,11.658864461732511
2014-11-02,5.446294775519188,18.52458722825114,20.238830989611994,2.723147387759594
2014-11-03,48.96517295065322,16.395589820111084,32.85004738374061,24.48258647532661
2014-11-04,98.78811934702011,55.9581881533101,50.072206129498106,49.39405967351006
2014-11-05,100.0,-1.0,50.0,50.0
2014-11-06,99.98817677411726,100.0,50.00591161294137,49.99408838705863
2014-11-07,99.93074967697255,100.0,50.03462516151372,49.96537483848629
2014-11-08,92.28027500464536,65.78774617067835,51.218770587341,46.14013750232267
2014-11-09,93.24533177937116,68.8797199299825,51.27526244225425,46.62266588968558
2014-11-10,100.0,-1.0,50.0,50.0
2014-11-11,97.77241554483108,74.57240592930444,50.54737109474219,48.886207772415545
2014-11-12,98.46298063524505,68.79120879120879,50.28882451799242,49.23149031762252
2014-11-13,60.78202558833726,45.829919358316445,48.36457884099884,30.39101279416863
2014-11-14,96.71755789687133,78.45559845559845,50.93403854440379,48.35877894843566
2014-11-15,99.83531935377626,100.0,50.08234032311187,49.91765967688813
2014-11-16,60.93970626780868,54.80225988700565,51.8757768176476,30.46985313390434
2014-11-17,100.0,-1.0,50.0,50.0
2014-11-18,90.80387916469554,82.69336762814625,53.00652159221464,45.40193958234777
2014-11-19,47.46019263130301,43.56370308375716,46.61838199852863,23.730096315651505
2014-11-20,19.230249032105363,49.19151430156255,49.34698811476103,9.61512451605268
2014-11-21,50.7276911881674,40.311861379677495,45.22643042087628,25.3638455940837
2014-11-22,48.29091647488832,52.22036782511944,51.14813185325572,24.14545823744416
2014-11-23,2.292486772486773,39.03151182234853,39.28296296296296,1.1462433862433865
2014-11-24,90.15205943757448,78.61127800188825,52.81762165177628,45.07602971878724
2014-11-25,23.55051919805692,35.38827696905961,38.82941360662813,11.77525959902846
2014-11-26,98.18513482700088,88.3666821777571,50.69630355287937,49.09256741350044
2014-11-27,95.54234267712812,87.85524820007579,51.687457243482,47.77117133856406
2014-11-28,99.71370903041102,100.0,50.14314548479448,49.85685451520551
2014-11-29,63.682021103896105,49.655445360152726,49.87486471861472,31.84101055194805
2014-11-30,99.59463225544924,98.54166666666669,50.19677225933401,49.79731612772462
2014-12-01,98.51956321625524,99.94295493439816,50.73937387573789,49.259781608127625
2014-12-02,95.06870370839562,75.62938859393732,51.263861089293705,47.53435185419781
2014-12-03,65.20732068134748,54.890908207395896,51.70167800836892,32.60366034067374
2014-12-04,95.8759839194622,80.91337292647962,51.27487247052465,47.93799195973109
2014-12-05,78.99603587155886,81.67404426559357,56.65280489557184,39.49801793577943
2014-12-06,77.28448494480043,51.696933611193806,50.38546720992747,38.64224247240021
2014-12-07,89.61765725250852,74.05145741735873,52.497104744837145,44.80882862625426
2014-12-08,52.16927814816068,32.2513885449464,41.51071102236962,26.08463907408034
2014-12-09,10.64519679306462,36.54839168127339,37.98034185863408,5.32259839653231
2014-12-10,49.4651298487142,34.80981944142305,42.32366197897728,24.7325649243571
2014-12-11,16.64636518973422,33.339084017495615,36.11252093589808,8.32318259486711
2014-12-12,5.1087352176820655,38.87293034541821,39.44138287155784,2.5543676088410328
2014-12-13,99.77535870822813,100.0,50.11232064588594,49.88767935411406
2014-12-14,98.07281418111494,89.21998247151622,50.75584194036027,49.03640709055747
2014-12-15,90.9443332404287,99.19791083753032,54.45519885811775,45.47216662021435
2014-12-16,95.898081210729,100.0,52.0509593946355,47.9490406053645
2014-12-17,99.83869741831418,100.0,50.08065129084292,49.91934870915709
2014-12-18,47.405084158290286,46.56829652489793,48.19509844533304,23.702542079145143
2014-12-19,21.05160711565478,48.24895215839292,48.6175758704152,10.52580355782739
2014-12-20,4.47102848047682,39.80945628572695,40.26507839750754,2.23551424023841
2014-12-21,7.835618757406467,42.811090803890416,43.37438632131369,3.917809378703233
2014-12-22,33.1954664636725,42.45723763341479,44.96109278524909,16.59773323183625
2014-12-23,2.6043518753704173,37.335918076394805,37.66573533147066,1.302175937685209
2014-12-24,99.92737161243464,0.0,49.96368580621733,49.96368580621733
2014-12-25,19.34337451345405,32.997272345782626,36.28617363344052,9.671687256727028
2014-12-26,75.86821843014951,34.86270664051555,46.34710143090173,37.93410921507476
2014-12-27,100.0,-1.0,50.0,50.0
2014-12-28,92.91903852975456,52.03959923664122,50.14442323609399,46.45951926487728
2014-12-29,27.93411350876006,49.8721077580138,49.90783332205912,13.96705675438003
2014-12-30,95.57726900372433,65.07542486156196,50.66674548817255,47.78863450186216
2014-12-31,46.74244219506416,43.76340839385319,46.67854362029859,23.37122109753208
2015-01-01,4.4263821860977055,42.96876384188799,43.27999322665312,2.2131910930488528
2015-01-02,34.24291381541663,50.43864162593261,50.28843795200596,17.121456907708314
2015-01-03,9.44220174169142,38.99386938806026,40.03309044439367,4.72110087084571
2015-01-04,77.13497923591552,29.314936746319447,45.27035599198194,38.56748961795776
2015-01-05,13.296422343001304,41.09123574441493,42.275782665379865,6.648211171500653
2015-01-06,7.632851059506778,41.708445992392654,42.34132796031188,3.816425529753389
2015-01-07,3.9059656132806215,40.44118294820858,40.81454705528795,1.9529828066403108
2015-01-08,68.988460075242,49.62924595169293,49.8850234602866,34.494230037621
2015-01-09,98.72140257239614,96.4332892998679,50.593694842539975,49.36070128619807
2015-01-10,75.15350636407402,50.244748113399964,50.06081132441997,37.57675318203701
2015-01-11,70.49811020825759,30.646871686108167,44.290461413581134,35.24905510412879
2015-01-12,11.167229258140656,42.95401083778559,43.740852601033815,5.583614629070328
2015-01-13,5.096512021672875,42.50936663693131,42.891127666779546,2.5482560108364374
2015-01-14,29.822274881516584,45.12674561636236,46.58006093432634,14.911137440758292
2015-01-15,50.91465994280202,52.382265738123145,51.16934323862387,25.45732997140101
2015-01-16,99.42910709309102,93.04733727810653,50.2457541951339,49.71455354654551
2015-01-17,100.0,-1.0,50.0,50.0
2015-01-18,71.72642953167671,74.22547846889952,56.8494077261928,35.86321476583836
2015-01-19,58.05280835187519,82.79012544875157,63.75453676364836,29.0264041759376
2015-01-20,20.489402762730226,68.96111223479566,65.07609358071505,10.244701381365113
2015-01-21,85.8812987649729,92.73140941204646,56.03312002840308,42.94064938248645
2015-01-22,82.188041411367,45.0322641867527,49.1151489541517,41.0940207056835
2015-01-23,44.48420856705331,60.69828400743699,55.93923703647301,22.24210428352665
2015-01-24,8.272166205267569,58.00107062428472,57.33920876404304,4.136083102633784
2015-01-25,54.96701623815967,56.22100775630552,52.8015054127199,27.48350811907984
2015-01-26,2.975812528043752,58.26759973473875,58.02157146606388,1.487906264021876
2015-01-27,69.84820937803899,47.1477451200359,49.13999408058856,34.924104689019494
2015-01-28,8.220128820387815,58.83985797943468,58.11221423795377,4.110064410193908
2015-01-29,99.4239475640246,79.03225806451613,50.167241029799314,49.7119737820123
2015-01-30,99.934972257645,100.0,50.03251387117751,49.96748612882249
2015-01-31,5.889622481801253,71.84256444388481,70.55611985779584,2.944811240900626
2015-02-01,38.33446117408222,65.6890851977339,59.67475892403993,19.16723058704111
2015-02-02,41.64580302466421,54.38245568262528,52.557346821395946,20.822901512332106
2015-02-03,77.58412395346676,92.20970112689858,59.46167428421772,38.79206197673338
2015-02-04,54.55675017750279,82.30753492178636,64.6815938059979,27.2783750887514
2015-02-05,100.0,-1.0,50.0,50.0
2015-02-06,83.4479495801159,99.63250306247448,58.2151969315513,41.72397479005795
2015-02-07,1.5383964101261536,68.83733328747216,68.5475404284142,0.7691982050630768
2015-02-08,47.36441258853695,54.91639871382637,52.58777534251213,23.682206294268475
2015-02-09,77.20170034395626,56.45179226748712,51.47089893432717,38.60085017197813
2015-02-10,14.821430083041994,61.08979965018286,59.44613274868157,7.410715041520997
2015-02-11,2.0276162175433248,58.3837406242439,58.21375053970995,1.0138081087716624
2015-02-12,6.63653139654968,59.78747710664225,59.137928115529824,3.31826569827484
2015-02-13,4.5531882475431065,57.63493499352595,57.287302030693176,2.276594123771553
2015-02-14,97.630287726647,87.9543834640057,50.899409683222,48.81514386332351
2015-02-15,93.91348428523148,60.16102165463632,50.61845217979048,46.95674214261575
2015-02-16,16.49046478360603,53.19737682319911,52.67011452417027,8.245232391803015
2015-02-17,3.366678515208449,54.34752145734805,54.20115438649943,1.6833392576042248
2015-02-18,1.8658674929310373,52.853741437913,52.80049440409068,0.9329337464655189
2015-02-19,4.622364422775789,53.87817042651,53.6989072564604,2.3111822113878944
2015-02-20,3.4225585805228227,52.31450234474296,52.23528714614656,1.7112792902614111
2015-02-21,98.91479676719224,76.42023346303502,50.28671322765621,49.45739838359612
2015-02-22,65.00824140991504,97.13747372998044,66.49423101305946,32.50412070495752
2015-02-23,57.75837292261915,41.456044505813374,46.39089418248829,28.879186461309576
2015-02-24,100.0,-1.0,50.0,50.0
2015-02-25,89.6246830092984,100.0,55.1876584953508,44.8123415046492
2015-02-26,62.18037610769127,80.73870369128267,61.62526212541432,31.09018805384564
2015-02-27,80.94771103690239,98.60667376641815,59.26068394132815,40.4738555184512
2015-02-28,34.33173093198822,62.30104006908017,58.077880090727504,17.16586546599411
2015-03-01,87.88137455418266,47.8903689239138,49.74434171160055,43.94068727709133
2015-03-02,99.69850773999038,100.0,50.150746130004805,49.84925386999519
2015-03-03,7.234921252845646,62.32876712328768,61.29964540507604,3.617460626422823
2015-03-04,49.85839047031273,40.23335412837849,45.10284656290422,24.929195235156364
2015-03-05,74.91650672596451,43.671419422253685,48.41257091643909,37.458253362982255
2015-03-06,3.286516140502375,56.68058729283219,56.45239123257054,1.6432580702511874
2015-03-07,5.082192012730874,57.211015392298506,56.84453774399432,2.541096006365437
2015-03-08,14.14859580519019,55.59992112787144,54.80761092207946,7.074297902595095
2015-03-09,95.48943932573832,91.59333458153904,51.87609259274898,47.74471966286916
2015-03-10,3.4556321216328323,53.59334993511277,53.46917698051234,1.727816060816416
2015-03-11,50.20132979173364,44.94215971054375,47.48126279459285,25.10066489586682
2015-03-12,7.748624629707998,51.6314021984475,51.50105797714769,3.874312314853999
2015-03-13,2.5168040905473816,51.12502496678333,51.09671029239964,1.2584020452736908
2015-03-14,44.100146427755256,51.5943916177094,50.8912625796677,22.050073213877628
2015-03-15,96.69940795419036,48.82292732855681,49.96114963303295,48.34970397709517
2015-03-16,98.0203873081828,100.0,50.989806345908605,49.0101936540914
2015-03-17,99.84883161192796,40.78212290502793,49.98606548378107,49.92441580596397
2015-03-18,5.955555555555556,56.38221262039787,56.0021164021164,2.977777777777778
2015-03-19,9.201249291137312,49.5487936756535,49.58695523373425,4.600624645568656
2015-03-20,16.46140693904844,50.62667814985562,50.52351810940978,8.23070346952422
2015-03-21,97.72823241280295,41.00371747211896,49.79562536947893,48.86411620640149
2015-03-22,98.2146928917077,69.25260170293282,50.34371806673367,49.10734644585385
2015-03-23,67.53678335870117,71.15319492562973,56.86580416032471,33.768391679350586
2015-03-24,93.58297354613585,21.52732060566162,48.17290063114138,46.79148677306792
2015-03-25,100.0,-1.0,50.0,50.0
2015-03-26,92.32295933448756,100.0,53.83852033275623,46.16147966724378
2015-03-27,58.18141847329793,35.60480446475513,43.978929211621065,29.09070923664897
2015-03-28,3.0377925430614923,49.14954677492738,49.0655550383004,1.518896271530746
2015-03-29,92.89697830054756,32.524387342374496,48.7587034408166,46.44848915027378
2015-03-30,96.87684745705454,34.93780421849648,49.52958464942655,48.43842372852727
2015-03-31,23.80783249190282,43.53848715245019,45.075728746479946,11.90391624595141
2015-04-01,86.86823447891227,21.94980694980695,46.31651442043621,43.434117239456135
2015-04-02,87.35810942161892,15.584676071404694,45.64925240675159,43.67905471080946
2015-04-03,3.6429055198103626,51.147590016978526,51.0434304097528,1.8214527599051813
2015-04-04,94.4704898507387,11.824014665444546,47.88905501634525,47.23524492536935
2015-04-05,62.70096191232904,23.677113785210867,40.18181664497151,31.35048095616452
2015-04-06,53.32019854389867,29.642578938787334,40.49644430539231,26.66009927194933
2015-04-07,5.301869704689921,48.940685619333166,48.52006398808264,2.6509348523449603
2015-04-08,14.213154998730213,47.1788383219327,47.50952340641666,7.106577499365106
2015-04-09,2.637215642117561,46.77131799799974,46.84973373858124,1.3186078210587806
2015-04-10,14.351585502047444,47.00147185206405,47.43180818301804,7.175792751023723
2015-04-11,50.28583509513742,27.543504516304623,38.83594080338266,25.14291754756871
2015-04-12,52.351990796741646,44.43182019918692,47.34687317605461,26.175995398370823
2015-04-13,51.43710497592839,18.10056449926824,34.508710624508204,25.718552487964192
2015-04-14,88.87696739800789,20.697250493695883,46.74064561913372,44.438483699003946
2015-04-15,12.674673505488832,38.00376063736988,39.52424480952018,6.337336752744416
2015-04-16,67.03884643992156,18.524501884760365,39.62531273243627,33.51942321996078
2015-04-17,100.0,-1.0,50.0,50.0
2015-04-18,65.51680416553963,28.702046819463167,42.6557850960238,32.75840208276981
2015-04-19,5.654051308102616,37.74050542034605,38.43366353399374,2.827025654051308
2015-04-20,32.866440414025405,35.89106726344323,40.525741174877496,16.433220207012702
2015-04-21,2.585725171450343,35.346266166040884,35.7251714503429,1.2928625857251714
2015-04-22,2.1784776902887137,34.266079264651154,34.60883921767844,1.0892388451443569
2015-04-23,49.95894944433629,28.85896958830892,39.42080628369743,24.979474722168145
2015-04-24,10.305970401977715,34.66248689888298,36.23260184902976,5.152985200988859
2015-04-25,99.97297548369662,96.875,50.012667742017214,49.98648774184831
2015-04-26,99.39025420150324,41.27423822714682,49.94679503420319,49.69512710075163
2015-04-27,99.71033096587313,38.48396501457726,49.966641612688015,49.85516548293656
2015-04-28,100.0,-1.0,50.0,50.0
2015-04-29,68.61380529177484,17.967508149904358,39.946219738032624,34.30690264588742
2015-04-30,78.33660285463033,37.37456561633673,47.262057769059055,39.16830142731517
2015-05-01,100.0,-1.0,50.0,50.0
2015-05-02,64.53691411369766,17.16779131595889,38.35668563600849,32.26845705684883
2015-05-03,100.0,-1.0,50.0,50.0
2015-05-04,99.95355161260356,100.0,50.02322419369823,49.97677580630178
2015-05-05,57.35679837549708,15.688492063492063,35.3684744902276,28.67839918774854
2015-05-06,93.4412798162038,17.16677398583387,47.84656057841746,46.72063990810189
2015-05-07,7.103547540428415,25.22876412686839,26.98840064346795,3.551773770214208
2015-05-08,63.28976955720493,21.008151798461757,39.35702571558997,31.644884778602467
2015-05-09,100.0,-1.0,50.0,50.0
2015-05-10,21.432260140025903,12.793491729971446,20.767687371424216,10.716130070012952
2015-05-11,4.977352580112602,19.72094515128836,21.22804046903441,2.488676290056301
2015-05-12,96.30671261106043,9.924536931168534,48.51989797641972,48.153356305530224
2015-05-13,12.253960735220728,16.46005244081129,20.5700244453279,6.126980367610364
2015-05-14,16.455042578766484,20.250265970920516,25.14559737247533,8.227521289383242
2015-05-15,99.86909778817488,100.0,50.06545110591256,49.93454889408744
2015-05-16,23.16164643334857,16.793741736447775,24.484431350637475,11.580823216674286
2015-05-17,19.9642739225032,15.746940416124565,22.585315058287687,9.982136961251598
2015-05-18,31.16308202771218,16.447384600250842,26.90341365971746,15.58154101385609
2015-05-19,99.95524064487252,0.0,49.97762032243626,49.97762032243626
2015-05-20,99.93159419310706,100.0,50.03420290344647,49.96579709655353
2015-05-21,99.84376451512104,100.0,50.07811774243947,49.921882257560526
2015-05-22,100.0,-1.0,50.0,50.0
2015-05-23,99.99071032252073,100.0,50.00464483873965,49.99535516126036
2015-05-24,82.42502091555187,17.223638024715104,44.23956123820067,41.212510457775934
2015-05-25,69.875445742002,14.866760168302944,39.41626810430785,34.937722871001
2015-05-26,78.26583048784612,19.35446237604511,43.33944690489874,39.13291524392306
2015-05-27,26.495538359945144,15.767281105990785,24.83448754635195,13.247769179972572
2015-05-28,23.34856949382089,12.03675073987367,20.900626375486716,11.674284746910445
2015-05-29,28.991749524011,11.96939724003146,22.995134334673157,14.4958747620055
2015-05-30,74.03283622467958,17.069835585218947,41.44897027493152,37.01641811233979
2015-05-31,84.41844936735609,12.107404393816113,44.095746029599454,42.209224683678045
2015-06-01,49.77918408094892,11.735175202156334,30.78309277652752,24.889592040474454
2015-06-02,41.118980529535705,18.15046346195301,31.246668189779907,20.55949026476785
2015-06-03,65.62753583987016,10.884320283297264,36.55497700838517,32.81376791993508
2015-06-04,63.97595861229458,22.55309163440103,40.11251437073105,31.98797930614729
2015-06-05,10.23062074570761,17.21461445601328,20.568762911036607,5.115310372853805
2015-06-06,62.70183947477376,26.745503148928456,41.326500435153655,31.35091973738688
2015-06-07,9.11230580366592,14.073328862061258,17.347077001227618,4.556152901832959
2015-06-08,83.09303602348072,10.1064095518809,43.25520503399637,41.54651801174036
2015-06-09,63.42778430361775,10.857961503801096,35.684889253209164,31.713892151808874
2015-06-10,47.1065921145013,8.576820355355116,28.08986863141511,23.55329605725065
2015-06-11,43.92540760984525,15.90367263180131,30.8806234082698,21.962703804922626
2015-06-12,45.19863906427205,13.41776061776062,29.952434957766982,22.599319532136025
2015-06-13,74.41046410362642,17.317032876259706,41.636580395870496,37.20523205181321
2015-06-14,99.89356400097988,30.952380952380956,49.97972647637712,49.94678200048994
2015-06-15,99.6537483848629,45.609756097560975,49.98479870957935,49.82687419243145
2015-06-16,98.41399869944514,100.0,50.79300065027742,49.20699934972257
2015-06-17,38.88494017701512,11.913827239121105,26.72361273290349,19.44247008850756
2015-06-18,95.20309543119762,32.264882000704475,49.149263314409296,47.60154771559881
2015-06-19,61.28775901862482,12.51583315134309,35.48903899968719,30.64387950931241
2015-06-20,72.26303287488271,16.661587224186274,40.75293540833664,36.13151643744136
2015-06-21,83.24261275272161,10.950267325733885,43.45628507674624,41.621306376360806
2015-06-22,99.9822651611759,85.71428571428571,50.0063338710086,49.99113258058795
2015-06-23,34.807298454663936,8.997442654446795,23.269325163758232,17.403649227331968
2015-06-24,8.98700419083097,9.48372093023256,13.124920628201329,4.493502095415485
2015-06-25,46.21657516516796,12.732191446861384,29.95609619923359,23.10828758258398
2015-06-26,1.801710270087207,7.363211532824058,8.131402929472525,0.9008551350436036
2015-06-27,79.118492224476,25.96834905087627,44.98182893847194,39.559246112238
2015-06-28,3.791380916095165,8.57263550678084,10.143086952840571,1.8956904580475824
2015-06-29,70.16577856719952,14.708133699997164,39.47094646028927,35.08288928359976
2015-06-30,1.8288036576073152,8.416558861578267,9.177038354076709,0.9144018288036576
2015-07-01,0.2413004826009652,9.042223636749416,9.141054948776564,0.1206502413004826
2015-07-02,3.3730981872983885,8.692071113759233,10.085428114231528,1.6865490936491945
2015-07-03,84.47821013647201,7.4031704526883475,43.38820962914109,42.23910506823601
2015-07-04,0.0956735246803826,5.871335711924879,5.913555160443655,0.0478367623401913
2015-07-05,1.184418838947823,6.911530355215135,7.421878307102279,0.5922094194739115
2015-07-06,9.58008804605486,9.298340886109134,13.197595665424991,4.79004402302743
2015-07-07,3.5127080617031,11.182380555433683,12.545930203024197,1.75635403085155
2015-07-08,82.61839193093311,25.22356143079316,45.69345655442734,41.30919596546656
2015-07-09,7.275959869618592,6.121200500360661,9.313804343224822,3.637979934809296
2015-07-10,0.0093133519600372,5.077943081651835,5.082126830920329,0.0046566759800186
2015-07-11,0.006773346880027,4.927096916224958,4.9301498602997205,0.0033866734400135
2015-07-12,0.1439336212005757,5.183991860267933,5.248497163660994,0.0719668106002878
2015-07-13,71.91677164622031,18.42485549132948,41.132680064594126,35.95838582311016
2015-07-14,11.686816350028783,9.504179768387148,14.23685190829354,5.8434081750143925
2015-07-15,0.0990601981203962,4.9053757426288005,4.9500465667598,0.0495300990601981
2015-07-16,20.996944329233717,14.520812128354851,21.970357454228424,10.498472164616857
2015-07-17,14.446841815797267,9.84759323911345,15.648347929094216,7.223420907898634
2015-07-18,8.258890806347917,3.9391787844977824,7.743291713193246,4.129445403173959
2015-07-19,15.089741311467089,9.430840832760287,15.552622003334095,7.544870655733543
2015-07-20,19.07196857459724,11.418200077411528,18.77650883416158,9.535984287298618
2015-07-21,6.74561522313266,11.200268682999448,13.817549265253607,3.37280761156633
2015-07-22,48.18524000845844,22.370955630285025,35.68407697187566,24.09262000422922
2015-07-23,8.723627620305463,7.6021222127406975,11.300755189813405,4.361813810152731
2015-07-24,81.09279552540197,9.616587720082222,42.36462566641601,40.54639776270098
2015-07-25,45.46615473089544,14.254919901369352,30.50683332769528,22.73307736544772
2015-07-26,66.16762419736398,6.887423833782839,35.41399121324772,33.08381209868199
2015-07-27,29.284377883695534,16.367772057943252,26.21676077920099,14.642188941847769
2015-07-28,78.18739490827976,16.947511136935887,42.79039113131501,39.09369745413988
2015-07-29,96.94154215198536,29.577464788732392,49.37538536906742,48.47077107599267
2015-07-30,39.30799245021117,12.061583945779352,26.97441366410211,19.653996225105587
2015-07-31,2.529780803129207,5.242128121606949,6.374404172275702,1.2648904015646034
2015-08-01,99.14861269479286,14.583333333333334,49.69846699607247,49.57430634739643
2015-08-02,81.74598480944213,11.246875867814497,42.92599883409511,40.87299240472107
2015-08-03,0.2971805943611887,4.064232882412385,4.200745068156803,0.1485902971805943
2015-08-04,1.9473372280077892,6.583196615145496,7.428668190669714,0.9736686140038948
2015-08-05,4.54049020022859,9.316907904072655,11.164119713838208,2.270245100114295
2015-08-06,7.52747345784581,6.978383673768346,10.216824423861691,3.763736728922905
2015-08-07,19.732566012186865,15.131162751465563,22.011679079214623,9.866283006093433
2015-08-08,69.2102793069332,11.935953420669575,38.28018637374532,34.6051396534666
2015-08-09,10.797406861998342,8.734345351043643,13.189965977758597,5.398703430999171
2015-08-10,5.357717382101432,9.021130414556906,11.216662433324869,2.678858691050716
2015-08-11,3.64236728473457,8.101363700267116,9.62746592159851,1.821183642367285
2015-08-12,5.372593508186728,9.735890920803064,11.89911783132122,2.686296754093364
2015-08-13,5.459748220015408,7.1344138980925935,9.474766972290656,2.729874110007704
2015-08-14,60.91298869335047,19.132410212029423,37.93478168948575,30.456494346675235
2015-08-15,73.72614290180043,13.42530066242202,40.39041576194862,36.863071450900215
2015-08-16,99.93243699750018,47.5,49.99831092493751,49.96621849875009
2015-08-17,99.8640329023486,6.832298136645963,49.94130612865359,49.9320164511743
2015-08-18,80.90343521774412,21.46334985835694,44.55048011901542,40.45171760887206
2015-08-19,99.80574816516472,29.130434782608692,49.959460486643074,49.902874082582365
2015-08-20,63.85257054960658,8.643909282207154,35.050836284345124,31.92628527480329
2015-08-21,45.78877513927518,9.440641227564052,28.01227481380663,22.89438756963759
2015-08-22,34.788679947868175,10.840308870287457,24.46344848597688,17.394339973934088
2015-08-23,99.2414387322397,39.75501113585746,49.922285482590254,49.62071936611985
2015-08-24,97.30138479346384,34.11949685534591,49.56741046156966,48.65069239673192
2015-08-25,89.55925496926706,22.244716171349907,47.10214158289439,44.77962748463353
2015-08-26,4.156154223885398,8.71957952387262,10.435257463128842,2.078077111942699
2015-08-27,1.0617221234442469,5.343328541110426,5.81745830158327,0.5308610617221234
2015-08-28,0.0,2.794005588011176,2.794005588011176,0.0
2015-08-29,0.0,3.257979849293032,3.257979849293032,0.0
2015-08-30,0.0,2.601811870290407,2.601811870290407,0.0
2015-08-31,0.0787401574803149,3.898590880974775,3.93489120311574,0.0393700787401574
2015-09-01,6.045444540390444,6.720970256169975,9.337379996952304,3.022722270195222
2015-09-02,96.80179038932522,44.83760232373911,49.834895701376574,48.40089519466261
2015-09-03,98.99924838064032,19.831223628691983,49.69808548192313,49.49962419032016
2015-09-04,47.91812974354202,11.37212853754427,29.881882102092444,23.95906487177101
2015-09-05,99.95439612873804,100.0,50.02280193563098,49.97719806436902
2015-09-06,59.22827024923436,16.53144647562924,36.35429180555321,29.61413512461718
2015-09-07,6.176445686224706,5.02644070243832,7.804165608331217,3.088222843112353
2015-09-08,2.944587901621301,5.33771818871743,6.6528383355204666,1.4722939508106505
2015-09-09,28.80766398957372,9.716724320340454,21.32139502213045,14.40383199478686
2015-09-10,68.91143521454238,18.501495784607016,40.20756711054745,34.45571760727119
2015-09-11,57.93703158571453,16.812130475003016,36.040196924326246,28.968515792857264
2015-09-12,39.55521329621136,12.115866549064078,27.101016341003135,19.77760664810568
2015-09-13,100.0,-1.0,50.0,50.0
2015-09-14,77.70696329856473,40.71433988018503,47.92994438151912,38.853481649282365
2015-09-15,94.89009782223047,23.60720780294264,48.65135413674838,47.44504891111524
2015-09-16,99.88345677344168,40.57971014492754,49.98902129025175,49.94172838672083
2015-09-17,90.67694103516236,16.403556523317004,46.867783764580494,45.33847051758118
2015-09-18,28.878598819934137,9.630423138725227,21.28859128579773,14.439299409967068
2015-09-19,32.61568123393317,7.58100544637703,21.416249492626164,16.307840616966583
2015-09-20,10.97696234897681,7.08919026876914,11.799493696607428,5.488481174488405
2015-09-21,0.0762001524003048,3.911201491272666,3.946321225975785,0.0381000762001524
2015-09-22,96.69099016925104,22.97090352220521,49.10560454038715,48.34549508462552
2015-09-23,97.29076936069588,100.0,51.354615319652055,48.645384680347945
2015-09-24,100.0,-1.0,50.0,50.0
2015-09-25,8.383426181485683,28.139208220899715,29.97189156238888,4.191713090742842
2015-09-26,21.55373831775701,13.250671760173525,21.1715258025193,10.776869158878505
2015-09-27,17.74278215223097,11.746299689153302,18.533570400474133,8.871391076115485
2015-09-28,2.80755228177123,7.978639998606199,9.158411650156632,1.403776140885615
2015-09-29,0.7611548556430446,7.286005579681087,7.611125222250445,0.3805774278215223
2015-09-30,15.538607391355873,11.14540844449344,17.18287087981852,7.769303695677935
2015-10-01,62.4890046687868,17.997745208568208,37.995635699303065,31.2445023343934
2015-10-02,94.1421392677674,16.709919261822375,48.049913432709765,47.0710696338837
2015-10-03,96.02034608625118,35.010615711252655,49.403474381506015,48.01017304312559
2015-10-04,79.95927815889966,24.45090847772016,44.87977763509175,39.97963907944983
2015-10-05,7.118489109363492,7.340503098796939,10.377214739818337,3.559244554681746
2015-10-06,91.35247494634378,15.907758452218095,47.05186487080256,45.67623747317189
2015-10-07,81.06717363751585,12.18369259606373,42.84030418250951,40.533586818757925
2015-10-08,66.33246542454265,16.265756038768643,38.6425117505833,33.166232712271324
2015-10-09,52.86763834577557,18.42686540360959,35.11883601645422,26.433819172887784
2015-10-10,86.60048368820713,14.52732550801464,45.24683319521724,43.30024184410357
2015-10-11,33.12738567789222,9.564369969118616,22.959637080734304,16.56369283894611
2015-10-12,11.87138067662298,10.427113954694796,15.124961901859187,5.93569033831149
2015-10-13,99.89865806386231,100.0,50.05067096806884,49.94932903193116
2015-10-14,99.65025512790189,63.28502415458937,50.04646369073768,49.825127563950936
2015-10-15,95.91259249248236,85.47220500103327,51.44989357029429,47.95629624624117
2015-10-16,99.0623020063358,66.12612612612612,50.15121436114044,49.5311510031679
2015-10-17,93.5411123780565,83.01294625343272,52.13226909920182,46.77055618902825
2015-10-18,98.7872385379252,83.13588850174216,50.4018592858652,49.3936192689626
2015-10-19,70.65790808562443,29.9939493473939,44.12980622907578,35.328954042812214
2015-10-20,1.5204618953285585,41.52883325882879,41.65693096967542,0.7602309476642792
2015-10-21,2.196034608286348,39.61550446644969,39.84355158226241,1.098017304143174
2015-10-22,3.0377946356001084,36.08501274841954,36.507721484692496,1.5188973178000542
2015-10-23,2.777072220811108,32.77366541844466,33.25205317077301,1.388536110405554
2015-10-24,4.752067864913602,30.07448624048923,31.021360176773875,2.376033932456801
2015-10-25,59.72297342978838,20.53966721920309,38.13425393820567,29.86148671489419
2015-10-26,7.366175362551959,24.034911350758545,25.947545313703746,3.68308768127598
2015-10-27,4.094488188976378,20.77528823913696,21.97189061044789,2.047244094488189
2015-10-28,98.9275029157722,59.10165484633569,50.09761498284343,49.4637514578861
2015-10-29,79.90519164469681,24.7844918212018,44.9329919556547,39.95259582234841
2015-10-30,2.121661093002582,18.757190184155213,19.420056724378785,1.060830546501291
2015-10-31,1.69503005672678,15.629413993867775,16.212005757344848,0.84751502836339
2015-11-01,2.556938447210228,14.797115301068729,15.697231394462788,1.2784692236051138
2015-11-02,5.231563796460927,13.238513012480905,15.161713656760648,2.6157818982304635
2015-11-03,3.183473033612734,13.435067774376911,14.599102531538396,1.591736516806367
2015-11-04,40.0637394965087,7.700878690004373,24.64748846095322,20.03186974825435
2015-11-05,3.465413597493862,11.97014480296798,13.288036576073154,1.732706798746931
2015-11-06,3.0894405310214035,12.7788018835781,13.928728664318612,1.5447202655107015
2015-11-07,11.57786017845956,12.49353733029508,16.835983136079648,5.78893008922978
2015-11-08,4.112233407557298,13.317851908100376,14.826307456545116,2.056116703778649
2015-11-09,11.993702227075346,11.421783625730994,16.04874002217764,5.996851113537673
2015-11-10,1.977817288967911,9.496950956173231,10.298027262721192,0.9889086444839555
2015-11-11,7.874708994708994,9.000854598752102,12.229417989417987,3.937354497354497
2015-11-12,1.3504360342054018,8.866669527528645,9.422148844297688,0.6752180171027009
2015-11-13,8.021571466063884,9.35992783770848,12.619900270066628,4.010785733031942
2015-11-14,86.62561347490771,11.981304869576205,44.915232761460686,43.312806737453855
2015-11-15,100.0,-1.0,50.0,50.0
2015-11-16,3.911475354318709,9.819021269846864,11.390690350000847,1.9557376771593544
2015-11-17,48.80379538093345,12.507639703331735,30.805334506000047,24.40189769046673
2015-11-18,2.2622978579290494,6.711827994247995,7.6911353822707635,1.131148928964525
2015-11-19,60.53468966334354,20.043745845216907,38.1776713325773,30.26734483167177
2015-11-20,99.08536585365852,25.761772853185597,49.77830889804743,49.54268292682927
2015-11-21,98.531386442138,44.10580793559517,49.91343709621572,49.26569322106899
2015-11-22,65.33822758259046,19.88189937045532,39.56053250334083,32.66911379129523
2015-11-23,15.517504062838569,25.93501718247488,29.66930186890574,7.758752031419284
2015-11-24,4.195804195804196,22.54113571693678,23.693255896645727,2.097902097902098
2015-11-25,99.73482193377303,100.0,50.13258903311348,49.86741096688653
2015-11-26,73.73687012515106,22.288361916406576,42.72205649965776,36.86843506257553
2015-11-27,14.808921240848113,25.486592017804448,29.116763299335563,7.404460620424055
2015-11-28,95.94375475044338,20.778679991671872,48.81471159530445,47.97187737522169
2015-11-29,86.29469076651371,21.79542511868796,46.13447579452598,43.147345383256855
2015-11-30,45.84341119361331,15.59230456916206,31.3659658677672,22.921705596806657
2015-12-01,58.12105276507241,24.500343198611056,39.3210121830587,29.060526382536207
2015-12-02,2.600096519375841,14.810500695410292,15.725461642014714,1.3000482596879206
2015-12-03,3.797275444285461,12.715399644447572,14.131198618248936,1.8986377221427304
2015-12-04,13.113394383601062,15.668225209429185,20.170286236606465,6.556697191800531
2015-12-05,3.8142409618152575,11.10866599181374,12.592075184150367,1.9071204809076288
2015-12-06,12.37323717134779,12.843301100302366,17.44078758020553,6.186618585673895
2015-12-07,3.4323935314537297,10.281791400715438,11.64507662348658,1.7161967657268649
2015-12-08,31.10629691374218,17.891931065826487,27.879562321759515,15.55314845687109
2015-12-09,67.88210732729839,12.466117529408669,37.94490791219752,33.94105366364919
2015-12-10,6.009652019304038,10.859186394263682,13.211413089492844,3.004826009652019
2015-12-11,51.846309916307376,12.977300258071311,32.17220390565559,25.923154958153688
2015-12-12,69.78730601716775,18.86913925822253,40.59452830986511,34.893653008583875
2015-12-13,33.17625360620649,13.337975564980692,25.501061768712084,16.588126803103243
2015-12-14,3.764287528575057,9.2016821509009,10.73744814156295,1.8821437642875285
2015-12-15,35.4822888744197,14.668798657894047,27.20511758090293,17.74114443720985
2015-12-16,92.30145456388423,89.63133640552995,53.0510364401196,46.150727281942125
2015-12-17,42.83961170307303,19.951435466915413,32.82412383523617,21.419805851536516
2015-12-18,39.91713174361576,12.866270723674951,27.68899036022324,19.95856587180788
2015-12-19,3.4442468884937774,14.791918766770138,16.00457200914402,1.722123444246889
2015-12-20,5.567266908795367,13.37152488278063,15.41072985717793,2.7836334543976835
2015-12-21,76.63283672900276,32.97049038044265,46.020686682947854,38.31641836450138
2015-12-22,23.12985045574184,17.1575157713946,24.753933259421625,11.56492522787092
2015-12-23,3.637979934809296,10.529090302061183,11.965034076958895,1.818989967404648
2015-12-24,4.902085291204186,12.870916909270584,14.691016230220214,2.451042645602093
2015-12-25,3.002260585381548,10.611443285471127,11.793990398862087,1.501130292690774
2015-12-26,2.9591059182118364,10.198490598961742,11.376259419185503,1.4795529591059182
2015-12-27,3.448421836900569,11.087435000306913,12.429304389054458,1.7242109184502843
2015-12-28,3.701414698984905,9.502835289463272,11.001803296731207,1.8507073494924524
2015-12-29,13.871276316569176,10.642501204014035,16.101888613295635,6.935638158284588
2015-12-30,3.909682772166581,9.242372179490568,10.8358661327328,1.9548413860832905
2015-12-31,87.89097144208597,19.977678571428573,46.364588524465546,43.945485721042985
2016-01-01,5.839972230923576,10.874041305891978,13.158986428710516,2.919986115461788
2016-01-02,99.42235096401517,80.11695906432749,50.17397032370303,49.71117548200758
2016-01-03,16.57468384431766,54.89919538947006,54.08716924275,8.28734192215883
2016-01-04,88.54830944397051,80.17406697152973,53.45544077774869,44.274154721985255
2016-01-05,81.81341940499024,43.70005575171901,48.8542555618457,40.90670970249512
2016-01-06,18.52356490610428,59.811996883926255,57.994465272547245,9.26178245305214
2016-01-07,65.59452378940252,71.30084495971704,57.3286571452717,32.79726189470126
2016-01-08,91.69777852859194,43.066436056567305,49.42436016555452,45.84888926429597
2016-01-09,100.0,-1.0,50.0,50.0
2016-01-10,83.5685986298014,94.519561976248,57.31518791657163,41.7842993149007
2016-01-11,98.48692214111922,100.0,50.75653892944039,49.24346107055961
2016-01-12,61.9766400162269,61.90264503222939,54.52578556819526,30.98832000811345
2016-01-13,48.27487085837962,48.61476602213106,49.283485936033685,24.13743542918981
2016-01-14,99.39110386703938,100.0,50.30444806648031,49.69555193351969
2016-01-15,29.458472154103735,54.95858357008427,53.49786060985304,14.729236077051867
2016-01-16,56.6789811394128,39.5168214815393,45.45858025682861,28.3394905697064
2016-01-17,74.10221519789721,49.67365054500359,49.91548272044219,37.051107598948605
2016-01-18,4.87470369116153,54.56115056691764,54.33880799187267,2.437351845580765
2016-01-19,23.06521316272422,56.20754094756513,54.77575839584584,11.53260658136211
2016-01-20,56.62946994674106,37.76972106894333,44.69566320060868,28.31473497337053
2016-01-21,7.733726157519112,56.36423695221316,55.87204429431336,3.866863078759556
2016-01-22,3.391466305452082,54.82499956184167,54.6613613274636,1.695733152726041
2016-01-23,43.0458312193472,47.00834397363185,48.29612717740572,21.5229156096736
2016-01-24,10.26151150091855,55.17547169811321,54.644390074584535,5.130755750459275
2016-01-25,24.155967262786387,47.960094630183455,48.452853503508166,12.077983631393192
2016-01-26,95.79247020264734,15.217827745432643,48.53652973822255,47.89623510132367
2016-01-27,93.21970912653502,57.187344294967616,50.4873228492762,46.60985456326751
2016-01-28,15.94108490406416,50.75733939875806,50.63661128219012,7.970542452032079
2016-01-29,5.553674516243715,44.5279941206521,44.83189151670081,2.7768372581218577
2016-01-30,60.63860373082582,70.9783449342614,58.25736948028886,30.31930186541291
2016-01-31,96.04601856622772,65.88335825678274,50.62802503653273,48.02300928311386
2016-02-01,24.6861783116224,53.8456354732917,52.89629504313991,12.3430891558112
2016-02-02,94.45828933474128,51.859756097560975,50.10306230200634,47.22914466737064
2016-02-03,99.72130967562136,100.0,50.13934516218932,49.86065483781068
2016-02-04,31.12108988507497,49.4548802946593,49.624527488139634,15.560544942537485
2016-02-05,34.237061600148884,44.09642273703708,46.11763412117008,17.118530800074442
2016-02-06,31.38438644107924,51.94267476679278,51.3329782106892,15.692193220539618
2016-02-07,98.88602677251804,97.9529946929492,50.5341835226553,49.44301338625903
2016-02-08,99.9391948383174,100.0,50.0304025808413,49.969597419158696
2016-02-09,92.11179809446584,88.32851483028162,53.023430637205216,46.05589904723292
2016-02-10,99.12745271942497,90.80348499515974,50.35602969870512,49.56372635971248
2016-02-11,4.063127058445022,71.84891006972023,70.95994445902583,2.031563529222511
2016-02-12,44.03073486105,51.601149077713934,50.89615137257557,22.015367430525
2016-02-13,55.95302512766749,88.01274545559245,66.74346443910852,27.976512563833744
2016-02-14,99.9214599994933,98.9247311827957,50.03842548411888,49.96072999974665
2016-02-15,44.77035208171272,84.43944334726497,69.02078330571246,22.38517604085636
2016-02-16,68.26894621583001,89.50650181198039,62.535829338203584,34.13447310791501
2016-02-17,97.29124786729058,99.93763642033052,51.35268679156039,48.64562393364529
2016-02-18,13.652203332487526,72.61578246218949,69.52761566438298,6.826101666243763
2016-02-28,100.0,-1.0,50.0,50.0
2016-02-29,99.5819397993311,96.76767676767678,50.19551704334313,49.79096989966555
2016-03-01,39.04482259661356,57.42645731817362,54.525838361102416,19.52241129830678
2016-03-02,99.55325096485969,9.45179584120983,49.81885128915388,49.77662548242984
2016-03-03,100.0,-1.0,50.0,50.0
2016-03-04,93.31672297297298,93.46644761784404,52.904983108108105,46.65836148648649
2016-03-05,99.59463225544924,100.0,50.20268387227538,49.79731612772462
2016-03-06,95.48153340709273,96.11214953271028,52.08356207190696,47.74076670354636
2016-03-07,96.24781481450204,82.73688948908395,51.228348717602245,48.12390740725102
2016-03-08,88.7876202623599,83.20024107277384,53.722537102891366,44.39381013117995
2016-03-09,87.23728039769365,79.52437731849497,53.768113491486446,43.618640198846826
2016-03-10,1.5282105120563532,79.42644249797802,78.91958480086697,0.7641052560281766
2016-03-11,36.60659898477157,85.77224379762714,72.67724196277496,18.303299492385783
2016-03-12,24.126927699625885,67.5449849957051,63.31191915088111,12.063463849812942
2016-03-13,95.27361502981972,38.248436103663984,49.44457585024245,47.63680751490986
2016-03-14,9.660298138538764,65.96231153424478,64.41807115708565,4.830149069269383
2016-03-15,98.88608321861987,73.4647460197119,50.26137774362179,49.44304160930994
2016-03-16,59.334556244029855,57.75573439807017,53.14462750534671,29.667278122014928
2016-03-17,6.637658830600445,64.56920007255577,63.586841503779766,3.3188294153002227
2016-03-18,5.209744041170097,64.0018216074793,63.27236254062839,2.6048720205850486
2016-03-19,2.509291319917711,62.31286255166904,62.00336942626629,1.2546456599588556
2016-03-20,1.611087124002066,60.78336889929098,60.60963943142086,0.8055435620010329
2016-03-21,19.17747928463212,57.358285073986025,55.94715147821818,9.588739642316058
2016-03-22,2.4195118647511493,58.68563744415044,58.47548741565994,1.2097559323755749
2016-03-23,40.82576564693149,45.76540016861237,47.49420797186004,20.412882823465747
2016-03-24,11.55265831357941,53.893281767532685,53.43802912292583,5.776329156789705
2016-03-25,99.93074967697255,100.0,50.03462516151372,49.96537483848629
2016-03-26,22.284186207888705,53.3378375433167,52.56243177144599,11.142093103944353
2016-03-27,82.27839545807846,57.24160945842868,51.28332939069311,41.13919772903923
2016-03-28,93.37128570704596,34.04689092762487,48.94251397874893,46.685642853522985
2016-03-29,75.62782447100562,51.37767303226701,50.33576888963973,37.81391223550281
2016-03-30,98.51111805491044,31.083380601247875,49.71835386915068,49.25555902745522
2016-03-31,93.28551756764747,39.07901358832411,49.266712285948415,46.64275878382374
2016-04-01,100.0,-1.0,50.0,50.0
2016-04-02,98.45085650572692,66.30316248636859,50.25255938101834,49.225428252863466
2016-04-03,87.98729010504255,30.05979599015125,47.6046411398342,43.99364505252127
2016-04-04,57.71699692994697,25.260526052605258,39.53940747130812,28.858498464973486
2016-04-05,93.18851967319765,52.22029273133217,50.151234802592114,46.59425983659882
2016-04-06,79.68991593088589,36.09285298277727,47.17544674918677,39.844957965442944
2016-04-07,82.45780198220749,22.40647898187428,45.15948990291919,41.22890099110374
2016-04-08,99.96284129008284,100.0,50.01857935495858,49.98142064504143
2016-04-09,96.34912591841903,97.20101781170484,51.72324972552994,48.17456295920952
2016-04-10,36.54754448037108,40.75057366988633,44.128252441976606,18.27377224018554
2016-04-11,35.76495285174965,36.54226298726971,41.35417901098715,17.882476425874824
2016-04-12,52.07656376929326,26.2280608821556,38.60766991605741,26.03828188464663
2016-04-13,63.71047535285711,22.047445935868755,39.85615100339115,31.855237676428555
2016-04-14,72.29063310823946,22.44555603001281,42.36483802537166,36.14531655411973
2016-04-15,75.41769945942288,19.54022988505747,42.512287766375934,37.70884972971144
2016-04-16,83.56832513397914,16.80642008333762,44.54573887170124,41.78416256698957
2016-04-17,99.65965999780424,100.0,50.17017000109787,49.82982999890213
2016-04-18,78.97108555968887,19.844811643147185,43.65869124112276,39.48554277984444
2016-04-19,19.217033664505863,42.960421388399226,44.25723135250411,9.608516832252931
2016-04-20,1.938023876047752,38.08161395441304,38.27067987469308,0.969011938023876
2016-04-21,10.881693121693122,36.4307359101747,37.90730158730159,5.440846560846561
2016-04-22,36.10556251481193,30.82395019207842,37.747570843349024,18.052781257405965
2016-04-23,99.5481838680528,100.0,50.2259080659736,49.7740919340264
2016-04-24,69.31632816924026,25.046162326030043,42.339224287296,34.65816408462013
2016-04-25,57.403023436707365,21.374697312532252,37.80648652304779,28.70151171835368
2016-04-26,92.72770282257724,12.04693308550186,47.23994018603158,46.36385141128862
2016-04-27,84.31132155238015,57.992102558554656,51.22051238691131,42.15566077619008
2016-04-28,78.84760093003594,29.238947957470625,45.60853942084126,39.42380046501797
2016-04-29,43.38364130388779,33.356275061344185,40.56281160328088,21.691820651943896
2016-04-30,73.66258275625903,17.15624899675752,41.34980425978067,36.83129137812952
2016-05-01,99.9915548386552,100.0,50.004222580672405,49.9957774193276
2016-05-02,97.77286048495392,39.51459992415624,49.76647551160021,48.88643024247696
2016-05-03,75.3661300142055,16.733601070950467,41.80519853886221,37.68306500710275
2016-05-04,35.18512248387479,25.715368828350694,34.24427364607493,17.592561241937396
2016-05-05,56.169078446306166,29.30977893619075,40.93128543623593,28.084539223153083
2016-05-06,45.044778140818366,25.922045909721152,36.76505442787249,22.522389070409183
2016-05-07,35.05591554299829,24.967110833235644,33.742619317508925,17.527957771499146
2016-05-08,33.3793266911024,23.129312206960524,32.098566869545344,16.6896633455512
2016-05-09,100.0,-1.0,50.0,50.0
2016-05-10,99.78371619509475,72.265625,50.04815694093594,49.89185809754738
2016-05-11,100.0,-1.0,50.0,50.0
2016-05-12,100.0,-1.0,50.0,50.0
2016-05-13,100.0,-1.0,50.0,50.0
2016-05-14,93.50454065469906,21.264143581740147,48.13347412882788,46.75227032734953
2016-05-15,34.52715514322476,18.28765085565717,29.23114038057832,17.26357757161238
2016-05-16,95.59187465686897,26.020310404292008,48.94294522572744,47.79593732843448
2016-05-17,60.30624064663955,22.58786896434056,39.10782680747085,30.153120323319776
2016-05-18,58.33622300971777,19.7129633388819,37.38127658854673,29.168111504858885
2016-05-19,99.96537454606874,100.0,50.01731272696562,49.98268727303437
2016-05-20,25.134400636656878,30.94396883634552,35.701888805167755,12.567200318328435
2016-05-21,8.918728992219185,24.39740836795969,26.68083413060596,4.459364496109592
2016-05-22,18.009041346381768,21.777782366728275,26.860333209170022,9.004520673190884
2016-05-23,99.6402361267112,54.694835680751176,50.01689032268961,49.8201180633556
2016-05-24,79.64621963793715,24.07961439375052,44.72076198847213,39.823109818968575
2016-05-25,27.141986490375665,23.190779919370765,30.46733481183023,13.570993245187832
2016-05-26,59.50093046861783,17.42136263001796,36.80595499915412,29.75046523430892
2016-05-27,46.95036301172807,14.371620436093345,31.099273976543856,23.47518150586404
2016-05-28,55.16057567096785,27.264841215961376,39.80568568094569,27.58028783548393
2016-05-29,99.97213096756214,100.0,50.01393451621893,49.98606548378107
2016-05-30,99.2973151018133,100.0,50.35134244909335,49.64865755090665
2016-05-31,87.52673446442309,25.652321247034905,46.96304937739343,43.76336723221154
2016-06-01,84.52803406671399,26.75294888597641,46.40322417114468,42.26401703335699
2016-06-02,70.82123968690502,22.669798735572183,42.02538607996616,35.41061984345251
2016-06-03,92.56693977531886,34.81818181818182,48.87152631134386,46.28346988765943
2016-06-04,97.48207211696835,20.66420664206642,49.26134587933204,48.74103605848418
2016-06-05,76.5870030180321,18.945658061021845,42.729247859057054,38.29350150901605
2016-06-06,91.7383297572184,30.34764826175869,48.37638750443495,45.869164878609205
2016-06-07,27.27942296947224,18.22954865597969,26.89634445742537,13.63971148473612
2016-06-08,97.54443167995676,19.98624011007912,49.26299162048925,48.77221583997838
2016-06-09,99.98902129025174,0.0,49.99451064512587,49.99451064512587
2016-06-10,16.24861378008415,16.517238939484297,21.9577234671159,8.124306890042075
2016-06-11,99.93243870924154,100.0,50.03378064537923,49.96621935462077
2016-06-12,76.63808035148494,15.804701627486436,42.0113218706434,38.31904017574247
2016-06-13,71.56610009043808,17.10115632710086,40.64557571864461,35.78305004521904
2016-06-14,88.05140996913711,18.90878211025405,46.28503783875196,44.02570498456856
2016-06-15,55.92269959404601,18.68104457278815,36.195449932341,27.961349797023004
2016-06-16,81.49413236835875,15.995065789473683,43.707091886773306,40.747066184179374
2016-06-17,81.57470069872168,20.22652237710932,44.51414763558327,40.78735034936084
2016-06-18,75.60841549831724,13.659213035188076,41.13590623890138,37.80420774915862
2016-06-19,96.93982701533888,50.73143803477781,50.0223832691398,48.46991350766944
2016-06-20,25.19005773691607,11.743071508594838,21.38001388395049,12.595028868458035
2016-06-21,65.16082674669259,9.300463446000048,35.82061794665878,32.580413373346296
2016-06-22,6.687776752377002,17.6568794686604,19.8199151645486,3.343888376188501
2016-06-23,0.0863601727203454,10.210324723747542,10.244687156040978,0.0431800863601727
2016-06-24,0.9364152061637456,12.067108816792588,12.42231817796969,0.4682076030818728
2016-06-25,21.254983620711545,14.721532458318553,22.219964955940984,10.627491810355773
2016-06-26,60.69698430009892,10.50808810875925,34.47848766919455,30.34849215004946
2016-06-27,55.76297122952968,9.787095787783809,32.21100599420026,27.88148561476484
2016-06-28,0.7755482177631022,8.457770875642098,8.77995089323512,0.3877741088815511
2016-06-29,34.17587625027502,18.27426176610488,29.116810804407063,17.08793812513751
2016-06-30,62.61286395455007,14.33869253555842,36.66725846268303,31.30643197727504
2016-07-01,26.842207687816767,13.121219481165353,23.02029834076506,13.421103843908384
2016-07-02,94.983051420553,21.80286436394271,48.585364204262085,47.491525710276505
2016-07-03,45.23068070270453,12.817898087203734,29.635615881934807,22.615340351352263
2016-07-04,54.81539776429472,19.701850325867102,36.309901584964415,27.40769888214736
2016-07-05,54.47657062639008,12.078542103992124,32.736851897267634,27.23828531319504
2016-07-06,8.51741158740507,9.71855882870126,13.149494966599216,4.258705793702535
2016-07-07,0.0347134027601388,6.427597421846547,6.44272288544577,0.0173567013800694
2016-07-08,58.23034301907541,21.833610109765484,38.234995558939225,29.115171509537703
2016-07-09,43.71316223415501,8.518373846939694,26.651304384592617,21.856581117077504
2016-07-10,5.768253860742346,12.521226605809575,14.68309739907884,2.884126930371173
2016-07-14,60.12412067099567,9.72393028285484,33.939563041125545,30.06206033549784
2016-07-15,51.57364098486836,9.008977538687253,30.14954029891144,25.786820492434178
2016-07-16,8.875624417915501,5.417785499921023,9.3747354161375,4.437812208957751
2016-07-17,23.55684983111397,7.877076411960133,17.799910266069567,11.778424915556986
2016-07-18,7.916190476190477,7.780351922334382,11.122539682539683,3.9580952380952383
2016-07-19,3.125899585132504,7.675365764128021,8.998391330115993,1.562949792566252
2016-07-20,0.5020743374820084,5.783844039585762,6.005842011684023,0.2510371687410042
2016-07-21,42.72344170460507,6.807907100434359,25.26105573137915,21.361720852302536
2016-07-22,58.76340128110748,14.064391685305644,35.181377402076514,29.38170064055374
2016-07-23,99.97973161277244,100.0,50.010134193613766,49.98986580638623
2016-07-24,45.42527297927724,6.8772744870305855,26.46589026740137,22.71263648963862
2016-07-25,70.6977058942952,12.90704387990762,39.1309129051905,35.3488529471476
2016-07-26,69.91431882194725,18.166994658420016,40.42282350353974,34.957159410973624
2016-07-27,61.85626262540888,9.390857320126749,34.51015526611615,30.92813131270444
2016-07-28,88.8578045234795,17.203974816050973,46.34580276547551,44.42890226173975
2016-07-29,31.07671214326822,13.191792428503016,24.630573140593796,15.53835607163411
2016-07-30,21.496110316338367,12.035928789398204,20.196727417402418,10.748055158169183
2016-07-31,99.13352644602274,100.0,50.43323677698862,49.56676322301137
2016-08-01,69.39770044924998,15.241491802825468,39.36309720212865,34.69885022462499
2016-08-02,83.87878890278107,15.280616255305771,44.40281485486432,41.93939445139053
2016-08-03,10.14501341776224,8.2021423928097,12.44254065539631,5.07250670888112
2016-08-04,31.518500964826163,15.64481245751715,26.473052574562445,15.759250482413082
2016-08-05,99.99662193546207,100.0,50.00168903226896,49.99831096773104
2016-08-06,37.96530462069374,7.458107794881584,23.609266761961955,18.98265231034687
2016-08-07,0.3081872830412328,3.984848742207804,4.126661586656507,0.1540936415206164
2016-08-08,0.0,4.2079417492168325,4.2079417492168325,0.0
2016-08-09,99.50339515556908,23.97959183673469,49.87078139252053,49.75169757778453
2016-08-10,44.53447459232695,6.203299887157279,25.70793017118885,22.26723729616348
2016-08-11,28.89596099807022,10.384725264260547,21.83193960117818,14.44798049903511
2016-08-12,91.98367843475177,7.092422805353567,46.56039063622002,45.99183921737588
2016-08-13,1.4681229362458723,5.793290712861759,6.442299551265769,0.7340614681229363
2016-08-14,0.0397934129201591,4.624649551510633,4.642705952078571,0.0198967064600795
2016-08-15,35.98805080944765,8.718816514853057,23.57510980222905,17.994025404723825
2016-08-16,5.523664380662095,9.57378165719714,11.806790280247228,2.7618321903310474
2016-08-17,71.40249467599635,10.035460992907804,38.57113882973329,35.701247337998176
2016-08-18,62.69524646696869,15.737719775240166,37.21854080735682,31.347623233484345
2016-08-19,74.94694836871518,14.639084804103533,41.141011658677215,37.47347418435759
2016-08-20,54.30295144023186,11.891202248437557,32.58540418592468,27.15147572011593
2016-08-21,79.3462813832307,17.394331585845347,43.26571699262367,39.67314069161535
2016-08-22,9.192278384556769,5.931768808331701,9.98264329861993,4.596139192278384
2016-08-23,0.0,2.813478960291254,2.813478960291254,0.0
2016-08-24,0.0,3.5204470408940822,3.5204470408940822,0.0
2016-08-25,0.0,3.3756667513335024,3.3756667513335024,0.0
2016-08-26,0.0,3.4611802556938445,3.4611802556938445,0.0
2016-08-27,0.0507983812249183,3.827062191878293,3.8505172968488073,0.0253991906124591
2016-08-28,5.046990093980188,6.379013633648094,8.580560494454323,2.523495046990094
2016-08-29,42.921390107614144,8.861078199052134,26.51847531130329,21.460695053807072
2016-08-30,88.68707528990161,19.05864774000747,46.49962811454072,44.34353764495081
2016-08-31,11.515895525547135,8.84770315654512,13.586758667400414,5.757947762773568
2016-09-01,59.728051174439855,12.992961445529993,35.09654437148853,29.864025587219928
2016-09-02,10.585446386995724,7.5985683445063055,12.086949159717223,5.292723193497862
2016-09-03,11.792944045109346,7.535706058511864,12.543496482182318,5.896472022554673
2016-09-04,52.50188159085335,10.312104972670785,31.148996625821347,26.25094079542668
2016-09-05,22.15827825218561,6.197201474281614,15.903147453854553,11.079139126092809
2016-09-06,29.41161534945918,8.52607220363776,20.72422431741625,14.70580767472959
2016-09-07,1.198035729404792,4.26582115771884,4.813732960799255,0.599017864702396
2016-09-08,0.2040470747608161,4.085043565314035,4.178731690796715,0.102023537380408
2016-09-09,11.139521297762274,7.845341768774892,12.54116890044111,5.569760648881137
2016-09-10,91.73014881002652,23.63153594771242,47.81936726179416,45.86507440501326
2016-09-11,41.60057556392569,10.615108122209984,26.999449828600447,20.800287781962844
2016-09-12,13.678454740905014,9.828204977348944,15.323085778131402,6.839227370452507
2016-09-13,5.446617559901786,7.960457390510133,10.250190500381,2.723308779950893
2016-09-14,2.971805943611887,6.0828970331588135,7.388028109389552,1.4859029718059436
2016-09-15,96.88524036350124,21.06832971800434,49.09884801189149,48.44262018175062
2016-09-16,100.0,-1.0,50.0,50.0
2016-09-17,99.78886383406387,37.2,49.97297457076017,49.89443191703194
2016-09-18,95.98415620830023,41.21976866456362,49.647399625019,47.99207810415013
2016-09-19,65.2630778074595,11.498868365335476,36.62589186081899,32.63153890372975
2016-09-20,25.11151551060138,6.48191055302508,17.409962334419568,12.55575775530069
2016-09-21,48.0693086060442,15.052134245682632,31.85133168635149,24.034654303022094
2016-09-22,5.002116670900008,7.451738828184881,9.580052493438322,2.501058335450004
2016-09-23,24.147003832454885,8.354989460065358,18.411011751169617,12.073501916227444
2016-09-24,12.307184341082646,13.090238557264364,17.632790937875683,6.153592170541323
2016-09-25,0.0118533570400474,3.753725782414307,3.759207518415037,0.0059266785200237
2016-09-26,1.3419693506053678,4.480583565758421,5.0914401828803655,0.6709846753026839
2016-09-27,18.71624710084816,8.056067564330865,15.9063976028035,9.35812355042408
2016-09-28,0.4461942257217848,3.5923560378626167,3.799424265515198,0.2230971128608924
2016-09-29,1.1353822707645416,3.900007707525114,4.423418846837693,0.5676911353822708
2016-09-30,48.41879003799643,15.799058290814234,32.35874044800244,24.20939501899821
2016-10-01,97.07055007433438,30.30565167243368,49.42306392755778,48.53527503716719
2016-10-02,96.90208667736758,61.19443686937552,50.346793951170056,48.45104333868379
2016-10-03,29.370096732424404,11.5089207615898,22.813787967265004,14.685048366212202
2016-10-04,17.95592505735838,5.61769926115491,13.58695192055335,8.97796252867919
2016-10-05,4.669376005418678,3.7870242905990494,5.94488188976378,2.334688002709339
2016-10-06,10.033863867253642,4.070839763616517,8.679309177108026,5.016931933626821
2016-10-07,53.63942527373962,9.07497992261079,31.026925485284917,26.81971263686981
2016-10-08,67.26211621415884,16.20420606624296,38.935972257464265,33.63105810707942
2016-10-09,91.5598236456697,18.36285399779846,47.32976908393723,45.77991182283485
2016-10-10,80.92755190859693,34.241658912667816,46.99449857605233,40.46377595429846
2016-10-11,82.1477474431578,30.19269920931774,46.463950638154,41.0738737215789
2016-10-12,17.712795678897375,26.674966047985517,30.806481653939283,8.856397839448688
2016-10-13,85.00755956855556,23.154929577464788,45.9752688081221,42.50377978427778
2016-10-14,99.9957774193276,100.0,50.0021112903362,49.9978887096638
2016-10-15,83.21308483855161,28.706592853548063,46.42549380734333,41.60654241927581
2016-10-16,0.9872153077639488,12.0544876180052,12.429091524849715,0.4936076538819744
2016-10-17,100.0,-1.0,50.0,50.0
2016-10-18,46.56918741908461,11.20771569745344,29.272967278450484,23.284593709542303
2016-10-19,100.0,-1.0,50.0,50.0
2016-10-20,19.927364464461075,27.10894962203309,31.670532660593956,9.963682232230536
2016-10-21,50.484821330447794,18.710305265314485,34.506851746962994,25.242410665223897
2016-10-22,90.61449304745976,26.84968496849685,47.8272255731833,45.30724652372987
2016-10-23,96.20375063355296,36.78237650200267,49.49822605169793,48.101875316776486
2016-10-24,98.02879945948229,31.362467866323907,49.63261686584182,49.01439972974114
2016-10-25,97.02973641761044,96.64486778504408,51.38547552087292,48.514868208805225
2016-10-26,95.44805803514876,15.194805194805197,48.41568773171412,47.72402901757438
2016-10-27,1.7873169079671494,8.38800334485642,9.131741596816529,0.8936584539835747
2016-10-28,3.9411077433665778,7.489930283185997,9.165297932505885,1.9705538716832889
2016-10-29,4.058081449496232,7.014834490853093,8.759207518415037,2.029040724748116
2016-10-30,8.500118527549189,6.9710203930567385,10.628534660841884,4.250059263774594
2016-10-31,0.5401744136821607,6.552199673113593,6.786893573787148,0.2700872068410803
2016-11-01,1.9117771568876472,6.958878569208991,7.781728896791126,0.9558885784438236
2016-11-02,91.10151954118136,51.19126720455625,50.10600467940976,45.55075977059067
2016-11-03,2.070950808568284,6.055471019504773,6.965540597747862,1.035475404284142
2016-11-04,75.44595302909897,28.553229582702105,44.73394991799537,37.72297651454949
2016-11-05,99.11911015768182,100.0,50.44044492115909,49.55955507884091
2016-11-06,88.2169533916923,99.68447472212264,55.85434481360056,44.10847669584615
2016-11-07,55.03826800287539,44.46346280447663,47.51067698422767,27.519134001437696
2016-11-08,56.8305641095056,63.50631026103317,55.83059794930798,28.4152820547528
2016-11-09,80.5794163604882,95.37250467533596,58.81160521981502,40.2897081802441
2016-11-10,24.50612949348133,48.19181244606816,48.634929229519706,12.253064746740666
2016-11-11,99.52284838401836,100.0,50.23857580799081,49.76142419200919
2016-11-12,16.369176082264822,52.651446151355074,52.21742626211333,8.184588041132411
2016-11-13,91.57080356087096,86.90380761523046,53.11069443740604,45.78540178043548
2016-11-14,3.672287687931735,48.21073908076281,48.27644588920493,1.8361438439658675
2016-11-15,14.672183861359327,50.54493886172734,50.46498443000272,7.336091930679664
2016-11-16,98.4164921289102,64.85333333333332,50.23520370245254,49.2082460644551
2016-11-17,56.130362060518,39.18585843025495,45.25587524708983,28.065181030259
2016-11-18,97.02416650476826,65.34203803576497,50.45655350671949,48.51208325238413
2016-11-19,99.7061083852007,100.0,50.146945807399646,49.85305419260035
2016-11-20,93.10321529015312,56.42909625275533,50.443400927341365,46.55160764507656
2016-11-21,98.89867655380354,58.81901840490797,50.09712591741763,49.44933827690177
2016-11-22,100.0,-1.0,50.0,50.0
2016-11-23,96.26977223399852,50.62259452116822,50.02322419369823,48.13488611699926
2016-11-24,100.0,-1.0,50.0,50.0
2016-11-25,99.386881286367,6.887052341597796,49.73566644990753,49.69344064318349
2016-11-26,98.41300675675676,100.0,50.79349662162163,49.20650337837838
2016-11-27,24.556117872073933,36.24279272205146,39.62102875713004,12.278058936036969
2016-11-28,3.990280411812517,28.67926524925264,29.53002235166621,1.9951402059062584
2016-11-29,10.222549542457102,32.90462495874782,34.65220814180867,5.111274771228551
2016-11-30,3.6320535071752102,28.661541840544697,29.436566058502304,1.8160267535876051
2016-12-01,57.42398498719346,27.216232850874583,40.29957987810548,28.71199249359673
2016-12-02,3.633053932774532,27.561303473058103,28.376513419693502,1.8165269663872656
2016-12-03,12.747405312970894,31.67811541894672,34.0136803074683,6.373702656485447
2016-12-04,8.862988073775,31.63217921093692,33.26011697688395,4.4314940368875
2016-12-05,3.423022216201571,26.676835950170517,27.47519303711731,1.7115111081007854
2016-12-06,6.075047190174286,28.992808348804093,30.2690051549446,3.037523595087143
2016-12-07,4.344255355177377,26.677524141654647,27.690712048090766,2.1721276775886884
2016-12-08,12.150450267452095,30.205402905699643,32.61053558128512,6.075225133726048
2016-12-09,44.88896408781354,32.92244872896967,40.58838458610042,22.44448204390677
2016-12-10,3.221573109812886,26.69524517737632,27.446024892049785,1.610786554906443
2016-12-11,25.411153598862985,29.276259825104635,34.54240127237657,12.705576799431492
2016-12-12,19.113127841317947,19.62824189395684,25.43323484842072,9.556563920658974
2016-12-13,6.765657010311024,25.37000381353624,27.03638487716506,3.382828505155512
2016-12-14,9.067741361939191,21.83778549547956,24.391462268544,4.533870680969597
2016-12-15,14.97477398164765,26.61536010832122,30.11715707852233,7.487386990823825
2016-12-16,5.640456858378983,22.890290626205708,24.419402087866494,2.8202284291894912
2016-12-17,14.538451771278622,27.911053882725835,31.12244466076946,7.269225885639311
2016-12-18,5.450574011988215,23.50865882268665,24.95258898032443,2.725287005994108
2016-12-19,55.31114155714552,31.066785261444718,41.538962466805366,27.65557077857276
2016-12-20,55.01702908042966,32.011948822965785,41.90844017003727,27.50851454021483
2016-12-21,4.248581830496994,26.779966752732285,27.766488866311068,2.124290915248497
2016-12-22,10.912614457627406,26.20569767552317,28.802278151075605,5.456307228813703
2016-12-23,5.854711709423419,23.25734070776564,24.82304631275929,2.9273558547117093
2016-12-24,82.5008661264291,49.33120865324256,49.882967306896056,41.25043306321455
2016-12-25,54.79245921041508,25.08601989677612,38.73700228252599,27.39622960520754
2016-12-26,8.72973544973545,23.755020266572675,26.046137566137567,4.364867724867725
2016-12-27,6.904522017424288,22.86732874968169,24.74071001007527,3.452261008712144
2016-12-28,7.326633761439928,22.647835341622283,24.651828271967624,3.663316880719964
2016-12-29,5.919754811070755,23.87577505602001,25.42226511899622,2.9598774055353774
2016-12-30,5.256874830669196,21.07092749970957,22.59169263072338,2.6284374153345977
2016-12-31,15.855681972098065,24.64838326726896,28.66805499119599,7.927840986049031
2017-01-01,6.079027355623101,20.752539867124607,22.530500969427063,3.0395136778115504
2017-01-02,16.475546490864314,21.52489994427276,26.216328292274238,8.237773245432157
2017-01-03,8.067492973009584,21.05961118734287,23.394375021165636,4.033746486504792
2017-01-04,94.07809147278964,5.449358059914408,47.36175173602311,47.03904573639482
2017-01-05,84.12242380199928,32.75678552421501,47.26219548262255,42.06121190099964
2017-01-06,11.846772486772489,37.85904293630139,39.2973544973545,5.923386243386243
2017-01-07,43.1399242372996,37.18343371254368,42.71249069877562,21.5699621186498
2017-01-08,49.03986809284235,22.957456693435983,36.21908425992474,24.519934046421174
2017-01-09,12.764300587428687,37.727775513768414,39.29423913595504,6.382150293714344
2017-01-10,13.412467426985684,31.47259705109289,33.95757893668144,6.706233713492843
2017-01-11,28.095971303362045,42.44399472891566,44.56692780156004,14.047985651681024
2017-01-12,19.91828309915153,29.63229002714779,33.68918816035462,9.959141549575763
2017-01-13,100.0,-1.0,50.0,50.0
2017-01-14,76.90007096752392,65.45973228000878,53.57118718529282,38.45003548376196
2017-01-15,21.06144826010812,51.71859425741937,51.3566334170918,10.53072413005406
2017-01-16,33.8044728650697,51.75634751274614,51.16262349438354,16.90223643253485
2017-01-17,45.97225746426457,72.29988884888144,62.04812653302885,22.986128732132286
2017-01-18,14.70677862802194,49.88487723546575,49.90180808559626,7.35338931401097
2017-01-19,4.999534336344625,48.11418284227225,48.20846491859353,2.4997671681723124
2017-01-20,2.6585386504106343,45.26572149256328,45.39158411650156,1.3292693252053172
2017-01-21,7.530431543840047,44.027719291821526,44.47745780215687,3.765215771920024
2017-01-22,6.158248531129887,41.63509075818267,42.15022265869723,3.079124265564944
2017-01-23,11.560439188331204,42.83198208115171,43.66063643366885,5.780219594165602
2017-01-24,15.761453757543444,40.28555065459624,41.81668909597204,7.880726878771721
2017-01-25,14.003216795056296,40.44769067212663,41.78532125624312,7.001608397528147
2017-01-26,8.266036873381076,37.86691766095471,38.86984272097787,4.133018436690538
2017-01-27,3.981881297095928,38.19958203638223,38.66946067225468,1.990940648547964
2017-01-28,28.673604829096323,39.31276446952008,42.377180152684666,14.336802414548162
2017-01-29,5.3658660480709806,35.93429892913696,36.68904560732155,2.6829330240354903
2017-01-30,66.43674663150243,43.56520425124666,47.84027319910061,33.218373315751215
2017-01-31,96.86431159267298,100.0,51.56784420366351,48.43215579633649
2017-02-01,96.00776994214772,93.59001480854666,51.740213673409066,48.00388497107386
2017-02-02,91.62633557160352,73.07847488400242,51.93251404197813,45.81316778580177
2017-02-03,96.78972305977146,100.0,51.60513847011428,48.39486152988573
2017-02-04,99.83446924590606,96.93877551020408,50.07769810906449,49.91723462295303
2017-02-05,99.97635354823454,100.0,50.011823225882736,49.98817677411727
2017-02-06,98.31941289238333,100.0,50.84029355380834,49.159706446191656
2017-02-07,3.62116991643454,73.44993587153223,72.60077384832911,1.8105849582172704
2017-02-08,44.81874492282697,66.40290748493352,59.05133021933388,22.409372461413486
2017-02-09,68.20772587355816,68.38143370129006,55.84387579068431,34.10386293677908
2017-02-10,97.6515113116056,99.06474820143885,51.15228006149999,48.8257556558028
2017-02-11,84.6945239844918,84.69094922737307,55.30961491354771,42.3472619922459
2017-02-12,82.50577025507486,84.74772859075972,56.078847470810544,41.25288512753743
2017-02-13,5.366906474820144,64.67279020472412,63.88531527719002,2.683453237410072
2017-02-14,1.4822653009396427,58.23988863970304,58.11775162956066,0.7411326504698214
2017-02-15,4.379586757971541,56.05718585402558,55.79190614445695,2.18979337898577
2017-02-16,3.06193281863741,53.68305228318677,53.570279696600295,1.530966409318705
2017-02-17,92.03531598513013,42.57982391004561,49.4090064210882,46.017657992565056
2017-02-18,13.677767807256656,49.87300061783483,49.89037129844404,6.838883903628329
2017-02-19,4.517674544592673,50.56339151942837,50.537939324168754,2.2588372722963364
2017-02-20,45.56296095811624,43.595599888132746,46.51363421070438,22.78148047905812
2017-02-21,75.64307390595017,42.97563684320122,48.28908105732086,37.82153695297509
2017-02-22,10.281370623687954,48.28380035852439,48.4602492043069,5.140685311843977
2017-02-23,46.592437792424256,54.20442304036499,52.24547985075259,23.296218896212128
2017-02-24,99.86994451528996,90.9090909090909,50.053204516472285,49.934972257644986
2017-02-25,7.80425856157135,48.0664860645576,48.21656859839987,3.902129280785675
2017-02-26,93.19947967699429,51.39734194509998,50.095026522958406,46.59973983849714
2017-02-27,33.52484261829012,53.702124409709405,52.46099302782103,16.76242130914506
2017-02-28,99.59378773931476,100.0,50.20310613034263,49.796893869657374
2017-03-01,19.872369957851618,70.96092701940445,66.79249115561048,9.936184978925809
2017-03-02,34.79449041406501,52.3660615811805,51.54280251112577,17.397245207032505
2017-03-03,57.65723084211773,45.68631368631368,48.173465762000646,28.828615421058867
2017-03-04,86.4528397565923,98.39665606088964,56.556372549019606,43.22641987829615
2017-03-05,92.72267941936902,36.28236386857077,49.00172364263143,46.36133970968451
2017-03-06,52.62387711255096,49.441091389593225,49.732283331359646,26.31193855627548
2017-03-07,88.10511289246286,52.77659423377361,50.33027274954176,44.05255644623143
2017-03-08,14.631669797431082,59.04747745068887,57.72368042510704,7.315834898715541
2017-03-09,96.65641943820414,14.928012124273806,48.82733983075182,48.32820971910207
2017-03-10,23.21625052898857,49.171660982528174,49.31527719001269,11.608125264494287
2017-03-11,1.797218248156645,52.84248642124321,52.78513802940903,0.8986091240783225
2017-03-12,3.5283162617455344,52.37798564433759,52.29408279014645,1.7641581308727672
2017-03-13,12.683092032850732,53.88978851729388,53.395986791973584,6.341546016425366
2017-03-14,10.92240612961944,51.20041059174635,51.06929687169284,5.46120306480972
2017-03-15,53.68815376679604,56.941223729618194,53.21460886036344,26.84407688339802
2017-03-16,2.874847622917513,47.21176306523028,47.29192062847081,1.4374238114587563
2017-03-17,2.6817458436325468,46.139661111304406,46.24318558900213,1.3408729218162734
2017-03-18,87.5819755256575,10.08574928542262,45.04343857751335,43.79098776282875
2017-03-19,78.20343795953552,28.39362568337792,45.29055321738248,39.10171897976776
2017-03-20,9.147936507936508,42.62153020434406,43.296507936507936,4.573968253968254
2017-03-21,96.85248836679024,44.91548162060639,49.83996419251589,48.42624418339512
2017-03-22,97.65473908233326,36.55023406553835,49.68456789602142,48.82736954116663
2017-03-23,97.87086693974072,47.36215787385958,49.9438368312149,48.93543346987036
2017-03-24,96.84110949694248,23.20855614973262,49.15368762458191,48.42055474847123
2017-03-25,18.670583355202453,37.01911066699975,39.44271843016415,9.335291677601226
2017-03-26,54.278412024068444,34.544478584385296,42.93349017882078,27.139206012034222
2017-03-27,4.627575814016492,36.269218478145085,36.90462080292588,2.313787907008246
2017-03-28,3.533933893253861,36.38645579174639,36.86754944459496,1.7669669466269304
2017-03-29,4.650749301498603,34.14404574797766,34.88146642959953,2.3253746507493016
2017-03-30,23.75941759078981,28.053695746310915,33.26800981969017,11.879708795394905
2017-03-31,16.616012394070488,29.51550348244563,32.919209962665406,8.308006197035244
2017-04-01,93.70907646944518,22.132688691915124,48.24688875558672,46.85453823472259
2017-04-02,57.8433694181326,23.255627332183124,38.72547361299053,28.9216847090663
2017-04-03,43.15459067988765,23.80002679009957,35.10651798707232,21.577295339943824
2017-04-04,91.40959671491215,30.677682698927907,48.34013501981361,45.704798357456085
2017-04-05,79.86157473527648,27.97733948804029,45.56498297149521,39.93078736763824
2017-04-06,42.05913455437587,19.92728759362817,32.57561016877459,21.029567277187937
2017-04-07,60.06615737333232,24.898841175349023,39.97614273749397,30.03307868666616
2017-04-08,6.189040910322406,31.17272251403404,32.3379504199404,3.094520455161203
2017-04-09,2.298704597409195,28.70488322717622,29.19439505545678,1.1493522987045974
2017-04-10,21.451958138393724,27.563736630656056,32.37675445646748,10.725979069196862
2017-04-11,85.74893926331626,14.382302354545995,44.92410027553797,42.87446963165813
2017-04-12,51.39987646904535,21.469359331476323,36.13407339092471,25.699938234522676
2017-04-13,50.4036694142139,20.74702248916493,35.491596567540576,25.20183470710695
2017-04-14,4.015748031496063,25.82232924925243,26.793243586487176,2.0078740157480315
2017-04-15,95.3509979643723,24.12790697674419,48.79720586868934,47.67549898218615
2017-04-16,94.08490438543144,19.80579751535057,48.21398405297656,47.04245219271572
2017-04-17,98.10041049377504,23.165851489550917,49.49026133081068,49.05020524688752
2017-04-18,72.60767370681637,20.238903636026915,41.84774337555168,36.303836853408185
2017-04-19,65.7131502401407,12.784532294261265,37.239988500304406,32.85657512007035
2017-04-20,20.7070536046866,23.17566773818042,28.724899258406424,10.3535268023433
2017-04-21,7.1105655265831365,25.79567546846049,27.48179817135117,3.555282763291568
2017-04-22,10.128511200284452,25.66624275823089,28.130238228272464,5.064255600142226
2017-04-23,10.39714186540692,21.517300056721496,24.468121132078664,5.19857093270346
2017-04-25,98.8852387024854,22.424242424242426,49.69259612704901,49.44261935124271
2017-04-26,99.97550903210006,100.0,50.01224548394997,49.98775451605003
2017-04-27,99.98226501140108,100.0,50.008867494299466,49.99113250570053
2017-04-28,99.45772446997212,68.84735202492212,50.10220457808937,49.72886223498607
2017-04-29,29.386321313695618,53.04899371751739,51.93118334179787,14.693160656847809
2017-04-30,16.233331922279135,44.65855410230732,45.49464504931635,8.116665961139567
2017-05-01,100.0,-1.0,50.0,50.0
2017-05-02,33.90070081592579,45.79847591143324,47.11505907844399,16.950350407962894
2017-05-03,94.35922141365992,17.17111177704525,48.14819510298605,47.17961070682996
2017-05-04,97.4196545462224,27.62684124386252,49.42269521516956,48.7098272731112
2017-05-05,38.27933338973014,41.46827304823266,44.67557736232129,19.13966669486507
2017-05-06,99.66303806234218,100.0,50.16848096882891,49.83151903117109
2017-05-07,97.25194449839964,23.540258143822985,49.27287160821208,48.62597224919982
2017-05-08,97.28108925358762,26.405716060888476,49.358492478440446,48.64054462679381
2017-05-09,25.290547575313827,31.441211502467247,36.10662016776848,12.645273787656912
2017-05-10,28.264567728830777,35.11721469106526,39.32376962464559,14.132283864415388
2017-05-11,98.41382455784726,16.879659211927585,49.4746532880623,49.20691227892363
2017-05-12,93.47927104367147,22.01347499352164,48.17507456003244,46.73963552183574
2017-05-13,36.94027640253552,26.767236172811337,35.34880375081457,18.47013820126776
2017-05-14,53.05773800965824,20.82732776016143,36.305511624563394,26.52886900482912
2017-05-15,80.84469908228972,29.976177871889888,46.164376616133445,40.42234954114486
2017-05-16,2.3207179747692828,24.74581560037792,25.33189399712133,1.1603589873846414
2017-05-17,3.690408662597256,26.04476168709014,26.92880787693558,1.845204331298628
2017-05-18,77.22650074815498,20.999294702847173,43.39552459612312,38.61325037407749
2017-05-19,99.0405972619862,47.7112676056338,49.97804183874264,49.520298630993096
2017-05-20,94.02385054558968,20.47767100056529,48.23570149657106,47.011925272794834
2017-05-21,49.93866587707796,24.752006759611323,37.36051774459625,24.96933293853898
2017-05-22,18.325812923816702,24.09718479207264,28.844086249079343,9.162906461908351
2017-05-23,47.28165199729181,23.78796635201952,36.18144888287068,23.640825998645905
2017-05-24,97.02250228063654,25.049645390070925,49.257103760516266,48.51125114031827
2017-05-25,10.172720345440691,15.66202599655013,19.15460164253662,5.086360172720346
2017-05-26,0.3996274659215985,16.827045682517554,16.959613919227838,0.1998137329607992
2017-05-27,0.2260604521209042,16.36753986235924,16.443569553805773,0.1130302260604521
2017-05-28,2.0497667448417167,17.791511798772582,18.45171067893761,1.0248833724208584
2017-05-29,0.9186351706036744,15.82311471907712,16.13707560748455,0.4593175853018372
2017-05-30,69.8099167963201,19.10430203898723,40.67256307921261,34.90495839816005
2017-05-31,39.16498806642179,15.560873134016887,29.04895306125904,19.582494033210896
2017-06-01,45.45731526697529,10.987493405331596,28.721531521619543,22.728657633487646
2017-06-02,90.8223008879464,21.228021725121973,47.359394405346265,45.411150443973206
2017-06-03,64.14035087719299,10.694834131044727,35.90530543225533,32.07017543859649
2017-06-04,95.16187612443304,20.949720670391063,48.5945114998353,47.58093806221652
2017-06-05,97.12790864754756,11.212477928193056,48.88598693274505,48.563954323773785
2017-06-06,97.38921042625998,44.01294498381877,49.84369059186346,48.69460521312999
2017-06-07,10.42280470046395,9.975048202336396,14.146686308374818,5.211402350231975
2017-06-08,49.889652723167856,5.306942053930006,27.604153454588506,24.944826361583928
2017-06-09,23.45993202225341,4.5732212489091655,15.230312663814532,11.729966011126706
2017-06-10,4.366268732537465,10.031606066239942,11.776733553467109,2.1831343662687326
2017-06-11,0.1651003302006604,8.43404147055082,8.502667005334011,0.0825501651003302
2017-06-12,45.801074586453446,14.806026071344938,30.925244320345215,22.900537293226723
2017-06-13,0.358987384641436,8.72491205411009,8.873084412835492,0.179493692320718
2017-06-14,99.80829483747289,36.12334801762114,49.97339774176386,49.90414741873644
2017-06-15,12.528038055576715,10.834897718255888,15.741516636618336,6.264019027788358
2017-06-16,87.03681790519981,20.812414422638064,46.21636013253094,43.51840895259991
2017-06-17,15.17114096800684,6.884300242517391,13.42544383206766,7.58557048400342
2017-06-18,0.0245533824400982,5.838365189996697,5.849208365083397,0.0122766912200491
2017-06-19,0.0245533824400982,6.787713518686325,6.798323596647194,0.0122766912200491
2017-06-20,13.63270902274093,14.064812002077437,18.96375161860914,6.816354511370465
2017-06-21,10.710173394743972,10.368663594470046,14.613248442156598,5.355086697371986
2017-06-22,6.35878767355232,11.231454944895985,13.696664409075517,3.17939383677616
2017-06-23,48.11470697642961,9.954050707162876,29.22204186534104,24.057353488214805
2017-06-24,10.965606562095266,9.938295667386075,14.331304546570392,5.482803281047633
2017-06-25,91.52118436396208,6.956348415387683,46.35040813912221,45.76059218198104
2017-06-26,0.0872068410803488,5.625937444388892,5.6646346626026585,0.0436034205401744
2017-06-27,95.0395769448457,23.48433242506812,48.68471071238501,47.51978847242285
2017-06-28,81.10477156502262,17.464435895141808,43.85233083977854,40.55238578251131
2017-06-29,89.87588817262443,46.39906534256864,49.63543734845093,44.93794408631221
2017-06-30,77.74440289035927,14.899441128388396,42.18816103430186,38.872201445179634
2017-07-01,59.51026549121369,10.76133018808843,34.112366768377726,29.755132745606844
2017-07-02,85.25059786879842,15.23433023948665,44.87227156341634,42.62529893439921
2017-07-03,18.94779619689453,8.90383771700754,16.690654791133987,9.473898098447265
2017-07-04,12.396183445228036,11.373761778207296,16.16194112617151,6.198091722614018
2017-07-05,7.356701380069426,9.489037753264912,12.469308271949878,3.678350690034713
2017-07-06,9.30238464078015,7.859662877303018,11.77971912537776,4.651192320390075
2017-07-07,16.35357432981316,7.803743045017704,14.70433929054969,8.17678716490658
2017-07-08,30.66785170137126,11.808226202248836,23.52082275266633,15.33392585068563
2017-07-09,38.92768374955616,6.106035437430786,23.192939147489984,19.46384187477808
2017-07-10,70.33709194799926,12.99974353859744,39.0246479468497,35.16854597399963
2017-07-11,53.61622992392223,13.232614083685668,32.94590025359256,26.80811496196112
2017-07-12,38.79480343616436,13.120013274886954,27.42753163217807,19.39740171808218
2017-07-13,25.805468551595705,11.645711156242156,21.543215102006265,12.902734275797853
2017-07-14,60.65842647232884,14.724717410925344,36.12214876312541,30.32921323616442
2017-07-15,43.212059179305854,9.85655340890471,27.20336330646185,21.606029589652927
2017-07-16,0.9118618237236472,3.472524843420232,3.8967911269155873,0.4559309118618236
2017-07-17,0.133773600880535,4.615436787845904,4.6761493522987045,0.0668868004402675
2017-07-18,13.53881839037646,12.878179646346958,17.904035487229848,6.76940919518823
2017-07-19,9.410928054995852,6.270910824096745,10.38622394554598,4.705464027497926
2017-07-20,75.84053672674423,19.02280358142138,42.5160756081692,37.92026836337212
2017-07-21,44.91109644893332,6.333973128598848,25.94486457223096,22.45554822446666
2017-07-22,44.32063355077798,13.963347921225385,29.935020433027898,22.16031677538899
2017-07-23,43.222560460003386,12.017276044381562,28.434381870454928,21.611280230001693
2017-07-24,99.87923419276925,65.03496503496503,50.018157096891336,49.93961709638462
2017-07-25,66.92193258275012,13.903511013440998,38.05997903776584,33.46096629137506
2017-07-26,90.92529998309952,9.72157556569513,46.3448538110529,45.46264999154977
2017-07-27,100.0,-1.0,50.0,50.0
2017-07-28,31.76587066529016,7.5079059961555155,21.00588962039027,15.88293533264508
2017-07-29,52.56117565487968,19.784685583915586,35.666210068827894,26.28058782743984
2017-07-30,21.11683979715372,8.070747832059757,16.9248808405083,10.55841989857686
2017-07-31,4.588942511218356,4.359747981187327,6.454152908305817,2.294471255609178
2017-08-01,0.1752588666593289,3.314560998778667,3.3963813700671404,0.0876294333296644
2017-08-02,31.47335211076996,7.430539269536024,20.8285755368909,15.73667605538498
2017-08-03,0.1964270595207857,4.033831588591594,4.124121581576497,0.0982135297603928
2017-08-04,2.792946096732956,8.18411426580735,9.352009414234796,1.3964730483664778
2017-08-05,13.863330483582898,19.80326451194465,23.98953774790713,6.931665241791449
2017-08-06,100.0,-1.0,50.0,50.0
2017-08-07,7.099018869202313,6.202673519039939,9.311853990129434,3.5495094346011564
2017-08-08,56.00138682181031,14.987219157809768,34.59486199431741,28.000693410905157
2017-08-09,47.09968944887753,13.99961609827884,30.955685116393205,23.549844724438763
2017-08-10,71.44330768580367,22.2330786995914,42.07068571911727,35.72165384290184
2017-08-11,77.36061208099083,11.647186228014489,41.31715771230503,38.68030604049542
2017-08-12,46.02147809910367,8.760084593091564,27.73930323017081,23.010739049551837
2017-08-13,12.141786811828547,6.210312298249164,11.527162824561255,6.0708934059142745
2017-08-14,56.180212492386815,13.960850932396433,34.20772145902416,28.090106246193407
2017-08-15,5.351428232784166,7.18713382291117,9.478233630776003,2.675714116392083
2017-08-16,82.06440929981076,13.358455016486104,43.42812246553122,41.03220464990538
2017-08-17,42.2021532315401,9.657767949975838,26.683058536750515,21.10107661577005
2017-08-18,26.346884707515468,13.119426312402316,22.836308541343964,13.173442353757734
2017-08-19,95.6048690245901,47.14587737843552,49.87455757258344,47.80243451229505
2017-08-20,19.94971939358541,7.12812866795673,15.680946697478351,9.974859696792707
2017-08-21,22.668335715675244,7.02395275073827,16.765907418528137,11.334167857837622
2017-08-22,1.5223097112860893,4.838709677419355,5.526204385742105,0.7611548556430446
2017-08-23,69.95477025827451,10.41672528771209,38.10711417339477,34.977385129137254
2017-08-24,0.2099737532808399,3.824812068351122,3.921767843535687,0.1049868766404199
2017-08-25,7.839418900957493,9.024352155501052,12.236604837412484,3.9197094504787455
2017-08-26,3.856215236918076,5.584417871546061,7.297178317149363,1.928107618459038
2017-08-27,15.392493778673122,4.260832157827866,11.301230722351068,7.696246889336561
2017-08-28,63.915275886278856,35.51184978550833,44.77199096591919,31.957637943139428
2017-08-29,0.0169333672000677,3.2170378524853924,3.2249597832529,0.0084666836000338
2017-08-30,2.738647522941993,3.513826388949333,4.786918831058888,1.3693237614709963
2017-08-31,79.72754852830572,18.94618366751428,43.70463015388776,39.86377426415286
2017-09-01,97.34821933773044,97.38853503184714,51.25664000810736,48.67410966886522
2017-09-02,95.63285954377696,23.051634113324308,48.82312701107198,47.81642977188849
2017-09-03,61.17217977033671,11.94098160578851,35.22251275672108,30.58608988516836
2017-09-04,37.348367490328535,13.36422964153977,27.04709178793035,18.674183745164267
2017-09-05,53.70108838129709,9.275224665741217,31.144872261076205,26.850544190648545
2017-09-06,98.0911194824062,20.66371681415929,49.440005405679344,49.04555974120311
2017-09-07,17.186732810727527,7.570739286882564,14.862942959213044,8.593366405363764
2017-09-08,30.509306675921145,13.618037199897682,24.717921805300445,15.254653337960573
2017-09-09,95.48553902309192,17.744050964961588,48.54291821922554,47.742769511545966
2017-09-10,100.0,-1.0,50.0,50.0
2017-09-11,97.72934694429422,26.423520655005586,49.46465995132504,48.86467347214711
2017-09-12,99.74578561535084,96.3455149501661,50.11781696564304,49.87289280767542
2017-09-13,65.22003598976066,19.563738826272832,39.41427931771524,32.61001799488033
2017-09-14,96.46199324324324,16.447839579851994,48.8129222972973,48.23099662162162
2017-09-15,81.1337496725343,16.90929451287794,43.75702466767512,40.56687483626715
2017-09-16,95.69120590495656,38.102704821638575,49.48737004788487,47.84560295247827
2017-09-17,95.09720262586494,24.142684818197484,48.73226823024476,47.54860131293247
2017-09-18,84.29794679762982,11.60099052540913,43.97056710311658,42.14897339881491
2017-09-19,100.0,-1.0,50.0,50.0
2017-09-20,85.62893480373516,20.3339997647889,45.73667976507373,42.81446740186758
2017-09-21,6.9723139446278894,14.483731513083049,16.96003725340784,3.4861569723139447
2017-09-22,7.313604659037042,10.049682180170963,12.971490485542086,3.656802329518521
2017-09-23,48.48474590614818,10.130928326187307,29.461346422375488,24.24237295307409
2017-09-24,83.78529115999223,15.561809464248489,44.41594767486078,41.89264557999611
2017-09-25,70.93370310557955,12.234924513482852,39.02309103668693,35.46685155278978
2017-09-26,44.42761270448448,10.690463862577284,28.154752333640825,22.21380635224224
2017-09-27,44.30774694333113,12.771578228194032,29.26665313784181,22.15387347166557
2017-09-28,86.70457714049125,10.289164283444553,44.72027647043912,43.352288570245626
2017-09-29,67.10499628152255,7.003391223923543,35.85626394429045,33.55249814076127
2017-09-30,92.60729640923412,25.182815356489947,48.16533909973224,46.30364820461706
2017-10-01,98.94012330039692,100.0,50.52993834980154,49.47006165019846
2017-10-02,15.756498179663026,12.373869346733668,18.30242993819321,7.878249089831513
2017-10-03,99.92314903176224,100.0,50.03842548411888,49.961574515881125
2017-10-04,71.21163412405672,10.62916923800288,38.66578119183784,35.60581706202836
2017-10-05,0.16002032004064,5.710602861237608,5.781474896283126,0.08001016002032
2017-10-06,13.505138928867744,5.352074075524147,11.38183850048257,6.752569464433872
2017-10-07,3.2308864617729234,7.008241902462071,8.397256794513588,1.6154432308864617
2017-10-08,78.41247042919906,17.087393839771437,42.8949814126394,39.20623521459953
2017-10-09,42.77942296302564,9.741383134454152,26.963787122429984,21.38971148151282
2017-10-10,66.14731716389521,12.23404255319149,37.215210205513614,33.073658581947605
2017-10-11,1.011768690204047,5.375700295086173,5.827194987723309,0.5058843451020235
2017-10-12,0.9465752264837862,5.195227024070022,5.619337905342477,0.4732876132418931
2017-10-13,41.40615743953421,8.759640659753314,25.83568877680551,20.703078719767102
2017-10-14,0.164253661840657,5.364835984938431,5.438150876301752,0.0821268309203285
2017-10-15,0.0254000508001015,5.277777777777778,5.2891372449411564,0.0127000254000507
2017-10-16,0.0753534840403014,5.105870989061269,5.139700279400559,0.0376767420201507
2017-10-17,30.6446426455904,10.510004880429475,22.61157276558296,15.3223213227952
2017-10-18,0.0948268563203793,4.648383870913066,4.691389382778766,0.0474134281601896
2017-10-19,0.4572009144018288,4.883898953814748,5.090170180340361,0.2286004572009144
2017-10-20,0.1464736262805859,4.283642961920347,4.350605367877403,0.0732368131402929
2017-10-21,10.073805735179606,7.030852926227811,11.359481328503234,5.036902867589803
2017-10-22,98.55325833586704,99.18272037361356,50.71154690719908,49.27662916793352
2017-10-23,61.187203030149306,18.402422288539874,37.73609631546019,30.593601515074653
2017-10-24,15.721699670665526,15.462043055039327,20.89199691830981,7.860849835332763
2017-10-25,94.61423417181388,22.10542830247882,48.49766368959602,47.30711708590694
2017-10-26,30.19073707705575,11.469195460766148,23.1019293528805,15.095368538527875
2017-10-27,77.11267903164477,25.49656649191464,44.391820524737,38.55633951582239
2017-10-28,9.469664900011852,7.383403940932768,11.419052779518092,4.734832450005926
2017-10-29,64.38336487765311,25.30306265271748,41.20378193862377,32.191682438826554
2017-10-30,3.281686563373127,9.856960274524225,11.174329015324698,1.6408432816865637
2017-10-31,10.518740528138308,9.123939104353338,13.42358588809022,5.259370264069154
2017-11-01,54.59997124225021,10.59505179223489,32.11014218169823,27.299985621125103
2017-11-02,64.47722086045135,25.82625455064601,41.41281379426929,32.23861043022568
2017-11-03,1.5316230632461263,7.393745539591233,8.046312759292185,0.7658115316230633
2017-11-04,84.55587683254706,33.14720534296819,47.39723363601008,42.27793841627353
2017-11-05,99.9780425805035,61.53846153846154,50.00253354840344,49.98902129025175
2017-11-06,88.16730038022814,71.62750839105905,52.55851288550908,44.08365019011407
2017-11-07,96.82545048852226,94.1160809371672,51.40048683187396,48.41272524426113
2017-11-08,29.307121649170597,68.43282957006616,63.03069778458259,14.653560824585297
2017-11-09,58.35411260534035,71.76172112847574,59.06286187630487,29.177056302670174
2017-11-10,96.03161868407496,98.44647797403702,51.92254098014543,48.01580934203748
2017-11-11,92.89816394439472,77.66678558687121,51.96484975423543,46.44908197219736
2017-11-12,87.67462288214328,67.34735832248339,52.13812733323198,43.83731144107164
2017-11-13,99.98902129025174,100.0,50.00548935487412,49.99451064512587
2017-11-14,4.56396407074102,60.5207132085514,60.04055163772741,2.28198203537051
2017-11-15,3.3906484138876896,53.64722996301944,53.52356521812748,1.6953242069438448
2017-11-16,10.78617257198964,53.8942494710576,53.47420900272554,5.39308628599482
2017-11-17,8.974413230974971,50.34311537603213,50.312322784328,4.4872066154874855
2017-11-18,4.496313040239081,47.66594567761152,47.77089206647533,2.2481565201195406
2017-11-19,48.56444560961378,42.1252527909768,45.94958011619745,24.28222280480689
2017-11-20,45.02139607259442,41.79510844485464,45.48906516922349,22.51069803629721
2017-11-21,25.85823388617776,41.641285376954926,43.80270135406006,12.92911694308888
2017-11-22,4.581509731052172,46.08792086235195,46.26715314872976,2.290754865526086
2017-11-23,86.38356835675118,91.28816083395384,55.62197419670996,43.19178417837559
2017-11-24,70.22133986652024,64.33657692416807,54.2692405170229,35.11066993326012
2017-11-25,99.00178192904376,99.06937394247038,50.48981935799883,49.50089096452188
2017-11-26,23.89582028406494,50.991536074562624,50.75460039613346,11.94791014203247
2017-11-27,10.048503009218113,48.2195622306288,48.39846957346132,5.024251504609056
2017-11-28,100.0,-1.0,50.0,50.0
2017-11-29,98.7273141853375,73.78898473788985,50.30275903421136,49.36365709266875
2017-11-30,95.26793632025674,87.47099767981439,51.77315147164393,47.63396816012837
2017-12-01,37.7282496488467,65.9102644237302,59.907600142153626,18.86412482442335
2017-12-02,45.143050331741534,78.8718723037101,65.8382284579301,22.571525165870767
2017-12-03,3.864096246814492,58.34045213960493,58.01816904151109,1.9320481234072455
2017-12-04,37.0272030035769,47.993178552725226,48.73624840392697,18.51360150178845
2017-12-05,28.0425564329787,46.862392227436864,47.742257657703405,14.02127821648935
2017-12-06,3.1231744795414715,48.14730660327891,48.20516945062946,1.5615872397707358
2017-12-07,5.663235941361682,46.76242855989305,46.94577986931645,2.831617970680841
2017-12-08,94.62689845083034,37.16396792957082,49.310306961971854,47.31344922541517
2017-12-09,63.04443392398215,43.81205105915725,47.71320844041661,31.522216961991077
2017-12-10,99.7145535465455,100.0,50.14272322672725,49.85727677327275
2017-12-11,99.2339979899837,100.0,50.38300100500816,49.61699899499185
2017-12-12,84.43137056009196,79.16711912259746,54.54092069449376,42.21568528004598
2017-12-13,31.39053680085983,66.32951363619543,61.20359164882409,15.695268400429915
2017-12-14,84.76773648648648,82.09037981702245,54.88809121621622,42.38386824324324
2017-12-15,98.8066886242716,99.22151450813872,50.58736593193143,49.4033443121358
2017-12-16,29.708595051103654,68.00245348599468,62.65417748057723,14.854297525551829
2017-12-17,62.61549516040408,65.24059334298119,55.69762035588993,31.30774758020204
2017-12-18,89.97094741820516,76.01684210526317,52.609242774859375,44.98547370910258
2017-12-19,4.1137874105744405,65.00052977325704,64.38343986792533,2.0568937052872203
2017-12-20,10.73191381280955,62.564136609793344,61.21576429750667,5.365956906404775
2017-12-21,14.315944506987414,58.48678231319398,57.27181926680831,7.157972253493707
2017-12-22,56.44527453582023,54.92946814909676,52.14701631918328,28.222637267910116
2017-12-23,44.38269255170664,61.37068808176674,56.324070549422665,22.19134627585332
2017-12-24,1.881217457562545,54.77207424089462,54.68230114718706,0.9406087287812726
2017-12-25,5.879465041476214,56.16220299656456,55.79989842559675,2.939732520738107
2017-12-26,82.87237277826587,69.9186189889026,53.41158680813678,41.436186389132935
2017-12-27,98.46213611911055,100.0,50.76893194044472,49.23106805955528
2017-12-28,84.82555340658598,96.83308287415818,57.10666114878846,42.41277670329299
2017-12-29,4.346684954238738,80.78846511298559,79.45018753227842,2.173342477119369
2017-12-30,92.37129248023784,100.0,53.81435375988109,46.18564624011891
2017-12-31,4.636277431590355,75.2050854078625,74.0365077214847,2.3181387157951776
2018-01-01,99.67823935276284,100.0,50.160880323618585,49.839119676381415
2018-01-02,34.277495769881554,78.53869522681633,68.75634517766498,17.138747884940777
2018-01-03,77.37382269713223,87.4710669752856,58.47827005110445,38.68691134856611
2018-01-04,99.95946322554492,100.0,50.02026838722754,49.97973161277246
2018-01-05,74.51585102068407,93.286031630251,61.03107678788698,37.257925510342034
2018-01-06,90.5952803256812,89.4027840143691,53.70572138042873,45.297640162840594
2018-01-07,99.15210580098132,80.77689243027888,50.26095548555455,49.576052900490666
2018-01-08,68.28744781895925,68.36761884459604,55.8248407105072,34.143723909479625
2018-01-09,82.51060449867337,79.01729635713596,55.074949723691546,41.25530224933669
2018-01-10,67.10806697108067,96.75047560285876,65.37713512599356,33.55403348554034
2018-01-11,5.93668774817336,76.62847319106038,75.04762388560108,2.96834387408668
2018-01-12,5.956553393948629,77.13123165835479,75.51514535818899,2.9782766969743144
2018-01-13,11.677460317460318,70.66068570223615,68.24804232804233,5.838730158730159
2018-01-14,72.64632011568612,85.96735299573362,59.83839460131415,36.32316005784306
2018-01-15,21.029556149913667,74.29529913613855,69.18610556251481,10.514778074956832
2018-01-16,94.34343093124794,96.1481039116154,52.61039937168,47.17171546562397
2018-01-17,97.03997094864498,70.24251069900143,50.59918419741409,48.51998547432249
2018-01-18,64.8511379097616,67.78947874591267,56.25279935097311,32.4255689548808
2018-01-19,74.42434280016562,62.35173621435888,53.15903771241223,37.21217140008281
2018-01-20,31.773503189023668,70.61222971632613,64.06300225008036,15.886751594511834
2018-01-21,91.19843227354124,76.89059500959694,52.36679393181741,45.59921613677062
2018-01-22,75.72198658262501,77.79633883204566,56.748398871183056,37.8609932913125
2018-01-23,4.535180027260182,72.56127842219148,71.53808382929368,2.267590013630091
2018-01-24,2.7753553860351703,74.04665906141963,73.379278813997,1.3876776930175851
2018-01-25,47.57258569085344,88.64178815636691,70.25889037320121,23.78629284542672
2018-01-26,96.5094674256372,99.49189450762158,51.7275306994578,48.254733712818606
2018-01-27,2.1903310473287614,70.84390121447677,70.38735077470155,1.0951655236643807
2018-01-28,38.5999627919563,67.37274129572499,60.66686961963232,19.29998139597815
2018-01-29,2.305477944289222,68.68364720462445,68.25289983913301,1.152738972144611
2018-01-30,0.9618152569638472,68.14762254860054,67.9730759461519,0.4809076284819236
2018-01-31,11.868323486092535,73.20610467070699,70.45192909986626,5.934161743046268
2018-02-01,99.81842903108664,97.2093023255814,50.08571838764979,49.90921451554332
2018-02-02,98.881016121813,99.16981132075472,50.55020226161421,49.4405080609065
2018-02-03,87.91697992076432,96.32270693512304,55.59718198021641,43.95848996038216
2018-02-04,17.558621857275885,83.44149176489917,77.56962668246847,8.779310928637942
2018-02-05,75.59077736754504,91.33986362535046,60.09073934826505,37.79538868377252
2018-02-06,94.96197397329728,93.4417980543442,52.18860909244549,47.48098698664864
2018-02-07,62.70001014850648,91.1438612402222,65.34665606711546,31.35000507425324
2018-02-08,37.45378869271702,73.46822841994211,64.67848773761283,18.72689434635851
2018-02-09,75.63495552774866,88.19140814768548,59.30535357976259,37.81747776387433
2018-02-10,9.121841804562193,70.59459056702183,68.71598459520081,4.560920902281096
2018-02-11,17.979466535865907,73.26727568927474,69.08394364291392,8.989733267932953
2018-02-12,93.7483108108108,94.6500945690354,52.79138513513514,46.8741554054054
2018-02-13,40.43154510069385,74.50921901190375,64.59976307327806,20.215772550346927
2018-02-14,4.614186294596745,71.64666619328268,70.64784868855513,2.3070931472983727
2018-02-15,100.0,-1.0,50.0,50.0
2018-02-16,22.0618225204566,67.65213614896042,63.75775320070741,11.0309112602283
2018-02-17,90.8615150490362,66.75918216301231,51.531535339871496,45.43075752451809
2018-02-18,74.44924989863495,60.70483998942079,52.735166914447895,37.22462494931747
2018-02-19,27.67471776036289,70.92791949450034,65.13557658130364,13.837358880181446
2018-02-20,38.292398056773365,77.6587573721026,67.06755590161993,19.146199028386683
2018-02-21,14.950137988249834,70.97824139509883,67.84196535902342,7.475068994124917
2018-02-22,99.21286443025572,97.96137339055794,50.37752102969494,49.60643221512787
2018-02-23,54.5289992979607,71.31643073717889,59.692794370152335,27.26449964898035
2018-02-24,5.533449601246211,67.83262533383521,66.84586599840837,2.7667248006231056
2018-02-25,74.7649419218585,87.76111408677022,59.52903907074973,37.38247096092925
2018-02-26,28.62088228323797,67.65323183095585,62.60072112943088,14.310441141618988
2018-02-27,64.45395059432224,64.5792703229796,55.18235463199365,32.22697529716112
2018-02-28,6.900200631523699,71.08823743362188,69.63310674104989,3.450100315761849
2018-03-01,94.16549813316216,95.72897060952656,52.66805764389857,47.08274906658107
2018-03-02,100.0,-1.0,50.0,50.0
2018-03-03,89.47880120049034,81.22940940136601,53.28570824703047,44.73940060024517
2018-03-04,21.23277234092987,66.53769265493004,63.02571873624328,10.616386170464937
2018-03-05,100.0,-1.0,50.0,50.0
2018-03-06,99.25682580165694,100.0,50.371587099171535,49.62841290082847
2018-03-07,99.70019677225932,100.0,50.14990161387033,49.85009838612967
2018-03-08,11.561970877074163,80.49224112348149,76.96537419573315,5.780985438537082
2018-03-09,30.37270128068484,76.26712994460104,68.28909303151805,15.18635064034242
2018-03-10,99.297362576112,100.0,50.351318711944,49.648681288056
2018-03-11,99.69428515931796,99.4475138121547,50.15116838807205,49.84714257965898
2018-03-12,99.45106451258752,71.07692307692308,50.11569871042386,49.72553225629376
2018-03-13,89.35469153951438,80.61904761904762,53.2594920667106,44.67734576975719
2018-03-14,45.06871805287567,58.62855381770552,54.73282894959548,22.534359026437837
2018-03-15,100.0,-1.0,50.0,50.0
2018-03-16,25.00380729986293,66.42093123176771,62.203242127349945,12.501903649931467
2018-03-17,99.9383503221829,100.0,50.03082483890855,49.96917516109145
2018-03-18,98.68677741088244,73.70466321243524,50.30444806648031,49.343388705441214
2018-03-19,99.2846948340948,79.5749704840614,50.21155129168743,49.6423474170474
2018-03-20,34.40805619023441,65.16217297590315,59.92806973004993,17.204028095117206
2018-03-21,29.33734990734237,62.07941546385578,58.52407828934564,14.668674953671188
2018-03-22,5.379829870074908,66.59507253380585,65.67522959075713,2.689914935037454
2018-03-23,23.372886233221053,60.23051252016708,57.81691690505612,11.686443116610526
2018-03-24,14.449090847526495,68.91938691707153,66.18570751362883,7.224545423763248
2018-03-25,5.476275117227837,66.55291630839783,65.63066036937349,2.7381375586139187
2018-03-26,83.77097379226441,55.66661460773595,50.91963636978084,41.88548689613221
2018-03-27,79.04089910427582,53.00568479619401,50.62996450904175,39.52044955213791
2018-03-28,75.99367698524067,37.66329800345083,47.03841146934014,37.996838492620334
2018-03-29,99.89527380831728,72.58064516129032,50.02364784973481,49.94763690415864
2018-03-30,95.4495924314736,48.59847781696677,49.93622502850868,47.7247962157368
2018-03-31,96.63569558239716,36.50514687421541,49.545992060140215,48.31784779119858
2018-04-01,66.56187143992021,48.35787662567684,49.43292260365431,33.280935719960105
2018-04-02,8.570630459809033,63.14502912064,62.01200311505384,4.2853152299045165
2018-04-03,98.00758452351792,95.12505298855449,50.8990785395147,49.00379226175897
2018-04-04,99.50680257746323,76.02739726027397,50.12836645244108,49.75340128873162
2018-04-05,59.3431416509446,55.27849471317958,52.14045804110018,29.671570825472298
2018-04-06,29.878770458541865,60.783651817469405,57.56162924387935,14.939385229270933
2018-04-07,4.751181022367463,59.69370522461024,59.23313974161432,2.375590511183732
2018-04-08,45.73810027501587,53.64450127877238,51.97757562936324,22.869050137507934
2018-04-09,99.96537483848628,100.0,50.01731258075686,49.98268741924314
2018-04-10,88.8316122162692,33.1340799031477,48.11634864028935,44.4158061081346
2018-04-11,95.36136895360524,56.172614712308814,50.286324822419495,47.68068447680262
2018-04-12,99.99408838705864,100.0,50.00295580647068,49.99704419352932
2018-04-13,88.09427233855567,28.781318759315777,47.47376159813415,44.04713616927784
2018-04-14,10.9478243948662,55.104173594155256,54.54537763225801,5.4739121974331
2018-04-15,95.42778964792124,92.5932766900628,51.94745420611261,47.713894823960615
2018-04-16,78.0241424199902,30.849713428472512,45.79156029687738,39.0120712099951
2018-04-17,29.59255341654326,50.1273977212634,50.089697482547066,14.79627670827163
2018-04-18,5.6083312166624335,52.40119835674435,52.26653119972907,2.8041656083312168
2018-04-19,1.8287262413749312,50.42818334698806,50.42035304576049,0.9143631206874656
2018-04-20,2.733637541165415,49.00167113463078,49.028961827278806,1.3668187705827075
2018-04-21,1.979510625687918,47.66869363922192,47.71484209635086,0.989755312843959
2018-04-22,9.53892783365505,45.62981403663113,46.04668292187341,4.769463916827525
2018-04-23,37.89978678038379,35.62776755909803,41.07481300978103,18.949893390191896
2018-04-24,22.73831593739154,40.5237208283116,42.678467125479344,11.36915796869577
2018-04-25,45.325671146619726,40.12476587049736,44.600782016994486,22.662835573309863
2018-04-26,62.775878410398754,24.7414008684384,40.597708347437546,31.387939205199377
2018-04-27,90.36988825587883,22.41727376459229,47.34375264145521,45.18494412793942
2018-04-28,45.5145341951203,27.145829451586856,37.54779872085547,22.75726709756015
2018-04-29,97.77355462646229,29.210925644916543,49.53714261581992,48.886777313231136
2018-04-30,30.85426029843672,27.36532810969637,34.34561443600877,15.42713014921836
2018-05-01,99.63417622060948,63.279445727482674,50.04857937024239,49.81708811030474
2018-05-02,99.74411161125232,90.42904290429044,50.103453226473896,49.87205580562616
2018-05-03,73.06370002449675,24.50137982940291,43.13161518123379,36.53185001224838
2018-05-04,99.92483806403122,25.842696629213485,49.98184290310866,49.96241903201561
2018-05-05,96.49187997736696,18.728935965334617,48.90297354130951,48.24593998868348
2018-05-06,35.00507700118463,34.08496178932705,39.65603316974107,17.502538500592316
2018-05-07,73.80418882697624,41.40602304638327,47.748738024977385,36.90209441348812
2018-05-08,40.25669661742558,29.144775041422967,37.54039968187895,20.12834830871279
2018-05-09,91.76834420522528,34.171628002463564,48.69706289924629,45.88417210261264
2018-05-10,74.8353719874553,21.475360274110653,42.8218805210614,37.41768599372765
2018-05-11,95.26365619029907,38.26521506335892,49.44420024007169,47.63182809514954
2018-05-12,79.62598342023205,16.557445043550395,43.18640830847495,39.81299171011602
2018-05-13,94.31265206812652,17.349970291146764,48.14307921059746,47.15632603406326
2018-05-14,99.40714466683556,91.45299145299144,50.24575627058525,49.70357233341778
2018-05-15,99.37590257661871,25.304465493910687,49.84587580545726,49.68795128830936
2018-05-16,89.86936388832557,10.576361664859457,46.00613465828432,44.93468194416278
2018-05-17,73.74720027046445,15.913846946331413,41.05143050331741,36.87360013523222
2018-05-18,60.15428730936128,22.6934997664841,39.11953037108466,30.07714365468064
2018-05-19,99.98648774184832,93.75,50.00591161294137,49.99324387092416
2018-05-20,98.70599364821948,14.490861618798956,49.54050949388472,49.35299682410974
2018-05-21,77.69241171797083,16.52332057742583,42.53216018391737,38.84620585898541
2018-05-22,100.0,-1.0,50.0,50.0
2018-05-23,85.14102715765637,13.994882001706,44.650009294779714,42.57051357882818
2018-05-24,92.3144540329465,25.998020455295283,48.15531682908894,46.15722701647325
2018-05-25,18.437806901689864,21.181672860138264,26.495140370483256,9.218903450844932
2018-05-26,44.93674635075101,17.015260254183893,31.837529088216627,22.468373175375504
2018-05-27,82.69786543629264,28.004884004884005,46.19437543308151,41.34893271814632
2018-05-28,96.59661097126252,16.133035492678083,48.84737544559139,48.29830548563126
2018-05-29,89.06371537759141,26.865094704290684,47.46990090973655,44.5318576887957
2018-05-30,14.222579689285867,17.22630186742469,21.887567201456207,7.111289844642934
2018-05-31,66.87862542490403,17.7610416134797,39.322013833691294,33.439312712452015
2018-06-01,48.02027107057649,16.9599114568922,32.825851537251054,24.01013553528825
2018-06-02,64.68537976075665,21.69653123802223,40.00473749217469,32.34268988037832
2018-06-03,83.39290089816058,11.788349020605445,43.65415325340295,41.69645044908029
2018-06-04,39.99543015757494,13.492701502009732,28.093952575190837,19.99771507878747
2018-06-05,49.284312398484026,17.502919099249375,33.518881970763395,24.642156199242013
2018-06-06,69.53518065972722,13.206395026090815,38.79089471592494,34.76759032986361
2018-06-07,100.0,-1.0,50.0,50.0
2018-06-08,83.27953354740578,14.61060292110982,44.08272773364881,41.63976677370289
2018-06-09,73.68532278379361,10.446514616125924,39.59162799347416,36.8426613918968
2018-06-10,40.81456539027733,16.12585053462176,29.951437418568844,20.407282695138665
2018-06-11,69.58406937530111,13.4802423164564,38.89217583866523,34.79203468765056
2018-06-12,95.26879176769768,23.517857142857142,48.7470746770528,47.63439588384884
2018-06-13,99.77873677276604,100.0,50.110631613616974,49.88936838638302
2018-06-14,27.195625677139763,10.240193456879112,21.053121614301197,13.59781283856988
2018-06-15,0.3623740580814495,8.205163066569229,8.356616713233427,0.1811870290407247
2018-06-16,0.4783676234019134,8.541409672891232,8.739734146134959,0.2391838117009567
2018-06-17,62.171464330413016,16.37493572977444,37.28013056861618,31.085732165206508
2018-06-18,51.56730801744834,10.67339244571668,30.953065296047072,25.78365400872417
2018-06-19,2.780458894251122,8.728859317576159,9.876386419439504,1.390229447125561
2018-06-20,13.61854526674061,14.269891988316704,19.135812921743103,6.809272633370305
2018-06-21,22.76036640083981,19.514012955270346,26.45273530756337,11.380183200419903
2018-06-22,3.2681398696130723,6.753610503282276,8.166963000592668,1.6340699348065362
2018-06-23,3.3983829318884142,6.439908502116546,7.920247216695593,1.6991914659442071
2018-06-24,68.10936443542934,11.167943179710068,37.616210277214336,34.05468221771467
2018-06-25,31.886904258020827,9.32862717804678,22.297468890205703,15.943452129010414
2018-06-26,16.702224931423345,8.429889823962272,15.3730231298046,8.351112465711672
2018-06-27,34.643703452945154,10.348980252508902,24.085561949898445,17.321851726472577
2018-06-28,100.0,-1.0,50.0,50.0
2018-06-29,64.09911851457451,10.412203677111044,35.78763215942801,32.04955925728726
2018-06-30,23.25542019759065,14.136322019127885,22.476571031890487,11.627710098795324
2018-07-01,8.288742888106205,9.792101327523495,13.124830669195338,4.144371444053102
2018-07-02,23.209690526173222,14.860500237000782,23.016269384438274,11.604845263086611
2018-07-03,38.26560834024404,14.614688707952956,28.155093336943825,19.13280417012202
2018-07-04,59.85801817029368,9.737252094825044,33.837735051764206,29.92900908514684
2018-07-05,91.43163638513712,16.857255520504733,47.16020914105196,45.71581819256856
2018-07-06,98.728158701472,33.798140770252324,49.7939380631867,49.364079350736
2018-07-07,50.22931898185757,14.506010167128553,32.33439953966965,25.114659490928787
2018-07-08,37.75919562604736,9.742997008430786,24.943717521201144,18.87959781302368
2018-07-09,41.21525544232657,11.609289735504586,27.432119037139856,20.607627721163286
2018-07-10,86.42060810810811,18.73367334245553,45.754222972972975,43.210304054054056
2018-07-11,51.296042502072645,15.134355838877212,33.019051486388165,25.64802125103632
2018-07-12,18.35813819610233,15.334363366757572,21.69832884644689,9.179069098051167
2018-07-13,12.95256960493012,9.79966935719148,15.006645165113303,6.476284802465059
2018-07-14,51.85551665228937,14.2867180775379,32.80602493191929,25.927758326144684
2018-07-15,62.48879340967911,11.6254424928412,35.60524045536817,31.24439670483956
2018-07-16,54.1096527184983,9.9729266810321,31.631437047304324,27.05482635924915
2018-07-17,60.01302039297913,10.63114494132572,34.257583956170315,30.006510196489565
2018-07-18,17.903915343915344,11.308983666061708,18.23619047619048,8.951957671957672
2018-07-19,0.0541867750402167,4.3525405350456605,4.37727542121751,0.0270933875201083
2018-07-20,45.19418749312367,10.3863615306217,28.289423573320693,22.59709374656184
2018-07-21,98.91727545289471,27.53510140405616,49.75676702841941,49.45863772644736
2018-07-22,62.478227783884336,8.08301597674471,34.27200473492855,31.239113891942168
2018-07-23,76.53138839119705,14.624221253916236,41.69779588249214,38.26569419559853
2018-07-24,7.0806874947083225,8.626203905345932,11.555753111506222,3.540343747354161
2018-07-25,34.779003655069715,13.78071245102872,26.377419791525654,17.389501827534858
2018-07-26,27.767011652802346,9.893740407933738,21.030050182365933,13.883505826401173
2018-07-27,43.82615759545085,12.168594842130634,28.748646087191982,21.913078797725426
2018-07-28,27.52292026117257,11.328681121198684,21.972157380154943,13.761460130586284
2018-07-29,23.91158967586832,9.239686707311646,18.98612557245769,11.95579483793416
2018-07-30,14.338309973593338,9.561213702067956,15.359452231024443,7.169154986796669
2018-07-31,2.831258995851325,6.612585608978269,7.840995681991364,1.4156294979256625
2018-08-01,3.75497417661502,7.437871123817902,9.036068072136144,1.8774870883075097
2018-08-02,43.05975826219255,10.368732001306295,27.43386019778548,21.529879131096276
2018-08-03,24.381407081968323,12.008418318799048,21.271300505371155,12.190703540984162
2018-08-04,10.004656084656084,11.773448596987969,15.597883597883596,5.002328042328042
2018-08-05,16.215484111263482,10.748853280526989,17.113616740311848,8.107742055631741
2018-08-06,7.287212876023402,18.12627849210988,20.448984429900687,3.643606438011701
2018-08-07,51.39644019786074,7.125832883909465,29.161628546061813,25.69822009893037
2018-08-08,15.210898168126244,15.109572090052689,20.41671954985827,7.605449084063122
2018-08-09,34.4289208012118,12.357070954753116,25.31712518299752,17.2144604006059
2018-08-10,76.5262579745659,16.209503239740823,42.06810596138409,38.26312898728295
2018-08-11,37.34283248438901,8.7911197536866,24.179682872759887,18.671416242194507
2018-08-12,49.636110054520096,16.014635046909355,32.88364819745573,24.818055027260048
2018-08-13,36.73586837851334,14.636593490388089,27.62764795991773,18.36793418925667
2018-08-14,73.21765148377608,11.38006122384574,39.65667340021807,36.60882574188804
2018-08-15,50.04909263271939,16.901074321347476,33.466786294691225,25.024546316359697
2018-08-16,7.989095003852309,8.50057510927076,11.816003589843453,3.9945475019261543
2018-08-17,15.593728305592713,13.271948565181196,18.999221117865183,7.796864152796356
2018-08-18,31.615475112356226,8.090646929960272,21.34048801956818,15.807737556178113
2018-08-19,23.255538343025965,10.71156752225372,19.848304001489872,11.627769171512982
2018-08-20,24.97735718094787,11.647166341347836,21.226690593284182,12.488678590473937
2018-08-21,13.908148148148149,8.432976714915041,14.214179894179892,6.954074074074073
2018-08-22,39.61506261997582,16.037643368297225,29.491852215165785,19.80753130998791
2018-08-23,35.959150202473644,6.125250818460239,21.902237777608697,17.979575101236822
2018-08-24,89.78374221463523,22.185457854247662,47.158394672571006,44.89187110731761
2018-08-25,85.72442521694312,18.940514945250072,45.5660799837768,42.86221260847156
2018-08-26,41.36322854772908,10.34831184953159,26.74953024224265,20.68161427386454
2018-08-27,1.0498687664041997,8.95696072559254,9.387858775717552,0.5249343832020997
2018-08-28,0.0313267293201253,4.03140430072921,4.045804758276183,0.0156633646600626
2018-08-29,2.598425196850393,4.14460931320138,5.336127338921345,1.2992125984251968
2018-08-30,79.94620973130239,20.46307620935431,44.07672725119886,39.9731048656512
2018-08-31,99.95692967714147,100.0,50.021535161429256,49.97846483857074
2018-09-01,96.77642746750668,41.05318312811108,49.71159286878531,48.38821373375335
2018-09-02,92.08665906499432,24.506350731134592,47.98260061658009,46.043329532497154
2018-09-03,84.96674020167187,11.402226470257506,44.19749642890349,42.483370100835934
2018-09-04,56.91258472030665,8.185067357919957,31.98302632358292,28.456292360153324
2018-09-05,18.635228379122044,9.431449263298092,16.991491343182492,9.317614189561022
2018-09-06,50.5343769832875,14.829957574928152,32.602919399196104,25.26718849164375
2018-09-07,99.79224903091772,52.4390243902439,50.00506709680689,49.89612451545887
2018-09-08,6.17983235966472,6.816110313958,9.48480230293794,3.08991617983236
2018-09-09,0.993988654643976,4.645276048436752,5.096096858860384,0.496994327321988
2018-09-10,6.223651908913908,6.643015761252234,9.341403538474562,3.111825954456954
2018-09-11,5.309989247949067,3.774867003442264,6.229416595409636,2.6549946239745337
2018-09-12,0.0,2.979425958851918,2.979425958851918,0.0
2018-09-13,16.508962878954584,8.44315140702295,15.303756114900894,8.254481439477292
2018-09-14,67.20633739706803,19.814895975663205,40.10119882991495,33.60316869853401
2018-09-15,15.646218188591073,8.666459247066854,15.13359521834098,7.823109094295535
2018-09-16,21.137812238126276,16.78705979585046,23.807548734964744,10.568906119063136
2018-09-17,11.68756402550014,8.82257074929059,13.635209157022274,5.8437820127500695
2018-09-18,75.15565204903145,21.653235404127987,42.9574311709596,37.57782602451572
2018-09-19,11.225863251191496,6.981157264370447,11.810393722117349,5.612931625595747
2018-09-20,0.1151468969604606,3.496533134419448,3.5500804334942,0.0575734484802303
2018-09-21,1.704285690096009,7.7398127492441935,8.460047073166601,0.8521428450480045
2018-09-22,98.91771782935255,21.77985948477752,49.6945784506721,49.45885891467629
2018-09-23,23.89663575441684,9.366035889795643,19.07618628579165,11.94831787720842
2018-09-24,9.446038962688274,4.466322599947642,8.767451508301374,4.723019481344137
2018-09-25,0.7188214376428753,2.809970919572577,3.1491829650325966,0.3594107188214376
2018-09-26,0.1092202184404368,3.197124960798773,3.2482431631529933,0.0546101092202184
2018-09-27,0.0313267293201253,2.6051679892947583,2.62001524003048,0.0156633646600626
2018-09-28,0.0076200152400304,2.682449767571824,2.6860553721107445,0.0038100076200152
2018-09-29,9.86446101878582,7.613483737050221,11.794685111030216,4.932230509392911
2018-09-30,0.0135466937600541,2.524260334987383,2.530691728050123,0.006773346880027
2018-10-01,88.77851827450185,100.0,55.61074086274908,44.38925913725093
2018-10-02,12.099764642137524,11.199506867258682,15.894275216309117,6.049882321068762
2018-10-03,65.68153383153552,5.113804315696128,34.59574611977141,32.84076691576776
2018-10-04,0.2319871306409279,4.922943752333752,5.02751672170011,0.1159935653204639
2018-10-05,0.0990601981203962,4.349410558253456,4.394632122597578,0.0495300990601981
2018-10-06,88.80402179882557,16.836465172439816,46.28701786996747,44.40201089941279
2018-10-07,83.59917543889293,14.201823520321437,44.12880387949242,41.799587719446464
2018-10-08,43.06227788119818,11.495192379140722,28.076239634455916,21.53113894059909
2018-10-09,1.982897299127932,5.503247875060466,6.385572771145542,0.9914486495639658
2018-10-10,18.51243587355874,7.123563755739783,15.061036520325754,9.25621793677937
2018-10-11,66.51119166518797,13.059823884136955,37.62917522201661,33.25559583259398
2018-10-12,7.427192685404674,6.571739508171234,9.797240094818829,3.713596342702337
2018-10-13,0.2548471763610194,3.8918928095476577,4.009398018796038,0.1274235881805097
2018-10-14,0.2827872322411311,3.770717293845945,3.9014478028956057,0.1413936161205655
2018-10-15,88.39796755184686,19.01187786927057,46.404748015319456,44.19898377592343
2018-10-16,43.55157891176023,22.871097261341163,34.68616274546285,21.775789455880115
2018-10-17,30.092772858859977,7.475752842457045,20.272477949516663,15.046386429429988
2018-10-18,84.08685884171318,17.32922880951117,44.80105406295662,42.04342942085659
2018-10-19,0.1735670138006942,3.8335948433060514,3.913724494115655,0.0867835069003471
2018-10-20,0.0711201422402844,2.78582685171064,2.819405638811278,0.0355600711201422
2018-10-21,0.7662348658030649,2.993899577663069,3.354076708153416,0.3831174329015324
2018-10-22,0.0778934891203115,3.1130844447457164,3.149606299212598,0.0389467445601557
2018-10-23,89.39231373609199,18.29404268875438,46.63673152145446,44.696156868046
2018-10-24,47.0162626365081,5.856358879458873,26.61104912601008,23.50813131825405
2018-10-25,0.5520277707222081,5.075856902041581,5.323850647701296,0.276013885361104
2018-10-26,23.98967676425791,9.519197586525513,19.230411237095957,11.994838382128956
2018-10-27,100.0,-1.0,50.0,50.0
2018-10-28,100.0,-1.0,50.0,50.0
2018-10-29,99.72891032083167,100.0,50.13554483958416,49.86445516041584
2018-10-30,99.99746645159657,100.0,50.00126677420173,49.99873322579828
2018-10-31,69.36129937296128,27.73058252427185,43.17693984822621,34.68064968648064
2018-11-01,99.7010412883938,100.0,50.149479355803095,49.850520644196905
2018-11-02,99.79984291469252,100.0,50.100078542653726,49.89992145734627
2018-11-03,92.35628446681474,57.628991271682686,50.58313839085896,46.17814223340737
2018-11-04,49.97884833409479,24.56445993031359,37.27684992470007,24.9894241670474
2018-11-05,96.21537162162164,76.65699620620397,51.00886824324324,48.107685810810814
2018-11-06,98.17246708498368,47.41219963031424,49.95270709646908,49.08623354249183
2018-11-07,98.54912128096208,46.79860302677532,49.95355161260356,49.27456064048104
2018-11-08,65.26708200546084,33.56697819314642,44.29233201180081,32.63354100273042
2018-11-09,99.76522253188077,100.0,50.11738873405962,49.882611265940376
2018-11-10,71.98995807411414,41.30729999698223,47.56517108466324,35.99497903705707
2018-11-11,95.58821045519804,94.52526799387442,51.96436111814881,47.79410522759902
2018-11-12,40.49605659547101,35.385468663338884,41.30377754459602,20.248028297735505
2018-11-13,26.71574226847739,32.58362101811548,37.23653593941702,13.357871134238694
2018-11-14,5.398838449685908,24.486088365058485,25.86354323642459,2.699419224842954
2018-11-15,7.240278706706063,23.478300552183637,25.398545509960464,3.620139353353032
2018-11-16,26.920051094211296,30.6829494154416,35.88310930269936,13.460025547105648
2018-11-17,9.642041127189644,21.53854798831198,24.282812896674283,4.821020563594821
2018-11-18,5.442338139546698,21.467904694537214,23.02071779935823,2.721169069773349
2018-11-19,99.77789225663156,87.45247148288973,50.08318483924635,49.88894612831578
2018-11-20,90.6492080253432,55.03658867106333,50.47096092925026,45.32460401267159
2018-11-21,37.91975246018058,40.46247497650856,44.079080856244296,18.95987623009029
2018-11-22,60.05582339507739,37.54499640028798,45.024951365981565,30.02791169753869
2018-11-23,99.3902593509049,100.0,50.30487032454754,49.69512967545245
2018-11-24,92.95879327381908,82.51169485426414,52.28921564487386,46.479396636909534
2018-11-25,100.0,-1.0,50.0,50.0
2018-11-26,58.39464204170683,49.04878048780488,49.60424171698209,29.197321020853416
2018-11-27,81.5330539407868,77.0360541727672,54.99273354062457,40.7665269703934
2018-11-28,18.145656129660196,46.19345499663961,46.88417756337015,9.072828064830096
2018-11-29,51.61366691750302,44.92984080940815,47.5467358862274,25.80683345875151
2018-11-30,95.00126721297626,73.88879499746494,51.19413702796317,47.50063360648813
2018-12-01,14.33807967763236,31.945171906037217,34.53388754380916,7.16903983881618
2018-12-02,95.05152897448892,60.925230454079895,50.54063186349046,47.52576448724447
2018-12-03,12.262210144007314,37.74593525353404,39.24855442392841,6.131105072003657
2018-12-04,22.35264270613108,29.805702585549675,34.31966173361522,11.17632135306554
2018-12-05,50.33776071830164,39.17773237997957,44.62541955883969,25.16888035915082
2018-12-06,72.37696051919956,31.3907244248654,44.859552460789615,36.18848025959978
2018-12-07,47.22767087152085,35.22437797394941,42.20256011363252,23.613835435760425
2018-12-08,10.75718104002436,41.218841815941616,42.16344689921169,5.37859052001218
2018-12-09,74.73185080001015,46.92088978089981,49.221965835805634,37.36592540000508
2018-12-10,62.40406396862427,43.79594864992468,47.66752882307198,31.202031984312136
2018-12-11,45.5122562296858,48.469879143753694,49.16627166847237,22.7561281148429
2018-12-12,19.02963909889012,52.48371548362138,52.01107339084498,9.51481954944506
2018-12-13,41.43686625023276,54.4385026737968,52.59932625734261,20.71843312511638
2018-12-14,11.845079365079366,56.55651906696244,55.779894179894185,5.922539682539683
2018-12-15,4.43462359036879,51.79397225322915,51.71441633648279,2.217311795184395
2018-12-16,39.60020970387783,51.08637827243455,50.656170198373104,19.800104851938915
2018-12-17,45.61756865400076,58.30130250073917,54.51445013328819,22.80878432700038
2018-12-18,2.70249676157578,48.07650472933581,48.12848712673457,1.3512483807878897
2018-12-19,100.0,-1.0,50.0,50.0
2018-12-20,32.18406372478478,52.9190019098024,51.97954847502392,16.09203186239239
2018-12-21,69.90202702702703,83.63452688292737,60.123310810810814,34.95101351351352
2018-12-22,23.330514208389715,47.52355108434266,48.10131935047362,11.665257104194858
2018-12-23,56.350031705770455,38.36752087086215,44.92242654829845,28.175015852885227
2018-12-24,64.60426179604262,35.569411596072534,44.8921867072552,32.30213089802131
2018-12-25,21.298639737935822,50.091958226228,50.072372374914295,10.649319868967911
2018-12-26,4.805689611379223,44.45185620008182,44.71848277029887,2.4028448056896115
2018-12-27,3.24484025532059,44.43404232980148,44.614648764878176,1.622420127660295
2018-12-28,68.96758652749017,76.92559102298725,58.35566073617039,34.483793263745085
2018-12-29,7.867156547357014,40.1778904907609,40.95061122210558,3.933578273678507
2018-12-30,98.1656644821296,40.97605893186004,49.83447064387541,49.08283224106479
2018-12-31,65.73824397088782,36.48721997434127,45.3702842748582,32.86912198544391
2019-01-01,5.50335229581471,44.640633538480834,44.93557835568197,2.751676147907355
2019-01-02,86.08531814763808,48.42431234440464,49.780748075736966,43.04265907381904
2019-01-03,30.4461120652459,39.18284435362234,42.47624768399056,15.22305603262295
2019-01-04,40.55622282746604,47.12285494749423,48.28971630605789,20.27811141373302
2019-01-05,65.91867966484321,34.89791361730631,44.85300956262207,32.959339832421605
2019-01-06,69.06382367115042,25.088136426990243,42.29322195825125,34.53191183557521
2019-01-07,38.35259479855836,36.015425575714325,41.37887273896344,19.17629739927918
2019-01-08,89.66668074859533,29.2477514309076,47.85560390351063,44.83334037429766
2019-01-09,77.47582499323777,49.25507561826847,49.832211928590745,38.73791249661888
2019-01-10,59.42591418304798,37.54193669382567,44.94525470302262,29.71295709152399
2019-01-11,10.680663731798171,46.04280406430088,46.46545885540129,5.340331865899086
2019-01-12,89.03998513438181,71.57059186189889,52.36414007466594,44.5199925671909
2019-01-13,98.74758257256504,85.36749831422792,50.44294871253515,49.373791286282525
2019-01-14,93.9089296274394,26.657420249653256,48.57818704063529,46.954464813719696
2019-01-15,21.93406407380761,64.47181533323936,61.29755808540352,10.967032036903806
2019-01-16,3.7972432945001353,62.98326982143328,62.49026347873205,1.898621647250068
2019-01-17,89.13032450073558,68.64499066583696,52.02664998224462,44.56516225036779
2019-01-18,12.482114585185371,60.71974460675244,59.381693801698376,6.241057292592687
2019-01-19,45.68058951429369,68.01962463982557,59.78815387609032,22.840294757146847
2019-01-20,7.865282692991517,66.90987282217158,65.57986352168244,3.932641346495759
2019-01-21,2.6661360923199364,59.90588194359875,59.64177764983787,1.3330680461599682
2019-01-22,8.25283405436982,63.26717050078897,62.17225293564855,4.12641702718491
2019-01-23,63.94965233720753,77.51184945328265,59.91811737637246,31.97482616860377
2019-01-24,4.290806261800141,61.61705515502676,61.1185898249981,2.1454031309000703
2019-01-25,6.728856458398584,59.24544398460757,58.62333132994168,3.364428229199292
2019-01-26,38.3241584007712,49.69836569046836,49.81396450104433,19.1620792003856
2019-01-27,71.40115487694558,81.56797824223254,59.028077205975606,35.70057743847279
2019-01-28,81.9637924188793,76.81030444964871,54.83556216366908,40.98189620943965
2019-01-29,25.464161800795463,61.92281928723078,58.88677329271389,12.732080900397731
2019-01-30,99.66894967528354,100.0,50.16552516235823,49.83447483764177
2019-01-31,92.6580011993142,75.11791096284367,51.84415672164931,46.3290005996571
2019-02-01,96.77310385014906,100.0,51.61344807492547,48.38655192507453
2019-02-02,100.0,-1.0,50.0,50.0
2019-02-03,90.82048899961995,100.0,54.58975550019003,45.41024449980998
2019-02-04,1.127762255524511,88.99107708643751,88.5513504360342,0.5638811277622555
2019-02-05,2.1809069050763656,87.8353816859962,87.0102272342443,1.0904534525381828
2019-02-06,3.893366293047983,86.34485796080159,84.92981951169956,1.9466831465239915
2019-02-07,81.560499332759,96.99523635031146,58.66568692038717,40.7802496663795
2019-02-08,8.271618522060752,81.19729096311059,78.61677006542476,4.135809261030376
2019-02-09,1.8829744900982972,81.74083374321538,81.14316194088612,0.9414872450491488
2019-02-10,99.28963594898218,99.88109393579072,50.35433735957429,49.64481797449109
2019-02-11,91.29306994271424,88.06404657933042,53.31420991263498,45.64653497135712
2019-02-12,21.37512484975707,76.3685689371185,70.73225440571515,10.687562424878536
2019-02-13,6.275080851352039,74.77643488157824,73.22169356067661,3.1375404256760198
2019-02-14,7.316536472659258,77.16962524654832,75.18174970589978,3.658268236329629
2019-02-15,3.00462249614792,73.5705120931491,72.86230718434108,1.50231124807396
2019-02-16,10.563910728945386,77.6749467707594,74.75139009961322,5.281955364472693
2019-02-17,3.462228693326109,69.68836042861402,69.00670436460908,1.7311143466630547
2019-02-18,0.8009482685632038,67.14178416578471,67.00448734230801,0.4004741342816019
2019-02-19,3.757692730951232,67.12433592513105,66.48085599884872,1.878846365475616
2019-02-20,26.71823559779619,69.74096016815069,64.46652392115708,13.359117798898096
2019-02-21,4.517248677248677,66.21390383814024,65.48148148148148,2.2586243386243385
2019-02-22,35.62283693104411,54.20549691767768,52.70737960855328,17.811418465522056
2019-02-23,9.471652756851924,64.55793253048097,63.17905571261701,4.735826378425962
2019-02-24,62.31575388776201,76.38826590113932,59.94421906693712,31.157876943881003
2019-02-25,3.4939636634551885,60.70040617241712,60.32653786891075,1.7469818317275942
2019-02-26,60.97435247390882,66.15707758602024,56.30540414923734,30.48717623695441
2019-02-27,2.2503301838870264,56.93672157840947,56.78062243895832,1.1251650919435132
2019-02-28,4.4008703529670745,55.54620732409335,55.30212593025323,2.2004351764835373
2019-03-01,99.96790838688972,100.0,50.016045806555134,49.98395419344487
2019-03-02,46.46423648985735,46.137444126798606,47.93215122227578,23.232118244928674
2019-03-03,21.903883265057384,52.20821727774225,51.724531942986765,10.951941632528692
2019-03-04,55.749066998400565,55.66073819085867,52.504929464232816,27.87453349920028
2019-03-05,10.729911564338002,56.21758956419518,55.5490204375238,5.364955782169001
2019-03-06,98.59556966835852,56.163559831629584,50.08656290378429,49.29778483417926
2019-03-07,95.5514826983336,100.0,52.2242586508332,47.7757413491668
2019-03-08,58.15309369076631,51.49131498594626,50.62406918494449,29.07654684538316
2019-03-09,77.81196638996433,24.801889667784213,44.40903481039409,38.90598319498216
2019-03-10,69.68672335965105,28.363078639152256,43.44114017143147,34.84336167982553
2019-03-11,83.99675472846204,31.622306717363752,47.05897266872877,41.99837736423102
2019-03-12,9.163323006077844,51.385823826444735,51.09832901620194,4.581661503038922
2019-03-13,98.84301289576138,63.21167883211679,50.15285742034101,49.42150644788069
2019-03-14,99.42910709309102,86.68639053254438,50.209440001351226,49.71455354654551
2019-03-15,84.06446215341452,40.42000318184228,48.4733759813408,42.03223107670726
2019-03-16,6.869376042257455,58.1022853298911,57.539806827897365,3.434688021128728
2019-03-17,36.23540362159418,58.26532372573217,55.27035031308174,18.11770181079709
2019-03-18,84.00530705720298,40.73545728324616,48.51816483990096,42.00265352860149
2019-03-19,18.03761575053749,58.83812793415093,57.18118873897513,9.018807875268744
2019-03-20,5.951615087695537,56.10548580171909,55.74211078756687,2.9758075438477687
2019-03-21,4.472948945897891,54.0573839512848,53.87223774447549,2.2364744729489456
2019-03-22,2.527155278241066,52.41375117256714,52.35275193240601,1.263577639120533
2019-03-23,2.595797280593325,49.55409915861206,49.56567384052695,1.2978986402966626
2019-03-24,2.7878900760256693,48.56520792510342,48.60520835097106,1.3939450380128346
2019-03-25,53.80056141774892,34.07331491004923,42.64196090367965,26.900280708874455
2019-03-26,8.083971727261185,46.77511468101177,47.02670673382148,4.041985863630592
2019-03-27,34.59415996614473,41.46641303363226,44.4185357596276,17.297079983072365
2019-03-28,4.727155748946041,47.53627824726969,47.64912043072651,2.3635778744730205
2019-03-29,3.7708693149107657,47.78377997923669,47.86735073995056,1.8854346574553829
2019-03-30,5.0033428965563935,45.93537581626562,46.13874290163421,2.5016714482781968
2019-03-31,2.16314608644118,45.58584285219799,45.68132751979003,1.08157304322059
2019-04-01,7.097090912168739,44.21475556203422,44.62533961928784,3.5485454560843697
2019-04-02,92.3857310593582,20.224095850898603,47.732782578579695,46.192865529679096
2019-04-03,97.73884839219198,20.58274187523347,49.33483119493881,48.86942419609599
2019-04-04,99.79478257932118,97.94238683127573,50.098386129667006,49.89739128966059
2019-04-05,97.29248127285472,82.59513412351839,50.88251936053239,48.64624063642736
2019-04-06,98.5567219261724,99.88297249853716,50.71995000464484,49.2783609630862
2019-04-07,83.32066420040879,59.92505570184322,51.6554333688069,41.66033210020439
2019-04-08,99.35901225392912,100.0,50.320493873035446,49.67950612696456
2019-04-09,98.74673805643056,77.42587601078166,50.34371806673367,49.373369028215286
2019-04-10,98.85816597131902,97.33727810650888,50.54051314967148,49.42908298565951
2019-04-11,99.95777419327597,100.0,50.02111290336202,49.97888709663798
2019-04-12,71.69541808592463,18.302078356426183,41.02803580333522,35.847709042962315
2019-04-13,42.17102033215392,42.10048603384669,45.42822800453707,21.08551016607696
2019-04-14,99.70356231947706,65.52706552706553,50.04602807290171,49.85178115973853
2019-04-15,77.61183932346724,39.25223045516408,47.58646934460888,38.80591966173362
2019-04-16,82.86382993105313,35.38780139046398,47.49602879545762,41.431914965526566
2019-04-17,51.86404250998443,44.4145616903092,47.31139578961619,25.93202125499221
2019-04-18,58.373436403156376,28.7293266691048,41.14574963843805,29.186718201578188
2019-04-19,28.76022709004916,45.53023195049823,46.81574739193339,14.380113545024578
2019-04-20,2.629751926170519,45.98013982122361,46.085852171704346,1.3148759630852596
2019-04-21,30.37919020397118,40.366582450685065,43.29313669113419,15.18959510198559
2019-04-22,13.11168681635003,45.165596468834345,45.79946831927935,6.555843408175015
2019-04-23,99.60307741679404,27.87234042553192,49.912170322014006,49.80153870839703
2019-04-24,99.36485950050252,39.09574468085106,49.93074265829948,49.68242975025127
2019-04-25,85.42586110688379,21.01171829678617,45.77520756184582,42.71293055344189
2019-04-26,97.93420885942317,44.60343417825021,49.88851822135889,48.96710442971158
2019-04-27,45.82040201939909,38.83780112722674,43.94645378975586,22.910201009699545
2019-04-28,99.78549109027954,41.732283464566926,49.98226501140106,49.89274554513977
2019-04-29,96.61831667694491,41.96852360729453,49.72840090223277,48.30915833847246
2019-04-30,91.6874318970833,34.34610303830912,48.69875915429904,45.84371594854165
2019-05-01,2.5510117686902043,47.7262827772454,47.66023198713064,1.275505884345102
2019-05-02,24.29795114196565,40.94229609275518,43.14313256272143,12.148975570982826
2019-05-03,92.28859292790244,41.6,49.35013385806823,46.14429646395122
2019-05-04,97.27173609878548,39.90086741016109,49.72446901121563,48.635868049392734
2019-05-05,99.36237954885186,100.0,50.31881022557408,49.68118977442593
2019-05-06,32.74823115203629,56.41246080712045,54.13775009309726,16.374115576018145
2019-05-07,80.62577651563173,66.75827771234133,53.24678617612009,40.31288825781586
2019-05-08,100.0,-1.0,50.0,50.0
2019-05-09,81.53540645597431,26.14068006040913,45.59447355078587,40.76770322798716
2019-05-10,81.07310722618605,22.725445531287686,44.83777432117134,40.53655361309303
2019-05-11,99.76015539228106,32.3943661971831,49.9577738366692,49.88007769614053
2019-05-12,99.97635354823454,100.0,50.011823225882736,49.98817677411727
2019-05-13,59.20197644510626,31.75926502001285,42.55787193718695,29.60098822255313
2019-05-14,45.64099528070502,32.000995752493274,40.21592043167171,22.82049764035251
2019-05-15,78.40763038625448,32.99122532121592,46.32517080430224,39.20381519312724
2019-05-16,76.86782216287934,14.127059511197166,41.70180761072567,38.43391108143967
2019-05-17,99.85389870873485,36.99421965317919,49.980998386974186,49.926949354367416
2019-05-18,97.05348167296012,99.68463302752292,51.46396681787847,48.52674083648006
2019-05-19,99.32858699232308,58.61635220125786,50.05785130946651,49.66429349616154
2019-05-20,99.96621935462076,100.0,50.01689032268961,49.98310967731038
2019-05-21,99.98817677411726,100.0,50.00591161294137,49.99408838705863
2019-05-22,70.9590084182918,23.354026405525925,42.25897880621008,35.4795042091459
2019-05-23,16.438680842418908,37.563312938125534,39.60774023159748,8.219340421209454
2019-05-24,2.6686986707306746,36.05490700951652,36.42705952078571,1.3343493353653373
2019-05-25,89.56736983500748,75.30974167948821,52.640471745135976,44.78368491750374
2019-05-26,96.42842061702432,21.565381886970915,48.98443504184719,48.214210308512165
2019-05-27,100.0,-1.0,50.0,50.0
2019-05-28,99.9645303223518,100.0,50.01773483882409,49.9822651611759
2019-05-29,99.64614773965256,100.0,50.17692613017372,49.82307386982628
2019-05-30,50.59283189283359,22.185135736537607,36.25746325457098,25.296415946416797
2019-05-31,50.36676057767964,24.593880507968976,37.39011988459944,25.183380288839817
2019-06-01,9.58025025821636,31.129566862043784,32.93740158146938,4.79012512910818
2019-06-02,3.0547794428922197,30.48942376552375,31.085428837524343,1.5273897214461096
2019-06-03,9.238454049020024,31.87224238127665,33.54696693900013,4.619227024510011
2019-06-04,17.632964762856222,30.94658073535005,34.30626344040503,8.816482381428111
2019-06-05,16.180429739751773,29.031573844009458,32.42435530571124,8.090214869875886
2019-06-06,87.01220800067587,33.64340076757952,47.87563891353018,43.506104000337935
2019-06-07,9.01332610867467,21.974913462612125,24.500905904465174,4.506663054337335
2019-06-08,12.182526244497122,22.65014942639545,25.98205215035557,6.091263122248561
2019-06-09,66.10593374282891,24.414198823412107,41.32793159677924,33.052966871414455
2019-06-10,96.91932118631898,16.616397038661916,48.971558416326666,48.45966059315949
2019-06-11,68.52938193129565,18.917031506003063,40.21799770083853,34.26469096564782
2019-06-12,82.0401230394808,16.971721639297982,44.06816184424013,41.0200615197404
2019-06-13,4.6761493522987045,17.541989750148772,19.05977478621624,2.3380746761493523
2019-06-14,11.266317874739675,14.626862823668594,18.61211290022181,5.633158937369838
2019-06-15,95.20680422645844,21.762114537444933,48.646502867471305,47.60340211322922
2019-06-16,29.451648946976366,14.927468413664016,25.25690729328909,14.725824473488183
2019-06-17,37.87205592369733,18.93449210608765,30.69963862865074,18.936027961848666
2019-06-18,16.14528214028701,18.622848200312987,23.6887778859586,8.072641070143504
2019-06-19,30.6377505690424,17.55212082027009,27.49342110829998,15.3188752845212
2019-06-20,57.2110097951312,13.195350492231054,34.25166212718445,28.6055048975656
2019-06-21,88.9208985612544,15.738904987036756,46.20417852948879,44.4604492806272
2019-06-22,99.89190193478646,100.0,50.05404903260677,49.94595096739323
2019-06-23,59.52904371353682,11.34440614227515,34.355711507567435,29.76452185676841
2019-06-24,0.4436542206417747,13.345126120456516,13.507747015494031,0.2218271103208873
2019-06-25,0.059266785200237,12.01287699085056,12.03539073744814,0.0296333926001185
2019-06-26,0.0169333672000677,11.14658311457363,11.153162306324612,0.0084666836000338
2019-06-27,0.0,10.675641351282705,10.675641351282705,0.0
2019-06-28,0.1363136059605452,10.212888621353295,10.267123867581068,0.0681568029802726
2019-06-29,0.0008466683600033,9.35745794139312,9.357802048937431,0.0004233341800016
2019-06-30,0.3505207010414021,11.51865823817292,11.653543307086617,0.175260350520701
2019-07-01,49.94205963205752,18.017607002247345,33.99027278494396,24.97102981602876
2019-07-02,24.41578007431294,11.729860473449644,21.07381357438489,12.20789003715647
2019-07-03,95.6415953501339,32.79705369257608,49.25022598822327,47.82079767506695
2019-07-04,5.201622120439903,9.664829914354351,11.762913043846355,2.6008110602199515
2019-07-05,9.755767195767197,10.81603362069774,14.63873015873016,4.8778835978835975
2019-07-06,24.464754167724465,6.12816491149451,16.86130151476686,12.232377083862232
2019-07-07,27.478746351985787,8.162741598721583,19.659095715433743,13.739373175992894
2019-07-08,94.59982261266208,19.09901454716096,48.331291971111206,47.29991130633104
2019-07-09,53.34759882943992,13.54991932413568,32.995162136102984,26.67379941471996
2019-07-10,0.4546609093218187,6.049007850441853,6.248835831004995,0.2273304546609093
2019-07-11,94.5194370765826,7.79901356350185,47.68714838404487,47.259718538291295
2019-07-12,95.75397194090868,36.46309926397453,49.42521939641702,47.876985970454335
2019-07-13,67.32972077334708,15.99389328779175,38.890109983008,33.66486038667354
2019-07-14,66.11987648576626,12.882041550139832,37.42438983122541,33.05993824288313
2019-07-15,88.21004967390937,20.72226999140155,46.54817017537931,44.10502483695469
2019-07-16,3.3130132926932525,7.85922572396823,9.25535517737702,1.6565066463466265
2019-07-17,11.91076870978666,11.853802462254087,16.397307822553337,5.955384354893329
2019-07-18,62.61602375895826,16.162324876083563,37.350131571154186,31.30801187947913
2019-07-19,72.40936364404631,13.541411418769908,39.94084340403955,36.204681822023154
2019-07-20,17.95520506333398,12.863669647185008,19.53157391503008,8.97760253166699
2019-07-21,71.1833303735275,17.149900223030873,40.53369527530423,35.59166518676375
2019-07-22,69.6755875170065,5.656959732478752,36.55323356177696,34.83779375850325
2019-07-23,0.0,5.82761832190331,5.82761832190331,0.0
2019-07-24,0.0127000254000507,5.747914814344384,5.753534840403014,0.0063500127000253
2019-07-25,28.48572033001904,14.680755395683454,24.741696636344404,14.24286016500952
2019-07-26,8.408255871048578,11.135040207043165,14.402905470615126,4.204127935524289
2019-07-27,27.90609137055838,11.534354280349705,22.26861252115059,13.95304568527919
2019-07-28,100.0,-1.0,50.0,50.0
2019-07-29,65.07575501369678,10.33238918343138,36.14638641820826,32.53787750684839
2019-07-30,36.56113269183572,12.099786552828174,25.95653388173763,18.28056634591786
2019-07-31,96.31368707299151,18.419243986254298,48.83583450861829,48.15684353649576
2019-08-01,19.43209813831814,11.213038269970369,18.75015873822162,9.71604906915907
2019-08-02,60.86181102029431,19.09770214236351,37.90540026540669,30.43090551014716
2019-08-03,40.14604716494191,7.997342230264646,24.85974902903174,20.07302358247096
2019-08-04,2.5476250952501904,5.734094404045143,6.861823723647448,1.2738125476250952
2019-08-05,42.67334354037845,7.261217925071195,25.499285224879248,21.336671770189223
2019-08-06,86.32773229929627,22.76322293623332,46.27611492679795,43.163866149648136
2019-08-07,99.91808193495535,37.11340206185567,49.98944354831899,49.95904096747768
2019-08-08,30.039947188462712,10.06024533643028,22.0581265445682,15.019973594231356
2019-08-09,0.6790280247227161,6.112967572544072,6.410972821945644,0.339514012361358
2019-08-10,35.777721390510024,21.39075464243382,31.626490738391272,17.888860695255012
2019-08-11,46.48106621535858,28.605761629193942,38.55003173259996,23.24053310767929
2019-08-12,95.63028900562472,37.6691148047932,49.461175953921256,47.81514450281236
2019-08-13,77.23607471895868,12.286499331650084,41.4149268869918,38.61803735947934
2019-08-14,13.29693121693122,6.799586010271631,12.543915343915344,6.648465608465609
2019-08-15,49.57759832055124,12.74384716113219,31.21455296527672,24.78879916027562
2019-08-16,19.120224176903346,10.414922123597387,17.98367775416734,9.560112088451673
2019-08-17,91.65836190733576,6.682190948668625,46.386585139266586,45.82918095366789
2019-08-18,0.9846753026839388,4.397718624676136,4.846753026839387,0.4923376513419693
2019-08-19,93.32088953454,22.268588770864948,48.147788410375085,46.66044476726999
2019-08-20,90.39524155528144,12.719915552427867,46.4193379408236,45.19762077764072
2019-08-21,67.87647596170112,15.892993496405907,39.04362756707379,33.93823798085056
2019-08-22,29.373788995405587,9.426028201411269,21.34414106458409,14.686894497702792
2019-08-23,94.27352232878448,16.29039397963701,48.06962693818919,47.13676116439224
2019-08-24,78.76477251593488,12.018312101910828,41.93450217255313,39.38238625796744
2019-08-25,75.0401704920251,19.67879650335434,42.43187930247112,37.52008524601255
2019-08-26,57.246192893401016,13.052339962402296,34.20346869712352,28.623096446700508
2019-08-27,0.1413936161205655,4.106220801573642,4.171111675556684,0.0706968080602827
2019-08-28,75.29559025017338,14.621704895583704,41.260001014902144,37.64779512508669
2019-08-29,99.76520666880629,89.20863309352518,50.09205925575581,49.882603334403136
2019-08-30,73.52976039285412,14.57906857727738,40.6239945813225,36.76488019642706
2019-08-31,45.25385005923168,17.133185984327422,32.00668471822644,22.62692502961584
2019-09-01,52.28245967400687,16.609321793416573,34.06678966165095,26.14122983700344
2019-09-02,99.52029052827162,91.54929577464787,50.19931590726743,49.76014526413581
2019-09-03,0.0194733722800778,3.049446594460017,3.058589450512234,0.0097366861400389
2019-09-04,0.0,3.238506477012954,3.238506477012954,0.0
2019-09-05,43.90885262534878,10.297110297110295,27.73019362475691,21.95442631267439
2019-09-06,100.0,-1.0,50.0,50.0
2019-09-07,98.0600972907236,33.17370483239007,49.67358624417269,49.0300486453618
2019-09-08,99.61067806200438,100.0,50.194660968997816,49.80533903100219
2019-09-09,53.39547157682841,25.3806645977387,38.52627483485719,26.697735788414207
2019-09-10,47.526888999839215,14.369113662753191,31.30336546191536,23.763444499919608
2019-09-11,42.47389177569777,16.53573425133139,30.749310268952797,21.236945887848886
2019-09-12,25.486129335376333,9.631792413174129,19.92008600912577,12.743064667688166
2019-09-13,0.0736601473202946,5.775145522482906,5.807721615443231,0.0368300736601473
2019-09-14,4.171993125693145,4.999425759543435,6.876846623377723,2.0859965628465726
2019-09-15,0.0,4.23503513673694,4.23503513673694,0.0
2019-09-16,0.0194733722800778,4.3205433282241055,4.329438658877318,0.0097366861400389
2019-09-17,29.508321493809618,7.445264231299863,20.002452472769093,14.754160746904809
2019-09-18,0.0313267293201253,3.8128954121602736,3.827364321395309,0.0156633646600626
2019-09-19,3.9175345017356697,4.915273653322524,6.681483362966725,1.9587672508678349
2019-09-20,11.609992296687576,4.888139748697517,10.1256232487662,5.804996148343788
2019-09-21,0.0254000508001015,3.1715785907859075,3.183473033612734,0.0127000254000507
2019-09-22,99.46542128687368,30.647709320695103,49.8965467735261,49.732710643436846
2019-09-23,100.0,-1.0,50.0,50.0
2019-09-24,46.56946029330967,3.917039755738717,25.37762562867165,23.284730146654837
2019-09-25,67.65372962542949,17.668297532769945,39.54190010324808,33.826864812714746
2019-09-26,89.76293467608394,13.023025501361724,46.214642965766615,44.88146733804197
2019-09-27,74.85132623754012,12.649894192334823,40.6069437404967,37.42566311877006
2019-09-28,77.80247831893564,30.21590952362819,45.608422227105976,38.90123915946782
2019-09-29,36.736784187582,13.776493256262045,27.08384475388327,18.368392093791
2019-09-30,42.94210708877252,7.4537016443515265,25.723978646542754,21.47105354438626
2019-10-01,58.50356254336825,16.477017822912842,36.08915666728722,29.251781271684123
2019-10-02,77.99744628315815,13.816295157571098,42.03866090530108,38.99872314157908
2019-10-03,4.564389128778258,5.842848144500927,7.858352383371433,2.282194564389129
2019-10-04,62.21283069901106,12.049836710956024,35.65970754796721,31.10641534950553
2019-10-05,75.58143465620985,14.899287049214369,41.4289094719762,37.790717328104925
2019-10-06,97.25098390284276,19.477726574500767,49.16093779031468,48.62549195142138
2019-10-07,36.63318581449859,15.213994792014422,27.957216717296934,18.31659290724929
2019-10-08,14.41612169101784,5.157125769812477,11.621729088586392,7.20806084550892
2019-10-09,98.73744837895129,80.93645484949833,50.39058871219735,49.36872418947564
2019-10-10,23.61742279993568,11.430439069788054,20.53957534675501,11.80871139996784
2019-10-11,1.2852425704851411,7.082818718265404,7.634408602150537,0.6426212852425706
2019-10-12,0.4826009652019304,6.231070273949294,6.442299551265769,0.2413004826009652
2019-10-13,6.030388961781013,5.252632621992415,7.951072925043383,3.0151944808905067
2019-10-14,0.4588942511218355,4.332811649428416,4.542375751418169,0.2294471255609177
2019-10-15,90.6221760537806,25.33321325648415,47.6867921660037,45.3110880268903
2019-10-16,8.576242200529984,15.071258577421355,18.066832039418543,4.288121100264992
2019-10-17,11.738210143086953,11.05941714790016,15.63034459402252,5.869105071543476
2019-10-18,92.33601918951334,21.96385276614503,47.85131505599757,46.16800959475667
2019-10-19,96.27940369103425,100.0,51.86029815448288,48.13970184551712
2019-10-20,99.44428491799404,23.70820668693009,49.85389253922944,49.72214245899701
2019-10-21,98.08190947558678,60.01761338617349,50.19214689313254,49.04095473779339
2019-10-22,17.37748165184158,6.446231937451389,14.014779991206414,8.68874082592079
2019-10-23,2.4070781474896283,5.079511048261861,6.160782321564643,1.2035390737448142
2019-10-24,81.37481836920894,12.836213543792809,43.07817727165208,40.68740918460447
2019-10-25,24.95959245500165,6.669222788578646,17.484408188134147,12.479796227500826
2019-10-26,0.0762001524003048,3.5968479918657854,3.632207264414529,0.0381000762001524
2019-10-27,0.1549403098806197,3.848143342915532,3.919651172635678,0.0774701549403098
2019-10-28,93.41012929760409,98.91067538126362,53.22315026729388,46.70506464880204
2019-10-29,98.00824407879178,49.44868532654792,49.98901915734703,49.00412203939589
2019-10-30,100.0,-1.0,50.0,50.0
2019-10-31,76.25502856563334,29.958001138952163,45.2410330955681,38.12751428281667
2019-11-01,89.33949277504244,33.470648815653966,48.23788732275418,44.66974638752122
2019-11-02,96.53148435916492,71.65814463111761,50.751216134045,48.26574217958246
2019-11-03,99.31590726742958,100.0,50.34204636628521,49.65795363371479
2019-11-04,10.61555130440671,45.90092521567847,46.336064602414126,5.307775652203355
2019-11-05,85.61763587989357,85.11275546159267,55.050044343088814,42.80881793994679
2019-11-06,99.68583999797316,100.0,50.15708000101342,49.84291999898658
2019-11-07,67.09397011694472,73.78645766413979,57.82717886708213,33.54698505847236
2019-11-08,98.508584506507,100.0,50.7457077467465,49.2542922532535
2019-11-09,63.29322634378144,59.23707730581405,53.39063305909509,31.64661317189072
2019-11-10,4.379555864100849,68.03017424564386,67.24053269216115,2.1897779320504247
2019-11-11,90.73274587497782,97.310602607348,54.38439377170232,45.36637293748891
2019-11-12,99.76944709528676,100.0,50.11527645235663,49.884723547643375
2019-11-13,97.28046905361336,98.47778813296054,51.31836845039961,48.64023452680669
2019-11-14,2.401794784964443,82.40417060624723,81.62588892651542,1.2008973924822215
2019-11-15,100.0,-1.0,50.0,50.0
2019-11-16,73.53567625133121,87.10357382389576,59.8192098990821,36.767838125665605
2019-11-17,100.0,-1.0,50.0,50.0
2019-11-18,72.93678350271604,89.377243639769,60.65674869689367,36.46839175135802
2019-11-19,89.47928634182605,100.0,55.26035682908697,44.73964317091303
2019-11-20,69.18523029042134,88.25886485893074,61.78938109977842,34.59261514521067
2019-11-21,92.34013421457428,96.38088933024385,53.55271387278352,46.170067107287146
2019-11-22,94.17706125275524,93.06744017403916,52.50779066134058,47.08853062637762
2019-11-23,100.0,-1.0,50.0,50.0
2019-11-24,99.82265161175904,96.66666666666669,50.08276258117912,49.91132580587952
2019-11-25,6.281166659611396,70.70174170701742,69.40143080895737,3.1405833298056978
2019-11-26,97.99680772901166,85.49747048903879,50.7110825852328,48.99840386450583
2019-11-27,100.0,-1.0,50.0,50.0
2019-11-28,76.61373426809696,82.72474446491132,57.65309570065039,38.30686713404848
2019-11-29,59.21623950396189,87.91399987572235,65.4627549037828,29.608119751980944
2019-11-30,5.677133157810079,61.7428220110037,61.0761663689544,2.83856657890504
2019-12-01,99.71033096587313,85.71428571428571,50.103453226473896,49.85516548293656
2019-12-02,32.59423503325942,67.43672157492969,61.75335556270205,16.29711751662971
2019-12-03,3.587273096721756,64.09923161361142,63.59345367109185,1.7936365483608778
2019-12-04,3.459486918973838,61.42478776397952,61.02954872576412,1.729743459486919
2019-12-05,1.8499703666074,60.273452663359926,60.083396833460334,0.9249851833036998
2019-12-06,2.9269077393299523,61.6376227606538,61.2970002793982,1.463453869664976
2019-12-07,4.805519109493376,60.24471358195949,59.75240191306556,2.402759554746688
2019-12-08,35.2423056440774,81.90029892049236,70.65789807355813,17.6211528220387
2019-12-09,62.55700422190823,67.00485820811207,56.36712834093389,31.278502110954115
2019-12-10,19.68375967089336,61.24531006281354,59.03181025580254,9.84187983544668
2019-12-11,12.852068003044913,59.78842141020042,58.53040683413685,6.426034001522456
2019-12-12,99.12339225240898,100.0,50.43830387379551,49.56169612620449
2019-12-13,99.27371612434656,100.0,50.363141937826725,49.63685806217328
2019-12-14,20.52075931377525,64.78170168380272,61.748384258789294,10.260379656887626
2019-12-15,70.52461703547861,88.6082843629067,61.37993967199817,35.26230851773931
2019-12-16,100.0,-1.0,50.0,50.0
2019-12-17,97.7163898014509,97.67011834319528,51.08859968414563,48.85819490072545
2019-12-18,94.26995802754811,96.02063375092116,52.637001629916135,47.13497901377406
2019-12-19,96.4733006224084,95.0191570881226,51.58769033282381,48.236650311204194
2019-12-20,99.95101806420011,100.0,50.024490967899936,49.97550903210006
2019-12-21,95.3678290023731,99.76298997265268,52.305106789065206,47.68391450118655
2019-12-22,97.50768555116382,100.0,51.2461572244181,48.75384277558191
2019-12-23,69.35148213318895,78.54757238676198,58.74940782349757,34.67574106659448
2019-12-24,100.0,-1.0,50.0,50.0
2019-12-25,57.3640068313634,70.61611374407583,58.789884847562526,28.6820034156817
2019-12-26,5.274654565158494,66.0624586618044,65.21521945272283,2.637327282579247
2019-12-27,75.22717858984439,42.36333856548147,48.1081835011285,37.61358929492219
2019-12-28,2.469731606129879,61.3110171625012,61.03166539666413,1.2348658030649395
2019-12-29,3.500944027228624,61.46381694391801,61.062475129327495,1.750472013614312
2019-12-30,1.7017889950978318,59.331099645997874,59.17230401910067,0.8508944975489159
2019-12-31,4.885193714440531,61.262929269551904,60.71271335681387,2.442596857220265
2020-01-01,2.219776498476126,59.18890370396024,58.98493057907213,1.109888249238063
2020-01-02,6.390598674128574,61.731320604542205,60.98161898553056,3.195299337064287
2020-01-03,98.62428321693086,99.8158379373849,50.68532484313113,49.31214160846543
2020-01-04,98.60823741037572,50.728155339805824,50.010134193613766,49.30411870518786
2020-01-05,5.095190932100803,56.15277579563293,55.83928012122136,2.5475954660504017
2020-01-06,1.9709938787432373,55.67042363000388,55.5586599273577,0.9854969393716186
2020-01-07,27.87292887772449,53.12155538356903,52.25148647162806,13.936464438862249
2020-01-08,41.20289683412579,54.1908283810812,52.46408568672904,20.60144841706289
2020-01-09,38.86594797678079,75.24187855551095,65.43138316776388,19.432973988390398
2020-01-10,3.027917449675792,55.965152718733904,55.78453281866356,1.5139587248378958
2020-01-11,3.128227704498891,56.7796684233065,56.56758495741546,1.5641138522494455
2020-01-12,3.3497845539123148,55.26232810720855,55.0860514530971,1.6748922769561574
2020-01-13,86.4471805098997,56.3973063973064,50.86701538825557,43.22359025494985
2020-01-14,5.710004571389872,59.49578473886928,58.9535749961905,2.855002285694936
2020-01-15,2.349504699009398,57.46130836259592,57.28600457200914,1.174752349504699
2020-01-16,7.84219124281591,60.9039475376109,60.04883911869514,3.921095621407955
2020-01-17,3.369930502061236,55.75285584133436,55.558988597597626,1.684965251030618
2020-01-18,99.95101806420011,100.0,50.024490967899936,49.97550903210006
2020-01-19,26.975804064511216,50.69835313737753,50.50996676336021,13.487902032255608
2020-01-20,2.9357487513756038,58.02096596954527,57.78549056124609,1.4678743756878017
2020-01-21,5.296527671965734,56.13575623229082,55.81077420556318,2.648263835982867
2020-01-22,2.362511321601192,54.93731902276628,54.820674301869865,1.181255660800596
2020-01-23,4.534450651769087,56.63974180505927,56.33866598950398,2.267225325884544
2020-01-24,5.220070944201285,62.978875441025416,62.30136893524437,2.6100354721006425
2020-01-25,99.64699225578704,99.52153110047848,50.17481483983751,49.82349612789353
2020-01-26,73.59143021407554,73.06867296302225,56.09210659812641,36.79571510703777
2020-01-27,13.982527132045444,60.27615663966775,58.83929024939472,6.991263566022722
2020-01-28,98.652015642024,95.23809523809524,50.6098024476558,49.326007821012006
2020-01-29,78.59285865201775,29.269640742202924,45.56222269173886,39.29642932600888
2020-01-30,9.55061887265277,61.901775602085415,60.765082375251865,4.775309436326385
2020-01-31,38.92947124570927,53.84104218293577,52.34574477079424,19.464735622854636
2020-02-01,33.95130120013194,76.26194073808487,67.34567013709753,16.97565060006597
2020-02-02,55.92832086555936,56.51431749745872,52.87096910527873,27.96416043277968
2020-02-03,62.925299453080754,50.9610342233065,50.3563005604443,31.462649726540377
2020-02-04,69.58161082790163,53.1613907339985,50.96164413671832,34.790805413950814
2020-02-05,81.11914120282322,34.0376953037561,46.98617978952707,40.55957060141161
2020-02-06,7.642427833742486,59.20331432970981,58.49995767374926,3.821213916871243
2020-02-07,2.150501219181794,55.71418682725919,55.59130316987266,1.075250609590897
2020-02-08,5.430825756421327,57.49773962240504,57.09055044784206,2.7154128782106635
2020-02-09,3.132381202326428,56.32445093121018,56.12634501909059,1.5661906011632138
2020-02-10,98.51193743718804,92.0544835414302,50.625797025563934,49.255968718594026
2020-02-11,33.519024151077375,50.12778943353042,50.08495566244283,16.759512075538687
2020-02-12,51.902801146500046,44.40635657279472,47.30961419766134,25.951400573250023
2020-02-13,17.84801340759425,58.83922683811408,57.261600446919815,8.924006703797126
2020-02-14,32.39851150202977,46.36941400190162,47.54566982408661,16.199255751014885
2020-02-15,10.222263585829957,58.82707730584011,57.92475019671216,5.111131792914978
2020-02-16,61.1583102973126,43.07354125405358,47.30964638651484,30.5791551486563
2020-02-17,89.24251638624231,88.85050251256281,54.17933644165146,44.62125819312116
2020-02-18,5.438030660876485,54.21056871995488,53.98159670196646,2.7190153304382423
2020-02-19,59.712698587166976,49.6610631912527,49.86345150626094,29.856349293583488
2020-02-20,53.136228747283965,40.35179505682843,45.47848730543883,26.568114373641983
2020-02-21,8.22885007746294,52.90541600169741,52.6663336747911,4.11442503873147
2020-02-22,7.313708230355148,55.32249079967491,54.93321935199919,3.656854115177574
2020-02-23,74.08822361025416,41.739243892096425,47.85949134921776,37.04411180512708
2020-02-24,35.50682335423065,45.894607039315744,47.352301665862925,17.753411677115324
2020-02-25,100.0,-1.0,50.0,50.0
2020-02-26,70.55279014933194,68.02605900585466,55.30817142325928,35.27639507466597
2020-02-27,43.09881302627574,46.94153480424932,48.25969700043962,21.54940651313787
2020-02-28,23.42794298041538,54.97503093512462,53.809483524385605,11.71397149020769
2020-02-29,99.70779741746966,89.59537572254335,50.11569871042386,49.85389870873483
2020-03-01,90.49915947929954,71.29012181026052,52.02274051985572,45.24957973964977
2020-03-02,100.0,-1.0,50.0,50.0
2020-03-03,83.62069693769799,95.26019908195369,57.41330517423442,41.81034846884899
2020-03-04,21.41050262692578,75.94733669207251,70.39188148799906,10.70525131346289
2020-03-05,83.34431269213877,100.0,58.32784365393061,41.672156346069386
2020-03-06,66.82358708237899,89.29535843480919,63.03679037179152,33.411793541189496
2020-03-07,68.58734331285025,60.42675707674093,53.27532140411972,34.293671656425126
2020-03-08,2.1039530611035384,68.11357307180046,67.73247199668108,1.0519765305517692
2020-03-09,96.40809087454078,100.0,51.79595456272962,48.20404543727039
2020-03-10,99.94426193512427,100.0,50.02786903243786,49.97213096756214
2020-03-11,9.79534143616481,63.71100164203612,62.36796221688052,4.897670718082405
2020-03-12,2.6361904761904764,62.22013546530332,61.89798941798942,1.3180952380952382
2020-03-13,50.59692911255412,56.04141708026699,52.98464556277056,25.298464556277057
2020-03-14,97.01885804528295,86.88385269121814,51.099560007093935,48.50942902264148
2020-03-15,62.003739139997805,64.45508182121785,55.492390596316696,31.001869569998902
2020-03-16,4.234425660517918,58.26563535911602,57.91563317446477,2.117212830258959
2020-03-17,2.2587964374005214,57.199778255145176,57.03714992041722,1.1293982187002607
2020-03-18,3.7461903149339655,54.932055059589246,54.7472908906197,1.8730951574669827
2020-03-19,1.980055532981173,53.8013110053632,53.72604293647568,0.9900277664905864
2020-03-20,20.93198459389681,55.09972486002119,54.03225123799044,10.465992296948407
2020-03-21,66.07505242508287,38.211908975349566,46.00089629980383,33.03752621254144
2020-03-22,51.59640997904131,52.79965080750764,51.35513149888445,25.798204989520656
2020-03-23,6.087567512655977,51.93859245837502,51.81882058141307,3.0437837563279886
2020-03-24,10.31563978635698,50.285973158162975,50.25647319728122,5.15781989317849
2020-03-25,70.25920757748742,39.8242670685586,46.97365639139076,35.12960378874371
2020-03-26,96.76920607294632,78.1642259414226,50.90992810131716,48.38460303647316
2020-03-27,96.66325953082897,48.60759493670886,49.95353905675838,48.33162976541448
2020-03-28,7.616507936507936,50.34822770426304,50.32,3.808253968253968
2020-03-29,67.80202505113338,41.503044939101216,47.26415253807536,33.90101252556669
2020-03-30,90.54580484878188,99.89274222381124,54.71695721613331,45.27290242439094
2020-03-31,12.865026832117282,66.42316621819842,64.31032147754398,6.432513416058641
2020-04-01,4.710632570659488,59.84022464521518,59.35693305230368,2.355316285329744
2020-04-02,2.3857700415689527,54.49049861664022,54.38336564592734,1.1928850207844763
2020-04-03,21.758451979887926,49.27569158201076,49.43328988132523,10.879225989943963
2020-04-04,3.235966471932944,50.74636007279855,50.72220811108289,1.617983235966472
2020-04-05,3.704048630983626,50.654568793465735,50.63032324703253,1.852024315491813
2020-04-06,2.934403467777439,48.858264282599215,48.89176741508348,1.4672017338887196
2020-04-07,5.175683684700703,49.098636570622425,49.14528829057658,2.5878418423503518
2020-04-08,3.33243023570848,46.58246917040359,46.696356001083714,1.66621511785424
2020-04-09,7.687683619645927,46.81145729196284,47.056582367434025,3.843841809822964
2020-04-10,3.092032850732368,45.5319855318108,45.67013800694268,1.546016425366184
2020-04-11,3.361159557715428,45.0360947574993,45.20293953299355,1.680579778857714
2020-04-12,29.57671375489856,35.679001959063974,39.91468255647626,14.78835687744928
2020-04-13,29.42481059804461,36.6133326936455,40.55233419393068,14.712405299022304
2020-04-14,20.090411933020672,38.34142000550882,40.68367675194284,10.045205966510336
2020-04-15,4.820888824918932,41.36385066315593,41.78018982143916,2.410444412459466
2020-04-16,79.98327222344255,33.389608745199006,46.67514319990538,39.99163611172128
2020-04-17,3.940327824437822,40.67672618942693,41.04409374153346,1.970163912218911
2020-04-18,31.97362406676937,33.031792446960736,38.45714334083868,15.986812033384687
2020-04-19,73.37374659700029,25.38024322865399,43.44468117485923,36.68687329850015
2020-04-20,100.0,-1.0,50.0,50.0
2020-04-21,97.47307968413496,29.077540106951872,49.47130611038385,48.73653984206748
2020-04-22,3.664380662094657,36.29132903271168,36.79366692066717,1.8321903310473289
2020-04-23,6.259366189431975,36.27865387741831,37.13752317735012,3.1296830947159875
2020-04-24,9.984761259735862,33.538363147301695,35.182018286488315,4.992380629867931
2020-04-25,88.3799515092124,27.888040712468197,47.43057960852559,44.1899757546062
2020-04-26,48.1403122752084,29.50881201044386,39.37333389751618,24.0701561376042
2020-04-27,98.85399160550963,22.254974207811347,49.682039675368,49.42699580275482
2020-04-28,99.83362891647664,100.0,50.08318554176168,49.91681445823832
2020-04-29,99.93328322537604,100.0,50.03335838731199,49.966641612688015
2020-04-30,89.27838360630813,17.78933270306468,46.54649581457424,44.63919180315406
2020-05-01,75.42833475618518,24.654282765737875,43.772135207553234,37.71416737809259
2020-05-02,86.49370179188456,28.010258334897102,47.029999915517,43.24685089594228
2020-05-03,8.368470070273473,32.07651993555436,33.51452036237406,4.184235035136736
2020-05-04,43.577111901134245,22.555432206186804,34.51498222447943,21.78855595056712
2020-05-05,97.02374919766224,46.59477866061294,49.89865207256511,48.51187459883112
2020-05-06,60.19523418797634,29.80045100625452,41.94701269698943,30.09761709398817
2020-05-07,2.0512863927667397,31.009447090244347,31.39873519526587,1.0256431963833696
2020-05-08,12.087884175768352,23.99044619725906,27.134450935568537,6.043942087884176
2020-05-09,27.62379505581462,24.12563290029116,31.27311503990386,13.81189752790731
2020-05-10,93.642575403093,11.810814401487976,47.572151321401726,46.821287701546495
2020-05-11,97.93932020378678,63.38663386633866,50.27585565947668,48.96966010189339
2020-05-12,33.31612051232128,18.11891370313472,28.7389210100822,16.65806025616064
2020-05-13,99.97550903210006,100.0,50.01224548394997,49.98775451605003
2020-05-14,63.38568019900834,18.824671273080213,38.58536544091517,31.69284009950417
2020-05-15,100.0,-1.0,50.0,50.0
2020-05-16,92.01615697276468,19.67612193056732,47.57898917516626,46.008078486382345
2020-05-17,38.06448336281837,16.837501708350416,29.4606353532703,19.032241681409182
2020-05-18,48.29330175913397,19.41672936635153,34.186400541271986,24.146650879566984
2020-05-19,94.73079295861538,29.54290296712109,48.92207320268066,47.36539647930769
2020-05-20,71.40574539675025,16.805132602075513,40.508175101026325,35.702872698375124
2020-05-21,10.193040386080773,16.647339989252483,20.046990093980188,5.096520193040386
2020-05-22,40.04212200155632,10.265634037270583,26.176117332611565,20.02106100077816
2020-05-23,6.268414101391852,16.598923332610738,18.69264113244607,3.134207050695926
2020-05-24,25.86595110719848,12.962011441098896,22.542239452834025,12.93297555359924
2020-05-25,38.81968655857563,14.510774848543528,28.28758081440612,19.409843279287816
2020-05-26,15.291747096075046,14.083394966717972,19.57567137390362,7.645873548037523
2020-05-27,0.5833545000423334,15.38566355251616,15.587587841842351,0.2916772500211667
2020-05-28,80.56431100482511,17.456521739130434,43.67495077700504,40.28215550241256
2020-05-29,42.484595070422536,13.98233995584989,29.28417862946912,21.242297535211268
2020-05-30,90.69783163480876,20.367005813953487,47.24348898916663,45.34891581740438
2020-05-31,46.57884272068093,12.643532523479942,30.043742755370545,23.289421360340462
2020-06-01,0.3556007112014224,13.536409210638118,13.666073998814666,0.1778003556007112
2020-06-02,7.548511632632328,14.136446886446883,16.843611365098717,3.774255816316164
2020-06-03,56.673038859095605,10.597009097653352,32.92788144338617,28.336519429547803
2020-06-04,99.9687529030242,100.0,50.015623548487895,49.984376451512105
2020-06-05,55.74176846807215,13.453120519927364,33.82499746201482,27.87088423403608
2020-06-06,86.79189481511526,21.131085663105367,46.18696342864869,43.39594740755763
2020-06-07,99.9603077416794,100.0,50.01984612916029,49.9801538708397
2020-06-08,92.81840300070962,20.950476414539462,47.91378028587842,46.40920150035481
2020-06-09,91.40808024425104,17.915149128851265,47.243295359399184,45.70404012212553
2020-06-10,100.0,-1.0,50.0,50.0
2020-06-11,89.46683565694973,28.774266003529604,47.76425855513308,44.73341782847486
2020-06-12,33.65958886727011,12.258196146440367,24.96193215464005,16.829794433635055
2020-06-13,15.232685127962004,13.23505912432087,18.83534680539447,7.616342563981003
2020-06-14,90.94318268199363,23.03459852653176,47.55779284948098,45.47159134099682
2020-06-15,99.94172838672084,100.0,50.02913580663959,49.97086419336041
2020-06-16,88.02828801730402,8.63857717552403,45.04832958750866,44.01414400865201
2020-06-17,99.98902129025174,100.0,50.00548935487412,49.99451064512587
2020-06-18,49.11048292905868,10.3895023948909,29.84240905936321,24.55524146452934
2020-06-19,94.47757411943576,22.85102477821964,48.500717966044434,47.23878705971788
2020-06-20,51.31660195735106,9.486742884942837,30.27676977863493,25.65830097867553
2020-06-21,74.24638085338337,12.259631160989697,40.280489144672906,37.123190426691686
2020-06-22,52.470685705107066,10.275519823553475,31.11922696492429,26.235342852553533
2020-06-23,0.9169418338836678,8.945798832747998,9.322241977817288,0.4584709169418339
2020-06-24,1.154008974684616,9.963425184373046,10.425450850901704,0.577004487342308
2020-06-25,71.97628391636782,17.001177074216038,40.75250355233778,35.98814195818391
2020-06-26,85.59677392083594,19.134824206139577,45.55441895067887,42.79838696041797
2020-06-27,10.205463796212424,9.94362107327375,14.03156032271446,5.102731898106212
2020-06-28,48.89723293417224,11.30767194016019,30.227149719234152,24.44861646708612
2020-06-29,52.326328968294256,11.24103910852438,31.52218048929043,26.163164484147128
2020-06-30,49.76143342977514,16.369453565715247,33.10449554168147,24.88071671488757
2020-07-01,68.05218318259884,23.19792383877973,41.437321804753005,34.02609159129942
2020-07-02,54.08694327615534,15.410561238595522,34.11893136101685,27.04347163807767
2020-07-03,84.27172479112403,17.742889402656058,44.92651287081825,42.135862395562015
2020-07-04,6.608246549826433,8.826435791668555,11.54728642790619,3.3041232749132163
2020-07-05,0.3953941241215815,6.818935253266238,6.989670646007959,0.1976970620607907
2020-07-06,6.9102731259630525,9.749708963911525,12.531114008500262,3.4551365629815263
2020-07-07,0.048260096520193,5.960034899579003,5.981288629243925,0.0241300482600965
2020-07-08,0.0211667090000846,5.839861116991997,5.849208365083397,0.0105833545000423
2020-07-09,2.4805702771804468,7.1266104108066815,8.190114969775987,1.2402851385902234
2020-07-10,1.635735573015443,9.305388190738508,9.971044432403142,0.8178677865077215
2020-07-11,99.6672578329533,100.0,50.16637108352335,49.83362891647665
2020-07-12,1.5282363898061129,5.8337990628089935,6.508763017526036,0.7641181949030564
2020-07-13,18.922602820907905,9.6170914824522,17.25858886875836,9.461301410453952
2020-07-14,58.52193409196666,15.247322794492607,35.58526164389357,29.26096704598333
2020-07-15,84.62936046511628,11.226565506624883,44.04027514872904,42.31468023255814
2020-07-16,94.69446040490756,8.61602165949992,47.804356643120286,47.34723020245378
2020-07-17,68.42145308827756,16.558241640564344,39.43957864836075,34.21072654413878
2020-07-18,51.89891623448592,9.541816902647083,30.53917545833721,25.94945811724296
2020-07-19,64.17531660025885,17.948899593841503,38.517794753360576,32.087658300129426
2020-07-20,1.96003725340784,6.63068353555853,7.480738294809923,0.98001862670392
2020-07-21,82.39130251142517,18.464859678579995,44.44707253820357,41.19565125571258
2020-07-22,25.977913446415585,9.31574137537126,19.88466286719318,12.988956723207792
2020-07-23,16.088159865932,9.850616798297375,16.30991375297294,8.044079932966
2020-07-24,99.91892645108985,100.0,50.04053677445508,49.95946322554492
2020-07-25,67.51878809397006,8.874892642427712,36.64206673260463,33.75939404698503
2020-07-26,35.62351508797443,15.4675597583399,27.76922881807344,17.811757543987216
2020-07-27,18.9642911566008,12.952225739388432,19.97807351721102,9.4821455783004
2020-07-28,0.0838201676403352,4.379252781520367,4.41749216831767,0.0419100838201676
2020-07-29,2.418931504529676,5.960799285051149,7.026077385488104,1.209465752264838
2020-07-30,12.385088120270202,12.92136459812759,17.51358626644319,6.192544060135101
2020-07-31,1.932943865887732,6.779939047027033,7.615358564050462,0.966471932943866
2020-08-01,1.4545762424858184,6.881057117327652,7.5082550165100335,0.7272881212429092
2020-08-02,79.04040830812392,7.853572004515401,41.16628077943587,39.52020415406196
2020-08-03,100.0,-1.0,50.0,50.0
2020-08-04,91.86308704427798,22.127659574468083,47.73205192085194,45.93154352213899
2020-08-05,5.5702311404622815,6.259246308201308,8.695707391414782,2.7851155702311408
2020-08-06,6.234337961395191,8.086243634656363,10.699288858787677,3.1171689806975955
2020-08-07,7.585301837270341,11.238559426849044,14.178731690796717,3.7926509186351702
2020-08-08,1.7839302345271355,8.137720576191995,8.884514435695538,0.8919651172635679
2020-08-09,1.1988823977647955,7.487959963665655,7.99762932859199,0.5994411988823978
2020-08-10,6.865550344547349,11.757380744618963,14.382947022670708,3.4327751722736743
2020-08-11,1.0337820675641352,7.6157722283533955,8.053932774532216,0.5168910337820676
2020-08-12,11.901577735644638,7.980169672280776,12.98119244312026,5.950788867822319
2020-08-13,42.93759512937595,15.587860466494767,30.36360561474717,21.46879756468797
2020-08-14,82.32218280114884,12.080087924690591,43.29658726136172,41.16109140057442
2020-08-15,71.64638789704364,16.92032229185318,40.620716497723926,35.82319394852182
2020-08-16,91.65836190733576,6.682190948668625,46.386585139266586,45.82918095366789
2020-08-17,79.48490530974946,12.076419483674394,42.2199415471424,39.74245265487473
2020-08-18,67.30016485606797,15.64414798727992,38.76569302954728,33.65008242803398
2020-08-19,4.758276183219033,5.827184638634545,7.929049191431717,2.3791380916095166
2020-08-20,9.605648588699436,10.82774510171206,14.590494251511204,4.802824294349718
2020-08-21,0.2082804165608331,5.652277200841648,5.744644822622979,0.1041402082804165
2020-08-22,25.16255591162369,14.123017128395174,23.150583002866394,12.581277955811847
2020-08-23,53.12227904814235,11.173224654668736,31.798892599010948,26.561139524071177
2020-08-24,81.20802530746198,18.2922986901922,44.04149679427537,40.60401265373099
2020-08-25,4.868447785453068,3.39927209304395,5.6680041988351615,2.434223892726534
2020-08-26,4.1982018590948345,4.116186386009561,6.042481502175717,2.099100929547417
2020-08-27,0.866988400643468,3.196795517824505,3.60257387181441,0.433494200321734
2020-08-28,99.27200864806431,29.00232018561485,49.84713870684413,49.63600432403216
2020-08-29,100.0,-1.0,50.0,50.0
2020-08-30,71.88289895258305,19.34261570384627,41.37888765840174,35.941449476291524
2020-08-31,100.0,-1.0,50.0,50.0
2020-09-02,67.23694670432826,14.785369505175398,38.46261184310674,33.61847335216413
2020-09-03,19.72789691576996,9.96783209407794,17.86533691170619,9.86394845788498
2020-09-04,0.085513504360342,3.892076028099552,3.931504529675726,0.042756752180171
2020-09-05,0.0381000762001524,3.2236479905137,3.241469816272966,0.0190500381000762
2020-09-06,94.84468167767436,23.935124508519003,48.65627269809632,47.42234083883718
2020-09-07,98.1035808111099,11.625835189309578,49.27226497495375,49.05179040555495
2020-09-08,0.7670815341630683,5.417050612607079,5.759038184743036,0.3835407670815342
2020-09-09,0.2887139107611548,4.227767918552421,4.35991871983744,0.1443569553805774
2020-09-10,58.15318019259548,10.50387910134152,33.47212945662375,29.07659009629774
2020-09-11,33.602539682539685,9.888820889432886,23.367195767195767,16.801269841269843
2020-09-12,6.436263885125983,11.997104334449372,14.443070983473314,3.2181319425629917
2020-09-13,0.0499534332401998,3.145250781441919,3.1686563373126746,0.0249767166200999
2020-09-14,0.0,2.872745745491491,2.872745745491491,0.0
2020-09-15,0.0,3.173313013292693,3.173313013292693,0.0
2020-09-16,9.906714522737277,6.885341401309793,11.156587546134832,4.953357261368638
2020-09-17,28.46617151944778,8.353535234085829,20.208689326137343,14.23308575972389
2020-09-18,0.2810938955211243,4.328482399089813,4.456862247057828,0.1405469477605621
2020-09-19,1.2132757598848531,8.658090283432038,9.15968165269664,0.6066378799424266
2020-09-20,22.40891853457033,10.297502809203277,19.194403060878987,11.204459267285165
2020-09-21,70.30416289669286,21.38504470641836,41.50254948883383,35.15208144834643
2020-09-22,97.30928070130987,22.379158819836785,49.2568006959048,48.654640350654944
2020-09-23,98.99755934837135,34.962089300758215,49.84925386999519,49.49877967418568
2020-09-24,99.8952799993244,41.12903225806452,49.99071032252071,49.947639999662194
2020-09-25,95.92198731322482,74.37862468931235,50.99416340769146,47.96099365661241
2020-09-26,99.33447632239049,59.64467005076142,50.064187562815135,49.66723816119524
2020-09-27,80.76373445176347,24.12853312233505,45.02329593018831,40.38186722588173
2020-09-28,98.11081740716656,48.413053196244974,49.970019677225935,49.05540870358328
2020-09-29,60.24188092016238,9.712827058072753,33.98257780784844,30.12094046008119
2020-09-30,36.19151601327104,7.303259009696116,22.755856862346807,18.09575800663552
2020-10-01,10.597736372948216,8.623236435943566,13.00823675812036,5.298868186474109
2020-10-02,100.0,-1.0,50.0,50.0
2020-10-03,91.69707412663016,91.91251271617496,53.47996486249072,45.848537063315085
2020-10-04,91.66582184374155,35.62088190572732,48.80161868072452,45.83291092187078
2020-10-05,98.489147876024,58.41252096143097,50.12710075162571,49.244573938012
2020-10-06,79.76728661602291,28.633478115603072,45.67697286700523,39.88364330801146
2020-10-07,57.74297745683313,21.19302037059271,37.82702812399587,28.87148872841657
2020-10-08,16.410950789150764,17.823696759235823,23.104134049845555,8.205475394575382
2020-10-09,80.31860529938932,14.085232393459506,42.93147283154969,40.15930264969466
2020-10-10,14.795689458134753,14.00383503392912,19.329715819146863,7.397844729067375
2020-10-11,100.0,-1.0,50.0,50.0
2020-10-12,28.179671431836077,47.35489953450003,48.10028015471989,14.089835715918037
2020-10-13,24.481071380197758,40.07667387819615,42.50601042936476,12.240535690098875
2020-10-14,6.30137914102119,40.457560041202086,41.05886536231026,3.150689570510595
2020-10-15,99.90710322520712,100.0,50.04644838739644,49.95355161260356
2020-10-16,93.18832622376144,46.72619047619048,49.77699877518267,46.594163111880725
2020-10-17,93.22520696063523,14.17705735660848,47.57306977529988,46.61260348031762
2020-10-18,30.723136299004672,37.87323461857988,41.59895727537409,15.361568149502336
2020-10-19,52.803054029575335,45.93959611176872,48.08361337069046,26.401527014787668
2020-10-20,96.72179612798595,29.19350682813708,49.31792073520965,48.36089806399298
2020-10-21,65.29754505247313,39.977093283945806,46.52180531242865,32.64877252623656
2020-10-22,90.06039616505468,29.88867170901674,48.00101364193099,45.03019808252734
2020-10-23,100.0,-1.0,50.0,50.0
2020-10-24,78.39247375450104,23.26409263388491,44.22303179889439,39.19623687725052
2020-10-25,77.8262413146016,43.3745044220799,48.53087859884025,38.9131206573008
2020-10-26,99.68583999797316,64.78494623655914,50.04644838739644,49.84291999898658
2020-10-27,78.07708562251712,66.96996568608552,53.72031104724875,39.03854281125856
2020-10-28,41.37513648944905,57.50216575223794,54.39813443258479,20.687568244724524
2020-10-29,97.74926946269616,75.046904315197,50.563738324071416,48.87463473134808
2020-10-30,18.378607091478376,41.67357856757766,43.203858847423206,9.189303545739188
2020-10-31,2.4644846678744985,36.08287690852119,36.4258622733199,1.2322423339372492
2020-11-01,97.98751805153238,73.94041124632815,50.48179645472127,48.99375902576619
2020-11-02,11.56063492063492,26.275737300060303,29.0184126984127,5.780317460317461
2020-11-03,60.37769358276107,16.514055196260486,36.73209634315483,30.18884679138053
2020-11-04,62.24834767321963,14.543175050932454,36.6144627191129,31.124173836609813
2020-11-05,12.2607569434451,19.166610386979134,22.947017344857063,6.13037847172255
2020-11-06,3.478113622893912,18.35932702935036,19.45982558631784,1.739056811446956
2020-11-07,3.3316399966133265,15.597109700021896,16.743290153246974,1.6658199983066633
2020-11-08,12.174001371289265,15.640692014842658,19.82359464012121,6.087000685644632
2020-11-09,3.5052070104140207,14.538036325348775,15.781051562103125,1.7526035052070104
2020-11-10,19.76260826130024,19.283769810285524,25.35409805531803,9.881304130650118
2020-11-11,3.2723732114130897,14.147665105693903,15.320887308441284,1.6361866057065448
2020-11-12,47.30684308035903,17.761330614735016,33.01242735201807,23.653421540179515
2020-11-13,2.4578782490898314,14.432282760596143,15.306493946321226,1.2289391245449155
2020-11-14,3.677080687494709,13.618184535058496,14.955973245279823,1.8385403437473544
2020-11-15,3.229793682642081,14.38532334826428,15.535603924855442,1.6148968413210407
2020-11-16,25.84509367354368,20.615567276297465,28.210001439177805,12.92254683677184
2020-11-17,18.47205999356728,16.728265609102802,22.87424034668969,9.23602999678364
2020-11-18,3.0996528659723985,13.940707214567189,15.058420116840235,1.5498264329861993
2020-11-19,7.755862185727588,12.848726231554217,15.730127825277238,3.877931092863794
2020-11-20,28.965447223256284,29.870176274416387,35.70086974178483,14.482723611628142
2020-11-21,13.314989628751642,28.11852951517756,31.032045040850026,6.657494814375821
2020-11-22,4.66575231128721,21.894232050086583,23.205577567814693,2.332876155643605
2020-11-23,92.48078384998732,36.26151426645697,48.966973561956245,46.24039192499366
2020-11-24,16.301099663921033,17.874806566131625,23.111566365013925,8.150549831960516
2020-11-25,6.514266361866057,15.705151427329373,17.93920921175176,3.2571331809330286
2020-11-26,6.140038946744561,16.83685435421891,18.87308441283549,3.0700194733722803
2020-11-27,4.909829819659639,14.763469295082404,16.493522987045974,2.4549149098298195
2020-11-28,20.66463466260266,11.382773230312797,19.36288205909745,10.33231733130133
2020-11-29,4.850916848681871,14.615808954373977,16.332266639576034,2.425458424340936
2020-11-30,6.012192024384048,13.502508805592338,15.696808060282788,3.006096012192024
2020-12-01,97.79243482446732,77.23794950267788,50.6012954877503,48.89621741223366
2020-12-02,98.88861676702334,100.0,50.55569161648833,49.44430838351167
2020-12-03,79.84337471668753,81.02290845011328,56.25317140827442,39.92168735834377
2020-12-04,87.68770797790579,96.61819179585676,55.739767909325856,43.843853988952894
2020-12-05,100.0,-1.0,50.0,50.0
2020-12-06,100.0,-1.0,50.0,50.0
2020-12-07,89.4248639881053,93.1938009266656,54.56780319670192,44.71243199405265
2020-12-08,88.55096576944841,100.0,55.7245171152758,44.275482884724205
2020-12-09,99.28202523071712,100.0,50.35898738464144,49.64101261535856
2020-12-10,45.579526226734345,96.58142246404977,75.34983079526226,22.78976311336717
2020-12-11,82.4311426809801,99.5288688043844,58.701656291966856,41.21557134049005
2020-12-12,64.23356430623627,98.4028729386193,67.31198242352544,32.11678215311814
2020-12-13,31.527851772923697,79.42175400461905,70.14570701304852,15.763925886461848
2020-12-14,8.632234798140983,86.6821087742055,83.5156230159066,4.316117399070492
2020-12-15,87.37136484225823,89.85080618184251,55.03261292012369,43.68568242112912
2020-12-16,91.18685588781888,79.29646314578741,52.58193951681027,45.59342794390944
2020-12-17,16.3628975594064,77.5066296888601,73.00574805082665,8.1814487797032
2020-12-18,2.2207547010066637,71.8780846826565,71.3922260885762,1.1103773505033316
2020-12-19,50.316434276431565,78.44249174074453,64.13124407743332,25.158217138215782
2020-12-20,95.81830496994328,94.33083620166023,51.85378037422742,47.90915248497164
2020-12-21,100.0,-1.0,50.0,50.0
2020-12-22,94.0796919075047,99.57203994293866,52.934817492356814,47.03984595375235
2020-12-23,100.0,-1.0,50.0,50.0
2020-12-24,100.0,-1.0,50.0,50.0
2020-12-25,99.61152257813886,100.0,50.19423871093057,49.80576128906943
2020-12-26,11.77262338102091,72.2988207977126,69.67366460678913,5.886311690510455
2020-12-27,73.14199753224143,65.13530522341095,54.0650406504065,36.57099876612072
2020-12-28,100.0,-1.0,50.0,50.0
2020-12-29,85.09225903563515,89.76118895002553,55.92749505302146,42.546129517817576
2020-12-30,75.62313988095238,97.00669418334432,61.45875608766234,37.81156994047619
2020-12-31,8.58831298575952,82.54341684805262,79.7449921262509,4.29415649287976
2021-01-01,85.20339627423648,97.99588900308324,57.10176150044355,42.60169813711824
2021-01-02,99.4383445945946,100.0,50.2808277027027,49.7191722972973
2021-01-03,92.998052662772,89.851035485043,52.780458894251126,46.499026331386
2021-01-04,17.644371113085416,91.44680064110467,84.13377332148751,8.822185556542708
2021-01-05,21.07566012186865,89.73160191728235,81.35790453622207,10.537830060934326
2021-01-06,86.27280184698132,90.06899950714637,55.50035096027807,43.13640092349066
2021-01-07,3.334829025457809,85.09520222809999,83.92483723765419,1.6674145127289046
2021-01-08,1.9049715524248167,82.60775750461757,81.98658900027092,0.9524857762124086
2021-01-09,11.523197860872068,94.3831830223506,89.26882102573215,5.761598930436033
2021-01-10,2.0156784396058383,81.09691298825848,80.47009921777115,1.0078392198029191
2021-01-11,6.034110626772186,83.10784031130648,81.11007660078717,3.017055313386093
2021-01-12,100.0,-1.0,50.0,50.0
2021-01-13,75.99814181342117,85.60016891297462,58.54470205667469,37.999070906710585
2021-01-14,89.13140800932536,100.0,55.43429599533732,44.56570400466268
2021-01-15,32.919732724350844,83.38019644680932,72.39152499365643,16.459866362175422
2021-01-16,5.3483903190579785,80.28905921599842,78.66908210515624,2.674195159528989
2021-01-17,90.77761351636748,78.83118072730603,52.658922914466736,45.38880675818373
2021-01-18,70.37043298899353,77.75178316690442,58.22273319018716,35.185216494496764
2021-01-19,3.595100437642319,81.49026219201659,80.35815563813668,1.7975502188211594
2021-01-20,38.23434828969416,86.23708656454663,72.38207267741991,19.11717414484708
2021-01-21,94.23455382406352,98.81336067975388,52.81430803665695,47.11727691203176
2021-01-22,96.03230248097243,96.1038961038961,51.82926314188933,48.016151240486224
2021-01-23,97.44711765898492,100.0,51.27644117050754,48.72355882949246
2021-01-24,99.85220967646586,100.0,50.07389516176707,49.92610483823293
2021-01-25,95.2426397310947,98.66856026983844,52.31533874972551,47.62131986554735
2021-01-26,74.50718512256974,84.67405000331587,58.83939137785291,37.25359256128487
2021-01-27,100.0,-1.0,50.0,50.0
2021-01-28,99.45021071033452,99.69278033794164,50.273205584035,49.72510535516726
2021-01-29,84.52716008688523,88.8239471240509,56.00716718645672,42.263580043442616
2021-01-30,34.178252968769804,86.63276705574174,74.11232726197017,17.089126484384902
2021-01-31,62.80418717129184,86.23778131393497,63.47893731080784,31.40209358564592
2021-02-01,84.22009350930443,95.62794684954994,57.20004734648325,42.11004675465222
2021-02-02,67.94937863798799,81.00321577310349,59.93672329748498,33.974689318993995
2021-02-03,90.46171256766914,95.82964405879228,54.37136317954175,45.23085628383457
2021-02-04,8.50820685159947,79.91062341555487,77.36576570475651,4.254103425799735
2021-02-05,72.47200514225786,91.13616812092909,61.32396224500152,36.23600257112893
2021-02-06,89.77314955575825,99.0585514906268,55.01714469105774,44.886574777879126
2021-02-07,99.00684902585064,98.9795918367347,50.48644129346091,49.50342451292532
2021-02-08,40.41516108012964,80.04743509629041,67.90371580167724,20.20758054006482
2021-02-09,83.22461257668193,89.86551150959554,56.6875940040221,41.61230628834097
2021-02-10,100.0,-1.0,50.0,50.0
2021-02-11,11.993938265124706,81.49861951533926,77.71931458372137,5.996969132562353
2021-02-12,28.172266774946703,92.38125522618331,80.44149494129191,14.086133387473351
2021-02-13,5.568396366191697,80.32204848658729,78.63359664050527,2.7841981830958487
2021-02-14,2.3986114638895946,79.22308873409266,78.5221403776141,1.1993057319447973
2021-02-15,8.115063576181365,80.1934770591487,77.74325719993905,4.0575317880906825
2021-02-16,66.6128541483535,61.08959266854004,53.70249847859896,33.30642707417675
2021-02-17,4.902209804419609,75.23415242165242,73.99712132757598,2.4511049022098046
2021-02-18,85.61540216867674,62.99059929494712,51.86864546445686,42.80770108433837
2021-02-19,50.67449919702477,87.81465805301849,68.65226946158397,25.337249598512383
2021-02-20,2.5662083446220536,78.50036061556642,77.76898198320238,1.2831041723110268
2021-02-21,2.901532469731606,77.80926554066426,77.002370671408,1.450766234865803
2021-02-22,2.98617402274132,75.78544997556378,75.01545156674653,1.4930870113706598
2021-02-23,1.7686902040470749,80.01568681531792,79.48480230293794,0.8843451020235374
2021-02-24,5.028363390060114,79.5740432018971,78.08695284057234,2.514181695030057
2021-02-25,2.0133773600880533,71.11948294335188,70.69426805520278,1.006688680044027
2021-02-26,4.179966302884575,73.49126124374857,72.50933443963729,2.0899831514422877
2021-02-27,25.16753536857781,70.7688828584351,65.54186691937996,12.583767684288905
2021-02-28,8.493273618530779,71.59180274783735,69.75795186129008,4.246636809265389
2021-03-01,3.5505964223127138,68.5509141818884,67.89224608663997,1.7752982111563569
2021-03-02,2.082804165608331,66.4167747514051,66.0748454830243,1.0414020828041657
2021-03-03,99.86234387007964,100.0,50.06882806496018,49.93117193503982
2021-03-04,95.6719721546364,96.91586960765176,52.03053190051365,47.8359860773182
2021-03-05,52.156378670409296,54.65116279069767,52.22528471300421,26.078189335204648
2021-03-06,4.9268172929593925,65.01348956895707,64.27380236859705,2.4634086464796963
2021-03-07,10.09555568721382,66.94312907750675,65.23262604633054,5.04777784360691
2021-03-08,35.87524742425011,60.86113419605049,56.96467543013755,17.937623712125056
2021-03-09,70.9364353405642,53.686843712731616,51.0715282063421,35.4682176702821
2021-03-10,41.99360773835695,55.96839788347449,53.46205228802381,20.996803869178475
2021-03-11,100.0,-1.0,50.0,50.0
2021-03-12,95.13506203725616,86.0667129951355,51.75462321241421,47.56753101862808
2021-03-13,23.57641681127524,61.3947254743418,58.70825750201041,11.78820840563762
2021-03-14,100.0,-1.0,50.0,50.0
2021-03-15,78.595877386476,48.94969596462133,49.77519163645276,39.297938693238
2021-03-16,82.30645706558487,29.940291378075,46.45072684246112,41.15322853279243
2021-03-17,73.69595348365505,41.15794884976224,47.67418275244245,36.84797674182752
2021-03-18,78.17441202072189,60.05188569658484,52.19388315628459,39.087206010360944
2021-03-19,54.59821655188751,56.33456334563346,52.873145061676176,27.299108275943755
2021-03-20,47.53470519605688,48.35715551831381,49.13807679951303,23.76735259802844
2021-03-21,80.34740251503185,59.133353414518695,51.79494118343495,40.17370125751592
2021-03-22,45.37729148346073,53.05117805504814,51.66618751268349,22.688645741730365
2021-03-23,20.689246602007483,62.33673382277617,59.784356539548746,10.34462330100374
2021-03-24,4.926233462837408,62.93691351649721,62.299078235697415,2.463116731418704
2021-03-25,16.997773808818426,65.07169226376226,62.50984010360677,8.498886904409213
2021-03-26,11.322016678660628,61.10156384258464,59.84464293273505,5.661008339330314
2021-03-27,95.2671317331892,39.5610278372591,49.505937199128425,47.633565866594594
2021-03-28,65.985773131349,47.085592082359376,49.00868667901579,32.9928865656745
2021-03-29,69.80548560999105,54.47193149381542,51.35027799841144,34.902742804995526
2021-03-30,4.302995928111271,58.00573228123562,57.66124594715857,2.1514979640556358
2021-03-31,4.691640211640212,57.04413632608832,56.71365079365079,2.345820105820106
2021-04-01,8.395906170373067,56.40831338773322,55.87027740859569,4.197953085186533
2021-04-02,41.37081827644863,47.07699413955368,48.28626558228887,20.685409138224315
2021-04-03,17.522640710960644,50.12878795653022,50.10622090562844,8.761320355480322
2021-04-04,6.551966351565211,51.69409399255522,51.579597674398926,3.275983175782605
2021-04-05,78.98147835197891,23.82713567839196,44.49885084665562,39.490739175989454
2021-04-06,29.689204617531395,42.40849661410409,44.66235358788956,14.844602308765698
2021-04-07,88.36671086973047,32.36767588760618,47.948780755619,44.183355434865234
2021-04-08,23.534686212642853,47.87820427679639,48.35852711538949,11.767343106321428
2021-04-09,48.64764320439654,53.63946194247329,51.86894948213908,24.32382160219827
2021-04-10,99.98142064504142,100.0,50.00928967747929,49.99071032252071
2021-04-11,99.87416709596236,100.0,50.06291645201881,49.93708354798118
2021-04-12,100.0,-1.0,50.0,50.0
2021-04-13,91.43405089385286,64.47666962612213,51.238974688249805,45.71702544692643
2021-04-14,17.489062460332907,64.2819045274581,61.77869358810537,8.744531230166453
2021-04-15,86.39402879096542,32.84045725646123,47.66527755471213,43.19701439548271
2021-04-16,34.48407158268816,51.77650540900337,51.1380462833693,17.24203579134408
2021-04-17,38.95238175804282,50.63257811958706,50.38617387552766,19.47619087902141
2021-04-18,89.0549071640454,27.2565825032816,47.51071184091544,44.5274535820227
2021-04-19,99.841224262284,82.4468085106383,50.05151765957806,49.920612131142
2021-04-20,73.62271297642802,31.76485672158472,45.19006391829281,36.81135648821401
2021-04-21,75.00591356063934,47.31629824917191,49.32923326462339,37.50295678031967
2021-04-22,75.6122095333091,31.52750337943225,45.494966230209386,37.80610476665455
2021-04-23,3.1165334597670005,50.77692132906857,50.75055879165538,1.5582667298835002
2021-04-24,4.064545077421922,49.77232213770098,49.78157620704543,2.032272538710961
2021-04-25,41.776276810048586,42.7917254212156,45.80307416247694,20.888138405024293
2021-04-26,99.83447483764178,100.0,50.08276258117912,49.91723741882089
2021-04-27,72.82794443598463,33.40079080917837,45.489653655482805,36.41397221799232
2021-04-28,82.75748434687826,20.704694697637947,44.94875239761041,41.37874217343913
2021-04-29,99.87416709596236,31.543624161073826,49.97677580630178,49.93708354798118
2021-04-30,95.87722929532724,29.52868852459016,49.15601476762949,47.93861464766363
2021-05-01,89.0686924851486,22.30983302411874,46.97310269649059,44.5343462425743
2021-05-02,84.92496704633791,19.954038450759487,45.47056139520736,42.46248352316896
2021-05-03,32.661440520131386,40.93212772111624,43.88481595611392,16.330720260065693
2021-05-04,89.84980824787552,21.87916111850865,47.14568093122265,44.92490412393776
2021-05-05,91.43052668930906,18.071576456669625,47.26390226592994,45.71526334465453
2021-05-06,80.12420785804815,33.044254559367424,46.6299112801014,40.06210392902408
2021-05-07,72.19447472724353,34.876299313111666,45.79477558333122,36.097237363621765
2021-05-08,18.34672129066116,34.84206052186894,37.62157083484989,9.17336064533058
2021-05-09,5.046947363073719,39.51226036558181,40.04157106450712,2.5234736815368595
2021-05-10,69.42851108764519,32.244604714139655,44.57191129883844,34.714255543822595
2021-05-11,96.75357031256598,100.0,51.623214843717015,48.37678515628299
2021-05-12,95.69647201946472,10.89517078916372,48.31711273317112,47.84823600973236
2021-05-13,88.77091621687826,20.62584624642696,46.70155166442828,44.38545810843913
2021-05-14,79.43750581351102,26.91943907554386,45.25406100169966,39.71875290675551
2021-05-15,93.71414570677842,21.55913978494624,48.2122489671429,46.85707285338921
2021-05-16,95.5745112115198,10.8206106870229,48.26612051855918,47.787255605759896
2021-05-17,64.9412122697727,22.725848060370808,40.43801296626574,32.47060613488635
2021-05-18,76.84858633784116,19.53678673193541,42.9473354815247,38.42429316892058
2021-05-19,90.8802135694312,22.81611857341362,47.52088807035626,45.4401067847156
2021-05-20,50.411125774033096,29.167875736109927,39.6609481270937,25.205562887016548
2021-05-21,98.960946805545,22.84552845528455,49.71785059597726,49.480473402772496
2021-05-22,87.87004770443549,21.88829230876508,46.59006326758467,43.93502385221775
2021-05-23,76.13743995670117,37.53726046841732,47.01432582369257,38.068719978350586
2021-05-24,100.0,-1.0,50.0,50.0
2021-05-25,72.11452254081028,32.51995508209657,45.12010488031802,36.05726127040514
2021-05-26,35.42456663055255,27.300372253971585,35.34161700975081,17.712283315276274
2021-05-27,98.82596393428776,51.51079136690648,50.01773723552515,49.412981967143885
2021-05-28,19.338424546193444,28.53544100513273,32.68634855052831,9.669212273096722
2021-05-29,99.50089096452189,27.918781725888326,49.88979064445026,49.75044548226094
2021-05-30,12.213087688699613,27.695156530293385,30.41926662207584,6.106543844349806
2021-05-31,3.470493607653882,29.938864475611577,30.634577935822534,1.735246803826941
2021-06-01,3.181779696892727,29.140723380439344,29.80441960883922,1.5908898484463636
2021-06-02,49.03049435900908,26.42389824316695,37.98337748512522,24.51524717950454
2021-06-03,47.8151992758221,27.327994293495884,38.16865900188658,23.90759963791105
2021-06-04,82.85678073510773,21.637340430775296,45.137727080692855,41.42839036755387
2021-06-05,53.11179116085618,18.21509059767421,35.096625300104826,26.55589558042809
2021-06-06,91.08613915761904,14.824644549763033,46.864517764353,45.54306957880952
2021-06-07,98.46125261806634,26.01536772777168,49.63093709884468,49.23062630903317
2021-06-08,82.49860550024509,17.993046165733052,44.39833674211051,41.24930275012255
2021-06-09,73.92991503571882,20.644031520575933,42.34687407532654,36.96495751785941
2021-06-10,52.79032776621486,15.527159984945968,33.72548521921587,26.39516388310743
2021-06-11,84.80794422142405,27.01935914552737,46.5087682231143,42.403972110712026
2021-06-12,27.77820099371101,17.827131555816,26.76417561768365,13.889100496855503
2021-06-13,4.798069596139192,17.439058011614776,19.001354669376006,2.399034798069596
2021-06-14,0.2751672170011007,18.032856475782143,18.120819574972483,0.1375836085005503
2021-06-15,0.3031072728812124,17.449385148447586,17.548048429430192,0.1515536364406062
2021-06-16,31.89701851162476,13.143673520094415,24.89974280009476,15.94850925581238
2021-06-17,16.00447014400975,21.049660830737903,25.68300921967202,8.002235072004876
2021-06-18,35.58834234829054,30.3992430415013,37.3748275307482,17.79417117414527
2021-06-19,12.430588474300809,13.232351548075902,17.802786618812217,6.215294237150403
2021-06-20,95.3329279416236,36.55446977922548,49.37248741596568,47.6664639708118
2021-06-21,17.07690745035635,13.860789857809264,20.03224932708097,8.538453725178176
2021-06-22,20.29109371694521,16.589876427873797,23.369155912841126,10.145546858472605
2021-06-23,8.195402785420988,9.632498731959238,12.940778055285104,4.097701392710494
2021-06-24,34.884685370911086,11.855154217086708,25.16186365367526,17.442342685455543
2021-06-25,42.90889699596245,13.115288815087178,28.942111544679666,21.454448497981225
2021-06-26,20.657435932157487,10.951700302939797,19.01807779545685,10.328717966078743
2021-06-27,6.581776927375247,9.424506072140655,12.095094569653048,3.290888463687624
2021-06-28,19.287703232249708,8.48328509710163,16.490905859351855,9.643851616124854
2021-06-29,50.29913264226782,16.40106241699867,33.301036598265284,25.14956632113391
2021-06-30,68.81471401161366,11.94632691786392,38.13234834205343,34.40735700580683
2021-07-01,81.35180598642447,11.07837360047142,42.74181959577688,40.67590299321223
2021-07-02,12.922123549181784,10.045790839887612,15.208723110655844,6.461061774590893
2021-07-03,24.28184511214558,8.066084662590404,18.24841303427846,12.14092255607279
2021-07-04,99.09207614736238,28.37209302325581,49.80363507373186,49.54603807368119
2021-07-05,74.52150178723835,6.1457331431793305,38.82659140266522,37.260750893619175
2021-07-06,10.742402437992045,7.434559939301972,12.00711081012444,5.371201218996021
2021-07-07,71.23189263197038,14.1749170069626,39.69380165987728,35.61594631598519
2021-07-08,87.05338661574984,20.89532759070739,46.23193058641636,43.52669330787492
2021-07-09,28.500321674059524,9.142356506914188,20.786916330884093,14.250160837029762
2021-07-10,25.632539044313702,10.714367018007149,20.784272230922248,12.816269522156851
2021-07-11,36.8693708945622,8.12684365781711,23.565212974876417,18.434685447281097
2021-07-12,4.55507577681822,8.515035926550164,10.40470747608162,2.27753788840911
2021-07-13,99.75931290167298,64.56140350877193,50.03504741958095,49.87965645083649
2021-07-14,97.9443609276557,33.97699260476582,49.67062479941895,48.97218046382785
2021-07-15,99.4155059843065,21.67630057803468,49.8344496718556,49.70775299215325
2021-07-16,87.36082718072615,16.662210934367064,45.78637922586967,43.680413590363074
2021-07-17,99.688323535374,34.68834688346883,49.95227718089061,49.844161767687005
2021-07-18,85.26185929393473,16.219470244238046,45.02137799334156,42.63092964696737
2021-07-19,0.2032004064008127,5.218461016373972,5.309457285581238,0.1016002032004063
2021-07-20,4.76504953009906,7.540762077487953,9.563965794598255,2.38252476504953
2021-07-21,0.6121412242824485,5.925698757102575,6.195495724324783,0.3060706121412243
2021-07-22,40.970941154568685,28.579210688533053,37.35550967217832,20.485470577284342
2021-07-23,4.250275167217001,8.322574940313025,10.093980187960376,2.1251375836085007
2021-07-24,57.55738744451491,17.388792605430385,36.15895159585711,28.77869372225745
2021-07-25,76.6678781834011,14.360237646717868,41.68448723258585,38.33393909170055
2021-07-26,92.02967118380587,37.33305066779733,48.99040248724274,46.014835591902944
2021-07-27,77.82961460446248,19.853613906678863,43.31643002028397,38.91480730223124
2021-07-28,77.57386800503579,16.016125386180395,42.37873142210168,38.786934002517896
2021-07-29,0.2413004826009652,5.626140462550393,5.733214799762933,0.1206502413004826
2021-07-30,37.889495663347255,9.385760755651736,24.77429117284055,18.944747831673627
2021-07-31,35.786756928284326,15.633071530230351,27.93188068542416,17.893378464142163
2021-08-01,94.49573833638844,16.528545119705342,48.1576435407709,47.24786916819422
2021-08-02,80.55243390311705,19.06934306569343,43.98474004850062,40.27621695155853
2021-08-03,99.7061083852007,100.0,50.146945807399646,49.85305419260035
2021-08-04,100.0,-1.0,50.0,50.0
2021-08-05,42.89363069714731,10.504724386126004,27.445682050761597,21.44681534857365
2021-08-06,10.461996767122823,6.216504881898695,10.797132725687831,5.230998383561412
2021-08-07,93.404467423628,23.47892916613296,48.2507941335496,46.702233711814
2021-08-08,40.44213484097026,11.34858604518971,26.98004299473568,20.22106742048513
2021-08-09,29.83063471776685,12.754665090527483,23.865184896781127,14.915317358883426
2021-08-10,1.2192024384048767,5.587554641295963,6.129032258064516,0.6096012192024384
2021-08-11,21.00157448321398,9.684539882559683,18.15142126737434,10.50078724160699
2021-08-12,0.5985945305223944,5.459826409887311,5.726441452882906,0.2992972652611972
2021-08-13,18.56780091416963,8.401937549374248,16.125782969358387,9.283900457084815
2021-08-14,0.3005672678012023,4.675809944376035,4.812039624079248,0.1502836339006011
2021-08-15,5.500804334942004,7.0242713662387,9.388282109897553,2.7504021674710017
2021-08-16,50.16204506799124,23.17775098901472,36.63233962615399,25.08102253399562
2021-08-17,10.959866588787024,5.4133708548828725,10.30000592562494,5.479933294393512
2021-08-18,31.86586181498006,11.565893784636796,23.81325296104709,15.93293090749003
2021-08-19,16.553213106426213,12.542740896315912,18.743120819574973,8.276606553213107
2021-08-20,21.401364459717968,12.203579659264683,20.292529329112423,10.700682229858984
2021-08-21,5.773382665458763,10.281960967544835,12.575035348104748,2.8866913327293817
2021-08-22,100.0,-1.0,50.0,50.0
2021-08-23,33.778138583050044,9.40876005618695,23.119725336986487,16.889069291525022
2021-08-24,50.96624079871393,8.703604645143479,29.75082494288857,25.483120399356967
2021-08-25,23.65738859542192,11.828302765518618,20.8587295137478,11.82869429771096
2021-08-26,2.054272751895992,4.1091628714882,5.051885834236186,1.0271363759479957
2021-08-27,44.11197237924382,11.745200169583914,28.62014690451207,22.05598618962191
2021-08-28,75.40125021118432,12.860576923076922,40.86416624429802,37.70062510559216
2021-08-29,91.4153955303299,20.493900039354585,47.46701802395311,45.70769776516495
2021-08-30,95.44433371057922,19.13236929922136,48.59377375382173,47.72216685528961
2021-08-31,34.192019633563234,10.12705434531005,23.760419752041635,17.096009816781617
2021-09-01,0.4191008382016764,3.713812013773753,3.907797815595631,0.2095504191008382
2021-09-02,0.7323681314029296,5.287219071175743,5.614681229362459,0.3661840657014648
2021-09-03,9.513004605797889,8.623077210973465,12.559265781630993,4.756502302898944
2021-09-04,42.01224980119452,9.170617842293384,26.323959866673437,21.00612490059726
2021-09-05,13.570255489900616,8.612482369534556,14.228874252916375,6.785127744950308
2021-09-06,10.413174159681652,13.062914063755183,16.909237151807638,5.206587079840826
2021-09-07,8.867553930034882,5.446758700135635,9.39754139997968,4.433776965017441
2021-09-08,65.52427200893386,16.689161002183994,38.51584575557097,32.76213600446693
2021-09-09,9.320577403378064,8.233899127966687,12.126740888117512,4.660288701689032
2021-09-10,3.009778605596241,6.521473463687151,7.83008085340558,1.5048893027981205
2021-09-11,48.07113126459341,7.054185266038903,27.69872423945044,24.035565632296706
2021-09-12,55.09451204034319,13.206587277660535,33.477738480023014,27.547256020171595
2021-09-13,23.357287355154348,11.582806909042716,20.556021093082112,11.678643677577174
2021-09-14,4.128180163400076,6.60726428174039,8.398594590018202,2.064090081700038
2021-09-15,98.3109677310385,21.7,49.522003867883896,49.15548386551925
2021-09-16,99.59294322318028,100.0,50.20352838840986,49.796471611590135
2021-09-17,9.91406679930576,7.502466989333207,11.715700800067731,4.957033399652881
2021-09-18,1.4351028702057405,4.437572477773482,5.0914401828803655,0.7175514351028702
2021-09-19,98.3995878622041,99.47229551451188,50.7917606222605,49.19979393110205
2021-09-20,31.50335979418087,8.190320866847053,21.36177451295679,15.751679897090437
2021-09-21,2.1733976801286934,6.27298927671949,7.223351113368894,1.0866988400643467
2021-09-22,84.0049036185323,7.970822982187219,43.277392627663176,42.00245180926615
2021-09-24,0.0270933875201083,3.655210962245296,3.667767335534671,0.0135466937600541
2021-09-25,0.0922868512403691,3.72878195947492,3.771484209635086,0.0461434256201845
2021-09-26,99.39363741544284,10.584958217270197,49.76100193394195,49.69681870772141
2021-09-27,6.049445432224198,7.071599152886045,9.668529337058676,3.024722716112099
2021-09-28,12.922832086140923,7.189936422141427,12.722209054278268,6.461416043070463
2021-09-29,56.0200428280024,18.30603722022286,36.06100874334516,28.0100214140012
2021-09-30,5.117003623556504,5.875687058319651,8.133529750414846,2.558501811778252
2021-10-01,20.17592130103877,12.176393852941487,19.80765486238688,10.087960650519385
2021-10-02,33.743271151437185,7.630204008635556,21.927159156312424,16.871635575718592
2021-10-03,99.516936771077,69.75524475524476,50.095430323196325,49.75846838553851
2021-10-04,79.66216330464484,11.67692051878949,42.20591467848024,39.83108165232242
2021-10-05,90.75857408346003,56.96526508226691,50.64368981246832,45.37928704173002
2021-10-06,98.2586077307007,80.11639185257032,50.52444451951254,49.12930386535035
2021-10-07,88.85358392347086,32.084912812736924,48.003109841634696,44.42679196173543
2021-10-08,28.3627191237589,18.775182257511847,27.631389610719392,14.18135956187945
2021-10-09,3.796460926255186,10.858430288842342,12.344424688849378,1.898230463127593
2021-10-10,7.0973204080768735,7.250391863813654,10.2844685264361,3.5486602040384367
2021-10-11,3.993734654135975,8.218320354871993,9.886969773939548,1.9968673270679875
2021-10-12,91.74361530468282,19.30829837306866,47.46597504414162,45.87180765234141
2021-10-13,26.65791924151359,11.89187317489814,22.05070684838737,13.328959620756796
2021-10-14,16.57424887617145,5.527424019483485,12.898419444138735,8.287124438085725
2021-10-15,3.700756068444091,9.090909090909092,10.604854755272584,1.8503780342220453
2021-10-16,2.154770976208619,8.411716350106001,9.307848615697232,1.0773854881043097
2021-10-17,1.3809160951655235,7.083680320057693,7.676318685970705,0.6904580475827619
2021-10-18,1.882990432647532,6.860190186907824,7.67250867835069,0.941495216323766
2021-10-19,100.0,-1.0,50.0,50.0
2021-10-20,2.341884683769368,6.493619087252046,7.51248835831005,1.1709423418846838
2021-10-21,97.08596734390318,50.72505800464037,50.02112842703087,48.54298367195159
2021-10-22,0.9795952925239184,5.455182851230837,5.891541783083566,0.4897976462619592
2021-10-23,0.694268055202777,5.347429448375821,5.65743798154263,0.3471340276013885
2021-10-24,0.3217339768012869,4.827146861462669,4.97248327829989,0.1608669884006434
2021-10-25,98.15471666244406,32.723112128146454,49.68119246685247,49.07735833122203
2021-10-26,5.182237649748127,5.577977391645981,7.880032172035728,2.5911188248740635
2021-10-27,0.6824146981627297,4.872809111368751,5.180763694860723,0.3412073490813648
2021-10-28,0.9118618237236472,4.714909469978553,5.127846922360511,0.4559309118618236
2021-10-29,9.15374983078381,5.904650144822255,9.941028157574117,4.576874915391905
2021-10-30,40.16316523650505,3.2806804374240586,22.04463795071226,20.08158261825253
2021-10-31,40.03299073721609,10.99590915502892,26.61041323013154,20.016495368608044
2021-11-01,94.0337213427717,100.0,52.98313932861415,47.01686067138585
2021-11-02,24.099748767097797,62.98995842945825,59.85941108300836,12.049874383548897
2021-11-03,99.27540515661552,100.0,50.36229742169224,49.63770257830776
2021-11-04,91.66920139240932,87.88032454361054,53.155733549629936,45.83460069620467
2021-11-05,6.680213360426721,70.938123752495,69.53941241215816,3.3401066802133603
2021-11-06,1.515536364406062,64.97077028885833,64.74388282109898,0.757768182203031
2021-11-07,2.355978835978836,60.36309410275529,60.11894179894179,1.177989417989418
2021-11-08,29.61264835508785,61.967142187556334,58.42335445340191,14.806324177543924
2021-11-09,3.0280968787830047,53.80008729812309,53.6850169732576,1.5140484393915024
2021-11-10,15.181624293307152,55.444131792691934,54.61762415789296,7.590812146653576
2021-11-11,27.584719602851752,61.67519211454465,58.45462310665325,13.792359801425876
2021-11-12,3.921435827971554,43.61342168334978,43.863867253640365,1.960717913985777
2021-11-13,87.64359078316103,82.69874906008613,54.04039124265153,43.82179539158052
2021-11-14,88.46053087473486,93.1087513731234,54.97452105498889,44.23026543736743
2021-11-15,97.70882772715372,60.00737191301143,50.22928613051152,48.85441386357686
2021-11-16,97.937691599598,79.97542997542998,50.61818581043991,48.968845799799006
2021-11-17,23.095995667332364,41.82374365915118,43.71213146938361,11.547997833666182
2021-11-18,95.51939988342328,95.34313725490196,52.03164466070267,47.759699941711645
2021-11-19,64.06909204663629,30.52143630288484,43.00117520735223,32.03454602331814
2021-11-20,12.330819430689926,40.0559980690321,41.28217499132407,6.165409715344963
2021-11-21,4.513397959615629,34.3763299758831,35.081488379968675,2.2566989798078145
2021-11-22,97.94012077192689,100.0,51.02993961403656,48.97006038596344
2021-11-23,10.52333062440742,33.97920470779682,35.665125965054855,5.261665312203711
2021-11-24,5.109643552620439,32.87976801249163,33.754550842435016,2.5548217763102192
2021-11-25,93.9533430183452,37.00237463332868,49.21407817831683,46.97667150917261
2021-11-26,97.52706879951351,89.20765027322405,50.969578216584175,48.76353439975676
2021-11-27,96.99828545849203,84.41193021947102,51.03294791341144,48.49914272924602
2021-11-28,77.66516326289296,97.17138103161398,60.53565094004967,38.83258163144648
2021-11-29,67.84147300256153,83.61461619348056,60.809965423665766,33.920736501280764
2021-11-30,60.42249592128288,79.40366090689677,61.63723509471922,30.21124796064144
2021-12-01,18.081405682654957,60.63170293224227,58.70934159408881,9.040702841327477
2021-12-02,94.65736533621607,83.87606702497628,51.80987449960306,47.32868266810804
2021-12-03,6.479247614935961,63.04570182028839,62.20043849624569,3.2396238074679804
2021-12-04,62.856635642007554,66.26382630069644,56.04093226141869,31.428317821003777
2021-12-05,97.36713180389904,98.5563041385948,51.27842348886712,48.68356590194952
2021-12-06,45.543809201623816,73.72377269409371,62.91906292286874,22.771904600811908
2021-12-07,26.41506242176134,67.50500011494516,62.88104340765302,13.20753121088067
2021-12-08,98.54150831855418,100.0,50.72924584072291,49.27075415927709
2021-12-09,99.7635354823454,100.0,50.1182322588273,49.881767741172695
2021-12-10,91.10596820784838,99.57264957264957,54.409007213203374,45.55298410392419
2021-12-11,71.83216428631792,80.68164771534008,58.64235612270768,35.91608214315896
2021-12-12,3.368750793717987,73.69979673372117,72.90140964314439,1.6843753968589934
2021-12-13,32.56414161927972,69.5682180367159,63.1959958028703,16.28207080963986
2021-12-14,51.88576356304056,71.31084167984537,60.253548752546905,25.94288178152028
2021-12-15,28.26024455005158,67.4956976826422,62.55137073178981,14.13012227502579
2021-12-16,3.7007567421151535,61.85679376966756,61.4180026748379,1.8503783710575767
2021-12-17,2.800660373364941,58.47465746862125,58.23731109511916,1.4003301866824704
2021-12-18,4.2338521960674775,57.308137633572265,56.99872188788163,2.1169260980337388
2021-12-19,2.8699870469611155,55.59535949934192,55.43477340647991,1.4349935234805578
2021-12-20,23.771372492618507,63.28091184533257,60.12385682016227,11.885686246309254
2021-12-21,38.364716033091405,65.15014273166447,59.33783349405336,19.182358016545702
2021-12-22,15.757908983251564,58.97621270998384,57.56174928100152,7.878954491625782
2021-12-23,40.898361155059945,72.1433275116672,63.0870694541978,20.44918057752997
2021-12-24,100.0,-1.0,50.0,50.0
2021-12-25,93.8966303521662,80.6697108066971,51.87188582045435,46.9483151760831
2021-12-26,80.93234302517173,62.82903483116192,52.44619635478719,40.466171512585866
2021-12-27,43.77082452431289,70.26815659262155,61.39661733615222,21.885412262156446
2021-12-28,51.32180749883756,66.91502110144324,58.23392653337278,25.66090374941878
2021-12-29,73.19158282436622,72.86276981250984,56.129146709242505,36.59579141218311
2021-12-30,37.010218582932936,53.64202836269876,52.294105704811535,18.505109291466468
2021-12-31,5.425083391185086,51.23444633425834,51.16747659120541,2.712541695592543
2022-01-01,5.231834613072814,49.38674146663927,49.41882613885526,2.615917306536407
2022-01-02,60.81134804564255,59.51003669328728,53.72685518046404,30.40567402282128
2022-01-03,54.7686225481086,59.657477962049896,54.36821030934802,27.3843112740543
2022-01-04,98.98230649043536,95.18672199170123,50.45986233689456,49.49115324521768
2022-01-05,99.96621935462076,100.0,50.01689032268961,49.98310967731038
2022-01-06,23.54687301788659,65.93216964226455,62.18064188760624,11.773436508943297
2022-01-07,21.64180998384245,74.27559701170271,69.02191843398668,10.820904991921225
2022-01-08,26.9057954458914,60.18962283809128,57.4480237605666,13.4528977229457
2022-01-09,98.30081918756862,93.83697813121272,50.74486952115531,49.15040959378431
2022-01-10,37.93511721524983,62.38622118057449,57.68749365718345,18.967558607624916
2022-01-11,3.846446861641342,57.23604863061335,56.95771786515428,1.923223430820671
2022-01-12,7.590993736245133,58.60843439709815,57.95496868122566,3.795496868122567
2022-01-13,4.703940407161299,55.41935369255094,55.16443052440005,2.3519702035806493
2022-01-14,12.88048078550872,57.82672483312767,56.818605044862025,6.44024039275436
2022-01-15,4.556882729896977,50.83994110655811,50.80166597533206,2.2784413649484887
2022-01-16,4.686838585143669,51.11740775612442,51.065036658257,2.3434192925718347
2022-01-17,9.366085712592794,47.82393484879616,48.02774697601978,4.683042856296397
2022-01-18,2.456241324440532,47.166062162678095,47.23567051494735,1.228120662220266
2022-01-19,7.1768310228676855,48.54483123324641,48.649266236733865,3.5884155114338427
2022-01-20,40.80289624604558,39.19753086419753,43.60525113769011,20.40144812302279
2022-01-21,15.40947546531303,49.040865721200966,49.18866328257191,7.704737732656515
2022-01-22,47.98136514673679,48.88823873610298,49.42167696769339,23.990682573368392
2022-01-23,15.04489941008692,52.14142682088527,51.819251309742455,7.52244970504346
2022-01-24,7.340257146001032,47.42443204136255,47.61348535249655,3.670128573000516
2022-01-25,3.233835057480995,48.00010498136581,48.06477828759122,1.6169175287404975
2022-01-26,7.704157638136512,47.24693237468132,47.459033044420366,3.852078819068256
2022-01-27,98.37085958481832,97.82270606531884,50.779099032143634,49.18542979240917
2022-01-28,56.10213917307855,39.70106706729843,45.47898875454469,28.051069586539278
2022-01-29,32.14098332910214,47.17355248226066,48.08200050774308,16.07049166455107
2022-01-30,18.128971662111507,50.052709909462976,50.04315414491332,9.064485831055752
2022-01-31,43.52208064529766,41.95547704238214,45.45662081152607,21.76104032264883
2022-02-01,58.15628619497307,39.06938214733099,45.426223548608,29.07814309748653
2022-02-02,100.0,-1.0,50.0,50.0
2022-02-03,22.70249221183801,58.53356696966379,56.59623459298388,11.351246105919005
2022-02-04,7.279761602411066,55.83941272609406,55.41431740065356,3.639880801205533
2022-02-05,10.420105470766991,52.50739414327157,52.246121028974834,5.210052735383496
2022-02-06,18.159425074278168,60.27367506516072,58.40803473932807,9.079712537139084
2022-02-07,90.03853434288804,80.45469969460468,53.03373445105463,45.01926717144402
2022-02-08,21.6337651568357,62.31131362429007,59.64791294708963,10.81688257841785
2022-02-09,5.575257941378114,55.39351021871639,55.09280811192836,2.787628970689057
2022-02-10,1.7895538813171927,52.765997793407806,52.716498772538735,0.8947769406585964
2022-02-11,91.96240055402598,75.39140485447095,52.04085941590798,45.98120027701299
2022-02-12,5.681539229877177,51.648193852367065,51.554551072060406,2.8407696149385884
2022-02-13,10.199693560538725,53.93469203069324,53.53336550101159,5.0998467802693614
2022-02-14,6.778570642559063,52.45303235296789,52.286751822037125,3.3892853212795315
2022-02-15,100.0,-1.0,50.0,50.0
2022-02-16,61.66013248614303,99.67163258110014,69.04403812356361,30.830066243071517
2022-02-17,28.72523067294762,65.2261616593099,60.852411600037215,14.36261533647381
2022-02-18,44.26506921176431,63.50194316249696,57.5252986766846,22.132534605882157
2022-02-19,86.69336104141851,62.77932960893855,51.70049925238855,43.346680520709256
2022-02-20,24.692329163389072,49.71920839229957,49.78854238033613,12.346164581694536
2022-02-21,73.00201931444697,48.53539462978031,49.60458612502852,36.50100965722349
2022-02-22,45.96264890136368,42.56926952141058,45.98463008209126,22.98132445068184
2022-02-23,7.491407189177292,52.8694187951278,52.654458949222,3.745703594588646
2022-02-24,84.50476938804823,85.3598691384951,55.47909326709418,42.25238469402412
2022-02-25,46.48674234420035,39.74822700636541,44.51394230362863,23.243371172100176
2022-02-26,20.04706201012341,46.11785132016346,46.89610807333548,10.023531005061706
2022-02-27,10.613433075796936,51.9582690359655,51.75042946238925,5.306716537898469
2022-02-28,9.766418415707514,48.875445507409495,48.98527420446852,4.883209207853757
2022-03-01,9.007727922940845,53.99112566394732,53.63161592307627,4.5038639614704215
2022-03-02,11.539080158132212,52.74837795938679,52.43124042360471,5.769540079066106
2022-03-03,16.77627402686438,54.64160768041656,53.862918856697895,8.38813701343219
2022-03-04,12.515020732842515,50.19684468132443,50.172209528645176,6.257510366421258
2022-03-05,8.129365448926894,50.96532212730271,50.88684756381493,4.064682724463447
2022-03-06,11.675792787684392,51.0861128944166,50.9593006034242,5.837896393842196
2022-03-07,5.055832578457683,49.67141927257488,49.68803176403857,2.5279162892288416
2022-03-08,14.56060221601962,51.66064445874376,51.4188446248837,7.280301108009811
2022-03-09,5.620878516223515,49.30980976042909,49.34860451532621,2.810439258111757
2022-03-10,10.532864942650358,50.77394694016576,50.69242815423033,5.266432471325179
2022-03-11,12.252151615933382,50.26666280897685,50.233990877317694,6.126075807966691
2022-03-12,83.67881337320291,60.728703032812334,51.75105164462014,41.83940668660146
2022-03-13,8.583981646871587,48.87810569790808,48.97440889889695,4.2919908234357935
2022-03-14,4.961056552658313,48.96223053625513,49.01371486623772,2.4805282763291565
2022-03-15,100.0,-1.0,50.0,50.0
2022-03-16,62.98453708478817,56.58360550898751,52.43695205566311,31.492268542394086
2022-03-17,100.0,-1.0,50.0,50.0
2022-03-18,69.53218746302963,55.032589099986126,51.53331981273978,34.766093731514815
2022-03-19,19.78031277503216,45.50498976728485,46.39411685058561,9.89015638751608
2022-03-20,37.53100634095546,39.514019704834055,43.44951363432413,18.76550317047773
2022-03-21,20.97075716690493,44.18684306295892,45.40590608795689,10.485378583452466
2022-03-22,7.87027631044291,42.580698514210106,43.164618041446566,3.935138155221455
2022-03-23,3.52967073903804,41.78982658147862,42.07961867025645,1.76483536951902
2022-03-24,4.94158482898747,41.8602994219962,42.26252963088385,2.470792414493735
2022-03-25,6.225288913347161,41.51604340838916,42.04419421749989,3.1126444566735807
2022-03-26,11.73752232312888,41.929173499036274,42.876488561247896,5.868761161564439
2022-03-27,5.69181404878214,39.06673608991508,39.689037141139714,2.84590702439107
2022-03-28,9.607829856407475,39.07122250946012,40.12124085613655,4.8039149282037386
2022-03-29,66.15796723029213,36.96971210267422,45.59028569979973,33.078983615146065
2022-03-30,100.0,-1.0,50.0,50.0
2022-03-31,100.0,-1.0,50.0,50.0
2022-04-17,7.225886197583751,32.360241645525726,33.63487050974881,3.612943098791876
2022-04-18,16.846542573452854,28.56517534483636,32.17620220591348,8.423271286726427
2022-04-19,35.2780340802316,23.704517512882887,32.981046786249394,17.6390170401158
2022-04-20,35.037460317460315,30.87118003518603,37.57291005291005,17.518730158730158
2022-04-21,80.50024098830573,34.1182082303456,46.903088878178295,40.25012049415287
2022-04-22,100.0,-1.0,50.0,50.0
2022-04-23,98.6206954803071,25.16840171463564,49.65749664253799,49.31034774015355
2022-04-24,92.35156441432687,20.97878921785241,47.78033138714502,46.17578220716344
2022-04-25,62.84657884272068,23.98433230096557,40.33428941289946,31.42328942136034
2022-04-26,96.12314034924684,29.63608629331009,49.210519646191145,48.06157017462343
2022-04-27,39.96750334275511,32.01105190447997,39.20078533588342,19.983751671377554
2022-04-28,3.092032850732368,33.21596756860655,33.73465413597494,1.546016425366184
2022-04-29,9.978748804091069,32.422290148130735,34.17632565976073,4.9893744020455335
2022-04-30,99.12169580271936,10.673076923076923,49.65458998395405,49.560847901359686
2022-05-01,86.05144411958561,31.82892106379112,47.46539690050869,43.025722059792805
2022-05-02,97.61256845378946,51.75221238938054,50.041832871340674,48.80628422689473
2022-05-03,79.13985404916328,18.606348048157606,43.45123838354797,39.56992702458164
2022-05-04,100.0,-1.0,50.0,50.0
2022-05-05,100.0,-1.0,50.0,50.0
2022-05-06,100.0,-1.0,50.0,50.0
2022-05-07,99.74664515965578,100.0,50.12667742017212,49.87332257982789
2022-05-08,99.79393806318669,93.44262295081968,50.08951871025496,49.89696903159334
2022-05-09,94.566401729832,16.866158868335145,48.19964018142964,47.283200864916
2022-05-10,22.51246413123524,28.50136001660422,33.341233631569594,11.25623206561762
2022-05-11,13.033060999873006,21.864078426027785,25.53105024764001,6.516530499936503
2022-05-12,8.458216916433834,22.920828708842027,25.21124375582085,4.229108458216917
2022-05-13,76.58721431833945,21.44869942196532,43.31534518633803,38.29360715916973
2022-05-14,64.84743869624816,27.96793760831889,42.25516576128344,32.42371934812408
2022-05-15,13.887971827885991,23.037601376259524,26.78213170124692,6.943985913942996
2022-05-16,70.41013891119998,23.91279501685811,42.2808322835378,35.20506945559999
2022-05-17,34.543409692449494,12.555712015709172,25.490245820543397,17.271704846224747
2022-05-18,25.34130703253202,17.70390763966781,25.888159564209705,12.67065351626601
2022-05-19,17.760656986834864,17.880931056137207,23.585488718621683,8.880328493417432
2022-05-20,7.93434463142925,11.501576880993756,14.556174448921547,3.967172315714625
2022-05-21,45.71109626459868,9.622244723109276,28.07935930721287,22.85554813229934
2022-05-22,34.05255504075214,11.2,24.41239135581183,17.02627752037607
2022-05-23,39.37966267995196,11.28800457659518,26.53265779101044,19.689831339975974
2022-05-24,90.23438160095984,23.023014362346427,47.36553052706288,45.11719080047992
2022-05-25,99.96790838688972,60.526315789473685,50.00337806453792,49.98395419344487
2022-05-26,49.026355619065335,14.753255370324291,32.03344973661292,24.513177809532667
2022-05-27,2.0286173905681144,10.265827816858806,11.071882143764288,1.0143086952840572
2022-05-28,66.04854795632036,10.428180234005476,36.56479258933703,33.02427397816018
2022-05-29,100.0,-1.0,50.0,50.0
2022-05-30,82.98306002148155,13.056011132647482,43.71326358877209,41.491530010740775
2022-05-31,56.59073414594946,15.177910284890292,34.883986499632044,28.29536707297473
2022-06-01,41.063856798273456,15.043942788212997,29.39824806398375,20.531928399136728
2022-06-02,84.29248591055419,13.722431414739106,44.301695803161785,42.146242955277096
2022-06-03,97.05671213208902,38.99569583931133,49.67611165069042,48.52835606604451
2022-06-04,2.0971975277283885,7.620661921769736,8.509440352214037,1.0485987638641945
2022-06-05,29.911296192846137,13.134155325032909,24.16120731975691,14.955648096423069
2022-06-06,1.2598425196850394,6.481624393339164,7.02988739310812,0.6299212598425197
2022-06-07,100.0,-1.0,50.0,50.0
2022-06-08,14.635384068880356,6.862181710096106,13.175567095759256,7.317692034440178
2022-06-09,99.32100902787748,97.51243781094529,50.32260516337165,49.66050451393874
2022-06-10,34.85493688675172,7.135802469135802,22.076091465531107,17.427468443375858
2022-06-11,1.180255693844721,6.121697110935947,6.639573279146559,0.5901278469223605
2022-06-12,0.354754042841419,4.962146638230621,5.121920243840488,0.1773770214207095
2022-06-13,63.387058584765256,11.562001986280803,35.926718306047896,31.693529292382628
2022-06-14,0.0287867242401151,5.142450625021173,5.155363644060621,0.0143933621200575
2022-06-15,19.462360130685763,10.39704893223474,18.10471789142248,9.73118006534288
2022-06-16,85.70595887749413,21.233969623544706,45.88817178867695,42.85297943874706
2022-06-17,8.929977395677241,4.6332189902483005,8.684462279565523,4.464988697838621
2022-06-18,0.6299212598425197,4.310447659458446,4.598255863178393,0.3149606299212598
2022-06-19,0.448734230801795,6.811532573566933,7.0053340106680215,0.2243671154008975
2022-06-20,12.683624424587055,9.883997015127877,14.972160167885187,6.341812212293528
2022-06-21,67.61731631013782,15.60876263087809,38.86319438572757,33.80865815506891
2022-06-22,99.59287445836254,29.253112033195023,49.91553411999223,49.79643722918127
2022-06-23,4.780731459532679,10.10020182621607,12.007704029800204,2.3903657297663394
2022-06-24,52.92336322111319,12.252488590218134,32.22974116054813,26.461681610556592
2022-06-25,18.469261635880333,10.29498800735134,17.62821055483128,9.234630817940166
2022-06-26,21.25639029014456,12.28260635896554,20.29996275857399,10.62819514507228
2022-06-27,1.3469467232198038,5.216771934642318,5.819978157620705,0.6734733616099019
2022-06-28,97.37006570612976,22.928709055876688,49.28804283566711,48.68503285306488
2022-06-29,65.81356391079224,9.265721285915806,36.074401841009845,32.90678195539612
2022-06-30,13.75007407532826,10.752740942864715,16.149268135756795,6.875037037664129
2022-07-01,62.08905992303464,13.00419418168838,35.97454222522941,31.04452996151732
2022-07-02,0.0795868258403183,4.200277928416487,4.236728473456947,0.0397934129201591
2022-07-03,5.687532806176874,8.396768402154398,10.76296584771161,2.843766403088437
2022-07-04,77.62752858399297,17.784917784917784,42.79268993978757,38.813764291996485
2022-07-05,63.25888324873097,12.685364281108964,36.29018612521151,31.629441624365484
2022-07-06,21.942217669914417,9.477074567301436,18.368703071961264,10.971108834957208
2022-07-07,75.94432895604118,15.934239645905784,41.80525275059575,37.97216447802059
2022-07-08,1.7458301583269835,3.3322418309664967,4.146981627296588,0.8729150791634918
2022-07-09,3.013292693252053,3.730216235563199,5.124460248920498,1.5066463466260265
2022-07-10,85.1803644477501,12.5185354169043,44.44538354913959,42.59018222387505
2022-07-11,5.356780005418585,6.015118307465223,8.371291655377947,2.6783900027092926
2022-07-12,1.3800694268055202,4.114010989010989,4.7472694945389895,0.6900347134027601
2022-07-13,0.0,2.987045974091948,2.987045974091948,0.0
2022-07-14,27.242724526322025,8.74991276838261,19.987560399759676,13.621362263161013
2022-07-15,41.84174440061623,12.71195074737654,28.31392100763514,20.920872200308114
2022-07-16,0.9804419608839215,6.164067309665504,6.593853187706375,0.4902209804419608
2022-07-17,0.0838201676403352,3.3962935658540303,3.435356870713741,0.0419100838201676
2022-07-18,0.8178816357632716,4.756538960595506,5.126576919820507,0.4089408178816358
2022-07-19,1.606129878926425,6.895097794566873,7.58741850817035,0.8030649394632123
2022-07-20,4.769644943363641,6.696714316193727,8.762127292121704,2.3848224716818205
2022-07-21,13.77809761672946,11.75067016231184,17.02070016509334,6.88904880836473
2022-07-22,2.163237659808653,8.792349963220977,9.683769367538735,1.0816188299043266
2022-07-23,89.42144431961209,22.19116825041923,47.058227249305205,44.710722159806046
2022-07-24,6.2898459923292505,8.60302488209465,11.206830862493756,3.144922996164625
2022-07-25,0.7306747946829226,8.533267375711105,8.836254339175346,0.3653373973414613
2022-07-26,39.99289105542438,12.721246738593894,27.6300979172485,19.99644552771219
2022-07-27,58.614534780438696,17.165750260613617,36.41139299400235,29.307267390219348
2022-07-28,55.87451232619348,17.353279631760643,35.594475428010455,27.93725616309674
2022-07-29,39.55680684489085,7.942258466100628,24.578958047988635,19.778403422445425
2022-07-30,51.97077452580484,11.349390802169166,31.436411761223816,25.98538726290242
2022-07-31,64.68902433869592,9.04737963561493,35.53923019046572,32.34451216934796
2022-08-01,13.062693138043432,11.56535457608632,16.585954366507217,6.531346569021716
2022-08-02,33.71991636262052,9.53433125574742,23.179320911884467,16.85995818131026
2022-08-03,0.3031072728812124,4.742169984373938,4.879349758699517,0.1515536364406062
2022-08-04,0.100753534840403,5.0681831665127,5.113453560240454,0.0503767674202015
2022-08-05,24.766117981424777,10.86988295874886,20.56089391145472,12.383058990712389
2022-08-07,72.68746671625769,17.90102441892854,41.23295661067954,36.34373335812885
2022-08-08,26.73128200787235,7.365173991404409,18.7620095653278,13.365641003936174
2022-08-09,0.0474134281601896,2.598810713741169,2.6212852425704853,0.0237067140800948
2022-08-10,2.8871391076115485,9.55797733217088,10.725594784522904,1.4435695538057742
2022-08-11,6.6505799678266015,10.905627862681964,13.50563034459402,3.3252899839133008
2022-08-12,69.09049387206184,20.3125,40.82374036826836,34.54524693603092
2022-08-13,4.18254169841673,5.914111513652029,7.758022182711032,2.091270849208365
2022-08-14,0.8195541557660884,3.091894660463528,3.476331987164834,0.4097770778830442
2022-08-15,57.43586272253436,15.696564885496183,35.39903878697624,28.71793136126718
2022-08-16,3.290041824000542,4.640718562874251,6.133057893221803,1.645020912000271
2022-08-17,82.18588567515239,19.68201233981965,44.599119017222286,41.0929428375762
2022-08-18,99.96199677394836,100.0,50.01900161302581,49.980998386974186
2022-08-19,89.23222556543494,19.41130298273156,46.706278102708005,44.61611278271747
2022-08-20,89.84021833729055,20.409181636726547,46.99363746208248,44.92010916864528
2022-08-21,1.1777156887647109,2.9900873036952,3.543730420794175,0.5888578443823554
2022-08-22,3.832020997375328,4.849274545710664,6.5794598255863175,1.916010498687664
2022-08-23,0.0118533570400474,2.3328478525945,2.338498010329354,0.0059266785200237
2022-08-24,0.2683938701210736,4.725238341836952,4.846753026839387,0.1341969350605368
2022-08-25,8.710450339087807,7.553119464307244,11.25043391386069,4.355225169543903
2022-08-26,3.2596731860130386,9.291090495361455,10.618067902802473,1.6298365930065193
2022-08-27,95.6537162162162,28.060629615235133,49.0464527027027,47.826858108108105
2022-08-28,65.6478090614613,17.460669177930424,38.82202694587989,32.82390453073065
2022-08-29,5.532131064262129,8.69093711909371,10.976208619083906,2.7660655321310643
2022-08-30,20.72749733470969,10.70349774253114,18.848679200582133,10.363748667354846
2022-08-31,82.34175449866034,15.22592379858319,43.85950825353089,41.17087724933017
2022-09-01,65.50636657253496,10.272814177513052,36.29665015134349,32.75318328626748
2022-09-02,17.768259235431554,12.57334623540796,19.223411099448075,8.884129617715777
2022-09-03,97.80425805035006,17.576923076923077,49.28807289863273,48.90212902517503
2022-09-04,20.80638607659229,10.878325654976322,19.018132258829105,10.403193038296145
2022-09-05,30.3731084475948,8.823422219522566,21.3300288437952,15.1865542237974
2022-09-06,22.4743052912067,10.593909238709395,19.45015437973184,11.23715264560335
2022-09-07,46.74636816678089,10.441524602405428,28.933675152930427,23.373184083390445
2022-09-08,85.12142325644321,25.892248238235965,46.41310965297977,42.5607116282216
2022-09-09,76.5307502451229,16.721890081394513,42.189877269499945,38.26537512256145
2022-09-10,69.23246003364699,10.823212617464415,37.94626628454522,34.61623001682349
2022-09-11,46.7638321103014,10.83500270278864,29.150056284860643,23.3819160551507
2022-09-12,0.0338667344001354,2.880494621834505,2.8964524595715857,0.0169333672000677
2022-09-13,1.3893827787655575,3.453279413406143,4.0999915333164,0.6946913893827787
2022-09-14,100.0,-1.0,50.0,50.0
2022-09-15,32.02386998476384,15.331166647988343,26.433468765871,16.01193499238192
2022-09-16,36.07199343668857,8.962214225232854,23.76536161646917,18.03599671834429
2022-09-17,63.5379122459685,10.202803044366068,35.489111122392,31.76895612298425
2022-09-18,53.2342812661291,10.654773751153408,31.599922157259257,26.61714063306455
2022-09-19,14.718724614134851,5.725228711476256,12.241910370972109,7.359362307067426
2022-09-20,11.063321790519089,4.583793457979513,9.60833453277002,5.531660895259544
2022-09-21,1.395309457285581,5.552884202572513,6.173059012784692,0.6976547286427907
2022-09-22,0.6731013462026924,4.3907428717555295,4.697739395478791,0.3365506731013462
2022-09-23,1.8288036576073152,4.721862871927555,5.549911099822199,0.9144018288036576
2022-09-24,100.0,-1.0,50.0,50.0
2022-09-25,86.43804112554112,12.138403990024935,44.86522591991342,43.21902056277056
2022-09-26,57.237254006125525,24.181390103476247,38.95925343080021,28.618627003062763
2022-09-27,57.077366805098585,19.067136973614204,36.72280066650314,28.53868340254929
2022-09-28,92.9545800300884,11.1084452975048,47.25992663838131,46.47729001504421
2022-09-29,91.26875506893757,19.342041606192552,47.32317856177345,45.634377534468776
2022-09-30,99.97466451596556,100.0,50.012667742017214,49.98733225798279
2022-10-01,100.0,-1.0,50.0,50.0
2022-10-02,32.46803793987495,6.738166236499862,20.78443483631872,16.234018969937473
2022-10-03,1.258995851325036,8.711832142887767,9.231648463296926,0.629497925662518
2022-10-04,86.51063793846127,10.387577484190096,44.65653690549591,43.25531896923064
2022-10-05,2.6229785792904923,7.677459743331131,8.78757090847515,1.311489289645246
2022-10-06,0.1921937177207688,6.640482512321539,6.723816780966896,0.0960968588603844
2022-10-07,0.2667005334010668,6.41538265630969,6.531623063246126,0.1333502667005334
2022-10-08,4.688862364662959,6.317500355265028,8.365712641051037,2.3444311823314794
2022-10-09,99.87754516050028,100.0,50.061227419749855,49.93877258025015
2022-10-24,99.77282515982468,97.76951672862454,50.10852032328078,49.88641257991234
2022-10-25,8.804355188295855,9.349846350951138,12.928830262801409,4.402177594147927
2022-10-27,0.8288883244433156,5.024289043891028,5.397087460841588,0.4144441622216578
2022-10-28,0.6079078824824317,5.095747580755077,5.368724070781475,0.3039539412412158
2022-10-30,1.250529167725002,5.98201195202044,6.53246973160613,0.625264583862501
2022-10-31,43.53539456093144,10.952930422142632,27.95222622734427,21.76769728046572
2022-11-02,14.922088584559912,9.058169264900464,15.167545515332597,7.461044292279956
2022-11-03,99.03302902601952,37.55458515283843,49.87965645083649,49.51651451300977
2022-11-05,25.929309076146257,44.39915045217868,45.85141204232321,12.964654538073129
2022-11-06,49.74467797297983,45.14745218108104,47.56133646708713,24.872338986489915
2022-11-07,22.902254621720814,36.59957220424505,39.6685722984287,11.451127310860407
2022-11-09,41.48457583547558,27.19009219919651,36.65268569882289,20.74228791773779
2022-11-10,17.603779495559262,27.051243847552893,31.091092277603277,8.801889747779631
2022-11-11,96.25103457595054,29.263347600810995,49.22259007144908,48.12551728797527
2022-11-12,99.20191203297074,15.76719576719577,49.72679210864131,49.60095601648537
2022-11-14,81.15265982169265,30.81648208761153,46.38441712088562,40.576329910846326
2022-11-15,41.62648258125645,26.472080114780944,36.26592558753362,20.813241290628227
2022-11-16,90.42659232978544,39.45998411717992,48.99096131103227,45.21329616489272
2022-11-17,67.36107586906877,40.04768198191194,46.75167047280724,33.680537934534385
2022-11-18,78.85770781047988,40.79136690647482,48.05308388470606,39.42885390523994
2022-11-19,5.876476315455276,23.919261697879,25.45189010709901,2.938238157727638
2022-11-20,34.97002545088655,16.637844725584785,28.304598916012075,17.485012725443276
2022-11-21,16.07930447738451,18.761663623616755,23.784570843244985,8.039652238692256
2022-11-23,15.627036864604056,54.75349639825832,54.01066576374487,7.813518432302027
2022-11-24,43.510353165980405,39.53780757947674,44.089944450550846,21.7551765829902
2022-11-26,16.77274650867541,35.153000518645825,37.64325010579771,8.386373254337705
2022-11-27,15.006643477966502,38.44009200529728,40.17484618444326,7.503321738983251
2022-11-28,100.0,-1.0,50.0,50.0
2022-11-29,97.34821933773044,100.0,51.32589033113477,48.67410966886522
2022-12-01,28.56381223184138,45.01504489776577,46.43893811300956,14.28190611592069
2022-12-02,92.0896606476242,98.19560111039932,53.81243560074999,46.0448303238121
2022-12-03,94.5933382354184,86.75941847741129,51.98745742370073,47.29666911770921
2022-12-04,98.43589007313818,95.78833693304536,50.7161799233147,49.21794503656909
2022-12-05,76.62689896412458,77.45363843400933,56.41676664920493,38.31344948206229
2022-12-06,4.434002201337736,58.356737217935205,57.98619930573194,2.217001100668868
2022-12-07,8.0387077110637,55.376032258955455,54.94386873920553,4.01935385553185
2022-12-08,6.380799187267186,50.73835942233436,50.69124619031493,3.190399593633593
2022-12-09,99.8201180633556,100.0,50.0899409683222,49.91005903167781
2022-12-10,96.33558259929566,99.00898824613968,51.795893893200684,48.16779129964783
2022-12-11,80.9068929954182,69.43681926857346,53.71109270123591,40.4534464977091
2022-12-12,8.864401902537281,67.97852977229672,66.38484063711302,4.432200951268641
2022-12-13,96.15826366016384,84.65596834469115,51.33139092982012,48.07913183008192
2022-12-14,93.55803092618083,99.72469847928684,53.203249698085486,46.77901546309042
2022-12-15,95.47339351918318,100.0,52.26330324040841,47.73669675959159
2022-12-16,99.20784386585706,100.0,50.39607806707147,49.60392193292853
2022-12-17,12.734383597592464,77.66622043730477,74.14309779986287,6.367191798796232
2022-12-18,1.4452384177729614,72.06735105880333,71.74842522351666,0.7226192088864807
2022-12-19,99.43019219371772,100.0,50.28490390314114,49.71509609685887
2022-12-20,72.89276723715555,93.72370594284646,61.85228674246904,36.44638361857778
2022-12-21,95.65143938370048,72.22222222222221,50.96634680362211,47.825719691850246
2022-12-22,60.693333784172175,74.2833179208155,59.54496272126325,30.346666892086088
2022-12-23,52.53787366427702,62.74803177656656,56.05048694711213,26.26893683213851
2022-12-24,28.167106777710067,63.26350268639834,59.52755772225608,14.083553388855034
2022-12-25,2.7165907590200296,57.00636111280315,56.81602695426917,1.3582953795100148
2022-12-26,73.9250993321498,87.64103229153157,59.81486178037028,36.9625496660749
2022-12-27,28.165785578346377,58.89598002967289,56.3903573694227,14.082892789173188
2022-12-28,56.62817630052918,85.17969907226943,65.25807705962907,28.31408815026459
2022-12-29,62.84460676152071,70.0250284414107,57.44037806352347,31.422303380760354
2022-12-30,75.73889959757871,64.93361675436456,53.6230597544892,37.86944979878936
2022-12-31,90.51465555846592,61.25957598432211,51.0680095647692,45.25732777923296
2023-01-01,63.83938756368983,71.74669938076879,57.863739680769264,31.91969378184492
2023-01-02,59.65317039778921,74.14226467261531,59.740638389574826,29.826585198894605
2023-01-03,84.84973900704428,81.05591793499471,54.705052620909846,42.42486950352214
2023-01-04,19.99830873958818,50.82764306703592,50.66212845122829,9.99915436979409
2023-01-05,39.18955486402381,51.71598620536211,51.04349884995264,19.594777432011902
2023-01-06,3.4685359679645105,46.4112188875831,46.5356970512788,1.7342679839822552
2023-01-07,39.16773118343245,62.1724981921344,57.40480682193102,19.583865591716226
2023-01-08,97.69024837219516,72.97989031078612,50.53077839052115,48.84512418609758
2023-01-09,94.50520679374678,100.0,52.7473966031266,47.25260339687339
2023-01-10,51.35885199851084,66.31818814361257,57.93735404609605,25.67942599925542
2023-01-11,100.0,-1.0,50.0,50.0
2023-01-12,81.32881436154028,56.765198497125525,51.26314277020859,40.66440718077014
2023-01-13,72.58320796497574,61.93779093066988,53.27295931303775,36.29160398248787
2023-01-14,23.432792878177573,62.06606911948364,59.23865213417731,11.716396439088786
2023-01-15,100.0,-1.0,50.0,50.0
2023-01-16,83.53818731679296,79.59665417970955,54.87214577156036,41.76909365839648
2023-01-17,92.57372631507808,99.57911500398134,53.68188077075783,46.286863157539045
2023-01-18,53.2088276609068,70.64653223618772,59.66075448068104,26.6044138304534
2023-01-19,99.7061083852007,100.0,50.146945807399646,49.85305419260035
2023-01-20,36.83190603527062,68.30683081704557,61.564076092475375,18.41595301763531
2023-01-21,56.08018457325885,73.79206834843849,60.449432504838285,28.040092286629424
2023-01-22,33.86119852468447,72.36007367236263,64.78868473589822,16.930599262342234
2023-01-23,99.012760638792,100.0,50.493619680604,49.506380319396
2023-01-24,79.18786874714723,73.17845828933474,54.82393116156408,39.59393437357362
2023-01-25,5.890718246074407,65.59239404187954,64.67389004105473,2.945359123037204
2023-01-26,11.214755499877263,66.83954619124798,64.95103225861062,5.607377749938632
2023-01-27,27.103483875335314,67.71336367013373,62.91242500401953,13.551741937667655
2023-01-28,21.526678796597977,66.01458027780174,62.56717302077603,10.763339398298989
2023-01-29,4.480972372697725,60.61231723526805,60.136782231852656,2.2404861863488623
2023-01-30,5.14339890969424,59.03744556293282,58.57261368638472,2.57169945484712
2023-01-31,7.750776601237483,57.52848989778504,56.94497346436098,3.8753883006187415
2023-02-01,54.68213566946845,49.44394685773996,49.74800859138494,27.341067834734226
2023-02-02,85.20866081841692,33.876128442463724,47.615063468722006,42.60433040920846
2023-02-03,32.44954089620446,58.999511406772655,56.07921127237338,16.22477044810223
2023-02-04,13.595191737915854,58.68031742921524,57.500211631253705,6.797595868957927
2023-02-05,12.153803193514811,57.23409174099833,56.35487446795908,6.076901596757407
2023-02-06,6.182486200941384,56.47124642441415,56.07116250719583,3.091243100470692
2023-02-07,7.846256695805231,58.32560445917777,57.67235616183327,3.923128347902616
2023-02-08,4.235343915343916,56.69277417301674,56.409312169312166,2.117671957671958
2023-02-09,8.34377327825557,60.69690336999788,59.80437800501117,4.171886639127785
2023-02-10,5.930151851162161,58.2772458969191,57.7863926461377,2.9650759255810804
2023-02-11,80.10035987632419,41.08931906945152,48.226806562251845,40.050179938162096
2023-02-12,7.875602055240948,55.07796348533992,54.67804328872411,3.937801027620474
2023-02-13,1.7618571888175831,53.16677152189463,53.1109775301827,0.8809285944087916
2023-02-14,5.1704872515491145,54.08126829965008,53.87024684251516,2.585243625774557
2023-02-15,3.823850601471298,51.55884165126309,51.49923387540528,1.911925300735649
2023-02-16,28.452024431923927,64.55530068342516,60.414022976837046,14.226012215961964
2023-02-17,67.858712185229,43.69018824271743,47.97194524252155,33.9293560926145
2023-02-18,56.79161560241728,58.992214702085214,53.885390694332926,28.39580780120864
2023-02-19,13.866908149188806,46.83023168982255,47.26978054993696,6.933454074594403
2023-02-20,27.91866575279872,43.75066032752245,45.495392582438505,13.95933287639936
2023-02-21,25.405364256895638,50.37702259867787,50.28123863415295,12.702682128447815
2023-02-22,50.19918633860832,50.810122282608695,50.40344748839137,25.09959316930416
2023-02-23,48.67685962287752,66.65239444041895,58.54653177480835,24.33842981143876
2023-02-24,80.27572207891065,49.72342523905493,49.94544762549161,40.13786103945532
2023-02-25,41.68118540570713,34.72119498223479,41.089582029466,20.840592702853566
2023-02-26,90.51569033239008,71.96294976843606,52.083034168180085,45.25784516619504
2023-02-27,89.8330137761523,38.18227133006563,48.79849315415608,44.91650688807615
2023-02-28,35.93838553870359,35.963186457686874,41.00779062587232,17.969192769351796
2023-03-01,51.26681263684705,41.88495298893245,46.04527893548851,25.633406318423525
2023-03-02,87.82549167096289,29.02464422075668,47.446353563610856,43.912745835481445
2023-03-03,44.09853817000541,47.44400726392252,48.57116269626422,22.049269085002702
2023-03-04,7.655060906959223,43.64549721325902,44.13193827191847,3.827530453479612
2023-03-05,11.7973200606076,43.12380038387716,43.93500766059744,5.8986600303038
2023-03-06,97.09980913129402,50.64065230052417,50.01858013951996,48.54990456564701
2023-03-07,98.09708016250411,69.55170883266756,50.37205334594626,49.04854008125206
2023-03-08,67.52682353538,36.14445283411878,45.500663718684734,33.76341176769
2023-03-09,42.83852624096672,36.62176165803109,42.35280180073451,21.41926312048336
2023-03-10,89.32707170187426,41.30262741373853,49.071735660047466,44.66353585093713
2023-03-11,31.385565092385097,36.2373675129406,40.55684749059236,15.692782546192548
2023-03-12,66.11248225032118,30.711096700172103,43.46346947055243,33.05624112516059
2023-03-13,99.53382709376662,63.58695652173913,50.06333871008606,49.76691354688331
2023-03-14,89.08252308264136,62.302692664809655,51.34314363189417,44.54126154132068
2023-03-15,14.086938858419662,48.1192118226601,48.38089918071636,7.043469429209831
2023-03-16,2.43138450077039,48.11106290672451,48.15699023043972,1.215692250385195
2023-03-17,42.52764719807907,39.128515946804754,43.751902330143054,21.263823599039537
2023-03-18,22.49073149261059,41.62234768649464,43.50654297370961,11.245365746305296
2023-03-19,66.63314459562241,53.57242357470303,51.19200540860306,33.316572297811206
2023-03-20,58.80227766919647,34.847613571017824,43.757561912497565,29.401138834598235
2023-03-21,96.19263188121823,34.982253771073644,49.42821911792031,48.09631594060912
2023-03-22,17.558027324902227,37.19607359947429,39.44419049553897,8.779013662451113
2023-03-23,32.88306588123773,35.78688524590164,40.460593134267725,16.441532940618863
2023-03-24,94.83643062985404,31.60392798690671,49.05010606022193,47.41821531492703
2023-03-25,49.12004868894863,35.67583732057416,42.71187300299234,24.560024344474314
2023-03-26,96.6114578670428,23.10568295114656,49.08867473542851,48.305728933521394
2023-03-27,73.40559552898802,23.8665988427545,43.049977594210006,36.70279776449401
2023-03-28,6.495881342013698,43.74966045526158,44.153452815333424,3.247940671006849
2023-03-29,67.34743907284209,24.3870867527895,41.63672789673448,33.673719536421046
2023-03-30,79.26824115932232,39.298960668432855,47.78148633233344,39.63412057966116
2023-03-31,99.76184645007643,97.16312056737588,50.11232064588594,49.88092322503822
2023-04-01,47.50435385421775,34.06554472984942,41.6351047461238,23.752176927108877
2023-04-02,65.32611911907681,30.21407324328278,43.13945132518916,32.663059559538404
2023-04-03,16.74637908120508,34.11489578037621,36.77507555043891,8.37318954060254
2023-04-04,6.9688888888888885,36.99962690981227,37.90560846560847,3.484444444444444
2023-04-05,14.193455554991283,35.6333290588595,37.672456113622125,7.096727777495642
2023-04-06,7.790844360908622,36.22774559043623,37.30072049647372,3.895422180454311
2023-04-07,74.80388178805708,15.993424142790042,41.43166294718333,37.40194089402854
2023-04-08,96.24255732443731,44.16722859069454,49.780836957898735,48.12127866221866
2023-04-09,37.59985782953083,31.256950660482275,38.30351702660619,18.799928914765417
2023-04-10,24.680959025751616,29.896363166818247,34.85813353630174,12.340479512875808
2023-04-11,100.0,-1.0,50.0,50.0
2023-04-12,100.0,-1.0,50.0,50.0
2023-04-13,100.0,-1.0,50.0,50.0
2023-04-14,82.15746248479114,57.280863759056686,51.29909084764094,41.07873124239557
2023-04-15,99.2061548335881,71.27659574468085,50.16890322689614,49.60307741679405
2023-04-16,61.13435611343561,39.10178338408004,45.76433794007016,30.567178056717804
2023-04-17,84.43131986514916,48.56724194073592,49.77693848064688,42.21565993257458
2023-04-18,43.95233299196804,37.79559662951889,43.15971663859572,21.97616649598402
2023-04-19,99.2635819307328,40.825688073394495,49.93243870924154,49.6317909653664
2023-04-20,99.95692967714147,100.0,50.021535161429256,49.97846483857074
2023-04-21,88.38024895844777,33.83272727272728,48.12140315888214,44.19012447922388
2023-04-22,48.94590412082569,34.8582975833568,42.269540730467725,24.472952060412844
2023-04-23,93.1490882062284,21.14412526198989,48.023109474377705,46.57454410311421
2023-04-24,88.49309281399181,28.115133269696745,47.48172869756242,44.246546406995904
2023-04-25,81.42651905687485,24.43807443807444,45.25226062705991,40.71325952843743
2023-04-26,11.755542950991762,39.48310101019791,40.71941958805652,5.877771475495881
2023-04-27,77.4081492938462,20.37785260007482,43.30780868345208,38.7040746469231
2023-04-28,99.98142064504142,100.0,50.00928967747929,49.99071032252071
2023-04-29,60.66419229110831,25.26329364226454,40.269616753608,30.332096145554157
2023-04-30,71.20321917981926,27.63621418506341,43.55994961577804,35.60160958990963
2023-05-01,100.0,-1.0,50.0,50.0
2023-05-02,99.83447483764178,99.48979591836736,50.08191806504463,49.91723741882089
2023-05-03,49.13339313823395,33.088761334331586,41.39782671247948,24.56669656911697
2023-05-04,8.537514604534602,32.682588169952794,34.16106473407047,4.268757302267301
2023-05-05,25.173546442721207,25.102955152283112,31.370424299888256,12.586773221360604
2023-05-06,78.21757909239209,19.983702611462498,43.46172376194944,39.10878954619604
2023-05-07,90.59389207186196,21.22001617105381,47.292923659348645,45.29694603593098
2023-05-08,99.9645303223518,100.0,50.01773483882409,49.9822651611759
2023-05-09,83.46041353192784,23.740161504650924,45.656731305685646,41.73020676596392
2023-05-10,99.9425729028553,100.0,50.02871354857235,49.97128645142765
2023-05-11,99.9645303223518,100.0,50.01773483882409,49.9822651611759
2023-05-12,93.3371077047878,19.46734305643627,47.96564195298373,46.66855385239391
2023-05-14,99.56760773914586,38.0859375,49.94848451579668,49.78380386957293
2023-05-15,68.68025025363545,19.559994601160756,40.46626648630369,34.340125126817725
2023-05-16,99.87078903142444,100.0,50.064605484287775,49.93539451571223
2023-05-17,99.9695892007873,75.0,50.00760269980318,49.98479460039365
2023-05-18,56.68070638384248,12.799937523184756,33.88519571027437,28.34035319192124
2023-05-19,99.75677935326954,56.94444444444444,50.01689032268961,49.87838967663477
2023-05-20,100.0,-1.0,50.0,50.0
2023-05-21,75.64582505894184,18.067314365024288,42.22305787707987,37.82291252947092
2023-05-22,38.98954526999594,18.77192252769344,30.94760793070781,19.49477263499797
2023-05-23,64.76411263029647,23.78619795418528,40.76333423581968,32.38205631514823
2023-05-24,93.38419167342524,18.95032562891074,47.94581305758313,46.69209583671263
2023-05-25,74.63723997970574,21.174234846969394,42.68899036022324,37.31861998985287
2023-05-26,9.521025562814028,24.559250585480093,26.973979648034707,4.760512781407014
2023-05-27,44.51841012324167,23.592816197097207,35.34887458447172,22.25920506162084
2023-05-28,69.03355057946389,19.1166434635438,40.436521018774464,34.516775289731946
2023-05-29,55.38068402971688,23.04293408177198,37.971941581628336,27.69034201485844
2023-05-30,69.54358952666976,25.6270659148357,42.57687915062815,34.77179476333488
2023-05-31,83.60387004098187,19.11976911976912,44.9368372132325,41.80193502049094
2023-06-01,94.17246856833852,15.311004784688995,47.978487900500205,47.08623428416926
2023-06-02,12.431951911272913,18.435478724947068,22.359564830885155,6.215975955636456
2023-06-03,76.70266342188873,18.72619781654637,42.7140370445481,38.351331710944365
2023-06-04,99.847142579659,100.0,50.0764287101705,49.923571289829496
2023-06-05,99.92483806403122,100.0,50.0375809679844,49.96241903201561
2023-06-06,59.132016412165314,15.842096547155752,36.0403536229432,29.566008206082657
2023-06-07,43.698225603100326,20.88280381135592,33.60650189116694,21.849112801550163
2023-06-08,65.88980185297896,15.263562241332307,38.15133225130182,32.94490092648948
2023-06-09,29.961662477467183,13.349766789917592,24.33078596152707,14.980831238733591
2023-06-10,29.12036292540901,16.406949668636933,26.18936784284517,14.560181462704506
2023-06-11,50.34569134036846,17.63412638898357,33.92894921679967,25.17284567018423
2023-06-12,16.19523345891716,15.1142585820217,20.76408584853744,8.09761672945858
2023-06-13,26.23495963852363,15.224199043325648,24.34761638828248,13.117479819261815
2023-06-14,28.885502645502648,15.683776963001762,25.59619047619048,14.442751322751324
2023-06-15,34.78610281615078,13.215721883512776,26.011538689292877,17.39305140807539
2023-06-16,60.624139125732,13.835654655879134,35.75997769120916,30.312069562866
2023-06-17,31.078438841065488,14.716429641637808,25.682012476405717,15.539219420532744
2023-06-18,26.186587687751217,13.335014731339347,22.93632324941824,13.093293843875609
2023-06-19,22.23068783068783,11.84020029390954,20.32338624338624,11.115343915343916
2023-06-20,48.51705304452223,9.032236874517595,28.908588241262112,24.258526522261118
2023-06-21,1.4621962577258487,8.592320184219345,9.197781728896793,0.7310981288629244
2023-06-22,43.296398657842914,7.27977343866448,25.776093038194,21.648199328921457
2023-06-23,84.48121419034258,13.869527336092355,44.39298933527135,42.24060709517129
2023-06-24,12.75080851352038,8.258536538032352,13.58091061480892,6.37540425676019
2023-06-25,0.0211667090000846,6.327645340221028,6.336889340445348,0.0105833545000423
2023-06-26,0.612987892642452,7.014465098052579,7.277961222589112,0.306493946321226
2023-06-27,95.3599188915174,11.08885651857247,48.19449138222373,47.67995944575871
2023-06-28,89.50237026896849,19.47999678016582,46.79612306808291,44.751185134484246
2023-06-29,15.198090611325991,11.974529921354144,17.753675319289396,7.599045305662996
2023-06-30,97.60402678895672,24.673951357067324,49.39319465909955,48.802013394478365
2023-07-01,91.22271886169108,21.486330381209086,47.497275054710144,45.61135943084554
2023-07-02,69.45404752043413,15.42974154629476,39.440185280668096,34.727023760217065
2023-07-03,42.6890784751845,20.043122544820864,32.83143747037714,21.34453923759225
2023-07-04,51.43874246383061,14.398398049799756,32.711414389961355,25.719371231915307
2023-07-05,14.194934973727186,9.439190588420916,15.196771109211983,7.097467486863593
2023-07-06,82.51502370829917,18.49954077439938,44.492152172626845,41.257511854149584
2023-07-07,1.4418762170857675,5.723882584380664,6.362289391245449,0.7209381085428838
2023-07-08,19.903015326286567,11.715357388134608,19.33515567478821,9.951507663143284
2023-07-09,1.1988823977647955,6.365365828577304,6.888493776987555,0.5994411988823978
2023-07-10,27.099411047928516,11.803693514875045,22.154667614405632,13.549705523964256
2023-07-11,4.049409055504758,10.479736705107957,12.080073825730638,2.024704527752379
2023-07-12,16.557042605243332,13.096011037617172,19.206220213153195,8.278521302621666
2023-07-13,94.69001875601968,20.350039777247414,48.42559267332421,47.34500937800984
2023-07-14,38.18574148508568,10.351955536694549,25.49185529934419,19.09287074254284
2023-07-15,0.5503344340022014,5.693001872978035,5.936838540343747,0.2751672170011007
2023-07-16,12.345595394319096,10.483613920199357,15.362147060068576,6.172797697159548
2023-07-17,8.677766397778926,13.487009797106284,16.65552179175731,4.338883198889463
2023-07-18,1.441029548725764,6.543364717201566,7.169587672508679,0.720514774362882
2023-07-19,15.529363984804,6.129113036510242,12.941982756432491,7.764681992402
2023-07-20,10.677638931220155,8.228124052168639,12.688374140675268,5.338819465610079
2023-07-21,83.20964906349315,4.107727158318651,42.29452633714247,41.60482453174657
2023-07-22,77.67611767391911,17.488636363636363,42.74220143921393,38.838058836959554
2023-07-23,37.468168089408536,14.670148284446368,27.90759651096879,18.734084044704268
2023-07-24,98.79553689829636,9.046283309957923,49.5067275936922,49.397768449148174
2023-07-25,74.89407048435795,15.99461007242715,41.46263077326432,37.44703524217898
2023-07-26,41.278892686723744,7.715471284903322,25.17005651629497,20.639446343361872
2023-07-27,55.66970211974397,6.431555055408267,30.685978574267136,27.834851059871983
2023-07-28,15.09483444156811,7.378217072028537,13.81190464105037,7.547417220784055
2023-07-29,48.27898167798229,13.347610017655136,31.04301066177403,24.139490838991147
2023-07-30,55.379460319340666,13.661274723607608,33.78546466860155,27.689730159670333
2023-07-31,22.77336674059151,8.129644650020825,17.66493422946046,11.386683370295756
2023-08-01,97.01599689183938,64.77272727272727,50.43370665045017,48.50799844591969
2023-08-02,68.16028157574117,13.105867346938776,38.25301204819277,34.08014078787058
2023-08-03,64.61069140935287,23.479548222259368,40.614595480741606,32.305345704676434
2023-08-04,96.46274821152562,24.92836676217765,49.11315320489539,48.23137410576281
2023-08-05,96.11460233799582,20.30434782608696,48.846205824717885,48.05730116899791
2023-08-06,47.123208878212175,9.15664192475045,28.403342863426435,23.561604439106087
2023-08-07,39.58714043993232,8.819740085144522,25.121827411167512,19.79357021996616
2023-08-08,24.05241150479931,5.0609633773933975,15.869885392155204,12.026205752399656
2023-08-09,99.66725221268833,21.82741116751269,49.90625633403148,49.83362610634416
2023-08-10,70.88194238822385,17.998779743746187,40.68186624931264,35.440971194111924
2023-08-11,0.0,3.65252730505461,3.65252730505461,0.0
2023-08-12,36.54218650877564,10.470122495767963,24.91520406005498,18.271093254387814
2023-08-13,3.63810314026636,7.804839474932786,9.339942935035689,1.81905157013318
2023-08-14,7.753702920016928,4.861041022488508,8.36098180279306,3.876851460008464
2023-08-15,2.253831174329015,9.83819555124385,10.743374820082972,1.1269155871645076
2023-08-16,1.8135482723878389,5.383335201648717,6.19247995529629,0.9067741361939192
2023-08-17,31.616937735880988,10.295628070435956,22.84893462182883,15.808468867940494
2023-08-18,19.23842096797406,6.7328455523176585,15.0567628658263,9.61921048398703
2023-08-19,0.0,2.7321987977309288,2.7321987977309288,0.0
2023-08-20,0.4191008382016764,3.362666326573992,3.5581237829142327,0.2095504191008382
2023-08-21,5.0690034713402765,5.94704030395191,8.18008636017272,2.5345017356701383
2023-08-22,0.138006942680552,4.443521242592011,4.506392346118025,0.069003471340276
2023-08-23,2.1741891239744997,6.8163918819507545,7.755285192993151,1.0870945619872496
2023-08-24,0.0287867242401151,2.804973068193367,2.8185589704512743,0.0143933621200575
2023-08-25,6.2606783388310925,6.002995632872559,8.757506555019877,3.1303391694155462
2023-08-26,20.25985018409581,10.258043286734814,18.30970417707055,10.129925092047907
2023-08-27,96.26526578942924,40.09497964721845,49.63007381632067,48.13263289471462
2023-08-28,92.19332111207792,26.512282220538903,48.16638929485609,46.09666055603896
2023-08-29,98.47142579658984,28.121546961325965,49.66557161074562,49.23571289829492
2023-08-30,93.48850963163233,8.343064746334502,47.2875126732004,46.74425481581616
2023-08-31,57.23252882606232,7.973494214222135,32.026326252654194,28.61626441303116
2023-09-01,22.2726349292341,8.614305628158215,17.83199024852712,11.13631746461705
2023-09-02,0.6688680044026755,4.569553358336174,4.873423080179494,0.3344340022013377
2023-09-03,99.84376451512104,2.702702702702702,49.92610483823293,49.921882257560526
2023-09-04,0.0084666836000338,3.90770533446232,3.911607823215647,0.0042333418000169
2023-09-05,0.3318939971213276,3.1227170016480064,3.278299889933113,0.1659469985606638
2023-09-06,0.0,3.367200067733469,3.367200067733469,0.0
2023-09-07,0.0,3.059859453052239,3.059859453052239,0.0
2023-09-08,0.0,2.3740580814494963,2.3740580814494963,0.0
2023-09-09,0.0,3.6694606722546776,3.6694606722546776,0.0
2023-09-10,0.0,1.791550249767166,1.791550249767166,0.0
2023-09-11,0.0,3.793074252815172,3.793074252815172,0.0
2023-09-12,17.197155675950224,5.331493124776364,13.013205790231105,8.598577837975112
2023-10-17,7.106087545508425,5.008339637430844,8.205486410972822,3.5530437727542123
2023-10-18,64.41003024619388,16.966172106824924,38.24327064429462,32.20501512309694
2023-10-19,98.85736967004756,89.94826311899483,50.45646097068685,49.42868483502377
2023-10-20,92.44288670241966,99.75413500223512,53.75997635234998,46.22144335120983
2023-10-27,23.932275132275134,18.877079739580434,26.325502645502645,11.966137566137569
2023-10-28,18.993439153439155,15.957947099457618,22.423703703703705,9.496719576719578
2023-10-29,100.0,-1.0,50.0,50.0
2023-10-30,99.72299870789033,98.78048780487804,50.13512258151693,49.86149935394516
2023-10-31,98.87171691580104,90.71856287425148,50.459420657039104,49.43585845790052
2023-11-01,46.88392691130981,48.906886456211815,49.419381011139095,23.441963455654907
2023-11-02,97.6716493539397,100.0,51.16417532303015,48.83582467696985
2023-11-03,99.59716580385268,100.0,50.20141709807366,49.798582901926345
2023-11-04,29.73599790084897,66.07719365874813,61.29647968986737,14.867998950424486
2023-11-05,59.21301775147929,82.49362707508652,63.25316990701606,29.60650887573965
2023-11-06,5.140665611215998,61.917086884733806,61.30446929739157,2.570332805607999
2023-11-07,86.71374748686411,74.69481180061037,53.28101505347277,43.35687374343205
2023-11-08,4.30843993667296,54.19719007679513,54.016356663308414,2.15421996833648
2023-11-09,83.11695990404677,69.73684210526315,53.33217896630656,41.55847995202338
2023-11-10,81.80159481010948,83.64741923505385,56.12329368833626,40.90079740505474
2023-11-11,20.759217437641148,48.059433841424365,48.46228018980436,10.379608718820574
2023-11-12,74.14272552848003,97.1626569037657,62.19497764366796,37.071362764240014
2023-11-13,56.71918207879849,62.082844861273934,55.229554084109225,28.359591039399245
2023-11-14,52.109949016258994,34.54564714606028,42.59890253904104,26.054974508129497
2023-11-15,36.96233375071915,41.281473130402105,44.50404413008901,18.481166875359573
2023-11-16,52.25061495676283,53.74592833876222,51.78865774591931,26.125307478381416
2023-11-17,56.4523765239005,49.88836902288921,49.9513873624051,28.22618826195025
2023-11-18,46.93791236677381,63.20739677985016,57.00812045339199,23.468956183386904
2023-11-19,42.83310645709503,39.79116442104329,44.16392583260761,21.416553228547517
2023-11-20,2.6345642640659657,41.08425354317016,41.31914461319652,1.3172821320329828
2023-11-21,23.9038093787548,36.75777253925188,39.92316934897024,11.9519046893774
2023-11-22,32.131923890063426,33.650659157175966,38.90401691331924,16.065961945031713
2023-11-23,1.8973837947675896,38.33294496370902,38.55431377529422,0.9486918973837948
2023-11-24,22.75311315646995,45.67417206938847,46.65843259339469,11.376556578234975
2023-11-25,55.30087171205601,39.66557587909282,45.380602504375474,27.650435856028004
2023-11-26,41.145806888381145,41.016276528440784,44.71270203943472,20.57290344419057
2023-11-27,35.44060654267292,58.72206566616424,55.6309126910254,17.72030327133646
2023-11-28,30.16305267074862,38.03071035869118,41.64101349751362,15.08152633537431
2023-11-29,9.89503089816304,47.25340799128156,47.52518411919072,4.9475154490815205
2023-11-30,100.0,-1.0,50.0,50.0
2023-12-01,97.04583266474675,99.14236706689536,51.45174775566046,48.52291633237338
2023-12-02,87.85037254802575,96.59991656236964,55.66171625525875,43.92518627401287
2023-12-03,2.7141889603792757,62.86875402474894,62.51947172367084,1.3570944801896376
2023-12-04,99.54725905904216,99.6268656716418,50.22468113860968,49.773629529521074
2023-12-05,85.10112967597917,81.51532349602724,54.69542717986877,42.55056483798958
2023-12-06,82.51757112928296,68.4368204880406,53.22320402784349,41.25878556464148
2023-12-07,4.125745055540504,56.83642561308383,56.55437212137632,2.062872527770252
2023-12-08,98.54236515188624,100.0,50.728817424056885,49.27118257594312
2023-12-09,29.327175218663825,67.9334035524489,62.67404286995212,14.663587609331913
2023-12-10,26.740025881536987,61.16999168744805,58.1831330192589,13.370012940768492
2023-12-11,100.0,-1.0,50.0,50.0
2023-12-12,55.29098516546215,63.82508082354943,56.18105743628756,27.645492582731077
2023-12-13,99.96621935462076,100.0,50.01689032268961,49.98310967731038
2023-12-14,33.17544364183851,62.78289706850286,58.54211425574747,16.587721820919256
2023-12-15,27.489972413559663,54.6634301185697,53.38145446544925,13.744986206779831
2023-12-16,5.800377604497388,57.19832467509123,56.780794662738224,2.900188802248694
2023-12-17,2.687188865183379,55.61761584103287,55.46665989366386,1.3435944325916895
2023-12-18,3.695425799405684,56.83756175607012,56.58488473488601,1.847712899702842
2023-12-19,4.642854119220773,52.55742100450135,52.43868367804804,2.3214270596103863
2023-12-20,46.39528392848081,59.731141229744864,55.21635062672328,23.197641964240404
2023-12-21,89.3454186060263,59.03432965987473,50.96257000701127,44.67270930301315
2023-12-22,98.23396761851674,6.025824964131994,49.22340182937644,49.11698380925837
2023-12-23,63.269999915442696,46.72867074911368,48.7984407633833,31.634999957721348
2023-12-24,77.99151439341436,47.615207373271886,49.475143257999626,38.99575719670718
2023-12-25,19.886940626904067,53.97283136857227,53.18275675309728,9.943470313452034
2023-12-26,80.20885257812962,72.41408751334045,54.43600510303225,40.10442628906481
2023-12-27,21.88327677974564,58.24559123012262,56.44118567910845,10.941638389872818
2023-12-28,32.03940970019874,59.94773519163763,56.760539557698,16.01970485009937
2023-12-29,99.34381096350846,93.69369369369367,50.28671322765621,49.67190548175423
2023-12-30,2.1471509609685886,49.40038416944987,49.413258826517655,1.0735754804842943
2023-12-31,100.0,-1.0,50.0,50.0
2024-01-01,96.14647287836434,96.0771422309884,51.77559517274578,48.07323643918217
2024-01-02,93.6675506308802,79.80794878634303,51.88757326486834,46.83377531544009
2024-01-03,26.041728384612128,63.391242646890525,59.903931609462944,13.020864192306064
2024-01-04,28.34411329528641,54.26838621373199,53.05854998943141,14.172056647643206
2024-01-05,94.47522678514116,97.4315853844978,52.62048752470564,47.23761339257057
2024-01-06,100.0,-1.0,50.0,50.0
2024-01-07,89.08590206033165,100.0,55.457048969834176,44.542951030165824
2024-01-08,68.26072992207177,93.90445249254368,63.93495275284413,34.13036496103589
2024-01-09,64.12571979401842,86.57427049450808,63.120756280493474,32.06285989700921
2024-01-10,44.16422981355961,80.22734840916658,66.8776727911969,22.082114906779804
2024-01-11,0.6383879434425536,68.23426156310713,68.11785623571247,0.3191939717212768
2024-01-12,4.915298719110065,66.15857187374795,65.36432979741113,2.4576493595550324
2024-01-13,1.2326552036505558,62.25024215046759,62.099238903140055,0.6163276018252779
2024-01-14,26.13094231094569,71.1066324661048,65.59127051260361,13.065471155472846
2024-01-15,3.887177056174449,61.78615465915096,61.3280059594352,1.9435885280872245
2024-01-16,5.189769465868588,62.70995740577031,62.05033991720074,2.594884732934294
2024-01-17,97.32110432660232,76.19798234552333,50.70181661557172,48.66055216330116
2024-01-18,92.63466378392988,80.38069028781103,52.23763998446025,46.31733189196493
2024-01-19,46.43424745544923,65.96963575531848,58.55425557096,23.217123727724616
2024-01-20,4.647304309549407,64.87398240458795,64.1827431792979,2.3236521547747038
2024-01-21,38.36903483327554,78.62043415022366,67.63904980168965,19.18451741663777
2024-01-22,100.0,-1.0,50.0,50.0
2024-01-23,36.85474392687732,50.835565077664704,50.527619707948965,18.42737196343866
2024-01-24,51.01557811456634,56.99199337382661,53.4249875324368,25.50778905728317
2024-01-25,51.10874308621302,51.295623594533815,50.633446660239166,25.55437154310651
2024-01-26,19.540891469587446,62.80718734219828,60.30454876335257,9.770445734793723
2024-01-27,5.267212406985702,56.19498681917698,55.86868370482616,2.633606203492851
2024-01-28,1.8770637541275084,55.77903756050841,55.670561341122685,0.9385318770637542
2024-01-29,7.596726001540506,55.72328887586105,55.288506301685246,3.798363000770253
2024-01-30,1.241089720797142,56.955493073652455,56.86916916408459,0.620544860398571
2024-01-31,77.31129364837913,58.5257747318236,51.93438799310415,38.65564682418957
2024-02-01,87.3943049255383,38.29658915767607,48.524703715905154,43.69715246276915
2024-02-03,7.7250021166708995,53.05910850934983,52.82279231225129,3.8625010583354498
2024-02-04,6.095228422959089,52.284689426439314,52.14543238714264,3.0476142114795444
2024-02-05,9.466894648631262,53.78854460796229,53.42988708121011,4.733447324315631
2024-02-06,98.62594904103574,87.70743700061463,50.51811939970779,49.31297452051787
2024-02-07,54.58170359794886,73.25484068969365,60.561952472269866,27.29085179897443
2024-02-08,50.428239272880994,48.02408282307994,49.020503064891145,25.214119636440497
2024-02-09,100.0,-1.0,50.0,50.0
2024-02-10,100.0,-1.0,50.0,50.0
2024-02-11,99.9290606447036,100.0,50.035469677648194,49.964530322351806
2024-02-12,25.02325345419492,63.06262617149173,59.79393211682535,12.51162672709746
2024-02-13,17.442116308983817,54.34361450229097,53.58599620878749,8.721058154491908
2024-02-14,31.764835202002267,49.698261440662215,49.79410819677676,15.882417601001134
2024-02-15,15.362610763644982,59.07304634768261,57.679189552883024,7.681305381822491
2024-02-16,12.78468915707484,48.17989643736788,48.41259102018724,6.392344578537419
2024-02-17,71.13778529163145,41.79065135895033,47.63060016906171,35.56889264581572
2024-02-18,4.519444021196269,49.096147878895344,49.13699696954306,2.2597220105981344
2024-02-19,56.29212437949784,40.89774596111057,46.02159812602007,28.14606218974892
2024-02-20,45.0433312196153,42.91538461538462,46.106531388712746,22.52166560980765
2024-02-21,66.00985638086544,35.01119124595872,44.90528237770396,33.00492819043272
2024-02-22,99.99493290319312,100.0,50.00253354840344,49.99746645159656
2024-02-23,99.7111754820076,100.0,50.144412258996205,49.8555877410038
2024-02-24,90.18069083198878,84.29972470750172,53.36799601280633,45.09034541599439
2024-02-25,92.05280673007078,92.2946115421405,53.36123452201969,46.02640336503539
2024-02-26,100.0,-1.0,50.0,50.0
2024-02-27,98.5254748291966,100.0,50.7372625854017,49.26273741459831
2024-02-28,94.75009506105032,49.75052309673266,49.98690269973383,47.37504753052516
2024-02-29,72.84820824881677,85.12731121210236,59.53769438810007,36.42410412440839
2024-03-01,99.92737161243464,100.0,50.03631419378267,49.96368580621733
2024-03-02,90.1027897666326,84.4342037890425,53.4080255411877,45.0513948833163
2024-03-03,95.86120683829988,90.59183673469389,51.68001216298399,47.93060341914994
2024-03-04,26.21140715294993,57.72847150556129,55.7027303725389,13.105703576474967
2024-03-05,27.67675913396482,53.716891773373085,52.68817658998647,13.83837956698241
2024-03-06,99.50173548065636,100.0,50.24913225967183,49.75086774032818
2024-03-07,38.82421617231519,75.82940354856107,65.80134007884807,19.412108086157595
2024-03-08,91.1682669551694,59.11570485213896,50.80507471769559,45.58413347758469
2024-03-09,96.15397608269711,37.08827404479578,49.50341193162624,48.07698804134856
2024-03-10,100.0,-1.0,50.0,50.0
2024-03-11,49.59584246743464,69.64786485533409,59.903340753468136,24.79792123371732
2024-03-12,66.26470364388219,47.77529892462336,49.24949049918395,33.13235182194109
2024-03-13,25.970288229567867,53.12703694809427,52.31133872264782,12.985144114783932
2024-03-14,80.71076712490812,86.55219238687634,57.05063751045618,40.35538356245406
2024-03-15,49.670705004100334,74.56451260687709,62.36314601422013,24.835352502050167
2024-03-16,53.01845480137629,42.22658077518264,46.34792753341393,26.509227400688147
2024-03-17,80.45826430913824,61.08299814021885,52.16581020318469,40.22913215456912
2024-03-18,98.11671311544632,100.0,50.94164344227683,49.058356557723165
2024-03-19,25.114213197969544,50.342879737897526,50.2567681895093,12.557106598984772
2024-03-20,5.903159747490988,55.04145758017231,54.74385228561274,2.951579873745494
2024-03-21,90.4535472972973,58.3384942050783,50.7960304054054,45.22677364864865
2024-03-25,5.350508222111259,51.54274062282004,51.45103548668297,2.6752541110556294
2024-03-26,98.16055065242178,100.0,50.91972467378911,49.08027532621089
2024-03-27,98.70535676584102,71.55903457273321,50.27911258244588,49.35267838292051
2024-03-28,99.8336303215073,100.0,50.08318483924635,49.91681516075365
2024-03-29,99.91808193495535,100.0,50.04095903252232,49.95904096747768
2024-03-30,88.09308611732905,50.5249716231555,50.06250791907758,44.046543058664525
2024-03-31,95.13392065275232,100.0,52.43303967362384,47.56696032637616
2024-04-01,99.91892645108985,100.0,50.04053677445508,49.95946322554492
2024-04-02,53.32983788446414,42.44840270353525,46.47565729942748,26.66491894223207
2024-04-03,99.35646783605976,34.645669291338585,49.90118994333201,49.67823391802988
2024-04-04,66.96103369305266,41.57458563535912,47.2163301868456,33.48051684652633
2024-04-05,66.7283872331431,24.82465948363489,41.62375819065737,33.36419361657155
2024-04-06,5.961139567370783,50.1827610421881,50.17186640138848,2.980569783685392
2024-04-07,40.67220926695732,48.99883220826568,49.40602926763325,20.33610463347866
2024-04-08,41.9090609388076,52.452670944834914,51.42477958393562,20.9545304694038
2024-04-09,64.58333333333334,52.23214285714286,50.790550595238095,32.29166666666667
2024-04-10,100.0,-1.0,50.0,50.0
2024-04-11,2.459488290973128,55.76908054058277,55.62719068019032,1.229744145486564
2024-04-12,3.677927355854712,48.04598913559411,48.11785623571247,1.838963677927356
2024-04-13,1.9134704936076536,43.15839447561502,43.28930657861316,0.9567352468038268
2024-04-14,3.4229062955061127,41.8635435203773,42.14204680144943,1.7114531477530563
2024-04-15,99.74580064352128,48.17275747508305,49.99535516126036,49.872900321760646
2024-04-16,45.86816012994484,39.691495014534425,44.419816588271125,22.93408006497242
2024-04-17,97.81916466066978,42.83501161890008,49.84374340132607,48.90958233033489
2024-04-18,94.88232213154916,42.65434136678772,49.62407285383615,47.44116106577458
2024-04-19,91.44006014681906,26.34955097207145,47.9755357882021,45.72003007340953
2024-04-20,82.48648191956742,24.27999421100873,45.49552213585671,41.24324095978371
2024-04-21,93.19639371688818,21.808246398410333,48.08194408064285,46.59819685844409
2024-04-22,100.0,-1.0,50.0,50.0
2024-04-23,83.35769877553089,22.13872245353915,45.36324226573261,41.678849387765446
2024-04-24,99.06680967139876,21.990950226244344,49.73862225637821,49.533404835699386
2024-04-25,39.89894715460916,42.46677658929804,45.45304512678155,19.94947357730458
2024-04-26,96.13223727009284,46.24290083005679,49.85468431857928,48.06611863504642
2024-04-27,98.758372538917,31.700680272108844,49.77279062106712,49.3791862694585
2024-04-28,96.50930963403508,8.228460793804453,48.54188490521408,48.25465481701754
2024-04-29,6.538891334529816,45.7481884057971,46.02620974569097,3.269445667264908
2024-04-30,77.21794980140285,24.33785889160917,44.153638130651565,38.60897490070143
2024-05-01,99.0440077357678,33.657243816254415,49.843764515121066,49.522003867883896
2024-05-02,99.43079612535998,80.41543026706232,50.17312580756855,49.71539806267999
2024-05-03,91.56739494094388,17.04238052299369,47.2208141126375,45.78369747047194
2024-05-04,99.92061548335882,69.14893617021278,50.01520129042065,49.96030774167941
2024-05-05,78.92312243776679,16.38660517345097,42.91534592789823,39.4615612188834
2024-05-06,99.91892234280648,100.0,50.04053882859677,49.959461171403234
2024-05-07,100.0,-1.0,50.0,50.0
2024-05-08,98.64012230452816,74.53416149068323,50.33363458988285,49.32006115226408
2024-05-09,36.88290804451779,29.288242866337693,36.92734120435021,18.441454022258892
2024-05-10,58.482331647411065,36.3164113428944,44.31889304261042,29.241165823705533
2024-05-11,30.01777552056882,33.47363837584818,38.43448450990351,15.00888776028441
2024-05-12,50.65857328847032,23.83661160989651,37.09061089224422,25.32928664423516
2024-05-13,99.461194155899,100.0,50.269402922050496,49.7305970779495
2024-05-14,81.0460940470658,32.6200347733048,46.70581773627952,40.5230470235329
2024-05-15,97.38609011443774,100.0,51.30695494278113,48.69304505721887
2024-05-16,99.7719806436902,34.81481481481482,49.96537483848629,49.8859903218451
2024-05-17,88.59217555961317,37.93819017268213,48.62336849935755,44.29608777980658
2024-05-18,79.27504501382114,17.30635885304075,43.22425758894985,39.63752250691057
2024-05-19,67.98674006985141,18.49640743871513,39.91467302602092,33.993370034925704
2024-05-20,53.8732990318868,15.482415102647368,34.078176832983544,26.9366495159434
2024-05-21,99.86656645075205,100.0,50.06671677462398,49.933283225376016
2024-05-22,71.59093792018673,28.202304051439285,43.80724053073547,35.795468960093366
2024-05-23,95.2579688595639,20.95136290753608,48.62250458320309,47.62898442978195
2024-05-24,91.31952662721892,26.351153958515923,47.947168216398985,45.65976331360947
2024-05-25,94.29641401930785,18.73425226026382,48.21673119515783,47.14820700965392
2024-05-26,22.886435598300007,26.239227095570072,31.677221084000745,11.443217799150004
2024-05-27,89.5426494209147,12.465642683912693,46.0749006678502,44.77132471045735
2024-05-28,89.53135436306297,18.728799870780165,46.72632887205459,44.76567718153149
2024-05-29,32.99010939734164,13.776341207813031,25.726565871075277,16.49505469867082
2024-05-30,86.90181430997913,32.18064516129032,47.665987814462085,43.450907154989565
2024-05-31,99.80153870839702,100.0,50.09923064580149,49.90076935419851
2024-06-01,99.9163929026864,100.0,50.0418035486568,49.9581964513432
2024-06-02,88.16784540377027,16.032278797400558,45.98088671449213,44.083922701885136
2024-06-03,86.42642896371086,17.63460939931528,45.60686071564361,43.21321448185543
2024-06-04,48.853986941371495,18.366874472905263,33.82091748705977,24.426993470685748
2024-06-05,37.667732710628286,20.398246304616347,31.54855576425199,18.833866355314143
2024-06-06,40.83391173333785,19.76251788268956,32.10966464085592,20.416955866668925
2024-06-07,44.78496988563308,20.711473350389905,33.8283311903634,22.39248494281654
2024-06-08,73.88879970936864,10.39280398628098,39.65808571935487,36.94439985468432
2024-06-09,97.13506254381446,13.089622641509436,48.94254077383717,48.56753127190723
2024-06-10,71.62768682010667,16.730717669139334,40.560735024385295,35.81384341005334
2024-06-11,88.96531327897249,11.616509686806037,45.764502091343104,44.48265663948624
2024-06-12,84.5597808626841,19.48748836445272,45.28880133917249,42.27989043134205
2024-06-13,46.35539161773912,18.766658780853245,33.244361347523736,23.17769580886956
2024-06-14,98.54893746410352,25.902211874272407,49.65032602452786,49.27446873205176
2024-06-15,100.0,-1.0,50.0,50.0
2024-06-16,53.87489749507554,12.580645161290322,32.74028422396375,26.93744874753777
2024-06-17,47.13987085198757,19.18698666325109,33.71220135580024,23.569935425993787
2024-06-18,27.89947962939459,10.655776181758435,21.63260989127216,13.949739814697296
2024-06-19,15.304455298868186,17.103448275862068,22.13808632935181,7.652227649434093
2024-06-20,92.66187536420374,14.547128553343308,47.398424106275705,46.33093768210187
2024-06-21,86.93082866949597,20.816352933566208,46.18593916439816,43.46541433474798
2024-06-22,7.745578611400368,13.013673488115996,15.878478483563184,3.872789305700184
2024-06-23,94.70878912024328,23.16411238825032,48.58005659500782,47.35439456012164
2024-06-24,95.2006354088332,25.91549295774648,48.84409669705701,47.60031770441661
2024-06-25,59.76383876121005,14.501186899985294,35.71664032322139,29.881919380605027
2024-06-26,91.8825327916621,19.18634897513266,47.49871198236472,45.94126639583105
2024-06-27,76.15686340811875,13.830881049459316,41.376147564542585,38.078431704059376
2024-06-28,21.813040754474187,12.00030317467192,20.28919252975737,10.906520377237094
2024-06-29,16.774035164946795,23.49105925910857,27.93767830084061,8.387017582473398
2024-06-30,76.66466605239354,16.852019561673607,42.26480806782928,38.33233302619677
2024-07-01,100.0,-1.0,50.0,50.0
2024-07-02,38.45476780893218,10.364411441144114,25.606184991155835,19.22738390446609
2024-07-03,95.20737093682176,13.850220264317182,48.267475150112745,47.60368546841087
2024-07-04,19.17964781578056,11.78337610642644,19.11318997629529,9.58982390789028
2024-07-05,9.711803850517295,10.960869442907644,14.752273227559815,4.855901925258648
2024-07-06,98.00141911069063,40.57480980557904,49.81162994999324,49.00070955534532
2024-07-07,99.79646473603756,87.55186721991701,50.07643129206888,49.89823236801878
2024-07-08,71.52597430062684,16.167557932263815,40.36654175090726,35.76298715031342
2024-07-09,6.6139492354843625,11.086834327573388,13.660531351067611,3.3069746177421813
2024-07-10,3.4160465293475224,9.533326320956489,10.91568672271184,1.7080232646737612
2024-07-11,22.69121693121693,16.40915014071243,24.03132275132275,11.345608465608466
2024-07-12,53.09471868499822,18.589223586249165,35.26668695990395,26.54735934249911
2024-07-13,70.9124735729387,11.42574717990464,38.77970401691332,35.45623678646935
2024-07-14,6.254127368474524,9.795262221499724,12.309717730328328,3.127063684237262
2024-07-15,14.689571674103174,10.940740961284623,16.678378813150342,7.344785837051587
2024-07-16,46.73810993918582,23.193215924790778,35.72220013702222,23.36905496959291
2024-07-17,36.30835074304951,14.282489176914291,27.25092828324692,18.154175371524754
2024-07-18,12.233650793650794,15.0770685031927,19.34941798941799,6.116825396825397
2024-07-19,10.003386673440014,13.578249212098406,17.221657776648886,5.001693336720007
2024-07-20,40.30834581440018,9.574302198658971,25.86923226630789,20.15417290720009
2024-07-21,2.46033493066021,7.259912506075968,8.311461808083715,1.230167465330105
2024-07-22,27.27480315626559,8.120617273900757,19.54313647550342,13.637401578132796
2024-07-23,71.47905781294915,19.496650263828776,41.30015725663268,35.739528906474575
2024-07-24,26.69381397042016,10.59244716479963,21.111826008923053,13.34690698521008
2024-07-25,2.835492337651342,6.690426190081997,7.918465836931674,1.417746168825671
2024-07-26,20.313412744774336,13.120849933598938,20.612263903351703,10.156706372387168
2024-07-27,15.524669674372149,12.855711422845692,18.622239527344444,7.762334837186074
2024-07-28,17.2831249312146,12.250015352178986,18.774392360376225,8.6415624656073
2024-07-29,0.2260604521209042,5.751720509491442,5.851748370163407,0.1130302260604521
2024-07-30,0.0245533824400982,4.349556660258636,4.360765388197443,0.0122766912200491
2024-07-31,0.089746846160359,4.878648181417579,4.919143171619676,0.0448734230801795
2024-08-01,28.08885205979842,6.387206772884943,18.637539741595077,14.04442602989921
2024-08-02,65.88037424251388,14.332425068119893,37.83035691647157,32.94018712125694
2024-08-03,25.787313274935464,8.562370275756678,19.24802166645508,12.893656637467732
2024-08-04,75.79756674552213,14.46624310549466,41.39996620479892,37.898783372761066
2024-08-05,57.47197375763007,11.55795876985468,33.651358617541135,28.735986878815037
2024-08-06,0.4961476589619846,6.447193764677853,6.663279993226653,0.2480738294809923
2024-08-07,4.173087017627038,5.953969165525467,7.792048360058926,2.086543508813519
2024-08-08,33.332769169579166,5.1307438436151305,20.086909426330088,16.666384584789583
2024-08-09,20.459624174707976,12.41366833743043,20.10369053665143,10.229812087353988
2024-08-10,0.037253407840149,4.478850812257551,4.495808991617984,0.0186267039200745
2024-08-11,0.0508001016002031,6.43117323168149,6.453306239945814,0.0254000508001015
2024-08-12,2.1310642621285245,7.167389028747416,8.08017949369232,1.0655321310642625
2024-08-13,13.001252072687898,9.424715080322066,14.700010151940711,6.500626036343949
2024-08-14,5.540550837771249,11.502505221077918,13.635478490572428,2.7702754188856247
2024-08-15,2.9344531554261137,5.552648105505548,6.8569348256768885,1.4672265777130569
2024-08-16,3.715807208107216,5.137696961170512,6.804693651210241,1.857903604053608
2024-08-17,14.41561190365322,10.855887939221272,16.498751217034247,7.20780595182661
2024-08-18,99.2829331328812,14.13427561837456,49.742818773807215,49.6414665664406
2024-08-19,96.75657855808488,20.90174615585093,49.05622099559598,48.37828927904244
2024-08-20,71.26874191338763,12.777041942604855,39.30537585305833,35.634370956693814
2024-08-21,15.247407407407406,8.976766486205726,15.231746031746033,7.623703703703703
2024-08-22,57.244414353419096,18.0304829770388,36.33124576844956,28.622207176709548
2024-08-23,2.80755228177123,10.34287506315661,11.456269579205824,1.403776140885615
2024-08-24,13.1641775881337,17.323310616475084,21.624928036845134,6.582088794066849
2024-08-25,21.051474381199636,8.280937028031577,17.06341488165205,10.525737190599816
2024-08-27,9.062587303065447,8.748068293954459,12.486560619015773,4.5312936515327245
2024-09-04,63.09954368767957,12.24466428506,36.06810883893865,31.549771843839785
2024-09-05,99.90034709613128,83.05084745762711,50.03293612924475,49.95017354806564
2024-09-10,49.30839730799148,17.045833611314965,33.29500490378437,24.65419865399574
2024-09-11,70.17462303063088,13.580071981182872,39.1376191764149,35.08731151531544
2024-09-12,100.0,-1.0,50.0,50.0
2024-09-13,91.09757436993604,12.356458194932143,46.6488116862818,45.54878718496802
2024-09-14,98.80838773424766,100.0,50.59580613287616,49.40419386712383
2024-09-15,59.30827449156484,36.50665004156276,44.50932307302017,29.65413724578242
2024-09-16,98.52378579692764,84.66819221967964,50.511776777495335,49.26189289846383
2024-09-17,23.298990018709627,21.583885209713024,28.20455295840706,11.649495009354814
2024-09-18,9.29218525103717,10.681850002333505,14.33536533739734,4.646092625518585
2024-09-19,82.57941303227224,9.866601988843076,43.00852649636209,41.28970651613612
2024-09-20,72.4191584359356,16.001349031150355,40.62288594236233,36.2095792179678
2024-09-21,47.93906051629285,9.152983254755323,28.734659331358444,23.969530258146424
2024-09-22,98.092238052208,35.1925630810093,49.71750935301619,49.046119026104
2024-10-08,98.6164956290384,100.0,50.69175218548081,49.3082478145192
2024-10-09,99.38772580250146,58.06896551724138,50.04940419386712,49.69386290125073
2024-10-10,96.16576722659975,100.0,51.91711638670012,48.082883613299884
2024-10-12,83.01794260396056,26.25473013343955,45.96756464241625,41.50897130198028
2024-10-13,100.0,-1.0,50.0,50.0
2024-10-14,97.48821810442392,38.33221250840619,49.70693062617186,48.744109052211954
2024-10-15,59.90258092886378,18.892357010291885,37.52663802726381,29.95129046443189
2024-10-16,98.21638192397666,52.03598484848485,50.03631419378267,49.10819096198833
2024-10-17,96.18084001249969,50.02211410880142,50.00084457319494,48.09042000624984
2024-10-18,80.02298248430516,99.37402190923318,59.86345700501053,40.01149124215258
2024-10-19,97.64277630445432,41.812970261555,49.807013395044,48.82138815222716
2024-10-20,73.37390642829973,14.961904761904762,40.67072397616331,36.68695321414987
2024-10-21,10.05757344848023,10.237124756427033,14.236305139276944,5.028786724240115
2024-10-22,9.307956719779195,9.636855862584015,13.393839849636793,4.653978359889599
2024-10-23,97.5737051456368,93.17786286112076,51.04762226482337,48.7868525728184
2024-10-24,95.15232414713684,66.43429766469153,50.7966814794789,47.576162073568426
2024-10-25,83.70434900282491,27.75730523693361,46.37540808904376,41.852174501412456
2024-10-26,91.0603718439303,43.65491826514221,49.43277328670501,45.53018592196515
2024-10-27,15.222783802775169,8.474305458467315,14.795672161125644,7.611391901387583
2024-10-28,22.99767195767196,9.947338910937894,19.15851851851852,11.49883597883598
2024-10-29,0.9702819405638812,5.515372251290995,5.946998560663788,0.4851409702819405
2024-10-30,2.147997629328592,4.982997758992152,5.9499618999238,1.073998814664296
2024-10-31,0.8305816611633223,4.720436441871782,5.096520193040386,0.4152908305816611
2024-11-01,0.6671746676826686,4.639368575373758,4.942003217339768,0.3335873338413343
2024-11-02,0.1981203962407925,4.447046048389834,4.537295741258149,0.0990601981203962
2024-11-03,0.8661417322834646,3.981654667042456,4.38023876047752,0.4330708661417323
2024-11-04,0.4411142155617644,4.2716580632542165,4.473372280077894,0.2205571077808822
2024-11-05,82.77275069914413,44.222658165767534,49.004722919254135,41.38637534957206
2024-11-06,1.6526686534814414,4.958677685950414,5.703061500948253,0.8263343267407207
2024-11-07,1.6213699094064855,5.500236671113215,6.221742443484887,0.8106849547032428
2024-11-08,1.0456354246041826,3.9922994652406416,4.473372280077894,0.5228177123020913
2024-11-09,1.7517568368470071,4.541498263544782,5.337820675641352,0.8758784184235036
2024-11-10,2.115627195841552,3.378249814049229,4.364592240160514,1.057813597920776
2024-11-11,0.9186351706036744,3.82738731040376,4.251545169757006,0.4593175853018372
2024-11-12,3.3913227513227517,6.220699445315855,7.705396825396825,1.6956613756613756
2024-11-13,10.685439490661564,7.87445612505095,12.37575562592072,5.342719745330783
2024-11-14,4.115654897976462,10.50605303358087,12.131487596308526,2.057827448988231
2024-11-15,2.75242562270349,4.515814492047047,5.767732868245932,1.376212811351745
2024-11-16,0.955880485306195,4.307500299191329,4.74426598707995,0.4779402426530975
2024-11-17,0.978740337479151,4.366636740626737,4.8132688741946135,0.4893701687395755
2024-11-18,14.705359485976958,9.680813053316925,15.609894435649766,7.352679742988479
2024-11-19,47.03658918137309,8.148928696873902,27.83424517372885,23.518294590686544
2024-11-20,44.51385484116384,38.74068770090952,43.75264163383997,22.25692742058192
2024-11-21,94.9903302902602,50.708024275118,50.035469677648194,47.495165145130095
2024-11-22,31.26666610231188,57.40448801635589,55.089351471696204,15.63333305115594
2024-11-23,22.023613050653804,54.82074826609357,53.75904532182303,11.011806525326902
2024-11-24,91.39167377551796,89.74686028257457,53.42153939711311,45.69583688775898
2024-11-25,28.075031531188365,52.35965634929976,51.69718208520616,14.037515765594184
2024-11-26,93.61170230735448,74.15388683236382,51.54302219519611,46.80585115367724
2024-11-27,27.11805584946546,35.57640937492741,39.48780673613286,13.55902792473273
2024-11-28,82.53081778010595,64.59179725285355,52.54906765125848,41.265408890052974
2024-11-29,6.432441584828988,28.278532780803825,29.675753471046395,3.216220792414494
2024-11-30,9.841643320835203,28.989044619471848,31.056867906323266,4.920821660417602
2024-12-01,7.498306806637318,23.15696988001428,25.169742634608877,3.749153403318659
2024-12-02,41.47834394365959,24.092747760762787,34.83864695090505,20.739171971829798
2024-12-03,87.56482373013058,97.84011410717925,55.94900251693441,43.78241186506529
2024-12-04,72.59828004633897,48.511032248109856,49.59199722642674,36.299140023169485
2024-12-05,10.177451702165468,49.549676860173726,49.59550828023322,5.088725851082734
2024-12-06,37.02741800400992,65.54851016953707,59.79129831566659,18.51370900200496
2024-12-07,99.92737161243464,100.0,50.03631419378267,49.96368580621733
2024-12-08,99.9873322579828,100.0,50.0063338710086,49.99366612899139
2024-12-09,53.88478382171421,58.48824845084882,53.91437412285893,26.942391910857104
2024-12-10,86.54582006470305,51.03591160220995,50.139373410931945,43.272910032351525
2024-12-11,10.59942943731006,59.016362396788125,58.06067942672841,5.2997147186550295
2024-12-12,8.625419079548918,51.21006596990586,51.10569270886247,4.312709539774459
2024-12-13,6.978574995979109,45.31390767046747,45.640930138064725,3.4892874979895545
2024-12-14,95.81964513432028,97.93939393939394,52.00403678712282,47.90982256716014
2024-12-15,31.44959404600812,43.7227033829299,45.69688768606225,15.724797023004058
2024-12-16,17.50027500190386,43.37070123796142,44.530846752015975,8.75013750095193
2024-12-19,97.8861816092731,88.16946442845723,50.80683315873069,48.94309080463655
2024-12-20,78.38746746882077,78.3094847134256,56.11839659309832,39.19373373441039
2024-12-21,5.519857093270346,58.68511366589306,58.20570780314768,2.759928546635173
2024-12-22,92.28001722871116,76.72027130510884,52.062800341196045,46.14000861435557
2024-12-23,11.49320194375307,57.92187171197367,57.011394998391495,5.746600971876535
2024-12-24,33.812566109583244,47.8182492297071,48.55595515125873,16.906283054791622
2024-12-26,4.70404958047938,46.77801963484519,46.929583188695375,2.35202479023969
2024-12-27,29.297499344603334,52.18467794988339,51.5446219418346,14.648749672301667
2025-01-01,47.36316977686083,46.48685985992418,48.15079438896734,23.68158488843041
2025-01-02,100.0,-1.0,50.0,50.0
2025-01-03,11.106785928865795,41.03535593930278,42.03103976440921,5.5533929644328985
2025-01-04,28.91350148493489,46.22507885496637,47.31654073629079,14.456750742467444
2025-01-05,96.04928679407814,91.769987174006,51.65021239939532,48.02464339703907
2025-01-06,95.7706631985204,97.68370607028754,52.01670452914004,47.885331599260205
2025-01-07,89.81865481911937,92.4091587854654,54.31782284425599,44.90932740955969
2025-01-08,67.68275687317876,69.84736814594115,56.41412221799907,33.84137843658938
2025-01-09,86.5011027268195,97.52738654147105,56.4156730858606,43.25055136340975
2025-01-10,14.700330943654938,55.73581797795176,54.89263375286719,7.350165471827469
2025-01-11,17.620232172470978,63.83328369092982,61.39582698751143,8.810116086235489
2025-01-12,20.0054173932181,53.84533987979345,53.0760635866529,10.00270869660905
2025-01-13,3.97199624133348,52.16732049191168,52.08123460343529,1.98599812066674
2025-01-14,25.8662266785125,50.53244307481596,50.39472014215002,12.93311333925625
2025-01-15,30.721724490918167,41.57579162036415,44.16385370929672,15.360862245459083
2025-01-16,15.832331679899776,53.95538749321158,53.329157426061045,7.916165839949889
2025-01-17,3.488007856483716,48.80569127799367,48.84734886004792,1.7440039282418578
2025-01-18,9.303605136409423,47.09181863998656,47.36238435037287,4.651802568204712
2025-01-19,62.86841416129551,60.25571025571026,53.80810785696788,31.434207080647752
2025-01-20,89.8816868080791,49.294245385450594,49.92858953773346,44.94084340403955
2025-01-21,22.38836282399533,57.07728204457238,55.49279446235603,11.194181411997665
2025-01-22,64.76675621335767,66.65787517682882,55.86910977072668,32.38337810667883
2025-01-23,93.21071618664617,89.14883026381284,52.657925196218414,46.60535809332308
2025-01-24,8.2842340511987,53.67355226966458,53.36922660165244,4.14211702559935
2025-01-25,69.20523368275234,63.00573278108457,54.005085017780665,34.60261684137617
2025-01-26,99.34540048820452,100.0,50.32729975589773,49.672700244102266
2025-01-27,92.5239643596132,92.25033890646182,53.1586503948313,46.261982179806594
2025-01-28,83.65464222353637,79.86872028116602,54.88214919320774,41.827321111768185
2025-01-29,18.954718578078715,73.96480601535168,69.42234447735929,9.477359289039358
2025-01-30,78.55978375638806,84.02411157513198,57.2948430966761,39.27989187819403
2025-01-31,54.225411637420976,60.78663096666974,54.93753592318355,27.112705818710488
2025-02-01,99.473021932084,100.0,50.263489033958,49.736510966042005
2025-02-02,18.277931554043185,67.19837587006961,64.0548685001312,9.138965777021593
2025-02-03,1.7432901532469731,60.32692523114838,60.14689696046058,0.8716450766234866
2025-02-04,0.6112945559224452,55.434967799093606,55.401744136821605,0.3056472779612226
2025-02-05,8.368749894173623,57.78829007788752,57.136507560236375,4.184374947086812
2025-02-06,1.1150622301244604,54.63512368035756,54.583439166878335,0.5575311150622302
2025-02-07,60.36966888761118,66.47322381053979,56.528393141001786,30.18483444380559
2025-02-08,72.34866091424611,67.45927442770255,54.827723173916354,36.174330457123055
2025-02-09,91.09939682700592,99.93356112376614,54.44438812577086,45.549698413502966
2025-02-10,86.35334662296854,92.11438474870018,55.747204108524514,43.17667331148427
2025-02-11,95.22462182957626,100.0,52.38768908521186,47.61231091478813
2025-02-12,98.35812197532115,70.73045267489711,50.34036874688559,49.17906098766058
2025-02-13,95.02863224040948,99.62623173632348,52.46710248483927,47.51431612020474
2025-02-14,72.71759607342891,71.36089177891314,55.827764777440805,36.35879803671445
2025-02-15,6.584271565224753,62.623241989270696,61.79209345636164,3.2921357826123767
2025-02-16,11.784027225166348,52.6150125712531,52.30685877791511,5.892013612583174
2025-02-17,19.47993704411989,60.436962073205336,58.403848432026265,9.739968522059945
2025-02-18,2.92312511110923,55.68306678061287,55.51694362846767,1.461562555554615
2025-02-19,26.85971043434848,65.53479493260832,61.36219399713988,13.42985521717424
2025-02-20,7.395588210398009,55.67865010374676,55.25868052616432,3.6977941051990046
2025-02-21,9.39457555954356,54.40887942149224,53.99468391291098,4.697287779771781
2025-02-22,70.18314523214165,80.98368087035358,59.23835912685004,35.09157261607083
2025-02-23,75.79248041510678,58.2475126549136,51.99651824120476,37.89624020755339
2025-02-24,54.84918440346026,51.85601378432033,50.83800536120483,27.42459220173013
2025-02-25,93.82596136791696,71.36798905608755,51.31926789922212,46.91298068395848
2025-02-26,100.0,-1.0,50.0,50.0
2025-02-27,22.116514870910184,58.59953527763904,56.69761777913082,11.058257435455092
2025-02-28,8.328607102044272,54.67514959001256,54.28577474922758,4.164303551022136
2025-03-01,71.82569877745651,54.93638218701237,51.390791186864845,35.912849388728254
2025-03-02,8.002742346398978,54.96356677584367,54.56634531558143,4.001371173199489
2025-03-03,0.8347584618771059,50.36027729399311,50.35726984879527,0.4173792309385529
2025-03-04,10.758695412952758,52.22381363407855,51.98456029863633,5.379347706476379
2025-03-05,1.6864634218613748,49.71711517761033,49.721885926665934,0.8432317109306874
2025-03-06,6.048165234689127,50.09460311739796,50.08888136454057,3.0240826173445634
2025-03-07,7.620095653278029,50.71976395773964,50.66491725568206,3.810047826639015
2025-03-08,0.8407203271443447,47.87056010928962,47.88846274330514,0.4203601635721724
2025-03-09,22.836784605099474,49.769145564414416,49.821865294620416,11.418392302549735
2025-03-10,98.20202514969048,99.4833255049319,50.88969774767547,49.10101257484524
2025-03-11,89.38208607201392,31.35741565881604,48.02054644070088,44.69104303600696
2025-03-12,97.30683804714089,72.34242709313264,50.60171774581753,48.65341902357044
2025-03-13,88.26138754404198,50.255524364788016,50.02999501491301,44.13069377202099
2025-03-14,92.83692557263196,50.2830856334041,50.02027763461392,46.41846278631598
2025-03-15,98.22381756756758,81.50261531145982,50.55954391891891,49.11190878378379
2025-03-16,92.45848747445058,80.8265203270243,52.32478589165358,46.22924373722529
2025-03-21,98.61071229498503,11.124620060790273,49.45990912622671,49.305356147492525
2025-03-22,99.50595806132876,51.11111111111111,50.00548935487412,49.75297903066438
2025-03-23,96.24205651703625,49.85383404542388,49.994507166035696,48.12102825851812
2025-03-24,65.14481417276225,55.02207773302926,51.75045452623568,32.572407086381126
2025-03-25,71.5509224031519,35.52557282534399,45.88215898138285,35.77546120157595
2025-03-26,61.752523288643935,37.508288025460814,45.22223537168845,30.876261644321968
2025-03-27,15.51495044728624,49.94840971700476,49.95641392384709,7.757475223643119
2025-03-28,63.47520427218265,56.2045990838847,52.26621714111891,31.73760213609133
2025-03-29,98.49422773222084,98.99046550757151,50.73768484346893,49.24711386611042
2025-03-30,23.34109084754369,42.231519915216815,44.0447679092794,11.670545423771843
2025-03-31,72.19798799560402,29.28816857724937,44.24169414151661,36.09899399780201
2025-04-01,86.43192289808513,47.7039067854695,49.68846430232067,43.21596144904257
2025-04-02,45.80784363497906,36.80266054616141,42.84807716715319,22.90392181748953
2025-04-03,9.713743851123096,47.32740674056153,47.58701560396576,4.856871925561548
2025-04-04,1.9363305393277448,46.3388100808993,46.40970281940564,0.9681652696638726
2025-04-05,4.794682922699179,45.33869289531957,45.56218779104225,2.3973414613495896
2025-04-06,4.044295063369371,44.27827774836774,44.50968107893021,2.022147531684685
2025-04-07,0.6671746676826686,44.80148650721944,44.83616967233935,0.3335873338413343
2025-04-08,10.385904903820103,42.107799140252254,42.92747561636413,5.192952451910052
2025-04-09,45.726676360193416,49.49144094328749,49.72398809725087,22.863338180096708
2025-04-10,18.389325386074237,39.02502282347083,41.04324708751016,9.194662693037117
2025-04-11,3.3705296667569766,41.4690136772656,41.75655310214034,1.6852648333784883
2025-04-12,2.0497840995681997,43.2314221749691,43.37016340699348,1.0248920497840996
2025-04-13,98.5702341843241,100.0,50.71488290783795,49.28511709216205
2025-04-14,100.0,-1.0,50.0,50.0
2025-04-15,98.81936644399592,53.576537911301855,50.04222580672404,49.40968322199796
2025-04-16,92.35607405528785,41.24087591240876,49.33045904133908,46.178037027643924
2025-04-17,99.58872064250788,100.0,50.20563967874606,49.79436032125394
2025-04-18,83.10489935948353,33.03491047314194,47.133731050683615,41.55244967974176
2025-04-19,99.20531031745361,85.44102019128587,50.28164613084933,49.602655158726805
2025-04-20,98.63440587788193,36.734693877551024,49.818849759310865,49.317202938940966
2025-04-21,99.44000067571562,44.79638009049774,49.970859763668464,49.72000033785781
2025-04-22,79.8701024127462,37.789354283073564,47.54200952244032,39.9350512063731
2025-04-23,85.35158396672274,39.8129978067644,48.50776553741577,42.67579198336137
2025-04-24,98.4443355911018,31.053203040173727,49.70525142306978,49.2221677955509
2025-04-25,94.2045022595768,28.64013992129427,48.76208979178106,47.1022511297884
2025-04-26,80.5032456555548,13.022933194607015,42.79067212117114,40.2516228277774
2025-04-27,99.76015741780748,82.04225352112677,50.07685096823775,49.88007870890374
2025-04-28,41.42432882924807,19.25465838509317,31.99070979532782,20.712164414624034
2025-04-29,28.610582413399317,36.776746886590125,40.559996616334644,14.305291206699659
2025-04-30,11.952012462536194,29.03545294575805,31.541138222395315,5.976006231268097
2025-05-01,10.676036066545317,30.19856878820909,32.31257672607205,5.338018033272658
2025-05-02,10.173394743971825,30.218858392399333,32.231272013004606,5.086697371985912
2025-05-03,86.3113888771589,19.61994076999013,45.84139183311516,43.15569443857945
2025-05-04,70.76747527681515,14.607488795720688,39.65387541205308,35.383737638407574
2025-05-05,98.72446176343796,23.326706428098078,49.659771941539944,49.36223088171898
2025-05-06,98.28965936842461,23.567193675889328,49.547908973373104,49.144829684212304
2025-05-07,99.91892645108985,100.0,50.04053677445508,49.95946322554492
2025-05-08,92.81443194486673,29.889515749882463,48.55494746799094,46.40721597243336
2025-05-15,80.45007270145065,14.053446337455677,42.97247489263856,40.225036350725325
2025-05-16,36.36794488782065,14.856291646162237,27.637336131822376,18.183972443910324
2025-05-17,88.12756071805701,29.948769033727054,47.619429778247095,44.063780359028506
2025-05-18,49.30499741964958,14.692433496879275,32.10082825018401,24.65249870982479
2025-05-19,5.312439150348378,21.37977897786202,22.900210804358316,2.656219575174189
2025-05-20,98.94585691359067,59.77564102564102,50.10304924402399,49.47292845679534
2025-05-21,76.60710965364525,10.437892911337524,40.745279670041754,38.30355482682263
2025-05-22,100.0,-1.0,50.0,50.0
2025-05-23,69.38785860395923,22.83797216699801,41.68512163372948,34.693929301979615
2025-05-24,65.16317213391952,22.375925251789834,40.376648630368614,32.58158606695976
2025-05-25,89.34509326845094,17.48334919124643,46.53538118410381,44.67254663422547
2025-05-26,60.01268177206628,16.952449415396327,36.78517078119716,30.00634088603314
2025-05-27,96.76460404192248,34.4296528321587,49.49623761707302,48.38230202096124
2025-05-28,67.69542804022649,6.205200648773086,35.85227752894448,33.847714020113244
2025-05-29,43.42605207707474,9.697250725461453,27.199143613915428,21.71302603853737
2025-05-30,5.438997544661756,14.76818938810594,16.684446702226737,2.719498772330878
2025-05-31,0.5748878164422996,15.937869898067802,16.133688934044535,0.2874439082211498
2025-06-01,43.08793940111256,17.757245354209065,31.649983937236865,21.54396970055628
2025-06-02,91.40525333085509,18.51961073429667,47.29434029215211,45.702626665427545
2025-06-04,98.6884664431514,19.961365099806823,49.60603322326473,49.3442332215757
2025-06-05,86.54791881432409,11.909547738693467,44.876041437817925,43.273959407162046
2025-06-06,70.81585712352862,30.850139082058416,44.41127722906237,35.40792856176431
2025-06-07,86.12869153745405,16.61793372319688,45.36947061557311,43.06434576872702
2025-06-08,49.83328537819677,20.040485829959515,34.97029602423709,24.916642689098385
2025-06-09,0.12361358056049444,10.183615340273304,10.232833799000932,0.06180679028024722
2025-06-10,0.14732029464058927,10.102089268755936,10.160866988400644,0.07366014732029463
2025-06-12,0.29633392600118535,10.20210597826087,10.320040640081281,0.14816696300059268
2025-06-13,0.03302006604013208,8.370387309330827,8.384133434933537,0.01651003302006604
2025-06-14,1.0185420370840743,10.602444678248522,11.003725340784015,0.5092710185420372
2025-06-15,7.277728407600185,8.504326554456169,11.524268968727519,3.6388642038000927
2025-06-16,63.570933202523726,12.66918951547373,36.40073411255265,31.785466601261863
2025-06-17,29.7203329611207,8.611081019270815,20.91200554935201,14.86016648056035
2025-06-18,0.1651003302006604,6.473307043209091,6.545169757006181,0.0825501651003302
2025-06-19,0.343747354161375,7.973390878814654,8.117856235712472,0.1718736770806875
2025-06-20,0.5147743628820591,6.554782046263043,6.778426890187114,0.25738718144102957
2025-06-21,19.83662067214086,20.272025512951835,26.169051045458392,9.91831033607043
2025-06-22,0.013546693760054188,5.692075804020526,5.698078062822792,0.006773346880027094
2025-06-23,46.124578298991295,13.691363643497231,30.43856904904837,23.062289149495648
2025-06-25,0.09059351452036238,5.3490165504266844,5.389467445601557,0.04529675726018119
