,cloudPercent,SCA_cloudFree,SCA,SCA_error
2012-01-19,46.37697065671571,73.77510833740234,23.214800738711904,23.188485328357856
2012-01-20,43.53750029398161,61.29622268676758,23.531102444388246,21.768750146990804
2012-01-21,30.67600090938311,61.31270217895508,24.98655937400932,15.338000454691555
2012-01-22,22.40492634780768,66.60147857666016,27.191955721914102,11.20246317390384
2012-01-23,10.414788450834516,65.23966979980469,28.692273988525553,5.207394225417256
2012-01-24,9.437985559623389,64.928466796875,28.72606928747647,4.718992779811694
2012-01-25,5.803196951998682,59.800254821777344,27.186149154688323,2.90159847599934
2012-01-26,2.5729270376845226,60.582923889160156,27.845843713635805,1.2864635188422613
2012-01-27,0.9670035042607734,66.69227600097656,30.792231357854888,0.4835017521303867
2012-01-28,0.8768491443175316,65.56590270996094,30.294377181602872,0.4384245721587658
2012-01-29,0.4997687344679717,63.07074737548828,29.20747568413712,0.24988436723398585
2012-01-30,0.30456494641695214,69.41239166259766,32.15700041263793,0.15228247320847607
2012-01-31,0.30456494641695214,69.41239166259766,32.15700041263793,0.15228247320847607
2012-02-01,0.12739203035458102,68.91916656494142,31.96310345142801,0.06369601517729051
2012-02-02,0.08349077681700233,69.8436508178711,32.39971489572455,0.041745388408501165
2012-02-03,0.10583337906380577,75.96452331542969,35.22966192473646,0.052916689531902886
2012-02-04,0.10583337906380577,74.50092315673828,34.551915423324076,0.052916689531902886
2012-02-05,0.09093831089927014,70.26817321777344,32.59488303455803,0.04546915544963507
2012-02-06,0.06663583126239622,69.46280670166016,32.22655350067103,0.03331791563119811
2012-02-07,0.04076544971346593,72.19095611572264,33.49668263845882,0.020382724856732964
2012-02-08,0.06271607648225527,74.29198455810547,34.46563667809522,0.031358038241127636
2012-02-09,0.04076544971346593,71.92903137207031,33.37522322380245,0.020382724856732964
2012-02-10,0.04076544971346593,68.0369873046875,31.57040941488427,0.020382724856732964
2012-02-11,0.04076544971346593,67.40682983398439,31.27819358042104,0.020382724856732964
2012-02-12,0.03566976849928268,67.25076293945312,31.206701479097266,0.01783488424964134
2012-02-13,0.03566976849928268,67.24615478515625,31.204564356731186,0.01783488424964134
2012-02-14,0.04664508188367736,65.67445373535156,30.473936701633225,0.02332254094183868
2012-02-15,0.019206798422690678,64.72319030761719,30.036913735718194,0.009603399211345339
2012-02-16,0.09916979593756615,62.22949981689453,28.87022601841248,0.04958489796878308
2012-02-17,0.10073769784962254,63.26246643066406,29.348420765226123,0.05036884892481127
2012-02-18,0.10073769784962254,63.26246643066406,29.348420765226123,0.05036884892481127
2012-02-19,0.10073769784962254,64.01900482177734,29.698788089013682,0.05036884892481127
2012-02-20,0.055660517878001546,64.56688690185547,29.959089046825145,0.027830258939000773
2012-02-21,0.06585188030636803,65.61743927001953,30.444501767212973,0.032925940153184015
2012-02-22,0.0858426296850869,63.638221740722656,29.524471621338083,0.04292131484254345
2012-02-23,0.0858426296850869,62.32900619506836,28.917953982795176,0.04292131484254345
2012-02-24,0.09995374689359435,63.74361038208007,29.57135542714949,0.049976873446797174
2012-02-25,0.09995374689359435,62.92326736450195,29.191432535731053,0.049976873446797174
2012-02-26,0.09329016376735472,58.47907257080078,27.13377153559905,0.04664508188367736
2012-02-27,0.13327166252479244,53.30342102050781,24.735122608472533,0.06663583126239622
2012-02-28,0.1638457498098919,54.03363800048828,25.071829169402438,0.08192287490494594
2012-02-29,0.1697253819801033,52.275550842285156,24.25860125537104,0.08486269099005166
2012-03-01,0.18305254823258257,51.51195526123047,23.905290898758697,0.09152627411629129
2012-03-02,0.19128403327087856,48.40741348266601,22.470205122580506,0.09564201663543928
2012-03-03,0.2065710769134283,41.17855834960938,19.13027876610805,0.10328553845671415
2012-03-04,0.2065710769134283,42.27326202392578,19.636098305021093,0.10328553845671415
2012-03-05,0.2065710769134283,48.472442626953125,22.500495993482367,0.10328553845671415
2012-03-06,0.20147539569924508,59.22762680053712,27.470514061711533,0.10073769784962254
2012-03-07,0.08309880133898824,65.4462890625,30.36251513316265,0.04154940066949412
2012-03-08,0.08309880133898824,63.92773056030274,29.658973939804255,0.04154940066949412
2012-03-09,0.12582412844252464,52.1447639465332,24.19906316053873,0.06291206422126232
2012-03-10,0.12582412844252464,52.1447639465332,24.19906316053873,0.06291206422126232
2012-03-11,0.1454229023432294,51.07225036621094,23.702420621932102,0.0727114511716147
2012-03-12,0.1454229023432294,48.92436981201171,22.708656053789287,0.0727114511716147
2012-03-13,0.16737352911201875,43.854843139648445,20.364476021353738,0.08368676455600937
2012-03-14,0.19677168996307592,40.69809722900391,18.907365038083185,0.09838584498153796
2012-03-15,0.27320690817582455,41.16183090209961,19.12843905755825,0.13660345408791227
2012-03-16,0.21323466003966793,40.976478576660156,19.0375069359312,0.10661733001983396
2012-03-17,0.1626698233758496,42.26112365722656,19.6270921791621,0.0813349116879248
2012-03-18,0.20382724856732962,41.855594635009766,19.44288715315029,0.10191362428366481
2012-03-19,0.18579637657868125,43.97417068481445,20.420769492439668,0.09289818828934063
2012-03-20,0.17795686701839933,47.938480377197266,22.253183138514526,0.08897843350919966
2012-03-21,0.20735502786945648,46.420711517333984,21.55249975399735,0.10367751393472824
2012-03-22,0.19089205779286447,41.5863037109375,19.317362685477896,0.09544602889643224
2012-03-23,0.2344013358524291,42.021629333496094,19.522049130793757,0.11720066792621454
2012-03-24,0.2344013358524291,42.021629333496094,19.522049130793757,0.11720066792621454
2012-03-25,0.2344013358524291,42.021629333496094,19.522049130793757,0.11720066792621454
2012-03-26,0.2344013358524291,42.021629333496094,19.522049130793757,0.11720066792621454
2012-03-27,0.36571312098715103,35.81916046142578,16.67647933915103,0.18285656049357552
2012-03-28,0.36571312098715103,35.81916046142578,16.67647933915103,0.18285656049357552
2012-03-29,0.25478406070916204,33.215763092041016,15.459076248753414,0.12739203035458102
2012-03-30,0.28849395181837423,30.07167625427246,14.01455097843545,0.14424697590918711
2012-03-31,0.3680649738552356,29.315004348754886,13.682001782859457,0.1840324869276178
2012-04-01,0.38296004201977124,29.47708129882812,13.759686329155086,0.19148002100988562
2012-04-02,0.42294154077720897,30.360284805297855,14.174074332802808,0.21147077038860448
2012-04-03,0.42607734460132174,27.753467559814453,12.975904538752387,0.21303867230066087
2012-04-04,0.42607734460132174,27.74054527282715,12.969962023095514,0.21303867230066087
2012-04-05,0.4201977124311103,27.585214614868164,12.897212885157286,0.21009885621555516
2012-04-06,0.4245094426892654,30.536165237426754,14.255266387772938,0.2122547213446327
2012-04-07,0.4245094426892654,31.131097793579098,14.528864750953968,0.2122547213446327
2012-04-08,0.31044457858716357,33.46294021606445,15.582372523743604,0.15522228929358178
2012-04-09,0.33670693561410797,31.931936264038086,14.88129118276699,0.16835346780705399
2012-04-10,0.39315140444813773,30.38379096984863,14.179041051686312,0.19657570222406887
2012-04-11,0.39315140444813773,30.500158309936527,14.23259270698182,0.19657570222406887
2012-04-12,0.3359229846580798,51.56723785400391,23.92845197021833,0.1679614923290399
2012-04-13,0.3359229846580798,51.57228469848633,23.930777390490157,0.1679614923290399
2012-04-14,0.22695380177016125,52.91830825805665,24.554160919379655,0.11347690088508063
2012-04-15,0.10779325645387625,55.53858947753907,25.77095560548705,0.05389662822693812
2012-04-16,0.1023055997616789,55.19477462768555,25.61203773611637,0.05115279988083945
2012-04-17,0.40687054617863105,40.35871887207031,18.770774603501206,0.20343527308931553
2012-04-18,0.40687054617863105,45.0106201171875,20.910917585329848,0.20343527308931553
2012-04-19,0.40138288948643375,44.69277572631836,20.76439958404514,0.20069144474321687
2012-04-20,0.40138288948643375,45.2724494934082,21.031114773887907,0.20069144474321687
2012-04-21,0.38100016462970077,45.217376708984375,21.00480026426822,0.19050008231485038
2012-04-22,0.21088280717158334,47.64314270019531,22.117410715548573,0.10544140358579167
2012-04-23,0.19481181257300545,48.22279357910156,22.38493399490379,0.09740590628650272
2012-04-24,0.19481181257300545,48.2386474609375,22.392261314839175,0.09740590628650272
2012-04-25,0.19481181257300545,48.38163757324219,22.45834823987718,0.09740590628650272
2012-04-26,0.20813897882548468,47.90448760986328,22.238099159997507,0.10406948941274234
2012-04-27,0.37943226271764435,45.87002182006836,21.305158759973846,0.18971613135882218
2012-04-28,0.40412671783253235,41.10355758666992,19.11319928540114,0.20206335891626617
2012-04-29,0.3700248512453061,40.43465042114258,18.802183077707845,0.18501242562265305
2012-04-30,0.36963287576729204,38.94841766357422,18.117839323113547,0.18481643788364602
2012-05-01,0.3688489248112638,38.17521286010742,17.761739876548805,0.1844244624056319
2012-05-02,0.373552630547433,35.481903076171875,16.522320823731338,0.1867763152737165
2012-05-03,0.4574353828424494,32.30402374267578,15.07409803930459,0.2287176914212247
2012-05-04,0.4652748924027313,30.552261352539062,14.270596648392623,0.23263744620136564
2012-05-05,0.4339168541616037,30.16131591796875,14.084746498395779,0.21695842708080185
2012-05-06,0.41627795765096937,30.1320743560791,14.067797118643538,0.20813897882548468
2012-05-07,0.4315650012935191,28.09360504150391,13.133524224079279,0.21578250064675955
2012-05-08,0.3939353554041659,27.10738182067871,12.671433769907736,0.19696767770208296
2012-05-09,0.3978551101843069,26.976518630981445,12.61211468860752,0.19892755509215346
2012-05-10,4.415211784350771,26.40124130249023,13.295448368491094,2.2076058921753865
2012-05-11,1.9935872811796893,19.957077026367188,9.861538290927948,0.9967936405898447
2012-05-12,2.003778643608056,19.911558151245117,9.844385659754764,1.001889321804028
2012-05-13,1.9861397470974218,19.030580520629883,9.447690857596056,0.9930698735487109
2012-05-14,0.7341700703204007,17.646244049072266,8.427619391868028,0.36708503516020036
2012-05-15,0.6330403969927642,17.587299346923828,8.367915495284253,0.3165201984963821
2012-05-16,0.632256446036736,19.4235782623291,9.208316934008831,0.316128223018368
2012-05-17,0.558565056170086,24.06075096130371,11.312117408239445,0.279282528085043
2012-05-18,0.43666068250770235,24.78512191772461,11.613532973352223,0.21833034125385117
2012-05-19,0.464098965968689,20.09844970703125,9.466993979285366,0.2320494829843445
2012-05-20,0.464098965968689,20.09844970703125,9.466993979285366,0.2320494829843445
2012-05-21,0.41510203121692707,21.37737274169922,10.04061625009964,0.20755101560846353
2012-05-22,0.41510203121692707,21.404518127441406,10.053102459328601,0.20755101560846353
2012-05-23,0.4609631621445762,17.08733558654785,8.082398882660538,0.2304815810722881
2012-05-24,0.4386205598977728,16.977741241455078,8.0246604109776,0.2193102799488864
2012-05-25,0.5080002195062677,13.635096549987793,6.513142122726034,0.25400010975313353
2012-05-26,0.5013366363800281,13.253167152404785,6.335370151172665,0.25066831819001406
2012-05-27,0.4793860096112388,13.393121719360352,6.391589678350895,0.2396930048056194
2012-05-28,0.4652748924027313,13.100430488586426,6.251940129164154,0.232637446201366
2012-05-29,0.4809539115232951,12.775337219238281,6.108404798369154,0.24047695576164754
2012-05-30,0.5001607099459858,12.657662391662598,6.061527032972318,0.2500803549729929
2012-05-31,0.5001607099459858,12.543947219848633,6.009317577780047,0.2500803549729929
2012-06-01,0.4852656417814501,11.988863945007324,5.748803297190175,0.24263282089072505
2012-06-02,0.4570434073644353,9.510455131530762,4.599108138491984,0.22852170368221764
2012-06-03,0.4542995790183366,9.415539741516113,4.554375636424248,0.2271497895091683
2012-06-04,0.4542995790183366,9.422205924987793,4.557439303745595,0.2271497895091683
2012-06-05,0.5107440478523664,11.192553520202637,5.392966342750451,0.2553720239261832
2012-06-06,0.5107440478523664,11.17757797241211,5.386092282321701,0.2553720239261832
2012-06-07,0.4621390885786185,9.730839729309082,4.702439184171423,0.23106954428930926
2012-06-08,0.4621390885786185,9.805974960327148,4.736964199504664,0.23106954428930926
2012-06-09,0.4542995790183366,9.78999328613281,4.726468272769855,0.2271497895091683
2012-06-10,0.4542995790183366,9.873473167419434,4.764834241149561,0.2271497895091683
2012-06-11,0.4554755054523789,10.108311653137207,4.873231209762039,0.22773775272618946
2012-06-12,0.4554755054523789,10.172441482543945,4.902703461225257,0.22773775272618946
2012-06-13,0.46841069622684406,10.850629806518555,5.21944363346237,0.23420534811342203
2012-06-14,0.47429032839705554,10.5250825881958,5.072194451543142,0.23714516419852777
2012-06-15,0.46997859813890047,7.814956188201904,3.8253881925492084,0.23498929906945024
2012-06-16,0.4139261047828848,6.881686210632325,3.3724502328487747,0.20696305239144222
2012-06-17,0.4746823038750696,6.1524786949157715,3.0636642382323034,0.2373411519375348
2012-06-18,0.4213736388651526,5.499003887176514,2.7397483677756753,0.2106868194325763
2012-06-19,0.4738983529190414,5.122880935668945,2.5903362361672992,0.2369491764595207
2012-06-20,0.4770341567431542,5.138926029205322,2.5991139055753485,0.2385170783715771
2012-06-21,0.4958489796878307,4.19708251953125,2.1750901171337564,0.24792448984391535
2012-06-22,0.4958489796878307,4.19708251953125,2.1750901171337564,0.24792448984391535
2012-06-23,0.5107440478523664,4.3205461502075195,2.2385846407305694,0.2553720239261832
2012-06-24,0.5162317045445637,4.0583858489990225,2.1207692089907244,0.25811585227228184
2012-06-25,0.4597872357105339,4.436605453491211,2.268640408495632,0.22989361785526696
2012-06-26,0.43470080511763187,4.0051212310791025,2.0588226238960656,0.21735040255881594
2012-06-27,0.44959587328216744,2.5794148445129395,1.410375530803735,0.22479793664108372
2012-06-28,0.40059893853040557,2.5721220970153813,1.3837853556321016,0.20029946926520278
2012-06-29,0.4542995790183366,2.3001649379730225,1.284267431727518,0.2271497895091683
2012-06-30,0.45782735832046345,2.043417453765869,1.1679623502146328,0.22891367916023173
2012-07-01,0.42294154077720897,2.0034360885620117,1.132844994860432,0.21147077038860448
2012-07-02,0.4339168541616037,3.268508911132813,1.7197771042258048,0.21695842708080185
2012-07-03,0.4339168541616037,4.037684917449951,2.0734344139452303,0.21695842708080185
2012-07-04,0.4174538840850116,3.5567505359649663,1.8446609858622325,0.2087269420425058
2012-07-05,0.44763599589209696,2.9926459789276123,1.599387854714079,0.22381799794604848
2012-07-06,0.4468520449360688,2.740434169769287,1.4830881936450384,0.2234260224680343
2012-07-07,0.44959587328216744,2.5882632732391353,1.4144425380413026,0.22479793664108372
2012-07-08,0.4535156280623084,2.7146170139312744,1.4743720352285685,0.2267578140311542
2012-07-09,0.42764524651337815,2.8313894271850586,1.5158369148380055,0.213822623256689
2012-07-10,0.431173025815505,1.9039309024810789,1.0910418801391824,0.2155865129077525
2012-07-11,0.439404510853801,2.266179084777832,1.2615381123137248,0.2197022554269005
2012-07-12,0.4397964863318151,2.3231942653656,1.2879367171795186,0.21989824316590756
2012-07-13,0.4374446334637305,2.252249240875244,1.2541983149424902,0.21872231673186526
2012-07-14,0.4100063500027438,2.358943462371826,1.2901793040374254,0.2050031750013719
2012-07-15,0.419021785997068,2.1651625633239746,1.2053475052928784,0.209510892998534
2012-07-16,0.4958489796878307,1.5635823011398315,0.9658713141374663,0.24792448984391535
2012-07-17,0.5044724402041408,1.4277039766311646,0.9076689600225856,0.2522362201020704
2012-07-18,0.464098965968689,1.3968660831451416,0.87388907432844,0.23204948298434455
2012-07-19,0.464098965968689,1.497707486152649,0.9202242281974299,0.23204948298434447
2012-07-20,0.4468520449360688,1.5220727920532227,0.9230587810570215,0.22342602246803434
2012-07-21,0.4139261047828848,1.557715654373169,0.9234922261712062,0.2069630523914424
2012-07-22,0.45900328475450575,1.8067661523818974,1.0597764040194892,0.22950164237725287
2012-07-23,0.45665143188642116,1.2660642862319946,0.81015807997245,0.22832571594321058
2012-07-24,0.472330451006985,2.240467071533203,1.265442743035907,0.2361652255034925
2012-07-25,0.472330451006985,2.3844828605651855,1.331604042929001,0.2361652255034925
2012-07-26,0.4503798242381956,1.6251002550125122,0.9721227263550872,0.2251899121190978
2012-07-27,0.5052563911601691,1.0940903425216675,0.7548964508010122,0.2526281955800845
2012-07-28,0.42294154077720897,1.3546149730682375,0.8344541175461949,0.21147077038860448
2012-07-29,0.419021785997068,1.2868596315383911,0.8013842043503466,0.209510892998534
2012-07-30,0.3994230120963633,1.3547742366790771,0.8230867210282439,0.1997115060481816
2012-07-31,0.39236745349210955,1.1347512006759644,0.7183993268470366,0.19618372674605478
2012-08-01,0.45939526023251986,0.7179885506629944,0.5596366690589302,0.22969763011625993
2012-08-02,0.44724402041408284,0.9550914168357849,0.6626335659838395,0.22362201020704142
2012-08-03,0.45116377519422385,1.4831674098968506,0.9072675303775708,0.22558188759711187
2012-08-04,0.45939526023251986,2.715269088745117,1.4774518913562895,0.22969763011626002
2012-08-05,0.48291378891336556,2.16402006149292,1.2353853930551073,0.24145689445668278
2012-08-06,0.45116377519422385,2.020288705825805,1.1541364093882465,0.22558188759711192
2012-08-07,0.4119662273928143,0.8054678440093993,0.5765037523873936,0.20598311369640715
2012-08-08,0.4468520449360688,1.0178300142288208,0.6912796128794171,0.2234260224680344
2012-08-09,0.45861130927649163,1.2568691968917844,0.806887691327159,0.22930565463824581
2012-08-10,0.45665143188642116,1.2492355108261108,0.80242424979921,0.22832571594321055
2012-08-11,0.44646006945805466,1.0001037120819094,0.6829395107692179,0.22323003472902733
2012-08-12,0.46017921118854804,0.8603115677833556,0.6254239450997034,0.23008960559427402
2012-08-13,0.4527316771062802,0.9506091475486755,0.6632649353176856,0.2263658385531401
2012-08-14,0.43822858441975876,1.1495420932769775,0.7476095084563357,0.2191142922098794
2012-08-15,0.43666068250770235,1.097053050994873,0.7227112297460063,0.21833034125385117
2012-08-16,0.47429032839705554,0.8427134752273561,0.6242738307615316,0.23714516419852777
2012-08-17,0.4735063774410273,0.5629542469978333,0.49536949487648485,0.23675318872051365
2012-08-18,0.4735063774410273,0.5988331437110901,0.5118519493324503,0.23675318872051365
2012-08-19,0.517407630978606,0.6852521300315857,0.5732018757947628,0.258703815489303
2012-08-20,0.4131421538268566,0.7153246998786926,0.53561684986894,0.2065710769134283
2012-08-21,0.3998149875743774,0.7151768803596497,0.5289805833174381,0.19990749378718864
2012-08-22,0.435092780595646,0.6166893839836121,0.5010850456381978,0.217546390297823
2012-08-23,0.42842919746940633,0.4739907085895538,0.4321754873724116,0.21421459873470317
2012-08-24,0.443716241111956,0.5405098795890808,0.4703246973118692,0.221858120555978
2012-08-25,0.42842919746940633,1.1282209157943726,0.7330180877691931,0.2142145987347031
2012-08-26,0.43666068250770235,1.3524523973464966,0.8401335814876355,0.21833034125385115
2012-08-27,0.46370699049067493,0.5366794466972351,0.47845197696609676,0.23185349524533747
2012-08-28,0.46919464718287224,0.5424056053161621,0.48379714876687396,0.23459732359143612
2012-08-29,0.4323489522495473,0.7571887373924255,0.5643320645782779,0.21617447612477364
2012-08-30,0.4323489522495473,0.8517907857894897,0.6078303621706438,0.21617447612477364
2012-08-31,0.4323489522495473,0.857147216796875,0.6102932647603878,0.21617447612477364
2012-09-01,0.4323489522495473,0.9082615375518799,0.6337957784279656,0.21617447612477364
2012-09-02,0.4307810503374909,1.0803890228271484,0.712173486346738,0.21539052516874546
2012-09-03,0.4307810503374909,1.0803890228271484,0.712173486346738,0.21539052516874546
2012-09-04,0.4299970993814627,1.4273436069488525,0.8713288695081095,0.21499854969073132
2012-09-05,0.43313290320557546,3.454913377761841,1.805118608009703,0.21656645160278773
2012-09-06,0.4307810503374909,1.2530571222305298,0.7915694889996747,0.2153905251687455
2012-09-07,0.46370699049067493,0.763221263885498,0.5825455257477467,0.23185349524533747
2012-09-08,0.49232120038570387,0.7472957372665405,0.5893211882991889,0.24616060019285194
2012-09-09,0.5158397290665496,0.6106085777282715,0.5381696664868062,0.2579198645332748
2012-09-10,0.5001607099459858,2.111759901046753,1.2196416911762684,0.2500803549729929
2012-09-11,0.4950650287318025,2.090782642364502,1.2075692105502052,0.24753251436590126
2012-09-12,0.4950650287318025,2.090782642364502,1.2075692105502052,0.24753251436590126
2012-09-13,0.4950650287318025,2.2010085582733154,1.2581822785940986,0.24753251436590126
2012-09-14,0.47860205865521055,2.9044153690338135,1.573416299263856,0.23930102932760527
2012-09-15,0.526031091494916,2.2799916267395024,1.3092263963509427,0.263015545747458
2012-09-16,0.3892316496679968,1.5257633924484253,0.8968241478881906,0.1946158248339984
2012-09-17,0.38766374775594037,1.4687472581863403,0.8698224569090526,0.19383187387797016
2012-09-18,0.45861130927649163,1.3056833744049072,0.8293197726742452,0.2293056546382458
2012-09-19,0.45861130927649163,1.3199223279953003,0.8358631455529795,0.22930565463824581
2012-09-20,0.4962409551658448,2.1197965145111084,1.2214547131380216,0.2481204775829224
2012-09-21,0.5017286118580422,1.6658779382705688,1.015684057086591,0.25086430592902115
2012-09-22,0.47977798508925285,1.5708593130111697,0.9614296399179512,0.23988899254462642
2012-09-23,0.4562594564084071,1.53357994556427,0.9329075704489362,0.22812972820420355
2012-09-24,0.4562594564084071,1.7941817045211792,1.0526707076065844,0.22812972820420355
2012-09-25,0.451947726150252,2.128460645675659,1.204229119654645,0.225973863075126
2012-09-26,0.4539076035403225,2.499196767807007,1.3755529669745128,0.22695380177016125
2012-09-27,0.4550835299743648,2.4092636108398438,1.3347804596952324,0.2275417649871824
2012-09-28,0.4903613229956334,2.330250740051269,1.315284910125693,0.2451806614978167
2012-09-29,0.4903613229956334,2.330250740051269,1.315284910125693,0.2451806614978167
2012-09-30,0.4899693475176193,2.3712785243988037,1.3339391108545482,0.24498467375880964
2012-10-01,45.49032212544783,1.084295392036438,22.7551617175482,22.745161062723916
2012-10-02,33.880008466670326,1.0648919343948364,17.073463220229097,16.940004233335163
2012-10-03,25.525051152799882,0.7495470046997071,12.919087876145309,12.762525576399941
2012-10-04,25.456455444147412,0.8365910053253174,12.903545280684654,12.728227722073706
2012-10-05,12.561638143917717,0.23463618755340576,6.360245773160312,6.280819071958859
2012-10-06,7.0508548985175485,0.35043853521347046,3.663366313892401,3.5254274492587743
2012-10-07,6.832132581785684,0.9165267348289491,3.7788322270589405,3.416066290892842
2012-10-08,3.9601282543764063,0.5904145836830139,2.230709950184641,1.9800641271882031
2012-10-09,3.255356344907063,0.8336864709854126,1.9874746110757995,1.6276781724535314
2012-10-10,3.255356344907063,0.975994348526001,2.0488908260546483,1.6276781724535314
2012-10-11,3.2224304047538785,1.0698167085647585,2.073271285640043,1.6112152023769393
2012-10-12,2.5999733456674954,1.3961074352264407,1.9116585755023174,1.2999866728337477
2012-10-13,2.567439380992325,1.4907793998718262,1.9373549154958207,1.2837196904961625
2012-10-14,2.502763427119999,1.8325365781784058,2.056046270983237,1.2513817135599998
2012-10-15,2.502763427119999,1.8325365781784058,2.056046270983237,1.2513817135599998
2012-10-16,1.9504699785981388,36.27663803100586,17.10461562294713,0.9752349892990694
2012-10-17,1.9504699785981388,36.41379928588868,17.165600493879847,0.9752349892990694
2012-10-18,1.6172908222861575,33.16520309448243,15.665114083837855,0.8086454111430788
2012-10-19,1.3480036688904742,26.71955108642578,12.71507047446358,0.6740018344452371
2012-10-20,1.1053708479997493,21.588726043701172,10.333947730906042,0.5526854239998746
2012-10-21,0.887432482223912,17.28008270263672,8.310509824208157,0.443716241111956
2012-10-22,0.7000682037331745,12.309250831604004,5.97690927818692,0.35003410186658723
2012-10-23,0.6557749747175817,9.149577140808105,4.514447188967825,0.32788748735879086
2012-10-24,0.6416638575090742,6.7708001136779785,3.419893262232291,0.32083192875453725
2012-10-25,0.5914909963232701,5.581790924072266,2.8533862582891043,0.29574549816163503
2012-10-26,0.5914909963232701,5.936079502105713,3.015725357039306,0.2957454981616348
2012-10-27,0.5914909963232701,7.179099082946777,3.5852912166068736,0.29574549816163503
2012-10-28,0.5558212278239874,8.920659065246582,4.368641112677789,0.2779106139119937
2012-10-29,0.4844816908254219,34.51976013183594,16.096531073492848,0.24224084541271096
2012-10-30,0.4456761185020265,44.434513092041016,20.64803483213121,0.22283805925101324
2012-10-31,0.4456761185020265,44.72309112548828,20.78068539376293,0.22283805925101324
2012-11-01,0.43901253537578694,44.67146682739258,20.75660019984632,0.21950626768789347
2012-11-02,0.3986390611403351,44.763675689697266,20.796877873037424,0.19931953057016755
2012-11-03,0.3986390611403351,44.4787712097168,20.665781921732904,0.19931953057016755
2012-11-04,0.3986390611403351,44.4787712097168,20.665781921732904,0.19931953057016755
2012-11-05,0.4323489522495473,44.06059646606445,20.475365155948325,0.21617447612477364
2012-11-06,0.4292131484254345,42.61195755004883,19.80904508545586,0.21460657421271725
2012-11-07,0.40020696305239145,39.82040023803711,18.52243864541986,0.20010348152619573
2012-11-08,0.39707115922827874,39.705177307128906,18.469098945558883,0.19853557961413937
2012-11-09,0.38413596845381354,40.271663665771484,18.72851248943841,0.19206798422690677
2012-11-10,0.38413596845381354,40.012454986572266,18.609202610980883,0.19206798422690677
2012-11-11,0.38413596845381354,40.01107406616211,18.608566993968353,0.19206798422690677
2012-11-12,0.30456494641695214,41.03448486328125,19.072493726306156,0.15228247320847607
2012-11-13,0.32416372031765694,43.8783073425293,20.384925318223704,0.16208186015882847
2012-11-14,0.42411746721125126,41.3981819152832,19.250471127911798,0.21205873360562563
2012-11-15,0.47311440196301324,38.75980758666992,18.042629093822132,0.23655720098150662
2012-11-16,0.45782735832046345,37.39622116088867,17.414277207729075,0.22891367916023173
2012-11-17,0.4664508188367736,36.95685958862305,17.213494188570102,0.2332254094183868
2012-11-18,0.4096143745247297,37.68092346191406,17.539172223587354,0.20480718726236485
2012-11-19,0.3751205324594893,37.62449264526367,17.508943552341343,0.18756026622974464
2012-11-20,0.45782735832046345,35.60304260253906,16.590225353283884,0.22891367916023173
2012-11-21,0.43470080511763187,34.00843048095703,15.853726034836027,0.21735040255881594
2012-11-22,0.398247085662321,34.315895080566406,15.989374483191193,0.1991235428311605
2012-11-23,0.3531699056907,34.3255615234375,15.98675684339422,0.17658495284535
2012-11-24,0.3586575623828973,36.65571975708008,17.06074767636487,0.17932878119144866
2012-11-25,0.32024396553751594,37.44907760620117,17.4212993035113,0.16012198276875797
2012-11-26,0.2982933387687266,37.61023712158203,17.49286195566616,0.1491466693843633
2012-11-27,0.2982933387687266,37.028682708740234,17.22468193523175,0.1491466693843633
2012-11-28,0.2982933387687266,37.79418945312501,17.577690372307497,0.1491466693843633
2012-11-29,0.2982933387687266,37.79408645629883,17.577642875993586,0.1491466693843633
2012-11-30,0.29006185373043064,41.572486877441406,19.319333851033242,0.14503092686521532
2012-12-01,0.28653407442830375,41.56635665893555,19.316208915862067,0.14326703721415188
2012-12-02,0.32024396553751594,45.17966842651367,20.984513873085174,0.16012198276875797
2012-12-03,0.31514828432333275,64.4139633178711,29.850795820254135,0.15757414216166638
2012-12-04,0.31514828432333275,64.0818328857422,29.697692020406002,0.15757414216166638
2012-12-05,0.3257316222297133,65.6092300415039,30.400131826683584,0.16286581111485665
2012-12-06,0.22146614507796392,67.32891082763672,31.210747613850714,0.11073307253898196
2012-12-07,0.22146614507796392,67.32891082763672,31.210747613850714,0.11073307253898196
2012-12-08,0.24145689445668278,67.16791534423828,31.132949914600978,0.12072844722834139
2012-12-09,0.27947851582405003,66.09715270996094,30.632445735095693,0.13973925791202502
2012-12-10,0.234009360374415,64.86189270019531,30.069338811883167,0.1170046801872075
2012-12-11,0.16502167624393418,64.42001342773438,29.875233046216525,0.08251083812196709
2012-12-12,0.3112285295431918,63.680500030517585,29.513223881063915,0.1556142647715959
2012-12-13,0.26850320243965536,63.35746383666992,29.370006654883063,0.13425160121982768
2012-12-14,0.21205873360562563,63.06907653808593,29.244309594924843,0.10602936680281282
2012-12-15,0.20931490525952695,64.02001190185547,29.684031949558282,0.10465745262976348
2012-12-16,0.15835809311769455,73.1297836303711,33.90483563580257,0.07917904655884728
2012-12-17,0.1015216488056507,76.33809661865234,35.40378742111704,0.05076082440282535
2012-12-18,0.13640746634890522,76.95135498046875,35.67839202894018,0.06820373317445261
2012-12-19,0.1289599322666374,71.86361694335938,33.32560682287408,0.0644799661333187
2012-12-20,0.1289599322666374,71.83882904052736,33.314134069126396,0.0644799661333187
2012-12-21,0.05879632170211432,68.14968872070312,31.619398627475093,0.02939816085105716
2012-12-22,0.05879632170211432,68.14968872070312,31.619398627475093,0.02939816085105716
2012-12-23,0.031358038241127636,71.7324752807617,33.28612094225688,0.015679019120563818
2012-12-24,0.05958027265814251,69.9988784790039,32.47641238381693,0.029790136329071255
2012-12-25,0.05958027265814251,69.98468780517578,32.469834572241325,0.029790136329071255
2012-12-26,0.08780250707515738,69.90516662597656,32.427356389426805,0.04390125353757869
2012-12-27,0.04664508188367736,69.96324157714844,32.46247587264613,0.02332254094183868
2012-12-28,0.09093831089927014,67.6244888305664,31.370283427873318,0.04546915544963507
2012-12-29,0.18579637657868125,72.43537139892578,33.577484360921275,0.09289818828934063
2012-12-30,0.19324391066094906,65.20162200927734,30.23241816571911,0.09662195533047453
2012-12-31,0.12817598131060923,65.73262786865234,30.48808276456569,0.06408799065530461
2013-01-01,0.11955252079429912,65.3323974609375,30.304160447054464,0.05977626039714956
2013-01-02,0.027438283460986684,70.55034637451172,32.73863991925538,0.013719141730493342
2013-01-03,0.13483956443684883,63.577842712402344,29.489847224242734,0.06741978221842441
2013-01-04,0.09956177141558024,61.63094329833984,28.592968130546442,0.04978088570779012
2013-01-05,0.10544140358579167,59.7572250366211,27.724617829303867,0.052720701792895834
2013-01-06,0.17521303867230067,56.261615753173835,26.10153024970557,0.08760651933615034
2013-01-07,0.25400010975313386,53.30591964721679,24.732287771684486,0.12700005487656693
2013-01-08,0.25243220784107745,53.122196197509766,24.64753247833294,0.12621610392053872
2013-01-09,0.25243220784107745,53.14694595336914,24.658957017170916,0.12621610392053872
2013-01-10,0.25243220784107745,53.14694595336914,24.658957017170916,0.12621610392053872
2013-01-11,0.22891367916023173,52.95407104492188,24.570620311878542,0.11445683958011586
2013-01-12,0.1799167444084698,52.68985748291015,24.44991459008885,0.0899583722042349
2013-01-13,0.15992599502975094,56.65478515625,26.28433898687017,0.07996299751487547
2013-01-14,0.1983395918751323,56.41449737548828,26.17073532666235,0.09916979593756615
2013-01-15,0.1626698233758496,55.74406433105469,25.862948277071023,0.0813349116879248
2013-01-16,0.1626698233758496,55.73991012573243,25.861026958330736,0.0813349116879248
2013-01-17,0.1387593192169898,63.22202301025391,29.32466342018009,0.0693796596084949
2013-01-18,0.11916054531628502,74.7408676147461,34.65972878395236,0.05958027265814251
2013-01-19,0.11916054531628502,74.71905517578125,34.64963104690886,0.05958027265814251
2013-01-20,0.11916054531628502,72.57335662841797,33.65631252160195,0.05958027265814251
2013-01-21,0.11916054531628502,71.59317016601562,33.20255009884423,0.05958027265814251
2013-01-22,0.09172226185529833,72.40308380126953,33.58363432626245,0.045861130927649166
2013-01-23,0.04154940066949412,82.10830688476562,38.095292424582574,0.02077470033474706
2013-01-24,0.04154940066949412,80.84071350097656,37.50749554276464,0.02077470033474706
2013-01-25,0.0940741147233829,79.91781616210936,37.06382373030511,0.04703705736169145
2013-01-26,0.10308955071770709,78.1080551147461,36.22303429580258,0.051544775358853545
2013-01-27,0.10308955071770709,76.20620727539062,35.34229710308073,0.051544775358853545
2013-01-28,0.10308955071770709,76.20249176025389,35.34057646470824,0.051544775358853545
2013-01-29,0.0783950956028191,73.81570434570312,34.2411470911207,0.03919754780140955
2013-01-30,0.10857720740990444,74.92010498046875,34.745341376707145,0.05428860370495222
2013-01-31,0.13405561348082065,69.73138427734375,32.337725619927205,0.06702780674041033
2013-02-01,0.13405561348082065,69.73138427734375,32.337725619927205,0.06702780674041033
2013-02-02,0.13405561348082065,69.73138427734375,32.337725619927205,0.06702780674041033
2013-02-03,0.09133028637728424,68.94090270996094,31.979994499984027,0.04566514318864212
2013-02-04,0.06545990482835394,68.32466125488281,31.699284044157384,0.03272995241417697
2013-02-05,0.06820373317445261,69.7424545288086,32.35584955316609,0.034101866587226304
2013-02-06,0.04390125353757869,74.5421142578125,34.58618916002763,0.021950626768789346
2013-02-07,0.041941376147508216,70.13642120361328,32.54371948818763,0.020970688073754108
2013-02-08,0.10073769784962254,69.92569732666016,32.4342897762796,0.05036884892481127
2013-02-09,0.11759264340422863,71.48235321044922,33.15158589604233,0.05879632170211432
2013-02-10,0.13954327017301796,71.12831115722655,32.98304416161052,0.06977163508650898
2013-02-11,0.13954327017301796,71.12831115722655,32.98304416161052,0.06977163508650898
2013-02-12,0.1367994418269193,70.98310089111328,32.91642661436297,0.06839972091345965
2013-02-13,0.07917904655884728,79.3729476928711,36.8158235876568,0.03958952327942364
2013-02-14,0.1458148778212435,75.3506088256836,34.935242173188726,0.07290743891062175
2013-02-15,0.09133028637728424,70.24447631835938,32.5838268740183,0.04566514318864212
2013-02-16,0.11445683958011586,70.10498809814453,32.5145645121565,0.05722841979005793
2013-02-17,0.07917904655884728,68.5174789428711,31.786109166903458,0.03958952327942364
2013-02-18,0.09133028637728424,66.24609375,30.73172368399133,0.04566514318864212
2013-02-19,0.0854506542070728,67.8336410522461,31.468144945961924,0.0427253271035364
2013-02-20,0.08858645803118557,68.28942108154298,31.678721504706957,0.04429322901559279
2013-02-21,0.08858645803118557,67.84203338623045,31.47147338728785,0.04429322901559279
2013-02-22,0.054092615965945175,66.71260833740234,30.95404273887471,0.027046307982972587
2013-02-23,0.054092615965945175,66.71060943603516,30.953116077228742,0.027046307982972587
2013-02-24,0.054092615965945175,67.4245834350586,31.284104054911626,0.027046307982972587
2013-02-25,0.056836444312043835,70.88750457763673,32.88889089111891,0.028418222156021918
2013-02-26,0.07761114464679089,73.2101821899414,33.96076492639008,0.038805572323395446
2013-02-27,0.08153089942693185,73.0004653930664,33.86269102531008,0.04076544971346593
2013-02-28,0.08153089942693185,72.50074768066406,33.63116626465718,0.04076544971346593
2013-03-01,0.078003120124805,67.35514068603516,31.247761703270033,0.0390015600624025
2013-03-02,0.09093831089927014,68.89588928222656,31.959217757771402,0.04546915544963507
2013-03-03,0.09642596759146747,68.58700561523436,31.815117594609976,0.04821298379573374
2013-03-04,0.12072844722834139,66.92852020263672,31.04285588398778,0.060364223614170695
2013-03-05,0.12072844722834139,66.983642578125,31.06837308552899,0.060364223614170695
2013-03-06,0.12072844722834139,67.14927673339844,31.145048302893652,0.060364223614170695
2013-03-07,0.12072844722834139,72.28466796875,33.52231909328784,0.060364223614170695
2013-03-08,0.12072844722834139,68.16597747802734,31.615698516676797,0.060364223614170695
2013-03-09,0.12072844722834139,67.87203979492188,31.479629143143484,0.060364223614170695
2013-03-10,0.1556142647715959,63.41997528076171,29.41400168895448,0.07780713238579795
2013-03-11,0.1556142647715959,63.39271926879883,29.40139386837052,0.07780713238579795
2013-03-12,0.1556142647715959,63.128894805908196,29.279356517553552,0.07780713238579795
2013-03-13,0.20813897882548468,61.73670959472657,28.629208367061477,0.10406948941274234
2013-03-14,0.11916054531628502,63.03084564208985,29.238752118109023,0.05958027265814251
2013-03-15,0.10426547715174939,60.729541778564446,28.17499664963422,0.05213273857587469
2013-03-16,0.16698155363400466,55.74994659423829,25.865420899877023,0.08349077681700233
2013-03-17,0.16698155363400466,55.75671005249024,25.868548705708143,0.08349077681700233
2013-03-18,0.16698155363400466,55.75671005249024,25.868548705708143,0.08349077681700233
2013-03-19,0.15051858355741266,75.9020767211914,35.18917050488469,0.07525929177870633
2013-03-20,0.11014510932196082,76.42662811279297,35.442508456681935,0.05507255466098041
2013-03-21,0.12621610392053872,71.16248321533203,33.0016769905788,0.06310805196026936
2013-03-22,0.13091980965670788,61.858333587646484,28.694561033302957,0.06545990482835394
2013-03-23,0.13327166252479244,62.16689682006836,28.837083258942965,0.06663583126239622
2013-03-24,0.13327166252479244,63.10755157470703,29.272412341625976,0.06663583126239622
2013-03-25,0.13327166252479244,63.07898330688476,29.259191127611395,0.06663583126239622
2013-03-26,0.10112967332763662,65.018310546875,30.16152671627535,0.05056483666381831
2013-03-27,0.09603399211345338,63.744808197021484,29.57244893020662,0.04801699605672669
2013-03-28,0.09603399211345338,63.521965026855476,29.469235536117782,0.04801699605672669
2013-03-29,0.07682719369076271,64.466064453125,29.909288819559414,0.038413596845381356
2013-03-30,0.07682719369076271,64.65515136718749,29.996903778904667,0.038413596845381356
2013-03-31,0.09054633542125605,64.43573760986328,29.893256170804104,0.045273167710628025
2013-04-01,0.08937040898721375,62.5769920349121,29.032394192859297,0.04468520449360688
2013-04-02,0.07565126725672042,61.1825180053711,28.387962368343032,0.03782563362836021
2013-04-03,0.07565126725672042,61.481258392333984,28.526389669060475,0.03782563362836021
2013-04-04,0.09485806567941109,60.91619110107421,28.262457848754046,0.047429032839705544
2013-04-05,0.09485806567941109,60.91435241699219,28.261606211062652,0.047429032839705544
2013-04-06,0.09485806567941109,60.51612854003906,28.0771577424318,0.047429032839705544
2013-04-07,0.1881482294467658,59.67335891723632,27.677781250374057,0.0940741147233829
2013-04-08,0.1881482294467658,59.62609481811523,27.655933660564425,0.0940741147233829
2013-04-09,0.20186737117725914,58.73357009887695,27.242170470514825,0.10093368558862957
2013-04-10,0.20382724856732962,58.24630355834961,27.01683921786452,0.10191362428366481
2013-04-11,0.20382724856732962,57.45455551147462,26.650981842054293,0.10191362428366481
2013-04-12,0.18422847466662487,57.959354400634766,26.885803353537035,0.09211423733331243
2013-04-13,0.24772850210490832,53.976886749267585,25.042246477688714,0.12386425105245416
2013-04-14,0.3178921126694314,55.03677749633788,25.52801012260738,0.1589460563347157
2013-04-15,0.3774723853275739,53.96919631958008,25.033546408159218,0.18873619266378694
2013-04-16,0.37433658150346116,53.73760223388672,24.927048885513617,0.18716829075173058
2013-04-17,0.37433658150346116,53.452171325683594,24.795641336731197,0.18716829075173058
2013-04-18,0.3519939792566577,48.83978271484376,22.671916630886784,0.17599698962832885
2013-04-19,0.3519939792566577,48.465721130371094,22.499621446972682,0.17599698962832885
2013-04-20,0.332787180833967,50.82828140258789,23.5879910673705,0.1663935904169835
2013-04-21,0.332787180833967,50.86933517456055,23.60690858524678,0.1663935904169835
2013-04-22,0.332787180833967,50.52912139892578,23.450138576717112,0.1663935904169835
2013-04-23,0.3233797693616287,49.703468322753906,23.069650954954373,0.16168988468081436
2013-04-24,0.38648782132189813,41.89738082885742,19.47699634798512,0.19324391066094906
2013-04-25,0.39589523279423644,42.001895904541016,19.52585303077557,0.19794761639711822
2013-04-26,0.39589523279423644,41.74309539794922,19.406761461100526,0.19794761639711822
2013-04-27,0.35121002830062953,44.38576126098632,20.620321543520113,0.17560501415031476
2013-04-28,0.3453303961304181,44.34086990356445,20.599311206133304,0.17266519806520905
2013-04-29,0.3453303961304181,44.38469314575195,20.619499394976614,0.17266519806520905
2013-04-30,0.3453303961304181,44.4890022277832,20.667551783184443,0.17266519806520905
2013-05-01,0.33670693561410797,40.40024185180664,18.783142033083383,0.16835346780705399
2013-05-02,0.3813921401077148,39.07616806030273,18.1779440101976,0.1906960700538574
2013-05-03,0.3265155731857415,34.28384780883789,15.9633546918536,0.16325778659287074
2013-05-04,0.39275942897012367,30.991609573364258,14.458681558968129,0.19637971448506183
2013-05-05,0.36140139072899596,28.35407638549805,13.238104187670954,0.18070069536449798
2013-05-06,0.3676729983772215,28.205615997314453,13.171103197690998,0.18383649918861075
2013-05-07,0.3551297830807705,29.005538940429688,13.536794075837177,0.17756489154038524
2013-05-08,0.4084384480906874,26.18995475769043,12.252698908490729,0.2042192240453437
2013-05-09,0.41353412930487066,25.38727378845215,11.88468612023627,0.20676706465243533
2013-05-10,0.41353412930487066,25.424686431884762,11.90189560185695,0.20676706465243533
2013-05-11,0.41235820287082836,25.502683639526364,11.937485549889136,0.20617910143541418
2013-05-12,0.3175001371914173,26.604679107666012,12.422214226452859,0.15875006859570864
2013-05-13,0.3276914996197838,24.794851303100586,11.590540309021078,0.1638457498098919
2013-05-14,0.3586575623828973,21.671360015869144,10.159853209042472,0.17932878119144866
2013-05-15,0.3586575623828973,21.40622901916504,10.037749825256308,0.17932878119144866
2013-05-16,0.3563057095148127,24.789724349975586,11.595391276481594,0.17815285475740636
2013-05-17,0.21009885621555516,27.145311355590817,12.646873191208952,0.10504942810777758
2013-05-18,0.357481635948855,24.641199111938477,11.527284196556932,0.1787408179744275
2013-05-19,0.38100016462970077,23.91543197631836,11.199165696418701,0.19050008231485038
2013-05-20,0.3915835025360814,23.664953231811523,11.086653348805365,0.1957917512680407
2013-05-21,0.386095845843884,24.144245147705078,11.305809679183069,0.193047922921942
2013-05-22,0.386095845843884,24.141586303710938,11.304585905166809,0.193047922921942
2013-05-23,0.42646932007933586,22.52931022644043,10.57360180957739,0.21323466003966793
2013-05-24,0.3962872082722505,24.25329780578613,11.358626789203697,0.19814360413612525
2013-05-25,0.3539538566467282,25.464645385742184,11.90565813233974,0.1769769283233641
2013-05-26,0.3563057095148127,26.96578025817871,12.597602869164396,0.17815285475740636
2013-05-27,0.4844816908254219,26.99335289001465,12.639790808472576,0.24224084541271096
2013-05-28,0.4844816908254219,26.9399356842041,12.61525726939643,0.24224084541271027
2013-05-29,0.48173786247932326,31.472763061523434,14.696593066828656,0.24086893123966163
2013-05-30,0.21441058647371022,50.997413635253906,23.667107656265042,0.10720529323685511
2013-05-31,0.19520378805101954,51.30154037475586,23.807858810617397,0.09760189402550977
2013-06-01,0.19520378805101954,51.29269790649415,23.803772048451375,0.09760189402550977
2013-06-02,0.20029946926520278,50.3205680847168,23.354462228912784,0.10014973463260139
2013-06-03,0.19481181257300545,50.109039306640625,23.256715812471075,0.09740590628650272
2013-06-04,0.2963334613786562,44.77840042114258,20.798311322399226,0.1481667306893281
2013-06-05,0.4009909140084197,36.15610122680664,16.836514030399545,0.20049545700420984
2013-06-06,0.44606809398004055,29.54327201843262,13.803063548356349,0.22303404699002027
2013-06-07,0.4492038978041534,27.363170623779297,12.801655510450004,0.2246019489020767
2013-06-08,0.4292131484254345,25.0782470703125,11.746444078083474,0.21460657421271725
2013-06-09,0.4292131484254345,25.095520019531254,11.754386772126036,0.21460657421271725
2013-06-10,0.4292131484254345,25.87000465393066,12.110521350754999,0.21460657421271725
2013-06-11,0.4456761185020265,22.179416656494137,10.418042597178827,0.22283805925101324
2013-06-12,0.46135513762259034,18.852819442749023,8.893790415703588,0.23067756881129517
2013-06-13,0.4503798242381956,16.121885299682614,7.635172847349791,0.2251899121190978
2013-06-14,0.4597872357105339,15.998224258422852,7.5815341242560095,0.22989361785526696
2013-06-15,0.4280372219913922,15.638355255126951,7.405254222576292,0.2140186109956961
2013-06-16,0.4323489522495473,13.765763282775879,6.545712557023579,0.21617447612477364
2013-06-17,0.47860205865521055,11.857157707214355,5.685772399742948,0.23930102932760527
2013-06-18,0.45077179971620973,11.813136100769043,5.654923995044943,0.22538589985810487
2013-06-19,0.4688026717048582,11.098424911499025,5.333443670386692,0.2344013358524291
2013-06-20,0.4688026717048582,11.101886749267578,5.3350341715143665,0.2344013358524291
2013-06-21,0.46370699049067493,9.093656539916992,4.4102916855542516,0.23185349524533747
2013-06-22,0.4746823038750696,8.739555358886717,4.252114432694235,0.2373411519375348
2013-06-23,0.46919464718287224,8.44250965118408,4.1133771674883235,0.23459732359143612
2013-06-24,0.46919464718287224,8.44250965118408,4.1133771674883235,0.23459732359143612
2013-06-25,0.48291378891336556,10.433459281921387,5.033516221353015,0.24145689445668278
2013-06-26,0.48056193604528097,10.397388458251953,5.0160175954908,0.24028096802264048
2013-06-27,0.4727224264849991,10.76031970977783,5.179643264315617,0.23636121324249956
2013-06-28,0.4727224264849991,10.76480770111084,5.181705043853792,0.23636121324249956
2013-06-29,0.46997859813890047,12.484305381774902,5.970611502077756,0.23498929906945024
2013-06-30,0.47899403413322467,10.529687881469727,5.076166614625506,0.23949701706661233
2013-07-01,0.4245094426892654,8.971431732177734,4.338048497346406,0.2122547213446327
2013-07-02,0.4233335162552231,8.638022422790527,4.18423340100951,0.21166675812761154
2013-07-03,0.4233335162552231,8.701119422912598,4.213251274045996,0.21166675812761154
2013-07-04,0.42529339364529356,8.455318450927734,4.101023335475127,0.21264669682264678
2013-07-05,0.46017921118854804,7.915880680084229,3.867631604858593,0.23008960559427402
2013-07-06,0.398247085662321,7.708804130554199,3.746282997240053,0.1991235428311605
2013-07-07,0.398247085662321,7.672250270843506,3.7294629604519867,0.1991235428311605
2013-07-08,0.4303890748594768,7.193308353424073,3.5228396649073157,0.2151945374297384
2013-07-09,0.42529339364529356,7.587499141693116,3.701936258130433,0.21264669682264678
2013-07-10,0.4386205598977728,7.073327541351318,3.471203288948696,0.2193102799488864
2013-07-11,0.5048644156821549,6.48729944229126,3.2306071048758227,0.25243220784107745
2013-07-12,0.46723476979280176,4.636059284210205,2.3636736294526424,0.23361738489640088
2013-07-13,0.4746823038750696,4.736622333526611,2.4132487358790233,0.2373411519375348
2013-07-14,0.49545700420981664,4.290468692779541,2.2177908813892935,0.24772850210490832
2013-07-15,0.46801872074883,4.012887954711914,2.0777155505908933,0.234009360374415
2013-07-16,0.48134588700130915,4.136392116546631,2.140571389807139,0.24067294350065457
2013-07-17,0.47781810769918237,4.500779151916504,2.3063339601862327,0.23890905384959119
2013-07-18,0.4750742793530837,4.585464954376221,2.343988136188435,0.23753713967654186
2013-07-19,0.4676267452708159,4.371264457702637,2.2421914257134223,0.23381337263540794
2013-07-20,0.4809539115232951,3.9218685626983643,2.0418573294592868,0.24047695576164754
2013-07-21,0.4676267452708159,3.7619380950927734,1.962236345056814,0.23381337263540794
2013-07-22,0.47429032839705554,3.4750170707702637,1.8335106720931593,0.23714516419852777
2013-07-23,0.4727224264849991,3.2793958187103267,1.7429129632118043,0.23636121324249965
2013-07-24,0.46997859813890047,3.2307193279266357,1.7192677544807702,0.23498929906945024
2013-07-25,0.49153724942967564,2.752646923065185,1.5098144583206816,0.24576862471483782
2013-07-26,0.4903613229956334,2.6261110305786133,1.4511506984942968,0.2451806614978167
2013-07-27,0.4574353828424494,2.6998214721679683,1.4694261847340158,0.2287176914212247
2013-07-28,0.44646006945805466,2.119572162628174,1.1975163977731116,0.22323003472902733
2013-07-29,0.44646006945805466,2.119572162628174,1.1975163977731116,0.22323003472902733
2013-07-30,0.47311440196301324,1.8007305860519411,1.0638042971694959,0.23655720098150662
2013-07-31,0.4727224264849991,1.7422020435333252,1.0367274034139073,0.23636121324249956
2013-08-01,0.4186298105190539,1.874817728996277,1.071618770540276,0.20931490525952695
2013-08-02,0.4633150150126608,1.6893566846847534,1.0079055078911336,0.2316575075063304
2013-08-03,0.4405804372878433,1.649309754371643,0.9785118883103874,0.22029021864392165
2013-08-04,0.46135513762259034,1.6382590532302856,0.9834786601109542,0.2306775688112952
2013-08-05,0.4539076035403225,1.401392936706543,0.8710162373329419,0.22695380177016125
2013-08-06,0.4629230395346467,1.3271386623382568,0.8412779844278511,0.23146151976732335
2013-08-07,0.46135513762259034,1.4165006875991821,0.8815778408707035,0.23067756881129517
2013-08-08,0.46017921118854804,1.6606619358062746,0.9932046375417533,0.23008960559427402
2013-08-09,0.4131421538268566,1.8185379505157473,1.0430894100254569,0.2065710769134283
2013-08-10,0.5154477535885356,1.3598804473876953,0.8818708258355743,0.2577238767942678
2013-08-11,0.5072162685502395,1.001105546951294,0.7131698818590099,0.25360813427511975
2013-08-12,0.4880094701275488,1.516518235206604,0.9404601379490122,0.24400473506377435
2013-08-13,0.46135513762259034,1.5338436365127561,0.9354984340908538,0.2306775688112952
2013-08-14,0.4539076035403225,1.6006286144256594,0.9625824301413233,0.22695380177016125
2013-08-15,0.47860205865521055,1.3887209892272947,0.8771966613237395,0.23930102932760527
2013-08-16,0.5115279988083946,0.9446069002151489,0.6893490746595472,0.25576399940419725
2013-08-17,0.5087841704622958,1.404038429260254,0.8988998675602625,0.2543920852311479
2013-08-18,0.44841994684812514,1.4071698188781738,0.8710046114782621,0.22420997342406257
2013-08-19,0.44841994684812514,1.417405605316162,0.8757094109243139,0.22420997342406257
2013-08-20,0.4727224264849991,1.1302584409713747,0.7556010141984731,0.23636121324249956
2013-08-21,0.48252181343535144,0.9608445763587952,0.6825779603141221,0.24126090671767572
2013-08-22,0.47860205865521055,1.0399551391601562,0.7169944219444416,0.23930102932760527
2013-08-23,0.47860205865521055,1.582064151763916,0.9660069837824312,0.23930102932760533
2013-08-24,0.46370699049067493,1.4425096511840823,0.8946712946573853,0.23185349524533747
2013-08-25,0.4668427943147877,1.8345270156860352,1.0763094672686924,0.23342139715739385
2013-08-26,0.472330451006985,2.061281204223633,1.183124200163917,0.2361652255034925
2013-08-27,0.4664508188367736,2.516954183578491,1.3896699509110295,0.2332254094183868
2013-08-28,0.44724402041408284,2.700756072998047,1.465035245087328,0.22362201020704153
2013-08-29,0.44724402041408284,2.588749408721924,1.4135509378530136,0.22362201020704142
2013-08-30,0.4793860096112388,1.9878308773040774,1.1527684190296295,0.2396930048056194
2013-08-31,0.4993767589899576,1.4888707399368286,0.9332775279714505,0.24968837949497874
2013-09-01,0.46997859813890047,1.701306939125061,1.0166149927522565,0.23498929906945026
2013-09-02,0.47742613222116825,1.2190070152282715,0.7986665508023186,0.23871306611058418
2013-09-03,0.48369773986939374,1.0074900388717651,0.7045783924486761,0.2418488699346969
2013-09-04,0.4978088570779012,0.9589675068855285,0.6892127441186046,0.2489044285389506
2013-09-05,0.47429032839705554,0.8412242531776427,0.6235897067226155,0.23714516419852777
2013-09-06,0.5040804647261268,1.5310407876968384,0.9549190104024075,0.2520402323630634
2013-09-07,0.4997687344679717,1.1909533739089966,0.7966852616934462,0.24988436723398588
2013-09-08,0.488793421083577,1.2879894971847534,0.8358910366581963,0.24439671054178855
2013-09-09,0.47860205865521055,1.2582162618637083,0.8172505697863753,0.23930102932760525
2013-09-10,0.47860205865521055,1.3129432201385498,0.8423888717971925,0.23930102932760533
2013-09-11,0.4574353828424494,1.9894009828567503,1.142950992208019,0.2287176914212247
2013-09-12,0.4433242656339419,2.986426591873169,1.594502014708949,0.22166213281697086
2013-09-13,0.464098965968689,3.4651513099670415,1.824235969270167,0.2320494829843445
2013-09-14,0.44998784876018155,3.146986484527588,1.6714323888914953,0.22499392438009086
2013-09-15,0.44998784876018155,3.1495742797851562,1.672621808235121,0.22499392438009078
2013-09-16,0.44841994684812514,3.3859369754791264,1.7805295100918352,0.22420997342406265
2013-09-17,0.41471005573891295,6.085883140563965,3.006735317233753,0.2073550278694563
2013-09-18,0.41431808026089884,6.013233184814453,2.973145423835151,0.20715904013044942
2013-09-19,0.46135513762259034,3.753494739532471,1.9554566448286343,0.23067756881129517
2013-09-20,0.4307810503374909,2.7524981498718266,1.481040353738914,0.21539052516874554
2013-09-21,0.4793860096112388,2.519007682800293,1.3967552124948828,0.23969300480561925
2013-09-22,0.48487366630343604,2.493773460388183,1.387771291534441,0.24243683315171802
2013-09-23,0.4868335436935065,2.461669921875,1.3739585462275665,0.24341677184675325
2013-09-24,0.49545700420981664,2.266431570053101,1.288410043237758,0.24772850210490832
2013-09-25,0.5095681214183241,1.9943798780441286,1.1702656981401303,0.25478406070916204
2013-09-26,0.513095900720451,2.265397310256958,1.29635499743832,0.2565479503602255
2013-09-27,0.497024906121873,2.319582939147949,1.3135632370465888,0.2485124530609365
2013-09-28,0.402166840442462,2.442453861236572,1.3248680088657407,0.201083420221231
2013-09-29,0.402166840442462,2.442453861236572,1.3248680088657407,0.201083420221231
2013-09-30,0.402166840442462,3.047240734100342,1.6031333132488972,0.20108342022123085
2013-10-01,42.708472157981795,0.5812686681747437,21.375767248544797,21.354236078990898
2013-10-02,10.938467689461346,0.2439706027507782,5.555780397774944,5.469233844730673
2013-10-03,9.840544375543866,0.3333716094493866,5.042193172982098,4.920272187771933
2013-10-04,9.59987143204321,0.34679675102233887,4.927601202851284,4.799935716021605
2013-10-05,9.593599824394985,0.3560905158519745,4.927909023804701,4.796799912197493
2013-10-06,9.217695340979468,1.137374997138977,5.031893676077402,4.608847670489734
2013-10-07,9.12989283390431,1.1394875049591064,4.989778667260583,4.564946416952155
2013-10-08,8.538009862103028,1.397918701171875,4.798461474693014,4.269004931051514
2013-10-09,7.926136140923024,4.07852840423584,5.532751079493804,3.963068070461512
2013-10-10,7.9057534160662915,4.354060649871826,5.629489922789096,3.9528767080331457
2013-10-11,7.448710008701856,15.652153968811037,9.823049385443959,3.724355004350928
2013-10-12,6.354314474086502,29.58753967285156,15.029430320113587,3.177157237043251
2013-10-13,6.2167310813035535,31.673688888549805,15.83989281216581,3.1083655406517767
2013-10-14,6.107761898415635,31.631181716918945,15.802790316803167,3.0538809492078176
2013-10-15,6.005064323175942,31.94595909118652,15.911119892885427,3.002532161587971
2013-10-16,3.048001317037606,30.10297966003418,14.578049148900671,1.524000658518803
2013-10-17,1.7760408908818666,32.605724334716804,15.442107041997078,0.8880204454409333
2013-10-18,1.3197814344734593,32.60539245605469,15.362594360823351,0.6598907172367297
2013-10-19,1.0990992403515236,30.599939346313477,14.415465738410763,0.5495496201757618
2013-10-20,1.0936115836593263,30.436655044555668,14.340402269876654,0.5468057918296632
2013-10-21,1.083812196708974,30.035974502563473,14.156861387379353,0.541906098354487
2013-10-22,1.0618615699401845,29.385105133056637,13.857304830252618,0.5309307849700923
2013-10-23,1.0618615699401845,29.686912536621097,13.99417683841198,0.5309307849700923
2013-10-24,1.0892998534011713,28.111120223999027,13.285548684375698,0.5446499267005863
2013-10-25,1.0508862565557897,27.741647720336914,13.109541169512577,0.5254431282778942
2013-10-26,0.8466670325104462,17.367780685424805,8.33713184227917,0.4233335162552231
2013-10-27,0.8341238172139951,17.46381950378418,8.376811781530588,0.41706190860699754
2013-10-28,0.8247164057416567,15.930064201354982,7.67454376723786,0.41235820287082836
2013-10-29,0.8223645528735721,16.45205307006836,7.911718657744967,0.41118227643678606
2013-10-30,0.8223645528735721,16.524349212646484,7.944678668591397,0.41118227643678606
2013-10-31,0.8035497299288957,19.02447128295898,9.078663226707869,0.40177486496444786
2013-11-01,0.8035497299288957,19.021209716796875,9.077175656038907,0.40177486496444786
2013-11-02,0.8035497299288957,18.882770538330078,9.014034805574179,0.40177486496444786
2013-11-03,0.677725601486371,23.59939956665039,11.132028091462123,0.3388628007431855
2013-11-04,0.677725601486371,23.594223022460938,11.129660603386265,0.3388628007431855
2013-11-05,0.7384818005785558,24.367578506469727,11.498927360317076,0.3692409002892779
2013-11-06,0.7384818005785558,24.601129531860348,11.605599826123456,0.3692409002892779
2013-11-07,0.6687101654920469,32.42324447631836,15.166021423932568,0.33435508274602344
2013-11-08,0.6589107785416944,32.295631408691406,15.105911271689621,0.3294553892708472
2013-11-09,0.5977626039714955,34.175048828125,15.956138167941525,0.29888130198574775
2013-11-10,0.5977626039714955,34.1431999206543,15.941546629896425,0.29888130198574775
2013-11-11,0.4092223990467156,47.70292282104492,22.14958619558908,0.2046111995233578
2013-11-12,0.46488291692471717,39.91780090332032,18.573775820162084,0.23244145846235859
2013-11-13,0.49192922490768975,37.40623474121094,17.42317363887434,0.24596461245384488
2013-11-14,0.464098965968689,36.21237564086914,16.871107917707114,0.2320494829843445
2013-11-15,0.41118227643678606,44.51655960083008,20.68385767227015,0.20559113821839303
2013-11-16,0.3547378076027564,57.39554214477539,26.61255181169262,0.1773689038013782
2013-11-17,0.40687054617863105,53.4755516052246,24.805274486134287,0.20343527308931553
2013-11-18,0.3904075761020391,53.07057189941406,24.61946596195527,0.19520378805101954
2013-11-19,0.3904075761020391,53.07057189941406,24.61946596195527,0.19520378805101954
2013-11-20,0.3904075761020391,52.33083724975586,24.279023559024,0.19520378805101954
2013-11-21,0.3904075761020391,52.17926025390624,24.209264441048404,0.19520378805101954
2013-11-22,0.32965137700985425,61.73764038085937,28.61537574383663,0.16482568850492713
2013-11-23,0.30456494641695214,61.56435775756835,28.53842301610535,0.15228247320847607
2013-11-24,0.25282418331909157,61.583442687988274,28.553216071868214,0.12641209165954578
2013-11-25,0.37316065506941887,60.64930343627929,28.109204113814723,0.18658032753470943
2013-11-26,0.3453303961304181,59.77026748657226,27.707219626317592,0.17266519806520905
2013-11-27,0.31514828432333275,60.03333282470703,27.831435022946327,0.15757414216166638
2013-11-28,0.3233797693616287,58.963294982910156,27.337436600633993,0.16168988468081436
2013-11-29,0.36571312098715103,56.464317321777344,26.182939710480923,0.18285656049357552
2013-11-30,0.16580562719996236,54.7133903503418,25.386114061315652,0.08290281359998118
2013-12-01,0.3868797967999122,49.96224212646484,23.18894186411583,0.1934398983999561
2013-12-02,0.36532114550913697,51.30205154418945,23.805880044346758,0.18266057275456848
2013-12-03,0.42490141816727944,49.61957550048828,23.031371586653183,0.21245070908363972
2013-12-04,0.4186298105190539,48.902374267578125,22.701478116727746,0.20931490525952695
2013-12-05,0.4542995790183366,46.41718292236328,21.559716928171476,0.2271497895091683
2013-12-06,0.43430882963961776,45.7668571472168,21.259991754840442,0.21715441481980888
2013-12-07,0.4127501783488425,47.11044692993164,21.8771289717511,0.20637508917442124
2013-12-08,0.40255881592047604,43.74887466430664,20.3301723441557,0.20127940796023802
2013-12-09,0.40255881592047604,42.92690658569336,19.951984160383375,0.20127940796023802
2013-12-10,0.4652748924027313,41.938697814941406,19.502364230934045,0.23263744620136564
2013-12-11,0.46919464718287224,40.83806228637695,18.997010326932017,0.23459732359143612
2013-12-12,0.4821298379573373,41.47473907470703,19.29062434072447,0.24106491897866866
2013-12-13,0.4327409277275614,41.43724822998047,19.269175554533195,0.2163704638637807
2013-12-14,0.44293229015592783,37.91802978515625,17.65227376787906,0.22146614507796392
2013-12-15,0.43313290320557546,38.90485382080078,18.104826640564653,0.21656645160278773
2013-12-16,0.4198057369530962,36.44365310668945,16.971371996199853,0.2099028684765481
2013-12-17,0.4688026717048582,41.0895652770996,19.11252454038571,0.2344013358524291
2013-12-18,0.4633150150126608,41.00680923461914,19.07400972306238,0.2316575075063304
2013-12-19,0.4633150150126608,41.00680923461914,19.07400972306238,0.2316575075063304
2013-12-20,0.4633150150126608,40.788108825683594,18.973518360487144,0.2316575075063304
2013-12-21,0.324555695795671,39.15548324584961,18.20829014245859,0.1622778478978355
2013-12-22,0.3053488973729803,38.70846939086914,18.000101276700022,0.15267444868649016
2013-12-23,0.2688951779176695,40.32783508300781,18.74322107341216,0.13444758895883474
2013-12-24,0.2688951779176695,40.13979721069336,18.656453356642935,0.13444758895883474
2013-12-25,0.2688951779176695,41.397308349609375,19.23671609304073,0.13444758895883474
2013-12-26,0.2688951779176695,41.397308349609375,19.23671609304073,0.13444758895883474
2013-12-27,0.15600624024961,64.4546127319336,29.892537546871452,0.078003120124805
2013-12-28,0.1634537743318778,68.4043960571289,31.718203697036817,0.0817268871659389
2013-12-29,0.1634537743318778,68.87194061279297,31.934439251261935,0.0817268871659389
2013-12-30,0.17482106319428656,71.16457366943358,32.992357554622,0.08741053159714328
2013-12-31,0.17678094058435706,73.53215789794922,34.08661567200471,0.08839047029217853
2014-01-01,0.14228709851911664,72.7702102661133,33.7421769559697,0.07114354925955832
2014-01-02,0.14228709851911664,71.5113296508789,33.15968844733946,0.07114354925955832
2014-01-03,0.14228709851911664,71.01065826416016,32.92802602769903,0.07114354925955832
2014-01-04,0.1367994418269193,73.27208709716797,33.97567423120852,0.06839972091345965
2014-01-05,0.1367994418269193,73.66435241699219,34.157198306843355,0.06839972091345965
2014-01-06,0.11955252079429912,80.64979553222656,37.39505700086635,0.05977626039714956
2014-01-07,0.07133953699856536,78.6934814453125,36.50325278448432,0.03566976849928268
2014-01-08,0.07133953699856536,78.092529296875,36.2247637411827,0.03566976849928268
2014-01-09,0.07133953699856536,78.0675048828125,36.21316710216648,0.03566976849928268
2014-01-10,0.07133953699856536,74.68058013916016,34.6436221158531,0.03566976849928268
2014-01-11,0.11132103575600309,76.74851989746094,35.59123784228388,0.055660517878001546
2014-01-12,0.1383673437389757,70.1678237915039,32.538834068478906,0.06918367186948784
2014-01-13,0.08897843350919966,70.84014892578125,32.86024035955451,0.04448921675459983
2014-01-14,0.08897843350919966,70.84014892578125,32.86024035955451,0.04448921675459983
2014-01-15,0.021166675812761153,80.76902770996094,37.480525625620324,0.010583337906380576
2014-01-16,0.021166675812761153,80.76902770996094,37.480525625620324,0.010583337906380576
2014-01-17,0.021166675812761153,80.76902770996094,37.480525625620324,0.010583337906380576
2014-01-18,0.021166675812761153,78.54128265380858,36.447041862691805,0.010583337906380576
2014-01-19,0.021166675812761153,77.51669311523438,35.97171967586503,0.010583337906380576
2014-01-20,0.0,77.23873901367188,35.848538207385786,0.0
2014-01-21,0.0,76.21350860595703,35.37270170472313,0.0
2014-01-22,0.11994449627231321,73.23123931884766,33.96068719100662,0.059972248136156606
2014-01-23,0.10073769784962254,72.1473388671875,33.46317424547936,0.05036884892481127
2014-01-24,0.10073769784962254,71.3532485961914,33.09541593160817,0.05036884892481127
2014-01-25,0.04076544971346593,69.4176254272461,32.21063719894125,0.020382724856732964
2014-01-26,0.08701855611912919,67.64783477783205,31.38178941986876,0.043509278059564595
2014-01-27,0.08701855611912919,67.83527374267578,31.468621685957626,0.043509278059564595
2014-01-28,0.06232410100424118,67.00827026367188,31.08970728109609,0.03116205050212059
2014-01-29,0.045861130927649166,73.73698425292969,34.21239531228315,0.022930565463824583
2014-01-30,0.045861130927649166,73.72652435302734,34.20754539358103,0.022930565463824583
2014-01-31,0.045861130927649166,73.02603149414062,33.88274941572878,0.022930565463824583
2014-02-01,0.02077470033474706,71.02080535888672,32.95826400899065,0.01038735016737353
2014-02-02,0.02077470033474706,70.5499038696289,32.73980402239771,0.01038735016737353
2014-02-03,0.02077470033474706,70.01312255859375,32.49078115734603,0.01038735016737353
2014-02-04,0.02077470033474706,69.43167877197266,32.22103853659111,0.01038735016737353
2014-02-05,0.047429032839705544,69.01943969726562,32.02472363389005,0.023714516419852772
2014-02-06,0.09564201663543928,74.62125396728516,34.6101460208073,0.04782100831771964
2014-02-07,0.09564201663543928,72.58872985839844,33.66874186164024,0.04782100831771964
2014-02-08,0.09564201663543928,73.4855728149414,34.0841325995497,0.04782100831771964
2014-02-09,0.09564201663543928,73.41938018798828,34.05347416157723,0.04782100831771964
2014-02-10,0.09564201663543928,73.1048126220703,33.907775907077095,0.04782100831771964
2014-02-11,0.06820373317445261,76.57553100585938,35.5226003551916,0.034101866587226304
2014-02-12,0.06389200291629756,81.74931335449219,37.921729585088364,0.03194600145814878
2014-02-13,0.06389200291629756,81.74931335449219,37.921729585088364,0.03194600145814878
2014-02-14,0.05017286118580422,82.550537109375,38.29755242185877,0.02508643059290211
2014-02-15,0.050956812141832404,80.69293975830078,37.43608383490205,0.025478406070916202
2014-02-16,0.0,79.7564468383789,37.01707288702456,0.0
2014-02-17,0.0,79.42779541015625,36.86453708139125,0.0
2014-02-18,0.0,79.33983612060547,36.823712852611465,0.0
2014-02-19,0.021950626768789346,76.97833251953125,35.721754764536584,0.010975313384394673
2014-02-20,0.019206798422690678,77.36526489257812,35.90200621734163,0.009603399211345339
2014-02-21,0.0850586787290587,73.68084716796875,34.17708404260862,0.04252933936452935
2014-02-22,0.0850586787290587,74.6746826171875,34.63750397277099,0.04252933936452935
2014-02-23,0.07133953699856536,81.72551727294922,37.90833763040797,0.03566976849928268
2014-02-24,0.06585188030636803,79.59019470214844,36.92042518123899,0.032925940153184015
2014-02-25,0.06702780674041033,78.42896270751953,36.38189714048511,0.03351390337020516
2014-02-26,0.024694455114888013,80.03419494628906,37.13856633684661,0.012347227557444006
2014-02-27,0.06232410100424118,75.78343963623047,35.157026043262256,0.03116205050212059
2014-02-28,0.054092615965945175,73.90618133544922,34.2888787163675,0.027046307982972587
2014-03-01,0.054092615965945175,73.20266723632812,33.96273979638163,0.027046307982972587
2014-03-02,0.02508643059290211,73.2628173828125,33.997372186729976,0.012543215296451055
2014-03-03,0.02508643059290211,73.25154876708984,33.992144951527195,0.012543215296451055
2014-03-04,0.02508643059290211,72.7450180053711,33.75717772093553,0.012543215296451055
2014-03-05,0.05252471405388879,72.4074478149414,33.594438947532375,0.026262357026944395
2014-03-06,0.102697575239693,73.83912658691406,34.24620611094067,0.0513487876198465
2014-03-07,0.13405561348082065,72.18328857421875,33.472432229459066,0.06702780674041033
2014-03-08,0.0936821392453688,70.20328521728516,32.56427146479728,0.0468410696226844
2014-03-09,0.12229634914039778,65.26260375976562,30.271432007970905,0.06114817457019889
2014-03-10,0.10426547715174939,68.37596130371094,31.715929273440974,0.05213273857587469
2014-03-11,0.11759264340422863,70.7593002319336,32.81684817415071,0.05879632170211432
2014-03-12,0.14463895138720123,67.67088317871094,31.382284702171866,0.07231947569360062
2014-03-13,0.12817598131060923,67.04248046875,31.094341025525445,0.06408799065530461
2014-03-14,0.12425622653046825,59.46688079833985,27.58838636817454,0.062128113265234125
2014-03-15,0.12425622653046825,59.11616897583008,27.42604753234101,0.062128113265234125
2014-03-16,0.12582412844252464,60.50952529907227,28.07084488145191,0.06291206422126232
2014-03-17,0.11759264340422863,60.75579452514648,28.185720427337447,0.05879632170211432
2014-03-18,0.13366363800280653,61.37878417968749,28.47230510179205,0.06683181900140327
2014-03-19,0.1465988287772717,55.69171905517578,25.8396533182275,0.07329941438863585
2014-03-20,0.20265132213328732,53.269386291503906,24.7171032616491,0.10132566106664366
2014-03-21,0.18226859727655437,54.17731475830079,25.137508357793298,0.09113429863827718
2014-03-22,0.18226859727655437,54.14425659179687,25.12222544449904,0.09113429863827718
2014-03-23,0.18226859727655437,54.14425659179687,25.12222544449904,0.09113429863827718
2014-03-24,0.09603399211345338,61.21641159057617,28.40138142493145,0.04801699605672669
2014-03-25,0.09603399211345338,63.85667037963867,29.624259697076898,0.04801699605672669
2014-03-26,0.08858645803118557,64.46267700195312,29.906018512091748,0.04429322901559279
2014-03-27,0.10779325645387625,64.7197265625,30.022267101032657,0.05389662822693812
2014-03-28,0.11328091314607358,62.325843811035156,28.91310695157476,0.05664045657303679
2014-03-29,0.1387593192169898,61.52170562744141,28.53786057603282,0.0693796596084949
2014-03-30,0.12504017748649646,54.18759155273437,25.144655850544833,0.06252008874324823
2014-03-31,0.14228709851911664,53.95066833496094,25.03430840995982,0.07114354925955832
2014-04-01,0.16894143102407513,54.89434051513672,25.469644308178058,0.08447071551203757
2014-04-02,0.18579637657868125,52.73588562011719,24.47103379156814,0.09289818828934063
2014-04-03,0.18579637657868125,52.73588562011719,24.47103379156814,0.09289818828934063
2014-04-04,0.19206798422690677,51.52898406982421,23.91302540221177,0.09603399211345338
2014-04-05,0.19206798422690677,51.1030502319336,23.716156344118854,0.09603399211345338
2014-04-06,0.3668890474211933,49.94110870361329,23.179203272690113,0.18344452371059666
2014-04-07,0.3175001371914173,48.44585418701172,22.489934519830104,0.15875006859570864
2014-04-08,0.3175001371914173,49.95915603637695,23.187493130276266,0.15875006859570864
2014-04-09,0.3598334888169396,47.06528854370117,21.854803211497845,0.1799167444084698
2014-04-10,0.36571312098715103,44.71824264526367,20.774233243086353,0.18285656049357552
2014-04-11,0.377864360805588,43.806427001953125,20.355122752570892,0.188932180402794
2014-04-12,0.377864360805588,43.825439453125,20.36387509189222,0.188932180402794
2014-04-13,0.3837439929757994,43.93227005004883,20.413411078156514,0.1918719964878997
2014-04-14,0.410790300958772,45.2546272277832,21.023360942095064,0.205395150479386
2014-04-15,0.3418026168282912,42.52281951904297,19.76152052058544,0.1709013084141456
2014-04-16,0.37433658150346116,40.54790115356445,18.85473422607755,0.18716829075173058
2014-04-17,0.40138288948643375,42.12431716918945,19.582619502626102,0.20069144474321687
2014-04-18,0.40138288948643375,42.42098617553711,19.719120643165407,0.20069144474321687
2014-04-19,0.39707115922827874,46.589481353759766,21.636950642617432,0.19853557961413937
2014-04-20,0.39001560062402496,44.70843505859375,20.771003132274515,0.19500780031201248
2014-04-21,0.39001560062402496,44.97544860839844,20.89388977653195,0.19500780031201248
2014-04-22,0.4339168541616037,43.6099739074707,20.26826777940527,0.21695842708080185
2014-04-23,0.4100063500027438,43.66474533081055,20.29193618940748,0.2050031750013719
2014-04-24,0.3872717722779263,41.91642761230469,19.485826220843705,0.19363588613896315
2014-04-25,0.3692409002892779,42.21125030517578,19.62011507262315,0.18462045014463896
2014-04-26,0.36571312098715103,41.717796325683594,19.392619907506937,0.18285656049357552
2014-04-27,0.33788286204815027,45.07172012329102,20.935627207379497,0.16894143102407513
2014-04-28,0.33788286204815027,49.14464187622071,22.812216030779336,0.16894143102407513
2014-04-29,0.33357113178999526,47.81201171875,22.198115576358294,0.16678556589499763
2014-04-30,0.3253396467516992,47.94096374511719,22.25736598068205,0.1626698233758496
2014-05-01,0.3088766766751072,47.02872085571289,21.836448695615733,0.1544383383375536
2014-05-02,0.3088766766751072,47.01702117919922,21.83105470439653,0.1544383383375536
2014-05-03,0.30613284832900856,43.1512451171875,20.048598523641203,0.15306642416450428
2014-05-04,0.4374446334637305,36.626209259033196,17.05769373466891,0.21872231673186526
2014-05-05,0.4115742519148002,36.43589401245117,16.96668684145859,0.2057871259574001
2014-05-06,0.3688489248112638,36.471439361572266,16.977257959244145,0.1844244624056319
2014-05-07,0.3598334888169396,36.56272888183594,17.018079687039027,0.1799167444084698
2014-05-08,0.3907995515800532,33.88583755493164,15.790286014019095,0.1953997757900266
2014-05-09,0.39315140444813773,33.132923126220696,15.444177622554328,0.19657570222406887
2014-05-10,0.39197547801409544,32.59524536132813,15.19653639546191,0.19598773900704772
2014-05-11,0.39197547801409544,32.61008071899414,15.203363725707106,0.19598773900704772
2014-05-12,0.39197547801409544,32.688934326171875,15.239652680065149,0.19598773900704772
2014-05-13,0.410790300958772,33.27210235595703,15.511177809455864,0.205395150479386
2014-05-14,0.3539538566467282,33.167964935302734,15.453705939047078,0.1769769283233641
2014-05-15,0.3472902735204886,32.216392517089844,15.014239156001988,0.1736451367602443
2014-05-16,0.3472902735204886,32.40840530395508,15.102690518607487,0.1736451367602443
2014-05-17,0.34572237160843217,31.6142578125,14.736575425544505,0.17286118580421608
2014-05-18,0.34101866587226304,31.26461791992188,14.574625845506226,0.17050933293613152
2014-05-19,0.3472902735204886,30.94260025024414,14.427462288074308,0.1736451367602443
2014-05-20,0.37982423819565847,29.36739540100098,13.708551262955782,0.18991211909782924
2014-05-21,0.3602254642949537,27.59324836730957,12.887469971458174,0.18011273214747614
2014-05-22,0.3715927531573625,25.35088539123535,11.857609604846045,0.18579637657868125
2014-05-23,0.3907995515800532,25.46283531188965,11.913865324943608,0.1953997757900266
2014-05-24,0.43783660894174464,23.276744842529297,10.92035608063822,0.21891830447087232
2014-05-25,0.4574353828424494,22.685314178466797,10.653800336642053,0.2287176914212247
2014-05-26,0.4574353828424494,22.803552627563477,10.708137058363354,0.2287176914212247
2014-05-27,0.4574353828424494,23.229316711425778,10.903797816099054,0.2287176914212247
2014-05-28,0.41941376147508214,22.693187713623047,10.647036143092167,0.20970688073754107
2014-05-29,0.40569461974458876,22.30082893371582,10.462777591577597,0.20284730987229438
2014-05-30,0.40569461974458876,21.950092315673828,10.301414385795077,0.20284730987229438
2014-05-31,0.4480279713701111,20.835474014282227,9.800958869271438,0.22401398568505554
2014-06-01,0.45077179971620973,20.8833179473877,9.82374905948165,0.22538589985810487
2014-06-02,0.46253106405663263,20.768741607666016,9.774525013687253,0.23126553202831632
2014-06-03,0.4421483391998996,20.10116195678711,9.461677236141846,0.2210741695999498
2014-06-04,0.4421483391998996,20.06320571899414,9.44422856685108,0.2210741695999498
2014-06-05,0.4327409277275614,19.8167667388916,9.328099894057658,0.2163704638637807
2014-06-06,0.3915835025360814,17.38970947265625,8.198719846367663,0.1957917512680407
2014-06-07,0.4103983254807579,15.426939964294434,7.30193743369576,0.20519916274037894
2014-06-08,0.41431808026089884,13.591506004333494,6.459023783537562,0.20715904013044942
2014-06-09,0.4280372219913922,13.39106273651123,6.371845675075122,0.2140186109956961
2014-06-10,0.4644909414467031,13.020532608032227,6.214939257044793,0.23224547072335155
2014-06-11,0.40334276687650417,14.878955841064453,7.047374464806339,0.20167138343825208
2014-06-12,0.3755125079375034,13.767035484313963,6.5257039902993546,0.18775625396875137
2014-06-13,0.410790300958772,12.575660705566404,5.9904317403890275,0.205395150479386
2014-06-14,0.4296051239034486,11.61126708984375,5.554015606804146,0.2148025619517243
2014-06-15,0.44998784876018155,11.386276245117188,5.458428516318708,0.22499392438009078
2014-06-16,0.46135513762259034,10.518027305603027,5.063846302635811,0.23067756881129517
2014-06-17,0.4515557506722379,10.323725700378418,4.970674186054576,0.22577787533611895
2014-06-18,0.4339168541616037,10.20303726196289,4.908184725610294,0.21695842708080185
2014-06-19,0.43313290320557546,9.644513130187988,4.651066091758761,0.21656645160278773
2014-06-20,0.4492038978041534,9.642505645751953,4.656628911039283,0.2246019489020767
2014-06-21,0.4958489796878307,8.509554862976074,4.155239049219355,0.24792448984391535
2014-06-22,0.4950650287318025,7.894053936004639,3.8722906822698806,0.24753251436590126
2014-06-23,0.47076254909492865,7.950716018676757,3.888089518125056,0.23538127454746433
2014-06-24,0.4711545245729427,8.76282501220703,4.2613492797675,0.23557726228647136
2014-06-25,0.5123119497644227,8.139881134033203,3.992388152914683,0.25615597488221137
2014-06-26,0.4833057643913796,6.92230987548828,3.4210237511679455,0.2416528821956898
2014-06-27,0.49192922490768975,6.649278640747069,3.299360653975026,0.24596461245384488
2014-06-28,0.42372549173323715,6.468822956085204,3.1868042323381833,0.21186274586661857
2014-06-29,0.42372549173323715,6.478832721710205,3.191407614936506,0.21186274586661877
2014-06-30,0.48056193604528097,6.68105125427246,3.3090266740367245,0.24028096802264048
2014-07-01,0.4644909414467031,6.746201992034913,3.332000446500507,0.2322454707233514
2014-07-02,0.4644909414467031,6.74623966217041,3.332017755230677,0.23224547072335155
2014-07-03,0.4441082165899701,6.096200942993164,3.0243882022773008,0.22205410829498526
2014-07-04,0.4441082165899701,6.076097011566162,3.0151467200840796,0.22205410829498526
2014-07-05,0.43587673155167417,5.861539363861084,2.9128844679093038,0.21793836577583708
2014-07-06,0.4535156280623084,5.404329299926758,2.7105402614335814,0.2267578140311542
2014-07-07,0.39236745349210955,5.417487621307374,2.6893263182810054,0.19618372674605478
2014-07-08,0.39236745349210955,5.500653266906739,2.7275993754045285,0.19618372674605478
2014-07-09,0.39236745349210955,5.737459182739258,2.8365781042838423,0.19618372674605478
2014-07-10,0.3884476987119686,5.376745700836182,2.6688276531227944,0.1942238493559843
2014-07-11,0.3907995515800532,5.110208511352539,2.547211805195641,0.1953997757900266
2014-07-12,0.39589523279423644,5.282929420471191,2.628979786510777,0.19794761639711822
2014-07-13,0.4060865952226028,5.819833755493164,2.8805482471483317,0.2030432976113014
2014-07-14,0.41588598217295525,6.459929466247559,3.1793008848700834,0.20794299108647762
2014-07-15,0.43548475607366005,5.622974872589111,2.8030262884438275,0.21774237803683003
2014-07-16,0.42372549173323715,4.078583717346191,2.087559142127797,0.21186274586661857
2014-07-17,0.4833057643913796,3.7208468914031982,1.950613103165117,0.2416528821956898
2014-07-18,0.48487366630343604,3.5444173812866206,1.8703085809913584,0.24243683315171802
2014-07-19,0.5601329580821424,3.168700456619263,1.7329950925234916,0.2800664790410712
2014-07-20,0.5601329580821424,3.1745867729187007,1.7356941161442305,0.2800664790410712
2014-07-21,0.5601329580821424,3.1745867729187007,1.7356941161442305,0.2800664790410712
2014-07-22,0.5601329580821424,3.1745867729187007,1.7356941161442305,0.2800664790410712
2014-07-23,0.5389662822693813,3.0770211219787598,1.681025783940836,0.26948314113469063
2014-07-24,0.5389662822693813,3.217056035995484,1.745264944083222,0.26948314113469063
2014-07-25,0.5013366363800281,4.489447116851807,2.3118320224469397,0.25066831819001406
2014-07-26,0.5013366363800281,4.489447116851807,2.3118320224469397,0.25066831819001406
2014-07-27,0.5103520723743523,4.4273505210876465,2.287431238767821,0.25517603618717616
2014-07-28,0.48840144560556287,5.002385139465332,2.5415080289313092,0.24420072280278143
2014-07-29,0.48840144560556287,5.020806789398194,2.549968031470464,0.24420072280278143
2014-07-30,0.4664508188367736,5.000384330749511,2.530711475072184,0.2332254094183868
2014-07-31,0.4644909414467031,4.520011901855469,2.3091072960720207,0.23224547072335155
2014-08-01,0.4844816908254219,3.6271979808807373,1.9081460916821897,0.24224084541271096
2014-08-02,0.47742613222116825,3.7944455146789546,1.9816997445092546,0.23871306611058413
2014-08-03,0.47742613222116825,4.117563724517822,2.1301247866184236,0.23871306611058413
2014-08-04,0.47037057361691453,3.063802719116211,1.6427657997454266,0.23518528680845735
2014-08-05,0.4754662548310978,3.0955307483673096,1.659732478790828,0.2377331274155489
2014-08-06,0.5017286118580422,2.2532052993774414,1.2853314039000838,0.2508643059290211
2014-08-07,0.5005526854239999,2.440406560897827,1.3707179441590263,0.25027634271199983
2014-08-08,0.48487366630343604,2.1561992168426514,1.2327309803206887,0.24243683315171802
2014-08-09,0.48840144560556287,2.5463154315948486,1.413576706783073,0.24420072280278135
2014-08-10,0.46017921118854804,3.0015227794647217,1.609363196657969,0.23008960559427394
2014-08-11,0.4668427943147877,2.978538751602173,1.6019347843264697,0.23342139715739385
2014-08-12,0.4546915544963507,2.841604709625244,1.5332890168056779,0.22734577724817526
2014-08-13,0.4546915544963507,2.841604709625244,1.5332890168056779,0.22734577724817526
2014-08-14,0.4664508188367736,2.9888155460357666,1.6064722671848886,0.2332254094183867
2014-08-15,0.4542995790183366,3.145742177963257,1.6728807018000922,0.2271497895091683
2014-08-16,0.46370699049067493,4.079000473022461,2.1061107073965184,0.23185349524533747
2014-08-17,0.5064323175942114,1.6538723707199097,1.012446251134229,0.2532161587971057
2014-08-18,0.48957737203960516,1.5788460969924927,0.9698431746542637,0.24478868601980258
2014-08-19,0.48957737203960516,1.5918407440185547,0.9758107146015796,0.24478868601980255
2014-08-20,0.4542995790183366,1.5815260410308836,0.953992918017502,0.2271497895091683
2014-08-21,0.46057118666656216,1.7814843654632568,1.0489145224248722,0.23028559333328108
2014-08-22,0.4985928080339294,1.7474980354309082,1.0516434841140156,0.24929640401696465
2014-08-23,0.4985928080339294,1.8256416320800783,1.0875223722892935,0.2492964040169647
2014-08-24,0.48016996056726685,1.633523225784302,0.9904025535001687,0.24008498028363343
2014-08-25,0.49388910229776023,1.6997033357620237,1.027427099124773,0.24694455114888017
2014-08-26,0.49388910229776023,1.7321938276290891,1.0423463272888034,0.24694455114888017
2014-08-27,0.4833057643913796,1.7288184165954592,1.0356876784317701,0.2416528821956898
2014-08-28,0.47076254909492865,1.2836679220199585,0.8251224236168019,0.23538127454746435
2014-08-29,0.46253106405663263,1.2163454294204712,0.7901775870564741,0.23126553202831635
2014-08-30,0.46253106405663263,1.3098852634429932,0.8331592430860689,0.23126553202831626
2014-08-31,0.46253106405663263,1.3208268880844116,0.8381869315746882,0.23126553202831632
2014-09-01,0.4535156280623084,1.4915825128555298,0.9122760825669332,0.2267578140311542
2014-09-02,0.4872255191715206,1.438330888748169,0.9041721879651397,0.2436127595857603
2014-09-03,0.47781810769918237,1.7437044382095337,1.0398765892837778,0.23890905384959119
2014-09-04,0.47781810769918237,1.751297473907471,1.0433644367401307,0.23890905384959119
2014-09-05,0.4766421812651401,1.9746670722961424,1.145404122286382,0.23832109063257004
2014-09-06,0.4856576172594642,2.660315990447998,1.4646316762000762,0.2428288086297321
2014-09-07,0.47781810769918237,2.578601837158203,1.4233852260244104,0.23890905384959119
2014-09-08,0.49271317586371793,2.1636712551116943,1.2399128541942748,0.24635658793185897
2014-09-09,0.522111336714775,1.9503561258316042,1.1560844136114858,0.2610556683573875
2014-09-10,0.4946730532537884,2.537291765213013,1.4124093315088637,0.24733652662689412
2014-09-11,0.4711545245729427,3.175471544265747,1.6944360740742201,0.23557726228647147
2014-09-12,0.455867480930393,3.8603432178497314,2.0020229079624876,0.2279337404651965
2014-09-13,0.4782100831771965,2.7148795127868652,1.4861694802599361,0.2391050415885981
2014-09-14,0.5193675083686764,2.112619161605835,1.2292338317136948,0.2596837541843382
2014-09-15,0.5032965137700985,1.9155284166336062,1.1310547853988266,0.25164825688504927
2014-09-16,0.4872255191715206,3.2959592342376713,1.7572957130434643,0.2436127595857603
2014-09-17,0.48487366630343604,3.3354713916778564,1.7743443542317456,0.24243683315171802
2014-09-18,0.48487366630343604,3.335471868515015,1.774344573232403,0.24243683315171793
2014-09-19,0.49153724942967564,3.2789227962493896,1.7514861450348653,0.24576862471483793
2014-09-20,0.49153724942967564,3.3193144798278813,1.770034451725381,0.24576862471483774
2014-09-21,0.4766421812651401,3.053459644317627,1.640958259226033,0.23832109063257012
2014-09-22,0.4386205598977728,1.572142481803894,0.9420873768444998,0.21931027994888638
2014-09-23,0.47781810769918237,1.3586200475692751,0.8629887586706865,0.23890905384959116
2014-09-24,0.47781810769918237,1.366774559020996,0.866734519016896,0.23890905384959119
2014-09-25,0.4793860096112388,1.4135925769805908,0.8890020795902035,0.2396930048056194
2014-09-26,0.4448921675459983,1.396449089050293,0.8643622855741498,0.22244608377299918
2014-09-27,0.4546915544963507,1.1515382528305054,0.7565691387107858,0.22734577724817534
2014-09-28,0.46723476979280176,1.155692219734192,0.7646048633814285,0.23361738489640085
2014-09-29,0.48016996056726685,1.1780667304992676,0.7812001333240507,0.24008498028363343
2014-09-30,0.4911452739516616,1.1899592876434326,0.7920197335530175,0.24557263697583082
2014-10-01,,-1.0,,
2014-10-02,38.32069865709201,0.7442209124565123,19.22057125140818,19.160349328546005
2014-10-03,16.35125706535799,0.42995852231979365,8.304880012361924,8.175628532678996
2014-10-04,13.826151035991188,0.3983421623706817,7.042881244469322,6.913075517995594
2014-10-05,13.703462711372778,0.41406375169754034,6.98716820407774,6.851731355686389
2014-10-06,12.65649620959713,0.8275185227394104,6.60758645074543,6.328248104798565
2014-10-07,12.652968430295001,0.8274320960044861,6.605822576739307,6.3264842151475005
2014-10-08,12.65492830768507,0.8393408060073854,6.610806406819463,6.327464153842535
2014-10-09,11.241464733966243,1.0344493389129639,5.984560361409161,5.6207323669831215
2014-10-10,9.951081460343842,0.987862229347229,5.335730699417051,4.975540730171921
2014-10-11,9.820553626165147,1.1819301843643188,5.3427697320493355,4.910276813082573
2014-10-12,9.766461010199203,1.2548428773880005,5.343082477323755,4.883230505099601
2014-10-13,9.766461010199203,1.2548428773880005,5.343082477323755,4.883230505099601
2014-10-14,9.725303585007723,1.3502233028411865,5.358012763712179,4.862651792503861
2014-10-15,9.725303585007723,1.3516937494277954,5.358552231404463,4.862651792503861
2014-10-16,9.725303585007723,1.3516937494277954,5.358552231404463,4.862651792503861
2014-10-17,7.39932109847208,1.4486181735992432,4.264814583127544,3.69966054923604
2014-10-18,2.649362255897271,0.6942141056060791,1.6284919780756648,1.3246811279486355
2014-10-19,1.6611920758237364,0.6664841175079347,1.1288573335153278,0.8305960379118682
2014-10-20,1.5091055903542674,0.8324504494667053,1.1283524727363707,0.7545527951771338
2014-10-21,1.4287506173613778,0.5908367037773132,0.9801566404522298,0.7143753086806888
2014-10-22,1.4060160396365604,3.9590141773223877,2.4848266599775655,0.7030080198182802
2014-10-23,1.3033184643968674,14.179832458496094,7.048085509406028,0.6516592321984334
2014-10-24,0.9964016651118306,30.76614189147949,14.47102529126236,0.4982008325559153
2014-10-25,0.9948337631997742,30.99871635437012,14.576353943134201,0.4974168815998871
2014-10-26,0.9379973188877304,32.34341812133789,15.177052618509451,0.4689986594438652
2014-10-27,0.7682719369076271,29.67936897277832,13.931096507393114,0.38413596845381354
2014-10-28,0.6220650836083694,28.47093009948731,13.34803523946608,0.3110325418041847
2014-10-29,0.5758119772027062,27.7397518157959,13.002928440312095,0.2879059886013538
2014-10-30,0.5448459144395926,24.310209274291992,11.422979792291512,0.2724229572197963
2014-10-31,0.5052563911601691,22.3162899017334,10.497453102921833,0.25262819558008454
2014-11-01,0.5080002195062677,22.022083282470707,10.363158206372843,0.25400010975313386
2014-11-02,0.5283829443630006,18.61550521850586,8.80577781800217,0.2641914721815003
2014-11-03,0.46723476979280176,21.299331665039062,10.01968172029239,0.23361738489640088
2014-11-04,0.46605884335875947,21.485055923461914,10.104678169460245,0.23302942167937973
2014-11-05,0.36453719455310873,21.861936569213867,10.24927571688998,0.18226859727655437
2014-11-06,0.3406266903942489,25.291818618774414,11.822763493024825,0.17031334519712446
2014-11-07,0.3406266903942489,25.340625762939457,11.845249927188114,0.17031334519712446
2014-11-08,0.28065444225809233,27.317508697509762,12.742436504357284,0.1403272211290469
2014-11-09,0.2739908591318527,28.32835006713867,13.207313594896316,0.13699542956592636
2014-11-10,0.2739908591318527,28.17293357849121,13.135606525831353,0.13699542956592636
2014-11-11,0.2712470307857541,28.838680267333984,13.442192427305088,0.13562351539287704
2014-11-12,0.2712470307857541,28.7068042755127,13.381343007126024,0.13562351539287704
2014-11-13,0.3755125079375034,28.803745269775387,13.448173308782014,0.1877562539687517
2014-11-14,0.3755125079375034,28.702800750732422,13.401701351424721,0.1877562539687517
2014-11-15,0.2975093878126985,29.16865348815918,13.599917471816772,0.14875469390634924
2014-11-16,0.35708966047084095,31.53061866760254,14.700144917131006,0.17854483023542048
2014-11-17,0.35708966047084095,31.53061866760254,14.700144917131006,0.17854483023542048
2014-11-18,0.35708966047084095,34.28068923950195,15.96670506543843,0.17854483023542048
2014-11-19,0.33317915631198114,44.02911376953125,20.454968004628387,0.16658957815599057
2014-11-20,0.2951575349446139,50.37076187133789,23.377306255185395,0.14757876747230694
2014-11-21,0.3998149875743774,48.433902740478516,22.485714614400205,0.1999074937871887
2014-11-22,0.41235820287082836,46.71236801147461,21.694000219453756,0.20617910143541418
2014-11-23,0.45939526023251986,41.89399337768555,19.481347116365622,0.22969763011625993
2014-11-24,0.3414106413502771,41.2060203552246,19.154825643316737,0.17070532067513855
2014-11-25,0.3606174397729678,41.9636116027832,19.505400780721825,0.1803087198864839
2014-11-26,0.3849199194098417,40.095306396484375,18.647415523824968,0.19245995970492086
2014-11-27,0.3849199194098417,39.40342712402344,18.328959266059048,0.19245995970492086
2014-11-28,0.3849199194098417,39.29664993286133,18.279812158947003,0.19245995970492086
2014-11-29,0.35160200377864365,38.060539245605476,17.70688060721352,0.17580100188932182
2014-11-30,0.35160200377864365,37.72990798950195,17.5545884173064,0.17580100188932182
2014-12-01,0.35121002830062953,39.02974319458008,18.15326300981624,0.17560501415031476
2014-12-02,0.33435508274602344,38.80400848388672,18.047399294894202,0.16717754137301172
2014-12-03,0.3535618811687141,36.83735656738281,17.1437279355056,0.17678094058435706
2014-12-04,0.3535618811687141,37.18721389770508,17.304868998070834,0.17678094058435706
2014-12-05,0.3053488973729803,39.32265090942383,18.283283739970155,0.15267444868649016
2014-12-06,0.2975093878126985,40.010433197021484,18.599618391345118,0.14875469390634924
2014-12-07,0.2963334613786562,45.16354751586914,20.975926938865623,0.1481667306893281
2014-12-08,0.3222038429275864,41.66716384887695,19.365679650868213,0.1611019214637932
2014-12-09,0.44724402041408284,40.80764770507812,18.98101904132084,0.22362201020704142
2014-12-10,0.44724402041408284,40.778133392333984,18.967452670471847,0.22362201020704142
2014-12-11,0.4296051239034486,41.23767852783203,19.1771388368461,0.2148025619517243
2014-12-12,0.4445001920679842,37.59847640991211,17.50557045766909,0.2222500960339921
2014-12-13,0.41549400669494113,37.55402374267578,17.481526290311837,0.20774700334747057
2014-12-14,0.41549400669494113,37.20743942260742,17.32210739314636,0.20774700334747057
2014-12-15,0.3907995515800532,37.13029479980469,17.28344496446769,0.1953997757900266
2014-12-16,0.3880557232339545,41.13823699951172,19.12773059435895,0.19402786161697724
2014-12-17,0.3880557232339545,41.15119934082031,19.133696458113885,0.19402786161697724
2014-12-18,0.38100016462970077,40.18296432495117,18.6873776664157,0.19050008231485038
2014-12-19,0.48408971534740786,43.852203369140625,20.38272631946372,0.24204485767370393
2014-12-20,0.5103520723743523,40.617252349853516,18.899424330817883,0.25517603618717616
2014-12-21,0.4127501783488425,42.11827087402344,19.580733465103,0.20637508917442124
2014-12-22,0.4127501783488425,42.11827087402344,19.580733465103,0.20637508917442124
2014-12-23,0.472330451006985,37.770915985107415,17.588241109159526,0.2361652255034925
2014-12-24,0.44841994684812514,38.15302276611328,17.76094947680188,0.22420997342406257
2014-12-25,0.43666068250770235,39.00307846069336,18.15037779337446,0.21833034125385117
2014-12-26,0.42411746721125126,40.55371856689453,18.862114907066147,0.21205873360562563
2014-12-27,0.42411746721125126,40.55371856689453,18.862114907066147,0.21205873360562563
2014-12-28,0.2555680116651902,44.02765655517578,20.44966132399409,0.1277840058325951
2014-12-29,0.20069144474321687,47.63460159301758,22.11322350758789,0.10034572237160844
2014-12-30,0.20069144474321687,47.197608947753906,21.911280689310228,0.10034572237160844
2014-12-31,0.1465988287772717,47.7465705871582,22.16374762311575,0.07329941438863585
2015-01-01,0.3547378076027564,46.29133987426758,21.498189143479447,0.1773689038013782
2015-01-02,0.33004335248786837,46.03232574462891,21.377912872346513,0.16502167624393418
2015-01-03,0.3265155731857415,42.533660888671875,19.765373847884927,0.16325778659287074
2015-01-04,0.3272995241417697,42.205650329589844,19.614267595977303,0.16364976207088486
2015-01-05,0.357481635948855,43.84666442871094,20.372391744413925,0.1787408179744275
2015-01-06,0.3700248512453061,44.55537414550781,20.6994720609827,0.18501242562265305
2015-01-07,0.41353412930487066,40.81333541870117,18.980536606807124,0.20676706465243533
2015-01-08,0.37943226271764435,40.20291519165039,18.696407768923518,0.18971613135882218
2015-01-09,0.35787361142686913,40.23049545288086,18.70699767456935,0.17893680571343457
2015-01-10,0.35787361142686913,41.432037353515625,19.26036499507665,0.17893680571343457
2015-01-11,0.3135803824112764,42.39264678955078,19.699401888454357,0.1567901912056382
2015-01-12,0.3531699056907,42.76384735107422,19.873386616527753,0.17658495284535
2015-01-13,0.3704168267233202,40.07741928100586,18.637743411227394,0.1852084133616601
2015-01-14,0.36140139072899596,39.69039535522461,18.45861953413151,0.18070069536449798
2015-01-15,0.21088280717158334,47.22308349609376,21.92333598021729,0.10544140358579167
2015-01-16,0.15091055903542674,48.204673767089844,22.375771240521946,0.07545527951771337
2015-01-17,0.12033647175032729,48.25111389160156,22.396720539507776,0.06016823587516364
2015-01-18,0.08897843350919966,54.485340118408196,25.28409400823729,0.04448921675459983
2015-01-19,0.09211423733331243,62.6894187927246,29.084125767581483,0.04605711866665622
2015-01-20,0.15287043642549722,69.3194808959961,32.14346763812342,0.07643521821274861
2015-01-21,0.13091980965670788,67.90644836425781,31.493732616722507,0.06545990482835394
2015-01-22,0.10700930549784805,66.1979751586914,30.706894838454563,0.05350465274892403
2015-01-23,0.1105370847999749,65.85176086425781,30.546018909251615,0.05526854239998745
2015-01-24,0.16541365172194827,62.948112487792976,29.194463157724087,0.08270682586097414
2015-01-25,0.14071919660706025,61.81653594970703,28.674058419206077,0.07035959830353013
2015-01-26,0.18540440110066714,60.965049743652344,28.27515963776721,0.09270220055033357
2015-01-27,0.17560501415031476,59.7581901550293,27.71821805006742,0.08780250707515738
2015-01-28,0.18305254823258257,57.733097076416016,26.7812991211616,0.09152627411629129
2015-01-29,0.1548303138155677,57.782478332519524,26.806324261625186,0.07741515690778385
2015-01-30,0.1548303138155677,57.797828674316406,26.813424993585038,0.07741515690778385
2015-01-31,0.1556142647715959,73.35707092285155,34.01060661970426,0.07780713238579795
2015-02-01,0.12151239818436958,69.1456527709961,32.06905884844004,0.06075619909218479
2015-02-02,0.12582412844252464,65.14546203613281,30.21667240256971,0.06291206422126232
2015-02-03,0.09172226185529833,63.73287963867188,29.567516151509388,0.045861130927649166
2015-02-04,0.10583337906380577,67.13267517089844,31.139915045839295,0.052916689531902886
2015-02-05,0.08388275229501643,67.85639953613281,31.478968282810875,0.041941376147508216
2015-02-06,0.08388275229501643,66.17273712158203,30.698948402743614,0.041941376147508216
2015-02-07,0.07486731630069222,69.86326599121094,32.41051533963496,0.03743365815034611
2015-02-08,0.06624385578438213,66.9262924194336,31.051046821819668,0.033121927892191066
2015-02-09,0.07408336534466405,64.10462188720703,29.742198473889893,0.03704168267233202
2015-02-10,0.13601549087089113,64.06465911865233,29.71496976124027,0.06800774543544556
2015-02-11,0.13052783417869376,61.17261123657226,28.377240724476643,0.06526391708934688
2015-02-12,0.11210498671203128,60.751651763916016,28.184392547783858,0.05605249335601564
2015-02-13,0.0760432427347345,55.48318862915039,25.747043240452477,0.03802162136736725
2015-02-14,0.0760432427347345,54.21513748168946,25.159471488185687,0.03802162136736725
2015-02-15,0.10818523193189035,53.35205841064453,24.758472597417075,0.054092615965945175
2015-02-16,0.152086485469469,54.0213737487793,25.066629984780313,0.0760432427347345
2015-02-17,0.12660807939855284,56.611751556396484,26.266637676626196,0.06330403969927642
2015-02-18,0.13327166252479244,52.922142028808594,24.558669097889386,0.06663583126239622
2015-02-19,0.12660807939855284,51.10685729980469,23.71864054041713,0.06330403969927642
2015-02-20,0.14934265712337036,52.27180099487304,24.257330271564083,0.07467132856168518
2015-02-21,0.14934265712337036,52.08626174926758,24.171493697892956,0.07467132856168518
2015-02-22,0.14934265712337036,56.11572265625,26.03565519573908,0.07467132856168518
2015-02-23,0.14738277973329988,56.62348175048828,26.270691109572365,0.07369138986664994
2015-02-24,0.14463895138720123,57.125308990478516,26.503058281336884,0.07231947569360062
2015-02-25,0.11445683958011586,65.07666015625001,30.186540010330393,0.05722841979005793
2015-02-26,0.06585188030636803,66.67506408691406,30.93467690469756,0.032925940153184015
2015-02-27,0.06585188030636803,67.85255432128906,31.48040581376029,0.032925940153184015
2015-02-28,0.050956812141832404,60.108997344970696,27.89302157813678,0.025478406070916202
2015-03-01,0.04037347423545183,56.864261627197266,26.389433938585068,0.020186737117725916
2015-03-02,0.04037347423545183,58.60907363891602,27.198542822452044,0.020186737117725916
2015-03-03,0.13366363800280653,63.65143585205079,29.524065041699245,0.06683181900140327
2015-03-04,0.14071919660706025,62.074588775634766,28.793464419547554,0.07035959830353013
2015-03-05,0.1391512946950039,59.704940795898445,27.697134936920964,0.06957564734750195
2015-03-06,0.11406486410210177,54.0100212097168,25.062902912404883,0.05703243205105089
2015-03-07,0.13091980965670788,52.96281814575195,24.57756342917148,0.06545990482835394
2015-03-08,0.1387593192169898,54.50966262817383,25.293116135450283,0.0693796596084949
2015-03-09,0.1387593192169898,54.23830795288086,25.167549795629647,0.0693796596084949
2015-03-10,0.14071919660706025,53.32644271850586,24.745529167029297,0.07035959830353013
2015-03-11,0.15051858355741266,54.1063346862793,25.10599776840027,0.07525929177870633
2015-03-12,0.14307104947514485,48.65745162963868,22.5851288629803,0.07153552473757242
2015-03-13,0.12974388322266558,48.51551055908203,22.519255500490633,0.06487194161133279
2015-03-14,0.1567901912056382,50.00092315673829,23.206747226605785,0.0783950956028191
2015-03-15,0.1567901912056382,49.9473762512207,23.181978650184625,0.0783950956028191
2015-03-16,0.1567901912056382,49.3972282409668,22.927503010496196,0.0783950956028191
2015-03-17,0.1567901912056382,49.3972282409668,22.927503010496196,0.0783950956028191
2015-03-18,0.15639821572762408,47.288352966308594,21.95201419283682,0.07819910786381204
2015-03-19,0.15875006859570864,48.768524169921875,22.636714732394896,0.07937503429785432
2015-03-20,0.1458148778212435,48.533935546875,22.528018729667803,0.07290743891062175
2015-03-21,0.14189512304110255,48.358821868896484,22.446934859609613,0.07094756152055127
2015-03-22,0.14189512304110255,47.87544250488281,22.22327162524358,0.07094756152055127
2015-03-23,0.13601549087089113,45.106964111328125,20.941988346503965,0.06800774543544556
2015-03-24,0.13601549087089113,44.99271011352539,20.8891154524683,0.06800774543544556
2015-03-25,0.13601549087089113,44.99271011352539,20.8891154524683,0.06800774543544556
2015-03-26,0.09564201663543928,61.900821685791016,28.718423603423215,0.04782100831771964
2015-03-27,0.11563276601415816,60.54202651977539,28.086963037902894,0.05781638300707908
2015-03-28,0.188932180402794,43.87898254394531,20.37695896210675,0.094466090201397
2015-03-29,0.188932180402794,43.99540710449219,20.430774711299247,0.094466090201397
2015-03-30,0.18697230301272352,45.67895126342773,21.208886564240988,0.09348615150636176
2015-03-31,0.21009885621555516,46.57832717895508,21.625420405109065,0.10504942810777758
2015-04-01,0.17795686701839933,46.10259246826172,21.404366173334985,0.08897843350919966
2015-04-02,0.1701173574581174,45.61022186279297,21.17637604488619,0.0850586787290587
2015-04-03,0.19481181257300545,44.829349517822266,20.816557834595848,0.09740590628650272
2015-04-04,0.17560501415031476,46.00271224975586,21.358092860044962,0.08780250707515738
2015-04-05,0.22891367916023173,46.222957611083984,21.461941276627865,0.11445683958011586
2015-04-06,0.23244145846235859,46.14773178100586,21.427335084343028,0.11622072923117929
2015-04-07,0.20813897882548468,43.01822662353516,19.980426631895163,0.10406948941274234
2015-04-08,0.234009360374415,41.72174835205078,19.383536925481945,0.1170046801872075
2015-04-09,0.3433705187403476,43.0634880065918,20.01071978026929,0.1716852593701738
2015-04-10,0.30221309354886755,43.62491226196289,20.26674001382994,0.15110654677443378
2015-04-11,0.2677192514836272,44.04997634887695,20.460686488978393,0.1338596257418136
2015-04-12,0.2590957909673171,42.63307571411132,19.80622352414864,0.12954789548365855
2015-04-13,0.2739908591318527,38.97666931152344,18.120304295740798,0.13699542956592636
2015-04-14,0.2739908591318527,38.71303939819336,17.998669013878065,0.13699542956592636
2015-04-15,0.4339168541616037,37.19804000854492,17.320142416459518,0.21695842708080185
2015-04-16,0.38178411558572894,37.117271423339844,17.276289932725515,0.19089205779286447
2015-04-17,0.38178411558572894,37.117271423339844,17.276289932725515,0.19089205779286447
2015-04-18,0.3598334888169396,35.41064453125,16.48751250531923,0.1799167444084698
2015-04-19,0.40334276687650417,30.529264450073246,14.247971537173768,0.20167138343825208
2015-04-20,0.4096143745247297,31.331768035888675,14.61836859895408,0.20480718726236485
2015-04-21,0.42842919746940633,31.55487823486328,14.724476458912154,0.21421459873470317
2015-04-22,0.4468520449360688,31.665294647216797,14.778628349999497,0.2234260224680344
2015-04-23,0.38060818915168665,31.464174270629886,14.67390293764333,0.19030409457584332
2015-04-24,0.41549400669494113,27.524532318115234,12.86824643472381,0.20774700334747057
2015-04-25,0.41549400669494113,27.554634094238278,12.882092392761702,0.20774700334747132
2015-04-26,0.4425403146779137,26.97365379333496,12.62108580960472,0.22127015733895686
2015-04-27,0.4425403146779137,26.920213699340824,12.59651934489645,0.22127015733895686
2015-04-28,0.4425403146779137,26.940410614013672,12.6058038867908,0.22127015733895686
2015-04-29,0.419021785997068,25.94530296325684,12.142694592708594,0.209510892998534
2015-04-30,0.40059893853040557,28.90171051025391,13.498566499604712,0.20029946926520278
2015-05-01,0.40059893853040557,28.90171051025391,13.498566499604712,0.20029946926520278
2015-05-02,0.45900328475450575,28.896400451660153,13.508448652587548,0.22950164237725287
2015-05-03,0.45900328475450575,29.284204483032227,13.686658709980348,0.22950164237725287
2015-05-04,0.45900328475450575,29.275484085083004,13.682651369949559,0.22950164237725287
2015-05-05,0.45782735832046345,28.204259872436527,13.190128580439584,0.22891367916023173
2015-05-06,0.46841069622684406,28.073705673217773,13.132453176056577,0.23420534811342203
2015-05-07,0.4903613229956334,21.61519432067871,10.171370525926964,0.2451806614978167
2015-05-08,0.4903613229956334,21.562997817993164,10.147400702282109,0.2451806614978167
2015-05-09,0.4903613229956334,21.562334060668945,10.14709588979112,0.2451806614978167
2015-05-10,0.44528414302401237,17.08824348449707,8.077655836399062,0.22264207151200618
2015-05-11,0.4468520449360688,16.675518035888672,7.888459354159867,0.2234260224680344
2015-05-12,0.4468520449360688,16.361238479614258,7.74399827840029,0.2234260224680344
2015-05-13,0.45665143188642116,16.12836456298828,7.640275159314013,0.22832571594321058
2015-05-14,0.4531236525842943,14.959991455078125,7.102101608272898,0.22656182629214716
2015-05-15,0.4531236525842943,15.701565742492674,7.442925567278705,0.22656182629214716
2015-05-16,0.4299970993814627,13.769083023071287,6.546386885427499,0.21499854969073134
2015-05-17,0.4307810503374909,13.37271213531494,6.364412213836442,0.2153905251687458
2015-05-18,0.4750742793530837,11.44213581085205,5.493775846286056,0.23753713967654186
2015-05-19,0.4750742793530837,11.44343090057373,5.494370778983601,0.23753713967654186
2015-05-20,0.4750742793530837,11.908740997314453,5.708122912457244,0.23753713967654186
2015-05-21,0.3414106413502771,17.84214591979981,8.39080136575855,0.17070532067513855
2015-05-22,0.3414106413502771,18.486248016357422,8.6875471227063,0.17070532067513855
2015-05-23,0.3414106413502771,18.419940948486328,8.656998641104465,0.17070532067513855
2015-05-24,0.3429785432623335,18.663475036621094,8.769689116425146,0.17148927163116676
2015-05-25,0.3551297830807705,18.980388641357422,8.919459409952015,0.17756489154038524
2015-05-26,0.34807422447651676,17.954822540283207,8.44484822753213,0.17403711223825838
2015-05-27,0.43705265798571646,14.724660873413084,6.98827571227576,0.21852632899285823
2015-05-28,0.3974631347062928,15.066022872924803,7.131388702958088,0.1987315673531464
2015-05-29,0.43313290320557546,14.789344787597658,7.016634350672161,0.21656645160278773
2015-05-30,0.3907995515800532,15.968137741088867,7.54423071747679,0.1953997757900266
2015-05-31,0.3907995515800532,15.968137741088867,7.54423071747679,0.1953997757900266
2015-06-01,0.41353412930487066,14.082747459411621,6.684705037891769,0.20676706465243533
2015-06-02,0.4119662273928143,12.860761642456053,6.122020176201102,0.20598311369640715
2015-06-03,0.40451869331054646,11.533479690551758,5.508596722608803,0.20225934665527323
2015-06-04,0.3955032573162223,12.01513957977295,5.726774889996726,0.19775162865811116
2015-06-05,0.4080464726126733,10.740284919738768,5.145047702984738,0.20402323630633665
2015-06-06,0.4080464726126733,10.689454078674315,5.1216631809503435,0.20402323630633665
2015-06-07,0.44606809398004055,8.303499221801758,4.0398680228030575,0.22303404699002027
2015-06-08,0.44606809398004055,8.271958351135252,4.025369765674237,0.22303404699002027
2015-06-09,0.44528414302401237,8.661925315856935,4.204300142349259,0.22264207151200618
2015-06-10,0.4664508188367736,8.662858009338379,4.213478575720321,0.2332254094183868
2015-06-11,0.4644909414467031,8.083230972290039,3.9463405209894367,0.23224547072335155
2015-06-12,0.4523397016282661,7.5920000076293945,3.71547588525533,0.22616985081413304
2015-06-13,0.4676267452708159,6.816720485687256,3.3657565323079752,0.23381337263540794
2015-06-14,0.4676267452708159,6.816720485687256,3.3657565323079752,0.23381337263540794
2015-06-15,0.4676267452708159,6.886878967285156,3.3979908562757717,0.23381337263540794
2015-06-16,0.4676267452708159,7.367232799530029,3.6186894902128146,0.23381337263540794
2015-06-17,0.5036884892481126,5.766217231750488,2.899054142071828,0.2518442446240563
2015-06-18,0.4633150150126608,5.4152326583862305,2.71992038342777,0.2316575075063304
2015-06-19,0.4374446334637305,5.859715461730957,2.9127379731021947,0.21872231673186526
2015-06-20,0.40020696305239145,6.465281009674071,3.1749366042443135,0.20010348152619592
2015-06-21,0.43430882963961776,6.5539655685424805,3.230558436584107,0.2171544148198087
2015-06-22,0.43430882963961776,6.547774314880371,3.22771180144542,0.21715441481980907
2015-06-23,0.40255881592047604,6.236921310424805,3.070891992794172,0.2012794079602378
2015-06-24,0.4891853965615911,4.551872730255126,2.334969924521047,0.24459269828079555
2015-06-25,0.4629230395346467,4.507695198059082,2.3027347238833555,0.23146151976732335
2015-06-26,0.5032965137700985,3.910888910293579,2.0471116967062883,0.25164825688504927
2015-06-27,0.4958489796878307,3.826832532882691,2.005083202937245,0.24792448984391535
2015-06-28,0.47193847552897095,3.6211118698120117,1.8995334491395244,0.23596923776448547
2015-06-29,0.47037057361691453,3.491278886795044,1.839158054251706,0.23518528680845727
2015-06-30,0.4754662548310978,3.4730110168457027,1.8331362471805803,0.2377331274155489
2015-07-01,0.48173786247932326,3.2618486881256104,1.7390654739265075,0.24086893123966163
2015-07-02,0.5095681214183241,3.249908924102783,1.746592103947603,0.254784060709162
2015-07-03,0.5127039252424369,3.2743883132934575,1.759294119185438,0.25635196262121845
2015-07-04,0.49153724942967564,2.8206174373626705,1.5410272683203416,0.24576862471483774
2015-07-05,0.497024906121873,2.7557554244995117,1.513834518420685,0.2485124530609365
2015-07-06,0.4315650012935191,2.8302052021026607,1.5171412892773335,0.21578250064675955
2015-07-07,0.4433242656339419,3.140211343765259,1.6651958135114517,0.22166213281697109
2015-07-08,0.44018846180982923,3.053208351135254,1.623728973473244,0.22009423090491448
2015-07-09,0.4809539115232951,2.170279026031494,1.237322714470835,0.24047695576164754
2015-07-10,0.4758582303091119,1.9814130067825317,1.1481264924617833,0.23792911515455595
2015-07-11,0.5279909688849865,2.0401859283447266,1.2001276459208434,0.26399548444249327
2015-07-12,0.44763599589209696,2.1208109855651855,1.1986488613986526,0.22381799794604848
2015-07-13,0.43822858441975876,1.9557543992996216,1.1182608743383584,0.21911429220987938
2015-07-14,0.5001607099459858,1.62233567237854,0.9949348914673632,0.25008035497299286
2015-07-15,0.4688026717048582,1.638469934463501,0.987177304182384,0.2344013358524291
2015-07-16,0.46135513762259034,3.1316609382629395,1.6697160207925918,0.23067756881129525
2015-07-17,0.47977798508925285,3.26698088645935,1.7405068290672003,0.2398889925446263
2015-07-18,0.4574353828424494,2.7070794105529785,1.472761585200696,0.2287176914212246
2015-07-19,0.43822858441975876,1.9875197410583496,1.1328648033811521,0.21911429220987938
2015-07-20,0.4480279713701111,1.5708155632019043,0.9460332716754918,0.22401398568505554
2015-07-21,0.4891853965615911,1.4100193977355957,0.8921223222951915,0.24459269828079555
2015-07-22,0.49545700420981664,3.543914318084717,1.874994139823133,0.24772850210490832
2015-07-23,0.4644909414467031,3.325952053070068,1.7604588918264468,0.23224547072335147
2015-07-24,0.4539076035403225,3.381617307662964,1.7811022652504918,0.22695380177016133
2015-07-25,0.48291378891336556,3.123106002807617,1.6758909441081482,0.24145689445668278
2015-07-26,0.48291378891336556,3.1311609745025635,1.6795905705882685,0.24145689445668278
2015-07-27,0.4809539115232951,2.205743551254273,1.2536121690197308,0.24047695576164754
2015-07-28,0.4597872357105339,1.86906623840332,1.088782882403338,0.22989361785526696
2015-07-29,0.4597872357105339,1.8620349168777466,1.0855517895454092,0.22989361785526696
2015-07-30,0.4574353828424494,1.700103998184204,1.0100039697203496,0.22871769142122472
2015-07-31,0.4974168815998871,0.8459186553955078,0.6371138824219342,0.2487084407999436
2015-08-01,0.4974168815998871,0.8459186553955078,0.6371138824219342,0.2487084407999436
2015-08-02,0.4974168815998871,0.8861593604087831,0.6555904920843061,0.2487084407999435
2015-08-03,0.47193847552897095,0.7472306489944458,0.5792522430957283,0.23596923776448547
2015-08-04,0.4676267452708159,0.6794016361236572,0.5459645472941869,0.23381337263540794
2015-08-05,0.5064323175942114,0.5436139702796936,0.5027687192958016,0.2532161587971057
2015-08-06,0.4421483391998996,0.6242470741271974,0.5080436214087739,0.2210741695999498
2015-08-07,0.39432733088218,1.8820240497589111,1.0632393851697877,0.19716366544109
2015-08-08,0.38883967418998266,2.121124505996704,1.1706419534160781,0.19441983709499133
2015-08-09,0.38648782132189813,1.5251133441925049,0.8951949058413287,0.193243910660949
2015-08-10,0.46253106405663263,0.9648363590240479,0.6746088941560849,0.23126553202831632
2015-08-11,0.49310515134173205,0.8280898928642273,0.6268076061240342,0.24655257567086603
2015-08-12,0.5142718271544933,0.9576098322868348,0.696663204131527,0.25713591357724663
2015-08-13,0.48016996056726685,1.515089511871338,0.9360030228369114,0.2400849802836335
2015-08-14,0.4856576172594642,1.6546611785888672,1.0027647636501558,0.24282880862973216
2015-08-15,0.47860205865521055,1.6845769882202148,1.013095269410916,0.23930102932760527
2015-08-16,0.47860205865521055,1.7744797468185427,1.0543912370380677,0.23930102932760527
2015-08-17,0.47860205865521055,1.8631857633590696,1.0951374927092403,0.23930102932760527
2015-08-18,0.4852656417814501,2.6499855518341064,1.4597016169884147,0.24263282089072505
2015-08-19,0.4852656417814501,2.6708319187164307,1.4692758060351894,0.24263282089072505
2015-08-20,0.4574353828424494,2.4997107982635494,1.3774649142295665,0.2287176914212247
2015-08-21,0.4946730532537884,1.8229740858078003,1.084409172547428,0.2473365266268942
2015-08-22,0.4738983529190414,1.5024785995483398,0.9271689449974769,0.23694917645952066
2015-08-23,0.4738983529190414,1.5764009952545166,0.9611279636945994,0.2369491764595207
2015-08-24,0.4738983529190414,1.573266267776489,0.9596879093237991,0.23694917645952074
2015-08-25,0.4688026717048582,1.5444059371948242,0.943960693892797,0.23440133585242912
2015-08-26,0.4856576172594642,0.8053882718086242,0.6127193417605692,0.2428288086297321
2015-08-27,0.48840144560556287,0.6754539608955383,0.5543978140016862,0.24420072280278143
2015-08-28,0.5017286118580422,0.7599236369132996,0.5997521767211409,0.2508643059290211
2015-08-29,0.44724402041408284,0.6711300611495972,0.5321096032062366,0.22362201020704142
2015-08-30,0.44724402041408284,0.6531672477722168,0.5238529248318691,0.22362201020704142
2015-08-31,0.497024906121873,0.6564918160438538,0.5499447112299445,0.2485124530609365
2015-09-01,0.5087841704622958,0.600763738155365,0.5301658080246656,0.2543920852311479
2015-09-02,0.5087841704622958,0.6863915920257568,0.5694722949793599,0.2543920852311479
2015-09-03,0.5087841704622958,0.7843454480171203,0.6144368922296229,0.2543920852311479
2015-09-04,0.5072162685502395,1.3511475324630737,0.8738581400346035,0.25360813427511975
2015-09-05,0.5072162685502395,1.370373249053955,0.8826837867828058,0.2536081342751198
2015-09-06,0.49349712681974617,1.5906153917312622,0.9771455244652825,0.24674856340987308
2015-09-07,0.4758582303091119,1.715529441833496,1.0259881383390936,0.237929115154556
2015-09-08,0.3880557232339545,1.726177453994751,0.9884938660372912,0.19402786161697722
2015-09-09,0.3907995515800532,1.9377486705780032,1.0871873854944119,0.1953997757900266
2015-09-10,0.36649707194317926,2.6833245754241943,1.4188160166049866,0.18324853597158963
2015-09-11,0.47076254909492865,3.281176567077637,1.7428154058941412,0.2353812745474644
2015-09-12,0.45116377519422385,2.3581044673919678,1.309401521760568,0.22558188759711192
2015-09-13,0.45116377519422385,2.370408535003662,1.3150566529229195,0.22558188759711192
2015-09-14,0.43822858441975876,3.233334541320801,1.705620830427392,0.21911429220987938
2015-09-15,0.4523397016282661,2.94074034690857,1.5777429577531594,0.22616985081413304
2015-09-16,0.4523397016282661,2.919533014297486,1.5679960039096539,0.22616985081413304
2015-09-17,0.4492038978041534,3.5914218425750737,1.8753428479456398,0.2246019489020767
2015-09-18,0.443716241111956,2.0874788761138916,1.1814497024759392,0.221858120555978
2015-09-19,0.46605884335875947,1.8892718553543089,1.1010852560027964,0.23302942167937973
2015-09-20,0.4425403146779137,1.5826095342636108,0.9487973445988434,0.22127015733895686
2015-09-21,0.48252181343535144,1.2739543914794922,0.8263896697841823,0.24126090671767572
2015-09-22,0.48252181343535144,1.3754205703735352,0.8729932061010566,0.24126090671767572
2015-09-23,0.48252181343535144,1.4128097295761108,0.8901660912707468,0.24126090671767572
2015-09-24,0.48252181343535144,1.4128097295761108,0.8901660912707468,0.24126090671767572
2015-09-25,0.4209816633871385,6.375424861907959,3.1426544787990127,0.21049083169356925
2015-09-26,0.4754662548310978,6.302550792694092,3.1329468622323455,0.23773312741554908
2015-09-27,0.497024906121873,5.562244892120361,2.802451431957318,0.2485124530609365
2015-09-28,0.4770341567431542,4.736435890197754,2.414227620051407,0.2385170783715771
2015-09-29,0.48369773986939374,4.757113933563232,2.4267410019575437,0.24184886993469687
2015-09-30,0.5017286118580422,5.296433925628662,2.6825054147771166,0.2508643059290211
2015-10-01,30.395346467125016,0.8360407352447511,15.331584335736038,15.197673233562508
2015-10-02,30.00023518528681,0.9116286039352417,15.149737773404356,15.000117592643406
2015-10-03,29.623546750915263,1.4038420915603638,15.047465739248949,14.811773375457632
2015-10-04,28.65458336926442,2.198709011077881,14.717739685313747,14.32729168463221
2015-10-05,17.874473772920766,2.2053570747375484,9.566605363727145,8.937236886460383
2015-10-06,17.691421224688185,2.2961652278900146,9.50519726065266,8.845710612344092
2015-10-07,17.255936468614525,2.319592237472534,9.304284875987413,8.627968234307263
2015-10-08,15.305466490016384,2.4021379947662354,8.399970489203618,7.652733245008192
2015-10-09,11.22108200910951,2.5501840114593506,6.507990500665656,5.610541004554755
2015-10-10,10.972961531526588,3.007242202758789,6.552237745976491,5.486480765763294
2015-10-11,9.954217264167955,2.997426986694336,6.069923246836419,4.9771086320839775
2015-10-12,5.522150534262576,1.4171495437622073,3.3405546580630516,2.761075267131288
2015-10-13,5.522150534262576,1.433743596076965,3.3473400473473176,2.761075267131288
2015-10-14,5.489224594109392,2.1981823444366455,3.6441835985944504,2.744612297054696
2015-10-15,5.308915874222909,5.7765374183654785,5.028829966141391,2.6544579371114545
2015-10-16,5.289709075800218,6.249202251434326,5.214709689643529,2.644854537900109
2015-10-17,5.269326350943485,6.940872192382812,5.490368021077577,2.6346631754717427
2015-10-18,5.212097931153427,7.147089481353759,5.550688604430475,2.6060489655767136
2015-10-19,4.875782971017333,16.82242202758789,9.425396943451398,2.4378914855086666
2015-10-20,3.802946087692754,29.221433639526367,14.352636598690463,1.9014730438463763
2015-10-21,2.489044285389506,35.56536102294922,16.866107684085875,1.244522142694753
2015-10-22,1.306062292742966,35.05959701538086,16.467215667044083,0.653031146371483
2015-10-23,0.9677874552168015,32.946014404296875,15.456161533115543,0.48389372760840077
2015-10-24,0.86234605163101,30.34500312805176,14.25341127831635,0.431173025815505
2015-10-25,0.7553367461331619,30.713094711303707,14.400439294650539,0.37766837306658096
2015-10-26,0.48604959273747833,25.18378829956055,11.80908020482526,0.24302479636873917
2015-10-27,0.47311440196301324,23.107784271240234,10.852163769664843,0.23655720098150662
2015-10-28,0.4527316771062802,23.660476684570312,11.100699332149194,0.2263658385531401
2015-10-29,0.4433242656339419,23.483484268188477,11.016859261346012,0.22166213281697095
2015-10-30,0.5334786255771838,17.217859268188477,8.166148824874718,0.2667393127885919
2015-10-31,0.5252471405388879,15.419391632080078,7.338180450586468,0.26262357026944394
2015-11-01,0.4993767589899576,15.17949104309082,7.219088125300281,0.2496883794949788
2015-11-02,0.47899403413322467,12.969160079956055,6.196705148086965,0.23949701706661233
2015-11-03,0.4758582303091119,11.893571853637695,5.701453312754735,0.23792911515455595
2015-11-04,0.4758582303091119,11.791626930236816,5.654623095333309,0.23792911515455595
2015-11-05,0.5146638026325073,10.980799674987793,5.297296769114765,0.25733190131625366
2015-11-06,0.5150557781105214,11.384122848510742,5.48256530978084,0.2575278890552607
2015-11-07,0.5232872631488173,9.943537712097168,4.8246687690819146,0.2616436315744087
2015-11-08,0.5252471405388879,9.605790138244629,4.67047026910639,0.26262357026944394
2015-11-09,0.5072162685502395,8.351249694824219,4.087284729066349,0.25360813427511975
2015-11-10,0.48408971534740786,7.234437942504883,3.5647173566709607,0.24204485767370393
2015-11-11,0.46919464718287224,7.344677448272704,3.60899522460996,0.23459732359143612
2015-11-12,0.48369773986939374,7.8181986808776855,3.832664861101455,0.24184886993469687
2015-11-13,0.4629230395346467,6.956775665283203,3.4280802771207397,0.23146151976732335
2015-11-14,0.4629230395346467,6.766305446624756,3.3405597499432957,0.23146151976732335
2015-11-15,0.4629230395346467,6.761973857879639,3.338569397156604,0.23146151976732354
2015-11-16,0.4868335436935065,7.361079692840576,3.6240520159756118,0.24341677184675325
2015-11-17,0.4911452739516616,7.335204124450684,3.6140080433207196,0.2455726369758308
2015-11-18,0.4644909414467031,5.353771686553955,2.692204488280826,0.23224547072335155
2015-11-19,0.47076254909492865,6.121188163757324,3.047570065308371,0.2353812745474645
2015-11-20,0.47076254909492865,6.121188163757324,3.047570065308371,0.2353812745474645
2015-11-21,0.47076254909492865,7.191093921661378,3.539104861994228,0.23538127454746433
2015-11-22,0.443716241111956,11.902944564819336,5.693513683233593,0.221858120555978
2015-11-23,0.4852656417814501,22.67620849609375,10.657220083564502,0.24263282089072505
2015-11-24,0.488793421083577,20.54438018798828,9.679166436020614,0.2443967105417885
2015-11-25,0.488793421083577,20.804622650146484,9.798679786181932,0.2443967105417885
2015-11-26,0.43783660894174464,21.20708465576172,9.96883387010831,0.21891830447087232
2015-11-27,0.47154650005095683,25.864269256591797,12.118101482253644,0.23577325002547841
2015-11-28,0.4386205598977728,25.90252113342285,12.127740491446701,0.2193102799488864
2015-11-29,0.410790300958772,24.492876052856445,11.472571283434252,0.205395150479386
2015-11-30,0.42411746721125126,21.555593490600586,10.125157794764437,0.21205873360562563
2015-12-01,0.3759044834155175,22.58333969116211,10.584584702167653,0.18795224170775876
2015-12-02,0.44606809398004055,14.310171127319338,6.800929208952764,0.22303404699002027
2015-12-03,0.45077179971620973,14.164103507995604,6.735472546182711,0.22538589985810487
2015-12-04,0.40883042356870153,13.172762870788574,6.2643880148293345,0.20441521178435076
2015-12-05,0.48134588700130915,9.547507286071777,4.625966636123695,0.24067294350065457
2015-12-06,0.4711545245729427,9.161347389221191,4.444436381414365,0.23557726228647136
2015-12-07,0.5409261596594517,9.7381534576416,4.737521008660399,0.27046307982972584
2015-12-08,0.4609631621445762,12.706995964050293,6.069559356304063,0.2304815810722881
2015-12-09,0.47311440196301324,13.514186859130858,6.444910589962828,0.23655720098150662
2015-12-10,0.4876174946495347,8.583900451660156,4.185966998086607,0.24380874732476734
2015-12-11,0.4727224264849991,10.22611904144287,4.934231915333869,0.23636121324249956
2015-12-12,0.46723476979280176,10.423478126525879,5.022726693532918,0.23361738489640088
2015-12-13,0.4492038978041534,11.856101989746094,5.674073861584117,0.2246019489020767
2015-12-14,0.4127501783488425,9.017054557800293,4.354210289262599,0.20637508917442124
2015-12-15,0.4468520449360688,9.338728904724121,4.516046388221464,0.2234260224680344
2015-12-16,0.3762964588935316,13.763376235961916,6.5243034548131424,0.18814822944676618
2015-12-17,0.4546915544963507,16.38288116455078,7.75658192640302,0.22734577724817534
2015-12-18,0.45861130927649163,17.14641571044922,8.108774522557935,0.22930565463824581
2015-12-19,0.4127501783488425,17.181957244873047,8.11005656407949,0.20637508917442124
2015-12-20,0.4280372219913922,11.904131889343262,5.6880864250986,0.2140186109956961
2015-12-21,0.40334276687650417,12.916205406188967,6.144326774934142,0.20167138343825208
2015-12-22,0.42490141816727944,12.351722717285156,5.89272871518296,0.21245070908363972
2015-12-23,0.4323489522495473,10.751101493835447,5.159562279544656,0.21617447612477364
2015-12-24,0.4652748924027313,13.667239189147947,6.512373794682941,0.23263744620136564
2015-12-25,0.4527316771062802,9.896459579467773,4.774769630569993,0.2263658385531401
2015-12-26,0.4409724127658574,8.25274658203125,4.014411466983078,0.2204862063829287
2015-12-27,0.47977798508925285,8.003137588500977,3.9159591719647766,0.23988899254462642
2015-12-28,0.439404510853801,8.07163906097412,3.9304959230842615,0.2197022554269005
2015-12-29,0.3939353554041659,10.162901878356934,4.873803519637425,0.19696767770208296
2015-12-30,0.44175636372188554,8.504081726074219,4.130279732649144,0.22087818186094277
2015-12-31,0.44175636372188554,13.144078254699707,6.263327157280872,0.22087818186094277
2016-01-01,0.4527316771062802,7.966022968292237,3.887542725633634,0.2263658385531401
2016-01-02,0.4527316771062802,8.324322700500488,4.052216955601264,0.2263658385531401
2016-01-03,0.15639821572762408,46.96765518188477,21.803671448913278,0.07819910786381204
2016-01-04,0.10936115836593263,48.200801849365234,22.373232468355102,0.054680579182966316
2016-01-05,0.1532624119035113,47.89927291870117,22.23453693104147,0.07663120595175565
2016-01-06,0.19481181257300545,54.99209976196289,25.513560324763617,0.09740590628650272
2016-01-07,0.16933340650208922,53.94163513183594,25.02906264817984,0.08466670325104461
2016-01-08,0.15051858355741266,53.25004959106445,24.709862114340027,0.07525929177870633
2016-01-09,0.15051858355741266,53.21292495727539,24.692687471023266,0.07525929177870633
2016-01-10,0.12856795678862332,55.10476303100585,25.56901243321969,0.06428397839431166
2016-01-11,0.10112967332763662,55.50862884521484,25.757449452540737,0.05056483666381831
2016-01-12,0.0936821392453688,59.42090606689453,27.569985763892756,0.0468410696226844
2016-01-13,0.06585188030636803,58.70635223388672,27.241434872421905,0.032925940153184015
2016-01-14,0.06585188030636803,56.25232696533203,26.104072970366243,0.032925940153184015
2016-01-15,0.10426547715174939,57.32596969604492,26.59885772803347,0.05213273857587469
2016-01-16,0.11132103575600309,57.02452850341797,26.45876959057864,0.055660517878001546
2016-01-17,0.0858426296850869,57.755794525146484,26.799331459708892,0.04292131484254345
2016-01-18,0.19441983709499133,55.59730911254883,25.79329688524426,0.09720991854749567
2016-01-19,0.15914204407372273,57.61114501953125,26.7267410510027,0.07957102203686137
2016-01-20,0.17756489154038524,56.34995269775391,26.142225638766632,0.08878244577019262
2016-01-21,0.15247846094748313,55.05085754394532,25.54285509302103,0.07623923047374156
2016-01-22,0.19128403327087856,56.26535034179688,26.102250123293324,0.09564201663543928
2016-01-23,0.1709013084141456,54.60558700561523,25.336023740541375,0.0854506542070728
2016-01-24,0.1548303138155677,54.840850830078125,25.44559179736114,0.07741515690778385
2016-01-25,0.19245995970492086,53.90648269653321,25.01190356479907,0.09622997985246043
2016-01-26,0.19245995970492086,53.29136657714844,24.72759578434699,0.09622997985246043
2016-01-27,0.18971613135882218,53.02630233764648,24.605165651041034,0.09485806567941109
2016-01-28,0.1622778478978355,50.6763801574707,23.519148487838727,0.08113892394891775
2016-01-29,0.19559576352903363,45.60490798950195,21.175038575193426,0.09779788176451681
2016-01-30,0.12464820200848235,45.68088912963867,21.207090508822983,0.06232410100424118
2016-01-31,0.12464820200848235,45.614871978759766,21.17653249515817,0.06232410100424118
2016-02-01,0.17050933293613152,45.767669677734375,21.24920047672716,0.08525466646806576
2016-02-02,0.17050933293613152,45.56338882446289,21.154736656760935,0.08525466646806576
2016-02-03,0.17050933293613152,45.56338882446289,21.154736656760935,0.08525466646806576
2016-02-04,0.1638457498098919,54.93769454956055,25.489944426532425,0.08192287490494594
2016-02-05,0.20225934665527323,50.54440689086914,23.45789271149607,0.10112967332763662
2016-02-06,0.20225934665527323,50.94938659667969,23.645035376841953,0.10112967332763662
2016-02-07,0.14424697590918711,56.53835678100586,26.23151285316266,0.07212348795459356
2016-02-08,0.14424697590918711,56.9911994934082,26.44103590104348,0.07212348795459356
2016-02-09,0.14424697590918711,56.98261260986328,26.437062887979884,0.07212348795459356
2016-02-10,0.14424697590918711,57.64963150024415,26.745681812562495,0.07212348795459356
2016-02-11,0.10387350167373528,69.52981567382814,32.250337033597795,0.05193675083686764
2016-02-12,0.11680869244820044,66.51941680908202,30.85412162177451,0.05840434622410022
2016-02-13,0.09289818828934063,66.54595184326172,30.87036245705218,0.046449094144670314
2016-02-14,0.09289818828934063,66.26497650146484,30.740215402982546,0.046449094144670314
2016-02-15,0.09289818828934063,65.760009765625,30.50631611255931,0.046449094144670314
2016-02-16,0.09289818828934063,65.57704162597656,30.421565741898455,0.046449094144670314
2016-02-17,0.09289818828934063,66.5353317260742,30.865443246145663,0.046449094144670314
2016-02-18,0.11916054531628502,72.54961395263673,33.64532121076621,0.05958027265814251
2016-02-19,0.11916054531628502,72.24552154541016,33.50454625341048,0.05958027265814251
2016-02-20,0.0936821392453688,65.47624206542969,30.374754319129565,0.0468410696226844
2016-02-21,0.0936821392453688,62.279804229736335,28.894197611377802,0.0468410696226844
2016-02-22,0.12072844722834139,61.10869979858398,28.348749745266776,0.060364223614170695
2016-02-23,0.12072844722834139,60.83921813964843,28.224001532915516,0.060364223614170695
2016-02-24,0.12112042270635548,56.5776023864746,26.251192337027877,0.06056021135317774
2016-02-25,0.14032722112904616,55.83256912231446,25.90518486472965,0.07016361056452308
2016-02-26,0.10034572237160844,55.99960327148437,25.984874160698773,0.05017286118580422
2016-02-27,0.10034572237160844,55.796634674072266,25.890874745711052,0.05017286118580422
2016-02-28,0.10034572237160844,55.796634674072266,25.890874745711052,0.05017286118580422
2016-02-29,0.10034572237160844,55.80762481689453,25.895964533043163,0.05017286118580422
2016-03-01,0.12072844722834139,59.90866851806641,27.79323232118128,0.060364223614170695
2016-03-02,0.12072844722834139,59.58616256713868,27.643938150254037,0.060364223614170695
2016-03-03,0.12072844722834139,59.58616256713868,27.643938150254037,0.060364223614170695
2016-03-04,0.12072844722834139,59.82588195800782,27.75490883966935,0.060364223614170695
2016-03-05,0.12072844722834139,59.82588195800782,27.75490883966935,0.060364223614170695
2016-03-06,0.09603399211345338,63.36211013793945,29.395196176354478,0.04801699605672669
2016-03-07,0.12072844722834139,63.41621398925782,29.41694218329306,0.060364223614170695
2016-03-08,0.12072844722834139,64.68614959716797,30.004819657083935,0.060364223614170695
2016-03-09,0.1289599322666374,64.23567962646484,29.79511668692023,0.0644799661333187
2016-03-10,0.09525004115742519,75.91770935058594,35.210726831123786,0.047625020578712596
2016-03-11,0.09525004115742519,75.63016510009766,35.077543838098215,0.047625020578712596
2016-03-12,0.09681794306948158,71.87561798095703,33.33819260353986,0.04840897153474079
2016-03-13,0.09681794306948158,71.49417877197266,33.161525896629364,0.04840897153474079
2016-03-14,0.08976238446522786,63.890453338623054,29.64077797196511,0.04488119223261393
2016-03-15,0.08976238446522786,63.724945068359375,29.564109777783514,0.04488119223261393
2016-03-16,0.11994449627231321,65.34114074707031,30.30814785067989,0.059972248136156606
2016-03-17,0.09799386950352386,64.15279388427734,29.761136677868905,0.04899693475176193
2016-03-18,0.14111117208507434,63.0794792175293,29.25839526490362,0.07055558604253717
2016-03-19,0.10465745262976348,55.79812622070312,25.891315515619702,0.05232872631488174
2016-03-20,0.09956177141558024,56.829914093017585,26.36946369849366,0.04978088570779012
2016-03-21,0.1383673437389757,58.22623443603515,27.012950399860824,0.06918367186948784
2016-03-22,0.11484881505812997,58.89235305786132,27.323283300575547,0.05742440752906498
2016-03-23,0.08388275229501643,57.64433670043946,26.747846438256182,0.041941376147508216
2016-03-24,0.16541365172194827,51.55464172363281,23.92529889605131,0.08270682586097414
2016-03-25,0.11367288862408767,54.091175079345696,25.100492034458867,0.056836444312043835
2016-03-26,0.15718216668365229,52.95701217651367,24.574099745614472,0.07859108334182614
2016-03-27,0.13405561348082065,53.582447052001946,24.864226009903692,0.06702780674041033
2016-03-28,0.1803087198864839,53.03311920166015,24.60860194293703,0.09015435994324195
2016-03-29,0.13209573609075015,53.1392707824707,24.659191830001475,0.06604786804537507
2016-03-30,0.15404636285953952,52.97026443481445,24.58032278008683,0.07702318142976976
2016-03-31,0.15404636285953952,52.15539169311523,24.203374106379407,0.07702318142976976
2016-04-01,0.15404636285953952,51.85614395141602,24.064946308306,0.07702318142976976
2016-04-02,0.15404636285953952,51.78261947631836,24.030934919834095,0.07702318142976976
2016-04-03,0.08819448255317147,51.232616424560554,23.777322941883423,0.044097241276585736
2016-04-04,0.08309880133898824,46.329967498779304,21.506010977344676,0.04154940066949412
2016-04-05,0.06428397839431166,45.432212829589844,21.08922593313366,0.03214198919715583
2016-04-06,0.12660807939855284,44.00299835205078,20.430546090058577,0.06330403969927642
2016-04-07,0.33827483752616433,42.11320877075195,19.572531188505977,0.16913741876308216
2016-04-08,0.33827483752616433,42.30852127075195,19.66252018379443,0.16913741876308216
2016-04-09,0.33827483752616433,46.09428787231445,21.406788128094963,0.16913741876308216
2016-04-10,0.33553100918006573,40.08258056640625,18.636660008943394,0.16776550459003287
2016-04-11,0.39001560062402496,37.319496154785156,17.37041950205644,0.19500780031201248
2016-04-12,0.4080464726126733,36.2150993347168,16.864632634774384,0.20402323630633665
2016-04-13,0.4084384480906874,35.541587829589844,16.55484307504689,0.2042192240453437
2016-04-14,0.3986390611403351,34.76806640625,16.197498081004426,0.19931953057016755
2016-04-15,0.38531189488785583,34.29319763183594,15.976898685003423,0.19265594744392792
2016-04-16,0.39001560062402496,33.67245101928711,15.691953602162679,0.19500780031201248
2016-04-17,0.33788286204815027,36.955421447753906,17.196062269523253,0.16894143102407513
2016-04-18,0.33709891109212203,36.70522689819336,17.08068151287614,0.16854945554606102
2016-04-19,0.3547378076027564,41.554969787597656,19.316716421351295,0.1773689038013782
2016-04-20,0.410790300958772,32.15050506591797,14.995222305094375,0.205395150479386
2016-04-21,0.41471005573891295,30.389995574951172,14.186124031722361,0.20735502786945648
2016-04-22,0.4303890748594768,30.134248733520508,14.071600532618463,0.2151945374297384
2016-04-23,0.377864360805588,39.84814453125,18.53293628118594,0.188932180402794
2016-04-24,0.3496421263885731,38.20594787597656,17.77362618335588,0.17482106319428656
2016-04-25,0.32965137700985425,35.224483489990234,16.397320557483955,0.16482568850492713
2016-04-26,0.32965137700985425,35.284217834472656,16.42484792890981,0.16482568850492713
2016-04-27,0.35787361142686913,44.57217025756835,20.70654588168117,0.17893680571343457
2016-04-28,0.3276914996197838,43.146297454833984,20.047794895155523,0.1638457498098919
2016-04-29,0.419021785997068,41.560001373291016,19.32445943108374,0.209510892998534
2016-04-30,0.41118227643678606,40.038333892822266,18.623808547393107,0.20559113821839303
2016-05-01,0.41118227643678606,40.79411697387695,18.971479785120028,0.20559113821839303
2016-05-02,0.3782563362836021,40.73002243041992,18.93894313326922,0.18912816814180106
2016-05-03,0.37316065506941887,39.13531112670899,18.204273976699426,0.18658032753470943
2016-05-04,0.43705265798571646,35.07764434814453,16.345679492950588,0.21852632899285823
2016-05-05,0.41823783504103984,31.775558471679684,14.824097206261003,0.20911891752051992
2016-05-06,0.38178411558572894,30.856189727783207,14.394260414015339,0.19089205779286447
2016-05-07,0.4539076035403225,28.482564926147464,13.317179716938297,0.22695380177016125
2016-05-08,0.4405804372878433,27.98798179626465,13.086941999432838,0.22029021864392165
2016-05-09,0.4405804372878433,27.98798179626465,13.086941999432838,0.22029021864392165
2016-05-10,0.44998784876018155,27.973310470581055,13.082269430106319,0.22499392438009078
2016-05-11,0.44998784876018155,27.974538803100586,13.082834004314753,0.22499392438009078
2016-05-12,0.44998784876018155,30.79336166381836,14.37843976253215,0.22499392438009078
2016-05-13,0.44998784876018155,30.92061805725098,14.43693017652691,0.22499392438009078
2016-05-14,0.44881192232613926,31.870086669921875,14.873117941848001,0.22440596116306963
2016-05-15,0.47860205865521055,26.8843936920166,12.588388742435491,0.23930102932760527
2016-05-16,0.45900328475450575,27.005180358886722,12.639364233626965,0.22950164237725357
2016-05-17,0.47429032839705554,24.84819793701172,11.651997325253264,0.23714516419852777
2016-05-18,0.44763599589209696,23.93909454345703,11.22742386518587,0.22381799794604848
2016-05-19,0.4174538840850116,25.88817596435547,12.11604176894378,0.2087269420425058
2016-05-20,0.4688026717048582,25.074474334716797,11.754577141740254,0.2344013358524291
2016-05-21,0.45077179971620973,23.55643653869629,11.052364314622686,0.22538589985810487
2016-05-22,0.4480279713701111,21.186691284179688,9.962394526250781,0.22401398568505554
2016-05-23,0.4480279713701111,21.222558975219727,9.97888097143348,0.22401398568505554
2016-05-24,0.39001560062402496,23.885841369628906,11.187898960053266,0.19500780031201248
2016-05-25,0.419021785997068,22.185758590698242,10.413544091421814,0.209510892998534
2016-05-26,0.3868797967999122,21.833826065063477,10.242624419130573,0.1934398983999561
2016-05-27,0.39119152705806726,19.9737663269043,9.387812426702572,0.19559576352903363
2016-05-28,0.38648782132189813,18.550018310546875,8.731103646323367,0.19324391066094906
2016-05-29,0.38648782132189813,18.565048217773438,8.738021334359686,0.19324391066094906
2016-05-30,0.38648782132189813,19.402881622314453,9.12364381570013,0.19324391066094906
2016-05-31,0.35787361142686913,20.21137809753418,9.487239858385848,0.17893680571343457
2016-06-01,0.3582655869048832,19.948162078857422,9.366134130603074,0.1791327934524416
2016-06-02,0.3582655869048832,20.311801910400394,9.533606181683272,0.1791327934524416
2016-06-03,0.3582655869048832,21.01734733581543,9.858540716558464,0.1791327934524416
2016-06-04,0.357481635948855,20.911865234375,9.809733557463177,0.1787408179744275
2016-06-05,0.3617933662070101,21.038452148437496,9.869282105563038,0.18089668310350504
2016-06-06,0.3617933662070101,19.975505828857422,9.379786321613864,0.18089668310350504
2016-06-07,0.3751205324594893,17.02928924560547,8.027422690270237,0.18756026622974464
2016-06-08,0.3751205324594893,17.077491760253906,8.04961393254032,0.18756026622974464
2016-06-09,0.3751205324594893,17.266246795654297,8.136512069511353,0.18756026622974464
2016-06-10,0.4664508188367736,10.695643424987793,5.147466017085404,0.2332254094183868
2016-06-11,0.4664508188367736,10.657768249511719,5.130063817147419,0.2332254094183868
2016-06-12,0.46605884335875947,10.764704704284668,5.179043250679451,0.23302942167937973
2016-06-13,0.4339168541616037,11.646491050720215,5.571866353018922,0.21695842708080185
2016-06-14,0.44175636372188554,12.265708923339844,5.859533010329717,0.22087818186094277
2016-06-15,0.44881192232613926,11.77225875854492,5.63538678785697,0.22440596116306963
2016-06-16,0.4468520449360688,11.965776443481445,5.723589500535982,0.2234260224680344
2016-06-17,0.42882117294742045,11.620368957519531,5.557900044346102,0.21441058647371022
2016-06-18,0.42882117294742045,11.898238182067871,5.685674926320088,0.21441058647371022
2016-06-19,0.41706190860699754,12.800614356994627,6.096247581483159,0.20853095430349877
2016-06-20,0.4844816908254219,9.40059757232666,4.559762220412073,0.24224084541271096
2016-06-21,0.47977798508925285,9.109230041503906,4.424019096863225,0.23988899254462642
2016-06-22,0.4833057643913796,7.534096240997314,3.7020131583918787,0.2416528821956898
2016-06-23,0.46723476979280176,6.349062442779541,3.1507198795475184,0.23361738489640071
2016-06-24,0.4409724127658574,5.8922200202941895,2.9292380326756366,0.2204862063829287
2016-06-25,0.48252181343535144,6.04118013381958,3.0159821077322775,0.24126090671767572
2016-06-26,0.49271317586371793,5.893483638763428,2.9526399873044458,0.24635658793185897
2016-06-27,0.45939526023251986,5.348680019378662,2.687589672511769,0.22969763011625993
2016-06-28,0.43470080511763187,4.835538387298584,2.440631322577589,0.21735040255881594
2016-06-29,0.46801872074883,4.369931697845459,2.241757947693067,0.234009360374415
2016-06-30,0.48604959273747833,4.4642558097839355,2.293305295843313,0.24302479636873917
2016-07-01,0.47037057361691453,4.1742401123046875,2.152925943457128,0.23518528680845727
2016-07-02,0.4676267452708159,4.164333343505859,2.147116896987652,0.23381337263540794
2016-07-03,0.44763599589209696,3.355281114578247,1.7660731108781742,0.2238179979460484
2016-07-04,0.42725327103536404,3.099544048309326,1.638963966147058,0.21362663551768193
2016-07-05,0.43587673155167417,3.019078493118286,1.606012950283043,0.217938365775837
2016-07-06,0.4319569767715332,2.904928207397461,1.5516843318337363,0.2159784883857665
2016-07-07,0.46135513762259034,2.9044477939605717,1.565308660643301,0.2306775688112951
2016-07-08,0.4531236525842943,3.0850107669830322,1.6444178671811769,0.22656182629214716
2016-07-09,0.4503798242381956,2.301163673400879,1.2828567565426205,0.2251899121190978
2016-07-10,0.44959587328216744,1.7813630104064941,1.0435666107458723,0.22479793664108372
2016-07-11,0.45782735832046345,1.7523552179336548,1.034205243829615,0.22891367916023173
2016-07-12,0.46017921118854804,1.6535048484802246,0.989915779764196,0.23008960559427402
2016-07-13,0.4139261047828848,1.7595431804656982,1.016330293318504,0.2069630523914424
2016-07-14,0.4562594564084071,2.207832813262939,1.2427697870216403,0.22812972820420355
2016-07-15,0.46997859813890047,2.0362863540649414,1.1705134525484038,0.23498929906945024
2016-07-16,0.4880094701275488,1.8755096197128296,1.1053256064440555,0.2440047350637744
2016-07-17,0.49310515134173205,1.6965032815933228,1.0255789984845294,0.24655257567086597
2016-07-18,0.48173786247932326,1.507421851158142,0.9332413929044941,0.24086893123966158
2016-07-19,0.5228952876708033,1.5782718658447266,0.98571258064911,0.2614476438354016
2016-07-20,0.45782735832046345,1.4774287939071655,0.9078633195967443,0.22891367916023178
2016-07-21,0.42882117294742045,1.3675060272216797,0.8432420862951925,0.21441058647371022
2016-07-22,0.43430882963961776,1.3859940767288208,0.8544113673132194,0.21715441481980888
2016-07-23,0.43430882963961776,1.590465784072876,0.9484240469350036,0.21715441481980885
2016-07-24,0.44018846180982923,1.7188777923583987,1.0103044983065186,0.22009423090491456
2016-07-25,0.4864415682154924,2.4480106830596924,1.3674990384503325,0.2432207841077462
2016-07-26,0.4852656417814501,2.9038565158843994,1.576297886114109,0.24263282089072516
2016-07-27,0.4852656417814501,3.1547417640686035,1.6915228943240153,0.24263282089072497
2016-07-28,0.4852656417814501,3.0853731632232666,1.6596637170317536,0.24263282089072497
2016-07-29,0.5005526854239999,1.979293942451477,1.1590115141986905,0.25027634271199994
2016-07-30,0.48134588700130915,1.7745270729064941,1.0557362000176782,0.24067294350065457
2016-07-31,0.48134588700130915,1.7868613004684448,1.0614014704081716,0.24067294350065457
2016-08-01,0.4891853965615911,1.683850049972534,1.0178748187298903,0.24459269828079558
2016-08-02,0.4899693475176193,1.5975092649459839,0.9786035989356949,0.24498467375880958
2016-08-03,0.5083921949842818,0.9925369024276733,0.7098127009591828,0.2541960974921409
2016-08-04,0.4676267452708159,1.5537534952163696,0.9476856285651798,0.23381337263540788
2016-08-05,0.4676267452708159,1.5537534952163696,0.9476856285651798,0.23381337263540788
2016-08-06,0.44528414302401237,1.374967098236084,0.8546780963210898,0.22264207151200616
2016-08-07,0.5025125628140703,1.0148669481277466,0.7171829949257297,0.25125628140703515
2016-08-08,0.48957737203960516,1.0407556295394897,0.722735550002695,0.24478868601980255
2016-08-09,0.48957737203960516,1.0632405281066895,0.7330613041491526,0.24478868601980258
2016-08-10,0.4868335436935065,1.2211042642593384,0.8042187580725209,0.24341677184675325
2016-08-11,0.4809539115232951,1.2684661149978638,0.8231048352348703,0.24047695576164754
2016-08-12,0.4809539115232951,1.3234177827835083,0.8483450630162181,0.24047695576164763
2016-08-13,0.49153724942967564,1.1217907667160032,0.760907320114927,0.24576862471483782
2016-08-14,0.4985928080339294,1.058066725730896,0.735097664290597,0.2492964040169647
2016-08-15,0.4950650287318025,1.6860909461975098,1.0217445958394198,0.24753251436590126
2016-08-16,0.4872255191715206,1.4143835306167603,0.8931742643842542,0.24361275958576034
2016-08-17,0.4872255191715206,1.5569504499435425,0.958648713603843,0.24361275958576034
2016-08-18,0.48487366630343604,1.4966131448745728,0.9297978276129231,0.24243683315171802
2016-08-19,0.4758582303091119,1.4710173606872559,0.9136671561827138,0.23792911515455595
2016-08-20,0.488793421083577,1.3102256059646606,0.8461027132339531,0.24439671054178855
2016-08-21,0.4950650287318025,1.465793251991272,0.9205892360055564,0.24753251436590124
2016-08-22,0.5052563911601691,0.873046100139618,0.6534208215655178,0.25262819558008454
2016-08-23,0.4891853965615911,0.8512688875198364,0.6355247830138857,0.2445926982807955
2016-08-24,0.4421483391998996,0.9251874685287474,0.6463874016007612,0.22107416959994988
2016-08-25,0.5087841704622958,1.0256601572036743,0.725209649456193,0.2543920852311479
2016-08-26,0.5099600968963381,0.8842525482177734,0.6608756689515853,0.25498004844816907
2016-08-27,0.44881192232613926,0.7959782481193542,0.5902680380489488,0.22440596116306963
2016-08-28,0.5040804647261268,0.837446928024292,0.6365000574523675,0.2520402323630634
2016-08-29,0.4993767589899576,1.0974838733673096,0.7535790439684109,0.2496883794949788
2016-08-30,0.5189755328906623,1.102455973625183,0.7654452165662843,0.25948776644533117
2016-08-31,0.497024906121873,1.383499026298523,0.8837545466865634,0.2485124530609365
2016-09-01,0.46801872074883,1.203890085220337,0.787132105766474,0.23400936037441494
2016-09-02,0.4899693475176193,0.7503314614295961,0.5895569227836027,0.24498467375880964
2016-09-03,0.47429032839705554,0.6984447240829468,0.557999146780506,0.23714516419852777
2016-09-04,0.4445001920679842,0.898623526096344,0.6353306186780099,0.22225009603399204
2016-09-05,0.4299970993814627,1.0754096508026123,0.7095003337108885,0.21499854969073134
2016-09-06,0.4217656143431667,1.2057293653488157,0.7654082901470767,0.21088280717158334
2016-09-07,0.43470080511763187,0.7850722670555114,0.5783104554797285,0.21735040255881594
2016-09-08,0.5032965137700985,0.646665632724762,0.5485282061697815,0.25164825688504927
2016-09-09,0.49232120038570387,0.6960486173629761,0.5657883472459412,0.24616060019285194
2016-09-10,0.49232120038570387,0.9001149535179139,0.6594962602387017,0.24616060019285188
2016-09-11,0.4962409551658448,1.8326973915100095,1.0896291329458292,0.2481204775829224
2016-09-12,0.5036884892481126,2.099475145339966,1.215691280005752,0.2518442446240563
2016-09-13,0.48369773986939374,1.352238655090332,0.8629177868002238,0.24184886993469687
2016-09-14,0.4597872357105339,0.761343777179718,0.5797528060500908,0.22989361785526696
2016-09-15,0.4597872357105339,0.764988124370575,0.5814274875644211,0.22989361785526696
2016-09-16,0.4597872357105339,0.764988124370575,0.5814274875644211,0.22989361785526696
2016-09-17,0.4597872357105339,0.7744013071060181,0.5857531136072991,0.22989361785526696
2016-09-18,0.4597872357105339,1.1273432970046997,0.7479400280695561,0.22989361785526702
2016-09-19,0.48173786247932326,1.1887705326080322,0.786881966266371,0.24086893123966166
2016-09-20,0.4872255191715206,1.3225878477096558,0.8510167161433303,0.24361275958576034
2016-09-21,0.44293229015592783,2.5021371841430664,1.371691305767317,0.22146614507796392
2016-09-22,0.4727224264849991,1.520932912826538,0.9350765462107067,0.2363612132424995
2016-09-23,0.46253106405663263,1.6622543334960938,0.9950732161303655,0.23126553202831632
2016-09-24,0.5170156555005919,1.3237606287002563,0.8660560387477778,0.2585078277502959
2016-09-25,0.44763599589209696,1.1548569202423096,0.754648032487768,0.22381799794604848
2016-09-26,0.4409724127658574,1.104915380477905,0.7284342369147206,0.2204862063829287
2016-09-27,0.44293229015592783,2.180450201034546,1.2238127385238535,0.22146614507796392
2016-09-28,0.45077179971620973,1.0400071144104004,0.7033926034792539,0.22538589985810487
2016-09-29,0.4793860096112388,1.097089171409607,0.7436217650752334,0.2396930048056194
2016-09-30,0.4629230395346467,1.5858713388442993,0.9601649180667841,0.23146151976732332
2016-10-01,,-1.0,,
2016-10-02,46.385202141754014,17.117849349975586,23.197297914904073,23.192601070877007
2016-10-03,30.49373231210655,1.0438382625579834,15.41303380991935,15.246866156053276
2016-10-04,20.342743357975525,0.7313974499702454,10.36204624134742,10.171371678987763
2016-10-05,6.21829898321561,0.6160550713539124,3.35676877045855,3.1091494916078055
2016-10-06,4.234119113508259,0.8760195970535279,2.486551669192079,2.1170595567541297
2016-10-07,4.0255881592047595,1.1761118173599243,2.5113132103334537,2.0127940796023798
2016-10-08,4.008733213650154,1.7170238494873047,2.732451806762113,2.004366606825077
2016-10-09,3.9616961562884625,1.8485784530639648,2.7655870870217996,1.9808480781442313
2016-10-10,3.9644399846345615,2.4272215366363525,3.012531855325616,1.9822199923172807
2016-10-11,3.918578853706912,4.575784206390381,3.9037259848963273,1.959289426853456
2016-10-12,2.8978747089582075,18.56907844543457,9.529228335677894,1.4489373544791038
2016-10-13,2.8974827334801936,18.606294631958008,9.54529981642541,1.4487413667400968
2016-10-14,2.8908191503539538,18.85099983215332,9.6497080306511,1.4454095751769769
2016-10-15,2.66072954475968,17.60470771789551,9.032760803878121,1.33036477237984
2016-10-16,1.7423309997726542,7.835633277893067,4.37136713056409,0.8711654998863271
2016-10-17,1.7423309997726542,7.835633277893067,4.37136713056409,0.8711654998863271
2016-10-18,1.6866704818946527,8.857514381408691,4.804944460901455,0.8433352409473264
2016-10-19,1.6647198551258635,8.895502090454102,4.812912137309952,0.8323599275629318
2016-10-20,1.1304572785926512,18.8735294342041,9.111574803924304,0.5652286392963256
2016-10-21,1.0497103301217474,19.221502304077152,9.24429181848613,0.5248551650608737
2016-10-22,1.022664022138775,19.375574111938477,9.305900528438807,0.5113320110693875
2016-10-23,1.0167843899685636,19.670013427734375,9.437763172752222,0.5083921949842818
2016-10-24,1.0167843899685636,19.70720863342285,9.454648254778576,0.5083921949842818
2016-10-25,1.0167843899685636,20.18939781188965,9.6735421600529,0.5083921949842818
2016-10-26,0.8027657789728675,20.835397720336914,9.904381671778092,0.40138288948643375
2016-10-27,0.7133953699856537,7.047338008880616,3.5772779515414994,0.35669768499282684
2016-10-28,0.6236329855204259,7.06447172164917,3.5465679749612704,0.31181649276021295
2016-10-29,0.5722841979005794,6.330685615539551,3.1881509367449725,0.2861420989502897
2016-10-30,0.5460218408736349,5.246735095977783,2.6795108950397237,0.27301092043681746
2016-10-31,0.5272070179289583,4.723329067230225,2.4309235227153887,0.26360350896447915
2016-11-01,0.5397502332254094,4.765875339508057,2.4561198777923465,0.2698751166127047
2016-11-02,0.5397502332254094,4.709146499633789,2.430096719369634,0.2698751166127047
2016-11-03,0.5209354102807328,5.957450866699219,2.994443483295617,0.2604677051403666
2016-11-04,0.5119199742864087,6.234492778778076,3.117637089063459,0.25595998714320434
2016-11-05,0.4652748924027313,10.843748092651365,5.215054019789248,0.23263744620136564
2016-11-06,0.4570434073644353,15.126417160034181,7.1799570169865214,0.22852170368221764
2016-11-07,0.3590495378609114,27.24541091918945,12.727014849232464,0.1795247689304564
2016-11-08,0.35787361142686913,35.31742858886718,16.44429618694236,0.17893680571343457
2016-11-09,0.2657593740935567,34.99350357055664,16.281290155371487,0.13287968704677836
2016-11-10,0.3402347149162348,49.12645721435547,22.803858036352306,0.1701173574581174
2016-11-11,0.3210279164935442,49.2719841003418,22.870765945135158,0.1605139582467721
2016-11-12,0.38217609106374306,53.93020248413086,25.015410665325284,0.19108804553187153
2016-11-13,0.30691679928503673,55.5897216796875,25.783501841702904,0.15345839964251692
2016-11-14,0.3790402872396303,50.22249221801758,23.308741390587823,0.18952014361981515
2016-11-15,0.3527779302126859,49.940025329589844,23.17869596188475,0.17638896510634294
2016-11-16,0.33984273943822074,47.95768737792969,22.265369650129962,0.16992136971911037
2016-11-17,0.36375324359708056,46.030986785888665,21.378633795417866,0.18187662179854028
2016-11-18,0.36375324359708056,45.87725830078125,21.307843538744738,0.18187662179854028
2016-11-19,0.33357113178999526,45.81110382080079,21.27611583956466,0.16678556589499763
2016-11-20,0.33827483752616433,45.55741500854492,21.15942736210069,0.16913741876308216
2016-11-21,0.33827483752616433,45.241020202636726,21.01365046252609,0.16913741876308216
2016-11-22,0.33827483752616433,45.08017349243164,20.93954136123043,0.16913741876308216
2016-11-23,0.33827483752616433,45.049190521240234,20.925266153813773,0.16913741876308216
2016-11-24,0.33827483752616433,45.049190521240234,20.925266153813773,0.16913741876308216
2016-11-25,0.33827483752616433,45.049190521240234,20.925266153813773,0.16913741876308216
2016-11-26,0.33827483752616433,44.521026611328125,20.681917983058636,0.16913741876308216
2016-11-27,0.35160200377864365,42.001914978027344,19.522319197657527,0.17580100188932182
2016-11-28,0.4315650012935191,29.937108993530277,13.981187166703496,0.21578250064675955
2016-11-29,0.4993767589899576,32.21367645263672,15.040038585778726,0.2496883794949788
2016-11-30,0.42764524651337815,32.34040069580078,15.085554323993463,0.21382262325668908
2016-12-01,0.43822858441975876,31.116741180419922,14.524853033930462,0.21911429220987938
2016-12-02,0.4856576172594642,27.354448318481445,12.80590158506979,0.24282880862973286
2016-12-03,0.49310515134173205,28.050472259521484,13.12719907936987,0.24655257567086603
2016-12-04,0.48957737203960516,29.591428756713867,13.834079172300987,0.24478868601980258
2016-12-05,0.4993767589899576,30.252479553222656,14.139589082336915,0.2496883794949788
2016-12-06,0.48173786247932326,26.991933822631836,12.638507755110783,0.24086893123966163
2016-12-07,0.45782735832046345,26.587184906005856,12.447004802464823,0.22891367916023173
2016-12-08,0.4644909414467031,25.09651756286621,11.763630875729282,0.23224547072335155
2016-12-09,0.4644909414467031,25.06191062927246,11.747729630149877,0.23224547072335155
2016-12-10,0.46723476979280176,28.310026168823242,13.240773749318418,0.23361738489640088
2016-12-11,0.4735063774410273,27.901512145996094,13.054466254825597,0.23675318872051435
2016-12-12,0.4319569767715332,24.346696853637695,11.41075609880906,0.2159784883857666
2016-12-13,0.5060403421161972,22.70041275024414,10.674007869525445,0.2530201710580986
2016-12-14,0.5052563911601691,22.95755958557129,10.791843239375263,0.25262819558008454
2016-12-15,0.46958662266088635,24.884912490844727,11.667682045717745,0.23479331133044318
2016-12-16,0.40138288948643375,23.650775909423828,11.082710857626264,0.20069144474321687
2016-12-17,0.3978551101843069,25.308677673339847,11.844661252552587,0.19892755509215346
2016-12-18,0.44646006945805466,22.281782150268555,10.465314204398329,0.22323003472902733
2016-12-19,0.3441544696963758,28.08773803710938,13.111672887696784,0.1720772348481879
2016-12-20,0.34925015091055905,29.065706253051758,13.56327478278142,0.17462507545527953
2016-12-21,0.2763427119999373,28.93573570251465,13.488048525221188,0.13817135599996866
2016-12-22,0.38100016462970077,24.741270065307617,11.57931251467713,0.19050008231485038
2016-12-23,0.3708088022013343,22.983814239501953,10.767573453798395,0.18540440110066714
2016-12-24,0.3461143470864463,22.980287551879883,10.7592773314589,0.17305717354322314
2016-12-25,0.33553100918006573,24.523576736450195,11.467520790169477,0.16776550459003287
2016-12-26,0.37982423819565847,25.777053833007812,12.055815928475338,0.18991211909782924
2016-12-27,0.44998784876018155,22.783676147460934,10.696975836182167,0.22499392438009078
2016-12-28,0.455867480930393,22.245929718017578,10.451445150319667,0.2279337404651965
2016-12-29,0.4629230395346467,20.644485473632812,9.717544250629434,0.23146151976732335
2016-12-30,0.47899403413322467,20.952577590942383,9.863779917507125,0.23949701706661233
2016-12-31,0.4711545245729427,23.056629180908203,10.828135306596735,0.23557726228647136
2017-01-01,0.4856576172594642,21.39731216430664,10.06996868769542,0.2428288086297321
2017-01-02,0.451947726150252,22.28888702392578,10.470100734183372,0.225973863075126
2017-01-03,0.49232120038570387,19.47085762023926,9.18724057521872,0.24616060019285194
2017-01-04,0.49232120038570387,19.59235382080078,9.24303201836261,0.24616060019285194
2017-01-05,0.48604959273747833,24.19289779663086,11.353997977946863,0.24302479636873917
2017-01-06,0.3131884069332623,36.762474060058594,17.103893293516613,0.15659420346663114
2017-01-07,0.2908458046864588,37.64212417602539,17.506646105613978,0.1454229023432294
2017-01-08,0.20617910143541418,37.603073120117195,17.478138988517212,0.10308955071770709
2017-01-09,0.32847545057581196,34.52170181274414,16.073275740725922,0.16423772528790598
2017-01-10,0.22969763011625993,35.063030242919915,16.307988014374004,0.11484881505812997
2017-01-11,0.20029946926520278,37.19210815429687,17.28749356360188,0.10014973463260139
2017-01-12,0.2304815810722881,36.18632888793945,16.826868677428244,0.11524079053614406
2017-01-13,0.2304815810722881,36.18632888793945,16.826868677428244,0.11524079053614406
2017-01-14,0.14307104947514485,44.176162719726555,20.51165578188118,0.07153552473757242
2017-01-15,0.09603399211345338,54.94718933105469,25.49769042457249,0.04801699605672669
2017-01-16,0.04625310640566326,56.52566146850586,26.232033684209227,0.02312655320283163
2017-01-17,0.03488581754325449,57.97936630249024,26.906971135623674,0.017442908771627245
2017-01-18,0.05526854239998745,54.192867279052734,25.150023289710845,0.027634271199993725
2017-01-19,0.1638457498098919,49.986167907714844,23.199923036647228,0.08192287490494594
2017-01-20,0.12464820200848235,47.54362106323242,22.06931172138404,0.06232410100424118
2017-01-21,0.14503092686521532,46.49374008178711,21.5840575656516,0.07251546343260766
2017-01-22,0.1810926708425121,44.03920364379883,20.45055179864946,0.09054633542125605
2017-01-23,0.201083420221231,41.081661224365234,19.085017005406577,0.1005417101106155
2017-01-24,0.10387350167373528,41.2225456237793,19.141589323703283,0.05193675083686764
2017-01-25,0.17286118580421608,38.470741271972656,17.875216428827155,0.08643059290210804
2017-01-26,0.15835809311769455,38.05475997924804,17.681135168162214,0.07917904655884728
2017-01-27,0.10936115836593263,38.87901306152344,18.05693857325489,0.054680579182966316
2017-01-28,0.10661733001983396,38.355594635009766,17.814259174996977,0.05330866500991698
2017-01-29,0.1999074937871887,33.78020095825195,15.710707799430187,0.09995374689359435
2017-01-30,0.15835809311769455,36.56707000732421,16.993014848322264,0.07917904655884728
2017-01-31,0.15757414216166638,38.44293212890626,17.860590808455626,0.07878707108083319
2017-02-01,0.15757414216166638,38.59364700317383,17.930304073446514,0.07878707108083319
2017-02-02,0.15757414216166638,38.88922882080078,18.067025639110515,0.07878707108083319
2017-02-03,0.15757414216166638,45.46886444091797,21.110440456379106,0.07878707108083319
2017-02-04,0.15757414216166638,45.485233306884766,21.118011886181833,0.07878707108083319
2017-02-05,0.15757414216166638,46.23152542114258,21.463209798296983,0.07878707108083319
2017-02-06,0.12660807939855284,46.48947525024414,21.58143759142761,0.06330403969927642
2017-02-07,0.08701855611912919,72.88319396972656,33.80710212259478,0.043509278059564595
2017-02-08,0.08701855611912919,68.62774658203125,31.835739656932727,0.043509278059564595
2017-02-09,0.09603399211345338,66.87081909179689,31.02031109339562,0.04801699605672669
2017-02-10,0.09603399211345338,66.10740661621094,30.66672434161728,0.04801699605672669
2017-02-11,0.12425622653046825,65.20874786376953,30.246203855598363,0.062128113265234125
2017-02-12,0.07133953699856536,63.13039779663085,29.291117363363945,0.03566976849928268
2017-02-13,0.09720991854749567,63.333152770996094,29.381627318606007,0.04860495927374783
2017-02-14,0.15796611763968046,61.53609466552735,28.542303227960748,0.07898305881984023
2017-02-15,0.13601549087089113,59.203319549560554,27.465305882066797,0.06800774543544556
2017-02-16,0.1611019214637932,55.434715270996094,25.719959638741503,0.08055096073189519
2017-02-17,0.1611019214637932,54.632072448730476,25.348724984753723,0.0805509607318966
2017-02-18,0.1481667306893281,47.25074005126953,21.934389566832962,0.07408336534466405
2017-02-19,0.11798461888224274,47.892967224121094,22.230876641287743,0.05899230944112137
2017-02-20,0.12739203035458102,49.31144332885742,22.887620047029774,0.06369601517729051
2017-02-21,0.1293519077446515,48.729442596435554,22.618264463735684,0.06467595387232575
2017-02-22,0.06663583126239622,49.504783630371094,22.976807211189282,0.03331791563119811
2017-02-23,0.06663583126239622,47.70505905151367,22.142706775193528,0.03331791563119811
2017-02-24,0.06663583126239622,47.63010787963867,22.10796990163312,0.03331791563119811
2017-02-25,0.1387593192169898,44.2260627746582,20.534495365817875,0.0693796596084949
2017-02-26,0.14189512304110255,44.10697937011719,20.47957564634986,0.07094756152055127
2017-02-27,0.1387593192169898,45.319862365722656,21.04063888812493,0.0693796596084949
2017-02-28,0.1387593192169898,46.92000961303711,21.78108912286812,0.0693796596084949
2017-03-01,0.13131178513472197,62.5501594543457,29.01470075452734,0.06565589256736099
2017-03-02,0.11994449627231321,60.85993194580078,28.233675486367165,0.059972248136156606
2017-03-03,0.12974388322266558,58.36873245239258,27.079611995424496,0.06487194161133279
2017-03-04,0.11288893766805948,58.55095672607422,27.165391926587546,0.05644446883402974
2017-03-05,0.09564201663543928,58.3822021484375,27.08870464830322,0.04782100831771964
2017-03-06,0.09642596759146747,56.40892028808593,26.174689477655523,0.04821298379573374
2017-03-07,0.11916054531628502,55.96592712402343,25.968155485416705,0.05958027265814251
2017-03-08,0.12856795678862332,58.604713439941406,27.188932016850405,0.06428397839431166
2017-03-09,0.12856795678862332,58.604713439941406,27.188932016850405,0.06428397839431166
2017-03-10,0.13248771156876427,54.362762451171875,25.22541333754346,0.06624385578438213
2017-03-11,0.11916054531628502,50.79014205932617,23.57210446786428,0.05958027265814251
2017-03-12,0.13405561348082065,48.215736389160156,22.38058826420007,0.06702780674041033
2017-03-13,0.17638896510634294,50.92820358276368,23.63548675519585,0.08819448255317147
2017-03-14,0.20343527308931553,49.89755630493164,23.15898179538794,0.10171763654465776
2017-03-15,0.2759507365219232,49.09797286987305,22.790154754673004,0.1379753682609616
2017-03-16,0.20186737117725914,46.99227523803711,21.81642734876673,0.10093368558862957
2017-03-17,0.2332254094183868,41.255733489990234,19.168269090862776,0.1166127047091934
2017-03-18,0.217546390297823,41.56293869018555,19.308811806755095,0.1087731951489115
2017-03-19,0.217546390297823,41.61566925048828,19.333170738672084,0.1087731951489115
2017-03-20,0.19794761639711822,41.78727340698242,19.41083384641633,0.09897380819855911
2017-03-21,0.19794761639711822,41.420040130615234,19.241118115851478,0.09897380819855911
2017-03-22,0.19794761639711822,41.296424865722656,19.183989700916566,0.09897380819855911
2017-03-23,0.19794761639711822,41.0973014831543,19.09196544135207,0.09897380819855911
2017-03-24,0.19794761639711822,40.70771408081055,18.911918820137057,0.09897380819855911
2017-03-25,0.3441544696963758,36.16987228393555,16.83498976810206,0.1720772348481879
2017-03-26,0.34689829804247446,34.92877960205078,16.263650688670385,0.17344914902123723
2017-03-27,0.33866681300417845,31.19032859802246,14.539957174316804,0.16933340650208922
2017-03-28,0.3849199194098417,29.05230712890625,13.564574685485997,0.19245995970492086
2017-03-29,0.41549400669494113,29.525476455688477,13.788623639436166,0.20774700334747057
2017-03-30,0.4205896879091244,29.522262573242188,13.78818882544077,0.2102948439545622
2017-03-31,0.38296004201977124,28.668426513671875,13.387465116144249,0.19148002100988562
2017-04-01,0.3813921401077148,28.754373550415043,13.426693151872623,0.1906960700538574
2017-04-02,0.3813921401077148,28.444774627685547,13.284180903062992,0.1906960700538574
2017-04-03,0.38413596845381354,26.915403366088864,12.580825622142369,0.19206798422690677
2017-04-04,0.35787361142686913,27.873613357543945,13.0160644401072,0.1789368057134353
2017-04-05,0.3727686795914048,27.47947311401367,12.837898517860715,0.1863843397957024
2017-04-06,0.3892316496679968,28.80646896362305,13.452334789763313,0.1946158248339984
2017-04-07,0.39275942897012367,26.594131469726562,12.434967368838134,0.19637971448506183
2017-04-08,0.43470080511763187,23.11103057861328,10.843326087575871,0.21735040255881594
2017-04-09,0.48408971534740786,23.018226623535156,10.813982744976292,0.24204485767370393
2017-04-10,0.45665143188642116,23.594141006469727,11.071246559946863,0.22832571594321058
2017-04-11,0.42725327103536404,24.08051109313965,11.287142890403123,0.21362663551768202
2017-04-12,0.42725327103536404,23.7368221282959,11.129096189313534,0.21362663551768202
2017-04-13,0.4139261047828848,21.199979782104496,9.958681188351056,0.2069630523914424
2017-04-14,0.48957737203960516,19.464448928833008,9.183459840560907,0.24478868601980258
2017-04-15,0.4844816908254219,19.492237091064453,9.194666437480354,0.24224084541271096
2017-04-16,0.4833057643913796,19.683961868286133,9.282365603189739,0.2416528821956898
2017-04-17,0.48252181343535144,20.295997619628906,9.563236686857206,0.24126090671767572
2017-04-18,0.38883967418998266,23.42574691772461,10.97583892294795,0.19441983709499133
2017-04-19,0.41549400669494113,24.741634368896484,11.588192790343667,0.20774700334747057
2017-04-20,0.4174538840850116,23.972862243652347,11.235089650258521,0.2087269420425058
2017-04-21,0.4668427943147877,23.64788246154785,11.098629616933312,0.23342139715739385
2017-04-22,0.4186298105190539,23.115079879760742,10.84086719875213,0.20931490525952695
2017-04-23,0.45077179971620973,17.63189697265625,8.32933522261367,0.22538589985810487
2017-04-24,0.4609631621445762,17.370262145996097,8.212408382149704,0.2304815810722881
2017-04-25,0.46370699049067493,17.384662628173828,8.219920554116324,0.23185349524533747
2017-04-26,0.46370699049067493,18.882997512817383,8.908389452890447,0.23185349524533747
2017-04-27,0.46370699049067493,18.915657043457028,8.923396158884152,0.23185349524533747
2017-04-28,0.4433242656339419,23.66303825378418,11.099399000661627,0.22166213281697095
2017-04-29,0.38060818915168665,39.98991775512696,18.59847592679109,0.19030409457584332
2017-04-30,0.40295079139849016,41.49134826660156,19.29151595804853,0.20147539569924508
2017-05-01,0.40295079139849016,42.04648208618164,19.54693130548967,0.20147539569924508
2017-05-02,0.31554025980134687,44.233734130859375,20.548238859105687,0.15777012990067343
2017-05-03,0.31593223527936093,44.81017303466797,20.813980820835802,0.15796611763968046
2017-05-04,0.2802624667800782,46.13969039916992,21.425467597186817,0.1401312333900391
2017-05-05,0.3951112818382082,41.375389099121094,19.237487377792696,0.1975556409191041
2017-05-06,0.3951112818382082,41.375389099121094,19.237487377792696,0.1975556409191041
2017-05-07,0.34885817543254494,41.41556167602538,19.25200323568496,0.17442908771627247
2017-05-08,0.34885817543254494,41.613006591796875,19.342953831749206,0.17442908771627247
2017-05-09,0.3962872082722505,33.93117904663085,15.812034804907046,0.19814360413612525
2017-05-10,0.43705265798571646,30.029331207275394,14.02468785410573,0.21852632899285823
2017-05-11,0.43705265798571646,30.026767730712894,14.023509280688845,0.21852632899285823
2017-05-12,0.41588598217295525,31.320365905761715,14.614294787421954,0.20794299108647762
2017-05-13,0.44606809398004055,27.63530158996582,12.926034941296585,0.22303404699002102
2017-05-14,0.47193847552897095,26.58416748046875,12.44892238577199,0.23596923776448547
2017-05-15,0.41235820287082836,23.633630752563477,11.077715947001336,0.20617910143541418
2017-05-16,0.46370699049067493,20.39015007019043,9.600909978237533,0.23185349524533747
2017-05-17,0.49075329847364746,19.14602279663086,9.037591627165813,0.24537664923682373
2017-05-18,0.5001607099459858,18.410572052001953,8.702830513813375,0.2500803549729929
2017-05-19,0.44646006945805466,20.170095443725586,9.494652484320245,0.22323003472902733
2017-05-20,0.43626870702968823,21.56672477722168,10.133731904528256,0.21813435351484411
2017-05-21,0.4256853691233077,17.66558074951172,8.336705364237194,0.21284268456165384
2017-05-22,0.46057118666656216,15.722288131713865,7.45500232150252,0.23028559333328108
2017-05-23,0.476250205787126,15.637592315673828,7.421470529944759,0.238125102893563
2017-05-24,0.4441082165899701,14.593870162963867,6.930642014641948,0.22205410829498504
2017-05-25,0.47860205865521055,11.675493240356447,5.60232657383803,0.23930102932760527
2017-05-26,0.4766421812651401,10.927705764770506,5.258071818841557,0.23832109063257004
2017-05-27,0.47037057361691453,10.665109634399414,5.134978735013021,0.23518528680845727
2017-05-28,0.41471005573891295,10.35055160522461,4.968394548097361,0.20735502786945648
2017-05-29,0.4562594564084071,9.888252258300783,4.772412607185532,0.22812972820420355
2017-05-30,0.4397964863318151,13.692390441894531,6.514679532520638,0.21989824316590756
2017-05-31,0.48016996056726685,11.442249298095703,5.495792759622805,0.24008498028363343
2017-06-01,0.472330451006985,11.204652786254883,5.38361744704272,0.2361652255034925
2017-06-02,0.4782100831771965,11.494781494140625,5.519167439984075,0.23910504158859824
2017-06-03,0.4535156280623084,11.218612670898438,5.382734011958552,0.2267578140311542
2017-06-04,0.4542995790183366,10.98951244354248,5.277747375647617,0.2271497895091683
2017-06-05,0.4323489522495473,10.94377613067627,5.2481546391585425,0.21617447612477364
2017-06-06,0.4213736388651526,10.780003547668457,5.168547010618754,0.2106868194325763
2017-06-07,0.45861130927649163,8.07702922821045,3.9410260178729386,0.22930565463824581
2017-06-08,0.43705265798571646,7.801800727844238,3.805450070047219,0.21852632899285823
2017-06-09,0.4421483391998996,7.748315811157227,3.783013076367439,0.2210741695999498
2017-06-10,0.46135513762259034,5.651388168334961,2.827563068752136,0.23067756881129517
2017-06-11,0.47076254909492865,4.854733467102051,2.4657369952146184,0.23538127454746433
2017-06-12,0.44763599589209696,4.47494649887085,2.2807273543618645,0.22381799794604848
2017-06-13,0.5095681214183241,4.250687599182129,2.2059802627702534,0.25478406070916204
2017-06-14,0.5095681214183241,4.222288131713867,2.1929440346844045,0.25478406070916204
2017-06-15,0.46841069622684406,3.6980032920837402,1.9332244760139203,0.23420534811342203
2017-06-16,0.4633150150126608,3.6812148094177246,1.9231508793342404,0.2316575075063304
2017-06-17,0.4456761185020265,2.979637384414673,1.592486912214382,0.22283805925101324
2017-06-18,0.5142718271544933,2.8371102809906006,1.5593232478797825,0.2571359135772465
2017-06-19,0.4492038978041534,2.8446643352508545,1.5321074350529968,0.2246019489020767
2017-06-20,0.4292131484254345,3.005125999450684,1.5964665027460183,0.21460657421271734
2017-06-21,0.46997859813890047,2.8844776153564453,1.560195095370371,0.23498929906945032
2017-06-22,0.500944660902014,2.2114436626434326,1.2657836168430399,0.250472330451007
2017-06-23,0.517407630978606,2.174417734146118,1.256657896494824,0.258703815489303
2017-06-24,0.5283829443630006,1.921010136604309,1.1456327094942882,0.2641914721815003
2017-06-25,0.49428107777577435,1.8939839601516721,1.116826899693192,0.24714053888788717
2017-06-26,0.5021205873360562,1.4603886604309082,0.9215323193252948,0.25106029366802807
2017-06-27,0.5068242930722254,1.561702013015747,0.970324201163094,0.2534121465361127
2017-06-28,0.5068242930722254,1.56506621837616,0.9718685670901527,0.25341214653611266
2017-06-29,0.47781810769918237,1.8517160415649412,1.0894915273673842,0.23890905384959119
2017-06-30,0.4735063774410273,2.6278419494628906,1.4439610244479075,0.23675318872051365
2017-07-01,0.46723476979280176,3.2245934009552,1.7151699037032424,0.23361738489640088
2017-07-02,0.46841069622684406,3.2657339572906494,1.7346216597886142,0.2342053481134221
2017-07-03,0.4597872357105339,2.038841962814331,1.1667996717933478,0.22989361785526696
2017-07-04,0.43587673155167417,1.6809496879577637,0.990784631617549,0.21793836577583703
2017-07-05,0.49663293064385894,1.7816439867019653,1.0663762517825799,0.24831646532192947
2017-07-06,0.4425403146779137,1.5885294675827026,0.951518743872107,0.2212701573389568
2017-07-07,0.41235820287082836,1.7133145332336428,0.9943086220793285,0.20617910143541418
2017-07-08,0.4221575898211808,1.4324991703033447,0.869892079946109,0.2110787949105904
2017-07-09,0.4793860096112388,1.2798371315002441,0.8275638505229918,0.2396930048056194
2017-07-10,0.47154650005095683,1.3561474084854126,0.8588022047214398,0.2357732500254784
2017-07-11,0.4793860096112388,1.375369906425476,0.8714451630796847,0.23969300480561942
2017-07-12,0.455867480930393,1.23301362991333,0.7945870147365471,0.22793374046519646
2017-07-13,0.4738983529190414,1.0070229768753052,0.6995628644150238,0.23694917645952074
2017-07-14,0.4656668678807454,1.0766670703887937,0.7275293680724373,0.23283343394037273
2017-07-15,0.4531236525842943,0.9956210255622865,0.6841444385272841,0.2265618262921472
2017-07-16,0.42490141816727944,1.0144038200378418,0.6789520903201643,0.2124507090836397
2017-07-17,0.3786483117616162,0.8505600094795227,0.5808708835647999,0.1893241558808081
2017-07-18,0.45116377519422385,0.9166519641876222,0.6468886660791626,0.22558188759711192
2017-07-19,0.48134588700130915,0.876296877861023,0.6431674435001719,0.24067294350065463
2017-07-20,0.48134588700130915,0.8849452733993531,0.6471397635277119,0.24067294350065457
2017-07-21,0.45782735832046345,1.0076946020126343,0.6919978498003247,0.22891367916023173
2017-07-22,0.45821933379847757,1.7498698234558105,1.0332522141217488,0.22910966689923878
2017-07-23,0.4448921675459983,1.7244863510131836,1.0151536283446017,0.22244608377299915
2017-07-24,0.4448921675459983,1.7244863510131836,1.0151536283446017,0.22244608377299915
2017-07-25,0.4115742519148002,1.6759752035140991,0.9767535883740235,0.2057871259574001
2017-07-26,0.4115742519148002,1.7695348262786865,1.0197920123534514,0.2057871259574001
2017-07-27,0.4115742519148002,1.7808972597122192,1.025018852876108,0.2057871259574001
2017-07-28,0.41510203121692707,1.1422089338302612,0.7329390084867139,0.20755101560846353
2017-07-29,0.4535156280623084,1.0525012016296387,0.7104781547796515,0.2267578140311542
2017-07-30,0.44175636372188554,0.7023910880088806,0.5437735745877653,0.22087818186094277
2017-07-31,0.4327409277275614,0.5672838687896729,0.47720701659873077,0.2163704638637807
2017-08-01,0.4574353828424494,0.6268893480300903,0.5168059766972452,0.2287176914212247
2017-08-02,0.4503798242381956,1.1619672775268555,0.7592563403140666,0.2251899121190978
2017-08-03,0.4425403146779137,0.7737567424774171,0.5769669064678561,0.22127015733895686
2017-08-04,0.476250205787126,0.45612832903861994,0.4476539920220994,0.238125102893563
2017-08-05,0.4735063774410273,0.5451891422271729,0.4872083595821637,0.23675318872051365
2017-08-06,0.4735063774410273,0.5451891422271729,0.4872083595821637,0.23675318872051365
2017-08-07,0.4131421538268566,0.49854806065559387,0.4359006834567374,0.2065710769134283
2017-08-08,0.4201977124311103,0.4724580645561218,0.427393860898457,0.21009885621555516
2017-08-09,0.4542995790183366,0.6704893708229065,0.5352955798894791,0.2271497895091683
2017-08-10,0.4542995790183366,0.8636752963066102,0.6240806259901592,0.22714978950916834
2017-08-11,0.4609631621445762,1.2759208679199219,0.8167886204310177,0.2304815810722881
2017-08-12,0.47860205865521055,1.3691202402114868,0.8681932457506851,0.23930102932760527
2017-08-13,0.47781810769918237,1.0200682878494263,0.7074756093905509,0.23890905384959119
2017-08-14,0.4527316771062802,0.9045923948287965,0.6421156777587862,0.22636583855314008
2017-08-15,0.47977798508925285,0.6025970578193665,0.516679070181041,0.23988899254462642
2017-08-16,0.4746823038750696,0.5973461866378784,0.5117497929946644,0.2373411519375348
2017-08-17,0.48369773986939374,0.9016075730323792,0.6559476953994737,0.24184886993469681
2017-08-18,0.47429032839705554,1.4822248220443726,0.9180547921712084,0.23714516419852777
2017-08-19,0.4644909414467031,1.7163795232772827,1.020890099787587,0.23224547072335155
2017-08-20,0.43587673155167417,1.7342534065246582,1.0152919563429856,0.2179383657758371
2017-08-21,0.45665143188642116,1.5350234508514404,0.9337609240615111,0.22832571594321058
2017-08-22,0.5240712141048456,0.802734613418579,0.6303990357125451,0.2620356070524228
2017-08-23,0.5111360233303804,0.8537752032279968,0.6474636741570884,0.2555680116651902
2017-08-24,0.4997687344679717,0.5963855981826782,0.523702121709693,0.24988436723398585
2017-08-25,0.4782100831771965,1.2542725801467896,0.8152480062154056,0.23910504158859827
2017-08-26,0.48173786247932326,1.0982873439788816,0.7453222210614593,0.24086893123966158
2017-08-27,0.46253106405663263,1.1403061151504519,0.7552374389919254,0.23126553202831635
2017-08-28,0.36845694933324974,6.284560203552246,3.077902905442469,0.18422847466662504
2017-08-29,0.47429032839705554,0.7043128609657288,0.5606948720458788,0.23714516419852777
2017-08-30,0.45665143188642116,0.5325120687484741,0.4730469036454057,0.22832571594321058
2017-08-31,0.41510203121692707,0.7273690700531006,0.5421228828722053,0.20755101560846353
2017-09-01,0.41510203121692707,0.8997777104377747,0.6214266134277157,0.20755101560846348
2017-09-02,0.4205896879091244,1.514718770980835,0.9069450696315637,0.21029484395456216
2017-09-03,0.4503798242381956,1.914951801300049,1.1053450494157258,0.2251899121190978
2017-09-04,0.42529339364529356,1.8452888727188108,1.061246094454787,0.21264669682264678
2017-09-05,0.443716241111956,1.5180916786193848,0.9197085333457002,0.221858120555978
2017-09-06,0.443716241111956,1.5123264789581299,0.9170583330843559,0.221858120555978
2017-09-07,0.49663293064385894,1.5641409158706665,0.9665075254787584,0.24831646532192947
2017-09-08,0.48134588700130915,4.5690813064575195,2.33931113606012,0.24067294350065457
2017-09-09,0.48134588700130915,4.621110439300537,2.363208790311925,0.24067294350065457
2017-09-10,0.48134588700130915,4.636147975921631,2.3701157255486516,0.24067294350065457
2017-09-11,0.46801872074883,4.880794525146484,2.476471941125263,0.234009360374415
2017-09-12,0.46801872074883,4.880794525146484,2.476471941125263,0.234009360374415
2017-09-13,0.46801872074883,5.254448413848877,2.6481458067736043,0.234009360374415
2017-09-14,0.46801872074883,5.224461555480957,2.6343684581354094,0.234009360374415
2017-09-15,0.4531236525842943,6.567233085632325,3.2448304177810883,0.22656182629214716
2017-09-16,0.4319569767715332,9.274334907531738,4.480381064166427,0.2159784883857666
2017-09-17,0.4374446334637305,9.360035896301271,4.522017146234575,0.21872231673186526
2017-09-18,0.4374446334637305,9.712567329406738,4.68409416283228,0.21872231673186526
2017-09-19,0.4374446334637305,9.814801216125488,4.731096392416743,0.21872231673186526
2017-09-20,0.4374446334637305,9.896551132202148,4.76868107639258,0.21872231673186526
2017-09-21,0.48134588700130915,8.714147567749023,4.243193729338043,0.24067294350065457
2017-09-22,0.5040804647261268,8.704427719116211,4.248117651010943,0.2520402323630634
2017-09-23,0.4985928080339294,9.66733169555664,4.687959682025679,0.2492964040169647
2017-09-24,0.47154650005095683,9.905678749084473,4.786550428067391,0.23577325002547841
2017-09-25,0.4750742793530837,10.026162147521973,4.843312008085817,0.23753713967654186
2017-09-26,0.48173786247932326,8.894908905029295,4.3263808734527665,0.24086893123966163
2017-09-27,0.443716241111956,8.175820350646973,3.9801947789733525,0.221858120555978
2017-09-28,0.443716241111956,8.130654335021973,3.959432447493716,0.221858120555978
2017-09-29,0.443716241111956,8.21010971069336,3.99595722889629,0.221858120555978
2017-09-30,0.42725327103536404,9.792479515075685,4.716736252518968,0.21362663551768202
2017-10-01,45.67847035489459,80.3125991821289,23.428866243338877,22.839235177447296
2017-10-02,25.88527661709483,1.423098087310791,13.234762830276104,12.942638308547416
2017-10-03,25.15737815442266,7.649867057800293,14.204688383713727,12.57868907721133
2017-10-04,24.05004742903284,6.744244098663331,13.533211572969533,12.02502371451642
2017-10-05,3.519939792566577,1.3994219303131104,2.3602197554401205,1.7599698962832886
2017-10-06,3.104445785871636,1.910857439041138,2.379780751916126,1.552222892935818
2017-10-07,2.205646014785315,3.0070884227752686,2.4321664183655987,1.1028230073926575
2017-10-08,2.1080441207598053,3.4497029781341553,2.5823990385450086,1.0540220603799026
2017-10-09,2.0225934665527325,3.42449688911438,2.5314325104521678,1.0112967332763663
2017-10-10,1.9806520904052243,3.4397430419921875,2.518672272368012,0.9903260452026121
2017-10-11,1.60984328820389,2.7697055339813232,2.0458271957841676,0.804921644101945
2017-10-12,1.2355067067004288,2.5195600986480713,1.756018388234791,0.6177533533502144
2017-10-13,1.2045406439373152,2.55560564994812,1.757611074213174,0.6022703219686577
2017-10-14,0.9172226185529833,2.3863439559936523,1.5442884623598305,0.45861130927649163
2017-10-15,0.75612069708919,2.5029184818267822,1.5208058189787468,0.37806034854459497
2017-10-16,0.6945805470409772,2.6301634311676025,1.5497499658755294,0.3472902735204886
2017-10-17,0.6985003018211181,2.5393576622009277,1.51009567084323,0.34925015091055905
2017-10-18,0.6224570590863836,2.0899174213409424,1.2682055489758761,0.3112285295431918
2017-10-19,0.6302965686466655,2.178389072418213,1.312465859991748,0.31514828432333264
2017-10-20,0.6122656966580171,2.3504080772399902,1.3826285553551951,0.30613284832900856
2017-10-21,0.5722841979005794,3.3703637123107915,1.8311288308296945,0.2861420989502896
2017-10-22,0.5722841979005794,3.7973692417144775,2.0268696866186744,0.2861420989502897
2017-10-23,0.562876786428241,9.365273475646973,4.575394145924246,0.2814383932141205
2017-10-24,0.5146638026325073,12.145980834960938,5.832091345529974,0.25733190131625366
2017-10-25,0.5146638026325073,12.14696979522705,5.832545258281722,0.25733190131625366
2017-10-26,0.50917614594031,11.271833419799805,5.428750100447305,0.254588072970155
2017-10-27,0.43666068250770235,20.53318595886231,9.658663758232803,0.21833034125385117
2017-10-28,0.497024906121873,6.804699897766113,3.372932295347348,0.24851245306093633
2017-10-29,0.4550835299743648,11.768521308898926,5.636066641252924,0.2275417649871824
2017-10-30,0.4644909414467031,8.419496536254883,4.100848324982439,0.23224547072335155
2017-10-31,0.4072625216566451,8.062111854553223,3.9126362865231092,0.20363126082832256
2017-11-01,0.39315140444813773,7.630843162536621,3.7082507335995483,0.19657570222406887
2017-11-02,0.39315140444813773,7.616340637207031,3.7015767455477633,0.19657570222406887
2017-11-03,0.4844816908254219,5.405214786529541,2.724756472504695,0.24224084541271096
2017-11-04,0.47311440196301324,5.159153461456299,2.6066478479867286,0.23655720098150662
2017-11-05,0.47311440196301324,5.350152492523193,2.6943918975678636,0.23655720098150662
2017-11-06,0.39589523279423644,12.735569953918457,6.058442390894273,0.19794761639711822
2017-11-07,0.33239520535595296,20.733015060424805,9.720021783992033,0.16619760267797648
2017-11-08,0.3551297830807705,42.43014907836914,19.71983531878367,0.17756489154038524
2017-11-09,0.3790402872396303,47.37822341918945,21.999422064886087,0.18952014361981515
2017-11-10,0.3790402872396303,47.369781494140625,21.995535942865168,0.18952014361981515
2017-11-11,0.3598334888169396,47.40312576293945,22.010386733832945,0.1799167444084698
2017-11-12,0.3598334888169396,48.18562698364258,22.370750510278313,0.1799167444084698
2017-11-13,0.3598334888169396,48.33243179321289,22.438358245803077,0.1799167444084698
2017-11-14,0.46997859813890047,59.17802810668945,27.42295062805783,0.23498929906945024
2017-11-15,0.4335248786835896,55.11150360107422,25.55654435951053,0.2167624393417948
2017-11-16,0.4092223990467156,53.96874237060547,25.032077355738792,0.2046111995233578
2017-11-17,0.39354337992615185,50.76868057250976,23.56006007123905,0.19677168996307592
2017-11-18,0.43587673155167417,47.74832534790039,22.171073078661546,0.21793836577583708
2017-11-19,0.36375324359708056,50.387279510498054,23.384658117474267,0.18187662179854028
2017-11-20,0.2148025619517243,49.09864807128906,22.789915110004223,0.10740128097586216
2017-11-21,0.23518528680845727,48.41168975830078,22.472878963288125,0.11759264340422863
2017-11-22,0.3978551101843069,49.741676330566406,23.08745313069972,0.19892755509215346
2017-11-23,0.4523397016282661,48.89311981201171,22.69759474955828,0.22616985081413304
2017-11-24,0.4186298105190539,49.05290603637695,22.77071371444757,0.20931490525952695
2017-11-25,0.3723767041133907,50.11126327514649,23.257546117909676,0.18618835205669534
2017-11-26,0.33984273943822074,51.23141098022461,23.773665702206824,0.16992136971911037
2017-11-27,0.3523859547346718,52.10175323486328,24.174393100927077,0.1761929773673359
2017-11-28,0.3523859547346718,52.10175323486328,24.174393100927077,0.1761929773673359
2017-11-29,0.3523859547346718,53.15383148193359,24.658983018756235,0.1761929773673359
2017-11-30,0.3359229846580798,57.08291244506836,26.469893766483686,0.1679614923290399
2017-12-01,0.36845694933324974,62.53944396972656,28.980004800883783,0.18422847466662487
2017-12-02,0.30456494641695214,65.4879379272461,30.34751032221152,0.15228247320847607
2017-12-03,0.3884476987119686,60.42179870605469,28.002868934650305,0.1942238493559843
2017-12-04,0.33670693561410797,57.67853546142578,26.74427710478946,0.16835346780705399
2017-12-05,0.3425865677843194,56.583560943603516,26.239370285062407,0.1712932838921597
2017-12-06,0.4323489522495473,51.79467773437499,24.031518265873537,0.21617447612477364
2017-12-07,0.3551297830807705,50.95452880859375,23.645952420207802,0.17756489154038524
2017-12-08,0.3108365540651777,51.46708679199219,23.882673688071282,0.15541827703258884
2017-12-09,0.3233797693616287,52.866035461425774,24.527254766913217,0.16168988468081436
2017-12-10,0.3233797693616287,52.866035461425774,24.527254766913217,0.16168988468081436
2017-12-11,0.3233797693616287,53.28268814086914,24.719286906371465,0.16168988468081436
2017-12-12,0.3233797693616287,53.31821060180664,24.735658945984323,0.16168988468081436
2017-12-13,0.21911429220987938,62.41636276245117,28.9418759900491,0.10955714610493969
2017-12-14,0.1999074937871887,62.68378448486328,29.06784366219524,0.09995374689359435
2017-12-15,0.1999074937871887,62.137527465820305,28.815403364865738,0.09995374689359435
2017-12-16,0.10896918288791854,73.0600128173828,33.883952736006925,0.05448459144395927
2017-12-17,0.08113892394891775,71.5418701171875,33.18699208935301,0.040569461974458876
2017-12-18,0.08113892394891775,71.45858764648438,33.148406070188905,0.040569461974458876
2017-12-19,0.08113892394891775,68.45155334472656,31.7552019275264,0.040569461974458876
2017-12-20,0.14973463260138445,65.61500549316406,30.430275493421433,0.07486731630069222
2017-12-21,0.16149389694180732,66.21373748779297,30.705359695796187,0.08074694847090366
2017-12-22,0.15051858355741266,65.25782012939455,30.264911551248957,0.07525929177870633
2017-12-23,0.14503092686521532,64.23992156982422,29.794791517405052,0.07251546343260766
2017-12-24,0.11406486410210177,61.23219680786133,28.406667338868086,0.05703243205105089
2017-12-25,0.16776550459003287,57.34775924682617,26.60428228577092,0.08388275229501643
2017-12-26,0.13954327017301796,57.70348358154297,26.770960654617586,0.06977163508650898
2017-12-27,0.13954327017301796,57.29291534423828,26.580978015281843,0.06977163508650898
2017-12-28,0.13954327017301796,57.73093032836913,26.783661114442353,0.06977163508650898
2017-12-29,0.0693796596084949,81.14419555664062,37.6395559727719,0.03468982980424745
2017-12-30,0.0693796596084949,81.12130737304688,37.62894884216454,0.03468982980424745
2017-12-31,0.09799386950352386,80.94194793701173,37.536974037086736,0.04899693475176193
2018-01-01,0.09799386950352386,80.9444808959961,37.53814716808775,0.04899693475176193
2018-01-02,0.032925940153184015,79.55772399902344,36.91510821163717,0.016462970076592007
2018-01-03,0.032925940153184015,79.49236297607423,36.8847939558088,0.016462970076592007
2018-01-04,0.032925940153184015,79.49236297607423,36.8847939558088,0.016462970076592007
2018-01-05,0.0,80.6533203125,37.43333554763751,0.0
2018-01-06,0.0,79.88921356201172,37.07869342906859,0.0
2018-01-07,0.032925940153184015,79.49236297607423,36.8847939558088,0.016462970076592007
2018-01-08,0.0,78.02703094482422,36.2144053068925,0.0
2018-01-09,0.032925940153184015,79.49236297607423,36.8847939558088,0.016462970076592007
2018-01-10,0.0,79.62635040283203,36.956691696188166,0.0
2018-01-11,0.12190437366238367,79.92403411865234,37.0583758624494,0.060952186831191836
2018-01-12,0.09133028637728424,77.3862075805664,35.89197036126755,0.04566514318864212
2018-01-13,0.032925940153184015,79.49236297607423,36.8847939558088,0.016462970076592007
2018-01-14,0.047429032839705544,76.92638397216798,35.69079506162584,0.023714516419852772
2018-01-15,0.021950626768789346,75.1163558959961,34.8579709649928,0.010975313384394673
2018-01-16,0.032925940153184015,79.49236297607423,36.8847939558088,0.016462970076592007
2018-01-17,0.021950626768789346,74.68114471435547,34.656073495749744,0.010975313384394673
2018-01-18,0.019206798422690678,70.45543670654297,32.69629966412802,0.009603399211345339
2018-01-19,0.032925940153184015,79.49236297607423,36.8847939558088,0.016462970076592007
2018-01-20,0.021950626768789346,69.98633575439453,32.47811923450461,0.010975313384394673
2018-01-21,0.032925940153184015,79.49236297607423,36.8847939558088,0.016462970076592007
2018-01-22,0.019206798422690678,72.97920227050781,33.86716116594189,0.009603399211345339
2018-01-23,0.032925940153184015,79.49236297607423,36.8847939558088,0.016462970076592007
2018-01-24,0.021950626768789346,77.30143737792969,35.871645337119915,0.010975313384394673
2018-01-25,0.021950626768789346,75.25845336914062,34.92389096297071,0.010975313384394673
2018-01-26,0.032925940153184015,79.49236297607423,36.8847939558088,0.016462970076592007
2018-01-27,0.032925940153184015,79.49236297607423,36.8847939558088,0.016462970076592007
2018-01-28,0.0689876841304808,74.52794647216797,34.573466550188115,0.0344938420652404
2018-01-29,0.07957102203686137,72.44441223144533,33.60550530893846,0.03978551101843068
2018-01-30,0.032925940153184015,79.49236297607423,36.8847939558088,0.016462970076592007
2018-01-31,0.032925940153184015,79.49236297607423,36.8847939558088,0.016462970076592007
2018-02-01,0.032925940153184015,79.49236297607423,36.8847939558088,0.016462970076592007
2018-02-02,0.021950626768789346,73.2534408569336,33.99375182801271,0.010975313384394673
2018-02-03,0.032925940153184015,79.49236297607423,36.8847939558088,0.016462970076592007
2018-02-04,0.032925940153184015,79.49236297607423,36.8847939558088,0.016462970076592007
2018-02-05,0.07408336534466405,77.15511322021484,35.78960784682915,0.03704168267233202
2018-02-06,0.032925940153184015,79.49236297607423,36.8847939558088,0.016462970076592007
2018-02-07,0.04664508188367736,75.96227264404297,35.243986337767446,0.02332254094183868
2018-02-08,0.04664508188367736,75.37701416015625,34.97262541638207,0.02332254094183868
2018-02-09,0.032925940153184015,79.49236297607423,36.8847939558088,0.016462970076592007
2018-02-10,0.052916689531902886,72.589599609375,33.678796184510695,0.026458344765951443
2018-02-11,0.06859570865246671,69.80615234375,32.385292311425495,0.034297854326233355
2018-02-12,0.06859570865246671,70.32002258300781,32.62344056489225,0.034297854326233355
2018-02-13,0.06859570865246671,70.32002258300781,32.62344056489225,0.034297854326233355
2018-02-14,0.06663583126239622,71.32311248779295,33.08873090577371,0.03331791563119811
2018-02-15,0.06663583126239622,70.8873519897461,32.88677332533027,0.03331791563119811
2018-02-16,0.04546915544963507,68.21375274658203,31.65152214326678,0.022734577724817535
2018-02-17,0.04546915544963507,67.82010650634766,31.46899951686032,0.022734577724817535
2018-02-18,0.04546915544963507,67.38296508789064,31.266309406673265,0.022734577724817535
2018-02-19,0.06114817457019889,69.37404632568361,32.186479793893064,0.030574087285099444
2018-02-20,0.050956812141832404,70.1624526977539,32.5539727409757,0.025478406070916202
2018-02-21,0.050956812141832404,68.01937103271484,31.560403999860515,0.025478406070916202
2018-02-22,0.023518528680845724,68.42601013183594,31.753984513332608,0.011759264340422862
2018-02-23,0.023518528680845724,70.00059509277344,32.48442065022639,0.011759264340422862
2018-02-24,0.06702780674041033,70.21515655517578,32.57515835988744,0.03351390337020516
2018-02-25,0.06702780674041033,68.72554779052736,31.884790052292633,0.03351390337020516
2018-02-26,0.06663583126239622,67.58182525634766,31.354793753615105,0.03331791563119811
2018-02-27,0.06781175769643852,65.9666748046875,30.606048294739775,0.03390587884821926
2018-02-28,0.09289818828934063,71.64270782470703,33.23116669010274,0.046449094144670314
2018-03-01,0.07094756152055127,70.85546875,32.871097486016275,0.03547378076027564
2018-03-02,0.07094756152055127,70.85546875,32.871097486016275,0.03547378076027564
2018-03-03,0.07094756152055127,70.28535461425781,32.606896944258125,0.03547378076027564
2018-03-04,0.07682719369076271,65.55713653564452,30.414845941936967,0.038413596845381356
2018-03-05,0.07682719369076271,65.48636627197266,30.382053964738514,0.038413596845381356
2018-03-06,0.05526854239998745,69.1166000366211,32.068273582934296,0.027634271199993725
2018-03-07,0.05526854239998745,68.90721893310547,31.97121000612521,0.027634271199993725
2018-03-08,0.06585188030636803,77.82585906982422,36.102712276503205,0.032925940153184015
2018-03-09,0.08192287490494594,72.62298583984375,33.68771188351215,0.04096143745247297
2018-03-10,0.08192287490494594,73.97438049316406,34.313822723331974,0.04096143745247297
2018-03-11,0.08192287490494594,72.69248962402344,33.719913485447215,0.04096143745247297
2018-03-12,0.08192287490494594,72.38311767578125,33.576579241927234,0.04096143745247297
2018-03-13,0.10661733001983396,71.73548126220702,33.271157185736904,0.05330866500991698
2018-03-14,0.10818523193189035,67.97784423828125,31.53086304264067,0.054092615965945175
2018-03-15,0.10818523193189035,67.97784423828125,31.53086304264067,0.054092615965945175
2018-03-16,0.1023055997616789,67.0043716430664,31.08110165547599,0.05115279988083945
2018-03-17,0.09681794306948158,68.34354400634766,31.702283491521722,0.04840897153474079
2018-03-18,0.09681794306948158,68.23069763183594,31.65001776502534,0.04840897153474079
2018-03-19,0.09681794306948158,69.23822021484376,32.11666013603877,0.04840897153474079
2018-03-20,0.09289818828934063,67.16505432128906,31.157129129056866,0.046449094144670314
2018-03-21,0.12582412844252464,65.36237335205077,30.317073744895566,0.06291206422126232
2018-03-22,0.16698155363400466,67.23328399658203,31.175965942037582,0.08349077681700233
2018-03-23,0.12268832461841186,64.98907470703126,30.14475571481491,0.06134416230920593
2018-03-24,0.11563276601415816,65.4649887084961,30.36614721947448,0.05781638300707908
2018-03-25,0.14267907399713073,58.66341018676757,27.21487675772233,0.07133953699856536
2018-03-26,0.14267907399713073,58.704952239990234,27.234098249692956,0.07133953699856536
2018-03-27,0.13954327017301796,60.577709197998054,28.10095386657495,0.06977163508650898
2018-03-28,0.14503092686521532,60.14699172973632,27.90109072195175,0.07251546343260766
2018-03-29,0.14503092686521532,60.008377075195305,27.836957034881227,0.07251546343260766
2018-03-30,0.14503092686521532,59.96873474121094,27.8186154745973,0.07251546343260766
2018-03-31,0.14503092686521532,59.99340438842773,27.830029530636192,0.07251546343260766
2018-04-01,0.13209573609075015,60.674861907958984,28.14670444842276,0.06604786804537507
2018-04-02,0.15365438738152543,62.531024932861335,29.003045286697255,0.07682719369076271
2018-04-03,0.13170376061273606,62.05081176757813,28.783548774330768,0.06585188030636803
2018-04-04,0.13170376061273606,61.97039031982422,28.746328975031027,0.06585188030636803
2018-04-05,0.13444758895883474,60.402912139892585,28.020599953293292,0.06722379447941737
2018-04-06,0.11720066792621454,59.18462753295898,27.45838391905988,0.05860033396310727
2018-04-07,0.16070994598577912,58.604156494140625,27.185908692601508,0.08035497299288956
2018-04-08,0.14228709851911664,56.60926437377929,26.264450190650614,0.07114354925955832
2018-04-09,0.14228709851911664,56.461570739746094,26.19611182434241,0.07114354925955832
2018-04-10,0.13287968704677836,56.1248893737793,26.04090436027005,0.06643984352338918
2018-04-11,0.13287968704677836,56.05207061767579,26.00720401417283,0.06643984352338918
2018-04-12,0.13287968704677836,56.12250900268555,26.039802730223183,0.06643984352338918
2018-04-13,0.1873642784907376,55.932788848876946,25.948768241202934,0.0936821392453688
2018-04-14,0.18697230301272352,55.98014068603516,25.9706801993749,0.09348615150636176
2018-04-15,0.18697230301272352,55.93771743774414,25.951069769413238,0.09348615150636176
2018-04-16,0.15169450999145492,53.41072845458984,24.784155458300447,0.07584725499572746
2018-04-17,0.28731802538433193,51.796302795410156,24.034870668267605,0.14365901269216597
2018-04-18,0.34768224899850264,51.38274383544922,23.843280582091396,0.17384112449925132
2018-04-19,0.33984273943822074,50.25221252441406,23.32252157871898,0.16992136971911037
2018-04-20,0.3429785432623335,49.14305114746094,22.81152677374148,0.17148927163116676
2018-04-21,0.3472902735204886,44.1346321105957,20.504417956668355,0.1736451367602443
2018-04-22,0.36845694933324974,43.60598373413086,20.262247631672988,0.18422847466662487
2018-04-23,0.3774723853275739,44.112491607666016,20.495995830834072,0.18873619266378694
2018-04-24,0.38060818915168665,42.77852249145507,19.882127357954037,0.19030409457584332
2018-04-25,0.2920217311205011,41.95718002319336,19.49692187885205,0.14601086556025056
2018-04-26,0.33200322987793884,41.33540344238281,19.213618908452258,0.16600161493896942
2018-04-27,0.3425865677843194,40.670326232910156,18.908134483386625,0.1712932838921597
2018-04-28,0.3915835025360814,38.57322311401368,17.947596717480216,0.1957917512680407
2018-04-29,0.3915835025360814,38.53603744506836,17.930483479607815,0.1957917512680407
2018-04-30,0.4315650012935191,35.22395324707031,16.412135010468997,0.21578250064675955
2018-05-01,0.4315650012935191,35.11170196533203,16.3605206639486,0.21578250064675955
2018-05-02,0.40687054617863105,34.58700180053711,16.115451729502585,0.20343527308931553
2018-05-03,0.2802624667800782,34.18171310424805,15.908968315309627,0.1401312333900391
2018-05-04,0.2802624667800782,34.207176208496094,15.920715050801284,0.1401312333900391
2018-05-05,0.2802624667800782,33.284576416015625,15.49509782749046,0.1401312333900391
2018-05-06,0.3339631072680093,29.029184341430664,13.543245734353837,0.16698155363400466
2018-05-07,0.31397235788929045,28.983526229858402,13.51800572985335,0.15698617894464523
2018-05-08,0.386095845843884,26.099365234375,12.205683897454438,0.193047922921942
2018-05-09,0.3441544696963758,27.869567871093754,13.011165195406743,0.1720772348481879
2018-05-10,0.3602254642949537,26.124748229980465,12.211190194513696,0.18011273214747686
2018-05-11,0.3598334888169396,26.96755790710449,12.599234122828651,0.1799167444084698
2018-05-12,0.35552175855878454,25.64628791809082,11.989702139306797,0.17776087927939227
2018-05-13,0.3472902735204886,25.044366836547848,11.71042041329087,0.1736451367602443
2018-05-14,0.3418026168282912,25.097433090209957,11.733499001473152,0.1709013084141456
2018-05-15,0.3418026168282912,25.627601623535156,11.977752086572506,0.1709013084141456
2018-05-16,0.2790865403460359,25.946754455566406,12.109703218306384,0.13954327017301796
2018-05-17,0.28065444225809233,24.457239151000977,11.422937358087065,0.14032722112904616
2018-05-18,0.324555695795671,22.57196044921875,10.565262104824793,0.1622778478978355
2018-05-19,0.324555695795671,23.15781593322754,10.835271676686713,0.1622778478978355
2018-05-20,0.324555695795671,23.40339469909668,10.948454226377944,0.1622778478978355
2018-05-21,0.3210279164935442,22.458568572998047,10.512030359918526,0.1605139582467721
2018-05-22,0.3210279164935442,23.120397567749023,10.817078015649512,0.1605139582467721
2018-05-23,0.3633612681190665,22.864994049072266,10.710845572970193,0.18168063405953325
2018-05-24,0.3974631347062928,22.18755340576172,10.408373603440703,0.1987315673531464
2018-05-25,0.43822858441975876,16.65009307861328,7.873896656047292,0.21911429220987938
2018-05-26,0.4201977124311103,15.798246383666992,7.476098273848049,0.21009885621555516
2018-05-27,0.4174538840850116,15.599989891052246,7.383971392829407,0.2087269420425058
2018-05-28,0.4174538840850116,15.577776908874513,7.37375449024041,0.2087269420425058
2018-05-29,0.4115742519148002,14.146385192871094,6.713275139659973,0.2057871259574001
2018-05-30,0.451947726150252,11.08158016204834,5.319144867554685,0.225973863075126
2018-05-31,0.40451869331054646,10.28589153289795,4.934604844322615,0.20225934665527323
2018-06-01,0.42529339364529356,10.964310646057129,5.254842283244281,0.21264669682264678
2018-06-02,0.42372549173323715,13.234758377075195,6.2983845175515825,0.21186274586661857
2018-06-03,0.40177486496444786,12.750626564025879,6.067561078945765,0.20088743248222393
2018-06-04,0.4542995790183366,10.346319198608397,4.982146431841099,0.2271497895091683
2018-06-05,0.5060403421161972,9.686882019042969,4.699938360061761,0.2530201710580986
2018-06-06,0.5060403421161972,9.160387992858887,4.458242853000029,0.2530201710580986
2018-06-07,0.5060403421161972,9.187234878540039,4.470567345444442,0.2530201710580986
2018-06-08,0.5005526854239999,8.53462028503418,4.168698696234893,0.25027634271199994
2018-06-09,0.4629230395346467,8.298012733459473,4.04437491941972,0.23146151976732335
2018-06-10,0.4307810503374909,6.856408596038818,3.368094683966328,0.21539052516874546
2018-06-11,0.4209816633871385,6.807023525238037,3.3411538632583926,0.21049083169356925
2018-06-12,0.4209816633871385,6.794572830200194,3.335427582083113,0.21049083169356925
2018-06-13,0.4209816633871385,6.936172485351562,3.4005516122882544,0.21049083169356925
2018-06-14,0.4688026717048582,5.226725101470947,2.6357594362942294,0.2344013358524291
2018-06-15,0.43470080511763187,4.2703657150268555,2.1807765725712027,0.21735040255881594
2018-06-16,0.5040804647261268,4.278562545776367,2.216266684137826,0.2520402323630634
2018-06-17,0.48840144560556287,4.263963222503662,2.202393383108019,0.24420072280278143
2018-06-18,0.4962409551658448,3.714152097702026,1.9535253916889952,0.2481204775829224
2018-06-19,0.4656668678807454,3.121662139892578,1.6671427119061302,0.2328334339403727
2018-06-20,0.4688026717048582,2.5797781944274902,1.4196504439006286,0.2344013358524291
2018-06-21,0.5103520723743523,3.1754288673400883,1.712770551312965,0.25517603618717616
2018-06-22,0.47311440196301324,3.011413335800171,1.6199862140491068,0.23655720098150662
2018-06-23,0.4982008325559153,2.877054452896118,1.5700838451008545,0.24910041627795773
2018-06-24,0.4982008325559153,2.875699281692505,1.569461625837194,0.24910041627795765
2018-06-25,0.46605884335875947,2.8512587547302246,1.5430853515313205,0.23302942167937965
2018-06-26,0.48252181343535144,2.6418933868408203,1.4546856728904272,0.24126090671767572
2018-06-27,0.4978088570779012,2.5254862308502197,1.408477177710323,0.2489044285389506
2018-06-28,0.4978088570779012,2.532653331756592,1.4117679400198022,0.2489044285389506
2018-06-29,0.4978088570779012,2.409672737121582,1.355301607131644,0.2489044285389506
2018-06-30,0.47899403413322467,2.22131609916687,1.2598284992860938,0.23949701706661233
2018-07-01,0.47193847552897095,2.0680098533630376,1.1860274807881375,0.23596923776448547
2018-07-02,0.48056193604528097,2.165743827819824,1.2350521228911908,0.24028096802264048
2018-07-03,0.46605884335875947,3.8861119747161865,2.0185650305046368,0.23302942167937973
2018-07-04,0.47311440196301324,3.7713162899017334,1.9690820294000548,0.23655720098150662
2018-07-05,0.47311440196301324,3.797856569290161,1.9812745079563452,0.23655720098150662
2018-07-06,0.4245094426892654,3.9909956455230713,2.047639026314681,0.2122547213446327
2018-07-07,0.5001607099459858,3.046051025390625,1.6485979141222074,0.2500803549729929
2018-07-08,0.47899403413322467,2.5866830348968506,1.427654855574234,0.23949701706661233
2018-07-09,0.5048644156821549,2.3429110050201416,1.328010544128419,0.25243220784107745
2018-07-10,0.5048644156821549,2.3564548492431636,1.334228221797404,0.25243220784107745
2018-07-11,0.5111360233303804,2.041576623916626,1.1926823955601278,0.2555680116651902
2018-07-12,0.49545700420981664,1.6895265579223633,1.0235115106527153,0.24772850210490832
2018-07-13,0.49310515134173205,1.4022197723388672,0.8904453786472375,0.24655257567086597
2018-07-14,0.47977798508925285,1.733256697654724,1.0360234072126369,0.23988899254462634
2018-07-15,0.48134588700130915,1.5665622949600218,0.9602152853233422,0.24067294350065463
2018-07-16,0.49153724942967564,1.5478540658950803,0.9565602873251059,0.24576862471483782
2018-07-17,0.4989847835119435,1.4004981517791748,0.8925122904322779,0.24949239175597174
2018-07-18,0.49663293064385894,1.1138527393341064,0.7597531725930636,0.2483164653219294
2018-07-19,0.46919464718287224,1.050912857055664,0.7174229022471733,0.2345973235914361
2018-07-20,0.4676267452708159,1.4694026708602905,0.9089306307756336,0.23381337263540794
2018-07-21,0.4676267452708159,1.4694026708602905,0.9089306307756336,0.23381337263540794
2018-07-22,0.49075329847364746,1.4317221641540527,0.9028504854281864,0.24537664923682373
2018-07-23,0.47977798508925285,1.4034305810928345,0.8845248308006555,0.23988899254462642
2018-07-24,0.46801872074883,1.0437309741973877,0.7135476080817441,0.234009360374415
2018-07-25,0.4609631621445762,1.2163782119750979,0.7894277713373917,0.2304815810722881
2018-07-26,0.47311440196301324,1.102864384651184,0.7432078719695151,0.23655720098150662
2018-07-27,0.4621390885786185,1.0802563428878784,0.7274527495671032,0.23106954428930926
2018-07-28,0.4221575898211808,1.1048674583435059,0.7192126736939124,0.2110787949105904
2018-07-29,0.4186298105190539,0.8277830481529235,0.5900455282936362,0.20931490525952695
2018-07-30,0.4084384480906874,1.341774582862854,0.8214919132232884,0.20421922404534376
2018-07-31,0.4425403146779137,1.3793885707855225,0.8553764642423682,0.22127015733895686
2018-08-01,0.47037057361691453,0.998801827430725,0.6940575176493738,0.23518528680845724
2018-08-02,0.4793860096112388,1.0090671777725218,0.7031903987962245,0.2396930048056194
2018-08-03,0.4542995790183366,0.8388215899467468,0.6126582749083803,0.2271497895091683
2018-08-04,0.4844816908254219,1.3397867679595947,0.8575802389035414,0.24224084541271096
2018-08-05,0.4766421812651401,1.9604126214981077,1.1388561980181122,0.23832109063257004
2018-08-06,0.4515557506722379,2.0900678634643555,1.186395735818378,0.22577787533611895
2018-08-07,0.5244631895828596,1.4055010080337524,0.9071903884065545,0.2622315947914298
2018-08-08,0.5099600968963381,1.2623767852783205,0.8344448287333821,0.25498004844816907
2018-08-09,0.5025125628140703,1.4469128847122192,0.9155358368359687,0.25125628140703515
2018-08-10,0.49310515134173205,1.7007577419281006,1.0275326268986706,0.24655257567086597
2018-08-11,0.45821933379847757,1.4553536176681519,0.8979089967316254,0.2291096668992388
2018-08-12,0.4821298379573373,1.3489519357681274,0.8606454306536657,0.24106491897866872
2018-08-13,0.4770341567431542,1.2142939567565918,0.7963103692891329,0.23851707837157712
2018-08-14,0.4770341567431542,1.7358330488204958,1.0358825131557705,0.2385170783715771
2018-08-15,0.5170156555005919,1.4137499332427976,0.9073571922934984,0.258507827750296
2018-08-16,0.42372549173323715,1.4473578929901123,0.8774869360568753,0.21186274586661857
2018-08-17,0.48056193604528097,1.1827101707458496,0.7835243319490174,0.24028096802264048
2018-08-18,0.4844816908254219,1.2268270254135132,0.8056999090410192,0.24224084541271096
2018-08-19,0.5005526854239999,1.114741325378418,0.7620773580914483,0.250276342712
2018-08-20,0.5240712141048456,1.6835421323776245,1.0345890036667287,0.2620356070524228
2018-08-21,0.47781810769918237,2.8943426609039307,1.5684202123958708,0.23890905384959119
2018-08-22,0.4503798242381956,2.3320727348327637,1.2970632599072596,0.2251899121190978
2018-08-23,0.4554755054523789,2.4422686100006104,1.350135165607764,0.22773775272618946
2018-08-24,0.4562594564084071,2.7022273540496826,1.469975625674578,0.22812972820420355
2018-08-25,0.4562594564084071,2.6937127113342285,1.466062604030131,0.22812972820420355
2018-08-26,0.4903613229956334,5.344397068023682,2.6994495994064804,0.2451806614978167
2018-08-27,0.5095681214183241,1.5957236289978027,0.9872702318967916,0.25478406070916204
2018-08-28,0.47860205865521055,0.8881446719169618,0.6472617436764989,0.23930102932760525
2018-08-29,0.4821298379573373,0.7140535712242128,0.5690333701084972,0.24106491897866866
2018-08-30,0.5044724402041408,1.0488238334655762,0.7337320274362777,0.2522362201020705
2018-08-31,0.5044724402041408,1.0488245487213135,0.733732355797083,0.25223622010207036
2018-09-01,0.5044724402041408,1.0572398900985718,0.7375956848530669,0.2522362201020704
2018-09-02,0.497024906121873,1.3601181507110596,0.8730190737468262,0.24851245306093656
2018-09-03,0.49428107777577435,1.478959083557129,0.9262542854772435,0.24714053888788717
2018-09-04,0.5228952876708033,1.357104778289795,0.8842195678420227,0.2614476438354016
2018-09-05,0.5052563911601691,1.0526986122131348,0.735894590209934,0.25262819558008454
2018-09-06,0.5107440478523664,2.038864135742187,1.1912493267897724,0.2553720239261832
2018-09-07,0.5107440478523664,2.100619077682495,1.2195960162471127,0.2553720239261832
2018-09-08,0.4727224264849991,0.8927457332611084,0.6464878710398138,0.23636121324249962
2018-09-09,0.513487876198465,0.6008870601654053,0.5325460064918526,0.2567439380992325
2018-09-10,0.4570434073644353,0.7102890014648438,0.5549392548575159,0.22852170368221764
2018-09-11,0.41823783504103984,0.7173143625259399,0.5390433732578407,0.20911891752051992
2018-09-12,0.47899403413322467,0.5817854404449463,0.5067322840353916,0.23949701706661233
2018-09-13,0.4539076035403225,1.682975172996521,1.0004278649827494,0.2269538017701612
2018-09-14,0.4492038978041534,1.7640415430068974,1.0354160638392107,0.2246019489020767
2018-09-15,0.45821933379847757,0.9342723488807677,0.6584491162445749,0.22910966689923878
2018-09-16,0.4766421812651401,1.51175856590271,0.9327624789184005,0.23832109063257004
2018-09-17,0.4750742793530837,1.2579523324966428,0.8154098245006001,0.23753713967654186
2018-09-18,0.46958662266088635,1.37567937374115,0.8668224261589792,0.23479331133044323
2018-09-19,0.4652748924027313,0.9349181652069092,0.6622077130016459,0.2326374462013657
2018-09-20,0.451947726150252,0.49795660376548767,0.45483816750648126,0.225973863075126
2018-09-21,0.48840144560556287,0.6928781867027284,0.562399757101727,0.24420072280278143
2018-09-22,0.4782100831771965,0.6824947595596315,0.5526051215065755,0.23910504158859824
2018-09-23,0.4421483391998996,0.45549434423446655,0.4304671610685017,0.2210741695999498
2018-09-24,0.4793860096112388,0.5504247546195984,0.4925210077115022,0.2396930048056194
2018-09-25,0.5032965137700985,0.6249449253082275,0.5385563719019258,0.25164825688504927
2018-09-26,0.47899403413322467,0.6465279459953308,0.5364708775996317,0.23949701706661233
2018-09-27,0.4335248786835896,0.6529013514518738,0.5169607061307169,0.2167624393417948
2018-09-28,0.4535156280623084,0.6090688705444336,0.5066805363452789,0.2267578140311542
2018-09-29,0.48016996056726685,0.6111353635787964,0.5207945506584816,0.24008498028363343
2018-09-30,0.5056483666381831,0.5327687859535217,0.49740230757735093,0.25282418331909157
2018-10-01,44.70597919394162,84.30779266357422,23.79183800930237,22.35298959697081
2018-10-02,16.110192146379323,5.831053256988525,9.822047970499973,8.055096073189661
2018-10-03,15.906364897811992,5.623234272003175,9.668621789474638,7.953182448905996
2018-10-04,2.901794463738349,1.0445095300674438,1.9053721645497637,1.4508972318691744
2018-10-05,1.988099624487492,0.8060525059700013,1.3521349366336757,0.994049812243746
2018-10-06,1.9571335617243786,0.8281262516975403,1.3467145035239567,0.9785667808621893
2018-10-07,1.9293033027853776,1.0566531419754028,1.4346862307523522,0.9646516513926888
2018-10-08,1.7427229752506683,1.3737317323684692,1.4850063184582942,0.8713614876253342
2018-10-09,1.52752843782093,0.7044702768325806,1.0799664915846738,0.763764218910465
2018-10-10,1.3617228106209676,0.5755866765975952,0.9401684847850462,0.6808614053104838
2018-10-11,1.2225715159259636,0.5757526159286499,0.871468761848173,0.6112857579629818
2018-10-12,1.0524541584678462,0.5169779658317566,0.7607292474932483,0.5262270792339231
2018-10-13,0.9074232316026309,0.7782365679740906,0.8078498563380401,0.45371161580131547
2018-10-14,0.8294201114778259,1.0672979354858398,0.9012188250753919,0.41471005573891295
2018-10-15,0.8172688716593889,1.1940932273864746,0.9530856795524012,0.40863443582969444
2018-10-16,0.7851268824622332,1.346673846244812,1.0070172328031777,0.3925634412311166
2018-10-17,0.7180990757218229,0.9468401670455934,0.7917038095051702,0.3590495378609114
2018-10-18,0.7392657515345841,1.0269469022750852,0.8386741821431464,0.36963287576729204
2018-10-19,0.7016361056452308,1.0632947683334348,0.8368607703052712,0.3508180528226154
2018-10-20,0.7255466098040907,0.5523415803909302,0.6151221209167729,0.36277330490204535
2018-10-21,0.7525929177870632,0.5795727372169496,0.6409296460468912,0.3762964588935316
2018-10-22,0.7008521546892027,0.5919321775436401,0.6210088610484629,0.35042607734460135
2018-10-23,0.7008521546892027,0.5919321775436401,0.6210088610484629,0.35042607734460135
2018-10-24,0.6722379447941736,1.1855547428131104,0.8783964833855216,0.3361189723970868
2018-10-25,0.6977163508650899,2.0415892601013184,1.2821691555979446,0.3488581754325449
2018-10-26,0.6930126451289207,2.1549205780029297,1.3317279897838792,0.3465063225644603
2018-10-27,0.6930126451289207,2.1549205780029297,1.3317279897838792,0.3465063225644603
2018-10-28,0.6930126451289207,2.1549205780029297,1.3317279897838792,0.3465063225644603
2018-10-29,0.6930126451289207,2.1664397716522217,1.3369945222436028,0.34650632256446035
2018-10-30,0.6871330129587093,2.1837174892425537,1.3420824088856955,0.34356650647935466
2018-10-31,0.6702780674041032,8.981701850891113,4.443581640234873,0.3351390337020516
2018-11-01,0.6667502881019763,10.892661094665527,5.316319921424733,0.33337514405098817
2018-11-02,0.6495033670693562,13.466135025024414,6.487277511471555,0.3247516835346781
2018-11-03,0.6357842253388628,14.037047386169432,6.743611109344684,0.3178921126694314
2018-11-04,0.6028582851856787,21.11493492126465,9.974134829033146,0.30142914259283937
2018-11-05,0.604034211619721,22.657419204711914,10.681065047459851,0.3020171058098605
2018-11-06,0.5640527128622833,24.08469009399414,11.32451661942437,0.28202635643114166
2018-11-07,0.5777718545927767,23.813247680664062,11.203656704125505,0.28888592729638835
2018-11-08,0.599722481361566,22.903759002685547,10.792741558639056,0.299861240680783
2018-11-09,0.599722481361566,22.902576446533203,10.792199795159343,0.299861240680783
2018-11-10,0.5691483940764666,23.510513305664062,11.062614490800101,0.2845741970382333
2018-11-11,0.5177996064566202,23.705623626708984,11.138558031800375,0.2588998032283101
2018-11-12,0.488793421083577,23.0722599029541,10.840066048769991,0.2443967105417885
2018-11-13,0.44293229015592783,23.976671218872074,11.243471924896166,0.22146614507796392
2018-11-14,0.40138288948643375,25.090177536010742,11.744997647008635,0.20069144474321687
2018-11-15,0.4256853691233077,25.054500579833988,11.734644605738142,0.21284268456165384
2018-11-16,0.4880094701275488,22.965585708618164,10.79086521842097,0.2440047350637744
2018-11-17,0.4911452739516616,20.965085983276367,9.873053580244278,0.2455726369758308
2018-11-18,0.48252181343535144,20.942768096923828,9.860299134224737,0.24126090671767572
2018-11-19,0.48252181343535144,22.62567901611328,10.633262115539043,0.24126090671767572
2018-11-20,0.464098965968689,25.644485473632812,12.015316522846915,0.2320494829843445
2018-11-21,0.3523859547346718,36.4228515625,16.952651092460155,0.1761929773673359
2018-11-22,0.4131421538268566,34.73120880126953,16.18275286908561,0.2065710769134283
2018-11-23,0.38452794393182765,34.62348556518555,16.128800852850357,0.19226397196591383
2018-11-24,0.36140139072899596,35.80684280395508,16.6701954657165,0.18070069536449798
2018-11-25,0.36140139072899596,35.80684280395508,16.6701954657165,0.18070069536449798
2018-11-26,0.3712007776793484,38.519325256347656,17.92045227937894,0.1856003888396742
2018-11-27,0.2857501234722756,41.8026237487793,19.425125461585814,0.1428750617361378
2018-11-28,0.33239520535595296,42.382110595703125,19.69597809452984,0.16619760267797648
2018-11-29,0.3096606276311354,41.823001861572266,19.436480412799355,0.1548303138155677
2018-11-30,0.2779106139119937,41.42329406738281,19.249480103884565,0.13895530695599684
2018-12-01,0.40451869331054646,38.571189880371094,17.948139340260415,0.20225934665527323
2018-12-02,0.40451869331054646,39.78589630126953,18.50700294907263,0.20225934665527323
2018-12-03,0.4127501783488425,39.20060348510743,18.238609668433025,0.20637508917442124
2018-12-04,0.41235820287082836,38.18293762207031,17.770438168369388,0.20617910143541418
2018-12-05,0.36728102289920744,41.74736022949219,19.40636257009873,0.18364051144960372
2018-12-06,0.3586575623828973,41.767189025878906,19.41478285745641,0.17932878119144866
2018-12-07,0.357481635948855,40.38734436035156,18.779196393902065,0.1787408179744275
2018-12-08,0.38100016462970077,43.09060287475586,20.025811383739896,0.19050008231485038
2018-12-09,0.36963287576729204,45.628868103027344,21.19371962328806,0.18481643788364602
2018-12-10,0.3124044559772341,48.47280502319336,22.502279724589293,0.15620222798861705
2018-12-11,0.3406266903942489,53.27459716796875,24.71499306959411,0.17031334519712446
2018-12-12,0.3994230120963633,53.283321380615234,24.717082017841392,0.19971150604818164
2018-12-13,0.3786483117616162,54.33750534057617,25.203047079008954,0.1893241558808081
2018-12-14,0.39119152705806726,55.491535186767585,25.733604272310046,0.19559576352903363
2018-12-15,0.41431808026089884,54.754451751708984,25.393288255093914,0.20715904013044942
2018-12-16,0.3527779302126859,55.20877456665039,25.605474615681324,0.17638896510634294
2018-12-17,0.23871306611058413,56.88690948486328,26.386276795435542,0.11935653305529206
2018-12-18,0.3586575623828973,50.57926559448242,23.473095090220717,0.17932878119144866
2018-12-19,0.3586575623828973,50.68661880493164,23.5225355193637,0.17932878119144866
2018-12-20,0.2508643059290211,53.50970458984376,24.826462187819477,0.12543215296451055
2018-12-21,0.2508643059290211,53.750755310058594,24.93773548161898,0.12543215296451055
2018-12-22,0.23479331133044318,53.112751007080085,24.64372161369284,0.11739665566522159
2018-12-23,0.17834884249641342,51.565120697021484,23.92994267928989,0.08917442124820671
2018-12-24,0.26379949670348624,53.60547637939453,24.87020577164934,0.13189974835174312
2018-12-25,0.275166785565895,55.080810546875,25.550477839352464,0.1375833927829475
2018-12-26,0.2641914721815003,48.47645187377929,22.503226383303637,0.13209573609075015
2018-12-27,0.25164825688504927,48.66407775878906,22.58964525146714,0.12582412844252464
2018-12-28,0.25164825688504927,47.891441345214844,22.23298861710748,0.12582412844252464
2018-12-29,0.3602254642949537,43.715065002441406,20.311955867507724,0.18011273214747686
2018-12-30,0.3602254642949537,43.70506286621094,20.307349642225915,0.18011273214747686
2018-12-31,0.19441983709499133,43.601936340332024,20.24924903701381,0.09720991854749567
2019-01-01,0.23792911515455595,47.49516677856445,22.049720703811147,0.11896455757727797
2019-01-02,0.22381799794604848,49.509208679199226,22.97962948095438,0.11190899897302424
2019-01-03,0.3292594015318402,48.96515655517578,22.729429364930546,0.1646297007659201
2019-01-04,0.2755587610439091,49.12996292114258,22.80491049502648,0.13777938052195454
2019-01-05,0.21715441481980888,49.439449310302734,22.947371097167224,0.10857720740990444
2019-01-06,0.19050008231485038,48.73780059814453,22.62290463367462,0.09525004115742519
2019-01-07,0.20970688073754107,48.47343063354492,22.501000382713908,0.10485344036877053
2019-01-08,0.18344452371059666,49.75326156616211,23.092255018664275,0.09172226185529833
2019-01-09,0.18344452371059666,50.55390548706055,23.4623862653299,0.09172226185529833
2019-01-10,0.22734577724817534,49.86908340454102,23.145855997251683,0.11367288862408767
2019-01-11,0.19794761639711822,47.73626708984375,22.160143002166677,0.09897380819855911
2019-01-12,0.19794761639711822,47.56714630126953,22.08198434925125,0.09897380819855911
2019-01-13,0.19794761639711822,47.65135955810547,22.120903247202282,0.09897380819855911
2019-01-14,0.205395150479386,49.061946868896484,22.77287170151116,0.102697575239693
2019-01-15,0.15639821572762408,64.69979858398438,30.005894649922105,0.07819910786381204
2019-01-16,0.1999074937871887,64.476318359375,29.896222554328716,0.09995374689359435
2019-01-17,0.1634537743318778,64.7533950805664,30.02964544076086,0.0817268871659389
2019-01-18,0.12229634914039778,63.039260864257805,29.24223893164938,0.06114817457019889
2019-01-19,0.1465988287772717,64.8892822265625,30.095001720959917,0.07329941438863585
2019-01-20,0.14267907399713073,65.16295623779297,30.222214203536385,0.07133953699856536
2019-01-21,0.16149389694180732,63.08881759643554,29.26004841795331,0.08074694847090366
2019-01-22,0.1877562539687517,63.39236068725587,29.396923428087042,0.09387812698437585
2019-01-23,0.11014510932196082,62.91770935058594,29.18754197958323,0.05507255466098041
2019-01-24,0.1638457498098919,62.560508728027344,29.0154041044192,0.08192287490494594
2019-01-25,0.15796611763968046,62.48726272583007,28.982262916371454,0.07898305881984023
2019-01-26,0.12739203035458102,61.8321418762207,28.68285647044855,0.06369601517729051
2019-01-27,0.12739203035458102,60.5016860961914,28.06705170787821,0.06369601517729051
2019-01-28,0.12347227557444006,61.35343551635742,28.4617310695352,0.06173613778722003
2019-01-29,0.1105370847999749,61.712364196777344,28.629391186605112,0.05526854239998745
2019-01-30,0.1105370847999749,61.76026916503906,28.651572194514852,0.05526854239998745
2019-01-31,0.11798461888224274,64.03624725341798,29.704352566703186,0.05899230944112137
2019-02-01,0.11798461888224274,65.8746566772461,30.555437881775593,0.05899230944112137
2019-02-02,0.11798461888224274,65.8746566772461,30.555437881775593,0.05899230944112137
2019-02-03,0.11798461888224274,65.86166381835939,30.54942288247459,0.05899230944112137
2019-02-04,0.024694455114888013,90.1362075805664,41.824682499527874,0.012347227557444006
2019-02-05,0.0,89.14315795898438,41.37369336718484,0.0
2019-02-06,0.0,86.83455657958984,40.30221051011491,0.0
2019-02-07,0.0,85.4842758178711,39.67550955544753,0.0
2019-02-08,0.0,79.12549591064453,36.724231901675644,0.0
2019-02-09,0.0,80.26864624023438,37.25479815366784,0.0
2019-02-10,0.0,80.08729553222655,37.170628501651585,0.0
2019-02-11,0.0,74.92793273925781,34.77603200031868,0.0
2019-02-12,0.0,75.7845687866211,35.17361940873417,0.0
2019-02-13,0.0,74.73503875732422,34.686504810081956,0.0
2019-02-14,0.0,74.44099426269531,34.5500309960997,0.0
2019-02-15,0.06506792935033984,74.14994049072266,34.39923138925335,0.03253396467516992
2019-02-16,0.04429322901559279,75.32381439208984,34.948554393252834,0.022146614507796394
2019-02-17,0.07917904655884728,71.5443878173828,33.18858082124246,0.03958952327942364
2019-02-18,0.06232410100424118,70.46979522705078,32.694135051263736,0.03116205050212059
2019-02-19,0.05487656692197337,65.42076110839844,30.35504023239034,0.027438283460986684
2019-02-20,0.07565126725672042,66.86202239990234,31.019673703862743,0.03782563362836021
2019-02-21,0.10544140358579167,67.00916290283203,31.082787129935053,0.052720701792895834
2019-02-22,0.12386425105245416,63.23286437988281,29.33165118684194,0.06193212552622708
2019-02-23,0.078003120124805,64.62773895263672,29.98403000224712,0.0390015600624025
2019-02-24,0.078003120124805,63.57547378540039,29.496466753520366,0.0390015600624025
2019-02-25,0.09133028637728424,57.55479049682617,26.705798148981792,0.04566514318864212
2019-02-26,0.09603399211345338,58.57707595825195,27.17893072765923,0.04801699605672669
2019-02-27,0.15051858355741266,56.83502197265625,26.368346405501804,0.07525929177870633
2019-02-28,0.09642596759146747,55.870033264160156,25.925097407969755,0.04821298379573374
2019-03-01,0.09642596759146747,55.903736114501946,25.94070729241239,0.04821298379573374
2019-03-02,0.0936821392453688,51.5234260559082,23.911955291961213,0.0468410696226844
2019-03-03,0.147774755211314,51.569557189941406,23.932473738147774,0.073887377605657
2019-03-04,0.1626698233758496,53.02006912231445,24.603101293833156,0.0813349116879248
2019-03-05,0.1736451367602443,53.412586212158196,24.784265790461784,0.08682256838012214
2019-03-06,0.1709013084141456,52.535343170166016,24.378706987071297,0.0854506542070728
2019-03-07,0.07369138986664994,58.164939880371094,26.989867542539493,0.03684569493332497
2019-03-08,0.1736451367602443,54.6273536682129,25.345962057232597,0.08682256838012214
2019-03-09,0.14189512304110255,54.26145935058594,25.17812921487279,0.07094756152055127
2019-03-10,0.11720066792621454,53.49132537841796,24.822644649903925,0.05860033396310727
2019-03-11,0.11720066792621454,53.47838973999024,24.816656039208393,0.05860033396310727
2019-03-12,0.1387593192169898,43.85615921020508,20.36332663019599,0.0693796596084949
2019-03-13,0.1387593192169898,44.09238052368164,20.47263539994116,0.0693796596084949
2019-03-14,0.1387593192169898,44.09238052368164,20.47263539994116,0.0693796596084949
2019-03-15,0.13601549087089113,49.02337646484375,22.75437180222271,0.06800774543544556
2019-03-16,0.14895068164535624,55.95688629150391,25.9621956048861,0.07447534082267812
2019-03-17,0.1567901912056382,52.36705780029297,24.301222923663452,0.0783950956028191
2019-03-18,0.1556142647715959,58.336421966552734,27.06250110252075,0.07780713238579795
2019-03-19,0.13327166252479244,57.82240676879883,26.826480687257554,0.06663583126239622
2019-03-20,0.15404636285953952,54.895198822021484,25.470770364231626,0.07702318142976976
2019-03-21,0.15914204407372273,52.02835083007813,24.14450343096155,0.07957102203686137
2019-03-22,0.10740128097586216,50.792713165283196,23.573387939519755,0.05370064048793108
2019-03-23,0.1611019214637932,44.13694381713867,20.494566524694825,0.0805509607318966
2019-03-24,0.1803087198864839,45.18827819824219,20.981749028481218,0.09015435994324195
2019-03-25,0.1712932838921597,46.26042556762695,21.477090617725725,0.08564664194607985
2019-03-26,0.18540440110066714,45.721004486083984,21.228258856928278,0.09270220055033357
2019-03-27,0.14855870616734218,45.34077072143555,21.050770571694645,0.07427935308367109
2019-03-28,0.18501242562265305,40.33332443237305,18.73764539127743,0.09250621281132652
2019-03-29,0.19206798422690677,40.98004913330078,19.037247288123254,0.09603399211345338
2019-03-30,0.21911429220987938,43.06867218017578,20.004495484792745,0.10955714610493969
2019-03-31,0.1995155183091746,43.335323333740234,20.12636486018747,0.0997577591545873
2019-04-01,0.17482106319428656,43.20354080200195,20.06378568562372,0.08741053159714328
2019-04-02,0.17482106319428656,43.15651321411133,20.04204115448454,0.08741053159714328
2019-04-03,0.17482106319428656,43.08558654785156,20.009246210659846,0.08741053159714328
2019-04-04,0.17482106319428656,43.6389503479004,20.265109564941238,0.08741053159714328
2019-04-05,0.17482106319428656,44.62548065185546,20.721259664835575,0.08741053159714328
2019-04-06,0.17482106319428656,44.47236251831055,20.65046117883658,0.08741053159714328
2019-04-07,0.1646297007659201,44.968002319335945,20.879121385599955,0.08231485038296005
2019-04-08,0.1646297007659201,48.3797492980957,22.456986494227838,0.08231485038296005
2019-04-09,0.13405561348082065,52.807514190673835,24.50559804843996,0.06702780674041033
2019-04-10,0.13405561348082065,56.676063537597656,26.295907938939894,0.06702780674041033
2019-04-11,0.13405561348082065,58.5911750793457,27.18219445802707,0.06702780674041033
2019-04-12,0.1611019214637932,54.676586151123054,25.369313256955273,0.0805509607318966
2019-04-13,0.304172970938938,49.17668151855469,22.826700678545247,0.152086485469469
2019-04-14,0.2779106139119937,49.38903045654297,22.924451064504243,0.13895530695599684
2019-04-15,0.26379949670348624,49.81105422973632,23.119123929647365,0.13189974835174312
2019-04-16,0.26379949670348624,49.58375549316406,23.014228197274115,0.13189974835174312
2019-04-17,0.30456494641695214,49.42255783081055,22.94007274139122,0.15228247320847607
2019-04-18,0.28927790277440246,48.40298461914062,22.469723018954593,0.14463895138720123
2019-04-19,0.34572237160843217,43.32979202270508,20.133560969701918,0.17286118580421608
2019-04-20,0.38413596845381354,41.93092346191406,19.492244958655142,0.19206798422690677
2019-04-21,0.3606174397729678,42.68145751953124,19.83598334730269,0.1803087198864839
2019-04-22,0.33749088657013615,42.76755905151367,19.873962230298236,0.16874544328506808
2019-04-23,0.33749088657013615,45.896602630615234,21.31567373849865,0.16874544328506808
2019-04-24,0.3543458321247423,45.839019775390625,21.289843682796683,0.17717291606237115
2019-04-25,0.35121002830062953,45.3613166809082,21.069676324250754,0.17560501415031476
2019-04-26,0.2904538292084447,49.12797546386719,22.804123428889362,0.14522691460422235
2019-04-27,0.295549510422628,46.491661071777344,21.588376359480005,0.147774755211314
2019-04-28,0.295549510422628,46.48597717285156,21.585755110644897,0.147774755211314
2019-04-29,0.295549510422628,46.689849853515625,21.67977526013717,0.147774755211314
2019-04-30,0.31554025980134687,45.64899444580078,21.200632824085574,0.15777012990067343
2019-05-01,0.42411746721125126,42.735511779785156,19.865489379672518,0.21205873360562563
2019-05-02,0.4178458595630257,40.992061614990234,19.06313745782175,0.20892292978151286
2019-05-03,0.40451869331054646,42.63706588745117,19.818772523066116,0.20225934665527323
2019-05-04,0.40334276687650417,42.8636589050293,19.922939796308096,0.20167138343825208
2019-05-05,0.33082730344389655,59.76799011230468,27.707587161912823,0.16541365172194827
2019-05-06,0.4060865952226028,54.47210693359374,25.263782496346128,0.2030432976113014
2019-05-07,0.30221309354886755,55.0686912536621,25.543515409793887,0.15110654677443522
2019-05-08,0.30221309354886755,55.0686912536621,25.543515409793887,0.15110654677443522
2019-05-09,0.2975093878126985,52.13330078125,24.190094663302865,0.14875469390634924
2019-05-10,0.28771000086234605,49.79333114624024,23.110994347602002,0.14385500043117302
2019-05-11,0.28771000086234605,49.861907958984375,23.142625354767475,0.14385500043117302
2019-05-12,0.28771000086234605,50.16566848754883,23.282734687224472,0.14385500043117302
2019-05-13,0.31632421075737505,48.33378982543945,22.438258701744605,0.15816210537868752
2019-05-14,0.3131884069332623,44.6941795349121,20.76036605312813,0.15659420346663114
2019-05-15,0.31906803910347364,44.1291618347168,20.500241173221227,0.15953401955173682
2019-05-16,0.31554025980134687,43.522926330566406,20.220577075421062,0.15777012990067343
2019-05-17,0.31554025980134687,43.548675537109375,20.232446712952974,0.15777012990067343
2019-05-18,0.31554025980134687,45.017555236816406,20.909557659436352,0.15777012990067343
2019-05-19,0.31554025980134687,45.70867156982422,21.228142247722495,0.15777012990067343
2019-05-20,0.31554025980134687,45.734256744384766,21.239936271267165,0.15777012990067343
2019-05-21,0.31554025980134687,45.671268463134766,21.210900500166883,0.15777012990067343
2019-05-22,0.33435508274602344,43.54835510253906,20.23351286747261,0.16717754137301172
2019-05-23,0.46605884335875947,37.980979919433594,17.68399134595037,0.23302942167937973
2019-05-24,0.48840144560556287,34.6968994140625,16.17848772823155,0.24420072280278143
2019-05-25,0.48840144560556287,35.21199798583985,16.415042827315133,0.24420072280278143
2019-05-26,0.48840144560556287,35.11708068847656,16.371452780841032,0.24420072280278143
2019-05-27,0.48840144560556287,35.11708068847656,16.371452780841032,0.24420072280278143
2019-05-28,0.386095845843884,45.221656799316406,21.007013949189517,0.193047922921942
2019-05-29,0.386095845843884,45.52437973022461,21.146346853935956,0.193047922921942
2019-05-30,0.4233335162552231,36.295631408691406,16.9037760812155,0.21166675812761154
2019-05-31,0.42294154077720897,34.343746185302734,16.006056226644922,0.21147077038860448
2019-06-01,0.4664508188367736,27.06470108032227,12.66842428418275,0.2332254094183868
2019-06-02,0.46841069622684406,26.088865280151367,12.220533546112394,0.23420534811342203
2019-06-03,0.4621390885786185,25.414028167724613,11.908942897192752,0.23106954428930926
2019-06-04,0.4178458595630257,28.904754638671875,13.503605445544403,0.20892292978151286
2019-06-05,0.46958662266088635,28.74000740051269,13.438830374206024,0.23479331133044318
2019-06-06,0.46958662266088635,28.629596710205078,13.388104331354226,0.23479331133044318
2019-06-07,0.4562594564084071,20.852567672729492,9.811215169661976,0.22812972820420355
2019-06-08,0.43470080511763187,19.832796096801758,9.336061416923355,0.21735040255881594
2019-06-09,0.40412671783253235,19.753158569335938,9.290198026930184,0.20206335891626617
2019-06-10,0.40412671783253235,19.783336639404297,9.30408250843421,0.20206335891626617
2019-06-11,0.38413596845381354,18.940101623535156,8.909913504130884,0.19206798422690677
2019-06-12,0.38883967418998266,18.4409236907959,8.681633813195463,0.19441983709499133
2019-06-13,0.34807422447651676,14.62756061553955,6.9121594555366235,0.17403711223825838
2019-06-14,0.3453303961304181,14.013351440429686,6.628239251593143,0.17266519806520905
2019-06-15,0.3453303961304181,13.986710548400879,6.615966509267718,0.17266519806520905
2019-06-16,0.3563057095148127,12.81575870513916,6.080621580352782,0.17815285475740636
2019-06-17,0.3998149875743774,11.96880054473877,5.707090795417218,0.1999074937871887
2019-06-18,0.4523397016282661,11.591206550598145,5.553523238961125,0.22616985081413304
2019-06-19,0.43548475607366005,11.05367374420166,5.299907162567432,0.21774237803683003
2019-06-20,0.38178411558572894,11.571818351745605,5.517499135696194,0.19089205779286447
2019-06-21,0.37316065506941887,11.491961479187012,5.477419607937936,0.18658032753470943
2019-06-22,0.37316065506941887,11.58549690246582,5.520482830216303,0.18658032753470943
2019-06-23,0.3774723853275739,10.56086826324463,5.050449644119593,0.18873619266378694
2019-06-24,0.46919464718287224,8.41650104522705,4.101427917712833,0.23459732359143612
2019-06-25,0.49153724942967564,8.013787269592285,3.9257881450722607,0.24576862471483782
2019-06-26,0.43587673155167417,7.469550132751465,3.6521957792906936,0.21793836577583708
2019-06-27,0.5142718271544933,6.483209133148193,3.2328231384927277,0.25713591357724663
2019-06-28,0.4876174946495347,5.924037933349609,2.964424526630972,0.24380874732476734
2019-06-29,0.47429032839705554,5.756383419036865,2.8815327321508617,0.23714516419852777
2019-06-30,0.4621390885786185,5.331415176391601,2.6808815461787665,0.23106954428930926
2019-07-01,0.44959587328216744,6.5985703468322745,3.257701764946231,0.22479793664108372
2019-07-02,0.4974168815998871,5.737332344055176,2.8830174120130105,0.24870844079994356
2019-07-03,0.4974168815998871,5.780393123626709,2.9027888652129032,0.24870844079994356
2019-07-04,0.4962409551658448,4.788439750671387,2.4467996018838223,0.2481204775829224
2019-07-05,0.4531236525842943,4.022451877593994,2.0752612716459575,0.22656182629214716
2019-07-06,0.39197547801409544,4.004618167877197,2.038939648460548,0.19598773900704772
2019-07-07,0.41471005573891295,4.2123870849609375,2.144965906102592,0.20735502786945648
2019-07-08,0.41353412930487066,4.0993523597717285,2.092432514067733,0.20676706465243533
2019-07-09,0.42646932007933586,4.04575777053833,2.073723750898746,0.21323466003966793
2019-07-10,0.46841069622684406,3.101693630218506,1.6592545950704047,0.23420534811342203
2019-07-11,0.46841069622684406,3.278651714324951,1.7405566237562862,0.2342053481134221
2019-07-12,0.46841069622684406,3.1971938610076904,1.7031314404959017,0.23420534811342203
2019-07-13,0.46841069622684406,3.8338088989257812,1.9956193160062745,0.23420534811342203
2019-07-14,0.44959587328216744,3.6694428920745854,1.9113856079330578,0.22479793664108372
2019-07-15,0.4542995790183366,3.6166751384735107,1.8893136769484793,0.2271497895091683
2019-07-16,0.5005526854239999,2.715604543685913,1.4970670834748272,0.25027634271199994
2019-07-17,0.5397502332254094,2.4134466648101807,1.376992855003314,0.2698751166127047
2019-07-18,0.5197594838466905,2.688401460647583,1.493664623484347,0.2598797419233452
2019-07-19,0.5315187481871134,2.6631460189819336,1.487640639499582,0.26575937409355677
2019-07-20,0.5456298653956209,2.4842047691345215,1.412245396484278,0.27281493269781043
2019-07-21,0.5499415956537759,2.32570743560791,1.3416029946764552,0.27497079782688794
2019-07-22,0.5272070179289583,2.3047497272491455,1.3211479102659927,0.26360350896447915
2019-07-23,0.4754662548310978,1.798034906387329,1.0636995540069953,0.2377331274155489
2019-07-24,0.49271317586371793,1.64285409450531,1.000753992941686,0.24635658793185897
2019-07-25,0.49192922490768975,1.9444226026535034,1.1388573003318592,0.24596461245384488
2019-07-26,0.5080002195062677,2.714385747909546,1.5000291211260466,0.25400010975313375
2019-07-27,0.5080002195062677,3.0560359954833984,1.656862438036737,0.25400010975313386
2019-07-28,0.5080002195062677,3.066960096359253,1.6618771072395067,0.25400010975313386
2019-07-29,0.5099600968963381,2.537644386291504,1.4198268389570823,0.2549800484481692
2019-07-30,0.5013366363800281,2.2067267894744873,1.2638053582952506,0.25066831819001406
2019-07-31,0.5013366363800281,2.197163820266724,1.2594148744510416,0.25066831819001406
2019-08-01,0.4119662273928143,1.7047271728515625,0.9901691064415994,0.2059831136964071
2019-08-02,0.4178458595630257,3.083772897720337,1.6272979389592348,0.20892292978151286
2019-08-03,0.4268612955573499,2.923713207244873,1.557922945646932,0.21343064777867488
2019-08-04,0.48957737203960516,1.287472128868103,0.836035323551961,0.24478868601980255
2019-08-05,0.4997687344679717,1.2420614957809448,0.8201504681120644,0.24988436723398588
2019-08-06,0.4993767589899576,1.3617122173309326,0.8748949002133293,0.24968837949497874
2019-08-07,0.4993767589899576,1.3617122173309326,0.8748949002133293,0.24968837949497874
2019-08-08,0.4985928080339294,2.0322585105895996,1.1823885442732882,0.2492964040169647
2019-08-09,0.4550835299743648,1.0746881961822508,0.7214422041940757,0.2275417649871824
2019-08-10,0.48840144560556287,1.1180020570755005,0.7576346592910838,0.24420072280278143
2019-08-11,0.45900328475450575,1.018581509590149,0.6975768932741347,0.22950164237725287
2019-08-12,0.45900328475450575,1.1318095922470093,0.749609315519369,0.22950164237725287
2019-08-13,0.44528414302401237,1.6118220090866089,0.9635540370636164,0.22264207151200616
2019-08-14,0.45861130927649163,0.9995469450950623,0.6886377488147047,0.22930565463824587
2019-08-15,0.4688026717048582,1.0147939920425415,0.7006366410888228,0.23440133585242903
2019-08-16,0.4735063774410273,1.0476574897766113,0.7180379673105352,0.2367531887205137
2019-08-17,0.4735063774410273,1.0622119903564453,0.724724178841889,0.23675318872051365
2019-08-18,0.47193847552897095,0.9087206721305847,0.6534418933031809,0.23596923776448542
2019-08-19,0.443716241111956,0.8182093501091003,0.5979801563748726,0.221858120555978
2019-08-20,0.4539076035403225,0.888536274433136,0.6353138141605483,0.22695380177016125
2019-08-21,0.4656668678807454,1.140541076660156,0.7568775408439499,0.23283343394037265
2019-08-22,0.48840144560556287,1.3661540746688843,0.8715965848833918,0.24420072280278143
2019-08-23,0.48840144560556287,1.507188081741333,0.9363653793338623,0.2442007228027814
2019-08-24,0.4711545245729427,2.0186562538146973,1.1629779405151797,0.23557726228647136
2019-08-25,0.4750742793530837,2.730992078781128,1.4920884323048718,0.23753713967654186
2019-08-26,0.4652748924027313,2.9144175052642822,1.5717355104974136,0.23263744620136556
2019-08-27,0.5123119497644227,1.0167853832244873,0.72286380567262,0.25615597488221137
2019-08-28,0.4770341567431542,1.401918649673462,0.8824969094898558,0.23851707837157712
2019-08-29,0.4770341567431542,1.4135119915008547,0.8878223813450449,0.2385170783715771
2019-08-30,0.4523397016282661,1.814587593078613,1.0601597654859578,0.22616985081413304
2019-08-31,0.44528414302401237,3.1478147506713863,1.6696092930564843,0.22264207151200618
2019-09-01,0.4531236525842943,3.526530265808106,1.8473380952981215,0.22656182629214716
2019-09-02,0.4531236525842943,3.5626056194305415,1.863918153497011,0.22656182629214716
2019-09-03,0.40530264426657464,0.8282286524772644,0.5836972758770999,0.20265132213328732
2019-09-04,0.4844816908254219,0.6728320121765137,0.5512601999809276,0.24224084541271096
2019-09-05,0.48957737203960516,0.9353685975074768,0.6743385968327634,0.24478868601980255
2019-09-06,0.48957737203960516,0.9353685975074768,0.6743385968327634,0.24478868601980255
2019-09-07,0.48957737203960516,0.9873660802841187,0.6982174336343447,0.24478868601980258
2019-09-08,0.48957737203960516,1.0170902013778687,0.7118676605062298,0.24478868601980258
2019-09-09,0.42646932007933586,7.414655685424805,3.6229509103957884,0.21323466003966793
2019-09-10,0.4899693475176193,7.090211868286132,3.5009993487437123,0.24498467375880964
2019-09-11,0.4946730532537884,7.196402549743652,3.551778301373169,0.2473365266268942
2019-09-12,0.488793421083577,5.205190658569336,2.634820504856511,0.2443967105417885
2019-09-13,0.5052563911601691,3.5444161891937256,1.8797769473184593,0.25262819558008454
2019-09-14,0.476250205787126,2.9616992473602295,1.5986228262868163,0.238125102893563
2019-09-15,0.4993767589899576,1.945533990859985,1.1429465304345543,0.2496883794949788
2019-09-16,0.488793421083577,1.697288155555725,1.023856726318444,0.2443967105417885
2019-09-17,0.49310515134173205,1.4561827182769775,0.9152249126421094,0.24655257567086603
2019-09-18,0.5064323175942114,1.348840355873108,0.8724176196037874,0.2532161587971057
2019-09-19,0.4770341567431542,1.4964326620101929,0.9259124940653913,0.2385170783715771
2019-09-20,0.4688026717048582,1.4278475046157837,0.8904092767406481,0.23440133585242912
2019-09-21,0.4746823038750696,1.2535516023635864,0.8131971620607047,0.23734115193753477
2019-09-22,0.4746823038750696,3.303023338317871,1.7546826298320823,0.2373411519375348
2019-09-23,0.4746823038750696,3.303023338317871,1.7546826298320823,0.2373411519375348
2019-09-24,0.4746823038750696,3.3598618507385254,1.7807930818646753,0.23734115193753488
2019-09-25,0.44881192232613926,3.9655783176422115,2.0471375782318812,0.22440596116306963
2019-09-26,0.44293229015592783,3.8546738624572754,1.9934484692079817,0.22146614507796392
2019-09-27,0.46174711310060446,3.7903232574462895,1.9725609527637058,0.23087355655030223
2019-09-28,0.49349712681974617,3.3494131565093994,1.784770390402728,0.24674856340987308
2019-09-29,0.5154477535885356,2.9180591106414795,1.5970310890773374,0.2577238767942678
2019-09-30,0.5040804647261268,2.87396788597107,1.5714375025392864,0.2520402323630634
2019-10-01,39.284566357528675,0.49733522534370417,19.67773360199153,19.642283178764337
2019-10-02,36.18404032643718,3.346845149993896,18.434355569536805,18.09202016321859
2019-10-03,5.656990098699426,1.8558818101882935,3.584871750383461,2.828495049349713
2019-10-04,5.4860887902852795,2.459220886230469,3.7495187009627284,2.7430443951426398
2019-10-05,5.3093078497009225,3.4522318840026855,4.07363627741002,2.6546539248504613
2019-10-06,4.958097821400293,7.412469387054443,5.551854190751353,2.4790489107001465
2019-10-07,4.4771439098769985,6.749616622924805,5.069057198643804,2.238571954938499
2019-10-08,3.4509521084360966,4.197856903076172,3.52894625290202,1.7254760542180483
2019-10-09,3.4278255552332646,4.600552082061768,3.6914515730879733,1.7139127776166323
2019-10-10,3.135019873156735,6.814946174621582,4.516856482858106,1.5675099365783676
2019-10-11,1.8203341198974592,3.9712183475494385,2.681024909540945,0.9101670599487296
2019-10-12,1.5310562171230568,3.767579317092896,2.4564773923692313,0.7655281085615282
2019-10-13,1.4271827154493215,2.569443702697754,1.869467367977996,0.7135913577246608
2019-10-14,1.055197986813945,1.7224628925323486,1.3088641084101504,0.5275989934069725
2019-10-15,1.0301115562210428,2.2943689823150635,1.5562984438708978,0.5150557781105214
2019-10-16,0.8878244577019261,9.918853759765625,4.959452149071015,0.44391222885096304
2019-10-17,0.7494571139629504,6.337287425994872,3.2685357312744405,0.3747285569814752
2019-10-18,0.7192750021558652,6.429667949676514,3.2975691728129357,0.3596375010779326
2019-10-19,0.7192750021558652,6.67239809036255,3.4084807429885116,0.35963750107793274
2019-10-20,0.7192750021558652,6.691014766693115,3.4169873289338653,0.3596375010779326
2019-10-21,0.6914447432168643,6.829070091247558,3.468054871288537,0.34572237160843217
2019-10-22,0.7228027814579919,6.663936614990234,3.406143210800911,0.3614013907289962
2019-10-23,0.6087379173558902,3.892226696014404,2.0871606799052485,0.3043689586779451
2019-10-24,0.6138335985700735,4.088385105133057,2.1793483959142494,0.30691679928503673
2019-10-25,0.6056021135317774,2.6221351623535156,1.5039235151692807,0.3028010567658887
2019-10-26,0.6126576721360312,1.9537167549133299,1.2011307728623348,0.3063288360680156
2019-10-27,0.5687564185984525,3.083888292312622,1.6981523809206527,0.2843782092992263
2019-10-28,0.5687564185984525,3.077762126922608,1.6953439087652007,0.28437820929922625
2019-10-29,0.5617008599941987,3.4355523586273193,1.8560834656828291,0.2808504299970993
2019-10-30,0.5397502332254094,3.765734910964966,1.9973265572410803,0.2698751166127047
2019-10-31,0.5389662822693813,5.40059757232666,2.7469356732356545,0.26948314113469063
2019-11-01,0.5385743067913671,6.055345058441162,3.04712014920368,0.26928715339568354
2019-11-02,0.4978088570779012,6.337753772735595,3.1588733984937534,0.2489044285389506
2019-11-03,0.4978088570779012,6.4175543785095215,3.195513712225205,0.24890442853895078
2019-11-04,0.5138798516764792,16.03087043762207,7.614910765856561,0.2569399258382396
2019-11-05,0.5060403421161972,18.54619598388672,8.766948192008705,0.2530201710580986
2019-11-06,0.5060403421161972,18.54619598388672,8.766948192008705,0.2530201710580986
2019-11-07,0.5060403421161972,19.547107696533203,9.226432729118223,0.2530201710580986
2019-11-08,0.45782735832046345,21.51960563659668,10.118208222191136,0.22891367916023173
2019-11-09,0.42882117294742045,46.98383331298828,21.81937157490492,0.21441058647371022
2019-11-10,0.4178458595630257,67.08418273925781,31.064154966749708,0.20892292978151286
2019-11-11,0.3857038703658699,66.57720947265625,30.83630189915143,0.19285193518293495
2019-11-12,0.3857038703658699,66.43336486816406,30.77009463430424,0.19285193518293495
2019-11-13,0.3598334888169396,68.06251525878906,31.524615492595064,0.1799167444084698
2019-11-14,0.373552630547433,83.16455841064453,38.474980375997944,0.1867763152737165
2019-11-15,0.373552630547433,83.16333007812501,38.47441486291087,0.1867763152737165
2019-11-16,0.344938420652404,80.78451538085938,37.388039021810535,0.172469210326202
2019-11-17,0.344938420652404,80.78451538085938,37.388039021810535,0.172469210326202
2019-11-18,0.34454644517438987,80.38631439208984,37.20471608382606,0.17227322258719494
2019-11-19,0.33200322987793884,78.49617767333984,36.337540460797875,0.16600161493896942
2019-11-20,0.2532161587971057,81.52716827392578,37.7590795753564,0.12660807939855284
2019-11-21,0.24028096802264048,80.109375,37.10852906792151,0.12014048401132024
2019-11-22,0.24028096802264048,79.52326965332031,36.837910400454746,0.12014048401132024
2019-11-23,0.24028096802264048,79.52326965332031,36.837910400454746,0.12014048401132024
2019-11-24,0.24028096802264048,79.19444274902344,36.68608326021083,0.12014048401132024
2019-11-25,0.324555695795671,74.50135803222656,34.49852686235847,0.1622778478978355
2019-11-26,0.324555695795671,72.45633697509764,33.55601582481443,0.1622778478978355
2019-11-27,0.30260506902688167,71.69873046875,33.211612503592086,0.15130253451344083
2019-11-28,0.3237717448396428,71.42102813720703,33.0790297407511,0.1618858724198214
2019-11-29,0.3237717448396428,71.24294281005858,32.99695222818264,0.1618858724198214
2019-11-30,0.3472902735204886,64.48347473144531,29.878183561779974,0.1736451367602443
2019-12-01,0.3472902735204886,63.59418869018554,29.46853083302352,0.1736451367602443
2019-12-02,0.32063594101553006,70.01751708984375,32.43279508728368,0.16031797050776503
2019-12-03,0.2783025893900078,68.89115142822266,31.921627833581017,0.1391512946950039
2019-12-04,0.3339631072680093,63.609367370605476,29.477336688322765,0.16698155363400466
2019-12-05,0.37433658150346116,63.24722290039062,29.30511694234307,0.18716829075173058
2019-12-06,0.4072625216566451,63.75265121459961,29.53327937564236,0.20363126082832256
2019-12-07,0.3884476987119686,63.53622436523438,29.436258202354832,0.1942238493559843
2019-12-08,0.2735988836538386,63.653556823730476,29.505940467409157,0.1367994418269193
2019-12-09,0.29006185373043064,63.75312805175781,29.549617504316384,0.14503092686521532
2019-12-10,0.33631496013609385,60.601985931396484,28.091325756119616,0.16815748006804693
2019-12-11,0.32024396553751594,62.90254592895508,29.15341283557345,0.16012198276875797
2019-12-12,0.32024396553751594,63.08270263671874,29.23645137956458,0.16012198276875797
2019-12-13,0.32024396553751594,63.230350494384766,29.304505815484223,0.16012198276875797
2019-12-14,0.26928715339568354,63.78494644165039,29.567156747509326,0.13464357669784177
2019-12-15,0.26928715339568354,63.40214920043945,29.390521264182585,0.13464357669784177
2019-12-16,0.26928715339568354,63.354774475097656,29.368660977306565,0.13464357669784177
2019-12-17,0.26928715339568354,62.37878036499023,28.918304567167546,0.13464357669784177
2019-12-18,0.26928715339568354,61.697364807128906,28.603876579054454,0.13464357669784177
2019-12-19,0.26928715339568354,61.47439193725586,28.500989420008622,0.13464357669784177
2019-12-20,0.24184886993469687,60.95769500732421,28.26557473370252,0.12092443496734843
2019-12-21,0.24184886993469687,61.27203369140626,28.41070739230765,0.12092443496734843
2019-12-22,0.2320494829843445,61.35579681396484,28.450494287495466,0.11602474149217225
2019-12-23,0.16502167624393418,62.51287078857422,28.99322498945867,0.08251083812196709
2019-12-24,0.16502167624393418,62.51287078857422,28.99322498945867,0.08251083812196709
2019-12-25,0.11328091314607358,63.39333724975585,29.407349576535808,0.05664045657303679
2019-12-26,0.25595998714320434,66.54622650146483,30.84350910344817,0.12797999357160217
2019-12-27,0.26144764383540164,65.4867401123047,30.35363549738848,0.13072382191770082
2019-12-28,0.2790865403460359,64.383544921875,29.841960659695037,0.13954327017301796
2019-12-29,0.28065444225809233,63.9615135192871,29.647043672333663,0.14032722112904616
2019-12-30,0.3394507639602066,63.541393280029304,29.445272021291807,0.1697253819801033
2019-12-31,0.27320690817582455,64.3624038696289,29.83305199748359,0.13660345408791227
2020-01-01,0.3084847011970931,61.30591583251953,28.4188172540587,0.15424235059854655
2020-01-02,0.373552630547433,61.15217208862305,28.34067851150108,0.1867763152737165
2020-01-03,0.373552630547433,60.64079666137695,28.10524592959089,0.1867763152737165
2020-01-04,0.373552630547433,60.42469787597656,28.00575602005719,0.1867763152737165
2020-01-05,0.3265155731857415,57.344688415527344,26.59120248577996,0.16325778659287074
2020-01-06,0.33866681300417845,57.650016784667976,26.73098692730512,0.16933340650208922
2020-01-07,0.33905878848219256,60.113018035888665,27.865749833310176,0.16952939424109628
2020-01-08,0.2979013632907125,62.02166748046874,28.750080802117868,0.14895068164535624
2020-01-09,0.17638896510634294,61.94022369384766,28.727032064594376,0.08819448255317147
2020-01-10,0.22812972820420355,57.285499572753906,26.571092542116702,0.11406486410210177
2020-01-11,0.3433705187403476,56.477497100830085,26.190455835172983,0.1716852593701738
2020-01-12,0.33866681300417845,57.177207946777344,26.513145108099188,0.16933340650208922
2020-01-13,0.28653407442830375,57.5506477355957,26.68914001730164,0.14326703721415188
2020-01-14,0.2920217311205011,61.106307983398445,28.328618168622473,0.14601086556025056
2020-01-15,0.25831184001128893,59.99345779418945,27.818733559961352,0.12915592000564446
2020-01-16,0.2818303686921346,58.3254737854004,27.04692871085616,0.1409151843460673
2020-01-17,0.3519939792566577,56.920272827148445,26.39384261261607,0.17599698962832885
2020-01-18,0.3249476712736851,58.84464645385743,27.282613695433678,0.16247383563684256
2020-01-19,0.25125628140703515,57.35200500488281,26.60010748518344,0.12562814070351758
2020-01-20,0.16933340650208922,60.3851318359375,28.008748611798172,0.08466670325104461
2020-01-21,0.24067294350065457,56.568206787109375,26.238990514483397,0.12033647175032729
2020-01-22,0.24028096802264048,55.796703338623054,25.88279491478361,0.12014048401132024
2020-01-23,0.23636121324249956,56.516632080078125,26.21545843712135,0.11818060662124978
2020-01-24,0.15051858355741266,62.12943649291992,28.817654901668593,0.07525929177870633
2020-01-25,0.15051858355741266,62.10092544555664,28.804465086199055,0.07525929177870633
2020-01-26,0.08192287490494594,59.866310119628906,27.777452486770425,0.04096143745247297
2020-01-27,0.10034572237160844,58.79978942871094,27.281704626061764,0.05017286118580422
2020-01-28,0.08113892394891775,58.486896514892585,27.13842679881585,0.040569461974458876
2020-01-29,0.11406486410210177,58.21647644042969,27.010431765840874,0.05703243205105089
2020-01-30,0.152086485469469,61.036338806152344,28.311791679000674,0.0760432427347345
2020-01-31,0.1736451367602443,59.88636016845703,27.777673825100013,0.08682256838012214
2020-02-01,0.16541365172194827,60.32000350952149,27.979035638688345,0.08270682586097414
2020-02-02,0.16541365172194827,60.32779693603516,27.982639882321546,0.08270682586097414
2020-02-03,0.14385500043117302,56.9097900390625,26.40339613908441,0.07192750021558651
2020-02-04,0.13405561348082065,57.84112930297851,26.83508388728415,0.06702780674041033
2020-02-05,0.12190437366238367,57.492923736572266,26.674849762048304,0.060952186831191836
2020-02-06,0.19481181257300545,56.08825302124024,26.02017855946831,0.09740590628650272
2020-02-07,0.21205873360562563,56.18549728393555,26.06405593830442,0.10602936680281282
2020-02-08,0.20617910143541418,57.634864807128906,26.734121066836376,0.10308955071770709
2020-02-09,0.20029946926520278,58.66768264770508,27.211859270744664,0.10014973463260139
2020-02-10,0.20029946926520278,59.46388244628906,27.579801836356882,0.10014973463260139
2020-02-11,0.1810926708425121,55.24715805053712,25.632162592488967,0.09054633542125605
2020-02-12,0.1618858724198214,54.80765151977539,25.429895316772544,0.0809429362099107
2020-02-13,0.1618858724198214,56.30217742919922,26.121124826868087,0.0809429362099107
2020-02-14,0.15365438738152543,53.457695007324226,24.805814863276478,0.07682719369076271
2020-02-15,0.20186737117725914,56.55634307861328,26.236057033309596,0.10093368558862957
2020-02-16,0.20186737117725914,56.41841125488282,26.17231767127621,0.10093368558862957
2020-02-17,0.1795247689304557,56.0095329284668,25.984714521828057,0.08976238446522786
2020-02-18,0.1626698233758496,53.872528076171875,24.99736330938496,0.0813349116879248
2020-02-19,0.17756489154038524,56.08417510986329,26.019343170253816,0.08878244577019262
2020-02-20,0.17560501415031476,52.47433090209961,24.350377467998214,0.08780250707515738
2020-02-21,0.1548303138155677,53.86274337768554,24.993140709347937,0.07741515690778385
2020-02-22,0.15169450999145492,52.8449935913086,24.522441159174342,0.07584725499572746
2020-02-23,0.13013585870067967,51.75242996215821,24.017388689868334,0.06506792935033984
2020-02-24,0.3084847011970931,51.180328369140625,23.750500641970856,0.15424235059854655
2020-02-25,0.3084847011970931,51.180328369140625,23.750500641970856,0.15424235059854655
2020-02-26,0.22734577724817534,51.62032318115234,23.954671248072017,0.11367288862408767
2020-02-27,0.22734577724817534,51.634101867675774,23.961034975041485,0.11367288862408767
2020-02-28,0.15796611763968046,54.42807388305664,25.25451136531415,0.07898305881984023
2020-02-29,0.15796611763968046,53.77215576171876,24.951118574564944,0.07898305881984023
2020-03-01,0.13562351539287704,52.95145797729492,24.572166919846563,0.06781175769643852
2020-03-02,0.1105370847999749,54.65678024291992,25.362507413020314,0.05526854239998745
2020-03-03,0.09211423733331243,57.04007339477539,26.467319253080525,0.04605711866665622
2020-03-04,0.11210498671203128,70.50481414794922,32.700158953777894,0.05605249335601564
2020-03-05,0.07133953699856536,82.33487701416016,38.19072286157419,0.03566976849928268
2020-03-06,0.07133953699856536,82.97636413574219,38.48799633874568,0.03566976849928268
2020-03-07,0.07133953699856536,79.62385559082031,36.93440026664027,0.03566976849928268
2020-03-08,0.11367288862408767,68.38380432128906,31.71783180731152,0.056836444312043835
2020-03-09,0.11367288862408767,73.31786346435547,34.002250248196034,0.056836444312043835
2020-03-10,0.08897843350919966,73.64924621582031,34.16151709321038,0.04448921675459983
2020-03-11,0.12308030009642597,65.67163848876953,30.460652733457692,0.061540150048212984
2020-03-12,0.13954327017301796,62.53971862792969,29.008836396278298,0.06977163508650898
2020-03-13,0.1626698233758496,60.761611938476555,28.18356257043692,0.0813349116879248
2020-03-14,0.1626698233758496,60.82241439819336,28.21168369018114,0.0813349116879248
2020-03-15,0.1634537743318778,58.161026000976555,26.980728360426248,0.0817268871659389
2020-03-16,0.16502167624393418,57.65457916259766,26.746380800563845,0.08251083812196709
2020-03-17,0.16149389694180732,56.451927185058594,26.190410508866442,0.08074694847090366
2020-03-18,0.1379753682609616,54.73530578613281,25.397567104563024,0.0689876841304808
2020-03-19,0.1799167444084698,50.50751495361329,23.4409581987503,0.0899583722042349
2020-03-20,0.2688951779176695,48.00008010864258,22.283482272789506,0.13444758895883474
2020-03-21,0.3233797693616287,48.23182678222656,22.391382249420907,0.16168988468081436
2020-03-22,0.29006185373043064,50.87510681152344,23.609942039336808,0.14503092686521532
2020-03-23,0.17403711223825838,50.58743667602539,23.477942726949816,0.08701855611912919
2020-03-24,0.2481204775829224,50.72571563720704,23.541343352709024,0.1240602387914612
2020-03-25,0.18971613135882218,49.987796783447266,23.200679529058913,0.09485806567941109
2020-03-26,0.10387350167373528,51.730106353759766,24.00751113149949,0.05193675083686764
2020-03-27,0.10387350167373528,51.42728805541993,23.86727971151946,0.05193675083686764
2020-03-28,0.2739908591318527,48.835201263427734,22.668897805390255,0.13699542956592636
2020-03-29,0.26850320243965536,49.26856231689453,22.868804604416223,0.13425160121982768
2020-03-30,0.15365438738152543,71.8303909301758,33.30483770500198,0.07682719369076271
2020-03-31,0.3178921126694314,60.52579879760742,28.05816067624959,0.1589460563347157
2020-04-01,0.3100526031091495,58.17110061645507,26.973409050341335,0.15502630155457475
2020-04-02,0.2822223441701487,54.18186950683593,25.135434099714644,0.14111117208507434
2020-04-03,0.25595998714320434,53.18372726440429,24.675823032058357,0.12797999357160217
2020-04-04,0.26183961931341576,47.365074157714844,21.990280835751253,0.13091980965670788
2020-04-05,0.3610094152509819,43.84163284301758,20.370291693235142,0.18050470762549095
2020-04-06,0.38766374775594037,45.28944778442383,21.038289654009034,0.19383187387797018
2020-04-07,0.3990310366183492,46.12102508544922,21.421463847144455,0.1995155183091746
2020-04-08,0.3837439929757994,45.746498107910156,21.24848023195413,0.1918719964878997
2020-04-09,0.36963287576729204,45.55017852783203,21.157488576240258,0.18481643788364602
2020-04-10,0.3802162136736726,39.85208511352539,18.53498898343936,0.1901081068368363
2020-04-11,0.3770804098495598,39.92628479003906,18.568829001348934,0.1885402049247799
2020-04-12,0.40765449713465923,40.91236877441406,19.025556746080856,0.20382724856732962
2020-04-13,0.3904075761020391,41.14336013793945,19.13029679268264,0.19520378805101954
2020-04-14,0.39471930636019414,40.10828399658203,18.654358144853482,0.19735965318009707
2020-04-15,0.38335201749778536,35.46526336669922,16.516084368363355,0.19167600874889268
2020-04-16,0.2849661725162474,35.30038452148438,16.425729468278526,0.1424830862581237
2020-04-17,0.373552630547433,35.58732223510743,16.570854842866076,0.1867763152737165
2020-04-18,0.3712007776793484,35.631683349609375,16.590940373651083,0.1856003888396742
2020-04-19,0.32141989197155824,35.175933837890625,16.37372718583575,0.16070994598577912
2020-04-20,0.32141989197155824,35.20471954345703,16.38699486887041,0.16070994598577912
2020-04-21,0.32141989197155824,34.51342010498047,16.068366520137108,0.16070994598577912
2020-04-22,0.4550835299743648,31.091224670410156,14.51630903231802,0.2275417649871824
2020-04-23,0.4335248786835896,31.428190231323246,14.667166339985604,0.2167624393417948
2020-04-24,0.4327409277275614,31.851282119750973,14.861557971186464,0.2163704638637807
2020-04-25,0.4327409277275614,31.8953971862793,14.881842034439439,0.2163704638637807
2020-04-26,0.4315650012935191,31.02726936340332,14.482454628616523,0.21578250064675955
2020-04-27,0.40687054617863105,30.934619903564453,14.43514531887776,0.20343527308931553
2020-04-28,0.3359229846580798,44.541412353515625,20.69118220649175,0.1679614923290399
2020-04-29,0.3359229846580798,44.57383346557617,20.70612079068697,0.1679614923290399
2020-04-30,0.3359229846580798,44.4682502746582,20.657471522142977,0.1679614923290399
2020-05-01,0.3359229846580798,44.67808532714844,20.754156626370147,0.1679614923290399
2020-05-02,0.36571312098715103,41.944889068603516,19.49718913775245,0.18285656049357552
2020-05-03,0.46017921118854804,31.539970397949226,14.723482269627313,0.23008960559427402
2020-05-04,0.44175636372188554,29.58713912963867,13.822347608259797,0.22087818186094277
2020-05-05,0.4523397016282661,29.853406906127933,13.946885441106541,0.22616985081413304
2020-05-06,0.45939526023251986,28.972206115722653,13.54336653617834,0.22969763011625993
2020-05-07,0.46605884335875947,23.86944007873535,11.200221180587807,0.23302942167937973
2020-05-08,0.4492038978041534,23.327909469604492,10.946910811135602,0.2246019489020767
2020-05-09,0.4441082165899701,22.07827186584473,10.371111622053617,0.22205410829498504
2020-05-10,0.4441082165899701,21.4381046295166,10.076836139833057,0.22205410829498504
2020-05-11,0.3892316496679968,28.34729194641113,13.241005874128508,0.1946158248339984
2020-05-12,0.3751205324594893,24.93515396118164,11.667086731397957,0.18756026622974464
2020-05-13,0.3751205324594893,24.93515396118164,11.667086731397957,0.18756026622974464
2020-05-14,0.41706190860699754,19.423301696777344,9.142390936762375,0.20853095430349877
2020-05-15,0.4115742519148002,21.33619499206543,10.020664303121782,0.2057871259574001
2020-05-16,0.4127501783488425,20.836360931396484,9.791078249057703,0.20637508917442124
2020-05-17,0.42882117294742045,18.17698097229004,8.57288066229063,0.21441058647371022
2020-05-18,0.43783660894174464,16.872146606445312,7.97585460637811,0.21891830447087232
2020-05-19,0.43783660894174464,16.752239227294925,7.920727424052483,0.21891830447087232
2020-05-20,0.464098965968689,15.474337577819824,7.342281900472618,0.2320494829843445
2020-05-21,0.46801872074883,14.087247848510742,6.706342092943225,0.234009360374415
2020-05-22,0.4374446334637305,13.937024116516113,6.62629644184374,0.21872231673186526
2020-05-23,0.3966791837502646,11.158866882324219,5.3331994514320895,0.1983395918751323
2020-05-24,0.45782735832046345,10.772027969360352,5.179178995993377,0.22891367916023173
2020-05-25,0.45077179971620973,10.75168514251709,5.167061300089082,0.22538589985810487
2020-05-26,0.4738983529190414,10.916203498840332,5.2517157458787285,0.2369491764595207
2020-05-27,0.402166840442462,11.16324520111084,5.337345404681722,0.201083420221231
2020-05-28,0.4448921675459983,11.020936965942383,5.288522643913778,0.22244608377299915
2020-05-29,0.43470080511763187,10.408303260803223,5.002873791287547,0.21735040255881594
2020-05-30,0.43470080511763187,10.349574089050293,4.975871328159602,0.21735040255881594
2020-05-31,0.34219459230630533,9.989222526550293,4.773176649376219,0.17109729615315267
2020-06-01,0.41431808026089884,9.829841613769531,4.728721271630596,0.20715904013044942
2020-06-02,0.4456761185020265,8.52332878112793,4.1407535578158825,0.22283805925101324
2020-06-03,0.44724402041408284,8.504379272460938,4.132693654561435,0.22362201020704142
2020-06-04,0.44724402041408284,14.590149879455566,6.930042238353375,0.22362201020704142
2020-06-05,0.47037057361691453,13.8816556930542,6.612733005181146,0.23518528680845763
2020-06-06,0.476250205787126,13.188295364379885,6.296351924765823,0.23812510289356262
2020-06-07,0.476250205787126,13.39330768585205,6.390527184755185,0.23812510289356262
2020-06-08,0.476250205787126,13.387343406677246,6.38778741019967,0.23812510289356262
2020-06-09,0.47076254909492865,13.610276222229004,6.488197755166522,0.23538127454746433
2020-06-10,0.47076254909492865,13.616082191467285,6.490865126463498,0.23538127454746433
2020-06-11,0.4758582303091119,13.892041206359862,6.619485826546663,0.23792911515455595
2020-06-12,0.4186298105190539,9.268685340881348,4.472355024787261,0.20931490525952695
2020-06-13,0.45782735832046345,7.401895046234131,3.6304407110648538,0.22891367916023173
2020-06-14,0.45665143188642116,7.593310356140136,3.7179065874402504,0.22832571594321058
2020-06-15,0.45665143188642116,7.71854591369629,3.77545982648649,0.22832571594321058
2020-06-16,0.45665143188642116,7.672363758087158,3.7542363601378756,0.22832571594321058
2020-06-17,0.45665143188642116,7.673609256744385,3.754808741363703,0.22832571594321058
2020-06-18,0.45782735832046345,7.513531208038331,3.6817429005370292,0.22891367916023173
2020-06-19,0.45782735832046345,7.585320949554443,3.7147337420519655,0.22891367916023173
2020-06-20,0.4750742793530837,7.065106391906739,3.4830750617342185,0.23753713967654186
2020-06-21,0.4750742793530837,6.741346836090087,3.334347801627395,0.23753713967654186
2020-06-22,0.4750742793530837,6.246593475341798,3.1070701492747745,0.23753713967654186
2020-06-23,0.44018846180982923,4.962973117828369,2.5016946634552735,0.22009423090491462
2020-06-24,0.48369773986939374,4.6640825271606445,2.3840126606315284,0.24184886993469687
2020-06-25,0.47977798508925285,4.747888088226318,2.4207298969207374,0.23988899254462642
2020-06-26,0.4911452739516616,5.212214469909668,2.639099452048845,0.2455726369758308
2020-06-27,0.48369773986939374,4.399728775024414,2.262597777326318,0.24184886993469687
2020-06-28,0.4974168815998871,4.341550827026367,2.2421412082887704,0.24870844079994356
2020-06-29,0.4985928080339294,3.745833158493042,1.9691600240676177,0.2492964040169647
2020-06-30,0.5064323175942114,3.2226710319519043,1.7326222293489573,0.2532161587971057
2020-07-01,0.4386205598977728,3.9638049602508545,2.041630759797044,0.2193102799488864
2020-07-02,0.5201514593247046,3.3006176948547363,1.774811341079785,0.2600757296623523
2020-07-03,0.45900328475450575,3.9388983249664307,2.039568685964003,0.22950164237725287
2020-07-04,0.46841069622684406,3.0621907711029053,1.641105310728815,0.2342053481134221
2020-07-05,0.43783660894174464,2.460864782333374,1.3502960603324008,0.21891830447087232
2020-07-06,0.47742613222116825,2.2670578956604004,1.2800909686284256,0.23871306611058413
2020-07-07,0.43548475607366005,2.412358522415161,1.3268762111854464,0.21774237803683003
2020-07-08,0.50917614594031,2.5495402812957764,1.4249153852804812,0.25458807297015507
2020-07-09,0.44998784876018155,2.3272669315338135,1.294667538647698,0.22499392438009078
2020-07-10,0.4880094701275488,2.567047595977783,1.4229118699580157,0.2440047350637744
2020-07-11,0.4880094701275488,2.835434913635254,1.5461677551224675,0.24400473506377449
2020-07-12,0.4735063774410273,2.1490485668182373,1.224007490582909,0.23675318872051365
2020-07-13,0.44881192232613926,2.129338026046753,1.203131239701998,0.22440596116306963
2020-07-14,0.4633150150126608,2.726794719696045,1.4846012865276808,0.2316575075063304
2020-07-15,0.47076254909492865,2.8351266384124756,1.5378916924002721,0.23538127454746433
2020-07-16,0.47076254909492865,2.805438756942749,1.524252522151443,0.23538127454746424
2020-07-17,0.4570434073644353,2.6753940582275386,1.4580150157207836,0.22852170368221755
2020-07-18,0.45782735832046345,2.2608461380004883,1.2678812956084604,0.22891367916023173
2020-07-19,0.4405804372878433,1.835981607437134,1.06432878458223,0.22029021864392165
2020-07-20,0.44018846180982923,1.5199898481369019,0.9188708336882869,0.22009423090491462
2020-07-21,0.4456761185020265,1.5021709203720095,0.9133404300442365,0.2228380592510132
2020-07-22,0.43901253537578694,1.4872547388076782,0.9032512270813355,0.21950626768789347
2020-07-23,0.4574353828424494,1.2681562900543213,0.8115015147734328,0.22871769142122472
2020-07-24,0.4574353828424494,1.2865126132965088,0.8199372007576207,0.2287176914212247
2020-07-25,0.4574353828424494,1.4099318981170654,0.8766547861587374,0.22871769142122472
2020-07-26,0.4535156280623084,1.4599225521087646,0.8977254416965977,0.2267578140311542
2020-07-27,0.45861130927649163,1.1772953271865845,0.7703202920741523,0.2293056546382458
2020-07-28,0.4978088570779012,1.0880686044692993,0.7484892956268092,0.24890442853895065
2020-07-29,0.4982008325559153,0.9461326599121092,0.6835119248797217,0.24910041627795765
2020-07-30,0.43626870702968823,1.2063324451446533,0.7727622426516239,0.21813435351484411
2020-07-31,0.46605884335875947,0.9971483349800109,0.6911849949030916,0.23302942167937973
2020-08-01,0.4985928080339294,0.9197369813919066,0.6715848796060685,0.2492964040169647
2020-08-02,0.5115279988083946,0.9879677295684813,0.7092521776900427,0.2557639994041973
2020-08-03,0.5115279988083946,1.046720266342163,0.7362202456478962,0.2557639994041973
2020-08-04,0.5115279988083946,1.6110582351684568,0.9952576511837529,0.2557639994041973
2020-08-05,0.4856576172594642,1.3530954122543335,0.8642647059910149,0.2428288086297321
2020-08-06,0.4809539115232951,1.1245338916778564,0.756994337627338,0.24047695576164754
2020-08-07,0.5052563911601691,0.9605024456977843,0.6935697419830552,0.2526281955800845
2020-08-08,0.4997687344679717,0.858345091342926,0.6439752476860889,0.24988436723398585
2020-08-09,0.4656668678807454,0.9456350207328795,0.667324106865401,0.23283343394037265
2020-08-10,0.4656668678807454,1.525065302848816,0.9335547853723977,0.2328334339403727
2020-08-11,0.4880094701275488,1.1056034564971924,0.7517490422868007,0.24400473506377435
2020-08-12,0.4676267452708159,1.265586018562317,0.8152870419953254,0.23381337263540794
2020-08-13,0.476250205787126,1.1661860942840576,0.7738288978485928,0.23812510289356303
2020-08-14,0.476250205787126,1.5896015167236328,0.9683306585496749,0.238125102893563
2020-08-15,0.5013366363800281,1.5888546705245972,0.9801322127376549,0.25066831819001406
2020-08-16,0.5013366363800281,1.62178897857666,0.995252782958188,0.250668318190014
2020-08-17,0.5013366363800281,1.6691349744796753,1.0169899469690709,0.25066831819001406
2020-08-18,0.4876174946495347,1.3702740669250488,0.873107426771688,0.24380874732476734
2020-08-19,0.5111360233303804,0.8145973682403564,0.6294804585056737,0.2555680116651902
2020-08-20,0.464098965968689,0.7242780327796936,0.5648446751563356,0.2320494829843445
2020-08-21,0.49349712681974617,0.6442303657531738,0.5425736282318488,0.24674856340987308
2020-08-22,0.4982008325559153,0.8149793148040771,0.6232936014663425,0.24910041627795765
2020-08-23,0.500944660902014,0.8979671597480775,0.6627442808979865,0.2504723304510069
2020-08-24,0.5142718271544933,1.0305534601211548,0.7301431393037207,0.25713591357724663
2020-08-25,0.4809539115232951,0.855169951915741,0.6332709372348738,0.24047695576164763
2020-08-26,0.5099600968963381,0.8339219093322754,0.6377725566767748,0.25498004844816907
2020-08-27,0.46488291692471717,0.7307769060134888,0.5682170591640228,0.23244145846235859
2020-08-28,0.46488291692471717,0.7381974458694458,0.571626630822844,0.23244145846235859
2020-08-29,0.46488291692471717,0.7381974458694458,0.571626630822844,0.23244145846235859
2020-08-30,0.4738983529190414,1.160835862159729,0.7702225690597915,0.23694917645952066
2020-08-31,0.4738983529190414,1.160835862159729,0.7702225690597915,0.23694917645952066
2020-09-01,0.43430882963961776,1.4504473209381104,0.8840458936598726,0.21715441481980888
2020-09-02,0.4597872357105339,1.5028288364410403,0.9204863467545562,0.22989361785526694
2020-09-03,0.49349712681974617,1.2799108028411865,0.8344726390581586,0.24674856340987303
2020-09-04,0.5099600968963381,1.0907313823699951,0.7556549881381192,0.2549800484481691
2020-09-05,0.43470080511763187,1.0291550159454346,0.6905346743874113,0.217350402558816
2020-09-06,0.43470080511763187,1.181056261062622,0.7603757371495679,0.21735040255881594
2020-09-07,0.43470080511763187,1.1986013650894165,0.7684426144852905,0.21735040255881588
2020-09-08,0.46841069622684406,0.9457103610038757,0.668704688943886,0.23420534811342208
2020-09-09,0.44646006945805466,0.8785067796707152,0.6270460455100206,0.22323003472902733
2020-09-10,0.4374446334637305,1.050567626953125,0.7017228401483195,0.21872231673186526
2020-09-11,0.43470080511763187,1.9645739793777466,1.1206210405892603,0.21735040255881594
2020-09-12,0.4256853691233077,2.027796983718872,1.1453647720932345,0.21284268456165384
2020-09-13,0.4676267452708159,1.1438535451889038,0.7593570404509763,0.23381337263540794
2020-09-14,0.4852656417814501,0.8474400043487549,0.6318397677527233,0.24263282089072505
2020-09-15,0.46919464718287224,0.8016475439071654,0.6029018282573511,0.23459732359143612
2020-09-16,0.5048644156821549,2.7092032432556152,1.4961671643978647,0.25243220784107745
2020-09-17,0.5115279988083946,2.05063533782959,1.1970284312769803,0.2557639994041973
2020-09-18,0.4668427943147877,0.7967400550842284,0.5994899705107164,0.23342139715739388
2020-09-19,0.48487366630343604,0.7125951051712036,0.569715850990169,0.24243683315171802
2020-09-20,0.4296051239034486,1.658064842224121,0.9772311036702775,0.2148025619517243
2020-09-21,0.410790300958772,3.770546913146972,1.9399164903300257,0.205395150479386
2020-09-22,0.410790300958772,3.8681902885437007,1.9848342495362936,0.205395150479386
2020-09-23,0.410790300958772,6.458068847656249,3.1762263026994955,0.205395150479386
2020-09-24,0.410790300958772,7.3048038482666025,3.5657400686298897,0.205395150479386
2020-09-25,0.410790300958772,8.573457717895508,4.149344320332156,0.205395150479386
2020-09-26,0.38883967418998266,8.844762802124023,4.265115846045329,0.19441983709499133
2020-09-27,0.38296004201977124,9.518423080444336,4.5727797424587,0.19148002100988562
2020-09-28,0.3751205324594893,10.223184585571289,4.894060903485242,0.18756026622974464
2020-09-29,0.39432733088218,9.730003356933594,4.674747074323885,0.19716366544109
2020-09-30,0.41627795765096937,8.035566329956053,3.9042071942736034,0.20813897882548468
2020-10-01,34.72706747465878,3.947474241256714,17.82481871949586,17.36353373732939
2020-10-02,34.70903660267013,4.208259105682373,17.847036274890304,17.354518301335066
2020-10-03,34.61535446342477,6.089374542236327,18.02605815974446,17.307677231712386
2020-10-04,33.53232621767182,14.80660343170166,18.673300154303956,16.76616310883591
2020-10-05,33.2481439961116,16.1889705657959,18.7552684500986,16.6240719980558
2020-10-06,32.59942457999828,16.52748489379883,18.58268945216516,16.29971228999914
2020-10-07,26.50263799496703,18.381130218505863,16.911002470695077,13.251318997483516
2020-10-08,14.686929185710143,10.585530281066896,10.701799362996702,7.343464592855072
2020-10-09,14.31337655516271,11.511525154113771,10.851803112267778,7.156688277581355
2020-10-10,13.348724903770021,11.69062328338623,10.539740258234211,6.674362451885011
2020-10-11,13.039848227094913,19.611785888671875,13.064924664514157,6.519924113547456
2020-10-12,8.54976912644345,37.14149856567383,18.33772236357789,4.274884563221725
2020-10-13,6.832916532741712,38.400814056396484,18.615394442354656,3.416458266370856
2020-10-14,2.3314701432278397,39.36821365356445,18.519704369218186,1.1657350716139199
2020-10-15,2.235044175636372,40.59077072143555,19.049548891726158,1.117522087818186
2020-10-16,2.0602231124420856,41.26263427734375,19.331087305151822,1.0301115562210428
2020-10-17,2.0602231124420856,41.27336502075195,19.335846649248992,1.0301115562210428
2020-10-18,1.3860252902578414,41.96611785888672,19.588935020532368,0.6930126451289207
2020-10-19,1.322133287341544,41.422008514404304,19.338460349508793,0.661066643670772
2020-10-20,1.3091980965670789,41.02827072143555,19.15976147156776,0.6545990482835394
2020-10-21,1.112426406604003,38.13625717163086,17.832019320738667,0.5562132033020015
2020-10-22,1.092435657225284,37.306148529052734,17.453440733029723,0.546217828612642
2020-10-23,1.0324634090891274,37.85907745361328,17.69674806966647,0.5162317045445637
2020-10-24,0.9975775915458729,33.92189025878906,15.904436571170274,0.49878879577293644
2020-10-25,0.9771948666891399,30.560371398925785,14.3738383427868,0.48859743334456995
2020-10-26,0.9771948666891399,30.55110740661621,14.36962920660444,0.48859743334456995
2020-10-27,0.973667087387013,36.7972412109375,17.20712216658765,0.4868335436935065
2020-10-28,0.8454911060764039,48.699195861816406,22.613580848611846,0.42274555303820194
2020-10-29,0.8329478907799528,48.33462905883789,22.44724925806798,0.4164739453899764
2020-10-30,0.7506330403969927,42.06177520751953,19.581567421641612,0.3753165201984964
2020-10-31,0.6628305333218354,37.55597686767578,17.51320328666596,0.3314152666609177
2020-11-01,0.5977626039714955,36.76583480834961,17.14310359939134,0.29888130198574775
2020-11-02,0.6722379447941736,33.124977111816406,15.487616824889189,0.3361189723970868
2020-11-03,0.6663583126239623,31.782358169555664,14.872426386591039,0.33317915631198114
2020-11-04,0.6734138712282159,31.536008834838867,14.761033462666346,0.33670693561410797
2020-11-05,0.6432317594211306,22.4561824798584,10.59967780965336,0.3216158797105653
2020-11-06,0.5617008599941987,17.494060516357422,8.302041544855294,0.28085042999709936
2020-11-07,0.5060403421161972,15.842385292053224,7.525720630704635,0.2530201710580986
2020-11-08,0.47193847552897095,17.092477798461914,8.08837351897213,0.23596923776448547
2020-11-09,0.40255881592047604,15.2430419921875,7.214615468304741,0.20127940796023802
2020-11-10,0.4174538840850116,15.863136291503906,7.505006070593417,0.2087269420425058
2020-11-11,0.49428107777577435,12.936816215515137,6.187514296845915,0.2471405388878868
2020-11-12,0.49310515134173205,13.39186954498291,6.396036835210385,0.24655257567086603
2020-11-13,0.5087841704622958,14.120037078857422,6.736033609027642,0.2543920852311479
2020-11-14,0.5005526854239999,14.504423141479492,6.909559821578615,0.25027634271199994
2020-11-15,0.46135513762259034,13.349912643432619,6.365134013239386,0.2306775688112955
2020-11-16,0.47037057361691453,19.396808624267578,9.146519447567519,0.23518528680845727
2020-11-17,0.48252181343535144,16.436084747314453,7.790374126291827,0.24126090671767572
2020-11-18,0.4574353828424494,14.090864181518553,6.704203218280306,0.2287176914212247
2020-11-19,0.476250205787126,15.397557258605957,7.3112070894666354,0.238125102893563
2020-11-20,0.4629230395346467,25.87268829345703,12.119888670688834,0.23146151976732335
2020-11-21,0.48016996056726685,27.467205047607422,12.856450826240144,0.24008498028363343
2020-11-22,0.49192922490768975,22.06498908996582,10.378364528836364,0.24596461245384488
2020-11-23,0.49232120038570387,22.06743621826172,10.379597756354231,0.24616060019285194
2020-11-24,0.4084384480906874,21.131034851074222,9.925383176790058,0.2042192240453437
2020-11-25,0.5095681214183241,16.756948471069336,7.94673823329407,0.25478406070916204
2020-11-26,0.4468520449360688,14.32298469543457,6.807098857311228,0.2234260224680344
2020-11-27,0.4974168815998871,13.71230983734131,6.5447461556083315,0.2487084407999439
2020-11-28,0.4727224264849991,13.764641761779787,6.5598263514230775,0.23636121324249956
2020-11-29,0.48840144560556287,15.669485092163088,7.440292503402031,0.24420072280278143
2020-11-30,0.47193847552897095,15.383151054382324,7.303096814128253,0.23596923776448547
2020-12-01,0.47193847552897095,20.760181427001953,9.77334231135753,0.23596923776448547
2020-12-02,0.4178458595630257,22.174901962280273,10.408223532467053,0.20892292978151286
2020-12-03,0.29006185373043064,32.42391204833985,15.099775237309812,0.14503092686521532
2020-12-04,0.26379949670348624,37.08830261230469,17.247721523989213,0.13189974835174312
2020-12-05,0.26379949670348624,37.08830261230469,17.247721523989213,0.13189974835174312
2020-12-06,0.26379949670348624,37.08830261230469,17.247721523989213,0.13189974835174312
2020-12-07,0.18658032753470943,51.57588577270508,23.934790116968944,0.09329016376735472
2020-12-08,0.1720772348481879,54.042091369628906,25.075406026593118,0.08603861742409395
2020-12-09,0.1720772348481879,54.061515808105476,25.084387996341245,0.08603861742409395
2020-12-10,0.19559576352903363,63.74198532104492,29.557459705837157,0.09779788176451681
2020-12-11,0.19285193518293495,64.68158721923828,29.992118772319014,0.09642596759146747
2020-12-12,0.16815748006804693,75.39452362060547,34.94988635733971,0.08407874003402346
2020-12-13,0.24028096802264048,81.07597351074219,37.554830406809266,0.12014048401132024
2020-12-14,0.09525004115742519,83.9508056640625,38.931447410564054,0.047625020578712596
2020-12-15,0.09525004115742519,83.94243621826172,38.92757090167952,0.047625020578712596
2020-12-16,0.08427472777303051,82.98927307128906,38.48971128200204,0.042137363886515254
2020-12-17,0.1622778478978355,77.76441192626953,36.04746139596705,0.08113892394891775
2020-12-18,0.24694455114888011,75.28775024414062,34.880586083710874,0.12347227557444006
2020-12-19,0.23949701706661233,74.71334075927734,34.617246482333016,0.11974850853330617
2020-12-20,0.23949701706661233,73.67989349365234,34.140071394328395,0.11974850853330617
2020-12-21,0.23949701706661233,73.67989349365234,34.140071394328395,0.11974850853330617
2020-12-22,0.23949701706661233,72.61471557617188,33.64824526693821,0.11974850853330617
2020-12-23,0.23949701706661233,72.62181091308594,33.65152140702683,0.11974850853330617
2020-12-24,0.2222500960339921,71.91848754882812,33.33055516566415,0.11112504801699605
2020-12-25,0.2222500960339921,71.91848754882812,33.33055516566415,0.11112504801699605
2020-12-26,0.13248771156876427,70.77835083007812,32.82257270814484,0.06624385578438213
2020-12-27,0.13248771156876427,70.31549072265625,32.60836034357945,0.06624385578438213
2020-12-28,0.13248771156876427,70.31549072265625,32.60836034357945,0.06624385578438213
2020-12-29,0.0940741147233829,70.6134262084961,32.75416369985402,0.04703705736169145
2020-12-30,0.07212348795459356,71.58971405029297,33.2111053087896,0.03606174397729678
2020-12-31,0.06310805196026936,86.81847381591797,40.271510653254715,0.03155402598013468
2021-01-01,0.032925940153184015,79.89080047607422,37.069588130710216,0.016462970076592007
2021-01-02,0.032925940153184015,78.87261962890625,36.59735876085213,0.016462970076592007
2021-01-03,0.02391050415885982,78.67375183105469,36.50770950774935,0.01195525207942991
2021-01-04,0.02391050415885982,87.05229949951172,40.394411356976825,0.01195525207942991
2021-01-05,0.0,85.30897521972656,39.594147919167455,0.0
2021-01-06,0.0,83.64311218261719,38.820976897777314,0.0
2021-01-07,0.0,86.17913055419922,39.998009985697074,0.0
2021-01-08,0.030182111807085348,85.87740325927734,39.84714182327506,0.015091055903542674
2021-01-09,0.0,88.45323944091797,41.05348396616771,0.0
2021-01-10,0.02155865129077525,84.5860595703125,39.25116739024932,0.010779325645387625
2021-01-11,0.024694455114888013,83.7905502319336,38.881062397196395,0.012347227557444006
2021-01-12,0.024694455114888013,83.2391128540039,38.625261924263434,0.012347227557444006
2021-01-13,0.024694455114888013,80.85954284667969,37.521428274945166,0.012347227557444006
2021-01-14,0.024694455114888013,77.88140869140625,36.13993301207983,0.012347227557444006
2021-01-15,0.05017286118580422,82.08905792236328,38.083599283465716,0.02508643059290211
2021-01-16,0.024694455114888013,81.57363891601562,37.85268277376333,0.012347227557444006
2021-01-17,0.024694455114888013,80.87248229980469,37.52743062146962,0.012347227557444006
2021-01-18,0.024694455114888013,79.82622528076172,37.04209348076758,0.012347227557444006
2021-01-19,0.0,82.1573715209961,38.131405426847905,0.0
2021-01-20,0.0,82.26526641845705,38.18148229764361,0.0
2021-01-21,0.0,81.55916595458986,37.85376242830816,0.0
2021-01-22,0.0,80.42979431152344,37.3295912285474,0.0
2021-01-23,0.0,80.10519409179689,37.178935695746254,0.0
2021-01-24,0.0,80.61605834960938,37.41604128678571,0.0
2021-01-25,0.0,80.7930679321289,37.49819610783867,0.0
2021-01-26,0.0,81.05365753173828,37.619142621690884,0.0
2021-01-27,0.0,80.69583892822266,37.45306955986665,0.0
2021-01-28,0.0,80.69583892822266,37.45306955986665,0.0
2021-01-29,0.0,80.43895721435547,37.333843973691344,0.0
2021-01-30,0.0,79.15093231201172,36.73603760717931,0.0
2021-01-31,0.0,79.68335723876953,36.983150073969625,0.0
2021-02-01,0.0,78.00054168701172,36.20211094291268,0.0
2021-02-04,0.043509278059564595,81.0865707397461,37.62089296807361,0.021754639029782297
2021-02-05,0.043509278059564595,81.86554718017578,37.982097575341896,0.021754639029782297
2021-02-06,0.043509278059564595,81.82162475585938,37.961731128807614,0.021754639029782297
2021-02-07,0.043509278059564595,81.0937728881836,37.624232541728006,0.021754639029782297
2021-02-08,0.043509278059564595,81.48943328857422,37.807696831682506,0.021754639029782297
2021-02-09,0.06310805196026936,79.11662292480469,36.70173878113836,0.03155402598013468
2021-02-10,0.043509278059564595,80.97194671630858,37.56774280431973,0.021754639029782297
2021-02-11,0.06585188030636803,82.43460845947266,38.238719610688335,0.032925940153184015
2021-02-12,0.06585188030636803,84.18661499023438,39.05071837279346,0.032925940153184015
2021-02-13,0.06310805196026936,78.32809448242189,36.33625953546382,0.03155402598013468
2021-02-14,0.06350002743828347,78.6537857055664,36.487103578558546,0.03175001371914173
2021-02-15,0.06663583126239622,80.62250518798828,37.398627873815926,0.03331791563119811
2021-02-16,0.06310805196026936,77.67990112304688,36.035824944519014,0.03155402598013468
2021-02-17,0.06977163508650898,75.03529357910156,34.808393467194,0.03488581754325449
2021-02-18,0.06977163508650898,72.19725036621094,33.49316282483695,0.03488581754325449
2021-02-19,0.07408336534466405,74.95402526855469,34.76965545041117,0.03704168267233202
2021-02-20,0.08780250707515738,77.88840484619142,36.12557855556033,0.04390125353757869
2021-02-21,0.09133028637728424,75.80437469482422,35.159244644384785,0.04566514318864212
2021-02-22,0.09603399211345338,75.72852325439453,35.12289906939443,0.04801699605672669
2021-02-23,0.06663583126239622,72.95007324218751,33.84276221174721,0.03331791563119811
2021-02-24,0.06545990482835394,69.67830657958984,32.32666048640513,0.03272995241417697
2021-02-25,0.0858426296850869,68.78340911865234,31.9080721741127,0.04292131484254345
2021-02-26,0.08937040898721375,71.03805541992188,32.95183543094156,0.04468520449360688
2021-02-27,0.10857720740990444,68.45711517333984,31.752714490653876,0.05428860370495222
2021-02-28,0.12033647175032729,68.2179183959961,31.639814370476167,0.06016823587516364
2021-03-01,0.08231485038296005,63.01179504394532,29.23472721959722,0.041157425191480024
2021-03-02,0.09172226185529833,60.84769821166992,28.231073623843354,0.045861130927649166
2021-03-03,0.09172226185529833,63.88893127441406,29.63980070199411,0.045861130927649166
2021-03-04,0.06428397839431166,62.80275344848633,29.14018601591957,0.03214198919715583
2021-03-05,0.06389200291629756,63.240264892578125,29.34301727811447,0.03194600145814878
2021-03-06,0.06859570865246671,57.21705627441407,26.550995999641437,0.034297854326233355
2021-03-07,0.08858645803118557,59.58304595947265,27.64557559457364,0.04429322901559279
2021-03-08,0.188932180402794,57.76423263549805,26.79523645348861,0.094466090201397
2021-03-09,0.1873642784907376,57.43833923339844,26.64471306397606,0.0936821392453688
2021-03-10,0.1277840058325951,55.49924087524414,25.75163595587024,0.06389200291629898
2021-03-11,0.1277840058325951,60.24108123779296,27.946389959312285,0.06389200291629756
2021-03-12,0.11288893766805948,54.7586555480957,25.409565905524172,0.05644446883402974
2021-03-13,0.13366363800280653,54.800411224365234,25.427901408822212,0.06683181900140327
2021-03-14,0.13366363800280653,54.95871734619141,25.501163862194886,0.06683181900140327
2021-03-15,0.10544140358579167,58.68331527709961,27.22732029964955,0.052720701792895834
2021-03-16,0.1105370847999749,52.9886589050293,24.590132147306683,0.05526854239998745
2021-03-17,0.1481667306893281,51.6719856262207,23.97985556282663,0.07408336534466405
2021-03-18,0.08897843350919966,57.711929321289055,26.778768284440694,0.04448921675459983
2021-03-19,0.0940741147233829,60.89022827148438,28.250517815898895,0.04703705736169145
2021-03-20,0.11524079053614406,59.77490997314453,27.7318493468043,0.05762039526807203
2021-03-21,0.11524079053614406,59.64703750610351,27.6726477197156,0.05762039526807203
2021-03-22,0.1277840058325951,56.34560012817382,26.143372120880905,0.06389200291629756
2021-03-23,0.13562351539287704,51.885993957519524,24.079101955247033,0.06781175769643852
2021-03-24,0.15992599502975094,55.64112854003906,25.815495286871442,0.07996299751487547
2021-03-25,0.1375833927829475,60.40430831909179,28.0209198210973,0.06879169639147376
2021-03-26,0.15051858355741266,56.8561897277832,26.378139058169776,0.07525929177870633
2021-03-27,0.14973463260138445,58.681121826171875,27.222459424791413,0.07486731630069222
2021-03-28,0.11524079053614406,51.616455078125,23.95469688004209,0.05762039526807203
2021-03-29,0.20225934665527323,51.766971588134766,24.022844517034454,0.10112967332763662
2021-03-30,0.1795247689304557,54.565975189208984,25.317312802671744,0.08976238446522786
2021-03-31,0.2140186109956961,51.14354324340821,23.734621430911712,0.10700930549784805
2021-04-01,0.21088280717158334,50.27589797973633,23.333789928478357,0.10544140358579167
2021-04-02,0.28731802538433193,46.58389663696289,21.630631522895175,0.14365901269216597
2021-04-03,0.27869456486802185,43.22252655029297,20.079604280620266,0.13934728243401093
2021-04-04,0.2246019489020767,48.833133697509766,22.66736755584618,0.11230097445103834
2021-04-05,0.2246019489020767,48.757198333740234,22.632294500811177,0.11230097445103834
2021-04-06,0.3272995241417697,43.45013427734375,20.187792265758823,0.16364976207088486
2021-04-07,0.324555695795671,42.681461334228516,19.83334591137142,0.1622778478978355
2021-04-08,0.27869456486802185,38.536865234375,17.91792382593545,0.13934728243401093
2021-04-09,0.26850320243965536,46.72877502441406,21.696841671007423,0.13425160121982768
2021-04-10,0.2990772897247548,46.63285827636719,21.653611188018647,0.1495386448623774
2021-04-11,0.2065710769134283,51.40017700195313,23.853286969128927,0.10328553845671415
2021-04-12,0.26732727600561307,48.88999938964844,22.694106955002635,0.13366363800280653
2021-04-13,0.10700930549784805,56.428489685058594,26.183072932739798,0.05350465274892403
2021-04-14,0.2473365266268942,59.08723068237305,27.401467873090755,0.1236682633134471
2021-04-15,0.25164825688504927,59.51010513305663,27.59627909827772,0.12582412844252464
2021-04-16,0.3237717448396428,54.09003829956055,25.091372593469018,0.1618858724198214
2021-04-17,0.23479331133044318,54.86924362182617,25.454832087896968,0.11739665566522159
2021-04-18,0.23244145846235859,54.74524688720703,25.39768466658334,0.11622072923117929
2021-04-19,0.3065248238070226,51.07169723510743,23.70043817872322,0.1532624119035113
2021-04-20,0.24380874732476734,53.98306655883789,25.0452555077757,0.12190437366238367
2021-04-21,0.2579198645332748,53.708839416503906,24.918124681339297,0.1289599322666374
2021-04-22,0.22264207151200618,52.764347076416016,24.483172081694693,0.11132103575600309
2021-04-23,0.35160200377864365,44.793121337890625,20.807977831495727,0.17580100188932182
2021-04-24,0.3907995515800532,39.0055160522461,18.146456305294862,0.1953997757900266
2021-04-25,0.3606174397729678,39.77598953247071,18.497956562066907,0.1803087198864839
2021-04-26,0.3606174397729678,42.739158630371094,19.862555876129512,0.1803087198864839
2021-04-27,0.4009909140084197,41.68473815917969,19.380331078470153,0.20049545700420984
2021-04-28,0.40647857070061694,39.61753463745117,18.42974639342439,0.20323928535030847
2021-04-29,0.37982423819565847,43.415653228759766,20.17535996628654,0.18991211909782924
2021-04-30,0.3676729983772215,43.92937850952149,20.411104524710055,0.18383649918861075
2021-05-01,0.22734577724817534,55.713592529296875,25.845159757247483,0.11367288862408767
2021-05-02,0.2645834476595144,53.137027740478516,24.653997561685244,0.1322917238297572
2021-05-03,0.4096143745247297,44.888309478759766,20.85478789049069,0.20480718726236485
2021-05-04,0.402166840442462,41.693946838378906,19.38466581674266,0.201083420221231
2021-05-05,0.4009909140084197,43.166053771972656,20.061908826383235,0.20049545700420984
2021-05-06,0.1634537743318778,46.21935653686523,21.45780336073789,0.0817268871659389
2021-05-07,0.14346302495315894,49.21073913574219,22.84113570317321,0.07173151247657947
2021-05-08,0.4750742793530837,40.93547821044922,19.042299519726544,0.23753713967654186
2021-05-09,0.4664508188367736,34.31339645385742,15.99892360449598,0.2332254094183868
2021-05-10,0.40687054617863105,35.483055114746094,16.527687955231045,0.20343527308931553
2021-05-11,0.2485124530609365,54.68555450439453,25.36936559022122,0.12425622653046825
2021-05-12,0.2485124530609365,54.86296463012695,25.451265427699894,0.12425622653046825
2021-05-13,0.33121927892191066,52.94097900390625,24.561565133221595,0.16560963946095533
2021-05-14,0.30142914259283937,50.94937896728516,23.644090354085133,0.15071457129641969
2021-05-15,0.30142914259283937,50.51601791381836,23.44426232310446,0.15071457129641969
2021-05-16,0.32298779388361465,47.75968551635742,22.173767049247232,0.16149389694180732
2021-05-17,0.36610509646516515,42.42873764038086,19.72001621535313,0.18305254823258257
2021-05-18,0.41627795765096937,37.13323974609376,17.288078528388322,0.20813897882548468
2021-05-19,0.3872717722779263,40.756038665771484,18.951752930393866,0.19363588613896315
2021-05-20,0.4433242656339419,36.06298446655274,16.799569478827202,0.22166213281697095
2021-05-21,0.43470080511763187,35.91513442993164,16.730389225229587,0.21735040255881594
2021-05-22,0.4542995790183366,32.04981231689453,14.956711774673877,0.2271497895091683
2021-05-23,0.46723476979280176,31.917997360229496,14.898470749140792,0.23361738489640088
2021-05-24,0.46723476979280176,31.917997360229496,14.898470749140792,0.23361738489640088
2021-05-25,0.435092780595646,31.198850631713864,14.562012804067692,0.217546390297823
2021-05-26,0.4174538840850116,28.809251785278324,13.45959604178509,0.2087269420425058
2021-05-27,0.3586575623828973,33.02372360229492,15.388068789661391,0.17932878119144866
2021-05-28,0.44763599589209696,28.331613540649414,13.246445416804198,0.22381799794604848
2021-05-29,0.44763599589209696,28.32771301269531,13.24465253895733,0.22381799794604848
2021-05-30,0.43901253537578694,25.591142654418945,11.98468296438838,0.21950626768789347
2021-05-31,0.4096143745247297,22.196582794189453,10.415906952436373,0.20480718726236485
2021-06-01,0.4758582303091119,21.325397491455078,10.034130513002198,0.23792911515455595
2021-06-02,0.5013366363800281,21.26354789733887,10.013040389621693,0.25066831819001406
2021-06-03,0.4758582303091119,21.114273071289062,9.937146747950278,0.23792911515455595
2021-06-04,0.4668427943147877,20.98810577392578,9.876574002604615,0.23342139715739385
2021-06-05,0.4201977124311103,24.257917404174805,11.366907621645085,0.21009885621555516
2021-06-06,0.3359229846580798,25.09490203857422,11.73086859662744,0.1679614923290399
2021-06-07,0.34885817543254494,25.20137214660644,11.783134277286392,0.17442908771627247
2021-06-08,0.3751205324594893,22.622961044311523,10.602610457334992,0.18756026622974464
2021-06-09,0.33709891109212203,26.250858306884766,12.263774572548325,0.16854945554606102
2021-06-10,0.39197547801409544,19.306655883789066,9.081039155794663,0.19598773900704772
2021-06-11,0.3543458321247423,21.24336433410644,9.961504242548584,0.17717291606237115
2021-06-12,0.4550835299743648,19.12375831604004,9.016353873589594,0.2275417649871824
2021-06-13,0.4754662548310978,11.798423767089844,5.65759560266358,0.2377331274155489
2021-06-14,0.4656668678807454,13.530863761901854,6.449855828700341,0.2328334339403727
2021-06-15,0.4233335162552231,10.402234077453613,4.995582113396154,0.21166675812761154
2021-06-16,0.4754662548310978,9.84223747253418,4.758978897436365,0.2377331274155489
2021-06-17,0.48173786247932326,8.661331176757812,4.21909651467214,0.24086893123966163
2021-06-18,0.4656668678807454,8.391610145568848,4.08852432855947,0.2328334339403727
2021-06-19,0.45821933379847757,7.110558986663819,3.49672588558429,0.22910966689923878
2021-06-20,0.4256853691233077,9.24527645111084,4.464463810945425,0.21284268456165384
2021-06-21,0.4574353828424494,8.111729621887207,3.956479671642362,0.2287176914212247
2021-06-22,0.4782100831771965,5.563700199127197,2.794759033996499,0.23910504158859824
2021-06-23,0.4738983529190414,5.086781978607178,2.5737528293919048,0.2369491764595207
2021-06-24,0.4319569767715332,6.241502285003662,3.0858638964806664,0.2159784883857666
2021-06-25,0.48408971534740786,4.7746357917785645,2.4349658785122097,0.24204485767370393
2021-06-26,0.48173786247932326,5.350858211517333,2.6985664026418292,0.24086893123966163
2021-06-27,0.46841069622684406,4.682610511779785,2.3855946789592744,0.23420534811342203
2021-06-28,0.49192922490768975,3.1575381755828857,1.695928599102714,0.24596461245384488
2021-06-29,0.521719361236761,3.193916797637939,1.7265775170715492,0.2608596806183806
2021-06-30,0.517407630978606,3.536154985427857,1.8816303780164139,0.258703815489303
2021-07-01,0.48369773986939374,3.0372941493988037,1.6368459589974287,0.24184886993469687
2021-07-02,0.5197594838466905,2.548614501953125,1.4295123609591398,0.25987974192334523
2021-07-03,0.4946730532537884,3.6442363262176514,1.9206957738566732,0.2473365266268942
2021-07-04,0.5209354102807328,2.3821065425872803,1.3536570128059708,0.2604677051403665
2021-07-05,0.513095900720451,2.1492056846618652,1.2430235705145662,0.2565479503602255
2021-07-06,0.4746823038750696,3.0999138355255127,1.6613782714988674,0.23734115193753488
2021-07-07,0.497024906121873,1.992803931236267,1.1635206441767538,0.2485124530609365
2021-07-08,0.4245094426892654,3.0610127449035645,1.61995727186269,0.2122547213446327
2021-07-09,0.5044724402041408,2.733799934387207,1.5072736863546659,0.2522362201020703
2021-07-10,0.5025125628140703,1.365805983543396,0.8782995548041308,0.25125628140703515
2021-07-11,0.48840144560556287,1.2724660634994507,0.8285710787386981,0.24420072280278143
2021-07-12,0.48134588700130915,1.0275845527648926,0.7126558310602832,0.24067294350065457
2021-07-13,0.46841069622684406,1.8926521539688113,1.1037698017034951,0.23420534811342203
2021-07-14,0.46841069622684406,2.521344900131226,1.3926178412898396,0.2342053481134221
2021-07-15,0.46841069622684406,2.5209670066833496,1.3924442210560162,0.23420534811342195
2021-07-16,0.48134588700130915,1.588309049606323,0.9702038512524377,0.24067294350065463
2021-07-17,0.46841069622684406,2.7150931358337402,1.4816339757968642,0.2342053481134221
2021-07-18,0.47860205865521055,1.560362219810486,0.9560384100326579,0.23930102932760533
2021-07-19,0.49349712681974617,1.7852932214736938,1.0665399160749154,0.24674856340987308
2021-07-20,0.5064323175942114,1.3039796352386475,0.8518237638307535,0.25321615879710563
2021-07-21,0.4793860096112388,1.0888291597366333,0.7398276728987278,0.23969300480561928
2021-07-22,0.45939526023251986,5.393543720245361,2.7082059989611276,0.22969763011625993
2021-07-23,0.4503798242381956,2.8828697204589844,1.5502220058231075,0.22518991211909772
2021-07-24,0.45900328475450575,1.797397494316101,1.055471164887003,0.22950164237725287
2021-07-25,0.45900328475450575,1.6340713500976562,0.9804168612173536,0.22950164237725285
2021-07-26,0.45900328475450575,1.643681526184082,0.9848330866646691,0.22950164237725287
2021-07-27,0.45077179971620973,2.731912136077881,1.4810237668062782,0.22538589985810495
2021-07-28,0.4292131484254345,2.7286345958709717,1.4693262792543664,0.21460657421271734
2021-07-29,0.4833057643913796,1.5877201557159424,0.9708821859918149,0.24165288219568978
2021-07-30,0.4668427943147877,1.5629225969314577,0.9515186506711315,0.23342139715739385
2021-07-31,0.4758582303091119,0.8634002804756165,0.6345474214668464,0.23792911515455595
2021-08-01,0.47311440196301324,1.6060069799423218,0.9743491954673528,0.23655720098150662
2021-08-02,0.4676267452708159,2.1222763061523438,1.2088935118233164,0.23381337263540794
2021-08-03,0.4676267452708159,2.130038022994995,1.212459633688471,0.23381337263540794
2021-08-04,0.4676267452708159,2.130038022994995,1.212459633688471,0.23381337263540794
2021-08-05,0.4746823038750696,0.873470366001129,0.6385956028734481,0.2373411519375348
2021-08-06,0.4750742793530837,0.6602569818496704,0.5408431274464056,0.23753713967654186
2021-08-07,0.4727224264849991,0.7690352201461793,0.5896553627590069,0.2363612132424995
2021-08-08,0.4782100831771965,1.309462070465088,0.84059898420179,0.23910504158859824
2021-08-09,0.4570434073644353,0.7956522703170775,0.5941684546925129,0.2285217036822177
2021-08-10,0.46488291692471717,1.0594192743301392,0.7192208576276593,0.23244145846235856
2021-08-11,0.46723476979280176,1.0629311800003052,0.721985427385507,0.23361738489640088
2021-08-12,0.5181915819346342,1.0478321313858032,0.7399925724696288,0.2590957909673171
2021-08-13,0.48369773986939374,1.8648614883422854,1.098360034076508,0.24184886993469687
2021-08-14,0.5005526854239999,1.0511127710342407,0.7328641603933891,0.250276342712
2021-08-15,0.5166236800225779,0.5976141095161438,0.5325929117864509,0.25831184001128893
2021-08-16,0.5205434348027187,0.7470288872718811,0.6030989388945686,0.26027171740135935
2021-08-17,0.5036884892481126,0.7159713506698608,0.5805391878783757,0.2518442446240563
2021-08-18,0.5013366363800281,1.1620808839797971,0.7841948031059577,0.25066831819001406
2021-08-19,0.4997687344679717,1.0038622617721558,0.7107863594332666,0.2498843672339858
2021-08-20,0.5001607099459858,0.7147203683853149,0.5782261991287966,0.2500803549729929
2021-08-21,0.5087841704622958,1.1431782245635986,0.7791549741704563,0.2543920852311479
2021-08-22,0.4868335436935065,1.8498775959014895,1.0929879840850036,0.24341677184675325
2021-08-23,0.5080002195062677,0.8303480744361877,0.6351684057780964,0.25400010975313386
2021-08-24,0.4962409551658448,1.832247257232666,1.0894224474928924,0.2481204775829224
2021-08-25,0.4562594564084071,1.0247282981872559,0.6990577688143071,0.2281297282042035
2021-08-26,0.4997687344679717,0.7235478162765503,0.5820859477422404,0.24988436723398585
2021-08-27,0.4746823038750696,0.4151125848293304,0.4280353973128443,0.2373411519375348
2021-08-28,0.4872255191715206,0.6544036269187927,0.5441503404084127,0.2436127595857603
2021-08-29,0.46253106405663263,1.4140514135360718,0.881023702971147,0.23126553202831632
2021-08-30,0.46253106405663263,1.4484000205993652,0.8968069254807649,0.23126553202831632
2021-08-31,0.41549400669494113,2.0748467445373535,1.162117298392214,0.20774700334747057
2021-09-01,0.4978088570779012,1.1442872285842896,0.7743019821991309,0.24890442853895056
2021-09-02,0.488793421083577,1.0841774940490723,0.7422927241621106,0.2443967105417885
2021-09-03,0.4880094701275488,0.7073019742965697,0.5688305564975216,0.2440047350637744
2021-09-04,0.4876174946495347,1.7070380449295046,1.0277663608921186,0.24380874732476732
2021-09-05,0.47037057361691453,0.8002437949180603,0.6028354505403818,0.23518528680845732
2021-09-06,0.4844816908254219,0.7020586729049683,0.5646834671130537,0.24224084541271096
2021-09-07,0.44881192232613926,1.01947820186615,0.6929971734931619,0.22440596116306963
2021-09-08,0.4374446334637305,1.8190226554870608,1.0550215440883546,0.21872231673186526
2021-09-09,0.44998784876018155,1.7998073101043701,1.0522331053689993,0.22499392438009078
2021-09-10,0.45665143188642116,0.9573971033096315,0.6683070233626314,0.22832571594321058
2021-09-11,0.46057118666656216,1.3404526710510254,0.8462513328446201,0.23028559333328102
2021-09-12,0.455867480930393,1.2339513301849365,0.7950179515212673,0.2279337404651965
2021-09-13,0.45900328475450575,1.8113968372344968,1.0619043721337713,0.22950164237725287
2021-09-14,0.476250205787126,2.1690304279327393,1.2344993842468723,0.238125102893563
2021-09-15,0.476250205787126,5.170818328857422,2.6134123879752074,0.238125102893563
2021-09-16,0.476250205787126,5.282348155975343,2.6646451645711484,0.238125102893563
2021-09-17,0.5044724402041408,1.2538729906082153,0.8278663389491693,0.2522362201020704
2021-09-18,0.5068242930722254,0.87363201379776,0.6544600524616486,0.2534121465361127
2021-09-19,0.5068242930722254,0.8839951753616333,0.6592173463546371,0.2534121465361127
2021-09-20,0.4821298379573373,1.2938884496688843,0.8353544903411395,0.24106491897866866
2021-09-21,0.4844816908254219,1.7114412784576416,1.028274312428603,0.24224084541271093
2021-09-22,0.4844816908254219,1.704589605331421,1.0251274651192308,0.24224084541271096
2021-09-23,0.4880094701275488,1.3567631244659424,0.8670931929094723,0.2440047350637744
2021-09-24,0.4374446334637305,1.2782737016677856,0.806411153828096,0.21872231673186524
2021-09-25,0.46174711310060446,1.0835789442062378,0.7287877611550462,0.23087355655030226
2021-09-26,0.46174711310060446,1.0839006900787354,0.7289356062576536,0.23087355655030226
2021-09-27,0.49232120038570387,0.9190158843994141,0.668175628035951,0.24616060019285194
2021-09-28,0.4766421812651401,0.9106376767158509,0.6566315978175091,0.23832109063257004
2021-09-29,0.4978088570779012,2.239193916320801,1.2770265437016193,0.2489044285389506
2021-09-30,0.47860205865521055,1.6019324064254759,0.9751332755014377,0.23930102932760525
2021-10-01,25.949168620011132,0.2883041501045227,13.033581348475437,12.974584310005566
2021-10-02,21.296419695983822,0.4365758001804352,10.757861189615635,10.648209847991911
2021-10-03,21.096120226718618,0.48291137814521795,10.670316469948279,10.548060113359309
2021-10-04,20.24866924325214,0.7976413369178772,10.333029271152688,10.12433462162607
2021-10-05,19.94214441944512,2.1426503658294678,10.538242389227062,9.97107220972256
2021-10-06,19.789273983019623,2.5748016834259033,10.580135878848106,9.894636991509811
2021-10-07,18.904977304619823,3.927438497543335,10.532835203482696,9.452488652309912
2021-10-08,10.631942865654324,4.841716766357422,7.048371465688053,5.315971432827162
2021-10-09,4.857752099028684,5.070353984832764,4.535855985653934,2.428876049514342
2021-10-10,2.082565714688889,6.008422374725342,3.704820984984156,1.0412828573444446
2021-10-11,1.641985277401046,5.845322132110596,3.4379816527466036,0.8209926387005231
2021-10-12,1.6192506996762284,6.453195095062256,3.700230178518702,0.809625349838114
2021-10-13,1.420519132323082,8.515871047973633,4.541730597212104,0.710259566161541
2021-10-14,1.1198739406862706,8.484740257263184,4.402910561884151,0.5599369703431353
2021-10-15,0.9681794306948157,8.085991859436035,4.158725131928894,0.48408971534740786
2021-10-16,0.7306422910182739,7.478893756866456,3.7818292519794268,0.36532114550913697
2021-10-17,0.6945805470409772,5.8652024269104,3.028747031031501,0.3472902735204884
2021-10-18,0.6675342390580046,5.140459060668945,2.68527557528794,0.3337671195290023
2021-10-19,0.6675342390580046,5.12209939956665,2.6768769288212764,0.3337671195290023
2021-10-20,0.6106977947459606,5.121317386627197,2.6510117487202054,0.3053488973729803
2021-10-21,0.6103058192679466,5.402294158935547,2.7795297567071655,0.3051529096339733
2021-10-22,0.5926669227573124,3.487581729888916,1.8943424858903126,0.29633346137865607
2021-10-23,0.5491576446977477,2.5376086235046387,1.438414516426845,0.27457882234887393
2021-10-24,0.513487876198465,3.0014984607696533,1.6344062953642788,0.2567439380992325
2021-10-25,0.513487876198465,3.008204460144043,1.637484292247066,0.25674393809923246
2021-10-26,0.49388910229776023,4.152783393859863,2.153850830754793,0.24694455114888011
2021-10-27,0.43548475607366005,3.6774516105651855,1.9085300296837309,0.21774237803683003
2021-10-28,0.44528414302401237,2.6151528358459473,1.424758692889134,0.22264207151200618
2021-10-29,0.47311440196301324,2.616569995880127,1.438597055155461,0.23655720098150662
2021-10-30,0.47311440196301324,2.6690077781677246,1.4626867237954881,0.23655720098150662
2021-10-31,0.4676267452708159,3.3837318420410156,1.7884694303537798,0.23381337263540794
2021-11-01,0.4676267452708159,3.4583539962768555,1.8227545893257056,0.23381337263540794
2021-11-02,0.4335248786835896,10.320566177368164,4.962067487090143,0.2167624393417948
2021-11-03,0.4299970993814627,10.293426513671875,4.948188149479251,0.21499854969073134
2021-11-04,0.4299970993814627,14.6330509185791,6.943662161268567,0.21499854969073134
2021-11-05,0.2845741970382333,50.329349517822266,23.358242776310732,0.14228709851911664
2021-11-06,0.28653407442830375,63.53023529052735,29.447290932227816,0.14326703721415188
2021-11-07,0.2982933387687266,62.26021575927734,28.860038661387836,0.1491466693843633
2021-11-08,0.34807422447651676,58.81926727294922,27.26887742397525,0.17403711223825838
2021-11-09,0.42294154077720897,57.02183151245117,26.435639381356356,0.21147077038860448
2021-11-10,0.4139261047828848,55.506057739257805,25.739035982406744,0.2069630523914424
2021-11-11,0.3519939792566577,53.31220626831055,24.731943831414892,0.17599698962832885
2021-11-12,0.36140139072899596,48.56856918334961,22.54712858561853,0.18070069536449798
2021-11-13,0.36140139072899596,46.92733383178711,21.791319370752,0.18070069536449798
2021-11-14,0.3292594015318402,47.636539459228516,22.117157686259375,0.1646297007659201
2021-11-15,0.3292594015318402,47.606361389160156,22.103250611244178,0.1646297007659201
2021-11-16,0.4131421538268566,43.08884048461914,20.027221510797006,0.2065710769134283
2021-11-17,0.41706190860699754,43.953193664550774,20.425056656838724,0.20853095430349877
2021-11-18,0.40765449713465923,44.1478157043457,20.514023650906413,0.20382724856732962
2021-11-19,0.40020696305239145,46.28237915039063,21.495752392805503,0.20010348152619573
2021-11-20,0.44881192232613926,36.90924072265625,17.189306068643205,0.22440596116306963
2021-11-21,0.5123119497644227,36.02519226074219,16.791837556475475,0.25615597488221137
2021-11-22,0.5123119497644227,36.905818939208984,17.196048094534184,0.25615597488221137
2021-11-23,0.46723476979280176,32.01182556152344,14.94158049684448,0.23361738489640088
2021-11-24,0.4441082165899701,32.83805084228516,15.317224086415502,0.22205410829498504
2021-11-25,0.4221575898211808,33.11699295043945,15.441743753381026,0.2110787949105904
2021-11-26,0.4221575898211808,32.95503234863281,15.367257290607045,0.2110787949105904
2021-11-27,0.3453303961304181,35.998039245605476,16.755993541729822,0.17266519806520905
2021-11-28,0.36492917003112285,32.0783576965332,14.953814112520226,0.18246458501556143
2021-11-29,0.17521303867230067,62.06648254394531,28.78555131697406,0.08760651933615034
2021-11-30,0.14738277973329988,63.940616607666016,29.655982403512994,0.07369138986664994
2021-12-01,0.32141989197155824,66.86161804199219,30.97804576981528,0.16070994598577912
2021-12-02,0.27046307982972584,66.73944091796875,30.930262727602624,0.13523153991486292
2021-12-03,0.26027171740135935,65.9385986328125,30.562361020481667,0.13013585870067967
2021-12-04,0.20813897882548468,63.580501556396484,29.481123250659664,0.10406948941274234
2021-12-05,0.147774755211314,64.93092346191406,30.114091895553102,0.073887377605657
2021-12-06,0.1618858724198214,71.46097564697266,33.13218338372398,0.0809429362099107
2021-12-07,0.1458148778212435,69.96295928955078,32.4425477612012,0.07290743891062175
2021-12-08,0.13993524565103208,69.77299499511719,32.355819891868016,0.06996762282551604
2021-12-09,0.13993524565103208,69.75919342041016,32.34943352989369,0.06996762282551604
2021-12-10,0.027438283460986684,74.04737091064455,34.36074181928732,0.013719141730493342
2021-12-11,0.07369138986664994,78.4202880859375,36.375983024449255,0.03684569493332497
2021-12-12,0.13327166252479244,75.5338134765625,35.02320791060335,0.06663583126239622
2021-12-13,0.12700005487656693,73.75208282470703,34.20012384931631,0.06350002743828347
2021-12-14,0.14346302495315894,73.07568359375,33.883249190922804,0.07173151247657947
2021-12-15,0.14895068164535624,73.00228881835939,33.848027745453095,0.07447534082267812
2021-12-16,0.22146614507796392,65.20668029785156,30.23046441121138,0.11073307253898196
2021-12-17,0.18266057275456848,63.44775390625001,29.423214134075337,0.09133028637728424
2021-12-18,0.19637971448506183,62.192005157470696,28.841009102049796,0.09818985724253092
2021-12-19,0.1873642784907376,60.55449295043945,28.085163724834683,0.0936821392453688
2021-12-20,0.16541365172194827,55.7821044921875,25.880383189389782,0.08270682586097414
2021-12-21,0.18697230301272352,56.1519775390625,26.05011293276696,0.09348615150636176
2021-12-22,0.24145689445668278,52.639892578125,24.425189859868464,0.12072844722834139
2021-12-23,0.2140186109956961,56.20003128051758,26.070649216257113,0.10700930549784805
2021-12-24,0.2140186109956961,56.20003128051758,26.070649216257113,0.10700930549784805
2021-12-25,0.2140186109956961,54.67268371582031,25.365035691053933,0.10700930549784805
2021-12-26,0.2057871259574001,54.97399139404296,25.504645119170632,0.10289356297870005
2021-12-27,0.26066369287937347,49.61859893798828,23.03029608321097,0.13033184643968673
2021-12-28,0.16698155363400466,52.98445510864258,24.58650114132582,0.08349077681700233
2021-12-29,0.16698155363400466,52.92296600341797,24.55806509948046,0.08349077681700233
2021-12-30,0.1481667306893281,55.23591232299805,25.62868749194936,0.07408336534466405
2021-12-31,0.25125628140703515,48.77246856689453,22.639674712285693,0.12562814070351758
2022-01-01,0.2485124530609365,45.87716293334962,21.30304843307561,0.12425622653046825
2022-01-02,0.15875006859570864,53.27505874633789,24.721162294253496,0.07937503429785432
2022-01-03,0.15875006859570864,52.74435043334961,24.475689053050434,0.07937503429785432
2022-01-04,0.1995155183091746,48.27295684814453,22.40819960364437,0.0997577591545873
2022-01-05,0.15875006859570864,52.788036346435554,24.49589548739049,0.07937503429785432
2022-01-06,0.2747748100878809,63.51467514038086,29.44170286719741,0.13738740504394045
2022-01-07,0.15365438738152543,68.27194213867188,31.658735375376736,0.07682719369076271
2022-01-08,0.11916054531628502,66.60902404785156,30.895215418447204,0.05958027265814251
2022-01-09,0.11916054531628502,64.93064880371094,30.118237112491762,0.05958027265814251
2022-01-10,0.1532624119035113,63.712779998779304,29.549766948376583,0.07663120595175565
2022-01-11,0.1999074937871887,55.65259552001953,25.818539083967977,0.09995374689359435
2022-01-12,0.24772850210490832,56.7707633972168,26.332037171454807,0.12386425105245416
2022-01-13,0.2155865129077525,57.66909790039063,26.749217504238583,0.10779325645387625
2022-01-14,0.22146614507796392,53.73047637939453,24.92947105849297,0.11073307253898196
2022-01-15,0.31554025980134687,46.63825988769531,21.65665550573752,0.15777012990067343
2022-01-16,0.25635196262121845,44.91143798828125,20.857628851880627,0.12817598131060923
2022-01-17,0.2681112269616413,45.12590026855469,20.95718983887873,0.13405561348082065
2022-01-18,0.2779106139119937,45.192626953125,20.98845164641031,0.13895530695599684
2022-01-19,0.18462045014463896,49.92713928222656,23.172638145441216,0.09231022507231948
2022-01-20,0.1469908042552858,49.78430938720703,23.1065295494274,0.0734954021276429
2022-01-21,0.18697230301272352,45.931785583496094,21.325760917934815,0.09348615150636176
2022-01-22,0.16933340650208922,49.88642501831055,23.153799385128398,0.08466670325104461
2022-01-23,0.28653407442830375,46.63851547241211,21.65579828444707,0.14326703721415188
2022-01-24,0.21911429220987938,47.26017761230469,21.94069964194954,0.10955714610493969
2022-01-25,0.25243220784107745,48.53792953491211,22.531425441638202,0.12621610392053872
2022-01-26,0.2935896330325575,43.7386360168457,20.31863857693315,0.14679481651627874
2022-01-27,0.28771000086234605,43.794307708740234,20.343948960914517,0.14385500043117302
2022-01-28,0.2857501234722756,46.52340316772461,21.602674205549967,0.1428750617361378
2022-01-29,0.22146614507796392,47.80479431152344,22.192328927235806,0.11073307253898196
2022-01-30,0.2634075212254721,44.3052864074707,20.578253573576006,0.13170376061273606
2022-01-31,0.20147539569924508,50.08555603027344,23.24585665094986,0.10073769784962254
2022-02-01,0.19245995970492086,50.53353500366211,23.452921054146792,0.09622997985246043
2022-02-02,0.19245995970492086,50.53614044189453,23.454125292399734,0.09622997985246043
2022-02-03,0.14111117208507434,56.457183837890625,26.194157921085438,0.07055558604253717
2022-02-04,0.11994449627231321,58.381221771240234,27.086213722298087,0.059972248136156606
2022-02-05,0.15757414216166638,52.92459106445313,24.55909174797855,0.07878707108083319
2022-02-06,0.20186737117725914,49.28791046142578,22.877258131995422,0.10093368558862957
2022-02-07,0.2316575075063304,54.41336059570313,25.244453515406047,0.1158287537531652
2022-02-08,0.11837659436025683,60.39142227172852,28.0169526548597,0.05918829718012841
2022-02-09,0.16423772528790598,54.917102813720696,25.4804017230665,0.08211886264395299
2022-02-10,0.18540440110066714,50.62894821166992,23.4970655868856,0.09270220055033357
2022-02-11,0.10112967332763662,52.88943099975586,24.544459360727803,0.05056483666381831
2022-02-12,0.1367994418269193,49.56066131591797,23.00301254178319,0.06839972091345965
2022-02-13,0.14385500043117302,51.319889068603516,23.817016853604837,0.07192750021558651
2022-02-14,0.19206798422690677,49.637630462646484,23.038830938090946,0.09603399211345338
2022-02-15,0.15914204407372273,53.10003280639648,24.640193836528944,0.07957102203686137
2022-02-16,0.13993524565103208,62.150108337402344,28.828504022571305,0.06996762282551604
2022-02-17,0.11916054531628502,62.15197753906251,28.83189348966321,0.05958027265814251
2022-02-18,0.11602474149217225,64.85200500488281,30.082295891045373,0.058012370746086124
2022-02-19,0.11602474149217225,63.77950286865235,29.585763698835038,0.058012370746086124
2022-02-20,0.10661733001983396,55.1345329284668,25.58391821629374,0.05330866500991698
2022-02-21,0.13170376061273606,52.75400161743165,24.48089795691316,0.06585188030636803
2022-02-22,0.15600624024961,48.382415771484375,22.458080193389332,0.078003120124805
2022-02-23,0.2057871259574001,46.78311538696289,21.719899058655052,0.10289356297870005
2022-02-24,0.18383649918861075,50.80491256713867,23.578421665045983,0.09191824959430538
2022-02-25,0.13327166252479244,50.72757720947266,23.54303835241264,0.06663583126239622
2022-02-26,0.19128403327087856,45.06125259399415,20.92356417277964,0.09564201663543928
2022-02-27,0.263015545747458,41.71162033081055,19.381264086690514,0.131507772873729
2022-02-28,0.14424697590918711,47.36849594116211,21.98876556102993,0.07212348795459356
2022-03-01,0.17050933293613152,50.385902404785156,23.384769708516508,0.08525466646806576
2022-03-02,0.12504017748649646,50.68731689453124,23.524462709183226,0.06252008874324823
2022-03-03,0.17560501415031476,51.41614532470703,23.861103827864426,0.08780250707515738
2022-03-04,0.19324391066094906,44.10781478881836,20.482987766479543,0.09662195533047453
2022-03-05,0.17442908771627247,44.4303092956543,20.630994853887113,0.08721454385813623
2022-03-06,0.22029021864392165,47.95812225341797,22.263128893116285,0.11014510932196082
2022-03-07,0.19559576352903363,48.172183990478516,22.36155767115351,0.09779788176451681
2022-03-08,0.1387593192169898,50.79027938842774,23.57201315721376,0.0693796596084949
2022-03-09,0.21284268456165384,43.746456146240234,20.31719560054743,0.10642134228082692
2022-03-10,0.20225934665527323,41.75111389160156,19.394478507180203,0.10112967332763662
2022-03-11,0.2489044285389506,45.45196533203125,21.106777495449105,0.1244522142694753
2022-03-12,0.2555680116651902,45.75094223022461,21.245079540918706,0.1277840058325951
2022-03-13,0.221858120555978,47.194122314453125,21.910263359141535,0.110929060277989
2022-03-14,0.23988899254462642,46.297183990478516,21.496628180522016,0.11994449627231321
2022-03-15,0.23988899254462642,46.297183990478516,21.496628180522016,0.11994449627231321
2022-03-16,0.26928715339568354,40.84316635131836,18.981050113583507,0.13464357669784177
2022-03-17,0.26928715339568354,40.76046371459961,18.942888343757268,0.13464357669784177
2022-03-18,0.23753713967654186,40.59927749633789,18.865526886954665,0.11876856983827093
2022-03-19,0.15169450999145492,43.54504776000977,20.220198248012107,0.07584725499572746
2022-03-20,0.2520402323630634,36.072303771972656,16.77721204071288,0.1260201161815317
2022-03-21,0.217546390297823,36.2220344543457,16.84157607269401,0.1087731951489115
2022-03-22,0.32416372031765694,38.13518142700196,17.738006068512963,0.16208186015882847
2022-03-23,0.258703815489303,38.34206008911133,17.82572201613603,0.1293519077446515
2022-03-24,0.25243220784107745,38.59547805786133,17.941969137920193,0.12621610392053872
2022-03-25,0.27987049130206415,36.21820068359376,16.848394441216218,0.13993524565103208
2022-03-26,0.2771266629559655,31.592519760131836,14.713934633258011,0.13856333147798275
2022-03-27,0.37198472863537657,32.46027755737305,15.13091699266192,0.18599236431768829
2022-03-28,0.3523859547346718,33.36779022216797,15.545482064873955,0.1761929773673359
2022-03-29,0.3523859547346718,32.309051513671875,15.057824321563176,0.1761929773673359
2022-03-30,0.3523859547346718,32.84815979003906,15.306138965529325,0.1761929773673359
2022-03-31,0.3523859547346718,33.790672302246094,15.740262627067999,0.1761929773673359
2022-04-01,0.3523859547346718,33.85281753540039,15.768886879600144,0.1761929773673359
2022-04-02,0.33317915631198114,36.52302551269531,16.996202973509998,0.16658957815599057
2022-04-03,0.3222038429275864,48.099296569824226,22.33027770350497,0.1611019214637932
2022-04-04,0.26967912887369766,48.7919807434082,22.648904354585998,0.13483956443684883
2022-04-05,0.3406266903942489,49.79470443725586,23.111736412743042,0.17031334519712446
2022-04-06,0.3519939792566577,46.15239715576172,21.434089469878266,0.17599698962832885
2022-04-07,0.3825680665417571,45.34635543823242,21.06424425351042,0.19128403327087856
2022-04-08,0.3610094152509819,43.93891143798828,20.41509007284273,0.18050470762549095
2022-04-09,0.35708966047084095,43.73368835449219,20.320335871633574,0.17854483023542048
2022-04-10,0.3543458321247423,41.544654846191406,19.311932432803754,0.17717291606237115
2022-04-11,0.3962872082722505,35.715553283691406,16.63313875654496,0.19814360413612525
2022-04-12,0.3994230120963633,35.50663375854492,16.53745609344723,0.19971150604818164
2022-04-13,0.39275942897012367,33.93111801147461,15.81143984406109,0.19637971448506183
2022-04-14,0.37316065506941887,33.108585357666016,15.429600785458735,0.18658032753470943
2022-04-15,0.37316065506941887,32.92808151245117,15.346497754156715,0.18658032753470943
2022-04-16,0.37982423819565847,29.65152549743652,13.839344347979956,0.18991211909782924
2022-04-17,0.4554755054523789,25.96029853820801,12.158354965593169,0.22773775272618946
2022-04-18,0.44881192232613926,26.788015365600586,12.537203403135239,0.22440596116306963
2022-04-19,0.4531236525842943,26.645362854003906,12.472641836306385,0.22656182629214716
2022-04-20,0.40530264426657464,25.272397994995117,11.82980883303633,0.20265132213328732
2022-04-21,0.3790402872396303,23.71125030517578,11.104662296818898,0.18952014361981515
2022-04-22,0.3790402872396303,23.757047653198242,11.125744464881356,0.18952014361981515
2022-04-23,0.39471930636019414,23.80561065673828,11.152206787059612,0.19735965318009707
2022-04-24,0.3700248512453061,26.718883514404297,12.487085247816587,0.18501242562265305
2022-04-25,0.38648782132189813,27.62358283996582,12.907316303246445,0.19324391066094906
2022-04-26,0.3747285569814752,28.606508255004886,13.357203337508835,0.1873642784907376
2022-04-27,0.43666068250770235,29.05047035217285,13.57456870553003,0.21833034125385117
2022-04-28,0.48408971534740786,27.546472549438477,12.89374047132231,0.24204485767370393
2022-04-29,0.43430882963961776,26.819753646850586,12.548429679685192,0.21715441481980888
2022-04-30,0.32063594101553006,36.59828186035156,17.02919968672097,0.16031797050776503
2022-05-01,0.26144764383540164,39.22492599487305,18.23349503616504,0.13072382191770082
2022-05-02,0.26144764383540164,38.699134826660156,17.990836140495638,0.13072382191770082
2022-05-03,0.3547378076027564,36.11261749267579,16.810083101248793,0.1773689038013782
2022-05-04,0.3547378076027564,36.52190017700195,16.998590121426492,0.1773689038013782
2022-05-05,0.3547378076027564,36.52190017700195,16.998590121426492,0.1773689038013782
2022-05-06,0.3547378076027564,36.58589172363281,17.028063285657236,0.1773689038013782
2022-05-07,0.3272995241417697,37.22254180908203,17.31778504683085,0.16364976207088486
2022-05-08,0.3237717448396428,41.47393798828124,19.276754688419075,0.1618858724198214
2022-05-09,0.33357113178999526,40.95648193359375,19.039151256224756,0.16678556589499763
2022-05-10,0.49428107777577435,26.594762802124023,12.459019289966292,0.24714053888788717
2022-05-11,0.42490141816727944,22.00043296813965,10.329952402892182,0.21245070908363972
2022-05-12,0.39471930636019414,17.1849365234375,8.105510186860835,0.19735965318009707
2022-05-13,0.40177486496444786,17.0938777923584,8.06592856255777,0.20088743248222393
2022-05-14,0.4280372219913922,17.091068267822266,8.073278537145827,0.2140186109956961
2022-05-15,0.49310515134173205,12.861091613769531,6.152306075860923,0.24655257567086603
2022-05-16,0.4833057643913796,14.835491180419922,7.055495275027727,0.2416528821956898
2022-05-17,0.4652748924027313,13.319591522216795,6.352638850391791,0.23263744620136564
2022-05-18,0.44646006945805466,10.660581588745117,5.123492194784227,0.22323003472902733
2022-05-19,0.4782100831771965,7.999779224395752,3.913758056935477,0.23910504158859824
2022-05-20,0.48369773986939374,7.242499828338624,3.568252465078597,0.24184886993469687
2022-05-21,0.48134588700130915,7.071146965026855,3.4885422832370976,0.24067294350065457
2022-05-22,0.4809539115232951,6.844194412231445,3.3841308775753998,0.24047695576164754
2022-05-23,0.43666068250770235,5.664035320281982,2.8224260727264814,0.21833034125385117
2022-05-24,0.4296051239034486,5.6597065925598145,2.817307442359161,0.2148025619517243
2022-05-25,0.4296051239034486,5.693580150604248,2.832883532512543,0.2148025619517243
2022-05-26,0.4339168541616037,4.848153591156006,2.4460775650585203,0.21695842708080185
2022-05-27,0.4891853965615911,3.678025245666504,1.9336689679169714,0.24459269828079555
2022-05-28,0.49545700420981664,3.7248971462249756,1.958096356980818,0.24772850210490832
2022-05-29,0.49545700420981664,3.786692380905152,1.986470988234355,0.24772850210490832
2022-05-30,0.4421483391998996,3.891906976699829,2.010202958318814,0.2210741695999498
2022-05-31,0.4629230395346467,3.7576653957366943,1.9580981494078413,0.23146151976732335
2022-06-01,0.4527316771062802,3.727460384368897,1.9395032298309876,0.2263658385531401
2022-06-02,0.4480279713701111,4.363882064819336,2.2298554647221076,0.22401398568505554
2022-06-03,0.4480279713701111,4.363882064819336,2.2298554647221076,0.22401398568505554
2022-06-04,0.4374446334637305,2.5470089912414546,1.389714687288633,0.21872231673186526
2022-06-05,0.44136438824387153,2.538658857345581,1.3877360650692898,0.22068219412193563
2022-06-06,0.42842919746940633,1.9919394254684448,1.1301922316708548,0.21421459873470317
2022-06-07,0.42842919746940633,2.060800075531006,1.1618572584484215,0.21421459873470317
2022-06-08,0.4131421538268566,2.0722444057464604,1.1597931065137088,0.2065710769134283
2022-06-09,0.4131421538268566,2.3880138397216797,1.305045461836712,0.2065710769134283
2022-06-10,0.4758582303091119,2.1417734622955322,1.2217909256375492,0.23792911515455595
2022-06-11,0.44841994684812514,2.143340826034546,1.209379876305431,0.22420997342406257
2022-06-12,0.5013366363800281,2.0946471691131596,1.2123481433057883,0.25066831819001406
2022-06-13,0.49192922490768975,2.4528965950012203,1.3723521738865267,0.2459646124538448
2022-06-14,0.47076254909492865,1.7426156997680666,1.0359716511850046,0.23538127454746433
2022-06-15,0.48604959273747833,1.8439602851867676,1.0898928916598516,0.24302479636873917
2022-06-16,0.497024906121873,1.7537574768066406,1.0537609932488223,0.2485124530609365
2022-06-17,0.5048644156821549,1.604905605316162,0.9892086782940583,0.25243220784107745
2022-06-18,0.49192922490768975,1.3967089653015134,0.8873433027187534,0.24596461245384482
2022-06-19,0.4268612955573499,1.1454973220825198,0.7401965162476856,0.21343064777867496
2022-06-20,0.4652748924027313,1.1123453378677368,0.7437308245786503,0.23263744620136564
2022-06-21,0.4652748924027313,1.148459076881409,0.7603241362508278,0.23263744620136562
2022-06-22,0.4652748924027313,1.1747782230377197,0.7724170905403832,0.23263744620136564
2022-06-23,0.4570434073644353,0.7511225938796997,0.5737045760355987,0.22852170368221764
2022-06-24,0.4629230395346467,0.9968076944351197,0.6894918382389771,0.23146151976732335
2022-06-25,0.4539076035403225,0.6743822693824768,0.5368913471524002,0.22695380177016125
2022-06-26,0.4562594564084071,0.6444539427757263,0.5242974373147111,0.22812972820420355
2022-06-27,0.46958662266088635,0.5724326968193054,0.49778637321354813,0.23479331133044318
2022-06-28,0.46958662266088635,0.5724326968193054,0.49778637321354813,0.23479331133044318
2022-06-29,0.46958662266088635,0.8029471039772035,0.6036917313167398,0.23479331133044318
2022-06-30,0.4441082165899701,0.797707200050354,0.588748399480653,0.22205410829498504
2022-07-01,0.42294154077720897,0.906412661075592,0.6283272238676889,0.21147077038860448
2022-07-02,0.4523397016282661,0.5788105130195618,0.4921929032176589,0.22616985081413304
2022-07-03,0.48840144560556287,0.629687488079071,0.5333799096529137,0.24420072280278143
2022-07-04,0.47076254909492865,0.6040295958518982,0.512883813809365,0.23538127454746433
2022-07-05,0.44959587328216744,0.6772796511650087,0.5360962844472319,0.22479793664108372
2022-07-06,0.46017921118854804,0.6010467410087585,0.5062853761344938,0.23008960559427402
2022-07-07,0.4656668678807454,0.7606384754180908,0.5823237931076333,0.2328334339403727
2022-07-08,0.48056193604528097,0.7209196090698242,0.5714143287044078,0.24028096802264048
2022-07-09,0.4468520449360688,0.8154066205024719,0.5982341040869847,0.2234260224680344
2022-07-10,0.4750742793530837,0.8584929108619691,0.6319078884612942,0.2375371396765418
2022-07-11,0.49153724942967564,0.7035683393478394,0.5688549677389185,0.24576862471483782
2022-07-12,0.5158397290665496,0.6467482447624207,0.5547566174377213,0.2579198645332748
2022-07-13,0.4735063774410273,0.6870270967483519,0.5523674876402689,0.23675318872051365
2022-07-14,0.5060403421161972,0.7461317777633667,0.5955439023688428,0.2530201710580986
2022-07-15,0.48840144560556287,0.7423563003540039,0.5851222042575414,0.24420072280278143
2022-07-16,0.472330451006985,0.5836727619171143,0.504306301563236,0.2361652255034925
2022-07-17,0.5103520723743523,0.5359218120574951,0.5011764117035762,0.25517603618717616
2022-07-18,0.4609631621445762,0.555773377418518,0.4858687697777119,0.2304815810722881
2022-07-19,0.4727224264849991,0.5921882390975953,0.5084120046820579,0.23636121324249956
2022-07-20,0.5287749198410148,1.1780461072921753,0.8049205513817428,0.2643874599205074
2022-07-21,0.513487876198465,1.1704777479171753,0.79398330516803,0.25674393809923246
2022-07-22,0.46605884335875947,0.6063010096549988,0.5116040097121317,0.23302942167937973
2022-07-23,0.49192922490768975,0.4576095640659332,0.4561021787935474,0.24596461245384488
2022-07-24,0.4092223990467156,0.4224495589733123,0.39895243608755504,0.2046111995233578
2022-07-25,0.4433242656339419,0.9184688329696655,0.643875974472011,0.22166213281697095
2022-07-26,0.40295079139849016,1.3596484661102295,0.8270454350675085,0.20147539569924508
2022-07-27,0.40295079139849016,1.3596484661102295,0.8270454350675085,0.20147539569924508
2022-07-28,0.40295079139849016,1.3596484661102295,0.8270454350675085,0.20147539569924508
2022-07-29,0.40295079139849016,1.3596484661102295,0.8270454350675085,0.20147539569924508
2022-07-30,0.40295079139849016,1.3596484661102295,0.8270454350675085,0.20147539569924508
2022-07-31,0.40295079139849016,1.3596484661102295,0.8270454350675085,0.20147539569924508
2022-08-01,0.40295079139849016,1.3596484661102295,0.8270454350675085,0.20147539569924508
2022-08-02,0.40295079139849016,1.3596484661102295,0.8270454350675085,0.20147539569924508
2022-08-03,0.40295079139849016,1.3596484661102295,0.8270454350675085,0.20147539569924508
2022-08-04,0.40295079139849016,1.3596484661102295,0.8270454350675085,0.20147539569924508
2022-08-05,0.40295079139849016,1.3596484661102295,0.8270454350675085,0.20147539569924508
2022-08-06,0.40295079139849016,1.3596484661102295,0.8270454350675085,0.20147539569924508
2022-08-07,0.40295079139849016,1.3596484661102295,0.8270454350675085,0.20147539569924508
2022-08-08,0.40295079139849016,1.3596484661102295,0.8270454350675085,0.20147539569924508
2022-08-09,0.40295079139849016,1.3596484661102295,0.8270454350675085,0.20147539569924508
2022-08-10,0.40295079139849016,1.3596484661102295,0.8270454350675085,0.20147539569924508
2022-08-11,0.40059893853040557,0.7027035355567932,0.5236277115739939,0.20029946926520278
2022-08-12,0.4174538840850116,0.7834256887435912,0.569065048991253,0.2087269420425058
2022-08-13,0.49545700420981664,0.46649822592735285,0.46193134815970616,0.24772850210490832
2022-08-14,0.4688026717048582,0.44375064969062805,0.4382774143764384,0.2344013358524291
2022-08-15,0.4546915544963507,1.0003502368927002,0.6870862276474354,0.2273457772481754
2022-08-16,0.4676267452708159,0.4280991852283478,0.4305036018523019,0.23381337263540794
2022-08-17,0.4793860096112388,0.43078336119651794,0.4375658220841052,0.2396930048056194
2022-08-18,0.4793860096112388,0.43078336119651794,0.4375658220841052,0.2396930048056194
2022-08-19,0.46801872074883,0.5230926871299744,0.4743423166400085,0.234009360374415
2022-08-20,0.47037057361691453,0.5596767067909241,0.49231346973888107,0.23518528680845727
2022-08-21,0.4448921675459983,0.3752269744873047,0.3949294748001913,0.22244608377299915
2022-08-22,0.4974168815998871,0.379422664642334,0.42292120544561224,0.24870844079994356
2022-08-23,0.46605884335875947,0.38165566325187683,0.40838715235717793,0.23302942167937973
2022-08-24,0.4668427943147877,0.3618186116218567,0.39966184424410484,0.23342139715739385
2022-08-25,0.4899693475176193,0.47384658455848694,0.46258768219850677,0.24498467375880964
2022-08-26,0.46174711310060446,0.9074166417121887,0.6478396094798414,0.23087355655030223
2022-08-27,0.46174711310060446,0.9763205051422119,0.6795015502524964,0.23087355655030223
2022-08-28,0.47076254909492865,1.2693630456924438,0.818550494804085,0.23538127454746433
2022-08-29,0.5146638026325073,0.6281604170799255,0.5456448226999147,0.2573319013162537
2022-08-30,0.48840144560556287,0.6499974727630616,0.5427071155559116,0.24420072280278143
2022-08-31,0.4974168815998871,0.8579553961753845,0.64264057885838,0.24870844079994356
2022-09-01,0.4950650287318025,0.9913263320922853,0.7027255303295679,0.24753251436590132
2022-09-02,0.47860205865521055,0.7604962587356567,0.5886276725914936,0.23930102932760527
2022-09-03,0.47860205865521055,0.7887310385704039,0.6015970471935002,0.23930102932760527
2022-09-04,0.46801872074883,0.5828912258148193,0.5018165290235593,0.234009360374415
2022-09-05,0.45782735832046345,0.6740232110023499,0.5386597858038418,0.22891367916023173
2022-09-06,0.4445001920679842,1.1436924934387207,0.7479842652538788,0.22225009603399204
2022-09-07,0.4445001920679842,1.1449990272521975,0.7485848545494513,0.2222500960339921
2022-09-08,0.44528414302401237,1.411794662475586,0.8716067539851144,0.22264207151200618
2022-09-09,0.46057118666656216,1.4911056756973267,0.9154795058496421,0.23028559333328108
2022-09-10,0.4523397016282661,2.6333293914794926,1.4364559581807042,0.22616985081413304
2022-09-11,0.45782735832046345,2.5052096843719482,1.3801781065470993,0.22891367916023173
2022-09-12,0.4711545245729427,1.4470921754837036,0.9003929100556115,0.23557726228647136
2022-09-13,0.47781810769918237,0.8123102784156798,0.6120423369067518,0.23890905384959119
2022-09-14,0.47781810769918237,0.8326659202575684,0.6213926648184132,0.23890905384959119
2022-09-15,0.45939526023251986,0.9655305743217468,0.6733902620771957,0.22969763011625993
2022-09-16,0.46919464718287224,0.9388436675071715,0.6659344549130818,0.23459732359143617
2022-09-17,0.47193847552897095,1.6228440999984741,0.981515208852849,0.23596923776448547
2022-09-18,0.4758582303091119,1.9971148967742922,1.155339435467782,0.23792911515455595
2022-09-19,0.47860205865521055,1.8199520111083987,1.0752784843631136,0.23930102932760527
2022-09-20,0.4989847835119435,1.6344070434570312,0.9999084134725731,0.24949239175597174
2022-09-21,0.48252181343535144,2.247760772705078,1.273660095730173,0.24126090671767572
2022-09-22,0.4546915544963507,2.2669858932495117,1.2692059949741903,0.22734577724817534
2022-09-23,0.48056193604528097,2.1379711627960205,1.222295560593923,0.24028096802264048
2022-09-24,0.48056193604528097,2.1379711627960205,1.222295560593923,0.24028096802264048
2022-09-25,0.48056193604528097,2.737901210784912,1.4978559011162944,0.24028096802264062
2022-09-26,0.5068242930722254,5.1422576904296875,2.6140075069457365,0.2534121465361127
2022-09-27,0.46017921118854804,6.9167704582214355,3.408515867671719,0.23008960559427402
2022-09-28,0.46017921118854804,6.908854961395264,3.4048785020627745,0.23008960559427402
2022-09-29,0.4480279713701111,7.060310840606689,3.469258501606719,0.22401398568505554
2022-09-30,0.4480279713701111,7.32472562789917,3.5907957338563654,0.22401398568505554
2022-10-01,,-1.0,,
2022-10-02,27.528437820929923,0.269446611404419,13.815101754472952,13.764218910464962
2022-10-03,8.031577544508815,0.6814822554588318,4.277348905242917,4.015788772254408
2022-10-04,7.8242225166393595,1.0465836524963377,4.315971331907802,3.9121112583196798
2022-10-05,6.749817731402724,1.393698811531067,3.927689154204698,3.374908865701362
2022-10-06,4.5414278882713095,1.5608265399932864,2.924250942029268,2.2707139441356547
2022-10-07,2.8849395181837423,2.0653491020202637,2.341468738905308,1.4424697590918711
2022-10-08,2.2358281265924003,2.400686264038086,2.1784607280391204,1.1179140632962001
2022-10-09,2.2330842982463017,2.6173365116119385,2.2728698023023917,1.1165421491231509
2022-10-10,2.044152117843508,2.712249994277954,2.2254603804996513,1.022076058921754
2022-10-11,1.8991211909782924,2.84306263923645,2.215107830247061,0.9495605954891462
2022-10-12,1.5267444868649016,4.1866865158081055,2.6426039961830123,0.7633722434324508
2022-10-13,1.3534913255826715,4.129775047302245,2.537587158834666,0.6767456627913357
2022-10-14,1.3480036688904742,4.126680850982666,2.533675570033377,0.6740018344452371
2022-10-15,1.3436919386323192,4.017553329467773,2.4825150097949775,0.6718459693161596
2022-10-16,1.1394727145869754,1.9151490926742554,1.4367850179284742,0.5697363572934877
2022-10-17,1.0046331501501267,1.943038821220398,1.3846117843721564,0.5023165750750633
2022-10-18,0.8478429589444885,2.0212960243225098,1.3449209191485738,0.42392147947224423
2022-10-19,0.7702318142976975,2.056362390518189,1.3236892319503872,0.3851159071488487
2022-10-20,0.7251546343260765,2.2444307804107666,1.3880013110495446,0.36257731716303826
2022-10-21,0.7251546343260765,2.2444307804107666,1.3880013110495446,0.36257731716303826
2022-10-22,0.7173151247657946,2.851294040679931,1.6615656495439144,0.3586575623828972
2022-10-23,0.6926206696509066,3.031151056289673,1.7321531965820813,0.34631033482545326
2022-10-24,0.6926206696509066,3.104543685913086,1.7657083213450337,0.3463103348254533
2022-10-25,0.7396577270125981,3.8319029808044434,2.119973248941015,0.36982886350629907
2022-10-26,0.6741978221842441,3.7724633216857906,2.062564882201765,0.33709891109212203
2022-10-27,0.6883089393927516,2.4910943508148193,1.4831907082875355,0.3441544696963758
2022-10-28,0.6879169639147374,2.644663095474243,1.5532233688460295,0.34395848195736867
2022-10-29,0.5730681488566075,3.324507236480713,1.8104739719276448,0.28653407442830375
2022-10-30,0.5366144294012967,3.2176134586334233,1.7444204014281182,0.2683072147006484
2022-10-31,0.5366144294012967,3.1843461990356445,1.7291587047669463,0.2683072147006484
2022-11-01,0.538182331313353,3.836892127990722,2.0292446370199912,0.2690911656566765
2022-11-02,0.537790355835339,3.788573026657105,2.0068973736655753,0.2688951779176695
2022-11-03,0.5154477535885356,3.818795442581177,2.010443778811041,0.2577238767942678
2022-11-04,0.4656668678807454,16.155057907104492,7.65559361868971,0.2328334339403727
2022-11-05,0.4542995790183366,34.66928482055664,16.160577876279312,0.2271497895091683
2022-11-06,0.4327409277275614,41.73320388793946,19.405255668619862,0.2163704638637807
2022-11-07,0.439404510853801,39.41691589355468,18.34093398933613,0.2197022554269005
2022-11-08,0.4950650287318025,37.64339065551758,17.532464800405894,0.24753251436590126
2022-11-09,0.4335248786835896,36.24072265624999,16.879926184356968,0.2167624393417948
2022-11-10,0.5064323175942114,28.01616859436035,13.114376817506068,0.2532161587971057
2022-11-11,0.5064323175942114,27.64828109741211,12.945493617555087,0.2532161587971057
2022-11-12,0.5064323175942114,27.33858299255371,12.803322961033437,0.25321615879710635
2022-11-13,0.517407630978606,17.966833114624023,8.504623699197952,0.258703815489303
2022-11-14,0.517407630978606,18.863700866699222,8.916243241869298,0.258703815489303
2022-11-15,0.49075329847364746,20.4652042388916,9.643384640077711,0.24537664923682373
2022-11-16,0.39707115922827874,21.324661254882812,10.011199850091772,0.19853557961413937
2022-11-17,0.45116377519422385,21.50745964050293,10.110727928279509,0.22558188759711192
2022-11-18,0.3986390611403351,23.506288528442383,11.015503454690972,0.19931953057016755
2022-11-19,0.4492038978041534,24.801288604736328,11.624126494720038,0.2246019489020767
2022-11-20,0.47977798508925285,24.33090591430664,11.415770536599515,0.23988899254462642
2022-11-21,0.4899693475176193,21.585721969604492,10.15772477360654,0.24498467375880964
2022-11-22,0.4899693475176193,21.585721969604492,10.15772477360654,0.24498467375880964
2022-11-23,0.3668890474211933,49.9501838684082,23.183382000508708,0.18344452371059666
2022-11-24,0.2508643059290211,50.285263061523445,23.33800270841897,0.12543215296451055
2022-11-25,0.3712007776793484,44.557369232177734,20.700454652402406,0.1856003888396742
2022-11-26,0.3484661999545309,39.979393005371094,18.590410348173002,0.17423309997726544
2022-11-27,0.455867480930393,37.53805160522461,17.479210884386653,0.2279337404651965
2022-11-28,0.455867480930393,37.53805160522461,17.479210884386653,0.2279337404651965
2022-11-29,0.455867480930393,38.42818832397461,17.888288995116298,0.2279337404651965
2022-11-30,0.36257731716303826,45.28031921386719,21.032904232094733,0.18128865858151913
2022-12-01,0.33435508274602344,48.98686218261719,22.739483678201385,0.16717754137301172
2022-12-02,0.33200322987793884,48.01473617553711,22.291497992286484,0.16600161493896942
2022-12-03,0.2990772897247548,47.7730712890625,22.179404035506973,0.1495386448623774
2022-12-04,0.11288893766805948,54.29671859741211,25.195690245328517,0.05644446883402974
2022-12-05,0.08819448255317147,54.17008590698242,25.13808940435013,0.044097241276585736
2022-12-06,0.2724229572197963,60.502368927001946,28.05213607481735,0.13621147860989816
2022-12-07,0.3802162136736726,56.20162582397461,26.061078919911985,0.1901081068368363
2022-12-08,0.40295079139849016,55.00944900512695,25.511152152230714,0.20147539569924364
2022-12-09,0.3433705187403476,56.796260833740234,26.337307959651312,0.1716852593701738
2022-12-10,0.3237717448396428,56.50771331787109,26.205651657776407,0.1618858724198214
2022-12-11,0.3108365540651777,57.56854248046876,26.695554822857865,0.15541827703258884
2022-12-12,0.28888592729638835,66.43211364746094,30.785427970181363,0.14444296364819417
2022-12-13,0.30809272571907903,65.67974090576172,30.435393837661785,0.15404636285953952
2022-12-14,0.2935896330325575,66.51530456542969,30.823021913621645,0.14679481651627874
2022-12-15,0.2935896330325575,65.90980529785156,30.54377139886099,0.14679481651627874
2022-12-16,0.2935896330325575,65.79867553710939,30.492519408059078,0.14679481651627874
2022-12-17,0.19128403327087856,74.54419708251953,34.55098101966001,0.09564201663543928
2022-12-18,0.23753713967654186,74.77037048339844,34.644064367527264,0.11876856983827093
2022-12-19,0.21362663551768202,73.89868927001953,34.24727896402074,0.10681331775884101
2022-12-20,0.21362663551768202,73.82987213134766,34.215486124636044,0.10681331775884101
2022-12-21,0.21362663551768202,73.36936950683594,34.00273845363595,0.10681331775884101
2022-12-22,0.17834884249641342,70.80644226074219,32.82603139542903,0.08917442124820671
2022-12-23,0.11524079053614406,67.50675964355469,31.31149468786669,0.05762039526807203
2022-12-24,0.16149389694180732,64.10655212402344,29.730762305576814,0.08074694847090366
2022-12-25,0.1720772348481879,66.2501449584961,30.720478760667092,0.08603861742409395
2022-12-26,0.1716852593701738,65.74053955078125,30.484896049146332,0.0858426296850869
2022-12-27,0.147774755211314,62.53012847900391,29.00336732169753,0.073887377605657
2022-12-28,0.11367288862408767,62.387107849121094,28.94142325439458,0.056836444312043835
2022-12-29,0.11367288862408767,61.807758331298835,28.673190409214655,0.056836444312043835
2022-12-30,0.3002532161587971,56.752872467041016,26.320230912343202,0.15012660807939854
2022-12-31,0.27203098174178225,57.42278671264648,26.63123923951174,0.13601549087089113
2023-01-01,0.2610556683573875,57.6924057006836,26.756487349399837,0.13052783417869376
2023-01-02,0.2610556683573875,56.334861755371094,26.129959304867352,0.13052783417869376
2023-01-03,0.25282418331909157,55.86015319824219,25.911356160409678,0.12641209165954578
2023-01-04,0.2939816085105716,50.54916000366211,23.45958544105423,0.1469908042552858
2023-01-05,0.2979013632907125,50.34141159057618,23.363761276728866,0.14895068164535624
2023-01-06,0.3210279164935442,48.80424880981445,22.655179207458755,0.1605139582467721
2023-01-07,0.25635196262121845,48.60188674926758,22.561003027565697,0.12817598131060923
2023-01-08,0.22656182629214716,50.69512939453125,23.527373221129917,0.11328091314607358
2023-01-09,0.22264207151200618,56.81996536254883,26.356462101291918,0.11132103575600309
2023-01-10,0.19794761639711822,64.66561889648438,29.9839909341297,0.09897380819855911
2023-01-11,0.19794761639711822,64.66561889648438,29.9839909341297,0.09897380819855911
2023-01-12,0.17638896510634294,63.12491989135742,29.274791177513336,0.08819448255317147
2023-01-13,0.20970688073754107,62.619117736816406,29.036722794448156,0.10485344036877053
2023-01-14,0.10936115836593263,62.14934539794922,28.831865541314,0.054680579182966316
2023-01-15,0.10936115836593263,62.14294052124024,28.828899873364744,0.054680579182966316
2023-01-16,0.10387350167373528,62.71416473388671,29.094093125498176,0.05193675083686764
2023-01-17,0.08192287490494594,63.39425277709962,29.41197363474008,0.04096143745247297
2023-01-18,0.05958027265814251,66.50688171386719,30.857765022747763,0.029790136329071255
2023-01-19,0.05958027265814251,67.76612091064452,31.44146092509454,0.029790136329071255
2023-01-20,0.12425622653046825,70.83533477783203,32.85066002365252,0.062128113265234125
2023-01-21,0.09329016376735472,68.83660125732422,31.931311526339755,0.04664508188367736
2023-01-22,0.07408336534466405,67.13418579101562,31.14605467212147,0.03704168267233202
2023-01-23,0.07408336534466405,67.13973236083984,31.148624872544335,0.03704168267233202
2023-01-24,0.06585188030636803,66.7960205078125,30.99073632132285,0.032925940153184015
2023-01-25,0.11563276601415816,67.85801696777344,31.47404769595895,0.05781638300707908
2023-01-26,0.13170376061273606,64.16258239746094,29.760896002048508,0.06585188030636803
2023-01-27,0.12072844722834139,63.96651077270508,29.67168508590416,0.060364223614170695
2023-01-28,0.12974388322266558,64.41487884521486,29.877943675191826,0.06487194161133279
2023-01-29,0.09133028637728424,59.527122497558594,27.619408172008598,0.04566514318864212
2023-01-30,0.14424697590918711,59.464752197265625,27.585508998240172,0.07212348795459356
2023-01-31,0.20186737117725914,59.69013977050781,27.68420871057592,0.10093368558862957
2023-02-01,0.18540440110066714,59.06549072265624,27.39704600571399,0.09270220055033357
2023-02-02,0.1646297007659201,58.676448822021484,27.21900519431733,0.08231485038296005
2023-02-03,0.15130253451344083,58.3964958190918,27.090651514456187,0.07565126725672042
2023-02-04,0.1387593192169898,58.62304687500001,27.19653867125948,0.0693796596084949
2023-02-05,0.15600624024961,58.81256484985352,27.282716097517085,0.078003120124805
2023-02-06,0.1712932838921597,59.13814163208008,27.431920006963388,0.08564664194607985
2023-02-07,0.1720772348481879,58.538158416748054,27.1544127505975,0.08603861742409395
2023-02-08,0.14307104947514485,57.38084793090821,26.62140676651693,0.07153552473757242
2023-02-09,0.1367994418269193,56.37033462524413,26.154246133895185,0.06839972091345965
2023-02-10,0.15404636285953952,57.35104751586913,26.606811442304267,0.07702318142976976
2023-02-11,0.1567901912056382,57.617286682128906,26.729760932188185,0.0783950956028191
2023-02-12,0.13719141730493342,56.52813720703125,26.22724501701365,0.06859570865246671
2023-02-13,0.1877562539687517,56.13150405883789,26.040600861760577,0.09387812698437585
2023-02-14,0.12425622653046825,50.57330322265625,23.471693010934068,0.062128113265234125
2023-02-15,0.14071919660706025,50.33732986450195,23.36240922179041,0.07035959830353013
2023-02-16,0.12856795678862332,52.83377838134765,24.517908252225048,0.06428397839431166
2023-02-17,0.12543215296451055,51.807891845703125,24.04314287656514,0.06271607648225527
2023-02-18,0.12543215296451055,51.61012268066406,23.951601051245216,0.06271607648225527
2023-02-19,0.258703815489303,44.238773345947266,20.54728731475338,0.1293519077446515
2023-02-20,0.258703815489303,43.94135665893555,20.410017805563246,0.1293519077446515
2023-02-21,0.2641914721815003,45.96886444091797,21.346013676896945,0.13209573609075015
2023-02-22,0.26497542313752853,45.89120101928711,21.31020542337934,0.13248771156876427
2023-02-23,0.2590957909673171,44.542320251464844,20.68740755387303,0.12954789548365855
2023-02-24,0.2508643059290211,43.018898010253906,19.98371954144189,0.12543215296451055
2023-02-25,0.2928056820765293,38.57152557373047,17.93552669355015,0.14640284103826465
2023-02-26,0.21127478264959745,43.95383453369141,20.41290919816375,0.10563739132479873
2023-02-27,0.21127478264959745,43.070686340332024,20.00488267218407,0.10563739132479873
2023-02-28,0.22812972820420355,40.58125686645508,18.856319782571475,0.11406486410210177
2023-03-01,0.20735502786945648,39.71915435791015,18.456026142419326,0.10367751393472824
2023-03-02,0.20735502786945648,39.17869567871094,18.206305667240603,0.10367751393472824
2023-03-03,0.3167161862353891,39.58305740356445,18.404534245336574,0.15835809311769455
2023-03-04,0.28692604990631787,41.537147521972656,19.302769050588875,0.14346302495315894
2023-03-05,0.21872231673186526,40.96410369873047,19.032285674831595,0.10936115836593263
2023-03-06,0.2567439380992325,40.29325866699219,18.726086730672332,0.12837196904961626
2023-03-07,0.25125628140703515,40.055938720703125,18.616003885975605,0.12562814070351758
2023-03-08,0.24772850210490832,38.267181396484375,17.789874838196233,0.12386425105245416
2023-03-09,0.30221309354886755,38.27730941772462,17.800937490351338,0.15110654677443378
2023-03-10,0.28810197634036017,39.92412567138672,18.558869683845977,0.14405098817018008
2023-03-11,0.3096606276311354,39.1103515625,18.185867793438966,0.1548303138155677
2023-03-12,0.266935300527599,37.91106033325195,17.627793761288576,0.1334676502637995
2023-03-13,0.266935300527599,37.576255798339844,17.473295847863955,0.1334676502637995
2023-03-14,0.22538589985810487,39.588478088378906,18.39752408732376,0.11269294992905243
2023-03-15,0.18226859727655437,47.74198913574219,22.162433394145868,0.09113429863827718
2023-03-16,0.18579637657868125,45.99876022338867,21.356673341061377,0.09289818828934063
2023-03-17,0.18579637657868125,43.751373291015625,20.317777288663855,0.09289818828934063
2023-03-18,0.28771000086234605,36.743019104003906,17.09154699795958,0.14385500043117302
2023-03-19,0.28771000086234605,36.12803268432617,16.807884939764005,0.14385500043117302
2023-03-20,0.3641452190750947,36.06198501586914,16.788074050808937,0.18207260953754734
2023-03-21,0.3641452190750947,32.774494171142585,15.274233986772739,0.18207260953754734
2023-03-22,0.33984273943822074,33.45137023925781,15.581903503172507,0.16992136971911037
2023-03-23,0.38766374775594037,32.13758087158203,14.985145974723144,0.19383187387797018
2023-03-24,0.43313290320557546,31.560262680053714,14.727819804544017,0.21656645160278773
2023-03-25,0.40059893853040557,34.74814224243165,16.188629093705025,0.20029946926520278
2023-03-26,0.3896236251460109,36.71006774902344,17.08989246002277,0.19481181257300545
2023-03-27,0.31475630884531863,40.79510498046875,18.963058373470503,0.15737815442265932
2023-03-28,0.30613284832900856,37.04413986206055,17.232825576457696,0.15306642416450428
2023-03-29,0.15247846094748313,37.97064971923829,17.641523289478062,0.07623923047374156
2023-03-30,0.3755125079375034,35.33670425415039,16.455759993202008,0.1877562539687517
2023-03-31,0.3782563362836021,35.477989196777344,16.52120198201587,0.18912816814180106
2023-04-01,0.3782563362836021,37.408794403076165,17.410036266692554,0.18912816814180106
2023-04-02,0.3825680665417571,36.164024353027344,16.837610610777578,0.19128403327087856
2023-04-03,0.3688489248112638,30.726366043090824,14.332008378937225,0.1844244624056319
2023-04-04,0.3723767041133907,31.23773956298828,14.568126027367393,0.18618835205669534
2023-04-05,0.3978551101843069,33.08468246459961,15.42277316333727,0.19892755509215346
2023-04-06,0.38060818915168665,33.45670700073242,15.59110624627824,0.19030409457584332
2023-04-07,0.377864360805588,33.4951171875,15.608334370179927,0.188932180402794
2023-04-08,0.19677168996307592,33.8480224609375,15.741543475007,0.09838584498153796
2023-04-09,0.40059893853040557,31.958555221557617,14.9050831563533,0.20029946926520278
2023-04-10,0.3974631347062928,30.59650230407715,14.277766347268827,0.1987315673531464
2023-04-11,0.3974631347062928,30.50080108642578,14.233729262297375,0.1987315673531464
2023-04-12,0.3974631347062928,30.45846557617187,14.214248502197197,0.1987315673531464
2023-04-13,0.3974631347062928,30.59646987915039,14.277751426881293,0.1987315673531464
2023-04-14,0.33866681300417845,38.15865707397461,17.750542997539167,0.16933340650208922
2023-04-15,0.2979013632907125,42.12864303588867,19.576464487974956,0.14895068164535624
2023-04-16,0.3288674260538261,46.05998229980469,21.39061139952272,0.16443371302691304
2023-04-17,0.38452794393182765,45.74844741821289,21.24941080806163,0.19226397196591383
2023-04-18,0.37316065506941887,43.9780158996582,20.433830060969253,0.18658032753470943
2023-04-19,0.37316065506941887,43.95745086669922,20.42436202678038,0.18658032753470943
2023-04-20,0.37316065506941887,46.12516021728516,21.422364134718947,0.18658032753470943
2023-04-21,0.3986390611403351,45.145606994628906,20.9726197488985,0.19931953057016755
2023-04-22,0.386095845843884,43.836517333984375,20.369482115692005,0.193047922921942
2023-04-23,0.386095845843884,42.574432373046875,19.78858801851657,0.193047922921942
2023-04-24,0.34925015091055905,42.751869201660156,19.86758543537616,0.17462507545527953
2023-04-25,0.33827483752616433,42.230220794677734,19.626443736191092,0.16913741876308216
2023-04-26,0.3712007776793484,36.09235382080078,16.803039690618693,0.1856003888396742
2023-04-27,0.3759044834155175,35.33213806152344,16.453715343683335,0.18795224170775876
2023-04-28,0.3759044834155175,35.33213806152344,16.453715343683335,0.18795224170775876
2023-04-29,0.3727686795914048,34.43532943725586,16.040365847891266,0.1863843397957024
2023-04-30,0.3868797967999122,34.006969451904304,15.84540625531167,0.1934398983999561
2023-05-01,0.3849199194098417,34.53379440307617,16.087578327602206,0.19245995970492086
2023-05-02,0.3704168267233202,34.777835845947266,16.197697356269092,0.1852084133616601
2023-05-03,0.3974631347062928,32.510501861572266,15.158496636989756,0.1987315673531464
2023-05-04,0.3755125079375034,30.19646453857422,14.089341260087505,0.1877562539687517
2023-05-05,0.3762964588935316,28.61476898193359,13.361341703137978,0.1881482294467658
2023-05-06,0.3759044834155175,29.05534934997559,13.564086698923372,0.18795224170775876
2023-05-07,0.38766374775594037,28.51242065429687,13.316666830197125,0.19383187387797018
2023-05-08,0.38766374775594037,28.558326721191406,13.337795086778872,0.19383187387797018
2023-05-09,0.3437624942183617,27.15827178955078,12.683392326005624,0.17188124710918085
2023-05-10,0.3437624942183617,27.15827178955078,12.683392326005624,0.17188124710918085
2023-05-11,0.3437624942183617,27.197872161865234,12.701635773187391,0.17188124710918157
2023-05-12,0.35669768499282684,27.569866180419922,12.87591062410649,0.17834884249641342
2023-05-13,0.3006451916368112,29.550386428833008,13.776595377385819,0.1503225958184056
2023-05-14,0.2496883794949788,29.560945510864258,13.77104929018918,0.1248441897474894
2023-05-15,0.27987049130206415,28.483655929565433,13.280234704404803,0.13993524565103208
2023-05-16,0.27987049130206415,28.803985595703125,13.428011652314176,0.13993524565103208
2023-05-17,0.27987049130206415,28.887340545654293,13.466465599603678,0.13993524565103208
2023-05-18,0.3265155731857415,28.26972198486328,13.191677155858528,0.16325778659287074
2023-05-19,0.3265155731857415,29.23439407348633,13.636257139034022,0.16325778659287074
2023-05-20,0.3265155731857415,29.490421295166016,13.754250164072504,0.16325778659287074
2023-05-21,0.3265155731857415,28.886846542358395,13.476085949918259,0.16325778659287074
2023-05-22,0.3610094152509819,25.962440490722656,12.13663200359458,0.18050470762549095
2023-05-23,0.31279643145524816,25.24872398376465,11.796020582658128,0.15639821572762408
2023-05-24,0.31279643145524816,25.6363525390625,11.974716741925702,0.15639821572762408
2023-05-25,0.28849395181837423,23.42011260986328,10.94657402031696,0.14424697590918711
2023-05-26,0.3433705187403476,18.758108139038086,8.81340872729202,0.1716852593701738
2023-05-27,0.3272995241417697,18.038373947143555,8.476695888622372,0.16364976207088486
2023-05-28,0.33984273943822074,18.340667724609375,8.619980104698946,0.16992136971911037
2023-05-29,0.3257316222297133,18.75606346130371,8.806955673555944,0.16286581111485665
2023-05-30,0.373552630547433,17.706750869750977,8.338802893781432,0.1867763152737165
2023-05-31,0.3955032573162223,16.83474349975586,7.944618636804688,0.19775162865811116
2023-06-01,0.39471930636019414,16.65671157836914,7.862432048309163,0.19735965318009707
2023-06-02,0.451947726150252,13.682703018188477,6.514638950190389,0.225973863075126
2023-06-03,0.451947726150252,15.421714782714844,7.313900803284936,0.225973863075126
2023-06-04,0.4327409277275614,27.22610855102539,12.734907812702087,0.2163704638637807
2023-06-05,0.4327409277275614,27.84269714355469,13.018414627860034,0.2163704638637814
2023-06-06,0.435092780595646,25.253513336181637,11.82849251638104,0.217546390297823
2023-06-07,0.419021785997068,19.486801147460938,9.17219589774446,0.209510892998534
2023-06-08,0.4299970993814627,19.337112426757812,9.106713986402209,0.21499854969073134
2023-06-09,0.4597872357105339,15.256079673767092,7.24049751281529,0.22989361785526696
2023-06-10,0.45900328475450575,13.513318061828613,6.439362790146283,0.22950164237725323
2023-06-11,0.43626870702968823,11.770304679870605,5.629693385495115,0.21813435351484411
2023-06-12,0.48840144560556287,9.555943489074705,4.632695047481878,0.24420072280278143
2023-06-13,0.46605884335875947,8.200540542602539,4.000897472239452,0.23302942167937973
2023-06-14,0.4750742793530837,7.65998649597168,3.7563485030276227,0.23753713967654186
2023-06-15,0.48016996056726685,7.476107120513917,3.674045675319114,0.24008498028363343
2023-06-16,0.43548475607366005,7.326648712158203,3.5863270617569465,0.21774237803683003
2023-06-17,0.49349712681974617,6.209585189819336,3.0981368849589432,0.24674856340987325
2023-06-18,0.4441082165899701,5.80265998840332,2.8894517340211627,0.22205410829498504
2023-06-19,0.4092223990467156,5.811078071594238,2.877905736625854,0.2046111995233578
2023-06-20,0.40177486496444786,5.598944187164307,2.777010115231856,0.20088743248222393
2023-06-21,0.41627795765096937,5.225854396820068,2.6118419092139753,0.20813897882548468
2023-06-22,0.4480279713701111,5.067178726196289,2.553123049524854,0.22401398568505554
2023-06-23,0.4633150150126608,4.484571933746338,2.292288058598039,0.2316575075063304
2023-06-24,0.4746823038750696,3.553966283798218,1.8699606950353012,0.2373411519375348
2023-06-25,0.4629230395346467,3.054227590560913,1.6348704659455375,0.23146151976732335
2023-06-26,0.4339168541616037,2.7856483459472656,1.4977639797255162,0.21695842708080185
2023-06-27,0.4339168541616037,2.7856483459472656,1.4977639797255162,0.21695842708080185
2023-06-28,0.42725327103536404,2.7396471500396724,1.4734639841218742,0.21362663551768202
2023-06-29,0.4868335436935065,2.2372143268585205,1.2708755031255283,0.24341677184675325
2023-06-30,0.4868335436935065,2.251405715942383,1.2773930130699882,0.24341677184675325
2023-07-01,0.45665143188642116,1.9875980615615845,1.1417460623460645,0.22832571594321058
2023-07-02,0.4523397016282661,1.8386303186416628,1.0712098744568823,0.22616985081413304
2023-07-03,0.4542995790183366,2.1524617671966553,1.2163855050614754,0.2271497895091683
2023-07-04,0.47037057361691453,2.1983959674835205,1.2451782945963867,0.23518528680845727
2023-07-05,0.46801872074883,1.7643758058547974,1.0446451498195282,0.234009360374415
2023-07-06,0.48487366630343604,2.246708869934082,1.274300042686821,0.24243683315171802
2023-07-07,0.4609631621445762,1.5981299877166746,0.9648491152722014,0.2304815810722881
2023-07-08,0.4652748924027313,1.584514021873474,0.9606798957502358,0.2326374462013657
2023-07-09,0.4633150150126608,1.3159818649291992,0.8363422969618975,0.2316575075063304
2023-07-10,0.4668427943147877,1.4268782138824463,0.8890119737472261,0.23342139715739385
2023-07-11,0.43822858441975876,1.4536155462265015,0.8874054900138765,0.21911429220987938
2023-07-12,0.44646006945805466,1.278457522392273,0.8108881252436013,0.2232300347290274
2023-07-13,0.44646006945805466,1.4465813636779785,0.8881682333500153,0.2232300347290274
2023-07-14,0.44528414302401237,1.0854779481887817,0.7216075873205601,0.22264207151200618
2023-07-15,0.5127039252424369,0.6787840723991394,0.5679134208243511,0.25635196262121845
2023-07-16,0.5107440478523664,0.642624020576477,0.5503486359472393,0.2553720239261832
2023-07-17,0.5181915819346342,1.2758561372756958,0.8446429332031642,0.2590957909673171
2023-07-18,0.497024906121873,0.9570496678352356,0.6879476988709211,0.24851245306093647
2023-07-19,0.5127039252424369,0.8692344427108765,0.6553300198614012,0.25635196262121845
2023-07-20,0.5025125628140703,0.7577678561210632,0.5991484730523896,0.25125628140703515
2023-07-21,0.4962409551658448,0.7839302420616149,0.6080730190944569,0.2481204775829224
2023-07-22,0.5275989934069725,2.1155288219451904,1.234510773154877,0.26379949670348624
2023-07-23,0.4833057643913796,2.0918829441070557,1.2024408003073093,0.2416528821956898
2023-07-24,0.4833057643913796,2.0842175483703613,1.1989201350463263,0.2416528821956898
2023-07-25,0.4872255191715206,2.371472120285034,1.3327211702078088,0.2436127595857603
2023-07-26,0.4872255191715206,2.371472120285034,1.3327211702078088,0.2436127595857603
2023-07-27,0.4872255191715206,2.371472120285034,1.3327211702078088,0.2436127595857603
2023-07-28,0.4821298379573373,1.1535463333129883,0.7708946397299133,0.24106491897866866
2023-07-29,0.4570434073644353,1.108991265296936,0.7381652605252395,0.22852170368221758
2023-07-30,0.44528414302401237,1.0642504692077634,0.7118498764276282,0.22264207151200618
2023-07-31,0.4609631621445762,0.8226820826530457,0.6085177965941219,0.2304815810722881
2023-08-01,0.4609631621445762,1.0407075881958008,0.7087041732523064,0.23048158107228808
2023-08-02,0.4535156280623084,0.9080839157104493,0.6441052341153903,0.2267578140311542
2023-08-03,0.4409724127658574,1.4907928705215452,0.9058285555723543,0.2204862063829287
2023-08-04,0.4409724127658574,1.4907928705215452,0.9058285555723543,0.2204862063829287
2023-08-05,0.43822858441975876,1.5211925506591797,0.9184736203414284,0.21911429220987938
2023-08-06,0.451947726150252,1.502676248550415,0.9166142759332166,0.225973863075126
2023-08-07,0.4445001920679842,1.3955161571502686,0.8637429201290517,0.22225009603399204
2023-08-08,0.497024906121873,1.1237200498580933,0.7644754306647403,0.24851245306093656
2023-08-09,0.497024906121873,1.1298277378082275,0.7672798131810298,0.2485124530609365
2023-08-10,0.5268150424509442,0.9471173882484436,0.6980001521669483,0.26340752122547206
2023-08-11,0.4766421812651401,0.5035481452941895,0.469630957812351,0.23832109063257004
2023-08-12,0.4656668678807454,0.5715714097023009,0.49545319841757146,0.2328334339403727
2023-08-13,0.4770341567431542,0.7240408062934875,0.5711096123736225,0.2385170783715771
2023-08-14,0.4766421812651401,0.5788594484329224,0.5042259566996551,0.23832109063257004
2023-08-15,0.4997687344679717,1.4514111280441284,0.9162688961581107,0.24988436723398588
2023-08-16,0.4782100831771965,0.5760666131973267,0.5037179587514605,0.23910504158859824
2023-08-17,0.48408971534740786,0.8553268909454345,0.6348841025167117,0.24204485767370393
2023-08-18,0.4503798242381956,0.5719170570373535,0.48805592029604344,0.2251899121190978
2023-08-19,0.46605884335875947,0.3612668514251709,0.39901919029764926,0.23302942167937973
2023-08-20,0.47860205865521055,0.3471429646015167,0.398757811874479,0.23930102932760527
2023-08-21,0.4844816908254219,0.2930263578891754,0.376822456197652,0.24224084541271096
2023-08-22,0.48369773986939374,0.34437766671180725,0.40001789109989333,0.24184886993469687
2023-08-23,0.517407630978606,0.34964865446090704,0.41917587941605144,0.258703815489303
2023-08-24,0.4296051239034486,0.4568398594856263,0.42487139580946187,0.2148025619517243
2023-08-25,0.39354337992615185,1.2420454025268555,0.768349769098458,0.19677168996307592
2023-08-26,0.4186298105190539,1.1288264989852905,0.7285074850243222,0.209314905259527
2023-08-27,0.4186298105190539,1.2750900983810425,0.7957799804558405,0.20931490525952695
2023-08-28,0.4213736388651526,1.3630218505859375,0.8375578350917975,0.21068681943257625
2023-08-29,0.3966791837502646,3.0927820205688477,1.6215129677430828,0.19833959187513223
2023-08-30,0.41471005573891295,2.557389497756958,1.3837012683239962,0.20735502786945648
2023-08-31,0.435092780595646,2.5170786380767822,1.3748374203721114,0.217546390297823
2023-09-01,0.4766421812651401,1.143439769744873,0.7635715631831991,0.23832109063257
2023-09-02,0.46801872074883,0.7166997790336609,0.5632943626081754,0.234009360374415
2023-09-03,0.46801872074883,0.7166997790336609,0.5632943626081754,0.234009360374415
2023-09-04,0.5021205873360562,0.5786551833152771,0.5167238963969032,0.2510602936680281
2023-09-05,0.4542995790183366,0.5364168882369995,0.47367809136169037,0.2271497895091683
2023-09-06,0.4833057643913796,0.5281210541725159,0.4842153685808542,0.2416528821956898
2023-09-07,0.4770341567431542,0.5298013687133789,0.4818845491087295,0.2385170783715771
2023-09-08,0.4903613229956334,0.5393092036247253,0.4928437392103196,0.2451806614978167
2023-09-09,0.45116377519422385,0.5460322499275208,0.4765463726491324,0.22558188759711192
2023-09-10,0.4754662548310978,0.515177845954895,0.47439127179908114,0.2377331274155489
2023-09-11,0.44881192232613926,0.48314717411994934,0.44647889969211696,0.22440596116306963
2023-09-12,0.48252181343535144,0.4891080856323242,0.46590883058840704,0.24126090671767572
2023-09-13,0.48252181343535144,0.6290535926818848,0.5301859679681266,0.24126090671767572
2023-09-14,0.4770341567431542,2.973447799682617,1.6043883522323235,0.238517078371577
2023-09-15,0.5068242930722254,2.9203169345855713,1.5940074690027932,0.25341214653611277
2023-09-16,0.5068242930722254,2.865084648132324,1.5686526371379874,0.2534121465361127
2023-09-17,0.5111360233303804,2.7681424617767334,1.5261870456080748,0.2555680116651902
2023-09-18,0.5111360233303804,2.797393560409546,1.5396137399346148,0.2555680116651902
2023-09-19,0.5048644156821549,1.270461320877075,0.8356727453170774,0.25243220784107745
2023-09-20,0.5040804647261268,1.4436039924621582,0.9147780368345644,0.25204023236306333
2023-09-21,0.5040804647261268,1.448059320449829,0.9168234137552208,0.25204023236306333
2023-09-22,0.5040804647261268,1.448059320449829,0.9168234137552208,0.25204023236306333
2023-09-23,0.47860205865521055,1.8992466926574705,1.1117017338085056,0.23930102932760527
2023-09-24,0.4492038978041534,2.527941942214966,1.3865309389618494,0.2246019489020767
2023-09-25,0.4962409551658448,1.8532381057739258,1.0990606893612505,0.2481204775829224
2023-09-26,0.46174711310060446,1.1866390705108643,0.7761448098406154,0.23087355655030223
2023-09-27,0.46723476979280176,0.9882848858833312,0.6876888847467237,0.23361738489640088
2023-09-28,0.4872255191715206,0.9430275559425353,0.6767020773306909,0.2436127595857603
2023-09-29,0.4676267452708159,0.9003559350967407,0.6474820301837949,0.23381337263540797
2023-09-30,0.38296004201977124,1.8810551166534424,1.0573236790372054,0.19148002100988562
2023-10-01,3.78530719118212,0.20335631072521207,1.9793389678163311,1.89265359559106
2023-10-02,2.45690229619235,0.05953523516654968,1.2546203001604816,1.228451148096175
2023-10-03,2.120587336056256,0.06763261556625366,1.0902495420203198,1.060293668028128
2023-10-04,1.8501242562265305,0.2565350234508515,1.0393805894176693,0.9250621281132653
2023-10-05,1.6125871165499888,0.2703979015350342,0.9274319623082011,0.8062935582749944
2023-10-06,1.376225903307489,0.20453234016895297,0.780226984203592,0.6881129516537445
2023-10-07,1.2543215296451056,0.1696365922689438,0.70376579812294,0.6271607648225528
2023-10-08,1.2660807939855283,0.26037171483039856,0.7505892684915247,0.6330403969927642
2023-10-09,1.2554974560791476,0.2843056917190551,0.7561330557185382,0.6277487280395738
2023-10-10,1.2374665840904993,0.25631943345069885,0.7345260416951883,0.6187332920452496
2023-10-11,1.2511857258209926,0.20122793316841125,0.7164703247908752,0.6255928629104963
2023-10-12,1.1575035865756238,0.28106576204299927,0.7059484885069358,0.5787517932878119
2023-10-13,1.1892536002947656,0.21637970209121704,0.6924810298347039,0.5946268001473828
2023-10-14,1.1774943359543428,0.3812658190727234,0.761213318223134,0.5887471679771714
2023-10-15,1.0320714336111134,0.4182087481021881,0.7058212262669931,0.5160357168055567
2023-10-16,0.8000219506267688,1.1063848733901978,0.9046620864734113,0.4000109753133844
2023-10-17,0.772191691687768,1.1629494428634644,0.916871190110824,0.38609584584388396
2023-10-18,0.7341700703204007,1.1047401428222656,0.8717134337978891,0.36708503516020036
2023-10-19,0.7306422910182739,1.8544541597366335,1.2124728601595594,0.36532114550913697
2023-10-20,0.7306422910182739,2.022078037261963,1.2890467967631485,0.36532114550913697
2023-10-21,0.7306422910182739,2.3607304096221924,1.4437499671861613,0.36532114550913686
2023-10-22,0.6879169639147374,4.3797736167907715,2.3465978564659378,0.3439584819573687
2023-10-23,0.6879169639147374,4.379190444946289,2.3463312027527436,0.3439584819573687
2023-10-24,0.6879169639147374,4.397687435150146,2.3547889003721214,0.3439584819573687
2023-10-25,0.7008521546892027,4.505948543548584,2.4101757351503705,0.35042607734460135
2023-10-26,0.7008521546892027,4.585881233215332,2.4467143970097713,0.35042607734460135
2023-10-27,0.6620465823658073,8.797809600830076,4.356073428725864,0.33102329118290363
2023-10-28,0.685565111046653,9.097953796386719,4.50301074004532,0.3427825555233265
2023-10-29,0.685565111046653,9.165436744689941,4.533868718640155,0.3427825555233265
2023-10-30,0.685565111046653,9.540124893188477,4.705202650497344,0.3427825555233265
2023-10-31,0.685565111046653,12.62922191619873,6.117756372736974,0.3427825555233261
2023-11-01,0.685565111046653,13.09787178039551,6.332056249097984,0.3427825555233268
2023-11-02,0.685565111046653,13.09787178039551,6.332056249097984,0.3427825555233268
2023-11-03,0.685565111046653,13.403419494628906,6.471774282506209,0.3427825555233265
2023-11-04,0.48840144560556287,24.457447052001953,11.476097155275601,0.24420072280278143
2023-11-05,0.3186760636254596,47.18130874633789,21.907073670681246,0.1593380318127298
2023-11-06,0.3974631347062928,61.98809814453124,28.722664827573734,0.1987315673531464
2023-11-07,0.2994692652027689,62.218830108642585,28.840810254356963,0.14973463260138445
2023-11-08,0.4225495652991949,55.71684646606445,25.835503096672426,0.21127478264959745
2023-11-09,0.3676729983772215,55.868415832519524,25.908430371162506,0.18383649918861075
2023-11-10,0.3347470582240375,55.5729866027832,25.774235036794636,0.16737352911201875
2023-11-11,0.42646932007933586,54.761463165283196,25.39593481090264,0.21323466003966793
2023-11-12,0.3966791837502646,54.54358673095703,25.29709532169702,0.1983395918751323
2023-11-13,0.39275942897012367,53.68353652954102,24.901479339955486,0.19637971448506183
2023-11-14,0.38178411558572894,51.81069564819336,24.039798924632098,0.19089205779286447
2023-11-15,0.410790300958772,48.418663024902344,22.478875947363626,0.205395150479386
2023-11-16,0.410790300958772,48.41043472290039,22.47509077620892,0.205395150479386
2023-11-17,0.39589523279423644,46.58376693725586,21.634280948945296,0.19794761639711822
2023-11-18,0.39589523279423644,46.130882263183594,21.425878162461938,0.19794761639711822
2023-11-19,0.25948776644533117,45.256935119628906,21.017246237665336,0.12974388322266558
2023-11-20,0.46174711310060446,42.763755798339844,19.88120135969858,0.23087355655030223
2023-11-21,0.48252181343535144,42.9529685974121,19.96961033078952,0.24126090671767572
2023-11-22,0.46723476979280176,43.04539108276367,20.010996933835102,0.23361738489640088
2023-11-23,0.41431808026089884,42.3484992980957,19.686758255519134,0.20715904013044942
2023-11-24,0.47154650005095683,39.54257583618164,18.402065155354904,0.23577325002547841
2023-11-25,0.4374446334637305,45.18049621582031,20.990543911640028,0.21872231673186526
2023-11-26,0.3496421263885731,48.24320602416992,22.397088233407004,0.17482106319428656
2023-11-27,0.17442908771627247,50.59776306152344,23.48271516029221,0.08721454385813623
2023-11-28,0.15365438738152543,49.882843017578125,23.15212458046662,0.07682719369076271
2023-11-29,0.1465988287772717,47.101016998291016,21.86507553116316,0.07329941438863585
2023-11-30,0.1465988287772717,47.101016998291016,21.86507553116316,0.07329941438863585
2023-12-01,0.06232410100424118,66.41372680664062,30.814134508077206,0.03116205050212059
2023-12-02,0.06232410100424118,67.10371398925781,31.13394574981678,0.03116205050212059
2023-12-03,0.21793836577583708,68.17864990234376,31.603893373423723,0.10896918288791854
2023-12-04,0.21793836577583708,67.81967163085938,31.438064430453394,0.10896918288791854
2023-12-05,0.21793836577583708,64.71727752685547,30.00492271739918,0.10896918288791854
2023-12-06,0.15051858355741266,65.31973266601562,30.293553604375866,0.07525929177870633
2023-12-07,0.25360813427511975,59.53020477294921,27.60537051114582,0.12680406713755987
2023-12-08,0.25360813427511975,59.23677825927734,27.46992767194984,0.12680406713755987
2023-12-09,0.22656182629214716,60.28969955444335,27.95872893641572,0.11328091314607358
2023-12-10,0.19363588613896315,61.06134796142578,28.318765128981877,0.09681794306948158
2023-12-11,0.19363588613896315,61.06134796142578,28.318765128981877,0.09681794306948158
2023-12-12,0.19363588613896315,57.90652847290039,26.86063896638067,0.09681794306948158
2023-12-13,0.19363588613896315,57.90652847290039,26.86063896638067,0.09681794306948158
2023-12-14,0.16541365172194827,64.32978820800781,29.833449861326137,0.08270682586097414
2023-12-15,0.18383649918861075,62.715843200683594,29.084702433392472,0.09191824959430538
2023-12-16,0.23871306611058413,60.41307067871094,28.014443903647688,0.11935653305529206
2023-12-17,0.24145689445668278,59.78110885620117,27.7223739339474,0.12072844722834139
2023-12-18,0.221858120555978,58.23166275024414,27.008589633626478,0.110929060277989
2023-12-19,0.19716366544109,57.61785888671875,26.726950015991374,0.098581832720545
2023-12-20,0.15914204407372273,54.52304458618163,25.29838656705532,0.07957102203686137
2023-12-21,0.15914204407372273,54.52304458618163,25.29838656705532,0.07957102203686137
2023-12-22,0.15914204407372273,54.51767349243164,25.295902248294617,0.07957102203686137
2023-12-23,0.12425622653046825,56.72824478149413,26.320716006893445,0.062128113265234125
2023-12-24,0.12425622653046825,56.42290115356445,26.179377375271155,0.062128113265234125
2023-12-25,0.19677168996307592,57.77883529663086,26.80137652242986,0.09838584498153796
2023-12-26,0.19677168996307592,57.72484588623047,26.77642484738828,0.09838584498153796
2023-12-27,0.19481181257300545,57.686737060546875,26.758963173155493,0.09740590628650272
2023-12-28,0.19481181257300545,57.52745819091797,26.685347938174246,0.09740590628650272
2023-12-29,0.19481181257300545,57.405036926269524,26.6287674878936,0.09740590628650272
2023-12-30,0.24184886993469687,52.84455871582031,24.519675487956455,0.12092443496734843
2023-12-31,0.24184886993469687,52.821502685546875,24.50903033627798,0.12092443496734843
2024-01-01,0.16737352911201875,62.0982666015625,28.801195892302168,0.08368676455600937
2024-01-02,0.16737352911201875,62.708900451660156,29.08358514603777,0.08368676455600937
2024-01-03,0.17442908771627247,62.87059020996093,29.157450914272655,0.08721454385813623
2024-01-04,0.15522228929358178,62.10324478149414,28.80496875919733,0.07761114464679089
2024-01-05,0.12504017748649646,61.50850296020508,28.533330057325223,0.06252008874324823
2024-01-06,0.12504017748649646,61.60297775268555,28.577060171603456,0.06252008874324823
2024-01-07,0.086234605163101,66.51737976074219,30.858228591408043,0.0431173025815505
2024-01-08,0.06702780674041033,70.27925872802734,32.604866904597245,0.03351390337020516
2024-01-09,0.04782100831771964,70.25311279296875,32.59663938536798,0.02391050415885982
2024-01-10,0.04782100831771964,72.32772064208984,33.55852756822175,0.02391050415885982
2024-01-11,0.1277840058325951,71.55841064453125,33.18459962572964,0.06389200291629756
2024-01-12,0.1548303138155677,69.22393798828125,32.09889294315982,0.07741515690778385
2024-01-13,0.1814846463205262,67.12171936035156,31.121888962116763,0.0907423231602631
2024-01-14,0.1567901912056382,67.00825500488281,31.0736331750845,0.0783950956028191
2024-01-15,0.14071919660706025,65.59689331054688,30.42330239937377,0.07035959830353013
2024-01-16,0.1293519077446515,62.31411361694336,28.9056969463065,0.06467595387232575
2024-01-17,0.11288893766805948,61.597572326660156,28.575967378439664,0.05644446883402974
2024-01-18,0.11288893766805948,59.828304290771484,27.756800674674608,0.05644446883402974
2024-01-19,0.1367994418269193,63.19989776611328,29.314683912823874,0.06839972091345965
2024-01-20,0.1567901912056382,67.70966339111328,31.398075587748043,0.0783950956028191
2024-01-21,0.1567901912056382,67.70966339111328,31.398075587748043,0.0783950956028191
2024-01-22,0.1567901912056382,67.28459167480469,31.201455051265203,0.0783950956028191
2024-01-23,0.14189512304110255,63.8096923828125,29.596167802072376,0.07094756152055127
2024-01-24,0.1611019214637932,65.82370758056642,30.52502841695417,0.0805509607318966
2024-01-25,0.14855870616734218,61.674930572509766,28.607619633315494,0.07427935308367109
2024-01-26,0.12229634914039778,59.709251403808594,27.700766094641605,0.06114817457019889
2024-01-27,0.15835809311769455,54.95436096191406,25.49792431968244,0.07917904655884728
2024-01-28,0.1975556409191041,55.82970046997071,25.90052122747496,0.09877782045955205
2024-01-29,0.22146614507796392,55.96784591674805,25.96293832078263,0.11073307253898196
2024-01-30,0.14620685329925762,57.397659301757805,26.62895333933192,0.07310342664962881
2024-01-31,0.14620685329925762,57.397659301757805,26.62895333933192,0.07310342664962881
2024-02-01,0.15835809311769455,56.48400115966796,26.205448415416782,0.07917904655884728
2024-02-02,0.10857720740990444,51.839427947998054,24.05805009249449,0.05428860370495222
2024-02-03,0.2167624393417948,52.43025588989257,24.328998258246774,0.1083812196708974
2024-02-04,0.19637971448506183,53.481609344482415,24.81538986418263,0.09818985724253092
2024-02-05,0.16737352911201875,54.36159133911133,25.223349768296842,0.08368676455600937
2024-02-06,0.16737352911201875,52.756736755371094,24.48118048275183,0.08368676455600937
2024-02-07,0.16698155363400466,53.52435684204102,24.836182255195013,0.08349077681700233
2024-02-08,0.18226859727655437,52.37226486206055,24.30302707908162,0.09113429863827718
2024-02-09,0.18226859727655437,51.98167037963868,24.122453797518578,0.09113429863827718
2024-02-10,0.18226859727655437,51.98167037963868,24.122453797518578,0.09113429863827718
2024-02-11,0.1810926708425121,54.81489562988282,25.432320985059963,0.09054633542125605
2024-02-12,0.1810926708425121,56.75402450561524,26.328810277263027,0.09054633542125605
2024-02-13,0.2222500960339921,56.40678024291992,26.165637014345062,0.11112504801699605
2024-02-14,0.18070069536449798,55.65811920166015,25.82217847176212,0.09035034768224899
2024-02-15,0.188932180402794,54.58602142333985,25.326149375376694,0.094466090201397
2024-02-16,0.152086485469469,53.238216400146484,24.704337057082952,0.0760432427347345
2024-02-17,0.23714516419852777,50.864044189453125,23.605296896361516,0.11857258209926388
2024-02-18,0.2246019489020767,47.54061508178711,22.070378560302693,0.11230097445103834
2024-02-19,0.2830062951261769,46.44218063354492,21.565111155852325,0.14150314756308846
2024-02-20,0.22381799794604848,46.73122024536133,21.696509336198925,0.11190899897302424
2024-02-21,0.22264207151200618,46.453617095947266,21.568246007609538,0.11132103575600309
2024-02-22,0.22264207151200618,46.313072204589844,21.50332832460533,0.11132103575600309
2024-02-23,0.22264207151200618,46.4888916015625,21.58453930117249,0.11132103575600309
2024-02-24,0.22029021864392165,51.98039627075195,24.121111793471115,0.11014510932196082
2024-02-25,0.18618835205669534,53.753841400146484,24.941587908348588,0.09309417602834767
2024-02-26,0.18618835205669534,53.44466400146485,24.798666166325983,0.09309417602834767
2024-02-27,0.18618835205669534,55.477169036865234,25.738221132399868,0.09309417602834624
2024-02-28,0.2050031750013719,57.096900939941406,26.485630454942626,0.10250158750068596
2024-02-29,0.16423772528790598,55.60734939575196,25.799629741946795,0.08211886264395299
2024-03-01,0.12072844722834139,58.14033508300781,26.97463696394664,0.060364223614170695
2024-03-02,0.09329016376735472,57.43354034423829,26.649487801481254,0.04664508188367736
2024-03-03,0.09329016376735472,57.27961349487305,26.57818988497736,0.04664508188367736
2024-03-04,0.13954327017301796,57.31419754028321,26.590825946534437,0.06977163508650898
2024-03-05,0.17599698962832885,55.34117889404296,25.675902053102956,0.08799849481416443
2024-03-06,0.17599698962832885,56.25799179077148,26.099805563134794,0.08799849481416443
2024-03-07,0.16580562719996236,60.09359359741211,27.8742877687857,0.08290281359998118
2024-03-08,0.16854945554606102,59.88574981689453,27.777895350966087,0.08427472777303051
2024-03-09,0.16854945554606102,59.50168228149414,27.600286810510568,0.08427472777303051
2024-03-10,0.16854945554606102,59.50168228149414,27.600286810510568,0.08427472777303051
2024-03-11,0.11837659436025683,65.04193115234375,30.169871505529038,0.05918829718012841
2024-03-12,0.1379753682609616,63.05153656005859,29.24587504056051,0.0689876841304808
2024-03-13,0.15130253451344083,57.84000778198243,26.833212703287685,0.07565126725672042
2024-03-14,0.16854945554606102,57.21831893920898,26.544366189336145,0.08427472777303051
2024-03-15,0.16854945554606102,58.24089431762695,27.01724687756519,0.08427472777303051
2024-03-16,0.16776550459003287,56.724151611328125,26.31589571473938,0.08388275229501643
2024-03-17,0.16776550459003287,56.825050354003906,26.36255621208628,0.08388275229501643
2024-03-18,0.16776550459003287,57.92476654052735,26.87111858702591,0.08388275229501643
2024-03-19,0.25478406070916204,52.30885696411133,24.272039093763894,0.12739203035458102
2024-03-20,0.24459269828079555,51.01091766357422,23.673041162006452,0.12229634914039778
2024-03-21,0.1548303138155677,52.25812530517578,24.25087952835317,0.07741515690778385
2024-03-22,0.28888592729638835,51.630638122558594,23.958431737005895,0.14444296364819417
2024-03-23,0.295549510422628,50.65730667114258,23.50945092772732,0.147774755211314
2024-03-24,0.2712470307857541,51.23576736450195,23.776520493702318,0.13562351539287704
2024-03-25,0.3006451916368112,45.2966194152832,21.037497581565848,0.1503225958184056
2024-03-26,0.26379949670348624,45.288681030273445,21.0321011156336,0.13189974835174312
2024-03-27,0.26379949670348624,51.486068725585945,23.89212370486651,0.13189974835174312
2024-03-28,0.10308955071770709,56.9005126953125,26.401916649844388,0.051544775358853545
2024-03-29,0.10308955071770709,57.19228744506836,26.53703622602151,0.051544775358853545
2024-03-30,0.10308955071770709,56.20490646362304,26.07978452809398,0.051544775358853545
2024-03-31,0.04664508188367736,59.15812301635742,27.452575103908337,0.02332254094183868
2024-04-01,0.04664508188367736,59.13129806518555,27.440137448297136,0.02332254094183868
2024-04-02,0.26497542313752853,56.05871200561523,26.002274332399466,0.13248771156876427
2024-04-03,0.26497542313752853,56.28398132324218,26.10623086245042,0.13248771156876427
2024-04-04,0.26497542313752853,56.21217346191406,26.07309321115956,0.13248771156876427
2024-04-05,0.3257316222297133,51.73043441772462,24.00382394459971,0.16286581111485665
2024-04-06,0.30574087285099444,49.585994720458984,23.015435214228038,0.15287043642549722
2024-04-07,0.30260506902688167,48.47050094604492,22.50106765805625,0.15130253451344083
2024-04-08,0.3108365540651777,48.33138656616211,22.437059319971898,0.15541827703258884
2024-04-09,0.27085505530773996,46.18859100341797,21.447668053835283,0.13542752765386998
2024-04-10,0.27085505530773996,46.565155029296875,21.621421418436608,0.13542752765386998
2024-04-11,0.295549510422628,45.34623718261719,21.060140183156264,0.147774755211314
2024-04-12,0.3766884343715457,41.970611572265625,19.509914810857364,0.18834421718577285
2024-04-13,0.3621853416850242,41.24773406982422,19.175861921640806,0.1810926708425121
2024-04-14,0.32259581840560053,40.70525360107422,18.922367451252796,0.16129790920280027
2024-04-15,0.31514828432333275,40.64308547973632,18.893017276999004,0.15757414216166638
2024-04-16,0.3704168267233202,37.691795349121094,17.53934910628988,0.1852084133616601
2024-04-17,0.3704168267233202,37.917503356933594,17.643270091926613,0.1852084133616601
2024-04-18,0.3704168267233202,37.65435791015625,17.52211207693214,0.1852084133616601
2024-04-19,0.3704168267233202,37.65548324584961,17.522630206508307,0.1852084133616601
2024-04-20,0.3704168267233202,38.22816467285156,17.78630546963558,0.1852084133616601
2024-04-21,0.3472902735204886,38.542964935302734,17.928596893052283,0.1736451367602443
2024-04-22,0.3472902735204886,38.57727813720703,17.944403389657758,0.1736451367602443
2024-04-23,0.3406266903942489,43.67818832397461,20.293734268939577,0.17031334519712446
2024-04-24,0.3406266903942489,43.58906173706055,20.252671855575155,0.17031334519712446
2024-04-25,0.31475630884531863,42.75297927856445,19.865596998550842,0.15737815442265932
2024-04-26,0.30338901998290985,42.619415283203125,19.80318785036349,0.15169450999145492
2024-04-27,0.29672543685667024,42.462249755859375,19.730217717984836,0.14836271842833512
2024-04-28,0.29672543685667024,42.309532165527344,19.659790603855047,0.14836271842833512
2024-04-29,0.3610094152509819,38.195259094238274,17.770044489003826,0.18050470762549095
2024-04-30,0.36453719455310873,37.79899215698242,17.58798752587361,0.18226859727655437
2024-05-01,0.36140139072899596,36.98476028442382,17.21264106027616,0.18070069536449798
2024-05-02,0.36140139072899596,37.13008499145508,17.279564888487286,0.18070069536449798
2024-05-03,0.3508180528226154,39.19864273071289,18.23101821342098,0.1754090264113077
2024-05-04,0.3508180528226154,38.59752655029297,17.954133146144247,0.1754090264113077
2024-05-05,0.3594415133389255,36.42946243286133,16.95665355340226,0.17972075666946274
2024-05-06,0.3594415133389255,36.51524734497071,16.99616024961237,0.17972075666946274
2024-05-07,0.34572237160843217,36.900367736816406,17.171723352602903,0.17286118580421608
2024-05-08,0.3394507639602066,38.548336029052734,17.930173351903385,0.1697253819801033
2024-05-09,0.386095845843884,32.31474685668945,15.066409290627039,0.193047922921942
2024-05-10,0.3857038703658699,32.23971939086914,15.031807124679666,0.19285193518293495
2024-05-11,0.34219459230630533,30.987033843994144,14.446961938475559,0.17109729615315267
2024-05-12,0.34219459230630533,30.59775924682617,14.267621396046012,0.17109729615315267
2024-05-13,0.2802624667800782,38.88947296142578,18.080769885998333,0.1401312333900391
2024-05-14,0.32965137700985425,34.53980255126953,16.081799115478145,0.16482568850492713
2024-05-15,0.1991235428311605,38.73567581176758,18.000679852192263,0.09956177141558024
2024-05-16,0.1991235428311605,38.926177978515625,18.088717603183678,0.09956177141558024
2024-05-17,0.3088766766751072,38.98451232910156,18.127765801066946,0.1544383383375536
2024-05-18,0.3088766766751072,38.37061691284179,17.844736908691424,0.1544383383375536
2024-05-19,0.4574353828424494,33.92749786376953,15.82016890046308,0.2287176914212247
2024-05-20,0.4280372219913922,31.83038520812988,14.851094947011804,0.2140186109956961
2024-05-21,0.4280372219913922,31.948772430419925,14.905534841425197,0.2140186109956961
2024-05-22,0.38335201749778536,32.19435119628906,15.010506771882143,0.19167600874889268
2024-05-23,0.3755125079375034,32.72661590576172,15.254150281500356,0.1877562539687517
2024-05-24,0.3527779302126859,31.434368133544922,14.65501570358996,0.17638896510634294
2024-05-25,0.39236745349210955,31.2802677154541,14.591448315683738,0.19618372674605478
2024-05-26,0.4833057643913796,26.776113510131832,12.539743665426146,0.2416528821956898
2024-05-27,0.49310515134173205,26.647272109985348,12.482856091740583,0.24655257567086603
2024-05-28,0.4911452739516616,25.989862442016605,12.180506058106495,0.2455726369758308
2024-05-29,0.4758582303091119,22.63462257385254,10.635546387544197,0.23792911515455595
2024-05-30,0.4758582303091119,22.63462257385254,10.635546387544197,0.23792911515455595
2024-05-31,0.4758582303091119,22.63462257385254,10.635546387544197,0.23792911515455595
2024-06-01,0.4758582303091119,22.63462257385254,10.635546387544197,0.23792911515455595
2024-06-02,0.4758582303091119,22.63462257385254,10.635546387544197,0.23792911515455595
2024-06-03,0.4758582303091119,22.63462257385254,10.635546387544197,0.23792911515455595
2024-06-04,0.44646006945805466,21.062108993530273,9.904677041421255,0.22323003472902733
2024-06-05,0.44724402041408284,19.70679092407227,9.281926577122187,0.22362201020704142
2024-06-06,0.41823783504103984,18.82040786743164,8.865453081179803,0.20911891752051992
2024-06-07,0.40530264426657464,18.307966232299805,8.625659187449434,0.20265132213328732
2024-06-08,0.40530264426657464,17.890155792236328,8.433435727005364,0.20265132213328732
2024-06-09,0.4096143745247297,17.41751480102539,8.21739105856091,0.20480718726236485
2024-06-10,0.44724402041408284,16.78076934814453,7.936969160857001,0.22362201020704142
2024-06-11,0.4441082165899701,16.614206314086914,7.85936088899344,0.22205410829498504
2024-06-12,0.44528414302401237,16.019777297973633,7.586510177685095,0.22264207151200618
2024-06-13,0.4319569767715332,15.582660675048828,7.380992366225052,0.2159784883857666
2024-06-14,0.4319569767715332,15.565367698669434,7.373040937497229,0.2159784883857666
2024-06-15,0.4319569767715332,15.587034225463867,7.383003354596849,0.2159784883857666
2024-06-16,0.42882117294742045,14.093966484069822,6.695354659983549,0.21441058647371022
2024-06-17,0.47076254909492865,13.660544395446777,6.511291897916788,0.23538127454746433
2024-06-18,0.4735063774410273,13.001384735107422,6.209476750248334,0.23675318872051326
2024-06-19,0.39119152705806726,10.190768241882324,4.885534962296513,0.19559576352903363
2024-06-20,0.39119152705806726,10.175106048583984,4.8783269940113865,0.19559576352903363
2024-06-21,0.3704168267233202,10.329797744750977,4.941276988271856,0.1852084133616601
2024-06-22,0.41588598217295525,9.328592300415037,4.49879268450091,0.20794299108647762
2024-06-23,0.41588598217295525,9.37022876739502,4.51794410797645,0.20794299108647762
2024-06-24,0.4080464726126733,9.365013122558594,4.512359496947341,0.20402323630633665
2024-06-25,0.41235820287082836,8.902742385864258,4.30146572446123,0.20617910143541418
2024-06-26,0.3610094152509819,9.210822105407715,4.422238516592051,0.18050470762549095
2024-06-27,0.38413596845381354,8.782681465148926,4.234604913836119,0.19206798422690677
2024-06-28,0.46919464718287224,7.414488315582276,3.641068742579506,0.23459732359143612
2024-06-29,0.46723476979280176,7.389556407928468,3.6287790526553803,0.23361738489640088
2024-06-30,0.46723476979280176,7.320750713348388,3.597165997166532,0.23361738489640088
2024-07-01,0.46723476979280176,7.320750713348388,3.597165997166532,0.23361738489640088
2024-07-02,0.43666068250770235,6.41559362411499,3.1679623662513796,0.21833034125385117
2024-07-03,0.43666068250770235,6.401196002960205,3.1613429188658246,0.21833034125385134
2024-07-04,0.4531236525842943,5.132532119750977,2.5854487867297555,0.22656182629214716
2024-07-05,0.472330451006985,4.7222137451171875,2.4055648576549857,0.2361652255034925
2024-07-06,0.4746823038750696,4.681614398956299,2.387979213932699,0.2373411519375348
2024-07-07,0.4746823038750696,4.697203636169434,2.3951405911951054,0.2373411519375348
2024-07-08,0.46801872074883,4.392703533172607,2.252220381289289,0.234009360374415
2024-07-09,0.48134588700130915,3.48396372795105,1.8409025849903813,0.2406729435006547
2024-07-16,0.48134588700130915,3.48396372795105,1.8409025849903813,0.2406729435006547
2024-07-17,0.4758582303091119,3.446911334991455,1.821329267561103,0.23792911515455586
2024-07-18,0.5205434348027187,2.832153558731079,1.5600063754916393,0.26027171740135935
2024-07-19,0.4307810503374909,4.124313831329346,2.111826711269228,0.21539052516874546
2024-07-20,0.4323489522495473,3.2515861988067627,1.7112632878308407,0.21617447612477364
2024-07-21,0.4503798242381956,2.8507266044616704,1.535448303083148,0.2251899121190979
2024-07-22,0.4711545245729427,2.219808340072632,1.2553901978622157,0.23557726228647136
2024-07-23,0.4982008325559153,2.0707948207855225,1.199894253355439,0.24910041627795765
2024-07-24,0.4982008325559153,2.0707948207855225,1.199894253355439,0.24910041627795765
2024-07-25,0.4982008325559153,2.0707948207855225,1.199894253355439,0.24910041627795765
2024-07-26,0.4982008325559153,2.0707948207855225,1.199894253355439,0.24910041627795765
2024-07-27,0.4982008325559153,2.0707948207855225,1.199894253355439,0.24910041627795765
2024-07-28,0.4982008325559153,2.0707948207855225,1.199894253355439,0.24910041627795765
2024-07-29,0.4982008325559153,2.0707948207855225,1.199894253355439,0.24910041627795765
2024-07-30,0.49153724942967564,1.524667739868164,0.9459128706276116,0.24576862471483782
2024-07-31,0.46488291692471717,1.5860779285430906,0.9612086989618515,0.23244145846235856
2024-08-01,0.42725327103536404,1.4601527452468872,0.8850835284618455,0.21362663551768207
2024-08-02,0.4425403146779137,1.8579648733139036,1.0753784696199717,0.22127015733895686
2024-08-03,0.4550835299743648,1.4323986768722534,0.8858372018774223,0.22754176498718243
2024-08-04,0.44998784876018155,1.5512588024139404,0.9379936182952839,0.22499392438009078
2024-08-05,0.44724402041408284,1.5130449533462522,0.9190991207954814,0.2236220102070414
2024-08-06,0.46958662266088635,0.9133965373039246,0.6544355738946515,0.23479331133044312
2024-08-07,0.46958662266088635,0.9981220960617065,0.6933610829392539,0.23479331133044318
2024-08-08,0.47781810769918237,1.027199625968933,0.7107513768846077,0.23890905384959119
2024-08-09,0.4782100831771965,0.8784866929054259,0.6426328996053127,0.23910504158859824
2024-08-10,0.4911452739516616,0.8528157472610474,0.6371983790035228,0.2455726369758308
2024-08-11,0.48173786247932326,0.8164566159248352,0.6158748239671067,0.24086893123966163
2024-08-12,0.46958662266088635,0.8444790244102478,0.6227727638665274,0.23479331133044318
2024-08-13,0.47742613222116825,1.3169081211090088,0.843637633583846,0.23871306611058413
2024-08-14,0.5021205873360562,1.5028727054595947,0.9410369652461232,0.25106029366802807
2024-08-15,0.4880094701275488,0.87882000207901,0.6475995777780517,0.2440047350637744
2024-08-16,0.49310515134173205,0.9552527666091919,0.6852002067886243,0.24655257567086603
2024-08-17,0.48840144560556287,0.9785064458847047,0.6935723614417559,0.24420072280278143
2024-08-18,0.48840144560556287,0.9831888675689695,0.6957227279660707,0.24420072280278143
2024-08-19,0.48291378891336556,1.0307236909866333,0.7148654681024418,0.24145689445668278
2024-08-20,0.48134588700130915,0.8383191823959351,0.6257237963372763,0.24067294350065455
2024-08-21,0.48252181343535144,1.4129095077514648,0.8902119195050356,0.24126090671767578
2024-08-22,0.4315650012935191,1.3767515420913696,0.8488276656157941,0.2157825006467595
2024-08-23,0.5107440478523664,0.754532516002655,0.6017167575552289,0.25537202392618313
2024-08-24,0.5025125628140703,0.6713494062423706,0.559473652216377,0.25125628140703515
2024-08-25,0.5021205873360562,0.794192671775818,0.6156782777946458,0.2510602936680281
2024-08-26,0.4864415682154924,0.8451189398765564,0.6313517890136195,0.2432207841077462
2024-08-27,0.4950650287318025,1.8137809038162231,1.08037672840273,0.24753251436590126
2024-08-28,0.439404510853801,1.5872420072555542,0.9494087679543385,0.2197022554269005
2024-08-29,0.4433242656339419,1.115752935409546,0.7345661272551913,0.22166213281697095
2024-08-30,0.4754662548310978,1.0022516250610352,0.6981392020453395,0.23773312741554886
2024-08-31,0.48408971534740786,2.010755777359009,1.1655558445296286,0.24204485767370393
2024-09-01,0.41941376147508214,2.4503152370452885,1.3366859216879365,0.20970688073754107
2024-09-02,0.4891853965615911,1.3649314641952515,0.8714163854124423,0.24459269828079555
2024-09-03,0.4782100831771965,1.3323097229003906,0.8510939231944749,0.2391050415885982
2024-09-04,0.4782100831771965,1.4017767906188965,0.8830032250262884,0.23910504158859827
2024-09-05,0.4782100831771965,1.583872675895691,0.9666479326044747,0.23910504158859827
2024-09-06,0.4891853965615911,1.6358133554458618,0.9958147089216822,0.24459269828079555
2024-09-07,0.4852656417814501,1.0487257242202759,0.7242850147036488,0.24263282089072502
2024-09-08,0.4852656417814501,1.0813730955123901,0.7392790952739173,0.24263282089072502
2024-09-09,0.4946730532537884,1.1384471654891968,0.770088324623241,0.24733652662689426
2024-09-10,0.4821298379573373,1.4698005914688113,0.9161518352548269,0.24106491897866872
2024-09-11,0.4821298379573373,1.6782442331314085,1.0118910641571315,0.24106491897866866
2024-09-12,0.4821298379573373,1.6782442331314085,1.0118910641571315,0.24106491897866866
2024-09-13,0.4492038978041534,2.330644369125366,1.2958461941846893,0.2246019489020767
2024-09-14,0.4492038978041534,2.6743993759155273,1.453847808540482,0.2246019489020767
2024-09-15,0.4891853965615911,8.652812957763672,4.21826336565289,0.24459269828079555
2024-09-16,0.4891853965615911,8.759108543395996,4.267077971118194,0.24459269828079555
2024-09-17,0.4911452739516616,9.825726509094238,4.757693159425938,0.2455726369758308
2024-09-18,0.5189755328906623,7.859004497528075,3.8662729544135646,0.25948776644533117
2024-09-19,0.5060403421161972,7.827932357788087,3.846557773323362,0.2530201710580986
2024-09-20,0.5076082440282537,7.771422386169434,3.821278069321156,0.25380412201412683
2024-09-21,0.5005526854239999,7.7883949279785165,3.8260910555669283,0.25027634271199994
2024-09-22,0.5005526854239999,7.758066654205323,3.812166711902215,0.25027634271199994
2024-09-23,0.5005526854239999,7.767378807067872,3.8164421156949326,0.25027634271199994
2024-09-24,0.47781810769918237,9.564168930053711,4.632193058016817,0.23890905384959119
2024-09-25,0.47781810769918237,9.59062385559082,4.644345081056519,0.23890905384959119
2024-09-26,0.47781810769918237,9.59062385559082,4.644345081056519,0.23890905384959119
2024-09-27,0.47781810769918237,9.59062385559082,4.644345081056519,0.23890905384959119
2024-09-28,0.44528414302401237,9.273494720458984,4.485422429475559,0.22264207151200618
2024-09-29,0.4989847835119435,6.720667362213134,3.335196461266838,0.24949239175597157
2024-09-30,0.4782100831771965,6.3089022636413565,3.1370633572281834,0.23910504158859802
2024-10-01,42.20752749707978,69.42100524902344,24.022995415108003,21.10376374853989
2024-10-02,40.07282904381502,34.52408218383789,22.225176213522346,20.03641452190751
2024-10-03,40.03284754505758,35.6544303894043,22.291102583972688,20.01642377252879
2024-10-04,39.689477026317235,41.416831970214844,22.629259801163087,19.844738513158617
2024-10-05,39.662430718334264,41.26214599609375,22.616496743462754,19.831215359167132
2024-10-06,37.5222446083773,34.14982223510742,21.79717667163615,18.76112230418865
2024-10-07,25.412946166087853,12.612590789794922,15.355078587055687,12.706473083043923
2024-10-08,25.402362828181467,13.0926513671875,15.451983811148631,12.701181414090733
2024-10-09,25.38903566192899,13.011340141296385,15.429970556677425,12.694517830964495
2024-10-10,23.717260248198873,23.210289001464844,17.126293453166042,11.858630124099436
2024-10-11,13.34794095281399,13.870962142944334,11.260362422902055,6.673970476406995
2024-10-12,12.906576564570122,14.088598251342773,11.173823009449666,6.453288282285061
2024-10-13,12.905792613614093,14.090307235717772,11.174114108465991,6.452896306807046
2024-10-14,12.698437585744635,13.96683120727539,11.05802459633959,6.349218792872318
2024-10-15,11.54446177847114,16.979507446289062,11.692675878944815,5.772230889235569
2024-10-16,11.083106640848548,16.880699157714844,11.505425632386403,5.541553320424274
2024-10-17,10.972569556048574,16.888561248779297,11.471602853374248,5.486284778024287
2024-10-18,10.90240594548405,17.77971839904785,11.764822666079782,5.451202972742024
2024-10-19,10.519053927986265,18.986278533935543,12.074383272176057,5.259526963993132
2024-10-20,10.500631080519602,18.90462303161621,12.03934552995325,5.250315540259801
2024-10-21,4.141220925218918,4.77440881729126,4.088820842411449,2.070610462609459
2024-10-22,2.730109204368175,3.454058170318603,2.873874640819722,1.3650546021840875
2024-10-23,2.730109204368175,3.4590315818786626,2.8760471528771854,1.3650546021840875
2024-10-24,2.7226616702859068,3.7865626811981206,3.015679266100485,1.3613308351429532
2024-10-25,2.722269694807893,3.7533364295959477,3.0009814482538415,1.3611348474039464
2024-10-26,2.722269694807893,3.758899688720703,3.0034120567901406,1.3611348474039466
2024-10-27,2.383994857281728,3.6482715606689453,2.7982819834435015,1.191997428640864
2024-10-28,1.9833959187513228,3.2121686935424805,2.41884024218973,0.9916979593756614
2024-10-29,1.0951794855713828,3.105707406997681,1.9550174838514838,0.5475897427856913
2024-10-30,0.7937503429785433,2.863032579421997,1.7029588569144116,0.3968751714892716
2024-10-31,0.7502410649189786,2.4182102680206303,1.4793333624147542,0.37512053245948945
2024-11-01,0.7231947569360061,2.4854817390441895,1.4972002072235935,0.36159737846800294
2024-11-02,0.6757657240963005,2.3332650661468506,1.4050453817967097,0.33788286204815027
2024-11-03,0.6757657240963005,2.3332650661468506,1.4050453817967097,0.33788286204815027
2024-11-04,0.6757657240963005,2.3332650661468506,1.4050453817967097,0.33788286204815027
2024-11-05,0.6757657240963005,2.3332650661468506,1.4050453817967097,0.33788286204815027
2024-11-06,0.6757657240963005,2.3332650661468506,1.4050453817967097,0.33788286204815027
2024-11-07,0.6291206422126232,2.3418531417846675,1.3867431175641576,0.3145603211063115
2024-11-08,0.5961947020594391,2.6122524738311768,1.494938587854369,0.29809735102971957
2024-11-09,0.48957737203960516,3.0316925048828125,1.6370347466155293,0.24478868601980258
2024-11-10,0.4856576172594642,2.5485386848449707,1.4132957322725779,0.24282880862973202
2024-11-11,0.5044724402041408,2.069523811340332,1.202316687901989,0.2522362201020704
2024-11-12,0.5248551650608737,2.2403204441070557,1.2904610170616138,0.26242758253043685
2024-11-13,0.521719361236761,4.489701271057129,2.321224946927635,0.2608596806183805
2024-11-14,0.4872255191715206,8.62649154663086,4.20536479421075,0.2436127595857603
2024-11-15,0.49388910229776023,4.280228614807129,2.2123720848345108,0.24694455114888011
2024-11-16,0.48840144560556287,2.599316120147705,1.4379168696549254,0.24420072280278135
2024-11-17,0.49075329847364746,2.2851884365081787,1.294778303683455,0.24537664923682373
2024-11-18,0.48134588700130915,2.4181172847747803,1.3513455158500145,0.24067294350065457
2024-11-19,0.48134588700130915,2.535715341567993,1.405359825686921,0.2406729435006547
2024-11-20,0.4542995790183366,24.03973960876465,11.275415257443369,0.2271497895091683
2024-11-21,0.4542995790183366,24.03973960876465,11.275415257443369,0.2271497895091683
2024-11-22,0.3496421263885731,56.20863723754883,26.066204677719917,0.17482106319428656
2024-11-23,0.2861420989502897,55.30478286743165,25.65323079316533,0.14307104947514485
2024-11-24,0.28535814799426146,54.4796257019043,25.272649805087827,0.14267907399713073
2024-11-25,0.3222038429275864,50.3838233947754,23.383226090964435,0.1611019214637932
2024-11-26,0.3222038429275864,48.981754302978516,22.73700632536994,0.1611019214637932
2024-11-27,0.42842919746940633,36.650352478027344,17.067590097944084,0.21421459873470317
2024-11-28,0.3304353279658825,38.019432067871094,17.6854103263086,0.16521766398294124
2024-11-29,0.43901253537578694,30.352487564086918,14.173645955710935,0.21950626768789347
2024-11-30,0.3676729983772215,30.36287689208984,14.164413274002232,0.18383649918861075
2024-12-01,0.4668427943147877,24.313613891601562,11.40450523255109,0.23342139715739385
2024-12-02,0.44293229015592783,24.37318229675293,11.425746910121173,0.22146614507796392
2024-12-03,0.4198057369530962,25.084730148315433,11.747081337587858,0.2099028684765481
2024-12-04,0.3907995515800532,28.805570602416992,13.452253641176942,0.1953997757900266
2024-12-05,0.3629692926410524,44.32120895385742,20.591255611552786,0.1814846463205262
2024-12-06,0.3280834750977979,47.28491210937501,21.955083987406688,0.16404173754889895
2024-12-07,0.3280834750977979,47.28491210937501,21.955083987406688,0.16404173754889895
2024-12-08,0.3280834750977979,47.28491210937501,21.955083987406688,0.16404173754889895
2024-12-09,0.2069630523914424,57.515655517578125,26.67897975351246,0.1034815261957212
2024-12-10,0.27869456486802185,57.620342254638665,26.721884782735643,0.13934728243401093
2024-12-11,0.26027171740135935,58.255306243896484,27.016339588249767,0.13013585870067967
2024-12-12,0.3175001371914173,51.37081909179688,23.83820119606628,0.15875006859570864
2024-12-13,0.3178921126694314,51.40185546875,23.85250196263347,0.1589460563347157
2024-12-14,0.3178921126694314,51.406997680664055,23.85487225227295,0.1589460563347157
2024-12-15,0.3131884069332623,52.26608657836914,24.250973707495504,0.15659420346663114
2024-12-16,0.27203098174178225,51.955062866210945,24.108398134080264,0.13601549087089113
2024-12-17,0.3680649738552356,44.44783782958985,20.649850712871142,0.1840324869276178
2024-12-18,0.34454644517438987,43.39923095703126,20.16547172648723,0.17227322258719494
2024-12-19,0.34454644517438987,43.275657653808594,20.108543861024376,0.17227322258719494
2024-12-20,0.3108365540651777,46.10004806518555,21.408372020550225,0.15541827703258884
2024-12-21,0.26027171740135935,62.332496643066406,28.89805953419425,0.13013585870067967
2024-12-22,0.26027171740135935,62.332496643066406,28.89805953419425,0.13013585870067967
2024-12-23,0.2849661725162474,59.21837615966796,27.458542738927576,0.1424830862581237
2024-12-24,0.3186760636254596,59.95586776733399,27.79537435316941,0.1593380318127298
2024-12-25,0.31201248049922,55.853191375732415,25.90467819162609,0.15600624024961
2024-12-26,0.2896698782524165,51.93778991699218,24.100086485283818,0.14483493912620826
2024-12-27,0.33749088657013615,47.937477111816406,22.256009707608133,0.16874544328506808
2024-12-28,0.31397235788929045,42.66425704956055,19.82464041961217,0.15698617894464523
2024-12-29,0.3461143470864463,39.88459396362305,18.54650405295132,0.17305717354322314
2024-12-30,0.3402347149162348,38.10610580444336,17.72651702407697,0.1701173574581174
2024-12-31,0.3641452190750947,37.946781158447266,17.655994312169536,0.18207260953754734
2025-01-01,0.3096606276311354,39.41350555419922,18.325630816987626,0.1548303138155677
2025-01-02,0.3096606276311354,39.41350555419922,18.325630816987626,0.1548303138155677
2025-01-03,0.1701173574581174,38.53388595581054,17.904099780747877,0.0850586787290587
2025-01-04,0.15051858355741266,41.95146560668945,19.482897425106458,0.07525929177870633
2025-01-05,0.15051858355741266,41.17089080810546,19.12178696072026,0.07525929177870633
2025-01-06,0.12308030009642597,40.83174133300781,18.96237360452376,0.061540150048212984
2025-01-07,0.12308030009642597,42.4233512878418,19.699122851524006,0.061540150048212984
2025-01-08,0.11484881505812997,50.413963317871094,23.39797608685795,0.05742440752906498
2025-01-10,0.19206798422690677,61.35381317138672,28.454117654302742,0.09603399211345338
2025-01-11,0.16933340650208922,60.35657501220704,27.9955429921257,0.08466670325104461
2025-01-12,0.1795247689304557,58.75164794921876,27.252479730800662,0.08976238446522786
2025-01-13,0.18344452371059666,55.02836990356445,25.530895185978597,0.09172226185529833
2025-01-14,0.21793836577583708,55.945842742919915,25.952984552622137,0.10896918288791854
2025-01-15,0.21441058647371022,54.61980056762695,25.34058629693127,0.10720529323685511
2025-01-16,0.21715441481980888,53.223152160644524,24.695271018071793,0.10857720740990444
2025-01-17,0.15169450999145492,53.54094696044922,24.844395770867663,0.07584725499572746
2025-01-18,0.21793836577583708,47.633262634277344,22.1130129379825,0.10896918288791854
2025-01-19,0.201083420221231,52.059722900390625,24.158150234866422,0.1005417101106155
2025-01-20,0.19637971448506183,49.8212890625,23.12372669981391,0.09818985724253092
2025-01-21,0.1810926708425121,48.99734878540039,22.742779037520087,0.09054633542125605
2025-01-22,0.1810926708425121,49.41974639892578,22.938059991930405,0.09054633542125605
2025-01-23,0.12347227557444006,49.04635238647461,22.764884665227697,0.06173613778722003
2025-01-24,0.13562351539287704,47.72869110107422,22.15522620937732,0.06781175769643852
2025-01-25,0.13601549087089113,49.018394470214844,22.75206630325404,0.06800774543544556
2025-01-26,0.13052783417869376,58.805709838867195,27.281788754671975,0.06526391708934688
2025-01-27,0.13052783417869376,58.64663696289063,27.2081664671107,0.06526391708934688
2025-01-28,0.08388275229501643,60.70010375976563,28.16354535422032,0.041941376147508216
2025-01-29,0.07682719369076271,72.52592468261719,33.64389060221882,0.038413596845381356
2025-01-30,0.07682719369076271,73.0664291381836,33.894337737258134,0.038413596845381356
2025-01-31,0.07682719369076271,73.0664291381836,33.894337737258134,0.038413596845381356
2025-02-01,0.07682719369076271,72.09405517578125,33.44378035412741,0.038413596845381356
2025-02-02,0.0940741147233829,67.33206939697266,31.234286269224704,0.04703705736169145
2025-02-03,0.14463895138720123,60.146076202392585,27.900706899466186,0.07231947569360062
2025-02-04,0.18658032753470943,58.932090759277344,27.335273854970392,0.09329016376735472
2025-02-05,0.15404636285953952,59.83542251586914,27.756048388540915,0.07702318142976976
2025-02-06,0.172469210326202,59.04352569580078,27.388061978208246,0.086234605163101
2025-02-07,0.11328091314607358,59.03071975708008,27.38748561946544,0.05664045657303679
2025-02-08,0.11328091314607358,56.98268127441407,26.439256919430388,0.05664045657303679
2025-02-09,0.11328091314607358,62.043624877929695,28.782441393125136,0.05664045657303679
2025-02-10,0.09211423733331243,58.44588088989258,27.118496682007486,0.04605711866665622
2025-02-11,0.09211423733331243,56.33694839477539,26.14162805332198,0.04605711866665622
2025-02-12,0.09211423733331243,56.11958312988281,26.040943318874056,0.04605711866665622
2025-02-13,0.09211423733331243,55.64662551879883,25.82186686477432,0.04605711866665622
2025-02-14,0.06585188030636803,59.12881469726562,27.43723265700574,0.032925940153184015
2025-02-15,0.12660807939855284,60.071659088134766,27.868091595901916,0.06330403969927642
2025-02-16,0.12621610392053872,59.54573822021484,27.624701109816126,0.06310805196026936
2025-02-17,0.13993524565103208,58.050167083740234,26.931350293728922,0.06996762282551604
2025-02-18,0.15012660807939854,57.56353759765624,26.705402838787467,0.07506330403969927
2025-02-19,0.15757414216166638,53.418270111083984,24.787443318223197,0.07878707108083319
2025-02-20,0.1701173574581174,53.18119430541992,24.677384723121474,0.0850586787290587
2025-02-21,0.13248771156876427,54.90037536621094,25.47422141563182,0.06624385578438213
2025-02-22,0.13248771156876427,53.13851165771484,24.658828200733517,0.06624385578438213
2025-02-23,0.13248771156876427,51.93140411376953,24.100176985977683,0.06624385578438213
2025-02-24,0.15169450999145492,51.7704963684082,24.025368580027813,0.07584725499572746
2025-02-25,0.15051858355741266,52.06533432006836,24.161787692195094,0.07525929177870633
2025-02-26,0.15051858355741266,52.06533432006836,24.161787692195094,0.07525929177870633
2025-02-27,0.1556142647715959,54.67233657836914,25.367604165967677,0.07780713238579795
2025-02-28,0.16776550459003287,53.26472091674804,24.716086317065113,0.08388275229501643
2025-03-01,0.18344452371059666,53.630653381347656,24.8847420767753,0.09172226185529833
2025-03-02,0.18540440110066714,49.96925354003906,23.192106973992296,0.09270220055033357
2025-03-03,0.15247846094748313,50.72319030761718,23.540869220221094,0.07623923047374156
2025-03-04,0.16776550459003287,51.143974304199226,23.735349698708518,0.08388275229501643
2025-03-05,0.18226859727655437,50.26114273071289,23.3270474680177,0.09113429863827718
2025-03-06,0.1795247689304557,50.14785385131836,23.27467765468979,0.08976238446522786
2025-03-07,0.1795247689304557,44.33613204956055,20.587737592461593,0.08976238446522786
2025-03-08,0.19794761639711822,45.2751579284668,21.022748963546643,0.09897380819855911
2025-03-09,0.2332254094183868,45.844947814941406,21.28754141994637,0.1166127047091934
2025-03-10,0.2332254094183868,45.68979263305664,21.21589166458529,0.1166127047091934
2025-03-11,0.22616985081413304,44.73501205444336,20.77460810438723,0.11308492540706652
2025-03-12,0.22616985081413304,44.73501205444336,20.77460810438723,0.11308492540706652
2025-03-13,0.20147539569924508,47.21839141845703,21.920906480515505,0.10073769784962254
2025-03-14,0.17403711223825838,50.64473342895508,23.504435945248193,0.08701855611912919
2025-03-15,0.17403711223825838,50.73157501220703,23.54459028043877,0.08701855611912919
2025-03-16,0.18383649918861075,52.43611145019531,24.332505398337766,0.09191824959430538
2025-03-17,0.18971613135882218,53.257286071777344,24.711933087599462,0.09485806567941109
2025-03-18,0.19441983709499133,51.402103424072266,23.8543474660188,0.09720991854749567
2025-03-19,0.21989824316590756,52.51403427124024,24.36762158188986,0.10994912158295378
2025-03-20,0.18226859727655437,51.91347885131836,24.090928600420945,0.09113429863827718
2025-03-21,0.18226859727655437,51.76548767089844,24.022511727440257,0.09113429863827718
2025-03-22,0.18226859727655437,51.662132263183594,23.974730138149404,0.09113429863827718
2025-03-23,0.15953401955173682,51.76181030273438,24.021212206597166,0.07976700977586841
2025-03-24,0.19245995970492086,51.20093154907226,23.761392941855945,0.09622997985246043
2025-03-25,0.22029021864392165,51.586219787597656,23.939032411940538,0.11014510932196082
2025-03-26,0.2210741695999498,50.01609420776367,23.213754379249973,0.1105370847999749
2025-03-27,0.17403711223825838,48.679832458496094,22.595893180024827,0.08701855611912919
2025-03-28,0.17638896510634294,48.59934997558594,22.55871214524334,0.08819448255317147
2025-03-29,0.061540150048212984,59.98593139648437,27.834909287601334,0.030770075024106492
2025-03-30,0.11406486410210177,59.52115249633789,27.614478195413287,0.05703243205105089
2025-03-31,0.15914204407372273,52.5754623413086,24.397561644951573,0.07957102203686137
2025-04-01,0.15914204407372273,52.31439590454101,24.276809284847577,0.07957102203686137
2025-04-02,0.29123778016447294,45.32353210449219,21.04946762495382,0.14561889008223647
2025-04-03,0.35121002830062953,40.52467346191406,18.84184927438669,0.17560501415031476
2025-04-04,0.35669768499282684,41.3143196105957,19.20604822586475,0.17834884249641342
2025-04-05,0.3884476987119686,42.54457092285156,19.775019165552955,0.1942238493559843
2025-04-06,0.38452794393182765,42.387699127197266,19.702521804460154,0.19226397196591383
2025-04-07,0.36963287576729204,41.71091079711914,19.38977424514461,0.18481643788364602
2025-04-08,0.36963287576729204,38.339439392089844,17.8374474115995,0.18481643788364602
2025-04-09,0.3790402872396303,38.391807556152344,17.862651319759998,0.18952014361981515
2025-04-10,0.39707115922827874,38.969844818115234,18.13073151474149,0.19853557961413937
2025-04-11,0.4049106687885605,38.754600524902344,18.03256721207397,0.20245533439428026
2025-04-12,0.34454644517438987,39.27983093261719,18.267742651826342,0.17227322258719494
2025-04-13,0.34454644517438987,39.29047393798829,18.272645681542997,0.17227322258719494
2025-04-14,0.34454644517438987,39.27566146850586,18.265821859181074,0.17227322258719494
2025-04-15,0.3167161862353891,39.691455841064446,18.45450150696281,0.15835809311769455
2025-04-16,0.3167161862353891,39.4421272277832,18.33957117827859,0.15835809311769455
