,cloudPercent,SCA_cloudFree,SCA,SCA_error
2002-07-04,20.578962566802613,8.365126958669947,16.93315189658105,10.289481283401306
2002-07-05,55.22412838959602,11.928597913025056,32.953197881255434,27.61206419479801
2002-07-06,90.80165980341113,18.211835334476845,47.07601647181332,45.40082990170556
2002-07-07,23.008152604084216,9.520260302349609,18.833900585721068,11.504076302042108
2002-07-08,2.3617278966491724,7.729227725822602,8.727548346750892,1.1808639483245862
2002-07-09,2.150278036134803,8.43458775563034,9.328359685749906,1.0751390180674014
2002-07-10,37.35762827786058,11.702597632090477,26.009598848770693,18.67881413893029
2002-07-11,54.03098874502701,17.54903647625602,35.08261292542295,27.015494372513505
2002-07-12,30.6453846001701,12.25381434478825,23.82127811072213,15.32269230008505
2002-07-13,94.99294002571564,21.21307601417881,48.55862145127829,47.49647001285783
2002-07-14,63.3086960128625,8.457149009474591,34.75738625814276,31.65434800643125
2002-07-15,93.55577453685456,18.545476787571104,47.972999605833664,46.77788726842728
2002-07-16,97.80827756029802,13.737846597047174,49.205234246748326,48.90413878014901
2002-07-17,95.64549928372134,23.346021388435744,48.83935231044268,47.82274964186067
2002-07-18,43.47841561605264,10.26132587021165,27.53907176866982,21.73920780802632
2002-07-19,36.24654468088472,7.754289329710819,23.066899723574476,18.12327234044236
2002-07-20,7.814670164650578,7.868462621475911,11.16090330290404,3.907335082325289
2002-07-21,58.68780120065835,11.55165330709188,34.1161425791657,29.34390060032917
2002-07-22,26.050955414012737,10.254599536702672,20.608656090517076,13.025477707006369
2002-07-23,5.332045705510546,8.964459067933726,11.152492865934988,2.666022852755273
2002-07-24,57.90122481232714,13.54549891132968,34.653101540892926,28.95061240616357
2002-07-25,70.39588753903799,8.788893186273857,37.79981759245733,35.19794376951899
2002-07-26,62.91213243577632,8.466736299106858,34.596198163512966,31.45606621788816
2002-07-27,25.42329958016279,11.601438971072012,21.363620175928013,12.711649790081395
2002-07-28,6.651547713753102,8.120598498242579,10.906226871366208,3.325773856876551
2002-07-29,58.12868641186609,16.19679746213981,35.84615506254052,29.06434320593305
2002-08-08,21.21437589295255,9.045561862661376,17.73379031396311,10.607187946476277
2002-08-09,98.08867958760284,99.95872884853488,50.954871382256194,49.04433979380142
2002-08-10,99.98935813806833,100.0,50.00532093096584,49.99467906903416
2002-08-11,100.0,-1.0,50.0,50.0
2002-08-12,42.09995650626705,6.081879332126882,24.571389031671345,21.049978253133524
2002-08-13,24.91193489911104,5.97877476849284,16.935611547808467,12.45596744955552
2002-08-14,0.4804990223784305,4.148902322621699,4.369216398711281,0.2402495111892152
2002-08-15,3.2950070253903543,6.303360209552654,7.743167560507411,1.6475035126951771
2002-08-16,30.19602567247806,8.5272943710674,21.05040320985114,15.09801283623903
2002-08-17,22.19838845003087,13.383964270090445,21.512134116417865,11.099194225015436
2002-08-18,31.85349040588508,12.381903595008447,24.364580324249037,15.926745202942538
2002-08-19,6.658566413500775,10.806341506849895,13.416077287496982,3.3292832067503872
2002-08-20,18.964343662194786,10.650049568049852,18.11250939886818,9.482171831097393
2002-08-21,95.61074270034142,50.54342944399532,50.02385251653906,47.80537135017071
2002-08-22,11.138113237418615,7.617787754883882,12.338366547268013,5.569056618709308
2002-08-23,87.86950643125475,12.77743476424138,45.4847191179543,43.934753215627374
2002-08-24,52.746996430110414,11.985676756521594,32.037090480689784,26.373498215055207
2002-08-25,29.669151394296208,8.548186569305287,20.846587851739308,14.834575697148104
2002-08-26,95.65414500112352,17.38933236574746,48.58278767044984,47.82707250056176
2002-08-27,83.52519179261904,11.914924227891808,43.72555681090947,41.76259589630952
2002-08-28,61.03639021691888,11.30175534665815,34.92176696036983,30.51819510845944
2002-08-29,64.80867326795217,10.021989364327863,35.93120765622779,32.40433663397609
2002-08-30,39.58942193994376,14.684202257194482,28.665522437050896,19.79471096997188
2002-08-31,33.33913394266098,11.858202313853456,24.574347332576615,16.66956697133049
2002-09-01,98.53686608698396,29.98383620689655,49.70713671945826,49.26843304349197
2002-09-02,46.79310494825548,14.03513987573208,30.864214618174053,23.396552474127738
2002-09-03,94.27696237862642,16.36012950334091,48.07477755569485,47.13848118931321
2002-09-04,98.41550753028076,27.288557213930343,49.64013889929013,49.20775376514037
2002-09-05,88.39261412719763,19.363827907292876,46.44394128854369,44.196307063598816
2002-09-06,54.64100356271082,12.980781790158396,33.20845413108564,27.32050178135541
2002-09-07,53.74419569641763,13.68754698926936,33.20338279752613,26.872097848208814
2002-09-08,49.49888311226204,10.25795592437468,29.92982386779212,24.74944155613102
2002-09-09,59.80695957376168,13.648343003245156,35.389163807686835,29.90347978688084
2002-09-10,62.66164836859189,10.919698445639744,35.408059587018315,31.330824184295945
2002-09-11,92.88599029620651,15.122086570477247,47.51878185414306,46.44299514810327
2002-09-12,16.4008561853855,7.476241859760714,14.45050227696252,8.20042809269275
2002-09-15,43.44382226862177,10.633001671130009,27.735530457615592,21.721911134310886
2002-09-16,31.464437790821687,5.865503210263622,19.752174496962414,15.732218895410844
2002-09-17,7.8127040535674,5.860510240438894,9.308997946108091,3.9063520267837
2002-09-18,7.64379095311956,5.776530568527484,9.156880124085976,3.82189547655978
2002-09-19,76.25430990271653,12.092969165337584,40.99871393291937,38.12715495135826
2002-09-20,78.80631306352541,17.160578911095797,43.04011590266703,39.403156531762704
2002-09-21,57.49402256604817,11.85440007438055,33.785839903570654,28.747011283024086
2002-09-22,89.73575671462119,54.1644235945551,50.427446569178855,44.8678783573106
2002-09-23,99.75443630716352,100.0,50.12278184641824,49.87721815358176
2002-09-24,98.55543161653706,99.64529331514323,50.717160211108,49.27771580826853
2002-09-25,92.08760782364844,17.925327750361397,47.46212614232918,46.04380391182421
2002-09-26,50.33504512731714,19.55216989843029,34.87809892034426,25.16752256365857
2002-09-27,62.19128606766614,19.34448845643336,38.4095453359993,31.09564303383307
2002-09-28,6.338312474767864,28.247300695163435,29.62549573725332,3.169156237383932
2002-09-29,7.663444869267852,23.58289182655213,25.60735234747916,3.831722434633926
2002-09-30,2.9010515817261453,20.01451065269405,20.884405165692392,1.4505257908630729
2002-10-01,1.9968019504935604,17.26633523014107,17.919961686733636,0.9984009752467802
2002-10-02,21.68901621116857,8.1677302653186,17.240738029573414,10.844508105584287
2002-10-03,93.54837437957558,8.182095936449741,47.30206538751148,46.77418718978779
2002-10-04,99.01937213014604,12.057877813504824,49.62792897542519,49.50968606507302
2002-10-05,14.861892441469454,9.200444223468567,15.264030319574006,7.430946220734727
2002-10-06,86.92552755259754,25.46743063932449,46.79249597829858,43.46276377629877
2002-10-07,54.56978196594305,6.990159484221242,30.460535677581547,27.284890982971525
2002-10-08,70.37980473494109,13.967358023376557,39.32706108736455,35.189902367470545
2002-10-09,86.24671460255571,26.395982783357248,46.75367214693323,43.123357301277856
2002-10-10,99.85416707723232,93.51351351351352,50.06345702855566,49.92708353861616
2002-10-11,95.21490536277602,16.868562010712814,48.41462933753943,47.60745268138801
2002-10-12,97.86722479080198,35.87137312881168,49.698668148691205,48.93361239540099
2002-10-13,5.226911111638842,8.819451404897933,10.971922075249156,2.613455555819421
2002-10-14,96.03211831903091,15.239419829127757,48.62074130720139,48.01605915951546
2002-10-15,99.94324340303096,75.0,50.01418914924226,49.97162170151548
2002-10-16,89.96890071117917,32.45465633237597,48.24000915613579,44.98445035558959
2002-10-17,99.33268691073062,81.9846426461902,50.21343770693406,49.66634345536531
2002-10-18,12.00319758123558,33.025274329915455,35.062784190968415,6.00159879061779
2002-10-19,25.710905630665387,19.946314158043023,27.673388963405227,12.855452815332692
2002-10-20,58.759213468056025,15.64756814742448,35.8327869111478,29.37960673402801
2002-10-21,95.92733584488846,91.71832623014336,51.69904731848754,47.96366792244423
2002-10-22,95.47234082817842,55.1811215604319,50.23458352553411,47.73617041408921
2002-10-23,62.459682519605366,24.844694337397605,40.55661839109537,31.229841259802683
2002-10-24,8.356486428724086,21.4871821448314,23.86985189934538,4.178243214362043
2002-10-25,96.6289300242818,37.62862488306829,49.58295228784964,48.31446501214089
2002-10-26,2.584947853792721,15.311387755765388,16.20807029348321,1.2924739268963603
2002-10-27,13.383162926149852,11.198921906763209,16.391733405083727,6.691581463074926
2002-10-28,6.190038945002058,10.201076684217632,12.664645537156066,3.095019472501029
2002-10-29,2.280876730545463,11.19994491763972,12.084926345452098,1.1404383652727317
2002-10-30,31.69087321515424,13.168238311075603,24.840545210820387,15.84543660757712
2002-10-31,17.972899171303517,11.358077106782908,18.303150946233664,8.986449585651759
2002-11-01,2.224702469297048,9.778094413095747,10.672912139885934,1.1123512346485238
2002-11-02,100.0,-1.0,50.0,50.0
2002-11-03,99.30504639593828,52.07033465683494,50.014387865313815,49.652523197969145
2002-11-04,75.24719256350036,25.07096156912773,43.8293631214352,37.62359628175018
2002-11-05,68.29162356174336,25.601464435146443,42.26362049767431,34.14581178087168
2002-11-06,3.220048522363427,19.035623295205927,20.032691249747693,1.6100242611817135
2002-11-07,85.66393869151806,53.36853104548205,50.48291467587556,42.83196934575903
2002-11-08,12.090295311894002,14.006986836655685,18.35864841975289,6.045147655947001
2002-11-09,77.16940965516152,6.297033128622092,40.02235466505524,38.58470482758076
2002-11-10,8.259360542656214,14.789938441761247,17.698064373147382,4.129680271328107
2002-11-11,45.23391535395711,12.414988087502708,29.41616056177643,22.616957676978554
2002-11-12,9.027884946402498,18.905011700637665,21.712231468401413,4.513942473201249
2002-11-13,99.29171380034764,92.48747913188647,50.30093295127133,49.64585690017382
2002-11-14,98.89828771442988,90.23255813953487,50.4432470358224,49.449143857214935
2002-11-16,100.0,-1.0,50.0,50.0
2002-11-17,94.79749869888184,85.75217885562714,51.860007570142095,47.39874934944092
2002-11-18,100.0,-1.0,50.0,50.0
2002-11-19,91.07073129365732,68.51892751446618,51.65360479929952,45.535365646828666
2002-11-20,39.59596678810605,40.99749839556784,44.56212594095752,19.797983394053027
2002-11-21,99.01030684035236,84.86658701712464,50.34507222671108,49.505153420176185
2002-11-22,98.69814555702264,99.93944898577053,50.65013893541966,49.34907277851132
2002-11-23,10.059801558560803,53.62968699807702,53.264547688873584,5.0299007792804025
2002-11-24,99.0402617109749,98.76796714579056,50.46804485347732,49.52013085548745
2002-11-25,98.4608714502493,95.3393085787452,50.69783024259503,49.23043572512465
2002-11-26,98.2263563447175,100.0,50.88682182764125,49.11317817235875
2002-11-27,96.93549722286828,90.99562644713146,51.25631211097489,48.46774861143414
2002-11-28,90.3086203019532,71.39949523731988,52.07390633691411,45.1543101509766
2002-11-29,85.50942591890868,50.68780474517175,50.09966685613237,42.75471295945434
2002-11-30,38.595346814524895,45.91617306206541,47.49234023206626,19.297673407262447
2002-12-01,5.224515643862183,36.8678874945188,37.55397676673725,2.612257821931092
2002-12-02,97.19094259306702,89.50470043496563,51.109709713655086,48.59547129653351
2002-12-03,90.9250389292965,69.9609035621199,51.81144422762305,45.46251946464825
2002-12-04,99.19515992353624,99.5592556317336,50.398872750921306,49.597579961768126
2002-12-05,93.26117387275488,92.83791691047396,52.88677273713057,46.63058693637744
2002-12-06,93.09613534948993,71.16021468539454,51.460872581637,46.54806767474496
2002-12-07,94.52958966008067,73.23050309932248,51.27080384356062,47.26479483004034
2002-12-08,65.05456094809017,37.3779338217862,45.58916355660057,32.527280474045085
2002-12-09,85.9313655929237,56.48482810792637,50.91232675843148,42.96568279646185
2002-12-10,17.754558864821895,51.599548000865525,51.31555530948078,8.877279432410948
2002-12-11,22.330910902520223,58.429208495387805,56.54688945649509,11.165455451260112
2002-12-12,65.18735765121043,65.15409211510988,55.275539889239326,32.59367882560522
2002-12-13,93.72005083956329,86.19107479572597,52.27278109778722,46.86002541978164
2002-12-14,94.30697953417156,28.781366976292805,48.792018879391314,47.15348976708577
2002-12-15,97.90276491338706,76.13230595752678,50.54805588948229,48.95138245669353
2002-12-16,66.90805137782762,46.963929888198166,48.995305238469406,33.45402568891381
2002-12-17,48.1350802468648,50.87874332467413,50.45575952017828,24.0675401234324
2002-12-18,34.13108544632867,44.22941865001951,46.19898070133125,17.065542723164334
2002-12-19,3.325470204546894,39.98910969728234,40.32201887150909,1.662735102273447
2002-12-20,3.298477169410452,44.6513321550144,44.827756742748846,1.649238584705226
2002-12-21,97.31578013834968,69.61820851688692,50.52659584951026,48.65789006917483
2002-12-22,100.0,-1.0,50.0,50.0
2002-12-23,33.18193845995869,44.17793644789106,46.10980999285153,16.590969229979343
2002-12-24,89.75623430565864,25.17248024667566,47.45672704875314,44.87811715282932
2002-12-25,94.34145226203944,98.43956809474052,52.74097608470281,47.17072613101972
2002-12-26,79.6507638554787,88.36479206232316,57.8069421331167,39.82538192773935
2002-12-27,100.0,-1.0,50.0,50.0
2002-12-28,99.71030486963718,100.0,50.14484756518141,49.85515243481859
2002-12-29,27.389282918613755,55.64158268132394,54.09639363964861,13.694641459306878
2002-12-30,78.29890595995103,32.75639275639276,46.2579485761681,39.14945297997552
2002-12-31,99.6464523045634,100.0,50.176773847718295,49.823226152281705
2003-01-01,7.141924326549026,45.73097969690254,46.035869896434775,3.570962163274513
2003-01-02,100.0,-1.0,50.0,50.0
2003-01-03,16.74849756881115,48.61850359274607,48.84988348492821,8.374248784405575
2003-01-04,8.431242236516264,42.0053310753306,42.67938097837697,4.215621118258132
2003-01-05,97.95545114486065,83.05378831694621,50.67580085061431,48.97772557243032
2003-01-06,85.69479010953036,86.59185530342717,55.234541703972205,42.84739505476518
2003-01-07,89.54233418633902,50.95392504336023,50.09975829314743,44.77116709316951
2003-01-08,61.78224542874846,74.54329529612227,59.37989635996953,30.89112271437423
2003-01-09,93.09448694692011,79.24161955342356,52.01928385519364,46.54724347346006
2003-01-10,53.51867563781298,71.1782385003311,59.84392573153647,26.75933781890649
2003-01-11,3.024258973445724,61.31410988867487,60.97194190510111,1.512129486722862
2003-01-12,2.482446349553144,55.70942682501156,55.56769336721366,1.2412231747765718
2003-01-13,99.69926886467098,98.82044560943643,50.14681828035394,49.84963443233549
2003-01-14,59.158258340150894,54.05413251531368,51.65577832845235,29.579129170075447
2003-01-15,3.2358924429879763,49.24741298212606,49.27176588856435,1.617946221493988
2003-01-16,27.95403991229112,42.54423794272279,44.62842464397952,13.97701995614556
2003-01-17,4.998357625958216,48.05813716137686,48.15519841065683,2.499178812979108
2003-01-18,2.811991817645872,46.50574843668577,46.60400650473413,1.405995908822936
2003-01-19,6.8329323117837015,48.7137990502162,48.80168429050845,3.4164661558918508
2003-01-20,46.27360131566463,41.397477594148725,45.37817451532307,23.136800657832318
2003-01-21,99.127367321601,100.0,50.43631633919949,49.56368366080051
2003-01-22,70.04905910793003,80.02769535113748,58.993577285870025,35.02452955396502
2003-01-23,42.67345372853335,73.15597381003305,63.27452004081729,21.336726864266677
2003-01-24,31.46616675169967,60.509686466647054,57.20269099797108,15.733083375849835
2003-01-25,3.538127879181244,59.04298093018676,58.723028700786784,1.7690639395906218
2003-01-26,41.27856408634459,58.878341075876925,55.21348936506681,20.63928204317229
2003-01-27,28.59482618792355,57.83160565783715,55.59217163225503,14.297413093961776
2003-01-28,45.63937173437044,49.82041587901701,49.90237694356834,22.819685867185218
2003-01-29,12.335648624274164,50.63214604784637,50.55416673259181,6.167824312137082
2003-01-30,82.2976031089679,30.27463578966156,46.50813773928429,41.14880155448395
2003-01-31,76.89649595474681,69.35068039406512,54.470685227626845,38.448247977373406
2003-02-02,36.625854428002704,47.1644323562254,48.20298323364183,18.312927214001352
2003-02-03,34.08646964388805,52.787742810179125,51.83749970343775,17.043234821944026
2003-02-04,99.5526476558343,63.70044052863436,50.06128924186587,49.77632382791715
2003-02-05,31.166926862043752,58.16901893682748,55.62298677943996,15.583463431021876
2003-02-06,54.81736242884251,40.92078324321486,45.89777039848197,27.408681214421254
2003-02-07,6.5879615154765245,51.308330438172064,51.22193507022911,3.2939807577382623
2003-02-08,21.389595641042888,45.141318299650166,46.180570668840346,10.694797820521444
2003-02-09,12.566373082005873,53.6062413452923,53.15306760360532,6.283186541002936
2003-02-10,3.568078833330036,51.701283298244746,51.640580168985096,1.784039416665018
2003-02-11,12.543908227848105,55.17235140599487,54.523536392405056,6.271954113924052
2003-02-12,26.858055361215527,60.31700568513435,57.54605858660121,13.429027680607764
2003-02-13,10.913149125792486,54.54266802896362,54.04691989267312,5.456574562896243
2003-02-14,45.57018531467151,66.34103148451902,58.89439315469489,22.785092657335756
2003-02-15,1.41853515663652,49.86449646887835,49.8664186341058,0.70926757831826
2003-02-16,83.81829798310446,66.795028028272,52.717721389189066,41.90914899155223
2003-02-17,5.930281793251367,52.07747026926977,51.954270428131046,2.965140896625684
2003-02-18,8.489278096768194,50.611881307999,50.55993700214082,4.244639048384097
2003-02-19,3.998559505482981,50.052146670239296,50.04966540161699,1.9992797527414907
2003-02-20,7.172423072052678,52.4710225553012,52.293790363429146,3.586211536026339
2003-02-21,3.771867691808494,49.263717148954896,49.291488763933785,1.885933845904247
2003-02-22,1.1259924168665354,50.11107953294559,50.10982878582793,0.5629962084332677
2003-02-23,3.721175041256248,48.98720024991163,49.02488830142982,1.860587520628124
2003-02-24,1.4136345287752987,47.63758981975834,47.670985665777536,0.7068172643876494
2003-02-25,3.0433733128093925,47.76591489743778,47.83390644723461,1.5216866564046962
2003-02-26,2.983054603591696,47.829953172673726,47.89468685445637,1.491527301795848
2003-02-27,7.9497245615145955,50.388220120378335,50.35735769011588,3.9748622807572978
2003-02-28,5.654279181270818,46.0247642448918,46.24953517259932,2.827139590635409
2003-03-01,62.236020916748025,49.35527086996567,49.7565246261902,31.11801045837401
2003-03-02,53.20279985613388,56.3929967990676,52.99174350725061,26.60139992806694
2003-03-03,47.9802492172428,43.10749705513546,46.41453714538727,23.9901246086214
2003-03-04,3.81560670995928,45.40745586426229,45.58268928646334,1.90780335497964
2003-03-05,7.880027374392284,44.4121423449034,44.852467057767086,3.940013687196142
2003-03-06,93.58310303987368,71.73618801525778,51.39478878799842,46.79155151993684
2003-03-07,24.479898096025508,43.53902566788895,45.11980442032225,12.239949048012754
2003-03-08,32.8178198167561,49.658318373112806,49.770450833771605,16.40890990837805
2003-03-09,97.9499247136359,42.10728706018074,49.83819344259711,48.97496235681795
2003-03-10,32.582309329577555,42.9953816993234,45.27764810140605,16.291154664788777
2003-03-11,56.25789590044848,38.9956406761916,45.18646168909103,28.12894795022424
2003-03-12,26.271977348402764,41.383508815215706,43.64723142750936,13.135988674201382
2003-03-13,14.630555907306572,36.96577234717149,38.87275231100418,7.315277953653286
2003-03-15,23.66689743843339,45.27678011515877,46.39461972109584,11.833448719216696
2003-03-16,11.40697651411725,37.19374103836584,38.65337053085614,5.703488257058625
2003-03-17,70.56973776734851,34.37005020269,45.400064787819886,35.28486888367426
2003-03-18,2.5966984212421886,38.65585827187583,38.95027842971183,1.2983492106210943
2003-03-19,2.233725937183384,39.365982803568826,39.60351760385005,1.116862968591692
2003-03-20,3.008104984882304,38.82399024004113,39.16017634674138,1.5040524924411518
2003-03-21,5.016996371205496,39.58412318819447,40.10668734987198,2.508498185602748
2003-03-22,12.968458202766437,40.7233812344579,41.92641566169721,6.484229101383218
2003-03-23,2.2298123617251164,36.91207247614691,37.20390870196741,1.1149061808625582
2003-03-24,3.878273121616059,37.91653799435901,38.38516765348447,1.939136560808029
2003-03-25,2.099651311441022,35.625576092757,35.92738887283752,1.049825655720511
2003-03-26,13.425057574966168,35.12640147723585,37.123190642386255,6.712528787483084
2003-03-27,26.662579841404817,31.21285660357008,36.22199371156242,13.331289920702408
2003-03-28,16.84036432985938,33.18456912302071,36.01634894633969,8.42018216492969
2003-03-29,32.84517586726759,34.67736708443078,39.71011281304532,16.422587933633796
2003-03-30,37.164473658191255,24.29333014432367,33.847078691234685,18.582236829095628
2003-03-31,95.7846005820327,54.22825070159028,50.17823765546503,47.89230029101635
2003-04-01,15.841967887368504,35.60945349618636,37.887368504310686,7.920983943684252
2003-04-02,100.0,-1.0,50.0,50.0
2003-04-03,94.1226344037258,99.89935587761674,52.93276757511347,47.0613172018629
2003-04-04,47.51433845472764,46.25698660680658,48.0299694455534,23.75716922736382
2003-04-05,2.613716868447403,47.923652518158136,47.97223222660656,1.3068584342237015
2003-04-06,15.82568716591293,38.0172320593392,39.913587427445485,7.912843582956465
2003-04-07,78.05993130403886,18.799035485496294,43.15448695171543,39.02996565201943
2003-04-08,4.358133110651147,42.26032910405032,42.48942325577714,2.1790665553255737
2003-04-09,82.01272617397177,21.925779534475183,44.9502130903432,41.006363086985886
2003-04-10,99.56171294562796,100.0,50.21914352718602,49.78085647281398
2003-04-11,77.17803179815905,48.42352859786576,49.6402181978938,38.58901589907953
2003-04-12,98.9397134467196,100.0,50.5301432766402,49.46985672335981
2003-04-13,15.866124749191677,43.58594341797583,44.59480851501684,7.933062374595838
2003-04-14,27.28495367989684,39.844854973127056,42.61568158983569,13.64247683994842
2003-04-15,90.5026699163137,57.030146997757655,50.667676265745406,45.25133495815685
2003-04-16,17.422788516708547,38.36164554232456,40.38937142631027,8.711394258354273
2003-04-17,32.78200724901473,33.117685841437286,38.652047292698754,16.391003624507366
2003-04-18,6.916464153123986,33.829400934591355,34.94783462229575,3.458232076561993
2003-04-19,98.71145500340958,31.079840929947995,49.7562052369559,49.35572750170479
2003-04-20,98.31022461984983,75.8926487747958,50.437527604265256,49.15511230992492
2003-04-21,86.8404230131797,32.30381720591322,47.671257201483705,43.42021150658985
2003-04-22,59.644205491095256,26.231852824200157,40.40817536716016,29.822102745547628
2003-04-23,73.11313120946701,22.5644488813201,42.62343936876093,36.55656560473351
2003-04-24,3.686406130025568,30.146871481289704,30.878499790230272,1.843203065012784
2003-04-25,40.26769716362831,24.27872358741069,34.63608927985191,20.133848581814156
2003-04-26,68.296903208985,13.741884836326026,38.50505465506275,34.1484516044925
2003-04-27,58.979486976799336,31.906037423159194,42.57776372475397,29.489743488399668
2003-04-28,93.69298633250212,46.693775414451046,49.79147596351125,46.846493166251065
2003-04-29,60.33907012586695,26.367078517337585,40.62696358355233,30.169535062933477
2003-04-30,99.5971858187336,72.21135029354208,50.08947046883314,49.7985929093668
2003-05-01,67.93043354554185,18.414599583502767,39.87069902352472,33.96521677277092
2003-05-02,89.98919754303242,31.13972904851922,48.111935532198416,44.99459877151621
2003-05-03,21.012516966960437,26.29783990089724,31.2564058932239,10.506258483480217
2003-05-04,2.250103896617917,22.38571486415354,23.007064970018405,1.1250519483089587
2003-05-05,1.1046640491419162,21.41916634982891,21.7348885441074,0.5523320245709581
2003-05-06,9.689260173406748,20.0166433076384,22.92180874628188,4.844630086703374
2003-05-07,0.7848678429789356,19.20605095922544,19.4477427628298,0.3924339214894678
2003-05-08,24.53640877529624,14.664094202518635,23.334256493442265,12.26820438764812
2003-05-09,98.4150071740536,42.55160407858742,49.881943458997526,49.20750358702679
2003-05-10,95.55556432299784,18.659565024411894,48.607094526617296,47.77778216149892
2003-05-11,82.84692564553944,19.33591053430899,44.74016593383172,41.42346282276972
2003-05-13,91.17966329168888,25.853658536585368,47.87021138018829,45.589831645844434
2003-05-14,63.52298959617999,18.80975609756097,38.620426588242736,31.761494798089995
2003-05-15,40.61453154724473,17.972865867872628,30.97989661568641,20.307265773622365
2003-05-16,41.719645690006445,19.476367289586403,32.21071870808987,20.859822845003222
2003-05-17,91.95048880479344,9.46620959843291,46.737228003784296,45.97524440239672
2003-05-18,61.287044944175605,9.44045588700865,34.29820191669039,30.643522472087803
2003-05-19,17.692593853143475,11.282551832903795,18.13267268740947,8.846296926571737
2003-05-20,97.4636194324316,16.957062850031114,49.16190536317434,48.73180971621579
2003-05-21,52.85300838980571,13.240584668796698,32.66904153784111,26.42650419490285
2003-05-22,42.42402681592512,8.38007620747657,26.03682446320716,21.21201340796256
2003-05-23,22.36905600075944,10.6280857828526,19.43512724568662,11.18452800037972
2003-05-24,28.414122190261025,12.878335654750062,23.42613072086794,14.207061095130513
2003-05-25,33.19209207189457,16.772176261229518,27.801186110089056,16.596046035947285
2003-05-26,45.01032564273671,13.409161083704932,29.87881683533857,22.505162821368355
2003-05-27,95.77194712961136,24.608062709966404,48.92641546656145,47.88597356480568
2003-05-28,45.91377994630522,11.310768331018348,29.074457022430817,22.95688997315261
2003-05-29,88.28318207097301,18.299333467986266,46.285690620155954,44.141591035486506
2003-05-30,54.97666109378644,15.265902347384868,34.36154949784792,27.48833054689322
2003-05-31,52.70398912953315,15.99602458742567,33.91747609247797,26.35199456476657
2003-06-01,20.71384761490216,16.9872434720115,23.8254555526977,10.35692380745108
2003-06-02,29.207019875933664,16.60873355612433,26.361327383213062,14.603509937966832
2003-06-03,23.60711529709729,17.787413036608804,25.39187558123429,11.803557648548646
2003-06-04,23.414821380522007,13.78091690218711,22.261550515202835,11.707410690261003
2003-06-05,51.00422081001612,17.75519257914902,34.20140535584432,25.50211040500806
2003-06-06,75.86159267868207,21.327207925971944,43.07884465877655,37.93079633934104
2003-06-07,59.47764882658812,10.927116775144176,34.16674904604678,29.738824413294054
2003-06-08,25.97300386393568,13.36268151171612,22.87849365832051,12.98650193196784
2003-06-09,53.095113893235954,11.254528603926197,31.82648077014274,26.547556946617977
2003-06-10,7.336301573167112,15.009097199087718,17.576135351736422,3.668150786583556
2003-06-11,26.43482663417953,10.221199445119526,20.736656408958225,13.217413317089765
2003-06-12,18.65743982970709,13.098654577646338,19.983500896174345,9.328719914853547
2003-06-13,12.123538677072368,7.393446462026229,12.558868459170023,6.061769338536184
2003-06-14,12.43768299438158,9.706513635028582,14.718089736488093,6.218841497190789
2003-06-15,33.89750729773988,9.187465219394564,23.02189717504292,16.94875364886994
2003-06-16,27.44826604227313,12.850398508455358,23.0473199594988,13.724133021136565
2003-06-17,51.62419778065821,17.41059029196007,34.23461161518763,25.812098890329104
2003-06-18,52.76453370096345,11.438558932245062,31.78532350001777,26.382266850481724
2003-06-19,74.82707812395071,10.242448018830917,39.99186249995062,37.41353906197536
2003-06-20,2.5954905429633235,5.79250825846874,6.939909525901476,1.2977452714816615
2003-06-21,1.5531391216948802,6.249070497489841,6.928583299698474,0.7765695608474401
2003-06-22,0.1646520537968921,5.871835330124724,5.944493259556547,0.082326026898446
2003-06-23,32.808910573991845,13.04263394827434,25.16794312668783,16.404455286995923
2003-06-24,17.169743405152467,7.177035777731085,14.5296288531749,8.584871702576233
2003-06-25,19.294018027428915,7.731228397028903,15.8865728100789,9.647009013714458
2003-06-26,71.46485593976884,11.197552568557152,38.92766572654232,35.73242796988442
2003-06-27,31.12059596498508,8.911635272449782,21.698579247930127,15.56029798249254
2003-06-28,76.8059966466121,24.15845962817438,44.00631225959168,38.40299832330605
2003-06-29,17.61684073882053,6.660741737125288,14.295749842682042,8.808420369410266
2003-06-30,68.19843940040121,13.613053034159911,38.42838301031449,34.09921970020061
2003-07-01,68.4145879081818,16.42554362097208,39.39536959509629,34.2072939540909
2003-07-02,22.2749190100036,6.779272860516245,16.406654826370897,11.1374595050018
2003-07-03,66.79131025977517,13.919108719975243,38.01800875930874,33.39565512988759
2003-07-04,85.32589601171654,13.233078661358013,44.60478372947729,42.66294800585827
2003-07-05,61.89800411904922,9.625779410086423,34.61661613386514,30.94900205952461
2003-07-06,21.364578881555,9.654887830996689,18.274451145195243,10.6822894407775
2003-07-07,33.9473746667405,13.97790220678504,26.206458707467384,16.97368733337025
2003-07-08,6.601712757032277,7.275115461209271,10.09568961423393,3.3008563785161384
2003-07-09,93.64304720607076,23.61403943941461,48.3226569429388,46.82152360303538
2003-07-10,14.621385121363351,9.81054759024137,15.686802205239225,7.310692560681677
2003-07-11,20.561291318266896,7.44580161798111,16.195494315461232,10.280645659133448
2003-07-12,83.8423256181373,24.09064241713112,45.81365036732759,41.92116280906865
2003-07-13,2.966064799056432,7.218841265438646,8.487758155292925,1.483032399528216
2003-07-14,37.21678630939689,15.72380047924227,28.480300409865198,18.608393154698444
2003-07-15,12.555738275196862,9.996564288491273,15.019290977514943,6.277869137598431
2003-07-16,6.278763320657357,13.25482811325694,15.56197048779426,3.1393816603286786
2003-07-17,63.28522853076072,20.85096759603269,39.2979993673889,31.64261426538036
2003-07-18,0.9950366904937188,4.2664108099464295,4.721476802267132,0.4975183452468593
2003-07-19,0.960206448344376,5.841872212542162,6.265881403025482,0.480103224172188
2003-07-20,1.1446484124533949,7.03189436343399,7.52372810246424,0.5723242062266973
2003-07-21,3.1834353715920742,9.086041064589049,10.388510505257576,1.5917176857960371
2003-07-22,2.505174590485086,4.9945808148668345,6.12204514063409,1.252587295242543
2003-07-23,9.265040457396086,5.990781400581723,10.06825330880171,4.632520228698043
2003-07-24,97.81188778386134,100.0,51.09405610806933,48.90594389193067
2003-07-25,6.171681429939759,6.864477919185358,9.52666492515456,3.0858407149698794
2003-07-26,12.270344063470707,6.376011474655625,11.728824960924362,6.135172031735354
2003-07-27,25.175350800501626,13.765920662363,22.88797724494519,12.587675400250813
2003-07-28,42.54523880154257,15.37105879113314,30.10402452289133,21.272619400771283
2003-07-29,38.70215306275748,8.23873897115732,24.4012461354777,19.351076531378737
2003-07-30,0.2608310179138268,3.01275818964662,3.1353154907501954,0.1304155089569134
2003-07-31,62.29085111756535,9.27185583624605,34.6417634802374,31.145425558782676
2003-08-01,72.28309384059975,14.292025309240152,40.102854163539696,36.141546920299874
2003-08-02,10.018204844071551,8.424742485683876,12.589836947918316,5.0091024220357765
2003-08-03,7.603929204660588,11.016923742498683,13.981169262917934,3.801964602330294
2003-08-04,1.6037743316947288,7.888914811626615,8.56428158667585,0.8018871658473644
2003-08-05,11.394613671162528,8.591165031636384,13.309541802010674,5.697306835581264
2003-08-06,9.176565522315444,12.935960419497578,16.337166296819312,4.588282761157721
2003-08-07,1.3769819595177597,4.894150697301094,5.515250104886524,0.6884909797588797
2003-08-08,11.567180420631937,8.665088619716041,13.446372395781808,5.783590210315968
2003-08-09,37.109209657065776,6.868116315786163,22.874017461202826,18.554604828532888
2003-08-10,7.04839016050907,7.862145305149329,10.832185709310792,3.524195080254535
2003-08-11,0.1789007892216232,3.399655831436706,3.483024214934258,0.0894503946108116
2003-08-12,1.471676460695277,5.123581245531877,5.784016936744425,0.7358382303476385
2003-08-13,1.3191954214063502,6.052438422756206,6.632192642902942,0.6595977107031751
2003-08-14,42.65634202547957,8.933495092092203,26.450963883519705,21.328171012739787
2003-08-15,90.98323140658908,16.536122172143703,46.982639573880455,45.491615703294535
2003-08-16,14.983481374507903,6.469808027923212,12.99214623434687,7.491740687253952
2003-08-17,44.61311064652157,12.355686212949353,29.14998557489003,22.306555323260785
2003-08-18,49.74013048767002,10.183875530410184,29.988467796717277,24.87006524383501
2003-08-19,12.870903147680592,7.441068265431258,12.9187871496751,6.435451573840297
2003-08-20,30.813937386997097,13.012225945537931,24.40961548352383,15.406968693498548
2003-08-21,66.7522647271463,8.081324191689344,36.06298963736711,33.37613236357315
2003-08-22,38.52761610078621,15.113831656593357,28.554640668215075,19.263808050393106
2003-08-23,9.44558115237119,9.214114644336837,13.066578544319077,4.722790576185595
2003-08-24,10.092418224114194,9.154514331980955,13.27681157126806,5.046209112057097
2003-08-25,37.1754087153081,8.680500952968039,24.04119360282001,18.58770435765405
2003-08-26,2.716993378689115,5.701290459064946,6.904883464136876,1.3584966893445576
2003-08-27,0.1302176098537921,3.740810462696919,3.80104807365013,0.065108804926896
2003-08-28,18.769901388004385,11.16397298363338,18.45345695762413,9.384950694002193
2003-08-29,98.47136268674367,85.53378029912326,50.54318262446292,49.23568134337184
2003-08-30,29.572829436359537,8.191325642264184,20.555333599680385,14.786414718179769
2003-08-31,35.58313754340999,9.180277538990545,23.70521552712976,17.791568771704995
2003-09-01,75.9647345033298,7.811936087141967,39.85998683063966,37.9823672516649
2003-09-02,29.07101403982103,9.464848434144846,21.24882803691733,14.535507019910517
2003-09-03,21.368035387865884,8.230013686498673,17.155439143474375,10.684017693932942
2003-09-04,0.6285275515131366,3.881449499334836,4.171317295590017,0.3142637757565683
2003-09-05,0.0668898968549874,3.413668138701309,3.4448296880318536,0.0334449484274937
2003-09-06,98.7450092319346,11.631562401760451,49.51847965029116,49.3725046159673
2003-09-07,69.53491128936658,9.567044540714416,37.68206425099775,34.76745564468329
2003-09-08,98.7239427291936,97.93018226753166,50.6116165757356,49.361971364596805
2003-09-09,100.0,-1.0,50.0,50.0
2003-09-10,31.833374866993395,5.0554169326292575,19.362794542872628,15.916687433496698
2003-09-11,28.153645905452933,7.39863767270004,19.392474373227092,14.076822952726468
2003-09-12,53.286703332766606,8.70632448537378,30.71036285204794,26.643351666383303
2003-09-13,29.07438977600399,7.55666101543678,19.896802825759345,14.537194888001997
2003-09-14,0.9744551837691072,3.825062352113577,4.27501642562556,0.4872275918845535
2003-09-15,0.163068860971922,4.41560089120765,4.489934851615252,0.081534430485961
2003-09-16,1.8771445872300343,4.172582362621406,5.03282925226876,0.9385722936150172
2003-09-17,0.0447251973054058,3.833832922178973,3.854480831492872,0.0223625986527029
2003-09-18,0.0170193228684287,3.402464659100356,3.410395244088753,0.0085096614342143
2003-09-19,0.0059369730936379,3.2639457882591363,3.266720495222716,0.0029684865468189
2003-09-20,0.0122697443935184,3.362718358977607,3.3684406342270456,0.0061348721967592
2003-09-21,0.0,3.182613376396178,3.182613376396178,0.0
2003-09-22,10.219896779913244,6.7831353982066815,11.199854352024824,5.109948389956622
2003-09-23,99.89988688005738,100.0,50.0500565599713,49.94994344002869
2003-09-24,61.95376001201244,8.26201653441901,34.12026664453849,30.97688000600622
2003-09-25,1.843232246471459,3.952467166941535,4.801230140825002,0.9216161232357296
2003-09-26,0.0653067040300173,3.3082629342268377,3.338755768758856,0.0326533520150086
2003-09-27,3.694365834834063,4.640783162982234,6.3165185727573165,1.8471829174170316
2003-09-28,9.900186803444782,6.326622945923033,10.650368857649442,4.950093401722391
2003-09-29,39.067951486957966,8.019605933716363,24.420485921565835,19.533975743478983
2003-09-30,72.67570831984716,24.598049837486457,43.05909704514775,36.33785415992358
2003-10-01,97.2629844663332,97.04781105990784,51.28770589695988,48.63149223316661
2003-10-02,50.49104130744434,12.23819694602952,31.304524524445533,25.24552065372217
2003-10-03,95.59336737711706,51.069351230425056,50.04712238017312,47.79668368855853
2003-10-04,74.49472811278285,17.944787650765633,41.82423093630297,37.24736405639143
2003-10-05,98.77106201840648,100.0,50.61446899079676,49.385531009203234
2003-10-06,20.324170781111533,35.87924228506169,38.749169198632735,10.162085390555768
2003-10-07,85.06337611056269,14.954926375340364,44.7654491609082,42.53168805528134
2003-10-08,45.294761940537526,16.037701754259157,31.420843894202825,22.647380970268763
2003-10-09,59.26936090819973,12.71132159701869,34.812082977579614,29.634680454099865
2003-10-10,1.907679399041411,25.48629575981569,25.953938645547623,0.9538396995207056
2003-10-11,9.156571193370034,23.590302132572376,26.008524919757317,4.578285596685017
2003-10-12,7.769130023621954,21.190839825651235,23.429060938309902,3.884565011810977
2003-10-13,33.53707232602456,25.445839033965857,33.68058575619322,16.76853616301228
2003-10-14,70.17285723302197,37.74218719003346,46.34384467306236,35.086428616510986
2003-10-15,3.507563703721295,13.959440834810003,15.223586406706405,1.7537818518606474
2003-10-16,2.5964156798176177,13.590224952863922,14.535574061174088,1.2982078399088088
2003-10-17,15.739251719764347,15.670119529385286,21.073385831749555,7.8696258598821744
2003-10-18,29.452238971227917,11.855675881706688,23.09003337498616,14.726119485613957
2003-10-19,26.842979783993357,13.711949556292211,23.452743600902007,13.421489891996677
2003-10-20,99.60979839583784,100.0,50.19510080208107,49.80489919791892
2003-10-21,87.69164642417742,49.05648287572486,49.88386857629578,43.84582321208871
2003-10-22,86.40388798742957,39.18055636215808,48.52897632386209,43.20194399371479
2003-10-23,99.79228088984186,100.0,50.10385955507907,49.89614044492093
2003-10-24,90.17537629954036,83.82795871651741,53.32346964944468,45.08768814977018
2003-10-25,12.356851727276323,64.31690016841021,62.5477820426576,6.178425863638163
2003-10-26,4.195953647416414,50.66757549469162,50.63956433637284,2.097976823708207
2003-10-27,9.032916762301245,42.5789134822858,43.24925405028928,4.516458381150622
2003-10-28,11.96402451077288,39.88782461481811,41.09764775647361,5.98201225538644
2003-10-29,99.78519204619356,60.73394495412844,50.02305736751868,49.89259602309678
2003-10-30,99.60388625032024,100.0,50.19805687483988,49.80194312516012
2003-10-31,98.64454210432966,100.0,50.67772894783516,49.32227105216483
2003-11-01,99.93536054234082,100.0,50.03231972882959,49.96768027117041
2003-11-02,7.377007008948183,37.96750086524781,38.855139169770105,3.688503504474092
2003-11-03,15.015844255517797,42.86066745183109,43.93269850814762,7.507922127758898
2003-11-04,1.8376183389798308,34.43055225162385,34.7166592787259,0.9188091694899154
2003-11-05,1.6876100765836188,34.53448255039231,34.795480181267685,0.8438050382918094
2003-11-06,3.072161357735419,31.785588867020014,32.34516496738649,1.5360806788677095
2003-11-07,82.44912289006442,36.52341994066349,47.634741995163765,41.22456144503221
2003-11-08,99.94127268785844,100.0,50.02936365607079,49.970636343929215
2003-11-09,7.10817196385957,65.98457736877982,64.84836612171078,3.554085981929785
2003-11-10,15.389209714421328,58.02779634711308,56.79238193180919,7.694604857210664
2003-11-11,22.09019468467401,54.72474669396982,53.6810409509142,11.045097342337003
2003-11-12,82.59302206340567,95.443422304799,57.91032649422976,41.29651103170284
2003-11-13,54.35072199097956,40.55626753489661,45.689004312576834,27.17536099548978
2003-11-14,30.60999510044096,61.63197904507018,58.07143082928988,15.30499755022048
2003-11-15,53.5552474512267,72.31672053070251,60.36494562748607,26.77762372561335
2003-11-16,90.61632710987764,67.90320547830106,51.67997823893023,45.308163554938815
2003-11-17,53.14831499747091,50.19272779413129,50.09029621901872,26.574157498735456
2003-11-18,29.69697449143056,31.689340489934622,37.12705237385144,14.84848724571528
2003-11-19,9.36341149698229,38.37985118943655,39.467893539131296,4.681705748491145
2003-11-20,11.010642080064468,36.775379206562704,38.23149486857387,5.505321040032234
2003-11-21,99.917624105788,100.0,50.041187947106,49.958812052894
2003-11-22,100.0,-1.0,50.0,50.0
2003-11-23,97.40112816186875,76.17169725466404,50.68016886951243,48.70056408093438
2003-11-24,99.7489308870189,80.53375196232338,50.07666082021166,49.87446544350945
2003-11-25,82.65843994559326,54.36275178465876,50.75656922076131,41.32921997279663
2003-11-26,99.84076621405907,100.0,50.079616892970456,49.92038310702954
2003-11-27,93.3308629905864,81.05568034046577,52.07114587111118,46.665431495293205
2003-11-28,100.0,-1.0,50.0,50.0
2003-11-29,12.678893708640723,61.71264883582848,60.22761453946743,6.339446854320362
2003-11-30,39.97922418526023,58.78060015793631,55.27018433598363,19.989612092630114
2003-12-01,99.61728711349348,100.0,50.191356443253255,49.808643556746745
2003-12-02,93.76652963411124,85.01422699968384,52.18260146387031,46.883264817055625
2003-12-03,98.58692481730534,61.86889818688982,50.16771645473823,49.29346240865267
2003-12-04,18.58592251250915,53.56683039640087,52.90390206277318,9.292961256254577
2003-12-05,5.8276478875468944,48.160661607120346,48.26785177211784,2.9138239437734472
2003-12-06,1.8185128166567068,42.676270940487896,42.809453892092336,0.9092564083283534
2003-12-07,12.17691595661358,42.98988807062586,43.84350350873029,6.08845797830679
2003-12-08,2.729121979404944,40.16298731416761,40.43145138949351,1.364560989702472
2003-12-09,1.246338953534394,39.89162802441576,40.01761260191562,0.623169476767197
2003-12-10,98.82099736291283,94.78435305917752,50.52800870357012,49.41049868145642
2003-12-11,91.75174361725628,51.32239705390024,50.10907469940354,45.87587180862814
2003-12-12,16.470104169551472,46.88084648867291,47.3945743211967,8.235052084775736
2003-12-13,71.75208299651815,54.93529879810713,51.394119108363135,35.87604149825908
2003-12-14,26.515696805271027,36.38325583397916,39.99383043179068,13.257848402635512
2003-12-15,51.33953282408945,35.73703625461105,43.059575208362986,25.669766412044726
2003-12-16,59.036087425732006,28.964738579121068,41.38313390178243,29.518043712866003
2003-12-25,8.201352319080835,39.28334382084457,40.16225455092165,4.100676159540417
2003-12-26,20.47791426819378,45.9861495293626,46.80810238759322,10.23895713409689
2003-12-27,83.27542073731084,32.393170455617394,47.05533183720316,41.63771036865542
2003-12-28,99.91801824882248,100.0,50.040990875588754,49.959009124411246
2003-12-29,98.26763211522317,100.0,50.86618394238842,49.13381605761158
2003-12-30,88.62637514239204,92.51429561601108,54.83541649421957,44.31318757119602
2003-12-31,98.83319729178744,100.0,50.583401354106286,49.416598645893714
2004-01-01,36.77440242583131,81.53171718685601,69.93611661678656,18.387201212915656
2004-01-02,90.02641643338721,100.0,54.98679178330639,45.013208216693606
2004-01-03,8.116023476984086,73.67013257755227,71.74905906052487,4.058011738492043
2004-01-04,36.18065821824133,74.18397809902511,65.4340556394425,18.090329109120663
2004-01-05,19.817111758005318,64.4499033187325,61.58634982913556,9.908555879002655
2004-01-06,87.33258422536322,84.03934140496125,54.31190490271454,43.66629211268161
2004-01-07,53.28532960058838,66.85034704587777,57.8715840836388,26.64266480029419
2004-01-08,71.26886440524078,95.3711082410486,63.03563462958065,35.63443220262039
2004-01-09,41.39568163310484,67.30635619801821,60.14227208399547,20.69784081655242
2004-01-10,58.13624378886284,51.11138389484816,50.46526704430908,29.06812189443142
2004-01-11,97.2167914860071,84.90298824529103,50.971422940480885,48.60839574300355
2004-01-12,90.33473083885828,71.08463233493838,52.037886466808914,45.16736541942914
2004-01-13,100.0,-1.0,50.0,50.0
2004-01-14,4.003736187189311,62.49402180187015,61.99379412975334,2.001868093594656
2004-01-15,92.62383281633684,68.67051405364968,51.377168330646526,46.311916408168415
2004-01-16,72.54705947432473,54.72300983030844,51.296605079736366,36.27352973716236
2004-01-17,98.97556976295024,100.0,50.512215118524885,49.48778488147512
2004-01-18,100.0,-1.0,50.0,50.0
2004-01-19,26.27252995757904,76.24552917897762,69.35016466290558,13.13626497878952
2004-01-20,45.37984919119188,61.2613656107025,56.15097487969696,22.68992459559594
2004-01-21,24.82966431116366,58.86697563824023,56.66533535271252,12.41483215558183
2004-01-22,24.832519811078395,70.1438073454794,65.14159239570776,12.416259905539198
2004-01-23,22.733520824116795,71.05012933634607,66.26469380016432,11.366760412058396
2004-01-24,3.544109441593029,65.68873207655541,65.13270624176398,1.7720547207965145
2004-01-25,85.57064445916532,75.82937093512598,53.72701176619034,42.78532222958266
2004-01-26,97.67630700340176,99.5250212044105,51.15080944929067,48.83815350170089
2004-01-27,91.40625923925684,84.76146788990826,52.987310435087686,45.70312961962842
2004-01-28,27.23892993308127,73.48020350922967,67.08444732720571,13.619464966540637
2004-01-29,98.62168180832823,81.5556191020875,50.43493683857873,49.31084090416413
2004-01-30,5.037337797248044,64.20338050707606,63.48790825230616,2.518668898624022
2004-01-31,29.802262121331964,74.14000969003166,66.94574072609349,14.901131060665982
2004-02-01,99.96846855723942,100.0,50.01576572138029,49.98423427861971
2004-02-02,98.70548120700867,94.9756394640682,50.58221810513038,49.35274060350434
2004-02-03,80.85196967725913,68.58542811850205,53.55874341174199,40.42598483862957
2004-02-04,96.07748852058413,75.18086816720258,50.987722444475104,48.03874426029206
2004-02-05,6.295679288362688,60.16224456615837,59.52246223977398,3.147839644181344
2004-02-06,45.46699880383248,72.74806894604632,62.40520471045245,22.73349940191624
2004-02-07,55.76359382828557,82.2848479443503,64.2816564685832,27.881796914142782
2004-02-08,21.72508167026569,51.21946290074022,50.95453358961581,10.862540835132847
2004-02-09,26.51518747033697,49.1972507925231,49.410101249802246,13.257593735168486
2004-02-10,9.03827813678508,54.51943113941783,54.11095238283677,4.51913906839254
2004-02-11,29.61543784724282,45.30596880758686,46.696126697906166,14.80771892362141
2004-02-12,32.757120941340204,54.372368699578985,52.9401065966566,16.378560470670102
2004-02-13,16.691463347077026,50.44528567153829,50.370960976883694,8.345731673538513
2004-02-14,28.573802270839103,58.22181850407657,55.87253234165447,14.286901135419551
2004-02-15,7.316822241303582,51.91266629096436,51.77271989838517,3.658411120651791
2004-02-16,3.982505788525855,51.07072339267828,51.02808177158576,1.9912528942629275
2004-02-17,13.371192361802692,55.7828373835016,55.00960307298336,6.685596180901346
2004-02-18,52.83305994189609,60.09385737031761,54.76096365540821,26.416529970948044
2004-02-20,97.93071644508908,87.23809523809524,50.77056178092396,48.96535822254455
2004-02-21,100.0,-1.0,50.0,50.0
2004-02-22,99.762313950555,100.0,50.1188430247225,49.8811569752775
2004-02-23,99.74183427731334,100.0,50.129082861343335,49.87091713865667
2004-02-24,93.48078932324007,99.90323556093136,53.25329706073688,46.74039466162005
2004-02-25,86.70832149957398,96.07965337132003,56.12475938022657,43.35416074978699
2004-02-26,90.5534324802909,87.9138312528702,53.58155566861096,45.27671624014545
2004-02-27,99.01146589202592,96.1323763955343,50.45603427548885,49.50573294601296
2004-02-28,100.0,-1.0,50.0,50.0
2004-02-29,81.443396561313,84.70858308889171,56.44073412299282,40.7216982806565
2004-03-01,31.217376529672787,83.3535355856451,72.94143679591588,15.608688264836394
2004-03-02,13.435853206944026,73.33735539985284,70.19888116978684,6.717926603472013
2004-03-03,4.544609040142793,68.57083627016046,67.72686436619662,2.2723045200713967
2004-03-04,3.911682411280716,66.29391194750954,65.65444694652108,1.955841205640358
2004-03-05,12.347051840126632,65.78901033413244,63.83953304313415,6.173525920063316
2004-03-06,97.29056466934168,99.95635728833284,51.35353519428,48.64528233467084
2004-03-07,99.98108113434364,100.0,50.00945943282817,49.99054056717183
2004-03-08,95.66927737200383,98.68936015290798,52.108601137568535,47.83463868600192
2004-03-09,21.15062033168756,67.32739845639672,63.65402266109634,10.575310165843778
2004-03-10,90.03466512073636,87.81115200443232,53.76800791894908,45.01733256036818
2004-03-11,99.0193643999322,100.0,50.4903178000339,49.50968219996611
2004-03-12,82.27874553469337,93.12270552897986,57.64188437911537,41.139372767346686
2004-03-13,61.8131141457329,82.51677401346056,62.417143376010166,30.90655707286645
2004-03-14,99.42849259996451,93.65517241379312,50.24949254084308,49.71424629998226
2004-03-15,4.757985374655735,68.61164661304261,67.72610718921143,2.3789926873278677
2004-03-16,4.321449347627358,65.54991665736041,64.8779348854143,2.160724673813679
2004-03-17,11.95159688339645,59.17135563665127,58.075232182216055,5.975798441698225
2004-03-18,5.169746063529626,57.3396428765174,56.9602019778315,2.584873031764813
2004-03-19,4.994142696575852,59.27925451038711,58.815835298959925,2.497071348287926
2004-03-20,91.52816979138744,59.85761481550417,50.83512038978854,45.76408489569372
2004-03-21,88.58203567300144,80.48788915379565,53.481096307635255,44.29101783650072
2004-03-22,42.124198898522536,43.67357534190428,46.3383583794918,21.062099449261268
2004-03-23,99.999211713931,100.0,50.00039414303451,49.999605856965495
2004-03-24,100.0,-1.0,50.0,50.0
2004-03-25,97.43161214032322,74.40147329650092,50.6267244777296,48.71580607016161
2004-03-26,99.9668919851014,100.0,50.0165540074493,49.9834459925507
2004-03-27,81.70332684725078,47.31765213638325,49.506044686872194,40.85166342362539
2004-03-28,15.051938030509884,56.89902547189148,55.86058843315328,7.525969015254942
2004-03-29,3.322159205594716,52.26079018147728,52.18568313234415,1.6610796027973578
2004-03-30,1.9154434607789208,50.5481292592488,50.5376301531959,0.9577217303894604
2004-03-31,56.97524359778839,53.25536598789213,51.40061328629104,28.487621798894192
2004-04-01,43.163472039760045,34.61621471089915,41.25639057281691,21.581736019880022
2004-04-02,89.2749059946418,43.8415127658009,49.33949645482416,44.6374529973209
2004-04-03,82.26428486927718,43.07853077196727,48.77242793485548,41.13214243463859
2004-04-04,99.97477484579152,100.0,50.01261257710424,49.987387422895765
2004-04-05,66.90215974016738,39.36083852637108,46.478667330472646,33.45107987008369
2004-04-06,98.0383346537229,47.15692184046614,49.944228320976855,49.01916732686145
2004-04-07,84.5299725370119,52.8988282147507,50.44114397550428,42.26498626850595
2004-04-08,53.73272253376511,37.36758090262661,44.15370033962562,26.86636126688256
2004-04-09,99.95585598013518,100.0,50.02207200993241,49.97792799006759
2004-04-10,91.41919657998312,34.00128688298557,48.627181877696536,45.70959828999156
2004-04-11,52.98080001897466,39.23475950665445,44.93811494689073,26.49040000948733
2004-04-12,57.57444171183369,52.32897871073396,50.98808222044142,28.787220855916846
2004-04-13,98.7887029701019,50.14643670680117,50.00177378348016,49.39435148505095
2004-04-14,49.01769221945788,32.208005834839895,40.92744726547821,24.50884610972894
2004-04-15,98.14500203001263,100.0,50.92749898499367,49.07250101500632
2004-04-16,99.38631929527226,71.67630057803468,50.13302327414618,49.69315964763613
2004-04-17,96.82889196686833,11.398705823792932,48.775911259485504,48.41444598343416
2004-04-18,99.96925684330844,98.71794871794872,50.01497743531127,49.98462842165422
2004-04-19,99.56643924434302,82.36363636363636,50.14031602637626,49.78321962217151
2004-04-20,44.3783683330236,42.41961054749429,45.7816509626068,22.1891841665118
2004-04-21,12.881471308766669,43.691993185689945,44.50455727363035,6.440735654383333
2004-04-22,16.545171043675104,39.48842216078567,41.22758069367273,8.272585521837552
2004-04-23,79.75448976448239,34.02329347041495,46.76543424425424,39.87724488224119
2004-04-24,92.57949415498648,33.924871154561394,48.80714412443078,46.289747077493246
2004-04-25,52.32231421288704,27.59063707043748,39.31573435554941,26.16115710644352
2004-04-26,28.52166142068551,39.79007475197946,42.69708017651804,14.260830710342756
2004-04-27,90.08533789941728,32.447274174293675,48.2597065449395,45.04266894970864
2004-04-28,66.63267685570536,18.1901095647024,39.385891066608174,33.31633842785268
2004-04-29,91.7791895197885,22.67447441681866,47.75362032908495,45.88959475989425
2004-04-30,99.5782652908393,98.8785046728972,50.20613761952435,49.78913264541965
2004-05-01,71.84611857345024,20.680407739181717,41.74539676014136,35.92305928672512
2004-05-02,97.7599053814311,20.97852868708201,49.34989158288981,48.87995269071555
2004-05-03,100.0,-1.0,50.0,50.0
2004-05-04,99.77021461088228,100.0,50.11489269455885,49.885107305441146
2004-05-05,99.3405987032694,100.0,50.329700648365296,49.670299351634704
2004-05-06,98.46896742022588,37.74459320288363,49.8123657291523,49.23448371011293
2004-05-07,83.02452810824893,44.33126660761736,49.01950722738433,41.51226405412447
2004-05-08,90.74848668997464,20.33695883983792,47.25571979890931,45.37424334498733
2004-05-09,99.71342638763517,42.64099037138927,49.97891102027302,49.856713193817576
2004-05-10,92.78680890193895,30.77175697865353,48.61217998050383,46.39340445096949
2004-05-11,70.1984451637637,30.872171675641265,44.2989996719588,35.09922258188185
2004-05-12,85.2391894879813,22.797913601711915,45.98475157143309,42.61959474399065
2004-05-13,96.55179213731306,24.73979183346677,49.12897551587051,48.27589606865653
2004-05-14,34.515487084535074,31.55000725093053,37.9153660205967,17.257743542267537
2004-05-15,17.611730075330758,35.57131743485819,38.11245806165728,8.805865037665379
2004-05-16,42.7900740412606,23.67658750734557,34.94039520313884,21.3950370206303
2004-05-17,35.485364107149216,23.580850294040093,32.955781761212805,17.742682053574608
2004-05-18,3.661925004155881,30.939762204090357,31.637733817790338,1.8309625020779403
2004-05-19,8.226139682891498,29.4776473429535,31.165844738737743,4.113069841445749
2004-05-20,3.0305788852915803,29.84804143656557,30.45876243776172,1.51528944264579
2004-05-21,76.02687777014056,14.732974113071991,41.54539277729057,38.01343888507028
2004-05-22,99.61918878538567,41.30434782608695,49.96688598133788,49.80959439269285
2004-05-23,25.8074728336143,23.67111362411919,30.464341398168592,12.90373641680715
2004-05-24,3.8878642275328703,26.95422564220864,27.84178612986725,1.9439321137664352
2004-05-25,5.997364056977531,25.43725947570968,26.909772382757925,2.9986820284887656
2004-05-26,23.45240920958937,21.44322650997173,28.14047788590869,11.726204604794685
2004-05-27,65.84193255050805,15.199777767489236,38.11291661724588,32.920966275254024
2004-05-28,94.65232421097444,27.44360902255639,48.79364916692616,47.326162105487214
2004-05-29,12.514148665869856,23.837269795026533,27.111218407909004,6.257074332934928
2004-05-30,8.310740478348459,23.866280450163828,26.0368636235905,4.155370239174229
2004-05-31,97.75571911206424,34.990339012822766,49.66314104712083,48.87785955603212
2004-06-01,99.84983150385276,100.0,50.07508424807363,49.92491575192638
2004-06-02,65.39568260133335,17.747436380020304,38.839220515735335,32.697841300666674
2004-06-03,90.7109648188054,12.78467029231815,46.54305493065587,45.355482409402704
2004-06-04,79.63070390408878,16.42320210787353,43.16064261782708,39.81535195204439
2004-06-05,80.61072982727711,19.67373373251054,44.11995830009714,40.30536491363856
2004-06-06,58.50321591681285,19.415311633755323,37.30404241533526,29.251607958406424
2004-06-07,19.21077205533221,23.95764459268184,28.960582127821212,9.605386027666109
2004-06-08,1.5689440895453863,19.110137118500944,19.5947817964489,0.7844720447726932
2004-06-09,5.5083236362772805,17.679706120123818,19.46001250722332,2.75416181813864
2004-06-10,8.700487604090808,17.13318392065233,19.9927571794953,4.350243802045404
2004-06-11,50.680464368016,10.35640723553974,30.44796414073339,25.340232184008
2004-06-12,77.77883118832611,18.33890350565313,42.96453430036421,38.889415594163054
2004-06-13,54.82869738845066,10.242899032780429,32.04119961251804,27.41434869422533
2004-06-14,81.6575415571324,15.334051724137932,43.641412843674026,40.8287707785662
2004-06-15,40.65744971221741,10.68559810685598,26.66983128622006,20.328724856108703
2004-06-16,90.05596772094235,16.452482944629544,46.66402407519159,45.02798386047117
2004-06-17,6.225114187782501,15.444062703122494,17.59520925851164,3.1125570938912506
2004-06-18,45.48287713220143,16.333444568576528,31.645962610095356,22.741438566100715
2004-06-19,88.9544661397677,26.351906787233283,47.38794185688456,44.47723306988385
2004-06-20,99.90619395778728,84.87394957983193,50.0327138718641,49.95309697889364
2004-06-21,86.09411309826758,14.634284741530951,45.08208363416857,43.04705654913379
2004-06-22,98.9582470791882,21.00681302043906,49.697962627804,49.479123539594106
2004-06-23,100.0,-1.0,50.0,50.0
2004-06-24,37.17060627039858,16.8722491924668,29.18603501137375,18.58530313519929
2004-06-25,40.664074397851294,13.67972640547189,28.44902948145393,20.332037198925647
2004-06-26,19.415244010998794,16.001904930234385,22.602718047120728,9.707622005499395
2004-06-27,6.1636788159404805,10.512620458427344,12.946495706201274,3.0818394079702403
2004-06-28,30.48858156673642,14.589119053038926,25.38539437405308,15.24429078336821
2004-06-29,24.03409203266824,15.272079801745145,23.618620103225297,12.01704601633412
2004-06-30,20.29646973208565,13.580516464540205,20.97238591689672,10.148234866042824
2004-07-01,87.15241042808192,19.75725917959748,46.11453678409576,43.57620521404096
2004-07-02,78.5556604257907,20.79297263452543,43.7367458722154,39.27783021289535
2004-07-03,31.20108517260335,13.632470526019302,24.979534372367645,15.600542586301676
2004-07-04,70.3475876673146,13.768569715541936,39.25650689802304,35.1737938336573
2004-07-05,14.097041757146416,7.369036601144678,13.378741312955118,7.048520878573209
2004-07-06,33.739565745196586,11.715840733314236,24.63274981909345,16.869782872598293
2004-07-07,91.18145622265148,26.30308448815378,47.91027713170655,45.59072811132574
2004-07-08,76.77401272678466,11.807196152081174,41.12934423899828,38.38700636339233
2004-07-09,63.33096113549204,12.676420800672798,36.313802237773295,31.66548056774602
2004-07-10,75.85536685668235,14.31142525237651,41.383124553107606,37.927683428341176
2004-07-11,58.824645523936766,10.802092833485336,33.86012277698939,29.412322761968383
2004-07-12,95.72799911657292,20.596381093057605,48.74387714053589,47.86399955828647
2004-07-13,85.38825768794848,12.516216216216216,44.52296610470696,42.69412884397424
2004-07-14,37.3822163500716,11.945493827940416,26.17111165613108,18.6911081750358
2004-07-15,42.236653720505295,6.215679561793906,24.70871136915544,21.118326860252647
2004-07-16,65.26693120020235,23.27981520885723,40.71925983305931,32.633465600101175
2004-07-17,25.909351692484226,8.467154064287355,19.228045185668783,12.954675846242113
2004-07-18,72.18111645288595,13.129606225415714,39.743068092486006,36.09055822644297
2004-07-19,49.13474964104471,9.894553485333914,29.600264222738183,24.567374820522357
2004-07-20,76.63018399100751,13.320844514201813,41.428148849316685,38.31509199550376
2004-07-21,15.675123769723015,13.933864594186163,19.58727595800338,7.837561884861508
2004-07-22,12.85909875116732,10.87599162651724,15.906986498678355,6.42954937558366
2004-07-23,18.89178633469588,9.751623400383467,17.35526071076676,9.44589316734794
2004-07-24,100.0,-1.0,50.0,50.0
2004-07-25,62.28580002211097,9.751041688477564,34.82042737337524,31.142900011055485
2004-07-26,32.136218012102994,9.814663713719549,22.72871099157537,16.068109006051497
2004-07-27,22.334557368745944,7.82838189664396,17.247226135266466,11.167278684372972
2004-07-28,4.878724439924175,5.777559587453871,7.935050595791665,2.439362219962088
2004-07-29,0.2449990896641256,5.130636617930049,5.240566149754209,0.1224995448320628
2004-07-30,0.1179478654602737,4.590340629903786,4.643900353843597,0.0589739327301368
2004-07-31,0.6312981389568343,5.64329500236996,5.923318055522572,0.3156490694784171
2004-08-01,6.44418234637579,9.146289872239617,11.778977448132286,3.222091173187895
2004-08-02,11.837038385581364,10.439747894632886,15.12251012177795,5.918519192790682
2004-08-03,38.02551320923283,17.42497209376495,29.81179363316164,19.012756604616413
2004-08-04,55.62064960614368,10.8241870732858,32.614028711611844,27.81032480307184
2004-08-05,74.54878202700998,17.44049094966526,41.71320838066389,37.27439101350499
2004-08-06,39.2387491249649,13.037563544290617,27.541161255620988,19.61937456248245
2004-08-07,69.2948386153597,10.667593164504838,37.92292100469791,34.64741930767985
2004-08-08,70.1461081247484,18.442135321646703,40.57874920078619,35.0730540623742
2004-08-09,11.200769328183371,6.97506517815362,11.794188881149877,5.600384664091687
2004-08-10,97.75395207432148,38.74648876404495,49.74724074431883,48.87697603716074
2004-08-11,57.5395381938953,14.636235811194606,34.98438241341136,28.76976909694765
2004-08-12,45.08317915144615,20.356919178466782,33.72096241124658,22.541589575723076
2004-08-13,12.13400878616377,9.362148722360605,14.293149166897534,6.067004393081885
2004-08-14,70.32460426880094,6.198083067092652,37.00160781230865,35.16230213440047
2004-08-15,18.01783262031874,9.85300861673626,17.086626326266508,9.00891631015937
2004-08-16,50.24173304607357,8.117834926234002,29.160160496511374,25.120866523036785
2004-08-17,88.44112645156707,31.0882774629617,47.81401790611326,44.220563225783536
2004-08-18,44.38693606421257,9.74113230620472,27.61081016962556,22.193468032106285
2004-08-19,41.43901667852344,11.345000033744796,27.363251916844515,20.71950833926172
2004-08-20,82.10963369919999,18.90180679035496,44.43641932186399,41.0548168496
2004-08-21,91.66929792709304,6.353342493011797,46.36392699831073,45.83464896354652
2004-08-22,0.3269293183563292,4.14330415998221,4.293223143112716,0.1634646591781646
2004-08-23,13.18630865682984,6.44661256496763,12.189696662655944,6.59315432841492
2004-08-24,99.93654297144434,100.0,50.03172851427783,49.96827148572217
2004-08-25,42.81175818958696,13.362250863029146,29.04751542965659,21.40587909479348
2004-08-26,54.07351239489907,9.905408891564193,31.58596258426833,27.03675619744953
2004-08-27,5.788525855415488,4.864512876528169,7.477192218638064,2.894262927707744
2004-08-28,4.698446120843195,6.0875379484772845,8.150741318303794,2.3492230604215973
2004-08-29,49.71951532881342,13.980202379173972,31.889071178668143,24.85975766440671
2004-08-30,38.08063986582438,10.083432353354544,25.28391672567177,19.04031993291219
2004-08-31,96.16660160023976,26.252443164283516,49.08966153627749,48.08330080011988
2004-09-01,54.41800048957288,15.216845241704272,34.14514256836254,27.20900024478644
2004-09-02,1.4015214483047962,5.793354822911691,6.412920436644582,0.7007607241523981
2004-09-03,27.04014185407712,6.628293667370111,18.35593341090978,13.520070927038558
2004-09-04,47.389899676925694,15.394386735016012,31.793952143876812,23.694949838462847
2004-09-05,2.712394371771784,5.143977673086468,6.360649898082365,1.356197185885892
2004-09-06,19.56103850900231,10.954471920499191,18.592182704173656,9.780519254501154
2004-09-07,0.7290574103025865,4.4590990100194166,4.791118323405434,0.3645287051512932
2004-09-08,3.742416027165761,3.726332668626524,5.458085811193212,1.8712080135828808
2004-09-09,4.309846667774901,6.067875829834756,7.961283019465355,2.1549233338874507
2004-09-10,2.0798537176148373,4.291713654019491,5.242379146844401,1.0399268588074186
2004-09-11,54.38355893686395,13.984456901257136,33.5709910087936,27.19177946843197
2004-09-12,99.98738742289576,100.0,50.00630628855212,49.99369371144788
2004-09-13,96.66737623879467,22.604684173172465,49.087017195297896,48.33368811939734
2004-09-14,94.23509007055856,22.782905982905984,48.43095904450313,47.11754503527928
2004-09-15,99.57117237845614,56.80147058823529,50.02916658455353,49.78558618922807
2004-09-16,95.38552024410558,12.557741659538063,48.272234568729694,47.69276012205279
2004-09-17,17.920168399727775,9.872639099121685,17.063529746925596,8.960084199863887
2004-09-18,0.0063327712998804,3.8129655871246606,3.815890506384225,0.0031663856499402
2004-09-19,1.2938643362068285,4.676704693546124,5.263126647510034,0.6469321681034141
2004-09-20,40.32776120819917,10.4882171621756,26.422434594115646,20.163880604099585
2004-09-21,44.73449123666922,9.388187162945057,27.555675017589905,22.36724561833461
2004-09-22,13.10816371751448,3.030965391621129,9.187743344623469,6.5540818587572405
2004-09-23,84.26592863310033,19.950387130722397,45.27197246567079,42.132964316550165
2004-09-24,73.67586375578927,11.302601606522,39.81324412393584,36.83793187789463
2004-09-25,42.8339251678622,7.59519939127728,25.758839951598745,21.4169625839311
2004-09-26,20.046206004406976,4.1858808161972805,13.369873526886913,10.023103002203488
2004-09-27,6.057656160345067,4.6095780485852815,7.359173740131775,3.0288280801725334
2004-09-28,59.11925344664852,6.689722461045046,32.29443520774672,29.55962672332426
2004-09-29,81.85221418371452,10.766221062927944,42.87993783086524,40.92610709185726
2004-09-30,17.17644359888143,5.334364866736391,13.006332493483583,8.588221799440715
2004-10-01,86.57789918719727,22.44639863533425,46.30172784727677,43.28894959359864
2004-10-02,47.150909435392194,9.100754350586303,28.385120626499937,23.575454717696097
2004-10-03,44.34986629590277,12.48491731137767,29.12280632457904,22.174933147951386
2004-10-04,75.88926723984865,20.575720878473472,42.90559069440773,37.944633619924325
2004-10-05,0.2493528699327934,3.4306256546995524,3.546747726139305,0.1246764349663967
2004-10-06,6.964217919514047,5.223290571042362,8.341638192862566,3.4821089597570234
2004-10-07,78.22185230621157,21.537764897663468,43.80145240245986,39.11092615310579
2004-10-08,23.4961461954308,10.926685034607887,20.10740824227756,11.7480730977154
2004-10-09,73.43555183788135,14.204022220241807,40.49099603857263,36.717775918940674
2004-10-10,99.90816467295984,54.506437768240346,50.00413850186233,49.95408233647992
2004-10-11,99.98108113434364,100.0,50.00945943282817,49.99054056717183
2004-10-12,97.13425020503438,94.4276279581728,51.27318465711942,48.56712510251719
2004-10-13,99.45370052856248,52.02020202020202,50.011036352958335,49.72685026428124
2004-10-14,94.55342500315378,11.631441806601044,47.910227702787935,47.27671250157689
2004-10-15,95.67067303900691,36.99790509153839,49.43709679963406,47.83533651950346
2004-10-16,84.13058156017168,51.7515923566879,50.27796752044286,42.06529078008584
2004-10-17,21.644262768639027,32.06876350928226,35.9498474529993,10.822131384319514
2004-10-18,28.23887839535931,39.68161318920943,42.59540989307137,14.119439197679656
2004-10-19,90.49409724275212,99.95853375352462,54.74900963755691,45.24704862137606
2004-10-20,95.90047617545962,54.89423076923077,50.20064015641261,47.95023808772981
2004-10-21,64.30857748026145,22.807794508414524,40.29471504556268,32.154288740130724
2004-10-22,86.0965774126597,32.977636508116696,47.633308869370325,43.04828870632985
2004-10-23,23.55193872666348,18.14197074059316,25.645154271291176,11.775969363331738
2004-10-24,6.085240039241748,9.471839736488509,11.938075572011773,3.042620019620874
2004-10-25,82.61035877940863,37.678300111118666,47.85730059704553,41.30517938970432
2004-10-26,59.64110517820427,10.74463403901628,34.156968139895575,29.82055258910213
2004-10-27,97.77064791530354,100.0,51.11467604234823,48.88532395765177
2004-10-28,99.97477484579152,100.0,50.01261257710424,49.987387422895765
2004-10-29,98.21926177009637,75.85214696768482,50.46035906430444,49.10963088504818
2004-10-30,75.15966585698204,14.963747376454876,41.2968777771195,37.57983292849102
2004-10-31,99.94678817357304,79.25925925925927,50.01556938625086,49.97339408678651
2004-11-01,98.79588828365796,98.19967266775778,50.58037790583098,49.39794414182899
2004-11-02,50.875743947645056,11.327782470536182,31.002560839702497,25.437871973822528
2004-11-03,100.0,-1.0,50.0,50.0
2004-11-04,12.082071981163809,4.746751405436305,10.214281474446487,6.041035990581904
2004-11-05,70.41205006651062,15.048226363745515,39.65848671563848,35.20602503325531
2004-11-06,53.82421601892852,17.672369546621045,35.07246319564865,26.91210800946426
2004-11-07,59.65501703570779,13.99110431852026,35.472217171677244,29.827508517853897
2004-11-08,17.60464729765023,12.145923983517276,18.810000554003462,8.802323648825116
2004-11-09,14.56142780822731,9.387722963052168,15.301450365064603,7.280713904113655
2004-11-10,99.34611670575252,99.81916817359856,50.32575921802022,49.67305835287626
2004-11-11,92.61034992607196,92.15665350549568,53.115229176934456,46.30517496303598
2004-11-12,85.15900642175434,61.55868993545303,51.71542443104992,42.57950321087717
2004-11-13,62.99451548151544,38.434843890146496,45.7202579462296,31.49725774075772
2004-11-14,33.167187765572685,34.34685150904004,39.53856066026064,16.583593882786342
2004-11-15,51.62848517137276,41.22019074658769,45.75307326506048,25.81424258568638
2004-11-16,65.64544338330221,31.539814059321746,43.658084969462,32.822721691651104
2004-11-17,24.2860477168164,26.9561946162849,32.552624187544254,12.1430238584082
2004-11-18,35.47611039667623,26.93600215860868,35.11821149470769,17.738055198338117
2004-11-19,73.79521998269999,32.410882508101594,45.39081045426359,36.89760999135
2004-11-20,34.11955034135768,25.8467173005914,34.08770875030655,17.05977517067884
2004-11-21,11.510119438662034,32.16933961842235,34.22166992504413,5.755059719331017
2004-11-22,12.413083483388409,25.9693022289094,28.952252804875634,6.206541741694204
2004-11-23,13.685734974656048,22.969615285876703,26.66892210048156,6.842867487328023
2004-11-24,4.991985435260126,23.02917701164748,24.375556566995822,2.495992717630063
2004-11-25,10.044756805527523,24.680180893557864,27.223495146399472,5.022378402763763
2004-11-26,4.588503017710497,21.036912904791336,22.365885030177104,2.2942515088552486
2004-11-27,22.212334428900835,15.18131342919319,22.915356534051583,11.106167214450418
2004-11-28,100.0,-1.0,50.0,50.0
2004-11-29,100.0,-1.0,50.0,50.0
2004-11-30,96.53661055295198,99.15784681916467,51.70252767913098,48.26830527647599
2004-12-01,87.67650480077286,77.02620548427352,53.3305731353877,43.83825240038643
2004-12-02,95.09655844181452,87.68698729290655,51.84795939694846,47.54827922090726
2004-12-03,76.27137358823902,77.01422588579405,56.4101047384693,38.13568679411951
2004-12-04,7.319630457575818,56.86695553800508,56.364319768937065,3.659815228787909
2004-12-05,89.6847425818305,83.71746359362459,53.47804316455995,44.84237129091525
2004-12-06,15.338404185431722,50.40901611757227,50.34627957227548,7.669202092715861
2004-12-07,6.977857807151196,46.40357706559797,46.65453034410432,3.488928903575598
2004-12-08,5.077803457227885,48.99210779756271,49.04328658266321,2.5389017286139426
2004-12-09,1.991197726607088,41.284814906049725,41.458351473510064,0.995598863303544
2004-12-10,5.466820743367315,40.73193399030451,41.23860254543152,2.7334103716836573
2004-12-11,2.7643988174626104,37.1249369128828,37.48085500461063,1.3821994087313052
2004-12-12,5.019827606677273,37.02425893980683,37.67561877171736,2.509913803338637
2004-12-13,4.7544792157266285,35.09104357293043,35.7998868075372,2.3772396078633142
2004-12-14,16.369025242472567,37.659633865327926,39.67963151292594,8.184512621236284
2004-12-15,7.608196669410498,36.60837049125558,37.62723200151966,3.804098334705249
2004-12-16,32.32922688146569,41.99074587327798,44.58007581141909,16.164613440732843
2004-12-17,54.549258963891766,49.8393037073069,49.92696234415344,27.274629481945883
2004-12-18,26.923974387875766,32.18507133115407,36.98155816317249,13.461987193937883
2004-12-19,41.85544682801903,46.18887725832982,47.78403971102013,20.92772341400952
2004-12-20,5.305671757568082,37.5308755490728,38.19244636348165,2.652835878784041
2004-12-21,14.831477568592073,39.76621771672017,41.28403884048337,7.415738784296036
2004-12-22,7.05977338119531,37.2451912635788,38.14565185557504,3.529886690597655
2004-12-23,30.360680630963728,35.368471261626524,39.81070297331177,15.180340315481864
2004-12-24,8.942169170611237,37.28843763310935,38.425127044184464,4.4710845853056185
2004-12-25,96.34980958613566,90.25812722756235,51.469498300861794,48.17490479306783
2004-12-26,100.0,-1.0,50.0,50.0
2004-12-27,80.72999561623494,83.4853360113131,56.4526257172985,40.36499780811747
2004-12-28,95.53035409497456,89.62871505423759,51.771263239635935,47.76517704748728
2004-12-29,75.80276224355384,95.96935865047674,61.12331500776931,37.90138112177692
2004-12-30,13.785547601154926,71.53539839248357,68.5666257959894,6.892773800577463
2004-12-31,2.978972656141781,63.21794537088405,62.82418639258166,1.4894863280708903
2005-01-01,7.802184754215151,58.36778322966168,57.71491332225125,3.901092377107576
2005-01-02,6.990070719902489,56.99673224862142,56.50765571636056,3.4950353599512445
2005-01-03,23.43463831234845,50.641668130482856,50.491295524938586,11.717319156174224
2005-01-04,11.091854419410744,51.82292362056842,51.62072758639792,5.545927209705372
2005-01-05,22.619776746023906,57.58157585661032,55.86664032401462,11.309888373011953
2005-01-06,37.63442560728745,48.36883479142893,48.98271444838056,18.817212803643724
2005-01-07,7.680952362106563,53.47903064702125,53.21180796036046,3.8404761810532815
2005-01-08,11.682161648929858,51.56490071268271,51.382086481781855,5.841080824464929
2005-01-09,89.01318591189413,73.03233679072605,52.530520023343485,44.50659295594706
2005-01-10,12.49831809727334,49.380845559636015,49.4582294511061,6.2491590486366695
2005-01-11,6.606707606596815,45.97743516741445,46.24319426418917,3.3033538032984078
2005-01-12,3.8753646016788497,45.93607569138796,46.093567575482936,1.9376823008394248
2005-01-13,36.72420270083239,40.320594944223984,43.87527927714178,18.3621013504162
2005-01-14,6.5968375067270255,44.44439737164306,44.81089144955522,3.2984187533635128
2005-01-15,24.59900026891501,48.25793931765138,48.68646882958698,12.299500134457505
2005-01-16,8.037431250741898,43.88921636541217,44.38036639892376,4.018715625370949
2005-01-17,5.007836494316563,44.05214760990121,44.35000633252066,2.503918247158281
2005-01-18,73.45416240911189,60.78381832773534,52.86265489937705,36.72708120455594
2005-01-19,63.1016824009255,69.75345631982194,57.28869304968235,31.55084120046275
2005-01-20,70.8850358114968,63.28308389530387,53.86736511924656,35.4425179057484
2005-01-21,81.860687362032,39.16053468019332,48.03379549735615,40.930343681016
2005-01-22,44.0030998679393,44.00525334689036,46.64312770348814,22.00154993396965
2005-01-23,97.58849034292471,98.51258581235696,51.16988569176192,48.79424517146236
2005-01-24,80.75171067421269,69.59737731789775,53.77215988641517,40.37585533710634
2005-01-25,66.29123788748203,51.572135337288096,50.52994736093328,33.14561894374101
2005-01-26,99.74144216936324,79.72560975609755,50.076857891728906,49.87072108468163
2005-01-27,32.459299983411924,58.01332093632499,55.41225305496971,16.229649991705962
2005-01-28,94.34078351100962,76.84856087532232,51.51941818411287,47.17039175550481
2005-01-29,36.60407331009792,50.798785770829824,50.50639764168464,18.30203665504896
2005-01-30,5.310581987550603,50.53012541634801,50.501972671476,2.655290993775301
2005-01-31,50.22318869230009,55.74989277033789,52.86211327468617,25.11159434615005
2005-02-01,52.28039939600446,45.8342307118835,48.0121115336269,26.14019969800223
2005-02-02,53.13300749739015,40.322811991123935,45.4645930214166,26.56650374869508
2005-02-03,26.137339225592555,44.369991858422246,45.84152618481491,13.068669612796278
2005-02-04,16.051246384142388,56.14026003370458,55.15467176706764,8.025623192071194
2005-02-05,43.03058797499862,66.65164050959478,59.486341690833086,21.51529398749931
2005-02-06,43.20387965475503,45.438906841987965,47.40947604091675,21.601939827377517
2005-02-07,12.15880893300248,51.79313203398841,51.5751085360593,6.079404466501241
2005-02-08,18.02715039421424,52.15408350207309,51.76576362953742,9.01357519710712
2005-02-09,11.235554851986702,49.398992375941866,49.46651891720754,5.617777425993351
2005-02-10,6.852269579326448,49.29283058948487,49.341287743875895,3.426134789663224
2005-02-11,49.16559285990972,41.94840134361782,45.90701755772864,24.58279642995486
2005-02-12,66.49150837327652,60.41747607106276,53.49073909698798,33.24575418663826
2005-02-13,58.12862999996047,29.99508989273304,41.62367007081095,29.064314999980237
2005-02-14,93.63076910946673,55.85540975488983,50.37294456687575,46.81538455473336
2005-02-15,28.98159616016208,41.18076410905018,43.73671943937733,14.49079808008104
2005-02-16,100.0,-1.0,50.0,50.0
2005-02-17,17.717872005754327,54.0365809141386,53.32138467436282,8.858936002877163
2005-02-18,4.171399397640429,49.57688543073434,49.59453522932802,2.0856996988202146
2005-02-19,39.75342725827249,42.4536663187127,45.45359258936976,19.876713629136244
2005-02-20,99.82815363695484,100.0,50.085923181522574,49.91407681847743
2005-02-21,98.65594576484963,74.48680351906158,50.3291159197509,49.32797288242482
2005-02-22,84.37372919833389,52.6188130068976,50.40922281224708,42.18686459916695
2005-02-23,60.04891888474426,76.46308293358389,60.57228772839351,30.02445944237213
2005-02-24,59.84836219321974,55.3787446645292,52.15965407625328,29.92418109660987
2005-02-25,26.963008080240787,63.420445561175306,59.80188974011129,13.481504040120392
2005-02-26,41.33424490795994,60.38048530739278,56.08811975877522,20.66712245397997
2005-02-27,55.02547823577547,45.80901483721257,48.115124465826746,27.512739117887737
2005-02-28,33.452961589843724,55.960158699990494,53.966309099388944,16.726480794921862
2005-03-01,3.9452180554071647,55.25376946527148,55.0462781596369,1.9726090277035824
2005-03-02,6.583404565169215,53.89858510548166,53.64192547567037,3.291702282584608
2005-03-03,98.6409979419812,100.0,50.67950102900939,49.320498970990606
2005-03-04,35.93993343505174,88.82656744599322,74.8723249507878,17.96996671752587
2005-03-05,40.474693679053935,63.90686241945127,58.27254360057093,20.237346839526968
2005-03-06,75.68555108748035,51.32000064984648,50.32095088365185,37.842775543740174
2005-03-07,15.558975738680424,55.79332577383352,54.89083988795164,7.779487869340213
2005-03-08,28.47068687979307,47.610227033961095,48.290611812259975,14.235343439896536
2005-03-09,43.18957370333612,43.97903572696331,46.57946452931802,21.594786851668054
2005-03-10,8.074856152403264,51.00661316433025,50.919477004170986,4.037428076201632
2005-03-11,63.9511861620357,46.93101217948016,48.893666293871,31.97559308101785
2005-03-12,19.531679677762696,49.81338237680532,49.84726964820582,9.765839838881348
2005-03-13,11.957515344099596,49.32286961250972,49.40325203895482,5.978757672049798
2005-03-14,36.08349389344084,45.22051313794064,46.94494008173729,18.04174694672042
2005-03-15,2.036608291283269,49.41643201402664,49.42831700801425,1.0183041456416344
2005-03-16,4.281937419359946,46.40867986785033,46.56245794843786,2.140968709679973
2005-03-17,6.086918665627115,44.62921367254828,44.95612906800489,3.043459332813557
2005-03-18,5.009518758484756,41.99381671819402,42.39488797153476,2.504759379242378
2005-03-19,47.31005526958749,29.308572500468955,39.09769828656372,23.655027634793747
2005-03-20,26.135635330701124,33.666659525237804,37.93548182904347,13.067817665350562
2005-03-21,9.42125342324801,37.11671720305141,38.33048392458565,4.710626711624005
2005-03-22,75.63920510575186,37.89245292184136,47.05050528956524,37.81960255287593
2005-03-23,74.90107427615564,26.23115735865072,44.034275840030304,37.45053713807782
2005-03-24,64.67416830131785,35.45763317840544,44.86278797159852,32.337084150658924
2005-03-25,98.67725076266976,72.02026221692492,50.291272850532486,49.338625381334886
2005-03-26,99.80568748398794,100.0,50.09715625800602,49.90284374199397
2005-03-27,96.87201772996508,52.40796772566818,50.07532080352707,48.43600886498253
2005-03-28,54.58548250034584,19.01201904248005,35.92695796525761,27.29274125017292
2005-03-29,98.1123967593779,45.88554720133667,49.92233545563857,49.05619837968895
2005-03-30,70.65108303106454,30.280836856135064,44.21263918193816,35.32554151553227
2005-03-31,91.74764556482782,41.209080047789726,49.27454212743134,45.87382278241391
2005-04-01,31.27890279167837,31.19865044591708,37.07568031583903,15.639451395839185
2005-04-02,6.065187108212499,28.447022839014647,29.753688342936748,3.0325935541062496
2005-04-03,8.4593496095837,25.806298204959703,27.85292802330229,4.22967480479185
2005-04-04,4.482633062090366,26.636915860743027,27.68419719469335,2.241316531045183
2005-04-05,19.454641834264287,22.348226257189022,27.727779799674035,9.727320917132143
2005-04-06,18.395871752051857,20.39939479758695,25.844684168454044,9.197935876025928
2005-04-07,99.94954969158309,83.59375,50.016948150483806,49.974774845791536
2005-04-08,99.97201584455,49.29577464788733,49.99980292848274,49.98600792227499
2005-04-09,99.98108113434364,25.0,49.99527028358591,49.99054056717183
2005-04-10,99.64172115737074,100.0,50.17913942131463,49.82086057868537
2005-04-11,98.17820627024982,94.6127217654695,50.81275176779422,49.08910313512491
2005-04-12,99.46341482646731,58.11903012490816,50.043565511884914,49.731707413233664
2005-04-13,56.86859899561074,25.42234532347708,39.39519158527423,28.43429949780537
2005-04-14,76.3804541521295,22.52500920070929,43.510531951463335,38.19022707606475
2005-04-15,68.07745788958064,23.025615641628512,41.38909079417249,34.03872894479032
2005-04-16,98.68001497743532,100.0,50.65999251128235,49.34000748871766
2005-04-17,64.1642567044359,45.15243095385159,48.25534537524297,32.08212835221795
2005-04-18,63.60349181383843,33.14296261712685,43.864627008998255,31.801745906919216
2005-04-19,99.6566757063572,48.6796785304248,49.99546701564076,49.8283378531786
2005-04-20,97.55369410725412,56.537159438981135,50.15991891657399,48.776847053627066
2005-04-21,77.63180748764428,30.40731328533107,45.61747011732011,38.81590374382214
2005-04-22,8.455096645506499,37.045009699805135,38.009150057781504,4.2275483227532495
2005-04-23,60.255443770400575,35.20228802955371,44.11871504521181,30.127721885200287
2005-04-24,99.93062891197756,100.0,50.034685544011225,49.965314455988775
2005-04-25,99.56604338777828,97.7293369663942,50.20712461373525,49.78302169388913
2005-04-26,24.185597518614347,31.27509280094393,35.792563755627825,12.092798759307174
2005-04-27,17.593827282619447,29.22528786409165,32.88000791374024,8.796913641309724
2005-04-28,97.10752760225942,39.00245298446443,49.68189898814709,48.55376380112971
2005-04-29,75.72619188687443,18.96865948514336,42.46751194849311,37.863095943437216
2005-04-30,57.36941811120471,26.15802803573582,39.836028617870745,28.684709055602355
2005-05-01,30.929315953178047,21.729315985172708,30.473245166243245,15.464657976589024
2005-05-02,14.084518189336888,24.24197760592508,27.869870955232027,7.042259094668444
2005-05-03,92.65132751739262,16.470777652551924,47.53604726372084,46.32566375869631
2005-05-04,31.7270680945166,20.446880758399296,29.822652810140006,15.863534047258298
2005-05-05,87.62472294744481,19.01908919978329,46.16602645506818,43.812361473722405
2005-05-06,58.65225447319246,13.44174891791437,34.883987373527866,29.32612723659623
2005-05-07,63.62597472438828,17.140465500559863,38.04766461572529,31.81298736219414
2005-05-08,16.7857213526723,14.06077558320965,20.090428794744444,8.39286067633615
2005-05-09,78.71268575756739,19.46591056503771,43.50011243091416,39.35634287878369
2005-05-10,99.82894192302386,28.80184331797235,49.963738840825336,49.91447096151193
2005-05-11,38.51268549923705,21.536156200962107,32.4940901148771,19.25634274961853
2005-05-12,37.83568988422851,19.44064573169568,31.00268077434048,18.91784494211425
2005-05-13,58.8345753197209,7.799865552674541,32.62813543910973,29.41728765986045
2005-05-14,98.9962705102226,100.0,50.5018647448887,49.49813525511129
2005-05-15,63.17679252147229,18.55025773195876,38.41919615317695,31.588396260736147
2005-05-16,99.99369371144788,100.0,50.003153144276055,49.996846855723945
2005-05-17,75.59700666940607,14.97660411573272,41.45324303821475,37.79850333470304
2005-05-18,100.0,-1.0,50.0,50.0
2005-05-19,3.036947616314737,24.371718657432943,25.128139162098517,1.5184738081573688
2005-05-20,9.250515500639182,15.112475686236884,18.339751530670803,4.625257750319591
2005-05-21,4.180947480903946,16.774470686393563,18.163612617247797,2.090473740451973
2005-05-22,51.46488199067317,11.637572734829591,31.38075065560737,25.732440995336585
2005-05-23,97.58816200359588,21.350335131600456,49.309016496861496,48.79408100179794
2005-05-24,49.249292008796495,13.29135134713855,31.3699432024934,24.624646004398247
2005-05-25,2.8326156476585505,14.623615619921225,15.62569261944717,1.4163078238292752
2005-05-26,4.954997743950225,16.484893913840132,18.14556666429188,2.4774988719751123
2005-05-27,9.679934150646226,16.385599179799947,19.639451044329597,4.839967075323113
2005-05-28,8.971603838923519,15.712633583471735,18.78876026516276,4.48580191946176
2005-05-29,13.466097301319063,13.719912372572066,18.605424273485333,6.733048650659533
2005-05-30,4.834598548235164,12.199149070673714,14.02666846092346,2.417299274117582
2005-05-31,28.75876477943621,13.140003776980416,23.740483388467688,14.379382389718105
2005-06-01,34.11538795862407,14.107946026986507,26.352659486198803,17.057693979312035
2005-06-02,52.17984081945575,13.443850355764544,32.518791049848645,26.089920409727878
2005-06-03,24.786206405299627,14.884012143341948,23.587933374753163,12.393103202649812
2005-06-04,86.89322880669813,11.929369934010303,45.01016962540234,43.446614403349066
2005-06-05,73.05336073624956,11.862099253403604,39.72311746304748,36.52668036812478
2005-06-06,96.04306195576336,20.04383343295477,48.81465304851368,48.02153097788168
2005-06-07,49.12621512559917,12.377567017990469,30.860044380216845,24.563107562799587
2005-06-08,19.339047709500747,5.435491863197712,14.053843353278248,9.669523854750372
2005-06-09,55.55854153987211,9.976701170277096,32.213062276215844,27.77927076993605
2005-06-10,15.117346736850438,8.254185841574465,14.565045316024856,7.558673368425219
2005-06-11,31.14554510237964,11.540161783870987,23.51845995730888,15.572772551189818
2005-06-12,94.1971875431434,17.687444769220313,48.12496301993965,47.0985937715717
2005-06-13,91.16673643968058,21.52374139318609,47.48461702514199,45.58336821984029
2005-06-14,99.95151734929976,58.53658536585365,50.004138762864656,49.97575867464988
2005-06-15,82.4831698023809,31.25957983950951,46.71727242216651,41.24158490119045
2005-06-16,40.86733705301536,9.968570282198742,26.328349592113536,20.43366852650768
2005-06-17,80.5725615969792,11.51750498109218,42.523836984256135,40.2862807984896
2005-06-18,12.260936665281651,11.113967553817636,15.88175936368493,6.130468332640826
2005-06-19,9.580054051273528,9.818302758717266,13.667731073151238,4.790027025636764
2005-06-20,1.701932286842876,7.964840509917296,8.68025046110491,0.850966143421438
2005-06-21,7.633611955420466,9.24999143043225,12.360688956433636,3.816805977710233
2005-06-22,11.903913886580394,11.670634742374556,16.233329375915154,5.951956943290197
2005-06-23,1.6856978884249272,7.589896777725889,8.304802992222596,0.8428489442124636
2005-06-24,44.53954680473209,30.55506029853301,39.21574831801984,22.269773402366045
2005-06-25,8.361961150600788,10.191327632374536,13.520113350325328,4.180980575300394
2005-06-26,37.03023805096514,14.507140478628829,27.65023085048722,18.51511902548257
2005-06-27,5.728261772935408,9.829011389445135,12.130110773833788,2.864130886467704
2005-06-28,31.46890756302521,11.826449237729229,23.839248640632725,15.734453781512606
2005-06-29,83.42158490089933,21.91780821917808,45.344417677649815,41.71079245044967
2005-06-30,39.44361158028393,10.114179708933191,25.84658774015165,19.721805790141964
2005-07-01,78.12035778627643,13.373058866016612,41.98615632605328,39.060178893138215
2005-07-02,20.982582782243224,6.84456731876872,15.89969170614332,10.491291391121612
2005-07-03,0.2446032914578831,4.393419987620816,4.504975183452468,0.1223016457289415
2005-07-04,24.590994356632343,14.41579024707685,23.1663012592704,12.295497178316172
2005-07-05,78.10605073021968,8.26191292423723,40.86188438945576,39.05302536510984
2005-07-06,5.412237567202972,4.30325640532334,6.776472729142848,2.706118783601486
2005-07-07,99.2745390423442,29.90755845568244,49.854237181156165,49.6372695211721
2005-07-08,41.40502013274161,8.254973302461844,25.53951001099588,20.70251006637081
2005-07-09,97.55570624319935,15.338709677419354,49.15277624461861,48.77785312159968
2005-07-10,92.57864115964894,13.66462928514483,47.30342175327877,46.28932057982447
2005-07-11,78.33866571868705,10.840627279358133,41.51755737251649,39.16933285934353
2005-07-12,83.15484907455287,15.655536028119506,44.21462320940092,41.57742453727644
2005-07-13,9.177677267708964,6.877020538694133,10.834708421873207,4.588838633854482
2005-07-14,4.80103224172188,5.978197601902513,8.09169852842227,2.40051612086094
2005-07-15,16.113445876961798,12.0519098229575,18.1666547949759,8.056722938480899
2005-07-16,42.30767711012854,9.702340999684944,26.751344452478893,21.15383855506427
2005-07-17,15.386015518967408,8.468053067962346,14.858164868254969,7.693007759483704
2005-07-18,24.18124666389894,20.541101498250388,27.664630409426096,12.09062333194947
2005-07-19,28.1724121564967,5.30654273537218,17.897767722950846,14.08620607824835
2005-07-20,2.854100865214879,5.603745065045652,6.870858961267187,1.4270504326074396
2005-07-21,23.759321162252505,10.389933843559476,19.801016674248867,11.879660581126252
2005-07-22,33.22589065367335,11.412190455883485,24.233333860659368,16.612945326836677
2005-07-23,61.06100963476418,10.223074737141232,34.51126690430837,30.53050481738209
2005-07-24,84.70636971573985,16.259931895573214,44.83991872645138,42.35318485786993
2005-07-25,53.31475882783015,18.91898755608228,35.489754381804886,26.657379413915077
2005-07-26,32.893560459209915,27.823006136777632,35.117809021211954,16.446780229604958
2005-07-27,16.22397049395712,10.976537220650268,17.307692307692307,8.11198524697856
2005-07-28,0.6043838609323423,7.344889239309193,7.602689844609624,0.3021919304661711
2005-07-29,0.0,3.8210358830653774,3.8210358830653774,0.0
2005-07-30,30.133013657440376,11.621072182929108,23.185799743626266,15.066506828720188
2005-07-31,66.83403189551986,16.413359378722188,38.86066548418063,33.41701594775993
2005-08-01,25.076262636253933,9.8449563279575,19.914340540861343,12.538131318126966
2005-08-02,88.27037067710984,20.136507296079618,46.497123002961786,44.13518533855492
2005-08-03,89.9157543670145,11.008600469116498,46.06801149556695,44.95787718350725
2005-08-04,37.66183422005103,6.396182595784103,22.81818002017365,18.830917110025517
2005-08-05,0.2956612600631694,3.499307284037364,3.63679181805948,0.1478306300315847
2005-08-06,37.48255342704071,8.368539553239394,23.97307395765376,18.741276713520357
2005-08-07,61.47752875607731,13.131810626115865,35.79746235029052,30.738764378038656
2005-08-08,24.825646482667494,8.31114432154246,18.660672254945784,12.412823241333747
2005-08-09,20.20133670477344,10.729445601507487,18.66262252137817,10.100668352386718
2005-08-10,23.717398272321127,9.44997484087502,19.06738580739111,11.858699136160563
2005-08-11,79.93546020111485,25.610978942608288,45.10645516338116,39.96773010055743
2005-08-12,19.346438338273764,8.384978875623794,16.43600327691084,9.673219169136882
2005-08-13,85.28407902680392,23.665370693122405,46.12461676261576,42.64203951340196
2005-08-14,95.58062239535076,21.910964403604247,48.75863945149093,47.790311197675386
2005-08-15,52.29874391404439,9.21425141967848,30.544685623126828,26.149371957022197
2005-08-16,64.78106948406521,8.062869515464959,35.2301911542747,32.39053474203261
2005-08-17,1.7917784796599303,4.515062972292191,5.330016544365021,0.8958892398299652
2005-08-18,9.219462386018238,12.066597784433489,15.563853533434653,4.609731193009119
2005-08-19,26.78997259428869,6.952637151314795,18.485013861041573,13.394986297144348
2005-08-20,99.89239895157954,27.106227106227102,49.9753660603433,49.94619947578977
2005-08-21,99.98108113434364,100.0,50.00945943282817,49.99054056717183
2005-08-22,100.0,-1.0,50.0,50.0
2005-08-23,87.0731774643222,38.80601567981453,48.55297351225802,43.5365887321611
2005-08-24,32.529567477950515,9.026718900279151,22.355150023543192,16.264783738975257
2005-08-25,94.39701047751944,21.872801463346,48.42403601302397,47.19850523875972
2005-08-26,53.04745939620135,17.01274861483016,34.511647399301,26.523729698100677
2005-08-27,98.3222402725423,27.05052878965922,49.614963014368406,49.16112013627115
2005-08-28,92.86657755802904,8.058810523988504,47.00815777748864,46.43328877901452
2005-08-29,34.28159998734062,10.572414083710068,24.08882137219763,17.14079999367031
2005-08-30,7.492282118261695,8.54147948487571,11.647668803926226,3.746141059130848
2005-08-31,28.251983459628438,16.505255959143604,25.968185505411235,14.125991729814215
2005-09-01,12.219180033393735,8.757814648042226,13.797271525903888,6.109590016696869
2005-09-02,15.894791823297114,8.566965734959938,15.152660277463417,7.947395911648557
2005-09-03,17.616051288139616,13.006302359541928,19.52313110926432,8.808025644069808
2005-09-04,6.09605984445192,6.638482969656864,9.281826997288793,3.04802992222596
2005-09-05,22.01634705073277,10.659983376244249,19.32121796594628,11.008173525366386
2005-09-06,7.861032834119622,8.476301749984966,11.740493303359402,3.930516417059811
2005-09-07,37.42652584945216,12.343228481844848,26.43684980815632,18.71326292472608
2005-09-08,39.56520879077404,14.276175388523024,28.41038118410381,19.78260439538702
2005-09-09,100.0,-1.0,50.0,50.0
2005-09-10,91.3682440433897,28.1428636758586,48.11334533339649,45.68412202169485
2005-09-11,87.76602462898643,40.15679442508711,48.79578465424692,43.883012314493214
2005-09-12,82.03463545161061,23.020144548669844,45.15297061354003,41.017317725805306
2005-09-13,37.57448189091024,8.162101180139183,23.882474895745133,18.78724094545512
2005-09-14,4.71729476858778,6.300390036012909,8.361829450737337,2.35864738429389
2005-09-15,0.0490789775740736,3.2918861125410843,3.314809977281183,0.0245394887870368
2005-09-16,89.10265511855742,31.664857039449878,48.00195623708331,44.55132755927871
2005-09-17,99.98068699130914,100.0,50.00965650434542,49.99034349565457
2005-09-18,99.5948129754444,100.0,50.202593512277794,49.7974064877222
2005-09-19,99.96846855723942,71.25,50.00670043158662,49.98423427861971
2005-09-20,74.99773187173834,7.942067398712608,39.484562921822544,37.49886593586917
2005-09-21,69.64732632775676,7.867082845623619,37.21153314753555,34.82366316387838
2005-09-22,67.87373173320915,11.051875145871977,37.487420924478194,33.93686586660458
2005-09-23,30.00819020261849,11.643432938755668,23.15354453768878,15.004095101309243
2005-09-24,8.133620945558171,6.652592576635574,10.178306386178782,4.0668104727790855
2005-09-25,54.403446708432966,14.953578889880978,34.020039921737585,27.201723354216483
2005-09-26,14.748557361217754,9.336205535798848,15.333528587599243,7.374278680608877
2005-09-27,99.59086824223122,100.0,50.20456587888439,49.79543412111561
2005-09-28,31.0301050433462,10.99094552982126,23.09549610833386,15.5150525216731
2005-09-29,99.38511990161918,100.0,50.30744004919041,49.69255995080959
2005-09-30,6.4225666518903175,5.068329181276408,7.954095687416883,3.2112833259451588
2005-10-01,32.93340240512186,6.531993679096206,20.847487118243254,16.46670120256093
2005-10-02,99.9022525274422,100.0,50.0488737362789,49.9511262637211
2005-10-03,100.0,-1.0,50.0,50.0
2005-10-04,97.93976563700932,98.18251387028889,50.99267270770845,48.969882818504665
2005-10-05,99.80608162702244,95.52845528455283,50.08828803972962,49.903040813511225
2005-10-06,98.00410768278596,37.88267825399961,49.758151306219474,49.002053841392986
2005-10-07,99.9834459925507,61.90476190476191,50.00197071517254,49.99172299627535
2005-10-08,53.1730678121348,29.860800795905806,40.569430845519726,26.5865339060674
2005-10-09,6.987438757014745,20.8270574319437,22.86549892750572,3.493719378507373
2005-10-10,37.00802649414908,28.36511013658065,36.37175590921486,18.50401324707454
2005-10-11,43.016541020306455,12.777210919767612,28.78916725336793,21.508270510153228
2005-10-12,10.966238247491216,18.24585887048387,21.728093640191208,5.483119123745608
2005-10-13,2.4610732464160474,14.169601843886444,15.051414186990906,1.2305366232080237
2005-10-14,4.678212140160359,11.837532850897404,13.622854022051431,2.33910607008018
2005-10-15,0.8042619550848196,12.572320067671631,12.873336658038264,0.4021309775424098
2005-10-16,0.8739224393835047,12.667002068310136,12.993263514529753,0.4369612196917523
2005-10-17,21.70985069910736,15.664303912418337,23.11853226953156,10.854925349553678
2005-10-18,41.26595572471464,18.925659278977687,31.74878296266173,20.63297786235732
2005-10-19,52.65556024569308,15.503449655034496,33.66780150461365,26.32778012284654
2005-10-20,99.6838972863252,100.0,50.1580513568374,49.8419486431626
2005-10-21,95.55290785066418,54.125266146202975,50.183454386927,47.77645392533209
2005-10-22,56.01098076391358,15.71650488924008,34.91902674092507,28.00549038195679
2005-10-23,99.85337879116332,63.17204301075269,50.01931300869086,49.92668939558166
2005-10-24,12.805544121837698,12.31815313945413,17.143518665104647,6.402772060918849
2005-10-25,97.32731608300652,44.624686624391686,49.85633486392212,48.66365804150326
2005-10-26,8.846937765904817,8.86805805810152,12.50697536360938,4.423468882952409
2005-10-27,0.4765410403160052,8.483595148140784,8.681437855723638,0.2382705201580026
2005-10-28,0.2263965739707268,7.761363365888878,7.85699019212045,0.1131982869853634
2005-10-29,0.6404014977004124,7.723991778071671,7.99472796789285,0.3202007488502062
2005-10-30,1.072591912419506,7.625155531728472,8.079664686395498,0.536295956209753
2005-10-31,2.7722725276811886,7.74673388097534,8.918109569641084,1.3861362638405943
2005-11-01,98.4623571147024,76.31376570110227,50.40461174615688,49.2311785573512
2005-11-02,93.94129309699213,16.927981263418125,47.99626331784266,46.97064654849606
2005-11-03,64.98044483071939,18.77488860059789,39.065104886817046,32.490222415359696
2005-11-04,56.95653203089863,8.431404898078897,32.10743508209915,28.478266015449314
2005-11-05,99.96216226868732,100.0,50.018918865656346,49.98108113434365
2005-11-06,99.90579981475275,100.0,50.04710009262361,49.952899907376384
2005-11-07,20.265832001139614,28.491670016525973,32.85051203722756,10.132916000569807
2005-11-08,20.473325501271724,18.436301598117872,24.8984403121749,10.236662750635862
2005-11-09,3.374179708217562,14.567708055986795,15.763257260918092,1.687089854108781
2005-11-10,13.400468124812196,16.159356438129763,20.694161091869496,6.700234062406098
2005-11-11,4.98909649306806,11.649344969070876,13.56269615428759,2.49454824653403
2005-11-12,3.1996200352259008,11.071631550756225,12.317191427044785,1.5998100176129504
2005-11-13,51.78417664020224,19.7742242029033,35.42639333254335,25.89208832010112
2005-11-14,4.127583450088259,10.149151450851852,11.794028480286228,2.0637917250441293
2005-11-15,21.194796356816724,12.699759510385237,20.605469522761982,10.597398178408362
2005-11-16,39.50366811018172,9.938679985356416,25.764370884499023,19.75183405509086
2005-11-17,28.760057278027865,16.783826403695805,26.33681695556206,14.380028639013933
2005-11-18,19.911921116773765,12.69286825918332,20.121434902345605,9.955960558386884
2005-11-19,20.002453511885683,13.098494704505992,20.479701146423217,10.001226755942842
2005-11-20,7.892081006526273,12.483564645726808,15.44439211464711,3.946040503263137
2005-11-21,41.06746059987822,12.23876391302306,27.746344665069312,20.53373029993911
2005-11-22,12.37421800497786,17.535572845872828,21.55279183599175,6.18710900248893
2005-11-23,8.489494492969285,16.306124743757188,19.166564428103865,4.244747246484643
2005-11-24,40.830239114875575,33.6458716209443,40.32330134326647,20.415119557437787
2005-11-25,89.79047168509649,58.06625994285272,50.82352709281926,44.895235842548246
2005-11-26,100.0,-1.0,50.0,50.0
2005-11-27,53.44095627356887,84.09403494473028,65.87385663802168,26.72047813678444
2005-11-28,37.773923761590034,84.73947851261183,71.61701438408387,18.886961880795017
2005-11-29,99.98699327986124,100.0,50.00650336006937,49.99349663993063
2005-11-30,15.557313190833051,77.97364255406836,73.62169537104779,7.7786565954165265
2005-12-01,15.309706510560872,76.20986950876636,72.19721541017324,7.654853255280436
2005-12-02,27.666646927616902,68.77046675108065,63.57730798839344,13.833323463808451
2005-12-03,97.68498988760058,92.55790190735696,50.98521973278034,48.84249494380029
2005-12-04,19.395041714443877,81.18052762216837,75.13305128306513,9.697520857221935
2005-12-05,80.04804184136725,82.3620117033054,56.45685503433532,40.024020920683625
2005-12-06,88.36641666863827,95.8072060468427,55.32901948722802,44.18320833431913
2005-12-07,12.395664385458286,69.98758212729447,67.50998852802722,6.197832192729143
2005-12-08,30.432380381075664,85.0592253057705,74.38986850206008,15.216190190537832
2005-12-09,13.738458982412558,72.23429818768801,69.1796482511452,6.869229491206279
2005-12-10,11.671875618150889,69.01467749376307,66.79530798749852,5.835937809075444
2005-12-11,3.124047727407642,63.63918608118762,63.21309139838138,1.562023863703821
2005-12-12,58.91997931690527,74.02257987028585,59.86848077932638,29.459989658452635
2005-12-13,26.021265574522435,66.4102838206211,62.14012028612439,13.010632787261216
2005-12-14,7.87518103182203,59.59083568139647,58.83554000902191,3.937590515911015
2005-12-15,4.572093372957615,59.660879192877545,59.21917477553056,2.286046686478808
2005-12-16,93.79052487103031,56.00863821138211,50.37310489532554,46.89526243551517
2005-12-17,77.69283923318395,49.97167840832655,49.99368225701368,38.84641961659197
2005-12-18,31.65158299447811,53.90611888213064,52.669770422290085,15.825791497239056
2005-12-19,88.03839634170379,85.3244570411627,54.22537154570899,44.01919817085189
2005-12-20,13.865815454718057,60.59349470290824,59.12462027719765,6.932907727359028
2005-12-21,2.8734039942690237,56.67476222687672,56.48296934244168,1.4367019971345116
2005-12-22,96.24850591126592,59.78969505783386,50.36725983139972,48.12425295563296
2005-12-23,45.73886435605596,54.9947906420989,52.71023012544031,22.86943217802798
2005-12-24,8.813555297907111,57.57637562923104,56.9086275735716,4.406777648953556
2005-12-25,74.30752728878794,75.23944007858546,56.48463625465329,37.15376364439397
2005-12-26,82.70721173756138,80.73896681491618,55.31562444536473,41.35360586878069
2005-12-27,90.8666204090644,81.50386325376613,52.87736741677575,45.4333102045322
2005-12-28,98.5285654597198,94.2673452986874,50.65136500878998,49.26428272985991
2005-12-29,33.37838318455027,92.0041758606781,77.9838610883886,16.689191592275137
2005-12-30,3.439446585881292,76.48066558740958,75.56987723894478,1.719723292940646
2005-12-31,25.396117026318283,76.0829632139246,69.45890335218476,12.69805851315914
2006-01-01,100.0,-1.0,50.0,50.0
2006-01-02,99.85021383945288,100.0,50.074893080273554,49.92510691972644
2006-01-03,69.67099577349735,88.78262679886538,61.76238452097663,34.83549788674868
2006-01-04,2.6302562580389828,67.03152880351503,66.58355595132088,1.3151281290194914
2006-01-05,94.28875655637496,88.98632785526861,52.2266040935442,47.14437827818748
2006-01-06,20.49566304726329,64.23697347660975,61.31901136471557,10.247831523631644
2006-01-07,26.968861389468017,66.87540289161065,62.324298876857895,13.484430694734009
2006-01-08,45.63625725445546,66.21022165338297,58.81248319812767,22.81812862722773
2006-01-09,9.853483330959952,64.97055648678771,63.49543519881015,4.926741665479977
2006-01-10,4.896242243890085,62.67689145386988,62.0562001392934,2.4481211219450425
2006-01-11,10.274893967208962,62.433085518251005,61.155599164398296,5.137446983604481
2006-01-12,12.760907062491098,69.89198062725606,67.35358346652319,6.380453531245549
2006-01-13,2.0151173374490483,59.24845919595473,59.06209189125015,1.0075586687245242
2006-01-14,6.025579131480852,59.66759166073632,59.08506327511021,3.012789565740426
2006-01-15,2.9716605919576398,59.277341360154665,59.00165026297356,1.4858302959788197
2006-01-16,18.94238982568256,65.14255605643697,62.274194058654174,9.47119491284128
2006-01-17,95.623280490016,83.69056195965418,51.47454139831144,47.811640245008
2006-01-18,91.50059749407436,70.01995267040972,51.70157635895393,45.75029874703718
2006-01-19,7.550753888163363,60.63524677881939,59.83220546915192,3.775376944081681
2006-01-20,8.614064732116358,62.39071600233832,61.3233717051242,4.307032366058179
2006-01-21,15.722255192878338,56.07148893020112,55.116913946587545,7.861127596439169
2006-01-22,22.440083698889683,55.74561403508772,54.45629343659888,11.220041849444842
2006-01-23,7.56254970936099,58.36897010791628,57.73606258334355,3.781274854680495
2006-01-24,4.279399601897911,57.472352564235074,57.15258073834879,2.1396998009489554
2006-01-25,84.20161700817974,59.08387032319297,51.435104624138326,42.10080850408987
2006-01-26,57.70929975701348,87.04156251165914,65.66513616712425,28.854649878506734
2006-01-27,99.21011867927427,97.30538922155688,50.37365643315768,49.60505933963714
2006-01-28,99.47776047927792,89.73584905660378,50.20751630766805,49.738880239638966
2006-01-29,92.48791680136247,88.422986092889,52.88636668269875,46.24395840068124
2006-01-30,6.234003583988354,79.8866819669918,78.02354514203434,3.117001791994177
2006-01-31,27.86216663106512,77.4680170867994,69.81483239582592,13.93108331553256
2006-02-01,7.034511687910817,69.73450649367234,68.34628032782344,3.5172558439554087
2006-02-02,2.8886795738416,65.76288731217677,65.30754800614226,1.4443397869207997
2006-02-03,20.51210037895269,73.23921232961925,68.4723617692898,10.256050189476348
2006-02-04,5.124663606142156,64.90983644167838,64.14575747981637,2.562331803071078
2006-02-05,2.659711310501506,65.75167012958498,65.33272117755551,1.329855655250753
2006-02-06,22.62304162050957,62.95902402110667,60.02729862319988,11.311520810254788
2006-02-07,84.62504194713674,69.35599835661462,52.9759766280424,42.31252097356837
2006-02-08,99.8652014883017,100.0,50.06739925584915,49.93260074415085
2006-02-09,38.04031049441055,57.0560604513428,54.37191314697869,19.020155247205278
2006-02-10,30.46053594094132,60.27771143939136,57.14706545248931,15.23026797047066
2006-02-11,9.751754809404355,61.142922282337054,60.054840266841815,4.875877404702178
2006-02-12,13.621096856122197,64.3501598380552,62.39551066750535,6.8105484280610975
2006-02-13,7.016197007530639,61.585996450595616,60.77261269247055,3.50809850376532
2006-02-14,1.766293593376498,61.42949805207624,61.22761956022733,0.883146796688249
2006-02-15,100.0,-1.0,50.0,50.0
2006-02-16,98.7228205168635,100.0,50.63858974156825,49.36141025843175
2006-02-17,40.43890865954923,69.55719312222001,61.64847765915381,20.219454329774614
2006-02-18,99.03617972390197,96.52351738241308,50.4484030936857,49.518089861950976
2006-02-19,97.64622868360678,99.96650477306984,51.17609725715276,48.82311434180339
2006-02-20,98.85138570814792,100.0,50.57430714592604,49.42569285407396
2006-02-21,97.92380314169148,98.72792861211316,51.01168772296352,48.96190157084573
2006-02-22,96.54907370910524,99.96573386636209,51.7242806464328,48.27453685455262
2006-02-23,96.1887756308682,84.09349467369945,51.29937957729269,48.0943878154341
2006-02-24,99.82815363695484,100.0,50.085923181522574,49.91407681847743
2006-02-25,92.238402346337,100.0,53.8807988268315,46.1192011731685
2006-02-26,92.33956001939352,99.08922506946588,53.760450623391264,46.16978000969676
2006-02-27,21.94294123231748,77.33004636252042,71.27796765720434,10.971470616158738
2006-02-28,53.59978542888585,87.21586562165287,67.26824150294443,26.79989271444293
2006-03-01,37.57252620429071,75.02611602479281,65.62317202346134,18.786263102145355
2006-03-02,38.12849493407576,70.56541303402962,62.72413056717787,19.06424746703788
2006-03-03,52.16480170811752,68.21848961777542,58.71377169744177,26.08240085405876
2006-03-04,99.90264360068898,57.89473684210527,50.00768603152456,49.95132180034449
2006-03-05,99.89358138068305,100.0,50.05320930965848,49.94679069034152
2006-03-06,18.514692787177204,70.58346209537137,66.74819432076778,9.257346393588602
2006-03-07,63.20493066255778,60.413176996091565,53.83153569594248,31.60246533127889
2006-03-08,22.705835379135586,72.14262696736111,67.10982499001807,11.352917689567793
2006-03-09,23.912811324560675,67.19950511005062,63.08502517491922,11.956405662280336
2006-03-10,57.72222749264776,62.28195703209032,55.18293647029061,28.86111374632388
2006-03-11,44.24507226033491,52.00564530999561,51.11721792768036,22.12253613016745
2006-03-12,70.49940734887397,70.62400385733228,56.0833662583959,35.24970367443699
2006-03-13,3.249693275814304,65.01582077699868,64.48668223374362,1.6248466379071518
2006-03-14,17.732124411798463,63.168149170872034,60.832406590231805,8.866062205899231
2006-03-15,3.430697379878097,64.0317112862829,63.53993509063564,1.7153486899390484
2006-03-16,84.64354178335608,88.0843522038426,55.8484076332626,42.32177089167804
2006-03-17,10.205196192888378,65.36925707838228,63.79820725409107,5.102598096444189
2006-03-18,66.79226077281801,81.27101426891136,60.38439687211496,33.396130386409006
2006-03-19,4.502910784744401,62.03672621933784,61.49374112022669,2.2514553923722005
2006-03-20,1.6148566814695196,59.859438235696416,59.70022243859191,0.8074283407347598
2006-03-21,98.29920577048146,91.19351100811124,50.70061685816204,49.14960288524073
2006-03-22,33.92633960353747,56.80027775782391,54.49184451581262,16.963169801768736
2006-03-23,61.96256914979853,48.13086055263322,49.289027375214026,30.981284574899263
2006-03-24,100.0,-1.0,50.0,50.0
2006-03-25,62.606083364626365,44.61475037261762,47.98624424372986,31.303041682313182
2006-03-26,48.52004570127339,43.24627352803397,46.52318469877088,24.26002285063669
2006-03-27,61.92264600527055,82.99212598425197,62.56252860141074,30.961323002635275
2006-03-28,99.40089078081272,100.0,50.29955460959364,49.700445390406365
2006-03-29,19.207213337870023,45.66151013432449,46.494813138466654,9.603606668935011
2006-03-30,99.44071103403424,59.1261451726568,50.05104152296869,49.720355517017126
2006-03-31,10.038943152495683,47.33935345320765,47.5929649036711,5.019471576247843
2006-04-01,70.40387938857806,63.38439387273527,53.9612613536825,35.20193969428903
2006-04-02,26.3386356441912,41.85931565063691,43.99948559670782,13.1693178220956
2006-04-03,79.13110081094099,45.989102467080365,49.16260669756718,39.565550405470496
2006-04-04,4.863823237299336,43.161110671755786,43.46300099318226,2.431911618649668
2006-04-05,100.0,-1.0,50.0,50.0
2006-04-06,95.24076081600474,56.16665286175764,50.29348575933773,47.62038040800237
2006-04-07,11.220774698051384,55.275316554774825,54.51735709876054,5.610387349025691
2006-04-08,7.173695394952928,46.46036185051924,46.71410085436939,3.586847697476464
2006-04-09,46.17794387206877,44.465730097914005,47.0211664875798,23.088971936034387
2006-04-10,99.97989767522526,100.0,50.01005116238737,49.98994883761263
2006-04-11,95.35509862974818,68.88738012390732,50.87730017818004,47.67754931487409
2006-04-12,86.83472062706467,42.210030878076566,48.97442880203338,43.417360313532335
2006-04-13,15.303672232573412,48.48833242198637,48.6939700699002,7.651836116286706
2006-04-14,3.0270770838115286,45.95092500684207,46.03203184980569,1.5135385419057643
2006-04-15,94.6738860189508,28.80853586247777,48.8713184657824,47.336943009475405
2006-04-16,80.94283481843367,44.007288991965545,48.85795916434497,40.47141740921683
2006-04-17,95.65469338841672,43.44552299736913,49.71518787744997,47.82734669420836
2006-04-18,98.77147261637694,27.9204107830552,49.72874620027835,49.38573630818847
2006-04-19,83.96086417706631,31.09820615664756,46.96831561249378,41.98043208853316
2006-04-20,26.89813440955942,38.424439909714366,41.53698537994342,13.44906720477971
2006-04-21,40.23046230865657,38.81850119420167,43.31686985681125,20.115231154328285
2006-04-22,31.74110180891639,33.60131692585916,38.80643961574374,15.870550904458195
2006-04-23,52.04819658258232,27.429264149231823,39.17692511497503,26.02409829129116
2006-04-24,81.47119589477802,19.80854511342316,44.4058844675497,40.73559794738901
2006-04-25,90.9310580366485,17.797901519439243,47.07961037781665,45.46552901832425
2006-04-26,99.3346865577518,74.34834123222748,50.16199278718246,49.667343278875904
2006-04-27,99.58258113850108,91.0292728989613,50.17126392381613,49.79129056925054
2006-04-28,91.63131249408572,27.04358068315665,48.07884900482604,45.81565624704287
2006-04-29,95.35035915065404,15.380702051890792,48.39032698084792,47.67517957532702
2006-04-30,69.35785905610733,35.08600015472292,45.429476695032434,34.678929528053665
2006-05-01,85.76091503990276,20.24004213210633,45.76245431510147,42.88045751995138
2006-05-02,93.5297572821275,22.79900079205508,48.24002932955938,46.76487864106375
2006-05-03,27.8767136837524,27.450517861844997,33.73657243466735,13.938356841876198
2006-05-04,66.07716597046304,30.558726904168317,43.404969194472,33.03858298523152
2006-05-05,100.0,-1.0,50.0,50.0
2006-05-06,93.78025322044051,35.81976044109259,49.11802500670104,46.89012661022026
2006-05-07,27.39898939937718,24.546534696636076,31.52033269890512,13.69949469968859
2006-05-08,95.7392861086137,30.735770476631192,49.17920629662929,47.86964305430685
2006-05-09,99.91210575687586,100.0,50.04394712156207,49.95605287843793
2006-05-10,56.558391490876026,27.929289251383636,40.411023902255785,28.279195745438013
2006-05-11,19.32606501909417,30.17788947683608,33.99236233403906,9.663032509547085
2006-05-12,76.28681552155815,22.515696038103485,43.48259629889978,38.14340776077908
2006-05-13,79.34283233343858,17.083516441523205,43.20038680138933,39.67141616671929
2006-05-14,93.05337612465206,37.77739939837675,49.15094190841921,46.52668806232603
2006-05-15,88.30763163084204,13.678067867503204,45.75310589627292,44.15381581542102
2006-05-16,39.417157903476415,16.863098268008407,29.924723148027343,19.708578951738208
2006-05-17,52.32667064557057,16.954914023247717,34.24630732684852,26.163335322785287
2006-05-18,93.61381589585233,30.00679305872908,48.7231969964072,46.80690794792616
2006-05-19,58.0599251232462,22.102613892371355,38.29981537780344,29.029962561623098
2006-05-20,99.93693711447884,55.00000000000001,50.003153144276055,49.96846855723942
2006-05-21,100.0,-1.0,50.0,50.0
2006-05-22,68.15787497876006,17.625961777115908,39.69141827464525,34.07893748938003
2006-05-23,96.29032448819488,13.995749202975558,48.664359124973885,48.14516224409744
2006-05-24,100.0,-1.0,50.0,50.0
2006-05-25,46.3174915691135,7.190096034878925,27.018569694669463,23.15874578455675
2006-05-26,68.88500146107614,7.560124373373946,36.7948333188542,34.44250073053807
2006-05-27,77.38797344263459,18.66396831766081,42.91428819396502,38.693986721317295
2006-05-28,98.20974588797311,23.800088066930865,49.53095499927081,49.10487294398656
2006-05-29,99.25546087326676,74.58973001588141,50.18308016112631,49.62773043663338
2006-05-30,95.78401346466904,22.15781600598355,48.8261772716702,47.89200673233452
2006-05-31,62.18735797980597,11.251737508230304,35.34825821494201,31.093678989902983
2006-06-01,70.19314356161786,6.823183179998408,37.13034819579889,35.09657178080893
2006-06-02,50.69101287940481,10.896074014094106,30.718250171962584,25.345506439702405
2006-06-03,97.71892343592332,15.552099533437014,49.21421701564076,48.85946171796166
2006-06-04,69.94839739537237,14.879629751370684,39.44576589960804,34.974198697686184
2006-06-05,85.89836237773119,20.688882665919916,45.86665245051,42.9491811888656
2006-06-06,54.22489566207158,15.407262868885011,34.16513848488681,27.11244783103579
2006-06-07,24.936779493998504,13.36543075762929,22.49858520620372,12.468389746999252
2006-06-08,19.56007343979994,12.718042560727252,20.01016919643564,9.78003671989997
2006-06-09,74.79143553156796,22.946685878962537,43.18024786895084,37.39571776578398
2006-06-10,41.63295459932681,6.12220033707637,24.389824749924937,20.816477299663404
2006-06-11,10.36727747655044,13.771056407992052,17.527011516998456,5.183638738275221
2006-06-12,5.178582737002089,13.188519526488909,15.094832499525046,2.589291368501045
2006-06-13,6.258879773311013,13.199446100326767,15.502748524819832,3.1294398866555064
2006-06-14,0.3114931883128705,10.181564079454631,10.305595795039856,0.1557465941564352
2006-06-15,4.631069844021483,12.178268772669549,13.929819562025306,2.315534922010741
2006-06-16,77.79932080240089,16.34086907027623,42.52744432159217,38.89966040120044
2006-06-17,48.40215865736256,10.230712058172234,29.479905904679065,24.20107932868128
2006-06-18,12.831956446048176,12.105559388503575,16.968157503244388,6.415978223024088
2006-06-19,13.438586636179869,11.148636297162913,16.369710467706014,6.7192933180899335
2006-06-20,1.655610790956874,8.218196745722874,8.909940789057059,0.827805395478437
2006-06-22,70.43256897028061,24.01655209237136,42.31736196076884,35.21628448514031
2006-06-23,61.74227455939303,18.808035944843255,38.06666403224532,30.87113727969652
2006-06-24,16.820721419414063,13.289314698355009,19.4643168041025,8.410360709707032
2006-06-25,28.595964272852832,19.99855902190841,28.577760365344503,14.297982136426416
2006-06-26,17.477057503650617,11.60349490725644,18.3140282630977,8.738528751825308
2006-06-27,1.6471491497116897,9.2287449148348,9.900308296296885,0.8235745748558447
2006-06-28,18.67811430493185,10.121778560551142,17.57027834378524,9.339057152465925
2006-06-29,94.24303166135294,11.53529814941741,47.78559929290697,47.12151583067647
2006-06-30,9.037441621150954,6.423990323114008,10.36214675848967,4.518720810575477
2006-07-01,9.037345974564534,8.1847406679166,11.96373032391836,4.518672987282267
2006-07-02,10.394585823406024,9.889755571848804,14.059049352910913,5.197292911703012
2006-07-03,29.59531627042209,13.361913965927991,24.205071403140945,14.797658135211044
2006-07-04,13.08181526759248,14.90092157505555,19.492518175234192,6.540907633796239
2006-07-05,15.00342290935424,13.681946423084442,19.130897593674938,7.501711454677119
2006-07-06,48.49122252095524,17.85363382357456,33.44179977858611,24.24561126047762
2006-07-07,92.84165714060468,13.36453744493392,47.37750798218298,46.420828570302334
2006-07-08,86.55248906642247,19.14056767149021,45.85017446358368,43.27624453321123
2006-07-09,84.54880178251148,14.198051699010508,44.46817000229135,42.27440089125574
2006-07-10,28.247642106595773,9.620824074941968,21.02698917584504,14.123821053297888
2006-07-11,18.63000795494572,14.478599221789883,21.09623901247858,9.31500397747286
2006-07-12,44.73451117473072,11.121048639830567,28.51335748066368,22.36725558736536
2006-07-13,44.51080121182399,10.9672131147541,28.3410192926808,22.255400605911998
2006-07-14,21.17012691078267,9.63701239065958,18.18190809254043,10.585063455391335
2006-07-15,10.137287726421851,9.7029057630821,13.787938151265823,5.068643863210927
2006-07-16,11.382345491388044,8.727089213619637,13.42491451367781,5.691172745694022
2006-07-17,0.2825999192571659,5.048027308089228,5.175061546621071,0.1412999596285829
2006-07-18,0.2010654887712049,4.180911059465547,4.273037434594347,0.1005327443856024
2006-07-19,0.8707560537335645,4.62959265972993,5.024658228248909,0.4353780268667822
2006-07-20,0.3039730223942625,5.099926157071056,5.236410268588663,0.1519865111971312
2006-07-21,5.249867407600909,5.7036634780066,8.02916241183595,2.6249337038004543
2006-07-22,15.139043337514988,9.72784420526404,15.824663323980673,7.569521668757494
2006-07-23,56.48522169434717,7.083882101821154,31.32514643921488,28.242610847173584
2006-07-24,22.27664018735956,11.911984770901835,20.396714877994743,11.13832009367978
2006-07-25,10.211294082261825,10.62725064902437,14.647717873524323,5.105647041130911
2006-07-26,18.041063748125463,7.674259175219906,15.310273059284846,9.020531874062732
2006-07-27,12.40854249682446,8.791759842786474,13.905101834887798,6.204271248412231
2006-07-28,12.415558923744811,9.023215463721884,14.110712292879446,6.207779461872406
2006-07-29,95.68192124928524,33.21461187214612,49.27519372202615,47.84096062464263
2006-07-30,18.773497542404407,9.984993763642033,17.497209976017665,9.386748771202203
2006-07-31,46.059585502468565,13.204698847272809,30.15246204260399,23.02979275123428
2006-08-01,75.65516887261582,13.107599454864042,41.018607388448494,37.82758443630791
2006-08-02,43.8561936402468,12.492074897502008,28.941623160892263,21.9280968201234
2006-08-03,99.97319827365352,100.0,50.01340086317324,49.986599136826754
2006-08-04,96.19532654284002,12.867799419809367,48.58724102046608,48.09766327142001
2006-08-05,73.2294684655525,10.396484864569972,39.39792849192001,36.61473423277625
2006-08-06,86.80233912586819,5.223791287697463,44.09058782185685,43.40116956293409
2006-08-07,86.6717711507191,4.287829434409239,43.90737729504444,43.33588557535955
2006-08-08,77.15709798102574,10.882297047492354,41.064381442485285,38.57854899051287
2006-08-09,72.09227912856268,12.068453012866788,39.41416974461277,36.04613956428134
2006-08-10,68.65207355056997,11.398454147700765,37.89921579787823,34.32603677528498
2006-08-11,87.48620091468223,20.40957781978576,46.29711401987068,43.74310045734112
2006-08-12,91.70951106056656,20.285782329125983,47.536546070557016,45.854755530283285
2006-08-13,64.49962900399413,7.8845555209676705,35.04886096332665,32.249814501997065
2006-08-14,90.13457164518574,21.13752801793148,47.15259350518069,45.06728582259287
2006-08-15,12.499060027625292,6.864297151334775,12.255854543727516,6.249530013812646
2006-08-16,99.24634207870837,40.1673640167364,49.92589556004036,49.62317103935418
2006-08-17,63.75785666908816,15.980914408967614,37.67075424023246,31.87892833454408
2006-08-18,29.85931429566153,11.468844654772717,22.97398343105372,14.929657147830769
2006-08-19,71.17362849045135,12.40363153354239,39.16233115176013,35.586814245225675
2006-08-20,37.85262492093612,9.65599715027225,24.927261227071472,18.926312460468058
2006-08-21,28.29368266541114,12.786020514574838,23.31522577735224,14.14684133270557
2006-08-22,27.315708678863075,9.493171339767352,20.55789865164272,13.657854339431536
2006-08-24,57.797690304890814,14.91616502991097,35.19381131300201,28.898845152445407
2006-08-25,36.01428752254676,10.34860071339816,24.628769659188,18.00714376127338
2006-08-26,23.41236391266666,10.993298092772584,20.125689093621755,11.70618195633333
2006-08-27,36.14023293061515,10.40259104899089,24.71318687837384,18.07011646530757
2006-08-28,99.2893573078348,22.07432057681641,49.801548199941664,49.6446786539174
2006-08-29,56.68130452139749,4.782152470459419,30.412218326699524,28.340652260698747
2006-08-30,39.17810820111785,8.273175426958547,24.62095590707536,19.58905410055893
2006-08-31,0.9819753496877152,4.986209377623217,5.428174499513169,0.4909876748438576
2006-09-01,0.0550159506677115,3.9031344672593695,3.928495096060225,0.0275079753338557
2006-09-02,4.898107801115293,4.536544968018212,6.763394005596254,2.4490539005576464
2006-09-03,41.834854404251615,5.074951561915769,23.869280167027824,20.917427202125808
2006-09-04,0.128634417028822,2.969139496451062,3.029637369683441,0.064317208514411
2006-09-05,0.0,3.2261511790828563,3.2261511790828563,0.0
2006-09-06,0.0,2.5683345603077727,2.5683345603077727,0.0
2006-09-07,9.180487457409804,11.04880174291939,14.624711613421502,4.590243728704902
2006-09-08,27.4479516453996,7.176111210938138,18.930391498439537,13.7239758226998
2006-09-09,0.6367863856732958,3.637688894553624,3.932917779756604,0.3183931928366479
2006-09-10,0.0660983004425024,2.945498184064922,2.9766004100469416,0.0330491502212512
2006-09-11,1.3381566605055786,4.844351732991014,5.448605047870466,0.6690783302527893
2006-09-12,0.1211108956269467,3.1788551841651644,3.2355606919944115,0.0605554478134733
2006-09-13,0.0443293990991632,3.0264272873423037,3.047250389861233,0.0221646995495816
2006-09-14,98.46056807206357,21.28040973111396,49.55788145782824,49.230284036031776
2006-09-15,100.0,-1.0,50.0,50.0
2006-09-16,72.00018954276756,12.49665054225958,39.499133236719175,36.00009477138378
2006-09-17,98.64130327671768,55.7006092254134,50.077453990752815,49.32065163835884
2006-09-18,54.18099325760989,8.546241827246536,31.006299747852,27.090496628804942
2006-09-19,61.14627535579103,10.061217433748906,34.48229539545947,30.57313767789552
2006-09-20,3.172705863727217,6.474437845151428,7.855375907858542,1.5863529318636085
2006-09-21,6.723999414271975,6.461535850513606,9.389061924908084,3.3619997071359875
2006-09-22,0.7745770896166299,3.900724779315269,4.2577992036540095,0.3872885448083149
2006-09-23,42.26636814859566,12.90600570408519,28.58428989421562,21.13318407429783
2006-09-24,58.57737608084547,14.99584800847579,35.50036176446169,29.28868804042273
2006-09-25,86.98781881972641,12.709040232670867,45.1476327512122,43.49390940986321
2006-09-26,71.2978490847463,11.062841116869905,38.824197895251885,35.64892454237315
2006-09-27,26.81520698305675,8.401412220137654,19.556159635336293,13.407603491528375
2006-09-28,22.63281821959279,9.235152401753426,18.46138625615861,11.316409109796394
2006-09-29,46.80043641193492,17.965522365879032,32.95779770093133,23.40021820596746
2006-09-30,29.359191356755304,11.789305148129072,23.007656168435705,14.679595678377652
2006-10-01,94.62008224027882,52.440275538619375,50.13128481708832,47.31004112013941
2006-10-02,94.23903358329588,23.111141527511634,48.45094189356484,47.11951679164794
2006-10-03,99.79977533847033,100.0,50.10011233076484,49.89988766923516
2006-10-04,96.07556363263647,27.50376695128076,49.117149648949216,48.03778181631824
2006-10-05,31.160254204779587,20.473594411539985,29.67409745043837,15.580127102389794
2006-10-06,9.109361399066234,14.944910476804068,18.13820527023819,4.554680699533117
2006-10-07,93.06961139518472,83.13897263780648,52.29665958344339,46.53480569759236
2006-10-08,1.0943560516108606,8.708857720242502,9.16072983456028,0.5471780258054303
2006-10-09,0.567574627751787,7.462383568187246,7.7038162863045905,0.2837873138758935
2006-10-10,0.3384074663373626,5.896369723469911,6.045619701251514,0.1692037331686813
2006-10-11,0.1302176098537921,5.421579312394729,5.479628266324697,0.065108804926896
2006-10-12,31.295516962045323,13.17386278017105,24.698792800268706,15.64775848102266
2006-10-13,4.6732337843774365,6.292321424864551,8.334883426404879,2.3366168921887183
2006-10-14,99.07748350114724,83.54700854700855,50.3094766887177,49.538741750573614
2006-10-15,3.019904455447504,11.350993972092873,12.518157027115814,1.509952227723752
2006-10-16,0.8244476636031886,6.958107682054187,7.3129655576400925,0.4122238318015943
2006-10-17,18.48262878116694,8.922281200570591,16.514523478040754,9.24131439058347
2006-10-18,31.51496702983918,9.37559528276292,22.178363035468617,15.75748351491959
2006-10-19,76.41217100594515,10.514616168875666,40.68625518426821,38.20608550297258
2006-10-20,96.3270539500937,48.21697099892589,49.93451030673637,48.16352697504685
2006-10-21,97.60850449711562,37.691673536685904,49.70564692614951,48.80425224855781
2006-10-22,41.90087997851399,18.51801495581237,31.709243724031158,20.950439989257
2006-10-23,99.5257244234181,93.34995843724025,50.20559826532624,49.76286221170905
2006-10-24,92.07282681149988,69.01681759379042,51.50749606560093,46.03641340574994
2006-10-25,10.1529693467635,5.848589501876552,10.331268675914748,5.07648467338175
2006-10-26,0.5489590754373467,3.720256454135542,3.9743133064196954,0.2744795377186733
2006-10-27,0.0791596412485058,3.5194530488722697,3.556246883089126,0.0395798206242529
2006-10-28,15.618601121063824,7.856630891536239,14.438835611564825,7.809300560531912
2006-10-29,41.99352996543514,10.812413924758308,27.26866462599562,20.99676498271757
2006-10-30,0.6839393003870906,3.883216565840128,4.198627371820751,0.3419696501935453
2006-10-31,73.78143507164317,10.62937062937063,39.67758597575882,36.89071753582159
2006-11-01,24.72324431256182,6.0532318592257,16.918298714144413,12.36162215628091
2006-11-02,12.599017148464393,6.037792224254387,11.576598320764123,6.299508574232196
2006-11-03,31.020690746528462,7.139866597078441,20.435376033548287,15.510345373264231
2006-11-04,5.323069007144129,7.63107948797271,9.886406364409966,2.661534503572065
2006-11-05,22.061557938046445,5.713560569528693,15.483839063179966,11.030778969023222
2006-11-06,47.04646930404608,10.710105490736945,29.194613650629478,23.52323465202304
2006-11-07,0.7805140627102678,4.85475622501815,5.207121201326716,0.3902570313551339
2006-11-08,0.8850047891582955,4.575949013249846,4.977954039912291,0.4425023945791477
2006-11-09,67.10327316666732,13.079176069525136,37.85425740697597,33.55163658333366
2006-11-10,3.410183847539135,5.7744868648043965,7.282658170232134,1.7050919237695674
2006-11-11,99.56565266402328,58.34845735027224,50.03626130209607,49.78282633201164
2006-11-12,18.425768069965866,9.501180737730754,16.963399246071145,9.212884034982933
2006-11-13,8.696340382423704,6.971412225650983,10.713324680258326,4.348170191211852
2006-11-14,34.66524301024242,9.77713483282086,23.72048878870566,17.33262150512121
2006-11-15,2.0506142739535176,6.860490958682695,7.745115888797416,1.0253071369767588
2006-11-16,78.86854715834181,41.81828370755034,48.271084480022736,39.434273579170906
2006-11-17,79.5470241642363,28.724964303631385,45.64862208997162,39.77351208211815
2006-11-18,99.21838971727227,73.97881996974282,50.18742092256028,49.609194858636144
2006-11-19,53.50847718926526,32.37027148821114,41.803670747471074,26.75423859463263
2006-11-20,50.78723193991501,35.01718930728698,42.62654412491353,25.393615969957505
2006-11-21,80.4534144318496,32.24691856940796,46.52987874718591,40.2267072159248
2006-11-22,35.15525199033407,26.386635601800464,34.68797335938334,17.577625995167036
2006-11-23,77.96864332871625,37.586200720055885,47.26507160417826,38.98432166435813
2006-11-24,70.40939917701967,38.74645014199432,46.67000698310247,35.20469958850983
2006-11-25,100.0,-1.0,50.0,50.0
2006-11-26,2.554065606991324,13.805274509246434,14.729711544550694,1.277032803495662
2006-11-27,9.452574954513093,13.322878535046872,16.789810932679377,4.7262874772565455
2006-11-28,87.70166695579492,30.42028660276344,47.592021637307006,43.85083347789746
2006-11-29,1.9497019639506996,10.798537105212167,11.56284879716925,0.9748509819753496
2006-11-30,2.1594664661297025,9.67156016003301,10.542439294690388,1.0797332330648512
2006-12-01,2.222785130770692,9.145482512953368,10.053590652903551,1.111392565385346
2006-12-02,2.7653178276175785,9.40081930200676,10.523515683715043,1.3826589138087892
2006-12-03,72.39053389733623,30.68180195616477,44.66634865944186,36.19526694866811
2006-12-04,94.43355485003254,35.21326342638515,49.17690441915955,47.21677742501627
2006-12-05,57.06518520273392,12.748073350622596,34.005954284676406,28.53259260136696
2006-12-06,99.5960033896301,97.7560975609756,50.19293301539128,49.79800169481505
2006-12-07,97.3422935183178,83.5236541598695,50.89096032950358,48.6711467591589
2006-12-08,96.89457644892826,60.59413482290212,50.3289927578227,48.44728822446413
2006-12-09,95.52985505869688,57.25163803789622,50.32415873091263,47.76492752934844
2006-12-10,40.520379967505896,58.895424185026414,55.2909645055323,20.260189983752948
2006-12-11,4.314425482063135,58.501094046648994,58.134320678846215,2.157212741031568
2006-12-12,51.39735230191662,49.594679198952754,49.803003359019954,25.69867615095831
2006-12-13,4.497548195083725,51.43075004040496,51.36640136778657,2.248774097541862
2006-12-14,1.7351312628383484,45.00336317902988,45.09006138660102,0.8675656314191742
2006-12-15,1.7553511493888925,46.0085971775152,46.078660312836426,0.8776755746944462
2006-12-16,7.203745330209586,47.19576945220377,47.39777907933895,3.601872665104793
2006-12-17,77.34642765584019,63.49565611017288,53.05724822023704,38.673213827920094
2006-12-18,91.8539015814452,90.01258105100165,53.2594642322186,45.92695079072261
2006-12-19,71.78957004861418,60.25988921837408,52.8943588610392,35.89478502430709
2006-12-20,12.17187265058048,49.6726902473858,49.71252997364693,6.08593632529024
2006-12-21,3.135054275775552,41.402710310537685,41.67224000854799,1.567527137887776
2006-12-22,3.225563880016939,42.07362209071688,42.32929247355236,1.6127819400084695
2006-12-23,3.4882754526565742,39.64061494047839,40.00197882655585,1.7441377263282871
2006-12-24,1.7397980789399736,38.26331073760356,38.467505431921886,0.8698990394699868
2006-12-25,4.037813945574194,37.11439257423497,37.63468942784446,2.018906972787097
2006-12-26,3.002683299429304,35.96273976179887,36.38423423066877,1.501341649714652
2006-12-27,6.518616421389198,37.19447666296977,38.02921961006225,3.259308210694599
2006-12-28,5.406143506809627,37.20072971321935,37.89267663274716,2.7030717534048136
2006-12-29,15.220944082370773,37.24550283319175,39.1868577149392,7.6104720411853855
2006-12-30,6.121495881931554,35.51138279932546,36.39830290461358,3.060747940965777
2006-12-31,64.85573523078807,37.15066213998247,45.48419468138485,32.427867615394035
2007-01-01,94.93958329226706,85.80554689934559,51.81190987758964,47.46979164613353
2007-01-02,58.447091557255895,28.805950274876828,41.19325592240991,29.223545778627948
2007-01-03,33.99535713297029,29.06291192330737,36.18054978822357,16.997678566485146
2007-01-04,94.97264399350394,59.2519993727458,50.46513094618671,47.48632199675197
2007-01-05,17.27439928804509,38.28238927855951,40.30653614159992,8.637199644022544
2007-01-06,18.28505856283634,34.45644278727422,37.2985913263691,9.14252928141817
2007-01-07,11.523960612258623,33.73680915757467,35.610972864552224,5.761980306129312
2007-01-08,87.23386635644853,82.8159268526241,54.189325078376086,43.616933178224265
2007-01-09,71.79252213892423,33.29319181112947,45.28743077883195,35.89626106946211
2007-01-10,26.65808520131565,43.97103555950362,45.57824203680817,13.329042600657823
2007-01-11,5.944837794303309,35.161496642149025,36.04362159787552,2.9724188971516545
2007-01-12,29.321200041129803,29.062148536513032,35.20137784843667,14.6606000205649
2007-01-13,5.05659331961374,31.391437372604763,32.33239670729777,2.52829665980687
2007-01-14,11.334454446532792,33.63441627990004,35.48936591156395,5.667227223266396
2007-01-15,5.425512970181444,30.32658953490805,31.393972971368644,2.712756485090722
2007-01-16,21.24790407795248,40.30591236404174,42.3657028061628,10.62395203897624
2007-01-17,33.39958745939794,54.25677720225699,52.83503117763746,16.69979372969897
2007-01-18,100.0,-1.0,50.0,50.0
2007-01-19,53.34071058767735,38.7821653029764,44.76583804291982,26.670355293838675
2007-01-20,61.42242570154319,31.15383041414307,42.72960492560287,30.711212850771595
2007-01-21,58.392671871363255,42.53152555228975,46.892567330337805,29.196335935681628
2007-01-22,100.0,-1.0,50.0,50.0
2007-01-23,100.0,-1.0,50.0,50.0
2007-01-24,90.65595621174838,65.42730533867905,51.44153416619345,45.32797810587419
2007-01-25,80.568447534138,88.25057326650297,57.43268021277351,40.284223767069
2007-01-26,93.7228746112274,100.0,53.1385626943863,46.8614373056137
2007-01-27,57.10660400105936,57.05030733644817,53.02411624496508,28.55330200052968
2007-01-28,7.745943806885636,66.49365579128883,65.21606648199446,3.872971903442818
2007-01-29,12.305514588135749,61.84752174363922,60.38962322714314,6.152757294067874
2007-01-30,6.553075279031109,56.36523042909239,55.948112087390165,3.2765376395155545
2007-01-31,2.5074400050655354,52.56137559264792,52.49715063635788,1.2537200025327675
2007-02-01,40.60356436269147,55.12236634775845,53.042503030853496,20.301782181345736
2007-02-02,4.947501315930076,47.71830188365005,47.83118892798201,2.473750657965038
2007-02-03,4.064007725889248,45.05196192896543,45.25305057845221,2.032003862944624
2007-02-04,12.58749550418358,47.90088847692899,48.16511404552335,6.2937477520917895
2007-02-05,22.51500842370026,48.79827690925702,49.06884496436735,11.25750421185013
2007-02-06,99.79859290936682,99.60861056751467,50.09991525924759,49.89929645468341
2007-02-07,91.12042322369044,89.37180910099889,53.49605001734523,45.56021161184522
2007-02-08,100.0,-1.0,50.0,50.0
2007-02-09,20.717809151216198,57.54579065276939,55.98246814637832,10.358904575608095
2007-02-10,70.28123384592315,60.38001407459536,53.08481210958925,35.14061692296158
2007-02-11,98.2984711071171,89.50660180681028,50.67221624433908,49.14923555355855
2007-02-12,45.20069739032114,40.6793111657805,44.892327520429504,22.60034869516057
2007-02-13,51.48981940264865,47.47705300226617,48.776113855023866,25.744909701324325
2007-02-14,87.15977405052307,81.59503548278086,54.05687394480647,43.579887025261534
2007-02-15,17.65364676085322,48.87952287810997,49.07732795124461,8.82682338042661
2007-02-16,4.671787626589417,45.91169120150115,46.102688306086186,2.3358938132947085
2007-02-17,52.10299176318364,58.12695092120544,53.89256635213179,26.05149588159182
2007-02-18,11.957270029673593,46.33709016393443,46.77507418397626,5.978635014836796
2007-02-19,2.838428811714653,43.28460344680106,43.47521519738795,1.4192144058573266
2007-02-20,8.22481015863971,44.5879289083587,45.03306148129681,4.112405079319855
2007-02-21,7.467932100353429,41.70779904019709,42.327054977500026,3.7339660501767145
2007-02-22,59.42533911628311,39.35824295644386,45.68214316750804,29.71266955814156
2007-02-23,90.55699527849764,42.34753550543024,49.277377416466486,45.27849763924882
2007-02-24,99.53885264962656,82.991452991453,50.15213921131979,49.76942632481328
2007-02-25,100.0,-1.0,50.0,50.0
2007-02-26,50.67103614305424,37.87684515891206,44.01977333011816,25.33551807152712
2007-02-27,11.14351514767799,44.82500634599712,45.40168254772231,5.571757573838995
2007-02-28,77.53061103771911,47.25951666403412,49.384230139795335,38.76530551885956
2007-03-01,58.97744491445168,38.251844441665625,45.18060641454637,29.48872245722584
2007-03-02,36.93481347312139,30.54067951789096,37.72794324109484,18.467406736560694
2007-03-03,70.27856804172595,16.57692870152488,40.066184605658286,35.13928402086297
2007-03-04,4.27185695571817,41.44747725392887,41.79921401631332,2.135928477859085
2007-03-05,52.0902544331249,52.0456119521124,50.98004748154264,26.04512721656245
2007-03-06,87.74612063016346,35.949668533178865,48.27828933099355,43.87306031508173
2007-03-07,99.50771534990048,78.46277021617294,50.14011784876732,49.75385767495024
2007-03-08,95.14581863056256,77.83463287849253,51.35114356343908,47.57290931528129
2007-03-09,1.470669716710069,43.99540287159787,44.06507990533256,0.7353348583550345
2007-03-10,86.48186606233368,30.698910599024504,47.39085288334742,43.24093303116684
2007-03-11,35.06638741800364,46.15328436056455,47.5,17.533193709001818
2007-03-12,2.734515691109361,40.75605289928789,41.00883008323471,1.3672578455546804
2007-03-13,2.666635005817681,38.70090265918517,39.00220834421675,1.3333175029088404
2007-03-14,1.31761222858138,37.68374611450918,37.84602658180753,0.65880611429069
2007-03-15,3.1493258511450835,37.6290702853337,38.01867117286466,1.5746629255725415
2007-03-16,6.010226130454398,35.88309845515139,36.7315561606104,3.005113065227199
2007-03-17,18.864572493501047,36.761177434456926,39.25862471461978,9.432286246750524
2007-03-18,3.533630441149697,35.261559922865466,35.7823619279817,1.7668152205748484
2007-03-19,100.0,-1.0,50.0,50.0
2007-03-20,99.98738742289576,100.0,50.00630628855212,49.99369371144788
2007-03-21,62.98589679249831,50.01014209610437,50.00375400591948,31.492948396249155
2007-03-22,34.73902728351127,46.28072131465413,47.5703835508106,17.369513641755635
2007-03-23,65.20018153475799,59.57079987296402,53.3266244401034,32.600090767378994
2007-03-24,95.92453008704427,62.333139872315726,50.50263340481897,47.96226504352214
2007-03-25,97.50321313957248,59.68022795630837,50.23793002846487,48.75160656978624
2007-03-26,74.37788672785577,51.52942625348297,50.391668080037554,37.18894336392788
2007-03-27,87.34041378004324,37.97681376215408,48.47791437183392,43.67020689002162
2007-03-28,87.49280379801739,56.79876414767174,50.85033477125936,43.746401899008696
2007-03-29,30.27037935414433,40.61838468567148,43.45518144658692,15.135189677072164
2007-03-30,98.9736232203951,51.68970814132104,50.01734277200561,49.48681161019755
2007-03-31,99.8198645633785,99.34354485776804,50.08888520997407,49.90993228168925
2007-04-01,96.9273853192916,37.35558408215661,49.61148582021851,48.4636926596458
2007-04-02,95.94291933156155,55.97239770628827,50.242304992784085,47.97145966578078
2007-04-03,56.765569604243325,37.12277044879004,44.43201625238628,28.382784802121662
2007-04-04,92.69964795256624,44.61604924937898,49.60695264114421,46.34982397628312
2007-04-05,3.053797656222172,46.46623545899918,46.53479453355971,1.526898828111086
2007-04-06,1.674905311650328,43.95726918881496,44.05847920814023,0.8374526558251639
2007-04-07,14.556037876959238,39.25289911451966,40.8172511900852,7.278018938479619
2007-04-08,62.5516467716324,38.41691103563216,45.66186868487372,31.2758233858162
2007-04-09,11.794991531192125,40.1840394459973,41.34183116204708,5.897495765596061
2007-04-10,3.220099500124672,37.764745815390526,38.15873317422812,1.610049750062336
2007-04-11,8.0209289807808,36.38714618886566,37.479023525314254,4.0104644903904
2007-04-12,23.89556325878089,28.852133401274944,33.90553524225589,11.947781629390445
2007-04-13,51.672571410495685,27.709414017116394,39.22753297693987,25.836285705247843
2007-04-14,9.548703174590612,30.71161376413712,32.55340451296826,4.774351587295306
2007-04-15,2.4384934456335885,29.80222722570437,30.29474859096954,1.2192467228167942
2007-04-16,16.163358990086863,26.51863809941893,30.31401491917133,8.081679495043431
2007-04-17,12.911855258055068,26.26391602671877,29.32868483327925,6.455927629027534
2007-04-18,79.5534159258484,11.446120564773144,42.1170486274293,39.7767079629242
2007-04-19,14.162854021878513,27.465960909799293,30.65742397137746,7.081427010939256
2007-04-20,3.222142184296559,24.804410327298307,25.616248050724693,1.6110710921482796
2007-04-21,7.2801681317507,24.915373615350138,26.741576591374145,3.64008406587535
2007-04-22,14.492719214941438,25.55184317935713,29.095045900601452,7.246359607470719
2007-04-23,7.927712560061427,23.4825558402256,25.58478259148731,3.9638562800307136
2007-04-24,89.84857513822402,14.232399020331998,46.369078861689154,44.92428756911201
2007-04-25,12.210779618620924,24.42315495243677,27.546287134590877,6.105389809310462
2007-04-26,30.71797994495935,18.49991724547276,28.176106348654034,15.358989972479677
2007-04-27,80.92356310487853,23.79276070570695,45.00059253407071,40.46178155243926
2007-04-28,5.070530682034071,17.143988826116868,18.809962953581152,2.5352653410170354
2007-04-29,20.41276509891884,18.63726060353012,25.03926292511759,10.206382549459418
2007-04-30,78.840851809049,18.441606859912387,43.32251282880594,39.4204259045245
2007-05-01,55.0191973870992,15.019867083934034,34.265655459294024,27.5095986935496
2007-05-02,99.3236505527856,34.9067599067599,49.89791695406262,49.6618252763928
2007-05-03,97.4126819577531,43.92138939670932,49.842727011143126,48.70634097887655
2007-05-04,100.0,-1.0,50.0,50.0
2007-05-05,80.07189697400648,22.259445743963845,44.47183376787549,40.03594848700324
2007-05-06,86.53754288444001,22.087976539589445,46.24235581155718,43.26877144222001
2007-05-07,33.44894407972791,10.177025332628164,23.497389860001583,16.724472039863954
2007-05-08,34.935860669517304,12.813700695491464,25.805054408664247,17.467930334758652
2007-05-09,59.036268405968976,11.481452889180533,34.221365747603514,29.518134202984488
2007-05-10,2.603560600663358,12.257188835969377,13.239845797018848,1.301780300331679
2007-05-11,42.15310134242522,16.016874982906216,30.341816110684817,21.07655067121261
2007-05-12,51.533104625794415,16.30690945861093,33.670005058968606,25.766552312897208
2007-05-13,69.6755180886617,20.82877390443437,41.1539768193346,34.83775904433085
2007-05-14,67.29414459239602,9.369378071308692,36.71140754079199,33.64707229619801
2007-05-15,94.3001152528458,22.20760335156845,48.41586542256746,47.1500576264229
2007-05-16,13.502560571161714,21.63510202212197,25.44582432977941,6.751280285580857
2007-05-17,94.93792728004324,20.939837905236907,48.52895346222578,47.46896364002161
2007-05-18,4.218021483926635,12.90977170157544,14.472559310361206,2.109010741963317
2007-05-19,0.4326074394230845,11.985815320884631,12.14922383971756,0.2163037197115422
2007-05-20,7.598964641067655,13.317142538956425,16.10465990675437,3.7994823205338273
2007-05-21,14.37656817660142,12.34498856046775,17.75848695197917,7.18828408830071
2007-05-22,66.44539800700157,21.356067921151173,40.38864259579748,33.222699003500786
2007-05-23,39.84932075695557,16.341867529291097,29.7544046983449,19.924660378477785
2007-05-24,56.54410544532158,12.368846944156529,33.64704580834301,28.27205272266079
2007-05-25,47.48542591142434,15.191179460916848,31.72029614864384,23.74271295571217
2007-05-26,58.02325673314835,11.207886857121336,33.71633425822721,29.011628366574172
2007-05-27,74.6546074086958,16.719434783286804,41.56491008921901,37.3273037043479
2007-05-28,99.18479974771364,35.541586073500966,49.882134973194574,49.59239987385683
2007-05-29,98.5243110298291,100.0,50.737844485085446,49.26215551491455
2007-05-30,48.07953147923332,19.086308344257795,33.942447238028954,24.03976573961666
2007-05-31,92.43614969972516,22.208320300281517,47.89787895158142,46.218074849862575
2007-06-01,99.9617681256528,100.0,50.0191159371736,49.9808840628264
2007-06-02,99.47539562107087,39.21863260706236,49.94344047454821,49.73769781053544
2007-06-03,68.32356518854363,11.450514924070518,37.788897489771095,34.16178259427181
2007-06-04,61.36559522397501,12.908573650709185,35.6699482070138,30.682797611987507
2007-06-05,93.73807233096224,23.140860147345883,48.31810008990111,46.86903616548113
2007-06-06,99.4982321848776,88.53102906520031,50.19333630268464,49.7491160924388
2007-06-07,85.90445462935938,24.898564512969752,46.46181577224356,42.95222731467969
2007-06-08,85.42164682492722,22.769705333225097,46.03027147286455,42.71082341246361
2007-06-09,70.11145603766282,15.637718695491303,39.72961444583995,35.05572801883141
2007-06-10,18.146128335219764,11.745878257506163,18.687520282410304,9.073064167609882
2007-06-11,95.5214280922862,20.061674008810574,48.65919054251881,47.7607140461431
2007-06-12,84.58878725753036,15.89961370206452,44.7447169216212,42.29439362876518
2007-06-13,95.26012518191608,27.566982859044764,48.93670306959941,47.63006259095803
2007-06-14,65.37970253372299,16.89321940966828,38.53833407811951,32.689851266861496
2007-06-15,90.44788716840335,15.508485073702468,46.70533157691307,45.223943584201685
2007-06-16,64.42625798454019,14.034114239421145,37.20558858595668,32.21312899227009
2007-06-17,34.609860609393735,11.976837761467667,25.136601211507344,17.304930304696867
2007-06-18,77.88910206305218,15.711480092840564,42.418500359237946,38.94455103152609
2007-06-19,9.104365377765465,12.042270079158431,15.498080500257252,4.552182688882732
2007-06-20,0.9819753496877152,6.809687696114289,7.233805916391586,0.4909876748438576
2007-06-21,66.02033035844799,21.6523852155007,40.36757414496739,33.010165179224
2007-06-22,39.666567784040346,11.22867744430896,26.607930386631068,19.833283892020173
2007-06-23,58.271944704761225,14.4424755280539,35.162536526728275,29.13597235238061
2007-06-24,29.01376237545406,13.98199503888068,24.4321734106791,14.50688118772703
2007-06-25,47.739682966465935,11.246879019444654,29.747496115172773,23.869841483232968
2007-06-26,45.171008258842974,8.924541226520532,27.47874010144658,22.585504129421487
2007-06-27,80.73509672325306,15.500635271937377,43.35373075404659,40.36754836162653
2007-06-28,62.83185490884367,16.420101036958258,37.51897443195295,31.415927454421837
2007-06-29,63.79513359306471,13.562448159951106,36.807833034352505,31.897566796532352
2007-06-30,76.30571436473474,12.753043188260795,41.17459966258263,38.15285718236737
2007-07-01,33.20659914543441,11.025487629348389,23.967597721158413,16.603299572717205
2007-07-02,98.33619765388497,89.12579957356077,50.65097597124117,49.16809882694248
2007-07-03,79.17467812683836,13.306917928981743,42.35854755352708,39.58733906341918
2007-07-04,87.03681803847367,20.021286300745015,46.11380479344056,43.518409019236834
2007-07-05,81.3836716325999,10.971162001696351,42.73426336025516,40.69183581629995
2007-07-06,55.216865374276594,7.147333762920724,30.809232788336864,27.608432687138297
2007-07-07,9.015858190496168,5.692574033476006,9.687268726476884,4.507929095248084
2007-07-08,40.06011944785033,11.603077613397913,26.984930585769096,20.030059723925167
2007-07-09,98.7332242870938,30.678282514001243,49.75523717557102,49.366612143546895
2007-07-10,29.20730380422956,7.134833030599413,19.654592573542505,14.60365190211478
2007-07-11,73.92023365500366,14.70405738759326,40.79490063742032,36.96011682750183
2007-07-13,8.0710975315336,7.341760162566624,10.784748305081392,4.0355487657668
2007-07-14,0.0043537802686678,3.960925099844444,3.9629295400033246,0.0021768901343339
2007-07-15,0.8841921950447241,5.431943967479415,5.826011240402122,0.442096097522362
2007-07-16,0.0,3.407822555748177,3.407822555748177,0.0
2007-07-17,0.0,3.871302255258179,3.871302255258179,0.0
2007-07-18,0.2865579013195912,3.7010280633509303,3.833701425665139,0.1432789506597956
2007-07-19,0.6938150327909729,4.211503818132543,4.52919128793126,0.3469075163954864
2007-07-20,36.77785113642204,8.97283573876285,24.061745136255997,18.38892556821102
2007-07-21,10.54954013708822,9.71122918943312,13.961509236833358,5.27477006854411
2007-07-22,26.873445304374304,8.352712130225514,19.54477325666468,13.436722652187152
2007-07-23,19.7240953556843,9.662614491210428,17.618798872954063,9.86204767784215
2007-07-24,55.5595092655193,9.787192398711769,32.12923096387495,27.77975463275965
2007-07-25,0.6016132734886446,3.6590027634649234,3.937796353906924,0.3008066367443223
2007-07-26,14.708850639764751,12.187595704991972,17.749365776048695,7.354425319882377
2007-07-27,32.894466159226496,9.844125831250295,23.05318627063124,16.447233079613248
2007-07-28,34.18757441153087,14.540974246476546,26.663555061566267,17.093787205765434
2007-07-29,53.48128412006309,14.435276222201448,33.455747192321525,26.740642060031544
2007-07-30,10.299116381954091,5.094757459723668,9.719600650545484,5.149558190977046
2007-07-31,5.800428224845748,5.088334768817092,7.693403675134859,2.900214112422874
2007-08-01,0.324554529118874,3.7671640842777374,3.9172148471823127,0.162277264559437
2007-08-02,0.5169124573527433,3.45735792606267,3.697942640923952,0.2584562286763716
2007-08-03,51.14246062968777,10.68463219227968,30.791478694759984,25.571230314843884
2007-08-04,2.515693398877516,4.245669879576773,5.396708542116887,1.257846699438758
2007-08-05,1.005723242062267,4.492369449009049,4.950050266372193,0.5028616210311335
2007-08-06,1.283969381050765,6.769576199831602,7.324641604724247,0.6419846905253825
2007-08-07,47.595087805282944,8.501651758104174,28.252827041576584,23.797543902641472
2007-08-08,99.40189642596646,32.56427158866183,49.895716285213005,49.70094821298323
2007-08-09,76.10346174021764,13.43170264738892,41.26144283218231,38.05173087010882
2007-08-10,70.70628444988839,15.693706331435973,39.9504119169449,35.35314222494419
2007-08-11,71.8486913580247,4.68999971932976,37.24464197530864,35.92434567901235
2007-08-12,28.60488298865488,10.93670353050686,22.11071377711673,14.30244149432744
2007-08-13,49.024424980417294,13.11494493725408,31.197631085475564,24.512212490208647
2007-08-14,87.19262214147479,23.671631664970548,46.62802638334848,43.59631107073739
2007-08-15,7.590232705398132,5.340448220778498,8.730212126009182,3.795116352699066
2007-08-16,28.720689641530413,14.40972414941444,24.63138280406221,14.360344820765206
2007-08-17,89.45328517805886,26.808478821638197,47.5540563984481,44.72664258902943
2007-08-18,54.85866143600614,9.075936503486702,31.52632994289511,27.42933071800307
2007-08-19,71.15775674512452,16.741734547196934,40.40757017575032,35.57887837256226
2007-08-20,99.93023668289224,32.7683615819209,49.987978637447526,49.965118341446114
2007-08-21,99.6149161841623,100.0,50.19254190791885,49.80745809208115
2007-08-22,68.0668880455408,14.52870831166902,38.672912713472485,34.0334440227704
2007-08-23,75.45159302105063,13.648141889173226,41.076197926544026,37.72579651052531
2007-08-24,44.11416203235592,6.755763495271884,25.83259605662285,22.05708101617796
2007-08-25,0.9724030664139024,3.7975189436327015,4.246793286184119,0.4862015332069512
2007-08-26,7.357923064745924,5.158316530535525,8.457733101155613,3.678961532372962
2007-08-27,28.031597601303776,11.413715585993108,22.23006756222212,14.015798800651888
2007-08-28,73.82855382768506,15.316484345529988,40.92282236982396,36.91427691384253
2007-08-29,91.2910450115131,20.902752625860195,47.46593382329748,45.64552250575655
2007-08-30,96.6616868552688,18.939662297791948,48.96310866368929,48.330843427634406
2007-08-31,31.07417637784074,5.711402739317636,19.47371956737361,15.53708818892037
2007-09-01,43.47312019297309,10.207208215574894,27.50637641615754,21.736560096486546
2007-09-02,56.413052066050405,14.61082511600928,34.5749387690606,28.2065260330252
2007-09-03,25.512610495160764,11.289302997625486,21.16541234380317,12.756305247580382
2007-09-04,55.00772425019459,12.295060373216248,33.0356895918198,27.503862125097296
2007-09-05,65.48593517175414,9.535861113337836,36.03418087246598,32.74296758587707
2007-09-06,92.31287770379744,31.794871794871792,48.600549530691325,46.15643885189872
2007-09-07,21.443756025857848,5.68692249266877,15.189310720890168,10.721878012928924
2007-09-08,7.331687008279116,3.9490429539029206,7.325354988839816,3.665843504139558
2007-09-09,13.175318687494311,5.643021888361154,11.487195114711668,6.587659343747156
2007-09-10,6.875304230134514,6.471353170657079,9.464080067435203,3.437652115067257
2007-09-11,9.804728622652114,4.25976305397104,8.744469157887238,4.902364311326057
2007-09-12,0.3882780403239212,4.9572656364857295,5.132117441243756,0.1941390201619606
2007-09-13,3.328227597098042,5.805984081752973,7.276861515809972,1.664113798549021
2007-09-14,13.241898912996168,5.744153907201401,11.604468309900955,6.620949456498083
2007-09-15,13.812019124212394,7.962216323944051,13.768483044675934,6.906009562106197
2007-09-16,23.419659600731123,17.33103954206834,24.981998876413385,11.70982980036556
2007-09-17,82.16902977556721,20.76658912152432,44.7873992106729,41.084514887783605
2007-09-18,85.28334648776638,26.147699238442563,46.48973954222573,42.64167324388319
2007-09-19,6.014945340267718,8.693363430010487,11.177935041598392,3.007472670133859
2007-09-20,6.057032038469911,6.738259444474871,9.35863693032276,3.028516019234956
2007-09-21,0.1812755784590784,4.158273723611794,4.241373578094944,0.0906377892295392
2007-09-22,0.5133502734965605,4.465759855504323,4.699510001820672,0.2566751367482802
2007-09-23,2.7642437315707187,5.600986685445169,6.828283627871999,1.3821218657853591
2007-09-24,0.8272182510468863,4.432799604093166,4.809739802259216,0.4136091255234431
2007-09-25,40.23494918522499,14.932793832768049,29.042066414831908,20.117474592612496
2007-09-26,98.83877681337654,39.98642226748133,49.88372001355943,49.41938840668827
2007-09-27,99.099376066658,100.0,50.450311966671,49.549688033329
2007-09-28,98.74405733342796,46.92404268675456,49.9613677396974,49.37202866671397
2007-09-29,98.5004061482165,30.44964501709177,49.70682407867446,49.25020307410825
2007-09-30,35.15555573109416,28.64739095743061,36.154019329433744,17.57777786554708
2007-10-01,33.211823127530366,11.926524040112238,24.57141953441296,16.605911563765183
2007-10-02,7.85000494706639,14.36823569833362,17.165330958741468,3.925002473533195
2007-10-03,1.8562788930403396,11.838719824492069,12.547099613704008,0.9281394465201696
2007-10-04,100.0,-1.0,50.0,50.0
2007-10-05,21.31432957953799,9.167940620348393,17.871020330639993,10.657164789768997
2007-10-06,68.16096080930191,35.22187937593715,45.29478838285599,34.08048040465096
2007-10-07,1.8737087083521335,6.561794127137786,7.375699573329533,0.9368543541760668
2007-10-08,0.1321966008850048,5.26355421686747,5.322694277549534,0.0660983004425024
2007-10-09,31.27841964998853,8.218594829719047,21.28715807454153,15.639209824994266
2007-10-10,49.04515945600152,11.863355962677083,30.5675338419498,24.52257972800076
2007-10-11,11.80656421540885,5.664128234929837,10.898671405334168,5.903282107704425
2007-10-12,56.17532867221161,8.288392109551548,31.72002493647512,28.087664336105806
2007-10-13,3.154090937876005,5.036229959090593,6.454428155278323,1.5770454689380025
2007-10-14,4.825960009178741,5.825573661456601,7.957413810838826,2.4129800045893703
2007-10-15,0.0189983138996414,4.545418556962226,4.554054161026542,0.0094991569498207
2007-10-16,0.0945957712919645,4.189925321395322,4.233259714866972,0.0472978856459822
2007-10-17,0.263205807151282,4.6680609074205615,4.787377203606513,0.131602903575641
2007-10-18,76.53569779692918,25.58229487244169,44.270555877815006,38.26784889846459
2007-10-19,12.224157036567991,5.333826287692974,10.793889504511634,6.112078518283996
2007-10-20,45.29909798044108,8.652024926622616,27.382284668040192,22.64954899022054
2007-10-21,22.417224963692554,8.145714956083527,17.52828419132341,11.208612481846275
2007-10-22,73.35940552251587,21.699971854770617,42.46070426481557,36.679702761257936
2007-10-23,82.00287985482375,26.22095572117492,45.72045683176519,41.00143992741187
2007-10-24,99.81947893263964,100.0,50.09026053368019,49.90973946631981
2007-10-25,32.65118154434843,16.15788701393984,27.20773676346186,16.325590772174216
2007-10-26,91.56713445818858,99.22379126531376,54.15097613198581,45.78356722909429
2007-10-27,50.02708826820944,17.240642557569043,33.629195221392216,25.01354413410472
2007-10-28,53.26156069934876,23.27686002788457,37.510021444904766,26.630780349674374
2007-10-29,26.31404122048054,16.218203284318985,25.10755919710223,13.15702061024027
2007-10-30,74.67226340435772,100.0,62.66386829782113,37.33613170217886
2007-10-31,8.706715738652102,18.410067233374804,21.160512881396176,4.353357869326051
2007-11-01,2.6201011628183104,11.433413807398738,12.443897380690409,1.3100505814091552
2007-11-02,4.831432212714421,9.781202823028393,11.724346745402876,2.4157161063572103
2007-11-03,0.6206115873882859,7.914021490644639,8.175211949939442,0.3103057936941429
2007-11-04,7.390710652866557,6.408185245018848,9.629930141893094,3.6953553264332784
2007-11-05,19.029192983565608,8.938255695325124,16.751974261479965,9.514596491782804
2007-11-06,32.671646453582404,10.419578776737575,23.35115406364057,16.335823226791202
2007-11-07,83.16605335060095,6.684648762753606,42.70831688172213,41.58302667530048
2007-11-08,10.23157161625275,9.884858850704424,13.989268246355476,5.115785808126375
2007-11-09,46.73040576340617,11.597215005715473,29.542992257993088,23.365202881703084
2007-11-10,61.07239835100769,7.301397124522785,33.37845796294906,30.53619917550385
2007-11-11,45.360853216330426,49.41579167810049,49.680793557474914,22.680426608165213
2007-11-12,41.84472314918787,20.372032308068857,32.76977336348828,20.922361574593936
2007-11-13,10.046377637431345,37.67156431462256,38.91012552036342,5.023188818715672
2007-11-14,32.82312319794967,25.0647637887994,33.249287090101525,16.411561598974835
2007-11-15,11.471816077399442,31.74715274177111,33.84108580812378,5.735908038699721
2007-11-16,3.45168784804816,34.77031048873074,35.29599183088669,1.72584392402408
2007-11-17,19.62286387743076,41.97730716998957,43.55158926332691,9.81143193871538
2007-11-18,89.10912165758009,97.74133999348464,55.19945125773147,44.554560828790045
2007-11-19,99.98029284827464,94.0,50.00867114675916,49.99014642413732
2007-11-20,100.0,-1.0,50.0,50.0
2007-11-21,99.3155224516526,100.0,50.342238774173694,49.65776122582631
2007-11-22,94.89196125507078,99.09701319749942,52.507894456731286,47.44598062753539
2007-11-23,91.68555626076709,99.9288796168982,54.151308605376336,45.842778130383536
2007-11-24,90.89493273613324,100.0,54.552533631933386,45.44746636806662
2007-11-25,80.77021660863359,74.80159950784375,54.76929386295255,40.3851083043168
2007-11-26,37.493770616293695,30.18153976600416,37.61222778581995,18.746885308146847
2007-11-27,2.1143205439764423,38.6145659803652,38.85529055086322,1.0571602719882212
2007-11-28,7.511536421849152,42.40643907949576,42.97683217375474,3.755768210924576
2007-11-29,3.975415350762631,40.0646243503563,40.45959679908817,1.9877076753813157
2007-11-30,16.371888007850213,37.90825861701876,39.88790497443932,8.185944003925107
2007-12-01,10.470263833558173,39.49016159464798,40.59056940416896,5.235131916779086
2007-12-02,22.045903452634903,39.003106424166255,41.42747096468358,11.022951726317451
2007-12-03,31.606914111302643,48.68661410040003,49.10173485363655,15.803457055651322
2007-12-04,51.6645842888548,24.711242719717298,37.77657404039286,25.8322921444274
2007-12-05,57.00004339644228,44.32129914216249,47.55816109548401,28.50002169822114
2007-12-06,7.816457700101317,38.02603446647376,38.96197441742654,3.9082288500506586
2007-12-07,99.92235382220208,100.0,50.038823088898965,49.96117691110104
2007-12-08,18.237600338649123,33.51284656699086,36.51970771732293,9.118800169324562
2007-12-09,99.99014642413732,100.0,50.00492678793134,49.99507321206866
2007-12-10,20.724476597697148,35.567951622077416,38.55891811072832,10.362238298848574
2007-12-11,59.395750594143045,28.649626165498333,41.33084095915612,29.697875297071523
2007-12-12,65.84448622939941,40.91645077720207,46.89746709434797,32.922243114699704
2007-12-13,3.1653935963905493,35.418029034789434,35.87960580994974,1.5826967981952746
2007-12-14,14.750653883135948,35.72777950548405,37.83302535206809,7.375326941567974
2007-12-15,3.375931547348133,36.469499182849255,36.92627962844964,1.6879657736740663
2007-12-16,61.628210193599365,52.9422667037346,51.12900039510075,30.814105096799683
2007-12-17,17.89581973213049,31.133075670101107,34.50946643717728,8.947909866065245
2007-12-18,3.770792190882503,37.41049800329836,37.885221961460985,1.8853960954412516
2007-12-19,2.70117308088084,35.24607167989326,35.644600820048446,1.3505865404404198
2007-12-20,1.5795743737705956,34.802068588341264,35.04213121826306,0.7897871868852978
2007-12-21,3.080996366917579,35.90751879392224,36.34170762789004,1.5404981834587894
2007-12-22,13.97639275242463,39.882151629729805,41.29626185605356,6.988196376212315
2007-12-23,72.33770639234464,83.03293882789106,59.13766852580841,36.16885319617232
2007-12-24,5.018477048103629,34.01829527372095,34.82033345730496,2.5092385240518147
2007-12-25,7.480489465102657,35.12246451822638,36.23537699260736,3.7402447325513286
2007-12-26,28.88272066237263,35.022406066873494,39.34834268452289,14.441360331186315
2007-12-27,1.4007132198989145,34.04651610883196,34.26997866673,0.7003566099494571
2007-12-28,6.811184715593861,35.493226888615226,36.48131000150375,3.4055923577969307
2007-12-29,2.0303081873266025,33.579083868934845,33.91247907357789,1.0151540936633012
2007-12-30,97.62145030825752,100.0,51.189274845871246,48.81072515412876
2007-12-31,20.055004847549515,31.33869570597698,35.081221186759265,10.027502423774758
2008-01-01,27.03463768459853,39.096427990677,42.04416917807677,13.517318842299265
2008-01-02,64.44579449206869,56.68064709406831,52.37525099708469,32.22289724603434
2008-01-03,94.35734081850688,94.4875288199539,52.51027962957853,47.17867040925344
2008-01-04,99.05918057663126,99.07834101382488,50.461738564925206,49.52959028831563
2008-01-05,98.99447770783487,100.0,50.50276114608256,49.49723885391744
2008-01-06,71.98588411568716,87.33673009796195,60.459554837056174,35.99294205784358
2008-01-07,40.5440988091661,66.08393235937572,59.562846931191,20.27204940458305
2008-01-08,19.30549568752447,63.16398190666151,60.62260994736447,9.652747843762237
2008-01-09,86.6290947238896,92.66731557679262,55.70500634963204,43.3145473619448
2008-01-10,10.882494839327096,58.66122340307515,57.7186662132129,5.441247419663548
2008-01-11,95.13654567815584,94.09952990760252,52.14476049320426,47.56827283907793
2008-01-12,100.0,-1.0,50.0,50.0
2008-01-13,99.57782788306898,100.0,50.21108605846551,49.78891394153449
2008-01-14,99.9944819975169,100.0,50.00275900124155,49.99724099875845
2008-01-15,99.86047336578444,100.0,50.06976331710777,49.93023668289222
2008-01-16,99.98620499379226,100.0,50.00689750310387,49.99310249689613
2008-01-17,99.00715369607632,98.2135768161969,50.47868671540903,49.50357684803816
2008-01-18,12.99321666310482,71.78765232184202,68.95673544986109,6.49660833155241
2008-01-19,99.72005472732936,100.0,50.13997263633532,49.860027363664685
2008-01-20,57.25850143750322,53.41321243523316,51.45885814394015,28.62925071875161
2008-01-21,21.672113246662818,64.32872007273463,61.22338363177426,10.836056623331409
2008-01-22,42.56616245878437,58.04422049672338,54.62010453154528,21.283081229392184
2008-01-23,2.560418596182922,55.14633304222434,55.01456537398972,1.280209298091461
2008-01-24,13.022313336552235,60.58151704054239,59.203558735762286,6.511156668276119
2008-01-25,26.72790849285841,63.45013157327122,59.85519271419823,13.363954246429207
2008-01-26,82.62588595170331,77.31820760068065,54.74629654449272,41.312942975851655
2008-01-27,33.59740542250875,48.91743949871641,49.2811517392766,16.798702711254375
2008-01-28,58.70728288551518,69.0390131956397,57.86172586026495,29.35364144275759
2008-01-29,14.943592664673028,55.08682670932817,54.32667204632838,7.471796332336514
2008-01-30,87.0761951700345,79.486240771249,53.81074420896994,43.53809758501725
2008-01-31,39.95695725792414,42.76875840075903,45.65814251578498,19.97847862896207
2008-02-01,99.9830518495162,100.0,50.00847407524191,49.99152592475809
2008-02-02,100.0,-1.0,50.0,50.0
2008-02-03,70.0834425375373,64.2697874473896,54.2690291614696,35.04172126876865
2008-02-04,99.86165579488797,99.71509971509973,50.06877795952151,49.93082789744398
2008-02-05,61.37780622525661,72.16220639986905,58.559530300516,30.688903112628307
2008-02-06,24.566269302746992,51.83522327937983,51.38437738626068,12.283134651373496
2008-02-07,15.735253392412076,50.17465116715807,50.14716936345294,7.867626696206037
2008-02-08,2.223682075594901,53.236571456325606,53.16396835635901,1.1118410377974506
2008-02-09,9.809561869641083,55.47181068785344,54.93505003303882,4.9047809348205424
2008-02-10,3.001820484407155,53.53638385115976,53.43022795630837,1.5009102422035776
2008-02-11,1.9720595219249644,51.441882622720506,51.41344783916416,0.9860297609624822
2008-02-12,3.275340752584337,50.71726677577742,50.69377384476563,1.6376703762921687
2008-02-13,0.7883988221511573,49.4442937384311,49.44867492005193,0.3941994110755786
2008-02-14,3.555951320866726,49.92080101768641,49.9236172949441,1.777975660433363
2008-02-15,1.8414012537200024,49.357550345717335,49.36938042170581,0.9207006268600012
2008-02-16,7.273878544432792,52.40306438189539,52.2282683974118,3.636939272216396
2008-02-17,7.060653311276624,51.47014362909373,51.3663418842656,3.530326655638312
2008-02-18,7.057124201112012,50.54500089414209,50.50653950414531,3.528562100556006
2008-02-19,3.3330431134786016,48.64161139769099,48.68688707545452,1.6665215567393008
2008-02-20,42.7843729252948,62.85475504720858,57.35492870917771,21.3921864626474
2008-02-21,34.38990248878977,43.96169330536872,46.03826108962649,17.194951244394886
2008-02-22,69.2275494973267,42.71140767355319,47.75712153400251,34.61377474866335
2008-02-23,69.66066523053816,38.28185051526245,46.44479139903951,34.83033261526908
2008-02-24,2.417152761838429,46.740285336556006,46.819077619571495,1.2085763809192145
2008-02-25,81.37515373214342,68.73161336747867,53.488734193182175,40.68757686607171
2008-02-26,3.042284067882472,44.89213625324,45.04753197821682,1.521142033941236
2008-02-27,39.868260917669005,41.69563474592421,45.006440752975394,19.934130458834503
2008-02-28,4.335694779752246,43.978652545353,44.23971979261487,2.167847389876123
2008-02-29,67.4822592810517,42.62796769688506,47.602781649955965,33.74112964052585
2008-03-01,83.64126509234005,33.248081841432224,47.25959811649175,41.820632546170025
2008-03-02,24.917340336333865,34.13996902687498,38.0918669218965,12.458670168166933
2008-03-03,9.078244901674443,41.43256348425625,42.21033635295096,4.539122450837222
2008-03-04,96.29486502046578,65.8684546615581,50.58794766437692,48.14743251023289
2008-03-05,48.019295020066025,44.41418759080226,47.09645533084238,24.00964751003301
2008-03-06,73.39354380706355,67.62726437190548,54.68892350772022,36.696771903531776
2008-03-07,100.0,-1.0,50.0,50.0
2008-03-08,93.30267884958928,50.27969145616205,50.01873183504944,46.65133942479464
2008-03-09,99.95349112192817,100.0,50.02325443903592,49.97674556096408
2008-03-10,99.60859436896187,84.49144008056395,50.135001438701465,49.804297184480944
2008-03-11,33.77851051464222,58.70909482346187,55.702300609252255,16.88925525732111
2008-03-12,37.51789881729362,41.22283348421446,44.515841936632256,18.75894940864681
2008-03-13,6.854052171986341,44.82751294874464,45.17015442686386,3.4270260859931705
2008-03-14,52.49915976354757,30.30416541804016,40.64431308198731,26.249579881773787
2008-03-15,7.036211897573079,44.40674647095884,44.79713660484276,3.51810594878654
2008-03-16,98.86720612985744,85.9777313848295,50.40755353574371,49.43360306492872
2008-03-17,56.74971638186267,31.746104281862632,42.105138330546566,28.37485819093133
2008-03-18,27.42988418484557,38.34184465966503,41.5319312147345,13.714942092422785
2008-03-19,13.353294123696251,41.23692512795226,42.400397106344606,6.676647061848126
2008-03-20,39.26266333407157,32.97278641339385,39.6561679374822,19.631331667035784
2008-03-21,100.0,-1.0,50.0,50.0
2008-03-22,33.11941125267073,47.41247326689026,48.04977447178919,16.559705626335365
2008-03-23,99.99329956841338,100.0,50.0033502157933,49.99664978420669
2008-03-24,64.16401815220657,53.76497527627519,51.29480733045555,32.08200907610328
2008-03-25,69.95482552693672,38.46163968943282,46.52871918709663,34.97741276346836
2008-03-26,32.68950898506707,40.48199709696944,43.58746203492787,16.344754492533536
2008-03-27,99.63738126207087,96.41304347826087,50.16830239249537,49.81869063103544
2008-03-28,77.75747482082531,36.58865487322344,47.01697818331071,38.878737410412654
2008-03-29,22.39324491152544,43.542623787646754,44.94832388971543,11.196622455762718
2008-03-30,18.50034622613513,48.19391173471865,48.5280443169453,9.250173113067564
2008-03-31,34.93279341339861,40.29318277125788,43.683885841733336,17.466396706699307
2008-04-01,22.67860110638904,39.47554272730064,41.86234241078848,11.33930055319452
2008-04-02,72.14867737830853,21.274120317820657,41.99946257379732,36.07433868915427
2008-04-03,65.43864016215639,34.399689011353374,44.607233028697415,32.719320081078195
2008-04-04,14.998200279253371,36.59158956401887,38.58205737747066,7.4991001396266865
2008-04-05,50.06123577749684,33.64511976095491,41.756676675094816,25.03061788874842
2008-04-06,96.43141741291568,39.45390227724961,49.62365379304903,48.215708706457846
2008-04-07,79.54813957255806,33.301707779886144,46.56975664494818,39.77406978627903
2008-04-08,99.98108113434364,100.0,50.00945943282817,49.99054056717183
2008-04-09,100.0,-1.0,50.0,50.0
2008-04-10,99.9239303943401,100.0,50.03803480282995,49.96196519717005
2008-04-11,99.53726695833824,100.0,50.23136652083087,49.768633479169125
2008-04-12,92.31837842957724,19.88799835593917,47.68690998642377,46.15918921478862
2008-04-13,99.32398874234312,45.481049562682216,49.9694513863158,49.661994371171566
2008-04-14,93.29970555963403,30.76923076923077,48.710145957168,46.64985277981702
2008-04-15,99.73355930867312,93.93491124260356,50.11706048124864,49.86677965433656
2008-04-16,61.72753641515249,46.37564082647196,48.5588056304188,30.863768207576246
2008-04-17,98.0801141447226,39.150071853828784,49.791693764213896,49.04005707236129
2008-04-18,99.66852309499316,67.53864447086801,50.05813655587219,49.83426154749658
2008-04-19,78.48442720716594,33.20720058780309,46.38208042717557,39.24221360358297
2008-04-20,56.50996255392512,25.76169477656044,39.45875198203221,28.25498127696256
2008-04-21,99.79346904991822,100.0,50.10326547504089,49.89673452495911
2008-04-22,90.85984998026056,23.36299239806496,47.56533754441374,45.42992499013028
2008-04-23,60.94569613853251,27.79936060863583,41.32651045945775,30.472848069266256
2008-04-24,90.31363858614218,24.543049053531448,47.53414772637656,45.15681929307109
2008-04-25,84.28799292493801,25.587998793848627,46.16438464332528,42.143996462469005
2008-04-26,29.916038206177248,38.91268310070327,42.1712155863477,14.958019103088624
2008-04-27,47.70854748161619,43.57334745923039,46.61856566774729,23.854273740808097
2008-04-28,47.6293700208068,21.954922428508844,35.312616197656666,23.8146850104034
2008-04-29,99.5202201389272,79.9506984387839,50.14369741935992,49.76011006946361
2008-04-30,92.84279960075588,25.19016646455738,48.224310495149496,46.42139980037794
2008-05-01,86.65677987828207,31.276973100798106,47.50174530739103,43.32838993914103
2008-05-02,53.69269210696947,30.21964883514381,40.83666756282321,26.846346053484734
2008-05-03,36.13638161537853,33.65663322185061,39.56253460960368,18.068190807689263
2008-05-04,66.34659856819269,21.499553634356054,40.40863037471291,33.173299284096345
2008-05-05,32.77173031984089,36.14477678676488,40.67779855836335,16.385865159920446
2008-05-06,11.528262607553057,36.4135370299953,37.979387808411104,5.764131303776527
2008-05-07,22.085979385522386,36.79626639040393,39.712149088966704,11.042989692761193
2008-05-08,38.77439617730592,36.26778307555142,41.59236726976417,19.38719808865296
2008-05-09,25.424587283749347,30.56339672298158,35.50507288814321,12.712293641874671
2008-05-10,47.60694235787143,35.095040106245705,42.19083577132917,23.80347117893572
2008-05-11,71.60915410944033,28.295511430001667,43.837912098757634,35.80457705472016
2008-05-12,32.71268388025923,25.656509825597123,33.619918811771505,16.356341940129614
2008-05-13,39.5189044217122,25.8720036626443,35.40712347407812,19.7594522108561
2008-05-14,46.09506028290244,22.925533476180693,35.405525141609445,23.04753014145122
2008-05-15,90.66363019213463,27.1570492496301,47.86729764291691,45.33181509606732
2008-05-16,94.84415353981429,22.65218721321505,48.58998876249433,47.42207676990714
2008-05-17,100.0,-1.0,50.0,50.0
2008-05-18,99.94008907808129,100.0,50.02995546095936,49.97004453904064
2008-05-19,90.6686549970609,18.50928000676447,47.06149227352167,45.33432749853045
2008-05-20,96.57120331132354,24.396412968498502,49.12210505568148,48.28560165566177
2008-05-21,88.71610530635436,23.128300171346645,46.9678256889422,44.35805265317718
2008-05-22,98.28779814705302,29.2194335712641,49.64419475655431,49.14389907352651
2008-05-23,57.256789655063386,24.32727541918052,39.01838502639982,28.628394827531693
2008-05-24,99.16006795133046,23.369310183012672,49.77632030144535,49.58003397566523
2008-05-25,95.4684351847836,24.42356216827634,48.84098714223191,47.7342175923918
2008-05-26,95.56089421176584,8.575490980183062,48.16112222235371,47.780447105882914
2008-05-27,11.279242774383489,16.93516734460858,20.664630092753807,5.639621387191744
2008-05-28,30.37772353027288,18.482022605997575,28.05646664108154,15.18886176513644
2008-05-29,42.79920147055917,15.817772187590704,30.447492736149268,21.399600735279584
2008-05-30,93.1180328902764,23.04828455237986,48.145191807388485,46.5590164451382
2008-05-31,88.30813563336359,19.99729903102738,46.49212489638022,44.1540678166818
2008-06-01,28.83544083434884,12.861725608366182,23.57071074746388,14.41772041717442
2008-06-02,95.85344120615696,39.79271655415042,49.57674899066364,47.92672060307848
2008-06-03,45.906497447487794,14.783567807628812,30.95019835311596,22.953248723743897
2008-06-04,100.0,-1.0,50.0,50.0
2008-06-05,99.98738742289576,100.0,50.00630628855212,49.99369371144788
2008-06-06,93.1961120640366,35.19559547957114,48.99272490684332,46.5980560320183
2008-06-07,95.48606320536422,51.59374727098071,50.071940744478304,47.74303160268211
2008-06-08,71.04597124773461,17.145545540085365,40.48731180927638,35.52298562386731
2008-06-09,75.96837694929177,16.394439332194032,41.9240383362358,37.98418847464588
2008-06-10,43.85220287493177,14.739511782732748,30.202012610460194,21.926101437465885
2008-06-11,82.76015814269142,18.23633076236468,44.5239936553531,41.38007907134571
2008-06-12,75.04364794084421,14.77207977207977,41.20839620480167,37.521823970422105
2008-06-13,54.11370893799994,12.564380824419066,32.822133168927245,27.05685446899997
2008-06-14,98.58124147285903,29.12729294052252,49.70386668874851,49.29062073642952
2008-06-15,99.98738707490502,100.0,50.0063064625475,49.99369353745251
2008-06-16,99.88175429330454,100.0,50.05912285334774,49.94087714665227
2008-06-17,99.5163426517194,30.80684596577017,49.90717090014664,49.7581713258597
2008-06-18,56.35512171988618,14.960294823386668,34.706963325956366,28.17756085994309
2008-06-19,21.538997242039702,12.08892071673164,20.254587037982297,10.769498621019851
2008-06-20,49.53868412314406,13.305601905164782,31.483523868254192,24.76934206157203
2008-06-21,16.09186758908924,16.214405992198444,21.65113904412114,8.04593379454462
2008-06-22,10.158772874058126,15.461769551313113,18.970429937314,5.079386437029063
2008-06-23,9.072127410315677,13.803309799688346,17.08711965297787,4.536063705157838
2008-06-24,13.55007438356598,9.479764024220012,14.970286139334664,6.77503719178299
2008-06-25,0.4662502869536995,9.193720275493488,9.383979671804129,0.2331251434768497
2008-06-26,3.6287434155067535,9.099085040327218,10.58327429880836,1.8143717077533768
2008-06-27,52.49422979638295,18.776050116055607,35.16682211964082,26.24711489819148
2008-06-28,14.543245446702077,11.366804521898604,16.9853249641831,7.271622723351037
2008-06-29,23.27587912066176,14.912036464133976,23.079068442644022,11.637939560330878
2008-06-30,30.61419889852504,7.385929499241621,20.431885801101476,15.307099449262518
2008-07-01,41.0202257500613,10.16509307440588,26.50546182261139,20.51011287503065
2008-07-02,49.72701575441301,12.310184566265344,31.052205024807765,24.863507877206505
2008-07-03,56.87082625360572,10.123045067661044,32.801398822460186,28.43541312680286
2008-07-04,46.46058818179301,14.238021729657063,30.8532471795034,23.230294090896507
2008-07-05,9.379227951357295,7.25401946104517,11.263262415836572,4.689613975678648
2008-07-06,98.55147867421869,25.71428571428571,49.64821624945311,49.27573933710934
2008-07-07,86.82393896456045,20.24383668334182,46.07930975959205,43.41196948228023
2008-07-08,45.271664782027656,12.51480999855512,29.4849795589154,22.635832391013828
2008-07-09,23.328427416164203,13.07071499339498,21.68573644146925,11.664213708082102
2008-07-10,6.421175949086535,8.729064456098799,11.379143843206789,3.2105879745432677
2008-07-11,34.7754540168276,18.39866090110197,29.388170048141017,17.3877270084138
2008-07-12,62.042325283787946,13.51792886724522,36.152254109691846,31.021162641893973
2008-07-13,88.86036819298391,21.90995327764406,46.87087222071076,44.43018409649196
2008-07-14,96.39576779646318,23.198075030077657,49.03399638906628,48.19788389823159
2008-07-15,0.7448922241484401,5.163186523951571,5.496845488296247,0.37244611207422
2008-07-16,0.1484243273409485,4.428826814756678,4.496465522018254,0.0742121636704742
2008-07-17,99.92629292845685,100.0,50.03685353577158,49.96314646422842
2008-07-18,91.90977455475156,28.217507924896367,48.23774728353074,45.954887277375775
2008-07-19,19.84716209049967,11.47604117806799,19.121953729134184,9.923581045249836
2008-07-20,90.85716313063224,28.961324537575997,48.07646822299487,45.42858156531612
2008-07-21,34.58201861561213,8.533902300448485,22.8737159260753,17.291009307806064
2008-07-22,42.12350558245232,10.49562284044195,27.13625135856141,21.06175279122616
2008-07-23,27.732744672181408,6.177637881483509,18.330781677130435,13.866372336090704
2008-07-24,6.8542163047866325,5.1324869127744925,8.207803310351379,3.427108152393316
2008-07-25,14.03645544773875,7.175114974012881,13.186210881230906,7.018227723869375
2008-07-26,87.91010544017622,12.019199373081696,45.40816125122869,43.95505272008811
2008-07-27,90.72948448081488,22.00867420699039,47.40505979833337,45.36474224040744
2008-07-28,25.977540894090836,10.437102093835026,20.71452877820248,12.988770447045416
2008-07-29,46.97845652552159,11.30866701968184,29.4852580629854,23.489228262760797
2008-07-30,15.00550028886409,6.472277960641175,13.003830416993123,7.502750144432045
2008-07-31,19.209491171279552,7.516311056251101,15.677211533134413,9.604745585639776
2008-08-01,40.66719901331394,7.799164517998841,24.96106226874545,20.33359950665697
2008-08-02,10.923302200411587,8.686283482688301,13.199105588095614,5.461651100205794
2008-08-03,19.173506620970237,16.788096007520785,23.155982618469064,9.586753310485117
2008-08-04,83.33425492922144,12.774025358454791,43.79601396612741,41.66712746461072
2008-08-05,47.95598851874402,12.32784095656996,30.393897222200252,23.97799425937201
2008-08-06,11.908276705465166,11.391205118067786,15.988847245253746,5.954138352732583
2008-08-07,6.95378916206247,9.60960960960961,12.418272199091298,3.476894581031235
2008-08-08,40.16509666844402,15.353184635593726,29.269111519244824,20.08254833422201
2008-08-09,27.0846275903276,7.981722571647193,19.36221653298723,13.5423137951638
2008-08-10,20.48015562356179,8.655529037390613,17.12294103227133,10.240077811780894
2008-08-11,18.058050374684463,5.897491610535719,13.86154479200462,9.029025187342231
2008-08-12,99.5474916928462,36.67247386759582,49.939691837112775,49.7737458464231
2008-08-13,60.76238590499232,16.506311770217312,36.85787586621286,30.38119295249616
2008-08-14,40.50242554352339,13.044142761264943,28.012161323354405,20.251212771761693
2008-08-15,90.96928039290776,14.286963364518668,46.77485579827155,45.48464019645388
2008-08-16,25.35124310376216,5.551962166919382,16.820092292835827,12.67562155188108
2008-08-17,49.00330059094413,12.17387260297332,30.709923513251773,24.501650295472064
2008-08-18,15.521314355583518,8.59142262941937,15.018578093282208,7.760657177791759
2008-08-19,2.590489006748333,6.606801836577141,7.730897864677129,1.2952445033741664
2008-08-20,50.542588447453554,14.03257662383355,32.211443396002565,25.271294223726777
2008-08-21,42.86584304854707,15.936431468637954,30.53806729202588,21.43292152427353
2008-08-22,27.417070237077837,14.576258251612163,24.288410407368723,13.708535118538917
2008-08-23,95.55992776651868,46.91412840777906,49.862985072272906,47.77996388325934
2008-08-24,0.3665091389805821,3.3504417466471743,3.521416640939784,0.183254569490291
2008-08-25,24.127996707480197,7.786714235046212,17.97193443453347,12.063998353740097
2008-08-26,40.45608275152786,8.693283730817777,25.40436304661696,20.22804137576393
2008-08-27,22.16049602538688,9.758899569445362,18.67652703093037,11.080248012693438
2008-08-28,14.00822406826214,8.711880632185496,14.49561290680049,7.00411203413107
2008-08-29,31.42480753863073,4.552246124735351,18.83411531066786,15.712403769315369
2008-08-30,2.620569551364509,5.641496703707618,6.803942134531278,1.3102847756822544
2008-08-31,12.922477797653912,16.798167472639346,21.088666909401763,6.461238898826956
2008-09-01,61.668794794454485,15.609046749791158,36.81753313751922,30.83439739722724
2008-09-02,57.61229323769115,21.08066758090547,37.74175817657689,28.80614661884557
2008-09-03,63.89269753713267,11.57802582622018,36.12686157286855,31.94634876856633
2008-09-04,90.59728531790356,11.82890483986064,46.410880831060574,45.298642658951785
2008-09-05,78.62519489234049,15.34384694932782,42.59231482760663,39.31259744617024
2008-09-06,59.60340794132524,14.21653982352826,35.54470156803237,29.80170397066262
2008-09-07,96.72968870137808,25.3677357125633,49.19444827790154,48.36484435068903
2008-09-08,11.704780223694522,6.941979093826762,11.98182580956678,5.852390111847261
2008-09-09,0.0645151076175322,3.0947637737582725,3.12502473738789,0.0322575538087661
2008-09-10,31.70387416668644,6.17513388334057,20.06931429068508,15.851937083343218
2008-09-11,5.082748393475037,4.64207447650632,6.947503707365299,2.5413741967375185
2008-09-12,67.1716792623524,13.811403403210669,38.119891438752575,33.5858396311762
2008-09-13,99.99881757089648,100.0,50.00059121455176,49.99940878544824
2008-09-14,99.92195691075496,100.0,50.03902154462252,49.960978455377486
2008-09-15,75.38153466988958,12.032535977282572,40.65299303284516,37.69076733494479
2008-09-16,17.72166927201852,8.255773124966932,15.653481607535074,8.86083463600926
2008-09-17,1.8566526424944287,5.761630532971997,6.582983388678021,0.9283263212472146
2008-09-18,43.48047497986705,10.1730074804607,27.489972998152503,21.740237489933524
2008-09-19,25.376582278481013,7.295068063271278,18.13212025316456,12.688291139240508
2008-09-20,4.92768766771949,4.607750079099432,6.844538380552059,2.463843833859745
2008-09-21,92.3826754645287,18.79948253557568,47.6233553279884,46.19133773226435
2008-09-22,53.86912049287152,10.693616875556469,31.867619762252676,26.93456024643576
2008-09-23,60.0715047603998,29.32690880668045,41.7455457669972,30.0357523801999
2008-09-24,31.87540552944342,13.82144039398568,25.35350298311415,15.93770276472171
2008-09-25,96.9989632567142,19.703139366872456,49.09078008033775,48.4994816283571
2008-09-26,42.5134165681269,8.088194826637315,25.90633515121075,21.25670828406345
2008-09-27,30.547537898257904,10.317952805214768,22.43984121084637,15.273768949128952
2008-09-28,3.925464461841699,6.560929389470214,8.266114668840883,1.9627322309208493
2008-09-29,1.5681524931329012,4.751660688723401,5.46122364973442,0.7840762465664506
2008-09-30,85.77651230935702,27.795207818530137,46.84170411733577,42.88825615467851
2008-10-01,70.64566730017741,19.609109998384756,41.07895703848874,35.322833650088704
2008-10-02,98.9890031926215,60.50682261208578,50.10622364116512,49.49450159631075
2008-10-03,92.96102247505507,44.46373564827779,49.61030359656074,46.48051123752754
2008-10-04,30.18322235542209,34.78669870341826,39.37856326136584,15.091611177711044
2008-10-05,1.750983542971131,30.15252106933948,30.49933111162124,0.8754917714855655
2008-10-06,6.221900329280648,20.450641693852315,22.28917331560284,3.110950164640324
2008-10-07,14.619096590459616,13.312332067080517,18.675737678981093,7.309548295229808
2008-10-08,75.29184798260945,20.94430606118669,42.82087497189028,37.64592399130473
2008-10-09,5.568089165419902,9.94023119545992,12.170794841957775,2.784044582709951
2008-10-10,11.793806272880182,10.681323611890074,15.31849213416444,5.896903136440091
2008-10-11,1.4090416142234043,7.986944687547673,8.578926120306823,0.7045208071117022
2008-10-12,0.7219359281863734,6.872383686161943,7.183737443301908,0.3609679640931867
2008-10-13,26.860370373300213,16.968785827078243,25.84109229272306,13.430185186650109
2008-10-14,34.33411533851066,6.951916762560022,21.73209531232073,17.16705766925533
2008-10-15,23.91702571285009,5.546484175931608,16.17844298583993,11.958512856425047
2008-10-16,97.1477251214741,26.299778761061948,49.32400454344671,48.57386256073705
2008-10-17,10.164393753512265,6.906106554127277,11.286339567684797,5.082196876756132
2008-10-18,52.540417073373135,17.54263256061817,34.5958687843066,26.270208536686567
2008-10-19,0.4136091255234431,5.023667674844699,5.209693889667292,0.2068045627617215
2008-10-20,0.2137310313709658,4.5170042123801135,4.614215488375407,0.1068655156854829
2008-10-21,3.3970149962598404,5.757538511963291,7.260461563426382,1.6985074981299202
2008-10-22,43.09567857312272,11.360036678892964,28.012191072529767,21.54783928656136
2008-10-23,77.97514022601948,16.221011505788738,42.56022515108096,38.98757011300974
2008-10-24,12.225800835654596,11.544061630837056,16.245608065332995,6.112900417827298
2008-10-25,15.24618251892418,6.305179070820631,12.9669712210004,7.62309125946209
2008-10-26,0.1401125650098554,4.236623067776456,4.300743309031323,0.0700562825049277
2008-10-27,93.5924825188607,26.513287401574804,48.49508478451096,46.79624125943035
2008-10-28,86.54329944875121,20.79878102382278,46.07047940506139,43.27164972437561
2008-10-29,100.0,-1.0,50.0,50.0
2008-10-30,90.9426331287473,45.58036297166732,49.59969725996618,45.47131656437365
2008-10-31,96.1896240471104,100.0,51.9051879764448,48.09481202355519
2008-11-01,48.53038831267392,41.27897153915862,45.51132051606375,24.26519415633696
2008-11-02,87.33510483114262,45.03797783588594,49.37156509465949,43.66755241557131
2008-11-03,96.14944975246743,66.33227556556453,50.62888247721754,48.07472487623373
2008-11-04,100.0,-1.0,50.0,50.0
2008-11-05,75.93266211119352,41.22256282477911,47.88750453706187,37.96633105559676
2008-11-06,47.03563719172287,24.05144550523636,36.25651345388989,23.517818595861435
2008-11-07,98.91255936779456,36.57122145704966,49.85397000571508,49.456279683897286
2008-11-08,83.10796418287248,20.106017794176022,44.95029781862648,41.55398209143624
2008-11-09,56.388340311241016,37.903926967106216,44.72470179319061,28.194170155620508
2008-11-10,3.522367030644593,20.65381033839136,21.687490847782296,1.7611835153222966
2008-11-11,22.399629803946382,23.43173431734317,29.382927475587238,11.199814901973191
2008-11-12,92.69484870941804,100.0,53.65257564529099,46.34742435470901
2008-11-13,100.0,-1.0,50.0,50.0
2008-11-14,57.65463561113416,57.96835053277847,53.37422706888718,28.82731780556708
2008-11-15,1.6060474136225116,40.34841439673065,40.50342343768552,0.8030237068112558
2008-11-16,5.669770589375958,39.06630195834941,39.68621755424609,2.834885294687979
2008-11-17,6.329850391830918,32.781925659259635,33.87180400538273,3.164925195915459
2008-11-18,100.0,-1.0,50.0,50.0
2008-11-19,14.81330574818132,28.690108012222197,31.84680746697891,7.40665287409066
2008-11-20,72.42634876051315,58.39449475657038,52.31466870749373,36.213174380256575
2008-11-21,81.86889377891382,13.814441974985836,43.43915803779191,40.93444688945691
2008-11-22,93.70873204326185,38.1128526645768,49.252147708716265,46.85436602163092
2008-11-23,18.002714434380724,49.79008425583663,49.82787478781116,9.001357217190362
2008-11-24,88.13245294175618,98.44876266400932,55.74967970828817,44.06622647087809
2008-11-25,27.36161239624385,65.95668341052907,61.59067754444436,13.680806198121925
2008-11-26,3.638148312329808,55.73801465514408,55.52925717180672,1.819074156164904
2008-11-27,3.112087390168606,49.006319521889566,49.03724372674741,1.556043695084303
2008-11-28,95.0111349796023,100.0,52.49443251019885,47.50556748980115
2008-11-29,95.356689254751,81.71933401291199,51.47282724454296,47.678344627375495
2008-11-30,99.52742250162584,100.0,50.23628874918708,49.76371125081292
2008-12-01,97.26165089300848,100.0,51.36917455349575,48.63082544650424
2008-12-02,93.37787500739076,98.66071428571428,53.222373322296455,46.688937503695385
2008-12-03,50.80770781772608,86.01567209162145,67.71659458049008,25.40385390886304
2008-12-04,51.38454243717402,86.13007575018695,67.56480164374902,25.69227121858701
2008-12-05,95.69307067306366,98.18764302059496,52.0754077292134,47.84653533653183
2008-12-06,36.010104603999146,84.66870540265036,72.18446832230366,18.005052301999573
2008-12-07,23.52771271207901,77.59800903385367,71.10482875411496,11.763856356039504
2008-12-08,1.8502247973657544,74.87913160239842,74.41881174012158,0.9251123986828772
2008-12-09,43.37280954372233,87.1856320798094,71.05717870020435,21.686404771861167
2008-12-10,97.622041347234,98.83971490137576,51.16138822648352,48.811020673616994
2008-12-11,100.0,-1.0,50.0,50.0
2008-12-12,91.2525720772924,99.96394934883511,54.37056045662748,45.6262860386462
2008-12-13,92.06299150521316,100.0,53.96850424739343,46.031495752606574
2008-12-14,93.6720286638891,86.16544163448361,52.28853878020804,46.83601433194455
2008-12-15,99.95979741048026,100.0,50.02010129475987,49.97989870524013
2008-12-16,91.93138901372691,83.04587873161675,52.6663434018497,45.96569450686346
2008-12-17,37.97888195320191,78.55412778542654,67.70958930103296,18.989440976600957
2008-12-18,84.32007765580485,76.81254246671868,54.20418583728584,42.160038827902426
2008-12-19,47.652482969690986,73.65737003704066,62.38404580906308,23.826241484845493
2008-12-24,6.497309275087053,64.24079559881507,63.31552706552706,3.2486546375435266
2008-12-25,21.63389103965897,68.00926463241713,64.11315994479617,10.816945519829485
2008-12-26,6.327225234495587,67.09311610888827,66.01159615308505,3.1636126172477934
2008-12-27,3.0628883523964063,65.33309381009346,64.86345826572209,1.5314441761982032
2008-12-28,63.994209918079015,69.62908596967839,57.0676074892422,31.997104959039508
2008-12-29,44.69944275382366,62.02162556190013,56.64802592577956,22.34972137691183
2008-12-30,3.4341507432678458,61.48628433015973,61.09182801146168,1.7170753716339229
2008-12-31,7.0839845682065485,61.30686221904252,60.50588584429716,3.5419922841032743
2009-01-01,42.781802811114886,72.93307834107746,63.1218939866792,21.390901405557443
2009-01-02,23.502094696071456,80.94908423962181,73.67540115405897,11.751047348035728
2009-01-03,10.980297553606317,71.30081698112369,68.96192389524721,5.490148776803157
2009-01-04,10.964724873000048,64.90699513868522,63.2724841348969,5.482362436500024
2009-01-05,95.14178498506074,86.66125760649088,51.781082721704095,47.57089249253037
2009-01-06,88.87106121113446,99.9787460148778,55.56210405143832,44.43553060556723
2009-01-07,58.18029720707425,77.7245192579872,61.59431155445772,29.090148603537124
2009-01-08,55.14287856012814,72.9625850938451,60.30035468128001,27.57143928006407
2009-01-09,4.23323347487643,68.23392315511954,67.46203861633379,2.116616737438215
2009-01-10,17.290176117195255,70.14766217495672,66.66409590140917,8.645088058597628
2009-01-11,4.282271372772495,65.4424654362638,64.7811771596364,2.141135686386248
2009-01-12,2.5009498780989774,65.2113905295419,64.83096127663617,1.2504749390494887
2009-01-13,4.362125259720986,64.14817941428413,63.53101810626298,2.181062629860493
2009-01-14,91.45950122604096,100.0,54.27024938697952,45.72975061302048
2009-01-15,94.97760111048017,91.00188442211056,52.05927818789829,47.48880055524008
2009-01-16,2.4799046982043844,65.88218583226802,65.48832275963605,1.2399523491021922
2009-01-17,30.013710483581,84.71340096765634,74.29462130221935,15.0068552417905
2009-01-18,100.0,-1.0,50.0,50.0
2009-01-19,78.28773307782996,88.22685504667128,58.29991680368429,39.14386653891498
2009-01-20,85.34776437189497,99.79010252684266,57.29536314170807,42.67388218594749
2009-01-21,100.0,-1.0,50.0,50.0
2009-01-22,67.51618778222446,83.00982681455537,60.72285015585308,33.75809389111223
2009-01-23,100.0,-1.0,50.0,50.0
2009-01-24,94.08576721453628,98.053982005998,52.842024358519566,47.04288360726815
2009-01-25,6.4905720108426825,80.98619563101454,78.97469381294394,3.2452860054213413
2009-01-26,52.030583214793744,82.64347081160781,65.6588825667773,26.015291607396872
2009-01-27,89.28836233415892,92.28645066273933,54.52957137673729,44.64418116707946
2009-01-28,72.50648562123972,90.90400665385609,61.24594895086698,36.25324281061986
2009-01-29,6.1367269734238725,75.64881956155143,74.07482153315289,3.0683634867119363
2009-01-30,14.042953986916723,72.24728826356788,69.12311180937833,7.021476993458362
2009-01-31,36.06836324587238,81.78651928242815,70.32164204442269,18.03418162293619
2009-02-01,96.11479759806647,90.27805967119951,51.56488414179766,48.05739879903324
2009-02-02,97.00343377080073,100.0,51.49828311459965,48.50171688540036
2009-02-03,95.86972974677556,90.62798243939685,51.67804547317966,47.93486487338778
2009-02-04,23.290190897367943,80.05383469037318,73.05423921900588,11.645095448683971
2009-02-05,91.07597681662264,91.8971458867191,53.73891101210425,45.53798840831132
2009-02-06,99.96295055475632,100.0,50.01852472262184,49.98147527737816
2009-02-07,92.8613716017808,79.13971360645768,52.08017587067033,46.4306858008904
2009-02-08,76.03739971638154,96.4855018709922,61.139135003179845,38.01869985819077
2009-02-09,9.524544124045727,79.98347403718779,77.12768482259405,4.762272062022864
2009-02-10,87.60844532778094,93.13878369347292,55.34556596630702,43.80422266389047
2009-02-11,94.99183837619172,58.8962368131003,50.4455379180368,47.49591918809586
2009-02-12,23.61027572889297,71.12871225581866,66.13932064959322,11.805137864446484
2009-02-13,59.25864453665284,60.42135485372856,54.245801225054336,29.62932226832642
2009-02-14,17.000819059150317,68.66800152555301,65.49347324604616,8.500409529575158
2009-02-15,3.381304075929928,68.61673582919245,67.98724738179487,1.690652037964964
2009-02-16,40.50146326030215,71.0750558332447,62.53934983785494,20.250731630151076
2009-02-17,89.75140324146805,70.06239408411646,52.05611386978867,44.87570162073403
2009-02-18,11.82126450653066,73.91115099842945,71.0830883429417,5.910632253265329
2009-02-19,50.77671054191866,73.47291293414425,61.5364243645994,25.38835527095933
2009-02-20,58.7852074397644,59.96316864731103,54.10629929041567,29.3926037198822
2009-02-21,54.246963066620815,61.73870970529026,55.37081618696362,27.123481533310407
2009-02-22,85.47725203117423,89.02551574375678,55.66757729500021,42.73862601558712
2009-02-23,71.97402956209422,63.74493014871564,53.85215006018984,35.98701478104711
2009-02-24,64.99705572000491,52.582732107170685,50.9040322803745,32.498527860002454
2009-02-25,4.553567541682992,67.76348804127387,66.94013400295233,2.276783770841496
2009-02-26,55.40943702655818,67.81220091453687,57.94256066575255,27.70471851327909
2009-02-27,47.01596333175281,68.72967813143215,59.92373952900268,23.507981665876404
2009-02-28,2.067832832040526,67.52877744365765,67.15588887129967,1.033916416020263
2009-03-01,87.66688609371242,95.8066990539504,55.64939237103405,43.83344304685621
2009-03-02,80.60990142768075,94.60906019781024,58.64974074454064,40.30495071384038
2009-03-03,97.34497926750436,100.0,51.32751036624781,48.672489633752186
2009-03-04,92.9028493476898,100.0,53.5485753261551,46.451424673844905
2009-03-05,99.53136393197092,100.0,50.23431803401455,49.76568196598546
2009-03-06,97.79201072069054,86.04069975008926,50.79577478667008,48.89600536034527
2009-03-07,44.38561667668364,69.33103874954666,60.74261379812103,22.19280833834182
2009-03-08,29.0220695489242,73.18477758408474,66.4549181137908,14.511034774462098
2009-03-09,24.71239594249896,62.498423972430025,59.40383208431377,12.35619797124948
2009-03-10,68.66875557414701,52.42587601078167,50.76005714240613,34.33437778707351
2009-03-11,42.91407853169222,52.75926567370973,51.56889414313787,21.45703926584611
2009-03-12,21.60566098932829,66.07178897230968,62.598588708082495,10.802830494664144
2009-03-13,29.36896561263729,58.394140161604405,55.92679100024108,14.684482806318645
2009-03-14,17.54567063355521,69.6154233798396,66.14045079357545,8.772835316777606
2009-03-15,60.1071188584529,54.69209809264305,51.87181311514289,30.05355942922645
2009-03-16,2.9909641772968523,62.82765721009282,62.360435524279566,1.495482088648426
2009-03-17,19.803715248659,60.54169770091698,58.45404990585295,9.9018576243295
2009-03-18,3.656779627474728,61.39470105625557,60.9760779564147,1.828389813737364
2009-03-19,70.83833802193634,44.53371631417074,48.40594082877644,35.41916901096817
2009-03-20,21.89069680981498,54.33463350387518,53.36856010568032,10.94534840490749
2009-03-21,4.173692084827472,59.18464414518744,58.72517355751343,2.086846042413736
2009-03-22,26.770395389951705,52.19899218484173,51.61031328236546,13.385197694975853
2009-03-23,15.643131551072676,61.24800824819571,59.475637519169055,7.821565775536338
2009-03-24,57.29917636137392,49.93107914334613,49.97057022655,28.64958818068696
2009-03-25,68.30401960396823,48.46746639399456,49.51424844867792,34.152009801984114
2009-03-26,45.35352736475799,45.66114207136137,47.62535590003164,22.676763682378997
2009-03-27,29.72131692190862,49.48610860951009,49.63434217187698,14.86065846095431
2009-03-28,99.9164390418869,100.0,50.04178047905656,49.95821952094345
2009-03-29,99.98108113434364,100.0,50.00945943282817,49.99054056717183
2009-03-30,74.34871957002845,44.787501162466285,48.59389819791337,37.17435978501423
2009-03-31,90.8933942516547,67.58581879572313,51.60147118534491,45.44669712582735
2009-04-01,76.0686357287713,43.77617304711973,48.51038058188074,38.03431786438565
2009-04-02,97.09371994386892,100.0,51.453140028065526,48.54685997193447
2009-04-03,75.63855269294923,40.20770791075051,47.613184502399264,37.819276346474616
2009-04-04,55.10478959134824,44.25714612494831,47.42173366933413,27.55239479567412
2009-04-05,90.45430879429492,34.28783934548159,48.50016566217538,45.22715439714746
2009-04-06,52.409438483010575,44.17410380415815,47.22305691082626,26.204719241505288
2009-04-07,37.75845288304043,42.21004589430326,45.15141204491324,18.879226441520213
2009-04-08,34.16787241949129,47.7826152229395,48.54024842461475,17.083936209745644
2009-04-09,45.204136103916646,42.700756263710886,46.00031633681963,22.602068051958323
2009-04-10,31.48580334327508,42.50438778809293,44.8644415085085,15.74290167163754
2009-04-11,51.89510597332975,38.56686144464443,44.500100814023824,25.947552986664878
2009-04-12,45.197258283584446,46.04250720461095,47.83118544489719,22.598629141792223
2009-04-13,47.36067888029041,46.55794107483586,48.18812354925323,23.680339440145204
2009-04-14,39.10627341009141,44.07464421884033,46.39183005114128,19.553136705045706
2009-04-15,41.778605784444025,33.31068732888113,40.28324947788114,20.889302892222013
2009-04-16,99.9393019726859,99.35064935064936,50.02995487062256,49.96965098634295
2009-04-17,55.53948761715108,43.55900350039635,47.09275678409432,27.769743808575537
2009-04-18,92.97309668305542,36.41060197663971,49.04508613954369,46.48654834152771
2009-04-19,99.7709848440056,49.05335628227194,49.99783204241313,49.8854924220028
2009-04-20,97.44776290012967,16.494208494208497,49.14485275858399,48.723881450064845
2009-04-21,99.41150733743532,81.2458137977227,50.18387932155822,49.705753668717655
2009-04-22,3.173434655267949,42.77288671144346,42.94823082403229,1.5867173276339746
2009-04-23,56.90583934393835,41.82746982647933,46.47762078845964,28.452919671969173
2009-04-24,80.39241251516192,23.300618689667683,44.764343088332325,40.19620625758096
2009-04-25,47.69283705698793,31.142867944501152,40.13636920935126,23.846418528493967
2009-04-26,100.0,-1.0,50.0,50.0
2009-04-27,100.0,-1.0,50.0,50.0
2009-04-28,100.0,-1.0,50.0,50.0
2009-04-29,89.76820878566019,39.97609684632585,48.97437515778844,44.884104392830096
2009-04-30,87.08353071214275,33.160146699266505,47.82488552029054,43.54176535607137
2009-05-01,24.213587623155146,41.85848430535452,43.80267479127923,12.106793811577573
2009-05-02,48.83000810709272,30.45343184610985,39.99802266031281,24.41500405354636
2009-05-03,29.701465962371653,38.10401587408961,41.59613824757157,14.850732981185828
2009-05-04,99.18384405507278,61.93236714975845,50.09738672386329,49.59192202753639
2009-05-05,50.81479197305375,23.01144584123718,36.72553252051805,25.407395986526875
2009-05-06,80.97100174013234,9.32711249351996,42.26035694415398,40.48550087006617
2009-05-07,2.517672389908729,36.12452335218943,36.46785722767105,1.2588361949543645
2009-05-08,49.44781102162872,24.80634105882537,37.26405392149107,24.72390551081436
2009-05-09,61.00955152128535,29.84162070084361,42.14015750521855,30.504775760642676
2009-05-10,55.96794334761235,16.77735496840896,35.371386118268184,27.98397167380617
2009-05-11,41.85627108455177,22.777637960235893,34.17190361121767,20.92813554227589
2009-05-12,73.74688397336784,34.40856984029207,45.90676374996056,36.87344198668392
2009-05-13,99.3551819955462,23.166259168704155,49.82697120785133,49.677590997773095
2009-05-14,99.9030029651126,41.86991869918699,49.99211406220428,49.9515014825563
2009-05-15,99.6693048701657,30.0357568533969,49.93397922020591,49.83465243508285
2009-05-16,77.2462427562871,22.459261318230777,43.733447177224896,38.62312137814355
2009-05-17,32.699588184332015,20.70666102372387,30.285462234406584,16.349794092166007
2009-05-18,34.56641131967966,23.81824888582503,32.868340666645565,17.28320565983983
2009-05-19,52.44395762567768,19.981873212266347,35.724566904847585,26.22197881283884
2009-05-20,34.93688012564633,21.915700891391324,31.727478805093902,17.468440062823166
2009-05-21,45.03359712713912,12.304471082586234,29.280123710198573,22.51679856356956
2009-05-22,52.12882872910704,15.778781597615058,33.61790192760796,26.06441436455352
2009-05-23,3.7247242374229694,22.13671418940029,23.17454474933013,1.8623621187114847
2009-05-24,58.29798169490186,16.52366821831834,36.03969399252773,29.14899084745093
2009-05-25,0.5992384842511893,21.432268854025644,21.603457693129734,0.2996192421255946
2009-05-26,7.573790734305865,19.02567901446024,21.371609267277204,3.786895367152933
2009-05-27,33.10971437160566,18.26132721488297,28.76991111937376,16.55485718580283
2009-05-28,20.128102672036587,14.407917221839725,21.57192818654408,10.064051336018291
2009-05-29,19.077077543985865,16.762570951259782,23.10330106451524,9.538538771992933
2009-05-30,12.95272396255912,17.081632096318053,21.345457423861635,6.4763619812795605
2009-05-31,98.29198973538256,58.22755596584352,50.14052750042375,49.145994867691286
2009-06-01,68.51129732570038,14.970766103736418,38.96974868932058,34.25564866285019
2009-06-02,47.56198330770052,12.789522890403523,30.487563801985523,23.780991653850258
2009-06-03,85.38310272934041,9.355161142177918,44.05898565832702,42.69155136467021
2009-06-04,45.34712665496132,15.778125090446007,31.296762049383887,22.67356332748066
2009-06-05,83.4426113096788,22.84727186085299,45.504217261975214,41.7213056548394
2009-06-06,93.42496549004142,25.385399796053026,48.38158154210215,46.71248274502071
2009-06-07,64.3364465295701,14.043798209061087,37.17674074835283,32.16822326478505
2009-06-08,93.4509253269804,13.002890869669958,47.577031696196144,46.725462663490205
2009-06-09,97.9751239659641,24.15741281901422,49.476719645597385,48.98756198298205
2009-06-10,91.51118040616552,24.43504138379987,47.82983678383233,45.755590203082754
2009-06-11,29.602736746356605,9.73466739324618,21.6543078048684,14.801368373178304
2009-06-12,1.8415542987410307,12.338466128791636,13.031974891853704,0.9207771493705154
2009-06-13,0.8802552106833852,12.886390045801772,13.212931518994356,0.4401276053416926
2009-06-14,7.700740037199731,10.185181215190092,13.251216906090466,3.8503700185998655
2009-06-15,89.13726915117142,17.13568935427574,46.43003838923206,44.56863457558571
2009-06-16,35.76933119179675,15.70697396542273,27.97336002341976,17.884665595898376
2009-06-17,94.0533932726054,29.655172413793103,48.79017311408179,47.026696636302695
2009-06-18,1.5178861209400998,9.662847290600798,10.275119333159182,0.7589430604700499
2009-06-19,72.4017718960235,30.15035120094989,44.52184864659991,36.20088594801175
2009-06-20,39.70088429049042,9.719141675962993,25.710498724010368,19.85044214524521
2009-06-21,82.04855069890755,12.801916441396893,43.32240488899936,41.024275349453774
2009-06-22,82.03169693406927,13.993368904112597,43.5302194008593,41.01584846703464
2009-06-23,99.97477484579152,100.0,50.01261257710424,49.987387422895765
2009-06-24,60.54564284189639,6.724507584106439,32.925932660305314,30.272821420948198
2009-06-25,69.20431075675185,13.21698318864368,38.67241644848298,34.602155378375926
2009-06-26,76.72700260388883,20.780984719864176,43.19985933468467,38.36350130194442
2009-06-27,85.61354465265768,12.83071687342189,44.6526576800676,42.80677232632884
2009-06-28,71.91213653603035,10.477382693822438,38.8989412136536,35.95606826801517
2009-06-29,49.91856355600535,13.358329715435923,31.649325184417965,24.959281778002676
2009-06-30,57.66187548191938,11.743609380691316,33.80296170347377,28.83093774095969
2009-07-01,53.992660086054165,16.193611607756843,34.44657997975196,26.996330043027083
2009-07-02,60.47378395451673,16.82815246923446,36.88842387871131,30.236891977258367
2009-07-03,54.21137349664426,13.00258255093844,33.05939070836184,27.10568674832213
2009-07-04,30.161292236846798,13.20667074524732,24.30401430543852,15.080646118423395
2009-07-05,72.87515105561216,15.062968624881709,40.52338301384577,36.43757552780608
2009-07-06,73.5022504277591,12.431400620376998,40.04516661858904,36.75112521387955
2009-07-07,90.57087927488344,15.005233410090016,46.70030121076464,45.28543963744172
2009-07-08,27.661114847489817,7.182897550464586,19.02658543339795,13.830557423744908
2009-07-09,67.58206859004959,13.186973664995374,38.06597837279122,33.791034295024794
2009-07-10,72.82981621493575,16.626464006509924,40.93234893499418,36.41490810746787
2009-07-11,84.9776554161457,13.47214199443365,44.51265930130281,42.48882770807285
2009-07-12,90.37342041743575,27.011635529334644,47.78700679950148,45.18671020871788
2009-07-13,15.032198857613013,8.996191841789182,15.15996582332558,7.516099428806506
2009-07-14,44.97043526410505,24.93423606020096,36.20641920620167,22.485217632052525
2009-07-15,25.1631427825633,6.490260117745295,17.438678088638934,12.58157139128165
2009-07-16,22.840304558489077,15.770021375955382,23.58825274399288,11.420152279244537
2009-07-17,58.03324537424748,14.981456729230596,35.303853872043234,29.01662268712374
2009-07-18,94.77745228304111,18.77547939000453,48.36928451175133,47.38872614152056
2009-07-19,6.33022112633133,7.910693083530869,10.57503928188363,3.165110563165665
2009-07-20,26.592575301383576,11.228427599736982,21.538787185807376,13.296287650691788
2009-07-21,13.824075209806397,8.65768268325719,14.372875722600533,6.912037604903198
2009-07-22,11.465530204104244,9.098547861570848,13.788116210419684,5.732765102052122
2009-07-23,3.1837629671847605,5.009136881523059,6.441539320105914,1.5918814835923802
2009-07-24,17.357942516135928,13.872262179530154,20.143294142787607,8.678971258067964
2009-07-25,18.81711070843587,7.29313378136681,15.329332077830616,9.408555354217937
2009-07-26,7.250391806107426,7.041850859376334,10.15648498472352,3.625195903053713
2009-07-27,4.007456838205609,7.545489405390696,9.24683559334109,2.0037284191028046
2009-07-28,8.380102747587648,9.541438970127654,12.931907954626412,4.190051373793824
2009-07-29,1.7723843675540465,8.832038553284766,9.561693066407024,0.8861921837770231
2009-07-30,9.408281916009356,10.075622872970175,13.831820826291896,4.704140958004678
2009-07-31,99.73592416688015,18.95522388059701,49.9180182488225,49.86796208344008
2009-08-01,31.772030234591,14.319172618495502,25.655695882099334,15.886015117295498
2009-08-02,17.182126504331446,9.71089979452382,16.633423959285597,8.591063252165723
2009-08-03,100.0,-1.0,50.0,50.0
2009-08-04,61.76001011681763,9.890041751064444,34.66195602345837,30.880005058408816
2009-08-05,2.449199300228772,5.564662062921458,6.652972048730675,1.224599650114386
2009-08-06,3.14224195935944,9.123265839854524,10.40771173225043,1.57112097967972
2009-08-07,6.071148685554157,11.053662853169838,13.418152888931106,3.0355743427770787
2009-08-08,94.05825349978694,22.584500962879343,48.371040545445936,47.02912674989347
2009-08-09,79.46187774184504,15.23273027896872,42.859455638872106,39.73093887092252
2009-08-10,77.89892313287686,13.59067005330376,41.95314600167618,38.94946156643843
2009-08-11,25.880901346958467,7.99479250034681,18.86611881391725,12.940450673479234
2009-08-12,11.914353097597266,9.965274502140582,14.735153059609358,5.957176548798633
2009-08-13,15.888331301746108,14.715569566649414,20.321676771834284,7.944165650873054
2009-08-14,19.553379923861687,10.139851539941068,17.933857806551696,9.776689961930844
2009-08-15,4.799126136359138,11.40992329917479,13.261909756165132,2.399563068179569
2009-08-16,16.434447799229936,8.581941129673828,15.388770394171909,8.217223899614968
2009-08-17,15.972966877302389,8.889663258915327,15.456203729716256,7.986483438651193
2009-08-18,2.122665780078685,6.5732274931153984,7.495032732511656,1.0613328900393424
2009-08-19,2.8108698577546285,8.059537383938752,9.238429205816466,1.4054349288773142
2009-08-20,1.7881879853398663,8.316676069960506,9.06205226036777,0.8940939926699332
2009-08-21,53.816934199240286,7.60362550175883,30.420054468340773,26.908467099620143
2009-08-22,45.03725322703113,16.184226620905015,31.413922108327007,22.518626613515565
2009-08-23,6.566480119685587,6.063006468392984,8.9481204138335,3.283240059842793
2009-08-24,3.642444391672604,9.881005680674615,11.342317739254334,1.8212221958363015
2009-08-25,2.403258172146428,4.846199079424944,5.931361490083393,1.201629086073214
2009-08-26,97.7944306911178,17.140303842716712,49.27525662656302,48.897215345558905
2009-08-27,13.976792414000538,11.723408170776592,17.073247953901436,6.988396207000269
2009-08-28,13.502829330062127,8.704543271100293,14.280598314273275,6.751414665031064
2009-08-29,85.51528623942322,33.179773749488895,47.56363837373207,42.75764311971161
2009-08-30,7.9888389765104,4.789229181004818,8.401044861773494,3.9944194882552
2009-08-31,1.813540203043676,4.037521213513764,4.871069244622113,0.906770101521838
2009-09-01,0.0063327712998804,3.3454983019181594,3.348452824811797,0.0031663856499402
2009-09-02,50.38179409613065,13.329136016959284,31.80457520216699,25.190897048065324
2009-09-03,98.15949467969683,23.79421221864952,49.51768108165689,49.07974733984842
2009-09-04,94.37439379243452,18.495934959349597,48.22770536143771,47.18719689621727
2009-09-05,0.3415738519873028,3.1589691450448987,3.3189658584467296,0.1707869259936514
2009-09-06,0.7737854932041448,3.6007323523428494,3.959763154353384,0.3868927466020724
2009-09-07,0.3205965470564487,3.207541176283731,3.357556183555376,0.1602982735282243
2009-09-08,0.0791596412485058,3.234252576707044,3.271272174594505,0.0395798206242529
2009-09-09,73.30274396142896,18.37893802691909,41.55804412293136,36.65137198071448
2009-09-10,34.425470996725565,9.490582992093694,23.436140595093093,17.212735498362782
2009-09-11,50.33838908621119,8.879147805471801,29.57872237871922,25.169194543105597
2009-09-12,86.9278905337584,21.279164528689144,46.2455809475711,43.4639452668792
2009-09-13,55.15893869648537,12.636801015103186,33.245945038228264,27.57946934824269
2009-09-14,99.42492264638064,100.0,50.28753867680968,49.71246132319032
2009-09-15,94.79077980638854,14.164648910411625,48.1332576545896,47.39538990319427
2009-09-16,100.0,-1.0,50.0,50.0
2009-09-17,49.64269189244769,11.51136765225586,30.61816082226344,24.821345946223843
2009-09-18,64.22916617236498,14.119259766963674,37.16516003511519,32.11458308618249
2009-09-19,79.99376211551142,12.420570706871374,42.4817699799835,39.99688105775571
2009-09-20,26.27588472024914,8.580507337391174,19.46384548113032,13.13794236012457
2009-09-21,27.192784667418263,10.561631703911372,21.286022271010108,13.596392333709131
2009-09-22,8.063992653985293,6.891682452212847,10.367934012523056,4.031996326992647
2009-09-23,9.089397945129578,9.73435146407084,13.394256494688683,4.544698972564789
2009-09-24,27.048171554524917,8.256034716571738,19.54701406009473,13.524085777262457
2009-09-25,72.38293288296643,23.98982682745613,42.8167530176819,36.191466441483215
2009-09-26,82.33564485000137,20.797211547055145,44.84151573396903,41.167822425000686
2009-09-27,27.27319479553609,8.646058278621199,19.92459935992531,13.636597397768046
2009-09-28,3.39413703986607,6.610950654458306,8.083634449541103,1.697068519933035
2009-09-29,0.0474957847491035,3.1868976058669327,3.2091318562144275,0.0237478923745517
2009-09-30,0.8616526949899863,3.314875218083896,3.7171388539267136,0.4308263474949931
2009-10-01,26.86269465935849,12.46976575562614,22.55139798563429,13.431347329679244
2009-10-02,21.335744643804063,8.281392271974967,17.1823678857767,10.667872321902031
2009-10-03,12.82332275701637,7.007392683557747,12.520473481401767,6.411661378508185
2009-10-04,0.1982807750759878,3.1998128254240177,3.29260859929078,0.0991403875379939
2009-10-05,34.10261172648992,10.604843062235387,24.03962047176261,17.05130586324496
2009-10-06,12.980913795559212,5.38240148404785,11.174173485052306,6.490456897779606
2009-10-07,0.1982949013275071,3.2234397369850845,3.316195271003032,0.0991474506637535
2009-10-08,40.31126681481364,11.855267167481484,27.231892195395847,20.15563340740682
2009-10-09,95.80573429220289,65.23782665914646,50.63911493817814,47.90286714610144
2009-10-10,77.99149513613305,28.14919701749355,45.19096496280108,38.99574756806653
2009-10-11,8.148502823405577,6.4084061055416015,9.960468364799038,4.074251411702789
2009-10-12,37.51369394381626,11.25851287374364,25.791875783570436,18.75684697190813
2009-10-13,29.031058358061323,6.445750220210286,19.09000989119684,14.51552917903066
2009-10-14,25.38524856150126,11.481487374500787,21.25950754667701,12.69262428075063
2009-10-15,30.95141083811656,14.29332569464337,25.345045155522502,15.47570541905828
2009-10-16,11.864748827730844,10.44398848835591,15.137209900480778,5.932374413865422
2009-10-17,98.01045428026302,24.489795918367346,49.4924628265977,49.00522714013151
2009-10-18,63.13155866484852,5.875920625221111,33.73213968103397,31.56577933242426
2009-10-19,2.9038794911779373,15.282550475095691,16.290340454836898,1.4519397455889689
2009-10-20,15.069597590761424,17.495904995904997,22.394141313540903,7.534798795380712
2009-10-21,85.6161898225935,24.70865666730648,46.36214118370921,42.80809491129675
2009-10-22,99.31576769209546,39.86175115207373,49.930630825926734,49.65788384604773
2009-10-23,93.17965011313376,23.02046006242053,48.15990097839027,46.58982505656688
2009-10-24,5.367730291540343,20.063907384481546,21.670796095908305,2.6838651457701714
2009-10-25,11.572416140048198,14.568528827393632,18.66880611602885,5.786208070024099
2009-10-26,3.0281561928584435,14.323030394553715,15.40338475908526,1.5140780964292218
2009-10-27,12.041603014160538,12.924300781109393,17.38880929577242,6.020801507080269
2009-10-28,7.274223997023821,11.744268928222354,14.527076498082502,3.6371119985119114
2009-10-29,3.879886963611465,10.185745638415709,11.730493703049923,1.9399434818057328
2009-10-30,1.2918853451756156,10.56658246120534,11.07601700349094,0.6459426725878078
2009-10-31,43.36525901634169,7.937956840146885,26.178270803982624,21.682629508170844
2009-11-01,4.0574341438703145,10.206666116657042,11.821254432624114,2.0287170719351573
2009-11-02,99.14942592161948,100.0,50.42528703919026,49.57471296080974
2009-11-03,20.879273035125824,56.19078095390477,54.89819089553243,10.439636517562912
2009-11-04,92.96831562136477,77.21511888739346,51.913681263431855,46.48415781068238
2009-11-05,74.99387830867542,42.912422016899626,48.22767162457839,37.49693915433771
2009-11-06,97.464462262589,99.6268656716418,51.258307906998745,48.7322311312945
2009-11-07,54.280687187394975,47.4327818664545,48.82628551094241,27.140343593697487
2009-11-08,95.2897393745146,100.0,52.355130312742695,47.644869687257305
2009-11-09,84.64796125778021,49.73648353343446,49.95954484996073,42.323980628890105
2009-11-10,59.08327438139991,45.33767337634741,48.09232860795713,29.541637190699955
2009-11-11,5.461920497041888,44.59109308351438,44.88652327905182,2.730960248520944
2009-11-12,26.61764647715182,41.08265148820112,43.4562397902073,13.30882323857591
2009-11-13,45.57112090257059,39.82793044614659,44.4634565608267,22.785560451285296
2009-11-14,100.0,-1.0,50.0,50.0
2009-11-15,95.72331208785144,85.76036866359446,51.5293593639757,47.86165604392572
2009-11-16,98.1702248925408,82.43564784771793,50.59349941026067,49.0851124462704
2009-11-17,81.98035883950783,86.29750366464656,56.5406799105858,40.99017941975392
2009-11-18,26.17404790352828,24.95109886870917,31.50741025012067,13.087023951764138
2009-11-19,12.786584255969103,30.870583111014323,33.316582119200056,6.3932921279845525
2009-11-20,59.30034939054274,23.58048069919884,39.2473479518758,29.65017469527137
2009-11-21,7.22079525711097,26.95198525773372,28.61623521310152,3.610397628555485
2009-11-22,14.79603139439205,25.744491183107225,29.33334388252421,7.398015697196025
2009-11-23,8.71784927001666,22.1184570494561,24.549127938039472,4.35892463500833
2009-11-24,88.4865645037897,20.331552267433896,46.58414240758413,44.24328225189485
2009-11-25,6.136904125959076,19.61864692590469,21.48312143623104,3.068452062979538
2009-11-26,93.91617295192144,55.98678242840482,50.36422548868891,46.95808647596073
2009-11-27,78.62254625262003,49.45251768007829,49.88296222028366,39.31127312631001
2009-11-28,20.853498798975863,29.088918221635566,33.44961040913966,10.426749399487932
2009-11-29,99.81869420412669,67.6086956521739,50.031925585795086,49.909347102063336
2009-11-30,100.0,-1.0,50.0,50.0
2009-12-01,96.59615900096182,76.38679791546033,50.89816464577979,48.29807950048091
2009-12-02,11.292097035893784,61.85201377612021,60.51367287981321,5.646048517946892
2009-12-03,36.88902405788744,74.49447695340614,65.45870345721045,18.44451202894372
2009-12-04,96.42938788380434,100.0,51.785306058097824,48.21469394190217
2009-12-05,91.39200858392802,97.80944961275834,54.1154333187375,45.69600429196401
2009-12-06,100.0,-1.0,50.0,50.0
2009-12-07,100.0,-1.0,50.0,50.0
2009-12-08,86.57047112162428,99.8620244246125,56.69623496944609,43.28523556081214
2009-12-09,2.45353365841302,56.11526554327936,55.96522544487367,1.22676682920651
2009-12-10,60.0902686736902,47.24989858413559,48.90244191372747,30.0451343368451
2009-12-11,68.16454272419796,65.15713134568895,54.82534207379401,34.08227136209898
2009-12-12,75.63065037856795,51.63773682760409,50.3991058133978,37.815325189283975
2009-12-13,92.2189667614387,63.46036894384756,51.04735578155376,46.10948338071935
2009-12-14,47.326904837179896,61.380960955553554,55.99470439456212,23.663452418589948
2009-12-15,42.84502251283488,79.5328541740025,66.87949615446843,21.42251125641744
2009-12-16,2.4666144213034427,51.97141488990431,51.92278768592621,1.233307210651721
2009-12-17,4.449747888516856,53.81591646197752,53.64611779978311,2.224873944258428
2009-12-18,3.853491335977265,52.87916086909986,52.76821265446024,1.9267456679886328
2009-12-19,61.462882527537246,83.77654937594224,63.01650851115125,30.731441263768623
2009-12-20,3.581182170082405,54.48880569444102,54.32805338526205,1.7905910850412026
2009-12-21,94.36532556553684,89.01014340678559,52.19809457738956,47.18266278276842
2009-12-22,99.95467355103168,100.0,50.02266322448416,49.97733677551584
2009-12-23,89.31158063231601,83.04315750645517,53.53179124661428,44.655790316158
2009-12-24,97.87218940511212,100.0,51.063905297443945,48.936094702556055
2009-12-25,86.21825598781724,90.73369020696762,55.61381291103984,43.10912799390862
2009-12-26,61.14764769701154,91.5323768036474,66.13630535555774,30.57382384850577
2009-12-27,78.88122538845793,92.2444556545784,58.92151137556325,39.44061269422897
2009-12-28,24.83171574792561,70.1289066610544,65.13055377581611,12.415857873962809
2009-12-29,11.705995213323575,56.26674552183303,55.533160591016085,5.852997606661788
2009-12-30,99.89476132104105,100.0,50.052619339479484,49.94738066052052
2009-12-31,83.2001514565864,83.82401277175188,55.68238291695919,41.6000757282932
2010-01-01,91.5119415699142,74.40412581889142,52.07143645885917,45.75597078495709
2010-01-02,78.89926720412923,70.20122681029324,54.26260689072778,39.449633602064615
2010-01-03,5.773355812536113,56.21823680120963,55.85923586540973,2.8866779062680563
2010-01-04,90.36947328557451,54.46688239872199,50.43018430271089,45.184736642787264
2010-01-05,68.32675060467722,89.4086430057429,62.48199778252138,34.16337530233861
2010-01-06,85.84678438309432,75.69535500069745,53.63671899677807,42.92339219154716
2010-01-07,34.532923447001615,54.632259624101046,53.032604954243865,17.266461723500807
2010-01-08,99.14116232780876,100.0,50.42941883609562,49.57058116390438
2010-01-09,100.0,-1.0,50.0,50.0
2010-01-10,73.91599557871467,86.91204068042859,59.62813832306964,36.957997789357336
2010-01-11,93.83286484184964,83.21933133030748,52.04868106177385,46.916432420924814
2010-01-12,89.67615247213207,97.56321136658774,54.91035342084406,44.83807623606604
2010-01-13,96.3120634470145,100.0,51.84396827649276,48.15603172350725
2010-01-14,53.72563250944721,88.02424304418986,67.59547796176936,26.862816254723604
2010-01-15,3.2019948150640203,76.481916872815,75.63396726761789,1.60099740753201
2010-01-16,2.8672402466341094,68.41552007236072,67.88750286921902,1.433620123317055
2010-01-17,53.76013694739832,78.88271873480564,63.35532958884226,26.88006847369916
2010-01-18,18.81610277423999,61.54179699299405,59.37008060879815,9.408051387119995
2010-01-19,14.068027318555568,60.209790531797815,58.7734744106172,7.034013659277784
2010-01-20,6.23686553873553,64.54355130088302,63.63648956168991,3.118432769367765
2010-01-21,21.31942549059164,58.81755567844754,56.93770346548949,10.65971274529582
2010-01-22,10.101125950651168,67.91370451186035,66.10421865668985,5.050562975325584
2010-01-23,3.33597150771666,61.70262414541286,61.31222793826672,1.6679857538583298
2010-01-24,88.44038650314005,72.0960371052452,52.55421648748912,44.22019325157002
2010-01-25,83.69355697025838,92.7816858848841,56.97617123598163,41.84677848512919
2010-01-26,98.1498925960231,99.38219002982532,50.91362355398774,49.07494629801155
2010-01-27,42.79526890048963,62.16391721241261,56.95833613252768,21.397634450244816
2010-01-28,33.28087621834286,55.44637777356344,53.63377552836045,16.64043810917143
2010-01-29,93.10411450426828,93.72748584824748,53.01539735425743,46.55205725213414
2010-01-30,65.0446742453568,65.20820385332505,55.31607719835997,32.5223371226784
2010-01-31,51.63814200261723,72.53077841178491,60.89630306121239,25.81907100130861
2010-02-01,7.270849327645294,63.39904147764373,62.42431557535993,3.635424663822647
2010-02-02,7.635844188733598,59.729070898255934,58.98617420345368,3.817922094366799
2010-02-03,38.96138303004421,54.7119452200333,52.876106194690266,19.480691515022105
2010-02-04,75.32691160847226,77.60312454980551,56.810543318997006,37.66345580423613
2010-02-05,99.45095875293144,100.0,50.27452062353428,49.72547937646572
2010-02-06,99.17660599276329,100.0,50.41169700361836,49.58830299638164
2010-02-07,31.209992131868308,70.90980153233362,64.38385411930302,15.604996065934154
2010-02-08,3.726789191242817,67.06295373636222,66.42466479872094,1.8633945956214089
2010-02-09,94.64525821448146,98.2621502209131,52.58431352446896,47.32262910724073
2010-02-10,85.68505141631442,96.43575265114995,56.647254116459536,42.84252570815721
2010-02-11,98.33471942485744,94.4378698224852,50.74001521416099,49.16735971242871
2010-02-12,17.92682299803432,74.75435273934646,70.31668373945476,8.96341149901716
2010-02-13,5.4978928832874985,69.89552582542973,68.80003165621352,2.748946441643749
2010-02-14,25.157787339049005,76.85609363028718,70.09969470720364,12.578893669524502
2010-02-15,6.746179354665105,68.39927691210917,67.15748735684947,3.3730896773325525
2010-02-16,70.54364211805748,74.69153169084844,57.27322594138957,35.27182105902874
2010-02-17,83.30567043434037,67.47431810131066,52.91722025318452,41.652835217170185
2010-02-18,76.45226372706563,67.49216143257155,54.11900804257789,38.226131863532814
2010-02-19,100.0,-1.0,50.0,50.0
2010-02-20,99.81750530141188,100.0,50.09124734929407,49.908752650705935
2010-02-21,5.393619462933211,74.72299024139272,73.38804777092747,2.696809731466605
2010-02-22,93.2333525250215,82.70733698821883,52.20895016207775,46.61667626251075
2010-02-23,88.09459949828819,80.05234561357011,53.57785210545415,44.047299749144095
2010-02-24,90.40530733308093,76.95058784839267,52.58582607598132,45.202653666540456
2010-02-25,73.98926569960547,48.64031824600295,49.64633679163688,36.994632849802734
2010-02-26,99.41509173679128,98.92183288409704,50.28614784305224,49.70754586839564
2010-02-27,22.107764824979043,64.31577611372002,61.15036933930181,11.05388241248952
2010-02-28,99.53371041169862,46.23837700760778,49.98245994363533,49.76685520584931
2010-03-01,2.0529890443923757,62.41247998965122,62.13369165980623,1.0264945221961876
2010-03-02,52.067644652111525,54.4287198772824,52.12278974894157,26.033822326055763
2010-03-03,98.87351700760712,93.21203638908328,50.48677624058965,49.43675850380356
2010-03-04,82.21423838970216,56.88817933878801,51.22511515648662,41.10711919485108
2010-03-05,35.0417512173318,53.274962832979945,52.107338799954114,17.5208756086659
2010-03-06,66.84248580606162,45.15859965205786,48.39471199244571,33.42124290303081
2010-03-07,39.11460700804364,59.269567931743104,55.581730864246325,19.55730350402182
2010-03-08,2.220427937020589,58.469314137950605,58.20766740285133,1.1102139685102947
2010-03-09,76.1759135032752,65.89813664596274,53.78758582590167,38.0879567516376
2010-03-10,93.089079950014,84.07963036906052,52.35521600813652,46.544539975007
2010-03-11,99.4876059768792,85.15384615384616,50.18012620658938,49.7438029884396
2010-03-12,56.53880477961791,70.07757867132867,58.66009587667133,28.26940238980896
2010-03-13,5.415663985814705,61.34812465215154,60.73257710088025,2.7078319929073524
2010-03-14,3.049456203397344,58.080379023035455,57.80569759526336,1.5247281016986718
2010-03-15,60.29355955788175,40.91474766783151,46.39256969371136,30.146779778940875
2010-03-16,37.23733223666,46.93418515858315,48.07581281684237,18.61866611833
2010-03-17,92.82045824514104,70.82624210815263,51.495228748122834,46.41022912257052
2010-03-18,27.71740203921197,67.7926918578596,62.861019922018514,13.858701019605984
2010-03-19,45.60300713879588,66.48011846173947,58.96416387642935,22.80150356939794
2010-03-20,99.37173600299548,99.56085319949813,50.31137299726071,49.68586800149775
2010-03-21,95.8648335448676,75.5123439138309,51.054977887442746,47.9324167724338
2010-03-22,95.5146522673078,65.68541300527241,50.70354531659539,47.75732613365391
2010-03-23,62.84460336818341,60.51879627367459,53.90830047637654,31.422301684091707
2010-03-24,21.205478151104217,44.43512585122838,45.61518402298259,10.602739075552108
2010-03-25,99.6775909977731,67.11491442542787,50.05518002483102,49.83879549888655
2010-03-26,98.2917706227115,63.52099676972773,50.23096963892272,49.14588531135575
2010-03-27,49.31889267172011,41.891965699929,45.88943324752765,24.659446335860054
2010-03-28,63.99582656533441,30.82668775676091,43.08913207576997,31.99791328266721
2010-03-29,96.78418942413457,46.57349515753341,49.88981009489342,48.39209471206728
2010-03-30,99.64763612715052,52.12527964205817,50.00748871765563,49.82381806357527
2010-03-31,64.22237394087446,58.12245258634972,52.87734862446871,32.11118697043723
2010-04-01,99.9834459925507,100.0,50.00827700372466,49.99172299627535
2010-04-02,33.70077431658747,69.17963267134539,62.67790091754735,16.850387158293735
2010-04-03,90.52121853133744,62.578066450162375,51.19224743179406,45.26060926566872
2010-04-04,96.56477266008396,97.57888697647734,51.6344429334437,48.28238633004198
2010-04-05,50.06266977181877,40.08334191575495,45.03663315053002,25.031334885909384
2010-04-06,1.6546685715868752,50.284535582114906,50.03047344654681,0.8273342857934376
2010-04-07,1.3215649799133204,48.52553046408087,48.54386416259326,0.6607824899566602
2010-04-08,2.8600034825004355,46.32711510178807,46.43142640051921,1.4300017412502175
2010-04-09,10.660418802167229,44.27310140741496,44.8829119059021,5.330209401083614
2010-04-10,7.749554896142433,46.33216390320893,46.6162215628091,3.874777448071217
2010-04-11,60.41225798300749,42.45414812301674,47.0032137329838,30.206128991503743
2010-04-12,64.63784843549891,27.894836856283742,42.18302844403687,32.318924217749455
2010-04-13,53.74266579742785,35.37875292629996,43.23198798869989,26.871332898713923
2010-04-14,94.3864919418425,40.48037081255706,49.46561484845618,47.19324597092125
2010-04-15,74.90457789051943,27.81819899839365,44.43173466726725,37.45228894525972
2010-04-16,57.80754512820715,39.52881051331012,45.58116758746243,28.903772564103576
2010-04-17,75.82078479654008,39.12837672406758,47.369937178394416,37.91039239827004
2010-04-18,97.71548885936102,56.86917500862961,50.15692706834213,48.85774442968051
2010-04-19,51.29666244859222,36.9462487820721,43.64224137931034,25.64833122429611
2010-04-20,14.02090239483532,40.38395138457289,41.7106418665,7.010451197417661
2010-04-21,39.30826936841814,34.446449864145485,40.56028124789914,19.65413468420907
2010-04-22,33.69932799898745,43.10448722920607,45.42533036424116,16.849663999493725
2010-04-23,100.0,-1.0,50.0,50.0
2010-04-24,49.15487118744448,36.05507151842706,42.9096831507255,24.57743559372224
2010-04-25,41.83118197924576,31.838083324268464,39.43542773981271,20.91559098962288
2010-04-26,67.59788677575244,26.009438909281595,42.22655123225314,33.79894338787622
2010-04-27,93.75818178950524,9.191408717624764,47.45280191789032,46.879090894752615
2010-04-28,19.48277567818912,35.34500130244811,38.20020182433368,9.74138783909456
2010-04-29,15.356335848862471,35.79423260336993,37.97571795470465,7.678167924431236
2010-04-30,97.40175791257737,30.218446601941743,49.48602735406566,48.70087895628868
2010-05-01,99.6515775574956,37.55656108597285,49.9566442662042,49.82578877874781
2010-05-02,99.9708318059448,100.0,50.0145840970276,49.9854159029724
2010-05-03,96.98615880124416,40.363731519037024,49.70925992359942,48.493079400622086
2010-05-04,100.0,-1.0,50.0,50.0
2010-05-05,99.65863176774349,100.0,50.17068411612827,49.829315883871736
2010-05-06,86.56168123993812,27.37986774430566,46.95677736039648,43.28084061996906
2010-05-07,97.57732954388676,25.3498210218028,49.40280739651618,48.78866477194338
2010-05-08,86.36090677075514,22.981744421906694,46.31377460314952,43.18045338537757
2010-05-09,97.021603721517,25.83719391131701,49.2803358826776,48.5108018607585
2010-05-10,99.92510898613334,100.0,50.03744550693333,49.96255449306667
2010-05-11,100.0,-1.0,50.0,50.0
2010-05-12,97.31750011827602,26.20517342739565,49.36170380533346,48.65875005913801
2010-05-13,80.9623084030229,21.69002387625869,44.60606634921387,40.48115420151145
2010-05-14,90.77243566981512,31.751325466050968,48.31609181797379,45.38621783490756
2010-05-15,99.8860926630274,35.98615916955018,49.98403720710245,49.943046331513706
2010-05-16,91.41601785897406,16.917845984194084,47.160233807416525,45.70800892948703
2010-05-17,53.65871014160454,11.839725653449804,32.316036654306245,26.82935507080227
2010-05-18,65.04479462385547,25.991189427312776,41.60767095594768,32.52239731192773
2010-05-19,16.94813361704147,23.676350800977463,28.132193227391017,8.474066808520735
2010-05-20,59.8590241531769,18.846585428273325,37.49471538130253,29.92951207658845
2010-05-21,49.339149555478215,14.57778749248628,32.054805897427784,24.669574777739108
2010-05-22,38.726011844244624,24.785314893012565,34.54887827803514,19.363005922122312
2010-05-23,68.04950060670258,18.70430619641996,40.00086954115894,34.02475030335129
2010-05-24,2.3359917674298942,23.74641848326059,24.35969998614712,1.1679958837149471
2010-05-25,2.238959558619816,23.16390356470517,23.764752911003637,1.119479779309908
2010-05-26,58.16873070522526,13.630865760777125,34.78632951621255,29.08436535261263
2010-05-27,94.71399850199076,16.436721604892238,48.2258446012536,47.356999250995386
2010-05-28,98.12968072526608,21.53846153846154,49.46767836026803,49.06484036263304
2010-05-29,84.10335305719921,19.33098416794878,45.12465483234714,42.05167652859961
2010-05-30,88.55505383813824,26.72092702441716,47.33572263096404,44.27752691906912
2010-05-31,31.416312407315868,9.287279437204475,22.077310924369748,15.708156203657934
2010-06-01,49.56706020037798,13.002132396751232,31.34088770450969,24.78353010018899
2010-06-02,69.35640630555885,11.592016709213276,38.23041365414247,34.678203152779425
2010-06-03,68.5170399298007,14.821092278719398,38.92463852897697,34.25851996490035
2010-06-04,15.871351231558286,17.6138261290884,22.753949534603937,7.935675615779143
2010-06-05,2.0806782290685435,17.581578085779768,18.25610113275653,1.0403391145342715
2010-06-06,10.880422995638648,22.320611771811247,25.33224629364319,5.440211497819324
2010-06-07,98.60327046802068,17.80976573525261,49.55038949161095,49.30163523401034
2010-06-08,91.58121900508544,24.49036974553634,47.85240009626423,45.79060950254272
2010-06-09,46.7255349354044,15.850535551250362,31.80705549250437,23.3627674677022
2010-06-10,96.32294070086178,19.95065965890808,48.89506793665819,48.16147035043089
2010-06-11,10.486114683964113,11.871023649201303,15.86927183716761,5.243057341982056
2010-06-12,45.23824587765432,14.96169315531422,30.81240855708015,22.61912293882716
2010-06-13,76.39543792305444,26.0912482642084,44.35644385470227,38.19771896152722
2010-06-14,74.9246372116361,16.77853406441041,41.66959689303818,37.46231860581805
2010-06-15,99.87742151626826,100.0,50.06128924186587,49.93871075813413
2010-06-16,98.49112530991452,94.2528735632184,50.66772040883094,49.24556265495725
2010-06-17,99.9125002463394,17.117117117117118,49.971227558480976,49.956250123169696
2010-06-18,91.13750607114794,14.92158260559615,46.89117738808357,45.56875303557397
2010-06-19,94.3081545267441,9.677195899141037,47.70488830009542,47.15407726337205
2010-06-20,98.7752865679643,100.0,50.61235671601785,49.38764328398215
2010-06-21,74.69061750220988,12.744792316327802,40.5709369869933,37.34530875110494
2010-06-22,60.56350816798655,11.86645978277191,34.96146952697528,30.281754083993278
2010-06-23,18.315308116490105,9.489425791673323,16.90902473951122,9.157654058245052
2010-06-24,9.00160297639073,12.345158147465115,15.73469751241812,4.500801488195365
2010-06-25,6.256184151158465,11.697029828376012,14.093334177676104,3.1280920755792323
2010-06-26,41.305689153271736,12.548686639981671,28.01820972028857,20.652844576635868
2010-06-27,3.954008430468425,10.28290029464488,11.853317765332172,1.9770042152342129
2010-06-28,4.402463448035653,11.328152493882774,13.030666445019673,2.2012317240178265
2010-06-29,4.49270543905895,13.239785663667671,14.891313812565802,2.246352719529475
2010-06-30,59.76883778312033,10.185467304876012,33.98215076553208,29.884418891560166
2010-07-01,31.45238782539237,10.806585596603364,23.133850296772867,15.726193912696186
2010-07-02,13.630822812363952,11.921421992494125,17.111845490165038,6.815411406181976
2010-07-03,10.731388767958206,13.853827226175431,17.73281355127241,5.365694383979103
2010-07-04,5.6955938401624255,9.51367730130352,11.81961380303876,2.8477969200812128
2010-07-05,35.73503202835725,12.537278557681075,25.924594063788,17.867516014178626
2010-07-06,53.11881011967596,14.588709541398911,33.39876568103016,26.55940505983798
2010-07-07,13.615209269929714,9.026314342782795,14.604967390616096,6.807604634964857
2010-07-08,2.5964362329509925,7.64910968979333,8.748723550784868,1.2982181164754962
2010-07-09,0.525620017890079,6.732689813230625,6.960111456774879,0.2628100089450395
2010-07-10,17.769260283292393,8.803213237769974,16.123577505903572,8.884630141646197
2010-07-11,6.972050058179573,8.907891937885557,11.77285428193742,3.4860250290897863
2010-07-12,35.6159398793632,12.664410028320605,25.961831306239493,17.8079699396816
2010-07-13,59.687378932471006,11.892247043363994,34.63776595324125,29.843689466235503
2010-07-14,21.279626478850947,14.226690123146518,21.839116844062836,10.639813239425472
2010-07-15,2.5872509518645463,11.000507872016252,12.00952260331985,1.2936254759322732
2010-07-16,3.3194544490267632,10.316284172691322,11.633526212885196,1.6597272245133816
2010-07-17,10.720459499123802,11.68430100666383,15.791919999050622,5.360229749561901
2010-07-18,74.63308892337214,12.329364152852362,40.444123302653765,37.31654446168607
2010-07-19,33.97675605731448,12.840429612581511,25.46604619506076,16.98837802865724
2010-07-20,13.341011271529888,14.401976589652133,19.15111290526849,6.670505635764943
2010-07-21,17.720682505262825,12.793544074293164,19.38678200034822,8.860341252631413
2010-07-22,9.564704625235972,15.723094293053729,19.00157907859379,4.782352312617986
2010-07-23,73.80740846038121,16.311639756983702,41.17614540515141,36.903704230190606
2010-07-24,76.12609410054667,11.392551660241882,40.78289411318609,38.06304705027333
2010-07-25,20.48550796320111,6.046687533900962,15.050746859234346,10.242753981600554
2010-07-26,66.17823001930844,12.75800877930326,37.404099393106605,33.08911500965422
2010-07-27,63.17797312987229,12.489274989274987,36.18779075737112,31.588986564936143
2010-07-28,32.81906268538659,3.599875196477244,18.82796124184299,16.409531342693295
2010-07-29,100.0,-1.0,50.0,50.0
2010-07-30,38.05629735129468,8.145773190608793,24.073942199276008,19.02814867564734
2010-07-31,0.6158620089133756,4.635242017061068,4.914626326913487,0.3079310044566878
2010-08-01,1.1030896007979292,5.4649073306999325,5.956169306640702,0.5515448003989646
2010-08-02,50.16443207690362,17.5436230964467,33.825180242853534,25.08221603845181
2010-08-03,40.11120030686856,8.41493611542144,25.095204387904,20.05560015343428
2010-08-04,33.626015488423235,10.388163226390809,23.70804559513357,16.813007744211617
2010-08-05,99.97122755848096,100.0,50.01438622075951,49.98561377924048
2010-08-06,83.26674983025154,10.731810889874492,43.42915567907278,41.63337491512577
2010-08-07,36.80337236385781,6.958219396662307,22.799046184143403,18.401686181928905
2010-08-08,47.9881057826142,9.9166768033086,29.151904340124,23.9940528913071
2010-08-09,8.691281409918984,11.979697191676022,15.28414870165079,4.345640704959492
2010-08-10,34.20778984576089,12.655572983335436,25.430276096299604,17.103894922880446
2010-08-11,74.52859594783878,12.956193072681083,40.56442226124011,37.26429797391939
2010-08-12,89.7557759944421,14.838933415536376,46.39802157634418,44.87788799722105
2010-08-13,99.98738742289576,100.0,50.00630628855212,49.99369371144788
2010-08-14,96.1471303511531,16.767263427109974,48.71958597910188,48.07356517557655
2010-08-15,62.74151797182208,14.364054859615813,36.72258778429862,31.37075898591104
2010-08-16,79.52230958696475,15.056188438481852,42.844314449917896,39.761154793482376
2010-08-17,43.42799758034864,4.342812414824547,24.17081473456978,21.71399879017432
2010-08-18,84.4384783939041,20.342509197006216,45.38484316086622,42.21923919695205
2010-08-19,17.17823212158863,11.995241462342577,18.52378710119064,8.589116060794314
2010-08-20,57.9824391478124,16.276356519857362,35.830147579156275,28.9912195739062
2010-08-21,3.929344621096084,8.33583949574639,9.972967945445118,1.964672310548042
2010-08-22,2.6146222531821923,7.304612883560252,8.420935976188968,1.3073111265910962
2010-08-23,22.151583244979665,11.359952027401295,19.91933441995157,11.075791622489833
2010-08-24,19.5251849800182,17.37157298509224,23.74233371582321,9.7625924900091
2010-08-25,33.479588849236805,19.510744470151607,29.718421864738048,16.739794424618403
2010-08-26,0.1504033183721611,3.719765017401714,3.789372026565976,0.0752016591860805
2010-08-27,96.63700906284863,58.78560543898722,50.29545911468701,48.31850453142432
2010-08-28,29.946860495942325,8.251527851518814,20.75388456501181,14.973430247971162
2010-08-29,20.750589426713294,7.477050710566906,16.300813329746667,10.375294713356649
2010-08-30,18.773790210897005,8.259329803247224,16.095635658608,9.386895105448502
2010-08-31,21.662894137014057,8.649440529413251,17.606963087248324,10.831447068507028
2010-09-01,2.199846430295978,9.915579369961472,10.7973750662962,1.099923215147989
2010-09-02,13.023380981779614,7.455318142108329,12.996074147947636,6.511690490889807
2010-09-03,57.23819646674385,12.764502596514571,34.077429755690865,28.619098233371925
2010-09-04,50.49194071402585,12.113999073438023,31.24337620019298,25.24597035701293
2010-09-05,56.720376004830285,15.47355271676195,35.05708343692409,28.360188002415143
2010-09-06,46.67490456018729,14.229342651751276,30.925262829597987,23.337452280093643
2010-09-07,99.32167983761308,100.0,50.33916008119347,49.66083991880654
2010-09-08,94.00073320429988,42.998882975228334,49.579984311004765,47.000366602149946
2010-09-09,37.006867849287104,11.082152120530807,25.48442865507256,18.503433924643552
2010-09-10,32.77489437789768,7.908813266092729,21.70415526053452,16.38744718894884
2010-09-11,0.5814275649702756,3.877620080816928,4.145788311287373,0.2907137824851378
2010-09-12,3.2470385219721285,5.547805953603293,6.991185818151595,1.6235192609860642
2010-09-13,94.9206073821137,48.31547896289396,49.91443656279449,47.46030369105685
2010-09-14,28.361296344637196,4.544325252447178,17.436143873055048,14.180648172318596
2010-09-15,16.96984799401944,3.9491987271098914,11.763949703147311,8.48492399700972
2010-09-16,60.23189987112282,14.295939161986182,35.80117333586344,30.11594993556141
2010-09-17,99.98935813806833,92.5925925925926,50.00453264489684,49.99467906903416
2010-09-18,99.94284925999646,100.0,50.02857537000177,49.97142462999823
2010-09-19,9.238069983099884,6.906942264085121,10.887909095586576,4.619034991549943
2010-09-20,9.819679720794406,6.475618799390964,10.749573633748422,4.909839860397203
2010-09-21,0.0870756053733564,3.765736786645222,3.805995551228162,0.0435378026866782
2010-09-22,15.319603537301916,3.7562436628865927,10.840603794488295,7.659801768650959
2010-09-23,0.2271881703832118,3.626229768327515,3.731585488454566,0.1135940851916059
2010-09-24,50.97134992327285,13.77151799687011,32.23766433057537,25.485674961636423
2010-09-25,46.69103250228429,24.755142017629776,36.542226863333774,23.345516251142147
2010-09-26,67.67200828517443,9.509194952557957,36.91013589899677,33.836004142587214
2010-09-27,98.2578259875604,97.46606334841628,50.826941420384216,49.128912993780204
2010-09-28,64.46217311932479,14.532394898651276,37.39558390036116,32.231086559662394
2010-09-29,24.001930280483997,16.325149766047478,24.407763841258163,12.000965140241997
2010-09-30,64.48880798859675,9.304394235901086,35.548505296907145,32.244403994298374
2010-10-01,97.97441910880748,13.738081338781862,49.26548550481859,48.98720955440374
2010-10-02,64.02922326798006,18.293660819227348,38.594983523387306,32.01461163399003
2010-10-03,89.41481224470485,30.3236860729318,47.91722522749854,44.70740612235242
2010-10-04,95.74665200130885,16.553897488182407,48.57742086817341,47.87332600065442
2010-10-05,92.55643901746416,32.17294547766651,48.67303232524019,46.27821950873208
2010-10-06,5.380085017454701,7.805957475288734,10.07603283541919,2.6900425087273505
2010-10-07,15.983595211446966,10.90671160526836,17.155224577125843,7.991797605723483
2010-10-08,68.74016276069916,29.36373731765181,43.54913787322338,34.37008138034958
2010-10-09,79.41917648311518,29.652978711173283,45.81241545760359,39.70958824155759
2010-10-10,51.4118219084401,15.78502042078201,33.37556478805871,25.70591095422005
2010-10-11,4.50526399113433,4.714498273768324,6.754729676244756,2.252631995567165
2010-10-12,1.458912188209963,3.956733395456444,4.628464223800138,0.7294560941049815
2010-10-13,44.50790167506039,8.947559336258953,27.219139262089325,22.253950837530198
2010-10-14,0.176525999984168,4.1005836452451945,4.181608048952322,0.088262999992084
2010-10-15,0.1670268430343473,4.00147483269371,4.0783047171230224,0.0835134215171736
2010-10-16,98.3626782075386,100.0,50.818660896230696,49.1813391037693
2010-10-17,99.5013776167821,70.51383399209486,50.102286567940745,49.75068880839105
2010-10-18,37.986853761943934,31.848417400621177,38.74363253812568,18.993426880971967
2010-10-19,7.003747838166211,26.66119106995429,28.295782395846118,3.5018739190831054
2010-10-20,43.003827236640255,21.930950283371605,34.00171593047714,21.501913618320128
2010-10-21,13.274658477514128,20.91235147023929,24.773637471704685,6.637329238757064
2010-10-22,12.48728593874296,18.167428692887604,22.142452893660977,6.24364296937148
2010-10-23,99.98699327986124,100.0,50.00650336006937,49.99349663993063
2010-10-24,99.92432453737462,88.54166666666666,50.02916658455353,49.96216226868731
2010-10-25,96.61232726613432,100.0,51.69383636693284,48.30616363306716
2010-10-26,50.41453150044612,77.32864115160153,63.55103474958349,25.20726575022306
2010-10-27,1.4208649465889347,58.61253528082129,58.49016278600349,0.7104324732944673
2010-10-28,95.90212403614171,84.0885040885041,51.39690461548165,47.951062018070864
2010-10-29,2.505719102991348,47.58597172097706,47.64646048871615,1.252859551495674
2010-10-30,59.7202482471101,55.97929959716546,52.40844703429979,29.86012412355505
2010-10-31,95.5501592607777,97.95357902197024,52.13385789523479,47.77507963038885
2010-11-01,99.74104802632876,100.0,50.12947598683562,49.87052401316438
2010-11-02,99.95585598013518,100.0,50.02207200993241,49.97792799006759
2010-11-03,28.45709766706208,36.66957752083656,40.4630288651641,14.22854883353104
2010-11-04,12.299077994539196,30.299735142964145,32.72268608286178,6.149538997269597
2010-11-05,3.808540026675215,27.114620277642917,27.9862191246255,1.904270013337608
2010-11-06,13.311017733779645,29.745408405447844,32.441500684503325,6.655508866889822
2010-11-07,99.98856985199927,100.0,50.00571507400036,49.99428492599965
2010-11-08,98.13127948822049,88.98966462771567,50.728607860372165,49.06563974411024
2010-11-09,98.56177206708314,94.4094272403398,50.63870878741895,49.28088603354157
2010-11-10,89.26596924339704,54.64504981434506,50.49860107573133,44.63298462169852
2010-11-11,30.37101802471871,51.46053625914077,51.01695652861958,15.185509012359354
2010-11-12,18.518181566466648,37.70237141678196,39.97966860619198,9.259090783233324
2010-11-13,67.6022260814651,42.94677338791224,47.71491158825387,33.80111304073255
2010-11-14,81.75469330745011,54.87003157302885,50.88855219652313,40.877346653725056
2010-11-15,96.4293879739201,87.40340030911901,51.33553030960021,48.21469398696005
2010-11-16,97.11439923061155,99.20775850293676,51.41993945795954,48.55719961530578
2010-11-17,86.53734560225483,35.790523105794044,48.0870272340056,43.268672801127416
2010-11-18,91.77602006214217,46.88114302152754,49.74350582779994,45.88801003107108
2010-11-19,84.20006467948161,73.70575607807898,53.74549412757633,42.10003233974081
2010-11-20,92.76693365287588,90.79019073569482,52.95038155903128,46.38346682643794
2010-11-21,99.06645220298356,100.0,50.46677389850821,49.533226101491785
2010-11-22,86.02906648672752,73.78053947182602,53.32236335870634,43.01453324336376
2010-11-23,41.41705956977604,58.240742614667454,54.82766933695872,20.708529784888015
2010-11-24,33.38211388545008,47.235679680820745,48.158468237927806,16.69105694272504
2010-11-25,21.85063343191991,65.03394958663469,61.7489363721195,10.925316715959957
2010-11-26,99.80450120215994,100.0,50.09774939892002,49.90225060107997
2010-11-27,8.427026321100808,67.61397276494966,66.12963864385584,4.213513160550404
2010-11-28,99.75641960467452,100.0,50.12179019766273,49.87820980233727
2010-11-29,94.26361115165668,92.6621277766316,52.44726554024467,47.131805575828345
2010-11-30,86.22199238919329,71.47809643870154,52.95925376198071,43.110996194596645
2010-12-01,97.69805951146832,100.0,51.15097024426585,48.84902975573416
2010-12-02,94.38776919646556,89.99367133113002,52.24453714191,47.19388459823279
2010-12-03,74.01611782906576,87.41475417305851,59.72180563887223,37.00805891453288
2010-12-04,45.009235578289285,92.8435573355152,73.55999968425373,22.504617789144643
2010-12-05,98.38046627120984,100.0,50.80976686439509,49.19023313560491
2010-12-06,99.56837424908944,100.0,50.21581287545528,49.78418712454472
2010-12-07,82.6932400950778,97.99111718483088,58.305707426868544,41.3466200475389
2010-12-08,97.41738143289606,99.1910866910867,51.2704181382442,48.70869071644803
2010-12-09,23.827967369029064,59.90692698026873,57.54630765213676,11.913983684514532
2010-12-10,58.564217300386986,52.01244001793499,50.83387027279159,29.282108650193493
2010-12-11,36.79606774674454,60.2332449071525,56.46781317842638,18.39803387337227
2010-12-12,20.567552701039578,53.54489973844812,52.8158006165438,10.283776350519789
2010-12-13,37.82049000415258,56.74324530606014,54.192916889126174,18.91024500207629
2010-12-14,21.408142032620347,55.33749433734333,54.1948359686218,10.704071016310174
2010-12-15,76.29523310055481,61.56098210127088,52.74050385839284,38.147616550277405
2010-12-16,4.746017611556347,59.10454458580201,58.67220738102306,2.373008805778173
2010-12-17,95.17624939397642,82.2356594214741,51.55496781669905,47.58812469698821
2010-12-18,10.11923842540376,61.74174544397821,60.55357022719807,5.059619212701881
2010-12-19,79.83289083858344,70.57960525028854,54.150311455814304,39.91644541929172
2010-12-20,54.87501579080344,71.6237850700307,59.75772959828196,27.43750789540172
2010-12-21,97.80566734594932,95.8146218789294,51.00532520821919,48.902833672974666
2010-12-22,98.56293183977046,99.97257268239166,50.71813993086622,49.28146591988523
2010-12-23,96.917407327119,100.0,51.54129633644049,48.458703663559504
2010-12-24,98.5432473444613,100.0,50.72837632776934,49.27162367223065
2010-12-25,87.15367026728693,99.4169275148837,56.34826145233778,43.57683513364346
2010-12-26,94.91029057026188,99.7134670487106,52.53027102022798,47.45514528513094
2010-12-27,4.875703017086135,67.9818758269466,67.10513296472348,2.4378515085430674
2010-12-28,66.68922716442249,74.86421279073913,58.27594259342816,33.344613582211245
2010-12-29,14.596784403089,59.84425956122147,58.40731421698949,7.2983922015445
2010-12-30,29.674939800005536,75.11202820243228,67.6600489508001,14.837469900002768
2010-12-31,12.648634108907366,64.25873764864644,62.45520209492014,6.324317054453683
2011-01-01,2.164509017798129,56.417123115882816,56.27822390735632,1.0822545088990647
2011-01-02,9.094434902367404,55.911572385090246,55.373948282821885,4.547217451183702
2011-01-03,6.825995276319485,56.113198734687806,55.695912077826,3.4129976381597427
2011-01-04,75.78069252088483,85.642895512184,58.63246245855559,37.89034626044241
2011-01-05,7.5197571032666914,57.90933885074767,57.31457578069714,3.7598785516333457
2011-01-06,92.72198937810248,86.86277696516605,52.68287682305117,46.360994689051246
2011-01-07,100.0,-1.0,50.0,50.0
2011-01-08,94.4323776711697,92.90569243840272,52.38882691253976,47.21618883558485
2011-01-09,99.87978542684056,100.0,50.06010728657972,49.93989271342028
2011-01-10,98.47506059949156,100.0,50.76246970025422,49.23753029974578
2011-01-11,98.43205574912892,92.73504273504274,50.6700616456714,49.21602787456446
2011-01-12,35.25488647581441,72.14134551464623,64.33543928923989,17.627443237907205
2011-01-13,28.639569053824765,48.42623332428073,48.87695331811944,14.319784526912382
2011-01-14,3.201164059658058,52.90753721222816,52.814462175969126,1.600582029829029
2011-01-15,1.498492008834216,49.80712666955976,49.81001686100359,0.749246004417108
2011-01-16,13.208435732744462,53.2171208922489,52.79218954675151,6.604217866372231
2011-01-17,7.783876623042555,55.884902583469234,55.42682902698574,3.891938311521277
2011-01-18,4.782163054189142,50.06255065356081,50.05955937931608,2.391081527094571
2011-01-19,98.408199467823,64.38831104507182,50.229033211786735,49.2040997339115
2011-01-20,84.38000299686907,78.68070281732808,54.47992492054353,42.19000149843453
2011-01-21,66.55372089904306,80.50146831621281,60.201606222930494,33.27686044952153
2011-01-22,2.741970593473572,48.06154547341263,48.11469732649952,1.370985296736786
2011-01-23,17.53450786716054,51.4686616727531,51.21113907620224,8.76725393358027
2011-01-24,31.41946278196827,44.15062346440889,45.98846614798613,15.709731390984135
2011-01-25,83.84577457844394,46.21169576364302,49.38802879400453,41.92288728922197
2011-01-26,38.68776222808357,38.04459292988578,42.66987239057106,19.343881114041785
2011-01-27,22.50868625790469,49.19696250108518,49.37771569224925,11.254343128952346
2011-01-28,17.34449618782716,47.07188879208831,47.57975492891989,8.67224809391358
2011-01-29,97.02135542714797,89.74460764853778,51.18385059872451,48.51067771357398
2011-01-30,22.655142036588597,53.10945400684407,52.40500278503115,11.327571018294297
2011-01-31,2.086639884427381,48.5639676129726,48.5939324375136,1.0433199422136905
2011-02-01,10.509716709733327,52.25469820915322,52.01773581471178,5.2548583548666645
2011-02-02,2.559444655521783,48.49535955809184,48.53386999746707,1.2797223277608916
2011-02-03,74.11339953704801,44.03363139744255,48.45550999770894,37.056699768524005
2011-02-04,35.51650018965735,59.43566176470589,56.08444493614869,17.758250094828675
2011-02-05,33.66449228436498,51.8863544370104,51.251322793107256,16.83224614218249
2011-02-06,25.787270742012563,43.243473764453135,44.98579747756872,12.89363537100628
2011-02-07,1.3191118850674792,46.54182893032321,46.58744607590929,0.6595559425337396
2011-02-08,3.577874172814489,48.33883361245198,48.39826805559953,1.7889370864072445
2011-02-09,2.1763048330668524,46.447282716433975,46.52460067438143,1.0881524165334262
2011-02-10,5.443226835416988,48.97144316046324,49.02742984237042,2.721613417708494
2011-02-11,20.411779129458107,40.933304181035766,42.78397810594256,10.205889564729054
2011-02-12,25.163202402592272,48.96347065719023,49.22429463368371,12.581601201296136
2011-02-13,96.54434371304691,69.45363294171324,50.672250689791085,48.27217185652346
2011-02-14,21.901038784448275,55.23557427080539,54.08892911916771,10.950519392224138
2011-02-15,80.90342838884264,66.3602561454245,53.12424803057976,40.45171419442132
2011-02-16,99.99290542537888,100.0,50.00354728731057,49.99645271268944
2011-02-17,99.8581085075774,100.0,50.0709457462113,49.9290542537887
2011-02-18,25.31381663534764,64.10165396963308,60.52437938878449,12.65690831767382
2011-02-19,6.608436858123216,52.42712275244831,52.266727877883625,3.304218429061608
2011-02-20,66.78063015103119,85.02035825785545,61.63354233211089,33.390315075515595
2011-02-21,94.3403887927398,66.33463360267484,50.92447675404188,47.1701943963699
2011-02-22,81.6702490583897,62.12453739564506,52.22239750744414,40.83512452919485
2011-02-23,3.6618280250744,52.478787007170304,52.37348033939087,1.8309140125372
2011-02-24,7.301774492267265,50.88245088245088,50.81660677821221,3.6508872461336326
2011-02-25,20.734143071282517,44.524225338056986,45.65869980501426,10.367071535641257
2011-02-26,5.288231360616624,51.14301947645029,51.08257396203869,2.644115680308312
2011-02-27,99.15495733401652,100.0,50.42252133299174,49.57747866700826
2011-02-28,96.60502465811749,47.77055271713888,49.9243108144866,48.302512329058736
2011-03-01,12.842559889890405,58.55507095755255,57.45059108760911,6.421279944945201
2011-03-02,2.010827838943811,52.18890984656023,52.14241615944151,1.0054139194719054
2011-03-03,99.0016356935932,99.249901302803,50.49169343554776,49.5008178467966
2011-03-04,38.53964113508814,58.10809941388784,54.96581297921112,19.26982056754407
2011-03-05,20.55078460303082,56.49539457306447,55.16054002523704,10.27539230151541
2011-03-06,2.9760915501317693,49.8468328458906,49.84429038359568,1.4880457750658846
2011-03-07,28.583726238143758,56.4415888883974,54.6003427551512,14.291863119071875
2011-03-08,4.158224642269216,49.286307088207245,49.315008864125616,2.079112321134608
2011-03-09,1.2529086793408577,48.78649920248792,48.80170325930382,0.6264543396704289
2011-03-10,14.13101514390467,47.94622130513284,48.2364410835268,7.065507571952335
2011-03-11,1.900182062851263,48.26171331281091,48.29474392464181,0.9500910314256312
2011-03-12,97.99055584898818,96.35151039623382,50.93140771456276,48.99527792449409
2011-03-13,98.7332242870938,96.04853764779092,50.58333169107069,49.366612143546895
2011-03-14,98.24329757128103,80.56989006057887,50.5370220011509,49.12164878564053
2011-03-15,99.27903566585728,72.66265718972116,50.16338967550692,49.63951783292864
2011-03-16,99.78440291036364,100.0,50.10779854481818,49.89220145518182
2011-03-17,98.65912011162176,100.0,50.67043994418913,49.32956005581087
2011-03-18,40.19546189837722,41.1606894450259,44.67364349363424,20.09773094918861
2011-03-19,97.3603824824308,99.40271763476184,51.304042788842416,48.6801912412154
2011-03-20,1.568782649992085,48.6654994925623,48.41776159569416,0.7843913249960425
2011-03-21,5.65789838181811,48.93561677169252,48.98809217581948,2.828949190909055
2011-03-22,6.261079455523901,49.41733799462938,49.443455207344094,3.1305397277619504
2011-03-23,3.208839744021023,47.00145971075647,47.09767806329821,1.6044198720105114
2011-03-24,5.55362075652401,44.55576646678986,44.85776588755827,2.776810378262005
2011-03-25,1.9041474873248128,44.75404280042607,44.85393356262789,0.9520737436624066
2011-03-26,26.57998006234473,39.9246755066084,42.602694748168425,13.289990031172366
2011-03-27,97.92115034410992,31.664770572620405,49.61883814614227,48.960575172054966
2011-03-28,93.13670149565986,47.19042963133375,49.80717079890894,46.56835074782993
2011-03-29,20.22871614269038,43.02325581395349,44.41821815088143,10.11435807134519
2011-03-30,56.65696616951619,40.272582969950186,45.78384234583327,28.32848308475809
2011-03-31,44.264505288128895,25.73260787832786,36.4744489473164,22.132252644064447
2011-04-01,14.90957299457834,39.86884635955631,41.37935810677114,7.454786497289169
2011-04-02,3.2502820051057766,40.42701161415954,40.73816073301538,1.6251410025528883
2011-04-03,9.431721932414568,38.20292971139895,39.3155965771913,4.715860966207284
2011-04-04,86.8365063137244,48.10783255367638,49.75092465766943,43.4182531568622
2011-04-05,6.777749193596264,36.76598599593211,37.65757030059565,3.388874596798132
2011-04-06,23.12141472484868,31.662258267035803,35.902203584286106,11.560707362424338
2011-04-07,2.1744637061663896,35.78364338137122,36.09277289638249,1.0872318530831948
2011-04-08,44.00644081610046,23.827995280185966,35.34536304759795,22.00322040805023
2011-04-09,4.025140306021483,33.434092671098426,34.10089368405222,2.0125701530107416
2011-04-10,3.900575884110744,33.709637561779246,34.34505551047872,1.950287942055372
2011-04-11,25.53210849474617,22.92183540437016,29.83546176731232,12.766054247373084
2011-04-12,97.62213558399986,14.903846153846152,49.16546104630765,48.81106779199993
2011-04-13,37.48388219566026,21.55488209949575,32.21721658373743,18.74194109783013
2011-04-14,99.72288904919016,98.4352773826458,50.13421945768244,49.86144452459508
2011-04-15,78.6403129601339,22.00373320519692,44.02008502978411,39.32015648006695
2011-04-16,41.41720393553564,33.571201922752344,40.364934361621806,20.70860196776782
2011-04-17,18.70231424320132,32.050857688039095,35.40776268718144,9.35115712160066
2011-04-18,11.880525895026793,27.65623947362512,30.31079572888386,5.940262947513396
2011-04-19,32.96161651324612,21.42245982993739,30.84207902971229,16.48080825662306
2011-04-20,17.37587108875707,27.94790988160466,31.77965263295357,8.687935544378535
2011-04-21,4.143545820832904,28.088393775109523,28.996311219118333,2.071772910416452
2011-04-22,12.71788173830444,28.83411101588468,31.525963745745276,6.35894086915222
2011-04-23,91.07397024788176,24.54172004063784,47.72758635644978,45.53698512394087
2011-04-24,95.1623270358409,23.50831431366156,48.718418883802,47.58116351792045
2011-04-25,30.3015675816828,26.2859121589019,33.47154851115349,15.150783790841398
2011-04-26,45.00565025327359,25.249491676426,36.38861888844108,22.502825126636797
2011-04-27,92.8647791422902,24.785757726543928,48.20090812619088,46.4323895711451
2011-04-28,99.36006624083277,58.04066543438078,50.0514549325763,49.680033120416375
2011-04-29,97.28265797285415,46.32235601334687,49.90006583434187,48.64132898642709
2011-04-30,95.89912332615266,22.070425245333848,48.854642583781136,47.94956166307633
2011-05-01,50.698916224982206,15.651099540287062,33.06561980855945,25.349458112491103
2011-05-02,83.06916710716287,16.696178937558248,44.361385708988486,41.53458355358144
2011-05-03,77.73570004146346,22.21847785601533,43.814638576816,38.86785002073173
2011-05-04,8.221916138276061,22.41693119867504,24.68256983859349,4.110958069138031
2011-05-05,7.677511279981002,24.12659074537784,26.10939602628038,3.838755639990501
2011-05-06,7.276713803434533,22.455321128720392,24.459668578258512,3.6383569017172666
2011-05-07,6.411256010923555,19.68105351297861,21.624878792076466,3.2056280054617776
2011-05-08,5.566307690480996,21.08600622802275,22.695448086977517,2.783153845240498
2011-05-09,8.642463915526514,20.979578398329537,23.487657863387568,4.321231957763257
2011-05-10,22.4359202527991,12.175708749745054,20.66193657083872,11.21796012639955
2011-05-11,49.00045883171951,12.943731337495636,31.101473008037463,24.50022941585976
2011-05-12,89.52910969034595,18.18216061473557,46.66838893906706,44.764554845172974
2011-05-13,22.653260684623085,21.032572273408604,27.594639189943138,11.326630342311542
2011-05-14,61.66743742070126,21.309328631381405,39.00213044320333,30.83371871035063
2011-05-15,99.4702696737271,22.767857142857142,49.85574308079176,49.73513483686355
2011-05-16,87.17744196423283,9.361623502602162,44.78912058882759,43.58872098211641
2011-05-17,36.58969664134394,13.911253858866818,27.11601659357217,18.29484832067197
2011-05-18,64.31893503761063,13.571119805810175,37.00178759284014,32.159467518805315
2011-05-19,24.20387458254855,16.297147033489075,24.454543296244125,12.101937291274275
2011-05-20,35.35965373857104,14.69185900613895,27.17669540309467,17.67982686928552
2011-05-21,53.21826311440737,19.83132346851681,35.886569123175995,26.60913155720369
2011-05-22,51.2412350258846,15.816624489001365,33.33260827437285,25.6206175129423
2011-05-23,32.996562404813425,15.06435234384225,26.59191512423208,16.498281202406712
2011-05-24,9.015138023152272,20.587135052371508,23.23874542396359,4.507569011576136
2011-05-25,23.05933182458417,16.37664167515144,24.129963441847217,11.529665912292083
2011-05-26,66.62045101733679,16.80393827511124,38.91930431622564,33.310225508668395
2011-05-27,97.92991998738717,24.98095963442498,49.4820858460447,48.96495999369358
2011-05-28,50.67649071184779,18.112693001804693,34.269267428386115,25.338245355923892
2011-05-29,21.01364105851765,10.762902506600932,19.00804533564444,10.506820529258825
2011-05-30,13.38090319414598,10.455978434687257,15.747325679413963,6.69045159707299
2011-05-31,43.46998837034517,12.939003141859503,29.04941416602717,21.734994185172585
2011-06-01,90.06369828456104,16.52649952396065,46.67397199798184,45.03184914228052
2011-06-02,94.60040046668558,23.534564566756696,48.57097247185697,47.30020023334279
2011-06-03,99.91959482096053,62.74509803921568,50.01024771889718,49.95979741048026
2011-06-04,86.79559406018716,21.780699133552435,46.27380896021714,43.39779703009358
2011-06-05,64.50742932956372,17.54889526733863,38.48226871942287,32.25371466478186
2011-06-06,95.98938284848867,34.59533877470744,49.38217801476621,47.99469142424434
2011-06-07,99.93063082592673,100.0,50.03468458703664,49.96531541296336
2011-06-08,81.8561120409259,21.94495812030893,44.909724634477534,40.92805602046295
2011-06-09,97.41039076761729,23.812423873325216,49.32184411088637,48.70519538380864
2011-06-10,97.65605286399192,24.911690496215307,49.4119432879132,48.828026431995966
2011-06-11,99.24577844889784,37.4803972817564,49.90557445818664,49.622889224448926
2011-06-12,73.78105856843253,13.14774644492649,40.33772922418253,36.89052928421626
2011-06-13,99.99290528556226,100.0,50.00354735721887,49.99645264278113
2011-06-14,53.75268387775357,13.822792602535932,33.26901253069407,26.876341938876784
2011-06-15,71.72951803423663,10.988995642944923,38.97140104857558,35.86475901711832
2011-06-16,84.36124304626087,21.41378439787932,45.52947121971249,42.180621523130434
2011-06-17,90.03582447585005,11.589784201148287,46.17273867859764,45.017912237925024
2011-06-18,100.0,-1.0,50.0,50.0
2011-06-19,28.590586503999432,9.305250095562045,20.940044148014525,14.295293251999716
2011-06-20,35.21087208451495,9.447093225564233,23.72612535646341,17.605436042257477
2011-06-21,6.128668394910257,9.763892402394806,12.22983001207132,3.0643341974551284
2011-06-22,64.98935384347976,15.874394936080428,38.05240516229957,32.49467692173988
2011-06-23,97.48238617087584,40.9746161078032,49.77277568699851,48.74119308543792
2011-06-24,31.822389972938325,11.308995316933895,23.621397711627026,15.911194986469162
2011-06-25,41.07709889553667,7.401715367166423,24.899854873597672,20.538549447768336
2011-06-26,4.698804717802581,6.659800322275196,8.69627166943719,2.3494023589012905
2011-06-27,0.0,5.483388349284001,5.483388349284001,0.0
2011-06-28,0.3012024349505648,5.6416811900291,5.7752895263878665,0.1506012174752824
2011-06-29,2.951781240476369,6.117788118416169,7.413095016642853,1.4758906202381847
2011-06-30,65.8498895374802,9.746669907069863,36.25344330842163,32.9249447687401
2011-07-01,40.826726170694265,8.684576502366879,25.55231132000823,20.41336308534713
2011-07-02,48.94462388759523,13.952966137787378,31.59605128428144,24.472311943797614
2011-07-03,31.37945900621364,5.056082631099635,19.159240757660257,15.68972950310682
2011-07-04,4.999525098542053,6.883537248334728,9.03915562520777,2.4997625492710265
2011-07-05,16.44971959805757,9.430199565153549,16.10381797817733,8.224859799028785
2011-07-06,28.67398114162764,11.660520697590597,22.6539757625617,14.33699057081382
2011-07-07,92.10948873432254,25.57,48.072348097795,46.05474436716127
2011-07-08,46.70737543157487,9.823230824032295,28.588745239328777,23.353687715787437
2011-07-09,12.207379034172746,8.944588174844275,13.956377910381615,6.103689517086373
2011-07-10,25.19104501226169,10.651819892984795,20.564037655248796,12.595522506130845
2011-07-11,13.893780445819797,10.374874191724915,15.880302172906536,6.946890222909897
2011-07-12,15.379441056950782,10.774856330572948,16.807464180716742,7.689720528475391
2011-07-13,94.47436059163012,28.329885139473497,48.80258759342773,47.237180295815065
2011-07-14,84.25479204553972,24.345451356700824,45.96063796633437,42.12739602276986
2011-07-15,50.43367225920713,12.165320104322026,31.246738563228387,25.216836129603564
2011-07-16,46.90207740950633,10.761553643913157,29.165200128132625,23.451038704753167
2011-07-17,97.56316764555166,18.87738595923649,49.24159407150459,48.78158382277583
2011-07-18,67.58924514510362,12.819700109715956,37.94958414824473,33.79462257255181
2011-07-19,74.41843013657513,14.020163344706734,40.79579294928,37.20921506828756
2011-07-20,81.52191084009985,9.923484654184833,42.5946257622192,40.760955420049925
2011-07-21,50.63386211176687,7.316448195510998,28.92877896060054,25.316931055883437
2011-07-22,54.79275533033449,11.056414381645215,32.39467796636968,27.396377665167243
2011-07-23,73.7680369193811,20.746787968248707,42.32630821993583,36.88401845969055
2011-07-24,68.46016482431119,11.172071699673069,37.75373541194226,34.2300824121556
2011-07-25,87.0686561041891,9.67181113890075,44.78502321141915,43.53432805209455
2011-07-26,71.35135989380026,11.229865401588702,38.89288367021192,35.67567994690013
2011-07-27,85.72268151841217,17.77495372544686,45.39912751254299,42.86134075920609
2011-07-28,68.5440537337021,9.78719662328526,37.350256815487946,34.27202686685105
2011-07-29,71.8327979352313,10.929750329251547,38.995003828030654,35.91639896761565
2011-07-30,80.30000829406816,9.234347120030474,41.96916976377704,40.15000414703408
2011-07-31,29.5191067429512,6.660790874183189,19.4541382775839,14.7595533714756
2011-08-01,42.131262953060485,14.887945705439709,29.68109762850227,21.065631476530243
2011-08-02,10.578783861329324,10.861502783752446,15.001879810831667,5.289391930664662
2011-08-03,43.084067823406194,21.31066713887905,33.67119876684716,21.542033911703097
2011-08-04,46.20780740881339,9.345457753208755,28.13103033754073,23.103903704406694
2011-08-05,95.97601457102984,30.008817478201237,49.19555772824399,47.98800728551492
2011-08-06,74.19831465335035,16.616138416781503,41.38640107773691,37.099157326675176
2011-08-07,99.99014642413732,100.0,50.00492678793134,49.99507321206866
2011-08-08,56.99241403028854,16.15883082862264,35.44573007546439,28.49620701514427
2011-08-09,51.49821763083222,8.156380880986914,29.70509891951279,25.74910881541611
2011-08-10,2.4741345872220504,3.4528800379865507,4.604518432322465,1.2370672936110252
2011-08-11,0.1009285425918449,3.8625351130551233,3.909100983954341,0.0504642712959224
2011-08-12,32.330217304443806,7.33623688287393,21.129524208893933,16.165108652221903
2011-08-13,40.1176545056058,11.314223047295648,26.834049387990856,20.0588272528029
2011-08-14,10.424507208351637,10.492553600381708,14.611010198145577,5.212253604175818
2011-08-15,81.10484504307539,16.86334301050565,43.73877731429045,40.55242252153769
2011-08-16,9.281055581060327,8.855491329479769,12.674136047744938,4.6405277905301645
2011-08-17,11.873167140917923,15.712823000026946,19.783796833136115,5.936583570458962
2011-08-18,3.822482912021151,11.26396576202136,12.744644051562751,1.9112414560105755
2011-08-19,2.368060667949053,8.334988709657804,9.321641454320927,1.1840303339745264
2011-08-20,4.2090473740451975,6.380068998285372,8.216052558673368,2.1045236870225987
2011-08-21,0.0,3.0504167755111733,3.0504167755111733,0.0
2011-08-22,0.0126655425997609,3.682972979392135,3.688839282180373,0.0063327712998804
2011-08-23,0.9388333452072796,5.387123324889525,5.805963887371663,0.4694166726036397
2011-08-24,0.0455167937178908,3.4778786642855164,3.49905404228708,0.0227583968589454
2011-08-25,0.2774501500051453,3.6780085490778185,3.806528983843773,0.1387250750025726
2011-08-26,4.906996992243153,6.154876998181296,8.306355865125852,2.4534984961215764
2011-08-27,69.58281137004003,11.18083434020605,38.19230115668383,34.79140568502002
2011-08-28,0.7251023138363136,4.136399518383556,4.468957546684398,0.3625511569181568
2011-08-29,0.3886707618263568,3.453276858157776,3.6341903615983786,0.1943353809131784
2011-08-30,81.1236176935229,22.45004707605398,44.799565560821485,40.56180884676145
2011-08-31,31.268596480121552,14.741320253987992,25.76621454798683,15.634298240060776
2011-09-01,82.97312980353611,11.925627115500534,43.51712595083863,41.486564901768055
2011-09-02,62.9244615548801,8.628997867803838,34.661478199346234,31.46223077744005
2011-09-03,4.0804534013013125,5.339208938842539,7.161571706745611,2.0402267006506563
2011-09-04,99.6665444784732,85.22458628841608,50.1174583279137,49.8332722392366
2011-09-05,98.13361503198672,88.36325237592398,50.71600597558524,49.06680751599336
2011-09-06,21.72775697901744,10.58685529089962,19.15044759108142,10.86387848950872
2011-09-07,14.164607263597004,4.04501524769442,10.554358355904393,7.082303631798502
2011-09-08,94.07822110077277,8.328894806924101,47.53232928560164,47.039110550386376
2011-09-09,8.472805417149823,4.389242011501708,8.253752785154287,4.236402708574912
2011-09-10,1.3441307083996294,6.471607731747827,7.056686219098054,0.6720653541998147
2011-09-11,4.758645248081032,9.562009530021228,11.486310041940332,2.379322624040516
2011-09-12,27.24017315195113,9.29775998868846,20.385120644492456,13.620086575975565
2011-09-13,0.1872125515527163,4.965481142512719,5.04979141434531,0.0936062757763581
2011-09-14,26.068805596884992,7.637836998817125,18.68114691823103,13.034402798442496
2011-09-15,24.646475034709724,14.445517632360817,23.20844425282128,12.323237517354862
2011-09-16,3.2604952881529004,5.889380295635027,7.327604972670891,1.6302476440764502
2011-09-17,49.927964726463856,11.694884427117518,30.81744203535269,24.963982363231928
2011-09-18,100.0,-1.0,50.0,50.0
2011-09-19,76.29588075645223,10.99463351221626,40.75412141635293,38.14794037822612
2011-09-20,6.86587600267512,34.20367199350751,35.288228287409126,3.43293800133756
2011-09-21,3.3219080488886075,22.077023536106573,23.00459913874992,1.6609540244443035
2011-09-22,3.7648325377789376,13.31690946031537,14.697966388816324,1.8824162688894688
2011-09-23,13.102757725430598,13.835083005032676,18.573684460486323,6.551378862715299
2011-09-24,14.416703272350242,13.650508871143009,18.89090714819959,7.208351636175121
2011-09-25,29.08111786840554,10.579465949540824,22.0433979211098,14.54055893420277
2011-09-26,1.1094223720978098,6.142460906700394,6.6290262572530025,0.5547111860489049
2011-09-27,1.818692757684422,6.149343502956958,6.946852216865754,0.909346378842211
2011-09-28,4.738798142951567,6.288276011068363,8.35968637570797,2.3693990714757835
2011-09-29,0.9609828305456388,4.708468209247493,5.143712053447744,0.4804914152728194
2011-09-30,0.0704520807111702,4.477257244252919,4.509328963721136,0.0352260403555851
2011-10-01,0.0118739461872758,3.928763696244221,3.934234170050741,0.0059369730936379
2011-10-02,0.0126655425997609,3.776393188241721,3.78224765885361,0.0063327712998804
2011-10-03,0.4571469282101214,5.145149682503708,5.350202252883389,0.2285734641050607
2011-10-04,0.0245394887870368,3.437163488946602,3.4485897709911577,0.0122697443935184
2011-10-05,0.1963159102962945,3.8103094091799594,3.9009871207263687,0.0981579551481472
2011-10-06,18.738897702590965,15.801517054693814,22.20993578965276,9.369448851295482
2011-10-07,31.846022363079552,21.49015100057474,30.569403888611923,15.923011181539776
2011-10-08,61.43286295901024,6.548052187637721,33.24182774022689,30.71643147950512
2011-10-09,12.79308161165202,26.0633878590594,29.117984643394283,6.39654080582601
2011-10-10,39.51559009035728,19.03815476346139,31.2729106115428,19.75779504517864
2011-10-11,8.904041823153912,10.128419003927291,13.678601251370296,4.452020911576956
2011-10-12,13.407226971837114,8.87291591507939,14.386917425242997,6.703613485918557
2011-10-13,17.321651074939183,5.6565318278592445,13.337552659164178,8.660825537469591
2011-10-14,3.221005802401704,7.718513307922589,9.080402447616107,1.6105029012008518
2011-10-15,2.5315253271272176,6.272283540027127,7.379261757185716,1.2657626635636088
2011-10-16,0.9851417353376556,6.27305978054484,6.70383211823284,0.4925708676688277
2011-10-17,0.4543763407664237,5.832465229457746,6.033152057754874,0.2271881703832118
2011-10-18,0.3419696501935453,5.783788077366059,5.934994102606727,0.1709848250967726
2011-10-19,99.93614882840984,86.41975308641975,50.02325443903592,49.968074414204914
2011-10-20,54.47220047604362,26.476360857331432,39.290204730386925,27.23610023802181
2011-10-21,18.903486209489134,29.114517002620293,33.06260140081516,9.451743104744567
2011-10-22,12.36298307123693,25.59151826030416,28.609134725728712,6.181491535618465
2011-10-23,16.738695098109055,16.395811448643663,22.02071411044887,8.369347549054527
2011-10-24,83.09848026957735,19.848541510845173,44.9039452944453,41.54924013478868
2011-10-25,94.8558048595891,99.98467432950191,52.57130918780846,47.42790242979455
2011-10-26,99.72764716315552,100.0,50.13617641842224,49.86382358157776
2011-10-27,40.974429527017406,35.440443658575795,41.40613881113905,20.487214763508703
2011-10-28,37.16078294855769,17.5014164305949,29.57814453217716,18.580391474278844
2011-10-29,2.3323649777172664,18.29930015520588,19.03867617607713,1.1661824888586332
2011-10-30,2.4028909100983955,15.600426631195177,16.427010852786815,1.2014454550491978
2011-10-31,7.7488058821434365,14.02906707390312,16.816384840342387,3.8744029410717182
2011-11-01,10.619402512737745,15.886911532350506,19.509517706256528,5.309701256368872
2011-11-02,32.534155841588074,16.783208585612886,27.590011269944835,16.267077920794037
2011-11-03,71.89965232696261,30.63365446732017,44.55798957375522,35.949826163481305
2011-11-04,99.91289404605186,100.0,50.04355297697407,49.95644702302593
2011-11-05,98.254182236728,99.43553849627456,50.86305441243712,49.127091118364
2011-11-06,88.13871993882321,38.89867402213286,48.68324063526101,44.06935996941161
2011-11-07,94.8410649026047,84.37261195170412,51.77326074186796,47.42053245130235
2011-11-08,92.92957968614462,72.53513272362258,51.59332860184528,46.46478984307231
2011-11-09,22.521788323911174,28.395049120728743,33.2608704252432,11.260894161955587
2011-11-10,2.398537129829728,17.903923047600507,18.67375937052253,1.1992685649148638
2011-11-11,61.09670365238947,36.16956512916252,44.61950493603483,30.548351826194736
2011-11-12,2.5726272461014803,15.979444263893402,16.85466635003562,1.2863136230507402
2011-11-13,2.7689823317079347,15.331759342180248,16.291716800709267,1.3844911658539674
2011-11-14,4.400549326599993,15.069922253409176,16.60703755446763,2.2002746632999965
2011-11-15,3.158307179014276,13.747358870720552,14.892328638088866,1.5791535895071378
2011-11-16,10.76875588656636,13.26979537169264,17.225181444751357,5.38437794328318
2011-11-17,3.258744469157887,12.457862870234004,13.681265187553922,1.6293722345789434
2011-11-18,10.966090496556037,12.35452780135352,16.482764350512934,5.483045248278017
2011-11-19,3.5371365698047192,12.951482203302902,14.261938874860483,1.7685682849023596
2011-11-20,5.348867580306226,12.7915776446338,14.781806885143398,2.674433790153113
2011-11-21,2.3207769695338656,12.340261739799846,13.214260272129303,1.1603884847669328
2011-11-22,4.996299477177471,11.93952750132268,13.841142689785368,2.498149738588736
2011-11-23,8.653945087734574,12.906258393768466,16.116330423357894,4.326972543867287
2011-11-24,3.0697865872965613,11.049816251531237,12.245503767969096,1.5348932936482806
2011-11-25,9.678006617169814,11.54533743460315,15.26698222229258,4.839003308584907
2011-11-26,16.33966236377019,9.641546204495572,16.23598128991919,8.169831181885096
2011-11-27,2.160998333735717,11.43725146742934,12.270591820660885,1.0804991668678583
2011-11-28,11.478703879501298,14.541368031600207,18.611559394975004,5.739351939750649
2011-11-29,22.97207551943329,13.023463480724226,21.517741374403087,11.486037759716645
2011-11-30,3.949211978247275,12.176940827427064,13.670653610809868,1.9746059891236376
2011-12-01,4.009768145081494,11.016093053556924,12.57925733600361,2.004884072540747
2011-12-02,58.30150598959671,20.397628248844438,37.65625678840708,29.150752994798356
2011-12-03,88.29230211175421,84.34027076177006,54.02045515479364,44.14615105587711
2011-12-04,91.19316613975197,45.36502394700327,49.59180535955029,45.59658306987598
2011-12-05,46.27979127359422,36.41420153124954,42.70168070543841,23.13989563679711
2011-12-06,26.92138848570897,14.278601580257606,23.89529802136436,13.460694242854489
2011-12-07,93.48866925910444,10.781344639612357,47.44634363735319,46.74433462955221
2011-12-08,4.806588726976262,36.30456202786358,36.962845405542325,2.403294363488131
2011-12-09,67.69925642492258,72.77490107957598,57.35646239719138,33.84962821246129
2011-12-10,47.365321296014486,38.811664075818,44.11105533398421,23.682660648007243
2011-12-11,58.641090916267046,60.0167956560326,54.14283740848184,29.320545458133523
2011-12-12,97.27911266672972,100.0,51.360443666635135,48.63955633336487
2011-12-13,61.72529743441822,62.235459294282826,54.68308565241959,30.86264871720911
2011-12-14,92.7139134925046,97.07314434105172,53.4297900184872,46.3569567462523
2011-12-15,98.77262976244192,56.98161883263463,50.08569031165151,49.38631488122096
2011-12-16,100.0,-1.0,50.0,50.0
2011-12-17,40.639594430537926,51.74738525081607,51.03725497174538,20.319797215268963
2011-12-18,80.3510736450308,90.44026166874022,57.94607723304761,40.1755368225154
2011-12-19,5.317026834481121,55.04334813105599,54.77519195757144,2.6585134172405605
2011-12-20,61.472631154730585,48.56427926819264,49.446854578068574,30.736315577365293
2011-12-21,60.88341884116838,67.9140665167905,57.00737036788743,30.44170942058419
2011-12-22,90.35463064570882,57.29895641497852,50.70401130523341,45.17731532285441
2011-12-23,7.056998222887155,47.01375906518416,47.22449803488524,3.528499111443577
2011-12-24,88.48979044372909,32.6490043527436,48.00286404090134,44.24489522186455
2011-12-25,11.222971475607054,47.62900292418515,47.89509924969133,5.611485737803527
2011-12-26,30.84820192269652,45.23413141108155,46.70431617676149,15.42410096134826
2011-12-27,9.68865251594726,46.20241517106001,46.57034996913434,4.84432625797363
2011-12-28,4.154496449858707,41.20593469849568,41.57128382924493,2.0772482249293533
2011-12-29,99.93023668289224,100.0,50.034881658553886,49.965118341446114
2011-12-30,77.40115001045822,43.32815255924419,48.49223920533251,38.70057500522911
2011-12-31,56.54525185600999,30.247261744478003,41.41649733952135,28.272625928004995
2012-01-01,60.69857083555714,38.34585709830904,45.41975528276898,30.34928541777857
2012-01-02,97.95320715451255,88.0415944540728,50.77863263359531,48.97660357725628
2012-01-03,21.538966404795133,78.03986978825473,72.00037165461424,10.769483202397566
2012-01-04,96.62109960109107,86.52589827344843,51.234173722466615,48.31054980054554
2012-01-05,79.49754103217397,32.39311793152611,46.39015622839762,39.748770516086985
2012-01-06,74.03723076436846,35.20040171642472,46.15761444983487,37.01861538218423
2012-01-07,52.52224580877499,42.441550656098045,46.41141799983397,26.26112290438749
2012-01-08,69.61074886386089,30.657997399219767,44.12211025489034,34.805374431930446
2012-01-09,10.072221452739468,51.65219610725082,51.48578325649499,5.036110726369734
2012-01-10,68.14583852011683,37.61134406867976,46.05369753445012,34.07291926005841
2012-01-11,3.581308647936265,51.53351065576462,51.47859090603269,1.7906543239681327
2012-01-12,10.294600637081295,51.48015650708649,51.32778030587816,5.1473003185406485
2012-01-13,15.096220801417989,43.80789949486477,44.7426726593657,7.548110400708994
2012-01-14,9.139478558199174,43.72054531991812,44.29445473397603,4.569739279099587
2012-01-15,5.109055721121309,46.02102102102102,46.22430927418876,2.5545278605606545
2012-01-16,3.2819197568244696,45.26507478566898,45.42047123174897,1.6409598784122348
2012-01-17,20.969343943776785,42.33211159846983,43.94001749061165,10.484671971888393
2012-01-18,4.32220428064843,45.665995176855525,45.853319718844986,2.161102140324215
2012-01-19,100.0,-1.0,50.0,50.0
2012-01-20,94.00454093940684,44.99013806706114,49.6996357788184,47.00227046970342
2012-01-21,66.63610496364211,34.26276888088695,44.74944672779007,33.318052481821056
2012-01-22,44.3532597539987,52.19796979520611,51.22309854262392,22.17662987699935
2012-01-23,16.277138122115122,49.03436416376125,49.19154204258248,8.138569061057561
2012-01-24,59.25272883252223,37.833878275718206,45.04263739044148,29.626364416261115
2012-01-25,9.226075049666385,45.03407114176473,45.49223146513855,4.613037524833192
2012-01-26,11.010935341773957,47.22209868087491,47.52797159898206,5.505467670886978
2012-01-27,15.582606493280355,48.07796883496784,48.37747138809301,7.791303246640179
2012-01-28,97.51756274097026,86.51738923296807,50.90652127634411,48.75878137048513
2012-01-29,41.84452665528362,65.93606002528239,59.26769114020109,20.92226332764181
2012-01-30,12.598618353894487,56.60479855138072,55.77268518884871,6.299309176947244
2012-01-31,99.5467355103167,100.0,50.22663224484165,49.77336775515835
2012-02-01,97.62403252070987,100.0,51.18798373964506,48.81201626035494
2012-02-02,99.75366060343298,100.0,50.12316969828351,49.87683030171649
2012-02-03,15.265638168645715,75.04494618132573,71.22019063747621,7.632819084322858
2012-02-04,94.64608225876414,99.95580761582087,52.67459284672108,47.32304112938207
2012-02-05,21.47712345893934,70.83853998710093,66.36274075363603,10.73856172946967
2012-02-06,8.650193123535743,65.363254343023,64.03430317229152,4.325096561767872
2012-02-07,98.39464909307333,100.0,50.80267545346335,49.197324546536656
2012-02-08,35.39816365877556,72.543191756108,64.5633158443693,17.69908182938778
2012-02-09,26.65076709500587,57.647718571721285,55.609542907090336,13.325383547502936
2012-02-10,71.30979017943466,80.51249604555521,58.75409913696149,35.65489508971733
2012-02-11,94.37061682744049,91.22549019607844,52.320740807903206,47.18530841372024
2012-02-12,91.63067529670694,73.88661105612894,51.999148039900135,45.81533764835347
2012-02-13,82.57664547546042,67.12719695597028,52.98413224575486,41.28832273773021
2012-02-14,49.2179592611336,53.6845711260423,51.87088815789473,24.6089796305668
2012-02-15,68.31888204747189,35.71303827154333,45.47373080297509,34.159441023735944
2012-02-16,13.468866106650946,50.39005697666975,50.33652381385743,6.734433053325473
2012-02-17,25.30437982487032,44.14438276052041,45.62611038788891,12.652189912435158
2012-02-18,13.065984905749984,52.51429455896278,52.18577721140261,6.532992452874992
2012-02-19,99.43306142885866,98.88734353268428,50.27716120689315,49.71653071442933
2012-02-20,94.09821199755557,93.81388202284722,52.58580243262957,47.049105998777776
2012-02-21,2.785582562308563,60.7179207412896,60.41239602048327,1.3927912811542815
2012-02-22,3.009447067530504,52.623160197007344,52.54421757938188,1.504723533765252
2012-02-23,99.57826695307728,80.74766355140187,50.12967305835288,49.78913347653864
2012-02-24,11.329244163039178,48.38778779940287,48.57043925603482,5.664622081519589
2012-02-25,49.07803942503509,36.29537018342212,43.02133380785733,24.539019712517547
2012-02-26,39.37019082490451,29.989434828544223,37.86763252168824,19.685095412452256
2012-02-27,10.560994720887711,42.95278848408951,43.6929646133268,5.2804973604438565
2012-02-28,16.115911752603424,40.336867724468426,41.89416959453043,8.057955876301712
2012-02-29,66.40072042467139,36.2839140452344,45.39149393326593,33.200360212335696
2012-03-01,3.340892989309617,40.05527915975677,40.3873631049209,1.6704464946548088
2012-03-02,1.6591729466151606,37.3583295769206,37.56807675258058,0.8295864733075803
2012-03-03,3.525630877370737,35.70209553816111,36.20618687268467,1.7628154386853687
2012-03-04,92.15571883573524,55.472361809045225,50.42926744662736,46.077859417867614
2012-03-05,99.34649539432972,100.0,50.326752302835146,49.67324769716486
2012-03-06,65.33401748534665,67.98970422422924,56.2295987843145,32.667008742673325
2012-03-07,15.327213737437685,57.39292156148073,56.25979267231147,7.663606868718842
2012-03-08,36.644921519788085,42.409700207184045,45.19115960937809,18.32246075989404
2012-03-09,14.429730681427028,44.693403859847045,45.45913139122212,7.214865340713514
2012-03-10,9.821587550300915,45.03562903678742,45.52267448531826,4.910793775150458
2012-03-11,45.87265314499292,33.93100632186841,41.30228005572856,22.93632657249646
2012-03-12,48.829020861704855,41.171251793677,45.48029289280991,24.414510430852427
2012-03-13,2.1313395974004385,37.088894281323306,37.36216545686264,1.0656697987002193
2012-03-14,4.24723565588368,35.47551146931184,36.09240072502197,2.12361782794184
2012-03-15,3.401032102830368,34.151597335452735,34.69060659785981,1.700516051415184
2012-03-16,6.39388314818406,32.86149761333993,33.95731342929171,3.1969415740920297
2012-03-17,14.56992161688422,32.01704413876152,34.63714671214285,7.2849608084421105
2012-03-18,98.15102401185617,60.30697079513963,50.19057341510713,49.07551200592808
2012-03-19,98.5968397362374,80.6179775280899,50.42961929424192,49.29841986811871
2012-03-20,11.558612175124251,42.545511543026045,43.37229731868689,5.779306087562127
2012-03-21,21.60912173255948,42.51005607174761,44.12839898876004,10.804560866279738
2012-03-22,12.918927261287145,30.868472595238423,33.34006070463278,6.459463630643572
2012-03-23,16.108290764342552,31.24419268266224,34.26543266053884,8.054145382171276
2012-03-24,35.57311158407773,32.21169492253941,38.53954853666063,17.786555792038865
2012-03-25,64.12881270282435,29.19844597792232,42.53823559601734,32.064406351412174
2012-03-26,3.7608833306949503,29.40450782763173,30.17908025961691,1.8804416653474751
2012-03-27,6.2533146525452565,28.80362736737227,30.12910324301647,3.1266573262726283
2012-03-28,2.491460957876697,28.657942589946742,29.189671617925857,1.2457304789383483
2012-03-29,28.118621540798404,22.50232501829748,30.23429217892122,14.059310770399202
2012-03-30,48.45028210835966,15.771065670588596,32.355080915873586,24.22514105417983
2012-03-31,3.320127755064887,26.28826718645067,27.067411772621316,1.6600638775324434
2012-04-01,15.056775469831848,25.97536890743777,29.592087042532143,7.528387734915924
2012-04-02,11.770409536323196,23.932984950770404,27.00117937595973,5.885204768161598
2012-04-03,68.2786865822545,20.43725643994572,40.6223094604308,34.13934329112725
2012-04-04,99.67341915940932,60.5072463768116,50.03431465354032,49.83670957970466
2012-04-05,99.03195799895944,48.45276872964169,49.9850221514497,49.515978999479714
2012-04-06,67.69227729033278,37.13502533101642,45.839656944115085,33.84613864516639
2012-04-07,95.366276019581,39.5845747850515,49.51737794415232,47.6831380097905
2012-04-08,72.86532306757327,27.58475254148548,43.91769501852809,36.43266153378664
2012-04-09,42.03426919248574,25.09420976238015,35.56258196009037,21.01713459624287
2012-04-10,23.060372955763413,26.90939559366293,32.234175087504205,11.530186477881706
2012-04-11,99.16161480792424,99.8589562764457,50.41801010634524,49.580807403962126
2012-04-12,20.041148192842588,55.902076151987,54.6794199687432,10.020574096421294
2012-04-13,99.67101629928838,37.52997601918465,49.95897565362829,49.83550814964419
2012-04-14,99.96649744592294,49.41176470588236,49.99980292615248,49.98324872296147
2012-04-15,99.81632934591964,100.0,50.09183532704018,49.90816467295981
2012-04-16,99.33303900854594,73.1678486997636,50.15452051338652,49.66651950427297
2012-04-17,23.6679881933069,35.85442890261549,39.187221549588905,11.83399409665345
2012-04-18,98.91519009795611,75.32703488372093,50.27475018231271,49.457595048978064
2012-04-19,97.50112366638542,34.42726412117387,49.610856588627705,48.75056183319271
2012-04-20,95.44538683259007,28.11012033590165,49.00300065848879,47.72269341629504
2012-04-21,40.832397285196734,34.59528191400368,40.86186302583493,20.416198642598367
2012-04-22,99.81080015766652,92.29166666666669,50.08001576665353,49.90540007883327
2012-04-23,99.5230098472843,44.87603305785124,49.97555918225755,49.76150492364215
2012-04-24,97.60774799297788,33.773087071240106,49.61181134978401,48.80387399648895
2012-04-25,30.975939635535312,53.566405465139646,52.38922899266009,15.487969817767656
2012-04-26,29.630333028673626,40.37403987809404,43.22448672751948,14.815166514336813
2012-04-27,16.1574004478167,36.551346658362114,38.72328725937765,8.07870022390835
2012-04-28,2.884158697992528,36.30320666438434,36.69752548920271,1.4420793489962638
2012-04-29,98.13514483182792,61.98731501057082,50.2235460634997,49.06757241591396
2012-04-30,75.37744832682026,23.0666773650004,43.36832871689301,37.68872416341013
2012-05-01,99.4733813176504,43.48802395209581,49.9657067175416,49.7366906588252
2012-05-02,50.02629445839347,22.64050901378579,36.32530001383919,25.013147229196736
2012-05-03,51.7655805712975,20.180048701698,35.6165196173422,25.88279028564875
2012-05-04,46.90647652718623,21.791309400537852,35.021374872956926,23.453238263593114
2012-05-05,96.01699792650524,34.16468725257324,49.369279164925615,48.00849896325263
2012-05-06,98.37494826872673,35.62939607082222,49.76647025205448,49.18747413436336
2012-05-07,45.27472005885587,16.7946271073711,31.826074574501327,22.63736002942793
2012-05-08,66.35891722764768,17.619634783629852,39.10689453557094,33.17945861382384
2012-05-09,64.23353340704469,11.205078664090532,36.12442742062865,32.116766703522345
2012-05-10,21.469731509625127,23.086420997459985,28.86469414893617,10.734865754812564
2012-05-11,19.24256150775597,15.744637074848262,22.33624635542562,9.621280753877985
2012-05-12,94.28494799657648,20.917874396135268,48.33794139803819,47.142473998288246
2012-05-13,57.74605091293659,19.15368523291868,36.96613828019873,28.87302545646829
2012-05-14,2.3470369153681445,16.871547325202954,17.64908433897071,1.1735184576840725
2012-05-15,3.396619212152155,16.766155497560238,17.89498264486688,1.6983096060760774
2012-05-16,68.07385568737799,18.042609029350963,39.79702332492867,34.03692784368899
2012-05-17,7.500702461186546,26.12227246257665,27.894041150374186,3.750351230593273
2012-05-18,57.70461115586939,16.542947048003214,35.84920935816628,28.852305577934693
2012-05-19,12.808411824975176,14.07474286440209,18.676197747510752,6.404205912487589
2012-05-20,99.8860926630274,59.51557093425605,50.01083893344895,49.943046331513706
2012-05-21,99.39414245732982,98.15059445178336,50.28282549568372,49.69707122866491
2012-05-22,70.1876366166118,20.843830385319155,41.307527204740126,35.0938183083059
2012-05-23,20.14951066717849,14.951950954785822,22.01384299401245,10.074755333589245
2012-05-24,71.08294293772367,14.191265862554127,39.64516791619596,35.54147146886184
2012-05-25,14.692721294871236,14.835238735709485,20.00189910227853,7.346360647435618
2012-05-26,46.81048544763003,18.393851637335707,33.18884311719704,23.40524272381501
2012-05-27,61.13479660983464,14.21077245277648,36.09044392200249,30.56739830491732
2012-05-28,87.78776921619402,21.49529689368717,46.51893987241837,43.89388460809701
2012-05-29,57.8788238083946,12.219563687543983,34.08643585487313,28.9394119041973
2012-05-30,64.63855040854709,11.152329128350672,36.26290044726819,32.319275204273545
2012-05-31,67.88625270507211,15.794198300561971,39.01523528203832,33.943126352536055
2012-06-01,72.04095320760673,12.611303182106823,39.54647676161919,36.02047660380337
2012-06-02,32.462475639307584,22.36653419101077,31.337041297550293,16.231237819653792
2012-06-03,82.22294134825607,17.828442037028815,44.28084327174282,41.11147067412804
2012-06-04,99.99724099875846,100.0,50.00137950062078,49.99862049937923
2012-06-05,9.338741590819154,12.346018766053362,15.853779184804116,4.669370795409577
2012-06-06,99.99369371144788,50.0,50.0,49.996846855723945
2012-06-07,70.91236508820359,22.311827956989248,41.94616560237895,35.45618254410179
2012-06-08,98.54165681033258,21.49229521492295,49.584259828736336,49.27082840516629
2012-06-09,88.68387519281676,19.129131222981453,46.50661396013082,44.34193759640838
2012-06-10,96.16344784884112,18.863075657894736,48.80541565934824,48.08172392442056
2012-06-11,97.1752326035426,43.74476403239319,49.82330413381557,48.5876163017713
2012-06-12,98.93613666643016,28.65253595760787,49.76645460350496,49.46806833321508
2012-06-13,76.84345118529421,19.054841678312144,42.83416930745037,38.42172559264711
2012-06-14,42.44908607931187,10.296723676076654,27.15040161912593,21.22454303965593
2012-06-15,5.24051514647796,9.175733528244754,11.31513539613561,2.62025757323898
2012-06-16,1.357159819520304,9.22918898531884,9.782514050502652,0.678579909760152
2012-06-17,5.462331206762811,10.023275869286737,12.206936946920166,2.7311656033814056
2012-06-18,0.7771846446675399,8.353174365784888,8.676847099605473,0.3885923223337699
2012-06-19,14.295890584436144,10.605640826730204,16.237415310580637,7.147945292218072
2012-06-20,61.083350779549605,19.27406339765126,38.04249503276597,30.5416753897748
2012-06-21,24.44198326839784,10.691438682455424,20.29923066273757,12.22099163419892
2012-06-22,19.094167352364074,10.716468557626015,18.217331793151462,9.547083676182035
2012-06-23,87.40252517483344,22.020790281169766,46.47532609938981,43.70126258741672
2012-06-24,65.81514955205486,9.095110987855469,36.016724865300446,32.90757477602743
2012-06-25,49.21326115304066,10.45002567573876,29.91385782589797,24.60663057652033
2012-06-26,57.20004742333228,8.539163996638997,32.25478185267151,28.60002371166614
2012-06-27,27.137237520084216,14.17002509314881,23.89329048700759,13.568618760042108
2012-06-28,6.317976727618142,8.745780470390415,11.352212459431648,3.158988363809071
2012-06-29,13.345230228665711,10.998173515981737,16.20305705365869,6.6726151143328565
2012-06-30,1.0092774365144703,7.406459661103693,7.836346653156862,0.5046387182572352
2012-07-01,6.495690644464318,5.042934347901528,7.96320625549057,3.247845322232159
2012-07-02,55.33313308724143,12.837006821982532,33.40045529637739,27.666566543620718
2012-07-03,59.087389686421055,12.367839176571689,34.603700689731454,29.543694843210528
2012-07-04,37.63872080238564,16.812744961250143,29.30400322726086,18.81936040119282
2012-07-05,41.02333825234115,10.597705775810022,26.761842214582156,20.51166912617057
2012-07-06,64.01801232422184,13.12299653097967,36.73092115658082,32.00900616211092
2012-07-07,39.36896064804744,12.026381712854237,26.976200552960396,19.68448032402372
2012-07-08,43.59083880102354,10.37439528850873,27.64752876222568,21.79541940051177
2012-07-09,19.40394782663754,13.062264623422026,20.229643524234653,9.70197391331877
2012-07-10,23.20113000609317,8.5377351200136,18.157449098289955,11.600565003046585
2012-07-11,43.15379443983075,15.730415243448558,30.51904140467434,21.576897219915374
2012-07-12,39.92762936744904,9.113112401416702,25.438277341664524,19.96381468372452
2012-07-13,93.06611961495976,27.457897132453347,48.43695755089159,46.53305980747988
2012-07-14,86.28091736819047,15.701504559707718,45.29456106907888,43.14045868409524
2012-07-15,51.34750370736529,9.12053970576282,30.11112209589718,25.67375185368265
2012-07-16,4.553909966674846,4.869462090928693,6.924666154783861,2.276954983337423
2012-07-17,35.37284743590758,6.301636454878154,21.75899192368236,17.68642371795379
2012-07-18,0.1986891267177506,3.818301514154049,3.910059527579,0.0993445633588753
2012-07-19,12.718274533385026,4.3829233690947245,10.184628409117884,6.359137266692513
2012-07-20,71.41638124133354,19.52483622190895,41.28909536959124,35.70819062066677
2012-07-21,55.225486008953006,9.145587507948845,31.7076353627865,27.612743004476503
2012-07-22,44.92145478706575,7.8461925106810755,26.78229608302221,22.460727393532878
2012-07-23,21.54556560173636,6.425961853410264,15.814234827609384,10.77278280086818
2012-07-24,63.48551982007976,14.335043623216643,36.97712657262224,31.74275991003988
2012-07-25,72.73283757153068,12.962748392329528,39.90099244509563,36.36641878576534
2012-07-26,15.139402813780004,8.03705102911752,14.38925935453232,7.569701406890002
2012-07-27,2.883298636122567,5.145959075218949,6.439235025449019,1.4416493180612835
2012-07-28,49.4915334592318,8.956227902756485,29.26942010319461,24.7457667296159
2012-07-29,39.25386297750831,12.9723430297664,27.507128760643702,19.62693148875416
2012-07-30,59.36857829344631,14.37310950523746,35.52428788214094,29.684289146723152
2012-07-31,56.1079517386648,13.261722970539507,33.87481771584617,28.0539758693324
2012-08-01,3.816561255748787,8.720717310169164,10.296166419960263,1.9082806278743936
2012-08-02,36.01408283555521,10.582998454404946,24.778670042327622,18.007041417777604
2012-08-03,52.59646264099603,13.199896543380865,32.55544920978943,26.29823132049801
2012-08-04,40.44104563481864,13.073700563658935,28.00703047461635,20.22052281740932
2012-08-05,32.03313527070757,10.446544980443283,23.11675673109636,16.016567635353784
2012-08-06,20.275258029677865,8.94412218588888,17.268307349049177,10.137629014838932
2012-08-07,6.151794124864441,8.461295152141366,11.016670756516714,3.0758970624322206
2012-08-08,15.552503898118614,11.320745874865851,17.336338380440548,7.776251949059307
2012-08-09,70.8043988339298,11.439433913761144,38.742010918082784,35.4021994169649
2012-08-10,38.546334787578665,11.693452361796757,26.459222459981884,19.273167393789333
2012-08-11,35.93341429741245,10.785911875123494,24.876872623987783,17.966707148706224
2012-08-12,28.529797867965712,14.07350443427699,24.32326100022143,14.264898933982856
2012-08-13,29.46090108342105,11.317420693910751,22.7136571197936,14.730450541710525
2012-08-14,44.45503704553456,13.510568596171376,29.731958844448314,22.22751852276728
2012-08-15,10.887115923445885,12.52897759066322,16.6084912380681,5.443557961722942
2012-08-16,49.049258338504345,14.464906292664764,31.89460620600523,24.52462916925217
2012-08-17,0.8303780634538661,4.757381524437456,5.1330663035906525,0.415189031726933
2012-08-18,0.0067285162434298,3.3237148658758144,3.326855487302894,0.0033642581217149
2012-08-19,0.0,2.5508992464061806,2.5508992464061806,0.0
2012-08-20,0.0189981635108606,3.094913858626805,3.1038249635868533,0.0094990817554303
2012-08-21,0.3542365904629219,4.57060466076954,4.731532201887151,0.1771182952314609
2012-08-22,2.50706410327442,4.09091093602218,5.24188122808545,1.25353205163721
2012-08-23,0.5319148936170213,4.695855614973262,4.936835106382978,0.2659574468085106
2012-08-24,23.137442595456683,7.041072062660499,16.98066935378603,11.568721297728342
2012-08-25,57.946236346757786,15.045511333214348,35.30032194987063,28.973118173378893
2012-08-26,75.08300925834534,13.652136711508296,40.94320626961723,37.54150462917267
2012-08-27,0.0423500728262934,2.78876574446939,2.808759736558799,0.0211750364131467
2012-08-28,0.0,2.2813628015958454,2.2813628015958454,0.0
2012-08-29,28.089772048320533,8.447325270444265,20.11937688195656,14.044886024160268
2012-08-30,98.41936183212124,77.85536159600997,50.44029247718718,49.20968091606062
2012-08-31,99.95270283585911,100.0,50.02364858207044,49.97635141792957
2012-09-01,99.72049640469282,64.45698166431593,50.04040778352466,49.86024820234641
2012-09-02,57.371352669800245,11.594780818487846,33.62837455872295,28.685676334900123
2012-09-03,100.0,-1.0,50.0,50.0
2012-09-04,84.13426822868372,19.52796637568704,45.1653888799012,42.06713411434186
2012-09-05,51.45694344049579,11.460189592741772,31.29159803607895,25.728471720247896
2012-09-06,27.97294944442686,8.970393526021722,20.447584602234954,13.98647472221343
2012-09-07,1.0464821733899057,4.238196566564805,4.717085681717434,0.5232410866949528
2012-09-08,0.0189981635108606,2.8079079047377755,2.816873535558229,0.0094990817554303
2012-09-09,1.0765412944617492,4.234599365450246,4.727282801857034,0.5382706472308746
2012-09-10,19.147597797189515,7.579427408266421,15.70194803139638,9.573798898594758
2012-09-11,26.92633261079379,8.870893530873285,19.945453538597853,13.463166305396896
2012-09-12,100.0,-1.0,50.0,50.0
2012-09-13,71.67323137945884,6.712598150653408,37.73807783629174,35.83661568972942
2012-09-14,0.6261478057121145,7.136143129117311,7.404534228357925,0.3130739028560572
2012-09-15,2.1246279526312457,3.8497622205687296,4.830283072636312,1.0623139763156229
2012-09-16,5.417600075992053,5.671423191195547,8.072968202075533,2.7088000379960264
2012-09-17,55.061014848064936,7.928489853289994,31.09349030197513,27.530507424032468
2012-09-18,0.1179469317965929,4.431403006839489,4.485149768855677,0.0589734658982964
2012-09-19,99.60978455377484,100.0,50.19510772311258,49.80489227688742
2012-09-20,0.67958014058641,3.271711451787088,3.5892676207966567,0.339790070293205
2012-09-21,17.801038841936325,5.927614430947091,13.77295690466214,8.900519420968163
2012-09-22,8.49220515540217,4.626529994377406,8.479738153379746,4.246102577701085
2012-09-23,79.12057533045562,22.517921655412437,44.26190015441667,39.56028766522781
2012-09-24,98.76699909338168,95.36445012787723,50.559344081359136,49.38349954669084
2012-09-25,70.3005810944802,14.178925806709051,39.36134911887747,35.1502905472401
2012-09-26,90.82278980248628,27.861102754738067,47.968266864390735,45.411394901243135
2012-09-27,32.846339832295904,9.83960118325064,23.030822256605475,16.423169916147952
2012-09-28,27.01211481187038,7.212684787792084,18.770443497830566,13.50605740593519
2012-09-29,100.0,-1.0,50.0,50.0
2012-09-30,85.0576527571084,27.255435500488733,46.60142819359957,42.5288263785542
2012-10-01,94.4822713511508,14.393018098576436,48.0353033586346,47.24113567557539
2012-10-02,32.32048243305806,15.8186144680453,26.86620317427657,16.16024121652903
2012-10-03,47.59052341074973,15.35989377833772,31.84530163926648,23.795261705374863
2012-10-04,86.88308614704954,17.342274613580322,45.7163142947302,43.44154307352477
2012-10-05,25.545248940342884,10.033721887363583,20.24320712342633,12.772624470171442
2012-10-06,11.380209466757934,9.585891282509207,14.18510150868294,5.690104733378967
2012-10-07,62.60194404931247,14.206472471393706,36.61391654812707,31.30097202465624
2012-10-08,25.442999482657168,5.979098579911119,17.179336300485353,12.721499741328584
2012-10-09,51.87458042096118,9.832769882167591,30.66935197251511,25.93729021048059
2012-10-10,86.6176632963705,15.293493635077793,45.35545846017951,43.30883164818525
2012-10-11,62.39408995299903,12.394404625733264,35.85807363091409,31.197044976499512
2012-10-12,38.74671916010499,12.165641677583393,26.82521424279796,19.37335958005249
2012-10-13,98.52842044679568,27.40423252076078,49.667485305885926,49.26421022339784
2012-10-14,92.17520538656828,23.996171091742657,47.96525379630068,46.08760269328413
2012-10-15,99.91762378110786,100.0,50.04118810944607,49.95881189055393
2012-10-16,24.039454474237083,46.43255237361058,47.28977989847555,12.01972723711854
2012-10-17,96.97210998324628,49.589897148808745,49.98758253671036,48.48605499162314
2012-10-18,8.922670191672175,31.22202619434571,32.89752286570283,4.461335095836088
2012-10-19,18.039825565290343,20.033314825097168,25.439252558349363,9.019912782645171
2012-10-20,1.43752770565512,18.488177846312,18.94116902032804,0.71876385282756
2012-10-21,1.3789500348299666,14.501228067359092,14.990738395288457,0.6894750174149833
2012-10-22,0.3886707618263568,10.589095417087185,10.74227408017225,0.1943353809131784
2012-10-23,0.8117756950161484,8.307894894355659,8.646341270343868,0.4058878475080742
2012-10-24,0.5830061427395352,6.8965654522798125,7.147861123424735,0.2915030713697676
2012-10-25,0.8414603255018681,6.622759749331418,6.987762016338421,0.420730162750934
2012-10-26,98.44425612423878,100.0,50.77787193788061,49.22212806211939
2012-10-27,97.08529283070337,92.18285096023804,51.229506581151774,48.54264641535168
2012-10-28,95.86622785408824,99.57093821510298,52.04914963640304,47.933113927044126
2012-10-29,53.43653544427362,58.89152945170599,54.14020416470709,26.71826772213681
2012-10-30,34.42333168561542,51.76599709335633,51.15808205635195,17.21166584280771
2012-10-31,95.46088889940155,95.60535000868508,52.070077504711,47.730444449700784
2012-11-01,96.33451494229304,95.19148020654043,51.65648695432733,48.16725747114653
2012-11-02,59.81442899556828,46.9507816112308,48.77465417930097,29.90721449778414
2012-11-03,98.83954228141889,75.71331521739131,50.29839215114331,49.41977114070944
2012-11-04,100.0,-1.0,50.0,50.0
2012-11-05,59.51433797241832,56.91271893447821,52.79866002472949,29.75716898620916
2012-11-06,23.225341915677284,25.395107723860026,31.10967808297761,11.612670957838642
2012-11-07,20.83580531099457,23.16266474814393,28.75443967187957,10.417902655497285
2012-11-08,63.583771659637655,31.739663193051328,43.35027405266234,31.791885829818828
2012-11-09,5.505062695118525,28.93751727256739,30.09702015186107,2.7525313475592625
2012-11-10,99.99369371144788,100.0,50.003153144276055,49.996846855723945
2012-11-11,98.89837021855232,99.53488372093024,50.54569103127525,49.44918510927616
2012-11-12,92.86198684687812,79.46310207688909,52.10308010156607,46.430993423439055
2012-11-13,25.079641465007224,40.10986689203465,42.59027681592434,12.539820732503612
2012-11-14,8.609185030395135,33.80665947799878,35.20077412613982,4.304592515197568
2012-11-15,1.520986286189223,28.40825971979969,28.73666712841113,0.7604931430946115
2012-11-16,2.185346857525041,28.212784379412607,28.68891061131932,1.0926734287625206
2012-11-17,2.53816348258352,26.59289340101523,27.187004033040058,1.26908174129176
2012-11-18,87.21323894978575,53.477751033759176,50.44469171460815,43.60661947489288
2012-11-19,77.76185909200343,54.55674860236046,51.013336175016086,38.88092954600172
2012-11-20,3.21446946610203,27.69558532476242,28.412553924090712,1.607234733051015
2012-11-21,2.770554546282113,24.726753155822955,25.426962245257407,1.3852772731410568
2012-11-22,95.686175580222,100.0,52.15691220988901,47.843087790111
2012-11-23,72.8270872087742,31.22629031554774,44.89863623976588,36.4135436043871
2012-11-24,6.304790928700058,26.79789638203054,28.26074050620387,3.152395464350029
2012-11-25,25.699677178452745,33.34290576473091,37.623725210505725,12.849838589226373
2012-11-26,94.9607329842932,81.32530120481928,51.57856557118527,47.4803664921466
2012-11-27,99.38276714240106,97.44572158365264,50.29285058313921,49.69138357120053
2012-11-28,99.99684685572394,100.0,50.00157657213803,49.99842342786197
2012-11-29,99.89712664065271,100.0,50.05143667967364,49.94856332032636
2012-11-30,79.95785336285176,74.63524130190797,54.937431186143705,39.97892668142588
2012-12-01,92.63842670993056,21.9690063810392,47.93647786080552,46.319213354965285
2012-12-02,83.25645447048285,68.80965286451583,53.14940279131434,41.62822723524143
2012-12-03,4.149021222027847,56.21090185358764,55.953210217602965,2.0745106110139235
2012-12-04,99.80253433971188,100.0,50.09873283014406,49.90126716985594
2012-12-05,37.57547277846445,69.08250148657025,61.91216133503398,18.787736389232226
2012-12-06,35.53423931738833,46.156488245288,47.52225091039931,17.767119658694163
2012-12-07,62.35171080153123,64.43598855309915,55.43490271912862,31.175855400765617
2012-12-08,92.7362493493383,90.17372421281216,52.918119153903184,46.36812467466915
2012-12-09,9.581523072418353,51.006734905540654,50.910274368288185,4.790761536209176
2012-12-10,51.61012394081194,43.437494895375615,46.82441191349437,25.80506197040597
2012-12-11,53.49887133182845,47.70713957798446,48.933794024976976,26.749435665914223
2012-12-12,3.7058146024056327,50.96221032988895,50.926552598978056,1.8529073012028163
2012-12-13,96.053762169406,70.91490211745905,50.82535177959087,48.02688108470301
2012-12-14,87.96489069745434,97.6574274293952,55.73562348190909,43.98244534872717
2012-12-15,92.1687578097592,99.12920924145568,53.84742736184857,46.0843789048796
2012-12-16,32.135297369876,83.12685121066995,72.48143906484479,16.067648684938
2012-12-17,55.74179912608448,70.90115551103638,59.24794978152112,27.87089956304224
2012-12-18,23.247139054038552,64.36154861053846,61.02289943473325,11.623569527019276
2012-12-19,6.414473033249823,61.7983895523903,61.041585036194455,3.207236516624912
2012-12-20,95.18944634291503,89.07005325686194,51.87948587577302,47.59472317145752
2012-12-21,58.10773491561265,86.81652948599627,65.4232781271452,29.053867457806327
2012-12-22,90.29998423210344,78.66460763197463,52.78047146010722,45.14999211605172
2012-12-23,56.981516266001606,72.14119287430972,59.52480545514813,28.490758133000803
2012-12-24,23.82729716906532,60.27894277883896,57.82974853708682,11.91364858453266
2012-12-25,100.0,-1.0,50.0,50.0
2012-12-26,84.5312364442271,77.15035945546322,54.19982490870802,42.26561822211355
2012-12-27,32.77667077837872,58.05554248612026,55.4152038460322,16.38833538918936
2012-12-28,40.92249901146698,43.96781944621069,46.43633847370502,20.46124950573349
2012-12-29,42.60670249762883,68.57148759192442,60.65878912424913,21.303351248814412
2012-12-30,2.7007666156117294,51.37586690801115,51.33870795388433,1.350383307805865
2012-12-31,7.0051090875272575,53.49850629399199,53.25343211166384,3.5025545437636287
2013-01-01,69.27653526520461,63.64991454748719,54.193726682326925,34.63826763260231
2013-01-02,54.1886211591972,88.75075385543207,67.75225465237898,27.0943105795986
2013-01-03,26.377698937234754,49.8361448372193,49.87936605875071,13.188849468617375
2013-01-04,41.25955979468685,45.75075398535114,47.50397418558854,20.629779897343425
2013-01-05,55.806057635680204,48.183558115408005,49.197242720442055,27.903028817840102
2013-01-06,9.165736717556648,45.67787749411868,46.07403186361802,4.582868358778324
2013-01-07,4.026672998535755,44.9605179061089,45.16344137084965,2.013336499267877
2013-01-08,6.448371886965602,43.83229178118103,44.23000854403342,3.224185943482801
2013-01-09,99.82894192302386,100.0,50.08552903848806,49.91447096151193
2013-01-10,97.55125711603026,89.93072337683262,50.97780074720784,48.77562855801513
2013-01-11,37.85805502730015,35.04374105296644,40.70588979515991,18.92902751365008
2013-01-12,14.800689949836215,45.46201708766717,46.133669868498096,7.400344974918108
2013-01-13,71.93192315891702,76.86118964231964,57.5394193492353,35.96596157945851
2013-01-14,95.8724076899122,95.78836787317351,51.88995715124781,47.9362038449561
2013-01-15,94.79553024181628,98.9927294759164,52.54981178928283,47.39776512090814
2013-01-16,100.0,-1.0,50.0,50.0
2013-01-17,85.18474698595615,80.89229622531012,54.57677184762761,42.59237349297808
2013-01-18,12.176996193204753,71.35499743166888,68.7546002073556,6.088498096602376
2013-01-19,44.64389319756083,78.023999486642,65.51299508614055,22.32194659878041
2013-01-20,93.28550876017422,100.0,53.357245619912895,46.64275438008711
2013-01-21,98.77421516268254,98.7459807073955,50.59752084031295,49.38710758134127
2013-01-22,77.95964408544474,99.70294549228733,60.95470608651753,38.97982204272237
2013-01-23,11.85605760860964,78.72606890360228,75.3202896257023,5.92802880430482
2013-01-24,56.20753771026359,85.10799408646739,65.37465507099913,28.103768855131797
2013-01-25,3.556799157798085,71.70967318330297,70.93750371035853,1.7783995788990423
2013-01-26,3.732492193467446,69.81812351485353,69.07841360176987,1.866246096733723
2013-01-27,27.834236229190555,79.0076712328767,70.93360749733085,13.917118114595278
2013-01-28,99.4044498748596,100.0,50.2977750625702,49.7022249374298
2013-01-29,15.153013201294026,65.53820051365952,63.18369493858116,7.576506600647013
2013-01-30,66.7431274157188,81.51146778099626,60.47972868936274,33.3715637078594
2013-01-31,4.956051305796636,63.31914822741695,62.659044407771056,2.478025652898318
2013-02-01,94.36312675179072,62.14420588852367,50.684553492937646,47.18156337589536
2013-02-02,99.88648680606192,100.0,50.056756596969045,49.94324340303096
2013-02-03,37.62522692126672,55.47876151646387,53.4173650634193,18.81261346063336
2013-02-04,39.52695621912976,56.03648966780016,53.65044903963649,19.76347810956488
2013-02-05,52.974186750435095,66.97661147523098,57.98312529351176,26.487093375217547
2013-02-06,40.028313152962205,71.21851509956481,62.72510142910244,20.014156576481103
2013-02-07,47.41616359556244,66.33182064074052,58.58789784759316,23.70808179778122
2013-02-08,44.449933407895415,52.43454752418896,51.3523927709034,22.224966703947707
2013-02-09,31.571182203657997,68.84956877615667,62.897720081007535,15.785591101828995
2013-02-10,2.653564403848361,59.82990072121444,59.569057974742655,1.3267822019241804
2013-02-11,100.0,-1.0,50.0,50.0
2013-02-12,97.43964684784108,81.74261083743842,50.8127229371539,48.71982342392054
2013-02-13,10.054092098915786,91.2789649760631,87.12801796743402,5.027046049457893
2013-02-14,20.27220035211964,73.11378107304678,68.42377005400486,10.13610017605982
2013-02-15,84.21561470315491,91.0275,56.47593867766312,42.107807351577456
2013-02-16,49.00731576286184,63.638265072934175,56.954517444065225,24.50365788143092
2013-02-17,90.98522400783,84.10384379651519,53.07438512297541,45.492612003915006
2013-02-18,23.94133909184751,67.42830399625595,63.25466791645409,11.970669545923757
2013-02-19,31.14680804763695,63.81282933865064,59.51057389859344,15.573404023818474
2013-02-20,47.50717487725623,55.80281499220568,53.046061526054885,23.75358743862812
2013-02-21,71.69503895847717,74.67454631617093,56.98412072196469,35.847519479238585
2013-02-22,82.07740994143975,78.35375915861735,55.08172802019047,41.03870497071988
2013-02-23,79.89966792607609,69.00341484476195,53.8164838025225,39.949833963038046
2013-02-24,99.73001095721956,98.6861313868613,50.131447220098224,49.865005478609774
2013-02-25,88.31387091683763,88.31274053068665,54.47727631371312,44.156935458418815
2013-02-26,52.454160008859496,75.30178115354857,62.02696609660017,26.227080004429748
2013-02-27,60.88972183862696,81.23385794995964,62.21404616295128,30.44486091931348
2013-02-28,87.87688640525352,52.338943324978025,50.28355275620383,43.93844320262676
2013-03-01,6.310178204656354,66.62653859475715,65.57737438016203,3.155089102328177
2013-03-02,3.2311296488298287,64.6620999897761,64.18630143491441,1.6155648244149143
2013-03-03,6.989749475600586,63.48778131901332,62.54501919499743,3.494874737800293
2013-03-04,3.803259484403074,60.88305233969374,60.46865971711032,1.901629742201537
2013-03-05,97.38616469252244,91.7785488007241,51.092022459505074,48.69308234626122
2013-03-06,96.44830930062048,96.51498335183128,51.65206833752494,48.22415465031023
2013-03-07,93.94420834351766,98.57431156825729,52.941559107144265,46.97210417175883
2013-03-08,96.6555249860072,86.1756040070713,51.209884037177474,48.3277624930036
2013-03-09,97.8913098316201,72.42990654205607,50.47297723402914,48.94565491581005
2013-03-10,70.33699523768155,63.84222157139434,54.10601884393338,35.168497618840775
2013-03-11,40.5711709716708,48.82956496280425,49.30442416285728,20.2855854858354
2013-03-12,96.0401620990886,47.16774514683922,49.887847298874135,48.020081049544295
2013-03-13,94.84808454425362,67.23570389650156,50.88743863246516,47.42404227212681
2013-03-14,58.39282467250116,39.06909132368031,45.45118547857916,29.19641233625058
2013-03-15,14.87128979178533,49.84965166591531,49.861757167267896,7.435644895892665
2013-03-16,2.0829045892763856,52.14653205843809,52.065293102629454,1.0414522946381928
2013-03-17,99.99960585696547,100.0,50.00019707151725,49.99980292848274
2013-03-18,99.9566439244343,100.0,50.02167803778285,49.97832196221715
2013-03-19,34.17033373265804,92.14926664023928,77.74417124308594,17.08516686632902
2013-03-20,85.48646538877017,93.30942873441448,56.28572892929517,42.743232694385085
2013-03-21,16.057611671070745,68.23388009049773,65.29434801183564,8.028805835535373
2013-03-22,7.014587684323777,63.03166492933919,61.86673311815708,3.5072938421618884
2013-03-23,59.33235347572877,71.30837761952414,58.665615690364994,29.666176737864387
2013-03-24,99.91722996275348,100.0,50.04138501862327,49.95861498137674
2013-03-25,99.3606949584767,76.44882860665845,50.16908869470622,49.68034747923835
2013-03-26,99.167901740666,100.0,50.41604912966701,49.583950870333
2013-03-27,88.09046811531333,77.25678046147618,53.07705958906811,44.04523405765666
2013-03-28,99.96846855723942,71.25,50.00670043158662,49.98423427861971
2013-03-29,92.7785552380014,87.91964626890115,52.73834630925397,46.38927761900069
2013-03-30,100.0,-1.0,50.0,50.0
2013-03-31,68.31360222399482,53.76159138498354,51.18978984196685,34.15680111199741
2013-04-01,42.71340114993365,60.08727434440013,55.50483351235231,21.356700574966823
2013-04-02,90.68903213589704,55.656300313532746,50.52665630449019,45.344516067948526
2013-04-03,70.22222397526112,71.48878079813389,56.38647407781389,35.11111198763056
2013-04-04,94.97124114467736,79.34305424898088,51.47559143896776,47.48562057233868
2013-04-05,99.97832213310213,100.0,50.01083893344895,49.989161066551056
2013-04-06,98.81030751461492,51.95493704440026,50.02325773911124,49.40515375730746
2013-04-07,91.3868636164684,56.9289932701552,50.59680364036419,45.6934318082342
2013-04-08,99.95782669530772,100.0,50.021086652346135,49.978913347653865
2013-04-09,91.23432447353892,69.9513820113442,51.74501143623315,45.61716223676946
2013-04-10,42.02127659574468,45.35331730243743,47.26627382741438,21.01063829787234
2013-04-11,93.89384298791305,74.51739944476725,51.49707090537802,46.94692149395652
2013-04-12,92.2794756376846,54.83837970540099,50.37333175392877,46.1397378188423
2013-04-13,30.15691609259948,53.290136952163024,52.28592105159091,15.07845804629974
2013-04-14,2.8327165502364884,49.75510170817577,49.74431537076251,1.4163582751182442
2013-04-15,3.164802457115264,47.59460144364787,47.67072755626272,1.582401228557632
2013-04-16,56.26104943422941,36.76914730084094,44.21296387848489,28.130524717114707
2013-04-17,76.1407016906017,20.29813664596273,42.91334381891039,38.07035084530085
2013-04-18,10.34605525491313,43.6502263521563,44.307177442324125,5.173027627456565
2013-04-19,82.31155064977091,31.85266163937352,46.79001724566589,41.155775324885454
2013-04-20,99.7907026242974,100.0,50.104648687851295,49.89535131214871
2013-04-21,92.76191302153964,53.80425902728609,50.2753555772809,46.38095651076981
2013-04-22,99.51913033538688,59.0983606557377,50.04375125637054,49.759565167693445
2013-04-23,92.27046083513292,32.84641707952398,48.674107089983856,46.13523041756645
2013-04-24,5.520110188476122,40.038959406811614,40.58866135250022,2.760055094238061
2013-04-25,2.5952282945981886,38.33294730982247,38.63573396238363,1.2976141472990943
2013-04-26,99.77021461088228,65.69468267581475,50.03606408765741,49.885107305441146
2013-04-27,98.27200882915196,100.0,50.863995585424014,49.13600441457599
2013-04-28,89.34730546009777,30.35185185185185,47.906942795030325,44.673652730048886
2013-04-29,100.0,-1.0,50.0,50.0
2013-04-30,99.7989830909306,100.0,50.10050845453471,49.899491545465295
2013-05-01,84.74641797639336,20.025345264573527,45.42779145363883,42.37320898819668
2013-05-02,93.97324773449638,50.55944513511746,50.03371637235495,46.98662386724819
2013-05-03,38.88053797468354,19.218173580997995,31.18631329113924,19.44026898734177
2013-05-04,35.152541300082284,20.799272833752227,31.064070510791822,17.576270650041142
2013-05-05,43.36536447113047,23.18887112873167,34.81478992659586,21.682682235565235
2013-05-06,98.8811266006434,29.77448907681466,49.77370213839652,49.440563300321706
2013-05-07,93.14202813991903,53.90894458496206,50.26807431966286,46.57101406995952
2013-05-08,76.90762734648048,20.372209286399123,43.15824015941043,38.45381367324024
2013-05-09,58.27864056174089,14.82208007581142,35.323293585526315,29.139320280870447
2013-05-10,99.98581085075774,100.0,50.00709457462113,49.99290542537887
2013-05-11,90.75840611526132,18.392719815431946,47.078983527330735,45.379203057630654
2013-05-12,72.4213811630847,15.63740026071884,40.5232695954488,36.21069058154235
2013-05-13,55.94425775845029,8.952880050969588,31.91638663767543,27.972128879225146
2013-05-14,28.49455984174085,14.947877473330088,24.93570722057369,14.247279920870426
2013-05-15,85.21782002484865,17.96520625433588,45.2645591338474,42.608910012424325
2013-05-16,99.97319647770183,100.0,50.01340176114908,49.98659823885092
2013-05-17,99.95782636285882,100.0,50.0210868185706,49.97891318142941
2013-05-18,58.73699346611782,21.26512714460784,38.14262350775454,29.36849673305891
2013-05-19,73.42981804385286,21.853614995537043,42.52059060657318,36.71490902192643
2013-05-20,87.03316756790919,25.435603752893872,46.81477590068294,43.516583783954594
2013-05-21,72.00636766553166,14.55825701666502,40.07856877631797,36.00318383276583
2013-05-22,91.56750183589833,16.729094484502294,47.19443150322565,45.78375091794916
2013-05-23,34.36219039328955,18.343488563276757,29.187900609321836,17.181095196644776
2013-05-24,99.87268979271693,94.73684210526316,50.05695456641613,49.936344896358456
2013-05-25,94.3103931309608,27.92149247520633,48.743819719288,47.1551965654804
2013-05-26,82.61430787631893,31.79257711352383,46.83238002755311,41.307153938159466
2013-05-27,61.98715972073974,17.775466694399668,37.75053962380512,30.99357986036987
2013-05-28,94.75835082127584,20.70288982540638,48.46434826514351,47.37917541063793
2013-05-29,95.38006623560952,35.36439665471924,49.32384481942911,47.69003311780477
2013-05-30,99.93220713086389,97.67441860465117,50.032319856216056,49.96610356543194
2013-05-31,99.9188058948497,80.58252427184466,50.0248312069149,49.95940294742485
2013-06-01,75.00631024310212,21.761633503226925,42.94219028538075,37.50315512155106
2013-06-02,96.22396089946986,66.8177028451001,50.611339942058684,48.11198044973493
2013-06-03,61.923305000988336,14.141099517209158,36.34611583316861,30.961652500494168
2013-06-04,52.04295887984246,14.382658025363217,32.91886291830932,26.02147943992123
2013-06-05,61.35357368753953,24.900009206313488,40.299652118912086,30.676786843769765
2013-06-06,30.651677568188923,23.487891721635133,31.614018843211973,15.32583878409446
2013-06-07,51.741490198558736,22.804531417665324,36.875872128646144,25.870745099279368
2013-06-08,34.32027348912295,18.81201241001235,29.515815046649838,17.160136744561473
2013-06-09,99.97162170151547,100.0,50.01418914924226,49.98581085075774
2013-06-10,98.11953617064884,37.35066023894362,49.7621337411416,49.05976808532442
2013-06-11,57.5164974117833,12.457098211379089,34.05046034693958,28.75824870589165
2013-06-12,23.03123120270997,16.472747651634727,24.194486655902743,11.515615601354988
2013-06-13,0.6807729147371504,16.1169869368041,16.347653312435188,0.3403864573685752
2013-06-14,72.93817285043552,18.65379560125011,41.51714434766113,36.46908642521776
2013-06-15,45.19477951354558,14.541583979794334,30.566936919122007,22.59738975677279
2013-06-16,41.38553144349271,20.677551957124827,32.812802911910744,20.692765721746355
2013-06-17,9.16776164769579,17.100355549358618,20.1165165355328,4.583880823847895
2013-06-18,51.622673140489326,15.582653611651438,33.349807841338624,25.811336570244663
2013-06-19,14.13657320379128,18.354657915598903,22.828224864950432,7.0682866018956405
2013-06-20,13.947754785451124,15.818034656561569,20.58565136351225,6.973877392725561
2013-06-21,21.02184812761428,14.75520726336201,22.16431406535048,10.510924063807138
2013-06-22,59.68018591268744,13.380971985335922,35.23527598390654,29.84009295634372
2013-06-23,58.98374932272365,17.788062867611607,36.78787111777292,29.491874661361827
2013-06-24,99.78479790315906,42.49084249084249,49.9838401355852,49.89239895157953
2013-06-25,77.52867488127731,16.66608158393597,42.50942681791648,38.764337440638656
2013-06-26,83.13723787609084,14.11384701806947,43.94860338723491,41.56861893804542
2013-06-27,77.89603286412768,16.726474211343795,42.64523079472943,38.94801643206384
2013-06-28,99.86913368073348,48.19277108433735,49.99763494603735,49.93456684036674
2013-06-29,97.313756405203,38.37123991195892,49.687623176980686,48.6568782026015
2013-06-30,23.796638063701927,10.666597445748105,20.02662488972232,11.898319031850964
2013-07-01,26.924127015530715,13.938629312165302,23.64783855969928,13.462063507765356
2013-07-02,43.25816497518101,12.977189622148702,28.992578013848053,21.629082487590505
2013-07-03,92.86457922549096,21.89123466342434,47.99432131871599,46.432289612745485
2013-07-04,67.684719719245,10.537129439389492,37.24746277150716,33.8423598596225
2013-07-05,49.54348376479524,13.693882991234537,31.681198177099816,24.77174188239762
2013-07-06,37.97371771049947,12.648747872754043,26.832406916891355,18.986858855249736
2013-07-07,77.27190213101815,19.399927074470856,43.04518547750592,38.63595106550908
2013-07-08,48.28799759580215,11.397438348308162,30.03784239059516,24.143998797901077
2013-07-09,66.77140519582152,11.446141402607289,37.18909454529645,33.38570259791076
2013-07-10,60.1940904624152,12.149152811239007,34.93312600883234,30.0970452312076
2013-07-11,21.98353124591941,12.465257349211823,20.71671922792328,10.991765622959706
2013-07-12,10.257323550130996,11.568618804021874,15.510649918077554,5.128661775065498
2013-07-13,26.74596142588168,13.064067604416966,22.94293783522934,13.37298071294084
2013-07-14,4.914847049231586,8.512560094903119,10.5516043108805,2.457423524615793
2013-07-15,6.417537707733895,8.076057719960076,10.766542524350232,3.2087688538669474
2013-07-16,10.62042163501304,10.913140311804009,15.064329614576366,5.31021081750652
2013-07-17,15.161589058010591,12.696857739961189,18.35260687515336,7.580794529005296
2013-07-18,90.97230987693278,23.44999344606108,47.60314768065636,45.48615493846639
2013-07-19,48.30326222742295,11.134816854018506,29.907968184190132,24.151631113711478
2013-07-20,25.737962475612317,10.470445292349668,20.644547249781358,12.868981237806157
2013-07-21,14.919005346873998,12.961507151994416,18.487281880389915,7.459502673436999
2013-07-22,6.017968811842001,9.985049798909266,12.393137022085016,3.0089844059210007
2013-07-23,3.5534200381543437,9.036030860144452,10.49165274798344,1.7767100190771716
2013-07-24,43.08506433968826,9.849110844159902,27.148147269910528,21.54253216984413
2013-07-25,6.766387685245642,7.830870181574323,10.684196988583526,3.383193842622821
2013-07-26,9.771734312670173,10.562466008175582,14.416197049325651,4.8858671563350855
2013-07-27,12.52002991133426,9.355368312505936,14.444088357131834,6.26001495566713
2013-07-28,5.159066262437565,5.3591623648420255,7.662212758546992,2.5795331312187826
2013-07-29,99.9018556766046,100.0,50.04907216169771,49.9509278383023
2013-07-30,21.08399882862276,7.289284711357164,16.294411422511022,10.54199941431138
2013-07-31,0.6506922510627182,5.027289749412374,5.319923690105837,0.3253461255313591
2013-08-01,0.0383924260055253,5.363937645759175,5.381074512970308,0.0191962130027626
2013-08-02,0.0,4.355759259699036,4.355759259699036,0.0
2013-08-03,2.657966380702143,3.957804020406919,5.181590110481497,1.3289831903510716
2013-08-04,2.0478599190988467,4.9252464845644095,5.8483142954396135,1.0239299595494231
2013-08-05,5.630513854642027,7.117722798438135,9.532215357458076,2.815256927321013
2013-08-06,0.592891633024618,5.4279707917599,5.692234623604844,0.296445816512309
2013-08-07,61.17568074561144,9.30637072902786,34.20097545564047,30.58784037280572
2013-08-08,73.26723297810639,12.69279019998524,40.026750521793,36.6336164890532
2013-08-09,69.45742927929885,7.995342518921017,37.17069778285317,34.728714639649425
2013-08-10,6.6276432803391,5.079623436460201,8.056785755276666,3.31382164016955
2013-08-11,22.75863979171118,8.918646168977865,18.268203508938534,11.37931989585559
2013-08-12,50.2776186053864,16.374185344142425,33.28044418976862,25.1388093026932
2013-08-13,21.85242620123268,10.626040912611431,19.230206264686565,10.92621310061634
2013-08-14,49.53497472302043,11.350695124339143,30.49561852512085,24.767487361510216
2013-08-15,42.775341371496815,14.699947480443376,29.799665450001385,21.387670685748407
2013-08-16,8.040212938592152,7.627581873195003,11.034414517820744,4.020106469296076
2013-08-17,26.167603070348974,10.92098776017663,21.1470285669067,13.083801535174487
2013-08-19,68.3430760723596,9.917778138217573,37.31120151670749,34.1715380361798
2013-08-20,29.676150839491715,5.766234058472426,18.893113161267863,14.838075419745858
2013-08-21,0.0637235112050472,3.2365253690201308,3.266324697016473,0.0318617556025236
2013-08-22,2.0051137128246537,5.873063314861787,6.7578585733849454,1.0025568564123268
2013-08-23,75.28075236100683,12.916220406988826,40.833168688505154,37.64037618050342
2013-08-24,17.124891244166733,5.451951249773333,13.080756149648026,8.562445622083366
2013-08-25,56.8878852473928,9.327413495761936,32.46518783343945,28.4439426236964
2013-08-26,97.9723360534505,31.29741295467808,49.62077438540997,48.98616802672525
2013-08-27,90.47421654783618,22.6532388412284,47.39500675083497,45.23710827391809
2013-08-28,47.89848855643896,10.008802282522916,29.163981544811552,23.94924427821948
2013-08-29,31.64272038229663,9.367531062101053,22.22474959254395,15.821360191148315
2013-08-30,33.76727632229362,11.207503910774632,24.306673257538307,16.88363816114681
2013-08-31,14.842782230137528,10.440998089891297,16.31265459582468,7.421391115068763
2013-09-01,34.797422823036484,10.644656756953369,24.339301948693624,17.398711411518242
2013-09-02,23.62601503818877,5.883754292017753,16.30666513726995,11.813007519094386
2013-09-03,0.1302176098537921,3.25572178737739,3.3165910692092746,0.065108804926896
2013-09-04,0.1872125515527163,3.8968042794659383,3.9831152485216936,0.0936062757763581
2013-09-05,5.220791350392984,8.047935195624035,10.238164966242154,2.610395675196492
2013-09-06,23.568630554346537,13.578029146066834,22.16218889724212,11.784315277173269
2013-09-07,2.616976307894466,9.655511571007048,10.711317274735018,1.308488153947233
2013-09-08,99.11807608909916,35.449262405006706,49.871673565937314,49.55903804454957
2013-09-09,25.14148217918174,11.007433096841728,20.81074235600478,12.57074108959087
2013-09-10,93.90735424028269,25.373810602628,48.49961351590106,46.95367712014134
2013-09-11,71.40796763002126,14.954601362650118,39.97980827742083,35.70398381501063
2013-09-12,61.555670620600246,11.603590265568611,35.23875777183129,30.777835310300123
2013-09-13,68.02957962468183,11.40080851537292,37.65967622089071,34.014789812340915
2013-09-14,18.90278870910968,2.912015294054534,11.812957550397286,9.45139435455484
2013-09-15,99.98108113434364,45.83333333333333,49.99921171393098,49.99054056717183
2013-09-16,85.74024045373399,7.492244626634167,43.93849629524306,42.870120226867
2013-09-17,19.9325126192699,7.480694265344538,15.95586024653069,9.96625630963495
2013-09-18,74.77451185316355,10.276414120884276,39.97953155256526,37.38725592658177
2013-09-19,7.293336341221124,5.018335816530838,8.29899987730984,3.646668170610562
2013-09-20,12.962479427775667,6.106734908160343,11.796390365869096,6.481239713887834
2013-09-21,4.825380742804673,4.672477460993379,6.859703004781053,2.4126903714023364
2013-09-22,57.82469984067935,3.152359348343676,30.241866937604023,28.912349920339675
2013-09-23,0.1029075336230576,3.378447982123188,3.4264250714415767,0.0514537668115288
2013-09-24,0.1266554259976093,3.653094707807905,3.71179557814244,0.0633277129988046
2013-09-25,21.993458753366525,8.147735050318133,17.35249567937609,10.996729376683264
2013-09-26,37.82826185815687,3.148394318897362,20.87154240069597,18.91413092907844
2013-09-27,76.49430524816651,15.345238494847438,41.85415754362295,38.247152624083256
2013-09-28,49.69329270218208,11.970654007611127,30.86868822433448,24.84664635109104
2013-09-29,100.0,-1.0,50.0,50.0
2013-09-30,99.7804363679366,100.0,50.1097818160317,49.8902181839683
2013-10-01,73.65765524097311,17.603630046723374,41.46603653749808,36.82882762048656
2013-10-02,34.14706416871449,8.108805337076966,22.4134184596664,17.073532084357247
2013-10-03,67.681337187977,16.953247989456084,39.31973164738688,33.8406685939885
2013-10-04,95.21525064943768,35.73900148294612,49.31764696607156,47.60762532471884
2013-10-05,99.33744555899337,83.40273646638904,50.2213113138758,49.66872277949668
2013-10-06,91.64132839582123,45.661712668082096,49.63737680867929,45.820664197910624
2013-10-07,84.8290513912034,46.38711020875631,49.45189034647796,42.4145256956017
2013-10-08,81.81674684008856,19.45830982247493,44.44652715570481,40.90837342004428
2013-10-09,85.00126238717415,50.95739084692267,50.143596541059146,42.50063119358708
2013-10-10,99.61531639832096,98.25819672131148,50.1856413692529,49.80765819916048
2013-10-11,61.07975877140983,33.15496075464801,43.44387009065832,30.539879385704914
2013-10-12,58.09328768314765,45.88972573003379,48.26953640813164,29.046643841573825
2013-10-13,96.19953243210212,70.3941908713693,50.77507460980159,48.09976621605106
2013-10-14,96.09703601795972,40.13735986264014,49.6150647077606,48.048518008979855
2013-10-15,92.52852018609644,62.231963663251285,50.913908695943846,46.264260093048215
2013-10-16,14.92421544184574,23.20470001581557,27.203688313744117,7.462107720922869
2013-10-17,1.8796010448824507,26.071856432348707,26.52161006886725,0.9398005224412254
2013-10-18,3.846580026277049,23.59942709448002,24.614946258686462,1.9232900131385244
2013-10-19,59.47149772557807,36.5148742309789,44.53468049599362,29.735748862789038
2013-10-20,97.54617913483598,51.48594377510041,50.036462398398015,48.77308956741799
2013-10-21,81.83914035544818,27.880184331797235,45.982851322864114,40.91957017772409
2013-10-22,93.68464632126803,43.116688518449145,49.5652945351313,46.84232316063402
2013-10-23,97.26276868739824,99.88479262672811,51.36546216400525,48.631384343699125
2013-10-24,86.8191402825711,33.21749550629119,47.78792162561304,43.40957014128555
2013-10-25,38.02757845937201,14.885427969617668,28.23864939914401,19.013789229686004
2013-10-26,4.621637558819223,7.977079123496387,9.919226218037764,2.310818779409612
2013-10-27,77.70757161620105,30.49716914366596,45.65234539853829,38.853785808100525
2013-10-28,64.39757918382332,22.181810117318317,40.09605097452458,32.19878959191166
2013-10-29,96.70468298490516,61.789687761693976,50.38850758683765,48.35234149245258
2013-10-30,86.84109773955328,22.47517921953268,46.378035736135175,43.42054886977664
2013-10-31,69.02084459899507,35.843335117090945,45.61438478632412,34.510422299497534
2013-11-01,72.42436679637245,19.212880143112702,41.510256754303576,36.21218339818623
2013-11-02,98.9876850786042,68.84735202492212,50.19079455683628,49.4938425393021
2013-11-03,90.2090373869735,74.49756333319908,52.398547267056,45.10451869348675
2013-11-04,99.75326646039848,100.0,50.12336676980076,49.87663323019924
2013-11-05,23.42782974816785,19.0300975690425,26.28567358374092,11.713914874083924
2013-11-06,82.1439572851422,15.995045782279824,43.92806084971605,41.0719786425711
2013-11-07,6.175570797038069,28.786555812864613,30.09660707713131,3.0877853985190344
2013-11-08,84.02718877102178,74.58322013386352,53.92663134598619,42.01359438551089
2013-11-09,93.40289279010707,90.08965929468022,52.64475780375085,46.70144639505354
2013-11-10,95.6528422662452,95.02221416266208,51.95718666487982,47.826421133122594
2013-11-11,28.85600814824757,46.14343107007303,47.256282914735536,14.428004074123788
2013-11-12,12.778274598564408,25.08018600430986,28.264508266130623,6.389137299282203
2013-11-13,13.169176304175178,24.549396844754074,27.90103164474438,6.584588152087589
2013-11-14,91.54522513997318,27.25364920953225,48.07684725179403,45.77261256998659
2013-11-15,92.08259921878388,100.0,53.95870039060806,46.04129960939194
2013-11-16,7.1391256856552605,45.45578527013839,45.78020247112926,3.5695628428276303
2013-11-17,53.44405773768655,60.62907368010646,54.94846540552911,26.722028868843275
2013-11-18,94.77501911962976,70.95971027614306,51.09514085450947,47.38750955981487
2013-11-19,99.5313528491303,100.0,50.23432357543485,49.76567642456515
2013-11-20,80.00867850098619,58.24618177512925,51.64852071005917,40.004339250493096
2013-11-21,97.82225673326684,95.78280542986424,50.9970319625704,48.91112836663343
2013-11-22,59.82658845371412,65.63848929705706,56.2825146649286,29.91329422685706
2013-11-23,99.65433655873716,100.0,50.17283172063141,49.827168279368586
2013-11-24,92.98845997658088,90.95816464237517,52.87179810675803,46.49422998829044
2013-11-25,12.488423818833756,50.52844848249133,50.46245359633361,6.244211909416878
2013-11-26,11.898468721560558,48.85991583542547,48.99556839314684,5.949234360780279
2013-11-27,14.648598189987974,52.48723248463727,52.12288779191191,7.324299094993987
2013-11-28,11.460884912327913,49.09784080700453,49.20123623383972,5.730442456163956
2013-11-29,3.1523330826770093,46.95858278335138,47.05445838445403,1.5761665413385046
2013-11-30,71.06953221772507,63.617273681770456,53.9395409753288,35.534766108862534
2013-12-01,3.622568924983971,43.84981499960988,44.07260969026304,1.8112844624919853
2013-12-02,2.5353227529979816,42.84994964753273,43.031226500969645,1.2676613764989908
2013-12-03,8.049674009368275,44.20555801756296,44.67199170781112,4.024837004684137
2013-12-04,2.762188219835195,42.38469898202155,42.59504792964514,1.3810941099175975
2013-12-05,31.285355681616032,41.57193483063328,44.208684995948055,15.642677840808016
2013-12-06,14.435176245271371,34.136776484951625,36.42666075753019,7.217588122635686
2013-12-07,45.26057357022559,35.368592868647035,41.99085165769228,22.630286785112794
2013-12-08,5.4147109806001215,36.28075313807531,37.023610704363584,2.7073554903000607
2013-12-09,88.26089184427215,55.12054260962997,50.60110603510459,44.13044592213608
2013-12-10,3.705286821337259,35.65333903265051,36.18492397077565,1.8526434106686296
2013-12-11,2.3726506009791386,33.82858486435648,34.21227604275916,1.1863253004895693
2013-12-12,4.205135916989525,33.3517856774007,34.05186571741772,2.1025679584947623
2013-12-13,3.2351649047538005,31.908036010094605,32.493340879676715,1.6175824523769002
2013-12-14,6.082527672137116,32.960842066230974,33.99725356265162,3.041263836068558
2013-12-15,10.8498294325764,31.458694011630488,33.470394085940654,5.4249147162882
2013-12-16,13.371747888650557,32.95841822982813,35.23717558037375,6.685873944325278
2013-12-17,12.704882353406727,33.24342701722575,35.37232990114995,6.352441176703364
2013-12-18,99.31379697692292,87.88052843193567,50.25993733125751,49.656898488461465
2013-12-19,99.36227657016732,82.57107540173052,50.20771337918531,49.68113828508366
2013-12-20,99.76114932108862,95.87458745874588,50.10957176359301,49.88057466054431
2013-12-21,64.30398332780752,53.82361396758,51.36487787934764,32.15199166390376
2013-12-22,94.38531762925122,84.68828980623421,51.94763729246488,47.19265881462561
2013-12-23,83.88424863355654,86.26975970244213,55.84514429485208,41.94212431677827
2013-12-24,98.04136430466264,63.2722881867579,50.25995577401389,49.020682152331325
2013-12-25,98.52583532713447,98.68983957219253,50.71776841424816,49.26291766356725
2013-12-26,99.89279309461403,100.0,50.05360345269298,49.94639654730702
2013-12-27,38.46035198734428,66.47301144579475,60.137433260826576,19.230175993672137
2013-12-28,52.71896642949088,71.52985978303533,60.17954023170048,26.35948321474544
2013-12-29,93.83748753345763,93.87833429284208,52.70400782090753,46.91874376672882
2013-12-30,18.184192510575656,62.38518797974375,60.13304155471047,9.092096255287828
2013-12-31,8.165534818191892,63.275745418033104,62.1917098035491,4.082767409095946
2014-01-01,13.844595904255948,61.19605142332415,59.64600334653223,6.922297952127974
2014-01-02,95.4150898770104,100.0,52.29245506149479,47.7075449385052
2014-01-03,94.29980524958803,97.71768448717062,52.72000094615584,47.14990262479402
2014-01-04,100.0,-1.0,50.0,50.0
2014-01-05,94.87278638845925,100.0,52.56360680577038,47.436393194229616
2014-01-06,11.29234580212179,72.72966534923765,70.16295293833667,5.646172901060895
2014-01-07,46.375546196575456,72.17953157347989,61.89365266243669,23.187773098287728
2014-01-08,75.75231983349232,97.750032513981,61.578275163393535,37.87615991674616
2014-01-09,64.3152985811959,54.62217447642674,51.64940916096905,32.15764929059795
2014-01-10,95.14828303850156,69.52636282394995,50.94736385709331,47.57414151925078
2014-01-11,71.30823651894092,90.74990378800372,61.69186601361317,35.65411825947046
2014-01-12,1.5372498110100967,54.76836498844337,54.69506330667026,0.7686249055050484
2014-01-13,3.011354416903794,54.89864037736465,54.75112495399264,1.505677208451897
2014-01-14,100.0,-1.0,50.0,50.0
2014-01-15,27.19937028056532,80.82239415804573,72.43889704166352,13.59968514028266
2014-01-16,99.473026608806,77.93567688855647,50.14721358385263,49.736513304403005
2014-01-17,98.45495930473167,100.0,50.77252034763416,49.22747965236584
2014-01-18,76.5122590009782,99.40720091354872,61.604635385440666,38.2561295004891
2014-01-19,97.01799688553348,99.92067689053412,51.48863613963849,48.508998442766746
2014-01-20,77.28733272806221,78.00583961903438,56.36087316938381,38.64366636403111
2014-01-21,65.07195167689848,57.04129036633473,52.45938530172328,32.53597583844924
2014-01-22,5.101261363951192,61.31482145687189,60.73762284149242,2.550630681975596
2014-01-23,77.49083605917005,90.00297999894823,59.00433634918068,38.74541802958503
2014-01-24,99.33310998561376,92.73049645390071,50.284965413948726,49.66655499280689
2014-01-25,3.2244914113828864,60.43409089979592,60.09716615214121,1.6122457056914432
2014-01-26,56.92959538988731,44.1948390412216,47.49969368678585,28.464797694943652
2014-01-27,67.55317470335774,69.47504072750262,56.319032441302696,33.77658735167887
2014-01-28,72.28766934195735,74.95090086243702,56.91447614915896,36.14383467097868
2014-01-29,22.069475708029543,73.70299301494477,68.47186672943559,11.034737854014772
2014-01-30,100.0,-1.0,50.0,50.0
2014-01-31,99.96846855723942,100.0,50.01576572138029,49.98423427861971
2014-02-01,90.6964093548349,99.28819591560035,54.58557198437445,45.34820467741745
2014-02-02,99.0847710153839,100.0,50.45761449230805,49.54238550769195
2014-02-03,90.23140300390271,89.68926553672316,53.87708440099341,45.11570150195136
2014-02-04,93.72790161414298,100.0,53.13604919292851,46.86395080707149
2014-02-05,98.21177305244072,97.11262949085298,50.84248073625919,49.10588652622037
2014-02-06,22.5646241273962,69.82025951725089,65.34733984455384,11.2823120636981
2014-02-07,96.86891539292274,91.81772406847936,51.3093483213382,48.43445769646137
2014-02-08,79.1146576671056,90.29335145543097,58.415404388863045,39.5573288335528
2014-02-09,98.97009207290156,91.8867202449292,50.43139465220408,49.48504603645078
2014-02-10,99.90461738564925,100.0,50.04769130717538,49.95230869282462
2014-02-11,77.0876338505137,79.60930905583021,56.78419330520482,38.54381692525685
2014-02-12,20.50936056887566,78.03210952084629,72.28135919179768,10.25468028443783
2014-02-13,95.8846811899299,93.08362870006704,51.77302867595461,47.94234059496495
2014-02-14,9.775760262153904,76.39537128017967,73.81290664724786,4.887880131076952
2014-02-15,70.44666216808136,74.01992202104364,57.09868870184245,35.22333108404068
2014-02-16,99.88175708964783,92.66666666666666,50.05045030841693,49.94087854482392
2014-02-17,97.93690085771948,92.56782575468094,50.87821644803229,48.96845042885974
2014-02-18,69.9200676441884,91.13609793902457,62.37371043387899,34.9600338220942
2014-02-19,98.07811311384302,98.97456931911402,50.94123582529591,49.03905655692151
2014-02-20,90.33413264340253,82.54039497307002,53.14531141540986,45.16706632170126
2014-02-21,33.20151068752101,65.2769308190995,60.20346825381132,16.600755343760504
2014-02-22,89.74346827107563,77.65973826020016,52.83692983079487,44.87173413553781
2014-02-23,3.2850861048773634,70.16153786337834,69.49421547790087,1.6425430524386817
2014-02-24,1.69164153348057,66.18470111693604,65.90515091785603,0.8458207667402851
2014-02-25,11.473295189256348,70.01028024851384,67.71444172740438,5.736647594628174
2014-02-26,86.08475124436977,88.81834415124288,55.40166915146209,43.042375622184885
2014-02-27,87.82008039733165,59.53684210526316,51.16157970105447,43.91004019866583
2014-02-28,84.06102425110366,68.11881188118812,52.887684289845474,42.03051212555183
2014-03-01,97.38224230523552,80.25305015815634,50.791951548416094,48.69112115261776
2014-03-02,93.8578367977794,58.107587623571696,50.49798126360281,46.9289183988897
2014-03-03,95.49129757751363,86.25513683658302,51.63463623282676,47.74564878875682
2014-03-04,91.7845059425696,69.03139099548814,51.56352279628067,45.892252971284805
2014-03-05,71.20411612332576,63.71902299875201,53.94850107404599,35.60205806166288
2014-03-06,14.968597762466906,64.91983338375259,62.6865435377084,7.484298881233453
2014-03-07,1.993208210308005,63.12067336042069,62.852155878697694,0.9966041051540026
2014-03-08,0.7452850725297343,60.01188330435616,59.93726623260969,0.3726425362648671
2014-03-09,2.011050685918291,59.44573699772187,59.25554315387844,1.0055253429591455
2014-03-10,1.7692179819041058,59.94141443445186,59.76552914262192,0.8846089909520529
2014-03-11,49.36940851189888,62.11929726018848,56.13607188703465,24.68470425594944
2014-03-12,1.8974340706966364,58.482306758168825,58.32136057975833,0.9487170353483182
2014-03-13,5.694033276869251,58.43898590319833,57.95846723763991,2.8470166384346256
2014-03-14,2.360814827421072,57.065609520798375,56.89880356358369,1.180407413710536
2014-03-15,100.0,-1.0,50.0,50.0
2014-03-16,23.43883492073537,47.82577248751053,48.33500775242857,11.719417460367689
2014-03-17,2.8819401845043275,51.330304203427126,51.29196563201241,1.4409700922521638
2014-03-18,14.37434221459037,51.91394192558639,51.63882536341408,7.187171107295185
2014-03-19,2.566670096809176,51.08925691677126,51.06129928521107,1.283335048404588
2014-03-20,3.9254563011508448,50.811278396803495,50.77943201785629,1.9627281505754224
2014-03-21,45.400289508863246,38.25542734206924,43.5874973303486,22.700144754431623
2014-03-22,100.0,-1.0,50.0,50.0
2014-03-23,99.80686839066188,71.0204081632653,50.04059705257515,49.90343419533095
2014-03-24,64.33895304262602,63.94584225058494,54.959334171152165,32.16947652131301
2014-03-25,74.8854714626479,58.53988424760946,52.14267096346145,37.44273573132395
2014-03-26,94.42979929124476,46.475380800566775,49.80367163637225,47.21489964562237
2014-03-27,81.51336763359743,45.9213727750032,49.24599917931884,40.75668381679871
2014-03-28,21.8866968955994,53.076302858504775,52.356590619534856,10.943348447799698
2014-03-29,6.22625680638217,54.6944959045276,54.401988096745605,3.113128403191085
2014-03-30,3.14419363008928,54.67326951128327,54.52633286899259,1.57209681504464
2014-03-31,11.441336979449046,59.96478652950692,58.824681723383286,5.720668489724523
2014-04-01,38.41352539371324,55.3784042259578,53.31236955284295,19.206762696856615
2014-04-02,41.43999873469274,44.35584064821067,46.69478021217621,20.71999936734637
2014-04-03,100.0,-1.0,50.0,50.0
2014-04-04,33.62076450113262,55.97707504711624,53.96753672146934,16.81038225056631
2014-04-05,99.97477484579152,85.9375,50.00906528979366,49.987387422895765
2014-04-06,58.86126482213439,47.00089353484305,48.76620553359684,29.430632411067197
2014-04-07,11.256218167139584,45.18783111253813,45.72949934108205,5.628109083569792
2014-04-08,98.00055189813536,52.641955835962136,50.052824535814246,49.000275949067685
2014-04-09,14.329080057625026,40.41845488605443,41.79140215618915,7.164540028812513
2014-04-10,30.696485521869533,33.14111494279124,38.31620015352596,15.348242760934768
2014-04-11,39.773909397632295,31.894156820764078,39.09555848255076,19.886954698816147
2014-04-12,97.2502522704339,24.512614678899084,49.29916120080727,48.62512613521695
2014-04-13,80.45193503187228,29.59919232710752,46.01192003315506,40.22596751593614
2014-04-14,7.833018039054275,41.05813244475743,41.758550543387926,3.9165090195271377
2014-04-15,34.33202415842994,29.508779327169236,36.54219617056453,17.16601207921497
2014-04-16,17.54825483141976,36.47753456221199,38.8490475681623,8.77412741570988
2014-04-17,3.5204578376196243,38.92556985770527,39.21006387879651,1.760228918809812
2014-04-18,98.85303472821651,66.01374570446735,50.18367210194196,49.42651736410826
2014-04-19,98.84907512149746,91.4041095890411,50.476530197982726,49.42453756074873
2014-04-20,83.20002524176881,33.79907946646628,47.27664978623377,41.60001262088441
2014-04-21,99.90382644615067,100.0,50.04808677692465,49.951913223075344
2014-04-22,55.3517520428646,26.64364763169544,39.567165594524965,27.6758760214323
2014-04-23,83.11934786382791,24.850992216534603,45.75468348037436,41.55967393191396
2014-04-24,32.68641066729974,35.4878909005408,40.230676400182006,16.34320533364987
2014-04-25,70.60207481328258,21.848479965624666,41.72403720137058,35.30103740664129
2014-04-26,63.21253355366412,19.635699317607862,38.82974307480045,31.606266776832054
2014-04-27,99.999211713931,100.0,50.00039414303451,49.999605856965495
2014-04-28,99.72961787832804,80.17492711370262,50.081587608143,49.86480893916402
2014-04-29,66.07029915881348,25.813368136478047,41.7917114667004,33.03514957940674
2014-04-30,99.82025589883877,83.99122807017544,50.0610972273684,49.91012794941938
2014-05-01,68.48783494888583,23.562389474872383,41.66781922145253,34.24391747444292
2014-05-02,99.79071004867669,31.45009416195857,49.96117691110104,49.895355024338336
2014-05-03,83.60448193854491,19.542469509994948,45.00633008743803,41.80224096927245
2014-05-04,3.859762999786272,34.894228709820915,35.460978872626235,1.929881499893136
2014-05-05,3.5612513060823856,33.854397634885444,34.412500395782544,1.7806256530411928
2014-05-06,49.81771501925545,25.07457752520681,37.491853461044734,24.90885750962773
2014-05-07,99.8588967936464,100.0,50.0705516031768,49.9294483968232
2014-05-08,28.98332785905649,29.740852893446878,35.59638618582729,14.491663929528247
2014-05-09,44.199113487095744,19.04606685043332,32.72743089193004,22.099556743547872
2014-05-10,65.7932909886444,25.343178036605657,41.56571265953368,32.8966454943222
2014-05-11,99.44780343221107,51.0349750178444,50.005715096526,49.72390171610554
2014-05-12,71.45244972714951,26.1305280642259,43.18585049927095,35.72622486357476
2014-05-13,77.9159247136489,29.273657106072527,45.42173859827143,38.95796235682445
2014-05-14,55.7902391981408,14.130668001716492,34.14225412233412,27.8951195990704
2014-05-15,30.354324323255177,20.0733886588393,29.156694660806757,15.177162161627589
2014-05-16,91.78547771504276,21.26331957377364,47.63941898243068,45.89273885752137
2014-05-17,69.86711829077645,14.057566586749465,39.16950905616878,34.93355914538822
2014-05-18,63.503586176918056,14.830655290398026,37.164450415917486,31.751793088459028
2014-05-19,77.65586586879363,15.64246798273544,42.32310696189023,38.82793293439681
2014-05-20,78.51082729623562,16.46488214436626,42.793580607591934,39.25541364811781
2014-05-21,39.92190096377534,27.401861034830198,36.42346769216161,19.96095048188767
2014-05-22,22.879039054247063,22.76938704315528,28.999489616262647,11.439519527123531
2014-05-23,97.08221346057456,32.50371973488435,49.48949588952431,48.54110673028728
2014-05-24,22.875416051576543,21.100545500264285,27.710914897911533,11.437708025788272
2014-05-25,45.71646654960214,19.26094843978813,33.313756663977344,22.85823327480107
2014-05-26,99.91880621487186,100.0,50.04059689256407,49.95940310743593
2014-05-27,99.79741048026328,57.58754863813229,50.01537157834578,49.89870524013164
2014-05-28,63.46217729688687,16.061088201231723,37.599460579600105,31.73108864844344
2014-05-29,79.50407737530817,13.549618320610689,42.52915797458752,39.752038687654085
2014-05-30,81.58640450236405,18.113425925925927,44.128535231945946,40.79320225118202
2014-05-31,31.891477038959398,19.6385206186166,29.318447953919677,15.945738519479695
2014-06-01,77.34750546069289,20.65039232781168,43.35158172474948,38.67375273034644
2014-06-02,77.09099382684356,14.804151437831877,41.936980880198114,38.54549691342178
2014-06-03,71.99812197681668,26.33959393008609,43.374641952512846,35.99906098840834
2014-06-04,96.55334216586228,20.48964649353621,48.98287908898773,48.27667108293114
2014-06-05,92.87608628732448,11.007700404409729,47.22222222222222,46.43804314366224
2014-06-06,12.278986941036802,18.025361910218297,21.95152354570637,6.139493470518401
2014-06-07,5.75122991858592,19.26064973459652,21.02854044383933,2.87561495929296
2014-06-08,0.2263965739707268,16.86197348481843,16.936996841530313,0.1131982869853634
2014-06-09,7.734047858403717,17.063670797568644,19.61098226088608,3.8670239292018582
2014-06-10,2.472502463795076,17.041783679366265,17.856676389916846,1.2362512318975378
2014-06-11,17.741393022620887,17.03809171063961,22.885993408010886,8.870696511310443
2014-06-12,33.471906334671594,16.173681425505222,27.495995095227737,16.735953167335797
2014-06-13,50.07450445643367,13.964406162420634,32.00905120452165,25.037252228216836
2014-06-14,58.00971065408756,15.01588734089157,35.31006986934039,29.004855327043774
2014-06-15,97.30182506208364,32.593133674214755,49.53033229532106,48.65091253104183
2014-06-16,72.01929567623687,17.68174828233236,40.95712554426992,36.00964783811843
2014-06-17,81.69345060604505,19.080082844321712,44.3396300933258,40.84672530302253
2014-06-18,83.58377530911977,15.930140248743054,44.40701527136589,41.791887654559886
2014-06-19,68.93792635437175,18.03401541998501,40.07070232820557,34.46896317718588
2014-06-20,80.76163543871844,13.021966741942109,42.88603115422288,40.38081771935922
2014-06-21,30.4087279626848,13.317656147047463,24.47229029962843,15.204363981342398
2014-06-22,9.588992306961725,14.345742236228745,17.764626270301072,4.794496153480862
2014-06-23,43.684572024063286,9.790768583745136,27.35599924210128,21.842286012031643
2014-06-24,82.2332741267022,20.159068692793035,44.69824353660943,41.1166370633511
2014-06-25,58.10450678089899,18.790934363662064,36.92480802258326,29.052253390449494
2014-06-26,31.798570824089563,13.395916805343756,25.035492124505183,15.89928541204478
2014-06-27,64.3913856938732,15.39024309135047,37.67594515011092,32.1956928469366
2014-06-28,89.71957824315315,20.26705548307881,46.94332790293123,44.859789121576576
2014-06-29,100.0,-1.0,50.0,50.0
2014-06-30,32.09525466899754,9.164351406920732,22.27058432672304,16.04762733449877
2014-07-01,84.71868396626972,18.50090462651848,45.186523688212176,42.35934198313486
2014-07-02,99.68970914668044,32.02033036848793,49.94421072967634,49.84485457334022
2014-07-03,1.114963546985205,6.407377610201852,6.893419459023012,0.5574817734926025
2014-07-04,74.54635765505442,8.485627555445422,39.433080116214434,37.27317882752721
2014-07-05,66.66508647593764,10.409926405233405,36.80264207889892,33.33254323796882
2014-07-06,63.6263701501036,12.380144804644184,36.316293121174255,31.8131850750518
2014-07-07,68.7495064360736,10.92425295343989,37.78863618415858,34.3747532180368
2014-07-08,99.9495492938872,100.0,50.0252253530564,49.9747746469436
2014-07-09,94.98845675723672,16.056382392314354,48.29890092543263,47.49422837861837
2014-07-10,63.845828440849374,10.577596010847696,35.74715642902044,31.922914220424687
2014-07-11,46.13599158554042,10.137937616079752,28.528695363348067,23.06799579277021
2014-07-12,75.84871818171044,10.250118597765455,40.39989412011046,37.92435909085522
2014-07-13,80.38775413562318,14.728666572768065,43.082499368607145,40.19387706781159
2014-07-14,82.90343732471698,18.99634952174114,44.69944146435879,41.45171866235849
2014-07-15,42.148109763092414,11.86674780682261,27.939192797439866,21.074054881546207
2014-07-16,19.84233770756494,11.204530194715431,18.90245832871638,9.92116885378247
2014-07-17,25.81297515068287,14.80011522581058,23.8862527356411,12.906487575341435
2014-07-18,3.0333734405674115,7.583512931034483,8.870163384206194,1.5166867202837058
2014-07-19,5.307440548038452,7.410812798823096,9.67120858941836,2.653720274019226
2014-07-20,82.58915724867057,11.739268248505704,43.33848415923936,41.29457862433529
2014-07-21,99.9944819975169,100.0,50.00275900124155,49.99724099875845
2014-07-22,89.00540698293507,12.106320396011192,45.83374414835089,44.502703491467535
2014-07-23,75.03896278117318,13.40752098382941,40.866137693482266,37.51948139058659
2014-07-24,99.41351516465323,42.473118279569896,49.95585598013519,49.706757582326624
2014-07-25,43.94641183148285,10.42882445506058,27.818936226598684,21.973205915741424
2014-07-26,100.0,-1.0,50.0,50.0
2014-07-27,78.16369045270542,21.22323606468516,43.716216749390426,39.08184522635271
2014-07-28,78.83445266073726,26.460224836406347,45.01767774419358,39.41722633036863
2014-07-29,99.9128943893739,45.24886877828055,49.99586149813767,49.95644719468695
2014-07-30,86.48369374450311,13.734644451577136,45.09826347943034,43.24184687225156
2014-07-31,77.5607906337394,13.163638924095196,41.73421181526599,38.7803953168697
2014-08-01,37.27406809887029,8.841847798678701,24.183165478435885,18.637034049435144
2014-08-02,89.03482485055912,22.89546549678162,47.027940318281466,44.51741242527956
2014-08-03,81.56597912132968,24.292649543403407,45.26110164947803,40.78298956066484
2014-08-04,33.37171618846377,11.615324769421727,24.424949647233863,16.685858094231886
2014-08-05,62.90958563874596,9.17873365891109,34.859223166579,31.45479281937298
2014-08-06,6.233797075062833,5.2552711002300505,8.044566701628703,3.1168985375314167
2014-08-07,49.29299871238872,11.672287955382805,30.56516656002401,24.64649935619436
2014-08-08,57.29292546343467,9.380259288712988,32.65249705787108,28.64646273171733
2014-08-09,82.5456223087964,16.839489438608382,44.21203924228325,41.2728111543982
2014-08-10,23.21836988263598,7.65353713905824,17.485695518324775,11.60918494131799
2014-08-11,93.11252891987714,27.48065348237317,48.4489865211658,46.55626445993857
2014-08-12,64.04732446032644,15.787910782631648,37.69809113081426,32.02366223016322
2014-08-13,100.0,-1.0,50.0,50.0
2014-08-14,93.1518037871046,23.49619728047937,48.18496758588852,46.5759018935523
2014-08-15,94.82119769165274,23.29121631907444,48.61680489420075,47.41059884582637
2014-08-16,58.415931509986805,11.168510517069464,33.8522868177259,29.207965754993403
2014-08-17,7.910474343498308,5.842408822492887,9.33548374329646,3.955237171749154
2014-08-18,70.0963601237392,22.82467961421588,41.87359005661503,35.0481800618696
2014-08-19,99.4729622125338,24.60732984293194,49.8661710330256,49.7364811062669
2014-08-20,98.6557241216043,21.749339594951568,49.62023318668744,49.32786206080215
2014-08-21,45.81311183625037,10.114746200674462,28.38742212993177,22.906555918125186
2014-08-22,85.88847489638114,14.892902141957162,45.04585307261025,42.94423744819057
2014-08-23,99.94284925999646,100.0,50.02857537000177,49.97142462999823
2014-08-24,33.44197968418721,9.756691865164266,23.21485079586089,16.720989842093605
2014-08-25,87.84757819030645,15.960415314730694,45.86336608677823,43.923789095153225
2014-08-26,96.24536385601054,84.12765064035271,51.28136910603713,48.12268192800527
2014-08-27,24.555123544930645,8.667204915540363,18.81652381310245,12.277561772465322
2014-08-28,17.25725860370536,8.250616788111769,15.455415814439272,8.62862930185268
2014-08-29,29.57402207016572,7.602017320199036,20.14080607522841,14.78701103508286
2014-08-30,97.69019971216214,21.16763400477979,49.33402992725194,48.84509985608107
2014-08-31,96.90983535426052,19.236660709726834,49.049362165403096,48.454917677130254
2014-09-01,59.85575214950615,8.356688399170034,33.28260577780936,29.927876074753076
2014-09-02,28.608156694604524,6.450594199285299,18.909276450322952,14.304078347302262
2014-09-03,77.71742346244423,17.62175367783738,42.78529248174578,38.85871173122212
2014-09-04,98.1094507747506,20.72992700729927,49.44663486180657,49.054725387375306
2014-09-05,99.32088084474069,53.10504933255948,50.021086984797655,49.660440422370336
2014-09-06,36.96662408492092,8.639209928597422,23.92889771284611,18.483312042460454
2014-09-07,35.178623684148086,14.44981972803641,26.95588386494673,17.589311842074043
2014-09-08,8.818990487345479,6.645864886798103,10.469261938302283,4.40949524367274
2014-09-09,68.46834010148267,14.27207397356651,38.73043767365647,34.234170050741334
2014-09-10,44.78857757427661,13.79115252125214,30.008580263022623,22.394288787138304
2014-09-11,42.02564984754832,10.847351259908049,27.30150632545963,21.01282492377416
2014-09-12,54.78444117600544,8.313148713285123,31.1510572345843,27.39222058800272
2014-09-13,32.82297256151811,6.821633330586393,20.994056774999702,16.411486280759053
2014-09-14,10.516442330144733,4.621869181199386,9.394034139256188,5.258221165072366
2014-09-15,37.007239275440206,10.643489825107268,25.208247715992798,18.503619637720103
2014-09-16,72.30295250320924,19.65003850432104,41.5939567492841,36.15147625160462
2014-09-17,91.33344909782626,25.719489981785067,47.89571723996401,45.66672454891313
2014-09-18,98.88140002364904,28.224101479915436,49.75641480430413,49.440700011824525
2014-09-19,97.22477362588845,26.221590909090907,49.34009531956495,48.61238681294422
2014-09-20,97.17306402619433,20.06698297516048,49.15381277367944,48.58653201309716
2014-09-21,39.71684230513624,12.424618251734026,27.348373366245767,19.85842115256812
2014-09-22,4.748353492495726,4.060932688991477,6.242281996073713,2.374176746247863
2014-09-23,0.3039730223942625,3.3388120022549885,3.4806494256968032,0.1519865111971312
2014-09-24,73.20507914968817,11.74496150278976,39.7495927134162,36.60253957484409
2014-09-25,30.444274815198604,9.06154755947778,21.524962525559744,15.222137407599302
2014-09-26,33.04504148557882,4.898414403144049,19.802252074278943,16.52252074278941
2014-09-27,0.2327293452706072,3.478850777177405,3.587119143176043,0.1163646726353036
2014-09-28,6.215923209014869,3.959869720033076,6.821688863566222,3.1079616045074343
2014-09-29,0.7162926906486208,3.616470025510204,3.948711860382287,0.3581463453243104
2014-09-30,41.65414960393378,6.211045471790147,24.45096210096921,20.82707480196689
2014-10-01,98.87155959686731,98.95214809640235,50.55239581732115,49.435779798433664
2014-10-02,38.20286942797356,12.325172027524404,26.718037365062912,19.10143471398678
2014-10-03,21.441400810229144,11.866788201701157,20.043082985188,10.720700405114572
2014-10-04,38.1708295617596,14.257037098599293,27.900422548015925,19.0854147808798
2014-10-05,84.31358618212533,12.880579739318604,44.17729413111351,42.15679309106267
2014-10-06,52.83877169179163,11.131893478716712,31.669323544419964,26.41938584589581
2014-10-07,89.72376910820489,10.25867362603623,45.91608954234962,44.861884554102446
2014-10-08,99.74696017184635,78.97196261682244,50.07331060441834,49.873480085923184
2014-10-09,83.37862408153124,21.5148423225684,45.26537486146553,41.68931204076562
2014-10-10,53.28895586379835,14.860287891617274,33.58587356771915,26.64447793189917
2014-10-11,91.07634316176296,55.93407564510427,50.5295365470905,45.53817158088148
2014-10-12,85.88496343909411,25.286713286713287,46.51171054501808,42.942481719547054
2014-10-13,99.23339179788346,100.0,50.38330410105828,49.61669589894173
2014-10-14,80.1514295757681,26.0914554065348,45.25449568895718,40.07571478788405
2014-10-15,75.11864058810988,13.860459212008696,41.00799096673326,37.55932029405494
2014-10-16,99.96846855723942,98.75,50.01537157834578,49.98423427861971
2014-10-17,26.617259734404787,11.64636775167062,21.855053664786883,13.308629867202391
2014-10-18,1.1711576214299284,4.149829593467282,4.686807358622,0.5855788107149642
2014-10-19,0.1436747488660381,3.000899754648402,3.0684255938952085,0.071837374433019
2014-10-20,28.838432784161704,7.36520289049472,19.66041019758312,14.419216392080852
2014-10-21,59.50080674112092,10.769425585178402,34.111933851173035,29.75040337056046
2014-10-22,42.15667276991034,7.050707942216055,25.15670045200913,21.07833638495517
2014-10-23,55.77605768546557,15.993849894518538,34.96113979395789,27.888028842732787
2014-10-24,1.1220390635822135,33.14613937477485,33.33524627471157,0.5610195317911069
2014-10-25,60.12729950525348,25.771919748073916,40.33961012552268,30.063649752626738
2014-10-27,11.639385724334703,21.78019884343428,25.064810350687228,5.8196928621673525
2014-10-28,2.6462753852060303,16.512515703070687,17.39868675714506,1.3231376926030152
2014-10-29,3.636198120750117,14.636480508652095,15.922368139827588,1.8180990603750584
2014-10-30,13.017779571296318,11.624321152744043,16.61998243406841,6.508889785648159
2014-10-31,3.90215907066949,12.502677144598758,13.96588232965902,1.951079535334745
2014-11-01,14.947145961049085,10.36159490761206,16.2864051734032,7.473572980524542
2014-11-02,3.182920988993157,11.273040933042813,12.50568944158378,1.5914604944965784
2014-11-03,43.511586100630176,14.00874278720056,29.669109658047056,21.755793050315088
2014-11-04,98.80692903454664,58.93624050214734,50.1066156908342,49.40346451727332
2014-11-05,100.0,-1.0,50.0,50.0
2014-11-06,99.99369371144788,100.0,50.003153144276055,49.996846855723945
2014-11-07,99.81711619034104,80.38793103448276,50.0555746059524,49.90855809517053
2014-11-08,93.79752926698433,64.83306836248013,50.92001672399103,46.89876463349216
2014-11-09,87.7443606053786,44.71793550049937,49.35264922234989,43.8721803026893
2014-11-10,99.93496639930632,100.0,50.03251680034685,49.96748319965316
2014-11-11,98.26877864589515,74.59990855052584,50.42587886991696,49.134389322947584
2014-11-12,95.4104176110049,93.0608038474751,51.97631106994344,47.70520880550245
2014-11-13,61.46109847048413,37.34855784014268,45.12427316394893,30.730549235242066
2014-11-14,92.19631959959264,50.06575619625695,50.00513140339936,46.09815979979632
2014-11-15,99.83564235461048,100.0,50.08217882269476,49.91782117730524
2014-11-16,54.4953323478962,39.99652581751857,45.44795231959782,27.247666173948097
2014-11-17,99.999211713931,100.0,50.00039414303451,49.999605856965495
2014-11-18,84.35308095221178,67.9044423702732,52.80149360363454,42.17654047610589
2014-11-19,26.535108537434336,39.41291437616768,42.2222090374027,13.267554268717168
2014-11-20,25.773745997865525,45.156428894746654,46.404798608640654,12.886872998932764
2014-11-21,30.77132862986897,36.24394811363844,40.47686804608605,15.385664314934488
2014-11-22,31.801116425539323,39.15956539646261,42.60694462576799,15.900558212769662
2014-11-23,1.815799992876112,33.54200005643273,33.84084441823557,0.907899996438056
2014-11-24,87.85045991700983,73.95948315044477,52.91096700904057,43.925229958504914
2014-11-25,35.88214134658334,32.05183532051835,38.49202113992751,17.94107067329167
2014-11-26,98.96064481800444,88.88888888888889,50.40419368188716,49.48032240900223
2014-11-27,96.98750541957352,79.31440533821798,50.88309487209807,48.49375270978676
2014-11-28,99.84313107226612,100.0,50.07843446386694,49.92156553613306
2014-11-29,52.78699022448503,39.168110918544194,44.88593914909933,26.393495112242515
2014-11-30,99.46317718700116,84.2143906020558,50.18367065408037,49.73158859350058
2014-12-01,98.77421516268254,99.58199356913184,50.60776855921014,49.38710758134127
2014-12-02,92.30848114096844,74.90897902671658,51.91587881943212,46.15424057048422
2014-12-03,73.31313274783199,54.104080425783565,51.09525049515107,36.65656637391599
2014-12-04,96.94482875510936,85.2793187975745,51.07784360329679,48.47241437755468
2014-12-05,87.262761489777,77.53629918578372,53.50736410418187,43.6313807448885
2014-12-06,81.02949133664833,41.06429047301799,48.30485045005194,40.51474566832417
2014-12-07,92.16547872151594,65.10421911187191,51.18334326026847,46.08273936075797
2014-12-08,31.127376313030403,28.646189373790055,35.2930703645823,15.563688156515202
2014-12-09,7.382165176539502,38.2610219177731,39.12761266984086,3.691082588269751
2014-12-10,40.91146327576391,32.05591466923622,39.39710254950338,20.455731637881957
2014-12-11,11.113177092399477,31.63996955683836,33.68035225420537,5.5565885461997375
2014-12-12,5.88002501127882,34.55059959298317,35.459028201008365,2.94001250563941
2014-12-13,99.6831090002562,100.0,50.15844549987191,49.8415545001281
2014-12-14,98.58816295642303,87.60469011725294,50.5309169451977,49.29408147821152
2014-12-15,94.57624980784315,98.61918604651164,52.636983196622765,47.28812490392158
2014-12-16,96.63550223091111,100.0,51.68224888454444,48.317751115455565
2014-12-17,98.85973521262214,69.65088143795369,50.22407208144636,49.42986760631107
2014-12-18,35.50834657873303,35.45377074507544,40.618896243051104,17.754173289366516
2014-12-19,14.258240671125003,38.722897571511645,40.3308139764948,7.129120335562503
2014-12-20,4.204117479507548,33.51407604408856,34.207163654777354,2.102058739753774
2014-12-21,5.933451002429893,35.20044763623666,36.07857182431951,2.9667255012149467
2014-12-22,54.448754206626326,36.318860938407774,43.76807071872087,27.224377103313163
2014-12-23,1.9378203479052465,30.947412606605614,31.31661752191724,0.9689101739526232
2014-12-24,99.64330055377096,47.29281767955801,49.99034349565457,49.821650276885485
2014-12-25,11.626499111710778,27.784767337216643,30.367621165419635,5.813249555855389
2014-12-26,48.38295129676274,26.70006664674925,37.97326205323074,24.19147564838137
2014-12-27,100.0,-1.0,50.0,50.0
2014-12-28,85.84974873975433,69.99776997268216,52.82973469758049,42.924874369877166
2014-12-29,29.63188486022696,45.60089454283916,46.90443240678503,14.81594243011348
2014-12-30,89.3953616786306,72.7675084613382,52.41441192711209,44.6976808393153
2014-12-31,45.87710291446173,42.30645749726377,45.83603190901193,22.938551457230865
2015-01-01,3.869323264226966,37.92521348166569,38.392426005525344,1.934661632113483
2015-01-02,47.983898047302446,44.910839054620574,47.35281685411457,23.991949023651223
2015-01-03,9.561587464883472,32.727232953426814,34.37878368219048,4.780793732441737
2015-01-04,50.01344798398899,23.93435618259363,36.970683394904,25.00672399199449
2015-01-05,8.620955773226477,32.03965490359129,33.58800831107153,4.310477886613239
2015-01-06,5.261512279104744,33.27303641627432,34.15312765915343,2.630756139552372
2015-01-07,3.571216564366192,32.172303550395426,32.808969199048626,1.785608282183096
2015-01-08,47.48762395811916,29.739925305704475,39.36095339016559,23.74381197905958
2015-01-09,96.73491910214216,29.623370352486724,49.33468655775181,48.367459551071086
2015-01-10,85.69744891523713,47.94543199669285,49.7061443617558,42.848724457618566
2015-01-11,59.25330446942822,28.426420545435157,41.20947926460248,29.62665223471411
2015-01-12,7.390351397757574,31.87643646243624,33.215831493658065,3.695175698878787
2015-01-13,4.090428752923855,32.440741474365325,33.15899043389812,2.0452143764619275
2015-01-14,29.184299828348585,34.44140989338114,38.98207547916057,14.592149914174293
2015-01-15,57.4117665645044,46.45089492720022,48.488498846725015,28.7058832822522
2015-01-16,99.56407780383502,92.9475587703436,50.18721794139093,49.78203890191751
2015-01-17,100.0,-1.0,50.0,50.0
2015-01-18,68.6058439662587,60.98578627892072,53.44889488593771,34.30292198312935
2015-01-19,49.45984420103603,73.48897982176807,61.8713669975088,24.729922100518014
2015-01-20,20.839795530796987,59.02318584159257,57.142772361840855,10.419897765398494
2015-01-21,90.72177551334278,93.69262155729344,54.05389951219127,45.36088775667139
2015-01-22,89.19968613596306,49.512613632214965,49.94736074254868,44.59984306798153
2015-01-23,49.75530952653677,57.4539337148607,53.74520592312888,24.877654763268385
2015-01-24,5.091447365817168,51.22583873725473,51.163425803157615,2.545723682908584
2015-01-25,47.21828273450925,54.151292203369536,52.19112331364687,23.609141367254622
2015-01-26,2.3101826932210368,50.23559010967196,50.23014754773138,1.1550913466105184
2015-01-27,63.33476813477129,43.98418904218768,47.79428896374428,31.667384067385644
2015-01-28,5.435780542628296,49.9234168633556,49.92678950201032,2.717890271314148
2015-01-29,98.05630449521468,83.06631514905699,50.642708481150365,49.02815224760734
2015-01-30,99.25110462068449,77.94736842105263,50.20929655074554,49.62555231034224
2015-01-31,6.931265086462744,65.13346428905498,64.08452376241542,3.465632543231372
2015-02-01,25.91852719188595,54.6431718061674,53.43973005901992,12.959263595942977
2015-02-02,26.767744691623683,46.87447673884745,47.71110882567008,13.383872345811842
2015-02-03,85.1583043243435,91.83201848752888,56.208580878903405,42.57915216217175
2015-02-04,62.31862886382211,72.17384926497553,58.35541043671208,31.159314431911056
2015-02-05,100.0,-1.0,50.0,50.0
2015-02-06,90.24919084920424,99.6765585833266,54.84386642014341,45.12459542460213
2015-02-07,20.83353092742764,72.11994449048052,67.51157901392644,10.41676546371382
2015-02-08,27.387872193095266,58.47070170945295,56.15075675140964,13.693936096547633
2015-02-09,45.4569179244052,53.61461505002176,51.97152245345017,22.7284589622026
2015-02-10,9.793267746760904,55.71953129455531,55.15940228101973,4.896633873380452
2015-02-11,2.001068608631983,54.57354134946629,54.48202164921933,1.0005343043159916
2015-02-12,9.323016183841476,55.19160966075667,54.70759505188244,4.661508091920738
2015-02-13,30.131649067403533,63.12360870989977,59.169248988453575,15.065824533701766
2015-02-14,98.49279703604438,89.80125523012552,50.59988569852,49.24639851802219
2015-02-15,95.83886902391812,65.26764566556135,50.635306733108095,47.91943451195906
2015-02-16,32.31614859742229,53.401241482311214,52.30209123073036,16.158074298711146
2015-02-17,2.971738803548676,50.55178545211334,50.53538782972056,1.485869401774338
2015-02-18,1.6040812449538526,48.85586147255797,48.874214384092966,0.8020406224769263
2015-02-19,4.803419141652981,48.7173518126681,48.77896278121847,2.4017095708264904
2015-02-20,2.9179083508455324,48.152526619596586,48.20643419964303,1.4589541754227662
2015-02-21,99.4060264469976,76.37690776376907,50.15667185621662,49.70301322349881
2015-02-22,71.232741617357,95.022283167638,62.951676528599606,35.6163708086785
2015-02-23,48.56180521513623,40.84970334163362,45.29325258147662,24.280902607568112
2015-02-24,99.5707714683242,100.0,50.214614265837895,49.7853857341621
2015-02-25,92.37048517041892,95.6168915077273,53.48034750237597,46.18524258520946
2015-02-26,69.6836291913215,75.46322802269296,57.71952662721893,34.84181459566075
2015-02-27,86.46985742175946,98.72613321673226,56.5927152970873,43.23492871087973
2015-02-28,46.80674362594469,55.33474592022601,52.83772507425027,23.403371812972345
2015-03-01,74.35785996783866,47.87981510015408,49.45633921904077,37.17892998391933
2015-03-02,99.75839031984708,100.0,50.12080484007646,49.87919515992353
2015-03-03,5.291377966309608,53.82829267476351,53.55798870655645,2.645688983154804
2015-03-04,47.66373233871733,42.58762956643842,46.12064196984543,23.831866169358666
2015-03-05,45.507324326889616,40.548269329868845,44.84805581042174,22.753662163444808
2015-03-06,2.420210239685907,49.96369624915325,49.96101541968781,1.2101051198429535
2015-03-07,6.245102772523289,50.04917416942084,50.046103192002974,3.1225513862616445
2015-03-08,10.113137660713653,49.58902903431729,49.630591093822346,5.0565688303568255
2015-03-09,95.83860503797598,90.95472627391553,51.70428791587345,47.91930251898799
2015-03-10,2.753658748941357,47.41457895850629,47.48577263121236,1.3768293744706783
2015-03-11,31.631978922299712,40.4843189445666,43.49431717033456,15.815989461149856
2015-03-12,5.425651050425987,45.1034378870552,45.36696648688006,2.7128255252129936
2015-03-13,1.7907813347158297,45.34812498488866,45.43142989437358,0.8953906673579148
2015-03-14,56.59289831352736,44.89344262295082,47.78339144666619,28.29644915676368
2015-03-15,90.16533198615458,27.221285817481338,47.75978908232656,45.08266599307729
2015-03-16,98.2179318391448,100.0,50.8910340804276,49.1089659195724
2015-03-17,99.91801824882248,37.01923076923077,49.98935813806831,49.959009124411246
2015-03-18,9.641953957028145,51.37310896397067,51.24071442988479,4.820976978514072
2015-03-19,7.471705579738819,44.06061280002737,44.50316580925999,3.7358527898694094
2015-03-20,36.742069651977104,48.6706378940007,49.15907304491395,18.371034825988552
2015-03-21,98.59684526671764,47.752808988764045,49.968468432959945,49.298422633358825
2015-03-22,99.00715369607632,70.3056768558952,50.201604162150446,49.50357684803816
2015-03-23,72.77133008664853,64.00749118044163,53.81380051862627,36.385665043324266
2015-03-24,89.6491588018055,18.617061828161926,46.75160190650548,44.82457940090275
2015-03-25,100.0,-1.0,50.0,50.0
2015-03-26,91.4108081879973,100.0,54.29459590600136,45.70540409399865
2015-03-27,36.96848167000874,36.84682819079174,41.70789876481686,18.48424083500437
2015-03-28,2.413967771551588,42.855576581039706,42.97139646056922,1.206983885775794
2015-03-29,95.18661335982904,42.19364351245085,49.62424987974419,47.59330667991452
2015-03-30,72.26407417210172,23.597441996268397,42.677006095417184,36.13203708605086
2015-03-31,19.111789671034675,37.443518572853705,39.84150967277502,9.555894835517336
2015-04-01,56.968870441743256,26.5713130867736,39.9183713805712,28.484435220871628
2015-04-02,56.33041016598003,24.673607967406067,38.94006847961031,28.165205082990013
2015-04-03,3.012229390113587,42.908070760033326,43.09197767839474,1.5061146950567934
2015-04-04,90.03511263660394,18.79800459260432,46.890756302521005,45.01755631830197
2015-04-05,71.78257078719065,22.44872278847364,42.22573785561267,35.891285393595325
2015-04-06,36.2828813364921,28.69850768504953,36.426054318722045,18.14144066824605
2015-04-07,4.252439632452454,41.11127739532409,41.26085270397543,2.126219816226227
2015-04-08,14.442478996751076,37.98307501435105,39.68990775586765,7.221239498375538
2015-04-09,2.5274573051273426,39.6074020230897,39.86662181148952,1.2637286525636713
2015-04-10,17.867499001119537,37.27392265565922,39.54775439804101,8.933749500559768
2015-04-11,33.731360993552975,26.62059004339081,34.506783214017325,16.865680496776488
2015-04-12,64.21926293459325,40.981507038366,46.77311674613552,32.10963146729662
2015-04-13,32.24605573402117,21.57792401160788,30.74292247559065,16.123027867010585
2015-04-14,93.81484751963166,21.73996175908222,48.25207354378883,46.90742375981583
2015-04-15,11.647562032358517,30.941718093634403,33.16154330098009,5.823781016179258
2015-04-16,78.67686225305098,19.19988157359091,43.432448321713366,39.33843112652549
2015-04-17,100.0,-1.0,50.0,50.0
2015-04-18,80.21172285131676,29.11243547069024,45.86671084133013,40.10586142565838
2015-04-19,10.350040564339,30.794324863595428,32.78212003086847,5.1750202821695
2015-04-20,19.77516263315342,28.48538957835961,32.73892432612102,9.88758131657671
2015-04-21,2.369643860774023,29.29860905593371,29.789158295534605,1.1848219303870116
2015-04-22,2.0882313361355846,28.198142114496843,28.653415342721665,1.0441156680677923
2015-04-23,44.09784844170226,22.489263706020107,34.62090650213574,22.04892422085113
2015-04-24,16.50138111708232,29.61976230996412,32.97703942317586,8.25069055854116
2015-04-25,99.98699327986124,96.96969696969695,50.00610921703487,49.99349663993063
2015-04-26,97.53123903331506,30.442421338444337,49.517170131974815,48.76561951665753
2015-04-27,99.7485367439844,60.65830721003135,50.02680172634649,49.874268371992194
2015-04-28,99.06824586642492,24.027072758037225,49.75799617681256,49.53412293321247
2015-04-29,75.98421623754562,18.995432289441688,42.55401006214857,37.99210811877281
2015-04-30,81.97666150491419,35.625959219469415,47.407206965205575,40.988330752457095
2015-05-01,100.0,-1.0,50.0,50.0
2015-05-02,49.42699188535092,16.25575703550791,32.934521267340514,24.71349594267546
2015-05-03,99.99172299627534,100.0,50.00413850186233,49.99586149813767
2015-05-04,99.94994363732393,100.0,50.02502818133804,49.97497181866196
2015-05-05,57.60975185849377,17.713108949271312,36.31350676641834,28.804875929246887
2015-05-06,93.38516185242275,19.32177126169617,47.97068482241768,46.69258092621138
2015-05-07,15.52586391080373,22.267862579330693,26.57351649482089,7.762931955401865
2015-05-08,73.81276458079356,21.483668795950344,42.53236121467489,36.90638229039678
2015-05-09,99.34887570699406,7.506053268765134,49.72331158977593,49.67443785349703
2015-05-10,17.22220024526287,9.26338325671194,16.279124965386288,8.611100122631434
2015-05-11,4.380951627074906,14.896540876598246,16.43440644022449,2.190475813537453
2015-05-12,97.93621013133207,10.351413292589765,49.181736484462455,48.96810506566604
2015-05-13,36.578300319287074,15.495096330960322,28.11640361990236,18.289150159643537
2015-05-14,13.122123599640684,15.7754972829924,20.26647883088052,6.561061799820342
2015-05-15,99.85100453687244,100.0,50.07449773156378,49.92550226843622
2015-05-16,32.61724157023421,16.096069305129213,27.15440530899254,16.308620785117103
2015-05-17,25.89208334157779,14.349565059513957,23.58020538593957,12.946041670788896
2015-05-18,36.00077519686441,14.12230015758737,27.03855022366012,18.000387598432205
2015-05-19,98.26674871406482,28.72098315885298,49.631181166966456,49.13337435703241
2015-05-20,99.8730834417248,100.0,50.0634582791376,49.9365417208624
2015-05-21,99.16805980506577,35.355450236966824,49.87816610415418,49.58402990253288
2015-05-22,99.99369371144788,100.0,50.003153144276055,49.996846855723945
2015-05-23,98.96924689985732,100.0,50.51537655007135,49.484623449928655
2015-05-24,80.46459469384371,14.53086469660832,43.070960659893466,40.232297346921854
2015-05-25,72.13213165772783,13.746775885037271,39.89699923381332,36.06606582886391
2015-05-26,83.88551187127975,21.000195828845587,45.3268299994872,41.94275593563987
2015-05-27,19.967863347990075,12.717011742128223,20.15961467679314,9.983931673995038
2015-05-28,18.70793385748258,9.318218323947296,16.928939131948702,9.35396692874129
2015-05-29,26.247325394220084,11.37941944582978,21.516288893019723,13.123662697110042
2015-05-30,68.4439457808716,14.18341158059468,38.69769793893039,34.2219728904358
2015-05-31,85.28493118271089,14.62492964918393,44.79453405371298,42.642465591355446
2015-06-01,57.42562128797968,13.079636161128644,34.28138447738311,28.71281064398984
2015-06-02,39.9843353810735,16.108727318266006,29.659927452244663,19.99216769053675
2015-06-03,52.7329943940604,8.555536968885916,30.41044333573173,26.3664971970302
2015-06-04,63.59398947684432,15.514734603532832,37.445290650824,31.79699473842216
2015-06-05,10.728631979705476,14.967859201134903,18.726328662057394,5.364315989852738
2015-06-06,55.07004195406385,21.94174074367158,37.39343588771165,27.535020977031927
2015-06-07,9.858274198463617,11.853601566547535,15.61417812095571,4.929137099231808
2015-06-08,86.08496144566914,12.249985834891495,44.74707097465979,43.04248072283457
2015-06-09,67.00397028991799,11.623567686529675,37.337300992177816,33.501985144958994
2015-06-10,57.33697691040987,8.886852530637936,32.45988840228882,28.668488455204933
2015-06-11,50.75782732447818,15.575251077767875,33.04850569259962,25.37891366223909
2015-06-12,61.37371278638775,13.535549872122765,35.91513676274173,30.686856393193874
2015-06-13,83.28895410991058,19.08077994428969,44.83307494763252,41.64447705495529
2015-06-14,96.13161878331071,18.862733109140937,48.7954918162036,48.06580939165536
2015-06-15,98.03282436128868,70.0661190142256,50.39473580488266,49.016412180644345
2015-06-16,98.42029528296308,75.8921886698278,50.40902012576137,49.21014764148154
2015-06-17,35.41492815927166,9.722358301082645,23.986656173003077,17.70746407963583
2015-06-18,96.48750719449986,27.901234567901238,49.22378245409318,48.24375359724993
2015-06-19,63.47079947378609,13.380053208746997,36.62302620403036,31.735399736893044
2015-06-20,71.9015799465589,15.878411596971528,40.41237276161081,35.95078997327945
2015-06-21,77.58238720505479,9.34697975936724,40.88656333300425,38.79119360252739
2015-06-22,99.98581085075774,63.888888888888886,50.00197071517254,49.99290542537887
2015-06-23,36.954767668138025,11.204170744560717,25.541079310835823,18.477383834069013
2015-06-24,13.767846402228622,8.74223908883576,14.422544240083573,6.883923201114311
2015-06-25,46.61649082722935,12.827291037260826,30.1559035011088,23.308245413614674
2015-06-26,3.546747726139305,6.649760149039981,8.18728379522984,1.7733738630696525
2015-06-27,75.65618223400179,26.66677483733835,44.31980218747161,37.828091117000895
2015-06-28,4.346604289610025,7.012839769769645,8.881210494860621,2.1733021448050125
2015-06-29,76.93706917300946,14.911890504704877,41.90765357860139,38.46853458650473
2015-06-30,5.642805689904931,8.26296869560111,10.61810827284313,2.8214028449524653
2015-07-01,3.633823331512662,11.01272009627351,12.429448969737267,1.816911665756331
2015-07-02,2.729413627278304,6.944201433111299,8.119372266529457,1.364706813639152
2015-07-03,66.65665590509798,5.874684459403405,35.2871442063376,33.32832795254899
2015-07-04,0.0538285560489839,4.523241907507583,4.547721389726662,0.0269142780244919
2015-07-05,1.2842787656676071,5.608477063337423,6.178587966169446,0.6421393828338037
2015-07-06,5.3675603365708096,6.354138784796574,8.696856719938575,2.6837801682854048
2015-07-07,4.003815419201374,12.36935306316818,13.876014707570285,2.001907709600687
2015-07-08,74.18692282777852,25.835475578406168,43.76239266275368,37.09346141388926
2015-07-09,8.002691310628698,6.453139452343565,9.938060277442464,4.001345655314349
2015-07-10,0.2663721928012222,4.383663847671055,4.50517308255559,0.1331860964006111
2015-07-11,0.0110823497747908,3.845605757127137,3.850720748533568,0.0055411748873954
2015-07-12,1.7853467791726692,5.05002881240505,5.852541675241819,0.8926733895863346
2015-07-13,75.44280107709437,20.39487435085293,42.7298104029628,37.72140053854719
2015-07-14,9.909221856401166,9.225917254889902,13.266311574015448,4.954610928200583
2015-07-15,3.4267937432714835,10.834105197583586,12.176239630169084,1.7133968716357415
2015-07-16,24.551971326164875,16.263790427450818,24.54663058700657,12.275985663082436
2015-07-17,15.705555445681624,10.448643651840138,16.660403852619503,7.852777722840812
2015-07-18,4.978281337774648,3.0121485132850947,5.351335954869491,2.489140668887324
2015-07-19,12.68967645697238,9.330559860782554,14.491380231311304,6.344838228486189
2015-07-20,27.21468159934172,11.79709325709565,22.19389268887052,13.607340799670858
2015-07-21,10.3605065294816,11.181843465669546,15.20360110803324,5.1802532647408
2015-07-22,38.36416054670352,17.954739401872278,30.24863462534752,19.18208027335176
2015-07-23,15.229508780397104,8.231209340961911,14.5923909818458,7.614754390198552
2015-07-24,68.52820122251994,9.271124597193836,37.18189028889827,34.26410061125997
2015-07-25,40.17923173967895,12.516775639457626,27.57724721878374,20.089615869839477
2015-07-26,76.70558996410115,7.331199512269471,40.06055465698844,38.352794982050575
2015-07-27,23.71153602633912,15.668312723047556,23.80888312017221,11.85576801316956
2015-07-28,74.48293293629324,16.70768135456811,41.50477672418219,37.24146646814662
2015-07-29,97.26146738359166,33.46768389232762,49.54725713114366,48.63073369179583
2015-07-30,46.43148111528574,13.549111097985945,30.473798694878383,23.21574055764287
2015-07-31,16.464447399246527,7.072305309084707,14.140113021179598,8.232223699623264
2015-08-01,98.73940139304425,14.133833646028767,49.5478716065734,49.36970069652212
2015-08-02,74.75040677377059,10.73121138656448,40.08479061023964,37.375203386885296
2015-08-03,0.6186325963570733,4.766001170890235,5.045833432282885,0.3093162981785367
2015-08-04,2.1103960356851665,6.592620147014823,7.508687770627024,1.0551980178425833
2015-08-05,6.078920288134252,9.845301958272405,12.286274044170032,3.039460144067126
2015-08-06,6.254304237348511,6.2784983280980855,9.012974059796246,3.1271521186742555
2015-08-07,17.730934181582235,14.582571895739155,20.86241276171485,8.865467090791117
2015-08-08,61.02309148464455,9.513718492081196,34.21969909538921,30.511545742322276
2015-08-09,24.813197668675294,10.380020916653969,20.211004642892423,12.406598834337649
2015-08-10,6.537561890739839,8.101801859027292,10.84092249359819,3.2687809453699197
2015-08-11,6.974360192199609,8.034616415567175,10.961433422783728,3.4871800960998045
2015-08-12,6.8303069640793455,9.655919459666114,12.41154400240632,3.4151534820396727
2015-08-13,9.621761945088604,7.472502452010649,11.564397027281576,4.810880972544302
2015-08-14,64.75903971196097,18.663529938945835,38.95672703011066,32.37951985598048
2015-08-15,77.13045744613635,12.853763403726278,41.50482561445631,38.565228723068174
2015-08-16,99.9629502626984,43.61702127659575,49.99763512315096,49.9814751313492
2015-08-17,95.70511733218676,18.35966201322557,48.6410846077685,47.85255866609339
2015-08-18,74.69908056232161,17.452292905178734,41.76513084912774,37.349540281160806
2015-08-19,99.8912135210557,28.98550724637681,49.97713907326533,49.94560676052785
2015-08-20,56.34139110153578,9.204009380574243,32.18903800921076,28.17069555076789
2015-08-21,59.47304463102077,10.46457290835102,33.977495107632095,29.736522315510385
2015-08-22,42.36992504993375,10.8998071498672,27.466529554848023,21.184962524966878
2015-08-23,99.57939135919268,41.424554826616685,49.96393093661305,49.78969567959634
2015-08-24,96.94256663485127,29.520485976476667,49.37210604781775,48.47128331742564
2015-08-25,92.10338308025688,25.352394281715483,48.05367299653837,46.051691540128445
2015-08-26,7.510122338804476,9.922373803940364,12.932252561753192,3.755061169402238
2015-08-27,2.899749482540952,6.54167515793764,7.80185770766631,1.4498747412704758
2015-08-28,0.0383924260055253,2.410148996068214,2.428419894401039,0.0191962130027626
2015-08-29,0.0,2.69459418809914,2.69459418809914,0.0
2015-08-30,0.0,2.124644771109897,2.124644771109897,0.0
2015-08-31,0.4820822152034006,3.8307959083027097,4.053369430129743,0.2410411076017003
2015-09-01,4.083603449572366,4.797999595627829,6.643870043416486,2.041801724786183
2015-09-02,94.30183245556935,41.28357795624481,49.50332366806715,47.15091622778469
2015-09-03,98.42187450708224,17.966016991504247,49.49446354774599,49.21093725354112
2015-09-04,44.88146935288674,10.724356904531266,28.35184262357324,22.44073467644337
2015-09-05,92.74432262189492,14.800913838120106,47.44606786805276,46.372161310947455
2015-09-06,37.16193761769872,9.82421678251234,24.754316279216976,18.58096880884936
2015-09-07,6.428554465791161,4.773466547664872,7.680859990342524,3.2142772328955806
2015-09-08,15.266665083849729,5.690388683668561,12.45498864328846,7.633332541924864
2015-09-09,29.372458103210903,9.43922563731998,21.35292209333608,14.686229051605451
2015-09-10,76.72578143193776,20.340880183159506,43.09707162846508,38.36289071596888
2015-09-11,59.12003383573069,14.937971978611694,35.66665480834983,29.560016917865344
2015-09-12,41.424204194465645,10.760027816599488,27.014874019702837,20.712102097232822
2015-09-13,99.8793922314408,100.0,50.0603038842796,49.9396961157204
2015-09-14,79.34185389266936,34.92460871060829,46.88432511801948,39.67092694633468
2015-09-15,83.22416704809103,15.325994919559696,44.183146829968905,41.61208352404552
2015-09-16,98.93066044429028,19.572429045337262,49.67462594794016,49.46533022214514
2015-09-17,93.44408456649612,19.11782404621495,47.97539066044398,46.72204228324806
2015-09-18,22.506875605943687,7.717447364792752,17.233928889416514,11.253437802971844
2015-09-19,30.767223794690157,7.093996596891524,20.29498268528328,15.383611897345077
2015-09-20,12.118525671723308,6.538137635047804,11.805074583153589,6.059262835861654
2015-09-21,6.634215837587558,4.608648474521672,7.620008706319997,3.317107918793779
2015-09-22,98.05081672552976,24.812942366026288,49.509058085267405,49.025408362764885
2015-09-23,95.59087272024944,100.0,52.20456363987529,47.79543636012472
2015-09-24,99.94245511696197,10.273972602739724,49.97713970399858,49.971227558480976
2015-09-25,5.955292758028385,18.29862090152724,20.18653083517371,2.9776463790141925
2015-09-26,32.80312350421096,12.481382712560857,24.78866107843176,16.40156175210548
2015-09-27,39.22301407961064,12.184262184262185,27.016734352037677,19.61150703980532
2015-09-28,12.282104146797996,8.466868774361195,13.568011206920431,6.141052073398997
2015-09-29,0.4923729685657065,5.2810150749771285,5.501199268564915,0.2461864842828532
2015-09-30,44.50208861409203,12.232861899206055,29.040027163827887,22.251044307046016
2015-10-01,75.25513323734197,19.736317694134904,42.51129213593956,37.62756661867098
2015-10-02,96.66937321151254,19.857988165680474,48.99608207925709,48.33468660575627
2015-10-03,95.7065568857553,35.63556208670096,49.38327102951151,47.85327844287765
2015-10-04,81.68987973382875,34.263248599741495,47.11858189262428,40.84493986691437
2015-10-05,4.385249794212625,6.21174055387468,8.131965111125181,2.1926248971063127
2015-10-06,94.11586087230856,18.799008109376047,48.16409022793596,47.05793043615427
2015-10-07,69.3087808848047,10.42543605586664,37.85408386602296,34.65439044240235
2015-10-08,66.65626210024735,20.886113448116504,40.29234197570863,33.32813105012367
2015-10-09,64.43924071127047,19.96268863891264,39.31850401007752,32.21962035563524
2015-10-10,76.70612882186691,9.563889360257932,40.58086447813111,38.353064410933456
2015-10-11,40.91115758843321,9.101128106306955,25.83333003862713,20.455578794216606
2015-10-12,20.54755499287862,12.378500577620205,20.108798860579206,10.27377749643931
2015-10-13,99.94718483337604,100.0,50.02640758331198,49.97359241668802
2015-10-14,99.13263333938136,69.71350613915416,50.170988379890034,49.56631666969068
2015-10-15,92.12167810109612,64.99674690956408,51.18149199589938,46.06083905054806
2015-10-16,98.54062364489296,66.15343057806591,50.23573934639492,49.27031182244648
2015-10-17,96.32777832560892,81.40708915145005,51.15333793511488,48.16388916280446
2015-10-18,97.79363921367587,60.160857908847184,50.22418518445492,48.89681960683794
2015-10-19,53.82657094968534,26.01366391561933,38.92468612630847,26.91328547484267
2015-10-20,1.4663336908469908,32.46667175443741,32.723383372052986,0.7331668454234954
2015-10-21,1.972952542278968,30.547637696724024,30.931423573319822,0.986476271139484
2015-10-22,2.7816147455661584,27.08819326550802,27.72551146011027,1.3908073727830792
2015-10-23,2.5845520571530347,24.417267648552567,25.078466683817854,1.2922760285765174
2015-10-24,3.160361116278333,21.789223299383675,22.68078571683006,1.5801805581391666
2015-10-25,53.078314014086736,15.979368431681069,34.03694608508891,26.539157007043368
2015-10-26,6.629123662382068,16.89730733204203,19.09172576457924,3.314561831191034
2015-10-27,3.2867083046379637,15.005524861878452,16.155691182407562,1.6433541523189816
2015-10-28,99.30326915418374,65.08205998868138,50.10508136412566,49.65163457709187
2015-10-29,87.53183570803404,28.597628458498026,47.33151715382856,43.76591785401702
2015-10-30,2.071929803730661,14.992644324813684,15.717972160545864,1.0359649018653303
2015-10-31,1.1790828563964948,11.894663061980577,12.343956557188882,0.5895414281982474
2015-11-01,2.066841871952378,11.042540637099188,11.847729719460451,1.033420935976189
2015-11-02,4.540039499253947,10.131347640054395,11.941400205016167,2.2700197496269734
2015-11-03,2.323712874422139,10.129464918856494,11.05594167563802,1.1618564372110696
2015-11-04,54.16212888867844,8.93548886937658,31.176902315450544,27.08106444433922
2015-11-05,3.2296622311583247,9.411937929962615,10.722795240997712,1.6148311155791624
2015-11-06,2.1048465298529617,9.63139360467702,10.481090815538977,1.0524232649264809
2015-11-07,6.635954549232396,9.055031326567812,11.772120837934215,3.3179772746161977
2015-11-08,2.823986669674697,9.810526144296642,10.9454715285941,1.4119933348373486
2015-11-09,7.716294880470441,8.460120068610633,11.66545969711,3.858147440235221
2015-11-10,1.4403096725165645,7.4670200590325875,8.079626683131872,0.7201548362582821
2015-11-11,6.252621914056626,7.434175254032649,10.095655339997942,3.126310957028313
2015-11-12,0.9483325021571004,6.894884479217447,7.303664299793393,0.4741662510785501
2015-11-13,5.048502190613015,7.125082842530417,9.289623974448784,2.524251095306508
2015-11-14,92.63572002964318,12.5521892730971,47.242238375301554,46.31786001482159
2015-11-15,100.0,-1.0,50.0,50.0
2015-11-16,2.428955909126889,7.571301663536466,8.601876038945619,1.2144779545634448
2015-11-17,35.06950074147306,8.841424421260346,23.2755313890262,17.53475037073653
2015-11-18,1.6382087756378287,5.552179948896445,6.280328037553335,0.8191043878189144
2015-11-19,36.62911478056482,10.74187163204266,25.12177653264323,18.31455739028241
2015-11-20,93.67072142029372,17.63716759045899,47.95166618051668,46.83536071014687
2015-11-21,97.84425660758215,45.02560351133869,49.89276477638302,48.92212830379108
2015-11-22,44.318186312704434,13.723345314031624,29.800500725775517,22.159093156352217
2015-11-23,18.291063708715,22.553452853640017,27.573718278023215,9.1455318543575
2015-11-24,3.334454712761957,15.558876514903377,16.707300180080342,1.6672273563809787
2015-11-25,99.11867880651135,23.658318425760285,49.767845177564936,49.55933940325568
2015-11-26,73.21136174427001,28.4395021724722,44.22423623084905,36.60568087213501
2015-11-27,11.642179654082202,16.425209474377176,20.33404690585196,5.821089827041101
2015-11-28,83.28594021762709,5.89678850374006,42.62856286456875,41.64297010881354
2015-11-29,58.39626147532558,10.846716715765464,33.71077039860201,29.19813073766279
2015-11-30,25.98670938649579,9.338207393393295,19.90486926941181,12.993354693247896
2015-12-01,47.81098341737934,16.69279174901747,32.617295562686735,23.90549170868967
2015-12-02,1.7529278129365993,9.831852203968836,10.535970838626946,0.8764639064682996
2015-12-03,2.693738621071796,8.898370577659911,10.005541043299296,1.346869310535898
2015-12-04,8.693346839610323,10.389075717653585,13.832590751893385,4.346673419805161
2015-12-05,2.603133892985352,7.7308192457737315,8.831142616274237,1.301566946492676
2015-12-06,10.285725592623372,9.197658569292322,13.394475444220191,5.142862796311686
2015-12-07,2.348657259899864,7.292447744618415,8.295501771189963,1.1743286299499318
2015-12-08,24.85732252820921,13.29575300142637,22.41944605941236,12.428661264104605
2015-12-09,61.64467870218407,13.974490845505038,36.18230021461937,30.822339351092037
2015-12-10,4.618928503577988,7.651896790684937,9.607925400544614,2.309464251788994
2015-12-11,32.177516945734105,8.844897959183672,22.08758789240151,16.088758472867053
2015-12-12,40.77462532483714,8.410303673872827,25.368346524588738,20.38731266241857
2015-12-13,40.99892202659001,12.35025632102368,27.786245375178183,20.499461013295004
2015-12-14,2.531119510795353,6.684398603102412,7.780768241277632,1.2655597553976767
2015-12-15,43.76833799969198,13.280569678923564,29.352054053413685,21.88416899984599
2015-12-16,87.1787483471156,52.78615848777785,50.357220391166194,43.5893741735578
2015-12-17,28.142570559211176,11.776042641762938,22.533246811827595,14.071285279605588
2015-12-18,26.215984275946077,7.495269897250913,18.63830325752093,13.107992137973037
2015-12-19,2.2880913178392754,9.731645569620254,10.65302229117852,1.1440456589196375
2015-12-20,4.487516867760713,9.134864373283174,10.968694227565384,2.2437584338803567
2015-12-21,61.97591541950472,26.121651669749173,40.92047663448014,30.98795770975236
2015-12-22,30.48084147257701,14.478376856439162,25.305666495314167,15.240420736288504
2015-12-23,2.456177845323328,7.443713660874046,8.488971737728015,1.228088922661664
2015-12-24,18.050381619013724,13.792670803856655,20.328231897813108,9.025190809506862
2015-12-25,2.010171571052579,7.476190091523753,8.330991629232383,1.0050857855262896
2015-12-26,1.9754132100563613,7.212969131689985,8.058189791653474,0.9877066050281806
2015-12-27,2.472106673421489,7.975634402405716,9.01452154880689,1.2360533367107445
2015-12-28,2.534561300051055,6.893849258719337,7.986401073349507,1.2672806500255276
2015-12-29,12.001582904629997,8.38010181137913,13.37514839730906,6.000791452314997
2015-12-30,2.67826045657474,6.641805308726825,7.803050691827883,1.3391302282873698
2015-12-31,91.5400352399986,19.98881744478613,47.46106453176922,45.770017619999294
2016-01-01,3.6545547371878846,7.62579229944503,9.174380914311495,1.8272773685939423
2016-01-02,99.23771835782304,91.26163391933817,50.31452986062938,49.61885917891152
2016-01-03,20.955799510596496,51.738175853084,51.37392720617012,10.477899755298248
2016-01-04,87.91798405727397,81.82203804613827,53.84474371003477,43.958992028636985
2016-01-05,76.06171508884967,37.16231817132302,46.926879147864334,38.03085754442483
2016-01-06,19.67938852777459,47.12300023642525,47.68917619784228,9.839694263887296
2016-01-07,79.29491274141017,69.949153510693,54.13048964173902,39.647456370705086
2016-01-08,63.01262702087647,23.79670576171249,40.30808982726741,31.506313510438236
2016-01-09,99.8644105207976,100.0,50.06779473960119,49.9322052603988
2016-01-10,75.67460974782492,72.87687668212328,55.56488953043534,37.83730487391246
2016-01-11,96.21913184737735,98.9675670038586,51.85139914596304,48.109565923688685
2016-01-12,40.13728366553713,39.6328857242878,43.7939637890608,20.068641832768567
2016-01-13,27.657723217110675,35.55074460408056,39.54707966841739,13.828861608555338
2016-01-14,99.54949451155824,91.0761154855643,50.18505015470114,49.774747255779126
2016-01-15,17.12338520200302,40.47974724021248,42.10993679247522,8.56169260100151
2016-01-16,34.232235509997466,30.43841662507592,37.13478391546444,17.116117754998733
2016-01-17,52.687695938707016,29.3174905578395,40.214628245219394,26.343847969353508
2016-01-18,3.679575722795005,41.35342362184017,41.67158094710387,1.8397878613975027
2016-01-19,28.46268219960298,45.16182526740554,46.538899565805394,14.23134109980149
2016-01-20,34.54638200949824,29.02280622262498,36.26966771982965,17.27319100474912
2016-01-21,6.407927594217353,42.7006913465401,43.16842575993225,3.2039637971086763
2016-01-22,2.7850996968329733,41.76176265831803,41.9912057815456,1.3925498484164869
2016-01-23,30.45730646334905,34.40467660673058,39.15459204656901,15.228653231674524
2016-01-24,13.88653683319221,44.6093972559939,45.357965291571375,6.943268416596105
2016-01-25,18.334236861578155,35.969570694834765,38.541942836340034,9.167118430789078
2016-01-26,79.93798792105689,36.21723656527125,47.23490033491257,39.96899396052845
2016-01-27,90.09298066980811,24.49508026929052,47.47322267212869,45.04649033490406
2016-01-28,11.186016885449554,37.967285556466265,39.31326702589788,5.593008442724777
2016-01-29,4.764750345286103,33.5966490614962,34.37822778197705,2.3823751726430515
2016-01-30,69.77401129943502,63.356915365739056,54.03725972919232,34.88700564971751
2016-01-31,69.42340441504767,31.31703408885328,44.287385070074166,34.711702207523835
2016-02-01,51.66631807831794,51.31246989279795,50.634365023302806,25.83315903915897
2016-02-02,94.00571597516507,46.23175062475339,49.77412042968365,47.00285798758254
2016-02-03,99.8525905050943,100.0,50.07370474745285,49.92629525254715
2016-02-04,20.26849566483134,39.155843511564,41.35379089931017,10.13424783241567
2016-02-05,31.370519470771125,32.85170708681361,38.23121565404961,15.685259735385564
2016-02-06,27.567730021077278,36.795584333336976,40.43574199518346,13.783865010538635
2016-02-07,97.82036324651573,99.42133815551536,51.07720565050136,48.91018162325786
2016-02-08,99.64484493007268,98.55715871254162,50.17245321098024,49.82242246503634
2016-02-09,95.39864241621532,88.46054998714983,51.769707433599024,47.69932120810766
2016-02-10,93.14817737099574,72.09811146936896,51.514123402240806,46.57408868549787
2016-02-11,3.194781961672116,62.84333526857628,62.43202381046616,1.5973909808360578
2016-02-12,36.56973800784711,43.53565460304792,45.899648778635616,18.284869003923557
2016-02-13,63.97355538812912,87.99531374889139,63.68836066285092,31.98677769406456
2016-02-14,99.95585598013518,99.10714285714286,50.021677866897896,49.97792799006759
2016-02-15,52.44046373745228,84.1339928953222,66.23396872890622,26.22023186872614
2016-02-16,76.27627390733284,92.3819974396063,60.05458898517341,38.13813695366642
2016-02-17,97.64990618545325,99.9329084199933,51.17347019220156,48.824953092726616
2016-02-18,9.939792398493625,65.52946447396162,63.985608721795,4.969896199246811
2016-02-28,100.0,-1.0,50.0,50.0
2016-02-29,99.33500469083828,64.25607587433313,50.09480223583485,49.66750234541914
2016-03-01,24.709871682764025,52.37281900357368,51.78587679487839,12.354935841382012
2016-03-02,92.44162867349556,42.03572174639649,49.39803027611661,46.220814336747786
2016-03-03,100.0,-1.0,50.0,50.0
2016-03-04,92.72647002014294,84.64665076956427,52.52003453074063,46.36323501007147
2016-03-05,99.77967404371046,100.0,50.11016297814477,49.88983702185523
2016-03-06,95.27513070928283,85.25972941372974,51.66597612705929,47.63756535464142
2016-03-07,97.67061466606232,84.4331641285956,50.80208107522219,48.83530733303116
2016-03-08,93.6461573028393,83.69005521434332,52.14061311290597,46.82307865141965
2016-03-09,92.3196447515272,80.46726572528883,52.33999424219837,46.1598223757636
2016-03-10,9.535530694863809,76.40857090339352,73.85801968365276,4.767765347431904
2016-03-11,61.17086571594349,86.45983694878728,64.15703904859267,30.585432857971742
2016-03-12,34.14378536994341,62.82202178638772,58.4440981875561,17.071892684971704
2016-03-13,94.25821662881656,36.94293758154226,49.25029176129196,47.12910831440828
2016-03-14,35.73299101412067,63.56450978463959,58.71650044435667,17.866495507060336
2016-03-15,99.38592515223776,74.45442875481386,50.15016849614725,49.69296257611887
2016-03-16,62.42638816526942,60.1782186541129,53.81696111400559,31.21319408263471
2016-03-17,13.566592404702645,55.12787050392656,54.42346730824783,6.7832962023513215
2016-03-18,5.850440811028982,56.62944298977435,56.241591351556686,2.925220405514491
2016-03-19,2.067139487390568,55.30786763873847,55.197927715421024,1.033569743695284
2016-03-20,4.475113193806795,54.36138168770742,54.16620492036856,2.237556596903397
2016-03-21,28.88466939615103,49.25184674261303,49.4679483375858,14.442334698075516
2016-03-22,5.870107254521708,51.73521472598996,51.633355760478096,2.935053627260854
2016-03-23,31.603361344537817,40.77174805444096,43.688185862580326,15.801680672268908
2016-03-24,6.802395304380178,47.9302304840292,48.06855826581863,3.401197652190089
2016-03-25,99.62082991738664,55.09355509355509,50.01931323705618,49.81041495869332
2016-03-26,19.851704723054212,46.33239336457783,47.04636007897475,9.925852361527108
2016-03-27,83.60574835169173,57.48103552077062,51.22645978917446,41.802874175845865
2016-03-28,96.06653658921148,36.6770217456659,49.47594552513846,48.03326829460573
2016-03-29,64.34735898317001,34.68564781476763,44.54002899134604,32.173679491585006
2016-03-30,98.04676721249436,39.05146316851665,49.78614958885534,49.02338360624719
2016-03-31,77.29373093572305,36.988634388794274,47.045604315382825,38.64686546786152
2016-04-01,99.87702737323374,67.3076923076923,50.02128372386338,49.93851368661687
2016-04-02,98.51247619685935,51.52398621786377,50.02266965774731,49.25623809842968
2016-04-03,80.09237309564448,37.7339393097426,47.55811840192174,40.04618654782224
2016-04-04,50.71989063351956,22.59370615353778,36.494148419164425,25.35994531675978
2016-04-05,82.34764512855344,55.80609802474107,51.02491302751135,41.17382256427672
2016-04-06,61.87154150197628,26.76722127196393,41.14169960474308,30.93577075098814
2016-04-07,71.78877146944679,20.70491986999888,41.7354979963167,35.89438573472339
2016-04-08,99.98108113434364,100.0,50.00945943282817,49.99054056717183
2016-04-09,97.93743324149727,95.70036308045098,50.94260049741243,48.96871662074864
2016-04-10,42.471280736732176,33.52381738287294,40.52026962878572,21.235640368366088
2016-04-11,31.176996612959385,30.78749619101828,36.77689057009908,15.588498306479693
2016-04-12,42.42377500128541,22.64758816821685,34.2515138211575,21.211887500642707
2016-04-13,60.83891211735602,21.45942236664177,38.82319931078635,30.41945605867801
2016-04-14,63.03672863158394,23.633701669267104,40.25415359820504,31.51836431579197
2016-04-15,68.40650650808963,20.182716976409488,40.57967862847744,34.20325325404482
2016-04-16,72.58732253043746,14.78391192195178,40.34632735776758,36.29366126521873
2016-04-17,99.79898705240132,100.0,50.10050647379934,49.89949352620066
2016-04-18,72.00834604471773,18.253945845215576,41.11375437653624,36.00417302235886
2016-04-19,18.874680509286,30.947371504166444,34.520229795921594,9.437340254643
2016-04-20,3.165518879126098,30.691263089005236,31.280376790944352,1.582759439563049
2016-04-21,16.81040280404149,28.534607794184087,32.143026687449066,8.405201402020746
2016-04-22,47.64564191607767,27.173691327898947,38.0494326204668,23.822820958038832
2016-04-23,99.75129574522596,100.0,50.12435212738703,49.87564787261297
2016-04-24,71.600617154853,25.61682489818045,43.072397315139625,35.8003085774265
2016-04-25,45.79064940199664,18.30686981700424,32.819215182366314,22.89532470099832
2016-04-26,95.37353501188548,14.92842535787321,48.37742587840155,47.68676750594273
2016-04-27,89.77415257914126,57.24632068164214,50.71706358910441,44.88707628957063
2016-04-28,78.8514327468057,24.900550938462978,44.6918261350396,39.42571637340285
2016-04-29,49.64535640395745,27.111743391836768,38.46805042940951,24.822678201978725
2016-04-30,74.27462408390194,16.901257118298055,41.48522397017943,37.13731204195097
2016-05-01,99.98029284827464,100.0,50.009853575862685,49.99014642413732
2016-05-02,98.66612008072654,43.43971631205674,49.91249369323915,49.33306004036327
2016-05-03,59.5312160319374,19.5662791833545,37.68276052886421,29.7656080159687
2016-05-04,22.855819917367143,21.928383705650457,28.33440186161372,11.427909958683571
2016-05-05,58.190645249287385,22.300076593571813,38.41884075733076,29.095322624643693
2016-05-06,45.502128467661535,20.0795748264746,33.69249576680223,22.751064233830768
2016-05-07,38.1377414826093,19.988748817347275,31.4343622090839,19.06887074130465
2016-05-08,40.717428863998485,18.41354105532732,31.274735006780507,20.358714431999243
2016-05-09,99.82735446336012,37.44292237442922,49.978320765947046,49.91367723168006
2016-05-10,99.7524127925314,87.10191082802548,50.09185958493661,49.876206396265694
2016-05-11,99.98107994119016,100.0,50.00946002940493,49.99053997059508
2016-05-12,99.63541769308084,40.54054054054054,49.96551248448062,49.81770884654041
2016-05-13,100.0,-1.0,50.0,50.0
2016-05-14,83.67548439585786,16.311027241496102,44.50043838516283,41.83774219792893
2016-05-15,32.21945334440884,18.122518103246904,28.38495312685416,16.10972667220442
2016-05-16,91.61972803884032,22.97583721916066,47.73530166373917,45.80986401942016
2016-05-17,56.56743733768672,19.65151018326229,36.81195969689663,28.28371866884336
2016-05-18,72.72056444293618,19.694493063893187,41.73282876512324,36.36028222146809
2016-05-19,99.9814751313492,100.0,50.00926243432539,49.99073756567461
2016-05-20,25.17213815372926,25.200381174228387,31.42273173356971,12.58606907686463
2016-05-21,15.898612952373414,19.983060417843028,24.755337462157936,7.949306476186707
2016-05-22,16.497942061104958,16.80671870630779,22.282927022320724,8.248971030552479
2016-05-23,99.76705779410432,61.25211505922166,50.02621092502887,49.88352889705216
2016-05-24,51.10340491658726,18.59396488957204,34.63991553940506,25.55170245829363
2016-05-25,26.38719096055927,18.19383757114526,26.58659038847281,13.193595480279637
2016-05-26,49.81932616963572,13.440690785327114,31.65429228835069,24.90966308481786
2016-05-27,30.93263592697808,12.134734912496778,23.84745950479929,15.466317963489038
2016-05-28,51.98237014783778,24.49969129450504,37.75535615463673,25.99118507391889
2016-05-29,99.95270283585911,100.0,50.02364858207044,49.97635141792957
2016-05-30,98.80287436290604,100.0,50.59856281854698,49.40143718145303
2016-05-31,90.75684634204087,29.089822404371585,48.06724015468392,45.37842317102044
2016-06-01,83.62555556432704,24.669752193616816,45.85231264752552,41.81277778216352
2016-06-02,76.65199979442659,24.39763626204304,44.02236006183016,38.32599989721329
2016-06-03,94.3081963076996,30.856074248510872,48.91036532722549,47.1540981538498
2016-06-04,98.4185797174571,25.872382851445664,49.61844096871847,49.20928985872855
2016-06-05,77.79505741092328,18.88509670079636,43.09095358576509,38.89752870546164
2016-06-06,91.45108369877276,25.19605129624504,47.87953118591665,45.72554184938637
2016-06-07,29.593859423529643,15.111240987485038,25.436111495776377,14.796929711764822
2016-06-08,98.47212696010028,23.9422084623323,49.60187002830271,49.23606348005014
2016-06-09,99.96846855723942,18.75,49.99014642413732,49.98423427861971
2016-06-10,26.98567205992332,15.03815221868158,24.472841807037742,13.49283602996166
2016-06-11,99.87229765681968,55.24691358024691,50.00670043158662,49.93614882840984
2016-06-12,83.0501255999022,16.38127588292774,44.30166848724086,41.5250627999511
2016-06-13,71.44301997115934,18.24243933482748,40.93099974319973,35.72150998557967
2016-06-14,91.98974561230526,19.98522895125554,47.59574048511141,45.99487280615263
2016-06-15,48.26293604536216,13.764693294202168,31.252916195462205,24.13146802268108
2016-06-16,88.530803817938,16.871281680938132,46.20040230338408,44.265401908969
2016-06-17,70.98780309525597,15.409443135545905,39.96451953203712,35.493901547627985
2016-06-18,72.43460526003747,12.62528498300856,39.697512272630256,36.217302630018736
2016-06-19,97.58092490106112,40.2313834120906,49.76368982861107,48.79046245053056
2016-06-20,36.94099427957397,10.795013156246084,25.277725103504945,18.470497139786985
2016-06-21,61.74618599543346,8.46775026332638,34.112330433820794,30.87309299771673
2016-06-22,8.530064787807069,15.181422476830017,18.15146969774925,4.265032393903534
2016-06-23,0.1318008026787622,8.478882058964574,8.533607225692052,0.0659004013393811
2016-06-24,2.050202249681388,11.206248636242414,12.001598999437975,1.0251011248406938
2016-06-25,22.148240460506795,14.33769348822555,22.236266888216328,11.074120230253396
2016-06-26,55.22951519559787,11.096198843318176,32.58257961481294,27.61475759779893
2016-06-27,42.13852396130757,7.9774727978566355,25.68514549207881,21.069261980653785
2016-06-28,2.1325522946310187,7.138841818762715,8.05287843106212,1.0662761473155091
2016-06-29,31.16679129426753,15.952016921679752,26.56368074760735,15.583395647133765
2016-06-30,55.10565467955762,12.583201267828844,33.20197316932417,27.55282733977881
2016-07-01,29.96427737844221,14.66981478448008,25.25624948077585,14.982138689221106
2016-07-02,89.70249637648249,15.014957428856333,46.39741397354734,44.85124818824124
2016-07-03,47.5304127114657,13.218551030403496,30.700925526909863,23.76520635573285
2016-07-04,72.83537644940128,21.317767471613625,42.20857950775647,36.41768822470064
2016-07-05,36.93166311342807,10.173722169959234,24.882228928767784,18.46583155671404
2016-07-06,6.839203517756995,7.957736605758324,10.833092562761962,3.419601758878497
2016-07-07,4.8109530498783215,7.787343540200451,9.818174623587836,2.4054765249391608
2016-07-08,53.20363554420491,20.28554532398412,36.09471549375956,26.601817772102454
2016-07-09,32.70816280531928,8.4471867195534,22.03834853751221,16.35408140265964
2016-07-10,20.843317279938,16.155990249360613,23.21020458193953,10.421658639969
2016-07-14,47.35837046467218,7.819928349868942,27.79572294420217,23.67918523233609
2016-07-15,39.29725475306225,7.315007264837535,24.089037601300443,19.648627376531124
2016-07-16,4.9138347305010015,4.171262784144123,6.423211190006888,2.4569173652505008
2016-07-17,13.365652887983062,5.256906884958339,11.237113402061857,6.682826443991531
2016-07-18,4.713225050658561,5.827722698255131,7.909661537487335,2.3566125253292807
2016-07-19,4.073159340441869,7.422337568028123,9.156593602317797,2.0365796702209344
2016-07-20,0.9218140223388508,6.785578747628083,7.183935342405028,0.4609070111694253
2016-07-21,45.85449931017035,8.46481269210832,27.510564869683467,22.927249655085173
2016-07-22,65.27873814142963,16.48136557610242,38.36190717026161,32.639369070714814
2016-07-23,99.58416106959292,100.0,50.207919465203545,49.792080534796455
2016-07-24,65.58895463510848,7.071946074834923,35.228007889546355,32.79447731755424
2016-07-25,66.94031708155389,10.120576952952282,36.8159891909403,33.47015854077694
2016-07-26,76.07174448726859,20.2759349110473,42.8875497567448,38.03587224363429
2016-07-27,60.21450560567799,9.668639993642971,33.953969025517,30.107252802839
2016-07-28,82.44526369444873,17.8765165327391,44.360807185164994,41.22263184722436
2016-07-29,28.542486892867743,13.84232879822361,24.16262736175685,14.271243446433871
2016-07-30,23.008226267870075,12.67711315198454,21.26444740767706,11.504113133935038
2016-07-31,99.35936883629192,79.43349753694581,50.18856015779093,49.67968441814596
2016-08-01,58.65072837416763,11.787432221786572,34.19938155418123,29.325364187083814
2016-08-02,89.19305687512073,16.069018348958522,46.33309811125873,44.596528437560366
2016-08-03,21.027649222736443,8.836964688204358,17.49258336299988,10.51382461136822
2016-08-04,29.37869202068521,15.593117783168712,25.701409743571485,14.689346010342604
2016-08-05,99.94324138963998,100.0,50.02837930518002,49.97162069481999
2016-08-06,31.362352997002603,6.358634595995967,20.045593666711483,15.6811764985013
2016-08-07,0.2465822824890957,3.1381060266395804,3.2536591544167126,0.1232911412445478
2016-08-08,0.0189983138996414,3.488832410948276,3.497668748565232,0.0094991569498207
2016-08-09,85.29872755052489,11.44560517764589,44.3320133759194,42.64936377526245
2016-08-10,39.54768741545836,5.932192300646411,23.35999114043206,19.77384370772918
2016-08-11,29.66785201476213,9.21622442437263,21.31589460818246,14.833926007381065
2016-08-12,73.30506967794447,5.001258085046549,37.98761720000158,36.65253483897224
2016-08-13,1.493346632153063,4.857743258826507,5.531873629548711,0.7466733160765315
2016-08-14,0.2825999192571659,4.12082241803604,4.250476936838522,0.1412999596285829
2016-08-15,35.47404116735701,8.616264753982886,23.29674803174503,17.737020583678504
2016-08-16,7.258179400731279,9.14936466893662,12.114377067603716,3.62908970036564
2016-08-17,49.7357717953684,6.433171606287696,28.10146995466421,24.8678858976842
2016-08-18,69.83097391222006,17.439579409918395,40.176838217887415,34.91548695611003
2016-08-19,78.4937202183723,15.59032299480934,42.59975859130929,39.24686010918615
2016-08-20,74.88014697765372,12.12430353919799,40.485680717856525,37.44007348882686
2016-08-21,71.68758772016525,20.611070770261968,41.67928519184771,35.84379386008263
2016-08-22,5.77113364522232,4.558685781251969,7.181164754961331,2.88556682261116
2016-08-23,0.0,2.2461548204263537,2.2461548204263537,0.0
2016-08-24,0.0,2.884181528889311,2.884181528889311,0.0
2016-08-25,0.0,2.737736192579576,2.737736192579576,0.0
2016-08-26,0.169797430478045,3.270096144315592,3.3494423203274044,0.0848987152390225
2016-08-27,0.0807415557789581,3.044118928596893,3.0820318375036613,0.040370777889479
2016-08-28,2.9000134571390124,4.797270581713386,6.108155817837833,1.4500067285695062
2016-08-29,40.71712611964488,7.730621770295048,24.941497814073728,20.35856305982244
2016-08-30,93.74689493647928,19.47789898480358,48.09142095592584,46.87344746823964
2016-08-31,21.330937814115096,9.456114934202583,18.104505845014128,10.665468907057548
2016-09-01,46.27593081950093,11.27547714420358,29.195610551133758,23.137965409750464
2016-09-02,15.905843988808288,8.011012023812325,14.689714943784209,7.952921994404144
2016-09-03,27.544810667510784,9.249874396557374,20.47441934079848,13.772405333755392
2016-09-04,60.76312446243559,12.25452241852608,35.1898539402978,30.3815622312178
2016-09-05,19.426794432531235,5.339500716909237,14.015604105177363,9.713397216265616
2016-09-06,18.190307735530254,5.748571926073897,13.798042870087883,9.095153867765127
2016-09-07,17.238692324426953,5.21762819440528,12.937523485552676,8.619346162213477
2016-09-08,1.3738155738678193,5.154043413876549,5.770144149706714,0.6869077869339096
2016-09-09,10.06546450509784,6.758939377269227,11.111352985878032,5.03273225254892
2016-09-10,82.77202226022663,15.786698457094388,44.10574002614669,41.38601113011332
2016-09-11,36.40894796178722,9.23206121115984,24.07523882988192,18.20447398089361
2016-09-12,15.048096136877136,9.793519117996397,15.843829014375425,7.524048068438567
2016-09-13,10.897052829038756,9.47554497486098,13.891516247630433,5.448526414519378
2016-09-14,4.014977004124217,6.462826275205147,8.21083378850127,2.0074885020621087
2016-09-15,98.15929398873504,26.895074946466806,49.57470625564135,49.07964699436752
2016-09-16,99.93063082592673,50.0,50.0,49.96531541296336
2016-09-17,90.66446768803438,14.669709648789148,46.70172932835144,45.33223384401719
2016-09-18,97.37374215137936,39.89194056731202,49.73453629580579,48.68687107568967
2016-09-19,50.2445369612576,8.83706146449998,29.519189331309036,25.1222684806288
2016-09-20,28.45816651105379,5.448703769244381,18.12718583342565,14.229083255526897
2016-09-21,63.39779441969223,15.925670134242672,37.52804373242329,31.69889720984612
2016-09-22,22.396733776689388,9.753921603613431,18.767728637609835,11.198366888344694
2016-09-23,31.038014528802535,8.341122433180992,21.271210904906336,15.519007264401267
2016-09-24,20.94650205761317,13.629720097705524,21.248021525799302,10.473251028806583
2016-09-25,0.3012024349505648,3.2839340513630786,3.424643979513485,0.1506012174752824
2016-09-26,8.438002073588653,4.758858841986524,8.576307271014871,4.219001036794326
2016-09-27,24.156103119213785,8.051643192488262,18.184731519726537,12.078051559606893
2016-09-28,1.3195912196125927,3.4882881437510025,4.102052609497574,0.6597956098062964
2016-09-29,1.5226356994150103,3.607213623410917,4.3136067507342055,0.7613178497075052
2016-09-30,51.725922823432725,16.70581879793408,33.92754127120854,25.862961411716363
2016-10-01,94.65624174463672,18.239504168818712,48.30279588207694,47.328120872318365
2016-10-02,94.96423315328254,42.95228394578077,49.64509345149085,47.48211657664127
2016-10-03,17.021613365306234,6.825053171704069,14.17412569149315,8.510806682653117
2016-10-04,9.9395229915538,3.829132699026566,8.418296669806615,4.9697614957769
2016-10-05,8.641071697038273,3.8000666906291,7.792236051875707,4.320535848519136
2016-10-06,7.794314930529449,3.875090664846932,7.470211359849939,3.897157465264725
2016-10-07,38.70551698217712,6.706856600680303,23.46369157122228,19.35275849108856
2016-10-08,81.60243359689409,17.482682450835316,44.017604911383614,40.80121679844704
2016-10-09,95.38472453794031,18.899991459561026,48.564648937134656,47.692362268970165
2016-10-10,82.63979860793258,27.20640043639339,46.04298521125649,41.31989930396629
2016-10-11,81.92839096794569,26.76991633718517,45.80195010263698,40.96419548397285
2016-10-12,13.75166202355325,20.18692103343381,24.28671489173104,6.875831011776625
2016-10-13,91.81967251886132,23.18700910711704,47.80660953747428,45.909836259430655
2016-10-14,99.99802928482748,100.0,50.000985357586266,49.99901464241373
2016-10-15,89.27553486318462,28.856050580796943,47.73242451599169,44.63776743159231
2016-10-16,1.0658761319739092,10.411940967263154,10.833900639604838,0.5329380659869546
2016-10-17,100.0,-1.0,50.0,50.0
2016-10-18,33.04836316882604,11.145907809757912,23.98654930273959,16.524181584413018
2016-10-19,100.0,-1.0,50.0,50.0
2016-10-20,21.612552185354463,21.01176743786884,27.27686432797135,10.806276092677232
2016-10-21,41.46461971430153,14.37629565604932,29.147529190415582,20.732309857150764
2016-10-22,76.2794684616357,17.62560575529984,42.3206216028315,38.13973423081785
2016-10-23,97.5426023817126,37.776708373436,49.699625122692495,48.77130119085631
2016-10-24,97.37911570283768,28.786283651676943,49.44401303938225,48.68955785141884
2016-10-25,96.27540259791458,98.5182049110923,51.80710779965703,48.13770129895729
2016-10-26,89.35079187127947,17.099751640286172,46.49638407730812,44.675395935639735
2016-10-27,1.964687862392692,6.8454603810300485,7.693312382995397,0.982343931196346
2016-10-28,5.102848414337837,6.360531594156968,8.58738751572999,2.5514242071689184
2016-10-29,2.2833598518131515,5.473803592765862,6.490496885068117,1.1416799259065755
2016-10-30,4.7426621916854,5.249687345490504,7.372043504416934,2.3713310958427
2016-10-31,0.371654515661735,5.122459924915082,5.289249329122041,0.1858272578308675
2016-11-01,1.190561004377528,5.353981237432204,5.885519326826411,0.595280502188764
2016-11-02,94.35104634341506,47.735677901053656,49.87208949399471,47.17552317170753
2016-11-03,1.7771339460289568,5.03135023613417,5.830503376158699,0.8885669730144784
2016-11-04,81.46222954905781,32.282358948174625,46.71554437249071,40.731114774528905
2016-11-05,97.31109464189976,100.0,51.344452679050114,48.655547320949886
2016-11-06,88.83889666594374,99.79508196721312,55.55768055363868,44.41944833297187
2016-11-07,39.53079086102092,29.088863744874,37.35520128455098,19.76539543051046
2016-11-08,68.17866051975118,60.78268419746961,53.43119454355995,34.08933025987559
2016-11-09,82.88264822883121,80.31539632037627,55.18919302898277,41.44132411441561
2016-11-10,14.657450781794012,33.77714934748847,36.155005697284295,7.328725390897006
2016-11-11,99.58733224287094,100.0,50.206333878564536,49.79366612143547
2016-11-12,10.271741926292922,36.26833549434168,37.67881663454728,5.135870963146461
2016-11-13,91.74926470008438,82.84990681894203,52.71035885789984,45.87463235004219
2016-11-14,3.4344649627583363,34.284578435712056,34.824319083087296,1.7172324813791682
2016-11-15,11.55902171891631,34.700424130711,36.46890542834419,5.779510859458155
2016-11-16,82.7797962246268,11.732599472537553,43.41027564963273,41.3898981123134
2016-11-17,50.01973071519896,32.2503473976756,41.12867583224157,25.00986535759948
2016-11-18,97.30885668784788,72.52087300424785,50.60606896769209,48.65442834392394
2016-11-19,99.8415545001281,100.0,50.07922274993595,49.92077725006405
2016-11-20,94.83684297664004,56.24522827912658,50.32245094251858,47.41842148832002
2016-11-21,99.23888280135274,65.9243915069912,50.121203282539625,49.61944140067637
2016-11-22,99.97477484579152,96.875,50.01182429103521,49.987387422895765
2016-11-23,97.96819265711528,50.591658583899125,50.01202136255248,48.984096328557634
2016-11-24,100.0,-1.0,50.0,50.0
2016-11-25,99.66537256370336,6.124852767962309,49.85318171964606,49.832686281851686
2016-11-26,98.16595125758272,86.28841607565012,50.6655472386786,49.08297562879137
2016-11-27,24.172216860989383,31.794853071570888,36.19544066697252,12.086108430494692
2016-11-28,5.489856173762991,23.34010343600159,24.803693413439085,2.744928086881496
2016-11-29,13.67617736422332,26.172897217677445,29.431534054943665,6.83808868211166
2016-11-30,2.882880030396099,22.068220718884994,22.87346040591457,1.4414400151980495
2016-12-01,61.252416078261206,20.479695405633773,38.56159520334504,30.626208039130603
2016-12-02,2.957298852621872,21.275658568218248,22.12512318780352,1.478649426310936
2016-12-03,36.50696506412282,33.2825471844781,39.385581843451895,18.25348253206141
2016-12-04,22.7924382167216,30.616788563999936,35.03469505496677,11.396219108360798
2016-12-05,2.7736660043853054,20.541493319872668,21.35857390505893,1.3868330021926527
2016-12-06,5.215691395692108,22.124340866486584,23.578249221405702,2.607845697846054
2016-12-07,3.363306789937784,20.34279395503133,21.3402567796476,1.681653394968892
2016-12-08,9.719644659003226,22.802342298117047,25.44585798231209,4.859822329501613
2016-12-09,31.84508268059182,22.78763887115311,31.45343777197563,15.92254134029591
2016-12-10,2.5472564354241207,20.45177640235879,21.204445429503213,1.2736282177120604
2016-12-11,24.05126359786309,22.051794695573395,28.773691224212996,12.025631798931546
2016-12-12,11.517638771261902,15.637872966602409,19.59557863243128,5.758819385630951
2016-12-13,4.780034510598553,19.45070200084789,20.910968987952952,2.3900172552992767
2016-12-14,6.096117845877413,16.999064341287838,19.01084026928511,3.0480589229387065
2016-12-15,11.984725272550998,20.054491747557535,23.643378643081856,5.992362636275499
2016-12-16,4.300317794513988,17.55654162514009,18.951713438789927,2.150158897256994
2016-12-17,9.747835309388504,20.716478119793035,23.57098760546436,4.873917654694252
2016-12-18,4.315339559917683,17.878945801072067,19.265078359981004,2.1576697799588413
2016-12-19,64.23446392346612,34.04581668910419,44.29390081222521,32.11723196173306
2016-12-20,73.35554723082079,34.29679290799035,45.815966403123085,36.6777736154104
2016-12-21,3.3953646682603256,20.04842495974829,21.065390156252477,1.6976823341301628
2016-12-22,8.28446618076494,19.60274214910975,22.12099269564667,4.14223309038247
2016-12-23,4.481735069458186,17.588027147746388,19.040645901769107,2.240867534729093
2016-12-24,86.81849905170476,46.55997606939874,49.54655321296621,43.40924952585238
2016-12-25,35.70939947883921,15.803037105831269,28.014567195340398,17.854699739419605
2016-12-26,7.000724090040398,18.44978258834741,20.6585262591451,3.500362045020199
2016-12-27,4.834764712866585,17.272742395634925,18.855028297779715,2.4173823564332926
2016-12-28,4.853193181863155,17.08496938639691,18.682399407944462,2.426596590931577
2016-12-29,18.421894690268985,23.797371504944167,28.62439213238576,9.210947345134493
2016-12-30,4.132794009388037,16.1047807778053,17.505600367289105,2.0663970046940183
2016-12-31,12.987074663015177,18.581772534179912,22.662081192961907,6.493537331507588
2017-01-01,4.732390575588828,15.886184806361287,17.500583781558834,2.366195287794414
2017-01-02,11.885278336156,17.120082629782647,21.02795232593109,5.942639168078
2017-01-03,5.745370498628662,16.070978686239272,18.020326667273512,2.872685249314331
2017-01-04,61.32019540884082,9.858679991416572,34.47341586036805,30.66009770442041
2017-01-05,69.8138628883454,17.607560308380997,40.22197374087786,34.9069314441727
2017-01-06,9.4709681504464,25.09048942978545,27.44966124232255,4.7354840752232
2017-01-07,27.015942447408907,21.56032903792173,29.24357417726926,13.507971223704454
2017-01-08,30.36658532630405,14.942123976236186,25.58800381258231,15.183292663152026
2017-01-09,10.218989655963847,25.42555160832503,27.93681194748047,5.109494827981924
2017-01-10,23.47996128548008,25.29130248478309,31.0928950955024,11.73998064274004
2017-01-11,26.205352905817964,32.75725325016345,37.27577588661457,13.102676452908982
2017-01-12,12.945639232470109,20.047436648900643,23.924987441211023,6.4728196162350535
2017-01-13,99.88331710547584,100.0,50.05834144726209,49.94165855273791
2017-01-14,73.42688266718258,52.53187126682713,50.672797122449865,36.71344133359129
2017-01-15,16.738662615905568,44.4393238248178,45.370106648944585,8.369331307952784
2017-01-16,36.86329091901211,42.827260543357085,45.47136835612213,18.43164545950605
2017-01-17,55.36208177263604,64.20358486390795,56.34018459690547,27.68104088631802
2017-01-18,27.29005671256931,42.55860756051128,44.5893677774526,13.645028356284657
2017-01-19,5.588471600511353,35.9042185266388,36.691957271147736,2.7942358002556764
2017-01-20,2.9541910408536443,33.05994437058003,33.560385976299976,1.477095520426822
2017-01-21,6.2239054640721525,31.35254895340986,32.51314867800876,3.1119527320360763
2017-01-22,5.681166073683003,29.56965785785618,30.73033952437301,2.840583036841501
2017-01-23,12.64309597768237,30.459676396513924,32.93017826405239,6.321547988841185
2017-01-24,11.797383810646767,27.43609757848177,30.0980477498081,5.898691905323384
2017-01-25,12.567572915429972,27.36395196733851,30.208753809015,6.283786457714986
2017-01-26,6.753858330035616,26.4372986805753,28.02869014641868,3.376929165017808
2017-01-27,3.171085024024571,26.915216271674176,27.647254391311577,1.5855425120122857
2017-01-28,47.33619975543371,34.235401623872725,41.69776340183819,23.668099877716852
2017-01-29,4.284351786993395,25.207040407506792,26.269258014856323,2.142175893496697
2017-01-30,68.87968114912593,40.72176713753139,47.11258434947319,34.439840574562965
2017-01-31,94.76611933531764,96.61795721602893,52.43992824899962,47.38305966765883
2017-02-01,97.5136673406725,94.0868738110336,51.09614634204023,48.75683367033625
2017-02-02,94.05826635711104,71.71288310999071,51.29012168058748,47.02913317855552
2017-02-03,97.46900806086047,100.0,51.26549596956976,48.73450403043024
2017-02-04,99.09815452775304,82.86713286713287,50.29641074961964,49.54907726387652
2017-02-05,99.98186942041268,100.0,50.00906528979366,49.99093471020634
2017-02-06,98.65478982322684,100.0,50.67260508838658,49.32739491161343
2017-02-07,5.91094206999727,65.59991923678764,64.67781704773476,2.955471034998635
2017-02-08,58.62670566456283,69.13698028964491,57.91759918214938,29.313352832281414
2017-02-09,67.07353214289948,59.09298195084486,52.99399777929688,33.53676607144974
2017-02-10,98.708978023061,98.99236641221374,50.632502217404166,49.3544890115305
2017-02-11,87.89902845246357,83.81883349625285,54.092407419090286,43.94951422623178
2017-02-12,86.7203370108432,84.69421094840645,54.60727429069552,43.3601685054216
2017-02-13,9.029467744552209,58.2710593393592,57.524226704178986,4.514733872276104
2017-02-14,1.0863757791629565,51.105509542671946,51.09349955476402,0.5431878895814782
2017-02-15,3.275211131602068,48.11914406120862,48.18074606428532,1.6376055658010338
2017-02-16,2.155648336862101,46.71854650175135,46.789283099511245,1.0778241684310506
2017-02-17,76.15498842839428,45.89992878082714,49.02233754334415,38.07749421419714
2017-02-18,8.913673278768977,43.10220468745926,43.71705162505739,4.4568366393844885
2017-02-19,4.110488929341696,44.59984812717698,44.82182077207701,2.055244464670848
2017-02-20,28.738924050632917,38.02096054355308,41.46360759493671,14.369462025316457
2017-02-21,65.24667485690132,35.954851836275395,45.11884399183083,32.62333742845066
2017-02-22,18.100808124715968,45.169601930036194,46.04394301634032,9.050404062357984
2017-02-23,46.77611633929135,55.59552328470455,52.97815480325902,23.388058169645674
2017-02-24,99.93063082592673,92.04545454545456,50.02916658455353,49.96531541296336
2017-02-25,6.188357845077334,39.71522592076952,40.35137017746608,3.094178922538667
2017-02-26,87.56792781708192,39.04203013481364,48.63769727657762,43.78396390854096
2017-02-27,32.97724711882499,42.78155305443477,45.16199814181509,16.488623559412495
2017-02-28,99.77849161460696,100.0,50.110754192696525,49.88924580730348
2017-03-01,12.680347914176949,59.25049738730043,58.07539195745254,6.340173957088474
2017-03-02,20.212151425948782,45.16981637318443,46.14610040198778,10.106075712974391
2017-03-03,54.34634920885701,41.40589176796297,46.07647583913294,27.173174604428507
2017-03-04,91.86999242949972,98.55473107328191,53.94750331209387,45.93499621474986
2017-03-05,92.95223210233216,37.53150025200201,49.1212490774398,46.47611605116608
2017-03-06,59.0060101893032,45.47423752310536,48.1432737576114,29.5030050946516
2017-03-07,63.82615499519864,40.2047214848316,46.456671132134375,31.91307749759932
2017-03-08,9.70689013919553,49.531780635831815,49.57723017512206,4.853445069597765
2017-03-09,64.08864230899938,28.00677831818482,42.10193549406865,32.04432115449969
2017-03-10,13.727414465821944,40.98818129661503,42.20240120931042,6.863707232910972
2017-03-11,1.533968133355496,43.94316377595112,44.033117248039005,0.766984066677748
2017-03-12,6.586731564472409,43.211048038634246,43.65821808037039,3.2933657822362044
2017-03-13,9.600025329882136,44.29724132798032,44.84418164691728,4.800012664941068
2017-03-14,12.433116985911036,42.99931303781908,43.86971663764445,6.216558492955517
2017-03-15,73.46913015352088,56.006541778174245,51.593587781441805,36.73456507676044
2017-03-16,2.672507954599421,39.00443620365061,39.29829352076111,1.3362539772997104
2017-03-17,2.7025957424915803,37.89078070724901,38.21804395230387,1.35129787124579
2017-03-18,78.84363406740863,14.472260567846885,42.48362143815613,39.42181703370432
2017-03-19,87.72764729307211,28.70269228297886,47.3863192798874,43.863823646536055
2017-03-20,7.499663603479527,34.474260679079954,35.6386389001021,3.7498318017397634
2017-03-21,98.26104093175412,45.60290117860381,49.9235362513056,49.13052046587706
2017-03-22,98.48726114649682,40.07295466388744,49.84982972819575,49.24363057324841
2017-03-23,98.56530239011164,47.96703296703297,49.970833070568204,49.28265119505581
2017-03-24,94.28711110760652,21.35265700483092,48.363409124063125,47.14355555380327
2017-03-25,15.27733806116634,29.96066964369126,33.022145887418475,7.63866903058317
2017-03-26,51.35733809051031,28.447476702392372,39.51627895938073,25.678669045255155
2017-03-27,9.77993755465946,29.732397022637254,31.714555937649635,4.88996877732973
2017-03-28,3.759315178546694,28.72728020396414,29.526988788146223,1.879657589273347
2017-03-29,4.183091902161007,27.265780223139235,28.216773529644584,2.0915459510805032
2017-03-30,18.179228035741136,21.657816081947708,26.810206326719587,9.089614017870568
2017-03-31,12.133180834180918,23.24194558172425,26.488548712002185,6.066590417090459
2017-04-01,89.45960448856553,31.167178258591,48.01494610249207,44.729802244282766
2017-04-02,66.48394180186727,24.040818250377075,41.29950553703733,33.24197090093364
2017-04-03,37.23702581586764,19.60386430808593,30.92248120271013,18.61851290793382
2017-04-04,90.43244436734116,38.93925657298277,48.94175721923448,45.216222183670574
2017-04-05,87.66238888143936,27.935300322859064,47.27774315935604,43.83119444071968
2017-04-06,30.776838057865294,19.336312517143643,28.77362595631225,15.388419028932647
2017-04-07,42.480126557247374,18.40359188388259,31.82578603915365,21.240063278623687
2017-04-08,5.477874390017058,24.529581710840347,25.92481923133245,2.738937195008529
2017-04-09,2.249708099978231,22.52086277336205,23.139063149353863,1.1248540499891155
2017-04-10,18.8087005372558,22.04371808365493,27.301931430651276,9.4043502686279
2017-04-11,74.21952163847119,15.766083305237991,41.17433251420309,37.1097608192356
2017-04-12,51.92233976550181,19.318434009255224,35.249020948346384,25.961169882750905
2017-04-13,33.791321823619704,15.330102714556308,27.045519282198978,16.895660911809852
2017-04-14,11.687756700933026,22.500313636933885,25.71441007256871,5.843878350466513
2017-04-15,96.359564913996,28.57916395928092,49.22018836905827,48.179782456998
2017-04-16,81.62548353990684,13.076262083780884,43.215441698902666,40.81274176995342
2017-04-17,97.56282269229403,31.121540702379026,49.53989847395388,48.78141134614702
2017-04-18,63.23274449170449,16.50411394444564,37.6844819891868,31.616372245852244
2017-04-19,54.59060407992187,10.1576990395249,31.90785181318877,27.295302039960934
2017-04-20,14.597621544610876,16.162894166064177,21.10057977323545,7.298810772305439
2017-04-21,5.536426671732523,18.559095692716653,20.28657706433637,2.7682133358662613
2017-04-22,8.052464103091804,18.11646916524262,20.683663938448877,4.026232051545902
2017-04-23,9.873513907137994,17.200513054784413,20.434073675378748,4.936756953568997
2017-04-25,98.88396992908024,26.951607205934295,49.742773005554525,49.441984964540126
2017-04-26,99.98778156593028,100.0,50.00610921703487,49.99389078296514
2017-04-27,99.98738737318398,100.0,50.00630631340801,49.99369368659199
2017-04-28,95.9053118147254,21.18089000192641,48.8199473078076,47.952655907362704
2017-04-29,27.50009893545451,38.944288594722536,41.87858641022597,13.750049467727257
2017-04-30,22.733946188518264,37.43235487044933,40.27273770563164,11.366973094259132
2017-05-01,100.0,-1.0,50.0,50.0
2017-05-02,28.904092243651125,36.64933151797871,40.44107754766107,14.452046121825562
2017-05-03,92.51816391527584,19.791117206456377,47.73982090636063,46.25908195763792
2017-05-04,98.16592234042972,28.798624543305397,49.61115030922715,49.08296117021486
2017-05-05,36.78471851456368,34.37770176295906,40.09372960787803,18.39235925728184
2017-05-06,99.81120548647104,100.0,50.09439725676448,49.90560274323552
2017-05-07,98.49082632087185,24.601723687646903,49.61669589894173,49.24541316043592
2017-05-08,97.4642267094093,28.51811537863474,49.45526810745591,48.73211335470465
2017-05-09,33.961726803104256,28.591554361901107,35.845720569272274,16.980863401552128
2017-05-10,40.47854380984763,30.19594818997011,38.21233997801798,20.23927190492381
2017-05-11,95.1746294544308,15.921901805408051,48.355605487228,47.58731472721539
2017-05-12,83.80162939385443,18.672290214052367,44.92542146645447,41.90081469692721
2017-05-13,34.01144159327747,21.96154376540138,31.497218727498595,17.005720796638734
2017-05-14,52.57719325292823,17.80063686834164,34.729947147674224,26.288596626464116
2017-05-15,80.1070279022926,24.637681159420293,44.95468098971189,40.0535139511463
2017-05-16,6.8658299591936895,20.21248565721814,22.25764574106397,3.4329149795968448
2017-05-17,10.655348450670784,22.029543994861918,25.009893545450947,5.327674225335391
2017-05-18,84.42628124211058,21.88196555217832,45.62097639484979,42.21314062105529
2017-05-19,99.23217305274278,41.9917864476386,49.938510778351066,49.61608652637139
2017-05-20,96.36069088931109,21.00075815011372,48.944627949326375,48.18034544465554
2017-05-21,36.280094625493504,16.17817786745305,28.448766941207182,18.140047312746752
2017-05-22,18.03398711434044,18.45448180962267,24.14339649522724,9.01699355717022
2017-05-23,44.13873042748973,19.28331149746822,32.841267831852456,22.069365213744867
2017-05-24,80.15909655882666,9.114412425670704,41.88793004802096,40.07954827941333
2017-05-25,10.836611758000808,13.444900676950397,17.405862377405388,5.418305879000403
2017-05-26,3.7790812732036696,14.28471530937122,15.634424944786147,1.8895406366018348
2017-05-27,1.8562935872774624,14.01090480876256,14.678968074916684,0.9281467936387312
2017-05-28,5.559953139347117,14.885841687062056,16.83817243453757,2.7799765696735586
2017-05-29,2.388632720508203,12.977049712107696,13.861392016781778,1.1943163602541016
2017-05-30,57.04847643786547,12.388158621451453,33.84514108814006,28.524238218932734
2017-05-31,34.611656439290535,14.545201517507609,26.81669455951067,17.305828219645267
2017-06-01,44.65719824346244,10.325970405318465,28.04328045258536,22.32859912173122
2017-06-02,77.82211230770446,14.975595853076348,42.23232698339957,38.91105615385223
2017-06-03,60.0228519918397,9.521831577906344,33.817982698907215,30.01142599591985
2017-06-04,92.08115260681453,20.23607929076601,47.64304054080703,46.04057630340726
2017-06-05,97.81356112682056,13.365800865800868,49.1990156292519,48.90678056341028
2017-06-06,97.08044164037857,43.80064829821718,49.81900630914826,48.54022082018928
2017-06-07,9.102314959570332,9.012727898176816,12.743161785950344,4.551157479785166
2017-06-08,41.35131823876503,4.411814255005155,23.26313002169729,20.67565911938252
2017-06-09,31.405265402169963,3.54680143207432,18.1355517301284,15.702632701084982
2017-06-10,9.900551261807806,8.17085758207972,12.312173269540509,4.950275630903903
2017-06-11,0.1963159102962945,7.210558459378643,7.294560941049816,0.0981579551481472
2017-06-12,28.50840926265148,9.649695628112894,21.152925537176024,14.25420463132574
2017-06-13,2.554634752530889,9.459311274738754,10.49497779782965,1.2773173762654446
2017-06-14,99.84234278619712,47.75,49.99645271268944,49.92117139309856
2017-06-15,21.53353115727003,10.01089126883282,18.621958456973296,10.766765578635017
2017-06-16,72.50663632916192,13.676724137931034,40.01350967007964,36.25331816458096
2017-06-17,8.836636798277555,5.154621272309703,9.11744451128772,4.418318399138777
2017-06-18,0.6894804752744861,5.25881583981635,5.567297569007417,0.344740237637243
2017-06-19,3.352806605080465,7.656143138547729,9.07585076824432,1.6764033025402327
2017-06-20,16.724431256181997,11.948935523258852,18.31275964391692,8.362215628090999
2017-06-21,20.65643176512484,10.0351577110086,18.290468088473865,10.328215882562418
2017-06-22,6.299125341354336,9.517051454252092,12.067123125024736,3.149562670677168
2017-06-23,31.254769992447105,7.674652707871956,20.903342652531013,15.627384996223553
2017-06-24,12.54666835410998,9.453519292342758,14.540751755995698,6.2733341770549895
2017-06-25,79.22394003927316,4.472843450479233,40.54125065685759,39.61197001963658
2017-06-26,0.7504333990358355,5.4821780361942585,5.816254640733969,0.3752166995179177
2017-06-27,96.31580399840726,23.61690743713216,49.02799515870231,48.15790199920363
2017-06-28,80.06015227524797,18.55737445317603,43.73038834529932,40.03007613762399
2017-06-29,81.23553343603113,24.9715825369427,45.30355097365407,40.61776671801557
2017-06-30,78.33871719333717,14.522715671260848,42.31516510942794,39.16935859666859
2017-07-01,51.69226269987433,9.327933897819774,30.352245152825315,25.846131349937163
2017-07-02,72.06471817108375,10.765076762136337,39.03961361814384,36.03235908554188
2017-07-03,19.385247361360104,8.578665999027997,16.608294055491577,9.692623680680052
2017-07-04,26.33488854328668,12.837964877975407,22.62454540777763,13.16744427164334
2017-07-05,7.237732623029977,9.782613333333332,12.693440248236776,3.6188663115149886
2017-07-06,10.212860257775,7.481500090350958,11.823855069825605,5.106430128887499
2017-07-07,12.33569221884234,6.496764703228076,11.863189914676646,6.16784610942117
2017-07-08,21.48832276803026,9.468776775364145,18.17825684370474,10.74416138401513
2017-07-09,26.07595737279828,4.78461735894255,16.574961262372323,13.03797868639914
2017-07-10,63.1140804892889,11.987060701164324,35.978577806576006,31.55704024464445
2017-07-11,62.817786160444776,13.276806180490706,36.34550354531573,31.408893080222388
2017-07-12,32.10645436991548,12.494609117293953,24.53626032730841,16.05322718495774
2017-07-13,31.01414534580149,12.527594768318624,24.14934099144001,15.507072672900746
2017-07-14,61.68070809876114,15.591065504522884,36.81473995057205,30.84035404938057
2017-07-15,34.515325291674905,8.476971578349781,22.80877990903698,17.257662645837453
2017-07-16,1.4031046411297663,3.414569525789915,4.068211862863837,0.7015523205648833
2017-07-17,0.0779722466297782,3.721425826972514,3.757510270963452,0.0389861233148891
2017-07-18,8.660102265351675,8.721630544988171,12.296379553261886,4.3300511326758375
2017-07-19,6.889591603310233,5.166133221118493,8.25500354215561,3.444795801655117
2017-07-20,69.89069895040993,16.5185243451585,39.918961699238565,34.945349475204964
2017-07-21,35.29749166327132,6.582052504799287,21.90749890228128,17.648745831635658
2017-07-22,40.363220736486994,14.145406556094198,28.61747525202789,20.181610368243497
2017-07-23,36.2442376272071,12.41907478605978,26.039994623103254,18.12211881360355
2017-07-24,99.93141721979596,64.9425287356322,50.01024800163968,49.96570860989799
2017-07-25,49.558851432546966,9.63684523996113,29.6403611409778,24.779425716273483
2017-07-26,82.3219788588181,8.604334531169789,42.682065506887255,41.16098942940905
2017-07-27,96.13685185550148,4.7036016732986425,48.250133028517375,48.06842592775074
2017-07-28,21.619739486887298,5.958342588292308,15.4800341864109,10.809869743443649
2017-07-29,53.54362463871832,18.873673370383926,35.53983686476698,26.77181231935916
2017-07-30,14.46969517069966,6.480153258123328,12.77734242042855,7.234847585349829
2017-07-31,2.624537905594212,3.2403474471898965,4.46757225296255,1.312268952797106
2017-08-01,0.1096361031291806,2.543020956743285,2.5950509392291434,0.0548180515645903
2017-08-02,18.696942125875232,5.303951811449646,13.66074607381621,9.348471062937616
2017-08-03,0.1068655156854829,3.0695289717256244,3.119681461603616,0.0534327578427414
2017-08-04,1.6646613684577145,5.86658509687754,6.6012570053509805,0.8323306842288573
2017-08-05,10.80974127219052,18.93585113274352,22.293805253702047,5.40487063609526
2017-08-06,100.0,-1.0,50.0,50.0
2017-08-07,11.59221856401165,6.755740566671142,11.768709636570849,5.796109282005825
2017-08-08,43.56757868263189,9.975614541581413,27.413270168417807,21.783789341315945
2017-08-09,43.75904586401348,14.197622010814156,29.864401015509458,21.87952293200674
2017-08-10,82.13753283324262,23.6272107041134,45.28916917106415,41.06876641662131
2017-08-11,70.53894202847017,9.442388155777277,38.051298462705496,35.26947101423509
2017-08-12,37.66138248191923,7.160799238820172,23.29463448968536,18.830691240959617
2017-08-13,7.995963034056953,4.796052688181294,8.410543605168899,3.9979815170284767
2017-08-14,59.34901514432958,12.913669064748202,34.924041227986976,29.67450757216479
2017-08-15,4.005335169771593,6.284658802768993,8.035604738327336,2.0026675848857964
2017-08-16,85.84129762805955,20.180446102865417,45.777938115064345,42.920648814029775
2017-08-17,35.70657055022968,7.743952344908648,22.832137812612512,17.85328527511484
2017-08-18,25.215137787097667,11.5445864084861,21.241171932184614,12.607568893548834
2017-08-19,88.01620295502772,38.29114965605767,48.59683513848241,44.00810147751386
2017-08-20,17.135948648744908,6.2314341659105015,13.731593131532188,8.567974324372454
2017-08-21,16.558942430163842,5.818131826456311,13.13418194188429,8.279471215081921
2017-08-22,18.446198751769906,7.436990480070224,15.288247810851216,9.223099375884953
2017-08-23,52.923014887847,6.986606205651426,29.75059100720277,26.461507443923495
2017-08-24,0.1262596277913668,3.054273089345513,3.1135465894068566,0.0631298138956834
2017-08-25,16.485360284602873,10.20213794279866,16.762958888497565,8.242680142301436
2017-08-26,2.222283787420647,4.225813894184649,5.243046210837937,1.1111418937103237
2017-08-27,8.64609880803508,3.096896605499818,7.152185269023159,4.32304940401754
2017-08-28,68.5093371364008,35.692242071457244,45.49439218738272,34.2546685682004
2017-08-29,0.3324704932437246,3.654681630092052,3.80876613867186,0.1662352466218623
2017-08-30,1.5838715805471124,2.633208670125065,3.3834378166160084,0.7919357902735562
2017-08-31,80.62287012495267,17.130760462465396,43.63088476587152,40.311435062476335
2017-09-01,94.9459922203549,46.36640387167278,49.816357768993456,47.47299611017745
2017-09-02,95.82278979937723,20.541611624834875,48.76946119585354,47.91139489968862
2017-09-03,56.84581414272284,10.299313501144166,32.86749196166882,28.42290707136142
2017-09-04,36.02729700326377,11.01498389061698,25.060231431114627,18.013648501631884
2017-09-05,36.90720099989717,7.114691408331505,22.942458449684764,18.453600499948585
2017-09-06,79.80060907449905,9.9278437200571,41.90566850073665,39.900304537249525
2017-09-07,22.23167339898165,9.053355581783403,18.156479836683665,11.115836699490824
2017-09-08,45.2972361799112,14.815457219463898,30.75308266158524,22.6486180899556
2017-09-09,95.0906392117231,21.829739298358543,48.61633084891359,47.54531960586155
2017-09-10,100.0,-1.0,50.0,50.0
2017-09-11,98.7623703820526,26.537113730487416,49.7096163703032,49.3811851910263
2017-09-12,98.26107867525025,14.985264112446156,49.39112129084652,49.13053933762512
2017-09-13,76.02802375000985,18.474417380721345,42.4426948218355,38.014011875004925
2017-09-14,93.82066115376576,16.158264199106572,47.90880447341544,46.910330576882885
2017-09-15,80.5208583948285,14.327366971734024,43.05127729813089,40.26042919741425
2017-09-16,92.46164398681783,28.70888458923809,48.39499992115928,46.23082199340892
2017-09-17,85.47528817306174,17.068000217426754,45.2167219327333,42.73764408653087
2017-09-18,84.85079249839211,12.116476532791582,44.26094642103228,42.425396249196055
2017-09-19,100.0,-1.0,50.0,50.0
2017-09-20,54.05940750639503,8.48035250176423,30.92562793805425,27.02970375319752
2017-09-21,4.762168623198157,9.96567286993093,11.872175035027588,2.3810843115990785
2017-09-22,4.381361700780421,6.796819707548848,8.689707302401418,2.1906808503902107
2017-09-23,33.27200718505066,6.527604015345117,20.991742730873167,16.63600359252533
2017-09-24,73.91869058522566,12.847952773783394,40.31025960900736,36.95934529261283
2017-09-25,67.29714782333886,12.875676459219171,37.85928735087303,33.64857391166943
2017-09-26,45.93822912959228,10.744224832852984,28.777632775734567,22.96911456479614
2017-09-27,43.34046161204508,11.040261198975855,27.925591838186755,21.670230806022538
2017-09-28,85.43695828765665,8.074517343153447,43.89437447258216,42.718479143828326
2017-09-29,75.71461807513495,7.420397161738679,39.659380828637566,37.85730903756748
2017-09-30,89.82203543521285,21.494422063836375,47.09871237866948,44.91101771760643
2017-10-01,98.9322581026593,100.0,50.53387094867035,49.46612905132965
2017-10-02,22.588571383351667,12.789491170231798,21.19481351935236,11.294285691675832
2017-10-03,99.62359191845935,78.21989528795812,50.10622196646618,49.81179595922968
2017-10-04,64.7450566562721,12.361969036221566,36.73073350802515,32.37252832813605
2017-10-05,0.1614856681469519,4.285102637901097,4.358925645348975,0.0807428340734759
2017-10-06,7.870469315222467,4.092705558896812,7.705825081332668,3.935234657611234
2017-10-07,5.87264458982914,5.226111636707663,7.855522969330689,2.93632229491457
2017-10-08,54.895367399516346,7.6636676624411955,30.90435284262435,27.447683699758173
2017-10-09,25.73128800857802,6.713690558639575,17.851815509280325,12.86564400428901
2017-10-10,46.93314355750603,7.141154207208952,27.25615783022971,23.46657177875301
2017-10-11,8.331323991541002,6.155889404418994,9.808684309346404,4.165661995770501
2017-10-12,0.5525342959145709,3.931417109106974,4.1859618292209895,0.2762671479572854
2017-10-13,27.159028412485508,5.445439681910277,17.54602537775826,13.579514206242754
2017-10-14,0.1179478654602737,4.0549858136917685,4.109176977209939,0.0589739327301368
2017-10-15,0.0201857085183689,4.150386179103178,4.159641248505862,0.0100928542591844
2017-10-16,0.0581823363176518,3.953157734241031,3.979948862871754,0.0290911681588259
2017-10-17,50.63516069545852,11.048450961100045,30.771630410317364,25.31758034772926
2017-10-18,0.0538285560489839,3.578358770463888,3.603346869631987,0.0269142780244919
2017-10-19,0.2655805963887371,3.780413758070981,3.9031640108607024,0.1327902981943685
2017-10-20,0.1155730762228185,3.266735879411322,3.320746950374821,0.0577865381114092
2017-10-21,11.902143382731092,6.162771900202971,11.380341643655695,5.951071691365546
2017-10-22,98.72294636768896,89.62962962962962,50.50609162465659,49.36147318384448
2017-10-23,39.327006722024514,11.25050507683685,26.489521550019774,19.663503361012257
2017-10-24,9.943918279791188,9.656678766996862,13.66838566176034,4.971959139895594
2017-10-25,81.60271370634948,5.132222890014596,41.74554659147899,40.80135685317474
2017-10-26,38.27788046826864,10.488696063939388,25.612785756038992,19.13894023413432
2017-10-27,52.47509487666034,11.889967476022925,31.88824320050601,26.23754743833017
2017-10-28,23.364663213663466,6.613257446874324,16.75042372379135,11.682331606831733
2017-10-29,78.1405361078366,25.610965821985754,44.66868788020958,39.0702680539183
2017-10-30,1.9231682604014944,6.501692917993357,7.338238553606486,0.9615841302007472
2017-10-31,7.194338569681426,6.337427499147048,9.478660793091027,3.597169284840713
2017-11-01,30.978159823727903,5.41434310899181,19.22615915914728,15.489079911863952
2017-11-02,68.60749908302472,33.2328257701392,44.736364676140106,34.30374954151236
2017-11-03,0.9067736905016346,5.004333707456773,5.4123425712634665,0.4533868452508173
2017-11-04,85.41683922394581,32.39844214853681,47.43313651943094,42.70841961197291
2017-11-05,99.98738742289576,68.75,50.00236485820704,49.99369371144788
2017-11-06,92.48143722964208,65.62467219133536,51.17449201298112,46.24071861482104
2017-11-07,97.69012684981094,95.85182656196656,51.05911903062612,48.84506342490547
2017-11-08,28.690813307810348,53.935918270004045,52.80667130720919,14.345406653905174
2017-11-09,68.70710714187054,61.9012787852801,53.724254419024994,34.35355357093527
2017-11-10,93.35474970437524,50.21057002194673,50.01399290500592,46.677374852187626
2017-11-11,94.33686359676956,61.79704899777283,50.66808297629981,47.16843179838477
2017-11-12,67.39914156311328,43.3262275623168,47.824292895190936,33.69957078155664
2017-11-13,99.92035611069711,100.0,50.03982194465144,49.96017805534856
2017-11-14,6.531048403055369,50.85786389349954,50.80183638738275,3.2655242015276844
2017-11-15,3.096602602665991,44.60872406469531,44.77567045562486,1.5483013013329956
2017-11-16,11.142196861174645,44.022017466120985,44.688096048372415,5.571098430587322
2017-11-17,8.337587204355964,41.030301198837854,41.778157658352825,4.168793602177982
2017-11-18,3.265205965234461,38.494521590416255,38.87019915777476,1.6326029826172306
2017-11-19,32.86373092652212,30.804849598812343,37.11309217759989,16.43186546326106
2017-11-20,26.592828464626887,32.35584151053202,37.04792231166314,13.296414232313444
2017-11-21,16.361428435808996,32.163446759204525,35.081761653112245,8.180714217904498
2017-11-22,3.939812487879783,36.33086411614934,36.86940243868654,1.969906243939892
2017-11-23,87.96678534675483,76.17877387856745,53.15014805439569,43.983392673377416
2017-11-24,49.47977609816262,39.98122065727699,44.938490243825306,24.73988804908131
2017-11-25,99.23181522574542,99.43560800410468,50.37975681374771,49.61590761287271
2017-11-26,25.175450395208443,41.27207359627789,43.46936837857725,12.587725197604222
2017-11-27,6.599338324917291,37.0135922988272,37.87060927928071,3.2996691624586454
2017-11-28,99.99684685572394,100.0,50.00157657213803,49.99842342786197
2017-11-29,98.36114680309323,89.08128908128909,50.64048495550107,49.180573401546624
2017-11-30,89.77664754470005,80.84072502892403,53.1529560194768,44.88832377235003
2017-12-01,47.74087455627851,57.98323777249966,54.17197024200115,23.870437278139256
2017-12-02,68.65496845425868,79.27312525946334,59.17567034700315,34.32748422712934
2017-12-03,3.988791172256568,49.614560145106765,49.62993453601311,1.994395586128284
2017-12-04,25.83670176160229,38.30561081098377,41.32705526859096,12.918350880801146
2017-12-05,17.136638835028293,38.47586483543772,40.45071425744925,8.568319417514147
2017-12-06,2.8987228046845006,39.14583494674716,39.46046710440389,1.4493614023422503
2017-12-07,4.724727259776901,37.33890427913429,37.93710652004448,2.3623636298884505
2017-12-08,93.85339620558597,50.09621552277101,50.00591398697346,46.92669810279298
2017-12-09,41.271492067509215,32.023027976972024,39.44239255943437,20.635746033754607
2017-12-10,99.82223728760114,100.0,50.08888135619942,49.91111864380057
2017-12-11,99.58495920539198,100.0,50.20752039730401,49.79247960269599
2017-12-12,81.22173552740618,80.92506199302316,55.807189929363474,40.61086776370309
2017-12-13,32.079234561843634,56.16552479492916,54.18767163399521,16.039617280921817
2017-12-14,60.02328564380859,55.83812974499215,52.33389245189935,30.011642821904296
2017-12-15,95.69828459685463,67.803134451471,50.76584017694161,47.84914229842732
2017-12-16,24.270140793852818,55.69752390496472,54.31472683146635,12.135070396926409
2017-12-17,40.20610810789435,47.96005423101088,48.78023703223306,20.103054053947176
2017-12-18,77.26531240989505,49.585642558070845,49.90579713007106,38.63265620494752
2017-12-19,3.443758410512151,53.52087850827393,53.399627958521336,1.7218792052560754
2017-12-20,7.403757485089188,51.81268753045366,51.67848054173643,3.701878742544594
2017-12-21,9.441608294748509,48.25723675010488,48.42178162966481,4.7208041473742535
2017-12-22,71.41093745686578,53.08788434745424,50.88279718735335,35.70546872843289
2017-12-23,42.47945059246344,52.38615664845173,51.3725304139139,21.23972529623172
2017-12-24,1.960334202745972,45.92423337155037,46.00413201879198,0.980167101372986
2017-12-25,6.579317058499965,47.1151117229694,47.304917669498735,3.2896585292499827
2017-12-26,79.2980490844976,56.26857709016081,51.29771775230552,39.6490245422488
2017-12-27,98.54363000713404,100.0,50.72818499643298,49.27181500356702
2017-12-28,89.72132439889633,96.85163170610116,54.81572723689398,44.86066219944816
2017-12-29,3.3219080488886075,73.93628998251884,73.14114843898423,1.6609540244443035
2017-12-30,89.98111727394932,97.48967145386582,54.75793448994958,44.99055863697466
2017-12-31,3.2193843827798165,65.3709467003104,64.87609684275519,1.6096921913899085
2018-01-01,99.68783871667029,100.0,50.15608064166486,49.84391935833514
2018-01-02,21.745821382652554,68.95003715743123,64.82919592522994,10.872910691326275
2018-01-03,74.51229370822406,79.11128989834914,57.419800067038665,37.25614685411203
2018-01-04,88.90178797068486,35.3518821603928,48.37432082385646,44.45089398534243
2018-01-05,83.67318777154843,90.90579797638308,56.67861282615381,41.83659388577421
2018-01-06,93.0063975970578,84.96223650095817,52.44511981205334,46.503198798528906
2018-01-07,98.68787197981948,73.92610393511565,50.313941113870165,49.34393598990974
2018-01-08,76.04985504959868,71.3629327097263,55.11645334963614,38.02492752479934
2018-01-09,79.91405052691451,64.27082513962085,52.86643072693663,39.95702526345725
2018-01-10,67.82099999209991,84.80328975633708,61.1993506134412,33.91049999604996
2018-01-11,23.07856389513227,70.93800710720375,66.1058157586004,11.539281947566137
2018-01-12,8.095744975525596,63.81074168797954,62.69265926169212,4.047872487762798
2018-01-13,20.533097034262045,61.383797453231246,59.04635127597543,10.266548517131024
2018-01-14,79.45947438598152,85.79192993911924,57.35185053689633,39.72973719299076
2018-01-15,29.965290254814548,69.74368226975946,63.82743057063769,14.982645127407274
2018-01-16,88.2740676496097,75.07396449704143,52.94015611448395,44.13703382480485
2018-01-17,89.29141807083059,38.764913831197525,48.79688159280101,44.645709035415294
2018-01-18,40.51281037482208,49.53175368050248,49.72145342400759,20.25640518741104
2018-01-19,64.28201816235519,46.0043793683093,48.57284494847153,32.14100908117759
2018-01-20,20.19399271340583,56.47107224998017,55.16430439133995,10.096996356702917
2018-01-21,66.66877402886823,39.849445794558704,46.61669584046215,33.334387014434114
2018-01-22,46.79330315668795,47.854579497581526,48.858492617263934,23.39665157834397
2018-01-23,3.234705104762809,57.508394923372045,57.26552048949998,1.6173525523814043
2018-01-24,3.3011307193939943,58.5720132607539,58.28903989773262,1.6505653596969971
2018-01-25,48.31847777988495,77.24221760136994,64.0791927429041,24.159238889942475
2018-01-26,97.7480922048436,98.26711009977244,51.0869308148335,48.8740461024218
2018-01-27,2.6755323359455394,57.46197641317609,57.26232882134094,1.3377661679727697
2018-01-28,26.05607343571409,53.5094803840291,52.59504759795449,13.028036717857043
2018-01-29,2.760605077138628,54.96831334177226,54.83115783141114,1.380302538569314
2018-01-30,4.647097442712165,57.72762716926037,57.36851680469535,2.3235487213560826
2018-01-31,25.96129531877233,68.17049026356936,63.45319562537534,12.980647659386165
2018-02-01,99.89870524013163,96.49805447470816,50.04710009262361,49.949352620065824
2018-02-02,99.3236505527856,99.18414918414918,50.33265672112409,49.6618252763928
2018-02-03,88.80371303624311,95.81939210368752,55.13007062497783,44.40185651812156
2018-02-04,32.909515733042355,78.6538438873764,69.22400262513887,16.454757866521177
2018-02-05,79.42990794279359,85.58472187601863,57.31981004819791,39.7149539713968
2018-02-06,97.20624356856452,93.64944961896695,51.21945930601608,48.60312178428226
2018-02-07,79.42309892043056,91.3912743444257,58.51704157742568,39.71154946021528
2018-02-08,62.44558374873209,70.42311249369429,57.66978067734666,31.222791874366045
2018-02-09,82.5010452906697,87.69695466943173,56.59657302440064,41.25052264533485
2018-02-10,10.531459842750248,60.60618122633832,59.48919550963719,5.265729921375124
2018-02-11,15.465641792107045,62.83215229542319,60.84757758719539,7.732820896053521
2018-02-12,89.38362654369729,62.75195239866122,51.35379488961183,44.691813271848645
2018-02-13,53.348016575983806,62.62788076046143,55.891156839175,26.674008287991903
2018-02-14,4.493176925025329,60.70661948134827,60.22531186676798,2.2465884625126646
2018-02-15,98.7366221889351,70.42121684867395,50.2579971224156,49.36831109446755
2018-02-16,16.75107221422128,55.4151418658809,54.508047541424666,8.37553610711064
2018-02-17,93.24991222637313,65.21535854128922,51.027050056609056,46.62495611318656
2018-02-18,76.94946802217824,57.05707246971874,51.62669274633057,38.47473401108912
2018-02-19,58.99521002501519,70.36295754589894,58.34951034934464,29.497605012507595
2018-02-20,51.71367023063696,72.59786185556884,60.91167809640506,25.85683511531848
2018-02-21,33.9365711441371,69.16563514701397,62.66147574012183,16.96828557206855
2018-02-22,99.4816855664211,95.66539923954372,50.23669035540998,49.74084278321055
2018-02-23,73.86188370524356,72.29675686280427,55.82795223875887,36.93094185262178
2018-02-24,19.53776026210204,55.9161835071724,54.76029375687504,9.76888013105102
2018-02-25,85.77133216124379,88.11192685967586,55.42281947981299,42.885666080621895
2018-02-26,30.82535502010891,63.88831721204637,59.60719412511418,15.412677510054454
2018-02-27,69.74482540685733,60.68752121576103,53.23352820350766,34.872412703428665
2018-02-28,27.159547222310053,67.47170343682514,62.72646789135865,13.579773611155026
2018-03-01,96.62498817445052,95.88881102546134,51.54875279871338,48.31249408722525
2018-03-02,99.834850162982,100.0,50.082574918509,49.91742508149101
2018-03-03,94.26227892028314,81.5807560137457,51.81201569493463,47.13113946014157
2018-03-04,14.804058117818366,61.345111535299765,59.66533189832547,7.402029058909183
2018-03-05,100.0,-1.0,50.0,50.0
2018-03-06,98.53465846148994,100.0,50.73267076925503,49.26732923074497
2018-03-07,99.74617188577734,100.0,50.12691405711133,49.87308594288867
2018-03-08,10.689496885709085,69.96411006247507,67.82921655995504,5.344748442854542
2018-03-09,30.24809537748313,64.90279920152436,60.39472955546941,15.124047688741566
2018-03-10,99.60033896300968,100.0,50.19983051849516,49.80016948150484
2018-03-11,99.68429142935972,99.625468164794,50.15667185621662,49.84214571467986
2018-03-12,98.88887136458268,69.19801277501774,50.21331461737429,49.444435682291335
2018-03-13,89.30746895169563,65.22894144559643,51.62835929239849,44.65373447584781
2018-03-14,32.92983476337973,47.35413999964608,48.222232771204446,16.464917381689865
2018-03-15,100.0,-1.0,50.0,50.0
2018-03-16,23.66269711004149,59.51949770386322,57.19701314264696,11.831348555020744
2018-03-17,99.96649784206689,100.0,50.01675107896656,49.98324892103344
2018-03-18,99.08085844352917,70.39274924471299,50.18327651104586,49.540429221764576
2018-03-19,99.46946465594034,67.3848439821694,50.09223274183504,49.73473232797017
2018-03-20,44.02075883674567,58.3206106870229,54.64858707002943,22.010379418372835
2018-03-21,21.62247712048493,57.70469785102601,56.02939023569956,10.811238560242463
2018-03-22,4.048770449634736,58.15322544048911,57.80885181286457,2.024385224817368
2018-03-23,13.869707845783092,53.13307166953148,52.68233422632356,6.934853922891547
2018-03-24,40.53190775317143,65.73008717359696,59.3543827509012,20.26595387658572
2018-03-25,12.116116575534331,58.35415850545057,57.33364721894708,6.058058287767166
2018-03-26,68.78590563189961,42.52857558765079,47.66786253328803,34.392952815949805
2018-03-27,70.33593222080401,40.34262725298733,47.13523040263656,35.167966110402006
2018-03-28,55.04438074528022,34.71821571800464,43.12997924285856,27.52219037264011
2018-03-29,99.83839689722043,88.53658536585365,50.06227631765652,49.91919844861022
2018-03-30,95.4785922527349,47.1163074775325,49.869616502881854,47.73929612636745
2018-03-31,97.81347313650518,37.02902469803497,49.716386140565255,48.90673656825259
2018-04-01,42.94214392459813,46.16286735366573,47.77119294056251,21.471071962299064
2018-04-02,9.56187596709024,52.71161445319167,52.4498300295618,4.78093798354512
2018-04-03,98.5222412739707,95.38543611629768,50.67068724255503,49.26112063698535
2018-04-04,99.68586800149777,77.03889585947302,50.0849378239363,49.84293400074888
2018-04-05,61.64824955027972,49.947911831750055,49.96935971692332,30.82412477513986
2018-04-06,34.79279884591823,49.60541628279106,49.74270300179831,17.396399422959114
2018-04-07,22.47029395842142,56.40803469946331,54.96813046553625,11.23514697921071
2018-04-08,37.41890052853119,45.19565079967128,46.99338544798557,18.709450264265595
2018-04-09,99.98147527737817,100.0,50.00926236131093,49.99073763868908
2018-04-10,88.14396584717241,32.02768810942128,47.86919656420029,44.071982923586205
2018-04-11,97.45053212455656,56.88002473716759,50.17540402049665,48.72526606227828
2018-04-12,99.9724099875845,100.0,50.01379500620775,49.98620499379225
2018-04-13,88.69251819780601,29.90305481936113,47.72754158090236,44.346259098903005
2018-04-14,8.936222400689958,46.39609698454694,46.718149773113,4.468111200344979
2018-04-15,96.9442090534655,90.8293563781762,51.247659775732615,48.47210452673275
2018-04-16,65.31576408820995,27.00527749598204,42.02445619944493,32.65788204410497
2018-04-17,37.82872102311824,42.46477753395032,45.315255819103584,18.91436051155912
2018-04-18,5.173041605978089,43.703722254221866,44.02943132163891,2.5865208029890443
2018-04-19,1.8855154890110544,42.23413567622298,42.380562250903374,0.9427577445055272
2018-04-20,2.830547112462006,40.8178559791463,41.07776089159068,1.415273556231003
2018-04-21,2.050606157755376,39.44099629863098,39.65751987872887,1.0253030788776878
2018-04-22,10.84695452566589,37.289745763840486,38.66842126093324,5.423477262832945
2018-04-23,29.681572003338964,29.21415953101617,35.383723736316774,14.840786001669482
2018-04-24,29.05983582237168,34.09175826320691,38.714667194144994,14.52991791118584
2018-04-25,41.95352959096071,34.98977644492911,41.28709502577513,20.976764795480356
2018-04-26,53.35369109730193,21.367456138119344,36.64397514348664,26.676845548650967
2018-04-27,87.98706299091329,26.722550953320184,47.2036947087001,43.99353149545664
2018-04-28,41.99205928644305,22.0373993605432,33.7794711990952,20.99602964322153
2018-04-29,96.38054008019589,22.93028322440087,49.02022245090269,48.190270040097936
2018-04-30,27.498130334482173,23.428524625969203,30.72721085474381,13.749065167241088
2018-05-01,98.82181766563754,44.37751004016064,49.933756816541866,49.41090883281877
2018-05-02,99.81908834716118,92.81045751633988,50.07744910628067,49.90954417358059
2018-05-03,81.16760754383752,24.810031190471207,45.25612621420462,40.58380377191876
2018-05-04,99.71739944425832,43.09623430962343,49.98048991979189,49.85869972212916
2018-05-05,97.83326763894364,20.774968164453337,49.36677177769018,48.91663381947182
2018-05-06,35.88474924853662,26.59630248783226,34.99466065495966,17.94237462426831
2018-05-07,83.28389178612849,40.77640117994101,48.458173240025566,41.641945893064246
2018-05-08,43.46993973712098,24.799944040290992,35.75439317969726,21.73496986856049
2018-05-09,91.63141111654852,35.684979957557175,48.802034824064286,45.81570555827427
2018-05-10,73.94853866702442,18.416309467912697,41.77198707350661,36.97426933351221
2018-05-11,95.81394614604424,41.60460073536344,49.64856406552771,47.90697307302212
2018-05-12,79.71781305114638,15.527672405408037,43.00825807164361,39.85890652557319
2018-05-13,92.1192930432108,17.533149862396797,47.441382682555584,46.0596465216054
2018-05-14,99.5309679402792,71.5126050420168,50.10090101452816,49.765483970139606
2018-05-15,99.65827798908224,25.49019607843137,49.916244605167215,49.82913899454112
2018-05-16,69.07031073971152,10.8377532110678,37.88723876083597,34.53515536985576
2018-05-17,74.73615192593294,14.96982583408899,41.15003001864316,37.36807596296647
2018-05-18,58.47403020947396,17.441716564966157,36.479857056454,29.23701510473698
2018-05-19,99.61523298904044,32.37704918032787,49.93219269888828,49.80761649452023
2018-05-20,92.2594423040485,14.172063848232956,47.22671793090381,46.12972115202425
2018-05-21,73.81666850924712,13.870374279940886,40.54006033134861,36.90833425462356
2018-05-22,100.0,-1.0,50.0,50.0
2018-05-23,85.44839455878986,13.908254889726829,44.7480716547058,42.72419727939493
2018-05-24,85.9835421185078,22.547914317925592,46.152189972780896,42.9917710592539
2018-05-25,21.52705226833824,17.6633148090248,24.624449931934024,10.76352613416912
2018-05-26,47.64325213800306,15.731975430829324,32.058376779032145,23.82162606900153
2018-05-27,86.44165391471707,29.440339752167084,47.21245010964047,43.22082695735853
2018-05-28,96.46782408502452,12.254464285714285,48.666761278521534,48.23391204251226
2018-05-29,87.7258542366186,23.68692070030896,46.770294291921786,43.8629271183093
2018-05-30,17.66891851781495,14.345182301055113,20.64500298795715,8.834459258907476
2018-05-31,62.43656427363129,14.696969696969695,36.73896890266074,31.218282136815645
2018-06-01,47.97395851862392,16.796590080233408,32.7255801819109,23.98697925931196
2018-06-02,67.94591307232389,19.384486497141733,40.18647668843939,33.972956536161945
2018-06-03,81.35837979238427,12.50238110356213,43.0098362984269,40.679189896192135
2018-06-04,56.66789060371682,13.744624243749543,34.28978091526802,28.33394530185841
2018-06-05,40.27946416918142,12.89884634233566,27.84299223622751,20.13973208459071
2018-06-06,76.68922119757453,11.94262392250504,41.12852924456797,38.34461059878726
2018-06-07,97.13547215974113,14.161730265876844,48.97340278599898,48.56773607987056
2018-06-08,61.57431198463084,11.884946557346693,35.35402847723482,30.78715599231542
2018-06-09,59.583552415704354,8.51681942230004,33.23397206551518,29.791776207852177
2018-06-10,31.151808639850607,14.008159981611309,25.22026911010092,15.575904319925304
2018-06-11,61.163617685408354,10.264418919331373,34.56813781658698,30.581808842704177
2018-06-12,90.53373337017884,20.563826681679803,47.21349334807153,45.26686668508942
2018-06-13,99.51479653775206,53.53371242891958,50.017145695051,49.75739826887603
2018-06-14,40.16596394358175,10.001586504138132,26.06733484689075,20.08298197179088
2018-06-15,0.9463460198847444,7.05931712384872,7.465684567158508,0.4731730099423722
2018-06-16,12.31404860558715,9.01787688822093,14.06443544780697,6.157024302793575
2018-06-17,49.11407320709058,12.090294506177637,30.70929501500599,24.55703660354529
2018-06-18,55.17577816400695,9.653057447764745,31.914796966345392,27.587889082003475
2018-06-19,2.9355655822053355,7.76739805009725,9.007163777408374,1.4677827911026675
2018-06-20,23.24799309998299,13.773692865206478,22.19558224828192,11.623996549991494
2018-06-21,26.210526315789476,18.49345188935248,26.75148397309062,13.105263157894736
2018-06-22,14.289387286895296,7.689964695295013,13.73580950120644,7.144693643447648
2018-06-23,11.326814758559586,6.440360424658756,11.374280108853869,5.663407379279793
2018-06-24,73.24191543515578,11.244820009143329,39.62985616478898,36.62095771757789
2018-06-25,38.25419182287917,10.32005894979656,25.49929971434676,19.127095911439586
2018-06-26,13.901442897509162,7.391098506612,13.31435061697126,6.950721448754581
2018-06-27,28.959111336160515,8.445261164940417,20.47914424963605,14.479555668080256
2018-06-28,99.99369371144788,100.0,50.003153144276055,49.996846855723945
2018-06-29,60.77400860009556,8.935887498615878,33.89219476175998,30.387004300047774
2018-06-30,19.792767023132708,11.213874543113782,18.89072199209524,9.896383511566354
2018-07-01,11.698031067576926,12.824661500468364,17.17344414762046,5.849015533788463
2018-07-02,37.22371435342444,18.246852526472757,30.066553440240146,18.61185717671222
2018-07-03,38.920734384828094,15.984015336986229,29.22328637606168,19.460367192414047
2018-07-04,51.39334057899417,7.957751632286339,29.56466752297204,25.696670289497085
2018-07-05,85.87019589423369,14.218671434158331,44.944168367205975,42.93509794711685
2018-07-06,85.95746192372509,8.094435075885329,44.115395089453095,42.97873096186255
2018-07-07,48.79256280373757,13.973080873211376,31.55153801440146,24.396281401868787
2018-07-08,26.08387706893209,6.85952271340321,18.112231775789684,13.041938534466045
2018-07-09,37.12891065375016,10.849377123442808,25.3855769116664,18.56445532687508
2018-07-10,81.3067787521292,16.617098019363414,43.75966027379976,40.6533893760646
2018-07-11,56.004728038931205,16.020307305238564,35.050541787404285,28.0023640194656
2018-07-12,48.14706602335811,16.613112007918982,32.68791901261085,24.073533011679054
2018-07-13,14.45547140245495,9.561806432513196,15.407337939330626,7.227735701227475
2018-07-14,40.58751171740583,14.66860170958379,29.00873713062979,20.29375585870292
2018-07-15,58.26073207368171,10.550988711266005,33.53427148391177,29.13036603684085
2018-07-16,62.05842994682804,8.900610714025614,34.40624642263618,31.02921497341402
2018-07-17,53.25976586422021,9.372781065088756,31.010742746966624,26.629882932110107
2018-07-18,13.60338046892928,8.914473081643495,14.503493626011885,6.80169023446464
2018-07-19,2.1808308530175418,4.8032337161030325,5.788898739788487,1.0904154265087709
2018-07-20,43.032004269871706,9.42245232212753,26.88378437147884,21.516002134935853
2018-07-21,99.32442818797766,28.58809801633605,49.85534722578052,49.66221409398883
2018-07-22,50.7997311827957,7.432285849731232,29.05657020872865,25.39986559139785
2018-07-23,52.50133417666476,8.954267404602389,30.503824639772297,26.25066708833238
2018-07-24,12.388196742072852,8.537136249062673,13.673637385426396,6.194098371036426
2018-07-25,31.735458734647864,11.798381068819062,23.92184008069141,15.867729367323932
2018-07-26,31.5234113910784,9.671885919568444,22.384683227406292,15.7617056955392
2018-07-27,47.90349805707419,11.467660181503629,29.925998837802258,23.95174902853709
2018-07-28,18.805552149302027,9.16146193645195,16.841374509005036,9.402776074651014
2018-07-29,20.675205659951803,8.445568458438087,17.037032640479893,10.337602829975902
2018-07-30,18.293681724122923,9.274261889427477,16.724498799175446,9.14684086206146
2018-07-31,2.836177690529716,6.369094656575614,7.606544660101953,1.4180888452648577
2018-08-01,11.49965177751749,8.099226026264136,12.917669125328436,5.749825888758745
2018-08-02,39.1117585979541,7.899002736315182,24.36544315341885,19.55587929897705
2018-08-03,26.89052689052689,10.961024342197836,21.45881058924537,13.445263445263445
2018-08-04,13.277221806727844,11.970815575977149,17.02003474324426,6.638610903363921
2018-08-05,14.451008867907357,8.884314723160184,14.825946048617183,7.225504433953677
2018-08-06,16.307504807730353,18.1555133187711,23.348554515309555,8.153752403865177
2018-08-07,30.93014701519988,6.362022561988204,19.859313138025005,15.46507350759994
2018-08-08,32.21546000632311,15.595084012546495,26.678785962693645,16.107730003161556
2018-08-09,38.29312574907145,12.330532105151825,26.75534881513213,19.146562874535725
2018-08-10,64.44329412136611,13.734816576464445,37.10529539374637,32.221647060683054
2018-08-11,31.41587844119265,9.941800437217726,22.52643571759177,15.707939220596325
2018-08-12,65.91330414546603,16.85142328164777,38.70074547390841,32.956652072733014
2018-08-13,43.91503836721778,14.88497397633186,30.305751127284235,21.95751918360889
2018-08-14,79.48943523062599,12.0520859379508,42.21666850767701,39.74471761531299
2018-08-15,46.03579044823125,13.52185580010851,30.314857823374176,23.017895224115627
2018-08-16,21.887588340970428,9.848481010734494,18.6366801997515,10.943794170485214
2018-08-17,20.1490322401928,12.897646458288936,20.37341163527861,10.0745161200964
2018-08-18,35.53431626585859,7.816172364488791,22.805907089536,17.767158132929296
2018-08-19,24.656336311620063,9.730209498600368,19.659264476610293,12.328168155810031
2018-08-20,23.964309737664703,10.042931855436734,19.618367427689627,11.982154868832351
2018-08-21,18.12231912502572,7.73398157724316,15.393564317257317,9.06115956251286
2018-08-22,44.210176676209606,15.559083692447269,30.78547364092182,22.105088338104803
2018-08-23,47.307162344097314,6.596634247950728,27.12953494707501,23.653581172048657
2018-08-24,86.10572145189532,24.205267938237967,46.41600807660152,43.05286072594766
2018-08-25,88.4482058279535,20.275160453366105,46.566247717601776,44.22410291397675
2018-08-26,37.71510629712559,8.33560926037664,24.04937851587534,18.857553148562797
2018-08-27,0.67958014058641,5.894659658323338,6.194390792223419,0.339790070293205
2018-08-28,0.0641188018491545,3.0420524844154717,3.072161357735419,0.0320594009245772
2018-08-29,2.3984421999176773,3.937892329402605,5.04266535794573,1.1992210999588386
2018-08-30,80.77821011673151,20.499804763764157,44.32953445653677,40.38910505836576
2018-08-31,99.97477484579152,100.0,50.01261257710424,49.987387422895765
2018-09-01,87.37626401222455,13.52475681085984,45.3954615989039,43.68813200611228
2018-09-02,94.5430966862044,33.03236058942502,49.07409232273145,47.27154834310221
2018-09-03,87.00833997427785,17.327138562448756,45.755252921358064,43.50416998713892
2018-09-04,40.03101768878656,6.353206621057285,23.82546219916996,20.01550884439328
2018-09-05,20.709906957784717,8.685756497347155,17.241897887059178,10.354953478892355
2018-09-06,47.47727551290719,12.604542272340618,30.358886767014205,23.7386377564536
2018-09-07,99.73277102260413,28.466076696165192,49.942455116961945,49.866385511302056
2018-09-08,11.513786702866572,7.643383323120687,12.520233821847382,5.756893351433287
2018-09-09,1.81313723006776,5.508414793913132,6.315108289532012,0.90656861503388
2018-09-10,10.692505866849237,6.855524832500266,11.468750371006486,5.346252933424617
2018-09-11,4.135515405774445,3.295405753542293,5.226881443808996,2.0677577028872225
2018-09-12,0.0759926540434424,2.8376322960897395,2.873472231017669,0.0379963270217212
2018-09-13,16.011569384654344,7.918725767775794,14.65659818941504,8.005784692327172
2018-09-14,66.9363408323293,18.97035806879413,39.740464950917456,33.46817041616465
2018-09-15,20.708064062939027,9.046625607650151,17.527276612753226,10.354032031469512
2018-09-16,34.68086705133732,17.78777457557337,28.95925364929585,17.340433525668658
2018-09-17,10.501215042783754,8.136362229307531,12.53255285633999,5.250607521391877
2018-09-18,81.27944986179513,22.16652273732544,44.78941993383516,40.639724930897565
2018-09-19,8.56438425555828,5.768140405548702,9.556326824596535,4.28219212777914
2018-09-20,2.549966359282859,4.30253384072421,5.467803854830411,1.2749831796414297
2018-09-21,2.052940291773199,7.473482169916153,8.346526189138057,1.0264701458865997
2018-09-22,99.17567146703672,25.01195600191296,49.79401642349435,49.58783573351836
2018-09-23,14.712839174115972,6.864759325303887,13.211177913139782,7.356419587057986
2018-09-24,5.334066864825713,3.297070849813113,5.788236318516262,2.6670334324128566
2018-09-25,0.5074092837692357,2.2822567170829124,2.5243809765056047,0.2537046418846178
2018-09-26,0.0716389082388702,2.608179027626498,2.642130010765626,0.0358194541194351
2018-09-27,0.0146444177062883,2.120188901072366,2.1272006206066747,0.0073222088531441
2018-09-28,0.0063327211702868,2.15880303989867,2.161832689506681,0.0031663605851434
2018-09-29,18.490257043172807,7.360170828176943,15.24438484481681,9.245128521586404
2018-09-30,1.673361961490511,3.3135161026739177,4.094749965369164,0.8366809807452555
2018-10-01,93.37390714798144,100.0,53.313046426009294,46.68695357399071
2018-10-02,11.64963630751209,7.766664128394753,12.686694157966803,5.824818153756045
2018-10-03,37.30536956547533,3.4877999545810097,20.839348074557744,18.652684782737666
2018-10-04,0.1543600785257425,3.8598146401021145,3.931036666455576,0.0771800392628712
2018-10-05,0.0767842441897283,3.414375232708289,3.450145652586917,0.0383921220948641
2018-10-06,91.06319051787362,20.035296712993603,47.322111555355775,45.53159525893681
2018-10-07,71.48445062564946,9.736462894197196,38.51863119673485,35.74222531282473
2018-10-08,49.28046885195335,10.252931636726546,29.840473281054123,24.64023442597668
2018-10-09,10.503548148353364,7.998124955777258,12.40981212425841,5.251774074176683
2018-10-10,22.406616017727128,7.421440737605433,16.961855017410574,11.203308008863564
2018-10-11,73.0416909943034,12.427013975268896,39.87095832478579,36.5208454971517
2018-10-12,6.446378463523423,5.270305142968343,8.153750559031776,3.223189231761712
2018-10-13,0.8612500791590146,3.631028425423188,4.030381229814451,0.4306250395795073
2018-10-14,0.2176872902286112,3.126462678397182,3.228500411626876,0.1088436451143056
2018-10-15,85.80332929375865,15.938160382604828,45.16435279303035,42.901664646879325
2018-10-16,66.8482570088481,25.83174678724417,41.98780280945637,33.42412850442405
2018-10-17,47.100144518941455,8.55110434347732,28.07359409920475,23.550072259470728
2018-10-18,91.24589078353004,17.727047593318023,47.174790498939686,45.622945391765015
2018-10-19,0.6950161484389842,3.556396970904743,3.879187511873852,0.3475080742194921
2018-10-20,0.1650465455006016,2.519039482395665,2.597405167500475,0.0825232727503008
2018-10-21,0.5264074472800963,2.4199645082482517,2.6704293584953454,0.2632037236400481
2018-10-22,0.0637230067760116,2.533515515158716,2.563762586283326,0.0318615033880058
2018-10-23,59.23215238396333,6.330880856137494,32.19704005216463,29.616076191981666
2018-10-24,25.93503586709797,3.566051234956806,15.608712501680651,12.967517933548985
2018-10-25,1.6967734785637387,4.331861061565654,5.106745931226648,0.8483867392818694
2018-10-26,40.03333083220453,10.51255540116038,26.32069473459733,20.016665416102267
2018-10-27,100.0,-1.0,50.0,50.0
2018-10-28,100.0,-1.0,50.0,50.0
2018-10-29,97.79472626226794,100.0,51.10263686886603,48.89736313113397
2018-10-30,99.99960585696547,100.0,50.00019707151725,49.99980292848274
2018-10-31,68.13688933082378,23.171230077646097,41.45151934846172,34.06844466541189
2018-11-01,99.82894192302386,100.0,50.08552903848806,49.91447096151193
2018-11-02,99.62397420636484,100.0,50.18801289681758,49.811987103182425
2018-11-03,93.05347483954394,47.12826333711691,49.80051409017079,46.52673741977197
2018-11-04,51.399437856274375,21.94975347851161,36.3674225078558,25.699718928137187
2018-11-05,96.76982858946288,61.24816805080607,50.36333510858631,48.384914294731445
2018-11-06,97.2492757621741,74.92477432296891,50.68561180852531,48.62463788108705
2018-11-07,99.19713063870878,47.17722140402552,49.97733677551584,49.59856531935439
2018-11-08,57.956916171450246,27.527583031032083,40.55190289543558,28.978458085725123
2018-11-09,99.15481409063672,58.48880597014925,50.07174619193289,49.57740704531836
2018-11-10,65.3694670707836,33.5517543959613,44.303884889815,32.6847335353918
2018-11-11,96.81569332277022,93.30362668647108,51.37892027605996,48.40784666138511
2018-11-12,33.914918023060345,26.39684449312576,34.40183533413761,16.957459011530172
2018-11-13,46.44575578756241,33.49646587114986,41.16165702895261,23.22287789378121
2018-11-14,5.70346718577516,20.39852974497117,22.08683988747374,2.85173359288758
2018-11-15,5.591878735109035,18.18555300765906,19.96457830371631,2.7959393675545177
2018-11-16,52.71283269286915,35.32017854908014,43.05832827011544,26.35641634643457
2018-11-17,8.565787495350916,16.33007196361575,19.214166449050005,4.282893747675458
2018-11-18,4.3404955930137294,16.378982209350433,17.83830100487994,2.1702477965068647
2018-11-19,99.88333366178588,87.83783783783784,50.04414401986481,49.941666830892935
2018-11-20,93.44356005503452,59.882147796284045,50.6479170855361,46.721780027517255
2018-11-21,38.03156484310463,36.88433621206516,41.87242839017719,19.015782421552316
2018-11-22,72.69856432888197,41.76221390049593,47.75096612731959,36.349282164440986
2018-11-23,98.0710183714413,99.93870044953005,50.9633083572124,49.03550918572065
2018-11-24,91.8337176985394,82.31716147719044,52.63911063804624,45.9168588492697
2018-11-25,100.0,-1.0,50.0,50.0
2018-11-26,65.64803270150408,45.29248934679485,48.38287747983775,32.82401635075204
2018-11-27,65.2415313848537,51.8764851006742,50.652237484785736,32.62076569242685
2018-11-28,15.13072244579777,38.93245801355875,40.60705707309931,7.565361222898885
2018-11-29,57.28734797890343,42.0209278055358,46.59192665906644,28.64367398945172
2018-11-30,93.8533206584122,75.81338638259642,51.586666088143296,46.92666032920609
2018-12-01,9.301267185360487,28.542256624618755,30.53809866791196,4.650633592680244
2018-12-02,87.05770057546749,45.89339591015756,49.46851100251249,43.52885028773375
2018-12-03,8.059332900631638,31.376338716897965,32.8772815779892,4.029666450315819
2018-12-04,14.505749217813676,25.85914945591828,29.360960694889982,7.252874608906838
2018-12-05,39.57646351782,28.47234036984204,36.99222672961197,19.78823175891
2018-12-06,60.16589475680888,34.78834535371673,43.94057347896874,30.08294737840444
2018-12-07,32.3488818144069,26.527772906363627,34.12077590809325,16.17444090720345
2018-12-08,7.573330168713779,32.62615022469505,33.94192923119524,3.7866650843568896
2018-12-09,62.449418310571566,33.08637817814447,43.64883662114315,31.224709155285783
2018-12-10,41.23185454372902,28.311700545698,37.254188629704174,20.61592727186451
2018-12-11,30.147431230413723,31.732724584647976,37.2398388781615,15.07371561520686
2018-12-12,13.689755340789464,37.8018864031327,39.4717783107354,6.844877670394732
2018-12-13,38.74035308404635,38.08413779743648,42.70038488771801,19.370176542023174
2018-12-14,11.093566348882216,41.2908682201598,42.25702153256796,5.546783174441107
2018-12-15,4.39056823308717,37.80424200278164,38.3397050791917,2.195284116543585
2018-12-16,42.76070616472966,45.0701408334138,47.17818342597271,21.38035308236483
2018-12-17,56.978724244878606,50.86280524203547,50.371189822405725,28.489362122439303
2018-12-18,2.702060880475265,35.449819388850926,35.84297412718328,1.3510304402376323
2018-12-19,100.0,-1.0,50.0,50.0
2018-12-20,38.04015092190503,54.37467685413914,52.71054317647896,19.02007546095252
2018-12-21,77.14809413063188,78.03287737394994,56.40604674997044,38.57404706531594
2018-12-22,15.653986574951247,39.26775966534731,40.94778312652535,7.826993287475624
2018-12-23,42.86646290592343,34.160570807698434,40.95037384692639,21.433231452961717
2018-12-24,65.38915956391685,30.287704075807746,43.17740871138929,32.694579781958424
2018-12-25,19.05076590070001,35.87008593803467,38.561942787949775,9.525382950350007
2018-12-26,4.739006368015071,33.59853756829182,34.37580391737807,2.369503184007536
2018-12-27,3.2298662698428404,33.29120861143829,33.83088022859585,1.6149331349214202
2018-12-28,81.90647439461513,75.80690857578729,54.66937961111834,40.953237197307566
2018-12-29,6.138674201501427,30.16809946833853,31.385515229943056,3.069337100750713
2018-12-30,67.16316457146922,18.92044770730533,39.79445856172369,33.58158228573461
2018-12-31,41.31185270425777,23.900680547132943,34.68279295631508,20.655926352128883
2019-01-01,4.510212885530987,32.91762511656823,33.68807658971548,2.2551064427654937
2019-01-02,60.90196140436869,23.33107541122828,39.57297357124222,30.450980702184346
2019-01-03,18.19523349844124,27.42669497468238,31.53396053235429,9.097616749220618
2019-01-04,35.46564909619517,35.077431596988426,40.36981734294021,17.732824548097586
2019-01-05,40.3292587920323,22.313605938100604,33.47932344950588,20.16462939601615
2019-01-06,46.978337037417845,19.801160518504155,33.98807311151008,23.48916851870892
2019-01-07,24.255371335208505,25.232287885514324,31.23978843011825,12.127685667604252
2019-01-08,69.03489915913258,17.816854678168546,40.03445659733199,34.51744957956629
2019-01-09,66.16691950317626,28.21078688945715,42.62803798868557,33.08345975158813
2019-01-10,39.77560694052952,25.289325639864245,35.11814634570605,19.88780347026476
2019-01-11,8.05581608867888,32.79588173769321,34.181813864583454,4.02790804433944
2019-01-12,93.98428077035264,71.5633599790329,51.29719119281677,46.99214038517631
2019-01-13,73.45311037106389,18.25148809523809,41.57175758581322,36.72655518553194
2019-01-14,63.39582518093386,17.948081117854134,38.26765957951406,31.69791259046693
2019-01-15,17.782973891506728,44.64548665582322,45.59767836583542,8.891486945753364
2019-01-16,4.994538460320727,44.58209751058087,44.852696734157576,2.4972692301603634
2019-01-17,93.9478074309535,69.28189756288283,51.166977571471946,46.97390371547675
2019-01-18,11.355289610739106,44.57321945971044,45.18944610659955,5.677644805369553
2019-01-19,63.60116357550808,63.53788264891183,54.92763176071709,31.80058178775404
2019-01-20,6.492822909699658,47.48151502710847,47.64503579640572,3.246411454849829
2019-01-21,12.447427505296778,47.455010067992816,47.77179584479651,6.223713752648389
2019-01-22,11.690701576647882,45.83884166043012,46.32531026404103,5.845350788323941
2019-01-23,66.6699556772928,67.28637741568775,55.761557254439175,33.3349778386464
2019-01-24,3.3796540000554107,44.74643617892839,44.9239884587527,1.6898270000277054
2019-01-25,5.89622641509434,42.41896688028797,42.86596175762948,2.94811320754717
2019-01-26,31.178514808035203,33.959500215424384,38.96068981604115,15.589257404017602
2019-01-27,78.5235799556569,72.73595650097359,54.882869519248224,39.26178997782845
2019-01-28,86.60561164749991,76.22075055187638,53.51210915785863,43.30280582374996
2019-01-29,22.544198687390963,54.11712429517039,53.188951613860326,11.272099343695482
2019-01-30,99.24836923319472,100.0,50.37581538340263,49.62418461659736
2019-01-31,90.50719319428332,71.62274503283732,52.05260541205995,45.25359659714166
2019-02-01,98.2369982066492,100.0,50.881500896675405,49.1184991033246
2019-02-02,100.0,-1.0,50.0,50.0
2019-02-03,92.13775486068404,100.0,53.93112256965797,46.06887743034202
2019-02-04,1.2499208409853717,82.62831766186503,82.22048951934646,0.6249604204926857
2019-02-05,2.8874351454996616,78.87279173543615,78.03910859938024,1.4437175727498308
2019-02-06,3.7580237923747264,77.25358772975862,76.22939141859858,1.8790118961873632
2019-02-07,82.3739730995443,92.8544271241026,57.55353285293051,41.18698654977215
2019-02-08,24.830046309661757,75.03906311652646,68.8218521491875,12.415023154830877
2019-02-09,1.8602294810751336,70.97682259424013,70.58660555614925,0.9301147405375668
2019-02-10,99.61015873516416,99.89888776541962,50.19452645520373,49.80507936758208
2019-02-11,90.61650778375096,74.68790719179522,52.316587849696894,45.30825389187548
2019-02-12,14.703927062063729,64.07886801206216,62.00872152840432,7.351963531031863
2019-02-13,9.827717193460058,65.27665026965118,63.77530428451591,4.913858596730029
2019-02-14,10.538602766610744,65.85800596212195,64.18679370706847,5.269301383305372
2019-02-15,2.973302411726993,62.81299838070882,62.432029190840666,1.4866512058634964
2019-02-16,19.927308393547136,68.02625664936309,64.43410889503221,9.963654196773568
2019-02-17,3.866458767007274,58.70671343180358,58.37007194700141,1.933229383503637
2019-02-18,0.9016211766195934,56.08519917884159,56.03033373440568,0.4508105883097967
2019-02-19,4.000538206742623,55.67807998944687,55.45092623005964,2.000269103371312
2019-02-20,26.312561819980218,58.35378130956536,56.15568743818002,13.156280909990109
2019-02-21,4.466808608312292,53.98241086334244,53.80452419208029,2.233404304156146
2019-02-22,25.37569143842934,44.53316790473009,45.9204143486828,12.68784571921467
2019-02-23,13.014162086444522,53.37673089870262,52.937277666322416,6.507081043222261
2019-02-24,72.04409767192091,67.76553672316385,54.96651609438671,36.022048835960454
2019-02-25,2.728953024012412,49.39942872488465,49.415818032858255,1.364476512006206
2019-02-26,78.25449269419715,65.92994161801501,53.46404661835559,39.12724634709858
2019-02-27,2.4165908101476234,46.196930614363815,46.28883523964063,1.2082954050738115
2019-02-28,3.838162367961753,44.41691532050622,44.63120317564599,1.9190811839808768
2019-03-01,91.47622769002454,27.139285052787557,48.051404709467086,45.73811384501227
2019-03-02,32.5181614340909,35.77020897551599,40.39747539259148,16.25908071704545
2019-03-03,15.105687582599336,42.03029596830576,43.23417456059131,7.552843791299669
2019-03-04,65.26687722068694,49.75164527898704,49.91373864982234,32.63343861034347
2019-03-05,8.313120001899328,43.56388212750531,44.09823481230289,4.156560000949664
2019-03-06,99.23299765484894,55.190133607399794,50.03980844648523,49.61649882742447
2019-03-07,95.51336883640076,98.58548585485856,52.17985154935019,47.75668441820038
2019-03-08,53.66221072983264,44.15433710472875,47.29124904614485,26.83110536491632
2019-03-09,84.62008716401428,26.275163482497756,46.35114082312805,42.31004358200714
2019-03-10,46.84671861841559,28.247011655843917,38.437572896527456,23.423359309207797
2019-03-11,60.40764854939261,27.17515026858638,40.9631052762657,30.203824274696306
2019-03-12,6.931472804407016,40.66112886048988,41.240383397707845,3.465736402203508
2019-03-13,82.66632960990947,16.951508522468327,44.2714834183875,41.333164804954734
2019-03-14,99.6933567191534,86.37532133676092,50.11154247876555,49.84667835957669
2019-03-15,53.3203657798916,27.50887178053883,39.501223615179946,26.6601828899458
2019-03-16,26.88163549039434,51.61849710982659,51.18056433265925,13.44081774519717
2019-03-17,42.14941674833244,51.660188935716775,50.96042898239181,21.074708374166217
2019-03-18,70.06568027694789,37.18563111410353,46.16410584720444,35.032840138473944
2019-03-19,14.045744133591864,48.12659534275104,48.3560207352301,7.022872066795932
2019-03-20,6.998757429699805,44.46080266875447,44.848477653520746,3.4993787148499025
2019-03-21,4.7261515566497,42.95904547456233,43.28994134363448,2.36307577832485
2019-03-22,2.567400699732455,41.44714661163941,41.66673262937927,1.2837003498662276
2019-03-23,2.7094843826681654,38.8435534655157,39.145835642028274,1.3547421913340827
2019-03-24,2.9215742147923,38.21068938807126,38.55512284701115,1.46078710739615
2019-03-25,31.874915959407407,28.352403675902867,35.25255681144059,15.937457979703703
2019-03-26,6.557610579548423,36.535741209754605,37.41462681133613,3.2788052897742115
2019-03-27,35.21735174629044,31.96206782848699,38.31454984908601,17.60867587314522
2019-03-28,4.777904418166564,36.81198332509009,37.44063731775656,2.388952209083282
2019-03-29,5.118929829421775,37.24889044615744,37.90161079669134,2.559464914710888
2019-03-30,4.587881977280191,35.23281467719461,35.910315711171165,2.293940988640096
2019-03-31,2.25987358955788,35.477548904878944,35.805737941734044,1.12993679477894
2019-04-01,6.180328841930314,33.98541463682108,34.97516867493718,3.090164420965157
2019-04-02,93.23331388656754,30.688570429919608,48.69325617697608,46.61665694328377
2019-04-03,98.57033615035316,24.9793217535153,49.64228840817356,49.285168075176585
2019-04-04,99.88963908037822,98.21428571428572,50.05320972910335,49.94481954018911
2019-04-05,98.4127860000394,77.9736776756891,50.44400212837239,49.2063930000197
2019-04-06,99.00360640876576,99.84177215189874,50.49662022347911,49.50180320438288
2019-04-07,90.71071852298572,60.695039674120586,50.99349233940741,45.35535926149287
2019-04-08,99.60545193687231,100.0,50.19727403156384,49.80272596843616
2019-04-09,98.9714456924114,84.78344193177463,50.35776659031684,49.4857228462057
2019-04-10,95.86049337899904,44.43808979124964,49.76976435865465,47.93024668949952
2019-04-11,99.97201540335264,100.0,50.013992298323686,49.98600770167632
2019-04-12,79.21500035534639,19.035769238075336,43.56408474616424,39.6075001776732
2019-04-13,58.83823819869642,41.96474857439088,46.68674698795181,29.41911909934821
2019-04-14,99.78715856686767,72.96296296296296,50.04887469946001,49.89357928343384
2019-04-15,82.54795169310917,34.929972622576194,47.36680085247455,41.273975846554585
2019-04-16,85.45670328283825,31.234919343906736,47.27093864096963,42.72835164141912
2019-04-17,44.880045885168414,34.711437716188485,41.57295148434565,22.440022942584207
2019-04-18,62.43497304049461,25.88578223489672,40.94148759546511,31.217486520247306
2019-04-19,31.823935193975068,38.08250174054305,41.87511866337574,15.911967596987534
2019-04-20,2.744838832246216,40.0987298602887,40.3705037679691,1.372419416123108
2019-04-21,30.980562750874974,34.19948890136713,39.09457615723805,15.490281375437489
2019-04-22,16.61220259053828,37.47580369681558,39.55634855953728,8.30610129526914
2019-04-23,99.78519204619356,25.504587155963304,49.94738190489328,49.89259602309678
2019-04-24,99.53564276816827,39.64346349745331,49.95190867378313,49.76782138408414
2019-04-25,88.241837567897,22.000805152979066,46.70780919020627,44.1209187839485
2019-04-26,98.5451205764334,52.218894636536895,50.02857728480319,49.2725602882167
2019-04-27,37.23534572008883,30.07191616917303,37.48745386578995,18.61767286004441
2019-04-28,95.88569128279607,33.538107122288345,49.32178038076595,47.94284564139804
2019-04-29,94.20509301977114,62.27544910179641,50.711350856854445,47.10254650988557
2019-04-30,84.82436189032096,29.064321398834306,46.822877179681576,42.41218094516048
2019-05-01,3.321499107485643,40.96474968834066,41.19854189672164,1.6607495537428214
2019-05-02,35.883489926519125,32.5142254745421,38.78873161495864,17.941744963259563
2019-05-03,93.2894954703503,35.687841570194514,49.038878507620375,46.64474773517515
2019-05-04,96.82748122909965,37.14108141702921,49.592048394220456,48.413740614549816
2019-05-05,99.54158635559182,92.08942390369734,50.19294366202735,49.77079317779591
2019-05-06,34.06389948253762,51.25470476649304,50.703005079676544,17.03194974126881
2019-05-07,81.6026571572835,62.27754191860715,52.25874147942439,40.80132857864175
2019-05-08,100.0,-1.0,50.0,50.0
2019-05-09,72.78296163680842,23.61944037056936,42.81999296523323,36.39148081840421
2019-05-10,71.75676637331878,19.935889360153418,41.508922994204205,35.87838318665939
2019-05-11,99.81356593577682,41.43763213530655,49.984036829596114,49.90678296788841
2019-05-12,99.9668919851014,100.0,50.0165540074493,49.9834459925507
2019-05-13,73.57017149260918,32.69331262970871,45.42561419292721,36.78508574630459
2019-05-14,37.927966403302726,29.2348369011213,37.109600525146114,18.963983201651363
2019-05-15,87.46203185773682,33.849494854121424,47.97358600721099,43.73101592886841
2019-05-16,80.05525734133249,13.997071162827517,42.81930849384276,40.027628670666246
2019-05-17,99.86559722523305,52.19941348973607,50.002956072758806,49.93279861261652
2019-05-18,97.86265319557394,99.70490593876798,51.062366218725245,48.93132659778697
2019-05-19,99.61530123568711,60.65573770491803,50.04099249127925,49.80765061784356
2019-05-20,99.98108113434364,100.0,50.00945943282817,49.99054056717183
2019-05-21,99.4217921683779,22.83571915473756,49.84293400074888,49.71089608418895
2019-05-22,67.04967373959205,20.707682346311103,40.34628631918222,33.524836869796026
2019-05-23,24.041478246076306,29.577274053085542,34.487199268868764,12.020739123038153
2019-05-24,13.809944077918892,32.191349946505404,34.65071455992528,6.904972038959446
2019-05-25,89.90622470534815,54.37333750586762,50.44143486071901,44.95311235267408
2019-05-26,92.21681641156763,19.574144486692017,47.63189980704807,46.108408205783824
2019-05-27,100.0,-1.0,50.0,50.0
2019-05-28,99.91998675642864,100.0,50.04000662178567,49.95999337821432
2019-05-29,99.77967404371046,100.0,50.11016297814477,49.88983702185523
2019-05-30,65.76504727875712,23.408524771657905,40.89642102769607,32.88252363937856
2019-05-31,32.96936753029422,19.38571951320278,29.479054163650105,16.48468376514711
2019-06-01,10.578597435491533,25.846868776277937,28.401931296501505,5.2892987177457655
2019-06-02,7.526843419651798,25.78889026796376,27.611222587654204,3.763421709825899
2019-06-03,15.671328726679809,27.258776046555283,30.822628008770053,7.835664363339903
2019-06-04,21.61582506637965,24.827474796427836,30.26872380922232,10.807912533189825
2019-06-05,20.482418821853297,24.58131976966988,29.78768031343372,10.241209410926649
2019-06-06,88.17678380415947,29.995993857247782,47.63488310591319,44.088391902079735
2019-06-07,6.496821841036642,17.880015407603057,19.966793581939505,3.248410920518321
2019-06-08,9.892632270473282,19.526892299043418,22.54148478528433,4.946316135236641
2019-06-09,63.38040391290628,19.23458066739913,38.733827705900914,31.69020195645314
2019-06-10,86.38518763953644,11.038359021902885,44.6954456882746,43.19259381976822
2019-06-11,61.822051298250045,17.081217486632674,37.432284098806,30.911025649125023
2019-06-12,79.60029227639868,16.950957424151483,43.258091909078345,39.80014613819934
2019-06-13,3.505952757900069,14.738430996152552,15.974684947121778,1.7529763789500348
2019-06-14,6.7791176738313945,11.70142308867982,14.297728684901037,3.3895588369156973
2019-06-15,83.91924281252344,14.69122160834868,44.32208108097437,41.95962140626172
2019-06-16,28.951856380305717,13.339088301634597,23.953102804256044,14.475928190152857
2019-06-17,39.85951200990377,16.552563217256914,29.884548298679363,19.929756004951884
2019-06-18,24.31203552009877,16.992131336104357,25.01701609009822,12.156017760049387
2019-06-19,31.268218403306506,16.877855654916043,27.234560088595327,15.634109201653253
2019-06-20,43.97908658029203,12.525238263325097,29.006296173255503,21.989543290146013
2019-06-21,84.8354103589432,14.946897126197417,44.684340792730346,42.4177051794716
2019-06-22,99.83367163943797,59.71563981042654,50.0161598644148,49.916835819718976
2019-06-23,47.93544612075782,8.428126661098032,28.35578960685707,23.96772306037891
2019-06-24,2.06364284018048,12.4055349449981,13.1813504314098,1.0318214200902398
2019-06-25,0.5691533151795327,10.779482361932663,11.002707238300298,0.2845766575897663
2019-06-26,0.0146444177062883,8.762207118229428,8.768246152871889,0.0073222088531441
2019-06-27,0.0067285162434298,8.255257501810883,8.258066303590653,0.0033642581217149
2019-06-28,0.3122823127097713,8.833630447815713,8.962185738711923,0.1561411563548856
2019-06-29,0.7132227218035591,10.414424326500674,10.696757646760812,0.3566113609017795
2019-06-30,0.3542365904629219,9.730657250328685,9.873305997086948,0.1771182952314609
2019-07-01,33.92296312704202,15.652611162991164,27.30426321327142,16.96148156352101
2019-07-02,23.58620471344233,10.11568176639947,19.5228787135373,11.793102356721166
2019-07-03,88.04693016888706,20.09967325654312,46.42599306462366,44.02346508444353
2019-07-04,7.216523404726853,8.773763163843736,11.748864194013075,3.6082617023634262
2019-07-05,5.7850389244426506,8.144018953842018,10.565403749569596,2.8925194622213253
2019-07-06,17.243275751556926,6.65755088185656,14.131208900776285,8.621637875778463
2019-07-07,25.56237946188624,8.665735780537402,19.231757248095104,12.78118973094312
2019-07-08,82.90993983875364,14.0416974852071,43.85470446725893,41.45496991937682
2019-07-09,52.27646454265159,14.133900986490628,32.88342952012017,26.138232271325798
2019-07-10,12.405631261573523,6.481644600436355,11.880371302407292,6.202815630786763
2019-07-11,94.31465556331004,11.776128719051252,47.82684126064105,47.15732778165502
2019-07-12,79.15285771280273,11.315749583143852,41.9354392728623,39.57642885640136
2019-07-13,50.29034489574069,11.285615452514056,30.755212965708072,25.145172447870344
2019-07-14,61.260844647338985,11.407786801616128,35.049702575047924,30.63042232366949
2019-07-15,90.75053812613837,21.96317449492797,47.40674451426724,45.375269063069176
2019-07-16,7.393892380515142,7.400870137529596,10.550603954596546,3.696946190257571
2019-07-17,20.78738599719073,12.237884494350592,20.087641205214947,10.393692998595366
2019-07-18,52.69876305869043,10.740269949321782,31.429662066210177,26.349381529345216
2019-07-19,64.7446536108872,11.330419188522752,36.3669053376958,32.3723268054436
2019-07-20,20.628377469558263,13.501699612229237,21.03070678619184,10.314188734779131
2019-07-21,53.78594722798695,12.300059875117611,32.57732977566953,26.89297361399348
2019-07-22,74.59214632625927,6.253202689482756,38.88487775239583,37.296073163129634
2019-07-23,1.828969032993477,7.598524401798133,8.374034260021531,0.9144845164967386
2019-07-24,0.9922111228964492,8.47853982035569,8.890520366647142,0.4961055614482245
2019-07-25,21.48964371204178,13.192999077765066,21.102692437041288,10.74482185602089
2019-07-26,5.240848699286419,7.59563457755391,9.817983211236836,2.6204243496432094
2019-07-27,30.098727147592346,10.431013507013802,22.340774786605383,15.049363573796173
2019-07-28,100.0,-1.0,50.0,50.0
2019-07-29,71.39802086456969,9.750310387639674,38.48779217499724,35.699010432284844
2019-07-30,36.52566445905634,12.4645503898678,26.174622767662857,18.26283222952817
2019-07-31,92.57373415474903,20.648998884699136,47.82031662893518,46.28686707737453
2019-08-01,22.270635212733534,10.300796285359349,19.14206112700693,11.135317606366767
2019-08-02,63.88408406985285,21.691160390150024,39.77600328570639,31.942042034926427
2019-08-03,30.456555619724213,7.452363346794836,20.410907968956437,15.228277809862108
2019-08-04,10.350572415621624,7.06702862565936,11.51083691793859,5.175286207810812
2019-08-05,32.035601265822784,7.8701386382949,21.36669303797468,16.017800632911392
2019-08-06,82.15801514673399,24.367165564963635,45.42659356263805,41.079007573366994
2019-08-07,96.90291652540034,20.341140529531568,49.08144036458539,48.45145826270017
2019-08-08,27.222729988407107,9.647272450499624,20.63238651425768,13.611364994203552
2019-08-09,2.5457539104553226,8.087351354863864,9.154344246722816,1.2728769552276613
2019-08-10,25.87913761257431,19.83596759906511,27.642159053604555,12.939568806287156
2019-08-11,43.31718122663713,27.54070217799396,37.26943691778248,21.65859061331857
2019-08-12,88.92299558498026,13.00135356557669,45.901607004059926,44.46149779249013
2019-08-13,69.35678245030365,10.855661861412694,38.004915305803934,34.67839122515183
2019-08-14,17.61633428300095,6.64985590778098,14.28656220322887,8.808167141500475
2019-08-15,55.61225698915388,13.124221391706708,33.63167415810221,27.80612849457694
2019-08-16,22.85665668121614,10.266643411886612,19.348360315155062,11.42832834060807
2019-08-17,74.74438152364792,8.182940358443101,39.43884295889978,37.37219076182396
2019-08-18,1.7160383892351836,6.027245015885543,6.781834372217276,0.8580191946175918
2019-08-19,75.00553079864733,14.274198647025353,41.07052558389432,37.502765399323664
2019-08-20,86.34493152738708,14.706732158335742,45.18068010999807,43.17246576369354
2019-08-21,62.78350759705594,13.855261901477936,36.54819629149952,31.39175379852797
2019-08-22,33.98353919230511,9.24346086102158,23.09397531274348,16.991769596152555
2019-08-23,95.39919182990543,18.98104468650828,48.5728773696589,47.69959591495272
2019-08-24,72.76017206677454,12.287208611622214,39.72710051698962,36.38008603338727
2019-08-25,78.77081070405846,19.23828306696188,43.46953688160363,39.38540535202923
2019-08-26,60.87435752578786,12.831697564521994,35.45766287536099,30.43717876289393
2019-08-27,0.7258881641441327,4.651107159659041,4.980289405357482,0.3629440820720663
2019-08-28,74.17354310927125,15.077544278241716,40.980767027836265,37.086771554635625
2019-08-29,98.95980733377216,28.98825312618416,49.781437349972215,49.47990366688608
2019-08-30,67.9184345513267,13.109455191472565,38.16493572288013,33.95921727566335
2019-08-31,50.02846187294936,18.71722053902684,34.36751393445864,25.01423093647468
2019-09-01,40.85018000553863,13.603499361259557,28.471535387902048,20.42509000276932
2019-09-02,94.59541587081092,47.2654253377145,49.85220761180129,47.297707935405455
2019-09-03,0.3344468368057754,2.969687583147678,3.126978975365715,0.1672234184028877
2019-09-04,0.0819295801405864,2.849288371116542,2.887918751187385,0.0409647900702932
2019-09-05,31.160551600931196,7.824539243268071,20.96664545530001,15.580275800465596
2019-09-06,99.99251107572483,100.0,50.003744462137576,49.99625553786242
2019-09-07,93.83428533134656,28.00332459561409,48.64374775797569,46.91714266567328
2019-09-08,99.58339081252586,100.0,50.20830459373706,49.79169540626293
2019-09-09,36.37636560687925,16.611543530699027,28.75705052646568,18.188182803439627
2019-09-10,37.07372652034244,11.117188482333711,25.532495687813523,18.53686326017122
2019-09-11,30.151702198376142,10.138277563459829,22.157265403668703,15.075851099188071
2019-09-12,15.85393845374533,7.070127500270426,13.876203064648896,7.926969226872665
2019-09-13,0.0922202520423025,4.459577772231532,4.501575264391109,0.0461101260211512
2019-09-14,15.513652552433715,6.889089776437139,13.577166600712308,7.756826276216858
2019-09-15,0.849369503439432,4.333125758446702,4.721006261428492,0.424684751719716
2019-09-16,0.0154360078525742,3.457011998400741,3.4641963776834905,0.0077180039262871
2019-09-17,16.30856130246982,5.391290374417483,12.666329129946362,8.15428065123491
2019-09-18,11.473238991224605,4.922417449934138,10.094276227369752,5.7366194956123016
2019-09-19,35.720780555687334,7.4105281285172175,22.623819915555764,17.860390277843667
2019-09-20,20.7845743628696,6.064843484688068,15.196578762056223,10.3922871814348
2019-09-21,0.0126654423405737,2.5539932864652606,2.5600025330884684,0.0063327211702868
2019-09-22,99.4619926373791,34.65201465201465,49.91742670881386,49.73099631868955
2019-09-23,99.61137190447474,100.0,50.19431404776263,49.80568595223737
2019-09-24,54.40263364609197,5.335237847898541,29.63404477040464,27.201316823045985
2019-09-25,58.26852635659529,13.23437411135756,34.657162522448395,29.134263178297644
2019-09-26,66.83433168434195,7.691482897887701,35.968097548639975,33.417165842170974
2019-09-27,84.38054388191975,15.605754669358909,44.627805943435646,42.19027194095988
2019-09-28,75.91362519844247,26.469045120671563,44.33224601337956,37.95681259922124
2019-09-29,38.13650152068247,13.459276307377571,27.394629954082905,19.06825076034124
2019-09-30,24.016442735286205,4.540413323405518,15.45818892528763,12.008221367643102
2019-10-01,54.50230781096121,17.246924848959015,35.09810668533482,27.251153905480606
2019-10-02,77.34441274763951,23.36508821121928,43.965704320103534,38.67220637381976
2019-10-03,2.5999675449324577,3.927456844705959,5.125328013868605,1.2999837724662289
2019-10-04,62.6085927328678,12.086393179707942,35.82356886416538,31.3042963664339
2019-10-05,56.37072199012684,8.894243835268965,32.06585536482892,28.18536099506342
2019-10-06,98.23307485186923,25.925925925925924,49.57462913100555,49.11653742593462
2019-10-07,26.20078179401152,11.419672008105978,21.52801956067608,13.10039089700576
2019-10-08,28.333984907180344,6.088758113752328,18.5305627623572,14.166992453590172
2019-10-09,99.0556332893207,78.42237061769616,50.26841140649941,49.52781664466035
2019-10-10,14.749369913311147,8.160954215301789,14.331949846286545,7.3746849566555746
2019-10-11,0.8521467924767273,4.885370634283821,5.269813501361536,0.4260733962383636
2019-10-12,0.3764011145589259,4.657436284539441,4.828106199734026,0.1882005572794629
2019-10-13,6.35124120630851,4.220359463593115,7.127934857441303,3.175620603154255
2019-10-14,0.4151660268334191,3.344712881675218,3.5384097835120905,0.2075830134167095
2019-10-15,93.73169510700107,26.814237202867563,48.54664569610823,46.865847553500544
2019-10-16,7.678790517275498,11.721710650410689,14.661020303162228,3.839395258637749
2019-10-17,11.377992021276595,9.606873791437236,14.202800468591692,5.688996010638299
2019-10-18,84.6374810109101,17.43463296861355,44.99713930593644,42.31874050545505
2019-10-19,96.5716380608488,100.0,51.71418096957561,48.2858190304244
2019-10-20,81.65845719951179,9.337985097127104,42.54195913304867,40.82922859975589
2019-10-21,98.6653685608763,65.26875369167159,50.20378158713142,49.33268428043815
2019-10-22,12.21123156450101,5.063838605912617,10.551097329942532,6.105615782250505
2019-10-23,1.6552084446502568,3.863165308381125,4.62682609229113,0.8276042223251284
2019-10-24,88.25975889555558,15.362143648635035,45.93343215093864,44.12987944777779
2019-10-25,33.76123386982136,6.426787321685117,21.137641558605655,16.88061693491068
2019-10-26,0.0486827939965803,2.883187543806156,2.90612532455196,0.0243413969982901
2019-10-27,0.0997403584320182,3.072851460357205,3.1196567665125707,0.0498701792160091
2019-10-28,90.2158165460668,42.602380472059714,49.27620333416233,45.1079082730334
2019-10-29,97.40885868365449,50.72265327856383,50.01872496767479,48.70442934182724
2019-10-30,99.51165678024554,84.7457627118644,50.16967857635536,49.75582839012277
2019-10-31,79.60218039537416,32.294305327274486,46.3884243409116,39.80109019768708
2019-11-01,87.18972592210086,26.737029971075145,47.01994978063519,43.59486296105043
2019-11-02,97.7616175948918,74.23842225743968,50.54254857908636,48.8808087974459
2019-11-03,99.63619163989674,100.0,50.18190418005164,49.81809581994837
2019-11-04,7.53829897539605,33.41537012861943,34.66556911228694,3.769149487698025
2019-11-05,89.57810997051264,82.5207096115293,53.38927259252251,44.78905498525632
2019-11-06,99.81790591805766,100.0,50.09104704097117,49.90895295902883
2019-11-07,61.811373520245525,66.67287264302189,56.3671410570888,30.90568676012276
2019-11-08,99.16244605167216,100.0,50.418776974163926,49.58122302583608
2019-11-09,50.33215497402074,52.10696856066939,51.04648587945938,25.16607748701037
2019-11-10,3.356645017275976,56.48983135530056,56.27199075448325,1.678322508637988
2019-11-11,93.48268357305072,97.8281911675741,53.11711455967701,46.74134178652536
2019-11-12,99.82105906233372,100.0,50.08947046883314,49.91052953116686
2019-11-13,86.59547495586719,64.02392316304284,51.87984029256002,43.2977374779336
2019-11-14,2.3888488724601658,71.292339379982,70.7836975707829,1.1944244362300829
2019-11-15,100.0,-1.0,50.0,50.0
2019-11-16,67.27448733652061,68.23060670087534,55.96605950452408,33.637243668260304
2019-11-17,100.0,-1.0,50.0,50.0
2019-11-18,74.88787645701439,76.35361198812497,56.61795160049701,37.44393822850719
2019-11-19,89.10493717646966,100.0,55.44753141176517,44.55246858823483
2019-11-20,66.12038470042008,81.17651171733885,60.56248223366286,33.06019235021004
2019-11-21,95.67250631873225,96.31890660592256,52.004447756603625,47.83625315936612
2019-11-22,96.81138285083657,93.15203955500618,51.37595333346472,48.40569142541828
2019-11-23,100.0,-1.0,50.0,50.0
2019-11-24,99.90501152868376,96.6804979253112,50.04434109138206,49.95250576434188
2019-11-25,4.762130926937386,58.41714181225792,58.01630649885221,2.381065463468693
2019-11-26,96.61438521666122,77.79718244265922,50.94110551813033,48.30719260833061
2019-11-27,99.86756794040558,100.0,50.06621602979722,49.93378397020279
2019-11-28,76.5676320406916,75.639429225281,56.0079253987343,38.2838160203458
2019-11-29,69.85591391911773,82.28828640217732,59.733008847114135,34.92795695955886
2019-11-30,3.875287915845464,50.50888070946864,50.489160116828536,1.937643957922732
2019-12-01,99.83918964192104,87.5,50.0603038842796,49.919594820960526
2019-12-02,29.430101826870587,60.43904298495415,57.36682200473136,14.715050913435292
2019-12-03,2.9062196980191164,53.20232184638965,53.10925533809589,1.4531098490095582
2019-12-04,2.7309860046862138,50.46997835251224,50.45714330948008,1.3654930023431069
2019-12-05,1.514707744917991,49.555718987738565,49.56244854664049,0.7573538724589957
2019-12-06,2.474056249060009,50.2169140176372,50.21154744282876,1.2370281245300043
2019-12-07,4.056417846655533,49.83542048210662,49.84209651504239,2.0282089233277665
2019-12-08,33.39948214179827,66.1678814786676,60.7678927914929,16.699741070899137
2019-12-09,62.25008685764821,61.10588186077644,54.1924607561353,31.125043428824107
2019-12-10,12.733827469261604,49.09372888503938,49.20913188522222,6.366913734630803
2019-12-11,9.01973970489339,48.517972598689504,48.6516476126429,4.509869852446695
2019-12-12,99.37646571940958,100.0,50.31176714029522,49.68823285970479
2019-12-13,98.7391364326114,100.0,50.63043178369431,49.3695682163057
2019-12-14,14.356752907666746,60.22800234653955,58.75959332225651,7.178376453833373
2019-12-15,71.73505881054055,88.88997391292217,60.99222825508357,35.867529405270275
2019-12-16,99.64959441243012,60.8548931383577,50.038036152081546,49.82479720621507
2019-12-17,97.71986457138578,91.39152981849612,50.94378293583694,48.85993228569289
2019-12-18,94.9770015726431,87.22536095417452,51.86982929530611,47.48850078632155
2019-12-19,97.93074906883707,92.83809523809524,50.88642768460674,48.965374534418544
2019-12-20,98.13162946349384,100.0,50.934185268253074,49.065814731746926
2019-12-21,92.0999191656316,98.20813576241576,53.80848169397291,46.0499595828158
2019-12-22,97.32683765130643,100.0,51.33658117434678,48.66341882565322
2019-12-23,54.44730077120823,57.18006598367772,53.27071386197351,27.223650385604117
2019-12-24,100.0,-1.0,50.0,50.0
2019-12-25,33.92576070363603,51.30241689311323,50.86056205459191,16.962880351818015
2019-12-26,6.250074203059144,55.38093308343043,55.044620772899066,3.125037101529572
2019-12-27,46.68870505986745,38.45942738466103,43.84757129525647,23.34435252993373
2019-12-28,1.5918877841808623,50.6869535140005,50.67601798492812,0.7959438920904313
2019-12-29,2.7871778735598065,50.61457972843678,50.597450298230406,1.3935889367799033
2019-12-30,1.4474168536790986,49.185140562249,49.1969349750848,0.7237084268395493
2019-12-31,5.23212094827245,50.85905199415327,50.81410535481062,2.616060474136225
2020-01-01,2.0932690062414165,48.85236358932484,48.87638670661384,1.0466345031207085
2020-01-02,9.672966323600376,52.39771766879924,52.16578724616127,4.836483161800189
2020-01-03,98.10335381595596,75.43640897755611,50.48243868023066,49.05167690797798
2020-01-04,96.80389776257076,60.43413912185496,50.33348575393008,48.40194888128538
2020-01-05,3.815147401623416,46.15140904471336,46.29823846254309,1.907573700811708
2020-01-06,1.5277508420440198,45.98209799878617,46.04348153044221,0.7638754210220099
2020-01-07,16.76892343598568,43.72492918385582,44.77719100456892,8.38446171799284
2020-01-08,25.87423100508377,42.48628338421469,44.43039977845034,12.937115502541888
2020-01-09,38.30719292765954,65.28303821480527,59.428535280651886,19.15359646382977
2020-01-10,3.2982036781263484,46.33413682888,46.455044462824965,1.6491018390631742
2020-01-11,2.424563847639553,46.67880813505423,46.759332552322455,1.2122819238197766
2020-01-12,3.146309319803544,45.26758387917965,45.41648032864092,1.573154659901772
2020-01-13,72.24410148642937,47.43688270287195,49.288583764225365,36.122050743214686
2020-01-14,4.510159335744873,48.258026011488816,48.33659181395791,2.2550796678724363
2020-01-15,2.5473370907478943,47.54853383153277,47.61098093850928,1.2736685453739471
2020-01-16,7.034857723979377,49.27277757677656,49.3239366395872,3.5174288619896883
2020-01-17,3.067504086179808,45.65998448536316,45.79311463861549,1.533752043089904
2020-01-18,98.88063378199948,100.0,50.559683109000254,49.44031689099974
2020-01-19,19.272104457480093,45.95593099089123,46.73530819465925,9.636052228740049
2020-01-20,2.7726988499196605,48.56678823797584,48.6065268840184,1.3863494249598305
2020-01-21,4.9409930268084,46.63547005166592,46.80171124179799,2.4704965134042
2020-01-22,2.186086454099704,45.49268707138956,45.59122082876579,1.0930432270498518
2020-01-23,3.974055063734472,46.26350212448536,46.41199260751358,1.987027531867236
2020-01-24,9.748196316688816,55.828742478229046,55.26054521865704,4.874098158344409
2020-01-25,98.62596322500542,96.06999426276536,50.63301866340829,49.31298161250271
2020-01-26,80.46083567393568,70.34786295451335,53.97580237952473,40.23041783696784
2020-01-27,10.77479588242511,49.953869628473086,49.95884008184491,5.387397941212555
2020-01-28,97.7079973661487,89.42026492344745,50.90351351031658,48.85399868307435
2020-01-29,48.86982307008007,29.583748965751887,39.56113472373233,24.434911535040037
2020-01-30,7.874604726266756,49.15627040588377,49.22271077637896,3.937302363133378
2020-01-31,23.68093209781332,43.15600190701242,44.776724448188446,11.84046604890666
2020-02-01,40.22426966114491,66.38145366060093,59.79213356574532,20.11213483057245
2020-02-02,40.82072409389419,43.24483223987493,46.00234063331528,20.410362046947096
2020-02-03,42.55457945551014,40.69952305246423,44.65730190484474,21.27728972775507
2020-02-04,52.66584446078315,34.76888387824126,42.79047980456799,26.33292223039157
2020-02-05,54.21432836056953,29.21232847137663,40.48222497242113,27.10716418028477
2020-02-06,6.057044257383816,46.8463534645457,47.03737123091962,3.028522128691908
2020-02-07,1.535672727560576,44.78088898536044,44.861037449833375,0.767836363780288
2020-02-08,5.817004586956263,46.23931085198025,46.45807031222173,2.9085022934781315
2020-02-09,2.606916421950814,45.85085762352339,45.95902229750588,1.303458210975407
2020-02-10,89.81568457196984,31.11533095644086,48.07672573706437,44.90784228598492
2020-02-11,21.21514101773201,39.37950488887104,41.63265790347839,10.607570508866006
2020-02-12,32.8455721833771,35.371369343478364,40.17622678520581,16.42278609168855
2020-02-13,16.871277260538367,48.05477183950976,48.38295667581613,8.435638630269183
2020-02-14,19.63038998129008,38.73068215375529,40.94289319520424,9.815194990645038
2020-02-15,11.531035355933277,49.42441860465116,49.49078909885101,5.765517677966638
2020-02-16,57.69305175551844,39.28964706321506,45.46877652623309,28.84652587775922
2020-02-17,81.65492874437092,78.20815958041358,55.17480697492842,40.82746437218546
2020-02-18,4.837362820020659,43.702382140599525,44.00702076547714,2.418681410010329
2020-02-19,52.33757508694278,41.33659466854608,45.87081093898198,26.16878754347139
2020-02-20,36.19920596004492,31.44252581472896,38.16018411603739,18.09960298002246
2020-02-21,5.166565741719207,42.86232987909469,43.23110229831831,2.583282870859604
2020-02-22,5.703420548617377,44.344614868125646,44.66716526584042,2.8517102743086884
2020-02-23,56.366898372264885,31.348379734453964,41.86171957431506,28.18344918613244
2020-02-24,29.38495862276302,38.37725194944878,41.79259165493125,14.69247931138151
2020-02-25,100.0,-1.0,50.0,50.0
2020-02-26,75.21216714428944,60.94558657260697,52.71317370469492,37.60608357214472
2020-02-27,28.01687663606096,37.42618421124912,40.948974669229,14.008438318030478
2020-02-28,14.521055213558892,42.64093307414607,43.70954724565207,7.260527606779446
2020-02-29,98.75765625862192,54.91751269035533,50.06109241114011,49.37882812931096
2020-03-01,94.21979217584637,74.26856714178544,51.40277361673946,47.109896087923175
2020-03-02,100.0,-1.0,50.0,50.0
2020-03-03,91.04595286057248,95.24082063925331,54.0508844063026,45.52297643028624
2020-03-04,15.341799192974127,73.56950266122739,69.95351689215919,7.670899596487064
2020-03-05,83.74157436241082,99.895747466421,58.112262998147344,41.87078718120541
2020-03-06,57.429877554890886,81.47704701973232,63.39981745840462,28.714938777445443
2020-03-07,42.690666656121856,61.2175617026268,56.42870982921361,21.345333328060928
2020-03-08,1.7086405680428407,62.37134573568495,62.1599639036322,0.8543202840214204
2020-03-09,97.48956448732956,98.75961689433193,51.22407873835736,48.74478224366479
2020-03-10,87.69600739210955,54.51715395230913,50.55579028837914,43.848003696054775
2020-03-11,6.945582188663714,55.87687439929915,55.46869125777128,3.472791094331857
2020-03-12,3.328742510230412,55.81310615023723,55.61960281464947,1.664371255115206
2020-03-13,52.8681723353142,54.39577482499895,52.07180901504616,26.4340861676571
2020-03-14,98.31700924265417,87.1662763466042,50.62550499576296,49.15850462132708
2020-03-15,74.46134422284034,64.44561170418204,53.68921504803615,37.23067211142017
2020-03-16,4.109925162556741,51.46680093769604,51.406516516873054,2.0549625812783705
2020-03-17,1.5677070552754273,49.05770382909599,49.07247627264884,0.7838535276377137
2020-03-18,3.1031712423370545,46.85830515120325,46.9557973222731,1.5515856211685273
2020-03-19,1.9139210448204211,45.96613123842494,46.04333630157317,0.9569605224102108
2020-03-20,20.973799074795902,47.44667000500751,47.98220030787373,10.486899537397951
2020-03-21,51.25121602062688,32.41585748704095,41.427944351732485,25.62560801031344
2020-03-22,71.43984003092105,51.50523379457012,50.42989717963786,35.719920015460524
2020-03-23,19.39271190999857,43.83437946281782,45.029193499897154,9.696355954999287
2020-03-24,15.18061325420376,41.06334050125711,42.41998021760633,7.59030662710188
2020-03-25,77.21018972416327,39.24324886469997,47.548556824421205,38.60509486208164
2020-03-26,96.17043420668774,89.38645254272184,51.50833011377524,48.08521710334387
2020-03-27,98.18942272820448,48.00783801436969,49.96393036787083,49.09471136410224
2020-03-28,6.769988206147051,42.5594960137883,43.06220663780207,3.3849941030735256
2020-03-29,80.78943217665615,42.6700603473049,48.59187697160883,40.39471608832808
2020-03-30,93.07486652102936,99.89181186653,53.45507456683413,46.53743326051468
2020-03-31,36.52183533800123,63.372820477705226,58.48756895161928,18.260917669000616
2020-04-01,22.393720093328582,55.87280225522132,54.54087080317949,11.196860046664291
2020-04-02,3.760300159103322,47.16015873995024,47.26694529537017,1.880150079551661
2020-04-03,22.881721451267623,38.82580519367236,41.38265332367826,11.440860725633812
2020-04-04,6.825818350199666,43.96923024644687,44.380879634943184,3.412909175099833
2020-04-05,3.669299939841054,42.69103877268451,42.9592264826014,1.834649969920527
2020-04-06,2.827448093530589,41.62478311515873,41.86158802529822,1.4137240467652947
2020-04-07,5.194018744854664,40.85574847724531,41.33070261541384,2.597009372427332
2020-04-08,3.3875161776754017,39.41639629010585,39.77491757795957,1.6937580888377008
2020-04-09,5.61710144583368,39.39529910049693,39.99097590804925,2.80855072291684
2020-04-10,2.895240960040529,38.29812383580404,38.63692134760306,1.4476204800202646
2020-04-11,4.403924626277898,37.93213377826724,38.4635935106724,2.201962313138949
2020-04-12,21.2670990309395,30.328235489237237,34.51184912887436,10.63354951546975
2020-04-13,28.29130876877851,29.545968671893537,35.33268183059082,14.145654384389257
2020-04-14,14.523163135274608,32.88979017352816,35.374733859414455,7.261581567637304
2020-04-15,4.025188099375047,35.013547006255955,35.616779928678575,2.0125940496875234
2020-04-16,79.97065123489662,33.26243229935992,46.64757419044351,39.98532561744831
2020-04-17,3.805509380194728,34.12001892653624,34.72433309586005,1.902754690097364
2020-04-18,23.340258404067985,27.9651874067612,33.10816960487525,11.670129202033992
2020-04-19,64.57944811454942,28.479162948420488,42.37720074596201,32.28972405727471
2020-04-20,99.99645261481704,100.0,50.00177369259148,49.99822630740852
2020-04-21,98.62639528284038,28.95265423242468,49.71089266569969,49.31319764142019
2020-04-22,3.755303653980116,30.48016186340308,31.213191058197708,1.8776518269900575
2020-04-23,7.2883066510992816,29.52614727854856,31.01834444818238,3.6441533255496408
2020-04-24,9.362571085968016,27.68906994310764,29.77794662962479,4.681285542984008
2020-04-25,85.58661597438041,25.74016308214305,46.50333654104024,42.79330798719021
2020-04-26,55.63312041449957,25.92734566525518,39.31971443827002,27.816560207249783
2020-04-27,94.39286644719702,18.72580077437522,48.24641388184954,47.19643322359851
2020-04-28,99.8316995975768,100.0,50.08415020121161,49.91584979878839
2020-04-29,98.92753680310584,42.88864388092613,49.92373332282285,49.46376840155292
2020-04-30,94.11685801080996,18.01233905579399,48.11812048763167,47.058429005404975
2020-05-01,70.23891324092723,24.304707818056368,42.35280180073451,35.119456620463616
2020-05-02,78.816482120167,21.828545881301,44.03229497975645,39.4082410600835
2020-05-03,6.257099546024849,26.442189811879096,27.88503781806956,3.1285497730124243
2020-05-04,34.379166683152064,18.15550839282269,29.103379241856548,17.189583341576032
2020-05-05,83.84141045683515,13.774400820893698,44.14645411909612,41.920705228417575
2020-05-06,59.568985618362966,26.181487422244825,40.36382893795622,29.784492809181483
2020-05-07,1.9749157989306168,24.90128311759624,25.396863089654847,0.9874578994653084
2020-05-08,18.47288400324245,19.39925695273017,25.052096719982604,9.236442001621226
2020-05-09,21.426649679915805,20.237070159272072,26.61426887072397,10.713324839957902
2020-05-10,81.96589230562643,10.074022162848758,42.79970615881642,40.98294615281321
2020-05-11,98.10169999369204,78.00623052959502,50.53164227590992,49.050849996846026
2020-05-12,45.38522385698465,17.7713722877256,32.397563676633446,22.69261192849233
2020-05-13,99.98738742289576,100.0,50.00630628855212,49.99369371144788
2020-05-14,52.38172474770452,17.622477548205932,34.582382239030935,26.19086237385226
2020-05-15,99.98226237494976,100.0,50.00886881252513,49.99113118747488
2020-05-16,91.36458575991723,20.4197338941978,47.445621488445184,45.68229287995862
2020-05-17,42.23641035777821,15.45858342515724,30.04763787309745,21.118205178889102
2020-05-18,65.56466981522911,18.8872083963518,39.28620748158407,32.782334907614555
2020-05-19,94.0352662320504,24.834699814863797,48.49895684205129,47.0176331160252
2020-05-20,62.18942626837364,14.081784075827402,36.41911648490596,31.09471313418682
2020-05-21,7.299223848933534,13.865038532971845,16.502610258176105,3.649611924466767
2020-05-22,48.98257993732882,10.427706136720532,29.81123661133606,24.49128996866441
2020-05-23,15.125026216131726,13.752476863183904,19.23492424032575,7.562513108065863
2020-05-24,21.173160481515776,10.199952810534295,18.62688067367888,10.586580240757888
2020-05-25,25.92664390525662,12.04221478051412,21.883394588692354,12.96332195262831
2020-05-26,11.991514355146402,11.567969635372632,16.176552073521147,5.995757177573201
2020-05-27,3.4872261690380544,12.831038244195298,14.127204005303463,1.7436130845190272
2020-05-28,70.37531341928096,13.0914616266361,39.065961185366525,35.18765670964048
2020-05-29,46.50388501156606,12.122287268641712,29.736847308171377,23.25194250578303
2020-05-30,92.83598338572956,19.61788349300738,47.82342012567205,46.41799169286478
2020-05-31,59.68911753441857,14.680848979911651,35.76253854445098,29.84455876720929
2020-06-01,6.889400739280823,12.1804734985336,14.786012236918133,3.444700369640412
2020-06-02,12.146359416366897,12.114414414414416,16.71613380663493,6.073179708183448
2020-06-03,49.37532617462401,10.592287146806616,30.049973906030083,24.687663087312004
2020-06-04,99.90264513560705,100.0,50.04867743219648,49.95132256780352
2020-06-05,50.89446711587738,11.294712599249488,30.99356236753029,25.44723355793869
2020-06-06,84.984553714802,18.918492826738134,45.3329729857689,42.492276857401
2020-06-07,99.9779279900676,100.0,50.0110360049662,49.9889639950338
2020-06-08,93.48094353830808,23.32022981554279,48.26073071782559,46.74047176915404
2020-06-09,89.0306424728847,17.676076623937778,46.45427327808893,44.51532123644235
2020-06-10,99.92432453737462,52.083333333333336,50.00157657213803,49.96216226868731
2020-06-11,92.42005495913548,27.920524290023923,48.32638787587278,46.21002747956774
2020-06-12,36.25745330317744,10.0825010855406,24.55556961424708,18.12872665158872
2020-06-13,14.472684386328735,10.655832527405405,16.349989710142633,7.236342193164368
2020-06-14,79.54476359688087,12.895691785052502,42.410226038890535,39.77238179844044
2020-06-15,99.94876140551406,100.0,50.025619297242976,49.97438070275703
2020-06-16,87.3749684462956,9.566059545752758,44.89520225924524,43.6874842231478
2020-06-17,99.55894872926784,35.388739946380696,49.93555685186353,49.77947436463391
2020-06-18,46.43949132765066,10.71937611237067,28.961098036113363,23.21974566382533
2020-06-19,94.2963185005798,23.559919784247285,48.49194203630225,47.14815925028989
2020-06-20,40.7737306537672,7.145051422465606,24.61861272727992,20.3868653268836
2020-06-21,62.62001035577216,8.716202641401697,34.568120822611945,31.31000517788608
2020-06-22,30.063594010773016,7.338961868839666,20.164403173372776,15.031797005386508
2020-06-23,0.6039832816161104,6.932266156970493,7.192388069153314,0.3019916408080552
2020-06-24,12.22555522137622,13.347670638731463,17.828621404714042,6.11277761068811
2020-06-25,75.67756455816156,19.25680611698242,42.52250651504383,37.83878227908078
2020-06-26,77.05226238624874,21.31153184165232,43.4166456016178,38.52613119312437
2020-06-27,19.466621301915605,10.975088548395814,18.571920274087496,9.733310650957804
2020-06-28,45.92003352693027,9.64433234638301,28.17566846294049,22.96001676346513
2020-06-29,54.24846934943892,12.279049676025917,32.74208785084408,27.12423467471946
2020-06-30,52.43675889328063,17.38147671084888,34.485573122529644,26.21837944664032
2020-07-01,80.56082656430608,24.994419076610857,45.13912175569959,40.28041328215304
2020-07-02,42.79502933578095,11.625735685683262,28.048013356385237,21.397514667890476
2020-07-03,71.42184966984303,11.69113272548667,39.05203432050927,35.710924834921514
2020-07-04,16.676758921751382,9.538692455303709,16.286327171121112,8.338379460875691
2020-07-05,3.070961817800417,7.525582079069654,8.829955235754403,1.5354809089002086
2020-07-06,8.545997118748714,10.036568213783404,13.451841942786585,4.272998559374357
2020-07-07,1.5356848837945665,5.2874875389909,5.974130834019379,0.7678424418972832
2020-07-08,2.049031093660946,6.45307278597376,7.345362864923058,1.024515546830473
2020-07-09,2.3402529040429028,6.555569964985086,7.5722795005244095,1.1701264520214514
2020-07-10,1.769592768061047,9.521890839934564,10.23818853227894,0.8847963840305235
2020-07-11,95.1144050071429,20.613893376413568,48.56431384620242,47.55720250357145
2020-07-12,7.532503512556151,6.449431373136501,9.729879484693171,3.766251756278076
2020-07-13,31.118636289911027,9.628472481463826,22.19154129463844,15.559318144955514
2020-07-14,75.66322102106841,16.135464626159134,41.75846287382625,37.831610510534205
2020-07-15,77.99317109755857,11.508313752219692,41.52920046578641,38.99658554877929
2020-07-16,85.2019176848773,11.859521776259609,44.355940637069445,42.60095884243865
2020-07-17,63.05847491110234,14.183039390795624,36.76866851047017,31.52923745555117
2020-07-18,41.47748175399039,8.267429127631098,25.577048596689018,20.738740876995195
2020-07-19,51.04123825492739,11.666114714506111,31.2322044354456,25.520619127463696
2020-07-20,4.346208496103413,7.603568413909531,9.446205725548866,2.1731042480517067
2020-07-21,72.39324138584767,17.577292301529393,41.04914134951104,36.19662069292384
2020-07-22,21.4708278300208,7.426114017816228,16.567079777600267,10.7354139150104
2020-07-23,17.583487334934684,9.02630732370156,16.230911386093556,8.791743667467342
2020-07-24,99.90855629306132,100.0,50.04572185346934,49.954278146530655
2020-07-25,52.86246793237437,7.315784618738941,29.87971428684368,26.431233966187182
2020-07-26,26.566040421855163,10.768327750912752,21.19062965877501,13.283020210927582
2020-07-27,22.045337658741147,12.732559909868762,20.94829291450726,11.022668829370572
2020-07-28,0.0542239250205813,3.4532055013682137,3.478445000316636,0.0271119625102906
2020-07-29,1.4224874928756888,4.618127213304318,5.26367867772782,0.7112437464378444
2020-07-30,11.470187878883806,12.946019514680708,17.19618069295177,5.735093939441903
2020-07-31,1.6001868137957238,5.376184059690687,6.090248478179991,0.8000934068978619
2020-08-01,0.949116585396745,5.189444493282932,5.614748907605598,0.4745582926983725
2020-08-02,67.36664901562513,7.1651731654153545,36.0215606155208,33.683324507812564
2020-08-03,100.0,-1.0,50.0,50.0
2020-08-04,94.31914927161506,24.15874557690973,48.53199690988207,47.15957463580753
2020-08-05,7.269021470268131,4.994281031804292,8.265756406450976,3.634510735134065
2020-08-06,7.871220516067753,7.683286725002255,11.014128542029445,3.935610258033877
2020-08-07,16.634222000648894,12.047157766840536,18.36031779946031,8.317111000324447
2020-08-08,2.8603430670223458,7.86929329557724,9.074376043884715,1.4301715335111729
2020-08-09,1.5903046038882909,6.949460661684858,7.634095370780825,0.7951523019441454
2020-08-10,9.24880882655565,11.795692500904844,15.32913586500562,4.624404413277825
2020-08-11,2.81072523993272,6.996290308788018,8.205006431186307,1.40536261996636
2020-08-12,16.759971039377742,8.406093300696309,15.377220017645406,8.379985519688871
2020-08-13,28.97490863642836,11.335527378227724,22.538522995143097,14.48745431821418
2020-08-14,87.91609505337685,14.70655400776433,45.73517353391047,43.958047526688425
2020-08-15,55.38299084049167,11.771484288436822,32.94357964342778,27.69149542024584
2020-08-16,74.74438152364792,8.182940358443101,39.43884295889978,37.37219076182396
2020-08-17,85.3746994126227,14.105121293800538,44.75026609374384,42.68734970631135
2020-08-18,62.7178650313536,13.12609958242364,36.25262267811491,31.3589325156768
2020-08-19,4.920290658096791,5.1665861902462575,7.372520461633448,2.4601453290483954
2020-08-20,7.395446216195893,10.202877986862294,13.14605274093775,3.6977231080979465
2020-08-21,0.5735070609841049,6.866846863343776,7.114218542207587,0.2867535304920524
2020-08-22,20.421585493662377,15.775924619069864,22.76502343240197,10.210792746831189
2020-08-23,50.34635917822185,11.655816766676748,30.960716981281195,25.173179589110926
2020-08-24,87.64523211424728,18.203067465018734,46.07156279051368,43.82261605712364
2020-08-25,7.782021093456279,4.801713150316924,8.319053366840137,3.8910105467281393
2020-08-26,18.839783156254818,4.825704611337117,13.336443904927226,9.419891578127409
2020-08-27,4.6375962702929465,4.229402878533841,6.352058383529766,2.3187981351464733
2020-08-28,94.6258779730801,18.04505760622294,48.28270240212646,47.31293898654005
2020-08-29,99.86874778290174,25.225225225225223,49.96748255882701,49.93437389145087
2020-08-30,71.98707490786131,19.00490776781181,41.31684251691678,35.99353745393066
2020-08-31,99.96373841205777,100.0,50.01813079397112,49.98186920602888
2020-09-02,76.67772461372789,15.676955602537,41.99508506467124,38.338862306863945
2020-09-03,15.889688799882853,8.601583858384426,15.179663351367612,7.9448443999414256
2020-09-04,0.0621398264834399,3.0780319922059096,3.1071892217085684,0.0310699132417199
2020-09-05,0.0197897536571464,2.6202861373047357,2.629662465961624,0.0098948768285732
2020-09-06,91.4609747724071,20.116456398169973,47.44823667294101,45.73048738620355
2020-09-07,97.6736024856966,11.796610169491526,49.11123728860341,48.836801242848296
2020-09-08,7.0396111709201445,7.585472814748584,10.571290608574504,3.5198055854600723
2020-09-09,0.4060857450446457,3.962166673290149,4.149119751757331,0.2030428725223228
2020-09-10,56.83733499800476,10.822364205554438,33.089888306341685,28.41866749900238
2020-09-11,33.52169078512609,9.295943999333325,22.94063178888137,16.760845392563045
2020-09-12,6.510407390256355,12.555036239246768,14.99285592720566,3.255203695128177
2020-09-13,2.1717275663352544,5.096108330737269,6.071298524475967,1.0858637831676272
2020-09-14,0.2770565512000507,3.4879105875629075,3.6167753783800896,0.1385282756000253
2020-09-15,0.1725666518903172,3.254698279279994,3.335365081375467,0.0862833259451586
2020-09-16,12.422935380475645,7.46805472717743,12.751770804479442,6.211467690237822
2020-09-17,18.628191689246652,5.933052033911488,14.141927572635035,9.314095844623328
2020-09-18,3.387992416596413,5.105347464327706,6.626374887693593,1.6939962082982063
2020-09-19,4.854545670403774,10.320101154626826,12.246379966045486,2.427272835201887
2020-09-20,22.70928631349024,9.072012942465417,18.366466705709172,11.35464315674512
2020-09-21,83.22290320799513,21.48381485225323,45.21581201637521,41.611451603997565
2020-09-22,96.93868298317754,22.22794591113973,49.149809382256585,48.46934149158877
2020-09-23,98.30094886683932,26.79814385150812,49.60578860019474,49.15047443341967
2020-09-24,98.59842184506964,88.66704161979753,50.54194880850091,49.299210922534826
2020-09-25,93.98189956030522,78.12069982307844,51.69233195969794,46.99094978015261
2020-09-26,87.14776360980616,13.029856247696278,45.24850973115944,43.57388180490308
2020-09-27,75.46762362713282,15.426208139553596,41.51822725442357,37.73381181356641
2020-09-28,98.1618284741166,40.74630066480807,49.82990113372964,49.080914237058295
2020-09-29,37.24245408770702,5.739838525680216,22.223408841898756,18.62122704385351
2020-09-30,23.37620197063828,4.724844553698693,15.308456333346523,11.68810098531914
2020-10-01,28.66420687530122,9.563180453875889,21.154074062369144,14.33210343765061
2020-10-02,99.48721991210611,100.0,50.25639004394695,49.74360995605306
2020-10-03,93.55889170990176,93.53041988003427,52.80384148360746,46.77944585495088
2020-10-04,88.4892908964734,32.60028088925427,47.997168948331336,44.2446454482367
2020-10-05,92.35748434023888,30.673548387096773,48.52297290900772,46.17874217011944
2020-10-06,63.840271877655056,23.27767092148977,40.33727845725237,31.920135938827528
2020-10-07,38.76329839825984,15.31933581766632,28.762705161162742,19.38164919912992
2020-10-08,11.008190559094686,13.7104339977502,17.705258576346296,5.504095279547343
2020-10-09,82.67352104014066,19.97952218430034,44.79850822761356,41.33676052007033
2020-10-10,11.569315766769432,11.238162582123486,15.722641949999405,5.784657883384717
2020-10-11,100.0,-1.0,50.0,50.0
2020-10-12,17.758791941528195,40.48915920048502,42.17816962996086,8.879395970764097
2020-10-13,15.368694323852642,34.67926716357889,37.03386376138257,7.684347161926321
2020-10-14,6.856052961683504,33.575631412366974,34.7016948213572,3.428026480841752
2020-10-15,99.9503379776521,100.0,50.02483101117395,49.97516898882605
2020-10-16,86.01574255822496,25.81902394938997,46.61847005714873,43.00787127911248
2020-10-17,88.68267630190049,14.077585305496498,45.934544048849375,44.34133815095024
2020-10-18,38.83201461464549,33.913195252501744,40.16002562307976,19.416007307322744
2020-10-19,58.61616736190115,44.59833530602116,47.76458412337252,29.30808368095057
2020-10-20,93.80088232163344,22.24624777410328,48.27951223935438,46.90044116081672
2020-10-21,65.05055609732986,33.018153884389015,44.06493921818677,32.52527804866493
2020-10-22,74.44490082860055,24.07696468588208,43.37534261724026,37.22245041430028
2020-10-23,99.98738742289576,100.0,50.00630628855212,49.99369371144788
2020-10-24,51.05258995650455,16.464439202507513,33.58521154606564,25.526294978252277
2020-10-25,79.07941532886764,39.51132075471698,47.80570697760708,39.53970766443382
2020-10-26,99.67089056618649,79.2814371257485,50.09636797193701,49.83544528309324
2020-10-27,70.44075110247047,41.50792059354321,47.48980511166959,35.22037555123524
2020-10-28,29.73334441265734,39.09336637008673,42.336273311095546,14.86667220632867
2020-10-29,72.83643777807633,20.178922103425705,41.89953295031572,36.418218889038165
2020-10-30,28.78225577208553,35.37746831794042,39.586162787025046,14.391127886042764
2020-10-31,2.3235565335433543,26.712101198531617,27.2532086926581,1.1617782667716772
2020-11-01,98.8975819324833,73.68609224168752,50.26111976036104,49.44879096624165
2020-11-02,8.46590999034367,19.050377877315256,21.67054502857324,4.232954995171835
2020-11-03,37.21264992822427,11.729472006852635,25.97094961462564,18.606324964112137
2020-11-04,56.70935851678721,14.912904696762425,34.81057136540223,28.35467925839361
2020-11-05,15.68985916719098,16.04235406761444,21.37026089089909,7.844929583595491
2020-11-06,3.587825536293834,15.383320675711737,16.625306736325495,1.793912768146917
2020-11-07,2.704029130056202,11.82249377613616,12.85482466555846,1.352014565028101
2020-11-08,10.937617474229864,12.314172227800634,16.43610391152088,5.468808737114932
2020-11-09,2.6613050051848743,11.070449795473582,12.106483863562602,1.3306525025924372
2020-11-10,17.915444799297152,15.174744596633834,21.41384400463815,8.957722399648576
2020-11-11,2.485969175723705,10.825685839181418,11.799547214020532,1.2429845878618526
2020-11-12,40.3205582079752,11.6049710024855,27.086061018397288,20.1602791039876
2020-11-13,2.392147550067284,11.662665844876246,12.579751444629144,1.196073775033642
2020-11-14,3.0004511956685214,10.362696414654748,11.551994364012,1.500225597834261
2020-11-15,2.609858586498057,11.036491724154745,12.053384190492771,1.3049292932490286
2020-11-16,18.15846959935416,15.77751236660268,21.991792379655863,9.079234799677078
2020-11-17,12.293531511424524,12.091898428053206,16.7521428401833,6.146765755712262
2020-11-18,2.5053431488957494,10.450615028620144,11.441462835431016,1.2526715744478747
2020-11-19,4.779883174241345,9.966501251007871,11.880055721771065,2.3899415871206724
2020-11-20,19.8715057719544,25.33029860178529,30.23253973905544,9.935752885977198
2020-11-21,9.888400807313309,21.64003109313448,24.44437848747477,4.944200403656654
2020-11-22,3.816259171607,17.08408938483124,18.34024584260058,1.9081295858035
2020-11-23,83.25797394473821,15.359939616944995,44.20055206511051,41.62898697236911
2020-11-24,14.178986356010004,13.431851715234233,18.616844471176677,7.089493178005002
2020-11-25,5.075790556852812,11.93228960370239,13.864526853207742,2.537895278426406
2020-11-26,4.536891182686752,12.9859576532241,14.665244476810916,2.268445591343376
2020-11-27,3.804276843067644,11.313674907735413,12.785409814654304,1.9021384215338215
2020-11-28,12.723523498167484,9.01950469591086,14.233667645592066,6.361761749083741
2020-11-29,3.453025008212065,11.16162195841805,12.502720864977816,1.7265125041060323
2020-11-30,4.542720091186854,10.299763671794022,12.103234283724095,2.271360045593427
2020-12-01,98.71312299233392,78.68300153139357,50.369114951816016,49.35656149616696
2020-12-02,99.1431330429813,99.35602575896964,50.422915476026255,49.57156652149065
2020-12-03,74.44236523991125,76.9177299267818,56.879535100394,37.22118261995563
2020-12-04,92.00406813334962,97.214553342536,53.77524351641247,46.00203406667481
2020-12-05,100.0,-1.0,50.0,50.0
2020-12-06,100.0,-1.0,50.0,50.0
2020-12-07,92.81896021571502,91.89723320158105,53.00865698472018,46.40948010785751
2020-12-08,93.67616975487472,100.0,53.16191512256264,46.83808487743736
2020-12-09,97.9698784220976,84.90161698811612,50.7085452575126,48.9849392110488
2020-12-10,56.64344496852243,97.079547730459,70.4120700203272,28.321722484261212
2020-12-11,85.0381998375817,99.3966221379074,57.390623891258585,42.51909991879085
2020-12-12,69.7578943632255,98.67116999634864,64.71918664494986,34.87894718161275
2020-12-13,17.91079607933105,71.74377087017486,67.84928840966086,8.955398039665525
2020-12-14,9.095980597351524,79.38100357330943,76.70851318897404,4.547990298675762
2020-12-15,83.19969393751751,81.96074748802704,55.36950339784573,41.599846968758754
2020-12-16,87.47533193350279,69.85472536476223,52.486738447451096,43.73766596675139
2020-12-17,11.09497542715596,67.11219117051438,65.21359776509786,5.54748771357798
2020-12-18,2.197297703760577,63.878570098979445,63.57361659687978,1.0986488518802886
2020-12-19,58.31230825722849,74.95122274630145,60.40158882453044,29.156154128614244
2020-12-20,95.87824532822992,78.11780506523408,51.15894694387549,47.93912266411496
2020-12-21,100.0,-1.0,50.0,50.0
2020-12-22,96.7817206462573,99.6325780771586,51.59731501298742,48.39086032312865
2020-12-23,100.0,-1.0,50.0,50.0
2020-12-24,100.0,-1.0,50.0,50.0
2020-12-25,99.77494432729638,100.0,50.112527836351816,49.88747216364819
2020-12-26,17.213130965519152,64.97986057690011,62.40135755734612,8.606565482759576
2020-12-27,60.732994635082925,51.644448915941446,50.645725844046055,30.366497317541462
2020-12-28,100.0,-1.0,50.0,50.0
2020-12-29,90.03554366821702,91.21897145571876,54.10724641111519,45.01777183410851
2020-12-30,82.68683912647359,96.05440007289792,57.97347237395828,41.34341956323679
2020-12-31,6.7379492922521695,81.04510544405312,78.95137770426153,3.3689746461260848
2021-01-01,88.10552712304137,98.55802698312726,55.77572134909432,44.052763561520685
2021-01-02,99.56129805323548,100.0,50.21935097338226,49.78064902661774
2021-01-03,92.47809306886845,87.16127334911864,52.789377115561045,46.239046534434216
2021-01-04,43.81865908776916,92.02048803108336,73.6076736337261,21.909329543884574
2021-01-05,52.6584516073028,90.32846867420676,69.09212151343331,26.3292258036514
2021-01-06,91.22021461259271,91.64232756683892,53.6561069906896,45.61010730629636
2021-01-07,5.760927637176723,84.54192703084055,82.55199161010745,2.8804638185883613
2021-01-08,1.522587488423269,81.40867712959428,80.93045254133982,0.7612937442116345
2021-01-09,21.60517968104984,95.86295861446906,85.95418399876749,10.80258984052492
2021-01-10,18.64491834500962,78.77323438129883,73.40848832568744,9.32245917250481
2021-01-11,10.518653897123688,82.73201915127831,79.28905134321509,5.259326948561844
2021-01-12,99.58575567073292,98.3824928639391,50.20042173304692,49.79287783536645
2021-01-13,56.65652654867257,76.3496823472578,61.42086757269279,28.328263274336287
2021-01-14,76.00018955324668,82.43656826932569,57.7847149000699,38.00009477662334
2021-01-15,55.20205209155485,81.68220017970718,64.19297553275453,27.601026045777427
2021-01-16,6.026499501353469,74.79280371942592,73.29866552690318,3.0132497506767346
2021-01-17,90.6193573822196,69.40825418172648,51.82061896313819,45.3096786911098
2021-01-18,49.46035059420737,69.16126912606777,59.68403823801504,24.730175297103685
2021-01-20,48.03488794478576,81.61247920006687,66.42746023974604,24.01744397239288
2021-01-21,96.6113386335776,98.8600674653949,51.655702229807765,48.3056693167888
2021-01-22,97.62699704754284,96.42857142857144,51.10175137078368,48.81349852377142
2021-01-23,97.81636836710558,100.0,51.091815816447216,48.90818418355279
2021-01-24,96.80583966923255,98.7166831194472,51.556088966667055,48.40291983461629
2021-01-25,91.28542538051856,91.8483669591966,53.646907165693605,45.64271269025928
2021-01-26,42.91013493205941,77.19067344592068,65.52311878134046,21.455067466029707
2021-01-27,100.0,-1.0,50.0,50.0
2021-01-28,96.31737648055812,97.02451032858824,51.73173567726296,48.15868824027906
2021-01-29,81.09259456663784,81.03570682814784,55.86804691910757,40.54629728331892
2021-01-30,44.12302130732832,83.7963061058728,68.88435476168864,22.06151065366416
2021-01-31,75.14840511341899,86.24416722216932,59.0072536080685,37.57420255670949
2021-02-01,88.63613956074727,93.13899010931806,54.90225463092595,44.318069780373634
2021-02-02,65.87689330358025,78.413852172504,59.69568909338652,32.93844665179012
2021-02-03,94.32365531213787,95.9725019095896,52.60955767002231,47.16182765606894
2021-02-04,7.226722490215709,74.68552587240178,72.9015714223529,3.6133612451078543
2021-02-05,76.21779217346362,90.46797498382575,59.62417791384419,38.10889608673181
2021-02-06,94.37303661310094,98.98430933034464,52.75632915134387,47.18651830655047
2021-02-07,99.17265137838882,97.99904716531682,50.39711945510875,49.58632568919441
2021-02-08,45.54842586771992,70.73392097352715,61.2899463494285,22.77421293385996
2021-02-09,77.20208891311732,68.95619628500138,54.32161677450957,38.60104445655866
2021-02-10,99.918412391857,100.0,50.04079380407149,49.9592061959285
2021-02-11,8.319349681014423,73.3612201112881,71.41655717203058,4.159674840507211
2021-02-12,57.65265662172878,92.89134850094098,68.16334662926447,28.82632831086439
2021-02-13,24.69294515535689,72.93203067549112,67.26943691778247,12.346472577678448
2021-02-14,2.374732842555213,68.67793724154707,68.2343861315602,1.1873664212776065
2021-02-15,7.876782802779668,70.8945478289259,69.24872967881849,3.938391401389834
2021-02-16,44.20660588472518,53.12083675841152,51.74122075231491,22.10330294236259
2021-02-17,5.052639911343308,66.0262449248418,65.21649647747961,2.526319955671654
2021-02-18,67.57181869558516,59.742364784166526,53.159271715546986,33.78590934779258
2021-02-19,53.24788044486001,88.59110241004522,68.04215833639086,26.623940222430004
2021-02-20,3.3637425048977896,68.41247348115627,67.79312528446756,1.6818712524488948
2021-02-21,5.206498723606357,68.93073358106133,67.94510517879405,2.6032493618031785
2021-02-22,3.724987335359676,66.62213269752529,66.00296035967578,1.862493667679838
2021-02-23,2.6117586527615617,70.85090991847716,70.30633447450181,1.3058793263807809
2021-02-24,5.66639621633388,68.31146055347644,67.27386064551877,2.83319810816694
2021-02-25,2.20571356199191,60.90234692762528,60.66187238286723,1.102856780995955
2021-02-26,3.6205470398030624,61.720344446680166,61.29600386276116,1.8102735199015312
2021-02-27,27.87038904642692,58.71783483844083,56.28814035254243,13.93519452321346
2021-02-28,10.058839124258576,61.26958847700416,60.13599870213633,5.029419562129288
2021-03-01,3.455836374142175,58.12078280902837,57.840141842848894,1.7279181870710876
2021-03-02,1.6120733329111518,55.81998769022821,55.726165220695336,0.8060366664555759
2021-03-03,99.92038310702954,99.5049504950495,50.03941430345073,49.96019155351477
2021-03-04,96.88645699463072,93.65662192960244,51.35926769846965,48.44322849731537
2021-03-05,35.20910111826392,47.04762253510812,48.08712810211473,17.60455055913196
2021-03-06,21.50215440566075,56.92178309564097,55.433450606791325,10.751077202830375
2021-03-07,9.208391696936603,55.72968873935517,55.20207655722007,4.604195848468302
2021-03-09,61.734294590556594,41.79190811151395,46.85911573821551,30.867147295278297
2021-03-10,28.848541892415625,49.141539060111725,49.389192523985415,14.424270946207812
2021-03-11,100.0,-1.0,50.0,50.0
2021-03-12,88.83312669293764,51.38785757222163,50.154980296772464,44.41656334646882
2021-03-13,15.698852394143254,51.6338151143741,51.377324891175306,7.849426197071627
2021-03-14,96.68368050765623,34.15735678630853,49.47460733500188,48.34184025382812
2021-03-15,62.37355669838208,35.72231502200931,44.62781495697271,31.18677834919104
2021-03-16,64.65898220398611,28.55209440187909,42.42009186569583,32.32949110199306
2021-03-17,57.54503302619565,33.17411990354087,42.85657816199635,28.772516513097823
2021-03-18,77.90474460050875,50.15999570961226,50.03535146066705,38.952372300254375
2021-03-19,54.66481065519314,44.51471640176562,47.51218007529501,27.33240532759657
2021-03-20,45.952911784703446,44.546677978994175,47.05263823664279,22.976455892351723
2021-03-21,55.34190145995501,42.68350979072979,46.73259459267137,27.670950729977505
2021-03-22,31.31144947597389,44.36198021626228,46.12715048447696,15.655724737986947
2021-03-23,14.80446816845454,51.18133641730181,51.00644584344,7.4022340842272705
2021-03-24,4.377401496594871,52.77578907727516,52.65386396102997,2.1887007482974354
2021-03-25,17.94666846047618,53.54059971258548,52.90518002065519,8.97333423023809
2021-03-26,13.177533851961476,49.73247165202173,49.76772529064016,6.588766925980738
2021-03-27,93.07793391658478,35.03221025027079,48.96391970229709,46.53896695829239
2021-03-28,63.4869642871255,43.3006871922515,47.55387752198962,31.74348214356275
2021-03-29,50.20792157482805,39.24216442793179,44.64345007510475,25.103960787414024
2021-03-30,3.992401456387526,48.104636591478695,48.18030710780434,1.996200728193763
2021-03-31,4.222107887758737,47.93596747134321,48.02311315154154,2.1110539438793685
2021-04-01,8.807186955833465,46.94739308932152,47.21624188697167,4.403593477916733
2021-04-02,26.20435327959989,40.236886269925954,42.79524708284368,13.102176639799945
2021-04-03,27.16612815838076,44.48299641086623,45.98175267639277,13.58306407919038
2021-04-04,6.804586241276171,43.06001324570788,43.53071737169444,3.402293120638085
2021-04-05,58.00731853818918,23.71806333223545,38.96351005311077,29.00365926909459
2021-04-06,25.312486407187286,36.79306218829085,40.13606652668541,12.656243203593643
2021-04-07,86.35944046012924,26.29995951182833,46.767181866237465,43.17972023006462
2021-04-08,17.46197511817876,38.83040431060105,40.77315611463834,8.73098755908938
2021-04-09,52.85582799063002,47.66433449243789,48.8988698355514,26.42791399531501
2021-04-10,98.97909711190908,40.61776061776062,49.90421644717912,49.48954855595454
2021-04-11,99.6949248742649,100.0,50.15253756286755,49.84746243713245
2021-04-12,100.0,-1.0,50.0,50.0
2021-04-13,92.61522187883595,70.96343028229256,51.54642227037524,46.307610939417984
2021-04-14,18.814509461057945,58.8221534562998,57.15998148536434,9.407254730528972
2021-04-15,90.54489645349778,35.63112872939704,48.64140834290088,45.27244822674889
2021-04-16,44.84575225439013,45.653686921956506,47.588198069925646,22.422876127195064
2021-04-17,44.51747361261058,47.39089217873512,48.55240106459127,22.25873680630529
2021-04-18,89.16681130378528,28.48195754287587,47.66890985688815,44.58340565189264
2021-04-19,97.24191002367796,58.83531263413936,50.24368587213891,48.62095501183899
2021-04-20,68.01959854591433,25.385489769694576,42.128180812391335,34.00979927295717
2021-04-21,74.32665118556783,40.928808761998525,47.67112143184367,37.16332559278391
2021-04-22,62.74878743917432,27.479652365843567,41.61089743336351,31.37439371958716
2021-04-23,7.918429373656946,45.04046451457625,45.4319341166414,3.959214686828473
2021-04-25,34.81290108168417,36.7230506849232,41.34514191664623,17.406450540842084
2021-04-26,99.90579981475275,100.0,50.04710009262361,49.952899907376384
2021-04-27,82.76136861249078,31.07764835114539,46.73804554940568,41.38068430624539
2021-04-28,78.49795376617631,15.674603174603174,42.61933730465973,39.24897688308816
2021-04-29,99.77849161460696,32.91814946619217,49.96216226868731,49.88924580730348
2021-04-30,94.27261862030063,29.6831955922865,48.83637912740268,47.13630931015032
2021-05-01,83.34070481937226,21.98596690845304,45.333059535280455,41.67035240968613
2021-05-02,80.17858623835458,14.805738194859533,43.02399974724637,40.08929311917729
2021-05-03,40.23803214106312,34.027101993260914,40.4498404021786,20.11901607053156
2021-05-04,77.90208464191328,16.752475955522186,42.65299027799176,38.95104232095664
2021-05-05,84.76620643638043,23.525295459257723,45.9668981636851,42.383103218190215
2021-05-06,74.9540111004966,23.589767837722825,43.38529618430298,37.4770055502483
2021-05-07,65.06114033840467,29.22756921129085,42.74234955843089,32.530570169202335
2021-05-08,22.3181926090053,25.94280999144289,31.311426762681016,11.15909630450265
2021-05-09,5.167500474954088,33.48706176961603,34.34036793109999,2.583750237477044
2021-05-10,59.39347241978821,23.61555752332947,39.28619408882567,29.696736209894105
2021-05-11,98.17114748670733,100.0,50.91442625664634,49.08557374335366
2021-05-12,95.64262507097344,22.115645642928243,48.78497413412404,47.82131253548672
2021-05-13,88.52491358765133,17.894230107970564,46.3158351615398,44.26245679382566
2021-05-14,79.57914438924998,26.98830126655709,45.30081422806283,39.78957219462499
2021-05-15,93.86758043083088,23.006687242798357,48.344656806110336,46.93379021541544
2021-05-16,96.73245899312906,13.318856315598987,48.80142858832295,48.36622949656453
2021-05-17,53.40984993103231,20.39685301331613,36.20349620776469,26.704924965516152
2021-05-18,65.57111962456462,16.14225672354792,38.34315806952829,32.78555981228231
2021-05-19,83.50781931328947,20.871916349627927,45.19614381380445,41.75390965664474
2021-05-20,45.39591530081654,24.785588039289543,36.22807884695229,22.69795765040827
2021-05-21,90.71197896515513,15.030179376009524,46.75199570459624,45.35598948257756
2021-05-22,85.61570014646837,22.686976808014272,46.07121284500014,42.807850073234185
2021-05-23,79.34535775077308,31.897590937793,46.25622514385464,39.67267887538654
2021-05-24,100.0,-1.0,50.0,50.0
2021-05-25,69.52244474183908,26.993197278911563,42.98510526585896,34.76122237091954
2021-05-26,28.35729350918638,22.19454401847014,30.07941878272018,14.17864675459319
2021-05-27,90.42741792193948,14.61804982676126,46.61303377884824,45.21370896096973
2021-05-28,18.303175658561297,23.71805740583747,28.52848752532928,9.151587829280649
2021-05-29,93.2799451134401,10.54391832423869,47.34852965530294,46.63997255672005
2021-05-30,16.08276473475074,23.899222758828856,28.09694935646777,8.04138236737537
2021-05-31,17.625248796084158,26.534180705470927,30.669879746910578,8.812624398042079
2021-06-01,11.531048784445334,24.25630518998327,27.22482319744502,5.765524392222667
2021-06-02,51.62258451002179,22.657871936965652,36.772585103143946,25.81129225501089
2021-06-03,46.10286121052736,19.3914313177339,33.502857255847985,23.05143060526368
2021-06-04,69.69181939992332,18.805425143453316,40.54549191505172,34.84590969996166
2021-06-06,87.07458549355782,15.167715525142054,45.49778284956151,43.53729274677891
2021-06-07,98.13075270512644,28.764234500210883,49.603051027849496,49.06537635256322
2021-06-08,75.18468943351377,14.716458757637474,41.24427966185349,37.59234471675688
2021-06-09,78.51127700754434,18.26186055916034,43.17987913259865,39.25563850377217
2021-06-10,58.77363973888048,13.174956361613566,34.81837484332433,29.38681986944024
2021-06-11,81.21849452688006,21.91302885726896,44.724843977594354,40.60924726344003
2021-06-12,23.18553253793949,13.782622582606097,22.179814408104317,11.592766268969749
2021-06-13,2.92769615603825,13.91834754280169,14.974708694826166,1.463848078019125
2021-06-14,0.4159806218732189,14.547405655690469,14.694881578114115,0.2079903109366094
2021-06-15,1.9283135963523528,15.405353049430149,16.072446330188082,0.9641567981761764
2021-06-16,39.11584257048434,12.204655390708698,26.98862288705112,19.55792128524217
2021-06-17,19.84202986870118,18.623249935822752,24.84903405538452,9.92101493435059
2021-06-18,34.37324406245796,25.898413004678986,34.182910325506306,17.18662203122898
2021-06-19,15.257332595462092,10.43790989915198,16.474029567554748,7.628666297731046
2021-06-20,96.2874643290712,34.92939802526808,49.44049852586438,48.143732164535606
2021-06-21,14.657475157995544,11.968487141678027,17.54294669109645,7.328737578997773
2021-06-22,22.09335901807293,15.281155593917392,22.951714535479358,11.046679509036467
2021-06-23,6.43651142268074,7.471429659016893,10.208785946917082,3.21825571134037
2021-06-24,32.31956010048064,10.50465847585425,23.269379116640625,16.15978005024032
2021-06-25,35.10509488612083,11.677083015761715,25.13037938620788,17.552547443060416
2021-06-26,21.512221369394744,10.054390289392634,18.647578277692933,10.756110684697372
2021-06-27,7.102006245522658,8.758632736444314,11.687597215240974,3.551003122761329
2021-06-29,36.93177323143621,12.262997133700036,26.19994145662252,18.465886615718105
2021-06-30,61.124306892149846,11.919358282246012,35.19565105700182,30.562153446074923
2021-07-01,75.0779000746419,11.980033277870216,40.52462590192292,37.53895003732095
2021-07-02,22.14206612877709,10.733734303247044,19.4280968201234,11.071033064388546
2021-07-03,41.96035068320038,8.528387131892657,25.930021325329754,20.98017534160019
2021-07-04,99.17621183574688,27.6555023923445,49.81592867334631,49.58810591787344
2021-07-05,56.12923874475466,4.249340262453954,29.92883729384152,28.06461937237733
2021-07-06,10.567262222749848,6.424750332963128,11.029461229496844,5.283631111374923
2021-07-07,57.83924501171275,11.349517928921454,33.70466495222068,28.91962250585637
2021-07-08,86.79189439829523,18.147594861069617,45.79290069256724,43.395947199147614
2021-07-09,17.9606309807429,7.03611156669979,14.752697023182924,8.98031549037145
2021-07-10,31.31589670956588,10.789825353670338,23.068843145555324,15.657948354782938
2021-07-11,29.58919179887375,8.058406303744253,20.46858490603371,14.794595899436874
2021-07-12,7.666189145765234,9.364311980867642,12.479520685097391,3.833094572882617
2021-07-13,99.85534950633584,67.30245231607628,50.025028082691215,49.92767475316792
2021-07-14,98.66382351434125,37.10914454277286,49.827755420580274,49.331911757170616
2021-07-15,98.3440640610646,23.547619047619047,49.56196551710542,49.1720320305323
2021-07-16,89.71523481883601,18.63899650926388,46.77459443252114,44.857617409418005
2021-07-17,96.08442165098413,16.883116883116884,48.70328249480643,48.04221082549206
2021-07-18,81.49823020373374,14.586132616716789,43.44780778078992,40.74911510186687
2021-07-19,0.1674226412405899,4.275049458631176,4.351603378533488,0.0837113206202949
2021-07-20,7.057436149079138,8.688858232849649,11.604365685521849,3.528718074539569
2021-07-21,3.333676344869075,7.436097952432228,8.85504068644524,1.6668381724345376
2021-07-22,56.38686059245144,29.19080122191101,40.92445512731816,28.19343029622572
2021-07-23,4.435710497360025,7.645984418940803,9.524685934123346,2.2178552486800127
2021-07-24,56.289535549892335,20.51360854748755,37.11136134652996,28.144767774946168
2021-07-25,74.7467132916813,16.475993998499625,41.53408664832715,37.37335664584065
2021-07-26,83.40854802092586,17.33615725096378,44.58059421577337,41.70427401046293
2021-07-27,81.34699067310046,23.28845421059317,45.0174928725429,40.67349533655023
2021-07-28,66.79387352793613,11.806555231693537,37.31743642619829,33.396936763968064
2021-07-29,0.2283737572034703,5.345546435839559,5.447525489202711,0.1141868786017351
2021-07-30,31.53579462122021,9.75488639316338,22.446502765292127,15.767897310610104
2021-07-31,34.32859437179091,16.875481881264456,28.24666334385557,17.164297185895457
2021-08-01,95.15788809639275,24.427978177672827,48.76177408734805,47.578944048196384
2021-08-02,74.84923045327625,15.285323953393425,41.26899182862627,37.424615226638124
2021-08-03,97.87261739459731,29.83497125903949,49.57101268619036,48.93630869729866
2021-08-04,100.0,-1.0,50.0,50.0
2021-08-05,27.224290082314457,7.356577981900698,18.965946893133605,13.612145041157229
2021-08-06,13.96233134174811,6.898359570094232,12.91635342064654,6.981165670874055
2021-08-07,91.83246734288882,26.41773741667472,48.0739110022212,45.91623367144441
2021-08-08,40.742689202605895,12.416476980688744,27.72901495583657,20.371344601302948
2021-08-09,27.326103556464663,11.922105354848544,22.327310277704143,13.663051778232331
2021-08-10,0.6938287632195554,4.416447790580424,4.73271958710658,0.3469143816097777
2021-08-11,16.948562292733506,7.704439975984675,14.872929313715405,8.474281146366753
2021-08-12,0.4611012602115129,5.074137841910844,5.28129155848268,0.2305506301057564
2021-08-13,16.74757953794596,6.782850869480497,14.02067729414697,8.37378976897298
2021-08-14,0.2620163384206193,3.9278712985229807,4.048587803179026,0.1310081692103096
2021-08-16,45.19008669788634,20.77256687617714,33.980469244399444,22.59504334894317
2021-08-17,10.645217446350571,4.005826979446171,8.902006710134835,5.322608723175287
2021-08-18,37.64091577466125,11.707582989458738,26.12119942447863,18.820457887330623
2021-08-19,25.18319511268676,11.925072320441696,21.51355564699924,12.59159755634338
2021-08-20,24.196464960213987,11.385037791790204,20.72849359189956,12.098232480106994
2021-08-21,5.095009479179447,10.873028450368246,12.86655135973783,2.547504739589724
2021-08-22,88.18751505435361,5.405315059334781,44.73225955482549,44.093757527176805
2021-08-23,45.498401811149,11.509826522549169,29.02224030912805,22.749200905574497
2021-08-24,57.745194054369975,8.472818011046627,32.45276983587913,28.872597027184987
2021-08-25,35.69671515237802,12.291815296809268,25.752398579439845,17.84835757618901
2021-08-26,3.267562604869092,4.829425746300713,6.305402539019217,1.633781302434546
2021-08-27,39.40029107476192,10.70743327024734,26.188818932514952,19.70014553738096
2021-08-28,71.4761801346469,11.577009330269387,39.04029535448461,35.73809006732345
2021-08-29,87.68405325175527,13.338241413527095,45.48475733551996,43.84202662587764
2021-08-30,68.90588941927733,8.93783041886946,37.232083583599405,34.452944709638665
2021-08-31,31.57526254375729,8.928943048072698,21.897237110139827,15.787631271878649
2021-09-01,0.6546450509784054,3.1796559389965022,3.4861630042429232,0.3273225254892027
2021-09-02,10.004472289614394,7.174929306166964,11.459351636739266,5.002236144807197
2021-09-03,16.202171951431872,8.377373817518903,15.121143282306196,8.101085975715936
2021-09-04,34.46159200753051,8.172305166982486,22.586794706491904,17.230796003765256
2021-09-05,30.043865721055152,10.412696976721833,22.30625313962273,15.021932860527576
2021-09-06,17.887768144387415,13.362569576636709,19.916188184829192,8.943884072193708
2021-09-07,14.638759947605651,5.287728261020736,11.833050388011031,7.319379973802826
2021-09-08,57.89504903511546,11.954918995069264,33.98113729832332,28.94752451755773
2021-09-09,10.740727550442998,6.58604057313094,11.24901567403081,5.370363775221499
2021-09-10,9.439099583272322,7.088606488602993,11.139055654713612,4.719549791636161
2021-09-11,33.67959271668572,5.219019897886148,20.30107161081817,16.83979635834286
2021-09-12,47.38656944235743,10.62366593512311,29.28275982063064,23.693284721178717
2021-09-13,17.084414967709257,8.438846757758995,15.539326643028998,8.542207483854629
2021-09-14,3.8192259438237377,5.480229940868821,7.180540549097832,1.9096129719118689
2021-09-15,90.97291558961771,14.680423187898924,46.81167198778183,45.48645779480886
2021-09-16,99.08749413670638,56.025917926565874,50.05498685439718,49.54374706835319
2021-09-17,16.817818506999675,8.585644767699062,15.55063586651156,8.408909253499838
2021-09-18,11.646128641641145,7.266025296499337,12.242878964155407,5.823064320820572
2021-09-19,98.48187915758096,94.75324675324676,50.67940836662027,49.24093957879048
2021-09-20,26.58909453460677,6.5966402405833495,18.13720059821012,13.294547267303386
2021-09-21,12.504847146712253,7.556427870461237,12.86393168886462,6.2524235733561255
2021-09-22,81.57014512785072,6.546101266365254,41.991509527100405,40.78507256392536
2021-09-24,0.0300804255588626,2.9392667669649217,2.95342283579254,0.0150402127794313
2021-09-25,0.6035827086417213,3.31816208941079,3.599925591115263,0.3017913543208606
2021-09-26,99.6665549928069,11.229314420803782,49.87072108468163,49.83327749640345
2021-09-27,6.925622189854981,7.32571292492707,10.281172819960736,3.4628110949274906
2021-09-28,12.815186728230207,6.361949019091746,11.954246736855431,6.407593364115104
2021-09-29,48.15236739053044,15.170588055784432,31.9417744551244,24.076183695265215
2021-09-30,12.19414725246898,7.11437158937801,12.343908267915928,6.09707362623449
2021-10-01,28.33803418634366,13.572355165466035,23.89523361195612,14.16901709317183
2021-10-02,29.9079360181042,6.768869522024791,19.698408365280763,14.9539680090521
2021-10-03,99.65236584356462,58.27664399092971,50.02877244151903,49.82618292178231
2021-10-04,70.4177245679222,9.108625430470648,37.90340094687921,35.2088622839611
2021-10-05,92.11840931869658,54.20046059877841,50.33106311112514,46.05920465934829
2021-10-06,96.43631489730753,67.36725663716814,50.61891433752513,48.21815744865376
2021-10-07,87.1056555249643,26.705414499847045,46.99631590157856,43.55282776248215
2021-10-08,22.59164737768809,13.28678477596377,21.580904900389736,11.295823688844049
2021-10-09,13.052976515565264,10.369783701114269,15.54270652767554,6.526488257782632
2021-10-10,6.029231920021847,5.780108240149936,8.446228069133927,3.014615960010924
2021-10-11,2.349043759103287,5.927748347323495,6.963024824266988,1.1745218795516434
2021-10-12,78.80528772121012,10.96145606289238,41.725892934701065,39.40264386060506
2021-10-13,16.400254868825666,7.751882938283177,14.680681813684556,8.200127434412833
2021-10-14,9.312468338399189,4.17426748479109,8.441774316109422,4.656234169199594
2021-10-15,2.1515249863451777,6.250252809216009,7.191539551488574,1.0757624931725889
2021-10-16,2.31302640744728,6.4137886326434685,7.421949211576215,1.15651320372364
2021-10-17,0.8580837185738712,5.0748938072881735,5.460388829079856,0.4290418592869356
2021-10-18,1.1636375150402127,4.997276906565859,5.520945475270723,0.5818187575201064
2021-10-19,99.97635141792956,80.0,50.00709457462113,49.98817570896478
2021-10-20,2.5259641567981763,5.168227259069167,6.300661769362296,1.2629820783990882
2021-10-21,97.71903746140896,44.42523768366465,49.8728417599489,48.85951873070448
2021-10-22,1.843965455826361,5.338241876106338,6.16178926787566,0.9219827279131804
2021-10-23,1.758121714900893,4.8663653138018,5.659869545943892,0.8790608574504465
2021-10-24,0.2485593059337597,3.65753011570143,3.772718637198405,0.1242796529668798
2021-10-25,97.641755017039,27.69693928750627,49.47403918970087,48.8208775085195
2021-10-26,3.776631744762704,4.13998198398302,5.871945982529813,1.888315872381352
2021-10-27,0.4733709074789436,3.736976059810705,3.95597175606358,0.2366854537394718
2021-10-28,0.5651953644481034,3.6015093858964766,3.863751504021278,0.2825976822240517
2021-10-29,6.679273797608073,4.4636346678876055,7.505133185898476,3.3396368988040366
2021-10-30,52.02707500059167,2.875349449103766,27.392926734985284,26.01353750029584
2021-10-31,47.40732546608881,10.853283854538352,29.41169498690329,23.703662733044403
2021-11-01,91.3045707501962,100.0,54.34771462490189,45.6522853750981
2021-11-02,18.398006407974368,45.47450775092342,46.30710810490091,9.199003203987184
2021-11-03,99.59915653390615,100.0,50.20042173304692,49.79957826695308
2021-11-04,93.66177746234524,79.66407465007777,51.88017506505796,46.83088873117262
2021-11-05,4.210368001519817,54.52021287145077,54.329895275110616,2.1051840007599085
2021-11-06,1.184614653916788,50.35748188558177,50.35324710278006,0.592307326958394
2021-11-07,2.0548297602039,46.68196750457611,46.75014742374531,1.02741488010195
2021-11-08,44.96084540748024,59.72850029417251,55.35448431644336,22.48042270374012
2021-11-09,22.078055446936755,50.94534726939103,50.73663297508877,11.039027723468378
2021-11-10,22.32750751771256,45.90440821102435,46.818851775602695,11.16375375885628
2021-11-11,35.31230869487944,50.82974124772569,50.53674045696005,17.65615434743972
2021-11-12,4.314343152929258,34.48695148682741,35.156237633166064,2.157171576464629
2021-11-13,92.69319458404776,82.28947510384637,52.35932911567039,46.34659729202389
2021-11-14,90.91514917310072,95.31229654064846,54.11655454696015,45.457574586550365
2021-11-15,98.20861990816468,55.181518151815176,50.092820684626446,49.10430995408234
2021-11-16,98.07884841270467,85.82273286828067,50.68820900111154,49.03942420635234
2021-11-17,52.40179152773119,42.45861002644647,46.41043347868121,26.2008957638656
2021-11-18,77.22193265099823,39.779838779578746,47.67204479403589,38.61096632549911
2021-11-19,46.09726874058374,22.078598519583608,34.94960199614848,23.04863437029187
2021-11-20,10.777059377497803,31.07066514107306,33.110690798585004,5.388529688748902
2021-11-21,3.709478899939448,27.078058724887384,27.9283432999442,1.854739449969724
2021-11-22,98.8754655998108,100.0,50.5622672000946,49.437732799905405
2021-11-23,23.52743423732701,29.013105495619435,33.950783298594764,11.763717118663507
2021-11-24,4.090412563720989,25.876391187187664,26.86314631288985,2.0452062818604944
2021-11-25,96.05283384771838,44.11823447173956,49.76783694191194,48.02641692385919
2021-11-26,93.61966432154463,65.7209963532975,51.003052339338105,46.80983216077232
2021-11-27,90.5975079824288,52.2100491122025,50.20779969135924,45.2987539912144
2021-11-28,78.8417487709006,93.81731450080125,59.27097748392413,39.4208743854503
2021-11-29,55.82010373165552,78.78904295618612,62.71896931469216,27.91005186582776
2021-11-30,35.445640869493005,63.73838416632465,58.86872585345792,17.722820434746502
2021-12-01,10.930797600392548,52.828042739409554,52.5189151115121,5.465398800196274
2021-12-02,95.78152718098318,88.58050649472013,51.62750817991879,47.89076359049159
2021-12-03,5.55362075652401,53.570306181882174,53.3720249166937,2.776810378262005
2021-12-04,67.76625006412812,64.41723800195886,54.64721644521091,33.88312503206406
2021-12-05,89.44802567432608,54.63319741124537,50.4888938012924,44.72401283716304
2021-12-06,35.06074892028286,59.90499101677883,56.43222698580943,17.53037446014143
2021-12-07,17.68565687887609,54.38191017552627,53.60694057714214,8.842828439438046
2021-12-08,99.16126031673458,100.0,50.4193698416327,49.58063015836729
2021-12-09,99.83445992550696,100.0,50.08277003724652,49.91722996275348
2021-12-10,94.1502487326853,99.67654986522912,52.90595460529946,47.07512436634265
2021-12-11,49.45521969115938,64.95451736787355,57.558727949839096,24.72760984557969
2021-12-12,4.55187699127303,66.9262410641721,66.15577939168465,2.275938495636515
2021-12-13,29.866246925103024,64.07272071096676,59.86972719434931,14.933123462551512
2021-12-14,73.55720313917261,71.45009022982507,55.672003785936816,36.77860156958631
2021-12-15,19.458386233027603,58.681784923320194,56.992449681019785,9.729193116513802
2021-12-16,4.075567567995378,53.288751742972416,53.15471644354395,2.037783783997689
2021-12-17,2.360889578443673,49.98256949905552,49.98298101393578,1.1804447892218366
2021-12-18,4.221210922041947,48.73095817512488,48.784527107241786,2.110605461020973
2021-12-19,3.22756830136108,47.39031213191991,47.47454159031452,1.61378415068054
2021-12-20,27.76174170231948,53.85457491296828,52.78447778190761,13.880870851159738
2021-12-21,53.05883235128127,64.5611232554229,56.83516127886463,26.529416175640637
2021-12-22,19.238009364717797,50.22231145148811,50.17954315363199,9.619004682358897
2021-12-23,39.41583907900564,62.26866957270758,57.43287051679423,19.707919539502814
2021-12-24,99.94678880278748,9.62962962962963,49.9785184426068,49.97339440139374
2021-12-25,96.64031153188236,80.63115908024402,51.02911151926973,48.32015576594117
2021-12-27,53.3247026969423,67.68986191092282,58.25679563942359,26.66235134847115
2021-12-28,53.42924239733191,63.38457887689205,56.23329978489531,26.71462119866596
2021-12-29,71.19136653148902,58.45498033087984,52.43576429335787,35.59568326574451
2021-12-30,34.38902408191644,43.44703013517175,45.700532520068265,17.19451204095822
2021-12-31,4.796786576437532,41.81669292385968,42.20922869919664,2.3983932882187657
2022-01-01,5.12606405502416,39.613574932425664,40.14598973441662,2.56303202751208
2022-01-02,47.320944837050014,41.78096074589555,45.6702877774658,23.660472418525007
2022-01-03,66.39599954253444,56.12369440206548,52.05780629488388,33.19799977126722
2022-01-04,98.41343045898176,75.45341614906832,50.40383614776973,49.20671522949088
2022-01-05,99.7820389019175,98.55334538878844,50.10582740476519,49.89101945095875
2022-01-06,14.47280983497619,57.386124510343485,56.317144755786906,7.236404917488095
2022-01-07,29.25648383093425,67.64530060170623,62.4829060842483,14.628241915467129
2022-01-08,17.032919205507635,50.80904759860938,50.67124317480415,8.516459602753818
2022-01-09,98.2917706227115,94.6931241347485,50.76346107609779,49.14588531135575
2022-01-10,25.47629123671585,51.05373490778824,50.78528233381717,12.738145618357926
2022-01-11,3.095517001203065,47.10984783514249,47.19931298676629,1.5477585006015324
2022-01-12,6.976523332238574,47.52220445109917,47.6950684356934,3.488261666119287
2022-01-13,4.330258382900584,45.38004922542349,45.58010503112546,2.165129191450292
2022-01-14,15.422174916016097,47.36632811074568,47.772497596220425,7.711087458008048
2022-01-15,4.346157042618617,41.15415327201791,41.53860766256535,2.1730785213093085
2022-01-16,4.308471691765777,40.91298251709205,41.30449409296895,2.1542358458828885
2022-01-17,7.239041917115463,37.806235842657806,38.68894754128201,3.619520958557732
2022-01-18,2.283726617623199,37.729316000485966,38.0095448771473,1.1418633088115997
2022-01-19,6.103997847556343,38.5012789232604,39.20316061028109,3.0519989237781715
2022-01-20,24.871140647560274,31.616137151040952,36.18841353666014,12.435570323780135
2022-01-21,13.171449595290657,38.72562420266084,40.21062292799101,6.585724797645328
2022-01-22,29.48388372552897,35.08749298934381,39.48427921692704,14.741941862764484
2022-01-23,14.867762970466272,40.546030034440605,41.95162388021905,7.433881485233136
2022-01-24,6.529455759969292,37.6069533998586,38.41615189492721,3.264727879984646
2022-01-25,3.0925101414860987,38.39606960683817,38.754922331057685,1.5462550707430494
2022-01-26,6.426262202577628,37.2308889386949,38.05146549643271,3.213131101288814
2022-01-27,99.06586259903038,97.38396624472574,50.4426313507548,49.53293129951519
2022-01-28,34.22807378345883,30.61700630776354,37.25143169018541,17.114036891729416
2022-01-29,21.62865779353348,34.60536545471067,37.9350182790764,10.81432889676674
2022-01-30,18.05072005064093,38.53911700098969,40.60788890647255,9.025360025320465
2022-01-31,30.9657315944734,30.881325252895557,36.80156275950428,15.4828657972367
2022-02-01,35.6860946113752,28.60085594116634,36.2373747360262,17.8430473056876
2022-02-02,89.38669192517168,14.00416480737766,46.17965111689952,44.69334596258584
2022-02-03,28.70929068557433,46.599473853633626,47.575740789832906,14.354645342787167
2022-02-04,6.833696757674454,41.997527833116,42.544392514118144,3.416848378837227
2022-02-05,7.301572226245454,38.899798504149445,39.71028773362775,3.650786113122727
2022-02-06,18.579133345731822,45.25286004490538,46.13483750727092,9.289566672865911
2022-02-07,70.9989449851231,34.70127392874174,45.56320803549907,35.49947249256155
2022-02-08,17.292391205434683,45.27915576370186,46.09550261724175,8.646195602717341
2022-02-09,5.251161428695797,40.94831186621895,41.42363062214589,2.6255807143478984
2022-02-10,2.2464040519953308,40.32699422760871,40.544289021229446,1.1232020259976654
2022-02-11,80.45079865904161,42.93985918050316,48.619798856241374,40.225399329520805
2022-02-12,5.4568839289247695,38.293686506125965,38.932486445842734,2.7284419644623847
2022-02-13,9.012377922345156,39.43496583787452,40.38712664419013,4.506188961172579
2022-02-14,28.972158258321123,46.17831384259491,47.28553880425466,14.486079129160562
2022-02-15,100.0,-1.0,50.0,50.0
2022-02-16,58.22070915711566,97.72654226457188,69.9398109019676,29.11035457855783
2022-02-17,18.058626459036237,63.90075543648782,61.39046993722832,9.029313229518117
2022-02-18,30.933269011767685,59.29740592098107,56.42141433632798,15.466634505883842
2022-02-19,91.47163057661302,67.15355458999723,51.46291850467731,45.73581528830651
2022-02-20,17.22580211312455,44.53009261471704,45.47232803667707,8.612901056562276
2022-02-21,68.55926749240919,42.15549611322509,47.533630516411534,34.279633746204595
2022-02-22,32.4572052211805,35.543378353853086,40.23559370959259,16.22860261059025
2022-02-23,6.253363938578439,43.63535813643252,44.03336235554852,3.12668196928922
2022-02-24,90.5523731426251,81.27608078784844,52.95484740844704,45.27618657131255
2022-02-25,34.62062968160168,33.22309552599758,39.03136549597802,17.31031484080084
2022-02-26,12.591015575535014,37.63343987396213,39.19051538558946,6.295507787767507
2022-02-27,9.590222633700892,40.9184798781662,41.7894178763744,4.795111316850447
2022-02-28,6.840762063030446,39.49865361908888,40.21702573842167,3.420381031515223
2022-03-01,10.017053840279509,41.56182803973388,42.407084268129104,5.008526920139754
2022-03-02,28.12596333973584,45.381062355658194,46.68018306419104,14.062981669867918
2022-03-03,17.66665611547227,42.28107609353825,43.64475183590783,8.833328057736136
2022-03-04,22.386395095906664,42.80596801973034,44.41645244215938,11.193197547953332
2022-03-05,13.585928534684024,41.97374265604894,43.06418424280796,6.792964267342012
2022-03-06,19.22054600542683,42.16672787366875,43.67232554644052,9.610273002713416
2022-03-07,4.919725995955631,39.62999188396146,40.14016786902892,2.4598629979778157
2022-03-08,34.3447344627861,48.753089463651065,49.18133757634861,17.17236723139305
2022-03-09,5.283672928299229,39.15337725766761,39.72647732713897,2.6418364641496144
2022-03-10,11.775203890641016,38.53340629373139,39.88362108195593,5.887601945320507
2022-03-11,34.12780506293132,47.805500782144335,48.55443519732167,17.06390253146566
2022-03-12,81.01356794237968,52.90961274489414,50.5524316469492,40.50678397118984
2022-03-13,8.350415918066911,38.25547404282513,39.23619080785456,4.175207959033456
2022-03-14,6.347020580332942,37.94792058374916,38.71286854465667,3.173510290166471
2022-03-15,100.0,-1.0,50.0,50.0
2022-03-16,66.90917847316251,58.56655452962089,52.83474327039605,33.454589236581256
2022-03-17,100.0,-1.0,50.0,50.0
2022-03-18,61.14322973266682,49.22861007434226,49.70026278872182,30.57161486633341
2022-03-19,21.16679457864213,34.42463354292855,37.72143936576759,10.583397289321065
2022-03-20,33.41433201809411,29.85473824354524,36.58614289276117,16.707166009047054
2022-03-21,19.7379245969592,33.158063323888136,36.48231208568672,9.868962298479598
2022-03-22,7.397997546400728,32.98517923383306,34.24393525663857,3.698998773200364
2022-03-23,3.353016606772524,33.14837261871612,33.71341048332199,1.6765083033862618
2022-03-24,4.534193446256134,32.77133606662714,33.55251701757163,2.267096723128067
2022-03-25,5.402656408308005,32.82640437451103,33.754234739108405,2.7013282041540023
2022-03-26,11.139071223109823,31.898854791885583,33.91515424881598,5.569535611554912
2022-03-27,5.033323307318463,30.692871252469185,31.664661463692635,2.516661653659232
2022-03-28,9.234684386959913,29.947587361664645,31.79936438078578,4.6173421934799554
2022-03-29,70.51080325418702,39.83738750183875,47.00312720590265,35.25540162709351
2022-03-30,100.0,-1.0,50.0,50.0
2022-03-31,99.8580766228544,91.66666666666666,50.05913474047734,49.9290383114272
2022-04-17,5.792908564892687,25.32243292974953,26.751981826169207,2.8964542824463435
2022-04-18,14.89013141493643,21.53457750997294,25.77311632655484,7.445065707468215
2022-04-19,28.497050870507124,20.34101652559006,28.792952133967965,14.248525435253562
2022-04-20,58.86723036719484,30.18580011132651,41.84963248936153,29.43361518359742
2022-04-21,89.34814160408911,34.39351303317535,48.33761910771755,44.67407080204456
2022-04-22,100.0,-1.0,50.0,50.0
2022-04-23,98.30956924969638,28.318171215302076,49.633483698995285,49.15478462484819
2022-04-24,92.71865541177816,27.94428486260907,48.39404737944996,46.359327705889086
2022-04-25,62.00839003791728,26.215552410290567,40.9639054400816,31.00419501895864
2022-04-27,30.167157919724637,25.999580734168465,33.2391050622144,15.083578959862315
2022-04-28,6.135865306219376,27.535651337926616,28.913924531587654,3.067932653109688
2022-04-29,12.275799838528393,24.520206805078093,27.648055216957683,6.137899919264196
2022-04-30,95.00051264659722,13.527370247673137,48.17655548807899,47.50025632329861
2022-05-01,81.41363013617502,29.756771109930963,46.237518606111095,40.70681506808751
2022-05-02,97.676353456094,42.89835397929747,49.83498284767951,48.838176728047
2022-05-03,80.99151696015852,18.393072226606304,43.99200249477951,40.49575848007926
2022-05-04,99.93260154109926,73.09941520467837,50.01556864986304,49.96630077054963
2022-05-05,100.0,-1.0,50.0,50.0
2022-05-06,100.0,-1.0,50.0,50.0
2022-05-07,99.66458427763436,100.0,50.16770786118282,49.83229213881717
2022-05-08,99.58063181128432,97.65037593984962,50.19983051849516,49.79031590564216
2022-05-09,95.5362668464143,19.277640409749207,48.62863584940616,47.76813342320715
2022-05-10,25.639950141463704,22.05152219839399,29.21749797202382,12.819975070731852
2022-05-11,13.42502077809,17.777909841873562,22.103732140736927,6.712510389045
2022-05-12,5.869012846999596,17.8475174173909,19.734550750793534,2.934506423499798
2022-05-13,74.57174462705436,22.15213473370207,42.91877370417193,37.28587231352718
2022-05-14,61.66409032865112,21.73913043478261,39.165938571140536,30.83204516432556
2022-05-15,17.315546198534186,19.145005432259484,24.487716271191807,8.657773099267093
2022-05-16,59.85374626954167,18.92796660233941,37.52574263296243,29.92687313477084
2022-05-17,23.242706619415262,9.484868627845024,18.90168174914568,11.621353309707631
2022-05-18,43.79583386015931,18.60790461594702,32.3563345555696,21.897916930079656
2022-05-19,16.918175521915504,14.940431673867582,20.87187098050856,8.459087760957752
2022-05-20,5.013692775280187,9.222186576895997,11.266660862407395,2.5068463876400937
2022-05-21,35.568015120182515,7.904119592766012,22.876788700984942,17.784007560091258
2022-05-22,31.30606167129445,11.597286108555656,23.619663402861985,15.653030835647224
2022-05-23,30.318048595262297,11.671548259655337,23.29198688410469,15.159024297631149
2022-05-24,88.39924685300608,21.450202456701486,46.6880084630354,44.19962342650304
2022-05-25,99.22430816407774,12.042682926829269,49.70556819032829,49.61215408203887
2022-05-26,47.38497650726911,13.482192480435012,30.786146994550634,23.692488253634554
2022-05-27,3.258185042112596,9.496612443949855,10.816287758849978,1.629092521056298
2022-05-28,61.94115625703554,13.050427057712463,35.93741977020211,30.97057812851777
2022-05-29,99.97477484579152,100.0,50.01261257710424,49.987387422895765
2022-05-30,72.52510476792915,11.613785164400316,39.45342769036135,36.262552383964575
2022-05-31,65.57447027157352,16.47320864763086,38.45822447600264,32.78723513578676
2022-06-01,43.16856269548472,14.248738911114977,29.682044468696745,21.58428134774236
2022-06-02,70.6798111306478,13.210700087595177,39.213307781970485,35.3399055653239
2022-06-03,98.37885136120516,38.14733770970095,49.80785072661987,49.189425680602575
2022-06-04,1.8281774428471915,5.755189749916343,6.564063390538914,0.9140887214235958
2022-06-05,37.01895156033328,11.40656266270222,25.693448536064068,18.50947578016664
2022-06-06,2.100484453169527,5.772814929512552,6.701800075992654,1.0502422265847635
2022-06-07,99.37843398472296,30.88142041851617,49.8811654067178,49.68921699236148
2022-06-08,14.631445307092656,5.730501053997082,12.20776858000546,7.315722653546327
2022-06-09,98.21650276885482,42.69613259668508,49.86973572709537,49.10825138442741
2022-06-10,27.18077781471105,5.165742854037605,17.352042673757857,13.590388907355525
2022-06-11,2.633620416693053,5.374346550028049,6.5496168703691975,1.3168102083465263
2022-06-12,0.3079285669051991,3.81375110172385,3.95597175606358,0.1539642834525995
2022-06-13,54.10023319236393,10.7619843108214,31.98984229872337,27.050116596181965
2022-06-14,6.619489201030622,7.0980511829378905,9.937941051915002,3.309744600515311
2022-06-15,15.435633416567407,10.763003345890173,16.81948231308938,7.717816708283704
2022-06-16,67.30890052356021,9.42429260391863,36.7353551318779,33.654450261780106
2022-06-17,9.284396989100925,4.24610203209116,8.494075557419999,4.642198494550462
2022-06-18,1.5788390447014495,3.86607681479992,4.594227678960159,0.7894195223507248
2022-06-19,0.573511600845425,6.252662168348561,6.50355822587412,0.2867558004227125
2022-06-20,7.267835239188066,6.672156748961008,9.82115300914019,3.633917619594033
2022-06-21,63.51574603977615,12.312725460670991,36.25007904638442,31.757873019888077
2022-06-22,99.70751820127636,38.14016172506739,49.96531213168776,49.85375910063818
2022-06-23,6.512447065342146,9.887179052981397,12.499505283571455,3.256223532671073
2022-06-24,46.53815286447935,12.09438873606058,29.734960050288013,23.269076432239675
2022-06-25,19.768178112658,9.560473707834133,17.55463129318464,9.884089056328998
2022-06-26,22.68818140101587,11.636605521017218,20.340562051996137,11.344090700507936
2022-06-27,2.0402509251380287,5.090299381843158,6.006569964181821,1.0201254625690144
2022-06-28,98.49394978518782,24.20832242868359,49.61156438453352,49.24697489259391
2022-06-29,64.52108702695442,9.434823765243054,35.60791642630801,32.26054351347721
2022-06-30,17.44681187868043,12.058848908447665,18.678370163996707,8.723405939340214
2022-07-01,58.20881366113524,11.821500170215986,34.0447519947518,29.10440683056762
2022-07-02,0.3874864439114362,4.449786430912884,4.626287333665804,0.1937432219557181
2022-07-03,5.924210942910854,8.032611713629441,10.518848322944493,2.962105471455427
2022-07-04,60.32747335324012,11.42159306150932,34.69497122743183,30.16373667662006
2022-07-05,49.4193058559752,8.447213709425231,28.982312258044107,24.7096529279876
2022-07-06,19.65736894164194,8.860173539637358,16.947181008902078,9.82868447082097
2022-07-07,69.65331394567768,15.563396786542016,39.54963213503924,34.82665697283884
2022-07-08,1.2455769550452398,2.85122261098887,3.4384969167319737,0.6227884775226199
2022-07-09,2.077148986360794,3.3847198531967693,4.3529886722553375,1.038574493180397
2022-07-10,65.22960796711982,10.92142800313697,36.41222731583939,32.61480398355991
2022-07-11,8.498775261468817,7.532759590018596,11.141954912210585,4.249387630734408
2022-07-12,11.177150273829495,8.02393235501145,12.715660514736143,5.5885751369147485
2022-07-13,0.7710149057604471,3.2145221893373117,3.5752451969887677,0.3855074528802235
2022-07-14,48.69564874104837,9.829405110921304,29.3907368952966,24.347824370524187
2022-07-15,25.68601844156872,8.462382311592041,19.13174245122482,12.84300922078436
2022-07-16,2.696573179130352,8.30252073494657,9.426923777181443,1.348286589565176
2022-07-17,3.5311578572418028,6.625010769540049,8.15665010982922,1.7655789286209014
2022-07-18,3.0309266925774354,7.070496808215376,8.371658579446057,1.5154633462887177
2022-07-19,3.936880100687876,7.268607214222442,8.950890913552493,1.9684400503439377
2022-07-20,3.764504741249664,5.337961211363524,7.019265779100508,1.882252370624832
2022-07-21,9.213484035395988,8.645048233894064,12.455280112709946,4.606742017697994
2022-07-22,1.7359365785505363,7.04063671845106,7.786384019567875,0.8679682892752681
2022-07-23,70.68921251476263,14.67381783389707,39.64561781864575,35.344606257381315
2022-07-24,8.401635289321941,9.111765925823512,12.54704622898008,4.200817644660971
2022-07-25,0.9784131658315324,7.552901487716943,7.9682094880746,0.4892065829157662
2022-07-26,32.301800500864445,10.940531569227891,23.557443138434028,16.150900250432223
2022-07-27,55.07761672170698,16.744435836033244,35.0608080049042,27.53880836085349
2022-07-28,45.95899054875757,15.1800878477306,31.182967982877784,22.979495274378785
2022-07-29,34.77785194342521,7.466663436966342,22.25884425345693,17.388925971712606
2022-07-30,35.738919957918384,7.096301675908887,22.42962007894258,17.869459978959192
2022-07-31,44.07225257564856,6.352011423158759,25.588663192934455,22.03612628782428
2022-08-01,8.304705062850267,8.733991997617412,12.161012253427476,4.152352531425134
2022-08-02,26.625193416517277,7.825772734382164,19.05474231577448,13.312596708258637
2022-08-03,1.4141701991237132,6.325175442822502,6.942811796229671,0.7070850995618566
2022-08-04,0.5908939794512957,5.8473176072459445,6.108213149270981,0.2954469897256478
2022-08-05,16.900840176579486,8.238368605946363,15.296435182987612,8.450420088289743
2022-08-06,75.5608345138645,14.37198262638658,41.29280987463351,37.78041725693225
2022-08-07,81.22924767140141,19.313025210084035,44.23982396504539,40.61462383570071
2022-08-08,27.122169583751848,7.904304039242073,19.321570085179417,13.561084791875924
2022-08-09,2.248449515758144,3.576778874573856,4.620581565167832,1.124224757879072
2022-08-10,9.45884438956238,10.9811858509206,14.671914763934568,4.729422194781191
2022-08-11,15.468588023961576,11.941416287919566,17.828541810095828,7.734294011980787
2022-08-12,77.11739247184445,20.59640706162528,43.27169122873525,38.55869623592223
2022-08-13,9.297540283009909,5.472131090325282,9.612127639368136,4.648770141504954
2022-08-14,7.235561323815704,3.515215110178384,6.878650227125243,3.617780661907852
2022-08-15,48.17681962025316,14.385271240907112,31.54331487341772,24.08840981012658
2022-08-16,4.768783839407276,4.992623070049664,7.138927587626255,2.384391919703638
2022-08-17,70.89633831057853,15.866277887027872,40.065836994233344,35.448169155289264
2022-08-18,99.98108113434364,100.0,50.00945943282817,49.99054056717183
2022-08-19,93.02517231045849,21.40878512069648,48.00581202782202,46.51258615522924
2022-08-20,64.59557849883988,11.122027464552865,36.235478732445024,32.29778924941994
2022-08-21,2.123306104356636,3.276494397651502,4.268577444275583,1.061653052178318
2022-08-22,2.33598252168957,3.9055091305510743,4.982268380723196,1.167991260844785
2022-08-23,0.0063327211702868,1.9537682077264087,1.956810841618644,0.0031663605851434
2022-08-24,0.2109587739851814,4.005584575782455,4.102613830663036,0.1054793869925907
2022-08-25,10.62388196742073,7.736724644868752,12.22672513416391,5.311940983710365
2022-08-26,5.14230079669449,9.249987483102188,11.345475701411727,2.571150398347245
2022-08-27,97.26567888971664,25.760415165056944,49.3372119148131,48.63283944485832
2022-08-28,47.37329083993009,13.640735119539574,30.865315418620654,23.686645419965046
2022-08-29,11.605284195695708,11.061364470750467,15.580303785846016,5.802642097847854
2022-08-30,34.622574767703355,10.218479469942448,23.991866159190884,17.311287383851678
2022-08-31,71.04778540039834,14.30735842103108,39.66618981379027,35.52389270019917
2022-09-01,64.7572270780319,10.7185702593311,36.15613491599362,32.37861353901595
2022-09-02,31.283924554557995,13.11141538850982,24.6516123676127,15.641962277278996
2022-09-03,98.01604518526116,21.47117296222664,49.43400096239557,49.008022592630574
2022-09-04,18.313599164199896,9.919821718382869,17.259944913174934,9.156799582099948
2022-09-05,28.0824084987225,7.985261363323892,19.78401189694587,14.04120424936125
2022-09-06,18.51300938764692,10.72666543678574,17.997341551315575,9.25650469382346
2022-09-07,56.868601862497584,11.958851657109356,33.59232085214993,28.434300931248792
2022-09-08,69.73124207181894,16.513917175831637,39.864178650322266,34.86562103590947
2022-09-09,67.26345743419493,12.749003984063744,37.80531183305668,33.63172871709747
2022-09-10,56.253261436771616,9.798481836255196,32.41314695045779,28.126630718385808
2022-09-11,27.8154579125645,6.807953118918533,18.82201874070088,13.90772895628225
2022-09-12,2.397998963070262,3.2703458902720897,4.390922511269685,1.198999481535131
2022-09-13,1.2546306557325142,2.645755008136468,3.239875882595067,0.6273153278662571
2022-09-14,99.80608162702244,16.463414634146343,49.93496639930631,49.903040813511225
2022-09-15,30.16189447786757,12.946013909970322,24.1221980942888,15.080947238933785
2022-09-16,30.9118955799466,10.283273793166622,22.560466725996243,15.4559477899733
2022-09-17,47.61047735075866,10.768835836221282,29.446980364856103,23.80523867537933
2022-09-18,35.62247041648369,6.603982300884955,22.06271586768424,17.811235208241843
2022-09-19,8.669657977620563,4.614398170010527,8.549174619755313,4.334828988810282
2022-09-20,6.649647747961687,3.363026214814784,6.464220691838834,3.324823873980844
2022-09-21,8.496491457202902,5.503003879741004,9.283687353810716,4.248245728601451
2022-09-22,7.607852449932715,5.990027330597418,9.33824111454128,3.8039262249663577
2022-09-23,5.4730542714204296,4.912740549684291,7.380390728896207,2.7365271357102148
2022-09-24,100.0,-1.0,50.0,50.0
2022-09-25,84.11720842884365,11.888615644484188,43.94684825793114,42.05860421442183
2022-09-26,46.87654472332399,18.249625940731143,33.13310423644697,23.438272361661998
2022-09-27,62.71658269233807,17.477044301585455,37.874330706174085,31.358291346169032
2022-09-28,95.66331761328686,11.902164029823604,48.3478178577625,47.83165880664343
2022-09-29,92.68399429071611,34.8369711668014,48.89067194486283,46.34199714535806
2022-09-30,99.98738742289576,100.0,50.00630628855212,49.99369371144788
2022-10-01,100.0,-1.0,50.0,50.0
2022-10-02,18.492082960759024,4.9716515863461614,13.298331130858648,9.246041480379512
2022-10-03,0.7108535784115826,5.9986127610042335,6.311398196743373,0.3554267892057913
2022-10-04,92.5366486264895,11.545368120840816,47.12999570346837,46.26832431324475
2022-10-05,1.9805585460072197,5.640576292539532,6.519140649737191,0.9902792730036096
2022-10-06,0.157130644037743,4.638486634768235,4.70976347286429,0.0785653220188715
2022-10-07,0.2453929453486163,4.715596184672031,4.826720916978026,0.1226964726743081
2022-10-08,2.785781000174136,4.224933540142568,5.50012664439836,1.392890500087068
2022-10-09,99.93378397020278,100.0,50.03310801489861,49.96689198510139
2022-10-10,62.07718205671293,14.22334295449572,36.43248348243922,31.038591028356464
2022-10-24,99.62714068935615,94.29175475687104,50.16514593145852,49.81357034467808
2022-10-25,10.485466865085648,8.199548129512625,12.582520659848653,5.242733432542824
2022-10-26,29.35244287307501,6.903346432449983,19.553267051072144,14.676221436537505
2022-10-27,0.5529257171806725,3.732801611086568,3.988624849597872,0.2764628585903362
2022-10-28,0.7852574251155722,4.166799642560797,4.526708251535685,0.3926287125577861
2022-10-29,2.6527067184229374,3.763936931700397,4.990444083047447,1.326353359211469
2022-10-30,2.158865596270367,4.927515127981103,5.900569497267283,1.0794327981351834
2022-10-31,31.07746718464423,7.577731731536382,20.761498231649902,15.538733592322115
2022-11-01,98.846532897071,44.01913875598086,49.93101273307841,49.4232664485355
2022-11-02,36.13183514682359,9.592421047424107,24.19242086139142,18.065917573411795
2022-11-03,98.00496982605608,33.29379201265322,49.666706109730605,49.00248491302804
2022-11-04,73.75882882740531,41.11005735446868,47.66717493324064,36.879414413702655
2022-11-05,14.85693715361702,30.58299339323713,33.46776586191756,7.42846857680851
2022-11-06,38.46369808575168,24.82184281041761,34.506293175374566,19.23184904287584
2022-11-07,13.59734824811917,25.003891264340457,28.40269921760662,6.798674124059585
2022-11-08,49.43851302760414,28.60894029384183,39.184362133413416,24.71925651380207
2022-11-09,51.56498045255301,26.010175129635066,38.38052363464045,25.782490226276504
2022-11-10,15.087656812695396,20.945168130869437,25.328861450789503,7.543828406347698
2022-11-11,81.2072879448864,10.478771454381212,42.5728893187785,40.6036439724432
2022-11-12,93.93170008594656,29.469854469854468,48.754169196439136,46.96585004297328
2022-11-13,12.87526811932596,11.002852574584834,16.023839864495855,6.43763405966298
2022-11-14,83.1168164718607,33.29670329670329,47.17995176233278,41.55840823593035
2022-11-15,59.99558101731294,24.712995108095317,39.88408061486987,29.99779050865647
2022-11-16,83.4565466093337,37.13277375047692,47.871316422738566,41.72827330466685
2022-11-17,57.32588569214835,30.458263471389795,41.66073701604168,28.662942846074174
2022-11-18,54.14953670029411,21.44205816169053,36.90605135827457,27.074768350147053
2022-11-19,7.173944007469892,17.335561087052888,19.67888964502192,3.586972003734946
2022-11-20,23.876412270190965,12.248046712658963,21.26185871959442,11.938206135095482
2022-11-21,10.502321053318928,13.326612100871548,17.17816903916703,5.251160526659464
2022-11-22,100.0,-1.0,50.0,50.0
2022-11-23,10.163917558411956,49.80286777824277,49.82290413474324,5.081958779205977
2022-11-24,29.08726376855151,36.51476115590948,40.43724814830926,14.543631884275754
2022-11-25,6.125138515117936,36.61800230182586,37.43766819692892,3.062569257558968
2022-11-26,11.594667426427815,32.84051743431359,34.83010236990079,5.7973337132139084
2022-11-27,16.520562684937577,34.41519054524087,36.98988876054244,8.260281342468788
2022-11-28,100.0,-1.0,50.0,50.0
2022-11-29,98.48688489052677,100.0,50.75655755473662,49.24344244526338
2022-11-30,44.55359962109252,78.72991692708518,65.92970476791916,22.276799810546255
2022-12-01,22.400218395897955,39.550309735641264,41.891063176552514,11.200109197948978
2022-12-02,95.4214540509647,97.28822314049587,52.16511302496995,47.71072702548235
2022-12-03,96.58366357130184,88.82733148661126,51.326472269868496,48.29183178565091
2022-12-04,99.06822383123972,96.2351945854484,50.43080852472714,49.53411191561987
2022-12-05,73.93244154809288,82.38525446043492,58.442045136272725,36.96622077404644
2022-12-06,3.538435963808212,50.14689348991031,50.141695757834825,1.7692179819041058
2022-12-07,6.10734456568631,47.9581169488096,48.08282178237416,3.053672282843155
2022-12-08,4.836118124757601,44.2826725220617,44.55916923247402,2.4180590623788003
2022-12-09,98.32730827909472,100.0,50.836345860452646,49.16365413954736
2022-12-10,97.3544910982094,94.71096543504171,51.18283257066055,48.6772455491047
2022-12-11,81.62594633832654,68.69283291106626,53.43463114996627,40.81297316916327
2022-12-12,9.61396927898198,66.17067009880532,64.61602684330065,4.80698463949099
2022-12-13,96.06456571867794,85.21634615384616,51.3859161591675,48.03228285933897
2022-12-14,95.21012841838062,99.81895984200132,52.38626419973039,47.60506420919031
2022-12-15,92.31127330111453,94.10436656575504,53.39106420751554,46.155636650557256
2022-12-16,99.5684133772146,100.0,50.21579331139271,49.7842066886073
2022-12-17,12.073186648894724,70.05550857369055,67.63416959020381,6.036593324447362
2022-12-18,1.0183766925119826,63.734585179379735,63.59471536509972,0.5091883462559913
2022-12-19,99.6667379103438,100.0,50.1666310448281,49.8333689551719
2022-12-20,72.3795553662826,92.30648431031037,61.68523907540161,36.1897776831413
2022-12-21,93.03017039113855,68.97312588401697,51.32239454559077,46.51508519556928
2022-12-22,51.82597361560944,64.59124189329901,57.02918871948811,25.91298680780472
2022-12-23,32.5064850843061,54.196375737478256,52.83228148429344,16.25324254215305
2022-12-24,25.26035589553331,57.380849059599285,55.51642031903238,12.630177947766654
2022-12-25,2.4351246848743653,50.92201976278171,50.8995674319388,1.2175623424371826
2022-12-26,69.33208013616672,75.4922286464839,57.81793625280884,34.66604006808336
2022-12-27,31.3375352909078,53.35049468458819,52.30053223038538,15.6687676454539
2022-12-28,62.78307320845234,83.75117933278916,62.56115170356811,31.39153660422617
2022-12-29,56.33094037096188,56.06923334570505,52.650377128761406,28.165470185480935
2022-12-30,82.57527605497017,66.55866959693681,52.88530246623581,41.28763802748509
2022-12-31,71.71375181235999,44.43916814480649,48.42704930014261,35.856875906179994
2023-01-01,50.39381885910913,58.84814255031422,54.38922562111311,25.19690942955457
2023-01-02,58.25946944284395,67.230164132819,57.19196192490745,29.129734721421976
2023-01-03,88.28685321799063,78.06240953310667,53.28699121918138,44.14342660899531
2023-01-04,13.907127600664504,42.22089497381237,43.30274503599399,6.953563800332252
2023-01-05,61.13949167452337,51.979981930951865,50.76943104312048,30.569745837261685
2023-01-06,100.0,-1.0,50.0,50.0
2023-01-07,32.28411220866319,48.23059494055266,48.80183165537041,16.142056104331594
2023-01-08,96.88504102157724,82.72370586001772,51.01933001375928,48.44252051078862
2023-01-09,94.74719521906069,99.97748592870543,52.62521977025632,47.37359760953034
2023-01-10,32.05779486936017,51.86050032609708,51.2640649480131,16.028897434680086
2023-01-11,100.0,-1.0,50.0,50.0
2023-01-12,70.81378264372718,40.47715708563386,47.22064236851667,35.40689132186359
2023-01-13,72.4244050249353,58.79070566016139,52.42408938829619,36.21220251246765
2023-01-14,21.232212864099758,52.39164281050675,51.88384411803102,10.616106432049875
2023-01-15,100.0,-1.0,50.0,50.0
2023-01-16,83.41999163661899,78.94023032264205,54.79829260787577,41.70999581830949
2023-01-17,93.78470688458384,99.7652135287772,53.093053890326246,46.89235344229192
2023-01-18,45.62766214094467,68.10250143656215,59.84275324202791,22.813831070472336
2023-01-19,99.83327749640344,100.0,50.08336125179827,49.91663874820173
2023-01-20,28.90357298302536,63.33522556516512,59.48086891148656,14.45178649151268
2023-01-21,54.27760182603683,70.78708941881656,59.50435579284908,27.13880091301841
2023-01-22,41.00262099882589,66.34570283707902,59.64353625319718,20.501310499412945
2023-01-23,99.46160061486312,100.0,50.26919969256844,49.730800307431565
2023-01-24,80.74310322369278,70.31320460787931,53.9116928432994,40.37155161184639
2023-01-25,9.762448407814707,58.76123192695793,57.90592118019968,4.881224203907354
2023-01-26,14.043772282830204,59.305976264351415,57.99906614909168,7.021886141415101
2023-01-27,28.294291634373565,63.92372255125787,59.984103886243936,14.147145817186782
2023-01-28,29.57138110532728,60.85974883741828,57.64837112162397,14.785690552663638
2023-01-29,4.099739215430216,53.25102439145164,53.117740869572096,2.049869607715108
2023-01-30,3.384886932982959,51.391272646838345,51.34417964081336,1.6924434664914796
2023-01-31,6.1896263113531225,49.96498717602592,49.967154338990966,3.094813155676561
2023-02-01,31.55115537659502,44.02574963450081,45.91069464990626,15.77557768829751
2023-02-02,53.91546734145184,38.54594747634204,44.72145342400759,26.95773367072592
2023-02-03,19.7381281185823,49.70345646997343,49.76198861185744,9.86906405929115
2023-02-04,9.123073635219528,48.413507181242544,48.55824408931525,4.561536817609764
2023-02-05,12.741250108804886,49.30285703921684,49.39168176746615,6.370625054402443
2023-02-06,29.914864043089217,55.55230019438262,53.89133713996889,14.957432021544609
2023-02-07,7.891550532988295,48.295830433624594,48.43031583612292,3.945775266494147
2023-02-08,5.008133170274153,47.34412432556299,47.477134116175705,2.5040665851370765
2023-02-09,10.708435222335652,50.48856037542707,50.43624320410247,5.354217611167826
2023-02-10,5.404100563125008,48.31807095853849,48.40896409533948,2.702050281562504
2023-02-11,66.90133333333334,34.19868466597439,44.769975308641975,33.45066666666667
2023-02-12,6.268278686902666,45.79895797269112,46.06229099471674,3.134139343451333
2023-02-13,1.5669402908279175,44.2796312007688,44.3692659642679,0.7834701454139589
2023-02-14,4.754573912768172,44.753167213060266,45.00263175599466,2.377286956384086
2023-02-15,3.4698642605564127,43.06868589139151,43.30919308243303,1.7349321302782064
2023-02-16,34.39389206735807,56.0143193775651,53.94576086225917,17.196946033679033
2023-02-17,54.88792497254419,40.39178941100233,45.665536830295416,27.443962486272092
2023-02-18,71.80191975517994,55.186495671510286,51.462492211346586,35.90095987758997
2023-02-19,16.85384372034166,40.52791781603729,42.124327744384686,8.42692186017083
2023-02-20,45.81320069477341,40.82292774612796,45.02723827569872,22.906600347386703
2023-02-21,34.06788507619673,45.66663268182391,47.1429192797096,17.033942538098366
2023-02-22,36.71612038176001,40.293125,43.85711291030697,18.358060190880003
2023-02-23,69.84227129337539,68.86898535564853,55.690457413249206,34.921135646687695
2023-02-24,74.06307860546461,44.85456399640786,48.66543230834218,37.03153930273231
2023-02-25,26.452603017142494,29.969238050165643,35.267895990064154,13.226301508571249
2023-02-26,94.0004572581853,74.90144546649145,51.49397286409183,47.00022862909265
2023-02-27,87.68210823559107,27.483751160631385,47.22647283856159,43.84105411779554
2023-02-28,30.179529876160377,28.02152669593542,34.654526613059524,15.089764938080188
2023-03-01,69.848695213152,40.03689071452866,46.99599255309078,34.924347606576
2023-03-02,93.08555521382888,31.027600364963504,48.68816390262367,46.54277760691444
2023-03-03,50.337000478323255,47.997707572175656,49.00560152114703,25.168500239161627
2023-03-04,7.295327191566151,36.32657591319085,37.32409693861399,3.6476635957830754
2023-03-05,11.77287675461334,35.37556853351993,37.09728482613152,5.88643837730667
2023-03-06,97.43798949181536,49.83076923076923,49.99566428990923,48.71899474590768
2023-03-07,98.60581717560711,64.85722363584959,50.207136860112655,49.30290858780357
2023-03-08,57.20645740335839,32.02812450916079,42.30919780641233,28.6032287016792
2023-03-09,28.748224551241723,32.100993386676734,37.24664000031652,14.37411227562086
2023-03-10,82.52749639634303,30.87268042402188,46.65797839780424,41.26374819817151
2023-03-11,29.613688104723963,29.284097864478927,35.41884051097198,14.80684405236198
2023-03-12,56.34971761906832,24.314829737340084,38.78835065032585,28.17485880953416
2023-03-13,98.69095811144793,28.184281842818425,49.71442311103403,49.34547905572396
2023-03-14,78.7053753076373,40.43966236898247,47.9641619821521,39.35268765381865
2023-03-15,10.410598961631,38.83995618142304,40.00055400785108,5.2052994808155
2023-03-16,2.463340787208359,39.10388287663173,39.37229137395366,1.2316703936041795
2023-03-17,35.61983993926549,30.620316914383984,37.52332901021732,17.809919969632745
2023-03-18,17.318787245661103,32.882501304158474,35.84704448507008,8.659393622830551
2023-03-19,69.1399562957061,41.23496555338267,47.29510653907747,34.56997814785305
2023-03-20,60.9385504907893,29.526171914548957,42.00262597979894,30.46927524539465
2023-03-21,66.34622603115899,22.681804306478504,40.80639616893662,33.173113015579496
2023-03-22,16.298239782188876,29.3984710015082,32.75615759647956,8.149119891094438
2023-03-23,22.00084664290264,29.693182452207168,34.16085423895111,11.00042332145132
2023-03-24,86.13385469123368,28.31913863332099,46.99370025870411,43.06692734561684
2023-03-25,44.04253636938647,27.576121511833275,37.45216635041113,22.021268184693238
2023-03-26,84.51881855075665,22.67342623493746,45.76952353156933,42.25940927537832
2023-03-27,57.3115687126991,21.274743995703943,37.73763882850481,28.65578435634955
2023-03-28,5.4601579041098605,34.25066979236437,35.109523715297705,2.7300789520549302
2023-03-29,47.07817368063134,17.13758479514688,32.608609700937826,23.53908684031567
2023-03-30,82.22142468389876,38.59003083475676,47.9714700384133,41.11071234194938
2023-03-31,99.63147626273576,76.47058823529412,50.097550401040536,49.81573813136787
2023-04-01,32.86011997738066,29.0351269848749,35.924209410750514,16.43005998869033
2023-04-02,69.90956837657465,24.592508989737265,42.35477629032895,34.95478418828733
2023-04-03,15.180150768682852,26.300246332997425,29.897904671454857,7.590075384341426
2023-04-04,6.72882476087206,28.82012508167647,30.24528174950235,3.36441238043603
2023-04-05,18.27515400410677,26.61138060243414,30.88568681677369,9.137577002053389
2023-04-06,9.14624493414387,28.311305878150566,30.29500696555218,4.573122467071935
2023-04-07,74.3332267601353,18.209639221234585,41.8404401867794,37.16661338006765
2023-04-08,89.52877927860364,23.948281061519904,47.27206700823393,44.76438963930182
2023-04-09,49.37654677282898,27.563316594687887,38.64144916306248,24.68827338641449
2023-04-10,22.85013742510826,23.18989158571905,29.316038202202755,11.42506871255413
2023-04-11,98.48665823074224,5.2096900234436045,49.32216953054475,49.24332911537112
2023-04-12,100.0,-1.0,50.0,50.0
2023-04-13,99.96886270027392,100.0,50.01556864986304,49.984431350136965
2023-04-14,73.55911991407632,46.78693567897732,49.15043751579479,36.77955995703816
2023-04-15,82.82084796025951,34.95920009194345,47.41611811580182,41.41042398012976
2023-04-16,50.05078710126197,29.991296091153664,40.00580988629223,25.025393550630987
2023-04-17,90.03749393828285,49.8674264909573,49.98679235612539,45.01874696914143
2023-04-18,42.07363390356222,25.98058968562394,36.08642844708898,21.03681695178111
2023-04-19,97.47428350635371,33.21885732126132,49.57615591154078,48.73714175317686
2023-04-20,99.96570955599788,100.0,50.01714522200107,49.98285477799894
2023-04-21,86.29497737806659,28.809702137466157,47.095864884284666,43.147488689033295
2023-04-22,48.83095835721485,31.73348783314021,40.6532007826551,24.415479178607427
2023-04-23,89.7060505547295,23.31800766283525,47.25336919782131,44.85302527736475
2023-04-24,77.13809553898648,22.741406115045777,43.76816630860609,38.56904776949324
2023-04-25,67.48939970520709,20.213684044195404,40.31628987706424,33.744699852603546
2023-04-26,9.917685701848114,31.931344424480184,33.723336895009695,4.958842850924057
2023-04-27,64.86577274038594,14.30306847835868,37.45815895447773,32.43288637019297
2023-04-28,92.65601818239212,8.918977004083386,46.983017140692574,46.32800909119606
2023-04-29,66.94949032545769,23.19191870947713,41.13979249951657,33.474745162728844
2023-04-30,81.20715850121347,25.64780983579018,45.42353150095696,40.603579250606735
2023-05-01,100.0,-1.0,50.0,50.0
2023-05-02,99.78273470369508,76.04355716878402,50.05658361165109,49.89136735184754
2023-05-03,50.29326267080623,26.306283368209996,38.22262651031264,25.146631335403114
2023-05-04,15.651736883345077,28.357956864640173,31.74531251236673,7.8258684416725375
2023-05-05,20.46208277597929,18.977201484739624,25.325112196357477,10.231041387989649
2023-05-06,61.24849323189409,16.22726948220824,36.91255804762375,30.624246615947044
2023-05-07,80.37054594295647,15.749647816462064,43.27684285375681,40.18527297147824
2023-05-08,99.98108113434364,100.0,50.00945943282817,49.99054056717183
2023-05-09,89.88427222454501,25.001949621773377,47.4712652745675,44.94213611227251
2023-05-10,99.96728496763971,100.0,50.01635751618014,49.98364248381986
2023-05-11,99.86165415904648,100.0,50.06917292047676,49.93082707952324
2023-05-12,94.70442815630828,23.34152334152334,48.58828121611658,47.35221407815414
2023-05-14,99.6980804855938,51.82767624020887,50.00551811122935,49.849040242796896
2023-05-15,58.719549071303504,16.99047254272993,36.37351821620703,29.359774535651752
2023-05-16,99.83445992550696,100.0,50.08277003724652,49.91722996275348
2023-05-17,99.92076507040476,30.845771144278604,49.98482316025166,49.96038253520239
2023-05-18,56.2425627300365,11.147952730295255,32.999339787862375,28.12128136501825
2023-05-19,98.74500405981726,99.43467336683418,50.620403143796366,49.37250202990863
2023-05-20,100.0,-1.0,50.0,50.0
2023-05-21,68.45900084941627,15.780046345587776,39.2066847085317,34.229500424708135
2023-05-22,37.20165813602095,15.222060555671032,28.16003069450268,18.600829068010476
2023-05-23,53.88808240147779,18.84607466373868,35.63432762023805,26.94404120073889
2023-05-24,88.06094423310657,16.291522062469014,45.9755260208672,44.03047211655328
2023-05-25,59.61839545806779,16.673520139419217,36.54223269495358,29.80919772903389
2023-05-26,15.636934986603132,18.923255192084856,23.78270557365111,7.818467493301566
2023-05-27,57.82640627344448,21.055538910943,37.79308057396016,28.91320313672224
2023-05-28,68.32827540423918,18.24805679280358,39.94361199361436,34.16413770211959
2023-05-29,59.76443153297366,19.409025717597597,37.69154759787356,29.88221576648683
2023-05-30,79.0485434594761,25.74764595103578,44.91877858137728,39.52427172973805
2023-05-31,74.07325448603707,14.1287284144427,40.69974670339007,37.036627243018536
2023-06-01,78.58671869446047,13.298166660518648,42.14093318272656,39.29335934723024
2023-06-02,24.48559752184801,16.34979594188928,24.58924947283884,12.242798760924009
2023-06-03,83.28647531772101,18.456565847213703,44.72798034723564,41.64323765886051
2023-06-04,99.81790089394109,100.0,50.09104955302946,49.908950446970536
2023-06-05,99.94009025875488,100.0,50.02995487062256,49.970045129377446
2023-06-06,58.3678343634214,16.78792599065385,36.173094337085935,29.1839171817107
2023-06-07,54.97691590114946,20.394546236710184,36.67071165430772,27.48845795057473
2023-06-08,58.38558427490453,14.285307138378522,35.13753923762384,29.192792137452265
2023-06-09,100.0,-1.0,50.0,50.0
2023-06-10,51.27345791588704,16.756726103194342,33.80170215453605,25.63672895794352
2023-06-11,51.74182069783533,15.61811284891485,33.40792725116141,25.870910348917665
2023-06-12,21.507950956568543,13.508866580278225,21.35736165968797,10.753975478284271
2023-06-13,42.57566901519699,14.891714751415034,29.8393020757638,21.287834507598497
2023-06-14,34.67336683417086,14.525136281041792,26.82546591223836,17.33668341708543
2023-06-15,39.01916447930173,12.18381714226446,26.9393757313178,19.509582239650864
2023-06-16,52.27921972729176,11.881401260173709,31.809507252332164,26.13960986364588
2023-06-17,19.24153023629464,9.963199082672206,17.66689223682492,9.620765118147318
2023-06-18,24.67174364553457,10.422717174953128,20.187122935416877,12.335871822767285
2023-06-19,18.80221463256333,9.357469062693434,16.99916496163177,9.401107316281664
2023-06-20,37.34022322293431,7.027750085181025,23.07368412729163,18.67011161146716
2023-06-21,1.1232753093162982,6.753770775290614,7.239544990382103,0.5616376546581491
2023-06-22,33.10928888291437,5.154742765273312,20.002688533405028,16.554644441457185
2023-06-23,85.75822945052865,15.058289258715698,45.0236817301663,42.87911472526432
2023-06-24,7.543951303301593,6.310224524303846,9.606159910712163,3.771975651650796
2023-06-25,1.6627416833231088,6.459545831421511,7.18351111199066,0.8313708416615544
2023-06-26,0.8422585828841024,5.880028420203891,6.251632667600751,0.4211292914420512
2023-06-27,85.93048132563887,10.941532936819662,44.50466168262665,42.96524066281943
2023-06-28,90.99799981852397,22.01770532036112,47.48103378215775,45.49899990926198
2023-06-29,32.85058897446131,13.191081190822263,25.28302781476842,16.425294487230655
2023-06-30,98.58618107287847,26.12210761081684,49.66240983800402,49.29309053643925
2023-07-01,92.5557431632766,20.651828298887125,47.81524672168658,46.27787158163829
2023-07-02,77.57015982987252,16.934036939313984,42.58335733477473,38.78507991493626
2023-07-03,53.64785838470048,23.805708050601837,37.85838470048997,26.82392919235024
2023-07-04,43.944372610193085,11.614455111700511,28.482741985867765,21.972186305096542
2023-07-05,13.197320895197628,7.857364228027637,13.419063104549178,6.598660447598814
2023-07-06,88.55754745999322,17.24565756823821,46.25209991245436,44.27877372999661
2023-07-07,1.375794564899032,4.779314385700182,5.401458120591798,0.687897282449516
2023-07-08,19.726513041276277,10.46382097791798,18.262930488731325,9.863256520638137
2023-07-09,1.3789609505489722,5.512702171208412,6.126164636221869,0.6894804752744861
2023-07-10,19.21821397623541,8.559505091619766,16.52362807592322,9.609106988117707
2023-07-11,3.3246391381268823,10.039752885257045,11.368286900526003,1.6623195690634411
2023-07-12,12.059535870322296,9.742366626915375,14.597250364085356,6.029767935161147
2023-07-13,89.07828955415873,19.13725206835507,46.62926003527587,44.539144777079365
2023-07-14,43.66884655482893,9.342138470598131,27.096957634347454,21.834423277414466
2023-07-15,0.8731239313533026,5.932920742663207,6.317680957507441,0.4365619656766513
2023-07-16,8.11763867781155,7.605928644345949,11.04732617781155,4.058819338905775
2023-07-17,5.42447603368581,10.692481829099384,12.824708731716584,2.712238016842905
2023-07-18,0.9621854393755888,5.532265219424273,5.960127288703128,0.4810927196877944
2023-07-19,8.832547962982746,4.993859119966323,8.969048099482881,4.416273981491373
2023-07-20,9.75264178572842,7.79816513761468,11.913958918747774,4.87632089286421
2023-07-21,56.37836491513831,3.922528254348043,29.900253418781453,28.18918245756916
2023-07-22,67.91691371200443,14.67221900526076,38.66575753982371,33.958456856002215
2023-07-23,37.9165661542842,14.096986451452633,27.71017633496921,18.9582830771421
2023-07-24,98.68424164544687,44.66746554823248,49.92983673244144,49.34212082272344
2023-07-25,52.46156462719567,12.277227722772276,32.06718428015995,26.230782313597835
2023-07-26,28.358409669815053,6.207144040192127,18.62610153938646,14.179204834907528
2023-07-27,38.40682281864334,6.95023077565012,23.48427936548103,19.20341140932167
2023-07-28,17.6046370027123,9.232422887195533,16.409406852705576,8.80231850135615
2023-07-29,14.003560295456191,3.102227384275304,9.669585249744255,7.0017801477280965
2023-07-30,37.38917133192221,10.97490079114324,25.566061996795312,18.694585665961107
2023-07-31,35.30490963224217,10.29574443378295,24.313295981590365,17.652454816121086
2023-08-01,91.06345373921002,34.95338664781514,48.65273240859096,45.53172686960501
2023-08-02,66.93528944466621,14.7250776954339,38.33644904137634,33.467644722333105
2023-08-03,59.762418323891694,22.548721221344067,38.954269280302135,29.881209161945847
2023-08-04,96.66225155120352,24.672256997755994,49.15462365082744,48.33112577560176
2023-08-05,96.54795838310724,23.25262677021471,49.076669544682176,48.273979191553614
2023-08-06,32.7504509065595,6.891420572510778,21.009674714425845,16.37522545327975
2023-08-07,25.633062873102592,5.989339518256872,17.270619790409807,12.816531436551296
2023-08-08,25.831936228766644,6.950323605616983,18.07088855850441,12.915968114383322
2023-08-09,95.60175046069948,7.536335905257492,48.13234208958286,47.80087523034974
2023-08-10,64.6755526735124,18.090846000582054,38.72826770314779,32.3377763367562
2023-08-11,0.0126655425997609,3.0670329583330034,3.0729772732669978,0.0063327712998804
2023-08-12,28.944225628371218,9.141655025795428,20.967786583147472,14.472112814185609
2023-08-13,2.751182442461064,6.262820304105753,7.466109912726841,1.3755912212305317
2023-08-14,5.431629765932609,3.634628984136681,6.153024277319404,2.7158148829663045
2023-08-15,2.0035146602495093,10.01559003853082,10.81668355392312,1.0017573301247549
2023-08-16,1.7605034533256811,4.5188088974122405,5.319506837386951,0.8802517266628406
2023-08-17,33.22009230659712,8.867963637440408,22.53206408466579,16.61004615329856
2023-08-18,15.820092209668164,5.365521132057731,12.426736846271048,7.910046104834081
2023-08-19,0.0,2.3094825334251583,2.3094825334251583,0.0
2023-08-20,0.2275839685894543,2.697170331523054,2.804823988537684,0.1137919842947271
2023-08-21,3.329797592001837,4.787406088149194,6.292893951507573,1.6648987960009185
2023-08-22,0.2358957309205474,4.347015369478453,4.454708811259668,0.1179478654602737
2023-08-23,1.9718042285741424,5.843023255813954,6.7137123904663145,0.9859021142870712
2023-08-24,0.0269142780244919,2.3916606621111223,2.4044741029233654,0.0134571390122459
2023-08-25,4.057090414253615,5.472177326252598,7.278711351625051,2.0285452071268075
2023-08-26,14.54993688392578,8.688987681763454,14.699713900177674,7.27496844196289
2023-08-27,97.51674228120726,37.25396825396825,49.68348318282689,48.75837114060363
2023-08-28,83.86254550330699,21.196568663391744,45.35185937456863,41.931272751653495
2023-08-29,99.17939420215596,27.905859750240158,49.81869420412668,49.58969710107798
2023-08-30,89.262126493729,6.643382352941177,45.34442124046125,44.6310632468645
2023-08-31,50.85574185384372,7.963725900415204,29.34158494147422,25.42787092692186
2023-09-01,20.82378685534069,9.456886254479302,17.899497845364863,10.411893427670345
2023-09-02,1.2372651927141467,4.764595556410503,5.324277470374504,0.6186325963570733
2023-09-03,99.42611417017136,5.013736263736264,49.74183020704823,49.71305708508567
2023-09-04,0.1915663318213842,3.3731213070547645,3.4624427082096463,0.0957831659106921
2023-09-05,7.679433409828282,6.51820803922325,9.857363298251167,3.839716704914141
2023-09-06,0.0,2.7777118114100707,2.7777118114100707,0.0
2023-09-07,0.0,2.5817916993200187,2.5817916993200187,0.0
2023-09-08,0.0,2.248529609663809,2.248529609663809,0.0
2023-09-09,0.0,3.128784820347194,3.128784820347194,0.0
2023-09-10,0.0,1.4826600805845147,1.4826600805845147,0.0
2023-09-11,0.0,3.089204999722941,3.089204999722941,0.0
2023-09-12,11.044629642820396,4.525516922310403,9.548005160228252,5.522314821410198
2023-10-17,16.94426877470356,4.264482632262731,12.01403162055336,8.47213438735178
2023-10-18,77.08698823204747,18.20887818306951,42.71569651692259,38.54349411602374
2023-10-19,98.08091756498432,96.17991373998768,50.88623061308949,49.040458782492166
2023-10-20,94.62488076750256,99.80934223069588,52.67731153382261,47.31244038375127
2023-10-27,15.555036667365846,13.20223270985551,18.92613890460944,7.777518333682923
2023-10-28,24.34186345222804,15.221434019035282,23.687185060764744,12.17093172611402
2023-10-29,99.92787182468518,100.0,50.03606408765741,49.96393591234259
2023-10-30,99.8521963620598,98.93333333333332,50.07232524683207,49.92609818102989
2023-10-31,97.2530331338836,43.36346678146075,49.81769663142792,48.6265165669418
2023-11-01,59.33241270467548,42.72838404222291,47.04280923259026,29.66620635233774
2023-11-02,98.73005112115752,100.0,50.63497443942124,49.365025560578765
2023-11-03,97.5279348875707,99.21875,51.2167195475238,48.76396744378535
2023-11-04,20.137072489345623,50.5014269858887,50.40045427025915,10.068536244672812
2023-11-05,41.69332041828928,58.50838769172351,54.960958348982935,20.84666020914464
2023-11-06,3.585832399935091,49.15332859881528,49.18368881623994,1.7929161999675456
2023-11-07,80.70302169064676,50.85300495029252,50.16460418023566,40.35151084532338
2023-11-08,3.048737047913814,42.914528553757975,43.13054594675892,1.524368523956907
2023-11-09,89.58484437576865,69.69192339716903,52.05094446721957,44.79242218788433
2023-11-10,79.5777537541329,78.32924402542454,55.7854679744648,39.78887687706645
2023-11-11,12.707486114847224,39.11177576869916,40.49539535104515,6.353743057423612
2023-11-12,69.89310178637739,59.87770954705296,52.97387195916852,34.94655089318869
2023-11-13,38.361148461599306,41.94341075324009,45.0340109151309,19.180574230799653
2023-11-14,32.18737641382583,27.793621078783,34.94127185003559,16.093688206912915
2023-11-15,21.58420542443965,31.68745458948898,35.64007200933747,10.792102712219826
2023-11-16,65.95477783388033,55.093504507218505,51.734094925523856,32.977388916940164
2023-11-17,42.18224945641431,33.21435897435897,40.294919944653095,21.09112472820716
2023-11-18,49.45967098033945,53.47947819558281,51.758539728214906,24.729835490169727
2023-11-19,100.0,-1.0,50.0,50.0
2023-11-20,7.405912382761487,33.24229835538688,34.48335905655151,3.702956191380744
2023-11-21,38.98922956005893,37.02605599611587,42.08449680678376,19.494614780029465
2023-11-22,19.33035361126493,26.766985864113085,31.258009651135197,9.665176805632465
2023-11-23,1.9357953938280936,29.71465472010332,30.107337499653685,0.9678976969140468
2023-11-24,20.361960520590213,34.68708554170785,37.80509513825705,10.180980260295106
2023-11-25,35.46356201654618,25.289229864209027,34.05254915608143,17.73178100827309
2023-11-26,24.828876878397736,28.17426272047329,33.59334815740953,12.414438439198868
2023-11-27,38.02652783922139,45.6426827791481,47.29961922517853,19.013263919610694
2023-11-28,19.68792025947314,27.580093082814155,31.994106478917807,9.84396012973657
2023-11-29,8.90710209509035,34.833759813015085,36.18463231045646,4.453551047545175
2023-11-30,99.1155430305658,100.0,50.4422284847171,49.557771515282894
2023-12-01,97.53965250843504,99.42326177507208,51.21598398133258,48.76982625421751
2023-12-02,86.54361158768661,88.98235535494462,55.2456171488296,43.271805793843306
2023-12-03,2.6329224132813582,51.08359888144632,51.05506856362665,1.3164612066406791
2023-12-04,99.39730066379704,83.38783518639634,50.20122826104094,49.69865033189853
2023-12-05,88.3893033108612,84.53096864064146,54.00928603268652,44.1946516554306
2023-12-06,80.1154601449561,57.97207789632333,51.58521100656955,40.05773007247805
2023-12-07,3.560120319797356,46.30948228100056,46.44086915222038,1.780060159898678
2023-12-08,98.81717675344385,100.0,50.59141162327809,49.40858837672192
2023-12-09,25.189242633972714,52.08316812839991,51.55843385406368,12.594621316986355
2023-12-10,17.503372271031697,44.64274582951728,45.580445970482245,8.751686135515849
2023-12-11,94.27817214017116,31.921936418178053,48.96560432145774,47.13908607008558
2023-12-12,59.77843904903229,49.99852818525242,49.99940801313421,29.889219524516147
2023-12-13,99.84234278619712,100.0,50.078828606901446,49.92117139309856
2023-12-14,20.20896136469732,46.41506066210192,47.13953966784559,10.10448068234866
2023-12-15,16.85539518247713,39.89378661197375,41.59722881650998,8.427697591238566
2023-12-16,6.438002659742892,43.83180337577732,44.22891203850294,3.219001329871446
2023-12-17,2.6660334045753187,41.81251118231648,42.0307923691918,1.3330167022876591
2023-12-18,6.658966305646316,44.13945958774071,44.52971099912184,3.329483152823158
2023-12-19,4.150225005046288,38.99163827810468,39.44851005893272,2.075112502523144
2023-12-20,45.754812082686,44.696356865402976,47.12302881517412,22.877406041343
2023-12-21,88.64805623341758,57.90241361347456,50.89707754960438,44.32402811670879
2023-12-22,71.42795056577533,11.14122543800213,38.89725172261205,35.71397528288767
2023-12-23,38.318481515320514,30.4360371914075,37.9326506638822,19.159240757660257
2023-12-24,48.57397046321741,27.51597351971029,38.43735790118819,24.286985231608707
2023-12-25,21.594401832300225,42.206380198479366,43.88936577570145,10.797200916150112
2023-12-26,79.17409341136016,63.22616072104824,52.75446787702888,39.58704670568008
2023-12-27,23.74166185302705,44.83569049422556,46.06178339413026,11.870830926513529
2023-12-28,42.90263517192938,54.885103148000965,52.78926516664168,21.45131758596469
2023-12-29,93.74526992936428,50.5293672800605,50.03311049445005,46.87263496468214
2023-12-30,3.629664223407792,37.35528569140482,37.81424636281603,1.814832111703896
2023-12-31,100.0,-1.0,50.0,50.0
2024-01-01,97.37934296356148,93.15686569408936,51.13099343751848,48.689671481780735
2024-01-02,88.94408566539714,75.08380286712789,52.77324375685032,44.47204283269857
2024-01-03,18.593167628136648,49.24567184781235,49.38592534561483,9.296583814068324
2024-01-04,18.059213908861523,41.027299405359486,42.6476985991473,9.02960695443076
2024-01-05,95.9910597083762,96.98131760078664,51.88345297083367,47.9955298541881
2024-01-06,100.0,-1.0,50.0,50.0
2024-01-07,89.85821531085386,100.0,55.07089234457306,44.92910765542693
2024-01-08,80.58919326027895,92.66647706496568,58.28190740572789,40.29459663013947
2024-01-09,76.8957995590109,83.10683921193703,57.64907049120191,38.44789977950545
2024-01-10,51.86407920167239,82.65636394922934,65.71944148621465,25.932039600836195
2024-01-11,0.4955334702778866,58.39342892941668,58.35183667976743,0.2477667351389433
2024-01-12,4.689460290573192,57.16000066438561,56.82423527642448,2.344730145286596
2024-01-13,1.0124077335602475,52.292418844734456,52.26921021906477,0.5062038667801239
2024-01-14,34.12703120612812,59.87056570471451,56.50203466644521,17.06351560306406
2024-01-15,3.520491349152328,52.65754975471295,52.56399094549887,1.760245674576164
2024-01-16,4.385287913149136,51.752813732754376,51.67594780399188,2.192643956574568
2024-01-17,98.30161088797884,79.78649338593641,50.50589056051965,49.15080544398942
2024-01-18,74.79966667061608,55.14198846539619,51.29579823303831,37.39983333530804
2024-01-19,57.08749140730557,62.54131337402528,55.38179217926533,28.543745703652785
2024-01-20,4.6054115663623305,53.52259338544,53.36036346223103,2.3027057831811653
2024-01-21,42.11803675258608,68.69942295216308,60.82359312064951,21.05901837629304
2024-01-22,98.90977888140004,23.13810556760665,49.70714595404201,49.454889440700015
2024-01-23,21.15571728038603,43.24878851421175,44.67705572914606,10.577858640193014
2024-01-24,37.69583832441856,46.65384932645512,47.91520887444605,18.84791916220928
2024-01-25,39.43039751940928,40.3236127616784,44.139050715266,19.71519875970464
2024-01-26,14.904983893562964,50.48597870064641,50.41354365358893,7.452491946781483
2024-01-27,4.748410995986924,46.16496867157506,46.34707172087354,2.374205497993462
2024-01-28,2.466961398564864,46.182626833207536,46.27679995567148,1.233480699282432
2024-01-29,7.254423211621639,45.462923850850586,45.79206255614343,3.62721160581082
2024-01-30,1.4659089110164796,47.0265732692833,47.07016099669141,0.7329544555082398
2024-01-31,76.10153086419753,48.54280660572298,49.65175308641975,38.05076543209877
2024-02-01,89.44965522135617,44.473094170403584,49.41689237938661,44.72482761067808
2024-02-03,12.45339476121494,43.56164383561644,44.36343774490014,6.226697380607471
2024-02-04,3.6076640602741454,41.79437180566104,42.09040330494793,1.8038320301370727
2024-02-05,8.482879517547852,42.90445881905288,43.50636502855063,4.241439758773926
2024-02-06,91.3004562104956,62.80650863436523,51.11410782655327,45.650228105247805
2024-02-07,53.0438938458561,58.66355997072752,54.068070416582735,26.52194692292805
2024-02-08,37.19302403665738,41.91850263209203,44.92425589065987,18.59651201832869
2024-02-09,100.0,-1.0,50.0,50.0
2024-02-10,100.0,-1.0,50.0,50.0
2024-02-11,99.91840917601152,100.0,50.040795411994246,49.95920458800576
2024-02-12,23.927709890457542,51.75812522093531,51.33744611855894,11.963854945228771
2024-02-13,10.241292803950586,45.41835655087287,45.887576071731,5.120646401975293
2024-02-14,32.67100487851162,43.27856916374056,45.474528160160666,16.33550243925581
2024-02-15,15.42664735813372,48.68794707811499,48.890352855526274,7.71332367906686
2024-02-16,11.180509710752784,41.85656299513984,42.76704076025727,5.590254855376393
2024-02-17,48.45419930331224,34.98101484294097,42.25834384427724,24.22709965165612
2024-02-18,4.534680811494189,39.86918622724956,40.32858629545068,2.2673404057470945
2024-02-19,46.841924221996415,33.45060208703672,41.20265851662364,23.420962110998207
2024-02-20,34.76751404722081,32.27536961041638,38.43778297093283,17.383757023610404
2024-02-21,47.93390717112729,29.280702287293824,39.2122712194119,23.966953585563644
2024-02-22,99.96492126992884,100.0,50.01753936503557,49.982460634964426
2024-02-23,99.52859006649405,100.0,50.23570496675299,49.764295033247016
2024-02-24,93.13437543119592,81.1541774332472,52.13892886006584,46.56718771559796
2024-02-25,90.4724344235464,80.68962662472059,52.92397430183902,45.2362172117732
2024-02-26,100.0,-1.0,50.0,50.0
2024-02-27,99.17860591608697,100.0,50.41069704195653,49.58930295804348
2024-02-28,92.99350498266811,65.9875049248607,51.12016373595605,46.49675249133406
2024-02-29,84.84730175255943,84.43120006246258,55.21725584843753,42.42365087627972
2024-03-01,99.9617681256528,100.0,50.0191159371736,49.9808840628264
2024-03-02,92.05720389926248,88.90322580645162,53.09000390241595,46.028601949631245
2024-03-03,96.60389556633932,83.12246082414394,51.12487336058626,48.30194778316967
2024-03-04,51.59189665991784,53.58933594227712,51.737529452160224,25.79594832995892
2024-03-05,20.716975460025637,50.34599400310322,50.27431451038717,10.358487730012817
2024-03-06,92.97332671034684,48.99012567324955,49.92903943042316,46.48666335517342
2024-03-07,62.39780941258167,75.64898952802669,59.64458192607557,31.19890470629084
2024-03-08,93.4959060725932,56.5402124430956,50.42538156035089,46.74795303629659
2024-03-09,97.39748815427431,38.21569221448046,49.69331199394508,48.69874407713716
2024-03-10,100.0,-1.0,50.0,50.0
2024-03-11,37.3813358447859,59.04842552277194,55.66600318943924,18.69066792239295
2024-03-12,41.471151260105366,47.13884121041748,48.32539669983705,20.735575630052683
2024-03-13,18.75771580513437,46.47905159901419,47.13802981861922,9.378857902567187
2024-03-14,75.97986179664363,73.26856372573195,55.58914116485686,37.989930898321816
2024-03-15,48.19359882495084,65.64691177367233,58.10610188497469,24.09679941247542
2024-03-16,37.81313259109312,39.872081786277406,43.7017649291498,18.90656629554656
2024-03-17,81.55735280780135,59.7412871498824,51.79655122103179,40.77867640390068
2024-03-19,17.540076909686505,44.92944839729597,45.81882704815559,8.770038454843252
2024-03-20,12.018367492228226,52.470881227776,52.1739216415254,6.009183746114113
2024-03-21,87.2690213641686,61.23807754242537,51.430717251004346,43.6345106820843
2024-03-26,96.49575075288143,100.0,51.75212462355928,48.24787537644072
2024-03-27,99.0560274323552,78.41336116910229,50.26821433498216,49.5280137161776
2024-03-28,99.89476380978655,100.0,50.05261809510672,49.94738190489328
2024-03-29,99.94166683089291,93.91891891891892,50.025619297242976,49.970833415446464
2024-03-30,93.47190249440256,50.65515367429503,50.04276907066948,46.735951247201285
2024-03-31,94.55779631352392,99.34810951760105,52.68562463537314,47.278898156761954
2024-04-01,99.86677912925578,100.0,50.06661043537212,49.93338956462789
2024-04-02,37.099523442289055,38.053531346080085,42.48561428486682,18.549761721144527
2024-04-03,99.1955718974877,40.41196665031878,49.92287116525691,49.59778594874385
2024-04-04,57.30974276692525,35.82570378530498,43.94895648496872,28.654871383462627
2024-04-05,59.41890898164768,26.338350625943782,40.39784453107085,29.70945449082384
2024-04-07,31.43965149191189,37.35621248551313,41.33137521544568,15.719825745955946
2024-04-08,30.810990340551893,44.439618716712005,46.152827256803725,15.405495170275946
2024-04-09,68.62478884801794,53.72219985911241,51.167848065295296,34.31239442400897
2024-04-10,99.97162080667856,100.0,50.01418959666072,49.985810403339286
2024-04-11,2.282127294099953,45.085117844572345,45.19728171171421,1.1410636470499764
2024-04-12,3.98120809619175,40.50733090687255,40.885253817352826,1.990604048095875
2024-04-13,1.866584340639768,35.971089546580195,36.232950992266105,0.933292170319884
2024-04-14,2.74513684127204,34.68210915276585,35.102606217719114,1.37256842063602
2024-04-15,99.86086750881896,45.892351274787536,49.99428492599965,49.93043375440948
2024-04-16,50.14949424733497,37.71104860753477,43.87389557915691,25.074747123667485
2024-04-17,86.39791126015633,21.921825996050647,46.180781855455095,43.19895563007817
2024-04-18,97.15453724765143,43.599334995843726,49.81787146140413,48.57726862382573
2024-04-19,76.77298519021953,20.171140825422743,43.07164646193238,38.386492595109765
2024-04-20,77.13881947980688,21.305729184653107,43.440150949950464,38.56940973990344
2024-04-21,87.38047297564057,20.68890001251408,46.3010778159422,43.690236487820286
2024-04-23,89.18566184443472,25.67907536369271,47.36985296726954,44.59283092221736
2024-04-24,97.7246373381925,30.473218928757152,49.55569491445204,48.86231866909625
2024-04-25,38.105223177901394,40.300187377293454,43.984364490936,19.052611588950697
2024-04-26,97.17297631860096,42.30930135267048,49.78258212797496,48.58648815930048
2024-04-27,98.48152076621886,32.09555959491041,49.728124790524,49.24076038310943
2024-04-28,86.39336234608366,12.93571324916558,44.95679680280544,43.19668117304183
2024-04-29,11.406501040768031,40.95116002751548,41.983316053154354,5.703250520384016
2024-04-30,68.45484411030736,19.856052071598448,40.49104463467796,34.22742205515368
2024-05-02,99.30942329750376,91.0958904109589,50.28379864486146,49.65471164875188
2024-05-03,94.68715991356876,16.260947009054476,48.20749806791477,47.34357995678438
2024-05-04,99.37564298130476,41.47727272727273,49.94678775408848,49.68782149065238
2024-05-05,68.5541254229784,15.466133655151609,39.14052370260271,34.2770627114892
2024-05-07,99.95388381085267,100.0,50.023058094573656,49.97694190542634
2024-05-08,97.7909095929751,42.05357142857143,49.82445620872748,48.89545479648755
2024-05-09,49.60729567906605,24.62173530889001,37.21120611242496,24.803647839533024
2024-05-10,50.92291632067191,28.171907858161514,39.28740895394909,25.461458160335955
2024-05-11,35.012778819601046,27.13149035388371,35.13839105561753,17.506389409800523
2024-05-12,49.93358213675754,21.836702463676563,35.89964577139604,24.96679106837877
2024-05-13,99.65748835302742,100.0,50.17125582348629,49.82874417651371
2024-05-14,88.32848647944789,33.63534940329288,48.08999759301422,44.164243239723945
2024-05-15,98.55335251685128,100.0,50.72332374157437,49.27667625842564
2024-05-16,98.79964960185616,26.82445759368836,49.72181228445384,49.39982480092808
2024-05-17,86.62185577101448,40.965562014931976,48.790066348017255,43.31092788550724
2024-05-20,52.59067767131518,14.645900381863964,33.23886095563356,26.29533883565759
2024-05-21,99.92668939558166,100.0,50.03665530220918,49.96334469779083
2024-05-22,67.98049027280418,23.3584751935018,41.469237397332826,33.99024513640209
2024-05-23,91.66518753426656,30.760494060858456,48.396423260638905,45.83259376713328
2024-05-24,91.55591693671576,22.441920254288785,47.67297285562604,45.77795846835787
2024-05-25,94.29925273615352,19.530763374628,48.2630258267642,47.14962636807677
2024-05-26,21.02415741898716,20.98239565428733,27.083102471148823,10.51207870949358
2024-05-28,83.92466936156256,17.14271668059584,44.71808306759763,41.96233468078128
2024-05-31,99.63422949734148,70.90517241379311,50.07646495421957,49.81711474867073
2024-06-03,78.453699863736,16.892139609913475,42.8664810316567,39.226849931868
2024-06-04,55.5465110305885,15.553165389606926,34.68718017615749,27.77325551529425
2024-06-05,33.30194762807148,18.494946379424885,28.986742836344646,16.65097381403574
2024-06-06,37.96771130104463,17.09277403551745,29.586894586894587,18.983855650522315
2024-06-07,39.92681230438494,17.452339916060364,30.44758306724416,19.96340615219247
2024-06-08,78.03915844455052,14.656798462284655,42.238335509679146,39.01957922227526
2024-06-09,80.46113582625102,11.283284173097902,42.43519348204523,40.23056791312551
2024-06-10,55.643053957787295,13.045880717264982,33.6082812493823,27.821526978893647
2024-06-11,87.92587245423239,11.450880459995426,45.34553013896942,43.9629362271162
2024-06-12,79.01356983427816,16.365484526767563,42.94131589863117,39.50678491713908
2024-06-13,42.07272453988458,15.3366566511882,29.919862983897445,21.03636226994229
2024-06-14,98.86203729616592,29.30377554554901,49.764484684606565,49.43101864808296
2024-06-15,99.99369371144788,100.0,50.003153144276055,49.996846855723945
2024-06-16,54.81167909754584,12.97605094204293,33.26949908892921,27.40583954877292
2024-06-17,42.839508615062016,18.52418394750685,32.00826887697573,21.419754307531008
2024-06-18,25.72485265614493,8.579949407535615,19.235196392547763,12.862426328072466
2024-06-19,11.333739631482302,14.079063062098024,18.150248527828783,5.666869815741151
2024-06-20,90.4723987322811,14.418700868845676,46.60995569290929,45.23619936614055
2024-06-21,91.1847892546498,23.00979997315076,47.62075698704167,45.59239462732491
2024-06-22,5.968513036457756,10.731707317073171,13.075440485048045,2.984256518228878
2024-06-25,69.14921750113477,15.345052583096647,39.30867754731503,34.574608750567386
2024-06-26,81.52525228578428,13.884552045683,43.327762104581055,40.76262614289214
2024-06-27,54.95032084863772,8.681686135807128,31.38623217342828,27.47516042431886
2024-06-28,14.517743997277154,9.733140735390798,15.57898027917064,7.258871998638577
2024-06-29,33.25251742222293,24.08466310743469,32.70216502266273,16.626258711111465
2024-06-30,69.57432181492047,13.366143777269892,38.8539007988874,34.78716090746023
2024-07-01,99.78637279130356,47.7859778597786,49.99527024630193,49.89318639565178
2024-07-02,27.5309218387712,8.28100942376361,19.766632111231573,13.7654609193856
2024-07-03,97.40496226080444,13.623936816524909,49.0560274323552,48.70248113040223
2024-07-04,15.881773243043217,10.83142387985264,17.052088321783216,7.940886621521607
2024-07-05,18.618277634249495,12.833863236395104,19.753557764967933,9.309138817124747
2024-07-06,97.11170695161864,33.24232081911263,49.51598911714838,48.55585347580932
2024-07-07,99.59125595181789,66.73095467695275,50.068386781446094,49.795627975908936
2024-07-08,62.053663244158265,14.32219465927331,36.461579838314165,31.026831622079133
2024-07-10,4.506148165444421,8.77363846973157,10.631359403507243,2.2530740827222107
2024-07-11,16.544843661576085,14.273859314687837,20.18469343738746,8.272421830788042
2024-07-12,45.67223667665736,13.534600716178057,30.18916418217333,22.83611833832868
2024-07-13,63.19873874372236,11.824516572361144,35.95094060794765,31.59936937186118
2024-07-14,5.521936160528764,9.988144759606724,12.197573862624424,2.760968080264382
2024-07-15,11.742425741594602,9.015408348131803,13.827993588348209,5.871212870797301
2024-07-16,31.774366438965732,18.46526674628665,28.48522844587191,15.887183219482868
2024-07-17,31.770827155661514,13.845396071159527,25.332012794205443,15.885413577830755
2024-07-18,15.908326507678366,15.837172205779249,21.27190639553978,7.954163253839183
2024-07-19,14.03740670091261,15.366554334014696,20.228191956688644,7.018703350456305
2024-07-20,32.77052681537732,8.114340845849291,21.840492010757792,16.385263407688658
2024-07-21,2.3553391910076784,7.769882736341195,8.76454523866065,1.1776695955038392
2024-07-22,24.153956902825684,7.72279499574983,17.934412872195676,12.076978451412842
2024-07-23,79.40106850515892,22.54490386642897,44.34454355560294,39.70053425257946
2024-07-24,36.52210732927317,12.342277193157448,26.095671134432664,18.261053664636584
2024-07-25,15.823102822078122,10.02758938349243,16.352465015805695,7.911551411039061
2024-07-26,25.896297702977503,14.773151954555647,23.89560139577943,12.948148851488751
2024-07-27,16.78135993636799,13.652185490927074,19.751843072697987,8.390679968183996
2024-07-28,10.368983682079577,9.275041065404384,13.497805411866212,5.184491841039788
2024-07-29,1.52105250659004,8.037827909537762,8.676094579939363,0.76052625329502
2024-07-30,0.0914293856420242,5.970929748873914,6.011185257308414,0.0457146928210121
2024-08-02,40.69790431000395,8.915485914319053,25.63602214313958,20.34895215500197
2024-08-03,23.843789435374447,7.911154051934154,17.946729855570105,11.921894717687223
2024-08-04,71.93089783868268,13.946032594175794,39.87997505565116,35.96544891934134
2024-08-05,52.61487004720525,10.410913186767344,31.24065976642497,26.307435023602626
2024-08-06,2.923365551307321,9.889997879870185,11.062559864478692,1.4616827756536606
2024-08-10,0.776951878854085,5.794783219182181,6.138236481512266,0.3884759394270425
2024-08-11,0.163068860971922,8.677777689678958,8.745161366928684,0.081534430485961
2024-08-12,2.7021143540177475,6.306874346593336,7.487512566593048,1.3510571770088735
2024-08-13,10.916291159121569,8.166500870430243,12.733167437462663,5.458145579560784
2024-08-14,20.7841137308854,13.848533998752336,21.362295807834023,10.3920568654427
2024-08-15,1.9991292646243968,4.042260176326386,4.961014802501385,0.9995646323121984
2024-08-16,22.807523496110647,6.299547071317075,16.266538140933207,11.403761748055324
2024-08-18,97.56916661082622,32.59283281984758,49.57686076807556,48.78458330541311
2024-08-19,98.23417838820473,20.991514068780702,49.48776188617194,49.11708919410236
2024-08-20,69.51227214235527,11.743076504783977,38.3363332780712,34.75613607117764
2024-08-21,17.28318370479985,8.5144650237257,15.684486244594185,8.641591852399925
2024-08-22,57.651723906176485,18.222130940933745,36.54262027413291,28.825861953088243
2024-08-24,10.097560010290303,16.004701697541734,19.43739734430966,5.048780005145153
2024-08-25,14.111332180957318,6.320002210596123,12.483831795293716,7.055666090478659
2024-08-27,14.39785397197186,8.806781415814676,14.737720873920852,7.19892698598593
2024-09-04,65.53450026269736,10.432450399440668,36.362846296362136,32.76725013134868
2024-09-05,99.82775881504372,84.43935926773455,50.0593187604941,49.913879407521854
2024-09-10,33.15022443693026,10.65768222773068,23.699748867928257,16.57511221846513
2024-09-11,67.44942981399336,13.232046210227413,38.031821395701584,33.72471490699668
2024-09-12,100.0,-1.0,50.0,50.0
2024-09-13,92.83007559118458,14.11208271462355,47.42686345874031,46.41503779559229
2024-09-14,98.50146818280354,50.81536033666492,50.01221843406972,49.25073409140177
2024-09-15,74.38931056792539,33.40316394275944,45.74943586182955,37.194655283962696
2024-09-16,95.15369179640224,32.17278125762629,49.13603803561502,47.57684589820112
2024-09-17,40.79887738161119,20.48982753209986,32.529646612380425,20.3994386908056
2024-09-19,79.75450198071368,9.32158796359455,41.764452896892415,39.87725099035684
2024-09-20,83.58220728715557,18.015182818430787,44.74879901554772,41.791103643577785
2024-09-21,47.07266901380592,7.592211966067492,27.554689663356932,23.53633450690296
2024-09-22,98.96143310407346,35.02846299810247,49.8445105728869,49.48071655203673
2024-10-08,99.11424888542,100.0,50.44287555729,49.55712444271
2024-10-09,99.38040714975465,56.29770992366412,50.03902016041621,49.69020357487732
2024-10-10,89.49259500285946,98.7575541458654,55.12315368080617,44.74629750142973
2024-10-13,100.0,-1.0,50.0,50.0
2024-10-14,91.9313947757516,36.44937451133698,48.9066535239034,45.96569738787581
2024-10-15,64.66137816717973,17.224511676215364,38.41759412739759,32.33068908358987
2024-10-16,99.04183828311294,52.406417112299465,50.02305736751868,49.52091914155647
2024-10-17,97.21415196609836,52.341870666478,50.0652409579186,48.60707598304918
2024-10-18,80.363622022401,97.75256075517171,59.37687332386812,40.1818110112005
2024-10-19,98.42969082567362,44.854417670682736,49.91919844861022,49.21484541283681
2024-10-20,80.87974249130198,15.433970827917722,43.39088621176619,40.43987124565099
2024-10-21,12.428034994282369,10.06786614735358,15.030645716524155,6.214017497141184
2024-10-22,7.618203262908755,8.473501563771904,11.637074622612383,3.809101631454377
2024-10-23,98.45929487811128,93.39984650805832,50.6686636580415,49.22964743905563
2024-10-24,96.28074574320036,70.2565189739241,50.7533914442171,48.14037287160018
2024-10-25,77.55780141283563,20.197876872700384,43.31174834458018,38.778900706417815
2024-10-26,92.39743716116313,60.56425681983196,50.80315426318384,46.19871858058156
2024-10-27,17.269622952830524,8.902248878430473,15.999675539218208,8.634811476415262
2024-10-28,24.7835583482376,9.4150139407649,19.473417641379527,12.3917791741188
2024-10-29,0.945957712919645,5.551337787296615,5.971803335787283,0.4729788564598225
2024-10-30,2.2774228787195137,4.213851761846901,5.256595977107032,1.1387114393597568
2024-10-31,0.5699494169892423,3.561107263130239,3.825785461540288,0.2849747084946211
2024-11-01,0.4333990358355696,3.5005704427192037,3.702098522089498,0.2166995179177848
2024-11-02,0.1575276860845266,3.40170303184067,3.475108250809408,0.0787638430422633
2024-11-03,0.4951435560094042,2.9749048340711925,3.207746562492579,0.2475717780047021
2024-11-04,0.3308873004187545,3.3552009784844605,3.5095426947525072,0.1654436502093772
2024-11-05,84.91262565244514,40.25855075497867,48.53027108552658,42.45631282622257
2024-11-06,1.5036135804130486,3.8652409597402544,4.558929461960436,0.7518067902065243
2024-11-07,0.9740593855628646,4.047675194749653,4.495278127399526,0.4870296927814323
2024-11-08,1.2095593182771696,3.7408152308912728,4.300347510825081,0.6047796591385848
2024-11-09,7.1075550912680985,4.8309940150369535,8.041405999596387,3.553777545634049
2024-11-10,2.7880342083288814,3.012921243109892,4.322937072346421,1.3940171041644407
2024-11-11,0.6122998250571929,3.008279339086525,3.2960095624846626,0.3061499125285964
2024-11-12,11.310321914638632,6.519945592793275,11.437679714908375,5.655160957319316
2024-11-13,8.998511857644935,6.583800146132703,10.490612038121776,4.499255928822468
2024-11-14,3.2415616490405927,7.823582829514125,9.190757393451966,1.6207808245202964
2024-11-15,2.813277975453081,3.543052156171224,4.850015237929383,1.4066389877265404
2024-11-16,0.7144129346341849,3.3685469404026307,3.7016880726682633,0.3572064673170924
2024-11-17,0.7682443183167494,3.3871398770705947,3.745240526569934,0.3841221591583747
2024-11-18,12.942712971208072,8.517902278471807,13.886811121005245,6.471356485604036
2024-11-19,33.72403296898781,6.914198801109421,21.444468602375824,16.862016484493903
2024-11-20,38.079442707077256,30.38756225258588,37.85586924807363,19.039721353538628
2024-11-21,92.39669877940052,29.24298241062627,48.421781428267096,46.198349389700255
2024-11-22,27.301003145960703,41.86289558770698,44.084406719297206,13.650501572980351
2024-11-23,16.15719141628184,37.42401359259959,39.45593978892886,8.07859570814092
2024-11-24,91.96452502956248,59.93819287746492,50.7985810011825,45.98226251478123
2024-11-25,23.469278759994143,36.40856246349167,39.59837482642529,11.734639379997072
2024-11-28,82.73671509014338,66.10246922040247,52.77981513904004,41.36835754507169
2024-11-29,4.892450776689423,18.39808915872217,19.944197091124963,2.446225388344712
2024-11-30,9.471976576255765,19.61441633594993,22.492531703167348,4.735988288127881
2024-12-01,5.274385176155837,15.08521101162747,16.926751466316283,2.6371925880779186
2024-12-02,29.570710764450315,15.835265193401176,25.938020106502,14.785355382225156
2024-12-03,86.76788903652127,81.29674324364589,54.14121979395426,43.38394451826064
2024-12-04,80.93444155598247,47.31745670480644,49.48855814026879,40.46722077799124
2024-12-05,9.442659534059256,36.36240502291684,37.650156685236766,4.721329767029628
2024-12-06,26.253036164977487,39.593502912746345,42.325524356570384,13.126518082488744
2024-12-07,99.91722996275348,100.0,50.04138501862327,49.95861498137674
2024-12-08,99.98108113434364,100.0,50.00945943282817,49.99054056717183
2024-12-09,63.54558479335972,56.98339143803729,52.54575451032708,31.77279239667986
2024-12-10,91.921509267362,54.79164633551284,50.38709270515519,45.960754633681006
2024-12-11,8.553563655071432,55.97076286589694,55.460049863469074,4.276781827535716
2024-12-13,6.389672680646961,41.15361688995235,41.71887181476044,3.1948363403234805
2024-12-14,89.01294498381877,66.34218183124393,51.79552450864314,44.506472491909385
2024-12-15,21.29886362287943,37.652847371251376,40.28265057095732,10.649431811439715
2024-12-16,17.90462627820962,35.96777379982942,38.48019145948298,8.95231313910481
2024-12-26,4.312961841548027,37.65263070814031,38.185168034133234,2.1564809207740137
2024-12-27,35.34491279816858,44.22443051521174,46.265800513207786,17.67245639908429
2025-01-01,46.34712220263551,36.89491325647353,42.96874382425713,23.173561101317755
2025-01-02,99.94954969158309,86.71875,50.01852472262184,49.974774845791536
2025-01-03,8.646024561625625,30.146514276805007,31.863051528771287,4.323012280812812
2025-01-04,26.21570838030816,34.135736611570685,38.29466563816531,13.10785419015408
2025-01-05,97.04820464309644,80.39791694485245,50.89728430097355,48.52410232154823
2025-01-06,97.52084031294956,97.96502384737678,51.18912953510829,48.76042015647479
2025-01-07,86.61985159016173,87.43185501694416,55.00843775382261,43.30992579508087
2025-01-08,52.31184983544639,58.30178206009793,53.95896629515347,26.155924917723198
2025-01-09,87.2506299563467,95.59555844236182,55.81314646928691,43.62531497817335
2025-01-11,20.1585029224965,54.16064034236127,53.3219175373518,10.07925146124825
2025-01-12,11.771200626847596,43.55769058255737,44.31602774908684,5.885600313423798
2025-01-13,3.783120609478579,42.835518846970174,43.10655981003265,1.8915603047392893
2025-01-14,15.54911945430302,39.87359563722229,41.448162348016346,7.774559727151511
2025-01-15,19.7866018902784,34.19086277391703,37.31895381912987,9.8933009451392
2025-01-16,22.974143557248468,47.2295826144113,47.86606228171142,11.487071778624234
2025-01-17,2.851149720979934,39.6682228903392,39.96279732457356,1.425574860489967
2025-01-19,76.91579831336416,64.65645334836296,53.3833252510438,38.45789915668208
2025-01-20,94.26515524889108,50.7940873152286,50.04553967471661,47.13257762444554
2025-01-21,29.472243430239686,50.29699638219704,50.20946488545693,14.736121715119843
2025-01-23,95.0199289575046,87.72165927802406,51.87856543045366,47.5099644787523
2025-01-24,7.509873602064157,44.41696581763415,44.83624462788986,3.754936801032079
2025-01-26,98.9683040290152,98.93007260221628,50.50480958763699,49.48415201450761
2025-01-27,95.17975884998484,93.06566358655655,52.075868837726304,47.58987942499242
2025-01-28,79.55941470958375,75.95198116302858,55.30473684418161,39.779707354791874
2025-01-29,12.466564315221348,57.64223526114512,56.689511087193935,6.233282157610674
2025-01-31,66.68152537090876,58.38365181975325,52.79330490455584,33.34076268545438
2025-02-01,99.70675758232662,100.0,50.146621208836685,49.85337879116331
2025-02-02,15.652924090006096,54.75180632448157,54.008009687606354,7.826462045003048
2025-02-04,0.4203376950295661,44.70173932398486,44.72400991078708,0.210168847514783
2025-02-05,8.032056990204808,47.1133488252001,47.34520629266844,4.016028495102404
2025-02-07,64.12725254145546,59.49006002533179,53.404345266551566,32.06362627072773
2025-02-09,94.05290337840502,99.96022802598436,52.97118303307447,47.02645168920251
2025-02-10,90.00512436438173,93.60309197034232,54.35807481571997,45.002562182190864
2025-02-11,96.57156821783038,99.93101862497126,51.71185091169955,48.28578410891519
2025-02-14,81.71084698440741,73.05834662986761,54.21717629800222,40.855423492203705
2025-02-15,7.164169654375511,53.9898038346448,53.70396751905406,3.5820848271877552
2025-02-16,9.523771856621355,46.19275138681856,46.55534505875234,4.761885928310678
2025-02-17,36.96320774457434,62.92025754083576,58.1445159048826,18.48160387228717
2025-02-19,53.97738262053722,68.56838999622629,58.54565908148967,26.98869131026861
2025-02-20,7.156764200745553,46.91982115228057,47.14026228937309,3.5783821003727767
2025-02-23,67.70617509047354,49.539894169548695,49.851414228715534,33.85308754523677
2025-02-24,45.99539891850868,50.778419446213306,50.420382316668245,22.99769945925434
2025-02-25,95.20711085872928,63.36185617903571,50.64041895387722,47.60355542936463
2025-02-26,100.0,-1.0,50.0,50.0
2025-02-27,18.14244351623315,48.95409013814998,49.14384374406683,9.071221758116575
2025-03-02,7.125840918084686,45.72995359895693,46.03423031262366,3.562920459042343
2025-03-03,0.7009364289050193,41.95367709483401,42.01007670326365,0.3504682144525096
2025-03-04,9.850799430109229,43.07099991658948,43.75356181731835,4.925399715054614
2025-03-05,1.207918754403046,41.44439013837365,41.547734954445794,0.6039593772015229
2025-03-06,5.682897486228076,41.2951898224296,41.78987526119167,2.841448743114038
2025-03-07,6.779211631229249,42.45016301025606,42.96198243760363,3.3896058156146247
2025-03-08,0.6023977170630539,40.14096004141199,40.200350673046856,0.3011988585315269
2025-03-09,25.845392487420405,43.82499213765239,45.4209471558052,12.922696243710202
2025-03-11,88.383943960842,36.688058130453975,48.4536773725334,44.191971980421
2025-03-12,98.30203180734289,75.27855153203342,50.42922176457837,49.15101590367144
2025-03-13,85.07336087078308,42.325888727368834,48.85451310395979,42.53668043539154
2025-03-14,95.0681593236513,47.02966338850244,49.853507730769685,47.53407966182565
2025-03-15,97.10684188536156,93.56948228882834,51.2605340123452,48.55342094268078
2025-03-16,86.75933565729581,53.09043203434807,50.40919373240743,43.379667828647904
2025-03-21,96.9482198606162,51.3820718160682,50.04217779319479,48.474109930308096
2025-03-23,96.29111183839562,46.50223261747821,49.87027171962919,48.14555591919781
2025-03-24,60.28247471554994,48.85858374861986,49.54665771175727,30.14123735777497
2025-03-25,72.4494828926445,34.5913120694347,45.75482679567058,36.22474144632225
2025-03-26,58.63758495337442,36.06228505922813,44.23502449818239,29.31879247668721
2025-03-27,29.49394008870477,47.65645148630313,48.347656280882624,14.746970044352384
2025-03-28,77.24100679714236,57.01169337375487,51.595790818338095,38.62050339857118
2025-03-29,95.41263791057835,94.73277195394397,52.05205422216266,47.706318955289184
2025-03-30,16.431440045897876,36.65976979929643,38.8517617267098,8.215720022948938
2025-03-31,51.69508279690639,27.01629736344512,38.89774147120692,25.847541398453195
2025-04-01,81.09224269776595,29.619178998411503,46.1464438288169,40.54612134888298
2025-04-02,56.96889717735563,34.05656046276742,43.13936213926731,28.48444858867781
2025-04-03,11.880036093653532,39.71696503157309,40.938593297345214,5.940018046826767
2025-04-04,4.249550783259849,39.98098584271985,40.40674893731547,2.124775391629925
2025-04-05,4.466423655224548,38.55778074223832,39.068838729849645,2.233211827612274
2025-04-06,3.571075201152496,37.64436928987137,38.08559815410676,1.785537600576248
2025-04-07,1.513532340671432,38.0946831169875,38.27487393827131,0.756766170335716
2025-04-08,11.828161233389526,34.72523921512307,36.53196254877286,5.914080616694763
2025-04-10,17.56562679274396,32.19666245914464,35.32393028822378,8.78281339637198
2025-04-11,2.9892982095081293,35.01499296248699,35.46293950955403,1.4946491047540649
2025-04-12,4.495155775075988,36.99661022568107,37.581132852077,2.247577887537994
2025-04-13,99.2199909347102,100.0,50.390004532644895,49.60999546735511
2025-04-14,100.0,-1.0,50.0,50.0
2025-04-15,99.15215823226372,65.64388656438865,50.13263540439017,49.57607911613186
2025-04-17,99.14390445784557,87.79926335174953,50.323597808521534,49.57195222892278
2025-04-18,72.25344653133497,30.5351775615732,44.5991826345412,36.126723265667486
2025-04-19,99.0075008967178,70.29388403494838,50.201416617067984,49.50375044835891
2025-04-20,98.28252248843056,42.36860224925408,49.86893245981253,49.141261244215286
2025-04-21,95.76579635083176,34.56088010441917,49.34627622198185,47.88289817541588
2025-04-22,78.38182363527294,36.71979115322125,47.12906102989928,39.19091181763647
2025-04-23,83.02440488650682,30.15123313168916,46.63055370141437,41.51220244325341
2025-04-24,95.77609687070112,28.443449048152296,49.089472169776,47.88804843535056
2025-04-25,80.36314515141581,22.811569715986803,44.661047409519824,40.181572575707904
2025-04-26,87.32018927444794,13.173280258738648,45.33044164037855,43.66009463722397
2025-04-27,98.75777132111472,41.478895588702,49.8941483972451,49.378885660557366
2025-04-28,36.287183544303794,16.162318552643015,28.44106012658228,18.143591772151897
2025-04-29,30.803608506329915,31.660198558535903,37.30951919540275,15.401804253164958
2025-04-30,17.831138406989997,25.77488393596733,30.09449791059896,8.915569203494998
2025-05-01,11.392375004452465,25.717782423040504,28.4841037088048,5.696187502226232
2025-05-02,7.824589871964855,26.307563494278536,28.16139948152692,3.9122949359824273
2025-05-03,88.39908474041344,20.682853839352514,46.59894271737415,44.19954237020672
2025-05-04,51.56972124154454,12.581121786760924,31.87793297304136,25.78486062077227
2025-05-05,97.2688644225757,28.70156159629844,49.41831077132071,48.63443221128785
2025-05-06,98.29596998352578,24.148211243611584,49.559477759795634,49.14798499176289
2025-05-07,99.91658748522147,100.0,50.041706257389265,49.958293742610735
2025-05-08,92.80206587890525,29.869998992240248,48.55105578888575,46.40103293945263
2025-05-15,80.46374202353556,14.25811006651555,43.0173721769305,40.23187101176778
2025-05-16,36.36026686434396,14.787534116733472,27.590880681405256,18.18013343217198
2025-05-17,88.08070987542354,30.070611151692233,47.62455832311521,44.04035493771177
2025-05-18,49.193870656019996,14.694105196922461,32.06244142029891,24.596935328009998
2025-05-19,5.268055777703459,21.339217191097468,22.8490832157969,2.6340278888517297
2025-05-20,98.95245418800691,60.3185595567867,50.10809163849513,49.476227094003455
2025-05-21,76.58467188781547,10.356478611283324,40.717339391607936,38.29233594390774
2025-05-22,100.0,-1.0,50.0,50.0
2025-05-23,69.38304405583744,22.882139554733623,41.697336614473315,34.69152202791872
2025-05-25,89.39242232960399,17.147742818057456,46.515171302947195,44.696211164801994
2025-05-26,59.93000239618353,16.801971585966946,36.697550809982644,29.965001198091766
2025-05-28,67.69801351420007,6.205904821821777,35.853637293966514,33.849006757100035
2025-05-29,43.40135461178454,9.664620836650318,27.170721781343566,21.70067730589227
2025-05-30,5.4377303891987,14.640934953098569,16.563665578490465,2.71886519459935
2025-05-31,0.5751096052755945,15.867873753181033,16.06417088971128,0.28755480263779726
2025-06-01,43.083971017438905,17.83914790484087,31.69532010048062,21.541985508719453
2025-06-02,91.40611962066188,18.642350557244175,47.30516111711738,45.70305981033094
2025-06-04,98.68643422379215,19.712865819988956,49.602158570817224,49.343217111896074
2025-06-05,86.56052480715223,11.976241900647947,44.889806462849144,43.28026240357612
2025-06-06,70.86546700942587,30.717846460618148,44.38223461577564,35.432733504712935
2025-06-09,0.1221471728018962,10.192107504495127,10.240731719730404,0.0610735864009481
2025-06-10,0.14832156697373108,10.079732042086869,10.138942409062157,0.07416078348686554
2025-06-13,0.043623990286391495,8.370005600855404,8.388166265568312,0.021811995143195748
2025-06-14,1.0113495081395096,10.603901636454447,11.002333883480322,0.5056747540697548
2025-06-15,7.285413184097682,8.491290782810466,11.515371756668362,3.642706592048841
2025-06-16,63.52972792376635,12.630195367733455,36.371130576255425,31.764863961883176
2025-06-17,29.743336408743854,8.60933315410148,20.920298435899483,14.871668204371927
2025-06-18,0.16577116308828768,6.491104135866756,6.5632293385876,0.08288558154414384
2025-06-19,0.33445059219566814,7.9859059374521255,8.126422323849962,0.16722529609783407
2025-06-20,0.5263961494557907,6.588458867814202,6.816975548753444,0.26319807472789536
2025-06-21,19.82088727674515,20.366273798730735,26.239941264983607,9.910443638372575
2025-06-22,0.012360130581144256,5.724902197466587,5.73037465736991,0.006180065290572128
2025-06-23,46.16350922544058,13.79110355803728,30.506400807452966,23.08175461272029
2025-06-25,0.09306451261096853,5.373660041772492,5.415191327550731,0.046532256305484264
