,cloudPercent,SCA_cloudFree,SCA,SCA_error
2012-01-19,60.35082378904912,73.8205337524414,30.20125371601242,30.17541189452456
2012-01-20,56.69837525208325,60.10323333740234,30.5654671978721,28.349187626041626
2012-01-21,39.91857235265021,61.159881591796875,32.47703675972282,19.959286176325104
2012-01-22,26.733001027358167,62.32511901855469,34.34066626596413,13.366500513679084
2012-01-23,12.776150070393061,60.56877136230469,35.2246732588777,6.388075035196531
2012-01-24,11.374376926296565,60.06496810913087,35.12590216214306,5.687188463148282
2012-01-25,6.442296716258894,53.909263610839844,32.30170995336994,3.221148358129447
2012-01-26,2.8031657851679923,55.02529525756836,33.086613931028474,1.4015828925839962
2012-01-27,1.2362543282219094,61.024181365966804,36.71367154035578,0.6181271641109547
2012-01-28,1.0722575244473194,60.08752059936524,36.17618388215917,0.5361287622236597
2012-01-29,0.6624557665233438,58.30597305297852,35.1535224094306,0.3312278832616719
2012-01-30,0.41855332749895363,64.47371673583984,38.872408803197594,0.20927666374947682
2012-01-31,0.41855332749895363,64.47382354736328,38.87247285515944,0.20927666374947682
2012-02-01,0.24656596019938357,64.28768920898438,38.78542618187435,0.12328298009969178
2012-02-02,0.16627982192458432,66.21604919433594,39.958146926080396,0.08313991096229216
2012-02-03,0.19405654274951487,75.30020141601564,45.42155497127017,0.09702827137475743
2012-02-04,0.19405654274951487,74.14405822753906,44.72565188164227,0.09702827137475743
2012-02-05,0.1906320155245234,69.02091979980469,41.64259537844565,0.0953160077622617
2012-02-06,0.14306913739964233,69.6023941040039,42.00193845029609,0.07153456869982117
2012-02-07,0.03957231459990107,72.38951873779297,43.70415172078313,0.019786157299950535
2012-02-08,0.12328298009969178,72.84835052490234,43.961913027403575,0.06164149004984589
2012-02-09,0.10197481069974507,70.09186553955078,42.30506617389791,0.05098740534987253
2012-02-10,0.10197481069974507,66.26325225830078,39.9970304850923,0.05098740534987253
2012-02-11,0.10197481069974507,65.62594604492188,39.612837729877334,0.05098740534987253
2012-02-12,0.08941821087477646,65.47309112548828,39.522633785626496,0.04470910543738823
2012-02-13,0.08941821087477646,65.44184875488281,39.5037957571725,0.04470910543738823
2012-02-14,0.12328298009969178,63.18829345703125,38.1405165882226,0.06164149004984589
2012-02-15,0.11338990144971653,61.64104461669921,37.209256684960195,0.056694950724858265
2012-02-16,0.1864464822495339,58.9488639831543,35.58007598940238,0.09322324112476695
2012-02-17,0.21270119097446827,60.04227066040039,36.2356635002716,0.10635059548723413
2012-02-18,0.21270119097446827,60.04227066040039,36.2356635002716,0.10635059548723413
2012-02-19,0.18949050644952628,60.885078430175774,36.74533380697336,0.09474525322476314
2012-02-20,0.14573265857463566,62.164443969726555,37.52078793027358,0.07286632928731783
2012-02-21,0.1601917735245995,63.799602508544915,38.5038137264563,0.08009588676229976
2012-02-22,0.17427038544956433,60.27605819702148,36.38028994792083,0.08713519272478217
2012-02-23,0.17427038544956433,59.28307342529296,35.78239832945934,0.08713519272478217
2012-02-24,0.18530497317453676,59.82194900512695,36.10577990924299,0.09265248658726838
2012-02-25,0.20547163349948633,58.5873794555664,35.36083077010914,0.10273581674974316
2012-02-26,0.19900308207450249,53.79116439819336,32.47469659074248,0.09950154103725124
2012-02-27,0.241999923899395,48.87072372436524,29.51372502860647,0.1209999619496975
2012-02-28,0.27167915984932084,49.72215270996094,30.025889494448037,0.13583957992466042
2012-02-29,0.2789087173243027,48.11054229736328,29.057220178408684,0.13945435866215136
2012-03-01,0.29374833529926564,47.58878707885742,28.743966994367774,0.14687416764963282
2012-03-02,0.31201248049922,44.20848846435547,26.713732958230057,0.15600624024961
2012-03-03,0.32799360754918,37.10348129272461,22.447544919451566,0.16399680377459
2012-03-04,0.32799360754918,38.481544494628906,23.275179863563935,0.16399680377459
2012-03-05,0.32799360754918,43.12314987182617,26.06282763011034,0.16399680377459
2012-03-06,0.27129865682432175,54.54121398925782,32.92284454366605,0.13564932841216087
2012-03-07,0.17731440964955672,62.20165252685547,37.539348905804374,0.08865720482477836
2012-03-08,0.17731440964955672,60.8831672668457,36.74550850158694,0.08865720482477836
2012-03-09,0.21612571819945967,49.93255233764649,30.152331974645996,0.10806285909972983
2012-03-10,0.21612571819945967,49.93255233764649,30.152331974645996,0.10806285909972983
2012-03-11,0.22906282104942732,48.718833923339844,29.42220693889952,0.11453141052471366
2012-03-12,0.22906282104942732,46.90377807617187,28.330328017528334,0.11453141052471366
2012-03-13,0.2545565237243636,40.72722625732422,24.61707808938474,0.1272782618621818
2012-03-14,0.33370115292416574,37.8382568359375,22.88952935055045,0.16685057646208287
2012-03-15,0.35272630417411815,38.2275390625,23.12554134358591,0.17636315208705908
2012-03-16,0.3219055591491952,38.053367614746094,23.017298776523457,0.1609527795745976
2012-03-17,0.2693961416993265,39.310340881347656,23.76667317273269,0.13469807084966326
2012-03-18,0.3093489593242266,38.97923278808594,23.572025901649575,0.1546744796621133
2012-03-19,0.29184582017427035,40.8307991027832,24.68277689090925,0.14592291008713518
2012-03-20,0.2853772687492866,45.5225944519043,27.501974025639374,0.1426886343746433
2012-03-21,0.2975533655492561,43.85601043701172,26.50109758453642,0.14877668277462805
2012-03-22,0.31810052889920476,38.89735794067383,23.523810029856296,0.15905026444960238
2012-03-23,0.31962254099920095,39.09725952148438,23.644052311789977,0.15981127049960048
2012-03-24,0.31962254099920095,39.09725952148438,23.644052311789977,0.15981127049960048
2012-03-25,0.31962254099920095,39.09725952148438,23.644052311789977,0.15981127049960048
2012-03-26,0.31962254099920095,39.09725952148438,23.644052311789977,0.15981127049960048
2012-03-27,0.4935124234237662,33.02629089355469,20.02696725968642,0.2467562117118831
2012-03-28,0.4935124234237662,33.02629089355469,20.02696725968642,0.2467562117118831
2012-03-29,0.37822000684905444,30.42990112304687,18.4493664111382,0.18911000342452722
2012-03-30,0.4124652790989688,27.384122848510746,16.629412529549366,0.2062326395494844
2012-03-31,0.530801719873673,26.523647308349606,16.14113747513388,0.2654008599368365
2012-04-01,0.5425973136486435,26.903322219848636,16.371116391326336,0.27129865682432175
2012-04-02,0.5749400707735626,27.06067848205566,16.472702674616063,0.2874700353867813
2012-04-03,0.5757010768235608,24.55125999450684,14.971990809925598,0.2878505384117804
2012-04-04,0.5757010768235608,24.538917541503906,14.964608772863949,0.2878505384117804
2012-04-05,0.569993531448575,24.652885437011722,15.031326420110029,0.2849967657242875
2012-04-06,0.5954872341235113,28.47442054748535,17.32269728217766,0.29774361706175567
2012-04-07,0.5635249800235912,29.08291053771973,17.67982996016041,0.2817624900117956
2012-04-08,0.44100300597389747,31.91194915771484,19.350064237493072,0.22050150298694873
2012-04-09,0.46497469654883755,30.006439208984375,18.21260238861703,0.23248734827441878
2012-04-10,0.5521098892736197,28.61329460144043,17.396453570191035,0.27605494463680985
2012-04-11,0.5521098892736197,28.70017623901367,17.448438086102737,0.27605494463680985
2012-04-12,0.41817282447395454,52.49456024169922,31.68884436913374,0.20908641223697727
2012-04-13,0.41817282447395454,52.47179412841797,31.67519206435372,0.20908641223697727
2012-04-14,0.26901563867432743,54.76023483276368,33.05461657445619,0.13450781933716371
2012-04-15,0.12861002244967848,57.37248992919922,34.63537251310014,0.06430501122483924
2012-04-16,0.12328298009969178,57.59767150878906,34.77146540419305,0.06164149004984589
2012-04-17,0.5444998287736387,42.21247100830078,25.532754092326993,0.27224991438681934
2012-04-18,0.5444998287736387,45.79170227050781,27.674613691946625,0.27224991438681934
2012-04-19,0.5338457440736655,45.19519805908203,27.31714572923186,0.26692287203683274
2012-04-20,0.5022639929987444,45.690711975097656,27.612359691948058,0.2511319964993722
2012-04-21,0.4847608538487881,45.204368591308594,27.320280544329922,0.24238042692439404
2012-04-22,0.31962254099920095,47.57875061035157,28.73856235055781,0.15981127049960048
2012-04-23,0.30402191697423997,48.05113220214844,29.02200002226491,0.15201095848711998
2012-04-24,0.30402191697423997,48.15098190307617,29.081991528015035,0.15201095848711998
2012-04-25,0.30402191697423997,48.33197021484375,29.19073257826583,0.15201095848711998
2012-04-26,0.3097294623492257,47.134178161621094,28.47124102288995,0.15486473117461286
2012-04-27,0.5041665081237396,45.50050735473633,27.49854398596564,0.2520832540618698
2012-04-28,0.5193866291237016,40.81663131713867,24.695158815425643,0.2596933145618508
2012-04-29,0.48628286594878434,41.21984100341797,24.933639551158873,0.24314143297439217
2012-04-30,0.48590236292378525,39.86494445800781,24.12202409121785,0.24295118146189262
2012-05-01,0.4851413568737872,38.771156311035156,23.46676032976184,0.2425706784368936
2012-05-02,0.5136790837487158,35.56446075439453,21.550047181248733,0.2568395418743579
2012-05-03,0.6110878581484722,32.26868438720703,19.59406683582779,0.3055439290742361
2012-05-04,0.6308740154484228,30.250082015991207,18.391360222043648,0.3154370077242114
2012-05-05,0.6004337734484989,29.807645797729492,18.120836052779016,0.30021688672424945
2012-05-06,0.5833111373235418,29.78872871398926,18.106065696859137,0.2916555686617709
2012-05-07,0.6008142764734979,27.9349536895752,17.00132361272305,0.30040713823674897
2012-05-08,0.5642859860735894,27.006013870239258,16.437557485017333,0.2821429930367947
2012-05-09,0.5680910163235798,26.832090377807617,16.33439531229406,0.2840455081617899
2012-05-10,12.549750770518624,26.58332061767578,18.99129371566137,6.274875385259314
2012-05-11,7.058711616757353,19.68750762939453,14.028136321875174,3.529355808378677
2012-05-12,7.068604695407328,19.647188186645508,14.009637952426957,3.534302347703664
2012-05-13,6.887485255507782,18.867095947265625,13.537326673602983,3.4437426277538914
2012-05-14,1.6688862676458278,16.218706130981445,10.357571697790307,0.8344431338229139
2012-05-15,1.4013926410714965,16.176982879638672,10.242598664635851,0.7006963205357483
2012-05-16,1.4280278528214299,17.981155395507812,11.31530796038107,0.7140139264107149
2012-05-17,1.1654807655720862,22.10196876525879,13.671603488141933,0.5827403827860431
2012-05-18,0.9444085080476389,22.95702743530273,14.118187709326593,0.47220425402381944
2012-05-19,0.9877858528975306,17.988420486450195,11.178662880471906,0.4938929264487653
2012-05-20,0.9877858528975306,17.988420486450195,11.178662880471906,0.4938929264487653
2012-05-21,0.9402229747726495,19.450353622436523,12.032492279896639,0.47011148738632474
2012-05-22,0.8450972185228873,20.096681594848633,12.388260109129481,0.42254860926144366
2012-05-23,0.8907575815227732,16.556921005249023,10.295930944255288,0.4453787907613866
2012-05-24,0.8713519272478216,16.46555519104004,10.235065208441736,0.4356759636239108
2012-05-25,0.8945626117727636,13.426262855529785,8.434735250558298,0.4472813058863818
2012-05-26,0.8412921882728969,13.211251258850098,8.287224604262368,0.42064609413644843
2012-05-27,0.81998401887295,13.411604881286621,8.398727925653567,0.409992009436475
2012-05-28,0.7933488071230167,13.076016426086426,8.188997041861137,0.39667440356150835
2012-05-29,0.8081884250979795,12.441458702087402,7.816421893147282,0.40409421254898975
2012-05-30,0.8321601156729195,12.298383712768555,7.740218903529336,0.41608005783645974
2012-05-31,0.80400289182299,12.331110000610353,7.749102095299164,0.402001445911495
2012-06-01,0.741600395723146,11.673037528991697,7.333093511308466,0.370800197861573
2012-06-02,0.671207336098322,9.12457275390625,5.784307863882772,0.335603668049161
2012-06-03,0.6811004147482973,8.972557067871094,5.697591147671904,0.34055020737414865
2012-06-04,0.6811004147482973,8.977540016174316,5.700566203485073,0.34055020737414865
2012-06-05,0.7244777595981888,10.221874237060549,6.460747280827006,0.3622388797990944
2012-06-06,0.7244777595981888,10.20628547668457,6.4514468155786835,0.3622388797990944
2012-06-07,0.6586507362733534,8.930378913879395,5.663188796973992,0.3293253681366767
2012-06-08,0.6586507362733534,8.986536026000977,5.696729856038002,0.3293253681366767
2012-06-09,0.6388645789734029,9.001986503601074,5.697846059061468,0.31943228948670144
2012-06-10,0.6388645789734029,9.074665069580078,5.741269296794389,0.31943228948670144
2012-06-11,0.6419086031733953,9.418314933776855,5.947824978871068,0.32095430158669797
2012-06-12,0.6445721243483885,9.492656707763672,5.993318591602843,0.32228606217419425
2012-06-13,0.6575092271983562,10.24111557006836,6.445600978900234,0.3287546135991781
2012-06-14,0.6263079791484342,9.878747940063477,6.216646546854113,0.3131539895742175
2012-06-15,0.6556067120733611,7.173807144165038,4.612734386323181,0.32780335603668054
2012-06-16,0.608804839998478,6.328897953033446,4.087629345997316,0.304402419999239
2012-06-17,0.6263079791484342,5.616489410400391,3.669541219363886,0.3131539895742171
2012-06-18,0.6137513793234657,5.038689613342285,3.3186052101940553,0.306875689661733
2012-06-19,0.6826224268482934,4.866353511810303,3.2466803551010517,0.3413112134241467
2012-06-20,0.6765343784483087,4.667202472686768,3.125020914040383,0.33826718922415455
2012-06-21,0.6928960085232677,3.8363254070281982,2.6364631997609553,0.34644800426163386
2012-06-22,0.6928960085232677,3.8363254070281982,2.6364631997609553,0.34644800426163386
2012-06-23,0.6879494691982802,3.9208424091339107,2.6846345544455597,0.3439747345991401
2012-06-24,0.6955595296982612,3.6832454204559326,2.5463189208849095,0.3477797648491306
2012-06-25,0.6594117423233515,3.97563624382019,2.704211005227061,0.32970587116167577
2012-06-26,0.5901601917735245,3.6213419437408447,2.460485769631787,0.29508009588676226
2012-06-27,0.6293520033484266,2.4018542766571045,1.7499395256340766,0.3146760016742134
2012-06-28,0.577603591948556,2.3746418952941895,1.7090329986915693,0.2888017959742781
2012-06-29,0.6190784216734523,2.111363172531128,1.5714323945016622,0.30953921083672614
2012-06-30,0.6769148814733077,1.8732542991638184,1.4569572614401491,0.33845744073665396
2012-07-01,0.592823712948518,1.7996207475662231,1.3724592044216408,0.296411856474259
2012-07-02,0.5981507552985046,3.1794614791870117,2.200001610675761,0.2990753776492523
2012-07-03,0.5913017008485217,4.156946659088135,2.781277499673011,0.29565085042426087
2012-07-04,0.5737985616985656,3.5056157112121586,2.3836792545065317,0.2868992808492828
2012-07-05,0.6293520033484266,2.9211888313293457,2.0602755648755697,0.3146760016742133
2012-07-06,0.6403865910733991,2.592787504196167,1.869265688316158,0.32019329553669945
2012-07-07,0.6715878391233211,2.521806478500366,1.841671548660458,0.33579391956166055
2012-07-08,0.663216772573342,2.6619675159454346,1.9214049518673095,0.331608386286671
2012-07-09,0.6403865910733991,2.7103915214538574,1.9395287299726813,0.32019329553669956
2012-07-10,0.6369620638484076,1.7444087266922,1.3607454994770722,0.3184810319242038
2012-07-11,0.6422891061983943,2.117345809936524,1.586121914347831,0.32114455309919715
2012-07-12,0.6468551424983828,2.131990432739258,1.5970568012635116,0.3234275712491914
2012-07-13,0.6186979186484532,2.08931565284729,1.5580730065649528,0.3093489593242266
2012-07-14,0.5947262280735133,2.175286054611206,1.5979906577506227,0.29736311403675664
2012-07-15,0.6179369125984552,2.0707836151123047,1.5466321948456314,0.3089684562992276
2012-07-16,0.7149651839732126,1.4588809013366697,1.2280094434325861,0.35748259198660637
2012-07-17,0.702028081123245,1.2956598997116089,1.124313129520431,0.3510140405616225
2012-07-18,0.6156538944484609,1.315233588218689,1.0939443799877024,0.30782694722423043
2012-07-19,0.6194589246984514,1.3628371953964233,1.1242477986199422,0.3097294623492257
2012-07-20,0.5806476161485483,1.3681310415267944,1.108537073630883,0.29032380807427416
2012-07-21,0.5935847189985161,1.4013886451721191,1.1347140965044968,0.29679235949925803
2012-07-22,0.6202199307484495,1.7025949954986574,1.3276762525892245,0.31010996537422475
2012-07-23,0.6122293672234694,1.1503158807754517,0.9936999049765857,0.3061146836117347
2012-07-24,0.6251664700734372,2.0491106510162354,1.537145357926475,0.31258323503671864
2012-07-25,0.6179369125984552,2.290924072265625,1.6782055080674072,0.3089684562992276
2012-07-26,0.6171759065484571,1.5256156921386717,1.2204279201314954,0.30858795327422855
2012-07-27,0.6894714812982763,1.0446304082870483,0.9683420550791006,0.34473574064913814
2012-07-28,0.6304935124234238,1.3307669162750244,1.1104510057934578,0.3152467562117119
2012-07-29,0.601575282523496,1.6375465393066408,1.2797826365409233,0.30078764126174795
2012-07-30,0.5905406947985237,1.564130783081055,1.230546875307719,0.29527034739926183
2012-07-31,0.6069023248734827,1.4003436565399172,1.1405615850260784,0.30345116243674136
2012-08-01,0.6750123663483124,0.8237149119377136,0.8293530926172431,0.3375061831741562
2012-08-02,0.6514211787983715,1.0646640062332153,0.9616813401717592,0.3257105893991858
2012-08-03,0.6696853239983258,1.7974364757537842,1.4082024295300746,0.3348426619991629
2012-08-04,0.6563677181233591,2.827192783355713,2.0168509081361554,0.3281838590616796
2012-08-05,0.6894714812982763,2.2292776107788086,1.6755332970582009,0.34473574064913814
2012-08-06,0.6346790456984134,2.2299299240112305,1.6497483194221358,0.3173395228492066
2012-08-07,0.6126098702484685,0.8371642827987672,0.8067049852930189,0.30630493512423423
2012-08-08,0.6339180396484152,1.1010812520980835,0.9748761209313591,0.31695901982420766
2012-08-09,0.6654997907233362,1.6026997566223147,1.2898874833591905,0.33274989536166805
2012-08-10,0.663597275598341,1.533656120300293,1.2477323161898435,0.3317986377991705
2012-08-11,0.6179369125984552,1.1279520988464355,0.9831216615745317,0.3089684562992276
2012-08-12,0.647616148548381,0.9412825107574463,0.8861134341307315,0.3238080742741905
2012-08-13,0.6434306152733914,1.0750457048416138,0.9639734069155548,0.32171530763669576
2012-08-14,0.6331570335984171,1.27286958694458,1.0771521192322557,0.31657851679920856
2012-08-15,0.6518016818233705,1.1722962856292725,1.026160636931938,0.3259008409116853
2012-08-16,0.67196834214832,1.1389218568801878,1.0160783938496838,0.33598417107416
2012-08-17,0.6856664510482858,0.5994406342506409,0.7007002649543664,0.3428332255241429
2012-08-18,0.6772953844983067,0.587672233581543,0.6895381716586726,0.3386476922491534
2012-08-19,0.6670218028233325,0.6572052836418152,0.7259860646540541,0.3335109014116662
2012-08-20,0.5947262280735133,0.7215239405632019,0.7287702425641333,0.2973631140367566
2012-08-21,0.5825501312735436,0.8536525368690491,0.8017872819419793,0.2912750656367718
2012-08-22,0.6213614398234466,0.71620911359787,0.7387192909154014,0.3106807199117233
2012-08-23,0.6225029488984437,0.49976128339767456,0.609925445057541,0.31125147444922185
2012-08-24,0.6232639549484419,0.4991052448749542,0.6099100794130743,0.31163197747422094
2012-08-25,0.6255469730984361,1.12624990940094,0.9858236207559606,0.31277348654921805
2012-08-26,0.6335375366234162,1.5561132431030273,1.2465821054399906,0.3167687683117081
2012-08-27,0.671207336098322,0.5009440779685974,0.6347405343026513,0.335603668049161
2012-08-28,0.6639777786233401,0.5181332826614381,0.6414276830414596,0.33198888931167
2012-08-29,0.5970092462235075,0.7742863893508912,0.7614413250831203,0.2985046231117537
2012-08-30,0.5970092462235075,0.9101343750953674,0.8426632338689933,0.2985046231117537
2012-08-31,0.5970092462235075,0.9141334295272828,0.8450542213578305,0.2985046231117537
2012-09-01,0.5970092462235075,0.9771956801414491,0.8827583973833036,0.2985046231117538
2012-09-02,0.6297325063734257,1.0958433151245117,0.9696994536879454,0.31486625318671285
2012-09-03,0.6057608157984856,1.2347487211227417,1.0410140484690527,0.3028804078992428
2012-09-04,0.5970092462235075,1.638255715370178,1.2779983973662776,0.29850462311175374
2012-09-05,0.5677105132985807,3.531573295593262,2.3963759927461874,0.28385525664929034
2012-09-06,0.5905406947985237,1.520053744316101,1.2041908824313636,0.29527034739926183
2012-09-07,0.6731098512233172,0.750296950340271,0.7845776443584683,0.3365549256116586
2012-09-08,0.6780563905483049,0.6947502493858337,0.7538481017964547,0.33902819527415246
2012-09-09,0.7138236748982154,0.5420454144477844,0.6803612118083762,0.3569118374491077
2012-09-10,0.6689243179483277,2.041846990585327,1.5537900018889783,0.33446215897416387
2012-09-11,0.6750123663483124,2.026832103729248,1.5477442057372854,0.3375061831741562
2012-09-12,0.6750123663483124,2.026832103729248,1.5477442057372854,0.3375061831741562
2012-09-13,0.7005060690232487,2.1076221466064453,1.6081941413741503,0.35025303451162443
2012-09-14,0.6225029488984437,2.3465147018432617,1.713606731594346,0.31125147444922197
2012-09-15,0.6807199117232982,1.8774404525756836,1.4612878461782393,0.3403599558616491
2012-09-16,0.5658079981735855,1.304379940032959,1.0631843670804064,0.28290399908679276
2012-09-17,0.5878771736235303,1.2617640495300293,1.0484476587796954,0.29393858681176516
2012-09-18,0.6624557665233438,1.1311777830123901,1.0068054246179434,0.33122788326167185
2012-09-19,0.6624557665233438,1.1420023441314697,1.0132702177715132,0.33122788326167196
2012-09-20,0.6818614207982954,1.8157453536987305,1.4250027470726396,0.3409307103991477
2012-09-21,0.6647387846733381,1.4865671396255493,1.2201635107707043,0.33236939233666907
2012-09-22,0.624785967048438,1.4510762691497803,1.1795713126598157,0.312392983524219
2012-09-23,0.6487576576233781,1.365204930305481,1.139912286569419,0.32437882881168906
2012-09-24,0.6487576576233781,1.621833086013794,1.2932144337686375,0.32437882881168906
2012-09-25,0.6460941364483848,1.9585827589035032,1.493099236381294,0.3230470682241925
2012-09-26,0.6384840759484038,2.497694969177246,1.8115484930183383,0.3192420379742018
2012-09-27,0.6080438339484799,2.1652042865753174,1.5983331069196587,0.30402191697423997
2012-09-28,0.6776758875233058,2.0681173801422115,1.5736726577167377,0.338837943761653
2012-09-29,0.6776758875233058,2.0681173801422115,1.5736726577167377,0.338837943761653
2012-09-30,0.6849054449982878,2.163304090499878,1.6339652669207065,0.3424527224991439
2012-10-01,59.089836764202275,1.056361198425293,29.558608752489768,29.544918382101137
2012-10-02,45.541646056086144,1.1651597023010254,22.94378147827772,22.770823028043072
2012-10-03,34.494501731288764,0.7956631183624268,17.453258616068535,17.247250865644382
2012-10-04,33.869715764240325,1.0073738098144531,17.201974272990146,16.934857882120163
2012-10-05,18.18005403142955,0.2435603439807892,9.19282354900762,9.090027015714774
2012-10-06,10.498458962748753,0.3708723485469818,5.434247946218356,5.2492294813743765
2012-10-07,10.101213804649747,1.027066707611084,5.5670634550090465,5.050606902324874
2012-10-08,5.554202655911115,0.5882084369659424,3.0996255865153652,2.7771013279555574
2012-10-09,4.639473383813401,0.8064872026443481,2.7693239244998877,2.3197366919067006
2012-10-10,4.575548875613561,1.0521013736724854,2.8749551728755063,2.2877744378067804
2012-10-11,4.542825615463643,1.1233752965927122,2.898739324619471,2.2714128077318216
2012-10-12,3.880369848940299,1.5181394815444946,2.7980166252742307,1.9401849244701495
2012-10-13,3.848788097865378,1.5890209674835207,2.8227795002227425,1.924394048932689
2012-10-14,3.786005098740535,1.8728970289230347,2.953058989582974,1.8930025493702676
2012-10-15,3.786005098740535,1.8728970289230347,2.953058989582974,1.8930025493702676
2012-10-16,3.2004109432669994,30.44323539733887,19.00929722853263,1.6002054716334997
2012-10-17,3.0489707393173777,31.287410736083988,19.463704050790636,1.5244853696586889
2012-10-18,2.34389863399414,27.66511726379394,17.22931771020558,1.17194931699707
2012-10-19,1.982801263270043,22.275617599487305,14.001035994550081,0.9914006316350215
2012-10-20,1.656710170845858,18.2801342010498,11.564117017599152,0.828355085422929
2012-10-21,1.3199649937217002,14.824275970458983,9.416069339714312,0.6599824968608501
2012-10-22,0.9584871199726038,10.945635795593262,6.983944082004305,0.4792435599863019
2012-10-23,0.8804839998477988,8.17845630645752,5.306860728060825,0.4402419999238994
2012-10-24,0.9200563144476999,6.0694923400878915,4.0692987401301925,0.46002815722384993
2012-10-25,0.8481412427228796,5.081611633300782,3.449544742872062,0.4240706213614398
2012-10-26,0.8481412427228796,5.346900463104247,3.6074915808469417,0.4240706213614398
2012-10-27,0.8401506791978995,6.578204631805421,4.337111979150313,0.42007533959894977
2012-10-28,0.8055249039229861,7.944396018981934,5.136057843462,0.4027624519614931
2012-10-29,0.6434306152733914,33.18472671508789,20.147067298844163,0.3217153076366957
2012-10-30,0.5817891252235455,47.076698303222656,28.44466249007195,0.29089456261177277
2012-10-31,0.5817891252235455,47.291328430175774,28.573019979069127,0.29089456261177277
2012-11-01,0.5764620828735588,47.36735534667969,28.61834690524655,0.2882310414367794
2012-11-02,0.5258551805486854,45.45857238769532,27.474417605446718,0.2629275902743427
2012-11-03,0.5258551805486854,45.20820617675781,27.324548454454494,0.2629275902743427
2012-11-04,0.5258551805486854,45.20820617675781,27.324548454454494,0.2629275902743427
2012-11-05,0.5829306342985426,44.51411056518555,26.912194091964086,0.2914653171492713
2012-11-06,0.6449526273733877,40.582027435302734,24.566535586468195,0.3224763136866938
2012-11-07,0.5692325253985769,37.58749771118164,22.76817849468665,0.28461626269928847
2012-11-08,0.5661885011985845,37.39558410644531,22.652998624643207,0.2830942505992923
2012-11-09,0.5068300292987329,37.52172088623047,22.721046278392436,0.25341501464936644
2012-11-10,0.5068300292987329,37.31496047973633,22.59724021450914,0.25341501464936644
2012-11-11,0.5068300292987329,37.3503303527832,22.618419340804337,0.25341501464936644
2012-11-12,0.42958791522392603,38.842777252197266,23.50346354554992,0.21479395761196302
2012-11-13,0.4771507933488071,41.44696044921875,25.068902001018596,0.23857539667440494
2012-11-14,0.553631901373616,38.817626953125,23.502255432609644,0.276815950686808
2012-11-15,0.6350595487234123,36.120880126953125,21.900033968325317,0.31752977436170615
2012-11-16,0.6377230698984057,34.85329055786133,21.14304286959255,0.31886153494920283
2012-11-17,0.6156538944484609,34.42334747314453,20.882722376532435,0.30782694722423043
2012-11-18,0.49998097484875004,35.1986083984375,21.328975995572787,0.24999048742437502
2012-11-19,0.46649670864883375,35.132423400878906,21.284362248887046,0.23324835432441687
2012-11-20,0.6282104942734295,33.12827682495117,20.110774883306405,0.3141052471367147
2012-11-21,0.608804839998478,31.542234420776367,19.159411846976777,0.304402419999239
2012-11-22,0.5734180586735664,31.7706298828125,19.289489072595963,0.2867090293367832
2012-11-23,0.5292797077736767,31.956575393676758,19.392743497598634,0.26463985388683836
2012-11-24,0.4942734294737643,34.19487380981445,20.72697892979188,0.24713671473688215
2012-11-25,0.4756287812488109,34.80900955200195,21.091962078926628,0.23781439062440546
2012-11-26,0.44899356949887753,34.92748260498047,21.158924926511638,0.22449678474943877
2012-11-27,0.4303489212739241,34.79059600830078,21.074043691000895,0.21517446063696205
2012-11-28,0.4303489212739241,35.362144470214844,21.416718321324467,0.21517446063696205
2012-11-29,0.4303489212739241,35.37595748901367,21.4249999832061,0.21517446063696205
2012-11-30,0.42235835774894415,38.20209884643555,23.118483913130312,0.21117917887447207
2012-12-01,0.4189338305239526,38.406219482421875,23.2404847007732,0.2094669152619763
2012-12-02,0.4703017388988242,42.85272979736328,25.91059033070284,0.2351508694494121
2012-12-03,0.4737262661238157,62.21770095825195,37.512796713905715,0.23686313306190784
2012-12-04,0.48133632662379666,61.91883087158203,37.332830327109,0.24066816331189833
2012-12-05,0.4699212358738252,63.21318435668945,38.109714526563316,0.2349606179369126
2012-12-06,0.3557703283741106,64.5675048828125,38.93779691730495,0.1778851641870553
2012-12-07,0.3557703283741106,64.5675048828125,38.93779691730495,0.1778851641870553
2012-12-08,0.37517598264906205,64.44581604003906,38.861943727174456,0.18758799132453102
2012-12-09,0.4227388607739431,64.40316772460938,38.82949963301803,0.21136943038697156
2012-12-10,0.3652829039990868,63.231849670410156,38.13474360568661,0.1826414519995434
2012-12-11,0.3051634260492371,62.93050003051758,37.961645652062955,0.15258171302461854
2012-12-12,0.48856588409877855,62.001529693603516,37.381502980283436,0.24428294204938927
2012-12-13,0.4234998668239413,61.246002197265625,36.93628000555724,0.21174993341197065
2012-12-14,0.35462881929911344,61.17797470092774,36.90318752184456,0.17731440964955672
2012-12-15,0.33370115292416574,62.7800521850586,37.86760844717668,0.16685057646208287
2012-12-16,0.24922948137437695,73.17626953125,44.13033567241127,0.12461474068718847
2012-12-17,0.16285529469959287,76.20039367675781,45.97157150796322,0.08142764734979643
2012-12-18,0.3139149956242152,76.08834838867188,45.86468552133318,0.1569574978121076
2012-12-19,0.2819527415242951,70.9711685180664,42.79740043356512,0.14097637076214756
2012-12-20,0.2819527415242951,70.55865478515625,42.54946368558463,0.14097637076214756
2012-12-21,0.16742133099958145,67.29451751708984,40.607398281095236,0.08371066549979073
2012-12-22,0.16742133099958145,67.29451751708984,40.607398281095236,0.08371066549979073
2012-12-23,0.14040561622464898,70.34517669677734,42.449953089979275,0.07020280811232449
2012-12-24,0.15600624024961,69.2540283203125,41.78958237061857,0.078003120124805
2012-12-25,0.15600624024961,69.13868713378906,41.72011257717541,0.078003120124805
2012-12-26,0.1647578098245881,68.77957153320312,41.50217437633826,0.08237890491229405
2012-12-27,0.14953768882462615,68.23372650146484,41.17623584059737,0.07476884441231307
2012-12-28,0.2225942696244435,64.55422973632811,38.949210588484156,0.11129713481222175
2012-12-29,0.3146760016742133,69.13614654541016,41.688219107201164,0.15733800083710664
2012-12-30,0.33902819527415246,62.64843750000001,37.78789723921274,0.16951409763707623
2012-12-31,0.24009740877439975,63.16668701171875,38.112115403734144,0.12004870438719988
2013-01-01,0.2130816939994673,62.74986267089844,37.86485781658186,0.10654084699973365
2013-01-02,0.08485217457478787,70.23188018798828,42.392936633125906,0.042426087287393936
2013-01-03,0.29869487462425326,62.74507141113281,37.85106332289121,0.14934743731212663
2013-01-04,0.2545565237243636,60.9192008972168,36.758769593957865,0.1272782618621818
2013-01-05,0.21650622122445876,59.15199279785157,35.69960721858783,0.10825311061222938
2013-01-06,0.29717286252425706,54.083423614501946,32.64658945161346,0.14858643126212853
2013-01-07,0.36490240097408777,51.49568176269531,31.09063710258103,0.18245120048704389
2013-01-08,0.39724515809900685,51.679054260253906,31.200155924259317,0.19862257904950342
2013-01-09,0.39724515809900685,51.698741912841804,31.211966268448638,0.19862257904950342
2013-01-10,0.39724515809900685,51.55478286743163,31.125607274258215,0.19862257904950342
2013-01-11,0.36261938282409345,51.381950378417976,31.022406020867926,0.18130969141204673
2013-01-12,0.2910848141242723,51.52854537963868,31.111490485648318,0.14554240706213614
2013-01-13,0.2389558996994026,54.89356231689453,33.13623980273259,0.1194779498497013
2013-01-14,0.27624519614930937,54.70672225952149,33.02210624491323,0.13812259807465468
2013-01-15,0.24161942087439597,54.13643646240234,32.68074209287937,0.12080971043719799
2013-01-16,0.24161942087439597,54.13285827636718,32.67859002113306,0.12080971043719799
2013-01-17,0.21498420912446253,63.25537109375,38.16878394243049,0.10749210456223127
2013-01-18,0.2024276092994939,75.85003662109374,45.75034660890056,0.10121380464974696
2013-01-19,0.2024276092994939,75.20952606201172,45.364865561341915,0.10121380464974696
2013-01-20,0.2024276092994939,73.60525512695312,44.39936072797809,0.10121380464974696
2013-01-21,0.2024276092994939,72.73368072509766,43.87481759798808,0.10121380464974696
2013-01-22,0.08903770784977741,73.52193450927734,44.37588704367087,0.044518853924888704
2013-01-23,0.11072638027472317,82.89302825927734,50.019221922772594,0.05536319013736159
2013-01-24,0.11072638027472317,81.46294403076172,49.1572371712223,0.05536319013736159
2013-01-25,0.22373577869944064,80.30648803710938,48.42593294213857,0.11186788934972032
2013-01-26,0.17617290057455956,78.21148681640625,47.178954527482496,0.08808645028727978
2013-01-27,0.15790875537460525,75.84053039550781,45.7561293468778,0.07895437768730262
2013-01-28,0.15790875537460525,75.83775329589844,45.75445675751031,0.07895437768730262
2013-01-29,0.1529622160496176,73.65838623046874,44.443039547622774,0.0764811080248088
2013-01-30,0.18226094897454434,74.70977020263672,45.06907861661042,0.09113047448727217
2013-01-31,0.25075149347437314,69.24298095703125,41.76469675214099,0.12537574673718657
2013-02-01,0.25075149347437314,69.18923950195312,41.73237928590303,0.12537574673718657
2013-02-02,0.25075149347437314,69.18923950195312,41.73237928590303,0.12537574673718657
2013-02-03,0.17541189452456146,68.73692321777344,41.47449485581694,0.08770594726228073
2013-02-04,0.17350937939956623,68.39207458496094,41.26720996393805,0.08675468969978312
2013-02-05,0.16209428864959477,69.1871566772461,41.74813757442429,0.08104714432479738
2013-02-06,0.14421064647463946,73.06621551513672,44.088376799101866,0.07210532323731973
2013-02-07,0.14230813134964423,68.5993423461914,41.39781391995396,0.07115406567482212
2013-02-08,0.18302195502454244,68.20779418945312,41.15451843103795,0.09151097751227122
2013-02-09,0.18796849434953009,69.66388702392578,42.03015452420837,0.09398424717476504
2013-02-10,0.2035691183744911,69.61036682128906,41.99487716711383,0.10178455918724555
2013-02-11,0.2035691183744911,69.61036682128906,41.99487716711383,0.10178455918724555
2013-02-12,0.20090559719949772,69.49285888671875,41.924677431719026,0.10045279859974886
2013-02-13,0.14725467067463188,81.44798278808594,49.136731856208854,0.07362733533731594
2013-02-14,0.2210722575244473,76.45838928222656,46.111540865706715,0.11053612876222366
2013-02-15,0.08865720482477836,71.0295181274414,42.873119931133736,0.04432860241238918
2013-02-16,0.1921540276245196,70.57152557373047,42.57567249395492,0.0960770138122598
2013-02-17,0.13850310109965375,68.93537902832033,41.600974749165275,0.06925155054982687
2013-02-18,0.15905026444960238,66.02344512939453,39.84332004859338,0.07952513222480119
2013-02-19,0.15410372512461473,68.03587341308594,41.05623295127445,0.07705186256230737
2013-02-20,0.17579239754956053,68.54283905029297,41.357565410906204,0.08789619877478026
2013-02-21,0.12670750732468322,67.7544937133789,40.89161716033133,0.06335375366234161
2013-02-22,0.09931128952475171,67.184326171875,40.55274705812451,0.049655644762375856
2013-02-23,0.09931128952475171,67.1827163696289,40.55177656439113,0.049655644762375856
2013-02-24,0.09931128952475171,67.79757690429688,40.922454576081165,0.049655644762375856
2013-02-25,0.05517293862486207,70.88995361328125,42.795961322452754,0.027586469312431035
2013-02-26,0.13469807084966326,74.73174285888672,45.094070068617164,0.06734903542483163
2013-02-27,0.1263270042996842,73.64739227294922,44.442716104723644,0.0631635021498421
2013-02-28,0.1263270042996842,73.20448303222656,44.175821197243856,0.0631635021498421
2013-03-01,0.15943076747460141,67.13560485839844,40.513072838142236,0.07971538373730071
2013-03-02,0.17921692477455195,69.0421142578125,41.65752709904271,0.08960846238727598
2013-03-03,0.19101251854952245,68.50989532470703,41.334912752855686,0.09550625927476122
2013-03-04,0.21270119097446827,66.51220703125,40.12882665092236,0.10635059548723413
2013-03-05,0.21270119097446827,66.6578369140625,40.21645670798964,0.10635059548723413
2013-03-06,0.21270119097446827,67.33614349365234,40.62461500030317,0.10635059548723413
2013-03-07,0.21270119097446827,70.70953369140625,42.65448943150061,0.10635059548723413
2013-03-08,0.21270119097446827,67.43754577636719,40.68563192656476,0.10635059548723413
2013-03-09,0.21270119097446827,67.11725616455078,40.492903645668825,0.10635059548723413
2013-03-10,0.24276092994939308,62.15119934082032,37.50101925424733,0.12138046497469654
2013-03-11,0.23477036642441307,62.119815826416016,37.48311268706412,0.11738518321220653
2013-03-12,0.2317263422244207,61.77959060668945,37.27882218561753,0.11586317111221035
2013-03-13,0.2827137475742932,60.739315032958984,36.64757803988091,0.1413568737871466
2013-03-14,0.1982420760245044,61.56538009643554,37.1538383557478,0.0991210380122522
2013-03-15,0.20166660324949584,60.26570129394532,36.37124148115875,0.10083330162474792
2013-03-16,0.25189300254937025,54.71857452392578,33.03037966824772,0.12594650127468512
2013-03-17,0.25189300254937025,54.72114944458008,33.03192806941344,0.12594650127468512
2013-03-18,0.25189300254937025,54.72114944458008,33.03192806941344,0.12594650127468512
2013-03-19,0.24542445112438643,77.13397216796875,46.51139595528443,0.12271222556219322
2013-03-20,0.1544842281496138,77.14509582519533,46.54277157852999,0.0772421140748069
2013-03-21,0.18949050644952628,71.39031219482422,43.0690999956074,0.09474525322476314
2013-03-22,0.22639929987443402,61.984554290771484,37.4027546750216,0.11319964993721701
2013-03-23,0.2286823180244283,62.25236892700195,37.56359071188342,0.11434115901221414
2013-03-24,0.2286823180244283,62.94738006591797,37.98168958959539,0.11434115901221414
2013-03-25,0.2286823180244283,62.921180725097656,37.96592881342877,0.11434115901221414
2013-03-26,0.19748106997450632,64.85246276855469,39.13236715951733,0.09874053498725316
2013-03-27,0.19253453064951867,63.90474319458007,38.562638198407214,0.09626726532475934
2013-03-28,0.19253453064951867,63.7399787902832,38.463461073589514,0.09626726532475934
2013-03-29,0.1738898824245653,64.53878784179688,38.94700127259033,0.08694494121228265
2013-03-30,0.1738898824245653,64.70985412597656,39.05000360129717,0.08694494121228265
2013-03-31,0.187207488299532,64.48726654052734,38.914049940427496,0.093603744149766
2013-04-01,0.17427038544956433,61.984371185302734,37.40889184241344,0.08713519272478217
2013-04-02,0.1434496404246414,60.741390228271484,36.66378419813031,0.0717248202123207
2013-04-03,0.1434496404246414,61.07893371582031,36.86712843000578,0.0717248202123207
2013-04-04,0.16209428864959477,60.65529251098633,36.60993024193848,0.08104714432479738
2013-04-05,0.16209428864959477,60.64724349975585,36.60508282668224,0.08104714432479738
2013-04-06,0.16209428864959477,60.306190490722656,36.399687963656774,0.08104714432479738
2013-04-07,0.257600547924356,59.832576751708984,36.105069350615686,0.128800273962178
2013-04-08,0.257600547924356,59.80519104003906,36.08860280704727,0.128800273962178
2013-04-09,0.27167915984932084,58.799461364746094,35.482636517525115,0.13583957992466042
2013-04-10,0.26673262052433316,58.27177429199219,35.165831080858695,0.13336631026216658
2013-04-11,0.26673262052433316,57.61906814575195,34.77343003675911,0.13336631026216658
2013-04-12,0.20394962139949013,57.86521530151367,34.926349503248005,0.10197481069974507
2013-04-13,0.265591111449336,54.48849868774413,32.891411170278715,0.132795555724668
2013-04-14,0.4002891822989993,55.195625305175774,33.309538975344736,0.20014459114949965
2013-04-15,0.4870438719987824,54.11511230468751,32.65781735475783,0.2435219359993912
2013-04-16,0.4547011148738633,53.68420791625977,32.400902430845456,0.22735055743693164
2013-04-17,0.4547011148738633,53.39277648925781,32.22624428652088,0.22735055743693164
2013-04-18,0.42197785472394506,48.218029022216804,29.124376590084726,0.21098892736197253
2013-04-19,0.42197785472394506,47.87088394165039,28.916215027010487,0.21098892736197253
2013-04-20,0.3664244130740839,50.08607864379883,30.244578924077835,0.18321220653704196
2013-04-21,0.3572923404741068,50.7425422668457,30.638652298465985,0.1786461702370534
2013-04-22,0.3572923404741068,50.55043411254883,30.523332582587482,0.1786461702370534
2013-04-23,0.37213195844906966,49.87404251098633,30.117323286472303,0.18606597922453483
2013-04-24,0.514820592823713,42.14636993408203,25.4908674328146,0.2574102964118565
2013-04-25,0.5475438529736312,42.47524261474609,25.690229172548936,0.2737719264868156
2013-04-26,0.5475438529736312,42.25741195678711,25.559883039976782,0.2737719264868156
2013-04-27,0.5041665081237396,44.85751724243164,27.11351081019626,0.2520832540618698
2013-04-28,0.4984589627487539,44.754112243652344,27.051290765299807,0.24922948137437695
2013-04-29,0.4984589627487539,44.78683090209961,27.07088510970457,0.24922948137437695
2013-04-30,0.4984589627487539,44.87381362915039,27.122976778250376,0.24922948137437695
2013-05-01,0.4573646360488566,40.56904602050781,24.541089038232712,0.2286823180244283
2013-05-02,0.5007419808987481,39.542823791503906,23.930625849861308,0.25037099044937405
2013-05-03,0.4421445150488946,35.07147979736328,21.244209825794364,0.2210722575244473
2013-05-04,0.5243331684486892,31.046649932861325,18.847155970996575,0.2621665842243446
2013-05-05,0.49960047182375106,29.00096321105957,17.617383649400832,0.24980023591187553
2013-05-06,0.5056885202237358,28.709486007690426,17.44412511896903,0.2528442601118679
2013-05-07,0.4919904113237701,30.001512527465824,18.2150530132446,0.24599520566188504
2013-05-08,0.5288992047486778,26.73975944519043,16.270048926307624,0.2644496023743389
2013-05-09,0.5338457440736655,25.93767738342285,15.79113747338482,0.26692287203683274
2013-05-10,0.5338457440736655,25.969356536865234,15.810098075336901,0.26692287203683274
2013-05-11,0.5437388227236406,25.916690826416012,15.78095918329315,0.2718694113618203
2013-05-12,0.45888664814885277,26.790220260620117,16.28400346153535,0.22944332407442639
2013-05-13,0.4847608538487881,24.397069931030273,14.856486172376895,0.24238042692439404
2013-05-14,0.4980784597237548,21.76738166809082,13.285034694731868,0.2490392298618774
2013-05-15,0.5079715383737301,21.224365234375,12.962681157898945,0.25398576918686505
2013-05-16,0.48209733267379473,24.504220962524414,14.919991700441788,0.24104866633689737
2013-05-17,0.3401697043491496,26.44797325134277,16.050945043572913,0.1700848521745748
2013-05-18,0.48323884174879195,24.69078636169434,15.032040245506408,0.24161942087439597
2013-05-19,0.49503443552376236,24.173320770263672,14.72511135770607,0.24751721776188118
2013-05-20,0.5368897682736578,23.858770370483402,14.547666119260924,0.2684448841368289
2013-05-21,0.5262356835736844,24.1552791595459,14.722369968959637,0.2631178417868422
2013-05-22,0.5262356835736844,24.162572860717777,14.726735948896689,0.2631178417868422
2013-05-23,0.5795061070735513,22.729219436645508,13.883263663458889,0.28975305353677566
2013-05-24,0.5502073741486244,24.104732513427734,14.698320485014134,0.2751036870743122
2013-05-25,0.49046839922377383,25.5427074432373,15.544131202570021,0.24523419961188692
2013-05-26,0.49275141737376815,26.976516723632816,16.403442086996016,0.24637570868688408
2013-05-27,0.6342985426734142,26.946645736694336,16.418182793540286,0.3171492713367071
2013-05-28,0.6251664700734372,26.901704788208008,16.389220535449887,0.3125832350367186
2013-05-29,0.6122293672234694,31.209913253784176,18.961403610784256,0.3061146836117347
2013-05-30,0.35272630417411815,47.14723205566407,28.480309893528734,0.17636315208705908
2013-05-31,0.3340816559491648,47.36286926269532,28.609271918028618,0.1670408279745824
2013-06-01,0.3340816559491648,47.35628890991212,28.605320301130664,0.1670408279745824
2013-06-02,0.33902819527415246,46.63091278076171,28.16988590624111,0.16951409763707623
2013-06-03,0.3314181347741715,45.98794555664063,27.78349933130031,0.16570906738708574
2013-06-04,0.4094212548989764,41.525535583496094,25.110235610566523,0.2047106274494882
2013-06-05,0.531182222898672,34.16237258911133,20.71335891997096,0.265591111449336
2013-06-06,0.6148928883984628,28.645517349243164,17.429140623600752,0.3074464441992314
2013-06-07,0.6156538944484609,27.22133064270019,16.578064228973904,0.30782694722423043
2013-06-08,0.6225029488984437,25.444301605224613,15.51761267578478,0.31125147444922185
2013-06-09,0.6225029488984437,25.457202911376953,15.525322925583158,0.31125147444922185
2013-06-10,0.6225029488984437,26.029100418090817,15.867107903302829,0.31125147444922185
2013-06-11,0.6137513793234657,22.66091156005859,13.851773578763837,0.30687568966173284
2013-06-12,0.6495186636733762,18.687246322631836,11.48783098789597,0.3247593318366881
2013-06-13,0.647616148548381,15.856295585632324,9.796075850816575,0.3238080742741905
2013-06-14,0.6567482211483581,15.686623573303224,9.697850343577871,0.32837411057417903
2013-06-15,0.6232639549484419,15.317811012268068,9.465948910653504,0.31163197747422094
2013-06-16,0.6206004337734484,13.314780235290527,8.267909199714044,0.3103002168867242
2013-06-17,0.6769148814733077,11.50794315338135,7.209725457827916,0.33845744073665385
2013-06-18,0.6552262090483619,11.691587448120117,7.311068887907614,0.32761310452418096
2013-06-19,0.6803394086982992,11.138781547546388,6.99063388070697,0.3401697043491496
2013-06-20,0.6852859480232868,10.925702095031738,6.865346573602163,0.3426429740116434
2013-06-21,0.6700658270233248,8.835882186889648,5.611447488787621,0.3350329135116624
2013-06-22,0.6845249419732887,8.42027759552002,5.3692780906917035,0.34226247098664436
2013-06-23,0.686046954073285,8.187969207763672,5.2312233354533575,0.3430234770366425
2013-06-24,0.686046954073285,8.187969207763672,5.2312233354533575,0.3430234770366425
2013-06-25,0.6993645599482516,9.931620597839355,6.277515582429424,0.3496822799741261
2013-06-26,0.694418020623264,9.920029640197754,6.268614777999401,0.347209010311632
2013-06-27,0.6814809177732962,10.161786079406738,6.4077686995686305,0.3407404588866481
2013-06-28,0.6814809177732962,10.165153503417969,6.409779198157642,0.3407404588866478
2013-06-29,0.678817396598303,11.90868091583252,7.4497263216345475,0.3394086982991515
2013-06-30,0.6761538754233096,10.041262626647947,6.333682337664001,0.3380769377116548
2013-07-01,0.6544652029983639,8.681501388549805,5.512811871597536,0.32723260149918193
2013-07-02,0.6339180396484152,8.390982627868652,5.330731577887926,0.3169590198242076
2013-07-03,0.6339180396484152,8.457110404968262,5.370244189086359,0.3169590198242076
2013-07-04,0.6263079791484342,8.299694061279297,5.273011495377492,0.3131539895742171
2013-07-05,0.6928960085232677,7.896965026855468,5.060378130391001,0.34644800426163386
2013-07-06,0.6373425668734066,7.792886257171632,4.974802954729178,0.3186712834367033
2013-07-07,0.6373425668734066,7.7193145751953125,4.930844987519668,0.3186712834367033
2013-07-08,0.6685438149233286,7.176952838897704,4.6201533784677995,0.3342719074616643
2013-07-09,0.6514211787983715,7.459200859069824,4.781420130374238,0.32571058939918573
2013-07-10,0.6643582816483391,7.105386734008789,4.575620674440149,0.33217914082416955
2013-07-11,0.6647387846733381,6.422450542449952,4.167926943377905,0.33236939233666907
2013-07-12,0.6837639359232905,4.665088653564453,3.127036281002334,0.3418819679616453
2013-07-13,0.6780563905483049,4.734189033508301,3.1657070688332087,0.33902819527415246
2013-07-14,0.7039305962482402,4.2631096839904785,2.8962701340660804,0.3519652981241201
2013-07-15,0.6700658270233248,3.9523785114288326,2.695225947281799,0.3350329135116624
2013-07-16,0.6426696092233933,4.009568214416504,2.7167775766285516,0.32133480461169667
2013-07-17,0.6441916213233896,4.466472148895264,2.9904394531471357,0.32209581066169496
2013-07-18,0.6415281001483961,4.577471733093262,3.0555425847566884,0.3207640500741979
2013-07-19,0.6575092271983562,4.292333126068115,2.892493114665211,0.3287546135991781
2013-07-20,0.7016475780982458,3.8783349990844727,2.6655763274471824,0.3508237890491229
2013-07-21,0.6757733723983106,3.725390911102295,2.562319711326877,0.3378866861991553
2013-07-22,0.6597922453483505,3.7363445758819585,2.5614666972257045,0.32989612267417523
2013-07-23,0.6552262090483619,3.412800788879395,2.366099624202693,0.32761310452418096
2013-07-24,0.6525626878733686,3.3945491313934326,2.3539564529195918,0.3262813439366843
2013-07-25,0.7176287051482059,2.746867418289185,1.997820734871581,0.35881435257410293
2013-07-26,0.6563677181233591,2.769528865814209,1.9824085602191142,0.3281838590616796
2013-07-27,0.6856664510482858,2.9875612258911133,2.126412165518298,0.3428332255241429
2013-07-28,0.670826833073323,2.111966371536255,1.5965742036063515,0.3354134165366615
2013-07-29,0.670826833073323,2.111966848373413,1.596574488349676,0.33541341653666157
2013-07-30,0.6849054449982878,1.745911955833435,1.3847783032238725,0.3424527224991439
2013-07-31,0.6738708572733153,1.702381134033203,1.3534605569905884,0.33693542863665765
2013-08-01,0.5787451010235531,1.7186172008514404,1.3172274000708826,0.2893725505117766
2013-08-02,0.6769148814733077,1.5769634246826172,1.2800451944926792,0.33845744073665396
2013-08-03,0.6613142574483467,1.558597445487976,1.2615219064673477,0.3306571287241733
2013-08-04,0.6909934933982725,1.5595339536666868,1.276457991655738,0.34549674669913627
2013-08-05,0.6186979186484532,1.377622365951538,1.1327143392925378,0.3093489593242266
2013-08-06,0.6685438149233286,1.2799016237258911,1.098594423851499,0.3342719074616643
2013-08-07,0.6670218028233325,1.4045341014862058,1.1722819284880923,0.3335109014116662
2013-08-08,0.6620752634983449,1.6031219959259033,1.2884822818025559,0.33103763174917233
2013-08-09,0.601575282523496,1.7542543411254885,1.3495555261340728,0.3007876412617481
2013-08-10,0.7240972565731898,1.3301571607589724,1.1556434395020152,0.3620486282865949
2013-08-11,0.6932765115482669,0.9962310194969178,0.9413139906268311,0.34663825577413343
2013-08-12,0.6643582816483391,1.5080519914627075,1.2328099854192678,0.33217914082416955
2013-08-13,0.6620752634983449,1.5952434539794922,1.283776920728363,0.33103763174917233
2013-08-14,0.6753928693733116,1.6543498039245608,1.325515935393865,0.3376964346866558
2013-08-15,0.6932765115482669,1.660398602485657,1.337772580802652,0.3466382557741335
2013-08-16,0.7081161295232297,0.9705405235290527,0.93325446204396,0.3540580647616149
2013-08-17,0.7081161295232297,1.6333259344100952,1.3287896435711917,0.3540580647616148
2013-08-18,0.6403865910733991,1.5300526618957522,1.234330043806877,0.32019329553669956
2013-08-19,0.6403865910733991,1.5189390182495117,1.2276901481240574,0.32019329553669956
2013-08-20,0.6757733723983106,1.22732675075531,1.0707241849074476,0.3378866861991553
2013-08-21,0.6837639359232905,0.9464587569236755,0.906937400926888,0.3418819679616453
2013-08-22,0.6521821848483695,0.9690330624580384,0.9049298898178822,0.32609109242418477
2013-08-23,0.6521821848483695,1.4787448644638062,1.2093993428435563,0.32609109242418477
2013-08-24,0.67196834214832,1.35528564453125,1.1452775668310462,0.33598417107416
2013-08-25,0.6681633118983296,1.8514446020126343,1.4397211735408504,0.3340816559491648
2013-08-26,0.67196834214832,2.0988354682922363,1.5892798804496548,0.33598417107416
2013-08-27,0.6662607967733343,2.5062522888183594,1.829853470102936,0.33313039838666714
2013-08-28,0.6594117423233515,2.716788291931152,1.9523462114057957,0.32970587116167577
2013-08-29,0.6377230698984057,2.6487114429473877,1.9014164819351267,0.31886153494920283
2013-08-30,0.6411475971233972,2.136507749557495,1.5970235694865875,0.3205737985616986
2013-08-31,0.6761538754233096,1.585078001022339,1.2845218795115425,0.3380769377116548
2013-09-01,0.6723488451733192,1.9684176445007324,1.511585123109598,0.3361744225866596
2013-09-02,0.6122293672234694,1.1778647899627686,1.0101668799514527,0.3061146836117347
2013-09-03,0.6963205357482593,0.9499198198318481,0.9151627492752255,0.3481602678741296
2013-09-04,0.6841444389482897,0.9073397517204285,0.8837693456277869,0.3420722194741448
2013-09-05,0.6890909782732773,0.8245888352394105,0.8367981346671582,0.34454548913663857
2013-09-06,0.711160153723222,1.6709949970245361,1.3527408256092044,0.355580076861611
2013-09-07,0.6902324873482744,1.206799030303955,1.0655221364037377,0.3451162436741372
2013-09-08,0.679578402648301,1.3045642375946045,1.1186956081500694,0.33978920132415047
2013-09-09,0.6746318633233135,1.2623618841171265,1.0910873383389075,0.33731593166165674
2013-09-10,0.65598721509836,1.3237979412078857,1.11869603751398,0.32799360754918
2013-09-11,0.6354400517484114,1.8368408679962158,1.4152396084678884,0.3177200258742057
2013-09-12,0.624405464023439,2.918851137161255,2.0565497536296546,0.3122027320117195
2013-09-13,0.6323960275484191,3.175421714782715,2.2136215336024048,0.31619801377420953
2013-09-14,0.6297325063734257,2.7139418125152592,1.9366119704214406,0.31486625318671285
2013-09-15,0.6297325063734257,2.7161650657653813,1.9379404998026113,0.31486625318671285
2013-09-16,0.6282104942734295,2.899132490158081,2.0465578115248144,0.3141052471367147
2013-09-17,0.6049998097484875,5.571713447570801,3.6333164634064476,0.3024999048742438
2013-09-18,0.5947262280735133,5.328995227813721,3.4836281842888956,0.29736311403675664
2013-09-19,0.6304935124234238,3.1671295166015625,2.2077756579873644,0.3152467562117119
2013-09-20,0.6491381606483771,2.3766353130340576,1.7442923950171945,0.3245690803241886
2013-09-21,0.6807199117232982,2.1842100620269775,1.6444449794251175,0.3403599558616492
2013-09-22,0.6750123663483124,2.152397394180298,1.622720267414244,0.3375061831741562
2013-09-23,0.6693048209733268,2.1334195137023926,1.6086564129978584,0.3346524104866633
2013-09-24,0.6970815417982573,1.9604197740554812,1.5186907998802757,0.3485407708991287
2013-09-25,0.7081161295232297,1.810394287109375,1.4344599885694884,0.35405806476161483
2013-09-26,0.7119211597732201,2.0052857398986816,1.5525929656503572,0.3559605798866102
2013-09-27,0.6883299722232792,2.0511903762817383,1.5686743629436406,0.3441649861116395
2013-09-28,0.6118488641984704,2.2189855575561523,1.6323004421734753,0.3059244320992352
2013-09-29,0.6118488641984704,2.2189855575561523,1.6323004421734753,0.3059244320992352
2013-09-30,0.6118488641984704,2.77930212020874,1.9672239590115725,0.3059244320992352
2013-10-01,56.21703892545946,0.5600406527519226,28.13186638785263,28.10851946272973
2013-10-02,19.765990639625585,0.23443178832530975,9.978221135798075,9.882995319812792
2013-10-03,18.372208059054067,0.33306989073753357,9.326038754444943,9.186104029527034
2013-10-04,17.90723336250523,0.3525385856628418,9.103370125285295,8.953616681252615
2013-10-05,17.901145314105246,0.3606417775154114,9.10379017931854,8.950572657052623
2013-10-06,17.5195007800312,1.0509666204452515,9.210261202235458,8.7597503900156
2013-10-07,17.43274609033142,1.0560176372528076,9.169965187707025,8.71637304516571
2013-10-08,16.773334348008067,1.317206382751465,8.961133751296401,8.386667174004033
2013-10-09,15.982268559035045,3.981303691864014,9.758974913167135,7.991134279517523
2013-10-10,15.954111335185114,4.242547988891602,9.86209265709395,7.977055667592557
2013-10-11,14.767702903238082,16.646913528442383,14.977861633923476,7.383851451619041
2013-10-12,12.310414367794225,30.54228973388672,20.838539937625605,6.1552071838971125
2013-10-13,12.114074806894715,32.30096435546875,21.64927986388582,6.0570374034473575
2013-10-14,12.005631444769985,32.26557159423828,21.612963346387918,6.002815722384993
2013-10-15,11.850005707545375,32.47201919555664,21.68556505660979,5.925002853772689
2013-10-16,5.7600547924356,27.54020118713379,17.924075806960545,2.8800273962178
2013-10-17,3.785624595715536,29.29659271240234,18.474743969265102,1.892812297857768
2013-10-18,2.814580875917964,29.221284866333008,18.230349165293493,1.407290437958982
2013-10-19,2.4846847532437883,27.652536392211914,17.253477656112352,1.2423423766218942
2013-10-20,2.4713671473688215,27.487918853759762,17.15516414571936,1.2356835736844107
2013-10-21,2.4569080324188577,27.184755325317383,16.976289733999067,1.2284540162094288
2013-10-22,2.421140748068947,26.54759407043457,16.598800798705497,1.2105703740344735
2013-10-23,2.420379742018949,26.816884994506836,16.754718021301233,1.2101898710094745
2013-10-24,2.4066816331189833,25.62162971496582,16.058543540268317,1.2033408165594917
2013-10-25,2.140329515619649,25.197277069091793,15.74644491210847,1.0701647578098246
2013-10-26,1.5018454396712453,16.243909835815433,10.315984090491021,0.7509227198356226
2013-10-27,1.4691221795213272,16.324195861816406,10.352239880703895,0.7345610897606636
2013-10-28,1.4234618165214414,14.702894210815428,9.380905536371326,0.7117309082607207
2013-10-29,1.421178798371447,15.092991828918457,9.610119397162773,0.7105893991857235
2013-10-30,1.421178798371447,15.16714572906494,9.653843985786494,0.7105893991857235
2013-10-31,1.279631673071801,17.293144226074215,10.861135971407826,0.6398158365359005
2013-11-01,1.2784901639968038,17.29264259338379,10.860466117941622,0.6392450819984019
2013-11-02,1.2651725581218372,17.16193962097168,10.77883782431595,0.6325862790609186
2013-11-03,1.1358015296221606,21.00698471069336,13.014545200812815,0.5679007648110803
2013-11-04,1.1358015296221606,21.003562927246094,13.012517793143813,0.567900764811081
2013-11-05,0.9938739012975153,21.62146949768066,13.338350637167457,0.49693695064875765
2013-11-06,0.9596286290476008,22.055870056152344,13.5867800830629,0.4798143145238004
2013-11-07,0.9036946843727408,27.37071418762207,16.732532610555232,0.4518473421863704
2013-11-08,0.8858110421977854,27.247276306152347,16.65504010709507,0.4429055210988927
2013-11-09,0.8032418857729919,29.111909866333008,17.747250310335296,0.40162094288649597
2013-11-10,0.8032418857729919,29.08034324645996,17.728442101213496,0.40162094288649597
2013-11-11,0.5707545374985732,41.649620056152344,25.19812896323256,0.2853772687492866
2013-11-12,0.6259274761234352,34.449420928955085,20.899904128446558,0.3129637380617176
2013-11-13,0.6906129903732735,32.15243148803711,19.538770267496297,0.34530649518663675
2013-11-14,0.663597275598341,31.218236923217773,18.976026766563557,0.3317986377991705
2013-11-15,0.6122293672234694,37.423179626464844,22.675296642825575,0.3061146836117347
2013-11-16,0.5327042349986683,53.33031845092774,32.18621472672628,0.26635211749933413
2013-11-17,0.5791256040485522,49.85163116455078,30.104180522741764,0.2895628020242761
2013-11-18,0.5631444769985922,49.40835952758789,29.838979814038158,0.2815722384992961
2013-11-19,0.5631444769985922,49.40835952758789,29.838979814038158,0.2815722384992961
2013-11-20,0.5406947985236482,48.96134948730469,29.571333229381658,0.2703473992618241
2013-11-21,0.5406947985236482,48.93681335449219,29.556649547510283,0.2703473992618241
2013-11-22,0.4984589627487539,60.56288146972657,36.518747058788726,0.24922948137437695
2013-11-23,0.4741067691488147,60.53641510009765,36.50546289399481,0.23705338457440736
2013-11-24,0.4238803698489403,60.58333969116211,36.5388918556047,0.21194018492447014
2013-11-25,0.5395532894486511,60.543190002441406,36.50262170375553,0.26977664472432555
2013-11-26,0.5288992047486778,59.533203125,35.89919783719703,0.2644496023743389
2013-11-27,0.5015029869487463,59.59335708618164,35.937832369154286,0.25075149347437314
2013-11-28,0.507591035348731,58.086727142333984,35.03510484182691,0.2537955176743655
2013-11-29,0.5053080171987367,55.88483810424805,33.71678681230442,0.2526540085993684
2013-11-30,0.24999048742437502,53.27534103393554,32.162568863537444,0.12499524371218751
2013-12-01,0.5418363075986454,49.67421340942383,29.997951326740015,0.2709181537993227
2013-12-02,0.5669495072485826,50.83098983764649,30.690003852122842,0.2834747536242913
2013-12-03,0.5867356645485332,48.98467254638672,29.58575841119076,0.2933678322742666
2013-12-04,0.6148928883984628,48.30018615722656,29.1769203695513,0.3074464441992314
2013-12-05,0.6350595487234123,46.26656341552734,27.962157907627844,0.31752977436170615
2013-12-06,0.5844526463985389,45.29095458984374,27.37684101502303,0.29222632319926944
2013-12-07,0.5943457250485141,46.83003616333007,28.29754660261543,0.29717286252425706
2013-12-08,0.5570564285986074,43.03346633911133,26.02492337923408,0.2785282142993037
2013-12-09,0.5570564285986074,42.400627136230476,25.64630344504522,0.2785282142993037
2013-12-10,0.6670218028233325,41.54879379272461,25.145955402712026,0.33351090141166484
2013-12-11,0.6487576576233781,40.407630920410156,24.4627145707918,0.32437882881168906
2013-12-12,0.6403865910733991,41.3299446105957,25.01295199163618,0.3201932955366982
2013-12-13,0.5627639739735931,40.762725830078125,24.666894401775856,0.28138198698679656
2013-12-14,0.6308740154484228,37.22447967529297,22.5589084782442,0.3154370077242114
2013-12-15,0.6156538944484609,37.83254623413086,22.920406482058304,0.30782694722423043
2013-12-16,0.624785967048438,35.717750549316406,21.657693640936557,0.312392983524219
2013-12-17,0.6540846999733648,40.09604263305664,24.277108437958464,0.3270423499866824
2013-12-18,0.6301130093984247,40.02254867553711,24.230817450633726,0.31505650469921237
2013-12-19,0.6301130093984247,40.02254867553711,24.230817450633726,0.31505650469921237
2013-12-20,0.6301130093984247,39.77022171020508,24.080037663169005,0.31505650469921237
2013-12-21,0.5190061260987024,38.658782958984375,23.40328859493461,0.2595030630493512
2013-12-22,0.5003614778737491,38.27946853637695,23.17401984550697,0.25018073893687454
2013-12-23,0.45850614512385374,39.48641586303711,23.892405412081082,0.22925307256192687
2013-12-24,0.45850614512385374,39.276466369628906,23.76658829909328,0.22925307256192687
2013-12-25,0.45850614512385374,40.226905822753906,24.33616122885212,0.22925307256192687
2013-12-26,0.45850614512385374,40.226905822753906,24.33616122885212,0.22925307256192687
2013-12-27,0.3089684562992276,63.064571380615234,38.041699502083546,0.1544842281496138
2013-12-28,0.31125147444922185,67.99427795410156,41.00290168543611,0.15562573722461093
2013-12-29,0.31010996537422475,68.19904327392578,41.12612133215544,0.15505498268711237
2013-12-30,0.3097294623492257,70.08621215820312,42.25992805757033,0.15486473117461286
2013-12-31,0.3219055591491952,72.78768920898438,43.880095477322094,0.1609527795745976
2014-01-01,0.2926068262242685,71.85209655761719,43.32454420090956,0.14630341311213424
2014-01-02,0.2926068262242685,70.79007720947266,42.686342543165125,0.14630341311213424
2014-01-03,0.2739621779993151,70.26284027099608,42.37328680800564,0.13698108899965755
2014-01-04,0.2686351356493284,71.96745300292969,43.39913157697528,0.1343175678246642
2014-01-05,0.2686351356493284,72.2722854614258,43.58238830026447,0.1343175678246642
2014-01-06,0.2591225600243522,79.89305114746094,48.16662246212332,0.1295612800121761
2014-01-07,0.19862257904950342,77.92162322998047,46.99816034120411,0.09931128952475171
2014-01-08,0.19862257904950342,77.24966430664062,46.59372702977741,0.09931128952475171
2014-01-09,0.18682698527453293,76.90438079833984,46.38908405968018,0.09341349263726646
2014-01-10,0.18682698527453293,74.2142333984375,44.76964214350062,0.09341349263726646
2014-01-11,0.2256382938244359,76.11653900146484,45.90467498156311,0.11281914691221795
2014-01-12,0.2537955176743655,68.53137969970703,41.33621067723375,0.12689775883718274
2014-01-13,0.17997793082455005,69.14983367919922,41.72223558296356,0.08998896541227502
2014-01-14,0.17997793082455005,69.14791107177734,41.721078060781984,0.08998896541227502
2014-01-15,0.11719493169970702,80.49096679687501,48.5694045618151,0.05859746584985351
2014-01-16,0.0928427380997679,80.37149810791016,48.504798539579966,0.04642136904988395
2014-01-17,0.0928427380997679,80.37149810791016,48.504798539579966,0.04642136904988395
2014-01-18,0.0928427380997679,77.17980194091797,46.580429574027235,0.04642136904988395
2014-01-19,0.0928427380997679,75.9862289428711,45.86078875754949,0.04642136904988395
2014-01-20,0.07229557474981926,75.90400695800781,45.81653720525786,0.03614778737490963
2014-01-21,0.07229557474981926,75.69649505615234,45.691379442756016,0.03614778737490963
2014-01-22,0.2591225600243522,73.03675842285156,44.04415938975146,0.1295612800121761
2014-01-23,0.24047791179939879,72.1235580444336,43.49920692883653,0.12023895589969939
2014-01-24,0.24047791179939879,71.14619445800781,42.911368157940636,0.12023895589969939
2014-01-25,0.13545907689966136,68.62355041503906,41.413673250328934,0.06772953844983068
2014-01-26,0.18530497317453676,66.9446029663086,40.39365499451536,0.09265248658726838
2014-01-27,0.18530497317453676,67.13735961914062,40.509695511674195,0.09265248658726838
2014-01-28,0.12290247707469275,66.71007537841797,40.262895659250795,0.061451238537346374
2014-01-29,0.11072638027472317,74.02631378173828,44.6748005777991,0.05536319013736159
2014-01-30,0.11072638027472317,74.01786804199219,44.669709899409995,0.05536319013736159
2014-01-31,0.11072638027472317,73.50851440429688,44.362696466155256,0.05536319013736159
2014-02-01,0.07533959894981165,71.66517639160156,43.25928917629325,0.03766979947490583
2014-02-02,0.07533959894981165,71.30225372314453,43.04040873492582,0.03766979947490583
2014-02-03,0.07533959894981165,70.69783020019533,42.67587794372877,0.03766979947490583
2014-02-04,0.05212891442486967,70.21835327148438,42.39139587453437,0.026064457212434836
2014-02-05,0.078003120124805,69.88227844238281,42.18348510987202,0.0390015600624025
2014-02-06,0.15562573722461093,75.3075180053711,45.43568483919256,0.07781286861230546
2014-02-07,0.15562573722461093,73.5981674194336,44.40613948856422,0.07781286861230546
2014-02-08,0.15562573722461093,74.11681365966797,44.71852117880789,0.07781286861230546
2014-02-09,0.15562573722461093,74.05330657958984,44.68027073471274,0.07781286861230546
2014-02-10,0.15562573722461093,73.8180923461914,44.53860072132333,0.07781286861230546
2014-02-11,0.1396446101746509,77.87196350097656,46.98470985502881,0.06982230508732545
2014-02-12,0.1366005859746585,82.26518249511719,49.632438877741905,0.06830029298732924
2014-02-13,0.1366005859746585,82.26486206054689,49.6322458183823,0.06830029298732924
2014-02-14,0.10920436817472699,82.95124816894531,50.05481555567572,0.054602184087363496
2014-02-15,0.10996537422472508,80.662109375,48.674766592607305,0.05498268711236254
2014-02-16,0.06049998097484875,79.94294738769531,48.25609688289107,0.030249990487424376
2014-02-17,0.06049998097484875,79.61770629882812,48.05989412245542,0.030249990487424376
2014-02-18,0.06049998097484875,79.43590545654297,47.950222164247094,0.030249990487424376
2014-02-19,0.08180815037479548,77.58641815185547,46.8286346820776,0.04090407518739774
2014-02-20,0.07914462919980214,77.63505554199219,46.858701050041574,0.03957231459990107
2014-02-21,0.14649366462463376,73.88545989990234,44.58135757411453,0.07324683231231688
2014-02-22,0.14649366462463376,74.98937225341797,45.246347050340034,0.07324683231231688
2014-02-23,0.15943076747460141,81.55880737304688,49.19964837644394,0.07971538373730071
2014-02-24,0.14535215554963662,78.67652893066406,47.467793110021965,0.07267607777481831
2014-02-25,0.14116662227464707,77.17657470703125,46.56535100182471,0.07058331113732354
2014-02-26,0.02397169057494007,80.33250427246095,48.50217830474634,0.011985845287470036
2014-02-27,0.06049998097484875,75.75910186767578,45.732178262635315,0.030249990487424376
2014-02-28,0.07115406567482212,73.60861206054688,44.43237290648555,0.03557703283741106
2014-03-01,0.07115406567482212,73.04145050048828,44.09029124913017,0.03557703283741106
2014-03-02,0.04299684182489251,73.0464324951172,44.09978535863609,0.021498420912446255
2014-03-03,0.04299684182489251,73.03974151611328,44.0957478323346,0.021498420912446255
2014-03-04,0.04299684182489251,72.63143157958984,43.84936204829502,0.021498420912446255
2014-03-05,0.06963205357482592,72.23748016357422,43.605717602409705,0.03481602678741296
2014-03-06,0.19481754879951294,73.18073272705078,44.14563277130516,0.09740877439975647
2014-03-07,0.2233552756744416,71.09623718261719,42.88493341065846,0.1116776378372208
2014-03-08,0.17579239754956053,68.58733367919922,41.38435564373169,0.08789619877478026
2014-03-09,0.21574521517446063,63.86915588378906,38.53799789723076,0.10787260758723032
2014-03-10,0.2024276092994939,67.2397232055664,40.56836703313431,0.10121380464974696
2014-03-11,0.20394962139949013,70.0849838256836,42.28043598723572,0.10197481069974507
2014-03-12,0.2286823180244283,66.6307601928711,40.197506014735836,0.11434115901221414
2014-03-13,0.20775465164948062,65.87557220458984,39.74652884762643,0.10387732582474031
2014-03-14,0.22069175449944828,58.37087631225586,35.229264344940816,0.11034587724972414
2014-03-15,0.22069175449944828,58.06486892700195,35.04515457835527,0.11034587724972414
2014-03-16,0.22830181499942925,60.35656356811523,36.42316768813599,0.11415090749971463
2014-03-17,0.2062326395494844,60.30926132202149,36.396986995046895,0.1031163197747422
2014-03-18,0.20965716677447585,60.76765060424805,36.672475078616586,0.10482858338723793
2014-03-19,0.22982382709942545,54.70054244995117,33.02057364319273,0.11491191354971272
2014-03-20,0.2834747536242913,52.87939453125,31.923498965730353,0.14173737681214565
2014-03-21,0.2644496023743389,54.24690246582031,32.746211423126745,0.13222480118716945
2014-03-22,0.2644496023743389,54.21944808959961,32.72970547314481,0.13222480118716945
2014-03-23,0.2644496023743389,54.21944808959961,32.72970547314481,0.13222480118716945
2014-03-24,0.18149994292454627,60.72560882568359,36.65019597894347,0.09074997146227314
2014-03-25,0.17883642174955292,62.78393936157227,37.889740592753625,0.08941821087477646
2014-03-26,0.15981127049960048,63.538105010986335,38.346376702328364,0.07990563524980024
2014-03-27,0.17845591872455385,63.702445983886726,38.442797954706364,0.08922795936227693
2014-03-28,0.18949050644952628,61.7375831604004,37.2585104491521,0.09474525322476314
2014-03-29,0.2317263422244207,61.17719650268554,36.91645741146098,0.11586317111221035
2014-03-30,0.2153647121494616,54.158454895019524,32.69507669559385,0.1076823560747308
2014-03-31,0.2366728815494083,53.86316299438477,32.516575015510654,0.11833644077470415
2014-04-01,0.2625470872493436,54.759368896484375,33.05440386337467,0.1312735436246718
2014-04-02,0.2785282142993037,52.97265625000001,31.979698498915564,0.13926410714965184
2014-04-03,0.2785282142993037,52.97265625000001,31.979698498915564,0.13926410714965184
2014-04-04,0.28233324454929415,51.696891784667976,31.212806333558785,0.14116662227464707
2014-04-05,0.28233324454929415,51.37833023071289,31.02133970009873,0.14116662227464707
2014-04-06,0.43225143639891933,50.28375244140625,30.363034776750254,0.21612571819945967
2014-04-07,0.42502187892393745,48.710872650146484,29.419943856124327,0.21251093946196872
2014-04-08,0.42502187892393745,49.79266357421875,30.068594437107087,0.21251093946196872
2014-04-09,0.444808036223888,47.367862701416016,28.615185035640835,0.222404018111944
2014-04-10,0.45089608462387276,44.89254379272462,27.131764527647416,0.22544804231193638
2014-04-11,0.4725847570488185,44.114501953125,26.666722151117373,0.23629237852440926
2014-04-12,0.4725847570488185,44.26451110839844,26.75659750430426,0.23629237852440926
2014-04-13,0.4836193447737909,44.31418228149414,26.786984522633617,0.24180967238689546
2014-04-14,0.4661162056238347,45.82351303100586,27.69037599238099,0.23305810281191736
2014-04-15,0.421597351698946,42.85991287231445,25.911416572328978,0.210798675849473
2014-04-16,0.4638331874738404,41.114280700683594,24.868414592383676,0.23191659373692158
2014-04-17,0.5209086412236977,42.952186584472656,25.973747070209154,0.26045432061184887
2014-04-18,0.5209086412236977,43.19010925292969,26.116179288735896,0.26045432061184887
2014-04-19,0.5167231079487082,46.72734451293945,28.23360541971356,0.2583615539743541
2014-04-20,0.5110155625737225,45.33185195922852,27.397870053454287,0.25550778128686125
2014-04-21,0.5110155625737225,45.91921997070313,27.7495555607851,0.25550778128686125
2014-04-22,0.5585784406986036,44.51437759399413,26.911017913545475,0.2792892203493018
2014-04-23,0.5353677561736616,44.703819274902344,27.023126384868213,0.2676838780868308
2014-04-24,0.5304212168486739,42.94465637207032,25.969910259369478,0.26521060842433697
2014-04-25,0.507591035348731,43.139339447021484,26.08487230858789,0.2537955176743655
2014-04-26,0.4642136904988395,42.83238220214843,25.897962593487062,0.23210684524941974
2014-04-27,0.437197975723907,45.75698852539063,27.649287695155504,0.2185989878619535
2014-04-28,0.437197975723907,49.10348129272462,29.655464332217402,0.2185989878619535
2014-04-29,0.4406225029488985,48.07127761840821,29.03673839868828,0.22031125147444924
2014-04-30,0.4326319394239184,48.170406341552734,29.09601512268968,0.2163159697119592
2014-05-01,0.40371370952399066,47.33708953857422,28.59564498219741,0.20185685476199533
2014-05-02,0.40371370952399066,47.37789535522461,28.62012117462141,0.20185685476199533
2014-05-03,0.3999086792740002,44.09211349487304,26.649014879012366,0.1999543396370001
2014-05-04,0.5711350405235721,37.7194938659668,22.847367741851965,0.28556752026178606
2014-05-05,0.5639054830485902,37.50156021118165,22.7161078089934,0.2819527415242951
2014-05-06,0.522430653323694,37.482112884521484,22.6992822715388,0.261215326661847
2014-05-07,0.5136790837487158,37.54633331298828,22.736636911832527,0.2568395418743579
2014-05-08,0.5300407138236749,34.86679458618164,21.134815478743104,0.26502035691183745
2014-05-09,0.4657357025988356,34.13166809082032,20.684595579582282,0.2328678512994178
2014-05-10,0.4938929264487653,33.60749053955078,20.375123571806142,0.24694646322438266
2014-05-11,0.4938929264487653,33.619190216064446,20.382130734709396,0.24694646322438266
2014-05-12,0.4938929264487653,33.67295837402344,20.414333526076014,0.24694646322438266
2014-05-13,0.5121570716487196,34.047218322753906,20.641398698522195,0.2560785358243598
2014-05-14,0.4801948175487995,33.95852279663086,20.58316621154434,0.24009740877439975
2014-05-15,0.4703017388988242,33.0078239440918,20.011962975276703,0.2351508694494121
2014-05-16,0.4703017388988242,33.149749755859375,20.09699857523169,0.2351508694494121
2014-05-17,0.46877972679882807,32.54439926147461,19.734033951926804,0.23438986339941403
2014-05-18,0.4874243750237814,32.02262496948242,19.42475400506432,0.2437121875118907
2014-05-19,0.4988394657737529,31.691345214843754,19.22841266321313,0.24941973288687644
2014-05-20,0.5304212168486739,30.10475158691406,18.284532754199244,0.26521060842433697
2014-05-21,0.5132985807237167,28.49346351623535,17.316407205749968,0.25664929036185835
2014-05-22,0.546782846923633,25.88905143737793,15.765153137994616,0.2733914234618165
2014-05-23,0.546782846923633,25.973196029663086,15.815504460305565,0.2733914234618165
2014-05-24,0.5814086221985465,24.005010604858402,14.646762021181859,0.29070431109927325
2014-05-25,0.6046193067234884,23.392032623291016,14.28634997708563,0.3023096533617442
2014-05-26,0.6046193067234884,23.497966766357422,14.349678690419623,0.3023096533617442
2014-05-27,0.6046193067234884,23.82341384887695,14.544234896734928,0.3023096533617442
2014-05-28,0.5509683801986226,23.200059890747067,14.157207937063879,0.2754841900993113
2014-05-29,0.5376507743236559,22.847421646118164,13.942591257764118,0.26882538716182797
2014-05-30,0.5376507743236559,22.503467559814453,13.736740999507385,0.26882538716182797
2014-05-31,0.5760815798485598,21.422121047973633,13.100557509405212,0.2880407899242799
2014-06-01,0.5787451010235531,21.456079483032227,13.121628237371189,0.28937255051177657
2014-06-02,0.5650469921235874,21.303462982177734,13.026421874141288,0.2825234960617937
2014-06-03,0.6046193067234884,20.7066650390625,12.681004721860464,0.3023096533617442
2014-06-04,0.6133708762984665,20.65574073791504,12.653129641328709,0.30668543814923327
2014-06-05,0.6004337734484989,20.516733169555664,12.566227118705244,0.3002168867242502
2014-06-06,0.5471633499486321,18.004743576049805,11.047380176769318,0.27358167497431607
2014-06-07,0.5403142954986493,15.82017135620117,9.737820291858453,0.27015714774932464
2014-06-08,0.5722765495985693,13.870519638061523,8.582588961701303,0.28613827479928466
2014-06-09,0.5958677371485103,13.852906227111816,8.580581283402413,0.29793386857425513
2014-06-10,0.6011947794984971,13.450618743896484,8.342000749747026,0.30059738974924854
2014-06-11,0.5844526463985389,15.174783706665037,9.36695600043493,0.29222632319926944
2014-06-12,0.5833111373235418,14.30738353729248,8.847831316942457,0.2916555686617709
2014-06-13,0.6175564095734561,13.410147666931152,8.323791960269947,0.30877820478672807
2014-06-14,0.5897796887485256,12.620792388916016,7.841625219429062,0.2948898443742628
2014-06-15,0.6095658460484761,12.359504699707031,7.692833108765173,0.30478292302423804
2014-06-16,0.6133708762984665,11.485932350158693,7.172109664859513,0.30668543814923327
2014-06-17,0.593204215973517,11.252333641052246,7.024667861529588,0.2966021079867585
2014-06-18,0.5760815798485598,11.142683982849121,6.95245205482334,0.2880407899242799
2014-06-19,0.5882576766485293,10.349021911621094,6.482592707655346,0.294128838324265
2014-06-20,0.6038583006734903,10.246811866760254,6.42767532750772,0.30192915033674517
2014-06-21,0.6419086031733953,8.821287155151367,5.591137171689745,0.32095430158669763
2014-06-22,0.6369620638484076,8.131586074829102,5.177011662364881,0.3184810319242038
2014-06-23,0.5981507552985046,8.162599563598633,5.179304228260439,0.2990753776492523
2014-06-24,0.6038583006734903,8.781698226928711,5.5518015049939144,0.30192915033674517
2014-06-25,0.6879494691982802,8.139486312866211,5.203075554956834,0.3439747345991401
2014-06-26,0.678817396598303,7.166290283203125,4.618186545714019,0.3394086982991515
2014-06-27,0.663216772573342,7.031429767608642,4.530961995489326,0.331608386286671
2014-06-28,0.5951067310985122,6.775497913360596,4.348672577580117,0.2975533655492561
2014-06-29,0.5951067310985122,6.848705768585206,4.392444083757866,0.2975533655492561
2014-06-30,0.6400060880484,6.8378496170043945,4.405332640168928,0.3200030440242
2014-07-01,0.6236444579734409,6.891760826110841,4.4304891256413175,0.31182222898672046
2014-07-02,0.6236444579734409,6.891801357269286,4.430513347947458,0.31182222898672046
2014-07-03,0.624785967048438,6.046469211578369,3.9258261155666663,0.312392983524219
2014-07-04,0.624785967048438,6.0312066078186035,3.9167050242029386,0.312392983524219
2014-07-05,0.616795403523458,5.765982627868652,3.7546698573227046,0.308397701761729
2014-07-06,0.6274494882234314,5.371707916259766,3.523770404309244,0.3137247441117157
2014-07-07,0.5673300102735817,5.490974426269531,3.568283545448829,0.2836650051367908
2014-07-08,0.5673300102735817,5.561971664428711,3.6107530283976,0.2836650051367908
2014-07-09,0.5673300102735817,5.779072284698486,3.740619363057587,0.2836650051367908
2014-07-10,0.585974658498535,5.48151445388794,3.570925046889497,0.2929873292492675
2014-07-11,0.608424336973479,5.146402835845947,3.380598272189925,0.3042121684867395
2014-07-12,0.6133708762984665,5.266330242156982,3.4545005330084697,0.30668543814923327
2014-07-13,0.6327765305734181,5.810441017150879,3.7883041969876436,0.31638826528670905
2014-07-14,0.64799665157338,6.487440586090088,4.199454776052606,0.32399832578669
2014-07-15,0.6616947604733457,5.689175128936768,3.7286580320879876,0.33084738023667287
2014-07-16,0.6320155245234199,4.282608985900879,2.8750299932913057,0.31600776226170996
2014-07-17,0.6833834328982915,3.913603305816651,2.678208641588432,0.34169171644914575
2014-07-18,0.6772953844983067,3.571331262588501,2.4710372578112993,0.33864769224915336
2014-07-19,0.7503519652981241,3.2826266288757324,2.332786067084341,0.37517598264906205
2014-07-20,0.7503519652981241,3.2500369548797607,2.313351059184944,0.37517598264906205
2014-07-21,0.7503519652981241,3.2500369548797607,2.313351059184944,0.37517598264906205
2014-07-22,0.7503519652981241,3.2500369548797607,2.313351059184944,0.37517598264906205
2014-07-23,0.7298048019481755,3.0998117923736572,2.2141269070123917,0.36490240097408777
2014-07-24,0.7298048019481755,3.456406354904175,2.426857049330643,0.36490240097408777
2014-07-25,0.6765343784483087,4.6615705490112305,3.121658132079983,0.33826718922415433
2014-07-26,0.6765343784483087,4.6615705490112305,3.121658132079983,0.33826718922415433
2014-07-27,0.6852859480232868,4.73453950881958,3.1691888223213858,0.34264297401164356
2014-07-28,0.6586507362733534,5.399457931518555,3.554269289800753,0.3293253681366767
2014-07-29,0.6586507362733534,5.413411617279053,3.5626034327182214,0.3293253681366767
2014-07-30,0.6373425668734066,5.28957986831665,3.4791152498855524,0.3186712834367033
2014-07-31,0.6354400517484114,4.8471903800964355,3.2139351827805003,0.3177200258742057
2014-08-01,0.6658802937483354,4.070692539215088,2.763955686731129,0.3329401468741677
2014-08-02,0.6590312392983524,4.318098068237305,2.9085773660632146,0.32951561964917636
2014-08-03,0.6590312392983524,4.630013942718506,3.0948747329273556,0.32951561964917603
2014-08-04,0.6441916213233896,3.437609910964966,2.3757802948551285,0.3220958106616948
2014-08-05,0.6552262090483619,3.509212732315064,2.4236870602083407,0.32761310452418096
2014-08-06,0.6909934933982725,2.6715908050537105,1.9402985117006444,0.34549674669913627
2014-08-07,0.7145846809482136,2.6341607570648193,1.9291288696945286,0.3572923404741068
2014-08-08,0.6909934933982725,2.3390138149261475,1.7417672209614314,0.3454967466991363
2014-08-09,0.694418020623264,2.638580083847046,1.9222147203436144,0.347209010311632
2014-08-10,0.670826833073323,2.99911379814148,2.1263343180964553,0.3354134165366615
2014-08-11,0.6750123663483124,2.9225263595581055,2.0825705699935892,0.3375061831741562
2014-08-12,0.67196834214832,2.8080780506134033,2.0127960153531594,0.33598417107416
2014-08-13,0.67196834214832,2.8080780506134033,2.0127960153531594,0.33598417107416
2014-08-14,0.671207336098322,3.0078761577606197,2.131745567879155,0.335603668049161
2014-08-15,0.6594117423233515,3.1738770008087154,2.225348925786468,0.32970587116167577
2014-08-16,0.6578897302233553,4.002204418182373,2.7193791321734535,0.32894486511167764
2014-08-17,0.7248582626231879,1.7376235723495483,1.3991122408833279,0.36242913131159393
2014-08-18,0.718009208173205,1.654099941253662,1.34596999386557,0.3590046040866024
2014-08-19,0.718009208173205,1.665485501289368,1.3527635094314892,0.3590046040866025
2014-08-20,0.6837639359232905,1.6627835035324094,1.3345980748630022,0.3418819679616453
2014-08-21,0.6849054449982878,1.8861824274063113,1.4685210717250112,0.3424527224991439
2014-08-22,0.7218142384231955,1.840972423553467,1.4593051974066982,0.36090711921159785
2014-08-23,0.7218142384231955,1.9094221591949463,1.500145058514688,0.36090711921159774
2014-08-24,0.6727293481983182,1.8825401067733765,1.4604877441351525,0.33636467409915904
2014-08-25,0.6875689661732811,1.9312738180160522,1.4967213695445092,0.34378448308664056
2014-08-26,0.6875689661732811,1.9710860252380373,1.5204885649620312,0.3437844830866406
2014-08-27,0.6898519843232754,1.7355546951293945,1.3809823425850056,0.3449259921616376
2014-08-28,0.6833834328982915,1.353811979293823,1.1499505909178418,0.34169171644914575
2014-08-29,0.6658802937483354,1.2808939218521118,1.097889353657353,0.3329401468741677
2014-08-30,0.6658802937483354,1.3507341146469116,1.1395978817161934,0.3329401468741677
2014-08-31,0.6658802937483354,1.3749874830245972,1.1540819811297536,0.3329401468741677
2014-09-01,0.6171759065484571,1.4331028461456297,1.1651342371556,0.30858795327422855
2014-09-02,0.6422891061983943,1.4037824869155886,1.1598139181750708,0.32114455309919715
2014-09-03,0.6525626878733686,1.6829743385314941,1.3315769054996636,0.32628134393668423
2014-09-04,0.6525626878733686,1.695702791213989,1.3391800261737685,0.3262813439366843
2014-09-05,0.6514211787983715,1.9028096199035645,1.4623426681230574,0.3257105893991856
2014-09-06,0.6689243179483277,2.5288009643554688,1.8445838474482552,0.33446215897416387
2014-09-07,0.6571287241733572,2.668586254119873,1.9224762758949767,0.3285643620866786
2014-09-08,0.6761538754233096,2.1467220783233643,1.619877739419114,0.3380769377116549
2014-09-09,0.6986035538982535,2.10404896736145,1.605150250052078,0.34930177694912684
2014-09-10,0.6940375175982649,2.864729642868042,2.0570272343311404,0.34701875879913247
2014-09-11,0.6685438149233286,3.494176626205445,2.4208993654981206,0.3342719074616643
2014-09-12,0.6445721243483885,3.9902765750885005,2.7061274835369473,0.32228606217419425
2014-09-13,0.6647387846733381,2.9049501419067383,2.0672373183010095,0.33236939233666907
2014-09-14,0.7008865720482478,2.01570200920105,1.5535138912494133,0.3504432860241239
2014-09-15,0.6613142574483467,2.0830485820770264,1.574747808454679,0.33065712872417335
2014-09-16,0.6510406757733723,3.3055083751678467,2.300058804114094,0.32552033788668616
2014-09-17,0.6487576576233781,3.3426239490509033,2.3211645176410585,0.32437882881168906
2014-09-18,0.6487576576233781,3.3425941467285156,2.321146714606154,0.32437882881168906
2014-09-19,0.6552262090483619,3.3015406131744385,2.299643249400316,0.32761310452418096
2014-09-20,0.6552262090483619,3.3356218338012695,2.320000168283002,0.32761310452418096
2014-09-21,0.640767094098398,3.2690694332122803,2.273491138561164,0.320383547049199
2014-09-22,0.6415281001483961,1.4665160179138181,1.196923808213996,0.32076405007419806
2014-09-23,0.6864274570982839,1.2703981399536133,1.1016338288731866,0.343213728549142
2014-09-24,0.6864274570982839,1.2783375978469849,1.1063736378060216,0.343213728549142
2014-09-25,0.6776758875233058,1.3611394166946411,1.1515491652840697,0.3388379437616529
2014-09-26,0.6373425668734066,1.311581015586853,1.1023211025932254,0.3186712834367033
2014-09-27,0.6369620638484076,1.0842766761779785,0.9663240719665283,0.31848103192420385
2014-09-28,0.6700658270233248,1.0848298072814941,0.9828473236366592,0.3350329135116624
2014-09-29,0.6845249419732887,1.1146649122238161,1.0077319713588866,0.34226247098664436
2014-09-30,0.6906129903732735,1.1144226789474487,1.010563532539365,0.34530649518663675
2014-10-01,,-1.0,,
2014-10-02,50.01407861192496,0.9397407174110414,25.104506877497773,25.00703930596248
2014-10-03,24.010121380464973,0.5293017029762268,12.197597935781836,12.005060690232487
2014-10-04,20.62440546402344,0.5252410769462585,10.521046066807402,10.31220273201172
2014-10-05,20.505688520223735,0.5400336980819702,10.468210463309132,10.252844260111868
2014-10-06,19.11533046687721,0.9642015695571899,9.95559603835045,9.557665233438605
2014-10-07,19.11190593965222,0.9641215801239014,9.953883779305201,9.55595296982611
2014-10-08,19.113808454777214,0.9735834598541261,9.958721803356028,9.556904227388607
2014-10-09,17.671321487005823,1.1436617374420166,9.324170234472682,8.835660743502912
2014-10-10,15.955633347285112,1.0519949197769165,8.445220085984518,7.977816673642556
2014-10-11,15.585784406986036,1.3304955959320068,8.388954837979675,7.792892203493018
2014-10-12,15.494083177961265,1.4102890491485598,8.380144979333158,7.7470415889806326
2014-10-13,15.494083177961265,1.4102890491485598,8.380144979333158,7.7470415889806326
2014-10-14,15.43168068186142,1.5491039752960205,8.412226856121812,7.71584034093071
2014-10-15,15.43168068186142,1.5502055883407593,8.412722076895593,7.71584034093071
2014-10-16,15.43168068186142,1.5502055883407593,8.412722076895593,7.71584034093071
2014-10-17,11.049046839922378,1.4049409627914429,6.217676097246924,5.524523419961189
2014-10-18,3.5204139872911986,0.6307615041732788,2.118892147466566,1.7602069936455993
2014-10-19,2.241162817244397,0.6257759928703308,1.484436777407691,1.1205814086221986
2014-10-20,1.9930748449450173,0.8369770050048828,1.485271356272818,0.9965374224725086
2014-10-21,1.8812069555952968,0.6485948562622069,1.3200614539760736,0.9406034777976484
2014-10-22,1.8781629313953045,3.746157646179199,3.130870911712257,0.9390814656976523
2014-10-23,1.7354742970206611,12.514341354370117,8.207442875161734,0.8677371485103306
2014-10-24,1.3378486358966555,24.485593795776367,15.127173195859214,0.6689243179483277
2014-10-25,1.3359461207716603,24.539190292358395,15.158336449453245,0.6679730603858302
2014-10-26,1.2872417335717818,25.502628326416016,15.71531419570776,0.6436208667858909
2014-10-27,1.0570374034473573,23.178926467895504,14.280295927579632,0.5285187017236787
2014-10-28,0.8367261519729082,22.36196517944336,13.734712958213406,0.4183630759864541
2014-10-29,0.7872607587230318,22.036088943481445,13.526824121252776,0.3936303793615159
2014-10-30,0.7457859289981356,18.924135208129883,11.659255555428933,0.3728929644990678
2014-10-31,0.7134431718732164,17.29419708251953,10.676581779483755,0.3567215859366082
2014-11-01,0.7362733533731594,17.24123764038086,10.652458501176918,0.3681366766865797
2014-11-02,0.7119211597732201,14.636274337768555,9.089997595669514,0.35596057988661006
2014-11-03,0.6183174156234542,17.878280639648438,10.994562351024612,0.3091587078117271
2014-11-04,0.6171759065484571,18.176925659179688,11.172691787575156,0.30858795327422855
2014-11-05,0.5186256230737035,18.463298797607422,11.312773649857915,0.25931281153685176
2014-11-06,0.49541493854876145,21.24384880065918,12.970736705323821,0.24770746927438073
2014-11-07,0.49541493854876145,21.28556251525879,12.99571922216317,0.24770746927438073
2014-11-08,0.41512880027396215,23.51242446899414,14.308130239084122,0.20756440013698108
2014-11-09,0.3766979947490583,24.89530944824219,15.127808124052644,0.18834899737452915
2014-11-10,0.3766979947490583,24.795520782470707,15.067925811816348,0.18834899737452915
2014-11-11,0.3740344735740649,25.347473144531246,15.398491008470131,0.18701723678703244
2014-11-12,0.3740344735740649,25.22871971130371,15.32722494086103,0.18701723678703244
2014-11-13,0.4752482782238119,25.37924385070801,15.442476783751863,0.23762413911190594
2014-11-14,0.4752482782238119,25.31610679626465,15.40465100711033,0.23762413911190594
2014-11-15,0.39952817624900117,25.695247650146484,15.613392915207157,0.19976408812450058
2014-11-16,0.4573646360488566,27.7862606048584,16.880561899257973,0.2286823180244283
2014-11-17,0.4573646360488566,27.7862606048584,16.880561899257973,0.2286823180244283
2014-11-18,0.3858300673490354,30.33856201171875,18.396052240705767,0.1929150336745177
2014-11-19,0.48399984779879,42.71860122680664,25.83122390294782,0.241999923899395
2014-11-20,0.45812564209885465,48.41334533691406,29.242069316930923,0.22906282104942732
2014-11-21,0.5722765495985693,46.60931396484374,28.164825227417438,0.28613827479928466
2014-11-22,0.5779840949735551,45.366600036621094,27.421778320292756,0.28899204748677754
2014-11-23,0.6346790456984134,41.32900619506836,25.011896430211845,0.3173395228492067
2014-11-24,0.49237091434876906,40.6216812133789,24.575915501971462,0.24618545717438453
2014-11-25,0.5110155625737225,41.16714096069336,24.90425706842139,0.25550778128686263
2014-11-26,0.5346067501236635,39.35416030883789,23.821249746123264,0.26730337506183177
2014-11-27,0.5346067501236635,38.726924896240234,23.445841678604726,0.26730337506183177
2014-11-28,0.5346067501236635,38.62458801269531,23.384591801898363,0.26730337506183177
2014-11-29,0.46497469654883755,37.40266036987305,22.644481373337648,0.23248734827441878
2014-11-30,0.46497469654883755,37.050758361816406,22.43361868004309,0.23248734827441878
2014-12-01,0.4432860241238918,38.319461822509766,23.19130329214671,0.2216430120619459
2014-12-02,0.4269243940489327,38.192794799804695,23.113444005036428,0.21346219702446634
2014-12-03,0.49046839922377383,36.53688049316406,22.129130913243213,0.24523419961188692
2014-12-04,0.49046839922377383,36.77751922607422,22.273262352633346,0.24523419961188692
2014-12-05,0.4436665271488908,38.52143478393555,23.312414699792637,0.2218332635744454
2014-12-06,0.4429055210988927,39.005619049072266,23.602561555932606,0.22145276054944635
2014-12-07,0.42844640614892887,43.21619415283203,26.125522535057094,0.21422320307446444
2014-12-08,0.5140595867737148,40.469146728515625,24.48662443813099,0.2570297933868574
2014-12-09,0.6175564095734561,44.81550598144531,27.094232460893746,0.30877820478672807
2014-12-10,0.5989117613485027,44.62167739868163,26.97738169379115,0.29945588067425133
2014-12-11,0.5760815798485598,44.6795768737793,27.010783343411106,0.2880407899242799
2014-12-12,0.6232639549484419,39.66870498657226,24.01866802100762,0.31163197747422094
2014-12-13,0.5951067310985122,39.593345642089844,23.9707011179766,0.2975533655492561
2014-12-14,0.5749400707735626,39.24799346923828,23.762044235136017,0.2874700353867813
2014-12-15,0.5509683801986226,39.14185333251953,23.69595799339965,0.2754841900993113
2014-12-16,0.5422168106236445,42.317020416259766,25.59514244498784,0.27110840531182223
2014-12-17,0.5422168106236445,42.326698303222656,25.600934042233337,0.27110840531182223
2014-12-18,0.5212891442486968,40.897796630859375,24.74392277285151,0.260644572124347
2014-12-19,0.6114683611734714,43.165061950683594,26.107374441683106,0.3057341805867357
2014-12-20,0.6438111182983904,40.29392623901367,24.394310608177232,0.3219055591491952
2014-12-21,0.6118488641984704,41.884410858154304,25.341904305502744,0.3059244320992352
2014-12-22,0.5878771736235303,41.92249298095703,25.36273119143983,0.29393858681176516
2014-12-23,0.6677828088733305,37.263431549072266,22.586885067041386,0.33389140443666526
2014-12-24,0.6190784216734523,37.5982551574707,22.78079499390965,0.30953921083672614
2014-12-25,0.5669495072485826,38.62127685546875,23.38629022658286,0.2834747536242913
2014-12-26,0.5642859860735894,40.50093460083008,24.5104274386009,0.2821429930367947
2014-12-27,0.5642859860735894,40.50093460083008,24.5104274386009,0.2821429930367947
2014-12-28,0.4006696853239984,43.91684341430664,26.543923799456635,0.2003348426619992
2014-12-29,0.3093489593242266,48.34492492675781,29.198604169974544,0.1546744796621133
2014-12-30,0.2568395418743579,47.89064025878906,28.92457831473362,0.12841977093717896
2014-12-31,0.25531752977436173,48.128196716308594,29.067390125495724,0.12765876488718086
2015-01-01,0.5239526654236901,44.85666275024414,27.11401679485811,0.26197633271184506
2015-01-02,0.4725847570488185,44.70050811767578,27.01781746201816,0.23629237852440926
2015-01-03,0.46916022982382716,41.92747497558593,25.356126867244743,0.23458011491191358
2015-01-04,0.4432860241238918,40.78438186645508,24.66883907511891,0.2216430120619459
2015-01-05,0.5429778166736425,41.63124465942383,25.184813139993008,0.2714889083368199
2015-01-06,0.4938929264487653,42.851837158203125,25.911741837736347,0.24694646322438266
2015-01-07,0.5783645979985541,39.005859375,23.61759817572581,0.28918229899927705
2015-01-08,0.554012404398615,38.84864807128906,23.520858480734287,0.2770062021993075
2015-01-09,0.5190061260987024,39.02634048461914,23.623333611689194,0.2595030630493512
2015-01-10,0.5190061260987024,39.92060470581055,24.158701198559445,0.2595030630493512
2015-01-11,0.4725847570488185,40.929847717285156,24.758692446513784,0.23629237852441065
2015-01-12,0.4733457630988166,39.9993896484375,24.201300926465414,0.2366728815494083
2015-01-13,0.554392907423614,37.65072250366211,22.8041648287483,0.277196453711807
2015-01-14,0.531182222898672,37.12194061279297,22.484797938262567,0.265591111449336
2015-01-15,0.3911571096990221,43.18051910400391,26.10158977271224,0.19557855484951106
2015-01-16,0.29869487462425326,44.78839111328125,27.061408556195765,0.14934743731212663
2015-01-17,0.26901563867432743,44.821964263916016,27.08004489916245,0.13450781933716371
2015-01-18,0.24276092994939308,51.98514175415039,31.386840211348577,0.12138046497469654
2015-01-19,0.19900308207450249,60.38183975219727,36.441414963217944,0.09950154103725124
2015-01-20,0.257600547924356,67.79823303222656,40.894677441693766,0.128800273962178
2015-01-21,0.23629237852440926,65.9864273071289,39.80867715187257,0.11814618926220463
2015-01-22,0.2130816939994673,64.77665710449219,39.084435731153285,0.10654084699973365
2015-01-23,0.21384270004946537,65.41006469726562,39.46545721660588,0.10692135002473269
2015-01-24,0.2629275902743427,63.442138671875,38.27471895819907,0.13146379513717135
2015-01-25,0.21993074844945015,62.35170364379883,37.62442861217137,0.10996537422472508
2015-01-26,0.27624519614930937,60.879302978515625,36.73241889094033,0.13812259807465468
2015-01-27,0.241999923899395,59.97537612915039,36.192488308960954,0.1209999619496975
2015-01-28,0.241999923899395,56.81840896606446,34.29376734071006,0.1209999619496975
2015-01-29,0.2366728815494083,57.17689514160157,34.50975697345646,0.11833644077470415
2015-01-30,0.2366728815494083,57.1883430480957,34.516642792728106,0.11833644077470415
2015-01-31,0.27738670522430653,71.48933410644531,43.109819253944956,0.13869335261215326
2015-02-01,0.25798105094935503,66.93704986572266,40.37679880476856,0.12899052547467751
2015-02-02,0.2355313724744112,63.383201599121094,38.2429507704831,0.1177656862372056
2015-02-03,0.1567672462996081,62.636894226074226,37.80399799572633,0.07838362314980404
2015-02-04,0.17046535519957384,65.33283233642578,39.42563594575569,0.08523267759978692
2015-02-05,0.1491571857996271,66.09960174560547,39.890779472407104,0.07457859289981356
2015-02-06,0.1491571857996271,64.82877349853516,39.125274818333025,0.07457859289981356
2015-02-07,0.19101251854952245,69.93922424316406,42.19529468749313,0.09550625927476122
2015-02-08,0.1841634640995396,66.46524047851562,40.105264211973775,0.0920817320497698
2015-02-09,0.1670408279745824,64.30795288085938,38.80899102346823,0.0835204139872912
2015-02-10,0.22411628172443973,64.3042984008789,38.79862609665296,0.11205814086221987
2015-02-11,0.22297477264944257,61.25779342651367,36.96592500224414,0.11148738632472129
2015-02-12,0.2012861002244968,60.848621368408196,36.72210833097102,0.1006430501122484
2015-02-13,0.16627982192458432,55.60966873168945,33.57103231415611,0.08313991096229216
2015-02-14,0.16627982192458432,54.55630874633789,32.93670366851213,0.08313991096229216
2015-02-15,0.19748106997450632,54.01269912719726,32.608092388566604,0.09874053498725316
2015-02-16,0.23248734827441878,54.77369689941406,33.0644532899489,0.11624367413720939
2015-02-17,0.195198051824512,57.573936462402344,34.75171525884875,0.097599025912256
2015-02-18,0.23210684524941974,52.685958862304695,31.80861929356474,0.11605342262470987
2015-02-19,0.2115596818994711,51.24411010742188,30.941549213607267,0.10577984094973555
2015-02-20,0.2271603059244321,53.057746887207024,32.03241488568963,0.11358015296221605
2015-02-21,0.2271603059244321,52.89057540893555,31.931846748141,0.11358015296221605
2015-02-22,0.2271603059244321,56.59255599975587,34.15890902640463,0.11358015296221605
2015-02-23,0.20547163349948633,57.397857666015625,34.644972293508744,0.10273581674974316
2015-02-24,0.20280811232449297,57.77199935913087,34.87033911432461,0.10140405616224649
2015-02-25,0.11110688329972224,64.99201202392578,39.22930878081517,0.05555344164986112
2015-02-26,0.06392450819984019,66.35924530029297,40.061123533906795,0.031962254099920095
2015-02-27,0.06392450819984019,67.27381134033203,40.61280719685521,0.031962254099920095
2015-02-28,0.12328298009969178,60.03084564208984,36.23775811198821,0.06164149004984589
2015-03-01,0.10920436817472699,57.40578079223633,34.65686980191215,0.054602184087363496
2015-03-02,0.0920817320497698,58.96828079223633,35.60022768454847,0.0460408660248849
2015-03-03,0.21878923937445305,63.157405853271484,38.10933678531469,0.10939461968722652
2015-03-04,0.2256382938244359,61.54598617553712,37.13900245902228,0.11281914691221795
2015-03-05,0.2248772877744378,58.69655227661133,35.42484374225768,0.1124386438872189
2015-03-06,0.20318861534949204,53.02811813354492,32.01531651272884,0.10159430767474602
2015-03-07,0.22373577869944064,52.572864532470696,31.740804219618767,0.11186788934972032
2015-03-08,0.23210684524941974,54.85260772705078,33.11193925485886,0.11605342262470987
2015-03-09,0.22754080894943113,54.2819709777832,32.76887552045006,0.11377040447471556
2015-03-10,0.21764773029945586,53.24774169921874,32.147022181096844,0.10882386514972793
2015-03-11,0.23210684524941974,53.76382446289062,32.45699558364742,0.11605342262470987
2015-03-12,0.22373577869944064,48.02302932739258,29.00352807356149,0.11186788934972032
2015-03-13,0.22830181499942925,48.726470947265625,29.426791433973953,0.11415090749971463
2015-03-14,0.25722004489935696,49.9752197265625,30.178014999696785,0.12861002244967848
2015-03-15,0.23933640272440168,49.89437484741212,30.129385207964994,0.11966820136220084
2015-03-16,0.23933640272440168,49.59490203857421,29.949262813970034,0.11966820136220084
2015-03-17,0.23933640272440168,49.61958694458007,29.964109919396964,0.11966820136220084
2015-03-18,0.24428294204938927,47.83443832397461,28.890512737760282,0.12214147102469464
2015-03-19,0.24808797229937976,49.24644088745117,29.739741598036158,0.12404398614968988
2015-03-20,0.23819489364940452,48.9530258178711,29.563184822244796,0.11909744682470226
2015-03-21,0.23438986339941403,48.79944229125977,29.47076228138773,0.11719493169970702
2015-03-22,0.23438986339941403,48.43720626831055,29.252872096646264,0.11719493169970702
2015-03-23,0.21498420912446253,45.968460083007805,27.76710336450835,0.10749210456223127
2015-03-24,0.21955024542445112,45.86643981933594,27.705905648768525,0.10977512271222556
2015-03-25,0.21955024542445112,45.86643981933594,27.705905648768525,0.10977512271222556
2015-03-26,0.1803584338495491,60.63018035888672,36.5928652542339,0.09017921692477456
2015-03-27,0.2047106274494882,58.83097076416015,35.50749209695635,0.1023553137247441
2015-03-28,0.29070431109927325,43.936187744140625,26.54885943289294,0.14535215554963662
2015-03-29,0.2975533655492561,44.01007843017578,26.593674386577753,0.14877668277462805
2015-03-30,0.29565085042426087,45.371173858642585,27.411445109692984,0.14782542521213043
2015-03-31,0.296411856474259,46.39820098876953,28.028614962701088,0.1482059282371295
2015-04-01,0.26178608119934554,46.30001449584961,27.968334121677973,0.13089304059967277
2015-04-02,0.21993074844945015,45.13398742675781,27.26523480801263,0.10996537422472508
2015-04-03,0.3219055591491952,43.93176269531249,26.548093560008596,0.1609527795745976
2015-04-04,0.29793386857425513,44.887481689453125,27.120910338089754,0.14896693428712757
2015-04-05,0.37099044937407255,45.330142974853516,27.39030782964412,0.18549522468703628
2015-04-06,0.3394086982991515,45.26608657836914,27.350369433276043,0.16970434914957575
2015-04-07,0.2926068262242685,41.91592025756836,25.334930947064528,0.14630341311213424
2015-04-08,0.34663825577413343,40.85270690917969,24.70095418930997,0.17331912788706672
2015-04-09,0.445188539248887,42.43750762939453,25.65990859121997,0.2225942696244435
2015-04-10,0.38164453407404586,43.07400131225586,26.037025931048337,0.19082226703702293
2015-04-11,0.3489212739241277,43.41019439697265,26.236599454120984,0.17446063696206385
2015-04-12,0.3409307103991477,42.15445327758789,25.482064400199683,0.17046535519957384
2015-04-13,0.3961036490240097,38.01286697387695,23.001866725902616,0.19805182451200484
2015-04-14,0.3961036490240097,37.73189926147461,22.833314963908624,0.19805182451200484
2015-04-15,0.5669495072485826,36.68635940551758,22.22884426826003,0.2834747536242913
2015-04-16,0.5163426049237091,36.42404556274414,22.065060693957047,0.25817130246185455
2015-04-17,0.5163426049237091,36.42404556274414,22.065060693957047,0.25817130246185455
2015-04-18,0.49503443552376236,35.02971649169922,21.227093132213255,0.24751721776188118
2015-04-19,0.5452608348236369,30.19980049133301,18.344362938512493,0.2726304174118184
2015-04-20,0.5669495072485826,31.068695068359375,18.868420348148007,0.2834747536242913
2015-04-21,0.5791256040485522,31.206256866455078,18.95299662020348,0.2895628020242761
2015-04-22,0.5962482401735094,31.211769104003906,18.95951034823426,0.2981241200867547
2015-04-23,0.5319432289486702,30.86808204650879,18.741718511776284,0.2659716144743351
2015-04-24,0.5730375556485674,26.763349533081055,16.29442550322721,0.2865187778242837
2015-04-25,0.5730375556485674,26.787342071533203,16.308776110469886,0.2865187778242837
2015-04-26,0.5920627068985198,26.287225723266605,16.014153947935796,0.2960313534492599
2015-04-27,0.5920627068985198,26.52599334716797,16.156922105503458,0.2960313534492599
2015-04-28,0.5920627068985198,26.54242515563965,16.16674730283413,0.2960313534492599
2015-04-29,0.5821696282485446,25.45042419433594,15.511370079615613,0.2910848141242723
2015-04-30,0.5749400707735626,27.810062408447266,16.920915870482162,0.2874700353867813
2015-05-01,0.5749400707735626,27.810062408447266,16.920915870482162,0.2874700353867813
2015-05-02,0.608424336973479,27.728796005249023,16.87976706069262,0.3042121684867395
2015-05-03,0.608424336973479,28.189380645751953,17.155092609977846,0.3042121684867395
2015-05-04,0.608424336973479,28.182872772216793,17.151202372010314,0.3042121684867395
2015-05-05,0.6221224458734447,26.87017822265625,16.36967597329441,0.31106122293672234
2015-05-06,0.6331570335984171,26.755903244018555,16.303945899424292,0.31657851679920856
2015-05-07,0.6921350024732696,21.169631958007816,12.983003048606308,0.3460675012366348
2015-05-08,0.6921350024732696,21.12852096557617,12.958462378146018,0.3460675012366348
2015-05-09,0.6921350024732696,21.126682281494137,12.957364799676885,0.3460675012366348
2015-05-10,0.5920627068985198,16.04729652404785,9.891314504680095,0.2960313534492599
2015-05-11,0.6491381606483771,15.684151649475098,9.693762429350837,0.3245690803241886
2015-05-12,0.6491381606483771,15.384164810180664,9.514560215400872,0.3245690803241886
2015-05-13,0.64799665157338,15.12558364868164,9.359694288999929,0.32399832578669
2015-05-14,0.6019557855484952,13.981176376342773,8.659466800723807,0.3009778927742476
2015-05-15,0.6019557855484952,14.535219192504881,8.99069506140551,0.3009778927742476
2015-05-16,0.608804839998478,13.059289932250975,8.110857457313756,0.304402419999239
2015-05-17,0.6217419428484456,12.579395294189451,7.828831860572888,0.3108709714242228
2015-05-18,0.6346790456984134,10.766272544860838,6.750311290531514,0.3173395228492067
2015-05-19,0.6346790456984134,10.784117698669434,6.760973975333733,0.3173395228492067
2015-05-20,0.6346790456984134,11.153702735900877,6.981805289083318,0.3173395228492067
2015-05-21,0.5049275141737377,15.641129493713379,9.61851326743334,0.25246375708686886
2015-05-22,0.5049275141737377,16.271047592163086,9.995713910130823,0.25246375708686886
2015-05-23,0.5049275141737377,16.284297943115234,10.00364833987243,0.25246375708686886
2015-05-24,0.5064495262737339,16.54561996459961,10.160639504619596,0.2532247631368669
2015-05-25,0.5182451200487044,16.822208404541016,10.33017246662484,0.2591225600243522
2015-05-26,0.5098740534987254,17.028770446777344,10.451076129161306,0.2549370267493627
2015-05-27,0.6232639549484419,13.781356811523438,8.547724453146738,0.31163197747422094
2015-05-28,0.5939652220235151,13.881364822387695,8.596909504300369,0.29698261101175755
2015-05-29,0.6133708762984665,13.562417030334473,8.413275622926,0.30668543814923327
2015-05-30,0.553631901373616,14.86112117767334,9.16855142339806,0.276815950686808
2015-05-31,0.553631901373616,14.86112117767334,9.16855142339806,0.276815950686808
2015-06-01,0.5612419618735969,13.213454246520994,8.185515558423438,0.28062098093679844
2015-06-02,0.5878771736235303,11.971305847167969,7.452534418065074,0.29393858681176516
2015-06-03,0.5897796887485256,10.903701782226562,6.81487285520682,0.2948898443742628
2015-06-04,0.5616224648985959,11.40289306640625,7.1025016531816005,0.28081123244929795
2015-06-05,0.5844526463985389,10.486183166503906,6.563108295652449,0.29222632319926944
2015-06-06,0.5844526463985389,10.422341346740723,6.524930008063463,0.29222632319926906
2015-06-07,0.6746318633233135,7.978394508361816,5.101310890048684,0.33731593166165674
2015-06-08,0.6693048209733268,7.977302551269531,5.098420302495307,0.3346524104866634
2015-06-09,0.6685438149233286,8.29157829284668,5.2857774514449085,0.3342719074616643
2015-06-10,0.6890909782732773,8.453582763671875,5.3910587352449175,0.3445454891366386
2015-06-11,0.6852859480232868,8.02954387664795,5.136324358670471,0.3426429740116434
2015-06-12,0.6734903542483163,7.635756492614745,4.89623403365942,0.33674517712415813
2015-06-13,0.6921350024732696,6.99257230758667,4.520192291718368,0.3460675012366348
2015-06-14,0.6921350024732696,7.0214247703552255,4.537415392862136,0.3460675012366348
2015-06-15,0.6830029298732925,7.275218963623047,4.685012866661368,0.34150146493664624
2015-06-16,0.6103268520984741,7.796638488769532,4.9656433165851315,0.3051634260492371
2015-06-17,0.6940375175982649,5.923398494720458,3.8828015001627283,0.34701875879913247
2015-06-18,0.6601727483733496,5.550331115722656,3.645058116431668,0.3300863741866748
2015-06-19,0.6377230698984057,5.7942566871643075,3.780820220103071,0.31886153494920283
2015-06-20,0.5741790647235645,6.372394561767577,4.098523928156491,0.28708953236178225
2015-06-21,0.5992922643735018,6.3914427757263175,4.120868483451915,0.2996461321867509
2015-06-22,0.5992922643735018,6.386475563049316,4.117898758967025,0.2996461321867509
2015-06-23,0.5863551615235341,5.957818508148193,3.8559217644764736,0.29317758076176703
2015-06-24,0.6225029488984437,4.2566728591918945,2.8551807996503773,0.3112514744492217
2015-06-25,0.5962482401735094,4.2438459396362305,2.835501860784825,0.2981241200867547
2015-06-26,0.6974620448232564,3.6351451873779297,2.5184898600069014,0.3487310224116282
2015-06-27,0.6982230508732544,3.576202869415283,2.483661440245152,0.3491115254366272
2015-06-28,0.6928960085232677,3.356502056121826,2.3500425633055664,0.34644800426163386
2015-06-29,0.6651192876983373,3.2470445632934575,2.271717736380026,0.33255964384916864
2015-06-30,0.6586507362733534,3.180486917495727,2.2289404929507506,0.3293253681366767
2015-07-01,0.6757733723983106,3.0284912586212154,2.14620053372351,0.3378866861991553
2015-07-02,0.6830029298732925,3.120729684829712,2.2046653140984205,0.34150146493664624
2015-07-03,0.686046954073285,3.140751361846924,2.2180452281865106,0.3430234770366425
2015-07-04,0.6807199117232982,2.605120897293091,1.8957502572777147,0.3403599558616491
2015-07-05,0.7054526083482363,2.566518783569336,1.8844344017644534,0.3527263041741181
2015-07-06,0.6000532704234999,2.6077420711517334,1.8590854893100486,0.30002663521174994
2015-07-07,0.5913017008485217,2.9968044757843018,2.087575952785662,0.29565085042426087
2015-07-08,0.6396255850234009,2.924715042114258,2.0672190220986213,0.31981279251170047
2015-07-09,0.6856664510482858,2.086918830871582,1.588727182093868,0.34283322552414286
2015-07-10,0.6734903542483163,1.8700473308563232,1.4533941921208584,0.3367451771241581
2015-07-11,0.748829953198128,1.9244199991226194,1.5220813336725636,0.374414976599064
2015-07-12,0.631635021498421,2.12082839012146,1.5831014435701611,0.3158175107492104
2015-07-13,0.6274494882234314,1.8615911006927492,1.426181438890822,0.3137247441117157
2015-07-14,0.695179026673262,1.5863566398620605,1.2944961194972835,0.34758951333663113
2015-07-15,0.6571287241733572,1.6330802440643308,1.3039819837582673,0.3285643620866786
2015-07-16,0.6110878581484722,3.1872084140777592,2.210689542259166,0.3055439290742361
2015-07-17,0.624785967048438,3.853199243545532,2.6151050827319136,0.312392983524219
2015-07-18,0.6004337734484989,3.018927574157715,2.105094700760277,0.30021688672424945
2015-07-19,0.5825501312735436,2.175699234008789,1.5924145691180982,0.2912750656367718
2015-07-20,0.5833111373235418,1.9107881784439087,1.4343550307883786,0.2916555686617708
2015-07-21,0.6468551424983828,1.765892744064331,1.3783537948255393,0.3234275712491914
2015-07-22,0.6647387846733381,3.593005895614624,2.478151723048598,0.33236939233666907
2015-07-23,0.6567482211483581,3.687623500823975,2.530957769561062,0.32837411057417903
2015-07-24,0.6434306152733914,3.5906744003295903,2.466870350905021,0.3217153076366957
2015-07-25,0.6875689661732811,3.2033374309539795,2.2561212265692427,0.34378448308664056
2015-07-26,0.6856664510482858,3.210717916488647,2.259637074925748,0.3428332255241429
2015-07-27,0.6967010387732582,2.1465568542480473,1.629611609790483,0.34835051938662903
2015-07-28,0.6575092271983562,1.8655643463134766,1.4430248718447511,0.3287546135991781
2015-07-29,0.6575092271983562,1.877529740333557,1.4501716007748529,0.3287546135991781
2015-07-30,0.662836269548343,1.7814220190048218,1.395336696697077,0.3314181347741715
2015-07-31,0.6986035538982535,0.9660935401916504,0.9259362166151329,0.34930177694912673
2015-08-01,0.6986035538982535,0.9716367721557617,0.929244818033718,0.34930177694912673
2015-08-02,0.6986035538982535,1.0827189683914185,0.9955467001170103,0.34930177694912673
2015-08-03,0.6301130093984247,0.7909981608390808,0.7877231276238066,0.31505650469921237
2015-08-04,0.6833834328982915,0.718711793422699,0.7707802413728365,0.34169171644914575
2015-08-05,0.7005060690232487,0.5700190663337708,0.690470761105167,0.3502530345116244
2015-08-06,0.6335375366234162,0.6504858732223511,0.7054489901505723,0.316768768311708
2015-08-07,0.5578174346486054,1.8747658729553223,1.4005438806295691,0.2789087173243026
2015-08-08,0.5829306342985426,2.0470314025878906,1.5156494482018703,0.2914653171492713
2015-08-09,0.553631901373616,1.5985543727874756,1.2332661708038757,0.276815950686808
2015-08-10,0.679578402648301,0.9662171602249146,0.9166812506355626,0.33978920132415047
2015-08-11,0.7035500932232411,0.8002042770385742,0.8293552035987117,0.35177504661162057
2015-08-12,0.7149651839732126,0.9957951903343201,0.9516821945261535,0.3574825919866063
2015-08-13,0.6811004147482973,1.6673804521560667,1.33605519861424,0.34055020737414865
2015-08-14,0.6864274570982839,1.7982256412506101,1.416743693960107,0.34321372854914195
2015-08-15,0.679578402648301,1.8242136240005493,1.428958778571676,0.3397892013241505
2015-08-16,0.679578402648301,1.891088604927063,1.4688873229843808,0.3397892013241505
2015-08-17,0.679578402648301,1.9762272834777832,1.5197204366638746,0.3397892013241506
2015-08-18,0.6822419238232944,2.7133138179779053,1.9610666688385494,0.3411209619116472
2015-08-19,0.6822419238232944,2.738539695739746,1.976127423003068,0.3411209619116472
2015-08-20,0.6510406757733723,2.645311117172241,1.9056913624814618,0.32552033788668616
2015-08-21,0.687188463148282,2.0982160568237305,1.596200715419133,0.343594231574141
2015-08-22,0.679578402648301,1.8274707794189455,1.4309035039828941,0.3397892013241505
2015-08-23,0.679578402648301,1.8810751438140867,1.4629086606919206,0.3397892013241505
2015-08-24,0.679578402648301,1.8741569519042969,1.4587780676196145,0.3397892013241506
2015-08-25,0.6807199117232982,1.8432961702346804,1.4409019647946955,0.3403599558616491
2015-08-26,0.6963205357482593,0.9677603244781494,0.9258116589965653,0.3481602678741297
2015-08-27,0.6849054449982878,0.6806220412254333,0.7487903742942449,0.3424527224991439
2015-08-28,0.7168676990982078,0.6985760331153869,0.7752669198623435,0.35843384954910384
2015-08-29,0.6586507362733534,0.5993905663490295,0.6873244465935117,0.3293253681366766
2015-08-30,0.6594117423233515,0.5970073342323303,0.6862769690363616,0.32970587116167577
2015-08-31,0.6997450629732507,0.5962621569633484,0.705758069340694,0.3498725314866253
2015-09-01,0.7130626688482173,0.5311277508735658,0.6734699617917803,0.3565313344241086
2015-09-02,0.7130626688482173,0.5950698256492615,0.7116259673424569,0.35653133442410867
2015-09-03,0.7130626688482173,0.6729526519775391,0.7581008051407083,0.35653133442410867
2015-09-04,0.710018644648225,1.2544255256652832,1.1035979334583501,0.3550093223241124
2015-09-05,0.710018644648225,1.282729148864746,1.1204883502646537,0.35500932232411253
2015-09-06,0.7168676990982078,1.5564680099487305,1.2871621606792745,0.3584338495491039
2015-09-07,0.6506601727483734,1.6265324354171753,1.296942000061422,0.3253300863741866
2015-09-08,0.6011947794984971,1.6939774751663208,1.3133356451357723,0.30059738974924854
2015-09-09,0.6038583006734903,1.9130048751831057,1.4455611847138363,0.3019291503367453
2015-09-10,0.5768425858985579,2.6225938796997075,1.8569681381481633,0.28842129294927893
2015-09-11,0.6575092271983562,3.1262295246124268,2.195999014259206,0.3287546135991781
2015-09-12,0.6620752634983449,2.2852606773376465,1.6958811153111257,0.33103763174917245
2015-09-13,0.6620752634983449,2.29445219039917,1.701370632034754,0.33103763174917245
2015-09-14,0.6464746394733838,3.2645618915557866,2.2734655512961837,0.3232373197366919
2015-09-15,0.6339180396484152,2.8581426143646236,2.0247538803855805,0.3169590198242076
2015-09-16,0.6339180396484152,2.8422920703887944,2.0152828772932305,0.3169590198242076
2015-09-17,0.6293520033484266,3.5520448684692383,2.4372529143244925,0.3146760016742133
2015-09-18,0.6647387846733381,2.0651426315307617,1.5656951084306066,0.3323693923366692
2015-09-19,0.6864274570982839,1.8145418167114256,1.4264843532390543,0.34321372854914206
2015-09-20,0.6483771545983791,1.4645463228225706,1.1990712472807439,0.32418857729918954
2015-09-21,0.695179026673262,1.131557822227478,1.0230237443259051,0.34758951333663096
2015-09-22,0.695179026673262,1.213234305381775,1.071776968867833,0.34758951333663096
2015-09-23,0.695179026673262,1.2750926017761228,1.1087005887082901,0.347589513336631
2015-09-24,0.695179026673262,1.2750926017761228,1.1087005887082901,0.347589513336631
2015-09-25,0.5840721433735399,5.423741817474366,3.535529023794219,0.2920360716867699
2015-09-26,0.662836269548343,5.396484851837158,3.5543604481361313,0.3314181347741715
2015-09-27,0.7240972565731898,4.790314197540283,3.2200330856197388,0.36204862828659473
2015-09-28,0.6909934933982725,4.05226469039917,2.7644895311768325,0.34549674669913627
2015-09-29,0.6769148814733077,4.125361442565918,2.8016660055891567,0.3384574407366537
2015-09-30,0.694418020623264,4.671800136566162,3.135872479828837,0.347209010311632
2015-10-01,44.64175640196339,0.8352430462837219,22.45237948147362,22.320878200981696
2015-10-02,44.258209352764354,0.90845787525177,22.275617316854557,22.129104676382177
2015-10-03,43.84231954644039,1.4300709962844846,22.157743718946985,21.921159773220197
2015-10-04,42.50409040751874,2.2350142002105713,21.651704624401262,21.25204520375937
2015-10-05,26.8817777101328,1.9178775548934934,14.083455555205212,13.4408888550664
2015-10-06,26.682774628058294,2.001723527908325,14.016029304381416,13.341387314029147
2015-10-07,24.545869639663636,1.9305024147033691,12.964826121317016,12.272934819831818
2015-10-08,21.26783607929683,2.262164831161499,11.518831542302003,10.633918039648416
2015-10-09,16.597541950458506,2.530416011810303,9.40679682903668,8.298770975229253
2015-10-10,16.30036908793425,2.941011428833008,9.44674298982543,8.150184543967125
2015-10-11,14.558426239488604,2.865248441696167,8.592282093791882,7.279213119744302
2015-10-12,8.033940869829916,1.3560575246810913,4.7268921676906235,4.016970434914958
2015-10-13,8.026330809329934,1.371683955192566,4.731372255006386,4.013165404664967
2015-10-14,7.976865416080058,1.9628217220306394,5.017127250506496,3.988432708040029
2015-10-15,7.798409497355505,5.0765275955200195,6.568819665685645,3.8992047486777524
2015-10-16,7.7550321525056125,5.458480358123778,6.750357842758355,3.8775160762528063
2015-10-17,7.734865492180663,5.984503269195557,7.018331442354277,3.8674327460903317
2015-10-18,7.625661124005936,6.377026557922363,7.177360547524664,3.812830562002968
2015-10-19,6.997831132757505,15.093716621398926,11.557148835401474,3.498915566378752
2015-10-20,5.480385069061299,25.941370010375977,16.983417177379938,2.7401925345306495
2015-10-21,3.839656025265401,32.16065979003906,20.105450670590596,1.9198280126327005
2015-10-22,2.2708420531943228,31.920927047729492,19.686263954392228,1.1354210265971614
2015-10-23,1.8686503557703282,29.874464035034183,18.416018985137065,0.9343251778851641
2015-10-24,1.669266770670827,27.387393951416016,16.915569890129216,0.8346333853354135
2015-10-25,1.5528328450211177,27.60998916625977,17.020200581781207,0.7764164225105589
2015-10-26,0.8291160914729272,22.91067123413086,14.059400982601106,0.4145580457364636
2015-10-27,0.7838362314980405,20.937118530273438,12.870858211567409,0.39191811574902025
2015-10-28,0.7374148624481565,21.400672912597653,13.133869666773082,0.36870743122407823
2015-10-29,0.7282827898481793,21.323432922363285,13.085178471769146,0.36414139492408965
2015-10-30,0.8001978615729994,16.055171966552734,9.96667464878147,0.4000989307864997
2015-10-31,0.7819337163730452,14.407082557678223,8.97814941306459,0.3909668581865226
2015-11-01,0.733609832198166,14.245278358459473,8.864429735597612,0.366804916099083
2015-11-02,0.7161066930482097,12.098438262939453,7.577157990630642,0.35805334652410487
2015-11-03,0.733990335223165,11.090652465820312,6.982773401769782,0.3669951676115825
2015-11-04,0.733990335223165,11.01333999633789,6.936655091381179,0.3669951676115825
2015-11-05,0.7533959894981166,10.45920467376709,6.61377632690072,0.3766979947490583
2015-11-06,0.7088771355732278,10.811623573303224,6.8064860787875565,0.3544385677866139
2015-11-07,0.7514934743731213,9.419058799743652,5.992739965716008,0.37574673718656065
2015-11-08,0.7678551044480804,9.020515441894531,5.761776189897335,0.3839275522240402
2015-11-09,0.6814809177732962,7.813981533050537,5.006027275862512,0.3407404588866481
2015-11-10,0.67196834214832,6.913785457611084,4.4644724592090785,0.33598417107416
2015-11-11,0.6738708572733153,7.050911426544189,4.547172783593292,0.33693542863665765
2015-11-12,0.7157261900232107,7.432957172393799,4.793116360936126,0.35786309501160535
2015-11-13,0.6548457060233629,6.4134559631347665,4.158243231372217,0.32742285301168145
2015-11-14,0.6548457060233629,6.2431960105896005,4.056545285743864,0.32742285301168145
2015-11-15,0.6548457060233629,6.239999771118164,4.054636140445029,0.32742285301168145
2015-11-16,0.6974620448232564,6.878751754760742,4.45454568514917,0.3487310224116282
2015-11-17,0.6890909782732773,6.806236267089844,4.4076465952873125,0.3445454891366386
2015-11-18,0.679578402648301,5.124278545379639,3.399303845628783,0.33978920132415036
2015-11-19,0.6658802937483354,5.991079330444336,3.910809713912098,0.3329401468741677
2015-11-20,0.6658802937483354,5.995927333831787,3.9137049391001066,0.3329401468741677
2015-11-21,0.6658802937483354,6.79641056060791,4.391753120076905,0.3329401468741677
2015-11-22,0.6362010577984095,11.239981651306152,7.033947866296193,0.31810052889920476
2015-11-23,0.6826224268482934,19.43027114868164,11.941806342433855,0.3413112134241467
2015-11-24,0.7130626688482173,17.216398239135742,10.630032610063171,0.35653133442410867
2015-11-25,0.7130626688482173,17.417423248291016,10.749989796189212,0.35653133442410867
2015-11-26,0.6616947604733457,17.94878005981445,11.05060106909378,0.33084738023667287
2015-11-27,0.5947262280735133,22.082778930664062,13.500900395067763,0.29736311403675664
2015-11-28,0.5627639739735931,22.10985565185547,13.508175546746202,0.28138198698679656
2015-11-29,0.5996727673985008,20.533672332763672,12.576130024021761,0.2998363836992497
2015-11-30,0.6202199307484495,17.680618286132812,10.877039360004874,0.31010996537422475
2015-12-01,0.5654274951485864,18.819299697875977,11.540494588112606,0.2827137475742932
2015-12-02,0.6069023248734827,12.22762393951416,7.612993641860555,0.30345116243674136
2015-12-03,0.6038583006734903,12.360012054443361,7.690988067081769,0.30192915033674517
2015-12-04,0.5772230889235569,11.39045524597168,7.101084155578427,0.28861154446177845
2015-12-05,0.6826224268482934,8.07209300994873,5.160609664088184,0.3413112134241467
2015-12-06,0.6643582816483391,7.835739135742187,5.011797877977547,0.33217914082416955
2015-12-07,0.7153456869982117,8.651503562927246,5.520066925681103,0.35767284349910583
2015-12-08,0.6110878581484722,11.396787643432617,7.117944363066106,0.3055439290742361
2015-12-09,0.5913017008485217,12.468426704406738,7.751087793047072,0.29565085042426087
2015-12-10,0.7046916022982382,7.309292316436768,4.714614669337065,0.3523458011491191
2015-12-11,0.678436893573304,9.007469177246092,5.717343483451639,0.339218446786652
2015-12-12,0.6799589056733001,9.126039505004883,5.788760841858495,0.33997945283665004
2015-12-13,0.662836269548343,10.280982971191406,6.47152895701176,0.3314181347741715
2015-12-14,0.5977702522735056,8.102901458740234,5.143452697044991,0.2988851261367528
2015-12-15,0.6225029488984437,8.466536521911621,5.371135391642353,0.31125147444922185
2015-12-16,0.5566759255736083,12.55350971221924,7.7889966387132015,0.27833796278680417
2015-12-17,0.5897796887485256,13.9708251953125,8.648891516469538,0.2948898443742628
2015-12-18,0.6049998097484875,14.668462753295897,9.071428724821425,0.3024999048742438
2015-12-19,0.5817891252235455,14.656171798706053,9.055877545658191,0.29089456261177277
2015-12-20,0.6133708762984665,10.019381523132324,6.295516170259163,0.30668543814923327
2015-12-21,0.5893991857235265,10.951212882995605,6.843134035141898,0.2946995928617632
2015-12-22,0.5970092462235075,10.625679016113281,6.651472811083657,0.29850462311175374
2015-12-23,0.6122293672234694,9.453170776367188,5.956615236978417,0.3061146836117344
2015-12-24,0.5981507552985046,12.32358455657959,7.667060592086441,0.2990753776492523
2015-12-25,0.6434306152733914,8.628376007080078,5.476514168013531,0.3217153076366957
2015-12-26,0.6384840759484038,7.019903182983398,4.513447880972639,0.3192420379742019
2015-12-27,0.6734903542483163,6.797264099121094,4.395550607187981,0.33674517712415813
2015-12-28,0.5943457250485141,6.971630096435547,4.465613980037627,0.29717286252425706
2015-12-29,0.5604809558235988,9.301996231079102,5.845192197495811,0.2802404779117994
2015-12-30,0.6472356455233819,7.581373691558838,4.852623903965016,0.32361782276169093
2015-12-31,0.6468551424983828,11.889975547790527,7.426377082314649,0.3234275712491914
2016-01-01,0.6578897302233553,6.788325786590575,4.383472040816215,0.32894486511167764
2016-01-02,0.6259274761234352,7.319746494293213,4.687237112975992,0.3129637380617176
2016-01-03,0.23210684524941974,42.89302444458008,25.91780462860494,0.11605342262470987
2016-01-04,0.15714774932460712,43.785686492919915,26.45011589324917,0.07857387466230356
2016-01-05,0.30059738974924854,42.18507766723633,25.49730076645976,0.15029869487462427
2016-01-06,0.3496822799741258,47.937355041503906,28.954582458062966,0.1748411399870629
2016-01-07,0.32494958334918767,47.163825988769524,28.48948395047112,0.16247479167459383
2016-01-08,0.265591111449336,45.67145538330078,27.590583666802214,0.132795555724668
2016-01-09,0.265591111449336,45.807212829589844,27.67220136791163,0.132795555724668
2016-01-10,0.1967200639245082,48.92517471313476,29.545987259418578,0.0983600319622541
2016-01-11,0.1700848521745748,49.588417053222656,29.945077295093963,0.0850424260872874
2016-01-12,0.18073893687454817,54.658763885498054,32.99772807649225,0.09036946843727409
2016-01-13,0.2012861002244968,54.98495864868163,33.19308966333329,0.1006430501122484
2016-01-14,0.2012861002244968,52.70970153808594,31.823736547241698,0.1006430501122484
2016-01-15,0.23971690574940072,53.850826263427734,32.50903735573236,0.11985845287470036
2016-01-16,0.2606445721243484,53.544342041015625,32.32395726042039,0.1303222860621742
2016-01-17,0.2355313724744112,54.38769531249999,32.83212686996428,0.1177656862372056
2016-01-18,0.33864769224915336,52.28232955932618,31.56338962656392,0.16932384612457668
2016-01-19,0.3036414139492409,54.12936401367187,32.673927310554454,0.15182070697462044
2016-01-20,0.3245690803241886,52.869979858398445,31.91666112670225,0.1622845401620943
2016-01-21,0.2914653171492713,51.28260040283203,30.96368559803993,0.14573265857463566
2016-01-22,0.3451162436741372,52.507038116455085,31.698158614625765,0.1725581218370686
2016-01-23,0.320383547049199,51.17514419555664,30.898770641993,0.1601917735245995
2016-01-24,0.2960313534492599,51.43928527832031,31.057778660335984,0.14801567672462995
2016-01-25,0.32761310452418096,50.60813522338867,30.558150205564644,0.16380655226209048
2016-01-26,0.32761310452418096,50.14856719970703,30.282141844810155,0.16380655226209048
2016-01-27,0.32494958334918767,49.80427169799805,30.07535889213576,0.16247479167459383
2016-01-28,0.3173395228492067,46.69460678100585,28.207415220464483,0.15866976142460334
2016-01-29,0.3238080742741905,42.38300704956055,25.617995052570613,0.16190403713709525
2016-01-30,0.30021688672424945,42.18740463256836,25.49866920183213,0.15010844336212473
2016-01-31,0.26977664472432555,41.628841400146484,25.160504857693933,0.13488832236216278
2016-02-01,0.312392983524219,41.702835083007805,25.208522887524026,0.1561964917621095
2016-02-02,0.28575777177428563,41.58549118041993,25.135789149789378,0.14287888588714281
2016-02-03,0.28575777177428563,41.58549118041993,25.135789149789378,0.14287888588714281
2016-02-04,0.2819527415242951,52.38427352905274,31.625955870688482,0.14097637076214756
2016-02-05,0.2804307294242989,46.66446304321288,28.18807722573356,0.14021536471214946
2016-02-06,0.2804307294242989,46.801937103271484,28.270706558517837,0.14021536471214946
2016-02-07,0.22411628172443973,53.771930694580085,32.46217318233991,0.11205814086221987
2016-02-08,0.22411628172443973,54.36099243164063,32.8165628186109,0.11205814086221987
2016-02-09,0.22411628172443973,54.33927536010743,32.803497456192474,0.11205814086221987
2016-02-10,0.22411628172443973,54.9772071838379,33.18728817413262,0.11205814086221987
2016-02-11,0.18530497317453676,68.03595733642578,41.050656055964126,0.09265248658726838
2016-02-12,0.21993074844945015,64.89630889892578,39.155413248034485,0.10996537422472508
2016-02-13,0.1967200639245082,64.88479614257812,39.15194135771636,0.0983600319622541
2016-02-14,0.1967200639245082,64.66716766357422,39.02095271308991,0.0983600319622541
2016-02-15,0.1967200639245082,64.158203125,38.71461148708906,0.0983600319622541
2016-02-16,0.1967200639245082,63.96707534790039,38.59957337908347,0.0983600319622541
2016-02-17,0.1967200639245082,65.71065521240234,39.64901858172611,0.0983600319622541
2016-02-18,0.20433012442448917,73.0313949584961,44.05355397747657,0.10216506221224458
2016-02-19,0.210798675849473,72.25382995605469,43.584164195541355,0.1053993379247365
2016-02-20,0.18606597922453483,65.15812683105469,39.318071626148146,0.09303298961226741
2016-02-21,0.1826414519995434,61.802268981933594,37.29825728975889,0.0913207259997717
2016-02-22,0.19557855484951106,60.46253204345704,36.490339385207164,0.09778927742475553
2016-02-23,0.19557855484951106,59.86608886718749,36.13133873728139,0.09778927742475553
2016-02-24,0.20090559719949772,55.29277038574219,33.37836489271189,0.10045279859974886
2016-02-25,0.21955024542445112,54.09529876708984,32.65690394942562,0.10977512271222556
2016-02-26,0.17693390662455766,54.46092224121094,32.878787073695875,0.08846695331227883
2016-02-27,0.17693390662455766,54.307926177978516,32.78666983285427,0.08846695331227883
2016-02-28,0.17693390662455766,54.307926177978516,32.78666983285427,0.08846695331227883
2016-02-29,0.1811194398995472,54.48663330078125,32.89407962932466,0.0905597199497736
2016-03-01,0.2210722575244473,60.14088821411132,36.294155867459644,0.11053612876222366
2016-03-02,0.2210722575244473,59.33713150024413,35.81057758718125,0.11053612876222366
2016-03-03,0.2210722575244473,59.33713150024413,35.81057758718125,0.11053612876222366
2016-03-04,0.2210722575244473,59.62578201293945,35.9842434690612,0.11053612876222366
2016-03-05,0.2210722575244473,59.62578201293945,35.9842434690612,0.11053612876222366
2016-03-06,0.19710056694950723,62.5535659790039,37.74874690343136,0.09855028347475361
2016-03-07,0.2210722575244473,62.59233856201172,37.76906503210202,0.11053612876222366
2016-03-08,0.2210722575244473,63.54357147216797,38.34137200870487,0.11053612876222366
2016-03-09,0.22906282104942732,63.44184494018555,38.27909440795044,0.11453141052471366
2016-03-10,0.1929150336745177,75.94908905029297,45.8124281577299,0.09645751683725885
2016-03-11,0.1929150336745177,75.50946807861328,45.54780747977654,0.09645751683725885
2016-03-12,0.18226094897454434,71.55764770507812,43.1713883700969,0.09113047448727217
2016-03-13,0.18226094897454434,71.18114471435545,42.944720131844434,0.09113047448727217
2016-03-14,0.17046535519957384,63.59711837768555,38.38046945514057,0.08523267759978692
2016-03-15,0.17046535519957384,63.47238540649413,38.30536104162136,0.08523267759978692
2016-03-16,0.2225942696244435,65.7656478881836,39.6780389476814,0.11129713481222175
2016-03-17,0.1967200639245082,63.56753158569336,38.35909154453686,0.0983600319622541
2016-03-18,0.23134583919942162,62.50363159179687,37.714410127507904,0.11567291959971081
2016-03-19,0.19938358509950155,54.92677307128907,33.15816467152779,0.09969179254975077
2016-03-20,0.19710056694950723,56.38335037231445,34.03497252232962,0.09855028347475361
2016-03-21,0.2366728815494083,57.82367706298829,34.898790848000694,0.11833644077470415
2016-03-22,0.19748106997450632,58.40596008300781,35.25232362501525,0.09874053498725316
2016-03-23,0.17845591872455385,56.968338012695305,34.38836837291881,0.08922795936227693
2016-03-24,0.25037099044937405,50.645076751708984,30.580834899713068,0.12518549522468703
2016-03-25,0.20014459114949965,52.52248001098633,31.711086919286753,0.10007229557474982
2016-03-26,0.2351508694494121,52.64684677124023,31.785011343903193,0.11757543472470605
2016-03-27,0.21232068794946918,53.20065689086915,32.11886260810406,0.10616034397473459
2016-03-28,0.25722004489935696,52.69428253173828,31.81294967008641,0.12861002244967848
2016-03-29,0.21041817282447395,52.692989349365234,31.813432466930724,0.10520908641223697
2016-03-30,0.2317263422244207,52.557811737060554,31.731543759079333,0.11586317111221035
2016-03-31,0.22906282104942732,51.602027893066406,31.15664322452727,0.11453141052471366
2016-04-01,0.22449678474943877,51.21784591674804,30.92558737451784,0.11224839237471938
2016-04-02,0.22449678474943877,51.16327285766602,30.89275549456099,0.11224839237471938
2016-04-03,0.1670408279745824,50.41558074951171,30.44317272934239,0.0835204139872912
2016-04-04,0.1929150336745177,45.336002349853516,27.385518890949268,0.09645751683725885
2016-04-05,0.1506791978996233,44.52151870727539,26.892943561647286,0.07533959894981165
2016-04-06,0.21726722727445683,43.06274795532226,26.018870177798238,0.10863361363722841
2016-04-07,0.4257828849739355,41.00291442871094,24.798258280090938,0.21289144248696915
2016-04-08,0.4257828849739355,41.14781951904297,24.88514344062368,0.21289144248696637
2016-04-09,0.4257828849739355,43.96432495117188,26.57392142662233,0.21289144248696776
2016-04-10,0.47448727217381376,39.064029693603516,23.641028375430746,0.23724363608690688
2016-04-11,0.5285187017236787,36.79611206054687,22.289422717387804,0.2642593508618393
2016-04-12,0.546402343898634,35.696224212646484,21.63361745967671,0.273201171949317
2016-04-13,0.5448803317986378,35.020599365234375,21.229099429137705,0.2724401658993189
2016-04-14,0.5319432289486702,34.04258728027344,20.641783282072875,0.2659716144743351
2016-04-15,0.5190061260987024,33.327545166015625,20.211645851528612,0.2595030630493512
2016-04-16,0.5239526654236901,32.805294036865234,19.89984123040124,0.26197633271184506
2016-04-17,0.4733457630988166,35.749080657958984,21.654835219662836,0.2366728815494083
2016-04-18,0.46040866024884897,36.11744689941406,21.873736586083943,0.23020433012442448
2016-04-19,0.49960047182375106,39.2125587463379,23.732723197024015,0.24980023591187553
2016-04-20,0.5658079981735855,30.303426742553714,18.41042056419884,0.28290399908679276
2016-04-21,0.6053803127734865,28.69704246520996,17.45791120835079,0.30269015638674324
2016-04-22,0.5935847189985161,28.513669967651367,17.345755864376304,0.29679235949925803
2016-04-23,0.5425973136486435,37.138797760009766,22.496355842273037,0.27129865682432175
2016-04-24,0.5296602107986759,35.73598861694336,21.655024151874457,0.26483010539933793
2016-04-25,0.5026444960237434,32.5938720703125,19.76957114475747,0.2513222480118717
2016-04-26,0.5026444960237434,32.59031677246094,19.767442119147404,0.2513222480118717
2016-04-27,0.5087325444237282,41.227840423583984,24.940400489237266,0.2543662722118627
2016-04-28,0.4729652600738176,40.52653884887695,24.517093061632426,0.2364826300369088
2016-04-29,0.5814086221985465,39.10786056518555,23.67893406168465,0.29070431109927325
2016-04-30,0.5623834709485941,37.78384017944336,22.88478718729289,0.28119173547429704
2016-05-01,0.5623834709485941,39.31907272338867,23.803216208350573,0.28119173547429704
2016-05-02,0.5117765686237206,40.137630462646484,24.287914620637487,0.2558882843118603
2016-05-03,0.5068300292987329,38.69672775268555,23.42462864040417,0.25341501464936644
2016-05-04,0.5825501312735436,34.058849334716804,20.659584076283643,0.2912750656367718
2016-05-05,0.5528708953236179,30.764854431152344,18.683958238786243,0.27643544766180894
2016-05-06,0.5444998287736387,30.007963180541992,18.229414259125065,0.27224991438681934
2016-05-07,0.6053803127734865,27.408000946044925,16.68731639067072,0.30269015638674324
2016-05-08,0.5798866100985502,26.8065357208252,16.321844901093645,0.2899433050492751
2016-05-09,0.5798866100985502,26.823585510253906,16.332041688518963,0.2899433050492751
2016-05-10,0.5890186826985275,26.773788452148438,16.304381122605804,0.29450934134926376
2016-05-11,0.5890186826985275,26.774225234985348,16.304642304814955,0.29450934134926376
2016-05-12,0.5890186826985275,28.868955612182617,17.55722427748458,0.29450934134926376
2016-05-13,0.5890186826985275,29.02728843688965,17.65190225803463,0.29450934134926376
2016-05-14,0.5601004527985998,29.86331558227539,18.145996660591283,0.2800502263992999
2016-05-15,0.608804839998478,25.578966140747074,15.594747462849073,0.304402419999239
2016-05-16,0.6004337734484989,25.801753997802734,15.72589776508794,0.30021688672424945
2016-05-17,0.6308740154484228,23.888044357299805,14.589727415087234,0.3154370077242114
2016-05-18,0.6076633309234808,23.15803337097168,14.147279466838262,0.3038316654617404
2016-05-19,0.5783645979985541,24.769939422607422,15.10345526595424,0.28918229899927705
2016-05-20,0.64799665157338,24.103496551513672,14.722904943107157,0.32399832578669
2016-05-21,0.6198394277234504,22.25696563720703,13.612015713259563,0.3099197138617252
2016-05-22,0.5958677371485103,19.78504753112793,12.127406334447913,0.29793386857425513
2016-05-23,0.5958677371485103,19.8154354095459,12.145575235506964,0.29793386857425513
2016-05-24,0.5327042349986683,22.618526458740234,13.80424722027259,0.26635211749933413
2016-05-25,0.5715155435485713,20.85531234741211,12.760219894176359,0.28575777177428563
2016-05-26,0.5403142954986493,20.564434051513672,12.577048771439712,0.27015714774932464
2016-05-27,0.5250941744986872,18.314437866210938,11.225704368602049,0.2625470872493436
2016-05-28,0.5113960655987215,16.947795867919922,10.403094884488441,0.25569803279936076
2016-05-29,0.5113960655987215,16.959043502807617,10.409829342216032,0.25569803279936076
2016-05-30,0.5113960655987215,17.65985107421875,10.82943390903986,0.25569803279936076
2016-05-31,0.4836193447737909,18.54586410522461,11.351192269020984,0.24180967238689546
2016-06-01,0.48399984779879,18.42349624633789,11.27801136588593,0.241999923899395
2016-06-02,0.48209733267379473,18.83423614501953,11.523459149266998,0.24104866633689737
2016-06-03,0.48209733267379473,19.425989151000977,11.877941288419532,0.24104866633689737
2016-06-04,0.48133632662379666,19.340024948120117,11.826212197813213,0.24066816331189833
2016-06-05,0.47905330847380234,19.575170516967773,11.96638035600595,0.23952665423690117
2016-06-06,0.47905330847380234,18.667186737060547,11.42243653997013,0.23952665423690117
2016-06-07,0.47829230242380427,16.418039321899414,10.074789258239068,0.23914615121190214
2016-06-08,0.4771507933488071,16.450796127319332,10.094030086609793,0.23857539667440356
2016-06-09,0.4771507933488071,16.592727661132812,10.17905939399078,0.23857539667440356
2016-06-10,0.6430501122483924,10.712235450744629,6.721312309734843,0.3215250561241962
2016-06-11,0.6430501122483924,10.596365928649902,6.652088636114764,0.3215250561241962
2016-06-12,0.6426696092233933,10.638700485229492,6.677230706161744,0.32133480461169667
2016-06-13,0.6004337734484989,10.938465118408203,6.839821606234669,0.30021688672424945
2016-06-14,0.6080438339484799,11.526784896850586,7.194478752197485,0.30402191697423997
2016-06-15,0.6148928883984628,11.03533935546875,6.903372197840467,0.3074464441992314
2016-06-16,0.6129903732734675,11.200788497924803,7.001524539973782,0.30649518663673375
2016-06-17,0.6213614398234466,10.923747062683105,6.8392001061392165,0.3106807199117233
2016-06-18,0.6198394277234504,11.146327972412108,6.971633046515515,0.3099197138617252
2016-06-19,0.608424336973479,12.087357521057129,7.529720915930124,0.3042121684867395
2016-06-20,0.6776758875233058,9.13582706451416,5.793671653044014,0.3388379437616529
2016-06-21,0.6723488451733192,8.878460884094238,5.637812495428489,0.3361744225866596
2016-06-22,0.6457136334233857,7.187866687774659,4.616896745103629,0.32285681671169286
2016-06-23,0.624405464023439,5.923429489135742,3.8521285800927307,0.3122027320117195
2016-06-24,0.5787451010235531,5.490335941314696,3.572982431870563,0.28937255051177657
2016-06-25,0.6498991666983753,5.744905471801758,3.756722346292384,0.32494958334918767
2016-06-26,0.6483771545983791,5.6693949699401855,3.710940727905062,0.32418857729918954
2016-06-27,0.6529431908983676,5.0664801597595215,3.352826457896156,0.3264715954491838
2016-06-28,0.6696853239983258,4.429689884185791,2.9800826849211144,0.3348426619991629
2016-06-29,0.6647387846733381,4.019351482391357,2.7327699601071904,0.33236939233666907
2016-06-30,0.670826833073323,4.101232051849365,2.7844642689436623,0.3354134165366615
2016-07-01,0.6327765305734181,3.9159660339355473,2.6562975460261655,0.31638826528670905
2016-07-02,0.6301130093984247,3.9302496910095215,2.6636053897298404,0.31505650469921237
2016-07-03,0.5901601917735245,3.3081912994384766,2.2732352441515054,0.29508009588676226
2016-07-04,0.6152733914234618,3.012068510055542,2.1079668116321852,0.3076366957117309
2016-07-05,0.6057608157984856,2.8076975345611572,1.98132393843398,0.3028804078992428
2016-07-06,0.6464746394733838,2.674802303314209,1.9211469747065717,0.3232373197366919
2016-07-07,0.6761538754233096,2.703518390655517,1.9523390145612256,0.3380769377116548
2016-07-08,0.6030972946234923,2.9456841945648193,2.0625591576768447,0.30154864731174613
2016-07-09,0.6042388036984895,2.2032430171966553,1.6192531369346712,0.30211940184924474
2016-07-10,0.5909211978235227,1.81113600730896,1.3784277239853169,0.2954605989117613
2016-07-11,0.5977702522735056,1.8078410625457761,1.3797582219731188,0.29888512613675283
2016-07-12,0.6358205547734104,1.7334238290786743,1.353631180154466,0.3179102773867053
2016-07-13,0.5909211978235227,1.8249735832214355,1.3867018898919332,0.29546059891176135
2016-07-14,0.6396255850234009,2.145287036895752,1.6015403723082609,0.31981279251170047
2016-07-15,0.6830029298732925,1.9500505924224854,1.5057367992239643,0.34150146493664624
2016-07-16,0.7005060690232487,1.706146478652954,1.3685720881816663,0.3502530345116244
2016-07-17,0.6765343784483087,1.585024833679199,1.2846743539081746,0.33826718922415444
2016-07-18,0.6917544994482706,1.4224314689636233,1.1949845657088813,0.3458772497241353
2016-07-19,0.7389368745481527,1.4802662134170532,1.2524012445600639,0.36946843727407624
2016-07-20,0.6765343784483087,1.3785747289657595,1.1614044504347814,0.33826718922415433
2016-07-21,0.6293520033484266,1.2779854536056519,1.0783550989191932,0.3146760016742133
2016-07-22,0.6346790456984134,1.3175294399261475,1.1045785282541865,0.3173395228492067
2016-07-23,0.6346790456984134,1.5115144252777097,1.2204867898109255,0.3173395228492067
2016-07-24,0.6403865910733991,1.6056618690490725,1.2795030999295238,0.32019329553669945
2016-07-25,0.6578897302233553,2.1941208839416504,1.6394480775967608,0.32894486511167753
2016-07-26,0.6567482211483581,2.6366829872131348,1.9032406500315613,0.32837411057417903
2016-07-27,0.6567482211483581,2.8894317150115967,2.054205144523536,0.32837411057417903
2016-07-28,0.6567482211483581,2.84360671043396,2.026834290033334,0.32837411057417903
2016-07-29,0.6540846999733648,1.9098434448242188,1.4678251733646006,0.3270423499866824
2016-07-30,0.6232639549484419,1.8141371011734009,1.395806861932562,0.31163197747422083
2016-07-31,0.6232639549484419,1.8340227603912351,1.407691042169507,0.31163197747422083
2016-08-01,0.640767094098398,1.7540572881698608,1.3683461784531745,0.32038354704919897
2016-08-02,0.6415281001483961,1.6884230375289917,1.3295006080993004,0.32076405007419817
2016-08-03,0.6525626878733686,1.09894859790802,0.9827192482880809,0.32628134393668434
2016-08-04,0.6483771545983791,1.6770135164260864,1.3259937370146868,0.32418857729918954
2016-08-05,0.6483771545983791,1.6770135164260864,1.3259937370146868,0.32418857729918954
2016-08-06,0.6525626878733686,1.4866973161697388,1.214334226927843,0.3262813439366843
2016-08-07,0.7233362505231916,0.9800887703895568,0.9464135272946697,0.3616681252615958
2016-08-08,0.6723488451733192,0.9994811415672303,0.9329994063755951,0.33617442258665964
2016-08-09,0.6723488451733192,1.050904393196106,0.9637060200808358,0.3361744225866596
2016-08-10,0.6594117423233515,1.157989740371704,1.0213316676569586,0.3297058711616757
2016-08-11,0.6803394086982992,1.1845839023590088,1.0474313355159879,0.3401697043491496
2016-08-12,0.6514211787983715,1.2038958072662354,1.0448506335037167,0.32571058939918573
2016-08-13,0.679197899623302,1.0343109369277954,0.9571511763936875,0.33959894981165095
2016-08-14,0.6670218028233325,1.0163191556930542,0.9404445893556478,0.3335109014116662
2016-08-15,0.6563677181233591,1.6687366962432861,1.3249113157520256,0.3281838590616796
2016-08-16,0.6586507362733534,1.6312493085861208,1.3036245680128409,0.32932536813667657
2016-08-17,0.6586507362733534,1.7058935165405273,1.3482074479580306,0.3293253681366767
2016-08-18,0.6654997907233362,1.6543694734573364,1.320744808906063,0.3327498953616681
2016-08-19,0.6552262090483619,1.71835458278656,1.3539966732493762,0.3276131045241809
2016-08-20,0.6677828088733305,1.5895245075225828,1.2831244010240546,0.33389140443666526
2016-08-21,0.671207336098322,1.7572712898254392,1.3849515891330055,0.335603668049161
2016-08-22,0.7202922263231993,0.8273411393165588,0.8537836537148952,0.36014611316159967
2016-08-23,0.7084966325482288,0.7983117103576661,0.83065945751332,0.3542483162741144
2016-08-24,0.6186979186484532,0.8546894192695618,0.8201723140000273,0.3093489593242267
2016-08-25,0.6362010577984095,0.944055736064911,0.8821703288413714,0.3181005288992047
2016-08-26,0.7503519652981241,0.8099274635314941,0.8581800978058826,0.37517598264906205
2016-08-27,0.6483771545983791,0.7328256964683533,0.7619599826595091,0.32418857729918954
2016-08-28,0.7355123473231613,0.7636635899543762,0.8232839313815218,0.36775617366158064
2016-08-29,0.7206727293481983,1.138964056968689,1.0399010612877448,0.36033636467409913
2016-08-30,0.7396978805981508,1.1408567428588867,1.0503258612061477,0.3698489402990754
2016-08-31,0.678817396598303,1.6093058586120603,1.300277151211788,0.3394086982991514
2016-09-01,0.6693048209733268,1.475705862045288,1.215892674157184,0.3346524104866634
2016-09-02,0.7161066930482097,0.9929114580154419,0.950520866873656,0.3580533465241048
2016-09-03,0.6441916213233896,0.8813338279724121,0.8486190796714909,0.3220958106616948
2016-09-04,0.624785967048438,1.0748202800750732,0.9547168050988579,0.312392983524219
2016-09-05,0.5981507552985046,1.1637659072875977,0.9948640062413364,0.2990753776492523
2016-09-06,0.6122293672234694,1.1434783935546875,0.989612892667324,0.3061146836117348
2016-09-07,0.6323960275484191,0.7846918702125548,0.7850783528573463,0.31619801377420953
2016-09-08,0.718009208173205,0.6077349781990051,0.7216268221769361,0.3590046040866025
2016-09-09,0.6666412997983334,0.696093738079071,0.7490221833417071,0.33332064989916665
2016-09-10,0.6932765115482669,0.962308704853058,0.9210648947906778,0.34663825577413343
2016-09-11,0.7016475780982458,2.0365653038024902,1.5663311414833663,0.35082378904912304
2016-09-12,0.6963205357482593,2.400442123413086,1.7809723979293435,0.3481602678741296
2016-09-13,0.6654997907233362,1.7322269678115847,1.3672415616795248,0.33274989536166805
2016-09-14,0.6400060880484,0.9110687375068665,0.864328568265489,0.3200030440242
2016-09-15,0.6400060880484,0.9839518666267396,0.9078731943000548,0.3200030440242
2016-09-16,0.6400060880484,0.9839518666267396,0.9078731943000548,0.3200030440242
2016-09-17,0.6327765305734181,0.9745984673500062,0.8987406092509529,0.3163882652867091
2016-09-18,0.6327765305734181,1.3055070638656616,1.0964686000847452,0.31638826528670905
2016-09-19,0.6731098512233172,1.2453720569610596,1.080200457634626,0.33655492561165856
2016-09-20,0.6734903542483163,1.3837943077087405,1.1630411350737513,0.33674517712415813
2016-09-21,0.6289715003234276,2.591909646987915,1.8633295320973748,0.3144857501617138
2016-09-22,0.6677828088733305,1.551697850227356,1.2605350599441894,0.33389140443666526
2016-09-23,0.6578897302233553,1.6438006162643435,1.310753116455349,0.32894486511167764
2016-09-24,0.7065941174232335,1.4348381757736206,1.2095975191311668,0.35329705871161676
2016-09-25,0.6731098512233172,1.077927827835083,0.980214953578583,0.3365549256116586
2016-09-26,0.6818614207982954,1.0757170915603638,0.9831765054699348,0.3409307103991477
2016-09-27,0.6186979186484532,2.2554500102996826,1.6573667475279188,0.3093489593242266
2016-09-28,0.6521821848483695,0.9551706910133361,0.8966493896709395,0.3260910924241848
2016-09-29,0.6864274570982839,0.9914649128913879,0.9351123586355435,0.343213728549142
2016-09-30,0.6776758875233058,1.5371249914169312,1.2566269035735074,0.338837943761653
2016-10-01,,-1.0,,
2016-10-02,60.21460370609947,4.561335563659668,30.11511206195977,30.107301853049734
2016-10-03,37.23107948708193,0.7764217853546143,18.79531827139068,18.615539743540964
2016-10-04,21.923062288345193,0.5321658253669739,11.166216849782714,10.961531144172596
2016-10-05,7.455195768806362,0.4950488805770874,3.989630396980468,3.727597884403181
2016-10-06,4.786728054488034,0.7316023707389832,2.800128375679693,2.393364027244017
2016-10-07,4.553479700163616,0.9839153289794922,2.8260829038740836,2.276739850081808
2016-10-08,4.525702979338686,1.4991179704666135,3.1002606931711947,2.262851489669343
2016-10-09,4.470910543738823,1.6005367040634155,3.1303940818923133,2.2354552718694114
2016-10-10,4.473574064913817,2.071129322052002,3.394802161144124,2.2367870324569084
2016-10-11,4.396331950839009,3.9212617874145503,4.393660770027402,2.1981659754195046
2016-10-12,3.2791750694418016,16.870481491088867,11.273755196322819,1.6395875347209015
2016-10-13,3.2787945664168032,16.898019790649414,11.289355444009116,1.6393972832084016
2016-10-14,3.2723260149918194,17.27336311340332,11.501585949247891,1.6361630074959097
2016-10-15,3.0463072181423843,16.376777648925785,10.913519771040757,1.5231536090711921
2016-10-16,2.2111030782694723,7.530172348022461,5.4862087444039656,1.1055515391347364
2016-10-17,2.2111030782694723,7.530172348022461,5.4862087444039656,1.1055515391347364
2016-10-18,2.139568509569651,8.788514137268066,6.188765186220402,1.0697842547848255
2016-10-19,2.1182603401697047,8.816858291625977,6.1964992229046105,1.0591301700848523
2016-10-20,1.4352574102964117,16.81037139892578,10.627438910592343,0.7176287051482059
2016-10-21,1.3332825995966668,17.24571418762207,10.850674856596761,0.6666412997983334
2016-10-22,1.3070278908717325,17.441579818725586,10.957790382993144,0.6535139454358663
2016-10-23,1.3013203454967468,17.706443786621094,11.112425673248824,0.6506601727483734
2016-10-24,1.3013203454967468,17.74886703491211,11.137491241509654,0.6506601727483734
2016-10-25,1.3013203454967468,18.360397338867188,11.498810923402065,0.6506601727483734
2016-10-26,1.0646474639473384,19.196483612060547,11.919904828916188,0.5323237319736692
2016-10-27,0.9778927742475553,6.56730031967163,4.390444042883953,0.48894638712377764
2016-10-28,0.8177010007229557,6.838197231292724,4.482236652928379,0.40885050036147785
2016-10-29,0.7986758494730033,5.919858455657959,3.926813112189384,0.39933792473650165
2016-10-30,0.796773334348008,4.862243175506592,3.2957515115230978,0.39838666717400384
2016-10-31,0.7788896921730528,4.43031883239746,3.0302223509438733,0.38944484608652624
2016-11-01,0.7712796316730718,4.477787494659424,3.055052700242669,0.3856398158365359
2016-11-02,0.7712796316730718,4.433535099029541,3.0286718335308978,0.3856398158365357
2016-11-03,0.7457859289981356,5.710684299468995,3.7787476013042514,0.3728929644990678
2016-11-04,0.7050721053232374,5.888763904571532,3.866994985504095,0.3525360526616187
2016-11-05,0.6597922453483505,9.389775276184082,5.938036855528749,0.3298961226741749
2016-11-06,0.6518016818233705,13.979442596435545,8.676385049604761,0.32590084091168525
2016-11-07,0.5346067501236635,25.836069107055664,15.730506792718394,0.26730337506183177
2016-11-08,0.5197671321487005,33.19707489013672,20.133665312449185,0.25988356607435026
2016-11-09,0.4303489212739241,33.19172286987305,20.115431607941197,0.21517446063696205
2016-11-10,0.523191659373692,45.25603103637695,27.35305004679428,0.261595829686846
2016-11-11,0.5045470111487386,45.38905334472656,27.43182101545983,0.2522735055743693
2016-11-12,0.5897796887485256,48.71287536621094,29.423265339218634,0.2948898443742628
2016-11-13,0.49313192039876713,50.66106414794922,30.588844188363453,0.24656596019938357
2016-11-14,0.569993531448575,45.65597152709961,27.594498063251443,0.2849967657242875
2016-11-15,0.5125375746737186,44.86337661743164,27.117449491582214,0.2562687873368593
2016-11-16,0.49998097484875004,43.1053466796875,26.063993350821114,0.24999048742437502
2016-11-17,0.5334652410486663,41.74475097656249,25.251953270847103,0.26673262052433316
2016-11-18,0.5030249990487424,41.666454315185554,25.20255411595933,0.2515124995243712
2016-11-19,0.4737262661238157,41.61754608154297,25.170810540958673,0.23686313306190784
2016-11-20,0.5037860050987405,42.020862579345696,25.414844447650808,0.25189300254937025
2016-11-21,0.5037860050987405,41.78812026977538,25.275473595282417,0.25189300254937025
2016-11-22,0.5037860050987405,41.61225128173828,25.170159650374202,0.25189300254937025
2016-11-23,0.5037860050987405,41.558815002441406,25.13816091406042,0.25189300254937164
2016-11-24,0.5037860050987405,41.558815002441406,25.13816091406042,0.25189300254937164
2016-11-25,0.5037860050987405,41.55881881713868,25.138163198379115,0.25189300254937025
2016-11-26,0.5037860050987405,41.10398101806641,24.865797027126895,0.25189300254937164
2016-11-27,0.507210532323732,37.84421920776367,22.91420130157964,0.253605266161866
2016-11-28,0.6133708762984665,28.6336727142334,17.421735776163374,0.30668543814923327
2016-11-29,0.6693048209733268,31.6611270904541,19.241577362744785,0.3346524104866634
2016-11-30,0.6190784216734523,30.80046844482422,18.717978691959495,0.30953921083672614
2016-12-01,0.6510406757733723,29.531871795654297,17.966321758410913,0.32552033788668616
2016-12-02,0.6613142574483467,26.235260009765625,15.999539141025195,0.33065712872417335
2016-12-03,0.6529431908983676,27.152210235595703,16.545270619933625,0.3264715954491838
2016-12-04,0.6662607967733343,28.354978561401367,17.266601462019647,0.33313039838666714
2016-12-05,0.7043110992732392,29.114326477050785,17.728027828465194,0.3521555496366196
2016-12-06,0.67196834214832,25.84012794494629,15.766122441734334,0.33598417107416
2016-12-07,0.6780563905483049,25.245632171630856,15.412633115589097,0.33902819527415246
2016-12-08,0.6689243179483277,24.046613693237305,14.69435579408717,0.33446215897416387
2016-12-09,0.6689243179483277,24.0291862487793,14.683948663505653,0.33446215897416387
2016-12-10,0.6365815608234086,27.430980682373047,16.708095596099813,0.3182907804117043
2016-12-11,0.6426696092233933,27.074947357177738,16.49676404816344,0.32133480461169667
2016-12-12,0.6137513793234657,22.97527122497559,14.039672885041437,0.30687568966173284
2016-12-13,0.6879494691982802,21.716968536376953,13.308544680983422,0.3439747345991401
2016-12-14,0.6563677181233591,22.02052116394043,13.48092275678075,0.3281838590616796
2016-12-15,0.6221224458734447,24.198068618774414,14.772724202305099,0.31106122293672234
2016-12-16,0.5833111373235418,22.778659820556637,13.913867919856266,0.2916555686617709
2016-12-17,0.5947262280735133,23.853483200073246,14.559624023476692,0.29736311403675664
2016-12-18,0.6274494882234314,21.059356689453125,12.89845526211066,0.3137247441117157
2016-12-19,0.5030249990487424,26.108959197998043,15.886289641423602,0.2515124995243712
2016-12-20,0.5132985807237167,26.927761077880856,16.378981520359314,0.25664929036185835
2016-12-21,0.46916022982382716,27.1005916595459,16.472352143577922,0.23458011491191358
2016-12-22,0.5399337924736501,23.101696014404297,14.09538393075424,0.26996689623682507
2016-12-23,0.5863551615235341,21.536819458007812,13.172082528066092,0.29317758076176703
2016-12-24,0.5517293862486207,21.551616668701172,13.171080709079789,0.27586469312431033
2016-12-25,0.4824778356987938,23.19969940185547,14.138636567226934,0.2412389178493969
2016-12-26,0.5045470111487386,24.66603851318359,15.022613846405214,0.2522735055743693
2016-12-27,0.6308740154484228,21.54443168640137,13.1893026935651,0.3154370077242114
2016-12-28,0.6548457060233629,20.87002944946289,12.79329687967442,0.3274228530116807
2016-12-29,0.6548457060233629,19.613454818725586,12.042732483500338,0.32742285301168145
2016-12-30,0.6415281001483961,19.914451599121094,12.218514148565122,0.3207640500741988
2016-12-31,0.6468551424983828,22.337261199951172,13.667478438386416,0.3234275712491914
2017-01-01,0.6415281001483961,20.397912979125977,12.507354775330034,0.32076405007419806
2017-01-02,0.6278299912484304,20.986848831176758,12.85523613612994,0.3139149956242152
2017-01-03,0.6818614207982954,18.397611618041992,11.325034982549115,0.3409307103991477
2017-01-04,0.6727293481983182,18.479433059692383,11.371007149361306,0.3363646740991591
2017-01-05,0.6491381606483771,22.883832931518555,13.994613855069534,0.3245690803241886
2017-01-06,0.46725771469883187,32.561702728271484,19.74413626584364,0.23362885734941594
2017-01-07,0.4547011148738633,32.531211853027344,19.72367308287764,0.22735055743693164
2017-01-08,0.4196948365739508,32.19663619995117,19.51692582171038,0.2098474182869754
2017-01-09,0.5247136714736882,29.796791076660156,18.09904862437218,0.2623568357368441
2017-01-10,0.4269243940489327,31.329290390014652,18.998161870087625,0.21346219702446634
2017-01-11,0.34663825577413343,33.995723724365234,20.584076902491784,0.17331912788706672
2017-01-12,0.38925459457402684,32.371273040771484,19.616282558691548,0.19462729728701342
2017-01-13,0.38925459457402684,32.38388442993164,19.623848960307186,0.19462729728701342
2017-01-14,0.304402419999239,38.68896484375,23.397083630105875,0.1522012099996195
2017-01-15,0.2389558996994026,49.8726806640625,30.1163364328971,0.1194779498497013
2017-01-16,0.17465088847456336,51.437370300292976,31.058372640647843,0.08732544423728168
2017-01-17,0.16361630074959096,52.53268814086914,31.718155899910045,0.08180815037479548
2017-01-18,0.15410372512461473,49.586849212646484,29.944067182055,0.07705186256230737
2017-01-19,0.2910848141242723,44.364070892333984,26.80601779377028,0.14554240706213614
2017-01-20,0.241999923899395,41.97568893432617,25.36678701615362,0.1209999619496975
2017-01-21,0.26977664472432555,41.198421478271484,24.901753387517942,0.13488832236216278
2017-01-22,0.2724401658993189,38.805084228515625,23.463271666823225,0.13622008294965945
2017-01-23,0.3253300863741867,36.2661018371582,21.94426713019382,0.16266504318709335
2017-01-24,0.2537955176743655,36.04655075073242,21.802422110233614,0.12689775883718274
2017-01-25,0.30326091092424184,33.691734313964844,20.394490024648952,0.15163045546212092
2017-01-26,0.2766256991743084,33.48710632324219,20.267146026412764,0.1383128495871542
2017-01-27,0.23248734827441878,34.66851806640625,20.97051616224686,0.11624367413720939
2017-01-28,0.21117917887447207,34.10072326660156,20.625580765559544,0.10558958943723604
2017-01-29,0.3097294623492257,29.556652069091793,17.91134876367196,0.15486473117461286
2017-01-30,0.2899433050492751,32.44554901123047,19.643412045720172,0.14497165252463756
2017-01-31,0.28918229899927705,34.35889434814453,20.79313486300349,0.14459114949963853
2017-02-01,0.28918229899927705,34.53059005737305,20.89631822861192,0.14459114949963853
2017-02-02,0.28918229899927705,34.72672271728515,21.014187382397996,0.14459114949963853
2017-02-03,0.26977664472432555,43.54864883422852,26.314617320378215,0.13488832236216278
2017-02-04,0.26977664472432555,43.56050109863281,26.32174243397929,0.13488832236216278
2017-02-05,0.26977664472432555,44.30161666870117,26.76727186600497,0.13488832236216278
2017-02-06,0.23971690574940072,44.58039093017578,26.933230829621728,0.11985845287470036
2017-02-07,0.1670408279745824,69.98829650878906,42.22962518084344,0.0835204139872912
2017-02-08,0.1670408279745824,66.90935516357422,40.37552398136456,0.0835204139872912
2017-02-09,0.17579239754956053,65.49881744384766,39.52475885498865,0.08789619877478026
2017-02-10,0.17579239754956053,64.77509307861328,39.08900414205551,0.08789619877478026
2017-02-11,0.20965716677447585,64.00570678710938,38.621013365832965,0.10482858338723793
2017-02-12,0.15828925839960428,62.077861785888665,37.46711416961912,0.07914462919980214
2017-02-13,0.18911000342452722,61.70775604248047,37.24060016433369,0.09455500171226361
2017-02-14,0.2435219359993912,60.761039733886726,36.66485270856564,0.1217609679996956
2017-02-15,0.2458049541493855,58.502220153808594,35.306152369354535,0.12290247707469275
2017-02-16,0.2754841900993113,54.471721649169915,32.88088238365841,0.13774209504965565
2017-02-17,0.2545565237243636,53.80300521850585,32.479710504492594,0.1272782618621818
2017-02-18,0.265591111449336,46.16505813598633,27.887338821209667,0.132795555724668
2017-02-19,0.1906320155245234,47.11324691772461,28.455228298531697,0.0953160077622617
2017-02-20,0.210798675849473,48.9510498046875,29.561708924364027,0.1053993379247365
2017-02-21,0.21270119097446827,47.48389053344727,28.67889324169508,0.10635059548723413
2017-02-22,0.13622008294965945,47.90930557250977,28.933279795146085,0.06811004147482973
2017-02-23,0.13622008294965945,45.90968704223633,27.728517429480558,0.06811004147482973
2017-02-24,0.13622008294965945,45.88306427001954,27.7124773130529,0.06811004147482973
2017-02-25,0.23362885734941594,42.98076248168945,25.970689158252576,0.11681442867470797
2017-02-26,0.2366728815494083,42.97064971923828,25.964820084158703,0.11833644077470415
2017-02-27,0.2328678512994178,44.17354965209961,26.6881325573651,0.1164339256497089
2017-02-28,0.2328678512994178,45.58866882324219,27.539368657694574,0.1164339256497089
2017-03-01,0.2085156576994787,61.913002014160156,37.36183971136356,0.10425782884973935
2017-03-02,0.20318861534949204,59.470291137695305,35.892386393534174,0.10159430767474602
2017-03-03,0.2130816939994673,56.640506744384766,34.18869044768847,0.10654084699973365
2017-03-04,0.1967200639245082,56.789276123046875,34.279319907811434,0.0983600319622541
2017-03-05,0.18149994292454627,56.880111694335945,34.33504019106166,0.09074997146227314
2017-03-06,0.17503139149956243,55.330326080322266,33.402346938663655,0.08751569574978121
2017-03-07,0.22677980289943306,55.054275512695305,33.23351917986066,0.11338990144971653
2017-03-08,0.2012861002244968,57.61747741699218,34.77745907888996,0.1006430501122484
2017-03-09,0.2012861002244968,57.55926895141601,34.74242657933269,0.1006430501122484
2017-03-10,0.21422320307446444,52.563034057617195,31.735133810621395,0.10711160153723222
2017-03-11,0.2271603059244321,48.317874908447266,29.18097095487325,0.11358015296221605
2017-03-12,0.2248772877744378,46.251895904541016,27.938019898676135,0.1124386438872189
2017-03-13,0.2595030630493512,49.00735855102539,29.596076190083824,0.1297515315246756
2017-03-14,0.3135344925992162,48.01543045043945,29.000738547976024,0.1567672462996081
2017-03-15,0.3839275522240402,47.412025451660156,28.6400810680634,0.1919637761120201
2017-03-16,0.2933678322742666,44.98524856567383,27.17942742181919,0.1466839161371333
2017-03-17,0.3462577527491344,39.19575119018555,23.70609025645667,0.1731288763745672
2017-03-18,0.31962254099920095,39.25989532470703,23.741741470865843,0.15981127049960048
2017-03-19,0.31962254099920095,39.29344177246094,23.76189154979142,0.15981127049960048
2017-03-20,0.3131539895742171,39.633052825927734,23.965212438640055,0.15657699478710854
2017-03-21,0.3131539895742171,39.2804069519043,23.753368625036316,0.15657699478710854
2017-03-22,0.3131539895742171,39.16835403442383,23.686055438882576,0.15657699478710854
2017-03-23,0.3131539895742171,39.01744079589844,23.59539781794474,0.15657699478710854
2017-03-24,0.3230470682241924,38.61591720581055,23.355318088559798,0.1615235341120962
2017-03-25,0.49046839922377383,34.196258544921875,20.72720693206003,0.24523419961188692
2017-03-26,0.48894638712377764,32.83232116699219,19.910010412473174,0.24447319356188882
2017-03-27,0.47486777519881285,28.78458786010742,17.482557466419212,0.23743388759940642
2017-03-28,0.5764620828735588,27.11334037780762,16.504548560883112,0.2882310414367794
2017-03-29,0.6042388036984895,27.74786758422852,16.89023618543172,0.30211940184924474
2017-03-30,0.5943457250485141,27.80195808410645,16.920376277235714,0.29717286252425706
2017-03-31,0.5353677561736616,26.99383354187012,16.423618048405224,0.2676838780868308
2017-04-01,0.5338457440736655,27.10001182556152,16.486817701477683,0.26692287203683274
2017-04-02,0.5338457440736655,26.867387771606445,16.347587589172324,0.26692287203683274
2017-04-03,0.5532513983486168,25.365545272827145,15.45348552935953,0.2766256991743084
2017-04-04,0.5056885202237358,26.881731033325195,16.349662853184505,0.2528442601118679
2017-04-05,0.5159621018987101,26.592292785644528,16.17875163070071,0.25798105094935503
2017-04-06,0.49313192039876713,29.1889762878418,17.72863142046136,0.24656596019938357
2017-04-07,0.5034055020737416,26.076253890991214,15.866795816759346,0.2517027510368708
2017-04-08,0.546782846923633,22.444454193115234,13.70393896644679,0.2733914234618165
2017-04-09,0.6693048209733268,21.669878005981445,13.27515058078739,0.3346524104866634
2017-04-10,0.5954872341235113,22.05646705627441,13.485380886905673,0.29774361706175567
2017-04-11,0.5669495072485826,23.08568000793457,14.093070104057661,0.2834747536242913
2017-04-12,0.5669495072485826,22.77716636657715,13.908520697422446,0.2834747536242913
2017-04-13,0.5300407138236749,19.585412979125977,11.988023893715498,0.26502035691183745
2017-04-14,0.6674023058483315,17.972198486328125,11.06641552313555,0.33370115292416574
2017-04-15,0.6624557665233438,18.186664581298828,11.192917643986465,0.3312278832616719
2017-04-16,0.6586507362733534,18.33212661743164,11.278587508129931,0.3293253681366767
2017-04-17,0.6590312392983524,19.354766845703125,11.889498277220532,0.3295156196491762
2017-04-18,0.5608614588485978,21.794099807739258,13.318744097909562,0.2804307294242989
2017-04-19,0.5414558045736464,22.608383178710938,13.800573346516954,0.2707279022868232
2017-04-20,0.5646664890985883,21.279603958129883,13.01203993714603,0.28233324454929415
2017-04-21,0.6053803127734865,21.116357803344727,12.926143823011632,0.30269015638674324
2017-04-22,0.5718960465735703,20.830244064331055,12.74533646429226,0.28594802328678515
2017-04-23,0.6179369125984552,15.961846351623535,9.849027729263035,0.3089684562992276
2017-04-24,0.6278299912484304,15.599299430847168,9.635744361381027,0.3139149956242152
2017-04-25,0.6304935124234238,15.60733413696289,9.641461797005682,0.3152467562117119
2017-04-26,0.6304935124234238,16.75505828857422,10.327288226523196,0.3152467562117119
2017-04-27,0.6304935124234238,16.778913497924805,10.34154298715652,0.3152467562117119
2017-04-28,0.6107073551234733,22.056102752685547,13.48941616351408,0.30535367756173665
2017-04-29,0.5205281381986987,36.562156677246094,22.148309555741726,0.26026406909934935
2017-04-30,0.5581979376736045,38.58720016479492,23.36490713257182,0.27909896883680224
2017-05-01,0.5581979376736045,39.5262336730957,23.926708645492397,0.27909896883680224
2017-05-02,0.4630721814238423,42.28268051147461,25.568484361282128,0.23153609071192116
2017-05-03,0.4634526844488414,42.83686828613281,25.90059621565681,0.2317263422244207
2017-05-04,0.4288269091739279,43.8797492980957,26.52339612704553,0.21441345458696395
2017-05-05,0.5578174346486054,39.87263107299805,24.13391147266761,0.2789087173243027
2017-05-06,0.5578174346486054,39.87263107299805,24.13391147266761,0.2789087173243027
2017-05-07,0.4238803698489403,42.29449462890625,25.572543779121116,0.21194018492447014
2017-05-08,0.38811308549902973,42.50896453857422,25.698464778518254,0.19405654274951487
2017-05-09,0.46002815722384993,34.03468322753906,20.625570930285583,0.23001407861192497
2017-05-10,0.6221224458734447,29.39512062072754,17.87867516568841,0.31106122293672234
2017-05-11,0.6221224458734447,29.393177032470703,17.877513605285227,0.31106122293672234
2017-05-12,0.5604809558235988,30.929763793945312,18.78407964700978,0.2802404779117994
2017-05-13,0.5528708953236179,27.72506713867188,16.865163549159988,0.27643544766180894
2017-05-14,0.5810281191735475,26.86907196044922,16.359509330846183,0.29051405958677373
2017-05-15,0.5441193257486397,24.229372024536133,14.77133038430348,0.2720596628743199
2017-05-16,0.624405464023439,19.59737777709961,12.023874876501987,0.3122027320117195
2017-05-17,0.6400060880484,18.04953956604004,11.103849182224705,0.3200030440242
2017-05-18,0.6491381606483771,17.44255638122559,10.744175246429473,0.3245690803241886
2017-05-19,0.5970092462235075,18.862247467041016,11.576019964018194,0.29850462311175374
2017-05-20,0.5871161675735322,19.92071533203125,12.205889651976848,0.29355808378676684
2017-05-21,0.5893991857235265,16.45270538330078,10.132830195544694,0.2946995928617632
2017-05-22,0.6274494882234314,14.596602439880371,9.036417981757362,0.3137247441117157
2017-05-23,0.6422891061983943,14.58513069152832,9.034818082029773,0.32114455309919715
2017-05-24,0.6110878581484722,13.639284133911131,8.458390859300009,0.3055439290742361
2017-05-25,0.6468551424983828,10.730452537536621,6.733689921971194,0.3234275712491914
2017-05-26,0.6700658270233248,9.986080169677734,6.2982970044863364,0.3350329135116624
2017-05-27,0.663597275598341,9.702685356140137,6.126458973244288,0.3317986377991705
2017-05-28,0.5844526463985389,9.354494094848633,5.886342642680227,0.29222632319926944
2017-05-29,0.6438111182983904,9.086467742919922,5.750344839923789,0.3219055591491952
2017-05-30,0.6278299912484304,13.276731491088867,8.247824210172773,0.3139149956242152
2017-05-31,0.694798523648263,10.970147132873533,6.895593247298058,0.3473992618241315
2017-06-01,0.694798523648263,10.57100582122803,6.6573416810597985,0.3473992618241315
2017-06-02,0.6849054449982878,10.893126487731934,6.8457499559573085,0.3424527224991439
2017-06-03,0.6556067120733611,10.658885955810547,6.69437974462643,0.32780335603668054
2017-06-04,0.6377230698984057,10.555501937866211,6.625574126903482,0.31886153494920283
2017-06-05,0.6164149004984589,10.518040657043457,6.594778837975672,0.30820745024922946
2017-06-06,0.6057608157984856,10.31778621673584,6.4708601534908645,0.3028804078992428
2017-06-07,0.6282104942734295,7.431582450866698,4.755042016385085,0.3141052471367147
2017-06-08,0.6118488641984704,7.190748691558839,4.604121203357411,0.3059244320992352
2017-06-09,0.624405464023439,7.149724006652833,4.584979653593422,0.3122027320117195
2017-06-10,0.640767094098398,5.209812164306641,3.432989105402273,0.32038354704919886
2017-06-11,0.6624557665233438,4.341207504272461,2.9239434902138473,0.3312278832616719
2017-06-12,0.6251664700734372,3.9987666606903076,2.702272727171864,0.3125832350367186
2017-06-13,0.7073551234732316,3.8032562732696533,2.6234029038312308,0.3536775617366158
2017-06-14,0.7073551234732316,3.7163496017456055,2.571538327641195,0.3536775617366158
2017-06-15,0.6381035729234047,3.5483393669128422,2.439103886498821,0.31905178646170235
2017-06-16,0.6715878391233211,3.466562271118164,2.405825311129443,0.33579391956166055
2017-06-17,0.6544652029983639,2.8266043663024902,2.0156019688069895,0.32723260149918193
2017-06-18,0.7119211597732201,2.5713741779327393,1.8904000644991192,0.35596057988661006
2017-06-19,0.6453331303983867,2.546684503555298,1.844068543039443,0.3226665651991934
2017-06-20,0.6042388036984895,2.9974701404571533,2.094054749467312,0.30211940184924474
2017-06-21,0.6148928883984628,2.817362070083618,1.991410157212492,0.3074464441992314
2017-06-22,0.6464746394733838,2.0918350219726562,1.5728860784777174,0.3232373197366918
2017-06-23,0.7035500932232411,2.036764621734619,1.5673626105692202,0.35177504661162046
2017-06-24,0.7374148624481565,1.8330135345458984,1.4620709550720448,0.3687074312240782
2017-06-25,0.7282827898481793,1.8730690479278562,1.4815684477318856,0.36414139492408953
2017-06-26,0.7225752444731935,1.363524317741394,1.174810610502524,0.3612876222365968
2017-06-27,0.7271412807731821,1.4266669750213623,1.2147014510354415,0.36357064038659104
2017-06-28,0.7271412807731821,1.426322340965271,1.214495846876465,0.363570640386591
2017-06-29,0.6514211787983715,1.7858479022979736,1.392476277485462,0.32571058939918573
2017-06-30,0.6472356455233819,2.4872097969055176,1.8094419957549919,0.32361782276169093
2017-07-01,0.6346790456984134,3.0148775577545166,2.11876356550096,0.3173395228492067
2017-07-02,0.6430501122483924,3.1272399425506596,2.1898251336702526,0.3215250561241962
2017-07-03,0.663597275598341,1.9408237934112547,1.4909019417779268,0.3317986377991705
2017-07-04,0.6597922453483505,1.62886917591095,1.30275514274966,0.3298961226741752
2017-07-05,0.6940375175982649,1.7807506322860718,1.4099807320517097,0.3470187587991325
2017-07-06,0.6468551424983828,1.5561443567276,1.253052258309171,0.3234275712491914
2017-07-07,0.6198394277234504,1.6841143369674683,1.3164473308542948,0.3099197138617252
2017-07-08,0.6331570335984171,1.313429594039917,1.1013878076543981,0.31657851679920856
2017-07-09,0.6841444389482897,1.1825278997421265,1.0480613086463193,0.3420722194741449
2017-07-10,0.6723488451733192,1.295776128768921,1.1099274579205245,0.3361744225866596
2017-07-11,0.6799589056733001,1.320867896080017,1.128615137086122,0.33997945283665004
2017-07-12,0.6552262090483619,1.141174554824829,1.0092435571983258,0.32761310452418096
2017-07-13,0.6430501122483924,0.953517496585846,0.8911829159428625,0.3215250561241962
2017-07-14,0.6597922453483505,1.0669959783554077,0.9671705442659525,0.3298961226741753
2017-07-15,0.6202199307484495,0.977444589138031,0.8942856878197578,0.3101099653742248
2017-07-16,0.6460941364483848,0.9546706676483154,0.8933648040870622,0.3230470682241924
2017-07-17,0.5954872341235113,0.7488407492637633,0.7454780683214546,0.29774361706175567
2017-07-18,0.6689243179483277,0.7862266302108765,0.8039723747138819,0.3344621589741638
2017-07-19,0.6940375175982649,0.7931422591209412,0.8204595907380114,0.34701875879913247
2017-07-20,0.6940375175982649,0.7997140288352966,0.8243823978827518,0.34701875879913247
2017-07-21,0.6723488451733192,0.9828506708145143,0.9230687733455124,0.3361744225866595
2017-07-22,0.624405464023439,1.9792813062667847,1.495049437544062,0.3122027320117195
2017-07-23,0.6038583006734903,1.8693907260894778,1.4194877864164077,0.30192915033674517
2017-07-24,0.6038583006734903,1.8693907260894778,1.4194877864164077,0.30192915033674517
2017-07-25,0.5992922643735018,1.6928731203079224,1.3117563602160585,0.2996461321867509
2017-07-26,0.5992922643735018,1.7992756366729736,1.375370740885967,0.2996461321867509
2017-07-27,0.5992922643735018,1.7933422327041628,1.3718233640791504,0.2996461321867509
2017-07-28,0.5905406947985237,1.1007627248764038,0.9534746040442795,0.29527034739926183
2017-07-29,0.6518016818233705,1.0437779426574707,0.9493914534605544,0.32590084091168525
2017-07-30,0.6605532513983486,0.623838484287262,0.7028658873241725,0.3302766256991743
2017-07-31,0.6202199307484495,0.4915327727794647,0.6038775260472226,0.3101099653742248
2017-08-01,0.6601727483733496,0.5545439124107361,0.6612913709963517,0.33008637418667475
2017-08-02,0.640767094098398,1.0644806623458862,0.9563581891058245,0.3203835470491991
2017-08-03,0.616795403523458,0.7075669765472412,0.7313036532440322,0.30839770176172904
2017-08-04,0.6826224268482934,0.40796613693237305,0.5848800832598111,0.3413112134241468
2017-08-05,0.6982230508732544,0.5173183679580688,0.6578864799274856,0.34911152543662727
2017-08-06,0.6982230508732544,0.5173183679580688,0.6578864799274856,0.34911152543662727
2017-08-07,0.6358205547734104,0.491551011800766,0.6116120536968247,0.31791027738670524
2017-08-08,0.6438111182983904,0.46880334615707403,0.6019781430441378,0.3219055591491952
2017-08-09,0.6601727483733496,0.6266852617263794,0.704378266073898,0.3300863741866748
2017-08-10,0.6601727483733496,0.7901586890220642,0.8020138450681036,0.33008637418667475
2017-08-11,0.6666412997983334,1.2143286466598509,1.058507866656407,0.3333206498991667
2017-08-12,0.6639777786233401,1.3603521585464478,1.1444163960452711,0.33198888931167003
2017-08-13,0.6723488451733192,1.0060207843780518,0.9369044547574324,0.33617442258665964
2017-08-14,0.671207336098322,0.9149396419525148,0.8819564234597612,0.335603668049161
2017-08-15,0.6845249419732887,0.6242334842681885,0.71493800812436,0.34226247098664436
2017-08-16,0.679578402648301,0.6186712980270386,0.7091746435014448,0.33978920132415047
2017-08-17,0.6909934933982725,0.9636318683624268,0.9207352156925953,0.34549674669913627
2017-08-18,0.663216772573342,1.4959895610809328,1.2250524467812487,0.331608386286671
2017-08-19,0.6483771545983791,1.9539705514907837,1.4914408154250107,0.32418857729918954
2017-08-20,0.5795061070735513,2.038763523101806,1.5090625709469678,0.28975305353677555
2017-08-21,0.6369620638484076,1.5413042306900024,1.2393928622515442,0.3184810319242038
2017-08-22,0.7214337353981964,0.7874791026115416,0.8305615205125383,0.3607168676990982
2017-08-23,0.7088771355732278,0.8105726242065431,0.8381636112122127,0.354438567786614
2017-08-24,0.7229557474981927,0.5440058708190918,0.6860474127485011,0.36147787374909635
2017-08-25,0.710399147673224,1.3426387310028076,1.1564250222570043,0.355199573836612
2017-08-26,0.6959400327232601,1.0778123140335085,0.9913150013878866,0.34797001636163005
2017-08-27,0.6818614207982954,1.111021637916565,1.004254720757248,0.3409307103991477
2017-08-28,0.5905406947985237,5.08328914642334,3.334837802146551,0.295270347399262
2017-08-29,0.6658802937483354,0.6335442662239075,0.7112924644566123,0.3329401468741677
2017-08-30,0.6415281001483961,0.47653353214263916,0.6054656824924635,0.32076405007419806
2017-08-31,0.6008142764734979,0.6945334672927855,0.7156340813306562,0.3004071382367489
2017-09-01,0.6008142764734979,0.9183165431022645,0.8494228285406601,0.3004071382367489
2017-09-02,0.6061413188234847,1.3781071901321411,1.1268988482937874,0.3030706594117423
2017-09-03,0.6354400517484114,1.8651345968246462,1.4321452217928319,0.3177200258742057
2017-09-04,0.5745595677485636,1.761593818664551,1.3409114278599776,0.2872797838742818
2017-09-05,0.6689243179483277,1.44662606716156,1.198342484047295,0.33446215897416387
2017-09-06,0.6689243179483277,1.4417790174484253,1.1954479759384755,0.33446215897416387
2017-09-07,0.7149651839732126,1.7570823431015015,1.4059488228283572,0.3574825919866063
2017-09-08,0.6681633118983296,5.1941328048706055,3.435896575197338,0.3340816559491648
2017-09-09,0.6681633118983296,5.22139835357666,3.452178924712665,0.3340816559491648
2017-09-10,0.6681633118983296,5.232625961303711,3.4588837900797134,0.3340816559491648
2017-09-11,0.6552262090483619,5.456608295440675,3.5868781895730226,0.32761310452418096
2017-09-12,0.6552262090483619,5.456608295440675,3.5868781895730226,0.32761310452418096
2017-09-13,0.6552262090483619,5.642152309417725,3.697704749544445,0.32761310452418096
2017-09-14,0.6552262090483619,5.616716384887696,3.682511718225717,0.32761310452418096
2017-09-15,0.6194589246984514,6.430518627166748,4.153017091458984,0.3097294623492257
2017-09-16,0.6049998097484875,8.29442310333252,5.26097490112466,0.3024999048742438
2017-09-17,0.6103268520984741,8.304591178894045,5.26927459320246,0.3051634260492371
2017-09-18,0.6103268520984741,8.635733604431152,5.467216644426454,0.3051634260492371
2017-09-19,0.6103268520984741,8.718253135681152,5.516543109482007,0.3051634260492371
2017-09-20,0.6141318823484646,8.703269004821777,5.509157622965008,0.3070659411742323
2017-09-21,0.6963205357482593,7.350043773651123,4.735365346724446,0.3481602678741296
2017-09-22,0.7031695901982421,7.297961711883545,4.707202505355039,0.35158479509912105
2017-09-23,0.6959400327232601,8.158180236816406,5.217578828543916,0.34797001636163005
2017-09-24,0.663216772573342,8.436808586120605,5.370290952595913,0.331608386286671
2017-09-25,0.6681633118983296,8.6964750289917,5.5274136332334125,0.3340816559491648
2017-09-26,0.6738708572733153,7.816133499145507,5.004101875451488,0.33693542863665765
2017-09-27,0.6472356455233819,7.087747573852539,4.557738599548247,0.32361782276169093
2017-09-28,0.6472356455233819,7.055051326751709,4.538206321101524,0.32361782276169093
2017-09-29,0.6472356455233819,7.109110355377197,4.570500424960484,0.32361782276169093
2017-09-30,0.6312545184734218,8.278111457824707,5.262177624322704,0.3156272592367109
2017-10-01,59.667059853125835,80.2670669555664,30.410465695670126,29.833529926562917
2017-10-02,35.67253909668582,1.2407361268997192,18.142896277561775,17.83626954834291
2017-10-03,34.67181614093832,8.071462631225586,19.411405095527545,17.33590807046916
2017-10-04,31.07492104562231,7.18902063369751,17.644627820307395,15.537460522811156
2017-10-05,4.085460979414787,1.345184326171875,2.8000742302552,2.0427304897073935
2017-10-06,3.513184429816217,1.7146269083023074,2.7317459004726645,1.7565922149081086
2017-10-07,2.53186712834367,2.5473508834838867,2.739677000229029,1.265933564171835
2017-10-08,2.418096723868955,2.8897523880004883,2.884172320497448,1.2090483619344774
2017-10-09,2.2750275864693124,2.877793312072754,2.809822580621221,1.1375137932346562
2017-10-10,2.1875118907195312,2.9276270866394047,2.797585672267355,1.0937559453597656
2017-10-11,1.8990905977702521,2.4512305259704594,2.3831901104082545,0.9495452988851261
2017-10-12,1.4881473307712798,2.1750681400299072,2.0251383978048376,0.7440736653856399
2017-10-13,1.4710246946463226,2.200561285018921,2.0319687454991042,0.7355123473231613
2017-10-14,1.1917354742970205,2.0879745483398438,1.8318253663716482,0.5958677371485103
2017-10-15,0.9782732772725544,2.1993720531463623,1.7957298401342736,0.48913663863627727
2017-10-16,0.9291883870476769,2.3097262382507324,1.83787984679648,0.46459419352383846
2017-10-17,0.9276663749476808,2.245911121368408,1.7992106984029157,0.4638331874738405
2017-10-18,0.8294965944979262,1.8500808477401733,1.5165886164464515,0.4147482972489631
2017-10-19,0.8683079030478291,1.9333090782165527,1.5848116106558987,0.43415395152391456
2017-10-20,0.7682356074730794,2.0984795093536377,1.6351808074465863,0.3841178037365397
2017-10-21,0.749590959248126,2.9449977874755855,2.1310814018912847,0.374795479624063
2017-10-22,0.749590959248126,3.3328289985656743,2.3623693502728136,0.374795479624063
2017-10-23,0.7735626498230661,8.097983360290527,5.214172821074678,0.38678132491153305
2017-10-24,0.7396978805981508,10.093346595764158,6.390139792875487,0.3698489402990754
2017-10-25,0.7396978805981508,10.095490455627441,6.3914185223634385,0.3698489402990754
2017-10-26,0.7343708382481641,9.438922882080078,5.997640653794352,0.3671854191240817
2017-10-27,0.640767094098398,16.648868560791016,10.26726055302752,0.320383547049199
2017-10-28,0.6909934933982725,5.9577016830444345,3.901937029956025,0.34549674669913627
2017-10-29,0.6510406757733723,9.665160179138184,6.0989834152533176,0.32552033788668616
2017-10-30,0.6540846999733648,6.698824882507324,4.3283673714123605,0.3270423499866824
2017-10-31,0.585594155473536,6.638812065124511,4.262822354427279,0.292797077736768
2017-11-01,0.5844526463985389,6.2634668350219735,4.037865764846822,0.29222632319926944
2017-11-02,0.5795061070735513,6.278045177459717,4.044421090740786,0.28975305353677566
2017-11-03,0.687188463148282,4.362866401672363,2.948166208378615,0.343594231574141
2017-11-04,0.6510406757733723,4.222355842590332,2.8477357078209113,0.3255203378866864
2017-11-05,0.6510406757733723,4.364945411682129,2.9329112866122506,0.325520337886686
2017-11-06,0.5521098892736197,10.350733757019043,6.469284017189178,0.2760549446368102
2017-11-07,0.49046839922377383,16.475734710693356,10.113435092062526,0.24523419961188692
2017-11-08,0.5441193257486397,36.75508499145508,22.266931306290246,0.2720596628743199
2017-11-09,0.5502073741486244,40.863712310791016,24.726160403794115,0.2751036870743136
2017-11-10,0.5502073741486244,40.857280731201165,24.72231202809752,0.2751036870743122
2017-11-11,0.5171036109737073,41.04017639160156,24.828782746588722,0.258551805486855
2017-11-12,0.5171036109737073,41.62398147583008,25.1782994155039,0.25855180548685364
2017-11-13,0.5171036109737073,42.045989990234375,25.43095053861522,0.25855180548685364
2017-11-14,0.6396255850234009,55.72445297241211,33.61305841206642,0.31981279251170047
2017-11-15,0.6190784216734523,51.8527946472168,31.30027020898095,0.30953921083672614
2017-11-16,0.5372702712986568,51.87312316894531,31.31395227349443,0.2686351356493284
2017-11-17,0.5338457440736655,49.14358901977539,29.680336068047673,0.26692287203683274
2017-11-18,0.6217419428484456,45.88438034057617,27.733252473547193,0.3108709714242228
2017-11-19,0.5235721623986911,48.27220153808594,29.158615862325753,0.26178608119934554
2017-11-20,0.38012252197404967,47.20259094238281,28.514309935712916,0.19006126098702483
2017-11-21,0.4090407518739774,46.68506622314453,28.20472418638239,0.2045203759369887
2017-11-22,0.5562954225486093,47.63659667968751,28.778901825351788,0.27814771127430465
2017-11-23,0.6251664700734372,46.85403823852538,28.312867408500747,0.3125832350367186
2017-11-24,0.585974658498535,47.21474838256835,28.527338593677726,0.2929873292492675
2017-11-25,0.5079715383737301,48.105228424072266,29.058366389993274,0.25398576918686505
2017-11-26,0.5102545565237243,48.90856552124024,29.539412358193534,0.25512727826186216
2017-11-27,0.5064495262737339,49.654666900634766,29.98613171297132,0.2532247631368669
2017-11-28,0.5064495262737339,49.65419006347656,29.985846185834795,0.2532247631368669
2017-11-29,0.4988394657737529,51.475154876708984,31.076340896047906,0.24941973288687644
2017-11-30,0.4642136904988395,56.35048294067383,33.99822705946241,0.23210684524941974
2017-12-01,0.5201476351736997,60.485294342041016,36.47000804655964,0.26007381758684983
2017-12-02,0.45812564209885465,63.30356216430665,38.16543444552962,0.22906282104942732
2017-12-03,0.5220501502986948,57.713661193847656,34.8106041943064,0.2610250751493474
2017-12-04,0.5171036109737073,54.813289642333984,33.0745702431965,0.25855180548685364
2017-12-05,0.5201476351736997,53.97323989868165,32.57152221368776,0.26007381758684983
2017-12-06,0.5913017008485217,49.55000305175782,29.92384148080946,0.29565085042426087
2017-12-07,0.5239526654236901,49.062191009521484,29.631524965530037,0.26197633271184506
2017-12-08,0.4569841330238575,50.08774948120117,30.24550228507174,0.22849206651192874
2017-12-09,0.49541493854876145,50.213581085205085,30.320829632240436,0.24770746927438073
2017-12-10,0.49541493854876145,50.213581085205085,30.320829632240436,0.24770746927438073
2017-12-11,0.49541493854876145,50.524818420410156,30.507230964330574,0.24770746927438073
2017-12-12,0.4706822419238233,52.27919387817382,31.558497415010407,0.23534112096191165
2017-12-13,0.35881435257410293,61.894660949707024,37.332925031174355,0.17940717628705147
2017-12-14,0.33826718922415433,62.40614318847657,37.64250166552519,0.16913359461207716
2017-12-15,0.32494958334918767,61.77787780761719,37.26681214725902,0.16247479167459383
2017-12-16,0.2739621779993151,70.05223083496094,42.24668554205368,0.13698108899965755
2017-12-17,0.23933640272440168,69.07035064697266,41.663062277377634,0.11966820136220084
2017-12-18,0.21003766979947489,69.15391540527344,41.71893540395413,0.10501883489973744
2017-12-19,0.1864464822495339,65.51261901855469,39.53141606074935,0.09322324112476695
2017-12-20,0.3333206498991667,63.14226531982422,38.08517515252821,0.16666032494958335
2017-12-21,0.3219055591491952,63.988338470458984,38.59486009252248,0.1609527795745976
2017-12-22,0.31125147444922185,63.14743423461915,38.09118074590061,0.15562573722461093
2017-12-23,0.2872797838742818,61.88727569580078,37.33699539505062,0.1436398919371409
2017-12-24,0.21993074844945015,59.34730911254883,35.81680762335697,0.10996537422472508
2017-12-25,0.32228606217419425,55.713943481445305,33.62491199108324,0.16114303108709713
2017-12-26,0.3089684562992276,56.094085693359375,33.85405046213281,0.1544842281496138
2017-12-27,0.3089684562992276,55.7790412902832,33.664781672083386,0.1544842281496138
2017-12-28,0.3089684562992276,56.115150451660156,33.86670550782588,0.1544842281496138
2017-12-29,0.18378296107454054,81.52921295166016,49.17414666707056,0.09189148053727027
2017-12-30,0.17579239754956053,81.01441192626953,48.86670413754818,0.08789619877478026
2017-12-31,0.18378296107454054,80.51422882080078,48.563105442489395,0.09189148053727027
2018-01-01,0.18378296107454054,80.45689392089844,48.52858865904185,0.09189148053727027
2018-01-02,0.1335565617746661,78.79893493652344,47.54492807832103,0.06677828088733305
2018-01-03,0.1335565617746661,78.75596618652344,47.519038429549106,0.06677828088733305
2018-01-04,0.1335565617746661,78.75596618652344,47.519038429549106,0.06677828088733305
2018-01-05,0.10159430767474602,79.52233123779297,47.990226798817595,0.05079715383737301
2018-01-06,0.10159430767474602,78.75809478759766,47.529512695420486,0.05079715383737301
2018-01-07,0.1335565617746661,78.75596618652344,47.519038429549106,0.06677828088733305
2018-01-08,0.10159430767474602,77.09480285644531,46.52680986627297,0.05079715383737301
2018-01-09,0.1335565617746661,78.75596618652344,47.519038429549106,0.06677828088733305
2018-01-10,0.03424527224991439,78.25495910644531,47.24523063762144,0.017122636124957194
2018-01-11,0.23248734827441878,79.21514129638672,47.76679910355192,0.11624367413720939
2018-01-12,0.25341501464936644,75.70442199707031,45.64960475585028,0.12670750732468322
2018-01-13,0.1335565617746661,78.75596618652344,47.519038429549106,0.06677828088733305
2018-01-14,0.19481754879951294,75.044921875,45.26770709471672,0.09740877439975647
2018-01-15,0.12822951942467944,72.76551055908203,43.91086544906171,0.06411475971233972
2018-01-16,0.1335565617746661,78.75596618652344,47.519038429549106,0.06677828088733305
2018-01-17,0.12822951942467944,72.44623565673828,43.718478053757636,0.06411475971233972
2018-01-18,0.07914462919980214,68.22991943359375,41.18677520211994,0.03957231459990107
2018-01-19,0.1335565617746661,78.75596618652344,47.519038429549106,0.06677828088733305
2018-01-20,0.05212891442486967,67.70779418945312,40.87668266071404,0.026064457212434836
2018-01-21,0.1335565617746661,78.75596618652344,47.519038429549106,0.06677828088733305
2018-01-22,0.09931128952475171,70.94332885742188,42.81891891800565,0.049655644762375856
2018-01-23,0.1335565617746661,78.75596618652344,47.519038429549106,0.06677828088733305
2018-01-24,0.10806285909972983,73.79156494140625,44.53393916425483,0.054031429549864916
2018-01-25,0.10806285909972983,72.04148864746094,43.479032249823724,0.054031429549864916
2018-01-26,0.1335565617746661,78.75596618652344,47.519038429549106,0.06677828088733305
2018-01-27,0.1335565617746661,78.75596618652344,47.519038429549106,0.06677828088733305
2018-01-28,0.179597427799551,71.25439453125,42.98938525128658,0.0897987138997755
2018-01-29,0.18872950039952818,69.35254669189453,41.84258702806013,0.09436475019976409
2018-01-30,0.1335565617746661,78.75596618652344,47.519038429549106,0.06677828088733305
2018-01-31,0.1335565617746661,78.75596618652344,47.519038429549106,0.06677828088733305
2018-02-01,0.1335565617746661,78.75596618652344,47.519038429549106,0.06677828088733305
2018-02-02,0.1335565617746661,71.38262176513672,43.076430782267174,0.06677828088733305
2018-02-03,0.1335565617746661,78.75596618652344,47.519038429549106,0.06677828088733305
2018-02-04,0.1335565617746661,78.75596618652344,47.519038429549106,0.06677828088733305
2018-02-05,0.15943076747460141,75.28815460205078,45.42305999987519,0.07971538373730071
2018-02-06,0.1335565617746661,78.75596618652344,47.519038429549106,0.06677828088733305
2018-02-07,0.11148738632472129,74.14016723632812,44.743242157471286,0.05574369316236064
2018-02-08,0.11148738632472129,73.76238250732422,44.51553489531489,0.05574369316236064
2018-02-09,0.1335565617746661,78.75596618652344,47.519038429549106,0.06677828088733305
2018-02-10,0.14192762832464517,70.95426177978516,42.816580057106066,0.07096381416232259
2018-02-11,0.16057227654959857,68.42610168457031,41.29008227400182,0.08028613827479929
2018-02-12,0.1537232220996157,68.91913604736328,41.588309271920465,0.07686161104980785
2018-02-13,0.1537232220996157,68.91913604736328,41.588309271920465,0.07686161104980785
2018-02-14,0.16551881587458622,69.15960693359375,41.73088996364376,0.08275940793729311
2018-02-15,0.16551881587458622,68.8338394165039,41.53471175089605,0.08275940793729311
2018-02-16,0.1209999619496975,65.59508514404297,39.59126660052439,0.06049998097484875
2018-02-17,0.1297515315246756,65.41439819335938,39.48102691488983,0.0648757657623378
2018-02-18,0.13393706479966516,65.11041259765624,39.2972246642581,0.06696853239983258
2018-02-19,0.1491571857996271,66.57295989990234,40.17591467536905,0.07457859289981356
2018-02-20,0.11491191354971272,67.33283233642578,40.639572224896966,0.05745595677485636
2018-02-21,0.13013203454967467,65.00010681152344,39.23133409862345,0.06506601727483734
2018-02-22,0.10349682279974126,66.29959869384766,40.01869343582396,0.05174841139987063
2018-02-23,0.10349682279974126,67.51888275146484,40.75370631463442,0.05174841139987063
2018-02-24,0.1567672462996081,67.36784362792969,40.65340448300192,0.07838362314980404
2018-02-25,0.09702827137475743,66.11216735839844,39.90674767741502,0.048514135687378716
2018-02-26,0.1617137856245957,65.76181030273438,39.68532599849809,0.08085689281229785
2018-02-27,0.1335565617746661,64.27201843261719,38.792130614461016,0.06677828088733305
2018-02-28,0.1834024580495415,69.38829803466797,41.86514112267074,0.09170122902477075
2018-03-01,0.16209428864959477,68.8152847290039,41.524182394879816,0.08104714432479738
2018-03-02,0.16209428864959477,68.81529235839844,41.52418698958622,0.08104714432479738
2018-03-03,0.16209428864959477,68.36675262451172,41.2540596053878,0.08104714432479738
2018-03-04,0.16399680377459,63.590980529785156,38.377652667206604,0.081998401887295
2018-03-05,0.16399680377459,63.53778076171874,38.34561479158504,0.081998401887295
2018-03-06,0.13926410714965184,68.0904769897461,41.091806185816594,0.06963205357482592
2018-03-07,0.13926410714965184,67.92463684082031,40.991893191105525,0.06963205357482592
2018-03-08,0.15943076747460141,76.31638336181639,46.04232515844778,0.07971538373730071
2018-03-09,0.17198736729957004,70.14877319335938,42.325265630313666,0.08599368364978502
2018-03-10,0.17198736729957004,71.32838439941406,43.035554866399586,0.08599368364978502
2018-03-11,0.17198736729957004,70.31373596191406,42.424596052284826,0.08599368364978502
2018-03-12,0.17198736729957004,70.01822662353516,42.2466585241094,0.08599368364978502
2018-03-13,0.19595905787451012,69.52600097656251,41.94558983477623,0.09797952893725506
2018-03-14,0.19481754879951294,65.93511199951172,39.784420292145505,0.09740877439975647
2018-03-15,0.19481754879951294,65.93511199951172,39.784420292145505,0.09740877439975647
2018-03-16,0.1944370457745139,65.64434051513672,39.60946151877388,0.09721852288725695
2018-03-17,0.1670408279745824,67.31995391845703,40.62278158018693,0.0835204139872912
2018-03-18,0.1670408279745824,67.23407745361327,40.571067812816445,0.0835204139872912
2018-03-19,0.16551881587458622,67.99479675292969,41.029437647358996,0.08275940793729311
2018-03-20,0.1617137856245957,66.31332397460938,40.0174702335577,0.08085689281229785
2018-03-21,0.21726722727445683,65.10254669189453,39.279900330438686,0.10863361363722841
2018-03-22,0.2636885963243408,66.86100769042969,40.330113930755005,0.1318442981621704
2018-03-23,0.20280811232449297,63.67386245727539,38.42225867843642,0.10140405616224649
2018-03-24,0.19253453064951867,64.05133056640625,38.65087396835003,0.09626726532475934
2018-03-25,0.2328678512994178,56.87937164306641,34.331060858829886,0.1164339256497089
2018-03-26,0.2328678512994178,56.93112182617187,34.36219012692005,0.1164339256497089
2018-03-27,0.22982382709942545,59.055397033691406,35.6402802383413,0.11491191354971272
2018-03-28,0.23324835432441687,58.859817504882805,35.52232399792401,0.11662417716220844
2018-03-29,0.23324835432441687,58.759086608886726,35.4617317633997,0.11662417716220844
2018-03-30,0.21498420912446253,58.84224319458008,35.51336755669465,0.10749210456223127
2018-03-31,0.21498420912446253,58.86065673828125,35.524447141692114,0.10749210456223127
2018-04-01,0.21802823332445492,59.93035507202148,36.16779139482341,0.10901411666222746
2018-04-02,0.24314143297439217,61.41038131713867,37.055425141236086,0.12157071648719608
2018-04-03,0.2218332635744454,61.15747070312501,36.905695350884734,0.1109166317872227
2018-04-04,0.2218332635744454,61.07929611206055,36.85866239241535,0.1109166317872227
2018-04-05,0.21498420912446253,59.048908233642585,35.63771965879179,0.10749210456223127
2018-04-06,0.1982420760245044,58.19473648071289,35.12512926366076,0.0991210380122522
2018-04-07,0.25075149347437314,57.466915130615234,34.68315031451452,0.12537574673718657
2018-04-08,0.24922948137437695,55.6529655456543,33.592416345127404,0.12461474068718847
2018-04-09,0.24922948137437695,55.543617248535156,33.52665799644131,0.12461474068718847
2018-04-10,0.24009740877439975,55.22755813598632,33.33706817471642,0.12004870438719988
2018-04-11,0.24009740877439975,55.167251586914055,33.300796358935806,0.12004870438719988
2018-04-12,0.24009740877439975,55.21914291381835,33.33200677768865,0.12004870438719988
2018-04-13,0.2804307294242989,55.4068374633789,33.44271628259093,0.14021536471214946
2018-04-14,0.2671131235493322,55.277130126953125,33.365457957453444,0.1335565617746661
2018-04-15,0.2671131235493322,55.24634552001954,33.34695064674878,0.1335565617746661
2018-04-16,0.24009740877439975,53.20366287231446,32.11978154013879,0.12004870438719988
2018-04-17,0.3599558616491001,51.755393981933594,31.246605617084406,0.17997793082455005
2018-04-18,0.48856588409877855,50.70785140991211,30.616898662694435,0.24428294204938927
2018-04-19,0.48628286594878434,49.519264221191406,29.90495647893304,0.24314143297439217
2018-04-20,0.49503443552376236,48.252105712890625,29.146087238321496,0.24751721776188118
2018-04-21,0.491609908298771,43.25843811035156,26.155109113329857,0.2458049541493855
2018-04-22,0.5186256230737035,42.84359741210938,25.908576865526626,0.25931281153685176
2018-04-23,0.5300407138236749,43.45123672485351,26.27310108244181,0.26502035691183745
2018-04-24,0.5140595867737148,42.21649932861328,25.53279537634782,0.2570297933868574
2018-04-25,0.41817282447395454,41.274139404296875,24.96022086015217,0.20908641223697727
2018-04-26,0.44633004832388423,40.386207580566406,24.43045592459908,0.22316502416194212
2018-04-27,0.4566036299988585,39.627506256103516,23.976759770694812,0.22830181499942925
2018-04-28,0.49541493854876145,37.743446350097656,22.85241417226388,0.24770746927438073
2018-04-29,0.4946539324987634,37.7398567199707,22.85017102744716,0.2473269662493817
2018-04-30,0.5300407138236749,34.5583610534668,20.950200153105673,0.26502035691183745
2018-05-01,0.5300407138236749,34.42792510986328,20.87212668946107,0.26502035691183745
2018-05-02,0.5007419808987481,34.0334587097168,20.631337717628966,0.25037099044937405
2018-05-03,0.3778395038240554,33.69866943359375,20.410814125656444,0.1889197519120277
2018-05-04,0.3778395038240554,34.2050666809082,20.714692938038848,0.1889197519120277
2018-05-05,0.3778395038240554,33.501956939697266,20.292770910881767,0.1889197519120277
2018-05-06,0.5018834899737453,29.09872245788574,17.676405156365878,0.25094174498687266
2018-05-07,0.4824778356987938,29.08019065856934,17.661247957687635,0.2412389178493969
2018-05-08,0.5323237319736692,26.367807388305664,16.04821913164594,0.2661618659868346
2018-05-09,0.4900878961987748,28.084428787231445,17.066421004739833,0.2450439480993874
2018-05-10,0.5220501502986948,26.242641448974613,15.97086219658414,0.2610250751493474
2018-05-11,0.5498268711236255,26.763534545898438,16.289142821868495,0.27491343556181275
2018-05-12,0.515581598873711,25.603403091430664,15.586611846661688,0.2577907994368555
2018-05-13,0.507591035348731,25.144695281982422,15.309996262487902,0.2537955176743655
2018-05-14,0.5022639929987444,25.267606735229492,15.38227597119751,0.2511319964993722
2018-05-15,0.5022639929987444,25.686393737792972,15.633060562588403,0.2511319964993722
2018-05-16,0.39458163692401355,26.246471405029297,15.942876683273596,0.19729081846200677
2018-05-17,0.41817282447395454,25.15097045898437,15.291534170337492,0.20908641223697727
2018-05-18,0.4467105513488832,23.591825485229492,14.364087749272331,0.2233552756744416
2018-05-19,0.4467105513488832,24.053037643432614,14.640534256000024,0.2233552756744416
2018-05-20,0.4733457630988166,24.23090934753418,14.754012641167924,0.2366728815494083
2018-05-21,0.4824778356987938,23.30606460571289,14.202352889945558,0.2412389178493969
2018-05-22,0.4824778356987938,23.800397872924805,14.498475088201735,0.2412389178493969
2018-05-23,0.5235721623986911,23.597688674926758,14.387895335391262,0.26178608119934554
2018-05-24,0.5593394467486017,22.4151439666748,13.689863726191087,0.27966972337430085
2018-05-25,0.6103268520984741,17.260629653930664,10.622791659807053,0.3051634260492371
2018-05-26,0.624785967048438,16.327117919921875,10.069649123956811,0.312392983524219
2018-05-27,0.616795403523458,16.167558670043945,9.971591447554633,0.308397701761729
2018-05-28,0.616795403523458,16.13409423828125,9.951590079734334,0.308397701761729
2018-05-29,0.6186979186484532,14.793913841247559,9.151246994787561,0.3093489593242266
2018-05-30,0.6757733723983106,12.169005393981934,7.604006706157379,0.3378866861991553
2018-05-31,0.6301130093984247,10.854471206665039,6.801223607090691,0.31505650469921237
2018-06-01,0.6502796697233743,11.813613891601562,7.382067114860245,0.3251398348616871
2018-06-02,0.6518016818233705,13.629594802856444,8.467406869282085,0.32590084091168525
2018-06-03,0.6304935124234238,13.120304107666014,8.155328632777268,0.3152467562117119
2018-06-04,0.6666412997983334,11.211339950561523,7.028641918346828,0.3333206498991667
2018-06-05,0.7252387656481869,10.360428810119629,6.543712472333234,0.36261938282409345
2018-06-06,0.7252387656481869,9.925137519836426,6.284015114665471,0.36261938282409345
2018-06-07,0.7252387656481869,9.945316314697266,6.296053902997005,0.36261938282409345
2018-06-08,0.7199117232982002,9.358625411987305,5.9438656580910365,0.3599558616491005
2018-06-09,0.6761538754233096,9.095291137695312,5.768845824742443,0.3380769377116548
2018-06-10,0.6396255850234009,7.201101303100585,4.622197502041592,0.31981279251170047
2018-06-11,0.6339180396484152,6.8478498458862305,4.40868023552718,0.3169590198242076
2018-06-12,0.6339180396484152,6.830516815185547,4.398323418271174,0.3169590198242076
2018-06-13,0.6339180396484152,6.967891693115234,4.480407534479882,0.3169590198242076
2018-06-14,0.6936570145732659,5.248971939086914,3.4800539206580337,0.34682850728663295
2018-06-15,0.6350595487234123,4.072380542755127,2.750808527108483,0.31752977436170615
2018-06-16,0.7027890871732431,4.010883808135986,2.7452119704636577,0.35139454358662153
2018-06-17,0.6928960085232677,4.046817779541016,2.76211227288389,0.34644800426163386
2018-06-18,0.7008865720482478,3.67457389831543,2.5436106409267594,0.3504432860241239
2018-06-19,0.6293520033484266,2.967833280563355,2.088148644950164,0.3146760016742133
2018-06-20,0.6643582816483391,2.5377538204193115,1.8477630726764303,0.3321791408241696
2018-06-21,0.7115406567482212,3.2361538410186768,2.2869221372358703,0.3557703283741106
2018-06-22,0.6654997907233362,2.9413058757781987,2.089307478822206,0.3327498953616681
2018-06-23,0.7027890871732431,2.7884681224823002,2.015637115846871,0.35139454358662153
2018-06-24,0.7024085841482439,2.7902548313140874,2.0165238435026818,0.35120429207412196
2018-06-25,0.6616947604733457,2.747908115386963,1.9720117411790004,0.33084738023667287
2018-06-26,0.6734903542483163,2.508453607559204,1.8346015168154404,0.3367451771241581
2018-06-27,0.6852859480232868,2.430671453475952,1.7937670574899107,0.3426429740116434
2018-06-28,0.6852859480232868,2.4363718032836914,1.797170197341836,0.3426429740116434
2018-06-29,0.6852859480232868,2.3045716285705566,1.7184847758878727,0.34264297401164345
2018-06-30,0.6647387846733381,2.105645179748535,1.5898836722235525,0.33236939233666907
2018-07-01,0.6742513602983143,1.9872491359710691,1.5237435120797074,0.3371256801491571
2018-07-02,0.6959400327232601,2.0888659954071045,1.5948118319908222,0.34797001636163016
2018-07-03,0.6689243179483277,4.056560516357422,2.7569145791947283,0.33446215897416387
2018-07-04,0.6852859480232868,4.041904449462891,2.7556819231242273,0.3426429740116434
2018-07-05,0.6852859480232868,4.022107124328613,2.743862812297991,0.3426429740116434
2018-07-06,0.6381035729234047,4.315807819366455,2.8976488384018073,0.31905178646170257
2018-07-07,0.6776758875233058,3.434294939041138,2.389392060954288,0.3388379437616529
2018-07-08,0.65598721509836,2.6345648765563965,1.9016150681569075,0.32799360754918
2018-07-09,0.663597275598341,2.2645282745361333,1.684225485552655,0.3317986377991705
2018-07-10,0.663597275598341,2.277939319610596,1.6922348611118323,0.3317986377991705
2018-07-11,0.6654997907233362,1.962094306945801,1.5045190958085704,0.3327498953616681
2018-07-12,0.6833834328982915,1.7124444246292114,1.3640629352080278,0.34169171644914575
2018-07-13,0.694798523648263,1.3574570417404175,1.1576793728015915,0.3473992618241315
2018-07-14,0.6757733723983106,1.7413045167922974,1.377620600407574,0.3378866861991553
2018-07-15,0.6906129903732735,1.6418237686157227,1.3253967578831767,0.34530649518663675
2018-07-16,0.7043110992732392,1.5422617197036743,1.27260077041894,0.3521555496366196
2018-07-17,0.6757733723983106,1.431544542312622,1.1926627440274946,0.3378866861991553
2018-07-18,0.7005060690232487,1.0933779478073118,1.002839205186664,0.3502530345116244
2018-07-19,0.6974620448232564,1.0243725776672363,0.9601622964914819,0.3487310224116282
2018-07-20,0.6582702332483543,1.3895943164825442,1.159105893452551,0.32913511662417716
2018-07-21,0.6582702332483543,1.3895943164825442,1.159105893452551,0.32913511662417716
2018-07-22,0.7096381416232259,1.44410502910614,1.2166059595900516,0.35481907081161296
2018-07-23,0.6830029298732925,1.345931053161621,1.1450603549953358,0.34150146493664624
2018-07-24,0.6890909782732773,1.0332432985305786,0.9613580452157983,0.3445454891366387
2018-07-25,0.6654997907233362,1.235026240348816,1.0703116451009742,0.33274989536166816
2018-07-26,0.6772953844983067,1.1856436729431152,1.0465781559234186,0.33864769224915336
2018-07-27,0.6670218028233325,1.2034916877746582,1.0522217949133188,0.3335109014116663
2018-07-28,0.6342985426734142,1.0939522981643677,0.9708025236393028,0.3171492713367071
2018-07-29,0.6095658460484761,0.8315653204917908,0.8018616061741156,0.304782923024238
2018-07-30,0.5962482401735094,1.6533842086791994,1.2866756244526032,0.2981241200867547
2018-07-31,0.6046193067234884,1.608786702156067,1.2640618224665798,0.3023096533617443
2018-08-01,0.6384840759484038,1.2300864458084106,1.0541860427446759,0.3192420379742019
2018-08-02,0.6772953844983067,1.1883440017700195,1.0481904826975819,0.3386476922491534
2018-08-03,0.6624557665233438,0.8250461220741271,0.8239732669024502,0.3312278832616719
2018-08-04,0.6723488451733192,1.421039342880249,1.1847264837571863,0.3361744225866596
2018-08-05,0.6556067120733611,2.015198230743408,1.5314857603112821,0.3278033560366806
2018-08-06,0.6186979186484532,2.256934881210327,1.6582542122873214,0.3093489593242266
2018-08-07,0.6997450629732507,1.286640524864197,1.1178178888578165,0.3498725314866253
2018-08-08,0.694798523648263,1.205390214920044,1.0669091152367374,0.3473992618241315
2018-08-09,0.6814809177732962,1.6356354951858523,1.3172859857468011,0.34074045888664806
2018-08-10,0.6723488451733192,1.9212112426757812,1.483396537220191,0.3361744225866596
2018-08-11,0.6358205547734104,1.6979091167449951,1.3324111361567283,0.31791027738670513
2018-08-12,0.6582702332483543,1.5758659839630127,1.270361415100925,0.32913511662417716
2018-08-13,0.6674023058483315,1.4704571962356565,1.211835071421945,0.33370115292416574
2018-08-14,0.6674023058483315,1.9208215475082397,1.4807855812002142,0.3337011529241658
2018-08-15,0.7062136143982345,1.611369967460632,1.3147662234176607,0.3531068071991173
2018-08-16,0.6175564095734561,1.652643084526062,1.296534446132568,0.30877820478672807
2018-08-17,0.6982230508732544,1.4083462953567505,1.1897197276402598,0.3491115254366272
2018-08-18,0.7046916022982382,1.440838098526001,1.2122543817876266,0.35234580114911906
2018-08-19,0.7199117232982002,1.3025904893875122,1.1371584394044252,0.3599558616491001
2018-08-20,0.7533959894981166,1.8233946561813354,1.4640326110754494,0.3766979947490583
2018-08-21,0.6654997907233362,3.1012232303619385,2.184810651149258,0.3327498953616681
2018-08-22,0.6030972946234923,2.8378612995147705,1.998099684461258,0.30154864731174613
2018-08-23,0.6293520033484266,3.0452246665954594,2.134395011567865,0.3146760016742133
2018-08-24,0.62402496099844,3.3098447322845463,2.2900354387299218,0.31201248049922
2018-08-25,0.62402496099844,3.3059062957763667,2.2876817579796667,0.31201248049922
2018-08-26,0.6342985426734142,5.346087932586671,3.51151868771311,0.3171492713367071
2018-08-27,0.670826833073323,1.3975579738616941,1.1699652058290502,0.3354134165366615
2018-08-28,0.6620752634983449,0.803762674331665,0.811074880571889,0.33103763174917245
2018-08-29,0.7005060690232487,0.6473697423934937,0.7366377627263081,0.3502530345116244
2018-08-30,0.7195312202732012,1.0236138105392456,0.9705180853728875,0.3597656101366006
2018-08-31,0.7195312202732012,1.0255486965179443,0.9716725602232881,0.3597656101366006
2018-09-01,0.7195312202732012,1.032729148864746,0.9759568703791027,0.35976561013660063
2018-09-02,0.710018644648225,1.3037039041519165,1.1330052056761983,0.3550093223241124
2018-09-03,0.6780563905483049,2.2658042907714844,1.6918894931672301,0.33902819527415246
2018-09-04,0.7119211597732201,1.6183096170425415,1.3216691866031152,0.35596057988661006
2018-09-05,0.6932765115482669,1.2622337341308594,1.1000978035195805,0.34663825577413343
2018-09-06,0.6986035538982535,2.4237143993377686,1.7959496805209834,0.34930177694912673
2018-09-07,0.6986035538982535,2.596249580383301,1.8989311448470232,0.34930177694912684
2018-09-08,0.6997450629732507,1.1352113485336304,1.0274357419517286,0.34987253148662534
2018-09-09,0.7149651839732126,0.6819180846214296,0.764389010876364,0.3574825919866063
2018-09-10,0.6651192876983373,0.8340684175491333,0.8306712311980957,0.33255964384916864
2018-09-11,0.609185343023477,0.74263733625412,0.7485163535945588,0.3045926715117385
2018-09-12,0.6506601727483734,0.560977041721344,0.6604306753161363,0.32533008637418664
2018-09-13,0.6384840759484038,1.5267013311386108,1.2314055645449067,0.3192420379742019
2018-09-14,0.6658802937483354,1.6835329532623293,1.338345180984447,0.3329401468741677
2018-09-15,0.6578897302233553,1.1733696460723875,1.029774387251736,0.32894486511167764
2018-09-16,0.6887104752482782,1.829134821891785,1.436296039749637,0.3443552376241391
2018-09-17,0.6826224268482934,1.5262247323989868,1.2525163344689905,0.3413112134241466
2018-09-18,0.6772953844983067,1.686787486076355,1.34580378339904,0.3386476922491535
2018-09-19,0.6639777786233401,1.028761863708496,0.9463845299583997,0.33198888931167003
2018-09-20,0.6521821848483695,0.49503189325332647,0.6217917004462035,0.3260910924241848
2018-09-21,0.6936570145732659,0.7203620076179504,0.7768282434803898,0.346828507286633
2018-09-22,0.6837639359232905,0.7120258808135987,0.7669761301978466,0.3418819679616453
2018-09-23,0.663216772573342,0.4158779382705689,0.5799815591382887,0.331608386286671
2018-09-24,0.6677828088733305,0.4883507192134857,0.6255249177236806,0.33389140443666526
2018-09-25,0.6898519843232754,0.5642516613006592,0.6817615402247879,0.3449259921616377
2018-09-26,0.6727293481983182,0.5850173234939575,0.6856966577015856,0.33636467409915904
2018-09-27,0.6495186636733762,0.5819256901741028,0.6723802742570789,0.3247593318366881
2018-09-28,0.6696853239983258,0.5419088006019592,0.6584497057435846,0.3348426619991629
2018-09-29,0.6982230508732544,0.5705381035804749,0.6896520665809946,0.3491115254366272
2018-09-30,0.6986035538982535,0.4901500642299652,0.6418587560418906,0.34930177694912673
2018-10-01,58.72265134507819,84.32151794433594,30.763743217285082,29.361325672539095
2018-10-02,21.669266770670827,5.0090694427490225,12.773972926711908,10.834633385335414
2018-10-03,19.97108177010007,4.399970531463623,11.763777900494187,9.985540885050035
2018-10-04,3.898253491115254,0.8536459207534789,2.4313306387331446,1.949126745557627
2018-10-05,2.7122255621932196,0.6688995957374573,1.7418912884788167,1.3561127810966098
2018-10-06,2.6677067082683306,0.7388806939125061,1.7603214245230172,1.3338533541341653
2018-10-07,2.640310490468399,0.9344154000282289,1.8597382729868883,1.3201552452341996
2018-10-08,2.4687036261938284,1.3086129426956177,1.9922628257432569,1.2343518130969142
2018-10-09,2.1277729157946808,0.7571518421173096,1.504988410802089,1.0638864578973404
2018-10-10,1.9101251854952248,0.5959821939468384,1.3035673816283633,0.9550625927476124
2018-10-11,1.7685780601955785,0.6013423204421997,1.2367793734970578,0.8842890300977893
2018-10-12,1.4923328640462692,0.49819377064704895,1.039570166406183,0.7461664320231345
2018-10-13,1.161675735322096,0.733333706855774,1.0151485539780853,0.580837867661048
2018-10-14,1.0558958943723602,1.00587797164917,1.1247346856261058,0.5279479471861801
2018-10-15,1.0429587915223926,1.1086517572402954,1.179385180957495,0.5214793957611964
2018-10-16,1.0288801795974278,1.2974623441696167,1.2845741632399206,0.5144400897987139
2018-10-17,0.9725657318975687,0.9084032773971558,1.0259949063806608,0.48628286594878434
2018-10-18,0.9931128952475172,0.9699046611785889,1.0726091798765875,0.4965564476237586
2018-10-19,0.9508770594726228,1.0086300373077393,1.0749173184334926,0.4754385297363114
2018-10-20,0.9577261139226056,0.5031672120094299,0.7778857907738244,0.4788630569613028
2018-10-21,1.021270119097447,0.5178803205490112,0.8180724329012388,0.5106350595487235
2018-10-22,0.983219816597542,0.5298507809638977,0.8063551026253181,0.491609908298771
2018-10-23,0.983219816597542,0.5298507809638977,0.8063551026253181,0.491609908298771
2018-10-24,0.9059777025227351,1.0793672800064087,1.0949949158834207,0.45298885126136756
2018-10-25,0.928807884022678,1.718799352645874,1.4863508544008661,0.46440394201133894
2018-10-26,0.9246223507476885,1.8677458763122559,1.5728954305061307,0.46231117537384425
2018-10-27,0.9246223507476885,1.8677458763122559,1.5728954305061307,0.46231117537384425
2018-10-28,0.9246223507476885,1.8677458763122559,1.5728954305061307,0.46231117537384425
2018-10-29,0.9246223507476885,1.8821084499359133,1.5814355902419432,0.46231117537384425
2018-10-30,0.9189148053727028,1.9114414453506468,1.5961326672753164,0.45945740268635143
2018-10-31,0.9025531752977436,7.87835931777954,5.137582875194399,0.4512765876488718
2018-11-01,0.8675468969978312,10.157113075256348,6.479112770562756,0.4337734484989156
2018-11-02,0.8508047638978731,12.190834045410156,7.683218515585613,0.42540238194893654
2018-11-03,0.8382481640729044,12.610167503356934,7.928173904238234,0.4191240820364522
2018-11-04,0.80400289182299,19.052846908569336,11.754035762992833,0.402001445911495
2018-11-05,0.7377953654731555,22.19462013244629,13.60755240128767,0.36889768273657775
2018-11-06,0.679578402648301,23.759746551513672,14.525843272265956,0.3397892013241505
2018-11-07,0.6928960085232677,23.53800582885742,14.39697430244406,0.34644800426163386
2018-11-08,0.7697576195730755,22.116605758666992,13.569930521862442,0.38487880978653777
2018-11-09,0.7697576195730755,22.11605072021484,13.569599629736695,0.38487880978653777
2018-11-10,0.78802176477303,22.270423889160153,13.666695420019275,0.394010882386515
2018-11-11,0.7256192686731859,22.458854675292965,13.761809676584644,0.36280963433659297
2018-11-12,0.6856664510482858,21.798723220825195,13.356706654621329,0.3428332255241429
2018-11-13,0.6225029488984437,22.526004791259766,13.773541404567649,0.31125147444922185
2018-11-14,0.5844526463985389,24.009290695190426,14.650112867923246,0.29222632319926944
2018-11-15,0.5947262280735133,23.7731876373291,14.51161442017801,0.29736311403675664
2018-11-16,0.687188463148282,22.055238723754883,13.510272152219468,0.343594231574141
2018-11-17,0.6769148814733077,20.02851676940918,12.297267531572075,0.3384574407366532
2018-11-18,0.6445721243483885,20.019428253173828,12.28214433361672,0.322286062174195
2018-11-19,0.6445721243483885,21.737184524536136,13.308353538523345,0.32228606217419425
2018-11-20,0.6266884821734333,24.546772003173828,14.982284477053609,0.31334424108671666
2018-11-21,0.5425973136486435,35.287025451660156,21.388195429718806,0.27129865682432175
2018-11-22,0.5810281191735475,33.83435821533203,20.52508498070234,0.29051405958677373
2018-11-23,0.5125375746737186,33.63624954223633,20.39539885932618,0.2562687873368593
2018-11-24,0.4900878961987748,34.83572769165039,21.1101615897343,0.2450439480993874
2018-11-25,0.4900878961987748,34.83572769165039,21.1101615897343,0.2450439480993874
2018-11-26,0.5026444960237434,37.524295806884766,22.72206594038171,0.2513222480118717
2018-11-27,0.4196948365739508,42.88555145263672,25.926655196838738,0.2098474182869754
2018-11-28,0.4733457630988166,42.45108795166016,25.670174287571257,0.2366728815494083
2018-11-29,0.4512765876488718,41.92395782470703,25.352575217080414,0.2256382938244359
2018-11-30,0.41817282447395454,41.77568435668946,25.260985618121897,0.20908641223697727
2018-12-01,0.5475438529736312,38.70624542236328,23.434925845159135,0.2737719264868156
2018-12-02,0.5475438529736312,39.40964889526367,23.855830428515127,0.2737719264868156
2018-12-03,0.5737985616985656,38.599761962890625,23.37420106719951,0.2868992808492828
2018-12-04,0.5764620828735588,37.46475982666016,22.69566711066389,0.2882310414367794
2018-12-05,0.531562725923671,40.75867462158203,24.661587435785236,0.2657813629618355
2018-12-06,0.5327042349986683,40.60451126098633,24.569421336148356,0.26635211749933413
2018-12-07,0.5209086412236977,38.529788970947266,23.326282213721335,0.26045432061184887
2018-12-08,0.5833111373235418,41.5186538696289,25.120856408538362,0.2916555686617722
2018-12-09,0.5304212168486739,43.13022232055664,26.080981516523284,0.26521060842433697
2018-12-10,0.4843803508237891,45.86851501464844,27.71809563262836,0.24219017541189455
2018-12-11,0.49503443552376236,49.70195770263672,30.01441513046428,0.24751721776188118
2018-12-12,0.577603591948556,48.723377227783196,29.429389594830557,0.288801795974278
2018-12-13,0.5532513983486168,49.782657623291016,30.062873485149037,0.2766256991743084
2018-12-14,0.5726570526235684,50.54352951049804,30.518017280174803,0.2863285263117842
2018-12-15,0.6103268520984741,50.16541290283203,30.29179142872532,0.3051634260492371
2018-12-16,0.5247136714736882,50.71749114990235,30.622413246047664,0.2623568357368441
2018-12-17,0.40447471557398884,52.43229675292969,31.651839592258955,0.20223735778699442
2018-12-18,0.538411780373654,46.149932861328125,27.888749248864176,0.269205890186827
2018-12-19,0.538411780373654,46.230125427246094,27.93674242922416,0.269205890186827
2018-12-20,0.41094326699897266,50.233116149902344,30.332726180691783,0.20547163349948633
2018-12-21,0.41094326699897266,50.36362075805664,30.410996171701566,0.20547163349948633
2018-12-22,0.34930177694912673,49.34646606445312,29.800555947572555,0.17465088847456336
2018-12-23,0.3074464441992314,48.17970657348633,29.099312165826657,0.1537232220996157
2018-12-24,0.41550930329896124,50.07558441162109,30.238243247771308,0.20775465164948062
2018-12-25,0.45584262394886044,50.80873489379882,30.677589753978552,0.22792131197443022
2018-12-26,0.4497545755488756,45.17544174194336,27.301264153979808,0.2248772877744378
2018-12-27,0.4143677942239641,44.87803649902344,27.121198625043125,0.20718389711198204
2018-12-28,0.4143677942239641,44.29329299926758,26.77051939769249,0.20718389711198204
2018-12-29,0.5330847380236673,40.41859817504883,24.45818300040716,0.26654236901183365
2018-12-30,0.48894638712377764,40.96495819091797,24.781206550828934,0.24447319356188882
2018-12-31,0.34701875879913247,41.1070556640625,24.853696964046627,0.17350937939956623
2019-01-01,0.4075187397739812,44.28176498413086,26.76321423341411,0.2037593698869906
2019-01-02,0.38659107339903354,46.0720100402832,27.836150950085674,0.19329553669951677
2019-01-03,0.4965564476237586,44.00381088256836,26.601840926379694,0.2482782238118793
2019-01-04,0.4779117993988052,44.5147590637207,26.90682137676817,0.2389558996994026
2019-01-05,0.3706099463490735,44.76660919189453,27.052084020397842,0.18530497317453676
2019-01-06,0.3245690803241886,44.73166275024414,27.028685248422,0.1622845401620943
2019-01-07,0.3542483162741144,43.86268997192383,26.50859074685305,0.1771241581370572
2019-01-08,0.32418857729918954,44.99607849121093,27.187477636622138,0.16209428864959477
2019-01-09,0.32418857729918954,45.734321594238274,27.63087856248744,0.16209428864959477
2019-01-10,0.37593698869906017,45.176944732666016,27.2986047246232,0.18796849434953009
2019-01-11,0.37365397054906585,43.790496826171875,26.4664570542604,0.18682698527453293
2019-01-12,0.37365397054906585,43.66542053222656,26.39139604848259,0.18682698527453293
2019-01-13,0.33712568014915717,43.50811004638672,26.294619226286947,0.16856284007457858
2019-01-14,0.33674517712415813,45.15019989013672,27.280654448696495,0.16837258856207907
2019-01-15,0.2926068262242685,58.40412139892579,35.243222467386126,0.14630341311213424
2019-01-16,0.33712568014915717,57.77573013305665,34.862140235220124,0.16856284007457858
2019-01-17,0.30173889882424565,57.98749160766602,34.992126773302836,0.15086944941212282
2019-01-18,0.22944332407442639,56.97365570068359,34.38801432712216,0.11472166203721319
2019-01-19,0.2530345116243674,58.57705688476563,35.35053911488884,0.1265172558121837
2019-01-20,0.2564590388493589,58.948192596435554,35.57340696032999,0.12822951942467944
2019-01-21,0.2868992808492828,57.32146453857422,34.59303693927036,0.1434496404246414
2019-01-22,0.25874205699935315,57.65143585205078,34.793500602492536,0.12937102849967658
2019-01-23,0.19101251854952245,57.53632736206055,34.72939353914712,0.09550625927476122
2019-01-24,0.2450439480993874,56.740745544433594,34.24685239439517,0.1225219740496937
2019-01-25,0.288801795974278,56.45532989501953,34.07237646569491,0.144400897987139
2019-01-26,0.26749362657433123,56.1185646057129,33.87129428868316,0.13374681328716562
2019-01-27,0.27624519614930937,55.34842300415039,33.40782989862507,0.13812259807465468
2019-01-28,0.2458049541493855,56.36424255371093,34.02037210374122,0.12290247707469275
2019-01-29,0.2545565237243636,57.61635208129883,34.77272453772587,0.1272782618621818
2019-01-30,0.23591187549941023,57.7625961303711,34.86211025565642,0.11795593774970511
2019-01-31,0.21916974239945208,60.863826751708984,36.72931677366626,0.10958487119972604
2019-02-01,0.21916974239945208,62.25291442871094,37.56508443790377,0.10958487119972604
2019-02-02,0.21916974239945208,62.25291442871094,37.56508443790377,0.10958487119972604
2019-02-03,0.21916974239945208,62.26028823852538,37.56952101300784,0.10958487119972604
2019-02-04,0.09436475019976409,89.90177154541014,54.25027778590361,0.047182375099882046
2019-02-05,0.0749590959248126,88.5648193359375,53.45169346373465,0.0374795479624063
2019-02-06,0.06049998097484875,85.16291046142578,51.405056837505825,0.030249990487424376
2019-02-07,0.06049998097484875,83.55718994140624,50.43640063353939,0.030249990487424376
2019-02-08,0.059358471899851606,77.9469985961914,47.05235320358651,0.029679235949925803
2019-02-09,0.08637418667478407,78.77137756347656,47.54189915382528,0.043187093337392034
2019-02-10,0.08637418667478407,78.54181671142578,47.40347520912362,0.043187093337392034
2019-02-11,0.07419808987481451,74.39818572998047,44.90785902032097,0.037099044937407254
2019-02-12,0.057836459799855404,74.2217788696289,44.80542824177894,0.028918229899927702
2019-02-13,0.062402496099843996,72.56231689453125,43.803277923942794,0.031201248049921998
2019-02-14,0.05593394467486016,72.4330825805664,43.726770451643944,0.02796697233743008
2019-02-15,0.15182070697462044,72.58448791503906,43.79645759841178,0.07591035348731022
2019-02-16,0.11795593774970511,73.72361755371092,44.49063499993255,0.05897796887485256
2019-02-17,0.1841634640995396,69.57109069824219,41.975037806449855,0.0920817320497698
2019-02-18,0.16437730679958906,68.10738372802734,41.097444571619924,0.08218865339979453
2019-02-19,0.12442448917468894,62.851402282714844,37.937350685744065,0.06221224458734447
2019-02-20,0.1506791978996233,64.33051300048828,38.824921159884695,0.07533959894981165
2019-02-21,0.18606597922453483,64.67779541015626,39.02891324392615,0.09303298961226741
2019-02-22,0.19481754879951294,61.064056396484375,36.85248260434181,0.09740877439975647
2019-02-23,0.14687416764963282,62.33140945434571,37.62122733668919,0.07343708382481641
2019-02-24,0.14687416764963282,61.56100463867188,37.15714351952627,0.07343708382481641
2019-02-25,0.1841634640995396,55.18426132202149,33.3139267505991,0.0920817320497698
2019-02-26,0.18872950039952818,55.95819473266602,33.77957550887217,0.09436475019976409
2019-02-27,0.24085841482439785,54.46171569824219,32.87641267559852,0.12042920741219892
2019-02-28,0.16818233704957955,53.338226318359375,32.203116398504314,0.08409116852478977
2019-03-01,0.16818233704957955,53.363235473632805,32.21817632352719,0.08409116852478977
2019-03-02,0.18949050644952628,48.57968139648437,29.337935224255624,0.09474525322476314
2019-03-03,0.241999923899395,49.02476119995118,29.606369066280138,0.1209999619496975
2019-03-04,0.2625470872493436,50.36981582641602,30.41526044949581,0.1312735436246718
2019-03-05,0.2709181537993227,49.97193145751953,30.176041654086966,0.13545907689966136
2019-03-06,0.26825463262432936,49.25138473510742,29.742865687086855,0.13412731631216468
2019-03-07,0.12138046497469654,59.60764694213867,35.98291058309374,0.06069023248734827
2019-03-08,0.29184582017427035,54.67598342895508,33.00289977887129,0.14592291008713518
2019-03-09,0.2583615539743541,54.78226852416992,33.068372034769816,0.12918077698717706
2019-03-10,0.23438986339941403,53.90508270263672,32.54187852046582,0.11719493169970702
2019-03-11,0.23438986339941403,53.89735794067383,32.53723196489282,0.11719493169970702
2019-03-12,0.24009740877439975,41.39723968505859,25.01872181339191,0.12004870438720126
2019-03-13,0.24009740877439975,41.63853073120117,25.1638480809339,0.12004870438719988
2019-03-14,0.24009740877439975,41.63853073120117,25.1638480809339,0.12004870438719988
2019-03-15,0.22677980289943306,45.98013687133789,27.774603553540604,0.11338990144971653
2019-03-16,0.2351508694494121,51.63797760009766,31.17816968524271,0.11757543472470605
2019-03-17,0.24276092994939308,48.35261917114258,29.20212964281853,0.12138046497469654
2019-03-18,0.23971690574940072,57.18257904052735,34.51295715131143,0.11985845287470036
2019-03-19,0.22145276054944635,56.09371948242187,33.859163415096766,0.11072638027472317
2019-03-20,0.24618545717438453,52.66833877563476,31.797644490336747,0.12309272858719227
2019-03-21,0.2389558996994026,49.469490051269524,29.87382988236474,0.1194779498497013
2019-03-22,0.19748106997450632,47.90883255004882,28.934275870778407,0.09874053498725316
2019-03-23,0.2515124995243712,41.33589172363281,24.982812648343693,0.1257562497621856
2019-03-24,0.2827137475742932,42.456504821777344,25.65903935213075,0.1413568737871466
2019-03-25,0.2724401658993189,43.64517593383789,26.372814865231327,0.13622008294965945
2019-03-26,0.28575777177428563,43.228691101074226,26.12335349006344,0.14287888588714281
2019-03-27,0.23629237852440926,42.65944290161133,25.777603875209532,0.11814618926220463
2019-03-28,0.265591111449336,37.36484146118163,22.596627527680155,0.132795555724668
2019-03-29,0.3028804078992428,38.19438552856445,23.099753633813176,0.1514402039496214
2019-03-30,0.3683269281990792,40.30661392211914,24.375186740092445,0.1841634640995396
2019-03-31,0.3219055591491952,40.66078567504883,24.58341639187686,0.1609527795745976
2019-04-01,0.28081123244929795,40.349449157714844,24.392449632247448,0.14040561622464898
2019-04-02,0.28081123244929795,40.26807022094726,24.343536806975656,0.14040561622464898
2019-04-03,0.28081123244929795,40.354549407958984,24.39551513861732,0.14040561622464898
2019-04-04,0.28081123244929795,40.98073959350586,24.77188686758256,0.14040561622464898
2019-04-05,0.28081123244929795,41.838611602783196,25.287511000338036,0.14040561622464898
2019-04-06,0.28081123244929795,41.737186431884766,25.226549382266207,0.14040561622464898
2019-04-07,0.2709181537993227,42.1470718383789,25.472134186681654,0.13545907689966136
2019-04-08,0.2709181537993227,47.76611328125,28.850016000449468,0.13545907689966136
2019-04-09,0.2412389178493969,51.71004104614257,31.221412229365598,0.12061945892469846
2019-04-10,0.2412389178493969,54.07080078124999,32.64128152006796,0.12061945892469846
2019-04-11,0.2412389178493969,56.46600341796875,34.0818663531245,0.12061945892469846
2019-04-12,0.26749362657433123,53.125091552734375,32.0716680874296,0.13374681328716562
2019-04-13,0.390396103649024,48.07760238647461,29.039564242932148,0.195198051824512
2019-04-14,0.36490240097408777,48.24682998657227,29.140646128046484,0.18245120048704389
2019-04-15,0.3519652981241201,48.5943489074707,29.349048357658347,0.17598264906206004
2019-04-16,0.3519652981241201,48.43785095214844,29.255096586793577,0.17598264906206004
2019-04-17,0.4021916974239945,47.650718688964844,28.783730627770954,0.20109584871199726
2019-04-18,0.3717514554240706,46.959468841552734,28.3681682740239,0.1858757277120353
2019-04-19,0.46002815722384993,42.76991271972656,25.8602272521687,0.23001407861192497
2019-04-20,0.5167231079487082,42.06781768798828,25.443988321081584,0.2583615539743541
2019-04-21,0.4938929264487653,42.914649963378906,25.949361643528658,0.24694646322438266
2019-04-22,0.444808036223888,43.16129684448242,26.093726468582474,0.222404018111944
2019-04-23,0.444808036223888,45.47173309326172,27.478625569478375,0.222404018111944
2019-04-24,0.4611696662988471,45.4284782409668,27.45344614441375,0.23058483314942355
2019-04-25,0.45812564209885465,44.91362380981446,27.14476654446382,0.22906282104942732
2019-04-26,0.3618583767740954,48.73525619506836,29.433765570244052,0.1809291883870477
2019-04-27,0.42007533959894977,45.61199188232422,27.561612848395296,0.21003766979947489
2019-04-28,0.42007533959894977,45.53766632080078,27.517042964472125,0.21003766979947489
2019-04-29,0.42007533959894977,45.67892456054687,27.601749534051006,0.21003766979947489
2019-04-30,0.4394809938739013,44.88949584960938,27.129354376266924,0.21974049693695066
2019-05-01,0.5578174346486054,42.907318115234375,25.949504419659686,0.2789087173243027
2019-05-02,0.5391727864236521,41.38043975830078,25.034396356701883,0.2695863932118274
2019-05-03,0.46801872074883,43.0368881225586,26.020770795096464,0.234009360374415
2019-05-04,0.43415395152391456,43.3868751525879,26.22823584401886,0.21707697576195728
2019-05-05,0.3637608918990906,57.559677124023445,34.73038966649653,0.1818804459495453
2019-05-06,0.49275141737376815,53.711681365966804,32.41595527342949,0.24637570868688408
2019-05-07,0.39191811574902025,54.71158599853515,33.019579789159614,0.19595905787451012
2019-05-08,0.39191811574902025,54.71158599853515,33.019579789159614,0.19595905787451012
2019-05-09,0.38506906129903734,51.867820739746094,31.313621691751003,0.19253453064951867
2019-05-10,0.3755564856740611,49.27045440673828,29.755112727255106,0.18777824283703054
2019-05-11,0.3755564856740611,49.36266708374023,29.81044980700096,0.18777824283703054
2019-05-12,0.3755564856740611,49.58913803100586,29.946355642038075,0.18777824283703054
2019-05-13,0.4033332064989917,48.135810852050774,29.074727836525565,0.20166660324949584
2019-05-14,0.42768540009893075,44.209564208984375,26.721077165233144,0.21384270004946537
2019-05-15,0.4333929454739165,44.21806335449219,26.72650310184979,0.21669647273695825
2019-05-16,0.42996841824892507,43.69462966918945,26.412475921670342,0.21498420912446253
2019-05-17,0.42996841824892507,43.77448654174805,26.460354797698866,0.21498420912446253
2019-05-18,0.405996727673985,47.23869323730469,28.536687839412693,0.2029983638369925
2019-05-19,0.40447471557398884,48.473285675048835,29.277171089219106,0.20223735778699442
2019-05-20,0.40447471557398884,48.678165435791016,29.40006074655374,0.20223735778699442
2019-05-21,0.40447471557398884,48.65024566650391,29.383314090524244,0.20223735778699442
2019-05-22,0.4238803698489403,46.23863220214843,27.937525566788796,0.21194018492447014
2019-05-23,0.5867356645485332,39.601810455322266,23.974891851670545,0.2933678322742666
2019-05-24,0.6381035729234047,36.02528762817383,21.843342107373157,0.31905178646170235
2019-05-25,0.6381035729234047,36.737937927246094,22.269134458924558,0.31905178646170235
2019-05-26,0.6381035729234047,36.659446716308594,22.22223774489146,0.31905178646170235
2019-05-27,0.6381035729234047,36.659446716308594,22.22223774489146,0.31905178646170235
2019-05-28,0.444808036223888,46.69914245605469,28.2143472860422,0.222404018111944
2019-05-29,0.444808036223888,46.985042572021484,28.38571873754087,0.222404018111944
2019-05-30,0.531562725923671,38.76253890991211,23.46681503042466,0.2657813629618355
2019-05-31,0.507210532323732,35.55215835571289,21.541746904468898,0.253605266161866
2019-06-01,0.6202199307484495,26.916696548461914,16.3970378861798,0.31010996537422475
2019-06-02,0.647616148548381,25.815864562988285,15.745744471899984,0.3238080742741905
2019-06-03,0.6202199307484495,25.187847137451175,15.363780487346204,0.31010996537422475
2019-06-04,0.5833111373235418,28.641450881958008,17.419964654178663,0.2916555686617709
2019-06-05,0.6213614398234466,28.871845245361328,17.56578561376343,0.3106807199117233
2019-06-06,0.6213614398234466,28.73876190185547,17.48624906068541,0.3106807199117233
2019-06-07,0.6095658460484761,20.32364273071289,12.45349730112832,0.30478292302423804
2019-06-08,0.6293520033484266,19.241708755493164,11.812843473289371,0.3146760016742133
2019-06-09,0.5970092462235075,19.059030532836914,11.693674238633223,0.29850462311175374
2019-06-10,0.6046193067234884,19.062347412109375,11.698011735717499,0.3023096533617442
2019-06-11,0.5707545374985732,18.020421981811523,11.064306287967625,0.2853772687492866
2019-06-12,0.5913017008485217,17.545618057250977,10.786970416745032,0.29565085042426087
2019-06-13,0.5296602107986759,14.002997398376465,8.646488013179884,0.26483010539933793
2019-06-14,0.5441193257486397,13.447135925292969,8.319055846317967,0.2720596628743199
2019-06-15,0.5441193257486397,13.407452583312987,8.295308655597708,0.2720596628743199
2019-06-16,0.5524903922986187,12.572521209716797,7.798804517276918,0.27624519614930937
2019-06-17,0.5863551615235341,11.692992210388182,7.2855255233529785,0.29317758076176703
2019-06-18,0.6487576576233781,11.52673625946045,7.210113614603681,0.32437882881168906
2019-06-19,0.6217419428484456,10.826967239379883,6.781509213578024,0.3108709714242228
2019-06-20,0.531562725923671,11.210928916931154,6.9760007283589704,0.2657813629618355
2019-06-21,0.522430653323694,10.942773818969725,6.811931724885088,0.261215326661847
2019-06-22,0.522430653323694,10.942675590515137,6.81187292199298,0.261215326661847
2019-06-23,0.5288992047486778,10.109780311584473,6.31585381384024,0.2644496023743389
2019-06-24,0.6422891061983943,7.995283603668213,5.097810087816877,0.32114455309919715
2019-06-25,0.6811004147482973,7.581777572631836,4.8672300099755015,0.34055020737414865
2019-06-26,0.6422891061983943,7.028603553771973,4.520281196243845,0.32114455309919715
2019-06-27,0.710399147673224,6.056476593017578,3.9694280792691523,0.355199573836612
2019-06-28,0.7054526083482363,5.565182209014893,3.6740480527953654,0.35272630417411815
2019-06-29,0.7050721053232374,5.333883762359619,3.535838310851258,0.3525360526616187
2019-06-30,0.6643582816483391,4.990668296813965,3.3126796996238306,0.3321791408241694
2019-07-01,0.6396255850234009,6.4362149238586435,4.165206921842245,0.31981279251170047
2019-07-02,0.6932765115482669,5.469189643859863,3.611337213003492,0.34663825577413343
2019-07-03,0.6932765115482669,5.5909318923950195,3.6840082699103758,0.34663825577413343
2019-07-04,0.6898519843232754,4.548354148864746,3.0601104880063295,0.3449259921616377
2019-07-05,0.6849054449982878,3.7659683227539062,2.59077063216806,0.3424527224991439
2019-07-06,0.5878771736235303,3.758920669555664,2.541696198105172,0.29393858681176516
2019-07-07,0.6278299912484304,3.927406072616577,2.660854319487209,0.3139149956242152
2019-07-08,0.6297325063734257,3.775475263595581,2.5709429350913893,0.31486625318671285
2019-07-09,0.6616947604733457,3.675079345703125,2.5257567412994493,0.33084738023667287
2019-07-10,0.6727293481983182,2.83394193649292,2.0285992769594268,0.3363646740991591
2019-07-11,0.6677828088733305,3.0064284801483154,2.129271785003909,0.33389140443666526
2019-07-12,0.6438111182983904,3.4006192684173584,2.353504166872161,0.3219055591491952
2019-07-13,0.6441916213233896,3.9542262554168697,2.68441536351066,0.3220958106616948
2019-07-14,0.6537041969483658,3.8051767349243164,2.5997650553703777,0.3268520984741829
2019-07-15,0.6647387846733381,3.7060146331787114,2.545641774366646,0.33236939233666907
2019-07-16,0.7123016627982193,2.632218599319458,1.926888544933876,0.35615083139910964
2019-07-17,0.7176287051482059,2.5417683124542236,1.8754417874099032,0.35881435257410293
2019-07-18,0.6814809177732962,2.7999129295349126,2.0124102502202867,0.3407404588866481
2019-07-19,0.6928960085232677,2.710573196411133,1.9644686750115374,0.34644800426163386
2019-07-20,0.6989840569232525,2.5154964923858643,1.850912546269639,0.34949202846162625
2019-07-21,0.7031695901982421,2.4403650760650635,1.8080595978499956,0.35158479509912105
2019-07-22,0.6811004147482973,2.359729766845703,1.7494204852013215,0.3405502073741487
2019-07-23,0.6609337544233477,1.7932510375976565,1.4014842000473382,0.33046687721167384
2019-07-24,0.678436893573304,1.7733148336410525,1.3980185067176019,0.33921844678665186
2019-07-25,0.6464746394733838,2.054028034210205,1.5503004276817336,0.3232373197366919
2019-07-26,0.6647387846733381,2.6714355945587154,1.92777988232097,0.33236939233666907
2019-07-27,0.6674023058483315,3.04141116142273,2.149984080288618,0.33370115292416574
2019-07-28,0.6674023058483315,3.1243100166320796,2.1994899732519246,0.33370115292416574
2019-07-29,0.6693048209733268,2.7513873577117915,1.977685336580215,0.3346524104866634
2019-07-30,0.6932765115482669,2.4526219367980957,1.810670918918655,0.3466382557741335
2019-07-31,0.6932765115482669,2.463817834854126,1.8173540363618033,0.3466382557741333
2019-08-01,0.631635021498421,1.9951694011688232,1.5080149262187588,0.3158175107492105
2019-08-02,0.6464746394733838,3.1098387241363525,2.181034928382221,0.3232373197366919
2019-08-03,0.6320155245234199,2.787351369857788,1.981556530463442,0.31600776226170996
2019-08-04,0.7081161295232297,1.3094840049743655,1.1355281833118012,0.35405806476161483
2019-08-05,0.7016475780982458,1.2910534143447874,1.121378464900369,0.3508237890491229
2019-08-06,0.6997450629732507,1.4846832752227783,1.2360218531818432,0.34987253148662534
2019-08-07,0.6997450629732507,1.493958830833435,1.241558069188248,0.34987253148662534
2019-08-08,0.7096381416232259,2.1676630973815914,1.6483978611081844,0.35481907081161296
2019-08-09,0.6605532513983486,1.1503301858901978,1.017314513519535,0.3302766256991743
2019-08-10,0.6967010387732582,1.1432858705520628,1.0307678978259258,0.3483505193866291
2019-08-11,0.6400060880484,1.0123062133789062,0.9248137324010848,0.3200030440242
2019-08-12,0.6400060880484,1.2257370948791504,1.0523297711796906,0.3200030440242
2019-08-13,0.6194589246984514,1.9082176685333252,1.4502019163344868,0.30972946234922577
2019-08-14,0.6556067120733611,1.302778959274292,1.105956138236751,0.32780335603668054
2019-08-15,0.663597275598341,1.2055013179779053,1.0517509412295578,0.3317986377991705
2019-08-16,0.6548457060233629,1.1143712997436523,0.993047799788664,0.32742285301168145
2019-08-17,0.678817396598303,1.1532956361770632,1.0280070699226058,0.3394086982991515
2019-08-18,0.6194589246984514,0.8586421608924866,0.8229087230155042,0.3097294623492257
2019-08-19,0.592823712948518,0.7403581738471985,0.739094266408038,0.296411856474259
2019-08-20,0.6110878581484722,0.8089596033096313,0.7890974465291398,0.3055439290742361
2019-08-21,0.6510406757733723,1.051863193511963,0.9538486012185592,0.32552033788668616
2019-08-22,0.7054526083482363,1.2635200023651123,1.106799810855593,0.35272630417411815
2019-08-23,0.7054526083482363,1.4103246927261355,1.194413404190569,0.35272630417411815
2019-08-24,0.6746318633233135,2.0047945976257324,1.5344028074335578,0.33731593166165674
2019-08-25,0.678436893573304,2.6471722126007085,1.9197759677510953,0.339218446786652
2019-08-26,0.6776758875233058,2.8938262462615967,2.0666881805757904,0.3388379437616529
2019-08-27,0.7024085841482439,0.9568238854408264,0.9222695244737088,0.35120429207412196
2019-08-28,0.6681633118983296,1.395769715309143,1.1676027632109818,0.3340816559491648
2019-08-29,0.6681633118983296,1.4033085107803345,1.172104755967843,0.3340816559491648
2019-08-30,0.631635021498421,1.8879567384719846,1.44395086263704,0.3158175107492105
2019-08-31,0.6160343974734599,3.4878892898559575,2.39272150047511,0.30801719873672995
2019-09-01,0.6658802937483354,3.718713283538819,2.5537538520277674,0.3329401468741677
2019-09-02,0.6658802937483354,3.754049777984619,2.574856788762551,0.3329401468741677
2019-09-03,0.6232639549484419,0.7669278383255005,0.769967733887903,0.31163197747422094
2019-09-04,0.6750123663483124,0.6192438006401063,0.7072617200991185,0.3375061831741562
2019-09-05,0.6959400327232601,0.8167922496795654,0.8355124120067087,0.34797001636163005
2019-09-06,0.6959400327232601,0.8167922496795654,0.8355124120067087,0.34797001636163005
2019-09-07,0.6959400327232601,0.8731051087379457,0.8691254956540096,0.34797001636163005
2019-09-08,0.6959400327232601,0.8973820209503174,0.8836163578573768,0.34797001636163005
2019-09-09,0.6335375366234162,6.487328529357911,4.193096288602867,0.3167687683117081
2019-09-10,0.679578402648301,6.144736289978027,4.008580914750627,0.3397892013241505
2019-09-11,0.687188463148282,6.461811542510985,4.201207945476651,0.343594231574141
2019-09-12,0.694798523648263,4.827343940734863,3.228890656211107,0.34739926182413167
2019-09-13,0.7145846809482136,3.388932228088379,2.379510406275544,0.3572923404741068
2019-09-14,0.6651192876983373,2.9458754062652583,2.0918573751537037,0.33255964384916864
2019-09-15,0.7008865720482478,1.9293361902236936,1.5019665009935244,0.3504432860241239
2019-09-16,0.6997450629732507,1.6410690546035764,1.329362402397822,0.34987253148662534
2019-09-17,0.7035500932232411,1.4101834297180176,1.1934046692846572,0.35177504661162057
2019-09-18,0.7252387656481869,1.304012656211853,1.1406010441691006,0.3626193828240935
2019-09-19,0.6967010387732582,1.4470839500427246,1.212102325479442,0.3483505193866292
2019-09-20,0.6578897302233553,1.3438547849655151,1.131601649293489,0.32894486511167764
2019-09-21,0.6849054449982878,1.1717466115951538,1.0419962838525156,0.3424527224991439
2019-09-22,0.6849054449982878,2.724123239517212,1.9687794843432538,0.3424527224991439
2019-09-23,0.6849054449982878,2.724123239517212,1.9687794843432538,0.3424527224991439
2019-09-24,0.6845249419732887,2.7735424041748042,1.9981034844847267,0.34226247098664436
2019-09-25,0.6548457060233629,3.5843961238861084,2.4684179412180565,0.32742285301168145
2019-09-26,0.6129903732734675,3.3678500652313232,2.319554807264272,0.30649518663673375
2019-09-27,0.6126098702484685,3.3238570690155025,2.2930813400237637,0.30630493512423423
2019-09-28,0.6643582816483391,2.9961941242218018,2.121550369366115,0.33217914082416955
2019-09-29,0.6727293481983182,2.6412599086761475,1.9135428636214955,0.3363646740991591
2019-09-30,0.6643582816483391,2.566035509109497,1.864653313408059,0.33217914082416955
2019-10-01,51.35230775084661,0.6103467345237732,25.73128968389456,25.676153875423307
2019-10-02,47.44986872645637,2.9292421340942383,24.10385999327576,23.724934363228186
2019-10-03,6.469312431033828,1.456547141075134,4.019975711715933,3.234656215516914
2019-10-04,6.1382747992846545,2.0739998817443848,4.194231631751202,3.0691373996423272
2019-10-05,5.9514478140101215,2.813157796859741,4.507048975537299,2.9757239070050603
2019-10-06,5.60785358243598,5.770422458648682,5.964847448696707,2.80392679121799
2019-10-07,5.080095886762299,5.46504545211792,5.562531453977732,2.5400479433811496
2019-10-08,3.902819527415243,3.2937562465667725,3.811822451615659,1.9514097637076215
2019-10-09,3.8780868307903047,3.594122886657715,3.9700011477940866,1.9390434153951523
2019-10-10,3.4492599216163766,5.365397930145264,4.779503516903034,1.7246299608081883
2019-10-11,2.062326395494844,3.2531721591949467,2.928527181467225,1.031163197747422
2019-10-12,1.7910277386705227,3.1071348190307617,2.7161333746318794,0.8955138693352614
2019-10-13,1.7103610973707242,2.137028455734253,2.10909201710932,0.8551805486853621
2019-10-14,1.3161599634717096,1.466751217842102,1.5244850873597877,0.6580799817358549
2019-10-15,1.2910467638217724,1.9677406549453733,1.8083554579262626,0.6455233819108862
2019-10-16,1.1506411475971234,8.882095336914062,5.836646526652082,0.5753205737985617
2019-10-17,0.9630531562725925,5.6778669357299805,3.855472780662895,0.48152657813629623
2019-10-18,0.9242418477226894,5.8747406005859375,3.9553349887529587,0.4621209238613447
2019-10-19,0.9242418477226894,6.1123619079589835,4.096628392065212,0.4621209238613447
2019-10-20,0.9242418477226894,6.150701999664307,4.119426019518058,0.4621209238613447
2019-10-21,0.8945626117727636,6.259727478027344,4.171272521829828,0.4472813058863818
2019-10-22,0.8721129332978197,6.037133693695068,4.028979136119091,0.43605646664890985
2019-10-23,0.8310186065979225,3.4515037536621094,2.471045856353178,0.41550930329896124
2019-10-24,0.83596514592291,3.616842031478882,2.5718071171284937,0.417982572961455
2019-10-25,0.8264525702979338,2.5283997058868404,1.9191254106124398,0.4132262851489668
2019-10-26,0.8603173395228493,1.8301801681518552,1.519582798696808,0.43015866976142464
2019-10-27,0.7826947224230432,2.848220109939575,2.0889758482602065,0.3913473612115216
2019-10-28,0.7826947224230432,2.838491916656494,2.0831775400510755,0.3913473612115216
2019-10-29,0.7758456679730604,3.2584886550903316,2.330307412941313,0.3879228339865302
2019-10-30,0.7545374985731136,3.6424012184143066,2.549279676367851,0.3772687492865568
2019-10-31,0.7537764925231155,5.136669158935547,3.4399895510795635,0.3768882462615579
2019-11-01,0.7275217837981812,5.7131500244140625,3.772129546165793,0.3637608918990906
2019-11-02,0.6887104752482782,5.977596282958984,3.912808039395134,0.3443552376241391
2019-11-03,0.6887104752482782,6.037304401397705,3.9484520662656895,0.3443552376241391
2019-11-04,0.718009208173205,13.62193965911865,8.486919157434548,0.3590046040866025
2019-11-05,0.6864274570982839,16.493648529052734,10.189823369028035,0.34321372854914195
2019-11-06,0.6864274570982839,16.493648529052734,10.189823369028035,0.34321372854914195
2019-11-07,0.6662607967733343,17.796628952026367,10.961200553219385,0.33313039838666714
2019-11-08,0.6194589246984514,19.283363342285156,11.834695966285203,0.3097294623492257
2019-11-09,0.6080438339484799,46.20969009399414,27.92715168047893,0.30402191697423997
2019-11-10,0.5654274951485864,64.64432525634766,38.953209356004116,0.2827137475742932
2019-11-11,0.5342262470986644,63.88513946533203,38.50339369635427,0.2671131235493322
2019-11-12,0.5342262470986644,63.777763366699226,38.43912737920292,0.2671131235493322
2019-11-13,0.4634526844488414,66.0531997680664,39.81237398072613,0.2317263422244207
2019-11-14,0.5140595867737148,81.29226684570312,48.92814921770306,0.2570297933868574
2019-11-15,0.5140595867737148,81.29950714111328,48.932484110753144,0.2570297933868574
2019-11-16,0.39153761272402116,79.70639038085938,48.01505375647988,0.19576880636201058
2019-11-17,0.39153761272402116,79.70639038085938,48.01505375647988,0.19576880636201058
2019-11-18,0.3911571096990221,79.12240600585938,47.664807274288876,0.19557855484951106
2019-11-19,0.37898101289905256,77.77450561523438,46.859520693827946,0.18949050644952628
2019-11-20,0.3169590198242076,80.81804656982422,48.704967687068375,0.1584795099121038
2019-11-21,0.304402419999239,79.67779541015625,48.02375821035604,0.1522012099996195
2019-11-22,0.304402419999239,79.23951721191406,47.760434411785056,0.1522012099996195
2019-11-23,0.304402419999239,79.20603942871094,47.74032048169193,0.1522012099996195
2019-11-24,0.304402419999239,78.94525909423828,47.58363993371722,0.1522012099996195
2019-11-25,0.4706822419238233,72.74601745605469,43.821225016866705,0.23534112096191165
2019-11-26,0.4706822419238233,70.55426025390625,42.50803044922507,0.23534112096191165
2019-11-27,0.4493740725238765,69.98987579345702,42.17413814204009,0.22468703626193826
2019-11-28,0.4699212358738252,69.31998443603516,41.76865929462454,0.2349606179369126
2019-11-29,0.4699212358738252,69.16716766357422,41.67709773655764,0.2349606179369126
2019-11-30,0.5254746775236863,62.851200103759766,37.88568908764272,0.26273733876184313
2019-12-01,0.5254746775236863,61.99760437011719,37.374723647891884,0.26273733876184313
2019-12-02,0.5167231079487082,69.05024719238281,41.598127901312346,0.2583615539743541
2019-12-03,0.4227388607739431,67.66969299316406,40.788209159087295,0.21136943038697156
2019-12-04,0.5037860050987405,61.89563751220704,37.31626593021991,0.25189300254937025
2019-12-05,0.5167231079487082,61.582023620605476,37.126969143157815,0.2583615539743541
2019-12-06,0.585594155473536,62.17679977416992,37.47467002514485,0.292797077736768
2019-12-07,0.5585784406986036,61.932273864746094,37.33166654351721,0.2792892203493018
2019-12-08,0.4242608728739394,62.814476013183594,37.87667593522901,0.2121304364369697
2019-12-09,0.44138350899889656,62.679508209228516,37.79357605601712,0.22069175449944828
2019-12-10,0.507591035348731,58.97888183593749,35.56931136179803,0.2537955176743655
2019-12-11,0.4961759445987595,61.20567321777344,36.90395396592469,0.24808797229937976
2019-12-12,0.4961759445987595,61.34028244018555,36.98457096364463,0.24808797229937976
2019-12-13,0.49503443552376236,61.456649780273445,37.054393739832044,0.24751721776188118
2019-12-14,0.40371370952399066,62.338607788085945,37.59387311405989,0.20185685476199533
2019-12-15,0.4029527034739926,62.02848434448243,37.40794604675832,0.2014763517369963
2019-12-16,0.4029527034739926,61.95182800292969,37.361965367413106,0.2014763517369963
2019-12-17,0.4029527034739926,60.89577102661132,36.728512006415414,0.2014763517369963
2019-12-18,0.4029527034739926,60.328880310058594,36.3884746431184,0.2014763517369963
2019-12-19,0.4029527034739926,60.156070709228516,36.284818472179495,0.2014763517369963
2019-12-20,0.3477797648491306,59.85143661499024,36.107525504101254,0.1738898824245653
2019-12-21,0.3477797648491306,60.516960144042976,36.5070928552489,0.1738898824245653
2019-12-22,0.33826718922415433,60.5795555114746,36.54568028165336,0.16913359461207716
2019-12-23,0.29679235949925803,62.12138366699218,37.476537836046596,0.14839617974962901
2019-12-24,0.29679235949925803,62.12138366699218,37.476537836046596,0.14839617974962901
2019-12-25,0.21574521517446063,62.37788391113281,37.6406982859068,0.10787260758723032
2019-12-26,0.3888740915490278,64.58899688720703,38.94586907340295,0.1944370457745139
2019-12-27,0.39496213994901264,64.12096405029295,38.6642039271614,0.19748106997450632
2019-12-28,0.43415395152391456,62.55815887451172,37.72174176823253,0.21707697576195728
2019-12-29,0.4117042730489707,62.18756103515625,37.50229822015623,0.20585213652448536
2019-12-30,0.43910049084890224,61.40399551391601,37.029237385317955,0.21955024542445112
2019-12-31,0.44633004832388423,61.59821319580079,37.144826034378106,0.22316502416194212
2020-01-01,0.47943381149880143,59.440277099609375,35.84824484061679,0.23971690574940072
2020-01-02,0.5216696472736958,59.345466613769524,35.787500159346095,0.2608348236368479
2020-01-03,0.5216696472736958,58.879817962646484,35.508743503843874,0.2608348236368479
2020-01-04,0.5216696472736958,58.68309783935547,35.39097865365837,0.2608348236368479
2020-01-05,0.41512880027396215,55.538337707519524,33.51429499541283,0.20756440013698108
2020-01-06,0.5212891442486968,56.03597640991212,33.80632460169504,0.2606445721243484
2020-01-07,0.48285833872379286,58.368350982666016,35.20580595697307,0.24142916936189643
2020-01-08,0.437197975723907,60.16927337646484,36.28925531652301,0.2185989878619535
2020-01-09,0.2872797838742818,60.376808166503906,36.42922630744058,0.1436398919371409
2020-01-10,0.3706099463490735,55.41068649291992,33.44015044245762,0.18530497317453676
2020-01-11,0.5136790837487158,54.738258361816406,33.029812234054305,0.2568395418743579
2020-01-12,0.48323884174879195,55.53069305419922,33.50594348587415,0.24161942087439597
2020-01-13,0.4326319394239184,55.89946365356445,33.72983216638094,0.2163159697119592
2020-01-14,0.42768540009893075,59.561988830566406,35.926106129771824,0.21384270004946537
2020-01-15,0.3569118374491077,57.82032394409179,34.88737089938667,0.17845591872455385
2020-01-16,0.39153761272402116,56.17974853515625,33.90041144281656,0.19576880636201058
2020-01-17,0.5235721623986911,55.250446319580085,33.33595075066252,0.26178608119934554
2020-01-18,0.4973174536737567,57.453189849853516,34.6565195770252,0.24865872683687834
2020-01-19,0.3295156196491762,56.60510253906249,34.1596961841269,0.1647578098245881
2020-01-20,0.2834747536242913,58.88304138183593,35.53183212765076,0.14173737681214565
2020-01-21,0.35006278299912486,54.88926315307617,33.1282216821748,0.17503139149956243
2020-01-22,0.3732734675240668,54.24074935913086,32.737897143079635,0.1866367337620334
2020-01-23,0.33826718922415433,54.98889160156251,33.18862285504425,0.16913359461207716
2020-01-24,0.2515124995243712,60.38121414184571,36.43558731312794,0.1257562497621856
2020-01-25,0.2515124995243712,60.204742431640625,36.329467254495846,0.1257562497621856
2020-01-26,0.1849244701495377,58.51787948608399,35.32075562197516,0.09246223507476885
2020-01-27,0.18682698527453293,57.079219818115234,34.45453479016854,0.09341349263726646
2020-01-28,0.16818233704957955,56.75411605834961,34.26008484898708,0.08409116852478977
2020-01-29,0.20052509417449868,56.441593170166016,34.06980752827012,0.10026254708724934
2020-01-30,0.2286823180244283,58.79308700561524,35.48258537536913,0.11434115901221414
2020-01-31,0.25037099044937405,57.3491096496582,34.61233585956121,0.12518549522468703
2020-02-01,0.2488489783493779,57.50408172607422,34.70564324218685,0.12442448917468894
2020-02-02,0.2488489783493779,57.3531494140625,34.61487710625517,0.12442448917468894
2020-02-03,0.22677980289943306,55.21165847778321,33.328199276935564,0.11338990144971653
2020-02-04,0.2218332635744454,56.144241333007805,33.88953619288153,0.1109166317872227
2020-02-05,0.20965716677447585,55.38664245605469,33.43439031156574,0.10482858338723793
2020-02-06,0.28613827479928466,53.547821044921875,32.32514454702378,0.14306913739964233
2020-02-07,0.32761310452418096,53.88777160644531,32.52784134009254,0.16380655226209048
2020-02-08,0.288801795974278,55.48338317871093,33.488265372812236,0.144400897987139
2020-02-09,0.31429549864921424,56.90827941894532,34.34282449292863,0.15714774932460712
2020-02-10,0.31429549864921424,57.28565979003907,34.5695226730057,0.15714774932460712
2020-02-11,0.2770062021993075,52.64969635009765,31.785616345716015,0.13850310109965375
2020-02-12,0.31277348654921805,52.635013580322266,31.77584823269327,0.15638674327460902
2020-02-13,0.2914653171492713,54.01179122924804,32.603775487995364,0.14573265857463566
2020-02-14,0.27167915984932084,51.64170455932617,31.179811789923157,0.13583957992466042
2020-02-15,0.2895628020242761,54.468902587890625,32.87855867672028,0.14478140101213804
2020-02-16,0.2895628020242761,54.303092956542976,32.778913277513944,0.14478140101213804
2020-02-17,0.25417602069936457,53.72794723510742,32.43459136813095,0.12708801034968228
2020-02-18,0.2671131235493322,51.97260665893555,31.378820847374524,0.1335565617746661
2020-02-19,0.2815722384992961,53.69174957275391,32.41181371527798,0.14078611924964804
2020-02-20,0.2583615539743541,50.41490554809571,30.442387236466008,0.12918077698717706
2020-02-21,0.24999048742437502,51.49593734741211,31.092509517130445,0.12499524371218751
2020-02-22,0.24846847532437882,50.3363151550293,30.395166094543264,0.12423423766218941
2020-02-23,0.2515124995243712,49.566547393798835,29.932261266955496,0.1257562497621856
2020-02-24,0.3930596248240174,49.265892028808594,29.752503323717384,0.1965298124120087
2020-02-25,0.3930596248240174,49.265892028808594,29.752503323717384,0.1965298124120087
2020-02-26,0.30858795327422855,49.66290664672851,29.99039864367915,0.15429397663711428
2020-02-27,0.30858795327422855,49.688316345214844,30.005664089759243,0.15429397663711428
2020-02-28,0.24428294204938927,51.092613220214844,30.85002952840728,0.12214147102469464
2020-02-29,0.24428294204938927,50.54392242431641,30.520038394819842,0.12214147102469464
2020-03-01,0.2225942696244435,50.19636154174805,30.311052491052443,0.11129713481222175
2020-03-02,0.1982420760245044,51.46307373046874,31.073503822578346,0.0991210380122522
2020-03-03,0.1803584338495491,53.285552978515625,32.170997700158345,0.09017921692477456
2020-03-04,0.17693390662455766,71.47570037841795,43.12319717430451,0.08846695331227883
2020-03-05,0.093603744149766,79.8631591796875,48.19807855354896,0.046801872074883
2020-03-06,0.16057227654959857,82.883056640625,49.99682066498551,0.08028613827479929
2020-03-07,0.16057227654959857,79.48467254638672,47.95013508350899,0.08028613827479929
2020-03-08,0.19481754879951294,68.53986358642578,41.35224664590206,0.09740877439975647
2020-03-09,0.19481754879951294,72.16366577148438,43.533449872758155,0.09740877439975647
2020-03-10,0.11034587724972414,71.98451232910156,43.44418628687256,0.05517293862486207
2020-03-11,0.21422320307446444,65.3305892944336,39.417576953897665,0.10711160153723222
2020-03-12,0.21993074844945015,62.16077423095703,37.509554213870814,0.10996537422472508
2020-03-13,0.24238042692439404,60.77017211914063,36.67046807833692,0.12119021346219702
2020-03-14,0.24238042692439404,60.99818420410157,36.807602411829485,0.12119021346219702
2020-03-15,0.24314143297439217,59.11975860595704,35.677783056261845,0.12157071648719608
2020-03-16,0.2644496023743389,58.575122833251946,35.348397257592836,0.13222480118716945
2020-03-17,0.23781439062440546,56.155120849609375,33.89509808721891,0.11890719531220273
2020-03-18,0.2286823180244283,54.108604431152344,32.664534271758136,0.11434115901221414
2020-03-19,0.2739621779993151,49.20684814453125,29.716136638153216,0.13698108899965755
2020-03-20,0.3637608918990906,46.990699768066406,28.386670766766365,0.1818804459495453
2020-03-21,0.40866024884897834,47.239013671875,28.536953574989422,0.20433012442448917
2020-03-22,0.374795479624063,49.309791564941406,29.778713810984115,0.1873977398120315
2020-03-23,0.26330809329934174,49.163604736328125,29.690053107483482,0.13165404664967087
2020-03-24,0.32761310452418096,49.48994827270508,29.886587060673097,0.16380655226209048
2020-03-25,0.29527034739926183,48.82858657836914,29.489006151981922,0.14763517369963092
2020-03-26,0.18758799132453102,51.39221572875977,31.031004428293812,0.09379399566226551
2020-03-27,0.18758799132453102,51.12325286865234,30.869093514671743,0.09379399566226551
2020-03-28,0.36718541912408204,48.219341278076165,29.12418780296543,0.18359270956204102
2020-03-29,0.3618583767740954,48.51810073852539,29.303420240484158,0.1809291883870477
2020-03-30,0.1491571857996271,69.51029968261719,41.9452704317026,0.07457859289981356
2020-03-31,0.39762566112400594,61.79595184326172,37.26909473707023,0.19881283056200297
2020-04-01,0.3961036490240097,59.24785232543945,35.74067634327635,0.19805182451200484
2020-04-02,0.374414976599064,54.61957550048828,32.96518766270313,0.187207488299532
2020-04-03,0.34207221947414485,53.459659576416016,32.27022465209857,0.17103610973707242
2020-04-04,0.3622388797990944,46.8447380065918,28.29901347385504,0.1811194398995472
2020-04-05,0.48932689014877667,43.44750595092773,26.268200227386085,0.24466344507438834
2020-04-06,0.47182375099882046,45.098823547363274,27.25642386426628,0.23591187549941023
2020-04-07,0.4710627449488224,45.86091613769531,27.712992568295647,0.2355313724744112
2020-04-08,0.4878048780487805,45.43963623046875,27.461347194276968,0.24390243902439024
2020-04-09,0.45241809672386896,44.905120849609375,27.139380123065422,0.22620904836193448
2020-04-10,0.4657357025988356,39.411861419677734,23.848492404874893,0.2328678512994178
2020-04-11,0.5254746775236863,39.65224075317383,23.998709573640856,0.26273733876184313
2020-04-12,0.5517293862486207,40.71840286254883,24.639354857637848,0.27586469312431033
2020-04-13,0.5380312773486549,40.801605224609375,24.687878236588826,0.26901563867432604
2020-04-14,0.5117765686237206,40.164608001708984,24.304067166808405,0.2558882843118603
2020-04-15,0.48209733267379473,35.07404708862305,21.25171209353979,0.24104866633689737
2020-04-16,0.38659107339903354,34.86407470703125,21.11147504320047,0.19329553669951677
2020-04-17,0.5022639929987444,35.4112548828125,21.456654212004988,0.2511319964993722
2020-04-18,0.514820592823713,35.49313735961914,21.50750992779572,0.2574102964118565
2020-04-19,0.43225143639891933,34.85762405395508,21.114518764268396,0.21612571819945967
2020-04-20,0.43225143639891933,34.95362854003906,21.172076889322,0.21612571819945967
2020-04-21,0.43225143639891933,34.30743408203125,20.784660186831445,0.21612571819945967
2020-04-22,0.6221224458734447,30.884105682373047,18.768547844457682,0.31106122293672234
2020-04-23,0.6000532704234999,31.2471923828125,18.981403328505948,0.30002663521174994
2020-04-24,0.5787451010235531,31.62162590026856,19.20134522041898,0.28937255051177657
2020-04-25,0.5779840949735551,31.646900177001957,19.216321360379528,0.28899204748677754
2020-04-26,0.5718960465735703,30.637248992919925,18.611291921692604,0.28594802328678515
2020-04-27,0.5353677561736616,30.52204132080078,18.535266715394076,0.2676838780868308
2020-04-28,0.46649670864883375,42.10363006591797,25.461462809635734,0.23324835432441687
2020-04-29,0.46649670864883375,42.26255798339844,25.556691358310896,0.23324835432441687
2020-04-30,0.46649670864883375,42.18387985229492,25.509547946654582,0.23324835432441687
2020-05-01,0.46649670864883375,42.33498001098633,25.600086154446412,0.23324835432441687
2020-05-02,0.49541493854876145,39.72111129760742,24.03684591918425,0.24770746927438073
2020-05-03,0.6221224458734447,30.514318466186523,18.547549293754372,0.31106122293672234
2020-05-04,0.6072828278984818,28.556060791015625,17.374039703632736,0.3036414139492409
2020-05-05,0.624785967048438,28.510643005371094,17.350650923243307,0.312392983524219
2020-05-06,0.6023362885734942,27.659030914306644,16.83670317021086,0.3011681442867471
2020-05-07,0.6346790456984134,23.002765655517578,14.061756768833897,0.3173395228492067
2020-05-08,0.6297325063734257,22.45642280578613,13.733948173717451,0.31486625318671285
2020-05-09,0.6175564095734561,21.18218994140625,12.969007455676229,0.30877820478672807
2020-05-10,0.6175564095734561,20.50458335876465,12.564013699039894,0.30877820478672807
2020-05-11,0.5422168106236445,26.34779930114746,16.038583520748702,0.27110840531182223
2020-05-12,0.5285187017236787,23.83874893188477,14.533493524689792,0.2642593508618393
2020-05-13,0.5285187017236787,23.83874893188477,14.533493524689792,0.2642593508618393
2020-05-14,0.6057608157984856,18.623401641845703,11.435962806389007,0.3028804078992428
2020-05-15,0.6004337734484989,20.056955337524414,12.291347119753858,0.3002168867242502
2020-05-16,0.5471633499486321,19.300296783447266,11.822621942690475,0.27358167497431607
2020-05-17,0.569613028423576,17.17345428466797,10.557317202209424,0.284806514211788
2020-05-18,0.5368897682736578,16.000429153442383,9.844532175776413,0.2684448841368289
2020-05-19,0.5368897682736578,15.902345657348633,9.785830242756017,0.2684448841368289
2020-05-20,0.6137513793234657,14.72774314880371,9.10995391353498,0.30687568966173284
2020-05-21,0.5977702522735056,13.632238388061523,8.449335967724664,0.2988851261367528
2020-05-22,0.5802671131235494,13.381213188171387,8.292843433852736,0.2901335565617747
2020-05-23,0.5829306342985426,10.716989517211914,6.700535780378076,0.2914653171492713
2020-05-24,0.6426696092233933,10.292407989501953,6.470344624784791,0.32133480461169633
2020-05-25,0.6495186636733762,10.297894477844238,6.476341645143642,0.3247593318366881
2020-05-26,0.6552262090483619,10.460347175598145,6.575641638183652,0.32761310452418096
2020-05-27,0.569613028423576,10.587910652160645,6.618094129795707,0.284806514211788
2020-05-28,0.6415281001483961,10.345730781555176,6.501748688920149,0.32076405007419845
2020-05-29,0.6396255850234009,9.81044864654541,6.18118350151027,0.3198127925117008
2020-05-30,0.6396255850234009,9.76488971710205,6.153963770365082,0.3198127925117008
2020-05-31,0.5452608348236369,9.385765075683592,5.889125665528449,0.2726304174118184
2020-06-01,0.5726570526235684,8.96146297454834,5.6464638799289455,0.2863285263117842
2020-06-02,0.585974658498535,8.004755973815918,5.079819827422509,0.2929873292492675
2020-06-03,0.6141318823484646,7.9487271308898935,5.058155131398994,0.3070659411742323
2020-06-04,0.5890186826985275,12.797461509704592,7.946983262330565,0.29450934134926376
2020-06-05,0.6575092271983562,12.303303718566895,7.677311332563002,0.3287546135991781
2020-06-06,0.6700658270233248,11.77244758605957,7.36503995931891,0.3350329135116624
2020-06-07,0.6700658270233248,11.937625885009764,7.46367744289619,0.3350329135116624
2020-06-08,0.6700658270233248,11.94726848602295,7.469435595783858,0.3350329135116624
2020-06-09,0.6278299912484304,12.729220390319822,7.9206425261585505,0.3139149956242152
2020-06-10,0.6278299912484304,12.733796119689941,7.923376890519027,0.3139149956242152
2020-06-11,0.6327765305734181,13.083150863647461,8.133970405139099,0.31638826528670905
2020-06-12,0.6266884821734333,8.887027740478516,5.624155731233104,0.31334424108671666
2020-06-13,0.6849054449982878,6.912356376647949,4.469193392549991,0.3424527224991439
2020-06-14,0.663216772573342,7.434159278869629,4.771482584123665,0.331608386286671
2020-06-15,0.663216772573342,7.662882804870605,4.908082251071404,0.331608386286671
2020-06-16,0.663216772573342,7.624118328094482,4.884931092510657,0.331608386286671
2020-06-17,0.663216772573342,7.62435245513916,4.885070919300168,0.331608386286671
2020-06-18,0.6464746394733838,7.648847103118897,4.89260927680366,0.3232373197366919
2020-06-19,0.6464746394733838,7.703076839447022,4.925005771736318,0.3232373197366919
2020-06-20,0.6917544994482706,7.093242645263673,4.580122874602395,0.3458772497241353
2020-06-21,0.6685438149233286,6.801046371459961,4.395672237266622,0.3342719074616643
2020-06-22,0.6700658270233248,5.995238304138184,3.9151352848565213,0.3350329135116624
2020-06-23,0.6369620638484076,4.582780838012694,3.0566407057181286,0.31848103192420363
2020-06-24,0.6776758875233058,4.299295902252196,2.905868169725324,0.3388379437616527
2020-06-25,0.6685438149233286,4.376998424530029,2.9480965859024257,0.3342719074616645
2020-06-26,0.6818614207982954,4.848348140716553,3.235586964208184,0.3409307103991477
2020-06-27,0.6928960085232677,4.336184024810791,2.9348434748612764,0.34644800426163386
2020-06-28,0.6963205357482593,4.352202415466309,2.945968543488451,0.3481602678741296
2020-06-29,0.6845249419732887,3.5334839820861816,2.451798524688193,0.34226247098664436
2020-06-30,0.7035500932232411,3.0384852886199956,2.1652123435384305,0.35177504661162057
2020-07-01,0.6377230698984057,3.61780333518982,2.480430542615754,0.31886153494920283
2020-07-02,0.7568205167231079,3.1339538097381587,2.2471558748825258,0.37841025836155395
2020-07-03,0.6818614207982954,4.133902072906494,2.809034307886352,0.3409307103991477
2020-07-04,0.6563677181233591,3.13726019859314,2.2020525081776117,0.3281838590616796
2020-07-05,0.6293520033484266,2.3632068634033203,1.7268451926107753,0.3146760016742133
2020-07-06,0.678817396598303,2.199554920196533,1.6526972332010166,0.3394086982991515
2020-07-07,0.6042388036984895,2.272571325302124,1.6606987027162865,0.30211940184924463
2020-07-08,0.7408393896731479,2.4011240005493164,1.802569881123652,0.37041969483657394
2020-07-09,0.6799589056733001,2.2628462314605713,1.6910315083793335,0.33997945283665004
2020-07-10,0.663216772573342,2.377922296524048,1.7517657238899773,0.3316083862866709
2020-07-11,0.663216772573342,2.593731164932251,1.8806524198252401,0.331608386286671
2020-07-12,0.6689243179483277,2.0238826274871826,1.5430622401091794,0.33446215897416387
2020-07-13,0.6495186636733762,1.9819337129592896,1.5086934264244805,0.32475933183668804
2020-07-14,0.6689243179483277,2.505194664001465,1.8304868953149342,0.33446215897416387
2020-07-15,0.6761538754233096,2.642365932464599,1.915825079792026,0.3380769377116548
2020-07-16,0.6830029298732925,2.6443665027618404,1.9202630269618608,0.34150146493664624
2020-07-17,0.6753928693733116,2.447922468185425,1.799361642707651,0.3376964346866558
2020-07-18,0.6723488451733192,2.0660881996154785,1.5699076116976365,0.3361744225866596
2020-07-19,0.64799665157338,1.610029935836792,1.2857953268009923,0.3239983257866899
2020-07-20,0.6358205547734104,1.3963346481323242,1.1522203624731582,0.3179102773867052
2020-07-21,0.6590312392983524,1.4297270774841309,1.1834458350082913,0.3295156196491762
2020-07-22,0.6434306152733914,1.466095209121704,1.197595763817928,0.3217153076366957
2020-07-23,0.6639777786233401,1.2125228643417358,1.0561300033208674,0.33198888931167003
2020-07-24,0.6639777786233401,1.2430092096328735,1.0743370134238714,0.33198888931167
2020-07-25,0.6639777786233401,1.3674068450927734,1.1486295855239004,0.33198888931167003
2020-07-26,0.6472356455233819,1.3912549018859866,1.1547339459731287,0.32361782276169093
2020-07-27,0.679578402648301,1.1144843101501465,1.005206008306001,0.3397892013241506
2020-07-28,0.6928960085232677,1.0115317106246948,0.9502609612689453,0.3464480042616339
2020-07-29,0.6830029298732925,0.8894616961479187,0.8725352438418981,0.3415014649366463
2020-07-30,0.6384840759484038,1.3379428386688232,1.1186273749608309,0.3192420379742019
2020-07-31,0.6704463300483239,1.0034863948822021,0.9344589164796737,0.33522316502416194
2020-08-01,0.7035500932232411,0.8817121982574462,0.8780009893416487,0.3517750466116205
2020-08-02,0.7161066930482097,0.9421071410179138,0.9202060714590282,0.3580533465241049
2020-08-03,0.7161066930482097,0.9859499931335449,0.9463669800358291,0.35805334652410487
2020-08-04,0.7202922263231993,1.5062075853347778,1.258832969953923,0.36014611316159956
2020-08-05,0.670826833073323,1.2605962753295898,1.0881785231208854,0.3354134165366615
2020-08-06,0.6609337544233477,1.0575835704803467,0.9621075681035982,0.33046687721167384
2020-08-07,0.7301853049731746,0.9343963265419006,0.922512805721113,0.3650926524865873
2020-08-08,0.6624557665233438,0.8055943846702576,0.8123560329647235,0.3312278832616719
2020-08-09,0.6487576576233781,0.921853005886078,0.8750668264490881,0.32437882881168906
2020-08-10,0.6213614398234466,1.784865140914917,1.3773958870974592,0.3106807199117233
2020-08-11,0.6662607967733343,1.3072729110717773,1.1138281500696487,0.33313039838666714
2020-08-12,0.6514211787983715,1.4488133192062376,1.1911506615256224,0.32571058939918573
2020-08-13,0.6666412997983334,1.1693301200866697,1.0316351116295523,0.3333206498991667
2020-08-14,0.6666412997983334,1.485968828201294,1.2207291794396586,0.3333206498991667
2020-08-15,0.7001255659982497,1.4802290201187132,1.2335479018904203,0.35006278299912486
2020-08-16,0.7001255659982497,1.5056124925613403,1.2486982062447087,0.35006278299912497
2020-08-17,0.7001255659982497,1.540165424346924,1.2693213670068053,0.35006278299912486
2020-08-18,0.6723488451733192,1.2719476222991943,1.0956986271841993,0.3361744225866595
2020-08-19,0.7115406567482212,0.7615444660186768,0.8102165770165103,0.35577032837411066
2020-08-20,0.6426696092233933,0.6932042241096497,0.7354769165240295,0.32133480461169667
2020-08-21,0.6803394086982992,0.62718665599823,0.7146345746584768,0.3401697043491496
2020-08-22,0.6837639359232905,0.7771837711334229,0.8058767369664299,0.3418819679616453
2020-08-23,0.6830029298732925,0.9298028945922852,0.896620079814324,0.34150146493664624
2020-08-24,0.7039305962482402,1.0397144556045532,0.9724866343045325,0.3519652981241201
2020-08-25,0.6438111182983904,0.7588976621627808,0.775286344282386,0.3219055591491952
2020-08-26,0.6731098512233172,0.7451117634773254,0.7814814282343143,0.33655492561165856
2020-08-27,0.6727293481983182,0.65765780210495,0.7290725398574408,0.33636467409915916
2020-08-28,0.6700658270233248,0.6811881065368652,0.7418095972443556,0.3350329135116624
2020-08-29,0.6700658270233248,0.6811881065368652,0.7418095972443556,0.3350329135116624
2020-08-30,0.6742513602983143,1.1868256330490112,1.0457980021426705,0.33712568014915717
2020-08-31,0.6742513602983143,1.1868256330490112,1.0457980021426705,0.33712568014915717
2020-09-01,0.6027167915984932,1.5825932025909424,1.247481882798518,0.3013583957992466
2020-09-02,0.6274494882234314,1.641772508621216,1.2948214080570395,0.3137247441117157
2020-09-03,0.7069746204482326,1.161717176437378,1.0467868246519967,0.3534873102241163
2020-09-04,0.7199117232982002,0.9722582697868347,0.9400626869933943,0.3599558616491001
2020-09-05,0.5505878771736236,0.9237783551216124,0.8280389546742472,0.2752939385868117
2020-09-06,0.5505878771736236,1.082205891609192,0.9228344548275189,0.2752939385868117
2020-09-07,0.5505878771736236,1.0941689014434814,0.9299925507351007,0.27529393858681184
2020-09-08,0.6830029298732925,0.8603752255439758,0.8551697985768332,0.3415014649366463
2020-09-09,0.6327765305734181,0.7814194560050964,0.7833102511802152,0.3163882652867091
2020-09-10,0.6202199307484495,0.927512228488922,0.8644433078222099,0.31010996537422475
2020-09-11,0.6278299912484304,1.7100952863693237,1.3358337381541887,0.3139149956242152
2020-09-12,0.6194589246984514,1.8473427295684814,1.413819174379896,0.3097294623492256
2020-09-13,0.6890909782732773,1.5783462524414062,1.28676673337879,0.3445454891366386
2020-09-14,0.7027890871732431,0.8297989964485167,0.8466438186900772,0.3513945435866215
2020-09-15,0.6750123663483124,0.7289455533027649,0.7727655336463213,0.33750618317415626
2020-09-16,0.6662607967733343,2.7606759071350098,1.9817941590842536,0.33313039838666714
2020-09-17,0.6982230508732544,2.1510357856750493,1.6330133119741126,0.3491115254366272
2020-09-18,0.6639777786233401,0.8704431653022766,0.8518336707508042,0.33198888931167003
2020-09-19,0.6620752634983449,0.7767512202262878,0.7949426259530389,0.33103763174917245
2020-09-20,0.616795403523458,1.7031016349792483,1.326325108332656,0.308397701761729
2020-09-21,0.5985312583235037,3.296653509140015,2.270245713369518,0.29926562916175187
2020-09-22,0.592823712948518,3.3785154819488525,2.316527833280342,0.296411856474259
2020-09-23,0.592823712948518,5.347643852233888,3.493928884851176,0.296411856474259
2020-09-24,0.592823712948518,5.982738494873048,3.873671064880866,0.296411856474259
2020-09-25,0.592823712948518,7.00167989730835,4.482926762386624,0.296411856474259
2020-09-26,0.5715155435485713,7.258813858032226,4.627567523514896,0.28575777177428563
2020-09-27,0.570374034473574,7.8774871826171875,4.997141899450571,0.285187017236787
2020-09-28,0.5589589437236026,8.725663185119629,5.499770740304951,0.2794794718618013
2020-09-29,0.5981507552985046,8.126494407653809,5.157717793409032,0.2990753776492523
2020-09-30,0.6053803127734865,6.999790668487549,4.4871964998874105,0.30269015638674324
2020-10-01,43.15513108329211,3.1755793094635014,22.124740053459703,21.577565541646056
2020-10-02,43.12507134431719,3.9640979766845703,22.246769059458703,21.562535672158596
2020-10-03,42.76892051291808,5.603545188903809,22.371631744229887,21.38446025645904
2020-10-04,41.216468170921964,11.79867935180664,22.869965629407808,20.608234085460982
2020-10-05,40.81009094022298,13.114033699035646,22.972214496078106,20.40504547011149
2020-10-06,40.095886762299756,13.578652381896973,22.8030442510265,20.047943381149878
2020-10-07,31.355351775046614,15.689753532409668,20.232486380865247,15.677675887523307
2020-10-08,17.293481983181767,10.035891532897951,12.971442304296737,8.646740991590883
2020-10-09,16.85209847418287,11.03296947479248,13.22911255500355,8.426049237091435
2020-10-10,15.565617746661086,11.077773094177248,12.747890294544828,7.782808873330543
2020-10-11,15.265781362961835,16.790077209472656,15.208581695899195,7.632890681480918
2020-10-12,10.304782923024238,35.73112106323242,23.046911046385315,5.152391461512119
2020-10-13,8.452874700353869,37.35759735107422,23.627341708692075,4.226437350176934
2020-10-14,2.7731060461930674,39.269371032714844,24.0107073810183,1.3865530230965322
2020-10-15,2.6787412959933032,40.178672790527344,24.525313022378818,1.3393706479966516
2020-10-16,2.4797382139188007,41.13182830810547,25.05770338804617,1.2398691069594003
2020-10-17,2.4797382139188007,41.166221618652344,25.07761921004288,1.239869106959399
2020-10-18,1.7914082416955215,42.12423706054687,25.578157274942864,0.8957041208477621
2020-10-19,1.6913359461207718,41.446014404296875,25.17219646107384,0.8456679730603859
2020-10-20,1.6635592252958413,41.02080154418945,24.920125797007987,0.8317796126479207
2020-10-21,1.4820592823712948,38.42607498168945,23.37543677006368,0.7410296411856474
2020-10-22,1.3443171873216393,37.304637908935554,22.697381189512583,0.6721585936608196
2020-10-23,1.2864807275217838,37.74581146240234,22.950769341078608,0.6432403637608919
2020-10-24,1.2678360792968304,33.474205017089844,20.423196549199858,0.6339180396484152
2020-10-25,1.2754461397968113,30.280399322509766,18.53658336422985,0.6377230698984057
2020-10-26,1.2754461397968113,30.273090362548828,18.53226300993583,0.6377230698984057
2020-10-27,1.257181994596857,36.097869873046875,21.972773436292346,0.6285909972984285
2020-10-28,1.0962292150222595,46.714508056640625,28.24495997442139,0.5481146075111297
2020-10-29,1.0829116091472928,45.99165725708008,27.815850805315467,0.5414558045736464
2020-10-30,0.992351889197519,39.50776672363281,23.961212752274623,0.4961759445987595
2020-10-31,0.9425059929226437,35.19590759277344,21.392870407769284,0.47125299646132185
2020-11-01,0.8793424907728017,34.259422302246094,20.826250121479262,0.43967124538640084
2020-11-02,0.9318519082226704,30.57713508605957,18.645249169863757,0.4659259541113352
2020-11-03,0.889616072447776,29.39607429504395,17.934359304903396,0.444808036223888
2020-11-04,0.9014116662227465,29.214878082275387,17.829006146951006,0.45070583311137324
2020-11-05,0.866785890947833,21.486604690551758,13.222014683252109,0.4333929454739165
2020-11-06,0.7499714622731251,16.792003631591797,10.38904127383186,0.37498573113656253
2020-11-07,0.6845249419732887,15.237772941589355,9.43941178915685,0.34226247098664436
2020-11-08,0.601575282523496,16.616025924682617,10.234554915186669,0.300787641261748
2020-11-09,0.616795403523458,14.53675651550293,8.996876742508597,0.308397701761729
2020-11-10,0.6126098702484685,15.071605682373047,9.315088986887798,0.30630493512423423
2020-11-11,0.7050721053232374,12.37747573852539,7.739507389979422,0.3525360526616187
2020-11-12,0.7012670750732469,12.806414604187012,7.994086129024626,0.35063353753662346
2020-11-13,0.7016475780982458,13.795059204101564,8.584292098925287,0.3508237890491229
2020-11-14,0.6540846999733648,13.983865737915039,8.679849425073783,0.3270423499866824
2020-11-15,0.6563677181233591,12.747783660888674,7.942366501152922,0.3281838590616796
2020-11-16,0.6556067120733611,17.55501937866211,10.813455640973487,0.32780335603668054
2020-11-17,0.694418020623264,15.065738677978516,9.340161162466723,0.347209010311632
2020-11-18,0.6502796697233743,13.290465354919434,8.264272465028565,0.3251398348616871
2020-11-19,0.6772953844983067,14.725740432739256,9.131171525837846,0.33864769224915336
2020-11-20,0.624785967048438,26.11299705505371,15.917792669505063,0.312392983524219
2020-11-21,0.6662607967733343,27.099666595458988,16.51693456295686,0.33313039838666714
2020-11-22,0.6780563905483049,21.821722030639652,13.368292597709038,0.33902819527415246
2020-11-23,0.678436893573304,21.819988250732422,13.367364622123128,0.339218446786652
2020-11-24,0.5840721433735399,20.72991371154785,12.688888887315619,0.2920360716867699
2020-11-25,0.7195312202732012,16.0811710357666,9.954805178446502,0.3597656101366006
2020-11-26,0.6403865910733991,13.723027229309082,8.519076772057472,0.32019329553669956
2020-11-27,0.7084966325482288,13.108666419982912,8.177150884583082,0.3542483162741144
2020-11-28,0.662836269548343,13.259364128112793,8.250307350634785,0.3314181347741715
2020-11-29,0.6898519843232754,15.378412246704103,9.525219596471468,0.3449259921616377
2020-11-30,0.6498991666983753,14.636131286621094,9.067978855253676,0.32494958334918767
2020-12-01,0.6495186636733762,19.14508819580078,11.761328834988593,0.3247593318366881
2020-12-02,0.5893991857235265,21.53251838684082,13.170377067122338,0.2946995928617632
2020-12-03,0.47867280544880336,33.11509323120117,20.07764738216497,0.23933640272440168
2020-12-04,0.42768540009893075,37.466381072998054,22.67798966538085,0.21384270004946537
2020-12-05,0.42768540009893075,37.466381072998054,22.67798966538085,0.21384270004946537
2020-12-06,0.42768540009893075,37.466381072998054,22.67798966538085,0.21384270004946537
2020-12-07,0.35272630417411815,48.99214172363281,29.587866428837263,0.17636315208705908
2020-12-08,0.33864769224915336,50.84867477416992,30.702520323091797,0.16932384612457668
2020-12-09,0.33864769224915336,51.177509307861335,30.899976195249785,0.16932384612457668
2020-12-10,0.2606445721243484,59.99718475341796,36.20374091096739,0.1303222860621742
2020-12-11,0.25798105094935503,61.22733688354492,36.943671203574965,0.12899052547467751
2020-12-12,0.234009360374415,71.49620819091797,43.123275643473484,0.1170046801872075
2020-12-13,0.41588980632396033,81.5446548461914,49.110225700482054,0.20794490316198017
2020-12-14,0.2286823180244283,83.3619384765625,50.262505655058995,0.11434115901221414
2020-12-15,0.2286823180244283,83.25846099853517,50.200256555714816,0.11434115901221414
2020-12-16,0.1906320155245234,82.02300262451172,49.46922488564031,0.0953160077622617
2020-12-17,0.25341501464936644,76.7547607421875,46.28119880952345,0.12670750732468322
2020-12-18,0.4075187397739812,75.08850860595703,45.240578832800885,0.2037593698869906
2020-12-19,0.3926791217990183,74.25124359130861,44.74200020758131,0.19633956089950916
2020-12-20,0.3926791217990183,73.38225555419923,44.22066690277951,0.19633956089950916
2020-12-21,0.3926791217990183,73.38225555419923,44.22066690277951,0.19633956089950916
2020-12-22,0.3926791217990183,72.58082580566406,43.73986394401827,0.19633956089950916
2020-12-23,0.3926791217990183,72.58570098876953,43.74278871997761,0.19633956089950916
2020-12-24,0.37593698869906017,71.92461395263672,43.34985242455859,0.18796849434953009
2020-12-25,0.37593698869906017,71.92461395263672,43.34985242455859,0.18796849434953009
2020-12-26,0.23933640272440168,70.28701782226562,42.394844922884786,0.11966820136220084
2020-12-27,0.23933640272440168,69.66603088378906,42.021343053275835,0.11966820136220084
2020-12-28,0.23933640272440168,69.66603088378906,42.021343053275835,0.11966820136220084
2020-12-29,0.1944370457745139,69.59062957763672,41.98478787815066,0.09721852288725695
2020-12-30,0.1731288763745672,70.74699401855469,42.685240548176196,0.0865644381872836
2020-12-31,0.14725467067463188,86.57878875732422,52.22745627844553,0.07362733533731594
2021-01-01,0.09702827137475743,79.98213958740234,48.268787743715855,0.048514135687378716
2021-01-02,0.09702827137475743,79.12724304199219,47.7533808598929,0.048514135687378716
2021-01-03,0.08789619877478026,78.43607330322267,47.33927970887102,0.04394809938739013
2021-01-04,0.047182375099882046,86.6661605834961,52.316780490424556,0.023591187549941023
2021-01-05,0.02397169057494007,84.86032104492188,51.23525265249903,0.011985845287470036
2021-01-06,0.0,83.02139282226562,50.13315718919963,0.0
2021-01-07,0.09626726532475934,86.7713394165039,52.36219480433314,0.04813363266237967
2021-01-08,0.14611316159963472,86.79953002929688,52.360847745969195,0.07305658079981736
2021-01-09,0.11681442867470797,88.63456726074219,53.47758841798538,0.058407214337353984
2021-01-10,0.11186788934972032,85.0133514404297,51.296849238129084,0.05593394467486016
2021-01-11,0.12480499219968799,83.94608306884766,50.649172663823826,0.062402496099843996
2021-01-12,0.12480499219968799,83.53262329101562,50.40001756342881,0.062402496099843996
2021-01-13,0.10882386514972793,80.51929473876953,48.589032216230116,0.054411932574863965
2021-01-14,0.02397169057494007,76.77826690673828,46.35677457967444,0.011985845287470036
2021-01-15,0.048704387199878234,80.47697448730469,48.58184543358654,0.024352193599939117
2021-01-16,0.12594650127468512,80.35657501220703,48.48575179067849,0.06297325063734256
2021-01-17,0.1225219740496937,79.75877380371094,48.1265365757929,0.06126098702484685
2021-01-18,0.08485217457478787,78.460205078125,47.35469700607289,0.042426087287393936
2021-01-19,0.07229557474981926,81.20930480957031,49.01634985489514,0.03614778737490963
2021-01-20,0.07990563524980024,81.201416015625,49.00921739780223,0.03995281762490012
2021-01-21,0.07990563524980024,80.54206085205078,48.611587171118025,0.03995281762490012
2021-01-22,0.0772421140748069,79.38654327392578,47.91552433045704,0.03862105703740345
2021-01-23,0.0772421140748069,79.23173522949219,47.82216178482106,0.03862105703740345
2021-01-24,0.0772421140748069,79.94010162353516,48.2493675546039,0.03862105703740345
2021-01-25,0.0772421140748069,80.24110412597656,48.43089791353034,0.03862105703740345
2021-01-26,0.093603744149766,82.27110290527344,49.649881434314516,0.046801872074883
2021-01-27,0.093603744149766,82.00372314453125,49.48867222382541,0.046801872074883
2021-01-28,0.093603744149766,82.00372314453125,49.48867222382541,0.046801872074883
2021-01-29,0.0749590959248126,81.03551483154298,48.910704339043626,0.0374795479624063
2021-01-30,0.07077356264982307,80.21014404296875,48.414180483342136,0.035386781324911534
2021-01-31,0.07077356264982307,80.52334594726562,48.603088388892594,0.035386781324911534
2021-02-01,0.07077356264982307,78.39519500732422,47.31949294696165,0.035386781324911534
2021-02-04,0.12899052547467751,81.1415023803711,48.957800153943715,0.06449526273733876
2021-02-05,0.12822951942467944,81.26927185058594,49.03502795964514,0.06411475971233972
2021-02-06,0.12822951942467944,81.23421478271484,49.01390341172357,0.06411475971233972
2021-02-07,0.12822951942467944,80.52459716796875,48.586304864012156,0.06411475971233972
2021-02-08,0.12822951942467944,80.70956420898438,48.697761564732666,0.06411475971233972
2021-02-09,0.15334271907461663,77.98725128173828,47.050332621077295,0.07667135953730832
2021-02-10,0.13013203454967467,80.20452117919922,48.39286010766573,0.06506601727483734
2021-02-11,0.14535215554963662,82.07402801513672,49.51446279555731,0.07267607777481831
2021-02-12,0.14535215554963662,83.90430450439453,50.61703009979352,0.07267607777481831
2021-02-13,0.15790875537460525,76.76329040527344,46.3118885194578,0.07895437768730262
2021-02-14,0.14497165252463756,76.9869155883789,46.45006464379803,0.07248582626231878
2021-02-15,0.15600624024961,80.21160125732422,48.38930924630665,0.078003120124805
2021-02-16,0.15258171302461854,77.44744110107422,46.72540039899147,0.07629085651230927
2021-02-17,0.13545907689966136,74.52062225341797,44.96668091052553,0.06772953844983068
2021-02-18,0.14573265857463566,71.51329803466795,43.15254672559845,0.07286632928731783
2021-02-19,0.13165404664967087,73.64773559570312,44.441663264419056,0.06582702332483543
2021-02-20,0.16627982192458432,76.74633026123047,46.29943482414337,0.08313991096229216
2021-02-21,0.17046535519957384,74.34664916992188,44.85333862653049,0.08523267759978692
2021-02-22,0.179597427799551,74.35125732421875,44.853889668948995,0.0897987138997755
2021-02-23,0.1343175678246642,70.50726318359375,42.54885127404787,0.0671587839123321
2021-02-24,0.14573265857463566,67.2989273071289,40.613805694162046,0.07286632928731783
2021-02-25,0.17731440964955672,66.81314849853516,40.31586217996732,0.08865720482477836
2021-02-26,0.17427038544956433,69.16738891601562,41.73389885030305,0.08713519272478217
2021-02-27,0.21041817282447395,66.79324340820312,40.29831842501084,0.10520908641223697
2021-02-28,0.21650622122445876,66.2418746948242,39.965541217485054,0.10825311061222938
2021-03-01,0.1818804459495453,61.10157775878906,36.87650331475638,0.09094022297477265
2021-03-02,0.2035691183744911,59.08656311035156,35.661414156039555,0.10178455918724555
2021-03-03,0.179597427799551,62.26362609863282,37.5763822926619,0.0897987138997755
2021-03-04,0.1529622160496176,61.14544677734375,36.906137262508885,0.0764811080248088
2021-03-05,0.1522012099996195,61.90571594238281,37.36415978721966,0.07610060499980975
2021-03-06,0.195198051824512,55.19394302368163,33.31918216615474,0.097599025912256
2021-03-07,0.17655340359955862,58.061176300048835,35.04649097452352,0.08827670179977931
2021-03-08,0.2754841900993113,56.26096343994141,33.95640181267145,0.13774209504965565
2021-03-09,0.2709181537993227,55.96550369262695,33.77907232369676,0.13545907689966136
2021-03-10,0.21346219702446634,53.81636428833008,32.48931179252018,0.10673109851223317
2021-03-11,0.21346219702446634,58.56284713745117,35.3453829133952,0.10673109851223317
2021-03-12,0.19900308207450249,52.972984313964844,31.98225995901989,0.09950154103725124
2021-03-13,0.2522735055743693,53.386157989501946,32.229132263562725,0.12613675278718464
2021-03-14,0.22754080894943113,54.10701370239258,32.663624216641956,0.11377040447471556
2021-03-15,0.19253453064951867,57.723167419433594,34.841744023248275,0.09626726532475934
2021-03-16,0.16627982192458432,52.3436164855957,31.60423034077787,0.08313991096229216
2021-03-17,0.20280811232449297,50.970027923583984,30.77670715189494,0.10140405616224649
2021-03-18,0.1491571857996271,56.827682495117195,34.30568380364907,0.07457859289981356
2021-03-19,0.1537232220996157,59.45305633544922,35.88669002578391,0.07686161104980785
2021-03-20,0.19976408812450058,58.40023422241211,35.24868554518487,0.09988204406225029
2021-03-21,0.19976408812450058,58.2065315246582,35.132103511711165,0.09988204406225029
2021-03-22,0.21422320307446444,54.39351272583007,32.83656223859286,0.10711160153723222
2021-03-23,0.21612571819945967,50.070621490478516,30.235407775702406,0.10806285909972983
2021-03-24,0.25874205699935315,54.17930603027343,32.70581004871888,0.12937102849967658
2021-03-25,0.22525779079943684,59.04380416870117,35.63371937713559,0.11262889539971842
2021-03-26,0.23743388759940642,55.28548431396485,33.37204907885661,0.11871694379970321
2021-03-27,0.21840873634945399,57.43288803100586,34.66509209235125,0.10920436817472699
2021-03-28,0.21574521517446063,49.92728042602539,30.149159604309855,0.10787260758723032
2021-03-29,0.2865187778242837,49.98111343383789,30.181564337484843,0.14325938891214185
2021-03-30,0.2693961416993265,53.45938873291016,32.27257617552583,0.13469807084966326
2021-03-31,0.3268520984741829,49.8384780883789,30.0959066243591,0.16342604923709145
2021-04-01,0.3139149956242152,49.01414489746094,29.600692993746986,0.1569574978121076
2021-04-02,0.39914767322400213,44.73921203613281,27.03714286636115,0.19957383661200107
2021-04-03,0.4196948365739508,41.86973571777344,25.31750975957513,0.2098474182869754
2021-04-04,0.31962254099920095,47.93954467773438,28.955277663814726,0.15981127049960048
2021-04-05,0.31962254099920095,47.88611602783203,28.923185100085856,0.15981127049960048
2021-04-06,0.4132262851489669,42.37310791015625,25.618869259736567,0.20661314257448346
2021-04-07,0.41588980632396033,41.29174041748047,24.970576964262563,0.20794490316197878
2021-04-08,0.3843080552490392,37.192501068115234,22.508220742860207,0.1921540276245196
2021-04-09,0.41779232144895556,43.688270568847656,26.407894745982,0.20889616072447778
2021-04-10,0.4474715573988813,43.59953689575195,26.356582511953242,0.22373577869944064
2021-04-11,0.3074464441992314,49.16938018798828,29.693892076564232,0.1537232220996157
2021-04-12,0.4166508123739584,46.334846496582024,27.994952559239795,0.2083254061869792
2021-04-13,0.210798675849473,55.37075424194337,33.424768084724235,0.1053993379247365
2021-04-14,0.3287546135991781,59.102886199951165,35.65984226724817,0.16437730679958906
2021-04-15,0.3245690803241886,59.778690338134766,36.066119758774626,0.1622845401620943
2021-04-16,0.41550930329896124,54.80280303955078,33.07317142215867,0.20775465164948062
2021-04-17,0.32913511662417716,55.68745803833007,33.60861435820489,0.16456755831208858
2021-04-18,0.32837411057417903,55.57329559326172,33.540094579938554,0.16418705528708952
2021-04-19,0.4002891822989993,51.97257614135742,31.376175501437213,0.20014459114949965
2021-04-20,0.3394086982991515,54.90936279296875,33.14081170287589,0.16970434914957575
2021-04-21,0.34207221947414485,54.62406539916992,32.96937766467947,0.17103610973707242
2021-04-22,0.30782694722423043,53.63181686401367,32.37483808255387,0.15391347361211521
2021-04-23,0.4562231269738594,44.648799896240234,26.98596184489834,0.2281115634869297
2021-04-24,0.5422168106236445,38.923641204833984,23.56442171336808,0.27110840531182223
2021-04-25,0.5186256230737035,39.68320083618163,24.01653578616609,0.25931281153685176
2021-04-26,0.5186256230737035,41.889747619628906,25.337533660171047,0.25931281153685176
2021-04-27,0.5585784406986036,41.091800689697266,24.863384216896165,0.27928922034930315
2021-04-28,0.5483048590236292,39.19282913208008,23.726171441276136,0.2741524295118146
2021-04-29,0.4798143145238004,42.91966247558594,25.951366920945834,0.2399071572619002
2021-04-30,0.46801872074883,43.587799072265625,26.350864578629686,0.234009360374415
2021-05-01,0.2910848141242723,56.12585067749023,33.87422939290522,0.14554240706213614
2021-05-02,0.32723260149918193,53.873321533203125,32.51917762185907,0.16361630074959096
2021-05-03,0.4874243750237814,45.043495178222656,27.224047667366662,0.2437121875118907
2021-05-04,0.5475438529736312,41.84279251098633,25.31178186929805,0.2737719264868156
2021-05-05,0.5132985807237167,43.24869155883789,26.150735761480536,0.25664929036185835
2021-05-06,0.32266656519919334,44.78466033935546,27.060417046109126,0.16133328259959667
2021-05-07,0.2591225600243522,47.52032470703125,28.701967923139797,0.1295612800121761
2021-05-08,0.6206004337734484,40.38459396362305,24.446245535833143,0.3103002168867242
2021-05-09,0.6221224458734447,33.16916656494141,20.134184949288546,0.31106122293672234
2021-05-10,0.5532513983486168,34.48200607299805,20.908099109450365,0.2766256991743084
2021-05-11,0.25988356607435026,54.47919464111328,32.88607320727825,0.12994178303717513
2021-05-12,0.25988356607435026,54.605789184570305,32.96218937475076,0.12994178303717513
2021-05-13,0.36033636467409913,52.52453613281249,31.708280311097635,0.18016818233704956
2021-05-14,0.3854495643240364,50.06937026977539,30.23453745949573,0.1927247821620182
2021-05-15,0.3854495643240364,49.73748016357422,30.035402132923128,0.1927247821620182
2021-05-16,0.4265438910239336,46.84620666503907,28.301923062555424,0.2132719455119668
2021-05-17,0.44823256344887946,42.24483489990234,25.54465539021505,0.22411628172443973
2021-05-18,0.49693695064875765,37.334049224853516,22.60741731173317,0.24846847532437882
2021-05-19,0.46916022982382716,40.62690734863281,24.576870056189502,0.23458011491191358
2021-05-20,0.5757010768235608,36.044662475585945,21.846209659259262,0.2878505384117804
2021-05-21,0.5658079981735855,35.69717025756836,21.63695912523532,0.28290399908679276
2021-05-22,0.6148928883984628,31.48699760437012,19.127520001844967,0.3074464441992314
2021-05-23,0.6327765305734181,31.49094200134277,19.133187698584013,0.31638826528670905
2021-05-24,0.6327765305734181,31.49094200134277,19.133187698584013,0.31638826528670905
2021-05-25,0.5989117613485027,30.029747009277347,18.253316192609535,0.29945588067425133
2021-05-26,0.6110878581484722,27.31343078613281,16.632076769973548,0.3055439290742361
2021-05-27,0.5319432289486702,31.524646759033203,19.134698011831517,0.2659716144743351
2021-05-28,0.6259274761234352,26.47356414794922,16.133539885301794,0.3129637380617176
2021-05-29,0.6259274761234352,26.478361129760742,16.136406556959678,0.3129637380617176
2021-05-30,0.5947262280735133,24.300935745239258,14.827160839388384,0.29736311403675664
2021-05-31,0.616795403523458,21.08897018432617,12.91307160147548,0.308397701761729
2021-06-01,0.6761538754233096,20.2088680267334,12.404726598527777,0.3380769377116548
2021-06-02,0.6955595296982612,20.172800064086914,12.388978698122,0.3477797648491306
2021-06-03,0.6757733723983106,20.183774948120117,12.389630150902937,0.3378866861991553
2021-06-04,0.6704463300483239,20.146724700927734,12.365917130680709,0.33522316502416194
2021-06-05,0.631635021498421,23.52705955505371,14.37422256582944,0.3158175107492105
2021-06-06,0.5601004527985998,24.267248153686523,14.798108491715784,0.2800502263992999
2021-06-07,0.5726570526235684,24.34404945373535,14.84727694486484,0.2863285263117842
2021-06-08,0.5916822038735208,21.31089210510254,13.038507438287503,0.2958411019367604
2021-06-09,0.5269966896236825,25.018648147583004,15.239369252832924,0.26349834481184126
2021-06-10,0.5996727673985008,18.524127960205078,11.374700664431577,0.2998363836992504
2021-06-11,0.538411780373654,20.595386505126953,12.595012999729436,0.26920589018682767
2021-06-12,0.6107073551234733,18.218679428100586,11.195591662255856,0.30535367756173665
2021-06-13,0.6498991666983753,11.238195419311523,7.038190233509208,0.32494958334918767
2021-06-14,0.6662607967733343,13.081691741943361,8.145460359979714,0.33313039838666714
2021-06-15,0.62402496099844,9.691918373107908,6.104077849702554,0.31201248049922
2021-06-16,0.6533236939233666,9.223128318786621,5.835867557810129,0.3266618469616833
2021-06-17,0.6841444389482897,8.156434059143066,5.2116008399515446,0.34207221947414485
2021-06-18,0.6742513602983143,7.891644477844238,5.049351183817741,0.33712568014915717
2021-06-19,0.6742513602983143,6.746070861816407,4.365311092436076,0.33712568014915717
2021-06-20,0.62402496099844,8.973938941955566,5.675000381353606,0.31201248049922
2021-06-21,0.5882576766485293,7.691755294799806,4.893611778847717,0.2941288383242647
2021-06-22,0.6457136334233857,5.172603130340576,3.412975949442036,0.32285681671169286
2021-06-23,0.6742513602983143,4.692848205566406,3.1392994300183594,0.33712568014915717
2021-06-24,0.6434306152733914,5.890202045440674,3.840663342158193,0.3217153076366957
2021-06-25,0.6955595296982612,4.5341796875,3.054243886981089,0.34777976484913076
2021-06-26,0.6925155054982688,5.245558738708497,3.477505631173049,0.3462577527491344
2021-06-27,0.6670218028233325,4.5965352058410645,3.0785069477993137,0.3335109014116664
2021-06-28,0.6955595296982612,3.0303375720977783,2.1565964598383722,0.3477797648491306
2021-06-29,0.7206727293481983,3.0593338012695312,2.185692690696207,0.36033636467409913
2021-06-30,0.7164871960732089,3.4230444431304936,2.4007517234442926,0.35824359803660444
2021-07-01,0.6803394086982992,2.855211019515991,2.044887452891036,0.3401697043491496
2021-07-02,0.7221947414481945,2.4581456184387207,1.8277164082889856,0.36109737072409726
2021-07-03,0.7134431718732164,3.6599366664886475,2.5406931536930943,0.3567215859366082
2021-07-04,0.7389368745481527,2.3197038173675537,1.7530996956086262,0.3694684372740764
2021-07-05,0.7153456869982117,2.088907241821289,1.6041339129500953,0.35767284349910594
2021-07-06,0.6875689661732811,2.932705879211426,2.0945588961878094,0.34378448308664056
2021-07-07,0.7092576385982269,1.8769704103469849,1.474740425696053,0.35462881929911333
2021-07-08,0.6259274761234352,2.9704713821411133,2.0881145425294796,0.3129637380617176
2021-07-09,0.7244777595981888,2.583641290664673,1.903674212591066,0.3622388797990943
2021-07-10,0.7187702142232031,1.339678168296814,1.1587316816285214,0.35938510711160154
2021-07-11,0.6198394277234504,1.2993146181106567,1.0864679669010273,0.3099197138617252
2021-07-12,0.6498991666983753,1.0134649276733398,0.9303522922464631,0.32494958334918767
2021-07-13,0.6373425668734066,1.8385859727859495,1.4171985935722147,0.3186712834367033
2021-07-14,0.6373425668734066,2.3251473903656006,1.7079116813369293,0.3186712834367033
2021-07-15,0.6373425668734066,2.3247978687286377,1.707702847445357,0.3186712834367033
2021-07-16,0.6498991666983753,1.4416977167129519,1.1861611352010948,0.32494958334918767
2021-07-17,0.6373425668734066,2.4858617782592773,1.8039360972990488,0.3186712834367033
2021-07-18,0.6472356455233819,1.4286328554153442,1.1770630100352104,0.32361782276169093
2021-07-19,0.6917544994482706,1.702069282531738,1.3619117734566577,0.3458772497241354
2021-07-20,0.7195312202732012,1.3312567472457884,1.1540772393701337,0.3597656101366006
2021-07-21,0.663216772573342,1.1221510171890259,1.0017862988658648,0.331608386286671
2021-07-22,0.6571287241733572,4.656919002532959,3.1100816049031854,0.3285643620866786
2021-07-23,0.6236444579734409,2.591022253036499,1.8602737570266183,0.31182222898672035
2021-07-24,0.6308740154484228,1.5713180303573608,1.2543774061998425,0.3154370077242114
2021-07-25,0.6308740154484228,1.4499244689941406,1.1818387369574135,0.3154370077242114
2021-07-26,0.6308740154484228,1.4719333648681643,1.194990143014445,0.3154370077242114
2021-07-27,0.6228834519234427,2.624256134033203,1.8797745183960162,0.31144172596172137
2021-07-28,0.6004337734484989,2.6745567321777344,1.8992112281619038,0.30021688672424945
2021-07-29,0.662836269548343,1.529625654220581,1.2449563693738974,0.3314181347741715
2021-07-30,0.6654997907233362,1.5247772932052612,1.2433519308468433,0.33274989536166805
2021-07-31,0.6609337544233477,0.873363196849823,0.8520821409654837,0.33046687721167384
2021-08-01,0.6582702332483543,1.6272659301757812,1.301061348729852,0.3291351166241771
2021-08-02,0.6601727483733496,2.140768527984619,1.6086744492032485,0.3300863741866747
2021-08-03,0.6601727483733496,2.3314669132232666,1.7225703132837036,0.33008637418667486
2021-08-04,0.6601727483733496,2.3314669132232666,1.7225703132837036,0.33008637418667486
2021-08-05,0.6887104752482782,1.0150991678237915,0.9503402018183273,0.34435523762413905
2021-08-06,0.6731098512233172,0.7358102798461915,0.7759272593377067,0.3365549256116587
2021-08-07,0.6704463300483239,0.8728314638137817,0.8564378230204608,0.335223165024162
2021-08-08,0.6769148814733077,1.349490761756897,1.1442237351153077,0.33845744073665385
2021-08-09,0.6381035729234047,0.8285738229751587,0.8141058080173064,0.31905178646170235
2021-08-10,0.6639777786233401,1.0299497842788696,0.9470939781267455,0.33198888931167003
2021-08-11,0.6529431908983676,1.0346524715423582,0.9444993858399817,0.3264715954491838
2021-08-12,0.7096381416232259,1.0211501121520996,0.9642025715892643,0.35481907081161296
2021-08-13,0.6704463300483239,1.979289770126343,1.5171636465282448,0.33522316502416194
2021-08-14,0.7092576385982269,1.0464123487472534,0.9790918425026607,0.35462881929911344
2021-08-15,0.7404588866481489,0.5576891303062439,0.7028651951296562,0.37022944332407437
2021-08-16,0.7343708382481641,0.9081296324729919,0.9088979965860925,0.36718541912408204
2021-08-17,0.718009208173205,0.8742361664772034,0.8806422737863463,0.35900460408660245
2021-08-18,0.7328488261481678,1.2469563484191895,1.1102710496825465,0.36642441307408397
2021-08-19,0.7119211597732201,1.057522177696228,0.9870254008824692,0.35596057988661006
2021-08-20,0.7088771355732278,0.7123231291770935,0.7795313063077807,0.354438567786614
2021-08-21,0.7069746204482326,1.1869533061981201,1.0618474580523023,0.35348731022411634
2021-08-22,0.6856664510482858,1.9002803564071655,1.4773037074676438,0.3428332255241429
2021-08-23,0.6818614207982954,0.9130613207817077,0.8860645550824405,0.34093071039914774
2021-08-24,0.6704463300483239,1.9233705997467039,1.483771299353328,0.3352231650241619
2021-08-25,0.6179369125984552,1.119019865989685,0.9777830541843758,0.3089684562992276
2021-08-26,0.7005060690232487,0.7210099697113037,0.7805901709940466,0.3502530345116244
2021-08-27,0.6704463300483239,0.38353201746940613,0.564250781011429,0.33522316502416194
2021-08-28,0.6826224268482934,0.6216400265693665,0.7124502492633195,0.34131121342414666
2021-08-29,0.6590312392983524,1.3144195079803467,1.1145763149372514,0.3295156196491762
2021-08-30,0.6590312392983524,1.340038299560547,1.1298775990465353,0.3295156196491762
2021-08-31,0.6175564095734561,2.1215174198150635,1.5767725419591747,0.30877820478672796
2021-09-01,0.7282827898481793,1.0135377645492554,0.9687931659853868,0.3641413949240896
2021-09-02,0.7123016627982193,0.9643396139144897,0.9316063048247084,0.3561508313991097
2021-09-03,0.7115406567482212,0.6159289479255676,0.7233215513228826,0.3557703283741106
2021-09-04,0.7065941174232335,1.573532581329346,1.292369280672115,0.35329705871161676
2021-09-05,0.694418020623264,0.8613219857215881,0.8613442658577457,0.347209010311632
2021-09-06,0.7016475780982458,0.7525019645690917,0.799948434817737,0.3508237890491229
2021-09-07,0.6830029298732925,1.2165881395339966,1.0678389788576603,0.34150146493664624
2021-09-08,0.6685438149233286,2.2715842723846436,1.6908003898666837,0.3342719074616643
2021-09-09,0.6670218028233325,2.0833189487457275,1.5776441499516598,0.33351090141166617
2021-09-10,0.6613142574483467,1.2014544010162354,1.0482199524078624,0.33065712872417335
2021-09-11,0.6647387846733381,1.4833465814590452,1.218240158288275,0.33236939233666907
2021-09-12,0.6601727483733496,1.4963418245315552,1.2237863646268998,0.3300863741866748
2021-09-13,0.6780563905483049,1.9338738918304443,1.4937012418030124,0.3390281952741525
2021-09-14,0.631635021498421,2.0894484519958496,1.564350614137317,0.3158175107492105
2021-09-15,0.631635021498421,4.325783729553223,2.9006547577681143,0.31581751074921066
2021-09-16,0.631635021498421,4.462197303771973,2.9821675909758025,0.31581751074921066
2021-09-17,0.7244777595981888,1.202498197555542,1.07966556593706,0.36223887979909436
2021-09-18,0.7229557474981927,0.9031183123588561,0.9003042174113187,0.36147787374909635
2021-09-19,0.7229557474981927,0.9389406442642212,0.9216768502744563,0.36147787374909635
2021-09-20,0.6989840569232525,1.3136370182037354,1.1335605326528386,0.34949202846162625
2021-09-21,0.7290437958981774,1.5424414873123171,1.2846929193971854,0.3645218979490887
2021-09-22,0.7290437958981774,1.5365484952926636,1.2811773497430274,0.3645218979490888
2021-09-23,0.7081161295232297,1.2027662992477417,1.0718414961672562,0.3540580647616149
2021-09-24,0.6563677181233591,1.1326217651367188,1.0046927498281513,0.3281838590616796
2021-09-25,0.6206004337734484,0.9538777470588684,0.8803874428400342,0.3103002168867242
2021-09-26,0.6206004337734484,0.9540945887565612,0.8805170387786018,0.31030021688672427
2021-09-27,0.678817396598303,0.8634325265884399,0.8549384663526945,0.3394086982991515
2021-09-28,0.6384840759484038,0.8455447554588318,0.8244325885303325,0.3192420379742019
2021-09-29,0.670826833073323,2.137020349502563,1.6115351873592472,0.3354134165366614
2021-09-30,0.6841444389482897,1.6750786304473877,1.3421223974523648,0.34207221947414473
2021-10-01,35.787451010235536,0.306636244058609,17.9691530507578,17.893725505117768
2021-10-02,29.485940413226285,0.43897846341133123,14.878614067412608,14.742970206613142
2021-10-03,29.275522240401813,0.4758521020412445,14.785800173946933,14.637761120200906
2021-10-04,28.27517978767931,0.7193600535392762,14.368581084883298,14.137589893839655
2021-10-05,27.84330885430539,2.2557551860809326,14.655734037097416,13.921654427152696
2021-10-06,27.383280697081542,2.9108026027679443,14.652279414590295,13.691640348540771
2021-10-07,26.40843194703398,4.010082244873047,14.566737582809571,13.20421597351699
2021-10-08,13.999086792740004,4.201910495758057,8.948672830666144,6.999543396370002
2021-10-09,6.8813972071077965,4.250164031982422,5.714724764496055,3.4406986035538982
2021-10-10,2.8419770937178948,4.965986728668213,4.278608648693819,1.4209885468589474
2021-10-11,2.302804307294243,4.835870265960693,3.9602219259479017,1.1514021536471217
2021-10-12,2.2757885925193104,5.353242397308349,4.248665673583706,1.1378942962596554
2021-10-13,1.9999238993950001,6.849980354309082,4.9993850518876854,0.9999619496975001
2021-10-14,1.5014649366462463,6.928239345550537,4.830382221686115,0.7507324683231231
2021-10-15,1.3138769453217152,6.691655158996582,4.6098298712710415,0.6569384726608576
2021-10-16,1.0593204215973517,6.310461521148682,4.273436773834397,0.5296602107986759
2021-10-17,0.9908298770975229,4.95689058303833,3.439560109774936,0.4954149385487613
2021-10-18,0.9889273619725277,4.379202842712402,3.095574532743232,0.49446368098626386
2021-10-19,0.9885468589475286,4.378364086151123,3.094902745619888,0.49427342947376446
2021-10-20,0.9036946843727408,4.429389953613281,3.086543071034573,0.4518473421863704
2021-10-21,0.9010311631977473,4.724207401275635,3.260700854062716,0.4505155815988735
2021-10-22,0.8766789695978083,3.0604002475738525,2.2595576923235807,0.43833948479890417
2021-10-23,0.8272135763479319,2.234032154083252,1.7441654311100607,0.4136067881739659
2021-10-24,0.7994368555230015,2.646984815597534,1.9769612082407757,0.39971842776150074
2021-10-25,0.7994368555230015,2.65198016166687,1.9799377547919415,0.39971842776150074
2021-10-26,0.726380274723184,3.8203365802764893,2.6423819213809634,0.363190137361592
2021-10-27,0.662836269548343,3.2419962882995605,2.2676353769602464,0.3314181347741715
2021-10-28,0.7240972565731898,2.288668155670166,1.727507708247841,0.362048628286595
2021-10-29,0.7435029108481412,2.292590379714966,1.7391057100521368,0.3717514554240706
2021-10-30,0.7503519652981241,2.3449344635009766,1.773588861137632,0.37517598264906205
2021-10-31,0.7670940983980823,3.020647287368774,2.18441878000871,0.38354704919904115
2021-11-01,0.7670940983980823,3.0814943313598633,2.2206950185106686,0.38354704919904115
2021-11-02,0.7237167535481908,10.154651641845703,6.420338145953817,0.3618583767740954
2021-11-03,0.7202922263231993,10.13415241241455,6.406742655658036,0.36014611316159933
2021-11-04,0.7043110992732392,14.317292213439941,8.896933017715618,0.3521555496366196
2021-11-05,0.4668772116738328,47.78256607055664,28.864251842885608,0.2334386058369164
2021-11-06,0.4333929454739165,59.19454574584962,35.705269290597045,0.21669647273695825
2021-11-07,0.39420113389901446,58.19628906249999,35.110002354362464,0.19710056694950723
2021-11-08,0.491609908298771,55.47013473510742,33.46920957491644,0.2458049541493855
2021-11-09,0.530801719873673,54.57127380371093,32.92905226472641,0.2654008599368365
2021-11-10,0.6000532704234999,52.39726257324219,31.626137084949324,0.30002663521174994
2021-11-11,0.5186256230737035,50.404609680175774,30.43514353810668,0.25931281153685176
2021-11-12,0.45089608462387276,47.060997009277344,28.431425531434577,0.22544804231193638
2021-11-13,0.45089608462387276,45.80601501464844,27.67925290145865,0.22544804231193638
2021-11-14,0.4196948365739508,46.18588638305664,27.905738504282855,0.2098474182869754
2021-11-15,0.4196948365739508,46.1309814453125,27.872814135066832,0.2098474182869754
2021-11-16,0.5338457440736655,41.34783935546875,25.01442520108507,0.26692287203683274
2021-11-17,0.5376507743236559,42.05617141723633,25.438678260731518,0.26882538716182797
2021-11-18,0.5285187017236787,42.77077865600587,25.865697504489702,0.2642593508618393
2021-11-19,0.531182222898672,45.20802307128906,27.324694118207276,0.265591111449336
2021-11-20,0.6438111182983904,35.70559310913086,21.653147760277076,0.3219055591491952
2021-11-21,0.7073551234732316,34.801109313964844,21.122448863861955,0.3536775617366158
2021-11-22,0.7073551234732316,35.4841194152832,21.530058876041373,0.3536775617366158
2021-11-23,0.6700658270233248,31.155174255371094,18.939583320511716,0.3350329135116624
2021-11-24,0.6552262090483619,31.765224456787106,19.301173489507732,0.32761310452418096
2021-11-25,0.6339180396484152,32.172088623046875,19.540397111341054,0.3169590198242076
2021-11-26,0.6339180396484152,32.04061889648438,19.461841435982375,0.3169590198242076
2021-11-27,0.5513488832236216,35.29075622558594,21.391715335145598,0.2756744416118108
2021-11-28,0.5737985616985656,31.721710205078125,19.26029858284175,0.2868992808492828
2021-11-29,0.33255964384916864,63.355415344238274,38.21327872653153,0.16627982192458432
2021-11-30,0.2827137475742932,67.2059097290039,40.53420297197318,0.1413568737871466
2021-12-01,0.4938929264487653,67.07987213134766,40.422381314327396,0.24694646322438266
2021-12-02,0.42045584262394886,66.88231658935547,40.31645935428437,0.21022792131197443
2021-12-03,0.4193143335489517,64.069580078125,38.62995198490295,0.20965716677447585
2021-12-04,0.36870743122407823,62.20790481567383,37.519748238198886,0.18435371561203912
2021-12-05,0.2789087173243027,63.48486709594726,38.298253493190906,0.13945435866215136
2021-12-06,0.3295156196491762,69.81532287597656,42.093267648898006,0.1647578098245881
2021-12-07,0.3093489593242266,67.61247253417969,40.773868768327034,0.1546744796621133
2021-12-08,0.29717286252425706,67.31185913085938,40.59537872259877,0.14858643126212853
2021-12-09,0.29717286252425706,67.54874420166016,40.73771978076165,0.14858643126212853
2021-12-10,0.07115406567482212,72.69013214111328,43.878394718938736,0.03557703283741106
2021-12-11,0.17769491267455578,77.83173370361328,46.94988287783509,0.08884745633727789
2021-12-12,0.26977664472432555,73.95068359375,44.591120777977075,0.13488832236216278
2021-12-13,0.25037099044937405,72.40281677246094,43.66495174595058,0.12518549522468703
2021-12-14,0.29565085042426087,71.86760711669922,43.33319934055207,0.14782542521213043
2021-12-15,0.31201248049922,71.36788177490234,43.02941735330308,0.15600624024961
2021-12-16,0.3926791217990183,63.79430007934571,38.46855030215852,0.19633956089950916
2021-12-17,0.3424527224991439,61.913864135742195,37.34640143305094,0.17122636124957194
2021-12-18,0.36033636467409913,60.69897842407226,36.615029653866564,0.18016818233704956
2021-12-19,0.30782694722423043,58.47261047363281,35.28309021837966,0.15391347361211521
2021-12-20,0.2933678322742666,53.99383926391601,32.59291138507284,0.1466839161371333
2021-12-21,0.3728929644990678,54.7021484375,33.01481241795404,0.1864464822495339
2021-12-22,0.4261633879989346,50.79695129394531,30.670764373120896,0.2130816939994673
2021-12-23,0.37822000684905444,54.548824310302734,32.92255578813821,0.18911000342452722
2021-12-24,0.37822000684905444,54.548824310302734,32.92255578813821,0.18911000342452722
2021-12-25,0.37822000684905444,53.32489013671875,32.18810214185673,0.18911000342452722
2021-12-26,0.3572923404741068,53.60545349121093,32.357216042871,0.1786461702370534
2021-12-27,0.42197785472394506,47.86322021484375,28.911619561194176,0.21098892736197253
2021-12-28,0.2929873292492675,51.66387939453125,31.19278746158183,0.14649366462463376
2021-12-29,0.2929873292492675,51.6104393005371,31.160673789938837,0.14649366462463376
2021-12-30,0.2747231840493132,52.9021339416504,31.937419869236507,0.1373615920246566
2021-12-31,0.42007533959894977,46.47219467163086,28.077439943192182,0.21003766979947489
2022-01-01,0.43225143639891933,43.48568344116211,26.28734913330264,0.21612571819945967
2022-01-02,0.29070431109927325,50.64231872558593,30.57891727957133,0.14535215554963662
2022-01-03,0.29070431109927325,50.0916404724121,30.247986490814192,0.14535215554963662
2022-01-04,0.3786005098740535,45.42314910888672,27.44647361294083,0.18930025493702676
2022-01-05,0.29070431109927325,50.13973617553711,30.27688966409052,0.14535215554963662
2022-01-06,0.4261633879989346,63.48662185668945,38.27944854524989,0.2130816939994673
2022-01-07,0.2435219359993912,66.73036193847656,40.254940862203135,0.1217609679996956
2022-01-08,0.25531752977436173,65.08951568603516,39.266318155125184,0.12765876488718086
2022-01-09,0.25531752977436173,63.257362365722656,38.16463497314709,0.12765876488718086
2022-01-10,0.312392983524219,61.58012008666992,37.14949118817154,0.1561964917621095
2022-01-11,0.32723260149918193,53.62595748901368,32.37061424628408,0.16361630074959096
2022-01-12,0.38963509759902587,54.50813674926758,32.89762554726804,0.19481754879951294
2022-01-13,0.30668543814923327,55.5586166381836,33.53248436311161,0.15334271907461663
2022-01-14,0.3139149956242152,51.630760192871094,31.172543911759536,0.1569574978121076
2022-01-15,0.4569841330238575,44.29633712768555,26.77477569831189,0.22849206651192874
2022-01-16,0.3717514554240706,42.76549530029297,25.851193696008934,0.1858757277120353
2022-01-17,0.390396103649024,43.11258316040039,26.06077941186778,0.195198051824512
2022-01-18,0.39458163692401355,43.18894577026368,26.106878569982428,0.19729081846200677
2022-01-19,0.29793386857425513,48.0976676940918,29.049843572344635,0.14896693428712757
2022-01-20,0.2591225600243522,46.87255096435547,28.312482899571883,0.1295612800121761
2022-01-21,0.3230470682241924,43.70945739746094,26.41464008084398,0.1615235341120962
2022-01-22,0.28613827479928466,46.867374420166016,28.31021671517972,0.14306913739964233
2022-01-23,0.41855332749895363,44.558475494384766,26.929780974525467,0.20927666374947682
2022-01-24,0.3329401468741677,45.26407241821289,27.3488536562705,0.16647007343708384
2022-01-25,0.3458772497241353,46.17293930053711,27.89514959541513,0.17293862486206765
2022-01-26,0.39077660667402303,41.31418228149414,24.981854049960145,0.19538830333701152
2022-01-27,0.38506906129903734,41.37460708618164,25.017613645621594,0.19253453064952006
2022-01-28,0.40866024884897834,44.147274017333984,26.682615632039447,0.20433012442448917
2022-01-29,0.3348426619991629,45.221580505371094,27.32342694478013,0.16742133099958145
2022-01-30,0.36870743122407823,41.9281120300293,25.34840013168658,0.18435371561203912
2022-01-31,0.28918229899927705,47.20082855224609,28.51070682828563,0.14459114949963853
2022-02-01,0.29184582017427035,46.42402648925781,28.04397007544597,0.14592291008713518
2022-02-02,0.29184582017427035,46.52043151855469,28.10190369856511,0.14592291008713518
2022-02-03,0.2537955176743655,50.9046516418457,30.73690047150337,0.12689775883718274
2022-02-04,0.21955024542445112,53.95690155029297,32.57363549270186,0.10977512271222556
2022-02-05,0.26825463262432936,47.97499465942383,28.975530920496436,0.13412731631216468
2022-02-06,0.32989612267417523,43.95312118530273,26.561405487005384,0.16494806133708761
2022-02-07,0.35957535862410106,48.98423767089844,29.583190950772735,0.17978767931205053
2022-02-08,0.2351508694494121,55.185272216796875,33.31189149033783,0.11757543472470605
2022-02-09,0.2747231840493132,50.44805145263671,30.46224372126115,0.1373615920246566
2022-02-10,0.29679235949925803,46.067115783691406,27.829682753930772,0.14839617974962901
2022-02-11,0.1936760397245158,48.80436706542969,29.47323781609295,0.0968380198622579
2022-02-12,0.23933640272440168,45.369953155517585,27.408104201688747,0.11966820136220084
2022-02-13,0.26140557817434645,47.177371978759766,28.495826180433646,0.13070278908717323
2022-02-14,0.3104904683992238,44.85051345825195,27.09934350611716,0.1552452341996119
2022-02-15,0.2785282142993037,48.87003707885742,29.51372480983581,0.13926410714965184
2022-02-16,0.23020433012442448,58.93636703491211,35.56864254170096,0.11510216506221224
2022-02-17,0.20204710627449488,61.73986816406251,37.25841180945018,0.10102355313724744
2022-02-18,0.19595905787451012,64.56783294677734,38.96127489321553,0.09797952893725506
2022-02-19,0.19595905787451012,63.11482620239257,38.086712008011375,0.09797952893725506
2022-02-20,0.19025151249952438,53.95385742187499,32.57296238400603,0.09512575624976219
2022-02-21,0.20585213652448536,50.88579559326172,30.725986626211636,0.10292606826224268
2022-02-22,0.23058483314942355,46.2861328125,27.958829119361422,0.11529241657471177
2022-02-23,0.3074464441992314,44.61613082885742,26.958373459266983,0.1537232220996157
2022-02-24,0.28613827479928466,48.68522262573243,29.402737883981526,0.14306913739964233
2022-02-25,0.21993074844945015,48.686424255371094,29.40259037368361,0.10996537422472508
2022-02-26,0.29679235949925803,42.58893585205078,25.73967790326038,0.14839617974962901
2022-02-27,0.359194855599102,38.93286132812499,23.549684074729605,0.179597427799551
2022-02-28,0.24009740877439975,44.85483932495117,27.098320449205538,0.12004870438719988
2022-03-01,0.273201171949317,47.86238098144531,28.907936045853255,0.1366005859746585
2022-03-02,0.21003766979947489,48.05752944946289,29.024017987799766,0.10501883489973744
2022-03-03,0.27015714774932464,48.76028060913086,29.44764937953877,0.13507857387466232
2022-03-04,0.27282066892431794,42.68190002441406,25.793784907564426,0.13641033446215897
2022-03-05,0.28842129294927893,41.85251998901368,25.296490666659555,0.14421064647463946
2022-03-06,0.3131539895742171,45.206573486328125,27.313375451090238,0.15657699478710854
2022-03-07,0.2827137475742932,45.61889648437501,27.559735291588684,0.1413568737871466
2022-03-08,0.21003766979947489,48.08944320678711,29.043222344153445,0.10501883489973744
2022-03-09,0.28575777177428563,40.40070343017578,24.423730855343535,0.14287888588714281
2022-03-10,0.30021688672424945,39.00445556640625,23.586174738201656,0.15010844336212473
2022-03-11,0.3607168676990982,42.67277145385742,25.79473780445537,0.1803584338495491
2022-03-12,0.36718541912408204,43.134037017822266,26.072057109722596,0.18359270956204102
2022-03-13,0.30402191697423997,44.6468620300293,26.976652948531854,0.15201095848711998
2022-03-14,0.3287546135991781,43.1126480102539,26.05657285242736,0.16437730679958906
2022-03-15,0.3287546135991781,43.1126480102539,26.05657285242736,0.16437730679958906
2022-03-16,0.3572923404741068,38.82010269165039,23.481786160106,0.1786461702370534
2022-03-17,0.3572923404741068,38.75843048095703,23.444765233842936,0.1786461702370534
2022-03-18,0.3131539895742171,37.81392669677734,22.872414691629377,0.15657699478710854
2022-03-19,0.24390243902439024,41.020565032958984,24.792509754364232,0.12195121951219512
2022-03-20,0.3504432860241239,33.96015930175781,20.563334631376453,0.17522164301206195
2022-03-21,0.3074464441992314,33.665718078613274,20.379542478856997,0.1537232220996157
2022-03-22,0.43605646664890985,35.8309326171875,21.698591216347776,0.21802823332445492
2022-03-23,0.3607168676990982,36.12146759033203,21.862310244321215,0.1803584338495491
2022-03-24,0.36490240097408777,36.42695236206055,22.046245928784266,0.18245120048704389
2022-03-25,0.382405540124044,33.3746452331543,20.217132833766854,0.191202770062022
2022-03-26,0.3812640310490468,29.277420043945312,17.758420859518615,0.1906320155245234
2022-03-27,0.4725847570488185,30.293453216552734,18.386083317118683,0.23629237852440926
2022-03-28,0.4520375936988699,31.291809082031254,18.980386713324858,0.22601879684943496
2022-03-29,0.4520375936988699,30.236013412475586,18.347608327787583,0.22601879684943496
2022-03-30,0.4520375936988699,30.638629913330075,18.588911665874384,0.22601879684943496
2022-03-31,0.4520375936988699,31.341526031494137,19.010183966640177,0.22601879684943496
2022-04-01,0.4520375936988699,31.47297096252441,19.088963898820992,0.22601879684943496
2022-04-02,0.4333929454739165,33.4714012145996,20.283617239730333,0.21669647273695825
2022-04-03,0.4307294242989232,42.86944580078125,25.917784087125682,0.2153647121494616
2022-04-04,0.37974201894905063,43.708045959472656,26.41735955215082,0.18987100947452532
2022-04-05,0.4143677942239641,47.662750244140625,28.791232178110604,0.20718389711198204
2022-04-06,0.45812564209885465,45.304973602294915,27.379293491370344,0.22906282104942732
2022-04-07,0.49693695064875765,44.747520446777344,27.047263168068465,0.24846847532437882
2022-04-08,0.4470910543738823,42.919925689697266,25.94920777089746,0.22354552718694115
2022-04-09,0.4432860241238918,42.788833618164055,25.870358449212265,0.2216430120619459
2022-04-10,0.45508161789886226,40.50810241699219,24.504349770122662,0.22754080894943113
2022-04-11,0.5178646170237053,34.747520446777344,21.061565844433243,0.25893230851185267
2022-04-12,0.5661885011985845,34.608245849609375,20.98562287016776,0.2830942505992923
2022-04-13,0.5425973136486435,33.108524322509766,20.084509928459347,0.27129865682432175
2022-04-14,0.5132985807237167,32.10745620727539,19.48019611761725,0.25664929036185835
2022-04-15,0.5094935504737262,31.858827590942383,19.330645593920647,0.2547467752368631
2022-04-16,0.5399337924736501,28.574769973754883,17.37079409551441,0.26996689623682507
2022-04-17,0.6354400517484114,24.750030517578125,15.105959789107315,0.3177200258742057
2022-04-18,0.6122293672234694,25.552106857299805,15.579529006963524,0.3061146836117347
2022-04-19,0.5966287431985084,25.458765029907227,15.519906649972917,0.2983143715992542
2022-04-20,0.5395532894486511,23.928565979003906,14.590132469501512,0.26977664472432555
2022-04-21,0.5140595867737148,22.7596378326416,13.883627918756225,0.2570297933868574
2022-04-22,0.5140595867737148,22.793922424316406,13.904154710793968,0.2570297933868574
2022-04-23,0.5292797077736767,22.9336986541748,13.991960738136235,0.26463985388683836
2022-04-24,0.5106350595487235,26.03071022033691,15.841256036116494,0.25531752977436173
2022-04-25,0.5163426049237091,27.19637107849121,16.54049927553382,0.25817130246185455
2022-04-26,0.5049275141737377,28.139175415039062,17.10245596663347,0.25246375708686886
2022-04-27,0.5642859860735894,28.738351821899418,17.47386879640638,0.2821429930367947
2022-04-28,0.6350595487234123,27.235166549682617,16.590751639828053,0.31752977436170615
2022-04-29,0.592823712948518,26.248935699462887,15.991439647216609,0.296411856474259
2022-04-30,0.4824778356987938,33.565185546875,20.347910243200886,0.2412389178493969
2022-05-01,0.42007533959894977,36.20529556274414,21.92081640541161,0.21003766979947489
2022-05-02,0.4147482972489631,35.80167770385742,21.6780275594725,0.20737414862448156
2022-05-03,0.5053080171987367,33.90656661987305,20.556083109861348,0.2526540085993684
2022-05-04,0.5053080171987367,34.886940002441406,21.143135809384,0.2526540085993684
2022-05-05,0.5053080171987367,34.886940002441406,21.143135809384,0.2526540085993684
2022-05-06,0.5053080171987367,34.934722900390625,21.171748458126682,0.2526540085993684
2022-05-07,0.40789924279898027,36.242942810058594,21.94171678879767,0.20394962139949013
2022-05-08,0.40447471557398884,39.43349838256836,23.85498415027179,0.20223735778699442
2022-05-09,0.41398729119896505,38.998085021972656,23.594863880686255,0.20699364559948252
2022-05-10,0.6525626878733686,25.841661453247067,15.762350075103654,0.3262813439366843
2022-05-11,0.5874966705985313,20.96798515319824,12.832254003789897,0.29374833529926564
2022-05-12,0.5429778166736425,16.455604553222656,10.118992028077267,0.27148890833682127
2022-05-13,0.5498268711236255,16.388702392578125,10.08125792300473,0.27491343556181275
2022-05-14,0.569993531448575,16.585111618041992,10.20552002046892,0.2849967657242875
2022-05-15,0.6449526273733877,12.51075077056885,7.796508598353038,0.3224763136866938
2022-05-16,0.6358205547734104,14.395642280578613,8.919307909428785,0.3179102773867052
2022-05-17,0.62402496099844,12.746031761169432,7.929271140402842,0.31201248049922
2022-05-18,0.5897796887485256,10.304593086242676,6.4566295175337185,0.2948898443742628
2022-05-19,0.6270689851984323,7.559565544128417,4.831037204963495,0.3135344925992162
2022-05-20,0.6529431908983676,6.8967132568359375,4.446077523348172,0.3264715954491838
2022-05-21,0.6304935124234238,6.676005363464356,4.304516229574722,0.3152467562117119
2022-05-22,0.6301130093984247,6.506746768951416,4.203209693631163,0.31505650469921237
2022-05-23,0.6038583006734903,5.2201247215271,3.422622637545326,0.30192915033674517
2022-05-24,0.6080438339484799,5.214405059814453,3.421077826973746,0.30402191697423997
2022-05-25,0.6080438339484799,5.238844394683839,3.435687120328832,0.30402191697423997
2022-05-26,0.6616947604733457,4.450812339782714,2.9890565643036213,0.33084738023667287
2022-05-27,0.6818614207982954,3.514892101287842,2.4394607885121293,0.3409307103991477
2022-05-28,0.6833834328982915,3.713409662246704,2.558688138370522,0.34169171644914575
2022-05-29,0.6833834328982915,3.761136531829834,2.587182247213684,0.34169171644914575
2022-05-30,0.6183174156234542,3.7305812835693364,2.5388343484519367,0.3091587078117271
2022-05-31,0.6624557665233438,3.593467473983764,2.4773679131274218,0.3312278832616719
2022-06-01,0.6544652029983639,3.641592502593994,2.5024055060964394,0.32723260149918193
2022-06-02,0.6419086031733953,4.290012836456299,2.883976201402202,0.32095430158669747
2022-06-03,0.6419086031733953,4.290012836456299,2.883976201402202,0.32095430158669747
2022-06-04,0.6156538944484609,2.394237756729126,1.7388670724193318,0.30782694722423043
2022-06-05,0.6312545184734218,2.3608686923980713,1.7263543256454683,0.3156272592367109
2022-06-06,0.6198394277234504,1.8441710472106934,1.4121068093163536,0.3099197138617253
2022-06-07,0.6198394277234504,1.8956021070480347,1.4428450917245987,0.3099197138617251
2022-06-08,0.6023362885734942,1.9041271209716795,1.4395218631928288,0.3011681442867471
2022-06-09,0.6023362885734942,2.2223391532897945,1.6297601337370449,0.3011681442867472
2022-06-10,0.686046954073285,1.966854453086853,1.5172313196832994,0.3430234770366424
2022-06-11,0.6301130093984247,1.95992648601532,1.4862246302263606,0.31505650469921226
2022-06-12,0.679578402648301,1.9499690532684326,1.5040426316523832,0.3397892013241505
2022-06-13,0.6658802937483354,2.4208011627197266,1.7786413853691303,0.3329401468741677
2022-06-14,0.6658802937483354,1.686575174331665,1.3401619938790565,0.3329401468741677
2022-06-15,0.7119211597732201,1.8001418113708496,1.4301755646112362,0.35596057988661006
2022-06-16,0.7210532323731974,1.641231656074524,1.3397638211284413,0.3605266161865986
2022-06-17,0.7225752444731935,1.4969328641891482,1.2544064915251423,0.3612876222365968
2022-06-18,0.6932765115482669,1.2701432704925537,1.1048192077483003,0.34663825577413343
2022-06-19,0.6540846999733648,1.042648434638977,0.9498344580421645,0.3270423499866824
2022-06-20,0.6616947604733457,1.012096047401428,0.9353129930222427,0.3308473802366729
2022-06-21,0.6616947604733457,1.0425989627838135,0.9535305954777603,0.3308473802366729
2022-06-22,0.6616947604733457,1.0625666379928587,0.9654561168372479,0.33084738023667287
2022-06-23,0.6654997907233362,0.8171308040618895,0.8207431103394759,0.33274989536166816
2022-06-24,0.6658802937483354,1.1160979270935059,0.999473268358608,0.3329401468741677
2022-06-25,0.6654997907233362,0.7517282962799073,0.7816845166828802,0.3327498953616681
2022-06-26,0.6757733723983106,0.6904442906379699,0.7501513635861374,0.3378866861991553
2022-06-27,0.6932765115482669,0.5199199318885803,0.6569917395640071,0.34663825577413343
2022-06-28,0.6932765115482669,0.5199199318885803,0.6569917395640071,0.34663825577413343
2022-06-29,0.6894714812982763,0.7150075435638428,0.7715692077723229,0.34473574064913814
2022-06-30,0.6514211787983715,0.877651572227478,0.849970568170341,0.32571058939918573
2022-07-01,0.6232639549484419,0.9209861159324645,0.8620369138943904,0.31163197747422094
2022-07-02,0.6540846999733648,0.5540651679039001,0.6579951452483626,0.3270423499866824
2022-07-03,0.6887104752482782,0.7073893547058105,0.7666463066846566,0.3443552376241391
2022-07-04,0.695179026673262,0.6815551519393922,0.7544142207305211,0.347589513336631
2022-07-05,0.6674023058483315,0.7151805758476256,0.7607957484760149,0.3337011529241658
2022-07-06,0.6373425668734066,0.6301769614219666,0.6951924864627842,0.3186712834367033
2022-07-07,0.6696853239983258,0.819495677947998,0.8242138872080926,0.3348426619991629
2022-07-08,0.6685438149233286,0.6470921039581299,0.7206977514991849,0.3342719074616643
2022-07-09,0.609185343023477,0.7400567531585694,0.7469737676057155,0.3045926715117385
2022-07-10,0.6529431908983676,0.763607680797577,0.782596507599889,0.32647159544918386
2022-07-11,0.6818614207982954,0.6258801221847534,0.7146059823133264,0.3409307103991477
2022-07-12,0.7366538563981584,0.5914221405982971,0.721105362995135,0.3683269281990792
2022-07-13,0.694798523648263,0.6111796498298645,0.7122186993927558,0.3473992618241315
2022-07-14,0.6841444389482897,0.6700475215911865,0.7421018843754056,0.34207221947414485
2022-07-15,0.6616947604733457,0.7047066688537597,0.7517273446594687,0.3308473802366728
2022-07-16,0.6750123663483124,0.5560659170150756,0.669537689180426,0.3375061831741562
2022-07-17,0.7164871960732089,0.4986358880996704,0.6557763557860279,0.35824359803660444
2022-07-18,0.6693048209733268,0.5278267860412598,0.6498522264301256,0.3346524104866634
2022-07-19,0.7005060690232487,0.6459901332855225,0.7358143385603051,0.3502530345116244
2022-07-20,0.7591035348731022,1.2271784543991089,1.1112781085065728,0.3795517674365511
2022-07-21,0.6887104752482782,1.1461596488952637,1.0285795339415467,0.34435523762413905
2022-07-22,0.6609337544233477,0.596558690071106,0.6867609363023895,0.33046687721167384
2022-07-23,0.6986035538982535,0.49807706475257874,0.6465901627995454,0.34930177694912673
2022-07-24,0.5951067310985122,0.5161258578300475,0.6061487492712697,0.29755336554925615
2022-07-25,0.5992922643735018,1.035978078842163,0.9190215579242603,0.2996461321867509
2022-07-26,0.5601004527985998,1.810235619544983,1.3630368935345634,0.2800502263992999
2022-07-27,0.5601004527985998,1.810235619544983,1.3630368935345634,0.2800502263992999
2022-07-28,0.5601004527985998,1.810235619544983,1.3630368935345634,0.2800502263992999
2022-07-29,0.5601004527985998,1.810235619544983,1.3630368935345634,0.2800502263992999
2022-07-30,0.5601004527985998,1.810235619544983,1.3630368935345634,0.2800502263992999
2022-07-31,0.5601004527985998,1.810235619544983,1.3630368935345634,0.2800502263992999
2022-08-01,0.5601004527985998,1.810235619544983,1.3630368935345634,0.2800502263992999
2022-08-02,0.5601004527985998,1.810235619544983,1.3630368935345634,0.2800502263992999
2022-08-03,0.5601004527985998,1.810235619544983,1.3630368935345634,0.2800502263992999
2022-08-04,0.5601004527985998,1.810235619544983,1.3630368935345634,0.2800502263992999
2022-08-05,0.5601004527985998,1.810235619544983,1.3630368935345634,0.2800502263992999
2022-08-06,0.5601004527985998,1.810235619544983,1.3630368935345634,0.2800502263992999
2022-08-07,0.5601004527985998,1.810235619544983,1.3630368935345634,0.2800502263992999
2022-08-08,0.5601004527985998,1.810235619544983,1.3630368935345634,0.2800502263992999
2022-08-09,0.5601004527985998,1.810235619544983,1.3630368935345634,0.2800502263992999
2022-08-10,0.5601004527985998,1.810235619544983,1.3630368935345634,0.2800502263992999
2022-08-11,0.5528708953236179,0.9425256252288818,0.8403764201908831,0.27643544766180894
2022-08-12,0.5760815798485598,1.0124170780181887,0.8935648979314599,0.2880407899242799
2022-08-13,0.7039305962482402,0.5528778433799744,0.6819332968081465,0.3519652981241201
2022-08-14,0.6799589056733001,0.4745902717113495,0.6233377090104751,0.33997945283665004
2022-08-15,0.6803394086982992,1.0724925994873047,0.9805066731507628,0.3401697043491496
2022-08-16,0.6845249419732887,0.5228408575057983,0.654405286646312,0.34226247098664436
2022-08-17,0.6906129903732735,0.5241096019744873,0.6581748598065805,0.34530649518663675
2022-08-18,0.6906129903732735,0.5241096019744873,0.6581748598065805,0.34530649518663675
2022-08-19,0.679578402648301,0.5985477566719055,0.697159631256099,0.3397892013241505
2022-08-20,0.6822419238232944,0.6356638073921204,0.7206350634544935,0.3411209619116472
2022-08-21,0.6590312392983524,0.4232633113861084,0.582317246153703,0.3295156196491762
2022-08-22,0.678817396598303,0.3701459169387817,0.5604117678260563,0.3394086982991515
2022-08-23,0.6932765115482669,0.36051711440086365,0.5618401273656966,0.34663825577413343
2022-08-24,0.6993645599482516,0.3423830568790435,0.5540386251214205,0.3496822799741258
2022-08-25,0.7005060690232487,0.48408257961273193,0.6391792905729369,0.3502530345116244
2022-08-26,0.6533236939233666,1.0964747667312622,0.9816137068824388,0.3266618469616834
2022-08-27,0.6533236939233666,1.1470824480056763,1.011842943325121,0.3266618469616833
2022-08-28,0.6639777786233401,1.2781418561935425,1.0953188807079544,0.33198888931167003
2022-08-29,0.6841444389482897,0.8125314116477966,0.8271671684881191,0.3420722194741449
2022-08-30,0.6388645789734029,0.9150055050849916,0.8661203128265684,0.3194322894867014
2022-08-31,0.6308740154484228,1.3076274394989014,1.0968092095193733,0.3154370077242114
2022-09-01,0.6285909972984285,1.4975124597549438,1.2091675993287714,0.31429549864921424
2022-09-02,0.6289715003234276,1.0785808563232422,0.9590117870058071,0.31448575016171376
2022-09-03,0.6289715003234276,1.1087658405303955,0.9770493853269551,0.3144857501617139
2022-09-04,0.640767094098398,0.78850257396698,0.7914749064114733,0.32038354704919897
2022-09-05,0.6365815608234086,0.8160858750343323,0.8058959579126215,0.3182907804117042
2022-09-06,0.6411475971233972,1.4099111557006836,1.1629207416473604,0.3205737985616986
2022-09-07,0.6411475971233972,1.4106926918029787,1.163387667910067,0.3205737985616986
2022-09-08,0.6221224458734447,1.529708981513977,1.2252720261081878,0.31106122293672234
2022-09-09,0.6567482211483581,1.5050324201583862,1.2273161566224364,0.32837411057417903
2022-09-10,0.65598721509836,2.494602918624878,1.8180160106314784,0.32799360754918
2022-09-11,0.6320155245234199,2.1780340671539307,1.6174661994284318,0.31600776226170996
2022-09-12,0.6757733723983106,1.2539482116699219,1.0866198743125863,0.3378866861991553
2022-09-13,0.6921350024732696,0.7211277484893798,0.7765353004480895,0.3460675012366348
2022-09-14,0.6921350024732696,0.7361016869544984,0.7854737976146595,0.3460675012366348
2022-09-15,0.6704463300483239,0.916223704814911,0.8823496662464992,0.33522316502416194
2022-09-16,0.679578402648301,0.996612012386322,0.9348288775601664,0.3397892013241505
2022-09-17,0.6670218028233325,1.829446792602539,1.4260347237874917,0.3335109014116662
2022-09-18,0.6582702332483543,2.0283775329589844,1.54063552128371,0.32913511662417727
2022-09-19,0.6742513602983143,1.695221543312073,1.3493692262428254,0.33712568014915717
2022-09-20,0.7229557474981927,1.5168722867965698,1.266487479813181,0.36147787374909635
2022-09-21,0.6822419238232944,1.9665600061416626,1.51522784857376,0.3411209619116472
2022-09-22,0.6274494882234314,1.9813519716262815,1.4977485959281578,0.3137247441117157
2022-09-23,0.6704463300483239,1.7837892770767212,1.4004197768953481,0.33522316502416194
2022-09-24,0.6704463300483239,1.7837892770767212,1.4004197768953481,0.33522316502416194
2022-09-25,0.6677828088733305,2.2506673336029053,1.6779459863487234,0.3338914044366652
2022-09-26,0.694418020623264,4.481369495391846,3.022201741142254,0.347209010311632
2022-09-27,0.6498991666983753,5.958073616027831,3.8840603216294713,0.32494958334918767
2022-09-28,0.6498991666983753,5.958592891693115,3.8843705157820687,0.32494958334918767
2022-09-29,0.6381035729234047,6.157703399658203,3.9981395720274344,0.31905178646170235
2022-09-30,0.6381035729234047,6.358211040496826,4.117938328876121,0.31905178646170235
2022-10-01,,-1.0,,
2022-10-02,32.37738290019406,0.29860636591911316,16.272326456333243,16.18869145009703
2022-10-03,9.05635249800236,0.5863774418830872,4.829160726504267,4.52817624900118
2022-10-04,8.842890300977894,0.8699098825454711,4.869822277271068,4.421445150488947
2022-10-05,7.594079372931015,1.1323515176773071,4.39482787666217,3.7970396864655074
2022-10-06,5.202237357786994,1.2474371194839478,3.289499298217412,2.601118678893497
2022-10-07,3.412731631216468,1.6519711017608643,2.647544937550915,1.706365815608234
2022-10-08,2.7099425440432254,1.9873598814010622,2.501198721901793,1.3549712720216127
2022-10-09,2.706518016818234,2.1477794647216797,2.592083428023155,1.353259008409117
2022-10-10,2.489250789543777,2.2464182376861572,2.54522471066493,1.2446253947718886
2022-10-11,2.365967809444085,2.359901189804077,2.5521953244690283,1.1829839047220425
2022-10-12,1.911266694570222,4.019024848937989,3.3057405795450836,0.9556333472851111
2022-10-13,1.7369963091206575,3.9216742515563965,3.168514366894887,0.8684981545603288
2022-10-14,1.7316692667706708,3.9186322689056396,3.1642755055726015,0.8658346333853354
2022-10-15,1.7263422244206843,3.8124194145202637,3.099516815192296,0.8631711122103419
2022-10-16,1.4946158821962634,1.5684250593185425,1.6709725021150243,0.7473079410981318
2022-10-17,1.3370876298466572,1.5717740058898928,1.5966565993608646,0.6685438149233286
2022-10-18,1.1978235226970053,1.7022525072097778,1.6064410867223295,0.5989117613485027
2022-10-19,1.0638864578973404,1.7117890119552615,1.5474097413335606,0.5319432289486702
2022-10-20,0.9972984285225068,1.8991914987564085,1.6265511583821068,0.4986492142612534
2022-10-21,0.9972984285225068,1.8991914987564085,1.6265511583821068,0.4986492142612534
2022-10-22,0.9896883680225258,2.351860761642456,1.8917587345672753,0.49484418401126284
2022-10-23,0.9630531562725925,2.5398287773132324,1.9907633664024587,0.48152657813629623
2022-10-24,0.9630531562725925,2.6026132106781006,2.028071620175748,0.4815265781362963
2022-10-25,1.029641185647426,3.428218841552734,2.549680643693837,0.514820592823713
2022-10-26,0.9523990715726189,3.2824807167053223,2.4270904474990345,0.47619953578630947
2022-10-27,0.9744682470225638,2.1159303188323975,1.7443371410987851,0.4872341235112819
2022-10-28,0.9173927932727066,2.2928900718688965,1.8222422907892315,0.4586963966363532
2022-10-29,0.7914462919980214,2.9381377696990967,2.146688244322029,0.3957231459990107
2022-10-30,0.7476884441231308,2.779868364334106,2.031706054122393,0.3738442220615654
2022-10-31,0.7469274380731328,2.773175001144409,2.0273548577085014,0.3734637190365664
2022-11-01,0.7484494501731289,3.4541473388671875,2.4341877206448417,0.37422472508656446
2022-11-02,0.7537764925231155,3.400584697723389,2.404726735065301,0.37688824626155776
2022-11-03,0.7062136143982345,3.464134693145752,2.420489105482106,0.35310680719911725
2022-11-04,0.6453331303983867,18.433225631713867,11.334767159094419,0.32266656519919334
2022-11-05,0.6685438149233286,32.44870758056641,19.711759498561065,0.3342719074616643
2022-11-06,0.6190784216734523,37.7030143737793,22.843406174546768,0.30953921083672614
2022-11-07,0.6206004337734484,35.69358825683594,21.642655203047692,0.3103002168867242
2022-11-08,0.6662607967733343,34.2645263671875,20.79575795747388,0.33313039838666714
2022-11-09,0.6362010577984095,33.02899169921874,20.052800534777678,0.31810052889920476
2022-11-10,0.7123016627982193,25.499876022338864,15.572826592714737,0.35615083139910964
2022-11-11,0.7065941174232335,25.228954315185547,15.409744232170187,0.35329705871161676
2022-11-12,0.6917544994482706,24.822240829467773,15.163284448112947,0.3458772497241353
2022-11-13,0.6970815417982573,16.44409942626953,10.163817924736687,0.34854077089912866
2022-11-14,0.6940375175982649,17.560869216918945,10.829416381695433,0.34701875879913247
2022-11-15,0.6654997907233362,18.857788085937504,11.594683223149715,0.3327498953616681
2022-11-16,0.5589589437236026,19.683128356933594,12.055279307062234,0.2794794718618013
2022-11-17,0.6567482211483581,19.747909545898438,12.123619166157534,0.32837411057417903
2022-11-18,0.5547734104486131,21.727039337158203,13.276903920906472,0.27738670522430653
2022-11-19,0.5836916403485407,22.821817398071286,13.939780652126144,0.29184582017427035
2022-11-20,0.6582702332483543,22.2038688659668,13.590964179029749,0.32913511662417716
2022-11-21,0.6647387846733381,19.547485351562504,12.00634096261097,0.33236939233666907
2022-11-22,0.6647387846733381,19.547485351562504,12.00634096261097,0.33236939233666907
2022-11-23,0.5372702712986568,50.673614501953125,30.5960636116708,0.2686351356493284
2022-11-24,0.40181119439899543,50.21956253051758,30.324617463418114,0.20090559719949772
2022-11-25,0.5589589437236026,44.643306732177734,26.98817305584657,0.2794794718618013
2022-11-26,0.4703017388988242,39.667484283447266,24.002133652481795,0.2351508694494121
2022-11-27,0.6384840759484038,37.58766174316406,22.776872349739765,0.3192420379742019
2022-11-28,0.6384840759484038,37.58766174316406,22.776872349739765,0.3192420379742019
2022-11-29,0.6384840759484038,38.25553894042969,23.175911249587728,0.3192420379742019
2022-11-30,0.5452608348236369,44.09736251831055,26.66074316489915,0.2726304174118184
2022-12-01,0.515581598873711,47.32370376586914,28.590609828547926,0.2577907994368555
2022-12-02,0.5132985807237167,46.5093879699707,28.102997246919298,0.25664929036185835
2022-12-03,0.48133632662379666,46.3280906677246,27.993276337556498,0.24066816331189833
2022-12-04,0.30059738974924854,51.32985305786133,30.99196033776067,0.15029869487462427
2022-12-05,0.22221376659944447,51.94667816162109,31.364107013442716,0.11110688329972224
2022-12-06,0.4208363456489479,59.75739669799805,36.043937351030415,0.21041817282447395
2022-12-07,0.5083520413987291,55.58871078491211,33.539294105844185,0.25417602069936457
2022-12-08,0.5863551615235341,54.62713623046875,32.95991820267204,0.29317758076176703
2022-12-09,0.48552185989878616,56.92541122436524,34.34125770170265,0.24276092994939308
2022-12-10,0.46649670864883375,56.695384979248054,34.204745079038496,0.23324835432441687
2022-12-11,0.44899356949887753,57.94195556640626,34.95307195624334,0.22449678474943877
2022-12-12,0.42768540009893075,65.7449722290039,39.63330826055903,0.21384270004946537
2022-12-13,0.4337734484989156,65.59209442138673,39.54069630924886,0.2168867242494578
2022-12-14,0.4196948365739508,65.80767059326172,39.6721641584653,0.2098474182869754
2022-12-15,0.4196948365739508,65.35523986816406,39.40085893802767,0.2098474182869754
2022-12-16,0.4196948365739508,65.41177368164062,39.43476008106814,0.2098474182869754
2022-12-17,0.2849967657242875,73.84979248046875,44.52683905514447,0.14249838286214375
2022-12-18,0.35462881929911344,73.82242584228516,44.49380343322417,0.17731440964955672
2022-12-19,0.3314181347741715,73.02481842041017,44.02033433459501,0.16570906738708574
2022-12-20,0.3314181347741715,72.89219665527344,43.940689113447554,0.16570906738708574
2022-12-21,0.320383547049199,72.2569808959961,43.56166999079241,0.1601917735245995
2022-12-22,0.29565085042426087,69.40310668945312,41.85227661701802,0.14782542521213043
2022-12-23,0.18796849434953009,66.62135314941406,40.198614194118186,0.09398424717476504
2022-12-24,0.2868992808492828,63.47513580322265,38.29132757344015,0.1434496404246414
2022-12-25,0.32609109242418477,64.82523345947266,39.09691155185702,0.16304554621209238
2022-12-26,0.32571058939918573,64.15279388427734,38.69309995003947,0.16285529469959287
2022-12-27,0.3024999048742438,61.61930847167968,37.17418250531023,0.1512499524371219
2022-12-28,0.2693961416993265,61.29452133178711,36.98277848731673,0.13469807084966326
2022-12-29,0.2693961416993265,60.593860626220696,36.56156625721191,0.13469807084966326
2022-12-30,0.4429055210988927,56.22270584106446,33.92298690071888,0.22145276054944635
2022-12-31,0.39952817624900117,57.246681213378906,34.53993110341762,0.19976408812450058
2023-01-01,0.3961036490240097,57.166481018066406,34.49206739023375,0.19805182451200484
2023-01-02,0.3961036490240097,55.68086242675781,33.60084886168795,0.19805182451200484
2023-01-03,0.38811308549902973,54.99346923828126,33.188882574834246,0.19405654274951487
2023-01-04,0.44176401202389554,50.2608757019043,30.349294536746324,0.22088200601194777
2023-01-05,0.4231193637989422,50.11088943481445,30.25940734467311,0.2115596818994711
2023-01-06,0.4543206118488642,48.02634048461914,29.010071094594657,0.2271603059244321
2023-01-07,0.39724515809900685,47.24053573608399,28.53755147067485,0.19862257904950342
2023-01-08,0.3683269281990792,49.71097183227539,30.019447544037376,0.1841634640995396
2023-01-09,0.3645218979490887,56.07548904418945,33.839503035685595,0.18226094897454434
2023-01-10,0.33446215897416387,63.902946472167976,38.54182456978053,0.16723107948708194
2023-01-11,0.33446215897416387,63.902946472167976,38.54182456978053,0.16723107948708194
2023-01-12,0.2591225600243522,61.88142395019531,37.336824059913674,0.1295612800121761
2023-01-13,0.28575777177428563,60.860931396484375,36.720342654934406,0.14287888588714281
2023-01-14,0.20965716677447585,60.551708221435554,36.54252921696972,0.10482858338723793
2023-01-15,0.20965716677447585,60.546928405761726,36.5396529068255,0.10482858338723793
2023-01-16,0.2115596818994711,60.922962188720696,36.765727835215735,0.10577984094973555
2023-01-17,0.19025151249952438,61.58721923828126,37.167908692576745,0.09512575624976219
2023-01-18,0.11985845287470036,66.27227020263672,39.99955677502613,0.05992922643735018
2023-01-19,0.10007229557474982,67.12843322753905,40.51892079932882,0.05003614778737491
2023-01-20,0.18872950039952818,70.83644104003906,42.735848401119966,0.09436475019976409
2023-01-21,0.15866976142460334,68.3985366821289,41.273831215164606,0.07933488071230167
2023-01-22,0.14002511319964994,66.44148254394531,40.098218538670324,0.07001255659982497
2023-01-23,0.14002511319964994,66.44568634033203,40.100751149642136,0.07001255659982497
2023-01-24,0.1343175678246642,66.6346664428711,40.21555316475518,0.0671587839123321
2023-01-25,0.2130816939994673,67.19303131103516,40.538434502214905,0.10654084699973365
2023-01-26,0.24085841482439785,63.0091667175293,38.01727466816218,0.12042920741219892
2023-01-27,0.22449678474943877,63.13299560546874,38.09390028986973,0.11224839237471938
2023-01-28,0.24922948137437695,63.164188385009766,38.10941042315311,0.12461474068718847
2023-01-29,0.17731440964955672,58.10848999023437,35.074916499047774,0.08865720482477836
2023-01-30,0.26635211749933413,58.45135498046875,35.27382552762095,0.13317605874966706
2023-01-31,0.2880407899242799,58.81778717041016,35.49221018627941,0.14402039496213995
2023-02-01,0.2834747536242913,58.10259246826172,35.062763948572275,0.14173737681214565
2023-02-02,0.28385525664929034,57.330360412597656,34.598606402387475,0.14192762832464517
2023-02-03,0.24999048742437502,56.33522033691406,34.002652972515925,0.12499524371218751
2023-02-04,0.23743388759940642,55.82642364501953,33.69741541079147,0.11871694379970321
2023-02-05,0.28918229899927705,56.54651260375976,34.127149654266645,0.14459114949963853
2023-02-06,0.2526540085993684,56.84907150268555,34.31147925877407,0.1263270042996842
2023-02-07,0.29032380807427416,56.833141326904304,34.29932590748938,0.14516190403713708
2023-02-08,0.2035691183744911,54.9366340637207,33.163893027998874,0.10178455918724555
2023-02-09,0.21117917887447207,54.093719482421875,32.656296440575346,0.10558958943723604
2023-02-10,0.2724401658993189,55.158946990966804,33.2941329531635,0.13622008294965945
2023-02-11,0.24009740877439975,55.671863555908196,33.604298924770184,0.12004870438719988
2023-02-12,0.23591187549941023,54.550025939941406,32.92975191425721,0.11795593774970511
2023-02-13,0.2709181537993227,53.96295928955078,32.57524451975781,0.13545907689966136
2023-02-14,0.2130816939994673,48.45451354980469,29.262953360854283,0.10654084699973365
2023-02-15,0.21117917887447207,48.51710891723633,29.300590501565154,0.10558958943723604
2023-02-16,0.21802823332445492,50.83800506591797,30.697124261095134,0.10901411666222746
2023-02-17,0.21498420912446253,49.88978576660156,30.12659819718252,0.10749210456223127
2023-02-18,0.21498420912446253,49.554401397705085,29.924794585541235,0.10749210456223127
2023-02-19,0.3333206498991667,42.42238998413086,25.642370065277078,0.16666032494958335
2023-02-20,0.3333206498991667,42.10764694213868,25.453358970343952,0.16666032494958335
2023-02-21,0.37251246147406875,43.949825286865234,26.562004467370613,0.18625623073703437
2023-02-22,0.3732734675240668,44.01177215576172,26.59922640932454,0.1866367337620334
2023-02-23,0.3489212739241277,42.540382385253906,25.714391209971144,0.17446063696206385
2023-02-24,0.3340816559491648,40.9912109375,24.78297969094831,0.1670408279745824
2023-02-25,0.37822000684905444,36.769935607910156,22.253869582516188,0.18911000342452722
2023-02-26,0.2990753776492523,40.37020492553711,24.406683690161206,0.14953768882462615
2023-02-27,0.2990753776492523,39.3301887512207,23.781771722766507,0.14953768882462615
2023-02-28,0.320383547049199,37.914302825927734,22.933587060976752,0.1601917735245995
2023-03-01,0.30021688672424945,37.25329208374023,22.533977421846597,0.15010844336212473
2023-03-02,0.29717286252425706,36.84545135498047,22.28852339152681,0.14858643126212853
2023-03-03,0.4033332064989917,37.26107406616211,22.55178918530419,0.20166660324949584
2023-03-04,0.37898101289905256,40.3450813293457,24.399302560645086,0.18949050644952628
2023-03-05,0.296411856474259,39.67148971557617,23.986573293913874,0.1482059282371295
2023-03-06,0.3333206498991667,39.170013427734375,23.689236327456147,0.16666032494958335
2023-03-07,0.32799360754918,38.92803192138672,23.54333055213971,0.16399680377459
2023-03-08,0.32913511662417716,36.97524642944336,22.37067851372167,0.16456755831208858
2023-03-09,0.42540238194893654,37.05925750732422,22.433590489399812,0.21270119097446827
2023-03-10,0.3755564856740611,38.21623992919922,23.121448376978794,0.18777824283703054
2023-03-11,0.38963509759902587,37.707603454589844,22.817944835835423,0.19481754879951294
2023-03-12,0.3173395228492067,36.412166595458984,22.030908609865406,0.15866976142460334
2023-03-13,0.3557703283741106,36.08961868286132,21.842504819076964,0.1778851641870553
2023-03-14,0.3059244320992352,37.95824432373047,22.958239586544448,0.1529622160496176
2023-03-15,0.31125147444922185,45.893077850341804,27.725698859128894,0.15562573722461093
2023-03-16,0.26977664472432555,44.01062011718751,26.59233622363902,0.13488832236216278
2023-03-17,0.26977664472432555,41.62775421142578,25.159851282741798,0.13488832236216278
2023-03-18,0.405996727673985,34.831993103027344,21.0951697759199,0.2029983638369925
2023-03-19,0.398386667174004,34.36326599121094,20.812838070516257,0.199193333587002
2023-03-20,0.48818538107377957,34.43375015258789,20.869098009093747,0.24409269053688978
2023-03-21,0.49084890224877287,31.750638961791992,19.262463677088686,0.24542445112438643
2023-03-22,0.45850614512385374,32.057373046875,19.440378859318816,0.22925307256192687
2023-03-23,0.5026444960237434,30.6165657043457,18.585497104311944,0.2513222480118717
2023-03-24,0.5844526463985389,29.666460037231445,18.033178057499498,0.29222632319926944
2023-03-25,0.5528708953236179,32.34946823120117,19.63207956680374,0.27643544766180894
2023-03-26,0.4851413568737872,34.115726470947266,20.678125793116216,0.2425706784368936
2023-03-27,0.45241809672386896,38.113914489746094,23.06917843763326,0.22620904836193448
2023-03-28,0.4261633879989346,34.06825256347656,20.64029237453916,0.2130816939994673
2023-03-29,0.26749362657433123,34.09062957763672,20.62846619754906,0.13374681328716562
2023-03-30,0.5330847380236673,32.07011795043945,19.461388392702624,0.26654236901183365
2023-03-31,0.5357482591986606,32.1863784790039,19.53144798036407,0.2678741295993303
2023-04-01,0.5357482591986606,34.51469421386719,20.924946852431788,0.2678741295993303
2023-04-02,0.5323237319736692,33.65097427368164,20.40744988480041,0.2661618659868346
2023-04-03,0.5159621018987101,28.57676887512207,17.366854845276844,0.25798105094935503
2023-04-04,0.5262356835736844,29.058753967285156,17.657570099582966,0.2631178417868422
2023-04-05,0.5319432289486702,30.669797897338867,18.623037741513635,0.2659716144743351
2023-04-06,0.5140595867737148,31.191293716430664,18.931809577210338,0.2570297933868574
2023-04-07,0.5113960655987215,31.236003875732422,18.95807855815894,0.25569803279936076
2023-04-08,0.335603668049161,31.50459098815918,19.086380048587596,0.1678018340245805
2023-04-09,0.5304212168486739,29.96623802185059,18.201624893517096,0.26521060842433697
2023-04-10,0.5726570526235684,28.528686523437496,17.350241155404124,0.2863285263117842
2023-04-11,0.5726570526235684,28.38374900817871,17.26354942863914,0.2863285263117842
2023-04-12,0.5726570526235684,28.3522891998291,17.244732319040885,0.2863285263117842
2023-04-13,0.5726570526235684,28.472034454345703,17.316355755301828,0.2863285263117842
2023-04-14,0.4912294052737719,37.62051773071289,22.778273564452594,0.24561470263688595
2023-04-15,0.4071382367489822,42.57845687866211,25.741570555852167,0.2035691183744911
2023-04-16,0.44633004832388423,45.67008590698242,27.597586175066475,0.22316502416194212
2023-04-17,0.5045470111487386,45.02335739135743,27.212837586497784,0.2522735055743693
2023-04-18,0.5102545565237243,43.01349639892578,26.0097057944468,0.25512727826186216
2023-04-19,0.5102545565237243,42.998336791992195,26.000628892550125,0.25512727826186216
2023-04-20,0.5102545565237243,46.26223373413086,27.954905970735883,0.25512727826186216
2023-04-21,0.5178646170237053,45.10386657714843,27.26169956767991,0.25893230851185267
2023-04-22,0.5342262470986644,42.9354476928711,25.964667175137368,0.2671131235493322
2023-04-23,0.5186256230737035,41.84239196777344,25.309183155258815,0.25931281153685176
2023-04-24,0.47486777519881285,41.41101837158203,25.04717348899332,0.23743388759940642
2023-04-25,0.4642136904988395,40.427284240722656,24.456789019554066,0.23210684524941974
2023-04-26,0.5296602107986759,34.269371032714844,20.7771630395126,0.26483010539933793
2023-04-27,0.5342262470986644,33.6228141784668,20.39090665886425,0.2671131235493322
2023-04-28,0.5342262470986644,33.62218856811523,20.390532221035173,0.2671131235493322
2023-04-29,0.5353677561736616,32.61577606201172,19.788376637578516,0.2676838780868308
2023-04-30,0.5490658650736274,32.268890380859375,19.58319278042237,0.2745329325368137
2023-05-01,0.5471633499486321,32.737380981445305,19.863193972467,0.27358167497431607
2023-05-02,0.5330847380236673,32.90745162963867,19.962555587270398,0.26654236901183365
2023-05-03,0.5616224648985959,30.89890480041504,18.765836187133115,0.28081123244929795
2023-05-04,0.5566759255736083,28.078279495239254,17.077335082352022,0.27833796278680417
2023-05-05,0.5437388227236406,26.700279235839847,16.24987487424287,0.2718694113618203
2023-05-06,0.5601004527985998,27.58350944519043,16.782086005282906,0.2800502263992999
2023-05-07,0.5715155435485713,27.157289505004883,16.52970433243696,0.28575777177428563
2023-05-08,0.5715155435485713,27.192041397094723,16.55049093847455,0.28575777177428563
2023-05-09,0.522430653323694,26.888368606567383,16.35750682152668,0.261215326661847
2023-05-10,0.522430653323694,26.888368606567383,16.35750682152668,0.261215326661847
2023-05-11,0.522430653323694,26.91843032836914,16.3755027901196,0.261215326661847
2023-05-12,0.5349872531486625,27.29790687561035,16.605520962262677,0.26749362657433123
2023-05-13,0.4805753205737986,29.342670440673828,17.818089137279273,0.2402876602868993
2023-05-14,0.4311099273239223,29.350343704223636,17.812471391664722,0.21555496366196114
2023-05-15,0.45850614512385374,28.36750411987305,17.229139155128824,0.22925307256192687
2023-05-16,0.45850614512385374,28.731718063354496,17.447402824808858,0.22925307256192687
2023-05-17,0.45850614512385374,28.792165756225586,17.48362750951923,0.22925307256192687
2023-05-18,0.491609908298771,27.99367904663086,17.012400712956396,0.2458049541493855
2023-05-19,0.3698489402990754,31.73827743530273,19.23296306577158,0.1849244701495377
2023-05-20,0.3698489402990754,31.957731246948246,19.364670423951345,0.1849244701495377
2023-05-21,0.45546212092386135,29.249008178710934,17.756769282643386,0.22773106046193067
2023-05-22,0.515201095848712,25.91143226623535,15.77093802124374,0.257600547924356
2023-05-23,0.46497469654883755,25.56393432617187,15.550615462946213,0.23248734827441878
2023-05-24,0.46497469654883755,25.868204116821286,15.732936524138285,0.23248734827441878
2023-05-25,0.42235835774894415,22.49851608276367,13.702070505242292,0.21117917887447207
2023-05-26,0.4847608538487881,18.358224868774414,11.23915341193897,0.24238042692439404
2023-05-27,0.47144324797382137,17.666454315185547,10.820469399655384,0.23572162398691068
2023-05-28,0.5056885202237358,17.84170913696289,10.936484945751634,0.2528442601118679
2023-05-29,0.48323884174879195,18.312894821166992,11.211517947172176,0.24161942087439597
2023-05-30,0.5296602107986759,17.618162155151367,10.810387170589214,0.26483010539933793
2023-05-31,0.5361287622236597,16.795949935913086,10.320390249114208,0.26806438111182984
2023-06-01,0.5216696472736958,16.472557067871094,10.121992812035657,0.2608348236368479
2023-06-02,0.5874966705985313,14.133857727050781,8.745559700743474,0.29374833529926564
2023-06-03,0.570374034473574,15.379935264587402,9.484765433310773,0.285187017236787
2023-06-04,0.5517293862486207,24.537853240966797,14.957868506305044,0.27586469312431033
2023-06-05,0.5517293862486207,24.999679565429688,15.234198134255998,0.27586469312431033
2023-06-06,0.5604809558235988,22.878379821777344,13.967311077350885,0.2802404779117994
2023-06-07,0.5722765495985693,18.232454299926758,11.191617085085372,0.28613827479928466
2023-06-08,0.6042388036984895,17.952939987182617,11.034672604795233,0.30211940184924474
2023-06-09,0.6266884821734333,14.297636985778809,8.857489370752708,0.31334424108671666
2023-06-10,0.6072828278984818,13.478490829467773,8.360887421607645,0.3036414139492409
2023-06-11,0.6327765305734181,12.309812545776367,7.671877146041184,0.31638826528670905
2023-06-12,0.6700658270233248,10.175942420959473,6.411674698843115,0.3350329135116624
2023-06-13,0.6518016818233705,8.568709373474121,5.444336130335915,0.32590084091168525
2023-06-14,0.6651192876983373,7.792532920837402,4.986315691911541,0.33255964384916864
2023-06-15,0.6776758875233058,7.580175876617432,4.864821043274346,0.3388379437616529
2023-06-16,0.6236444579734409,7.427833080291749,4.7508576211852755,0.31182222898672046
2023-06-17,0.7164871960732089,5.958187580108643,3.9134549741254023,0.35824359803660444
2023-06-18,0.6331570335984171,5.570648193359375,3.645189717637772,0.31657851679920856
2023-06-19,0.5992922643735018,5.665311336517334,3.6867396360499454,0.2996461321867509
2023-06-20,0.5798866100985502,5.341049671173096,3.48420845141472,0.2899433050492751
2023-06-21,0.6179369125984552,4.85545539855957,3.21097185108688,0.3089684562992274
2023-06-22,0.6662607967733343,4.467392444610596,3.0010379239343568,0.33313039838666697
2023-06-23,0.6689243179483277,3.9649333953857417,2.7021976977231805,0.33446215897416387
2023-06-24,0.6765343784483087,3.1889519691467285,2.2423679498589966,0.33826718922415433
2023-06-25,0.6384840759484038,2.780514717102051,1.9805257863429786,0.3192420379742019
2023-06-26,0.5768425858985579,2.572113275527954,1.826776199918519,0.28842129294927893
2023-06-27,0.5768425858985579,2.572113275527954,1.826776199918519,0.28842129294927893
2023-06-28,0.570374034473574,2.487919807434082,1.77334759578572,0.28518701723678697
2023-06-29,0.6571287241733572,2.0628514289855957,1.5606787312589168,0.3285643620866786
2023-06-30,0.6571287241733572,2.073174476623535,1.5668445535520954,0.3285643620866786
2023-07-01,0.6278299912484304,1.8712754249572754,1.4321517654942357,0.3139149956242152
2023-07-02,0.62402496099844,1.7431433200836182,1.353746394171961,0.31201248049922
2023-07-03,0.608804839998478,2.043645143508911,1.5260326929920853,0.304402419999239
2023-07-04,0.6236444579734409,2.018142223358154,1.5179081303712,0.3118222289867205
2023-07-05,0.6841444389482897,1.642667531967163,1.32277242532899,0.3420722194741449
2023-07-06,0.7005060690232487,2.0450332164764404,1.5708377356389711,0.35025303451162443
2023-07-07,0.6822419238232944,1.4889934062957764,1.2301034526907326,0.3411209619116473
2023-07-08,0.6662607967733343,1.436647891998291,1.1910903314228523,0.33313039838666714
2023-07-09,0.6811004147482973,1.219931960105896,1.068907286101047,0.3405502073741486
2023-07-10,0.6864274570982839,1.3107874393463135,1.125745999329094,0.34321372854914195
2023-07-11,0.6053803127734865,1.4750808477401733,1.1845001214094246,0.30269015638674324
2023-07-12,0.6186979186484532,1.204636812210083,1.029325834789721,0.30934895932422657
2023-07-13,0.6186979186484532,1.4353100061416628,1.1671925874384366,0.3093489593242266
2023-07-14,0.6175564095734561,1.1130363941192627,0.9740208427345666,0.30877820478672807
2023-07-15,0.7294242989231764,0.6780328154563905,0.7692021570933347,0.36471214946158825
2023-07-16,0.710399147673224,0.6137309670448303,0.7214461731081081,0.355199573836612
2023-07-17,0.6986035538982535,1.1898339986801147,1.0594806908753758,0.34930177694912673
2023-07-18,0.6540846999733648,0.8640011548995972,0.8431253198024948,0.3270423499866824
2023-07-19,0.6989840569232525,0.757508397102356,0.8016248989561542,0.3494920284616263
2023-07-20,0.6894714812982763,0.6878089904785156,0.7553326619922885,0.34473574064913814
2023-07-21,0.6955595296982612,0.7238038778305055,0.7798202576881665,0.3477797648491306
2023-07-22,0.6982230508732544,1.9475898742675781,1.5115813158821338,0.34911152543662716
2023-07-23,0.6742513602983143,2.134785175323486,1.6118396103388917,0.33712568014915717
2023-07-24,0.6742513602983143,2.1291122436523438,1.60845221327908,0.33712568014915717
2023-07-25,0.670826833073323,2.1466169357299805,1.6172657891353297,0.3354134165366615
2023-07-26,0.670826833073323,2.1466169357299805,1.6172657891353297,0.3354134165366615
2023-07-27,0.670826833073323,2.1466169357299805,1.6172657891353297,0.3354134165366615
2023-07-28,0.6826224268482934,1.0965089797973635,0.9959622464293029,0.3413112134241467
2023-07-29,0.6624557665233438,1.0486632585525513,0.9575249663222476,0.3312278832616719
2023-07-30,0.6266884821734333,1.0309079885482788,0.9294060055761684,0.3133442410867166
2023-07-31,0.6552262090483619,0.7860175371170045,0.7971061258763105,0.32761310452418096
2023-08-01,0.6468551424983828,0.9479714632034302,0.8897360059470285,0.3234275712491914
2023-08-02,0.6403865910733991,0.8410143256187439,0.8226610340766268,0.32019329553669956
2023-08-03,0.6449526273733877,1.405877232551575,1.1623597081418515,0.3224763136866938
2023-08-04,0.6449526273733877,1.405877232551575,1.1623597081418515,0.3224763136866938
2023-08-05,0.6449526273733877,1.4589231014251711,1.1940497756525967,0.3224763136866938
2023-08-06,0.6552262090483619,1.3639500141143797,1.1423086842800774,0.32761310452418096
2023-08-07,0.6624557665233438,1.1903290748596191,1.042132572051638,0.3312278832616719
2023-08-08,0.7081161295232297,1.00028395652771,0.9510046629041874,0.3540580647616148
2023-08-09,0.7081161295232297,1.0048454999923706,0.9537268877641774,0.35405806476161483
2023-08-10,0.7362733533731594,0.8376391530036926,0.8677847183159844,0.3681366766865796
2023-08-11,0.6909934933982725,0.473086416721344,0.6279049100145022,0.34549674669913627
2023-08-12,0.6913739964232716,0.5888416171073914,0.6971927986631363,0.34568699821163573
2023-08-13,0.6670218028233325,0.720072627067566,0.7635296929354791,0.3335109014116662
2023-08-14,0.694798523648263,0.530587375164032,0.6641123393001878,0.3473992618241315
2023-08-15,0.7039305962482402,1.3889498710632324,1.1809169638760626,0.3519652981241201
2023-08-16,0.6898519843232754,0.6246207356452942,0.7177994496144867,0.3449259921616377
2023-08-17,0.6970815417982573,1.0257346630096436,0.9607889544423605,0.34854077089912866
2023-08-18,0.6643582816483391,0.6650175452232361,0.7293374064646239,0.33217914082416955
2023-08-19,0.6727293481983182,0.3451782763004303,0.5424813258870634,0.3363646740991591
2023-08-20,0.6921350024732696,0.33418658375740046,0.545555821492503,0.34606750123663477
2023-08-21,0.7062136143982345,0.2691540718078614,0.5137369249215487,0.35310680719911725
2023-08-22,0.7107796506982231,0.3040901720523835,0.5368557888334515,0.35538982534911157
2023-08-23,0.7533959894981166,0.37302026152610773,0.5991390563006417,0.3766979947490583
2023-08-24,0.647616148548381,0.40104189515113825,0.5633833395035897,0.3238080742741905
2023-08-25,0.6042388036984895,1.042012095451355,0.9250508136697739,0.30211940184924474
2023-08-26,0.585974658498535,1.0274289846420288,0.9073883764938216,0.29298732924926757
2023-08-27,0.585974658498535,1.137701153755188,0.9733309741796938,0.29298732924926757
2023-08-28,0.5886381796735284,1.2552855014801028,1.044944569894991,0.29431908983676425
2023-08-29,0.5646664890985883,2.5588808059692383,1.8130855172606055,0.28233324454929415
2023-08-30,0.5821696282485446,2.1607825756073,1.5833118884677115,0.2910848141242723
2023-08-31,0.6019557855484952,2.1322290897369385,1.5757070511825586,0.30097789277424747
2023-09-01,0.6620752634983449,0.9878991842269896,0.921048118246141,0.33103763174917245
2023-09-02,0.6472356455233819,0.6275155544281006,0.6984867947553647,0.32361782276169093
2023-09-03,0.6472356455233819,0.6275155544281006,0.6984867947553647,0.32361782276169093
2023-09-04,0.6997450629732507,0.4949027895927429,0.645260631171977,0.34987253148662534
2023-09-05,0.6658802937483354,0.46801215410232544,0.6124367702384231,0.3329401468741677
2023-09-06,0.687188463148282,0.4652442038059235,0.6213387013885565,0.343594231574141
2023-09-07,0.6864274570982839,0.46565839648246765,0.6212090094536481,0.34321372854914195
2023-09-08,0.7298048019481755,0.47138607501983637,0.6461125969855028,0.36490240097408777
2023-09-09,0.663216772573342,0.4733429253101349,0.6143011511278217,0.33160838628667094
2023-09-10,0.6921350024732696,0.4444560706615448,0.611379752754666,0.3460675012366348
2023-09-11,0.6335375366234162,0.4219308793544769,0.5688821416210582,0.31676876831170814
2023-09-12,0.6955595296982612,0.42661428451538086,0.6024269854286246,0.3477797648491306
2023-09-13,0.6955595296982612,0.5521356463432312,0.6773510258862119,0.3477797648491306
2023-09-14,0.7012670750732469,3.038520336151123,2.1641611215998506,0.35063353753662346
2023-09-15,0.7301853049731746,3.048461198806763,2.1836718359656144,0.3650926524865873
2023-09-16,0.7301853049731746,3.000516414642334,2.1550700658423945,0.3650926524865873
2023-09-17,0.7343708382481641,2.9258413314819336,2.11249246808121,0.36718541912408204
2023-09-18,0.7343708382481641,2.957855701446533,2.1315895069280963,0.36718541912408204
2023-09-19,0.6849054449982878,1.4961012601852417,1.2356390081163746,0.3424527224991439
2023-09-20,0.6841444389482897,1.648398518562317,1.3261939209294347,0.3420722194741449
2023-09-21,0.6841444389482897,1.6531713008880615,1.329043352429278,0.34207221947414473
2023-09-22,0.6841444389482897,1.695221424102783,1.3541479847972866,0.34207221947414485
2023-09-23,0.6750123663483124,2.2964134216308594,1.7087134150254715,0.33750618317415615
2023-09-24,0.663597275598341,2.2731668949127197,1.689384662523956,0.3317986377991705
2023-09-25,0.7084966325482288,1.6012533903121948,1.309833641146775,0.3542483162741143
2023-09-26,0.6693048209733268,1.0509324073791504,0.9622327268615777,0.33465241048666333
2023-09-27,0.67196834214832,0.8804286122322083,0.8617220951716045,0.33598417107416007
2023-09-28,0.7046916022982382,0.8460049629211425,0.8572511944912878,0.3523458011491191
2023-09-29,0.6845249419732887,0.806613028049469,0.8238209760434904,0.34226247098664436
2023-09-30,0.5730375556485674,1.572703242301941,1.2271965049671296,0.2865187778242837
2023-10-01,4.870438719987824,0.18210230767726898,2.5363141687535236,2.435219359993912
2023-10-02,3.208401506791979,0.054226703941822045,1.6352061883030697,1.6042007533959894
2023-10-03,2.754841900993113,0.06016549468040467,1.4120949196160497,1.3774209504965564
2023-10-04,2.35188919751912,0.5925540328025818,1.519827055778003,1.17594459875956
2023-10-05,2.100376697994749,0.5400443673133849,1.3649556568816419,1.0501883489973745
2023-10-06,1.7837981811955406,0.27026382088661194,1.0502791810904795,0.8918990905977703
2023-10-07,1.6487196073208783,0.1425929218530655,0.9081147656774557,0.8243598036604391
2023-10-08,1.647197595220882,0.21229548752307892,0.948298263781535,0.823598797610441
2023-10-09,1.5973516989460066,0.24846656620502472,0.944745562999158,0.7986758494730033
2023-10-10,1.5802290628210494,0.22710509598255157,0.9236650480149742,0.7901145314105247
2023-10-11,1.6133328259959667,0.19007036089897153,0.9183755106139613,0.8066664129979834
2023-10-12,1.5284806514211788,0.26322847604751587,0.9191696296200977,0.7642403257105894
2023-10-13,1.5414177542711465,0.2102075070142746,0.8944042492760951,0.7707088771355732
2023-10-14,1.5235341120961912,0.3945880234241485,0.9940306262,0.7617670560480955
2023-10-15,1.3774209504965564,0.4307800829410553,0.9429069489840524,0.6887104752482781
2023-10-16,1.084433621247289,1.0644710063934326,1.173462982178823,0.5422168106236445
2023-10-17,1.0600814276473498,1.1113256216049194,1.1893429586656117,0.5300407138236749
2023-10-18,1.0178455918724554,1.0678874254226685,1.142906036876724,0.5089227959362277
2023-10-19,1.014040561622465,1.824318051338196,1.590150554166719,0.5070202808112325
2023-10-20,1.014040561622465,1.9524890184402466,1.6662479509620025,0.5070202808112325
2023-10-21,1.014040561622465,2.2115659713745117,1.8200665741159847,0.5070202808112325
2023-10-22,0.9847418286975381,4.321697235107422,3.059506102382291,0.49237091434876923
2023-10-23,0.9794147863475514,4.320957183837891,3.05663316191878,0.4897073931737757
2023-10-24,0.9794147863475514,4.341033458709717,3.0685597571420917,0.4897073931737757
2023-10-25,0.9858833377725353,4.558603286743164,3.2007495928244305,0.4929416688862675
2023-10-26,0.9858833377725353,4.6445136070251465,3.251780277307137,0.49294166888626767
2023-10-27,0.96799969559758,7.605221748352051,5.002857605630162,0.48399984779879
2023-10-28,0.9634336592975914,7.8371663093566895,5.138748861152983,0.4817168296487957
2023-10-29,0.9634336592975914,7.938928604125977,5.1992184553447185,0.4817168296487957
2023-10-30,0.9634336592975914,8.24653148651123,5.382003459478277,0.4817168296487957
2023-10-31,0.9634336592975914,10.713462829589844,6.847913181276918,0.4817168296487957
2023-11-01,0.9634336592975914,11.064123153686523,7.056283949107405,0.4817168296487957
2023-11-02,0.9634336592975914,11.064123153686523,7.056283949107405,0.4817168296487957
2023-11-03,0.9634336592975914,11.308154106140137,7.201292989032734,0.4817168296487957
2023-11-04,0.7362733533731594,21.59137344360352,13.247295224255184,0.3681366766865797
2023-11-05,0.5711350405235721,47.05303192138672,28.43019506491408,0.28556752026178606
2023-11-06,0.5254746775236863,58.998580932617195,35.579497559980226,0.26273733876184313
2023-11-07,0.4303489212739241,59.22398376464844,35.72319888060534,0.21517446063696205
2023-11-08,0.5753205737985617,52.76137161254882,31.84450546415024,0.28766028689928086
2023-11-09,0.5220501502986948,52.86992263793946,31.910959205440196,0.2610250751493474
2023-11-10,0.4817168296487957,53.300182342529304,32.169860001193854,0.24085841482439785
2023-11-11,0.5677105132985807,52.580665588378906,31.736620660621252,0.28385525664929034
2023-11-12,0.5182451200487044,52.42672348022461,31.64573577463407,0.2591225600243522
2023-11-13,0.5292797077736767,51.82230758666992,31.283685491995968,0.26463985388683836
2023-11-14,0.5505878771736236,49.44109725952149,29.858494225301673,0.2752939385868118
2023-11-15,0.6008142764734979,46.43415451049805,28.061073744697552,0.30040713823674897
2023-11-16,0.5783645979985541,46.33957290649413,28.00370636369525,0.28918229899927705
2023-11-17,0.5688520223735779,44.944358825683594,27.168783262400936,0.28442601118678895
2023-11-18,0.5688520223735779,44.3930778503418,26.839023642414606,0.28442601118678895
2023-11-19,0.48932689014877667,43.126895904541016,26.076166020765644,0.24466344507438834
2023-11-20,0.6674023058483315,40.89275360107422,24.75421067187015,0.33370115292416713
2023-11-21,0.6354400517484114,40.92377471923828,24.769835029724845,0.31772002587420434
2023-11-22,0.6689243179483277,41.19844055175781,24.93689607349026,0.3344621589741652
2023-11-23,0.5924432099235188,40.22048568725587,24.345412207878116,0.2962216049617594
2023-11-24,0.6605532513983486,37.3564338684082,22.64151016217353,0.3302766256991743
2023-11-25,0.6350595487234123,42.07899475097656,25.460053364562235,0.31752977436170615
2023-11-26,0.5174841139987063,44.21325302124023,26.728485332985567,0.25874205699935315
2023-11-27,0.34207221947414485,45.76544952392578,27.650331799874483,0.17103610973707242
2023-11-28,0.33902819527415246,46.00854492187499,27.796173911099924,0.16951409763707623
2023-11-29,0.35272630417411815,43.21733474731445,26.121070564620997,0.17636315208705908
2023-11-30,0.35272630417411815,43.21733474731445,26.121070564620997,0.17636315208705908
2023-12-01,0.2366728815494083,60.941020965576165,36.77384693199022,0.11833644077470415
2023-12-02,0.2366728815494083,61.8188819885254,37.30187293855682,0.11833644077470415
2023-12-03,0.4166508123739584,66.81536865234375,40.27695360318343,0.2083254061869792
2023-12-04,0.4166508123739584,66.54499816894531,40.114814643341674,0.2083254061869792
2023-12-05,0.4166508123739584,63.43598937988282,38.25036758957586,0.2083254061869792
2023-12-06,0.24047791179939879,64.25177001953125,38.76469230032063,0.12023895589969939
2023-12-07,0.4231193637989422,57.920108795166016,34.942026957926345,0.2115596818994711
2023-12-08,0.4231193637989422,57.70207214355468,34.81128627129293,0.2115596818994711
2023-12-09,0.39686465507400787,58.43119430541992,35.250701269394575,0.19843232753700393
2023-12-10,0.32761310452418096,57.60675811767578,34.76139832782553,0.16380655226209048
2023-12-11,0.32761310452418096,57.56956863403321,34.739062987052115,0.16380655226209048
2023-12-12,0.32761310452418096,54.995540618896484,33.19314765703741,0.16380655226209048
2023-12-13,0.32761310452418096,54.994125366210945,33.192297681508954,0.16380655226209048
2023-12-14,0.31962254099920095,62.24920272827148,37.55054656476137,0.15981127049960048
2023-12-15,0.34701875879913247,59.17717361450195,35.70278098354338,0.17350937939956623
2023-12-16,0.4208363456489479,56.787899017333984,34.263278253254185,0.21041817282447395
2023-12-17,0.41398729119896505,56.098373413085945,33.85022194887296,0.20699364559948252
2023-12-18,0.38012252197404967,54.7953224182129,33.07038217980515,0.19006126098702483
2023-12-19,0.3184810319242038,54.11355972290038,32.66382131020975,0.1592405159621019
2023-12-20,0.28081123244929795,51.10149383544922,30.854968110936532,0.14040561622464898
2023-12-21,0.28081123244929795,51.10149383544922,30.854968110936532,0.14040561622464898
2023-12-22,0.28081123244929795,51.99066543579101,31.389404868796543,0.14040561622464898
2023-12-23,0.25722004489935696,53.27350997924805,32.16123108314255,0.12861002244967848
2023-12-24,0.25722004489935696,53.03880310058594,32.02010509937595,0.12861002244967848
2023-12-25,0.35462881929911344,53.49962615966797,32.293782656514196,0.17731440964955672
2023-12-26,0.3245690803241886,53.36837387084961,32.21600285526425,0.1622845401620943
2023-12-27,0.32266656519919334,53.21048355102539,32.12123301813652,0.16133328259959667
2023-12-28,0.3013583957992466,53.036205291748054,32.01720294208497,0.1506791978996233
2023-12-29,0.3013583957992466,52.772666931152344,31.85885731046918,0.1506791978996233
2023-12-30,0.34663825577413343,49.34811782836914,29.801530246263606,0.17331912788706672
2023-12-31,0.34663825577413343,49.32435989379883,29.787266174356468,0.17331912788706672
2024-01-01,0.27434268102431414,56.45709991455078,34.07437383433209,0.13717134051215707
2024-01-02,0.27434268102431414,60.5780143737793,36.55151680969247,0.13717134051215707
2024-01-03,0.3104904683992238,60.86665344238281,36.72109399222696,0.1552452341996119
2024-01-04,0.2770062021993075,59.28468322753906,35.773828921353065,0.13850310109965375
2024-01-05,0.24770746927438073,58.90842819213867,35.550276501424314,0.12385373463719036
2024-01-06,0.24770746927438073,58.97880554199219,35.5926001183605,0.12385373463719036
2024-01-07,0.11110688329972224,64.02401733398438,38.64585266101669,0.05555344164986112
2024-01-08,0.09246223507476885,66.74949645996094,40.29175054433252,0.046231117537384424
2024-01-09,0.07381758684981546,66.81632232666016,40.33517745409077,0.03690879342490773
2024-01-10,0.07381758684981546,70.42652893066406,42.51256571166941,0.03690879342490773
2024-01-11,0.23781439062440546,70.80338287353516,42.70573702573749,0.11890719531220273
2024-01-12,0.31505650469921237,68.35733795166016,41.22030994674667,0.15752825234960618
2024-01-13,0.28613827479928466,66.09963989257812,39.86874898882436,0.14306913739964233
2024-01-14,0.2621665842243446,65.83847045898436,39.7155837133084,0.1310832921121723
2024-01-15,0.241999923899395,64.08023071289062,38.66130507744129,0.1209999619496975
2024-01-16,0.21117917887447207,60.410041809082024,36.45712134963387,0.10558958943723604
2024-01-17,0.195198051824512,59.4547348022461,35.883779666538196,0.097599025912256
2024-01-18,0.195198051824512,58.08396530151367,35.0587048405713,0.097599025912256
2024-01-19,0.23705338457440736,61.17206192016601,36.91277360889648,0.11852669228720368
2024-01-20,0.23096533617442258,65.52503967285156,39.53198164833957,0.11548266808721129
2024-01-21,0.23096533617442258,65.52503967285156,39.53198164833957,0.11548266808721129
2024-01-22,0.23096533617442258,64.7757568359375,39.08125157134001,0.11548266808721129
2024-01-23,0.2210722575244473,62.454109191894524,37.685899666348966,0.11053612876222366
2024-01-24,0.26026406909934935,63.65925598144532,38.40562000366829,0.13013203454967467
2024-01-25,0.23020433012442448,59.7707633972168,36.07057889457399,0.11510216506221224
2024-01-26,0.20394962139949013,57.49162292480469,34.70151458574182,0.10197481069974507
2024-01-27,0.24238042692439404,52.839679718017585,31.900796374829778,0.12119021346219702
2024-01-28,0.31125147444922185,54.16390228271484,32.69436178303559,0.15562573722461093
2024-01-29,0.3139149956242152,54.08218002319336,32.64515875028215,0.1569574978121076
2024-01-30,0.2621665842243446,55.44487380981445,33.466572640168145,0.1310832921121723
2024-01-31,0.2621665842243446,55.44487380981445,33.466572640168145,0.1310832921121723
2024-02-01,0.2739621779993151,54.78478240966796,33.06913711456697,0.13698108899965755
2024-02-02,0.21232068794946918,49.99102401733399,30.187513869903093,0.10616034397473459
2024-02-03,0.3089684562992276,50.75923156738281,30.64903753171849,0.1544842281496138
2024-02-04,0.2819527415242951,51.630210876464844,31.172734979017196,0.14097637076214756
2024-02-05,0.26749362657433123,52.23849105834961,31.538658619329794,0.13374681328716562
2024-02-06,0.26749362657433123,50.203956604003906,30.315530351062765,0.13374681328716562
2024-02-07,0.2659716144743351,50.82220458984376,30.68722326928162,0.13298580723716755
2024-02-08,0.28081123244929795,50.016315460205085,30.20272144410378,0.14040561622464898
2024-02-09,0.28081123244929795,49.7251319885254,30.027705563606595,0.14040561622464898
2024-02-10,0.28081123244929795,49.7251319885254,30.027705563606595,0.14040561622464898
2024-02-11,0.27966972337430085,53.22850036621094,32.133442640495076,0.13983486168715042
2024-02-12,0.2789087173243027,55.22015380859374,33.33058877775628,0.13945435866215136
2024-02-13,0.33255964384916864,55.38438415527344,33.42641381108095,0.16627982192458432
2024-02-14,0.28766028689928086,54.37638473510742,32.82304216202506,0.14383014344964043
2024-02-15,0.29565085042426087,53.372859954833984,32.21967262527015,0.14782542521213043
2024-02-16,0.23819489364940452,51.654106140136726,31.187820760229716,0.11909744682470226
2024-02-17,0.32076405007419806,49.49956130981445,29.892326204038582,0.16038202503709903
2024-02-18,0.31201248049922,46.08926773071289,27.843588863912906,0.15600624024961
2024-02-19,0.41550930329896124,45.021812438964844,27.20747998508569,0.20775465164948062
2024-02-20,0.4021916974239945,45.26381301879883,27.351977762347335,0.20109584871199726
2024-02-21,0.3706099463490735,44.90387344360352,27.134463463208437,0.18530497317453676
2024-02-22,0.3706099463490735,44.73564147949218,27.033498679633134,0.18530497317453676
2024-02-23,0.3706099463490735,44.93277740478516,27.151810239135283,0.18530497317453676
2024-02-24,0.3184810319242038,49.88216018676757,30.122131781757506,0.1592405159621019
2024-02-25,0.2853772687492866,52.236000061035156,31.536761194933614,0.1426886343746433
2024-02-26,0.2853772687492866,52.040374755859375,31.419189500734323,0.1426886343746433
2024-02-27,0.2853772687492866,53.55919647216797,32.33200822943926,0.1426886343746433
2024-02-28,0.2625470872493436,55.70008087158204,33.61999078619032,0.1312735436246718
2024-02-29,0.22297477264944257,54.49195480346679,32.89540330198755,0.11148738632472129
2024-03-01,0.18073893687454817,56.92479705810547,34.36199541310733,0.09036946843727409
2024-03-02,0.10920436817472699,57.82844924926758,34.91164008570535,0.054602184087363496
2024-03-03,0.10920436817472699,57.64747238159179,34.802553336574334,0.054602184087363496
2024-03-04,0.2130816939994673,57.43284606933594,34.66546279595444,0.10654084699973365
2024-03-05,0.24808797229937976,54.78899383544922,33.0729077953848,0.12404398614968988
2024-03-06,0.24808797229937976,55.47378540039062,33.484725980597915,0.12404398614968988
2024-03-07,0.23819489364940452,58.36288070678711,35.222990011204544,0.11909744682470226
2024-03-08,0.24085841482439785,58.13328552246093,35.084677305577536,0.12042920741219892
2024-03-09,0.24085841482439785,57.8384666442871,34.9073585748736,0.12042920741219892
2024-03-10,0.24085841482439785,57.8384666442871,34.9073585748736,0.12042920741219892
2024-03-11,0.19557855484951106,65.76527404785156,39.68207313471119,0.09778927742475553
2024-03-12,0.22830181499942925,62.72550201416016,37.84826250309623,0.11415090749971463
2024-03-13,0.23591187549941023,57.77492904663086,34.869528494697335,0.11795593774970511
2024-03-14,0.2526540085993684,56.82407760620117,34.29644963499718,0.1263270042996842
2024-03-15,0.2526540085993684,57.988616943359375,34.99672412488392,0.1263270042996842
2024-03-16,0.25189300254937025,56.371051788330085,34.02407930643472,0.12594650127468512
2024-03-17,0.25189300254937025,56.44556427001953,34.06888659527928,0.12594650127468512
2024-03-18,0.25189300254937025,57.770889282226555,34.8658567040239,0.12594650127468512
2024-03-19,0.34854077089912866,51.884441375732415,31.32428255404499,0.17427038544956433
2024-03-20,0.33864769224915336,50.41851425170898,30.444221049663994,0.16932384612457668
2024-03-21,0.2515124995243712,51.27070999145508,30.95704781530219,0.1257562497621856
2024-03-22,0.3843080552490392,51.38872146606446,31.026169049821938,0.1921540276245196
2024-03-23,0.3911571096990221,50.186939239501946,30.30506861904323,0.19557855484951106
2024-03-24,0.36756592214908107,50.680503845214844,30.601341629013803,0.18378296107454054
2024-03-25,0.37974201894905063,44.36177444458008,26.80963644252185,0.18987100947452532
2024-03-26,0.3439747345991401,45.09751510620117,27.249372146029906,0.17198736729957004
2024-03-27,0.3439747345991401,50.24584197998047,30.34052311964156,0.17198736729957004
2024-03-28,0.18796849434953009,56.193336486816406,33.92117115875833,0.09398424717476504
2024-03-29,0.18796849434953009,56.38659667968749,34.03750966213858,0.09398424717476504
2024-03-30,0.18796849434953009,55.567676544189446,33.54453725257805,0.09398424717476504
2024-03-31,0.13317605874966706,58.152164459228516,35.10481047950548,0.06658802937483353
2024-04-01,0.13317605874966706,58.13218688964844,35.09277346362707,0.06658802937483353
2024-04-02,0.3443552376241391,55.30351257324219,33.37722220042902,0.17217761881206955
2024-04-03,0.3443552376241391,55.44870376586915,33.464397133805114,0.17217761881206955
2024-04-04,0.3443552376241391,55.371917724609375,33.41829366216938,0.17217761881206955
2024-04-05,0.3987671701990031,51.3674087524414,31.013183382062675,0.19938358509950155
2024-04-06,0.41588980632396033,48.491207122802734,29.28809284655671,0.20794490316198017
2024-04-07,0.41855332749895363,47.80867385864258,28.878836422214032,0.20927666374947682
2024-04-08,0.4265438910239336,47.576438903808594,28.73976510035103,0.2132719455119668
2024-04-09,0.38164453407404586,44.9680290222168,27.17352183218493,0.19082226703702293
2024-04-10,0.38164453407404586,45.253299713134766,27.344696186835403,0.19082226703702293
2024-04-11,0.44594954529888514,43.89498519897461,26.533576456086422,0.22297477264944257
2024-04-12,0.49579544157376054,41.28812026977539,24.975367246687107,0.24789772078688166
2024-04-13,0.491609908298771,40.681312561035156,24.611559863047148,0.2458049541493855
2024-04-14,0.44823256344887946,40.09242248535156,24.254551100557624,0.22411628172443973
2024-04-15,0.44100300597389747,40.04613494873047,24.226087842768337,0.22050150298694873
2024-04-16,0.4897073931737757,37.2525634765625,22.557694815783773,0.24485369658688785
2024-04-17,0.4897073931737757,37.494773864746094,22.70276944701981,0.24485369658688785
2024-04-18,0.4897073931737757,37.29278564453125,22.581786334852545,0.24485369658688785
2024-04-19,0.4897073931737757,37.254615783691406,22.558924068179355,0.24485369658688785
2024-04-20,0.4897073931737757,37.681358337402344,22.814526311652962,0.24485369658688785
2024-04-21,0.46725771469883187,38.13079071044922,23.081054277827555,0.23362885734941594
2024-04-22,0.46725771469883187,38.29278564453125,23.178119329613125,0.23362885734941594
2024-04-23,0.460789163273848,44.30784225463867,26.78188717644226,0.230394581636924
2024-04-24,0.460789163273848,44.24275207519532,26.742881859786294,0.230394581636924
2024-04-25,0.4547011148738633,43.88850021362305,26.530224215770698,0.22735055743693164
2024-04-26,0.4436665271488908,43.75136947631837,26.447350706146405,0.2218332635744454
2024-04-27,0.42730489707393177,43.52452087402344,26.31031325202995,0.21365244853696588
2024-04-28,0.42730489707393177,43.408042907714844,26.240474781282984,0.21365244853696588
2024-04-29,0.4919904113237701,38.44266891479492,23.270785684985825,0.24599520566188504
2024-04-30,0.49541493854876145,37.46941375732422,22.688294914863658,0.24770746927438073
2024-05-01,0.49237091434876906,36.75271987915038,22.258660725609932,0.24618545717438453
2024-05-02,0.49237091434876906,37.095829010009766,22.46416065275141,0.24618545717438453
2024-05-03,0.48209733267379473,38.87467956542969,23.52843281467331,0.24104866633689737
2024-05-04,0.4676382177238309,38.177581787109375,23.109135807609682,0.23381910886191545
2024-05-05,0.45508161789886226,36.15507125854492,21.895545616627444,0.22754080894943113
2024-05-06,0.45508161789886226,36.24004364013672,21.946470200890733,0.22754080894943113
2024-05-07,0.44176401202389554,36.61524963378906,22.16955143281266,0.22088200601194777
2024-05-08,0.4356759636239108,37.80654525756837,22.88292012501877,0.2178379818119554
2024-05-09,0.5144400897987139,32.46046829223633,19.69175360468324,0.25722004489935696
2024-05-10,0.5034055020737416,32.35818862915039,19.62857064757734,0.2517027510368708
2024-05-11,0.47220425402381944,30.943319320678714,18.77536667902572,0.23610212701190972
2024-05-12,0.47220425402381944,30.648921966552738,18.598982549870353,0.23610212701190972
2024-05-13,0.4120847760739698,37.804298400878906,22.878696020133674,0.2060423880369849
2024-05-14,0.4592671511738518,34.31448745727539,20.793126491034105,0.2296335755869259
2024-05-15,0.33255964384916864,37.601219177246094,22.74704165696907,0.16627982192458432
2024-05-16,0.32609109242418477,37.794857025146484,22.862538021461116,0.16304554621209238
2024-05-17,0.4326319394239184,37.895729064941406,22.936017498037987,0.2163159697119592
2024-05-18,0.4326319394239184,37.40605163574219,22.64244021872245,0.2163159697119592
2024-05-19,0.5783645979985541,33.369163513183594,20.246433244557654,0.28918229899927705
2024-05-20,0.5562954225486093,31.120864868164062,18.897616339334046,0.27814771127430465
2024-05-21,0.5562954225486093,31.210817337036133,18.951434482861714,0.27814771127430465
2024-05-22,0.5125375746737186,31.379322052001957,19.044102061750557,0.2562687873368593
2024-05-23,0.4497545755488756,31.91607666015625,19.3541210888265,0.2248772877744378
2024-05-24,0.42768540009893075,30.702585220336914,18.62254316304482,0.21384270004946537
2024-05-25,0.48133632662379666,30.424324035644528,18.46620545090254,0.24066816331189833
2024-05-26,0.6076633309234808,25.957891464233402,15.82098330621156,0.3038316654617404
2024-05-27,0.5970092462235075,26.011671066284176,15.850576029512952,0.29850462311175374
2024-05-28,0.6065218218484837,25.378145217895504,15.474140567720754,0.30326091092424184
2024-05-29,0.6491381606483771,21.893022537231445,13.402736502454676,0.3245690803241886
2024-05-30,0.6491381606483771,21.893022537231445,13.402736502454676,0.3245690803241886
2024-05-31,0.6491381606483771,21.893022537231445,13.402736502454676,0.3245690803241886
2024-06-01,0.6491381606483771,21.893022537231445,13.402736502454676,0.3245690803241886
2024-06-02,0.6491381606483771,21.893022537231445,13.402736502454676,0.3245690803241886
2024-06-03,0.6491381606483771,21.893022537231445,13.402736502454676,0.3245690803241886
2024-06-04,0.6232639549484419,20.599863052368164,12.622638753209728,0.31163197747422094
2024-06-05,0.5962482401735094,19.265701293945312,11.817006359809401,0.2981241200867547
2024-06-06,0.5833111373235418,18.285598754882812,11.22690422551907,0.2916555686617709
2024-06-07,0.5524903922986187,17.942031860351562,11.011562063759227,0.27624519614930937
2024-06-08,0.5494463680986263,17.605403900146484,10.80916021354376,0.2747231840493132
2024-06-09,0.553631901373616,17.24609375,10.59553293907671,0.276815950686808
2024-06-10,0.6304935124234238,16.476730346679688,10.16097242811772,0.3152467562117119
2024-06-11,0.6023362885734942,16.30630874633789,10.049649219201592,0.3011681442867471
2024-06-12,0.6034777976484913,15.75792598724365,9.722197722916933,0.30173889882424565
2024-06-13,0.5905406947985237,15.298624992370607,9.4431274316086,0.29527034739926183
2024-06-14,0.5905406947985237,15.294820785522461,9.44085269511542,0.29527034739926183
2024-06-15,0.5905406947985237,15.310947418212892,9.45049566179871,0.29527034739926183
2024-06-16,0.5890186826985275,13.934909820556642,8.62714108336866,0.29450934134926376
2024-06-17,0.6605532513983486,13.568763732910158,8.434258325682089,0.3302766256991743
2024-06-18,0.663216772573342,12.985360145568848,8.086804810958675,0.331608386286671
2024-06-19,0.5528708953236179,9.93857479095459,6.222978844614879,0.2764354476618093
2024-06-20,0.5528708953236179,9.913629531860352,6.208053357925667,0.27643544766180894
2024-06-21,0.5292797077736767,10.018214225769043,6.261197297064427,0.26463985388683803
2024-06-22,0.5829306342985426,9.064696311950684,5.712416536496575,0.2914653171492713
2024-06-23,0.5829306342985426,9.103355407714844,5.735535796658143,0.2914653171492713
2024-06-24,0.5753205737985617,9.099028587341309,5.729835643951926,0.28766028689928086
2024-06-25,0.585974658498535,8.630268096923828,5.453875172605871,0.2929873292492675
2024-06-26,0.5391727864236521,8.969566345214844,5.637572023417778,0.26958639321182604
2024-06-27,0.5623834709485941,8.557910919189453,5.400829003983121,0.28119173547429704
2024-06-28,0.6624557665233438,7.186910152435303,4.62349313426465,0.3312278832616719
2024-06-29,0.6605532513983486,7.160624980926514,4.606979717309651,0.3302766256991743
2024-06-30,0.6605532513983486,7.086270809173584,4.562571482406006,0.3302766256991743
2024-07-01,0.6605532513983486,7.086514949798584,4.562717296070107,0.3302766256991743
2024-07-02,0.6323960275484191,6.1633806228637695,3.999029588878964,0.31619801377420953
2024-07-03,0.6323960275484191,6.1533122062683105,3.9930133642097445,0.31619801377420953
2024-07-04,0.6251664700734372,4.901340961456299,3.2416571187680905,0.31258323503671837
2024-07-05,0.6689243179483277,4.513064384460449,3.029524563852182,0.33446215897416404
2024-07-06,0.6689243179483277,4.480954647064209,3.0103496222348882,0.3344621589741637
2024-07-07,0.6689243179483277,4.496548652648926,3.01966187985247,0.33446215897416387
2024-07-08,0.6582702332483543,4.232978343963623,2.857389789779574,0.32913511662417716
2024-07-09,0.6864274570982839,3.4029529094696045,2.374756286610643,0.34321372854914195
2024-07-16,0.6864274570982839,3.4029529094696045,2.374756286610643,0.34321372854914195
2024-07-17,0.6578897302233553,3.3494575023651123,2.329506843741692,0.32894486511167764
2024-07-18,0.694798523648263,2.8025577068328857,2.0202748666401664,0.3473992618241315
2024-07-19,0.6179369125984552,4.410046100616456,2.9447600977909154,0.30896845629922776
2024-07-20,0.6263079791484342,3.622896432876587,2.4781795836117326,0.3131539895742171
2024-07-21,0.6171759065484571,3.3289530277252197,2.298258375590815,0.30858795327422855
2024-07-22,0.679578402648301,2.290384531021118,1.707291953504995,0.3397892013241505
2024-07-23,0.6887104752482782,2.198516368865967,1.6568061835979666,0.3443552376241392
2024-07-24,0.6887104752482782,2.198516368865967,1.6568061835979666,0.3443552376241392
2024-07-25,0.6887104752482782,2.198516368865967,1.6568061835979666,0.3443552376241392
2024-07-26,0.6887104752482782,2.198516368865967,1.6568061835979666,0.3443552376241392
2024-07-27,0.6887104752482782,2.198516368865967,1.6568061835979666,0.3443552376241392
2024-07-28,0.6887104752482782,2.198516368865967,1.6568061835979666,0.3443552376241392
2024-07-29,0.6887104752482782,2.198516368865967,1.6568061835979666,0.3443552376241392
2024-07-30,0.6491381606483771,1.5081015825271606,1.2254590763185156,0.3245690803241886
2024-07-31,0.6457136334233857,1.4960900545120237,1.2166227572335577,0.32285681671169286
2024-08-01,0.62402496099844,1.4219151735305788,1.1617746552821913,0.31201248049922
2024-08-02,0.6346790456984134,1.736040234565735,1.354643545201197,0.31733952284920675
2024-08-03,0.6601727483733496,1.4377754926681519,1.1888072379538694,0.3300863741866748
2024-08-04,0.6491381606483771,1.5773929357528687,1.2668514385129404,0.3245690803241886
2024-08-05,0.6556067120733611,1.517308235168457,1.2340949538907915,0.32780335603668054
2024-08-06,0.6567482211483581,0.9452660083770752,0.8929728183820365,0.32837411057417903
2024-08-07,0.6567482211483581,1.0156179666519165,0.9349933971204214,0.32837411057417903
2024-08-08,0.67196834214832,1.049713134765625,0.962808420879375,0.33598417107416
2024-08-09,0.695179026673262,0.8696418404579163,0.866684389628076,0.34758951333663096
2024-08-10,0.6727293481983182,0.8840678334236145,0.8642689898970155,0.3363646740991591
2024-08-11,0.6624557665233438,0.8982843160629272,0.8677135876295461,0.3312278832616719
2024-08-12,0.6518016818233705,0.8774343132972716,0.8500277026810197,0.32590084091168525
2024-08-13,0.6654997907233362,1.3945878744125366,1.165602379958609,0.3327498953616681
2024-08-14,0.7305658079981736,1.7467914819717407,1.40733597862916,0.3652829039990867
2024-08-15,0.6849054449982878,1.1714224815368652,1.0418027752107384,0.3424527224991439
2024-08-16,0.6548457060233629,1.055181622505188,0.9576932229338377,0.32742285301168145
2024-08-17,0.6525626878733686,1.032078504562378,0.9427755566330236,0.3262813439366843
2024-08-18,0.6525626878733686,1.0326664447784424,0.9431267525343169,0.32628134393668434
2024-08-19,0.6472356455233819,1.1027154922485352,0.9823645583026817,0.32361782276169093
2024-08-20,0.6616947604733457,0.9206966757774354,0.880725508643895,0.33084738023667287
2024-08-21,0.6422891061983943,1.4417979717254639,1.182525714914039,0.32114455309919715
2024-08-22,0.62402496099844,1.3825098276138306,1.138225309253941,0.31201248049922
2024-08-23,0.6989840569232525,0.799455463886261,0.8266617801133538,0.34949202846162625
2024-08-24,0.6955595296982612,0.70038902759552,0.7658438702369181,0.3477797648491306
2024-08-25,0.6765343784483087,0.8108364343643188,0.8224119133720851,0.3382671892241544
2024-08-26,0.678436893573304,0.7928006649017334,0.8125790568638382,0.339218446786652
2024-08-27,0.6955595296982612,1.9374754428863525,1.5042640983085418,0.3477797648491305
2024-08-28,0.6285909972984285,1.653176188468933,1.302187945841745,0.3142954986492142
2024-08-29,0.6202199307484495,1.1067169904708862,0.9715461272145737,0.31010996537422475
2024-08-30,0.6639777786233401,1.0659154653549194,0.9685733490536181,0.33198888931167
2024-08-31,0.6723488451733192,1.8242136240005493,1.4254758824065987,0.3361744225866596
2024-09-01,0.5924432099235188,2.16955828666687,1.593473984405814,0.2962216049617594
2024-09-02,0.6597922453483505,1.335806608200073,1.1277204827165355,0.32989612267417523
2024-09-03,0.6491381606483771,1.3142930269241333,1.1096842565691083,0.3245690803241886
2024-09-04,0.6491381606483771,1.3823292255401611,1.1503268309213959,0.3245690803241886
2024-09-05,0.6502796697233743,1.5416553020477297,1.2460561147740767,0.3251398348616871
2024-09-06,0.6765343784483087,1.5991837978363037,1.2931285716832255,0.33826718922415433
2024-09-07,0.6693048209733268,1.0317891836166382,0.950801058810467,0.3346524104866634
2024-09-08,0.6693048209733268,1.0561630725860596,0.965356298370415,0.3346524104866634
2024-09-09,0.6936570145732659,1.1242060661315918,1.0178915377517055,0.34682850728663295
2024-09-10,0.7065941174232335,1.3025093078613281,1.1306246618199243,0.35329705871161676
2024-09-11,0.7065941174232335,1.7690249681472776,1.4090376434653302,0.35329705871161665
2024-09-12,0.7065941174232335,1.7690249681472776,1.4090376434653302,0.35329705871161665
2024-09-13,0.671207336098322,2.2792677879333496,1.6966598286484846,0.3356036680491611
2024-09-14,0.671207336098322,2.5379557609558105,1.8511343757899663,0.3356036680491609
2024-09-15,0.710018644648225,7.036392688751221,4.554033754223998,0.3550093223241125
2024-09-16,0.710018644648225,7.115679740905763,4.6013489459503605,0.3550093223241125
2024-09-17,0.6582702332483543,7.920354843139648,5.059769794633501,0.32913511662417716
2024-09-18,0.6852859480232868,6.456130027770995,4.196987729642104,0.3426429740116434
2024-09-19,0.6970815417982573,6.432111740112305,4.187787772337191,0.34854077089912866
2024-09-20,0.7012670750732469,6.391152381896973,4.165164906842256,0.35063353753662346
2024-09-21,0.694418020623264,6.413020610809326,4.175231567751276,0.347209010311632
2024-09-22,0.694418020623264,6.389570713043213,4.1612339926511694,0.347209010311632
2024-09-23,0.694418020623264,6.396721363067627,4.165502316621263,0.347209010311632
2024-09-24,0.6723488451733192,7.756185054779053,4.967662528829348,0.3361744225866596
2024-09-25,0.6723488451733192,7.773580074310303,4.978049700550735,0.3361744225866596
2024-09-26,0.6723488451733192,7.773580074310303,4.978049700550735,0.3361744225866596
2024-09-27,0.6723488451733192,7.773580074310303,4.978049700550735,0.3361744225866596
2024-09-28,0.6301130093984247,7.326491355895996,4.693053949603633,0.31505650469921237
2024-09-29,0.7077356264982306,5.351712226867676,3.547667690201766,0.3538678132491153
2024-09-30,0.6734903542483163,5.042986392974854,3.348030343782747,0.33674517712415813
2024-10-01,56.29352003348427,69.44888305664062,30.988823626476048,28.146760016742135
2024-10-02,54.18971880826453,34.46392822265625,29.23028274105907,27.094859404132265
2024-10-03,54.15090749971462,35.607120513916016,29.295530142464244,27.07545374985731
2024-10-04,53.817586849815456,41.331756591796875,29.623563723935913,26.908793424907728
2024-10-05,53.79133214109052,41.17827224731445,29.6111663799635,26.89566607054526
2024-10-06,51.65404664967086,33.948253631591804,28.791311306030092,25.82702332483543
2024-10-07,34.21216848673947,10.215500831604004,19.77985485979812,17.106084243369736
2024-10-08,34.20189490506449,10.593042373657227,19.874622799363983,17.100947452532246
2024-10-09,34.188957802214524,10.533370018005371,19.853892389938107,17.094478901107262
2024-10-10,32.38309044556904,19.327415466308594,21.603751051434553,16.19154522278452
2024-10-11,18.36764202275408,11.268613815307619,13.918688354312202,9.18382101137704
2024-10-12,17.797267988280506,11.533211708068848,13.810463022141553,8.898633994140253
2024-10-13,17.796506982230508,11.53425407409668,13.810614224190736,8.898253491115254
2024-10-14,17.350937939956623,11.367399215698242,13.567416960144103,8.675468969978311
2024-10-15,15.01617137856246,17.478364944458008,15.437960208962348,7.50808568928123
2024-10-16,14.518853924888703,17.513790130615234,15.292472903294213,7.259426962444351
2024-10-17,14.400136981088998,17.4912109375,15.243523069333595,7.200068490544499
2024-10-18,14.327460903314183,18.178392410278317,15.536401536069972,7.163730451657091
2024-10-19,13.851451619040372,19.330364227294922,15.920990654486081,6.925725809520186
2024-10-20,13.833948479890415,19.267539978027344,15.886376635332747,6.916974239945207
2024-10-21,6.1934477379095165,4.951331615447998,5.779968428396751,3.0967238689547583
2024-10-22,4.146721966439633,3.434829711914063,4.005078577985321,2.0733609832198163
2024-10-23,4.146721966439633,3.4433672428131104,4.0098800092167854,2.0733609832198163
2024-10-24,4.139492408964651,3.7068591117858887,4.154718697018005,2.0697462044823256
2024-10-25,4.138731402914654,3.6837282180786133,4.141355946809614,2.069365701457327
2024-10-26,4.138731402914654,3.685615062713623,4.142417242173114,2.069365701457327
2024-10-27,3.495681290666261,3.630513429641723,3.8132451368137548,1.7478406453331305
2024-10-28,2.956508504242609,3.5091614723205566,3.4935418782289167,1.4782542521213045
2024-10-29,1.5463642935961341,3.0246388912200923,2.552863511977133,0.7731821467980672
2024-10-30,1.155207183897112,2.691638231277466,2.1718776821033274,0.577603591948556
2024-10-31,1.0026254708724935,2.2276053428649902,1.8241361737918065,0.5013127354362467
2024-11-01,0.9607701381225981,2.286980628967285,1.839424678394908,0.4803850690612991
2024-11-02,0.8793424907728017,2.176544189453125,1.7348562430820165,0.43967124538640084
2024-11-03,0.8793424907728017,2.176544189453125,1.7348562430820165,0.43967124538640084
2024-11-04,0.8793424907728017,2.176544189453125,1.7348562430820165,0.43967124538640084
2024-11-05,0.8793424907728017,2.176544189453125,1.7348562430820165,0.43967124538640084
2024-11-06,0.8793424907728017,2.176544189453125,1.7348562430820165,0.43967124538640084
2024-11-07,0.8538487880978654,2.1671156883239746,1.7170512999216765,0.4269243940489327
2024-11-08,0.8089494311479777,2.5370466709136963,1.9159679823889542,0.40447471557398884
2024-11-09,0.6765343784483087,2.8816888332366943,2.0589032954954853,0.33826718922415433
2024-11-10,0.6662607967733343,2.3752129077911377,1.7515973161786509,0.3331303983866671
2024-11-11,0.7202922263231993,1.942906737327576,1.5193918677376246,0.36014611316159956
2024-11-12,0.7145846809482136,2.113710880279541,1.618569946604765,0.35729234047410685
2024-11-13,0.7145846809482136,3.822262287139892,2.6380838491452083,0.3572923404741068
2024-11-14,0.6594117423233515,8.207015991210938,5.231462574074073,0.32970587116167577
2024-11-15,0.7206727293481983,3.9457376003265385,2.7145669120535865,0.36033636467409913
2024-11-16,0.7081161295232297,2.3871304988861084,1.7786429752094606,0.35405806476161483
2024-11-17,0.6814809177732962,2.1306099891662598,1.6128072858342095,0.3407404588866481
2024-11-18,0.671207336098322,2.234774112701416,1.6700905983444672,0.3356036680491609
2024-11-19,0.671207336098322,2.3523895740509033,1.7403242273629334,0.335603668049161
2024-11-20,0.62402496099844,20.702993392944336,12.684495043171253,0.31201248049921926
2024-11-21,0.62402496099844,20.781169891357422,12.731214729791851,0.31201248049922
2024-11-22,0.5410753015486474,50.21299362182617,30.320380544323182,0.2705376507743237
2024-11-23,0.4878048780487805,49.21152496337891,29.72063405762787,0.24390243902439024
2024-11-24,0.4870438719987824,48.57677459716797,29.34042029255425,0.2435219359993912
2024-11-25,0.444808036223888,43.9776725769043,26.58307042621023,0.222404018111944
2024-11-26,0.444808036223888,42.878921508789055,25.924467806404056,0.222404018111944
2024-11-27,0.6114683611734714,32.290409088134766,19.607120105332196,0.3057341805867357
2024-11-28,0.5300407138236749,33.42570877075195,20.27224218865598,0.26502035691183745
2024-11-29,0.6529431908983676,26.135089874267575,15.93771526510415,0.3264715954491838
2024-11-30,0.5593394467486017,26.272808074951175,15.99776878210332,0.27966972337430085
2024-12-01,0.6312545184734218,20.397321701049805,12.503960265037717,0.3156272592367109
2024-12-02,0.5985312583235037,20.55025291442871,12.585706745121724,0.29926562916175187
2024-12-03,0.5760815798485598,21.208234786987305,12.972632674659968,0.2880407899242799
2024-12-04,0.5589589437236026,24.257728576660156,14.792119484939132,0.2794794718618013
2024-12-05,0.5121570716487196,41.13029098510743,24.882294462427584,0.2560785358243598
2024-12-06,0.4630721814238423,42.58925247192383,25.75219073488825,0.23153609071192116
2024-12-07,0.4630721814238423,42.58925247192383,25.75219073488825,0.23153609071192116
2024-12-08,0.4630721814238423,42.58925247192383,25.75219073488825,0.23153609071192116
2024-12-09,0.35120429207412196,54.10330963134765,32.656321615254896,0.17560214603706098
2024-12-10,0.4208363456489479,54.14767837524413,32.68007011098597,0.21041817282447395
2024-12-11,0.39077660667402303,56.31309127807618,33.98045752097753,0.19538830333701152
2024-12-12,0.47486777519881285,49.83431625366211,30.0936523068818,0.23743388759940642
2024-12-13,0.4851413568737872,49.86440658569336,30.111693644658793,0.2425706784368936
2024-12-14,0.4851413568737872,50.076431274414055,30.238697893438733,0.2425706784368936
2024-12-15,0.46497469654883755,50.55068588256836,30.52289072491572,0.23248734827441878
2024-12-16,0.42540238194893654,50.10818099975586,30.25778082380247,0.21270119097446827
2024-12-17,0.5338457440736655,42.72951889038086,25.84138781971857,0.26692287203683274
2024-12-18,0.4592671511738518,42.70297622680664,25.82005949122354,0.2296335755869259
2024-12-19,0.4592671511738518,42.51558303833008,25.707761194230507,0.2296335755869259
2024-12-20,0.3964841520490088,46.11091232299805,27.85987677416851,0.1982420760245044
2024-12-21,0.4196948365739508,60.77755355834961,36.655797375043655,0.2098474182869754
2024-12-22,0.4196948365739508,60.77755355834961,36.655797375043655,0.2098474182869754
2024-12-23,0.41855332749895363,56.67479705810546,34.19560905733199,0.20927666374947682
2024-12-24,0.5098740534987254,57.28142547607422,34.55273814891001,0.2549370267493627
2024-12-25,0.49693695064875765,53.40502929687501,32.23214938987232,0.24846847532437882
2024-12-26,0.45850614512385374,49.686702728271484,30.005164362806276,0.22925307256192687
2024-12-27,0.4752482782238119,45.22177505493163,27.330252669890953,0.23762413911190594
2024-12-28,0.4843803508237891,40.215469360351555,24.3318393325675,0.24219017541189455
2024-12-29,0.5110155625737225,37.78902053833008,22.88161373178344,0.25550778128686125
2024-12-30,0.48590236292378525,36.16262435913086,21.904337028604154,0.24295118146189262
2024-12-31,0.5353677561736616,35.99284744262696,21.809569471455127,0.2676838780868308
2025-01-01,0.4307294242989232,37.23071670532227,22.5370783829543,0.2153647121494616
2025-01-02,0.4307294242989232,37.23071670532227,22.5370783829543,0.2153647121494616
2025-01-03,0.34663825577413343,35.359195709228516,21.402694462780936,0.17331912788706672
2025-01-04,0.2929873292492675,39.60200119018555,23.944461960983233,0.14649366462463376
2025-01-05,0.2929873292492675,38.9625244140625,23.56018218756094,0.14649366462463376
2025-01-06,0.26635211749933413,38.674678802490234,23.38419105358798,0.13317605874966706
2025-01-07,0.2686351356493284,41.268131256103516,24.943560479726106,0.1343175678246628
2025-01-08,0.2792892203493018,50.80715560913086,30.67806834957561,0.1396446101746509
2025-01-10,0.3219055591491952,58.530914306640625,35.31691696267436,0.1609527795745976
2025-01-11,0.2834747536242913,58.12651062011719,35.07713932118492,0.14173737681214565
2025-01-12,0.3139149956242152,55.9574089050293,33.77164465157909,0.1569574978121076
2025-01-13,0.29565085042426087,52.5130615234375,31.703018206939692,0.14782542521213043
2025-01-14,0.34549674669913627,53.417823791503906,32.24498783040594,0.17274837334956814
2025-01-15,0.2929873292492675,52.40637588500976,31.638974709940992,0.14649366462463376
2025-01-16,0.33902819527415246,50.80512237548829,30.676365271311713,0.16951409763707623
2025-01-17,0.26140557817434645,51.05529022216797,30.827402206443537,0.13070278908717323
2025-01-18,0.32723260149918193,45.102081298828125,27.25129375673312,0.16361630074959096
2025-01-19,0.25798105094935503,52.939453125,31.960344970582362,0.12899052547467751
2025-01-20,0.25341501464936644,51.17566680908203,30.899871878948552,0.12670750732468322
2025-01-21,0.3238080742741905,48.66500091552734,29.391087589951205,0.16190403713709525
2025-01-22,0.3238080742741905,48.97222900390625,29.575614991962247,0.16190403713709525
2025-01-23,0.2678741295993303,48.42934799194335,29.248671151535643,0.13393706479966516
2025-01-24,0.21041817282447395,46.450355529785156,28.05690185293152,0.10520908641223697
2025-01-25,0.21650622122445876,47.69425964355469,28.805566651554148,0.10825311061222938
2025-01-26,0.21117917887447207,56.542083740234375,34.12959108519221,0.10558958943723604
2025-01-27,0.21117917887447207,56.36675262451172,34.02408619840724,0.10558958943723604
2025-01-28,0.14953768882462615,58.83530807495118,35.51497703824548,0.07476884441231307
2025-01-29,0.15600624024961,68.78589630126953,41.50762728027074,0.078003120124805
2025-01-30,0.15600624024961,68.91248321533203,41.58387035559875,0.078003120124805
2025-01-31,0.15600624024961,68.91248321533203,41.58387035559875,0.078003120124805
2025-02-01,0.15600624024961,68.14330291748047,41.12059441728999,0.078003120124805
2025-02-02,0.18149994292454627,64.20333862304688,38.74393990698354,0.09074997146227314
2025-02-03,0.23819489364940452,57.22705078125,34.53981517139878,0.11909744682470226
2025-02-04,0.2720596628743199,56.421440124511726,34.053084806784305,0.13602983143715994
2025-02-05,0.24314143297439217,57.29405212402343,34.57975409145492,0.12157071648719608
2025-02-06,0.28081123244929795,56.37095642089843,34.02217959041878,0.14040561622464898
2025-02-07,0.22221376659944447,56.487503051757805,34.09603147723351,0.11110688329972224
2025-02-08,0.22221376659944447,56.27832794189453,33.97018416673869,0.11110688329972224
2025-02-09,0.12861002244967848,61.3229866027832,37.01583198656807,0.06430501122483924
2025-02-10,0.16551881587458622,58.03356933593749,35.03075549237909,0.08275940793729311
2025-02-11,0.16551881587458622,56.19523620605469,33.92370555972469,0.08275940793729311
2025-02-12,0.16551881587458622,55.91926956176758,33.75751758758474,0.08275940793729311
2025-02-13,0.16551881587458622,55.594615936279304,33.5620101638265,0.08275940793729311
2025-02-14,0.06392450819984019,58.85166549682618,35.5324083350818,0.031962254099920095
2025-02-15,0.2146037060994635,58.849571228027344,35.517810569290866,0.10730185304973175
2025-02-16,0.21384270004946537,57.839065551757805,34.909836567192556,0.10692135002473269
2025-02-17,0.2271603059244321,56.43064498901368,34.061505516144855,0.11358015296221605
2025-02-18,0.2233552756744416,55.55061340332031,33.53230142323041,0.1116776378372208
2025-02-19,0.23058483314942355,52.000900268554695,31.39656149711535,0.11529241657471177
2025-02-20,0.25531752977436173,51.656871795654304,31.189200536491967,0.12765876488718086
2025-02-21,0.21878923937445305,53.275230407714844,32.16352425029454,0.10939461968722652
2025-02-22,0.21878923937445305,51.245784759521484,30.942466858564494,0.10939461968722652
2025-02-23,0.21878923937445305,49.91050338745117,30.13906757026261,0.10939461968722652
2025-02-24,0.23743388759940642,49.78927993774414,30.06617029579865,0.11871694379970321
2025-02-25,0.23096533617442258,50.75331115722656,30.646068341309,0.11548266808721129
2025-02-26,0.23096533617442258,50.75331115722656,30.646068341309,0.11548266808721129
2025-02-27,0.2511319964993722,53.4792137145996,32.285129696188584,0.1255659982496861
2025-02-28,0.24542445112438643,51.86719512939453,31.31585375813878,0.12271222556219322
2025-03-01,0.2606445721243484,52.141242980957024,31.48034134787841,0.1303222860621742
2025-03-02,0.2789087173243027,48.378116607666016,29.21805085865522,0.13945435866215136
2025-03-03,0.2412389178493969,49.502510070800774,29.89370174974771,0.12061945892469846
2025-03-04,0.2511319964993722,49.8480110168457,30.101516917553727,0.1255659982496861
2025-03-05,0.2659716144743351,48.921058654785156,29.544257024141814,0.13298580723716755
2025-03-06,0.25798105094935503,48.54985427856445,29.32097360377197,0.12899052547467751
2025-03-07,0.27624519614930937,43.07838821411133,26.032362922780806,0.13812259807465468
2025-03-08,0.3139149956242152,44.183494567871094,26.69882883034378,0.1569574978121076
2025-03-09,0.3333206498991667,44.59733963012695,26.948481906263673,0.16666032494958335
2025-03-10,0.3333206498991667,44.38339996337891,26.820005767742146,0.16666032494958335
2025-03-11,0.3264715954491838,43.3969955444336,26.227192917790372,0.1632357977245919
2025-03-12,0.3264715954491838,43.3969955444336,26.227192917790372,0.1632357977245919
2025-03-13,0.3024999048742438,45.8289680480957,27.686820134829542,0.1512499524371219
2025-03-14,0.27586469312431033,48.34575653076172,29.198549857110013,0.13793234656215517
2025-03-15,0.27586469312431033,48.47367477416992,29.27544146893,0.13793234656215517
2025-03-16,0.2853772687492866,49.97929763793945,30.180472820336124,0.1426886343746433
2025-03-17,0.2910848141242723,51.03960800170899,30.817664813933675,0.14554240706213614
2025-03-18,0.2910848141242723,50.44986343383789,30.46325931822681,0.14554240706213614
2025-03-19,0.29793386857425513,52.02396392822266,31.409072377965597,0.14896693428712757
2025-03-20,0.26406909934933986,51.34339904785157,31.000590198070217,0.13203454967466993
2025-03-21,0.26406909934933986,51.21747970581054,30.92488527223584,0.13203454967466993
2025-03-22,0.26406909934933986,51.06411743164062,30.832681172344312,0.13203454967466993
2025-03-23,0.241999923899395,51.22382736206055,30.928971683561272,0.1209999619496975
2025-03-24,0.28385525664929034,50.73168182373047,30.632670259067474,0.14192762832464517
2025-03-25,0.30820745024922946,51.18198013305664,30.903020597421378,0.15410372512461473
2025-03-26,0.3173395228492067,49.861377716064446,30.109646720156118,0.15866976142460334
2025-03-27,0.26673262052433316,48.45732116699219,29.26547044276702,0.13336631026216658
2025-03-28,0.26901563867432743,48.42703628540039,29.24729935633828,0.13450781933716371
2025-03-29,0.09778927742475553,58.12629699707031,35.09210028197866,0.048894638712377765
2025-03-30,0.14877668277462805,57.52073287963867,34.723182913293705,0.07438834138731402
2025-03-31,0.2827137475742932,50.96080017089844,30.770385877990197,0.1413568737871466
2025-04-01,0.2827137475742932,50.74332046508789,30.639673797434984,0.1413568737871466
2025-04-02,0.42007533959894977,44.554649353027344,26.927569420644943,0.21003766979947489
2025-04-03,0.468399223773829,39.92109680175781,24.153895180076866,0.2341996118869145
2025-04-04,0.5041665081237396,40.641754150390625,24.589041738966266,0.2520832540618698
2025-04-05,0.5517293862486207,41.958900451660156,25.381595434053345,0.27586469312431033
2025-04-06,0.5372702712986568,41.7624626159668,25.262867546669405,0.2686351356493284
2025-04-07,0.5319432289486702,41.00030517578125,24.806247877785253,0.2659716144743351
2025-04-08,0.5403142954986493,37.4224853515625,22.66583652103706,0.27015714774932464
2025-04-09,0.5399337924736501,37.49126052856446,22.706947784304806,0.26996689623682507
2025-04-10,0.5391727864236521,38.43910217285156,23.27410413246304,0.26958639321182604
2025-04-11,0.5380312773486549,38.28569793701172,23.182163105364427,0.26901563867432743
2025-04-12,0.4539401088238652,38.598785400390625,23.35995164590132,0.2269700544119326
2025-04-13,0.4539401088238652,38.60678482055664,23.364745849592538,0.2269700544119326
2025-04-14,0.4539401088238652,38.59585189819336,23.358193542592524,0.2269700544119326
2025-04-15,0.4269243940489327,38.98854064941407,23.590564508402913,0.21346219702446634
2025-04-16,0.4269243940489327,38.98138809204102,23.586275913274378,0.21346219702446634
