{
"type": "FeatureCollection",
"name": "SouthTyrol",
"crs": { "type": "name", "properties": { "name": "urn:ogc:def:crs:OGC:1.3:CRS84" } },
"features": [
{ "type": "Feature", "properties": { "BEZ": null, "AREA": null, "NAME_D": null, "NAME_I": null }, "geometry": { "type": "MultiPolygon", "coordinates": [ [ [ [ 11.477660040858193, 46.363338754806932 ], [ 11.478332670144233, 46.36252765581699 ], [ 11.478335065578701, 46.362095596046494 ], [ 11.478405021128053, 46.36164857086964 ], [ 11.47832281068079, 46.361411849365211 ], [ 11.478226383094446, 46.360986432641099 ], [ 11.478271976552341, 46.360431933783047 ], [ 11.478516210268907, 46.359652622906694 ], [ 11.478577244704793, 46.359187790603578 ], [ 11.478561394675767, 46.358981130516504 ], [ 11.478671733440788, 46.358546729373089 ], [ 11.478906849281746, 46.357997119488239 ], [ 11.479115962681943, 46.357232069071223 ], [ 11.479169466924407, 46.356744899202404 ], [ 11.479252842200815, 46.356576587310791 ], [ 11.479240410764497, 46.356122348368899 ], [ 11.479120227952832, 46.355530944251768 ], [ 11.478637038965294, 46.354834911608648 ], [ 11.478260015625288, 46.354510081838306 ], [ 11.478112485671105, 46.354355778000865 ], [ 11.47752121141866, 46.354071592174698 ], [ 11.476896669214689, 46.3537161229441 ], [ 11.476058469266412, 46.353306778564217 ], [ 11.475441652465111, 46.353032135553192 ], [ 11.475210557318441, 46.352933639078678 ], [ 11.475051479395379, 46.352883083394794 ], [ 11.474570411979816, 46.352735998112685 ], [ 11.473928660981894, 46.352538388319118 ], [ 11.472732199683286, 46.352307777845091 ], [ 11.472148879850655, 46.352108893746191 ], [ 11.471795248899154, 46.351959039974474 ], [ 11.471351328067884, 46.351770636899985 ], [ 11.470964624937258, 46.351589995135072 ], [ 11.469423472757306, 46.351479304532383 ], [ 11.468501340635461, 46.351458725795652 ], [ 11.467791230292224, 46.35142006113422 ], [ 11.466818791003629, 46.351382554786824 ], [ 11.465862165833451, 46.351389699800279 ], [ 11.465236262670892, 46.351308701487362 ], [ 11.464922803521361, 46.351274962122339 ], [ 11.464305226294439, 46.351162278521151 ], [ 11.463992172764666, 46.351137528028822 ], [ 11.462503873763483, 46.350611596530655 ], [ 11.462101620554614, 46.350282756992364 ], [ 11.461726624543561, 46.349602322105419 ], [ 11.461517815418167, 46.348805804338603 ], [ 11.461224555811539, 46.348317110900801 ], [ 11.461012649176384, 46.347885165937676 ], [ 11.460890346297401, 46.347712296206979 ], [ 11.460564228829693, 46.347269309450674 ], [ 11.46020360879117, 46.346854065044674 ], [ 11.459763156686185, 46.346107531234509 ], [ 11.459544573091222, 46.345635226358496 ], [ 11.459422705589056, 46.345435345111511 ], [ 11.459307118011646, 46.345248828855183 ], [ 11.459243061949296, 46.345052203382508 ], [ 11.459230223356315, 46.344458467809083 ], [ 11.459220495770651, 46.343626160444408 ], [ 11.459263619407198, 46.343193223743427 ], [ 11.459233655931433, 46.342959863818322 ], [ 11.459162158821799, 46.342524893537743 ], [ 11.458976282918149, 46.341948381426988 ], [ 11.458510095024431, 46.341296898053791 ], [ 11.45824083548478, 46.340852681153592 ], [ 11.458028295099535, 46.340659248812933 ], [ 11.457635072880777, 46.340294198268928 ], [ 11.45736476528632, 46.340007505041498 ], [ 11.456338543082113, 46.339399554478746 ], [ 11.456264733989434, 46.339293138693577 ], [ 11.455903765031284, 46.339012890679975 ], [ 11.455683126966111, 46.338837628345097 ], [ 11.455552748850399, 46.338682926638164 ], [ 11.455396229790956, 46.33845228486166 ], [ 11.454956481250946, 46.337791218519442 ], [ 11.454637983096495, 46.337334550443522 ], [ 11.454707542429619, 46.336766044480633 ], [ 11.454684295007119, 46.336537039022858 ], [ 11.454719539132197, 46.336108773000241 ], [ 11.454764970549228, 46.335527284881259 ], [ 11.454985720639687, 46.334726025959405 ], [ 11.455044397637177, 46.334531261301159 ], [ 11.454854171630235, 46.334472346433465 ], [ 11.454541216952938, 46.33444756802826 ], [ 11.453866590415201, 46.334489056658008 ], [ 11.453330154372413, 46.33438807174592 ], [ 11.452317943456762, 46.334126291401965 ], [ 11.451689627725635, 46.334022770315549 ], [ 11.451161171974942, 46.333755100476345 ], [ 11.450972576179471, 46.3336781437973 ], [ 11.450445428033333, 46.333675948243588 ], [ 11.450157049192899, 46.333601129800094 ], [ 11.449875843624403, 46.333341652928254 ], [ 11.449284027106989, 46.333273336911255 ], [ 11.448341692421824, 46.333320530284389 ], [ 11.447948471663995, 46.333189451147099 ], [ 11.447293504270529, 46.333306981459103 ], [ 11.44649419515442, 46.333265594761187 ], [ 11.445725278807423, 46.333286553355236 ], [ 11.445059027646163, 46.333224308522219 ], [ 11.444028945193491, 46.333124840537266 ], [ 11.443291399149551, 46.332902106706733 ], [ 11.442495604762435, 46.332757114695156 ], [ 11.441829584099182, 46.332663345436373 ], [ 11.441044657396562, 46.332342607401756 ], [ 11.440786578183872, 46.332145615523878 ], [ 11.440253253918142, 46.332004001893999 ], [ 11.439860034069788, 46.3319268960445 ], [ 11.439574550162268, 46.331788987752809 ], [ 11.439312383637523, 46.33166408131838 ], [ 11.439079474917452, 46.331448547923429 ], [ 11.438603935631791, 46.331035687536087 ], [ 11.438075376052316, 46.330745458912176 ], [ 11.437315435690174, 46.330437662450962 ], [ 11.436704339409761, 46.330153687874613 ], [ 11.436211158794281, 46.330074200744406 ], [ 11.435303573032003, 46.330062044555511 ], [ 11.434743227677144, 46.330024483224612 ], [ 11.433794929822012, 46.329680175353118 ], [ 11.433313999392926, 46.329492412527841 ], [ 11.433127098480412, 46.329361389154521 ], [ 11.432665771288471, 46.329011202771262 ], [ 11.432211517977532, 46.328692364634392 ], [ 11.431502540259954, 46.328378944741296 ], [ 11.43103580446269, 46.328217870874916 ], [ 11.430488972381234, 46.328044998339763 ], [ 11.429617649756604, 46.327879022482179 ], [ 11.428916602461133, 46.327817423317924 ], [ 11.427848151747231, 46.327655623627564 ], [ 11.426865153417525, 46.327424497834812 ], [ 11.42631505638724, 46.327305675812056 ], [ 11.425537326261425, 46.327052179854981 ], [ 11.424818187291226, 46.326819935882327 ], [ 11.423704549259796, 46.326443051628253 ], [ 11.422780029946919, 46.326174649636719 ], [ 11.422366940381373, 46.326160906182345 ], [ 11.421551954600064, 46.326092676739854 ], [ 11.420886268620272, 46.325985278032221 ], [ 11.420204594576253, 46.325846713371732 ], [ 11.419020605136746, 46.325696278154638 ], [ 11.418345120805144, 46.32566107358285 ], [ 11.417081850842465, 46.325701299983457 ], [ 11.416246737931438, 46.325691959629111 ], [ 11.415609643547883, 46.325790930033961 ], [ 11.41517219546124, 46.325795675816856 ], [ 11.414570340371545, 46.325754392709477 ], [ 11.414021524363894, 46.325608483857707 ], [ 11.413458162557021, 46.325408878420269 ], [ 11.412651195043514, 46.325079410598597 ], [ 11.412374347418723, 46.324932251817565 ], [ 11.411567556560776, 46.324809776999956 ], [ 11.410967773323652, 46.324741430624137 ], [ 11.410339440169546, 46.324799685937023 ], [ 11.40993726913022, 46.324997171703288 ], [ 11.409402014748281, 46.325233462740123 ], [ 11.408847062800742, 46.325317163233159 ], [ 11.407828795079689, 46.325167618787809 ], [ 11.407038020934152, 46.325058274788475 ], [ 11.406814506849832, 46.325089982967377 ], [ 11.406034620304192, 46.325524914126952 ], [ 11.405366376693545, 46.325543481455206 ], [ 11.404581514530015, 46.325568998824536 ], [ 11.404256056711445, 46.32570184902584 ], [ 11.404433920855436, 46.325369600059567 ], [ 11.404338941433442, 46.325110592930066 ], [ 11.404079767725687, 46.324792038647807 ], [ 11.403993418775055, 46.324600351071744 ], [ 11.403824088935609, 46.32427540609477 ], [ 11.403704158018162, 46.324021423343389 ], [ 11.403526807635744, 46.323791148598104 ], [ 11.403429940071019, 46.323581681422439 ], [ 11.403254290925995, 46.323297369323242 ], [ 11.403150651903699, 46.322989042204313 ], [ 11.403039186144463, 46.322779881659741 ], [ 11.402930074661739, 46.322476169491068 ], [ 11.402528991432238, 46.322142595051282 ], [ 11.402278245660893, 46.321756357962883 ], [ 11.401954719346609, 46.32120964659682 ], [ 11.401685414408272, 46.320751796707292 ], [ 11.401346071106254, 46.320214416161868 ], [ 11.401025550402705, 46.319699139596544 ], [ 11.40086487245493, 46.319459510128461 ], [ 11.400696268469359, 46.319224547031908 ], [ 11.400283867408351, 46.318891202373003 ], [ 11.400105253241795, 46.318723950108918 ], [ 11.399897033708262, 46.318548319098149 ], [ 11.399704626455435, 46.318381355863536 ], [ 11.399513203590775, 46.31823687212281 ], [ 11.399407906697386, 46.318131080655846 ], [ 11.39936828531957, 46.318041910588207 ], [ 11.399394732361413, 46.317978353934812 ], [ 11.399494308325261, 46.317971763087677 ], [ 11.399629805627876, 46.317932917191122 ], [ 11.399688450879339, 46.317900185047606 ], [ 11.399812456547487, 46.317672576116102 ], [ 11.399836463117879, 46.317609070604995 ], [ 11.399757988579688, 46.317466715393238 ], [ 11.39963462044015, 46.317226300652109 ], [ 11.39955408245906, 46.317110989214527 ], [ 11.399346460838046, 46.316948844914194 ], [ 11.399129365441082, 46.316903901692605 ], [ 11.39887170288617, 46.316859809632994 ], [ 11.398779041998363, 46.316857254591987 ], [ 11.398702309100097, 46.316773363371091 ], [ 11.398597902340057, 46.316613551273178 ], [ 11.398479714252426, 46.316454028322148 ], [ 11.398260403357442, 46.316098623118812 ], [ 11.398163158929679, 46.315898159409024 ], [ 11.397950217841462, 46.315781125180024 ], [ 11.397788514995076, 46.315703516372601 ], [ 11.397708984266567, 46.315592682584018 ], [ 11.397659292200784, 46.315458722201491 ], [ 11.397550961876796, 46.315208989455101 ], [ 11.397394025146575, 46.314775772216549 ], [ 11.397322759056708, 46.314556762368319 ], [ 11.397309281334673, 46.31434104030297 ], [ 11.397344117601511, 46.313930800383325 ], [ 11.397370571194037, 46.313718740709092 ], [ 11.39726971638434, 46.313491351319186 ], [ 11.397357752362032, 46.31346250389484 ], [ 11.397521094350898, 46.313373575209759 ], [ 11.397452877509776, 46.313150001326925 ], [ 11.397454163106087, 46.312956470015052 ], [ 11.397458299971312, 46.312753878677846 ], [ 11.397442775739098, 46.312547199708632 ], [ 11.397511901505696, 46.312122739951114 ], [ 11.397547889634982, 46.311905980042553 ], [ 11.397599787178317, 46.311625884901133 ], [ 11.397592043791851, 46.311504544609214 ], [ 11.397502299621921, 46.311308422964508 ], [ 11.397405231736968, 46.311130455297366 ], [ 11.397276807856093, 46.310903644202476 ], [ 11.397205541125571, 46.310833137561133 ], [ 11.397128356823957, 46.310794255721639 ], [ 11.397005939963542, 46.310760822713263 ], [ 11.39673010526691, 46.310690106388421 ], [ 11.396536726519486, 46.310667161344043 ], [ 11.396470916058609, 46.31061004012583 ], [ 11.396456439791596, 46.310520341654346 ], [ 11.396488145621177, 46.310465675529429 ], [ 11.396549439956992, 46.310419389090676 ], [ 11.396811963281118, 46.310296880630354 ], [ 11.397095374842261, 46.310169433304772 ], [ 11.397366005630452, 46.310046753497126 ], [ 11.397610879983493, 46.309929113538786 ], [ 11.397891633151069, 46.309815220307208 ], [ 11.398442371654221, 46.309601158066826 ], [ 11.398706883300569, 46.30950560410912 ], [ 11.398908664455252, 46.309460867538725 ], [ 11.399156087977689, 46.309401672079311 ], [ 11.399348265533284, 46.309415637697477 ], [ 11.39946140959907, 46.309404261862518 ], [ 11.399553026240138, 46.309271835145829 ], [ 11.399538429243787, 46.30912363822484 ], [ 11.399556990167023, 46.309046746721741 ], [ 11.399767615891438, 46.308907320725211 ], [ 11.400011921033839, 46.308758186802635 ], [ 11.400148279784723, 46.308665320854473 ], [ 11.400317500932488, 46.308562764278854 ], [ 11.40043889884749, 46.308443211596845 ], [ 11.400550564678479, 46.308323863220728 ], [ 11.40040557285751, 46.308200905981856 ], [ 11.400328555901675, 46.308184523301655 ], [ 11.400201800392832, 46.30821868641452 ], [ 11.400085563535782, 46.308419132332396 ], [ 11.39999049049498, 46.308416628958575 ], [ 11.399839963895127, 46.308334288183723 ], [ 11.399560778161936, 46.30820514770496 ], [ 11.399351551119526, 46.308061037393955 ], [ 11.399184562856824, 46.307862038664645 ], [ 11.399105974413793, 46.30780968731618 ], [ 11.398878151827653, 46.307778469142214 ], [ 11.398767515742314, 46.307884293958296 ], [ 11.398710421011033, 46.307970994402247 ], [ 11.398567392398144, 46.308190001557442 ], [ 11.398475382070705, 46.308313435557267 ], [ 11.398403720587686, 46.3083824411558 ], [ 11.398160800797685, 46.308563043295337 ], [ 11.397874764124683, 46.308686048294433 ], [ 11.397715909352117, 46.308765883215329 ], [ 11.397535411370354, 46.308814671266731 ], [ 11.39736693785701, 46.308953208848237 ], [ 11.397278446544432, 46.30902706689924 ], [ 11.397082740342459, 46.309211176369288 ], [ 11.396882984419339, 46.309395370437073 ], [ 11.396662534274757, 46.309588998364603 ], [ 11.396574452813349, 46.30965384705781 ], [ 11.396408072452546, 46.309747338271897 ], [ 11.396238727542599, 46.309791390272288 ], [ 11.396006186074318, 46.309931269220115 ], [ 11.395915892429235, 46.309982663473541 ], [ 11.395807042774544, 46.309962445038842 ], [ 11.395745707315861, 46.309896229375802 ], [ 11.39553140173855, 46.309765718881565 ], [ 11.395081407063223, 46.309424143001984 ], [ 11.394668886442966, 46.309104280594411 ], [ 11.39441411019696, 46.308920614815648 ], [ 11.394208562564817, 46.308767417812035 ], [ 11.393967961692598, 46.308592454251887 ], [ 11.393567375513459, 46.308303838558508 ], [ 11.393343403129514, 46.308137525593224 ], [ 11.393189284208928, 46.308028250678412 ], [ 11.392736183423679, 46.30774523191662 ], [ 11.39218949612237, 46.307419169431654 ], [ 11.391652047208279, 46.307025409418088 ], [ 11.391351812136994, 46.306748185980886 ], [ 11.391091855458239, 46.306519620127197 ], [ 11.390667950601809, 46.306253982660877 ], [ 11.3897559277883, 46.305571042286701 ], [ 11.389145966034329, 46.305151786175919 ], [ 11.388738195092035, 46.304827302852082 ], [ 11.388332429109415, 46.304511776372408 ], [ 11.388053989883925, 46.304324090793038 ], [ 11.387728851862731, 46.304051878282785 ], [ 11.387356373207366, 46.303717652373066 ], [ 11.387062643018648, 46.303458282121156 ], [ 11.386768777548058, 46.303288916049794 ], [ 11.386483964694829, 46.303159861123241 ], [ 11.386031487100121, 46.303038806479428 ], [ 11.385623203403608, 46.30292582767288 ], [ 11.385220454576537, 46.302772230928355 ], [ 11.384851706179468, 46.302653924052983 ], [ 11.384573292684903, 46.302578732082388 ], [ 11.384337201144593, 46.302412654286336 ], [ 11.38390486117725, 46.302138167445982 ], [ 11.383634596785203, 46.30204480276452 ], [ 11.383340238657407, 46.30193843962698 ], [ 11.382921360112153, 46.301861672978234 ], [ 11.382296482891286, 46.301807199832069 ], [ 11.381704920427207, 46.301716028087775 ], [ 11.381293251339983, 46.301693106484038 ], [ 11.380725284789147, 46.301677939771672 ], [ 11.380132456548214, 46.301613786889369 ], [ 11.379764381067721, 46.301585451695885 ], [ 11.379245740652534, 46.301528749459962 ], [ 11.378652500706218, 46.301473597679752 ], [ 11.378340798402013, 46.301435084267723 ], [ 11.377832928613088, 46.30136465113835 ], [ 11.377297685056826, 46.301299285319132 ], [ 11.376862381178691, 46.30123633846754 ], [ 11.376312310677138, 46.301184776736925 ], [ 11.375765912085289, 46.301236638446404 ], [ 11.375370464192063, 46.301325860893236 ], [ 11.374785114703917, 46.301396527958794 ], [ 11.374331112795025, 46.301464463073074 ], [ 11.373967512600581, 46.3015395186276 ], [ 11.373497591517818, 46.301558279969697 ], [ 11.373118488592743, 46.301575153440034 ], [ 11.372838158432938, 46.301567474250021 ], [ 11.372385258545258, 46.301585877582333 ], [ 11.371908401648735, 46.301519274378691 ], [ 11.37135811028781, 46.301481193678917 ], [ 11.370905513470699, 46.301450083701063 ], [ 11.370378122067665, 46.301416023274015 ], [ 11.369793900685591, 46.301419139765073 ], [ 11.369464489455803, 46.301421470302252 ], [ 11.36896200742488, 46.301400387162595 ], [ 11.368469256250242, 46.30137910013292 ], [ 11.368081003654716, 46.301409646819927 ], [ 11.367530104839961, 46.301376060365108 ], [ 11.36726161000211, 46.301116116446593 ], [ 11.367175764477251, 46.300856888664335 ], [ 11.366674157166095, 46.300912279118634 ], [ 11.366168467503627, 46.301080254500064 ], [ 11.365315797518345, 46.301313911353354 ], [ 11.364703788917348, 46.301425579426635 ], [ 11.364291879034578, 46.301528604412546 ], [ 11.363821420115377, 46.301610338493475 ], [ 11.363292872806841, 46.301643770800105 ], [ 11.362847392041632, 46.301702483783984 ], [ 11.362354980734761, 46.30161366178595 ], [ 11.36184492490082, 46.301529702442217 ], [ 11.361469714561865, 46.301429454086225 ], [ 11.36119913384603, 46.301309042269004 ], [ 11.360962000294007, 46.301192438900742 ], [ 11.360685322109811, 46.300986649873742 ], [ 11.360271098224146, 46.300639697803817 ], [ 11.35996218579524, 46.300344570702343 ], [ 11.359688213108477, 46.300012720465716 ], [ 11.359551700822905, 46.299763533383413 ], [ 11.359406973925617, 46.299568516984358 ], [ 11.359255688459122, 46.299315134444257 ], [ 11.359174897474411, 46.2990782968198 ], [ 11.359082147728472, 46.298751703910291 ], [ 11.358989269166088, 46.298384612626762 ], [ 11.358912199763589, 46.298120697334156 ], [ 11.358817055009482, 46.297870655396849 ], [ 11.358746191402357, 46.297638112616831 ], [ 11.358750472298093, 46.297435519510813 ], [ 11.358737647267201, 46.297174778103447 ], [ 11.358733047387387, 46.296954367865737 ], [ 11.358717204211469, 46.296396681732062 ], [ 11.358870323540838, 46.296069513515938 ], [ 11.35896993843811, 46.296121458514556 ], [ 11.359318082090331, 46.296064770182433 ], [ 11.359581321531271, 46.295996333607157 ], [ 11.359871816804066, 46.295882332509514 ], [ 11.360193090082673, 46.2957856954283 ], [ 11.360755731245485, 46.295603069501027 ], [ 11.361102279197162, 46.295433906000483 ], [ 11.361366449218837, 46.295405947031242 ], [ 11.36181341425003, 46.295288707613494 ], [ 11.362192166069491, 46.295226877784188 ], [ 11.362546906247372, 46.295210544192777 ], [ 11.362943687502549, 46.295152839230987 ], [ 11.363288770828996, 46.295100702150968 ], [ 11.363710140791913, 46.295010985255153 ], [ 11.36397433722631, 46.294965019265334 ], [ 11.364576352899773, 46.294849061537739 ], [ 11.365064275221366, 46.294721961654766 ], [ 11.36584993131814, 46.294498693904792 ], [ 11.366699912913528, 46.294337090056132 ], [ 11.367252800193969, 46.294154634010717 ], [ 11.367848066430511, 46.293957796840658 ], [ 11.368359891511163, 46.293933690058601 ], [ 11.368845217960502, 46.293878629517025 ], [ 11.369192157362336, 46.293907438051015 ], [ 11.369604263115368, 46.293885393059732 ], [ 11.369918120848252, 46.293937385910496 ], [ 11.370231396905199, 46.293975889635441 ], [ 11.370569812687235, 46.293901368257472 ], [ 11.370955544104568, 46.293888865723233 ], [ 11.371650415513963, 46.293743943375055 ], [ 11.372227367833803, 46.29357446406474 ], [ 11.372683385190195, 46.293479494620968 ], [ 11.373977395072517, 46.293209613864391 ], [ 11.374803462771094, 46.293021445696461 ], [ 11.375611622705536, 46.2928696447024 ], [ 11.376380408042213, 46.292745657458319 ], [ 11.377428124680671, 46.292597861884495 ], [ 11.377807578704349, 46.292571966438999 ], [ 11.378673964958757, 46.292378431141792 ], [ 11.378995923837021, 46.292317727621189 ], [ 11.379359192233538, 46.292161660722606 ], [ 11.379674009286392, 46.292011101745743 ], [ 11.379946666503804, 46.291861419949647 ], [ 11.380128910190015, 46.291722620911642 ], [ 11.380368845776095, 46.291510618050445 ], [ 11.380493971320895, 46.291346007519486 ], [ 11.380807726266093, 46.290983962204699 ], [ 11.380990744650562, 46.290863146075992 ], [ 11.381148271064887, 46.290715860155579 ], [ 11.381297603404921, 46.290622746124967 ], [ 11.381505002451382, 46.290465420194856 ], [ 11.381686553921467, 46.290367134074032 ], [ 11.382101835029593, 46.290007469192652 ], [ 11.382152830230902, 46.289929904221957 ], [ 11.382210286814656, 46.28987020498554 ], [ 11.382258856124739, 46.289792690536835 ], [ 11.382336805522796, 46.289719063678213 ], [ 11.38239451777123, 46.289627858218168 ], [ 11.382440624023165, 46.289568395495188 ], [ 11.382491009198318, 46.289495343199171 ], [ 11.382549733203719, 46.289408616676901 ], [ 11.382617173109416, 46.289317208281446 ], [ 11.382694792081697, 46.28919858691701 ], [ 11.382744981523977, 46.289121038470569 ], [ 11.382803886849763, 46.28903880814515 ], [ 11.382849187979662, 46.28897936203861 ], [ 11.382901607507232, 46.288897266903298 ], [ 11.382971484767053, 46.288805807464286 ], [ 11.383023062947162, 46.288741730274282 ], [ 11.383091342263306, 46.288632303622926 ], [ 11.383161413983299, 46.288545340122546 ], [ 11.383211370344251, 46.288481296667108 ], [ 11.383271713534976, 46.288394535987962 ], [ 11.383339736383737, 46.288316615335184 ], [ 11.383394983327035, 46.28824346122321 ], [ 11.383450448951645, 46.2881568021768 ], [ 11.383504110901994, 46.288065680607758 ], [ 11.383563014005862, 46.287983449920361 ], [ 11.383624355438165, 46.28790116834017 ], [ 11.383695034459917, 46.28780969171666 ], [ 11.383737114586619, 46.287732311970515 ], [ 11.383802710461575, 46.287654441658376 ], [ 11.383866086393958, 46.287563117270984 ], [ 11.383927036609217, 46.287471843451328 ], [ 11.383981087454893, 46.287389713764924 ], [ 11.384036746497989, 46.287307550500429 ], [ 11.384108241244533, 46.287216056592399 ], [ 11.384168959064347, 46.287138287833969 ], [ 11.384226056694036, 46.287051594342834 ], [ 11.384260187702985, 46.286996880825804 ], [ 11.384299390743285, 46.286946561586518 ], [ 11.384327463136676, 46.286882974228604 ], [ 11.384385913615102, 46.286827753239166 ], [ 11.384433222972685, 46.286777264807974 ], [ 11.384491282840456, 46.286713051681339 ], [ 11.384531723678521, 46.286523202923952 ], [ 11.384536766712325, 46.286415094896498 ], [ 11.384539738331945, 46.286334030790606 ], [ 11.384566675292662, 46.286225465894454 ], [ 11.384573888810836, 46.286148813384862 ], [ 11.384597996808514, 46.286031307277689 ], [ 11.384602784825381, 46.285954705378408 ], [ 11.384632146942515, 46.285846089852939 ], [ 11.38464404194697, 46.28576483952466 ], [ 11.384662468706388, 46.285647451952755 ], [ 11.384684895428686, 46.28556598183954 ], [ 11.384736038554971, 46.285398410221319 ], [ 11.384767411838494, 46.28529875291504 ], [ 11.384789034135819, 46.285217299564337 ], [ 11.384811348166421, 46.285077330246594 ], [ 11.384840904682324, 46.284973210712444 ], [ 11.384871301485152, 46.284851073161946 ], [ 11.384875367752915, 46.284720484888858 ], [ 11.384888771051958, 46.284580701512397 ], [ 11.384912268898601, 46.284467708161436 ], [ 11.384902938504265, 46.284346399708532 ], [ 11.384932335528887, 46.284219782877528 ], [ 11.384942165223968, 46.284035072886667 ], [ 11.384960627143164, 46.283899684028462 ], [ 11.384988859017174, 46.283615587350702 ], [ 11.385006794546399, 46.283430708159436 ], [ 11.385038503736036, 46.28324554148341 ], [ 11.385055516005282, 46.283132683443363 ], [ 11.38504791934975, 46.283069840336296 ], [ 11.385060250218842, 46.282961580119725 ], [ 11.3850983378886, 46.282848282185846 ], [ 11.385099770169175, 46.282713248723347 ], [ 11.385107445514862, 46.282609585785274 ], [ 11.385110889409583, 46.282483510569385 ], [ 11.385107961133411, 46.282416069901743 ], [ 11.38509591077954, 46.2822318165301 ], [ 11.385092846784936, 46.282123877618339 ], [ 11.385102970613806, 46.282002163088926 ], [ 11.385105977626688, 46.281903097697722 ], [ 11.38511461601116, 46.281821915243832 ], [ 11.385119634594574, 46.281731808102755 ], [ 11.385116120743691, 46.281650879291348 ], [ 11.385112471149803, 46.28152945223453 ], [ 11.385079836080859, 46.281413130283163 ], [ 11.385087048516381, 46.281336477707789 ], [ 11.385066383498152, 46.281215405789574 ], [ 11.385105605122, 46.281147085354704 ], [ 11.385179906103973, 46.281064532343997 ], [ 11.385284055564636, 46.280940855155627 ], [ 11.385363900539975, 46.280817685215339 ], [ 11.385430935247687, 46.280717283234083 ], [ 11.385479651509437, 46.280662264823775 ], [ 11.38556449509352, 46.280579491472118 ], [ 11.3856604780665, 46.280491985377935 ], [ 11.385754657327462, 46.280400016738533 ], [ 11.385842315819094, 46.280326184647627 ], [ 11.385920052113402, 46.28024805953725 ], [ 11.385984783341824, 46.280188206401469 ], [ 11.386064726195199, 46.280123535479845 ], [ 11.38614853283236, 46.2800542836993 ], [ 11.386202283510908, 46.280021660451723 ], [ 11.386249159106164, 46.279980180504317 ], [ 11.386369202546204, 46.27992367220989 ], [ 11.386494122015865, 46.279867061955329 ], [ 11.386630180642896, 46.279805718794464 ], [ 11.386756548060351, 46.279726577403743 ], [ 11.386865451044487, 46.279674801391799 ], [ 11.386987735944723, 46.279613745501912 ], [ 11.387138383221799, 46.279552096991196 ], [ 11.387269590026783, 46.279490854417624 ], [ 11.387434471147632, 46.279401907421757 ], [ 11.387557985087239, 46.279331824995282 ], [ 11.387766852329998, 46.279228458106545 ], [ 11.387881029809671, 46.279167570661286 ], [ 11.387983446285331, 46.279115929120465 ], [ 11.388087252938185, 46.279077758799957 ], [ 11.388164926765256, 46.279035634417909 ], [ 11.388244416999331, 46.278997972141994 ], [ 11.388317227367837, 46.27895594930061 ], [ 11.388608959089439, 46.278351335366402 ], [ 11.388931671547375, 46.278011580186117 ], [ 11.389197114130562, 46.277623520141333 ], [ 11.389817948014043, 46.277237027726478 ], [ 11.390595396502603, 46.276721252093765 ], [ 11.391290321320316, 46.276229698689455 ], [ 11.391719096245559, 46.275941717391056 ], [ 11.392141056032559, 46.27573937949758 ], [ 11.392388522381983, 46.275554193772756 ], [ 11.392703318170657, 46.275331596714501 ], [ 11.392969036655948, 46.275137027280763 ], [ 11.393363429442946, 46.274935262112137 ], [ 11.393579232048396, 46.274786737959687 ], [ 11.393819030240177, 46.274574708960827 ], [ 11.393993218709857, 46.274346053508886 ], [ 11.394316355238525, 46.274091776316482 ], [ 11.394648504137196, 46.273765307312374 ], [ 11.394897285545969, 46.2733685825647 ], [ 11.395103740881758, 46.273098747960688 ], [ 11.395245488787721, 46.272870770484005 ], [ 11.395494850039592, 46.27248753259488 ], [ 11.395619831002181, 46.272228405229519 ], [ 11.395785116433798, 46.271981933077683 ], [ 11.395934068290247, 46.271677301488644 ], [ 11.396109664921809, 46.271295608802752 ], [ 11.396210021051166, 46.270973995296309 ], [ 11.396351824930621, 46.270561509916639 ], [ 11.396484882185344, 46.27032021266259 ], [ 11.39660185432767, 46.269989250024018 ], [ 11.396708499629847, 46.269793507719591 ], [ 11.396826117093237, 46.269570534389267 ], [ 11.397024693449753, 46.269269360477985 ], [ 11.397141276140854, 46.269059908897127 ], [ 11.397324249157268, 46.268754561633614 ], [ 11.397407569692977, 46.26843330433563 ], [ 11.397614490423868, 46.268100453354656 ], [ 11.397714304972029, 46.267859852063779 ], [ 11.397857463491009, 46.267478837084184 ], [ 11.397965215546551, 46.267215568329405 ], [ 11.398091131572587, 46.26684841524775 ], [ 11.398125412747371, 46.266537186740635 ], [ 11.398200869735932, 46.26618459285514 ], [ 11.398217332868652, 46.266004242065833 ], [ 11.398258455936139, 46.265719870675014 ], [ 11.398286282600242, 46.265521280836332 ], [ 11.398305302656896, 46.264971865498659 ], [ 11.397852211898948, 46.264922872539586 ], [ 11.397440834147941, 46.26488200288086 ], [ 11.39682283078241, 46.264845465990781 ], [ 11.396394921158082, 46.264759938003465 ], [ 11.396073158526654, 46.264672182679156 ], [ 11.395800852909998, 46.264565388989439 ], [ 11.39554632231328, 46.264494223070479 ], [ 11.39516020231852, 46.264362813037437 ], [ 11.394797427155442, 46.264208411784729 ], [ 11.394467229055026, 46.264075827399445 ], [ 11.394213735475176, 46.263991136382778 ], [ 11.393998712481409, 46.263914639088156 ], [ 11.393686540630902, 46.263786174913285 ], [ 11.393464462312524, 46.263696324009523 ], [ 11.39315972031596, 46.26360820396139 ], [ 11.39277339534001, 46.263490290549186 ], [ 11.392427566160402, 46.26338952850832 ], [ 11.392130322319813, 46.263305748857412 ], [ 11.391751908963567, 46.263183166232402 ], [ 11.391100844878295, 46.263057287731101 ], [ 11.390599682605071, 46.262928269524224 ], [ 11.390129913384749, 46.262812092876651 ], [ 11.38962004415241, 46.262687752626633 ], [ 11.38907614475057, 46.262564121596576 ], [ 11.388517041002006, 46.26244530592335 ], [ 11.388203153450174, 46.262388864747919 ], [ 11.387790895177526, 46.262289477018669 ], [ 11.387396393332777, 46.262225717880646 ], [ 11.386992985639015, 46.262162143418514 ], [ 11.386540743218802, 46.262113087875214 ], [ 11.386061950654863, 46.262069085077229 ], [ 11.385691287723633, 46.262049823587198 ], [ 11.385040129694403, 46.261995914624883 ], [ 11.384324503008626, 46.261970347967967 ], [ 11.383812595032959, 46.261985528442487 ], [ 11.383169480861897, 46.261967442063316 ], [ 11.382658973797598, 46.261996088542929 ], [ 11.382122499355424, 46.262043274604729 ], [ 11.381644559757579, 46.262093738274679 ], [ 11.381299399762458, 46.262082931239995 ], [ 11.380622842627313, 46.26219153113351 ], [ 11.38019284556712, 46.26228149107866 ], [ 11.379590661655795, 46.262366034980396 ], [ 11.379047283374005, 46.262422350607423 ], [ 11.378502984222941, 46.262532684388333 ], [ 11.378163799088826, 46.262584745338458 ], [ 11.378032335662571, 46.262582981153436 ], [ 11.377736413292331, 46.262566638521129 ], [ 11.377356180684671, 46.262570049748604 ], [ 11.376994526171957, 46.262609074301146 ], [ 11.376737561973034, 46.262668420898883 ], [ 11.376473271661361, 46.262745919802938 ], [ 11.376176153205073, 46.2628331010078 ], [ 11.37587979814003, 46.262938266086408 ], [ 11.375622672260318, 46.263087616138336 ], [ 11.375226674585015, 46.263289353751503 ], [ 11.37496973952727, 46.263443198482797 ], [ 11.374556920852111, 46.26364978349006 ], [ 11.374285423428756, 46.263785928758288 ], [ 11.374019891846576, 46.263872448004619 ], [ 11.373689948949993, 46.263951304392606 ], [ 11.373384481683573, 46.264052152112896 ], [ 11.373096366278732, 46.26408513671587 ], [ 11.372759338164641, 46.264056134444125 ], [ 11.372609849882148, 46.264050238157331 ], [ 11.372375213248976, 46.263969607294698 ], [ 11.372140784287067, 46.26389347176837 ], [ 11.37191105168068, 46.263794737630342 ], [ 11.371549174486091, 46.263622243439578 ], [ 11.371277958264766, 46.263501868324987 ], [ 11.371055403328983, 46.263362482349095 ], [ 11.370867132978869, 46.263190883695962 ], [ 11.370694501309591, 46.263005459892462 ], [ 11.370514336430983, 46.262833692491391 ], [ 11.370293406762512, 46.26269427130805 ], [ 11.370120044580817, 46.262567363472101 ], [ 11.369971059448055, 46.262516451999282 ], [ 11.369782321684303, 46.262484365273437 ], [ 11.369593555562615, 46.262470279343944 ], [ 11.369271635370495, 46.262490454924382 ], [ 11.368983289742498, 46.262536934326107 ], [ 11.368644704535296, 46.262584454407417 ], [ 11.368423190546887, 46.262638547303112 ], [ 11.36806670626906, 46.262722437691728 ], [ 11.367793769693769, 46.262863097472 ], [ 11.367521770713212, 46.263044238332824 ], [ 11.367273721528701, 46.263197881606473 ], [ 11.366975602968701, 46.263469564837592 ], [ 11.366801476923806, 46.263626175932146 ], [ 11.366528624538306, 46.263825332585107 ], [ 11.366355506477095, 46.263986422240265 ], [ 11.366050224426269, 46.264186249299328 ], [ 11.365858768401766, 46.264298216478771 ], [ 11.365561701698379, 46.264443870586263 ], [ 11.365362987132446, 46.264537986677325 ], [ 11.365190929015489, 46.264573049015702 ], [ 11.364966785437522, 46.264622689468602 ], [ 11.364761732866677, 46.264644933634798 ], [ 11.364389780183069, 46.264652630421153 ], [ 11.36392931331263, 46.264657657017324 ], [ 11.363467032274492, 46.264658219150959 ], [ 11.362964857620828, 46.264655104243943 ], [ 11.36267660012617, 46.264647564317407 ], [ 11.362320822777871, 46.264672920424879 ], [ 11.361942162262432, 46.264694248289096 ], [ 11.361661752571504, 46.264718044478613 ], [ 11.361216836373737, 46.264745239375372 ], [ 11.360919595448538, 46.264773881658662 ], [ 11.360506468375279, 46.264804917116507 ], [ 11.360160915847727, 46.264879556669086 ], [ 11.359765358540841, 46.264941727439926 ], [ 11.359384727710488, 46.265030589407111 ], [ 11.359037815450719, 46.265168255402244 ], [ 11.358790851430472, 46.265272356341654 ], [ 11.358484119296088, 46.265476693128001 ], [ 11.358178258927525, 46.265739512731322 ], [ 11.358086770284217, 46.265894405021193 ], [ 11.357978211702738, 46.266067649978133 ], [ 11.357877646092243, 46.266294731408649 ], [ 11.357770095830867, 46.266472455474883 ], [ 11.357777044358208, 46.266728819265857 ], [ 11.357760255260988, 46.266904670573361 ], [ 11.357733465917764, 46.267017726453204 ], [ 11.357667713358431, 46.267167587234681 ], [ 11.357543484873833, 46.267278153292402 ], [ 11.357378162484258, 46.267470569228095 ], [ 11.357269102455051, 46.267688825055032 ], [ 11.357045773580975, 46.268003940448793 ], [ 11.356854945887321, 46.268187881441193 ], [ 11.35686219445007, 46.268394737660863 ], [ 11.356820544284728, 46.268539600673684 ], [ 11.356762538680389, 46.268662300368305 ], [ 11.356670688580232, 46.268790198152402 ], [ 11.356652310713326, 46.269042584109215 ], [ 11.356569642168877, 46.269233294181333 ], [ 11.35654300945442, 46.269368847125406 ], [ 11.356500546944563, 46.269702731937137 ], [ 11.35657433085863, 46.269966717619305 ], [ 11.356589366196635, 46.270222914571299 ], [ 11.356662027171579, 46.270441922107253 ], [ 11.35689160916381, 46.270707194492907 ], [ 11.356897650609634, 46.271094080437237 ], [ 11.356955386005401, 46.271286394873442 ], [ 11.357068990550779, 46.271495557370507 ], [ 11.357182715186884, 46.271839720937216 ], [ 11.357271401622517, 46.27214839990782 ], [ 11.357458370313722, 46.272630555993935 ], [ 11.357429230927899, 46.27270765921147 ], [ 11.357408048619856, 46.272762097659843 ], [ 11.357389245778251, 46.272834487502188 ], [ 11.357382959701992, 46.272933619853823 ], [ 11.357385274340617, 46.27298757356057 ], [ 11.357367628718853, 46.273086940251787 ], [ 11.357373538569233, 46.273167820517848 ], [ 11.357382915649069, 46.273235128891521 ], [ 11.357374416966627, 46.273320806518456 ], [ 11.357388193313039, 46.273415024862061 ], [ 11.357387651878231, 46.273478037726939 ], [ 11.357391316802667, 46.27356346442059 ], [ 11.357396795590255, 46.273653353814574 ], [ 11.357403747853988, 46.273720712205161 ], [ 11.35741914533698, 46.273814897096109 ], [ 11.357384293058409, 46.27391011862705 ], [ 11.357314891351379, 46.274051054077553 ], [ 11.357277884555916, 46.274114819173228 ], [ 11.357252404383683, 46.2741828466012 ], [ 11.357222878204736, 46.274250957484497 ], [ 11.357171815585669, 46.274346513331821 ], [ 11.357120026768563, 46.274406083170888 ], [ 11.357087290872942, 46.274456259742493 ], [ 11.357001654143431, 46.27452102782182 ], [ 11.356944796205466, 46.274576202015659 ], [ 11.356856959573975, 46.274627514998471 ], [ 11.356781930425189, 46.274656063167583 ], [ 11.356684593079986, 46.274694071601296 ], [ 11.356607704288196, 46.274736158367837 ], [ 11.356496902032667, 46.274819445524201 ], [ 11.356428117876252, 46.274861365036131 ], [ 11.356403691836654, 46.274915870167384 ], [ 11.356363157193439, 46.275011208542693 ], [ 11.356328302394234, 46.27510642978207 ], [ 11.35631154979926, 46.275169776901976 ], [ 11.356320893262028, 46.275255086513731 ], [ 11.356326484917457, 46.275385474683901 ], [ 11.356325318162373, 46.275453000537311 ], [ 11.356358388630465, 46.275618823034883 ], [ 11.356371552768429, 46.275717554211056 ], [ 11.356384739964369, 46.275892786938101 ], [ 11.356398901089117, 46.275995997668034 ], [ 11.356401986317413, 46.276067935955822 ], [ 11.356389678267051, 46.276140191665604 ], [ 11.356353858753211, 46.276212932193516 ], [ 11.356330383236015, 46.276289918292335 ], [ 11.356291592777238, 46.276331219227316 ], [ 11.35624076528409, 46.276413269417809 ], [ 11.35617522105504, 46.276455121958136 ], [ 11.356087573550255, 46.276510930547708 ], [ 11.356000344308541, 46.276557730208062 ], [ 11.355912490702092, 46.276609042792316 ], [ 11.355851390655561, 46.276659803758093 ], [ 11.35578605158365, 46.276706151961591 ], [ 11.355704681730282, 46.27675733071807 ], [ 11.355638956879202, 46.276794686551753 ], [ 11.355551534037895, 46.276836989738086 ], [ 11.355447083532466, 46.276879643841319 ], [ 11.355354411751087, 46.276913054832384 ], [ 11.355301994351983, 46.276977136891347 ], [ 11.355243478083173, 46.277050344864584 ], [ 11.355206307336447, 46.277091612040365 ], [ 11.355091677987531, 46.277161476315051 ], [ 11.354931566275075, 46.277268278728599 ], [ 11.354731132925853, 46.277380411916987 ], [ 11.354665586387428, 46.277422263628168 ], [ 11.354584692335521, 46.27744643106476 ], [ 11.354519338288132, 46.277492778842984 ], [ 11.354378271735779, 46.277513685815414 ], [ 11.354319674130076, 46.277528393448627 ], [ 11.354199681350435, 46.277548866023025 ], [ 11.35407500493376, 46.277573935074294 ], [ 11.353976889976991, 46.277593956718398 ], [ 11.35385203368714, 46.277614529113052 ], [ 11.353733648634494, 46.277634968079894 ], [ 11.35364688097112, 46.277654755713556 ], [ 11.353536421500204, 46.277670531116442 ], [ 11.353434246978319, 46.277690635902992 ], [ 11.353358826662273, 46.277710189619619 ], [ 11.353131761325816, 46.277768867033821 ], [ 11.35306807348975, 46.277797179194835 ], [ 11.352945834057094, 46.277822196828453 ], [ 11.352853578066584, 46.277846596982805 ], [ 11.352773294064754, 46.277866250453478 ], [ 11.35265025027487, 46.277891284330806 ], [ 11.352546034894294, 46.277920430572465 ], [ 11.352445673116627, 46.277944997270325 ], [ 11.352330302412307, 46.277978873076876 ], [ 11.352254222698937, 46.278020940222177 ], [ 11.352196599396899, 46.278058127293626 ], [ 11.352091100253938, 46.278114300246934 ], [ 11.352005451952561, 46.278179064761616 ], [ 11.351958889266099, 46.278247524878147 ], [ 11.351933028759079, 46.278306558656752 ], [ 11.351903960166046, 46.278347657987617 ], [ 11.35186531025146, 46.278411455090414 ], [ 11.351816176726846, 46.278457467471384 ], [ 11.351755489960293, 46.278499217481567 ], [ 11.351682651296963, 46.278541217539413 ], [ 11.351631079360086, 46.278587280020673 ], [ 11.351570358036724, 46.278647031109664 ], [ 11.351528559821732, 46.278674891947354 ], [ 11.351470969649826, 46.278694077498052 ], [ 11.351385195951305, 46.278718343068604 ], [ 11.351265969075005, 46.278756797256271 ], [ 11.351125077344182, 46.278782196716463 ], [ 11.351021099252966, 46.278797836325666 ], [ 11.350910781583456, 46.278836106845731 ], [ 11.350814236758968, 46.278874093926433 ], [ 11.350676744548192, 46.278921923480169 ], [ 11.35058120881993, 46.278964389721473 ], [ 11.350105946043625, 46.279005665616118 ], [ 11.34946126022518, 46.279144925435993 ], [ 11.349155653584559, 46.279340213176276 ], [ 11.348807689983319, 46.279531870597125 ], [ 11.34858419046939, 46.279617466330457 ], [ 11.348311587941659, 46.279731071390991 ], [ 11.348006033210217, 46.279813852068969 ], [ 11.347652214340428, 46.279906623712186 ], [ 11.347329136917709, 46.279940261290655 ], [ 11.346883945126887, 46.279944905122797 ], [ 11.346382517750657, 46.27990570076507 ], [ 11.345968306938216, 46.279914205005134 ], [ 11.345441517779769, 46.279889017519636 ], [ 11.345144377318599, 46.279922116559923 ], [ 11.34484873527729, 46.280009185459278 ], [ 11.344550098120196, 46.280159316649133 ], [ 11.34410365498176, 46.280343979897708 ], [ 11.34374799448849, 46.280526779483246 ], [ 11.343136066143648, 46.280845336205289 ], [ 11.342640052434705, 46.281161513408755 ], [ 11.34234961307963, 46.281351971762696 ], [ 11.341886919303086, 46.28163146176275 ], [ 11.341391834038252, 46.281893613095384 ], [ 11.341150966120649, 46.282029051317508 ], [ 11.340960879106925, 46.282194949560541 ], [ 11.340770907008972, 46.28240134614289 ], [ 11.340545739370894, 46.282657964512133 ], [ 11.340378705110471, 46.282926892187049 ], [ 11.340262222476943, 46.283239785477207 ], [ 11.340220289080191, 46.28339814816043 ], [ 11.340162118644399, 46.283651345684888 ], [ 11.340111797871677, 46.283841380859911 ], [ 11.33994422150081, 46.284078818162584 ], [ 11.339828805168864, 46.284207184545259 ], [ 11.339636804790617, 46.284404620467242 ], [ 11.33937386187789, 46.284612508598485 ], [ 11.339060311888854, 46.284794431319703 ], [ 11.338885465001848, 46.28493751351138 ], [ 11.338785695179533, 46.285128560126402 ], [ 11.33862797846014, 46.285311792317543 ], [ 11.338503273091845, 46.285584350960761 ], [ 11.338418818558798, 46.285887586579342 ], [ 11.338383757764131, 46.28613130997087 ], [ 11.338340804200989, 46.286532698691019 ], [ 11.338239598159401, 46.28680477613721 ], [ 11.338140509613796, 46.287126311358982 ], [ 11.338104118302596, 46.287415062931728 ], [ 11.338021690888654, 46.287632754620553 ], [ 11.337895739050765, 46.287914338212808 ], [ 11.337479567086641, 46.288602368042341 ], [ 11.337355925125907, 46.288766900931208 ], [ 11.337115653145302, 46.28897431997229 ], [ 11.336774664807296, 46.289332301598236 ], [ 11.336533723205457, 46.289562233619591 ], [ 11.336145000859199, 46.289961690263347 ], [ 11.335912439262886, 46.290236450700476 ], [ 11.335630916679621, 46.290638214334017 ], [ 11.335356487046548, 46.290882328565942 ], [ 11.335362811875241, 46.291183706439107 ], [ 11.335634657566448, 46.291241152145012 ], [ 11.335922758050886, 46.291280264516182 ], [ 11.336228234565494, 46.291346021570419 ], [ 11.33668845841771, 46.291368112731796 ], [ 11.337003220900648, 46.291366176241375 ], [ 11.33734119639125, 46.291318763035783 ], [ 11.337646281163382, 46.291299022287326 ], [ 11.33784429529123, 46.291299471630381 ], [ 11.337967015750859, 46.291418463849276 ], [ 11.338098481435603, 46.291609278710531 ], [ 11.338196319149995, 46.291715279459439 ], [ 11.338269794731154, 46.291916280843537 ], [ 11.338367492082552, 46.292076285588259 ], [ 11.338350636143321, 46.292252134635866 ], [ 11.338316364648337, 46.292419339821244 ], [ 11.338199903606951, 46.292714229652084 ], [ 11.338173419242391, 46.292930776611264 ], [ 11.338048312885329, 46.293194342413052 ], [ 11.337956008200187, 46.293389735412568 ], [ 11.337832548889747, 46.293558765054271 ], [ 11.337815409369231, 46.293766120516842 ], [ 11.337812773773534, 46.294009180096339 ], [ 11.337868758228609, 46.294237540123845 ], [ 11.338024807360332, 46.294567355312374 ], [ 11.338204557947559, 46.294824683657438 ], [ 11.338408748109574, 46.295198514324291 ], [ 11.338563374039769, 46.295456356200631 ], [ 11.338677511475366, 46.295773527811384 ], [ 11.338783938282356, 46.295928853371421 ], [ 11.338905867149144, 46.296295366414981 ], [ 11.338946459481603, 46.296600542633051 ], [ 11.339141288638499, 46.296830560208896 ], [ 11.339404893200065, 46.297036669032472 ], [ 11.339650610439445, 46.297261143872277 ], [ 11.340020754335262, 46.297586572768211 ], [ 11.340356501554176, 46.297885704275615 ], [ 11.340667792905192, 46.29799183129709 ], [ 11.340355558915123, 46.298434736072728 ], [ 11.340221650197536, 46.298567981348313 ], [ 11.340054259776057, 46.298715412375884 ], [ 11.339787663252363, 46.29889637511166 ], [ 11.339582139832695, 46.298968084456853 ], [ 11.339332650696402, 46.299036193340847 ], [ 11.33906893553673, 46.299113593063943 ], [ 11.338746122402943, 46.299156200844749 ], [ 11.3384420034443, 46.299180424772729 ], [ 11.33811421073101, 46.299106130023844 ], [ 11.337850904981329, 46.299021514901334 ], [ 11.337590129290659, 46.298900846606806 ], [ 11.337165910030876, 46.298639517266587 ], [ 11.336896584430834, 46.298451520720597 ], [ 11.336498040378487, 46.298144662832676 ], [ 11.335977812966993, 46.297781789643878 ], [ 11.33564409399478, 46.29749160404706 ], [ 11.335180873879795, 46.2975910725891 ], [ 11.334445313576472, 46.297813105533201 ], [ 11.333932296580858, 46.297963087343632 ], [ 11.333742175556837, 46.297957969882212 ], [ 11.333596737626927, 46.297915938855169 ], [ 11.333297794913717, 46.297431531898397 ], [ 11.333039644370668, 46.29716229624718 ], [ 11.332746210135365, 46.297055783931143 ], [ 11.332272044437259, 46.296840456964233 ], [ 11.33218413559797, 46.296585745220121 ], [ 11.332148067106463, 46.296347975877623 ], [ 11.332137027562528, 46.295992693068918 ], [ 11.332232935162457, 46.295671228483208 ], [ 11.332308839182943, 46.295089166073268 ], [ 11.332239287154819, 46.294789078627041 ], [ 11.332161480681997, 46.29454316082645 ], [ 11.331768434637716, 46.294402677980372 ], [ 11.331074669762485, 46.294079324005743 ], [ 11.330580697894465, 46.294008397309817 ], [ 11.330211983798858, 46.293943914640863 ], [ 11.329695693710825, 46.293805937647683 ], [ 11.328991222575455, 46.293554790939993 ], [ 11.328384950409228, 46.293342140072681 ], [ 11.327023189452378, 46.292784864152352 ], [ 11.326792035707069, 46.292672568187633 ], [ 11.326060393587959, 46.292430956832341 ], [ 11.325535658135962, 46.292207630958885 ], [ 11.324852292774411, 46.291956029215982 ], [ 11.324002144525982, 46.291482810071237 ], [ 11.323490485047706, 46.291223208038673 ], [ 11.323184137954669, 46.29104043190425 ], [ 11.322811758175581, 46.29077349516443 ], [ 11.322473466553372, 46.290564365794488 ], [ 11.322298456354645, 46.290455419802136 ], [ 11.322124788640378, 46.290301445211654 ], [ 11.321679350266104, 46.289995488358187 ], [ 11.321479641205853, 46.289878042682432 ], [ 11.321289160884982, 46.2896524066688 ], [ 11.32103984029111, 46.289301962479641 ], [ 11.320957259906265, 46.289191137074084 ], [ 11.320675634312494, 46.28901685230376 ], [ 11.320450716732337, 46.288859415788579 ], [ 11.320070974132319, 46.288552118624381 ], [ 11.319774514270422, 46.288391633110344 ], [ 11.319351525164, 46.288116712165781 ], [ 11.319128471139738, 46.287945734896539 ], [ 11.318863641374662, 46.287784605108428 ], [ 11.318532731018722, 46.287557313822909 ], [ 11.318169964662765, 46.287344168116711 ], [ 11.317937510410609, 46.287200379840364 ], [ 11.31773008125356, 46.286957081195716 ], [ 11.317564078916941, 46.286753442987944 ], [ 11.317439312859941, 46.286584969157232 ], [ 11.317264297859545, 46.286417514130768 ], [ 11.317157408940302, 46.286307178868427 ], [ 11.316876699970535, 46.286173367075328 ], [ 11.316579412384225, 46.286030890455571 ], [ 11.316149704125072, 46.285846095961773 ], [ 11.315877080735092, 46.285653616438239 ], [ 11.315513245964375, 46.285395482848358 ], [ 11.315099401643691, 46.285124860915488 ], [ 11.314809851991621, 46.284973222706903 ], [ 11.314289242376296, 46.284691260122855 ], [ 11.313620399833557, 46.284376295496067 ], [ 11.312991293527714, 46.284060522681244 ], [ 11.312612523294188, 46.283928685146932 ], [ 11.312414038308336, 46.283820199022387 ], [ 11.3121905976869, 46.283658216195086 ], [ 11.311909217373852, 46.283488404898087 ], [ 11.311561688704252, 46.283211928367663 ], [ 11.311378993006839, 46.282842114772258 ], [ 11.311187160605222, 46.282544487392769 ], [ 11.311095050424598, 46.282109839699494 ], [ 11.311150030354867, 46.281816220700442 ], [ 11.311197883173756, 46.281603747771584 ], [ 11.311345907856568, 46.28143874998495 ], [ 11.311427022405937, 46.281284105612464 ], [ 11.311517025645291, 46.281070779957417 ], [ 11.311623997198204, 46.280875111420904 ], [ 11.311814561590374, 46.280641750833382 ], [ 11.312038103618349, 46.280497724916472 ], [ 11.312269251794621, 46.280380545314337 ], [ 11.312583329506419, 46.280248186703723 ], [ 11.312927889708272, 46.280088209602177 ], [ 11.313209350971922, 46.279952009297027 ], [ 11.313631332738685, 46.279646459289438 ], [ 11.313796808996093, 46.279260599486392 ], [ 11.313979547639832, 46.278860889535672 ], [ 11.314072068618001, 46.278611509891654 ], [ 11.3141630878134, 46.278461163032773 ], [ 11.314278801021558, 46.278184312869023 ], [ 11.314494531002946, 46.27758592893894 ], [ 11.314593567274093, 46.277259914945454 ], [ 11.314728524430478, 46.27684317099132 ], [ 11.31486885191298, 46.27645781885375 ], [ 11.314951781861648, 46.276231133246974 ], [ 11.315102056717317, 46.275773577452931 ], [ 11.315184605867787, 46.275537899137852 ], [ 11.315391832023794, 46.27527719408841 ], [ 11.315665278917221, 46.274893643682518 ], [ 11.315657177079263, 46.274682302483896 ], [ 11.315592162885059, 46.274467614418391 ], [ 11.315511536549032, 46.274113739099157 ], [ 11.315371624488048, 46.273873567815571 ], [ 11.315183080408408, 46.273499378191026 ], [ 11.314929749732913, 46.272761991330661 ], [ 11.314420921285194, 46.272236784123685 ], [ 11.314092466446843, 46.271833925380776 ], [ 11.313944970314283, 46.27162540668224 ], [ 11.31360893915851, 46.271254200752445 ], [ 11.313338624666759, 46.270787161033518 ], [ 11.313133304302104, 46.270476309146474 ], [ 11.31264896067076, 46.269838095374432 ], [ 11.312477600822438, 46.269621057449669 ], [ 11.312312321773362, 46.269471397980347 ], [ 11.312148522649938, 46.269299207738499 ], [ 11.311958911258488, 46.269091538549695 ], [ 11.311516547402841, 46.268717977506952 ], [ 11.311196151867582, 46.268409449747914 ], [ 11.310522178930464, 46.268121571051793 ], [ 11.310018919829872, 46.267861738377192 ], [ 11.309723310012222, 46.267737210274476 ], [ 11.309436263076204, 46.267662009653371 ], [ 11.309181146151372, 46.267613163798572 ], [ 11.308892071349403, 46.267605504561125 ], [ 11.308620084350872, 46.26730949180785 ], [ 11.308631255301508, 46.267034758901069 ], [ 11.30864769733016, 46.266692417710189 ], [ 11.308632606153303, 46.266391214631874 ], [ 11.308526527583275, 46.265970346469054 ], [ 11.308453198464095, 46.265769322461409 ], [ 11.308051671988927, 46.265439924117679 ], [ 11.307451350599566, 46.264934533894603 ], [ 11.307073059582718, 46.264694665302784 ], [ 11.306728352611213, 46.264404616207656 ], [ 11.306276164313656, 46.264085234482678 ], [ 11.306070085921663, 46.263909388601505 ], [ 11.305938422824966, 46.263709540124651 ], [ 11.305735386810197, 46.263529132120311 ], [ 11.305552680000957, 46.263330313112576 ], [ 11.305201206080584, 46.263071896749238 ], [ 11.304995525492064, 46.262963542700376 ], [ 11.304765168674622, 46.262711682112027 ], [ 11.304560996294304, 46.26244579262594 ], [ 11.304420586447046, 46.262327120947276 ], [ 11.304199343657627, 46.262079575529796 ], [ 11.304051485231135, 46.261880051403985 ], [ 11.303789428610793, 46.261471323720869 ], [ 11.303594085892616, 46.261106251783794 ], [ 11.303453216927375, 46.260938086816182 ], [ 11.303092574042807, 46.260576345929167 ], [ 11.302796784760725, 46.260271798579879 ], [ 11.302600397489691, 46.259920246312888 ], [ 11.302469361862515, 46.259657379395343 ], [ 11.302180527828062, 46.259712700089132 ], [ 11.301860474308326, 46.259777649173948 ], [ 11.301439377390643, 46.259831132046614 ], [ 11.301019284576409, 46.259889093267461 ], [ 11.300292830102807, 46.259971220870767 ], [ 11.299922961079945, 46.260028167041192 ], [ 11.299560150916621, 46.260098470328508 ], [ 11.299281035111996, 46.26015358810875 ], [ 11.2987700656752, 46.260249370510614 ], [ 11.298431736905394, 46.260323677842187 ], [ 11.298167334316625, 46.260342495985228 ], [ 11.2977058825483, 46.260342775191177 ], [ 11.29714671241612, 46.260372017668651 ], [ 11.296684526332019, 46.260412808598616 ], [ 11.296091067982275, 46.260456235395388 ], [ 11.295737344439784, 46.260530844058465 ], [ 11.295152481428602, 46.260547092565517 ], [ 11.294772944801078, 46.260586215718199 ], [ 11.294303762529063, 46.26059563665028 ], [ 11.29391668448376, 46.260648408728485 ], [ 11.293166969674697, 46.260775959073761 ], [ 11.292541157811044, 46.260860517734351 ], [ 11.292275812511928, 46.260915342098322 ], [ 11.291560486516971, 46.260992690721771 ], [ 11.290817981850504, 46.261079579949048 ], [ 11.29030685490107, 46.261152826975916 ], [ 11.28967255589288, 46.261228539754526 ], [ 11.289021422348442, 46.261250584785003 ], [ 11.288749214285293, 46.261296538169191 ], [ 11.288486729768273, 46.261342296175698 ], [ 11.28807413895767, 46.261386559107642 ], [ 11.287653520326614, 46.261471482331437 ], [ 11.287001261749396, 46.26158354073894 ], [ 11.286153832584699, 46.261722000754681 ], [ 11.28554288874601, 46.261833224266162 ], [ 11.285246871063329, 46.26179414323375 ], [ 11.285099142742109, 46.261635093136398 ], [ 11.28492829071387, 46.261427003903464 ], [ 11.284723344761515, 46.261179094999335 ], [ 11.284329226222198, 46.260750462551044 ], [ 11.283967896505324, 46.260271672067773 ], [ 11.283631389751855, 46.259882386756843 ], [ 11.283418412587215, 46.259675137047473 ], [ 11.283082087233081, 46.259290346590959 ], [ 11.282876981374208, 46.258979435830895 ], [ 11.28250047387221, 46.258505443949787 ], [ 11.282378132022343, 46.258332382845104 ], [ 11.282197144914294, 46.2580749905555 ], [ 11.281918188312806, 46.257684550736293 ], [ 11.281713142542589, 46.257472639299294 ], [ 11.281401711007751, 46.257100847109569 ], [ 11.281090284459832, 46.256787555537855 ], [ 11.280794623525479, 46.25654145026558 ], [ 11.280343678040461, 46.255992434783678 ], [ 11.280049788063094, 46.25559328807207 ], [ 11.27990110166405, 46.255429750148544 ], [ 11.279500137116511, 46.255010237626593 ], [ 11.27930284054548, 46.254789166982256 ], [ 11.278916109893524, 46.25436036822547 ], [ 11.278532556949525, 46.253891003671214 ], [ 11.278188529347821, 46.25347485129803 ], [ 11.278015364106718, 46.253248797176134 ], [ 11.277720056042655, 46.252912674358257 ], [ 11.277449815845969, 46.252594051660459 ], [ 11.277204133822568, 46.252202936937856 ], [ 11.27698297823637, 46.252031839047838 ], [ 11.276629771755497, 46.251804870021502 ], [ 11.27639926493589, 46.251701459164522 ], [ 11.276153604116532, 46.251584849317993 ], [ 11.275518078294612, 46.251413001306439 ], [ 11.275264445073789, 46.251319048924273 ], [ 11.275074140106524, 46.251187834181323 ], [ 11.274836851110818, 46.250999052830544 ], [ 11.274623677008471, 46.250863792467413 ], [ 11.274459559918016, 46.250718555040542 ], [ 11.274127118133686, 46.250522665830992 ], [ 11.273919313590046, 46.250360296539924 ], [ 11.273628879451994, 46.250141069325181 ], [ 11.273204743709154, 46.249825498410999 ], [ 11.272839727445717, 46.249567251686756 ], [ 11.272424743538503, 46.249296497088451 ], [ 11.272159010400829, 46.249085775159628 ], [ 11.271776017188905, 46.248764880711711 ], [ 11.271500999512552, 46.248545341571855 ], [ 11.271109810955592, 46.248143605515466 ], [ 11.270635757372153, 46.247698513441428 ], [ 11.270269924790288, 46.247341271901938 ], [ 11.270045644161554, 46.247152222096595 ], [ 11.269638063341775, 46.24680480810499 ], [ 11.269253876933851, 46.24643442744037 ], [ 11.268937300301449, 46.246071703307329 ], [ 11.268497515376708, 46.245729424769699 ], [ 11.268202593456733, 46.24532126741321 ], [ 11.267961817383927, 46.24510554013802 ], [ 11.267547166017549, 46.244762759079855 ], [ 11.26717098618607, 46.244369711820326 ], [ 11.266980924812563, 46.244184477151542 ], [ 11.266381058699483, 46.243773364032684 ], [ 11.265908842115413, 46.243449719199575 ], [ 11.265610561054556, 46.24323512719873 ], [ 11.265204902121406, 46.242932660452752 ], [ 11.26493759457629, 46.242721952819991 ], [ 11.264406730893276, 46.242331962231681 ], [ 11.264157620921885, 46.242129892415029 ], [ 11.263835819077533, 46.242032765152388 ], [ 11.263520868871717, 46.241944501521715 ], [ 11.263182497966101, 46.241838700364752 ], [ 11.262867549863786, 46.241750434890989 ], [ 11.262323197118594, 46.241603708695571 ], [ 11.261662525021817, 46.241427781264413 ], [ 11.261149699853467, 46.241298425992369 ], [ 11.26088567746368, 46.241186646698189 ], [ 11.260538476478539, 46.241063011896316 ], [ 11.259951971459818, 46.240876607095601 ], [ 11.259671567796962, 46.24076064883775 ], [ 11.259455165489344, 46.240643424424 ], [ 11.259149867037079, 46.240473955566841 ], [ 11.258651697710716, 46.240227295960885 ], [ 11.258188108089218, 46.23999345121964 ], [ 11.257509894646844, 46.239705343167508 ], [ 11.257021684438721, 46.239503480991857 ], [ 11.256732311189065, 46.23940569319425 ], [ 11.256128595320597, 46.239174607349447 ], [ 11.255831125066718, 46.239076977132541 ], [ 11.255418370187758, 46.238896119155136 ], [ 11.254772807866704, 46.238652351686383 ], [ 11.254449056781061, 46.238447233309508 ], [ 11.254042597897179, 46.238162743143491 ], [ 11.253793411068422, 46.23799665323746 ], [ 11.253611001853045, 46.237838246099869 ], [ 11.25336943231736, 46.237640504124158 ], [ 11.253004080369321, 46.237310198317964 ], [ 11.252728789846982, 46.237041117734002 ], [ 11.252571466486009, 46.236841713198373 ], [ 11.25236853448251, 46.236458702053604 ], [ 11.252100321914357, 46.236045476210684 ], [ 11.251785095349209, 46.235790680785705 ], [ 11.251428004504147, 46.235523208933849 ], [ 11.251044204018726, 46.235157259219889 ], [ 11.250836306442574, 46.234949848255965 ], [ 11.250595379311291, 46.234747587575534 ], [ 11.250329018880747, 46.234577328171262 ], [ 11.250046023509952, 46.234317393047952 ], [ 11.24954016176769, 46.233899840038923 ], [ 11.249233794118036, 46.233662863659205 ], [ 11.248782824094333, 46.233239726666895 ], [ 11.248650123421042, 46.233066832887729 ], [ 11.2482917942827, 46.232668871672466 ], [ 11.247998366795835, 46.232292133213342 ], [ 11.247898937886982, 46.232199586399204 ], [ 11.247533035679766, 46.231873773885027 ], [ 11.247167206844626, 46.231529958210501 ], [ 11.246908176884549, 46.231161540727889 ], [ 11.246708409396744, 46.230953962308554 ], [ 11.246319055522894, 46.230768111124469 ], [ 11.246046716611353, 46.230629460145472 ], [ 11.245475733775807, 46.23040217462944 ], [ 11.244814911810158, 46.230257653591728 ], [ 11.244270483017553, 46.230164844430981 ], [ 11.24367689496153, 46.23001899630956 ], [ 11.243023547828596, 46.22987881827558 ], [ 11.242719334098952, 46.229812787185551 ], [ 11.242107878291906, 46.229586279169155 ], [ 11.241339844977201, 46.229376339571104 ], [ 11.2408271496778, 46.229206389271461 ], [ 11.240324048132493, 46.229112750869355 ], [ 11.239713284153931, 46.228962718758076 ], [ 11.239383064433747, 46.228874687829446 ], [ 11.238854436598718, 46.228691540504343 ], [ 11.238079119202668, 46.228441220481834 ], [ 11.23749930113666, 46.228254569344728 ], [ 11.237120411172503, 46.228185485407863 ], [ 11.236840169081429, 46.22815047029664 ], [ 11.236418704489068, 46.228050716481597 ], [ 11.236122241587857, 46.227975515857736 ], [ 11.23583397514089, 46.227922654765202 ], [ 11.235495486162884, 46.227830274260675 ], [ 11.23494114752388, 46.227652111943058 ], [ 11.23445367275524, 46.227463639215507 ], [ 11.233761129546219, 46.227274673159229 ], [ 11.233198725473834, 46.22713716126335 ], [ 11.232876516477184, 46.227026454292684 ], [ 11.23253039944629, 46.226965715001491 ], [ 11.232208665854081, 46.226886497804493 ], [ 11.231556638093011, 46.2267372281406 ], [ 11.231368999667497, 46.226686890723983 ], [ 11.23099551282659, 46.22659068015318 ], [ 11.230516705662714, 46.226415521800462 ], [ 11.230144025441147, 46.226319292700296 ], [ 11.229813269843271, 46.22617724293989 ], [ 11.229524741882656, 46.226097370217488 ], [ 11.228947324237451, 46.225928629371275 ], [ 11.228492208908063, 46.225798001747926 ], [ 11.228054636518236, 46.225640029444406 ], [ 11.227607712440095, 46.22549123803968 ], [ 11.22716222847346, 46.225337916681994 ], [ 11.226600383649311, 46.22513285936401 ], [ 11.226270811136825, 46.224999776558811 ], [ 11.225815418184416, 46.224801641641804 ], [ 11.22550032083211, 46.224645773976192 ], [ 11.22517797577026, 46.224571049019474 ], [ 11.22459204864025, 46.22441145212894 ], [ 11.224030920843541, 46.224183867528488 ], [ 11.22348647707468, 46.224027957704216 ], [ 11.22316268539268, 46.223917254121368 ], [ 11.222732877760338, 46.223750110084303 ], [ 11.22245336392246, 46.223652043613129 ], [ 11.222303540046768, 46.223614456242451 ], [ 11.2218416173462, 46.223474934232037 ], [ 11.221387173180998, 46.223339765108058 ], [ 11.220800997478126, 46.223193654009172 ], [ 11.220214993587964, 46.223011535474591 ], [ 11.21992684574254, 46.222900130165897 ], [ 11.219357418326672, 46.222767186695847 ], [ 11.219017174701083, 46.222629790071245 ], [ 11.218512796042196, 46.222482078773808 ], [ 11.21791204939051, 46.222295734511292 ], [ 11.21752313251182, 46.22217727869063 ], [ 11.217250216158286, 46.222101572134918 ], [ 11.216945066673407, 46.221990489194376 ], [ 11.216671961026519, 46.221869783564451 ], [ 11.216242188420958, 46.221702614415811 ], [ 11.21598608482922, 46.221581577391113 ], [ 11.215679864031991, 46.221484012254059 ], [ 11.215250198731237, 46.221339337973475 ], [ 11.214490467006014, 46.221088555659144 ], [ 11.213845823921925, 46.220817538088738 ], [ 11.213548525057094, 46.220719794383371 ], [ 11.213002871346628, 46.220491855828435 ], [ 11.212482057399841, 46.220276934132556 ], [ 11.212019383157449, 46.220137386943527 ], [ 11.211194825617024, 46.21994633935644 ], [ 11.210634262965367, 46.219790680172814 ], [ 11.209767236828931, 46.219510441116626 ], [ 11.209477327769946, 46.219394543357566 ], [ 11.209013766123334, 46.219232500464372 ], [ 11.208626147916652, 46.219104988963366 ], [ 11.207924699727613, 46.218911538221029 ], [ 11.20737936789901, 46.2187510686324 ], [ 11.207090090723119, 46.218630652468157 ], [ 11.206730303165417, 46.21873210399545 ], [ 11.206467226745227, 46.218800186041577 ], [ 11.20618678005693, 46.218900103806234 ], [ 11.205811518124797, 46.219100854203191 ], [ 11.205411050113792, 46.219360591615349 ], [ 11.204824076639628, 46.219920935362133 ], [ 11.204441151683028, 46.220274833688812 ], [ 11.204221891270409, 46.220445568370486 ], [ 11.203855237851847, 46.220781150278022 ], [ 11.203609964072252, 46.220970386007359 ], [ 11.203128505758466, 46.221272178323389 ], [ 11.202777052632465, 46.221643464724998 ], [ 11.202573881010913, 46.221831886586337 ], [ 11.202344435738491, 46.22193081176362 ], [ 11.202035449750342, 46.221986267938533 ], [ 11.201936470098259, 46.222145679978155 ], [ 11.201780885158604, 46.222369184499733 ], [ 11.201590307149303, 46.222467359241683 ], [ 11.201277715691173, 46.222594884965424 ], [ 11.201071840164881, 46.222675352986066 ], [ 11.200916451247407, 46.22270084663775 ], [ 11.200487868719343, 46.222785602844191 ], [ 11.199804548027055, 46.223046266715421 ], [ 11.19922101825251, 46.223269004909412 ], [ 11.198931454058021, 46.223364580067823 ], [ 11.198405584784549, 46.223631205819395 ], [ 11.197960877162519, 46.223860266982982 ], [ 11.19748287064707, 46.224107967287907 ], [ 11.196823625442239, 46.224444652482632 ], [ 11.196223075397674, 46.22450569771749 ], [ 11.195919112007093, 46.224525039697497 ], [ 11.195647542183188, 46.224543758451404 ], [ 11.195202659357225, 46.224606307297378 ], [ 11.194338280780579, 46.224636409513039 ], [ 11.193755091033239, 46.224665607465582 ], [ 11.193318582124411, 46.224714487808086 ], [ 11.19304610713915, 46.224751218270498 ], [ 11.192692101725298, 46.224816513341814 ], [ 11.192454076881605, 46.22488408225945 ], [ 11.192141916054529, 46.224962073162338 ], [ 11.191837386352436, 46.225089418280689 ], [ 11.191599459442607, 46.225138983007383 ], [ 11.191409211268905, 46.225246134606472 ], [ 11.190979942032072, 46.225456871867813 ], [ 11.190420714676904, 46.22574210077142 ], [ 11.190165493786166, 46.225845995562935 ], [ 11.189943034120535, 46.225917761026082 ], [ 11.189582069747363, 46.226032681221824 ], [ 11.189285012338862, 46.226123875273984 ], [ 11.189012952468058, 46.226232590216306 ], [ 11.18866719932079, 46.226342715988153 ], [ 11.188354656206215, 46.226452204728488 ], [ 11.187852666255589, 46.226628321730374 ], [ 11.187358057086959, 46.226786294717421 ], [ 11.186930224761877, 46.226911486698924 ], [ 11.186338971898206, 46.227044303997765 ], [ 11.186000503097405, 46.227113781132843 ], [ 11.185761949644993, 46.227127344610778 ], [ 11.185483067195307, 46.227146179027187 ], [ 11.185227958605044, 46.227151057750469 ], [ 11.184963528428371, 46.227003109753795 ], [ 11.18466726614214, 46.226828768942397 ], [ 11.184405124082078, 46.226595273450634 ], [ 11.184043850225379, 46.226273669478033 ], [ 11.183573561664602, 46.226575165366505 ], [ 11.18337663507943, 46.226677931010556 ], [ 11.182906144429023, 46.227055930170678 ], [ 11.182363768867814, 46.227358798049771 ], [ 11.181901932801496, 46.22762862465229 ], [ 11.18120397864687, 46.227646449269976 ], [ 11.181105776991931, 46.227724825851062 ], [ 11.180930077221355, 46.227831682216738 ], [ 11.180639337631247, 46.228021735946214 ], [ 11.180544643117289, 46.22808654472874 ], [ 11.180362001714753, 46.228202532925721 ], [ 11.180079535409103, 46.228396927483168 ], [ 11.179815345415207, 46.228581972449582 ], [ 11.179674833532648, 46.228656654738053 ], [ 11.179521180271559, 46.228767588515083 ], [ 11.179249868914111, 46.228957268109149 ], [ 11.17896559693548, 46.229147194184883 ], [ 11.178682126438105, 46.229337104263671 ], [ 11.178412355741726, 46.229504251836381 ], [ 11.178304236729193, 46.22957831490438 ], [ 11.178115297109214, 46.229698919650737 ], [ 11.177862776236395, 46.229892737874174 ], [ 11.177746569333268, 46.229966954549319 ], [ 11.17758543470479, 46.230073528136593 ], [ 11.177380188223497, 46.230212442897525 ], [ 11.177201945027001, 46.230337342428477 ], [ 11.177039544120564, 46.230452939613329 ], [ 11.176830521495054, 46.230578424936979 ], [ 11.176755256773594, 46.230642860411947 ], [ 11.176660908858466, 46.230716659582448 ], [ 11.176615888223139, 46.230767018499058 ], [ 11.1765616622822, 46.230871554235272 ], [ 11.176456113382068, 46.231031068957101 ], [ 11.176332817578219, 46.231213422192205 ], [ 11.176219273011462, 46.231355088461576 ], [ 11.176134603339968, 46.231509705121994 ], [ 11.176069306433517, 46.231600951061843 ], [ 11.175991062898262, 46.231692443492321 ], [ 11.175966013338659, 46.231755922227521 ], [ 11.17591466951829, 46.231851402507793 ], [ 11.175810736875921, 46.232010885827989 ], [ 11.175750120885279, 46.232097542325903 ], [ 11.175719144411168, 46.232134133103209 ], [ 11.17568412453522, 46.232170800855194 ], [ 11.17563180565009, 46.23222129832233 ], [ 11.175548898542193, 46.232276878233336 ], [ 11.175474809167273, 46.232309789595909 ], [ 11.175352562192359, 46.23237511853327 ], [ 11.175159122521364, 46.232464303107683 ], [ 11.17502049762445, 46.232525443309207 ], [ 11.174850632337142, 46.232596178158197 ], [ 11.174640991531071, 46.232685670186818 ], [ 11.174513527487266, 46.232742097252782 ], [ 11.174611394016704, 46.232839237636135 ], [ 11.174654473383262, 46.23288341907319 ], [ 11.174679746222397, 46.232927939360827 ], [ 11.174727863298495, 46.232976525023744 ], [ 11.174833936073387, 46.233055508547615 ], [ 11.174881605324432, 46.233113102915311 ], [ 11.174975344629258, 46.233187820915376 ], [ 11.175110920123764, 46.233275242898848 ], [ 11.17525017670618, 46.233394095514356 ], [ 11.175339234821932, 46.233473402445583 ], [ 11.175371343916554, 46.233526792687897 ], [ 11.175376361440518, 46.233571698405811 ], [ 11.1753706447069, 46.233652809452479 ], [ 11.175372309641419, 46.233756280593525 ], [ 11.17535243363527, 46.233909663149035 ], [ 11.175341400491586, 46.234184380684347 ], [ 11.175339647666718, 46.234283416755659 ], [ 11.175323366955835, 46.234445731098432 ], [ 11.175323221153826, 46.234544736574243 ], [ 11.175312749715863, 46.234607937625626 ], [ 11.175279525815492, 46.234649071171582 ], [ 11.175207691875949, 46.234677439287701 ], [ 11.175100750831733, 46.234719975961667 ], [ 11.175025591525761, 46.234725906645053 ], [ 11.174869424027818, 46.234773880159551 ], [ 11.174814876712027, 46.234788418659392 ], [ 11.17477879591118, 46.234757604469436 ], [ 11.174719785195929, 46.234700225907687 ], [ 11.174666700871505, 46.234669735269897 ], [ 11.174601011925429, 46.234648484714981 ], [ 11.174542158460003, 46.234636104294133 ], [ 11.17441992611, 46.234660930819551 ], [ 11.174354123575611, 46.234698183876567 ], [ 11.174255814889468, 46.234754055872671 ], [ 11.174149761253821, 46.234819075381495 ], [ 11.174078637124117, 46.234865429770004 ], [ 11.174009488201124, 46.234920746781007 ], [ 11.173940516788301, 46.234980560494741 ], [ 11.173846868352387, 46.235072344456256 ], [ 11.173762762130572, 46.235159446702497 ], [ 11.173684602872934, 46.235232935398365 ], [ 11.173602805257159, 46.235378495195803 ], [ 11.17346959282002, 46.235556533690982 ], [ 11.173407810634087, 46.235634210824614 ], [ 11.173347377592741, 46.235725362629751 ], [ 11.173313867862493, 46.235780001394453 ], [ 11.173259808594411, 46.235889032418051 ], [ 11.173202153826189, 46.235989131547996 ], [ 11.173175656789834, 46.236057137270535 ], [ 11.173161836403235, 46.236138402278826 ], [ 11.173126790593159, 46.236215570802763 ], [ 11.173068873295465, 46.236288674124616 ], [ 11.173011700962347, 46.236339262644094 ], [ 11.17293651729053, 46.236385693500957 ], [ 11.172893286379354, 46.236440516983684 ], [ 11.172865168694367, 46.236508553444693 ], [ 11.172804272452368, 46.236608713996894 ], [ 11.172732368578652, 46.236758585135945 ], [ 11.172675706063334, 46.236863165238979 ], [ 11.172606225171927, 46.237012990224251 ], [ 11.17256441385141, 46.23710378755171 ], [ 11.172490440155665, 46.237262698117171 ], [ 11.172447540999864, 46.237367016440047 ], [ 11.17242914289637, 46.237434868005948 ], [ 11.172395431473316, 46.237525511280964 ], [ 11.172358195820875, 46.23762972190076 ], [ 11.172303839668933, 46.237792759521106 ], [ 11.172271286474549, 46.237892380976746 ], [ 11.172255147117024, 46.237955689451702 ], [ 11.172253682190982, 46.238000718498462 ], [ 11.172243206702607, 46.238063919305993 ], [ 11.172249180988912, 46.238153808139288 ], [ 11.172260761077474, 46.238221089811049 ], [ 11.172301290560297, 46.238323822131932 ], [ 11.172307393676242, 46.238355206953443 ], [ 11.172322391672948, 46.238426923764131 ], [ 11.172345299841762, 46.238493990082084 ], [ 11.172376570384971, 46.238587898143493 ], [ 11.172431965464291, 46.238676847457597 ], [ 11.172468935386009, 46.238730146067617 ], [ 11.172507845528621, 46.23883290909351 ], [ 11.172565393899964, 46.238935317761822 ], [ 11.172664418141107, 46.239081939037575 ], [ 11.172724674643977, 46.239170795776317 ], [ 11.172814321058778, 46.239326595457605 ], [ 11.172888981866178, 46.239410678105521 ], [ 11.172983680188299, 46.239570881708815 ], [ 11.173184800495465, 46.239490555134516 ], [ 11.17334369020989, 46.239429031851373 ], [ 11.17345159303725, 46.239471980841074 ], [ 11.173622981815274, 46.239603724565157 ], [ 11.173771076203113, 46.239555906382293 ], [ 11.173853086381738, 46.23951834538174 ], [ 11.173985334161847, 46.239479828606513 ], [ 11.174125953033101, 46.239427652057095 ], [ 11.174330844504338, 46.239360752068983 ], [ 11.174480367064023, 46.239308405668893 ], [ 11.174676979179267, 46.239237162480826 ], [ 11.174891873397616, 46.239156570768614 ], [ 11.175132676257645, 46.239075485502923 ], [ 11.175226572037429, 46.23905119763608 ], [ 11.175373669145516, 46.238998896229553 ], [ 11.175527424315524, 46.238950967998747 ], [ 11.175599889361564, 46.238918087573076 ], [ 11.175718817710855, 46.238870822121036 ], [ 11.17584016957022, 46.238823510399833 ], [ 11.175913628636504, 46.238795110967267 ], [ 11.176051181451461, 46.238747490536575 ], [ 11.176367059486612, 46.238637972311906 ], [ 11.176476799439135, 46.238604381419435 ], [ 11.17651206722957, 46.238635210545155 ], [ 11.176568021782503, 46.238697146486118 ], [ 11.176643221028424, 46.238794716798978 ], [ 11.176697555763443, 46.238856683528816 ], [ 11.176752246428192, 46.238927643692357 ], [ 11.17683446060456, 46.239038580613183 ], [ 11.176937987909923, 46.239176112179123 ], [ 11.177022105761271, 46.239273512337689 ], [ 11.177108273050726, 46.239402374226124 ], [ 11.177199497812946, 46.239495138734718 ], [ 11.177273348900361, 46.239579233951147 ], [ 11.177325617298658, 46.239650239985778 ], [ 11.1773965111562, 46.239720891108021 ], [ 11.177477377395089, 46.239818352881933 ], [ 11.177593599465606, 46.23996914230429 ], [ 11.177727288053482, 46.240110598511393 ], [ 11.177872404947438, 46.240274337354016 ], [ 11.178011133555289, 46.240420197290064 ], [ 11.178088227515962, 46.240504230164383 ], [ 11.178208957240845, 46.240645932795665 ], [ 11.178296320022746, 46.240743270148968 ], [ 11.178412012202491, 46.240880568468057 ], [ 11.178500626839964, 46.240968881561251 ], [ 11.178553806129564, 46.241021869183498 ], [ 11.178617940213337, 46.241106148762704 ], [ 11.178719352025544, 46.241189717591169 ], [ 11.178785658465367, 46.241246954945993 ], [ 11.178869070476022, 46.241326366706829 ], [ 11.178951666146355, 46.241405793971786 ], [ 11.179083385367344, 46.241538285885355 ], [ 11.179177857498678, 46.241630986870867 ], [ 11.179322717662718, 46.241767728031419 ], [ 11.179411513356143, 46.241860537075688 ], [ 11.17953217538982, 46.241979738988761 ], [ 11.179629711338922, 46.24206788104329 ], [ 11.179758193354015, 46.242200433914924 ], [ 11.179849874600993, 46.242284187337589 ], [ 11.179898643064631, 46.242328258229108 ], [ 11.179986637017143, 46.242421082115079 ], [ 11.180128260832413, 46.242557883982101 ], [ 11.180215899129548, 46.242641714238808 ], [ 11.18030543988983, 46.24271200777634 ], [ 11.180434459751115, 46.24285804997038 ], [ 11.180529309060349, 46.242919241805737 ], [ 11.180586076242538, 46.242981160245293 ], [ 11.180665971161126, 46.243074138146106 ], [ 11.18075209444428, 46.243139996427317 ], [ 11.180815803218101, 46.243192782047622 ], [ 11.180914503594124, 46.243289901008325 ], [ 11.181055240579491, 46.243404218052426 ], [ 11.181140814324385, 46.243497087231411 ], [ 11.181207035632749, 46.243572325262662 ], [ 11.181244821069981, 46.243625605444024 ], [ 11.181316973321577, 46.243727730906507 ], [ 11.18137527210429, 46.243807620182139 ], [ 11.181425738394326, 46.243874158591829 ], [ 11.18147971162627, 46.243967630735241 ], [ 11.181510822802405, 46.244057039171764 ], [ 11.181540417118661, 46.244128476087873 ], [ 11.181573148778, 46.244217853570262 ], [ 11.181593809910503, 46.244329962061173 ], [ 11.181608987255318, 46.244406174301709 ], [ 11.181619673401448, 46.244491472513943 ], [ 11.181639443064601, 46.244581097427634 ], [ 11.181649581323482, 46.244652905744651 ], [ 11.181669082456251, 46.244756036127548 ], [ 11.181672189331325, 46.24485497937782 ], [ 11.181678921705425, 46.244922352595573 ], [ 11.181686620901734, 46.245034708518588 ], [ 11.181702941538067, 46.245200901238817 ], [ 11.181713346432902, 46.245299705150785 ], [ 11.181720510733173, 46.245398570928849 ], [ 11.181747995535943, 46.24556005037438 ], [ 11.181772418215106, 46.245726088388153 ], [ 11.181769400778881, 46.245834148779522 ], [ 11.181779805954127, 46.245932952671041 ], [ 11.18178967609752, 46.24601826642791 ], [ 11.181794059927491, 46.246108185045152 ], [ 11.181814008912509, 46.246202306600168 ], [ 11.181819108377628, 46.246269710972811 ], [ 11.181811242961256, 46.246377863916692 ], [ 11.181813993563193, 46.246467813710744 ], [ 11.18180838889125, 46.246530922333811 ], [ 11.181841537315597, 46.246732794635946 ], [ 11.181840155445931, 46.246800322748506 ], [ 11.181842012214288, 46.246908290062628 ], [ 11.181851882684127, 46.246993603795829 ], [ 11.181857620599228, 46.247056495854089 ], [ 11.181861798323128, 46.247182419310107 ], [ 11.181889493002894, 46.247267392719834 ], [ 11.181897668046254, 46.247330238241176 ], [ 11.181908430586542, 46.247438035505922 ], [ 11.181910392736587, 46.247487499304846 ], [ 11.18191972831262, 46.247559322893714 ], [ 11.181938251082698, 46.247617470721416 ], [ 11.181948478632838, 46.247711777848899 ], [ 11.181971209434973, 46.247814846469183 ], [ 11.182004552689355, 46.247980714051529 ], [ 11.182027386843236, 46.248065780225815 ], [ 11.182040320280821, 46.248146535328992 ], [ 11.182063868146805, 46.248249588323311 ], [ 11.182089408137141, 46.248321102472445 ], [ 11.182145334770253, 46.248504539230531 ], [ 11.182170593525289, 46.248589559071611 ], [ 11.182204771127923, 46.248674408593622 ], [ 11.182229939981069, 46.248777430592234 ], [ 11.182250172294626, 46.248858046283807 ], [ 11.18227877526572, 46.248925001779561 ], [ 11.18230908878631, 46.248973924146426 ], [ 11.18235777527404, 46.249035995976236 ], [ 11.182406180462253, 46.249111573498247 ], [ 11.18301876749973, 46.249428381222266 ], [ 11.18315771199889, 46.249578730750635 ], [ 11.183255973796784, 46.249950362913282 ], [ 11.183388589349175, 46.250186335216661 ], [ 11.183535714329212, 46.250399529557285 ], [ 11.183626776490136, 46.250528292832882 ], [ 11.183781738168712, 46.25071433642573 ], [ 11.183818419438055, 46.250862139178182 ], [ 11.183829159728777, 46.251050938664484 ], [ 11.183985386967375, 46.251227957559799 ], [ 11.184125588873197, 46.251409782637118 ], [ 11.184314942483848, 46.251604168389413 ], [ 11.184595938822559, 46.25181930251685 ], [ 11.18500711422957, 46.252045447299828 ], [ 11.185279489273229, 46.252206743235625 ], [ 11.185619034203777, 46.25234425331395 ], [ 11.185881153157926, 46.252492243630158 ], [ 11.186368413624882, 46.252694427571207 ], [ 11.186697627353469, 46.252796131204313 ], [ 11.186978582034575, 46.252867256674598 ], [ 11.187266657462276, 46.252933745050967 ], [ 11.187687539898187, 46.252975189798256 ], [ 11.187974631398536, 46.252996694107289 ], [ 11.188279113222556, 46.252986363907205 ], [ 11.18851878347327, 46.25293677311285 ], [ 11.188716052557144, 46.252901494256633 ], [ 11.188921420744618, 46.252825558916108 ], [ 11.189102213652326, 46.252763594310672 ], [ 11.189423027722164, 46.252613444714186 ], [ 11.189571496558131, 46.25253409820268 ], [ 11.189661827448427, 46.25241986459509 ], [ 11.189808899146287, 46.252142539588107 ], [ 11.189834417723336, 46.251989046757778 ], [ 11.189922354809189, 46.251672353722718 ], [ 11.189955892764493, 46.251455705591567 ], [ 11.190021381535072, 46.251247445361585 ], [ 11.19011911325479, 46.251034067038958 ], [ 11.190193052666942, 46.250875145987237 ], [ 11.19003789007896, 46.25068461480263 ], [ 11.189949006370851, 46.250407311117399 ], [ 11.189800382418143, 46.249973648138166 ], [ 11.189816177589938, 46.249820341583074 ], [ 11.189916000953962, 46.249476419986571 ], [ 11.189994845217184, 46.249114899870811 ], [ 11.189965061987685, 46.249079469716612 ], [ 11.189930863186088, 46.249035123942932 ], [ 11.18989027034673, 46.24897290022966 ], [ 11.189857971669468, 46.248915017676737 ], [ 11.189814684401835, 46.24882584487937 ], [ 11.189779232685341, 46.248750022263451 ], [ 11.189740640842313, 46.248656259346568 ], [ 11.189708072110426, 46.248571381233468 ], [ 11.189703578155212, 46.248539966539219 ], [ 11.18969611928299, 46.248454607275427 ], [ 11.189685331998669, 46.24838731224785 ], [ 11.18968210967356, 46.248306371918403 ], [ 11.189676293480657, 46.24818048013681 ], [ 11.189682086711127, 46.248040865554778 ], [ 11.189690037356792, 46.247914709976783 ], [ 11.189695991084674, 46.247860594508595 ], [ 11.189714100409658, 46.247765745078851 ], [ 11.189734109671939, 46.24765735889158 ], [ 11.189743941739529, 46.247598668986853 ], [ 11.189779875009036, 46.247503478000453 ], [ 11.189798176078284, 46.247413124993493 ], [ 11.189827361044211, 46.247331563650313 ], [ 11.189888595169581, 46.247240387907155 ], [ 11.189963150057753, 46.247157957085449 ], [ 11.190009075362484, 46.2470895752299 ], [ 11.190077773096366, 46.247002756462486 ], [ 11.190192041461874, 46.246879063331384 ], [ 11.190272360596554, 46.246778521359573 ], [ 11.190368345726771, 46.246664178704641 ], [ 11.19046703393836, 46.246536283803458 ], [ 11.190618743008452, 46.246375871620579 ], [ 11.190743813953684, 46.246238470489573 ], [ 11.190838068161252, 46.246182662129236 ], [ 11.190949979669027, 46.246122015039894 ], [ 11.191110675188835, 46.246024431533677 ], [ 11.191232853571165, 46.24593658660573 ], [ 11.191316760279308, 46.245885476376031 ], [ 11.191401749724282, 46.245820844969579 ], [ 11.191551014271214, 46.245741480510745 ], [ 11.191629421953506, 46.245694975625092 ], [ 11.191872664074687, 46.245613808356914 ], [ 11.19197475150766, 46.245571349155227 ], [ 11.19222204980972, 46.245490103335754 ], [ 11.192403260222271, 46.245419125146761 ], [ 11.19254613347821, 46.24536238258456 ], [ 11.19324380161939, 46.245128488856551 ], [ 11.193400339843992, 46.245089483424223 ], [ 11.193498739448353, 46.24505609387311 ], [ 11.193629810543314, 46.245008576724857 ], [ 11.193760782100227, 46.244979061808294 ], [ 11.193835594232393, 46.244964125248117 ], [ 11.19400634932922, 46.244956346874929 ], [ 11.194136331472766, 46.244962851467442 ], [ 11.194247686753341, 46.244969713576069 ], [ 11.19438397073823, 46.244971596763996 ], [ 11.194514132338517, 46.244982597598508 ], [ 11.194621609879222, 46.24499403392786 ], [ 11.19476347244939, 46.245013810000067 ], [ 11.194965101135772, 46.24506843888561 ], [ 11.195122264435168, 46.245105921091465 ], [ 11.195239823004814, 46.245126163427436 ], [ 11.195498701395874, 46.245193191937034 ], [ 11.195710497913263, 46.245238623921949 ], [ 11.195833276864606, 46.245267765577616 ], [ 11.196013578445188, 46.245336302771804 ], [ 11.196401535614875, 46.245468350439296 ], [ 11.196556358170586, 46.245528376251791 ], [ 11.196665094133376, 46.24557128729576 ], [ 11.196744305540639, 46.245605765563113 ], [ 11.196853580559912, 46.245662166418889 ], [ 11.196946473085307, 46.245714382007606 ], [ 11.197082473362407, 46.24581076990728 ], [ 11.197163220464645, 46.245863218829413 ], [ 11.197221185108843, 46.245934106216531 ], [ 11.197278692511428, 46.246014002600958 ], [ 11.197327474418957, 46.246098566850954 ], [ 11.197392550610497, 46.246245819405274 ], [ 11.19751603364163, 46.246495451472057 ], [ 11.197538348531497, 46.246607525289598 ], [ 11.19755634493181, 46.246692681443356 ], [ 11.197553362022918, 46.246760240565322 ], [ 11.197534185137831, 46.246868612155538 ], [ 11.197521395022513, 46.246954360337277 ], [ 11.197496723474167, 46.247026836643677 ], [ 11.197456746569078, 46.247122107844184 ], [ 11.197424691666232, 46.247212726578681 ], [ 11.197398399528465, 46.247285234023281 ], [ 11.197339602014038, 46.247376366960943 ], [ 11.197284143164342, 46.247449435203954 ], [ 11.197247769287012, 46.2475131362282 ], [ 11.197198249047304, 46.247613090942004 ], [ 11.197140904576736, 46.247699695717223 ], [ 11.197057352328496, 46.247840805733034 ], [ 11.19700386840252, 46.247963337144256 ], [ 11.196972534631044, 46.248031441292589 ], [ 11.196922735606147, 46.248144901586173 ], [ 11.19688545891281, 46.248226620308209 ], [ 11.196875369505721, 46.248298816129868 ], [ 11.196843048120265, 46.248402940153703 ], [ 11.196820354690157, 46.248484378500407 ], [ 11.196788562936758, 46.24856149162823 ], [ 11.196731755666864, 46.248661586203774 ], [ 11.196671066224122, 46.248806756532588 ], [ 11.196637927501525, 46.248910896200591 ], [ 11.196600371979875, 46.249006120525351 ], [ 11.196589474239653, 46.249118832890431 ], [ 11.196427587074822, 46.249369450892253 ], [ 11.196386858607603, 46.249730242922126 ], [ 11.196426082733865, 46.249981495469264 ], [ 11.196509495543824, 46.250303900484518 ], [ 11.196598698048879, 46.25048669058372 ], [ 11.196697346022251, 46.250682799385544 ], [ 11.196846412623094, 46.250841937944735 ], [ 11.196995296686589, 46.251037080730789 ], [ 11.197161105156578, 46.251249898375249 ], [ 11.197284962086783, 46.251468022533366 ], [ 11.197482549117939, 46.251644227752045 ], [ 11.197730202696135, 46.251855470681775 ], [ 11.198060585477894, 46.252087622405035 ], [ 11.198159424322705, 46.252247725328814 ], [ 11.198234318453883, 46.252376787975102 ], [ 11.198308488411001, 46.252568866089867 ], [ 11.198424514914114, 46.252773639272313 ], [ 11.19854964144182, 46.252982737371347 ], [ 11.198631831372952, 46.253192661418502 ], [ 11.19871464351082, 46.253438574332904 ], [ 11.198839053538764, 46.25362968543245 ], [ 11.198905031761056, 46.253758919171609 ], [ 11.199242006661867, 46.254053942166784 ], [ 11.199664238166035, 46.254351823234906 ], [ 11.199919380033201, 46.254526916324942 ], [ 11.200084853675929, 46.254649733847053 ], [ 11.200315870772913, 46.254789289603593 ], [ 11.200546793110917, 46.254906346155543 ], [ 11.200942849520267, 46.254975220793781 ], [ 11.201230410572549, 46.255109185549237 ], [ 11.201568031491107, 46.25519718405473 ], [ 11.201858116142693, 46.255313098162972 ], [ 11.202112008730756, 46.255416208624723 ], [ 11.202278473812624, 46.255543503970046 ], [ 11.202531924645532, 46.255655622234407 ], [ 11.202667695203491, 46.255684506140632 ], [ 11.202612957019795, 46.255856565448731 ], [ 11.202389136783589, 46.256261389158894 ], [ 11.202187004471261, 46.256499290346532 ], [ 11.201894211569499, 46.256842440608324 ], [ 11.201594573520765, 46.256974216760902 ], [ 11.200980347919964, 46.257188553403694 ], [ 11.200235121572579, 46.257391908693421 ], [ 11.199670853989261, 46.257497273738537 ], [ 11.199374174743468, 46.257844992369343 ], [ 11.199134475781765, 46.258259115346867 ], [ 11.199047306394206, 46.258512798925352 ], [ 11.19887945248413, 46.258939039105343 ], [ 11.198705472883272, 46.25937439708369 ], [ 11.198637739230186, 46.25978971026808 ], [ 11.198401293192513, 46.259798759217766 ], [ 11.198068587162425, 46.259814159333835 ], [ 11.197880406049121, 46.259772777651733 ], [ 11.197305777276192, 46.259680325426153 ], [ 11.196970029867733, 46.259619278976174 ], [ 11.196453578226421, 46.259440201941779 ], [ 11.196036527874332, 46.259313213758041 ], [ 11.19567388338487, 46.259005174389806 ], [ 11.195415398091759, 46.258807635605429 ], [ 11.194900584791336, 46.258588019089437 ], [ 11.194328148642057, 46.258387507159981 ], [ 11.194065423433434, 46.258347550544052 ], [ 11.193441390946687, 46.258256027395284 ], [ 11.192453941883407, 46.258243475418944 ], [ 11.19144804076984, 46.258235768859095 ], [ 11.190772034990385, 46.258244230173034 ], [ 11.190459700746963, 46.258241217156375 ], [ 11.189890747475552, 46.25822962080214 ], [ 11.189560227562291, 46.258217953596002 ], [ 11.18852316550182, 46.258242319065374 ], [ 11.18823377777319, 46.258265861161327 ], [ 11.18790268748741, 46.258321701702492 ], [ 11.187275190351013, 46.258428215958169 ], [ 11.186959947290211, 46.258474750228991 ], [ 11.186282204623918, 46.258582220565629 ], [ 11.185332537098562, 46.25866338644019 ], [ 11.184580938111473, 46.259096266722217 ], [ 11.1840566394311, 46.259371794500098 ], [ 11.18383032268968, 46.259533623320934 ], [ 11.183256604246417, 46.259729089862041 ], [ 11.182635996926358, 46.259866947676258 ], [ 11.181340649450085, 46.259923181251736 ], [ 11.180680082146329, 46.259994289572759 ], [ 11.180383663142958, 46.260004445598732 ], [ 11.179787923570782, 46.260074311852918 ], [ 11.178904935196956, 46.26018115294773 ], [ 11.178444761290807, 46.260131424583882 ], [ 11.178105844944314, 46.260133384582211 ], [ 11.177761819163132, 46.260067939357064 ], [ 11.177221449450537, 46.259938732390246 ], [ 11.176970232594394, 46.259759013918391 ], [ 11.176473063587245, 46.259471476737922 ], [ 11.175976052601413, 46.259269436394831 ], [ 11.175310700979516, 46.259178600942384 ], [ 11.174666874446629, 46.25926285613734 ], [ 11.174035615165847, 46.259418870311187 ], [ 11.173687542073566, 46.259537994144111 ], [ 11.173123992695224, 46.259683715128624 ], [ 11.171718913607359, 46.260164936007875 ], [ 11.171508280215885, 46.260375943433019 ], [ 11.171039602398679, 46.260726856127988 ], [ 11.170886518539392, 46.260896268121634 ], [ 11.17058797021919, 46.261324948835352 ], [ 11.169870169572762, 46.261734589387771 ], [ 11.169093953151478, 46.26179432610536 ], [ 11.168878266112083, 46.261856921112368 ], [ 11.168280262947711, 46.262034772686064 ], [ 11.167984361488175, 46.26205838698727 ], [ 11.167338133391331, 46.262165146823854 ], [ 11.166742420706205, 46.262257444928956 ], [ 11.166198852034494, 46.262623257792015 ], [ 11.165901823158178, 46.262988895836543 ], [ 11.16556244413975, 46.263391336423759 ], [ 11.165351978668149, 46.263566328336708 ], [ 11.164999787631421, 46.263870007730013 ], [ 11.164252829815279, 46.264406167892602 ], [ 11.1637219019836, 46.264929232915804 ], [ 11.163332982668489, 46.265310104169721 ], [ 11.163115038164593, 46.265480733363681 ], [ 11.162662215057525, 46.265804310548766 ], [ 11.162340802704621, 46.266210901419797 ], [ 11.162094133817918, 46.266476574217876 ], [ 11.161684915315361, 46.26675432149591 ], [ 11.161442881317793, 46.266848901423693 ], [ 11.160857246516105, 46.266868976472743 ], [ 11.160519200100204, 46.26685286735519 ], [ 11.159885155856889, 46.266837851812859 ], [ 11.15916215313926, 46.266788512726016 ], [ 11.158405861140416, 46.266366289591431 ], [ 11.158174625197997, 46.266343656077098 ], [ 11.157837014207518, 46.26635903149306 ], [ 11.157587321169423, 46.266444747664821 ], [ 11.157344784577807, 46.26658882947563 ], [ 11.15725329825384, 46.267027066031936 ], [ 11.15730741267844, 46.267476054340285 ], [ 11.157358057935289, 46.268105111992476 ], [ 11.157366641357783, 46.268406456494382 ], [ 11.15758886198093, 46.268798269839607 ], [ 11.157666222798575, 46.269012813936023 ], [ 11.157466203635632, 46.269475600060012 ], [ 11.157116369735204, 46.269986214674361 ], [ 11.156607992517191, 46.270198313705826 ], [ 11.156272484407422, 46.270474650333668 ], [ 11.15580198918299, 46.270825533950187 ], [ 11.155623964196673, 46.271022396161236 ], [ 11.155482478395351, 46.271448073781244 ], [ 11.155532011331971, 46.271780146559969 ], [ 11.155673871747632, 46.272087977317781 ], [ 11.155784150869918, 46.272252400604195 ], [ 11.155729006832548, 46.272500946010773 ], [ 11.155371866491139, 46.27266068546669 ], [ 11.154992342690788, 46.272973849078952 ], [ 11.1548220269931, 46.273202065245378 ], [ 11.154581109039894, 46.273616116080014 ], [ 11.154451637449297, 46.273893062648078 ], [ 11.153605520239434, 46.274782028509613 ], [ 11.153373397527123, 46.275213911298948 ], [ 11.153265937383116, 46.275535442609218 ], [ 11.153023286012413, 46.275657016664759 ], [ 11.15263755996904, 46.276019790109629 ], [ 11.152449174724685, 46.276180841585145 ], [ 11.152272341061957, 46.276719682864062 ], [ 11.152092974890362, 46.277173069784908 ], [ 11.151962598474734, 46.277324027849261 ], [ 11.151758263805672, 46.277678882361911 ], [ 11.151578644756629, 46.277898268469073 ], [ 11.151242954855071, 46.278296095735605 ], [ 11.150751702629922, 46.278885853440521 ], [ 11.150302167549272, 46.279443323420729 ], [ 11.149957258913625, 46.279854820505307 ], [ 11.149786650208966, 46.280056033838044 ], [ 11.149509833333511, 46.280259244570935 ], [ 11.149425558867257, 46.28032383085106 ], [ 11.148933268772259, 46.280639094646482 ], [ 11.148290689767917, 46.28080417850591 ], [ 11.147664320829017, 46.280968954115906 ], [ 11.146990932398106, 46.281031107603191 ], [ 11.146709193311334, 46.281108401515347 ], [ 11.146192288560258, 46.281334114033044 ], [ 11.145905250101407, 46.281650010086942 ], [ 11.145693901930809, 46.281950984078676 ], [ 11.145209392383144, 46.282279585864146 ], [ 11.144937165120114, 46.282289195535 ], [ 11.144269862818408, 46.28238271930946 ], [ 11.143981831533861, 46.282424123827084 ], [ 11.1433058921923, 46.282504303733219 ], [ 11.142886637166427, 46.282530166044737 ], [ 11.142466901546324, 46.282668537972746 ], [ 11.142121635266106, 46.28282351288879 ], [ 11.141612758637592, 46.283089554853973 ], [ 11.141044977943604, 46.283343197815277 ], [ 11.140789512433175, 46.283428985014133 ], [ 11.140163876190543, 46.283697207559186 ], [ 11.139653806542988, 46.283724758584235 ], [ 11.139201143551317, 46.283809733902693 ], [ 11.139325771696797, 46.28400990484225 ], [ 11.139748986719658, 46.284397989259062 ], [ 11.140137265881021, 46.284701224718255 ], [ 11.140452274587549, 46.284956330231473 ], [ 11.140601569024643, 46.285102036770574 ], [ 11.140891923387409, 46.285411603848416 ], [ 11.141239486258987, 46.285814600096948 ], [ 11.141380971151825, 46.286009952841219 ], [ 11.141820269679084, 46.286393228068519 ], [ 11.142549288470272, 46.287027575215681 ], [ 11.143028150627822, 46.287405603962419 ], [ 11.143419337110998, 46.287803275401487 ], [ 11.143551686987404, 46.287971796249344 ], [ 11.14410546843116, 46.288397916138592 ], [ 11.144840249561252, 46.288285126819495 ], [ 11.145686027499119, 46.287814742355323 ], [ 11.146173112769711, 46.288008100138214 ], [ 11.146437802601952, 46.288178632443561 ], [ 11.146933406001386, 46.288340326422116 ], [ 11.147279849078007, 46.288464320131126 ], [ 11.148251569385605, 46.288351556912986 ], [ 11.148860221614072, 46.288043108861295 ], [ 11.14938673051002, 46.287916205781706 ], [ 11.149692472558817, 46.287932955650412 ], [ 11.150221734309905, 46.288125502843428 ], [ 11.150693012774743, 46.288391140090248 ], [ 11.151392851246243, 46.288463469557591 ], [ 11.152036458425391, 46.28844685194359 ], [ 11.152398043940227, 46.288480543339858 ], [ 11.152531579489477, 46.288658031644118 ], [ 11.152680556366224, 46.288898230098802 ], [ 11.152923483910548, 46.289465164576285 ], [ 11.153320500967636, 46.289678188891955 ], [ 11.15427682531104, 46.289669166417553 ], [ 11.154605315315663, 46.289644973601511 ], [ 11.155207158240437, 46.289597624925463 ], [ 11.155513506993179, 46.289546846537327 ], [ 11.156171752455448, 46.289489428798568 ], [ 11.1570125679778, 46.289370060519133 ], [ 11.158050033385306, 46.289381975372699 ], [ 11.158727317941722, 46.289396184710867 ], [ 11.159055949937819, 46.289416977236591 ], [ 11.159625469110869, 46.289455717496118 ], [ 11.160558008561081, 46.28966759595459 ], [ 11.160817679698033, 46.290369199660169 ], [ 11.160935494746306, 46.290785479754753 ], [ 11.160944135104289, 46.291046321174015 ], [ 11.16113682441784, 46.291447685008258 ], [ 11.161228585025116, 46.291634953237399 ], [ 11.162170097673929, 46.291702646208087 ], [ 11.162616212425807, 46.29188320874929 ], [ 11.162722779293913, 46.292034194939554 ], [ 11.163046845027059, 46.292433069298987 ], [ 11.163097334442861, 46.292643617538062 ], [ 11.163224862126867, 46.293100212064346 ], [ 11.163261395193059, 46.293698031361657 ], [ 11.16329655367494, 46.294075372657922 ], [ 11.163339740314289, 46.294430061553975 ], [ 11.163449434913975, 46.294886993279839 ], [ 11.163533181931324, 46.29509691168019 ], [ 11.163758437266438, 46.295479654072928 ], [ 11.163932326561548, 46.295629364448189 ], [ 11.163827946905528, 46.29609034888248 ], [ 11.164093370148723, 46.296256326237163 ], [ 11.164448845180994, 46.296627601183687 ], [ 11.164740636059998, 46.296968580738117 ], [ 11.165363145674494, 46.297834303246788 ], [ 11.165588528278015, 46.298055036677816 ], [ 11.16587621718042, 46.298085585603495 ], [ 11.166206619994036, 46.298088323736387 ], [ 11.166824312336635, 46.298049613765293 ], [ 11.167349560825846, 46.297684147856884 ], [ 11.168090250328662, 46.297472095416609 ], [ 11.168205709765303, 46.29770390912838 ], [ 11.168357634317848, 46.298160034809641 ], [ 11.168531484676292, 46.29839074030788 ], [ 11.168798555798993, 46.298700677951196 ], [ 11.169154517663069, 46.299103429496959 ], [ 11.170310703771369, 46.299342483851618 ], [ 11.170499841919423, 46.299343392030842 ], [ 11.17109359977014, 46.299417615500431 ], [ 11.171439937278507, 46.299474036731041 ], [ 11.171960228343604, 46.299599152397754 ], [ 11.172703701232185, 46.299765023787238 ], [ 11.173737150380459, 46.300285381595749 ], [ 11.174225418642322, 46.300523597964549 ], [ 11.174489739746416, 46.300640071238583 ], [ 11.175051537116151, 46.300890385273163 ], [ 11.175838150414112, 46.301365920586065 ], [ 11.176517386986168, 46.301793994585516 ], [ 11.177005393826436, 46.302086204959139 ], [ 11.177195795602564, 46.302303081694703 ], [ 11.177634689517966, 46.302605225126101 ], [ 11.178208484903116, 46.303341303278685 ], [ 11.178228257636929, 46.303921436270855 ], [ 11.178280640704422, 46.304320944640061 ], [ 11.178182223802272, 46.304561324408283 ], [ 11.177955148917757, 46.304975158832498 ], [ 11.177824603020284, 46.305121648956671 ], [ 11.177812076473865, 46.30578789876089 ], [ 11.178185501574564, 46.306280290623882 ], [ 11.178443913682939, 46.306635371263155 ], [ 11.178593874797013, 46.30683501609105 ], [ 11.178975381163873, 46.307223749567584 ], [ 11.179683168516208, 46.308204769225249 ], [ 11.179750852884549, 46.30843748215311 ], [ 11.179885151881555, 46.308875927832737 ], [ 11.179976710650964, 46.309117185378739 ], [ 11.179980521824341, 46.309540119515745 ], [ 11.179942363235721, 46.310152857199299 ], [ 11.180252037795398, 46.310857961395847 ], [ 11.180377236298709, 46.311067076314714 ], [ 11.180633227373384, 46.311237695063447 ], [ 11.180832427714583, 46.311409396920446 ], [ 11.181247246627322, 46.311756986308104 ], [ 11.181702882494312, 46.312171296080415 ], [ 11.182102446991582, 46.312604674881506 ], [ 11.182194187978636, 46.312931428402301 ], [ 11.182386935221595, 46.313328254254174 ], [ 11.182923451292645, 46.313367508800745 ], [ 11.183170772174337, 46.313340284338089 ], [ 11.184047157013927, 46.313760046902978 ], [ 11.184255303499459, 46.314237576559329 ], [ 11.184416529640879, 46.31461700107743 ], [ 11.184466666216471, 46.314877046839939 ], [ 11.184717484619624, 46.315263758582958 ], [ 11.185165489366073, 46.315750201390053 ], [ 11.185737568285825, 46.316396272088859 ], [ 11.186185820632328, 46.316684703091504 ], [ 11.186482146310006, 46.316827536697289 ], [ 11.18699578124172, 46.317024712286276 ], [ 11.187483815474506, 46.317190875083298 ], [ 11.188013809267641, 46.31763523673937 ], [ 11.188379588625789, 46.317992739006115 ], [ 11.188233934066167, 46.318432034437812 ], [ 11.188079398374928, 46.318628496040525 ], [ 11.187800254402907, 46.318998345375583 ], [ 11.18753021217513, 46.319332019257111 ], [ 11.187841019336892, 46.320122581730296 ], [ 11.188666744536315, 46.320367775822987 ], [ 11.188981936491984, 46.320474241082131 ], [ 11.189486310416372, 46.320743583866502 ], [ 11.189775106890828, 46.32081905213559 ], [ 11.190131097494485, 46.321194736489261 ], [ 11.190414729669239, 46.321486305269637 ], [ 11.190467209729022, 46.321885805308384 ], [ 11.190568560531249, 46.322288868684232 ], [ 11.190511916640805, 46.322496957350715 ], [ 11.190382481605727, 46.322935944366641 ], [ 11.190286959667491, 46.323329280644508 ], [ 11.189714501990128, 46.324019759623511 ], [ 11.18958250136158, 46.324170790683482 ], [ 11.189255479245476, 46.324541560478181 ], [ 11.189042235883743, 46.324752647910181 ], [ 11.188863845622356, 46.325165570290018 ], [ 11.188675716713552, 46.325578678856978 ], [ 11.188716102652368, 46.326509418409806 ], [ 11.188807106837031, 46.326755179031217 ], [ 11.188916974476204, 46.326924077245607 ], [ 11.189074699031735, 46.327132559291911 ], [ 11.189291259327646, 46.32749291620943 ], [ 11.189581872110939, 46.327694351882577 ], [ 11.190160510390303, 46.328011769415681 ], [ 11.190666297901091, 46.328335080455176 ], [ 11.190914028424293, 46.328397832762107 ], [ 11.191418776317153, 46.328572658373155 ], [ 11.191732038935173, 46.328670152867836 ], [ 11.192278525456434, 46.328853174385756 ], [ 11.193145861629615, 46.329201039256105 ], [ 11.194030506697951, 46.32953506508175 ], [ 11.194569431582853, 46.329772221528465 ], [ 11.19484304921478, 46.3298929690324 ], [ 11.195297854347279, 46.330199238346538 ], [ 11.195902234013699, 46.330610633594333 ], [ 11.196549525034055, 46.331282204427112 ], [ 11.19690707621011, 46.331612836665109 ], [ 11.197056912314427, 46.331785458764621 ], [ 11.197364435958034, 46.332184552129917 ], [ 11.197647067457188, 46.332570623110598 ], [ 11.197938096448471, 46.332862030641813 ], [ 11.198419004249235, 46.333352287897696 ], [ 11.198744940008316, 46.333724022969953 ], [ 11.199043458056529, 46.333979283110409 ], [ 11.198757016175225, 46.334673302980022 ], [ 11.1989377025983, 46.334845329053046 ], [ 11.199068980490466, 46.33500030527339 ], [ 11.199233439638526, 46.335213143617644 ], [ 11.199314949136275, 46.33546357840239 ], [ 11.199494740606955, 46.335896624136602 ], [ 11.199780390321164, 46.336377132795747 ], [ 11.200026010687809, 46.336831410907571 ], [ 11.200272894466499, 46.337155162502981 ], [ 11.200517522972531, 46.337564458047851 ], [ 11.2006159918768, 46.33775156451707 ], [ 11.200860181708238, 46.338169867858483 ], [ 11.20127913000653, 46.338733306787745 ], [ 11.201598461398042, 46.339424664636105 ], [ 11.201769627743806, 46.339844372561714 ], [ 11.201842762483411, 46.340067966402962 ], [ 11.202114567728854, 46.340526235431568 ], [ 11.202259932238054, 46.340626935823792 ], [ 11.202810197952925, 46.341061837100085 ], [ 11.203088147569247, 46.34151098523445 ], [ 11.203015667350673, 46.341768885398977 ], [ 11.202996680543201, 46.342205756585997 ], [ 11.202991192399196, 46.342453365314327 ], [ 11.202952534177326, 46.342724113640891 ], [ 11.203144363499922, 46.34311192069206 ], [ 11.203273347786332, 46.343491938796085 ], [ 11.203341555932163, 46.343895628648923 ], [ 11.203289630329639, 46.344099132012602 ], [ 11.203278386685383, 46.344364851846166 ], [ 11.203200755158056, 46.344595851003916 ], [ 11.203022413250229, 46.345008793412745 ], [ 11.202920089023722, 46.345312269128449 ], [ 11.202774464956097, 46.345630079409737 ], [ 11.202656441818258, 46.345866356651669 ], [ 11.202630120025306, 46.346019865652877 ], [ 11.202602716896871, 46.346186895635675 ], [ 11.202510103590821, 46.346328181954021 ], [ 11.202342831899333, 46.346470906812584 ], [ 11.20217636186204, 46.346573115520556 ], [ 11.201757111591059, 46.346833195507664 ], [ 11.201461058402938, 46.347045900569377 ], [ 11.201355638997919, 46.347272933537219 ], [ 11.201218128605159, 46.347550084995753 ], [ 11.201146176238025, 46.347861974140685 ], [ 11.201099116712802, 46.348227384430636 ], [ 11.20114151736048, 46.348514571017503 ], [ 11.201242535736379, 46.348724127822436 ], [ 11.201292773945143, 46.348943662655024 ], [ 11.201402367505574, 46.349144054053781 ], [ 11.20128099501083, 46.349519895741317 ], [ 11.200958848613666, 46.349589100383625 ], [ 11.200662491666412, 46.34957230664471 ], [ 11.200175476812969, 46.349500681822128 ], [ 11.199646795243897, 46.349362356095916 ], [ 11.199242394211344, 46.34924413685404 ], [ 11.198947123852939, 46.34949732065288 ], [ 11.198628943622374, 46.349989446915671 ], [ 11.198340785015112, 46.350197491826442 ], [ 11.198037208071769, 46.350446332940265 ], [ 11.197488127689869, 46.35097439650621 ], [ 11.197275550720509, 46.351243986152305 ], [ 11.197152525045542, 46.351498353803102 ], [ 11.19689248883436, 46.351840855767342 ], [ 11.196662406878886, 46.352160281196625 ], [ 11.196691431086583, 46.352722229104941 ], [ 11.196058352708228, 46.352918896553085 ], [ 11.195416347009814, 46.353115731955533 ], [ 11.195003976775009, 46.353204652889389 ], [ 11.194550212624307, 46.353294367124128 ], [ 11.194303618990354, 46.353344102040708 ], [ 11.193835129405475, 46.353614097920442 ], [ 11.193441136645452, 46.353878162184166 ], [ 11.193097105338204, 46.35417276674162 ], [ 11.192792742487258, 46.354606110566571 ], [ 11.192688271663011, 46.354837617034619 ], [ 11.192623129144406, 46.355036868640688 ], [ 11.192583144719498, 46.355235637591413 ], [ 11.192609366374411, 46.355545637558272 ], [ 11.192703851457358, 46.355957828927757 ], [ 11.192795818785021, 46.356307067901952 ], [ 11.192864353185135, 46.356476754663618 ], [ 11.192972034203232, 46.35665019033862 ], [ 11.193089883808264, 46.357016932617704 ], [ 11.193292337747605, 46.357589053213296 ], [ 11.192581470083525, 46.357467690861675 ], [ 11.192111412305282, 46.357719709344352 ], [ 11.191842478343959, 46.358044369869503 ], [ 11.191811699753014, 46.358269962161664 ], [ 11.191789281242253, 46.358684395845572 ], [ 11.191650512610204, 46.358993059590532 ], [ 11.191453470123648, 46.359307340503022 ], [ 11.191639429640786, 46.359650278017632 ], [ 11.191838930078054, 46.359925454946605 ], [ 11.191954810153467, 46.36016173482686 ], [ 11.191973178735822, 46.360458385191876 ], [ 11.192040906423182, 46.36066858817437 ], [ 11.192067124660534, 46.360897587367411 ], [ 11.192168762857532, 46.36118364057144 ], [ 11.19228473724373, 46.361482918818439 ], [ 11.192427862321315, 46.361750175871208 ], [ 11.192510563092439, 46.362009591757378 ], [ 11.192611832933537, 46.362286651515475 ], [ 11.192805460691787, 46.362881442052412 ], [ 11.192838100893066, 46.363047317260758 ], [ 11.192824723793208, 46.363322076223817 ], [ 11.192867463336404, 46.363537258072306 ], [ 11.193010133184895, 46.36401602482735 ], [ 11.193085972203781, 46.364266571798588 ], [ 11.193245000094848, 46.364524522526438 ], [ 11.193402670953208, 46.364768998955803 ], [ 11.193535455260697, 46.364878951659179 ], [ 11.193791828831873, 46.365031532531809 ], [ 11.194041173900368, 46.365089746969986 ], [ 11.194311091733525, 46.365093565465436 ], [ 11.194617096842492, 46.365065190167279 ], [ 11.194961897962779, 46.364950568320445 ], [ 11.195539893013416, 46.364795465985999 ], [ 11.195942882061619, 46.364733723878906 ], [ 11.197394488801461, 46.364521324315966 ], [ 11.197739737676541, 46.364478686054575 ], [ 11.198424351076607, 46.364470020223138 ], [ 11.198779342212459, 46.364467691774671 ], [ 11.199612627603276, 46.364559659564463 ], [ 11.199934242742737, 46.364616470321735 ], [ 11.200719724711302, 46.364812850991875 ], [ 11.200959334849308, 46.364911738117058 ], [ 11.201257318674079, 46.364987000351881 ], [ 11.201530752101091, 46.365058234646533 ], [ 11.20177677761273, 46.365174996640675 ], [ 11.202147642830093, 46.365244352546689 ], [ 11.202352887134738, 46.365276398289872 ], [ 11.202682355812223, 46.365387050443076 ], [ 11.203018406977346, 46.365520074963122 ], [ 11.203281572541181, 46.365578002859905 ], [ 11.203559805248529, 46.365707640277904 ], [ 11.204026967010428, 46.366009135506481 ], [ 11.204561959538177, 46.366178819442204 ], [ 11.205018498295235, 46.366579516328699 ], [ 11.205164930761406, 46.366725192528534 ], [ 11.205260323444717, 46.366934853828013 ], [ 11.205334523109173, 46.36724392477015 ], [ 11.205251731914695, 46.367448023821559 ], [ 11.205027324904266, 46.36784835649766 ], [ 11.204753580060453, 46.368416141752689 ], [ 11.204355684445259, 46.368846819608542 ], [ 11.204190613677483, 46.369106505064131 ], [ 11.203885795391738, 46.369467885710975 ], [ 11.203711691731938, 46.369664744119866 ], [ 11.203406160809092, 46.370048637359801 ], [ 11.20315628103636, 46.3703819566907 ], [ 11.202141139776739, 46.370802022425529 ], [ 11.2016291279662, 46.370901886600464 ], [ 11.201067420090348, 46.37120070697442 ], [ 11.200753097493397, 46.371467761409569 ], [ 11.200058846206108, 46.371764628691594 ], [ 11.200428686546386, 46.372131012102457 ], [ 11.200741883713048, 46.372502984965344 ], [ 11.200906188450018, 46.372688822683699 ], [ 11.20119367033962, 46.373047789348419 ], [ 11.201718865451816, 46.37410418155892 ], [ 11.202106721881965, 46.375806721711228 ], [ 11.202445290196032, 46.376061200153799 ], [ 11.202823576943027, 46.376454413080339 ], [ 11.203242477908629, 46.376887342145658 ], [ 11.203589400721013, 46.37751065859829 ], [ 11.203630467530068, 46.37766286788419 ], [ 11.203744483771723, 46.3780521722651 ], [ 11.203802445351396, 46.378321056507538 ], [ 11.203793018960232, 46.378793741324557 ], [ 11.203816976641887, 46.379126281546711 ], [ 11.203724998196119, 46.379668058368729 ], [ 11.203980685546593, 46.380104131211581 ], [ 11.204483512752443, 46.380278935637385 ], [ 11.204789344747953, 46.380345037214326 ], [ 11.205456386780792, 46.380359168666097 ], [ 11.206308583818563, 46.380288721888519 ], [ 11.207026166244585, 46.380346868883379 ], [ 11.207339507608543, 46.380538819434868 ], [ 11.207487110125397, 46.380913971273394 ], [ 11.207404053900317, 46.381172076900178 ], [ 11.20715587711025, 46.381608872130521 ], [ 11.207104695575495, 46.382496365822135 ], [ 11.20702110735181, 46.382902982259544 ], [ 11.206880503970986, 46.383346699655149 ], [ 11.206714860319719, 46.383592899122753 ], [ 11.206483434844465, 46.383921368678699 ], [ 11.207414081185487, 46.384645903958535 ], [ 11.207264798003164, 46.385076289258237 ], [ 11.207066799926046, 46.38554811520514 ], [ 11.207024862854592, 46.38573792600959 ], [ 11.206891730703173, 46.386145498761806 ], [ 11.206700172507375, 46.386878201046827 ], [ 11.206476206374067, 46.387553028216438 ], [ 11.206697716766014, 46.387764753134974 ], [ 11.207061830092965, 46.388005224362765 ], [ 11.20797847837596, 46.388320522917461 ], [ 11.208868861585172, 46.388609321547364 ], [ 11.209437219555131, 46.388773837673384 ], [ 11.209669210337708, 46.388962854119654 ], [ 11.209974335568152, 46.389271956724855 ], [ 11.210023419237807, 46.389622009489592 ], [ 11.209509486161917, 46.39064445013728 ], [ 11.209416884210933, 46.391069242165671 ], [ 11.209302229941057, 46.39130995945186 ], [ 11.209415862587571, 46.391708264951859 ], [ 11.209506026053353, 46.392089023900397 ], [ 11.209828542396417, 46.392586791475033 ], [ 11.210140993890182, 46.392895751865694 ], [ 11.210346769368732, 46.392837772616389 ], [ 11.210801529364073, 46.392603976742336 ], [ 11.211438119951435, 46.392263160807872 ], [ 11.21177530950167, 46.392882139580585 ], [ 11.212137693967609, 46.393541129897898 ], [ 11.212359991065718, 46.394112830108504 ], [ 11.212515121951659, 46.394672329906044 ], [ 11.212852636463005, 46.395358799321023 ], [ 11.21270298678138, 46.396000699044421 ], [ 11.212768536623775, 46.396395431749667 ], [ 11.212916200058446, 46.396649074147334 ], [ 11.213394497752308, 46.39689631439964 ], [ 11.214030584358159, 46.39714499646076 ], [ 11.214559597050798, 46.397319249199604 ], [ 11.214682875135253, 46.397793862620702 ], [ 11.214524752241299, 46.398165927645273 ], [ 11.214276469794559, 46.398841240161062 ], [ 11.21381072132726, 46.400110266209424 ], [ 11.213579959893117, 46.400596236981059 ], [ 11.213387720501215, 46.40131096209879 ], [ 11.214188364140593, 46.401646456936106 ], [ 11.213832104725252, 46.402085358869378 ], [ 11.214343643050009, 46.402529951883224 ], [ 11.214476420727893, 46.402756880354758 ], [ 11.214714888024515, 46.403184261577692 ], [ 11.21501892193797, 46.40392537271866 ], [ 11.215026888266125, 46.404523720152213 ], [ 11.214983696728002, 46.404943058344102 ], [ 11.214933949918416, 46.405200523052862 ], [ 11.214776095560662, 46.405599582850613 ], [ 11.214568321058314, 46.406292110361633 ], [ 11.215004543219983, 46.406783159485691 ], [ 11.214583801943574, 46.407236812912167 ], [ 11.214079421027318, 46.407894585346476 ], [ 11.213077438834466, 46.409016491583451 ], [ 11.212638903880819, 46.409533482268621 ], [ 11.212209450923938, 46.409973795291833 ], [ 11.211803459360937, 46.410391152646426 ], [ 11.211107540608371, 46.411120117686067 ], [ 11.210660731190993, 46.411574260494376 ], [ 11.210297335226027, 46.411999788577965 ], [ 11.210239109148091, 46.412068414561041 ], [ 11.209452659751282, 46.413073620131982 ], [ 11.209543006250705, 46.413296874127504 ], [ 11.209583674361935, 46.413840588800291 ], [ 11.209697312671233, 46.414378392840703 ], [ 11.209723446879677, 46.414562387877282 ], [ 11.208342256210644, 46.415160580422572 ], [ 11.207920581916373, 46.415573726499218 ], [ 11.20769731788759, 46.415785038952009 ], [ 11.206992944906188, 46.416388141273124 ], [ 11.206935017063813, 46.416605259888016 ], [ 11.20752947088053, 46.416683781417284 ], [ 11.208074337446478, 46.416722757694025 ], [ 11.208818323472379, 46.416838883977633 ], [ 11.209270575043234, 46.417343144557229 ], [ 11.209632840146751, 46.417673642688428 ], [ 11.210007680488403, 46.418053396576227 ], [ 11.21102792347871, 46.418825667586887 ], [ 11.211202729967939, 46.419065286414124 ], [ 11.211560528917373, 46.419485864836801 ], [ 11.211619194286161, 46.419669229922945 ], [ 11.211621493192155, 46.420128185701969 ], [ 11.211657231491635, 46.420388494374535 ], [ 11.211470157927019, 46.420810613914192 ], [ 11.211225631662478, 46.4215218446016 ], [ 11.210766123060054, 46.422066232638976 ], [ 11.210437410864722, 46.422446089576063 ], [ 11.209460501613977, 46.423652976175411 ], [ 11.209141352683732, 46.424068644407804 ], [ 11.20900277511047, 46.424242322427062 ], [ 11.208657147861103, 46.424586500955293 ], [ 11.207594638237818, 46.425448525116579 ], [ 11.207405737997457, 46.425605172988178 ], [ 11.206946471121856, 46.425915540645605 ], [ 11.206623539077061, 46.426056774831466 ], [ 11.206461511354986, 46.426455902236135 ], [ 11.206395516268024, 46.426614675979565 ], [ 11.207026560424323, 46.427133493658431 ], [ 11.207451881261877, 46.427674280714228 ], [ 11.207653019017091, 46.428102396047947 ], [ 11.207670512076573, 46.428354058003208 ], [ 11.207680244901924, 46.428695869740551 ], [ 11.207728014517011, 46.429878446010584 ], [ 11.207986009598013, 46.430062462787269 ], [ 11.208521781548397, 46.430034112830299 ], [ 11.208919535816516, 46.429972427492736 ], [ 11.209480117381023, 46.429813093751434 ], [ 11.209761429399437, 46.429708656127751 ], [ 11.210819901146888, 46.429751189751059 ], [ 11.211044264953911, 46.43012934988748 ], [ 11.211295032714112, 46.430556498748004 ], [ 11.211288496336266, 46.430777124956812 ], [ 11.210984579964274, 46.431147503232793 ], [ 11.210253662268892, 46.432003137083186 ], [ 11.210601571965976, 46.432297909215414 ], [ 11.211115570140308, 46.432494967906244 ], [ 11.211486997482227, 46.43254628276209 ], [ 11.212090943115921, 46.432674096989118 ], [ 11.212879559430416, 46.432942333074486 ], [ 11.2136174074341, 46.433423046551617 ], [ 11.214106912081656, 46.433778065869078 ], [ 11.214322569960204, 46.433940388349775 ], [ 11.21473007554339, 46.434319493315414 ], [ 11.215658856367616, 46.434913494016008 ], [ 11.215752897379804, 46.435406670439086 ], [ 11.215846365021962, 46.435845857956863 ], [ 11.215897846412007, 46.436051859670819 ], [ 11.216007863585151, 46.436517726163395 ], [ 11.21608670194747, 46.437177696604344 ], [ 11.216353320659772, 46.437793526380126 ], [ 11.216420960327563, 46.437976714563668 ], [ 11.216794682530471, 46.438243967266175 ], [ 11.217283870390911, 46.438549479071533 ], [ 11.217395918166853, 46.439285304122855 ], [ 11.217382701910058, 46.439902059134013 ], [ 11.217419292899647, 46.440342348354704 ], [ 11.217427582074356, 46.440526687135524 ], [ 11.217521816475376, 46.440983858069977 ], [ 11.217765292736532, 46.441910632414618 ], [ 11.217961866661712, 46.442964315819346 ], [ 11.217620872731468, 46.443524429905693 ], [ 11.217404612091453, 46.443569124917509 ], [ 11.21679123832852, 46.443693520881091 ], [ 11.216717476174512, 46.444041450274597 ], [ 11.216581112081883, 46.444390593486588 ], [ 11.216390371202714, 46.444803790627702 ], [ 11.216293147246436, 46.445696672882235 ], [ 11.216093295472939, 46.44614604595737 ], [ 11.21599833830286, 46.446372886023916 ], [ 11.21588464172665, 46.446739588789988 ], [ 11.21597598233341, 46.448128313455065 ], [ 11.215977992952846, 46.448438773380794 ], [ 11.215925831542807, 46.448597283946668 ], [ 11.21585597850321, 46.448801137253518 ], [ 11.21551877245625, 46.449235171511994 ], [ 11.214913231580208, 46.449714904014435 ], [ 11.214267582771932, 46.450249409932397 ], [ 11.213538534607606, 46.45079452702403 ], [ 11.213161130905371, 46.451080833094579 ], [ 11.212451420795364, 46.451441069515063 ], [ 11.212022559844549, 46.451903866923857 ], [ 11.211856507775375, 46.452285078319278 ], [ 11.211830014809285, 46.452515089933044 ], [ 11.211961270544725, 46.452962548319398 ], [ 11.212039767701153, 46.453172528483229 ], [ 11.212057969233234, 46.453581674463734 ], [ 11.212085370574586, 46.453936642639832 ], [ 11.212384901716877, 46.454740842454235 ], [ 11.212355703725587, 46.454984406395155 ], [ 11.212339387797419, 46.455385220274799 ], [ 11.212695865380216, 46.455405320776194 ], [ 11.212966529568474, 46.455476581159061 ], [ 11.2132301424265, 46.455574977291263 ], [ 11.214151735289484, 46.456304127507956 ], [ 11.214376418487351, 46.456646273826145 ], [ 11.214641055482995, 46.457050645370963 ], [ 11.2148455287148, 46.457235683037474 ], [ 11.215032930962435, 46.457421051108227 ], [ 11.215584641001813, 46.457518359176049 ], [ 11.215860696953531, 46.457261009818289 ], [ 11.215888232854603, 46.456715978709866 ], [ 11.216108859708886, 46.456396703421895 ], [ 11.216252733765126, 46.456191415188897 ], [ 11.216469393891391, 46.456115214938485 ], [ 11.216831337476689, 46.456229696118548 ], [ 11.217291103363495, 46.456427778425223 ], [ 11.218510693811476, 46.457578611087854 ], [ 11.218785927111631, 46.457942267595698 ], [ 11.218889770569906, 46.45817425089502 ], [ 11.219080426863101, 46.458539548277173 ], [ 11.219406549707225, 46.459293713420102 ], [ 11.219585756164967, 46.459897730978412 ], [ 11.220018509335027, 46.460631823960199 ], [ 11.219744158203556, 46.461231148319982 ], [ 11.220025946743119, 46.462616168820084 ], [ 11.219803824645121, 46.463038979828085 ], [ 11.2198032820235, 46.463425988180681 ], [ 11.2200521088067, 46.464820648171219 ], [ 11.220147683147097, 46.465489288116849 ], [ 11.220201145831242, 46.466163245758359 ], [ 11.220128361761821, 46.467055653819514 ], [ 11.219950873173918, 46.467275099254721 ], [ 11.219518760003606, 46.467859485988456 ], [ 11.219197248673742, 46.468221225453405 ], [ 11.218615918341063, 46.468840005003202 ], [ 11.218183596160495, 46.469419890585257 ], [ 11.217794078222418, 46.469931444524541 ], [ 11.217649114375215, 46.470190754997112 ], [ 11.217536959975442, 46.470435928942116 ], [ 11.217408725486493, 46.471126911604479 ], [ 11.217770647955797, 46.471758886553388 ], [ 11.217990026991366, 46.472389126000479 ], [ 11.217998799236961, 46.472825452703134 ], [ 11.217789361677662, 46.473441511542738 ], [ 11.2173483472379, 46.474089061611799 ], [ 11.216888876695531, 46.474723467895998 ], [ 11.216390345427238, 46.475358629546825 ], [ 11.215465652882203, 46.476146047351129 ], [ 11.215167426496299, 46.476601822897649 ], [ 11.215032558703797, 46.476829434352517 ], [ 11.214758841742198, 46.47778872987827 ], [ 11.214329833112853, 46.477630541626354 ], [ 11.213799259184466, 46.477316819845136 ], [ 11.213307742836177, 46.47700233943165 ], [ 11.213061376344603, 46.476890109850075 ], [ 11.212922585560577, 46.476820797083739 ], [ 11.212594351141705, 46.477079148260394 ], [ 11.211922097141665, 46.47770865224544 ], [ 11.211529728687143, 46.477891741793854 ], [ 11.211584311441204, 46.478093184241338 ], [ 11.21155197752884, 46.478480806581551 ], [ 11.211848313979896, 46.479042068903134 ], [ 11.212381908267227, 46.479711238263548 ], [ 11.212697653340683, 46.480128123918632 ], [ 11.212818217465445, 46.480310288788075 ], [ 11.212902169378715, 46.480713660356606 ], [ 11.212621706037947, 46.481146585215299 ], [ 11.211911517491915, 46.481524825033375 ], [ 11.210981830696554, 46.481650807909276 ], [ 11.210922127935467, 46.481804961204716 ], [ 11.211076681100158, 46.481981970571326 ], [ 11.211574844384559, 46.482318831629065 ], [ 11.211793757136467, 46.482998590509368 ], [ 11.211518039959495, 46.483629418873527 ], [ 11.210993421023854, 46.484247060665375 ], [ 11.210233427541651, 46.485125748388391 ], [ 11.209593142294569, 46.485763619525329 ], [ 11.209046640777894, 46.486224176523159 ], [ 11.208282393034699, 46.486918434867491 ], [ 11.208435447493446, 46.48754097234103 ], [ 11.209075237230488, 46.487875108150021 ], [ 11.20931199665263, 46.488050531268364 ], [ 11.209481950993911, 46.488285744452298 ], [ 11.209928497190003, 46.488794608353395 ], [ 11.20998029593652, 46.489972595392267 ], [ 11.21018952241171, 46.491719033005126 ], [ 11.210201505737576, 46.492456793744729 ], [ 11.210168648577822, 46.492911924239316 ], [ 11.209809400830732, 46.493553362127528 ], [ 11.209026138980031, 46.49480598607051 ], [ 11.208526156844121, 46.495391639542596 ], [ 11.208092605740408, 46.495607011749136 ], [ 11.207496078924418, 46.495699530659621 ], [ 11.206303782398432, 46.496105042081368 ], [ 11.205810465980976, 46.496393558135047 ], [ 11.205534506540031, 46.496538380626625 ], [ 11.20498259202272, 46.496868523054985 ], [ 11.203982152661116, 46.49730630921713 ], [ 11.203050834679827, 46.498003751645847 ], [ 11.202631468082224, 46.498349328128057 ], [ 11.202504070986341, 46.498522780540036 ], [ 11.202076880276705, 46.499723495718705 ], [ 11.200226696673329, 46.500704106346198 ], [ 11.199392310831366, 46.501323153814624 ], [ 11.198171491914557, 46.502359120679579 ], [ 11.197469899096397, 46.502858602027153 ], [ 11.197074418189608, 46.503172199005199 ], [ 11.196142476777419, 46.504040593972569 ], [ 11.195510418883194, 46.503152744760783 ], [ 11.19522740518118, 46.502780183994908 ], [ 11.194543912052652, 46.501483821951005 ], [ 11.194071817060619, 46.501249885910838 ], [ 11.19357675872932, 46.501376384112277 ], [ 11.193460999095079, 46.501576602674675 ], [ 11.193240151257962, 46.502363829914778 ], [ 11.193292332630344, 46.502952321526195 ], [ 11.193220080536125, 46.503646698902628 ], [ 11.193171604708525, 46.503899625648636 ], [ 11.193055017793531, 46.504018860607218 ], [ 11.192783062001205, 46.504123075705401 ], [ 11.19166393058202, 46.503559542244453 ], [ 11.190865548798115, 46.504672830358771 ], [ 11.190323281494468, 46.505997203449617 ], [ 11.189968518666696, 46.506615991448818 ], [ 11.18982938943704, 46.507005651271569 ], [ 11.189812919316317, 46.507163464649501 ], [ 11.188755615851806, 46.507795702736672 ], [ 11.187772546473148, 46.508512009280814 ], [ 11.18683268492388, 46.509249980485627 ], [ 11.186080977385808, 46.509682850482569 ], [ 11.186009538951565, 46.509526718586194 ], [ 11.185753705004615, 46.509140115263129 ], [ 11.185605406631518, 46.508814454819706 ], [ 11.185433135305866, 46.508480252543393 ], [ 11.185258710227828, 46.508132591343589 ], [ 11.185153009308834, 46.507833115707541 ], [ 11.185011788737167, 46.507399320620046 ], [ 11.184954840647244, 46.507157412235919 ], [ 11.184797797087795, 46.50675541881823 ], [ 11.184649517443528, 46.506389257221471 ], [ 11.184443990880313, 46.505956690119987 ], [ 11.184287122336441, 46.505640191468181 ], [ 11.184080574952567, 46.505446140036213 ], [ 11.183693460111405, 46.504913541718878 ], [ 11.1833546372679, 46.504528517892183 ], [ 11.183007211633084, 46.504193156664776 ], [ 11.182743702473099, 46.503959690939453 ], [ 11.182446015840426, 46.503686377554097 ], [ 11.182293009776103, 46.503567799793011 ], [ 11.182156824060696, 46.503462400607717 ], [ 11.181744850807947, 46.503060768368066 ], [ 11.181538230165598, 46.502844213987075 ], [ 11.181249792353851, 46.502516721675214 ], [ 11.180902484689177, 46.502203851454112 ], [ 11.180524167909311, 46.501828572398473 ], [ 11.180283730314667, 46.50162166057865 ], [ 11.180100823884914, 46.50142715104446 ], [ 11.1798697190161, 46.501188560782992 ], [ 11.179697289033543, 46.501011850615122 ], [ 11.179590897757926, 46.500815881448254 ], [ 11.179541721442403, 46.500726820088509 ], [ 11.179420758669169, 46.500553628261677 ], [ 11.179394292032345, 46.500401134716299 ], [ 11.17922629157065, 46.500273838763157 ], [ 11.179024398246638, 46.500093189222397 ], [ 11.178706217227566, 46.499815756671325 ], [ 11.178447341438661, 46.499676691476445 ], [ 11.178206719653945, 46.499546277803596 ], [ 11.177963226795899, 46.499384418711216 ], [ 11.177473660295776, 46.499200246379644 ], [ 11.177222186698268, 46.499083537144813 ], [ 11.176798547218143, 46.498938605906467 ], [ 11.176191156001705, 46.498720671844289 ], [ 11.175603354266343, 46.498646359985585 ], [ 11.174989266346619, 46.498505046019794 ], [ 11.174641296995771, 46.49843966619602 ], [ 11.174003113575155, 46.498388804130876 ], [ 11.17319963769474, 46.498318580856562 ], [ 11.172901402215194, 46.498274750080896 ], [ 11.172097394334806, 46.498150529844352 ], [ 11.171525432575578, 46.498084895961917 ], [ 11.171134609251338, 46.498006819585207 ], [ 11.170537966102932, 46.497914649806376 ], [ 11.170249039170301, 46.497879635273598 ], [ 11.16962466914921, 46.497724987843107 ], [ 11.169218825082547, 46.497678689572851 ], [ 11.168640630858915, 46.497599659677959 ], [ 11.168035591521118, 46.497480636440947 ], [ 11.167718152517709, 46.49734265748787 ], [ 11.167210147975695, 46.49704179226643 ], [ 11.166617947527312, 46.496774020007486 ], [ 11.166068075085871, 46.496505442736229 ], [ 11.165633738873607, 46.496315673347233 ], [ 11.165075915527593, 46.496051741851034 ], [ 11.164834997012031, 46.495912305759269 ], [ 11.164632882266407, 46.495745134807088 ], [ 11.164440450208334, 46.495555280462931 ], [ 11.164154809070448, 46.495335690608115 ], [ 11.163871261483607, 46.495107060522606 ], [ 11.1637807273421, 46.494631779880805 ], [ 11.163716422661889, 46.494304500920023 ], [ 11.163340597963371, 46.49398761695192 ], [ 11.163105405911409, 46.49380756932829 ], [ 11.162953762993281, 46.493639440425582 ], [ 11.162769411502905, 46.493426930627173 ], [ 11.162608847726018, 46.493218470508701 ], [ 11.162422181067601, 46.492947504640057 ], [ 11.162128564075244, 46.492629061719477 ], [ 11.162074896002586, 46.492405079362129 ], [ 11.161988591309825, 46.492159214421861 ], [ 11.16182414667114, 46.491770828704908 ], [ 11.161780781359919, 46.491560151207658 ], [ 11.161607441885998, 46.491090934295499 ], [ 11.161513181723533, 46.49084971931773 ], [ 11.161232449206397, 46.490342032636796 ], [ 11.161018785349343, 46.489882576940843 ], [ 11.160865580871826, 46.489633475655467 ], [ 11.160714515539327, 46.489438333104196 ], [ 11.160452693339145, 46.489222783655968 ], [ 11.160269850450868, 46.489109240077028 ], [ 11.160019814182419, 46.48900596563243 ], [ 11.159612916066576, 46.488869654259382 ], [ 11.159163811774832, 46.4887161387554 ], [ 11.158691872643026, 46.488644051718666 ], [ 11.158136573756536, 46.488564536444109 ], [ 11.157870419896717, 46.48850656102892 ], [ 11.157579702132244, 46.488404049087031 ], [ 11.157263887762658, 46.488243510637588 ], [ 11.156804017331909, 46.487982190253462 ], [ 11.156471576789166, 46.487812963371525 ], [ 11.156171305573963, 46.487674628459274 ], [ 11.155680466103496, 46.487494886685191 ], [ 11.155082213726416, 46.487317167611991 ], [ 11.154550596381007, 46.487156189445123 ], [ 11.154193438422663, 46.487041421128303 ], [ 11.153677953354975, 46.486835135444132 ], [ 11.153153404133258, 46.486647017937948 ], [ 11.152562449547165, 46.486406148952838 ], [ 11.151915859653604, 46.486220323508689 ], [ 11.151315748638263, 46.486015620014236 ], [ 11.150984657362526, 46.485900351162904 ], [ 11.150734896424964, 46.485824050916172 ], [ 11.150395172370805, 46.48575844219615 ], [ 11.149791700009592, 46.485715792082736 ], [ 11.149178174897097, 46.485686827606862 ], [ 11.148520396100018, 46.485919688513206 ], [ 11.147919896645734, 46.486097470109328 ], [ 11.147646621615239, 46.486147603438582 ], [ 11.14701289332125, 46.486267505131678 ], [ 11.146667264055559, 46.486341494615424 ], [ 11.146196959715979, 46.48641332363092 ], [ 11.145636780735316, 46.486581336370499 ], [ 11.145338055503553, 46.486667941380148 ], [ 11.145272388808719, 46.486696173278006 ], [ 11.145215779706058, 46.486706235393058 ], [ 11.145151386722445, 46.486725443426423 ], [ 11.145027101588136, 46.486691775780336 ], [ 11.144912922277035, 46.486666918296713 ], [ 11.144733048562207, 46.486607293542896 ], [ 11.144607313234147, 46.486578152592926 ], [ 11.144543763788668, 46.486556844933801 ], [ 11.14441865913178, 46.486523191998813 ], [ 11.144295535671976, 46.486498501662808 ], [ 11.144232983464088, 46.486481675074359 ], [ 11.14410787916102, 46.486448021792633 ], [ 11.143989461760238, 46.486418742921146 ], [ 11.143804530601125, 46.486354711601756 ], [ 11.143678796320156, 46.486325569610941 ], [ 11.143497007381976, 46.486279478665772 ], [ 11.143332137277946, 46.486228570301158 ], [ 11.143183088546468, 46.486186365005743 ], [ 11.143083205191731, 46.486152237805527 ], [ 11.142892119294896, 46.486097320276713 ], [ 11.142767836913466, 46.486063650122716 ], [ 11.142587147182038, 46.486004037286413 ], [ 11.142465943553812, 46.48596580915811 ], [ 11.142278921112661, 46.485910814455735 ], [ 11.141985065944294, 46.485830821389733 ], [ 11.141855712658757, 46.485792745303037 ], [ 11.14167259006576, 46.485733176599446 ], [ 11.141486212900574, 46.485673668564687 ], [ 11.141376226586624, 46.485630729218393 ], [ 11.141250305656337, 46.485597088105081 ], [ 11.14107730222673, 46.485546328818693 ], [ 11.140882158192355, 46.485491483929437 ], [ 11.140762571303524, 46.485453223720043 ], [ 11.14058143138813, 46.485402616038016 ], [ 11.140455171571947, 46.485359980498735 ], [ 11.140340820554078, 46.485330621715946 ], [ 11.140145501573112, 46.485271278896768 ], [ 11.139958836556968, 46.485225273603056 ], [ 11.139842342433701, 46.485182454593108 ], [ 11.139546399612861, 46.485111494228022 ], [ 11.139427811059225, 46.485077713886724 ], [ 11.139342755537994, 46.485047805887618 ], [ 11.139216497472935, 46.485005168947346 ], [ 11.139045477846944, 46.48496336936153 ], [ 11.138907184041043, 46.484925457214402 ], [ 11.138788596268411, 46.484891676195438 ], [ 11.138430562389971, 46.48479487481778 ], [ 11.13830872026543, 46.484761154172112 ], [ 11.138182992411249, 46.484732006016657 ], [ 11.138087644598155, 46.484688789730292 ], [ 11.138022350384151, 46.484622511598054 ], [ 11.137940884077171, 46.48453853606037 ], [ 11.137929987995557, 46.484489240393437 ], [ 11.137916874853124, 46.484403986601272 ], [ 11.137887032549086, 46.484328045535634 ], [ 11.137872705447291, 46.484274314073204 ], [ 11.137861998735458, 46.484229514804838 ], [ 11.13784023938334, 46.484193922109455 ], [ 11.137720772761337, 46.484137656676026 ], [ 11.137664030104959, 46.484102718071533 ], [ 11.137565720551633, 46.484046056882036 ], [ 11.137457015569412, 46.4839940899098 ], [ 11.137318693388957, 46.483893177097116 ], [ 11.137223463260327, 46.48383195809506 ], [ 11.137170898858782, 46.483778941343964 ], [ 11.137242487005453, 46.483714603809695 ], [ 11.137263384968533, 46.483520715359411 ], [ 11.13732213943223, 46.483357618822211 ], [ 11.137276261247152, 46.483308977066734 ], [ 11.137189479694335, 46.483297099524819 ], [ 11.137064460421625, 46.483285936687082 ], [ 11.13694513063947, 46.483274667367141 ], [ 11.136874623355514, 46.483262485393055 ], [ 11.136767960712863, 46.483241979229255 ], [ 11.136658674394127, 46.483217022051576 ], [ 11.13656014898223, 46.48319636361623 ], [ 11.136441566374684, 46.483162580064672 ], [ 11.136361410690762, 46.483132578281023 ], [ 11.136111681893711, 46.483056245487965 ], [ 11.135998626229107, 46.483017858261199 ], [ 11.135920261442031, 46.482992322656834 ], [ 11.135716174265411, 46.482937636028026 ], [ 11.13561945313114, 46.48292144302507 ], [ 11.135532041348412, 46.482914075946269 ], [ 11.135302620390283, 46.482877861586132 ], [ 11.135223448922986, 46.482852340570659 ], [ 11.134929079148877, 46.4827588391299 ], [ 11.134756618248058, 46.482721559990217 ], [ 11.134566784011703, 46.482698104811291 ], [ 11.134431533810044, 46.482696130010503 ], [ 11.134296751973634, 46.482685146408862 ], [ 11.134097037056479, 46.482679874700018 ], [ 11.133965686011768, 46.482673326614901 ], [ 11.133806832048633, 46.482671791648748 ], [ 11.133684893702563, 46.482656067663669 ], [ 11.13357423047148, 46.482658132925494 ], [ 11.133431019213145, 46.48266080545843 ], [ 11.133357786175456, 46.48266217202535 ], [ 11.133228121604091, 46.482678091364228 ], [ 11.133104966560481, 46.482693889101263 ], [ 11.132844816807738, 46.482725742366092 ], [ 11.132728815563141, 46.482736906289382 ], [ 11.13258839018374, 46.482748525692131 ], [ 11.132341200465495, 46.482757636317587 ], [ 11.132234787708757, 46.482764120952503 ], [ 11.13213859505464, 46.482761414992297 ], [ 11.132073603072852, 46.482744627250952 ], [ 11.1319676918373, 46.48270160285454 ], [ 11.131775925823918, 46.482628679633727 ], [ 11.131662626906483, 46.482563292966653 ], [ 11.131586829721622, 46.482519706725675 ], [ 11.131508585051794, 46.482476166065311 ], [ 11.131408130247809, 46.482406039730485 ], [ 11.131334416708183, 46.482353414579386 ], [ 11.131271626197186, 46.482309585651166 ], [ 11.131207150264729, 46.482243288365147 ], [ 11.131144946421648, 46.482172448740279 ], [ 11.131110290744415, 46.482119095365285 ], [ 11.131055859771724, 46.482039110903287 ], [ 11.130992953773287, 46.481950284488356 ], [ 11.130953122982572, 46.481910527371632 ], [ 11.130895684353394, 46.481857598583311 ], [ 11.130802736825107, 46.481791831735713 ], [ 11.130745076100505, 46.481774906599554 ], [ 11.130632307041999, 46.481723008878276 ], [ 11.130514889516116, 46.481698197363393 ], [ 11.130436248704312, 46.481686162989462 ], [ 11.130378939390599, 46.481678231017455 ], [ 11.130316690214514, 46.481647891321209 ], [ 11.13021955092603, 46.481600201901088 ], [ 11.130141308659585, 46.481556660257645 ], [ 11.130081669868535, 46.481530771745014 ], [ 11.129998616341851, 46.481509819388393 ], [ 11.129940487075793, 46.481501902473092 ], [ 11.129842564350986, 46.481517226609498 ], [ 11.129752309314458, 46.481541407720499 ], [ 11.12969949373033, 46.481627890615961 ], [ 11.129669052692114, 46.481682457056465 ], [ 11.129611192197519, 46.48176453393652 ], [ 11.129540123940783, 46.48184235685676 ], [ 11.129506076815446, 46.481887990524726 ], [ 11.129434025549802, 46.481961331738674 ], [ 11.129375519728475, 46.482047920462769 ], [ 11.129293024259916, 46.482166455593337 ], [ 11.129240207369785, 46.482252938290188 ], [ 11.129215292428627, 46.482302901735999 ], [ 11.129178797150683, 46.482348580896478 ], [ 11.129162299789911, 46.482384887719782 ], [ 11.129146935078296, 46.482533672144193 ], [ 11.12914683926272, 46.482614672989584 ], [ 11.129149200457624, 46.482758627344353 ], [ 11.129129400229264, 46.482835495199801 ], [ 11.129098431491871, 46.482876571460615 ], [ 11.129060251078904, 46.482899782222496 ], [ 11.128996676747864, 46.482918965912596 ], [ 11.12887357695578, 46.482957257792584 ], [ 11.128749318850438, 46.482986571212038 ], [ 11.128680392765189, 46.483014854269129 ], [ 11.128570605719901, 46.483039398105042 ], [ 11.128444895280927, 46.483073238179678 ], [ 11.128370735788204, 46.483092618585481 ], [ 11.128283100546893, 46.483121249699785 ], [ 11.128180875320389, 46.483172652074451 ], [ 11.128134263230272, 46.483209519320681 ], [ 11.128041872103232, 46.48328323824893 ], [ 11.127887050442618, 46.483385118775558 ], [ 11.127801624824949, 46.483449707968113 ], [ 11.127751721479296, 46.483527135833896 ], [ 11.127712789534788, 46.483572859862825 ], [ 11.127644163926744, 46.483650636113488 ], [ 11.127533526386808, 46.483778693551471 ], [ 11.127478200914785, 46.483842722353714 ], [ 11.127406144387567, 46.483916062355178 ], [ 11.127360702099107, 46.483961907405025 ], [ 11.127276621261471, 46.484039971012997 ], [ 11.127168535608472, 46.484149980818358 ], [ 11.127096934802534, 46.484214312247971 ], [ 11.127008427386256, 46.484283458119336 ], [ 11.126969669622966, 46.484333678593387 ], [ 11.126910456126817, 46.484402279392867 ], [ 11.12684833820366, 46.484479934084611 ], [ 11.126813655326409, 46.484530078697901 ], [ 11.126751537124383, 46.484607733340177 ], [ 11.126674953453033, 46.484753156219554 ], [ 11.126614581308583, 46.484812778520691 ], [ 11.126527699797453, 46.48488189376689 ], [ 11.126481260440121, 46.484923257057346 ], [ 11.126401358169131, 46.484983242500569 ], [ 11.126367587889687, 46.485015370216708 ], [ 11.126345748798117, 46.485060775855494 ], [ 11.126328147147202, 46.485110602625163 ], [ 11.126317512064196, 46.485151299933044 ], [ 11.126310495517377, 46.485200929831876 ], [ 11.126334638878086, 46.485339979113917 ], [ 11.126344948940266, 46.485416286434074 ], [ 11.126337869452756, 46.485506417012033 ], [ 11.126339622314244, 46.485551383865179 ], [ 11.126328179927606, 46.485592096185954 ], [ 11.126295123392534, 46.485642210383602 ], [ 11.126227945454234, 46.485715458881373 ], [ 11.126181505177724, 46.485756822060111 ], [ 11.126119679179476, 46.485820971070531 ], [ 11.12608150141897, 46.485907180002805 ], [ 11.126051054489256, 46.48596174554249 ], [ 11.126003756474056, 46.486043624102521 ], [ 11.125969948163664, 46.486116251906203 ], [ 11.125953854140633, 46.486184050353607 ], [ 11.125926261248445, 46.486270062399555 ], [ 11.12593121865207, 46.486355469167769 ], [ 11.125923907138271, 46.486418604352004 ], [ 11.125891901284046, 46.486495698555814 ], [ 11.125835469440615, 46.486573246934135 ], [ 11.125807926470083, 46.486618758516414 ], [ 11.125763582434931, 46.486651082651107 ], [ 11.125719238347278, 46.486683406769259 ], [ 11.125622882166246, 46.486739197630762 ], [ 11.12555022483747, 46.486776548032886 ], [ 11.125431714883742, 46.486828250661482 ], [ 11.125330406744382, 46.486861633612442 ], [ 11.12526229426466, 46.486889899453679 ], [ 11.125199521179338, 46.486909066113583 ], [ 11.124952665904484, 46.486990153599187 ], [ 11.124876065014572, 46.487009577089772 ], [ 11.124772252812718, 46.487020506362846 ], [ 11.124671400840322, 46.487044880360948 ], [ 11.124591544684529, 46.487064364156126 ], [ 11.124482097858353, 46.48709789759517 ], [ 11.124405552040981, 46.487139819466044 ], [ 11.124324298599815, 46.487186328701426 ], [ 11.124248734923178, 46.487232732161104 ], [ 11.12417894237737, 46.487301528063952 ], [ 11.124140179927567, 46.487351747633468 ], [ 11.124085141887065, 46.487402269572293 ], [ 11.124016613242334, 46.487462042004211 ], [ 11.123982646603528, 46.487656170617392 ], [ 11.12403417199725, 46.48780821145057 ], [ 11.124006156843922, 46.487862731245386 ], [ 11.124089986747249, 46.487924173018854 ], [ 11.124134930293801, 46.487990837160645 ], [ 11.124154477982552, 46.488053473184451 ], [ 11.124155759147934, 46.488107448701115 ], [ 11.124145715626062, 46.488184134339612 ], [ 11.124140956538264, 46.488229222192707 ], [ 11.124119464625045, 46.488283620814173 ], [ 11.124056988216649, 46.488352280701207 ], [ 11.124008216059213, 46.488375686523483 ], [ 11.123733194311486, 46.488632792392963 ], [ 11.123499877668831, 46.489082620508746 ], [ 11.123278490322347, 46.489253230140442 ], [ 11.122962490707343, 46.489587594144567 ], [ 11.122790521215506, 46.489793284698656 ], [ 11.122433071997687, 46.490150916512867 ], [ 11.12208083644682, 46.490454451112285 ], [ 11.121411295858721, 46.490493876271742 ], [ 11.120669155444808, 46.49053014422892 ], [ 11.12036397728745, 46.490598803695356 ], [ 11.120216505311918, 46.49072303704569 ], [ 11.119956049258423, 46.490957363852999 ], [ 11.119488109995286, 46.49121803636654 ], [ 11.119365575283872, 46.491292306954122 ], [ 11.118662772031072, 46.491251333649124 ], [ 11.118336201775845, 46.491545381108004 ], [ 11.118140831185297, 46.491715498620749 ], [ 11.11794412814773, 46.491872140656817 ], [ 11.117690323140788, 46.491984840648584 ], [ 11.117394318898903, 46.492080321856392 ], [ 11.117082045434978, 46.492239102710833 ], [ 11.116926370593756, 46.49234098395965 ], [ 11.116739947134763, 46.492573932526042 ], [ 11.116519746032793, 46.492776006515392 ], [ 11.116293967987508, 46.493212180117446 ], [ 11.116151084307266, 46.493601819578544 ], [ 11.115955053718476, 46.493776445428601 ], [ 11.115530097691099, 46.494117304904613 ], [ 11.115334709242209, 46.494287417849741 ], [ 11.115096015720395, 46.49445383166433 ], [ 11.114834990452472, 46.494611658184489 ], [ 11.114662329365622, 46.494695850745529 ], [ 11.114410834212139, 46.495015497755425 ], [ 11.114161130882261, 46.495402610109949 ], [ 11.113599884819973, 46.495547985217272 ], [ 11.112986907488006, 46.495514316174848 ], [ 11.112680531520178, 46.495510978147799 ], [ 11.112186026749121, 46.495529114764651 ], [ 11.112048403584215, 46.495698154831864 ], [ 11.111534281499845, 46.496198144176056 ], [ 11.1114405399486, 46.496595869765329 ], [ 11.111296394532598, 46.49695402662956 ], [ 11.111175515910478, 46.497113756511659 ], [ 11.110963526424749, 46.497297668209107 ], [ 11.110741320324086, 46.497427768902497 ], [ 11.110161512671452, 46.497325973277519 ], [ 11.109481550785308, 46.497203522992216 ], [ 11.109148896473558, 46.497047662539586 ], [ 11.108723470161069, 46.496830513154443 ], [ 11.108424545345395, 46.496683028348968 ], [ 11.107881761076552, 46.49640054098694 ], [ 11.107608002203431, 46.496293089481796 ], [ 11.10698516065203, 46.49608857252953 ], [ 11.106327557184436, 46.495848693127591 ], [ 11.105555539116452, 46.495619916967996 ], [ 11.105241778314946, 46.495657194409723 ], [ 11.104588610109612, 46.495700719260682 ], [ 11.104266582678731, 46.495756145932731 ], [ 11.104049707042757, 46.496151631675758 ], [ 11.10400212151818, 46.496332504779318 ], [ 11.104049600642719, 46.496718625398316 ], [ 11.10402960298412, 46.497002489279474 ], [ 11.103797350529613, 46.497506255847455 ], [ 11.103177883667064, 46.497558152306361 ], [ 11.102812485797521, 46.497524373978486 ], [ 11.102571407388483, 46.497461308694675 ], [ 11.102255628799552, 46.49734111732942 ], [ 11.101881256833789, 46.497159003220773 ], [ 11.101273018875577, 46.497417679869557 ], [ 11.100691086008599, 46.497725369206982 ], [ 11.100132642883638, 46.498050623810151 ], [ 11.099919076986879, 46.498131045414091 ], [ 11.09958102792311, 46.498236252350011 ], [ 11.099300716408589, 46.498317898485858 ], [ 11.098452687969925, 46.498526963494335 ], [ 11.098041652805149, 46.498683004680807 ], [ 11.097581520264237, 46.49893894365588 ], [ 11.097089228935802, 46.499163971101808 ], [ 11.09681814327134, 46.499294941145337 ], [ 11.096308629728256, 46.499538280778324 ], [ 11.095529804754268, 46.499980051526087 ], [ 11.095342399563101, 46.500190483031297 ], [ 11.095074329129222, 46.500442891766518 ], [ 11.094867949222229, 46.500541171910612 ], [ 11.094264743557375, 46.500678220663062 ], [ 11.093992421455962, 46.500777707082371 ], [ 11.093767785050177, 46.500867319732933 ], [ 11.093486643459158, 46.500948966730988 ], [ 11.093155192904254, 46.501036034011427 ], [ 11.092452637157807, 46.501237890999455 ], [ 11.091946677319495, 46.501404647200232 ], [ 11.091342213263735, 46.501573203002231 ], [ 11.090778963107638, 46.501754501720647 ], [ 11.090438824185123, 46.501891219192288 ], [ 11.089950938831038, 46.502147634617749 ], [ 11.089570457961827, 46.502379585408399 ], [ 11.089230062642502, 46.5025523033677 ], [ 11.088872517509882, 46.50285133161848 ], [ 11.088509091477793, 46.503145966227393 ], [ 11.088460040626314, 46.503205361281218 ], [ 11.088250546914393, 46.503456683803499 ], [ 11.088216829779665, 46.503682295997699 ], [ 11.08819069155207, 46.50410576654518 ], [ 11.088098378973196, 46.504417947463637 ], [ 11.088097911833824, 46.504660952038222 ], [ 11.088078564063466, 46.505453292429053 ], [ 11.088135554041555, 46.505920243905599 ], [ 11.088167092745469, 46.506126664478018 ], [ 11.088181063089756, 46.506576401875876 ], [ 11.088197411956784, 46.506918097598607 ], [ 11.088251807862612, 46.507934087097617 ], [ 11.088315963845819, 46.50839640750781 ], [ 11.088323716961829, 46.508598762479188 ], [ 11.088405599796721, 46.509056259088602 ], [ 11.088501781692953, 46.509801489505911 ], [ 11.08857397013719, 46.510367161147208 ], [ 11.088713020659398, 46.510828113039956 ], [ 11.088671309572074, 46.511121369980863 ], [ 11.088560673531449, 46.511550883626221 ], [ 11.088461184390141, 46.512016192896596 ], [ 11.088443764865541, 46.512327005668517 ], [ 11.088061630256862, 46.512815476646601 ], [ 11.087904443707709, 46.513029843454468 ], [ 11.087754667984301, 46.513203575429792 ], [ 11.087629411073992, 46.513421858727483 ], [ 11.087313242390827, 46.513846123736165 ], [ 11.087138933605244, 46.514123800908806 ], [ 11.086972845801645, 46.514446326941105 ], [ 11.086690133866945, 46.514829480174178 ], [ 11.086656842752758, 46.5151090827489 ], [ 11.086530534955774, 46.515534380216366 ], [ 11.086488569342894, 46.515715142797667 ], [ 11.086362233288336, 46.516203439409324 ], [ 11.08632863429292, 46.516411048750683 ], [ 11.086135319277625, 46.517193061877599 ], [ 11.086126068351589, 46.517526224570773 ], [ 11.086017769118316, 46.517762196195477 ], [ 11.086041854343328, 46.517986752633455 ], [ 11.086140666126299, 46.518205445737898 ], [ 11.086180639817245, 46.518398212819221 ], [ 11.086304331545355, 46.51867045081238 ], [ 11.086492901936335, 46.518977504067358 ], [ 11.086581689642982, 46.519614871905084 ], [ 11.086597214426943, 46.519956582205765 ], [ 11.086530345761949, 46.520380794588483 ], [ 11.086479294330902, 46.520579722493835 ], [ 11.086395251695937, 46.521044747387322 ], [ 11.086270637096407, 46.521429514023509 ], [ 11.08606202012057, 46.521748314412264 ], [ 11.085836505838033, 46.522094422141215 ], [ 11.085736605258017, 46.522379739157131 ], [ 11.085562196790908, 46.522783412905866 ], [ 11.085445265591034, 46.523028541052319 ], [ 11.085294462213216, 46.523431783802188 ], [ 11.085128071304052, 46.523938808586486 ], [ 11.084993206008788, 46.524332760392902 ], [ 11.084850459742261, 46.524776354751147 ], [ 11.084659697783623, 46.525157825577331 ], [ 11.084567545876636, 46.52541150075654 ], [ 11.084343012381687, 46.525847585649707 ], [ 11.084275872508607, 46.526073805133159 ], [ 11.084009463116899, 46.526501652841247 ], [ 11.083685766053373, 46.526881044886018 ], [ 11.083543143266175, 46.527072640168782 ], [ 11.083394249255978, 46.527462345591545 ], [ 11.083310179797349, 46.527693372826981 ], [ 11.083226573568203, 46.527915391731284 ], [ 11.083208940050804, 46.528136208591789 ], [ 11.08325710720505, 46.528756318523072 ], [ 11.083280084958966, 46.529079893335613 ], [ 11.083387124755092, 46.529491934638102 ], [ 11.083435141579477, 46.529959050220796 ], [ 11.083407907317556, 46.530184541891046 ], [ 11.083349836412809, 46.530626591009309 ], [ 11.083256486679177, 46.531019783861225 ], [ 11.083139205030619, 46.531426912347143 ], [ 11.082816528354485, 46.531599287253876 ], [ 11.082542373326143, 46.531761777683926 ], [ 11.082187573880681, 46.531754739579952 ], [ 11.081874043472052, 46.53169744998759 ], [ 11.081634966681143, 46.53164780389816 ], [ 11.081115117692677, 46.531459270985685 ], [ 11.080166635835186, 46.531080538626675 ], [ 11.079929065958176, 46.530963362945236 ], [ 11.079359918040588, 46.530721719933275 ], [ 11.079104433654219, 46.530604868324225 ], [ 11.078520767614412, 46.530345485491594 ], [ 11.077646479646306, 46.529987882998881 ], [ 11.077161293735395, 46.529681704637916 ], [ 11.076861446979713, 46.529448656308951 ], [ 11.076645544351104, 46.529322080415497 ], [ 11.076123885871349, 46.529021059958026 ], [ 11.074772869619284, 46.528150101302771 ], [ 11.074217457703828, 46.527818185239994 ], [ 11.073993511393066, 46.527651251066324 ], [ 11.073512945785067, 46.527358473096385 ], [ 11.072991240721011, 46.527012440064532 ], [ 11.072484666970082, 46.52665713056053 ], [ 11.07198054192013, 46.526387272707211 ], [ 11.071598399833567, 46.526196200976628 ], [ 11.071291482595536, 46.526075763822391 ], [ 11.071034190326971, 46.525931927447459 ], [ 11.070695987576624, 46.525803055546426 ], [ 11.070040747489712, 46.525544925557391 ], [ 11.069602157932891, 46.525390868357697 ], [ 11.068922221953349, 46.525254676523865 ], [ 11.068268349027894, 46.525118009198479 ], [ 11.067979472140244, 46.525064735465051 ], [ 11.067654934339199, 46.525016605791279 ], [ 11.067357370472287, 46.524927488299689 ], [ 11.067068124182416, 46.524757221291161 ], [ 11.066520331653209, 46.524452129496339 ], [ 11.066438555315305, 46.524251111513607 ], [ 11.06622976094263, 46.523881392303622 ], [ 11.065907005964688, 46.523536231374798 ], [ 11.065748469863962, 46.523309600303378 ], [ 11.065399833091782, 46.522969405434431 ], [ 11.0652262834769, 46.522819543310035 ], [ 11.065019517092445, 46.522481284578667 ], [ 11.064786834032967, 46.522125493834693 ], [ 11.06454615653892, 46.521666348990877 ], [ 11.064230577597337, 46.521316553766312 ], [ 11.064064637566638, 46.521130553179383 ], [ 11.063674830100492, 46.520800096016103 ], [ 11.063236108003844, 46.520425521067786 ], [ 11.062936830722371, 46.520075428066448 ], [ 11.062564167070169, 46.519659159431129 ], [ 11.062200236065863, 46.51930123092864 ], [ 11.062000673718796, 46.51906633467437 ], [ 11.061620507923681, 46.518731196652617 ], [ 11.061412224319437, 46.518437957738307 ], [ 11.061055946112155, 46.518174385759863 ], [ 11.060467592750863, 46.51769899924227 ], [ 11.059985827471545, 46.517370186523699 ], [ 11.059745541965611, 46.517221518341557 ], [ 11.059200216694121, 46.516956846084263 ], [ 11.058752054744417, 46.516762420378249 ], [ 11.058130867549563, 46.516409110667773 ], [ 11.057575985307405, 46.516171602168015 ], [ 11.057045094768672, 46.515965158742198 ], [ 11.056673325551367, 46.515872848506156 ], [ 11.056392283529293, 46.515787905174989 ], [ 11.056053731462717, 46.515798493529687 ], [ 11.054769747506215, 46.515974572351162 ], [ 11.054173140287624, 46.516034791495393 ], [ 11.05353769678042, 46.516145204087529 ], [ 11.053197944418095, 46.516232304062399 ], [ 11.052923746727098, 46.51626422705575 ], [ 11.052584813344657, 46.516351310497996 ], [ 11.052040010885335, 46.516532086139179 ], [ 11.05146839244896, 46.516758339438887 ], [ 11.051038008361052, 46.516905557924026 ], [ 11.050616457618217, 46.516962618105197 ], [ 11.050178620813917, 46.517019968752315 ], [ 11.049912898078947, 46.517060732367355 ], [ 11.049233870078336, 46.517117903415176 ], [ 11.048911210358465, 46.517204684261372 ], [ 11.048531571628081, 46.51718448717331 ], [ 11.047885119387068, 46.517133068663249 ], [ 11.047314461912938, 46.517125288482013 ], [ 11.046668385897394, 46.517105355737542 ], [ 11.046336988760322, 46.517111287292451 ], [ 11.046064012835783, 46.517089172994126 ], [ 11.045674627886759, 46.517091640381004 ], [ 11.044376132216826, 46.517056366032328 ], [ 11.04378009380825, 46.517067021654633 ], [ 11.043182644040417, 46.516866203543444 ], [ 11.042786068386803, 46.516720292498775 ], [ 11.042471029027608, 46.516401926946479 ], [ 11.042156183798109, 46.516110556521362 ], [ 11.041477943352296, 46.515753675514816 ], [ 11.040972194913577, 46.515542208683208 ], [ 11.040450826139137, 46.515349018019208 ], [ 11.040052224209777, 46.515257132591465 ], [ 11.03947367597106, 46.51503795819162 ], [ 11.038985673507197, 46.514821666116376 ], [ 11.03836309192241, 46.514535772640237 ], [ 11.037792753314982, 46.514361442498206 ], [ 11.037229456203844, 46.51422298334959 ], [ 11.036823397741481, 46.514149219172459 ], [ 11.036285236289704, 46.514050806815767 ], [ 11.035788963536834, 46.513983145495231 ], [ 11.035021347581569, 46.513740315272265 ], [ 11.034981222432494, 46.513538533351891 ], [ 11.034982425617164, 46.513156019342624 ], [ 11.035321938844035, 46.512996979160071 ], [ 11.03619295486752, 46.512540479446294 ], [ 11.036549248680506, 46.512394636490789 ], [ 11.036997201564356, 46.512238159665486 ], [ 11.037146268140079, 46.512150005492408 ], [ 11.037428680058229, 46.512054975155337 ], [ 11.037993124353662, 46.511810920170305 ], [ 11.038581316130548, 46.51154843931711 ], [ 11.039036704310012, 46.511351322651088 ], [ 11.039417387111319, 46.511182536179042 ], [ 11.039642608734585, 46.51106152092742 ], [ 11.039965698165966, 46.510943259064177 ], [ 11.040206245953684, 46.510839968909877 ], [ 11.040429499337677, 46.510709987384871 ], [ 11.041068145349094, 46.510446593240239 ], [ 11.041499427215216, 46.510258896850999 ], [ 11.041805045325434, 46.510109442293974 ], [ 11.042294343923002, 46.509839708327227 ], [ 11.04259344426279, 46.50969036806417 ], [ 11.042874631685482, 46.509541347065742 ], [ 11.043123925996294, 46.509410894949141 ], [ 11.043390007763614, 46.509293642016111 ], [ 11.043903861430037, 46.509005462584362 ], [ 11.044434161015342, 46.508721486671284 ], [ 11.044997973663325, 46.508418909201929 ], [ 11.045487254124765, 46.508149161760564 ], [ 11.045935062660629, 46.507925153491918 ], [ 11.046226471142585, 46.507766941438746 ], [ 11.046714581263194, 46.507488209800968 ], [ 11.047162548142401, 46.507268693764289 ], [ 11.047743433199713, 46.506965796946723 ], [ 11.048067226477126, 46.506802500225881 ], [ 11.048281182080011, 46.506686169521302 ], [ 11.048812825698731, 46.506460647980752 ], [ 11.049128740719388, 46.50636948811637 ], [ 11.049699585386588, 46.506125260178706 ], [ 11.050121778134113, 46.505892694741426 ], [ 11.050462490990759, 46.505724587879662 ], [ 11.050661952800848, 46.505613012527647 ], [ 11.050975110935433, 46.505535396739447 ], [ 11.051341633668931, 46.50542532322234 ], [ 11.051663504499411, 46.505298050093757 ], [ 11.051879387349288, 46.505168178253903 ], [ 11.052145025883224, 46.504996913685289 ], [ 11.052377682755326, 46.504880239588509 ], [ 11.052618935238039, 46.504731911251227 ], [ 11.052808007682236, 46.504539520049569 ], [ 11.052975144115786, 46.504262023893332 ], [ 11.052968213156309, 46.503969653422395 ], [ 11.052969787169779, 46.503600631548196 ], [ 11.05294643225087, 46.503326555639099 ], [ 11.052839498022351, 46.503125979138076 ], [ 11.052798339399489, 46.502919721677593 ], [ 11.052732408200292, 46.502704909112026 ], [ 11.05271709118486, 46.502471188117781 ], [ 11.052710565941762, 46.502124811191578 ], [ 11.052752296446386, 46.501935065197983 ], [ 11.052853691485318, 46.501685748930562 ], [ 11.05291184488515, 46.501477708299262 ], [ 11.053019738056715, 46.501336273359946 ], [ 11.053169803318992, 46.501189581091147 ], [ 11.053318642953782, 46.500988911542734 ], [ 11.053468081656058, 46.500869229668638 ], [ 11.053567937275721, 46.500795437413359 ], [ 11.053790844739693, 46.500701435057714 ], [ 11.054035423922125, 46.500620542704127 ], [ 11.054171846192807, 46.500393095549974 ], [ 11.054419187499377, 46.499974658381198 ], [ 11.054598100354657, 46.499642948909816 ], [ 11.054711360432453, 46.499384417816295 ], [ 11.054947418163174, 46.499056180715286 ], [ 11.05514271160173, 46.498791674808906 ], [ 11.055512473883832, 46.498380034424244 ], [ 11.055673331006739, 46.498174645713775 ], [ 11.055876587997096, 46.497905495397262 ], [ 11.0560614948461, 46.49766817418373 ], [ 11.05637555442085, 46.497248532743292 ], [ 11.056513552099123, 46.496890556416389 ], [ 11.056686913645938, 46.496455444992229 ], [ 11.056842006701986, 46.496097160696195 ], [ 11.056921220529961, 46.495843739650979 ], [ 11.057092419420805, 46.495480665292661 ], [ 11.05727232445963, 46.495067934782561 ], [ 11.057479451032782, 46.494578215302155 ], [ 11.057677668517679, 46.494111155389774 ], [ 11.057817507416168, 46.493694645063442 ], [ 11.057936372078148, 46.493499008633336 ], [ 11.058085565628362, 46.493028330390864 ], [ 11.058203538177962, 46.492787710413239 ], [ 11.058378134297977, 46.492321074362806 ], [ 11.058618958248298, 46.491731747414072 ], [ 11.058707815354095, 46.491302653974607 ], [ 11.058812420320008, 46.491053274130962 ], [ 11.058886766867227, 46.49060644207028 ], [ 11.058993866005222, 46.49007802131166 ], [ 11.059272362004913, 46.489753510347391 ], [ 11.05962598415171, 46.489391645884943 ], [ 11.060019287833976, 46.489110064125789 ], [ 11.060326874180268, 46.488974023575494 ], [ 11.060543649733159, 46.488848618735005 ], [ 11.060869066050364, 46.488667256035527 ], [ 11.061171323893609, 46.488454810367642 ], [ 11.061448641862365, 46.488229313767398 ], [ 11.061658021922335, 46.488059040790723 ], [ 11.061784081098811, 46.487903769817684 ], [ 11.061897199093922, 46.487600234250074 ], [ 11.062000057580629, 46.487391382217503 ], [ 11.062078768756818, 46.487146966129508 ], [ 11.062140255663437, 46.486920860385212 ], [ 11.062180773780733, 46.486506135532714 ], [ 11.06226980843827, 46.486104035326925 ], [ 11.062318930248642, 46.485680155307385 ], [ 11.062474725090897, 46.484696358836082 ], [ 11.062486604637076, 46.484493647382394 ], [ 11.06248203887038, 46.484286732653139 ], [ 11.062485538107275, 46.484034673056648 ], [ 11.062486196613639, 46.48353516814295 ], [ 11.062442790869364, 46.483162456346335 ], [ 11.062594293943217, 46.482948226153162 ], [ 11.062707993949417, 46.482703178221406 ], [ 11.062821868641825, 46.482269129606195 ], [ 11.062883717666146, 46.482074516313922 ], [ 11.063205392410635, 46.481623217872503 ], [ 11.063451666578528, 46.481245278385117 ], [ 11.063746760003701, 46.480866457120449 ], [ 11.063953311500589, 46.480385734902434 ], [ 11.064149732547087, 46.479981694151263 ], [ 11.064204833898117, 46.479737702545052 ], [ 11.064399654055961, 46.479356189923614 ], [ 11.064495564485478, 46.479093461506196 ], [ 11.064642934118813, 46.478748804780054 ], [ 11.064787278795881, 46.478453701827199 ], [ 11.064976806688955, 46.478018284411256 ], [ 11.065172531374115, 46.477596254537062 ], [ 11.065284612932333, 46.477373732745733 ], [ 11.065431514032513, 46.476952584338768 ], [ 11.065536764006199, 46.476635686897374 ], [ 11.065711780830613, 46.476097031597313 ], [ 11.065823706993505, 46.475784513160477 ], [ 11.065802081765138, 46.475600406234157 ], [ 11.065842522449834, 46.475163180982456 ], [ 11.065837731633625, 46.474929270474853 ], [ 11.065825699971747, 46.47474049023544 ], [ 11.065869739189203, 46.474505697380721 ], [ 11.06596084364123, 46.474009057244928 ], [ 11.066110463421857, 46.473466360085069 ], [ 11.066149455294498, 46.473141659386101 ], [ 11.066143465307917, 46.472961769831471 ], [ 11.066085685888511, 46.472467820020555 ], [ 11.066101065679582, 46.472035547294276 ], [ 11.066115757695707, 46.471670786158249 ], [ 11.066088036137314, 46.471347291008989 ], [ 11.066123024946572, 46.470766165594917 ], [ 11.066167325456625, 46.470495368177708 ], [ 11.066197384429719, 46.47027882747993 ], [ 11.066234059512468, 46.470021667668767 ], [ 11.066256077496174, 46.469764772736717 ], [ 11.066276821735455, 46.469516900706147 ], [ 11.066279699196309, 46.469291851316193 ], [ 11.06632612275722, 46.469034515245937 ], [ 11.066422632349914, 46.468659275214542 ], [ 11.066468576385375, 46.468302948861009 ], [ 11.066581845794127, 46.468026404583888 ], [ 11.066667435616415, 46.467835859572638 ], [ 11.0667539264573, 46.46760479866159 ], [ 11.067051391634534, 46.467140425989328 ], [ 11.067186640078306, 46.466971482453872 ], [ 11.067250071642169, 46.466668838878448 ], [ 11.067389760315196, 46.466144318751404 ], [ 11.067476989414402, 46.465868244370377 ], [ 11.067612529492125, 46.465685795164909 ], [ 11.067806575696451, 46.465457288105071 ], [ 11.068008011703503, 46.465273646541149 ], [ 11.06819330238355, 46.465072296886085 ], [ 11.068394610283129, 46.464906656746763 ], [ 11.068705188188511, 46.464617540393398 ], [ 11.068873134394414, 46.464452503062915 ], [ 11.069106481889463, 46.464380780826403 ], [ 11.069181458515919, 46.464361424042963 ], [ 11.069504115321813, 46.464283584595982 ], [ 11.069818917745053, 46.464277885663648 ], [ 11.070132820957291, 46.464312701711783 ], [ 11.070198049287114, 46.464208021691256 ], [ 11.070255267603946, 46.464085486872619 ], [ 11.070309776219618, 46.463999000708256 ], [ 11.070376755521279, 46.463876289062995 ], [ 11.070431539264671, 46.463753798237413 ], [ 11.07048373817036, 46.463649354004403 ], [ 11.07053740623692, 46.463540383185368 ], [ 11.070595305382778, 46.46343583566059 ], [ 11.070651236291759, 46.463322323847997 ], [ 11.0707044249093, 46.463222361532772 ], [ 11.070753073830716, 46.463131481322918 ], [ 11.070786306654187, 46.46306338008857 ], [ 11.070813714184132, 46.463013384170317 ], [ 11.070858767831993, 46.462913569128695 ], [ 11.07088515173364, 46.462836592016465 ], [ 11.070915301061449, 46.462773046548143 ], [ 11.070947463960678, 46.462655465160537 ], [ 11.070963791252925, 46.462592170056062 ], [ 11.070974883722421, 46.462519969870094 ], [ 11.070983679967293, 46.462429811465356 ], [ 11.070982157255568, 46.462303840359418 ], [ 11.070981828661164, 46.462209347293069 ], [ 11.070975196233597, 46.462141968138283 ], [ 11.070973798566374, 46.462083494062838 ], [ 11.070951409408618, 46.462029900194118 ], [ 11.070915539740366, 46.461985550417864 ], [ 11.070849875135833, 46.46192824046976 ], [ 11.07079559859609, 46.46187072420976 ], [ 11.07073284682121, 46.46180436152595 ], [ 11.070637525499935, 46.461716088938267 ], [ 11.070695284945362, 46.461629543674952 ], [ 11.07073455855314, 46.461570332933064 ], [ 11.070767915170485, 46.461484229628923 ], [ 11.070828291498625, 46.461402136848747 ], [ 11.070855835849123, 46.461334138612322 ], [ 11.070890215578451, 46.461275016460036 ], [ 11.070915280093743, 46.461184563357612 ], [ 11.070938160006989, 46.461058150188606 ], [ 11.070985612679182, 46.460935791835887 ], [ 11.071003303723753, 46.460822972507195 ], [ 11.071021007717585, 46.460710152939107 ], [ 11.071045934203111, 46.460637702117431 ], [ 11.07105364807207, 46.460583562923958 ], [ 11.071081008163436, 46.460511068007023 ], [ 11.071109837417383, 46.460434046512653 ], [ 11.071132533592374, 46.460388635800498 ], [ 11.071166912458832, 46.460329513570478 ], [ 11.07127900329278, 46.460237483726281 ], [ 11.071347557631848, 46.460177742260676 ], [ 11.071400172085646, 46.4601272894717 ], [ 11.071467611202717, 46.460081068003362 ], [ 11.071536972029147, 46.460021311809079 ], [ 11.071614932286964, 46.459952399836688 ], [ 11.071671790383114, 46.459906369978306 ], [ 11.071728785750151, 46.459842337783407 ], [ 11.071796984814991, 46.459773602570657 ], [ 11.071854150542601, 46.459714067179291 ], [ 11.071894182109233, 46.459632342504683 ], [ 11.071922748191746, 46.459591325203519 ], [ 11.071944623463464, 46.459545929199756 ], [ 11.071974395197145, 46.459450890570615 ], [ 11.071981937364336, 46.459392254459239 ], [ 11.071992903709054, 46.459338056243219 ], [ 11.071990809506829, 46.459261594955379 ], [ 11.071985304147027, 46.459180695534016 ], [ 11.07196176712015, 46.459118122732427 ], [ 11.071938013148413, 46.459028554123513 ], [ 11.071916922892409, 46.458965936967807 ], [ 11.071882942940432, 46.4588855535834 ], [ 11.071856276979121, 46.458805037639763 ], [ 11.071876549641463, 46.458674171525658 ], [ 11.071841750063962, 46.458593802979735 ], [ 11.071815301249909, 46.458540282823797 ], [ 11.071753667084849, 46.458460400549903 ], [ 11.071689087633509, 46.458367071745997 ], [ 11.071613416255879, 46.458260444028085 ], [ 11.071527302341922, 46.458136005650665 ], [ 11.071472175998858, 46.458056005301181 ], [ 11.071387427492768, 46.457967541725722 ], [ 11.071302679264079, 46.457879078081632 ], [ 11.071228032820393, 46.457799431271688 ], [ 11.071175898591941, 46.457755376219133 ], [ 11.071145036402744, 46.457692935945701 ], [ 11.071107509851156, 46.457626116439428 ], [ 11.071072882684479, 46.457550244482654 ], [ 11.071039554221461, 46.457465349074845 ], [ 11.070981903861417, 46.457340394640347 ], [ 11.071005681049277, 46.457258964693708 ], [ 11.071068532082711, 46.457199326678904 ], [ 11.071164861508366, 46.457121082291302 ], [ 11.071225606800844, 46.457070482250856 ], [ 11.071487268187157, 46.456930742685117 ], [ 11.071591776201382, 46.456874849526059 ], [ 11.071678547950494, 46.456823777629985 ], [ 11.071778346100171, 46.456772469603763 ], [ 11.071867734681561, 46.456725850097591 ], [ 11.071944745789351, 46.456674954886843 ], [ 11.072043519573496, 46.456596665448068 ], [ 11.072199783424123, 46.456467834358108 ], [ 11.072243624026374, 46.456422040133837 ], [ 11.072289181989914, 46.456335715144952 ], [ 11.072322409035911, 46.45626761348732 ], [ 11.072334489212277, 46.456199895147897 ], [ 11.072374996172755, 46.456109161722424 ], [ 11.07241451249433, 46.456013946281217 ], [ 11.0724822070618, 46.455931719881271 ], [ 11.072574937556741, 46.455844539608336 ], [ 11.072642357476129, 46.455798317753363 ], [ 11.072719379578494, 46.455747421810379 ], [ 11.072821949667544, 46.455705062518902 ], [ 11.0729368837429, 46.455666978907601 ], [ 11.073048577351363, 46.455628953940106 ], [ 11.073173100318245, 46.4555861962547 ], [ 11.073285305798599, 46.455561661646897 ], [ 11.073456706834492, 46.45553155337187 ], [ 11.073690987845614, 46.455464304623845 ], [ 11.073821256777995, 46.455443941796162 ], [ 11.073974114921823, 46.455418669066717 ], [ 11.074100959526264, 46.45539386808273 ], [ 11.07427770467949, 46.455354661701257 ], [ 11.074415115692592, 46.455329668651061 ], [ 11.074544871492677, 46.455295814431906 ], [ 11.074641445227718, 46.455267062186962 ], [ 11.074688877808194, 46.455230201743845 ], [ 11.074725867053452, 46.4551755309706 ], [ 11.074755324534438, 46.455093997120038 ], [ 11.074793004050207, 46.454971814414513 ], [ 11.074809967805887, 46.454818507945454 ], [ 11.074829494348162, 46.454732654343999 ], [ 11.074819946862984, 46.454674328151611 ], [ 11.074807248087156, 46.45457555951765 ], [ 11.074781092718364, 46.454508534810856 ], [ 11.074765516961067, 46.454441318096805 ], [ 11.074746653576851, 46.454351661247927 ], [ 11.074701929418429, 46.454181474442784 ], [ 11.074709987827584, 46.454050829378467 ], [ 11.074685343251272, 46.453916277834786 ], [ 11.074690195889882, 46.453808190741455 ], [ 11.074695684468946, 46.453695592145593 ], [ 11.074699286566593, 46.453619027460817 ], [ 11.074717391572332, 46.453560199418746 ], [ 11.074727589020942, 46.453443015401156 ], [ 11.074758036298535, 46.453365963523851 ], [ 11.074778758399122, 46.453311587933825 ], [ 11.074805679546801, 46.453270599715616 ], [ 11.074951361221451, 46.453141956819955 ], [ 11.075057048206837, 46.453032039519293 ], [ 11.075198621123205, 46.452880971077278 ], [ 11.075376566007552, 46.452702242414546 ], [ 11.075492023708069, 46.452592147326691 ], [ 11.075639916623278, 46.452436463625283 ], [ 11.075740085358452, 46.452331145825852 ], [ 11.075835080055544, 46.452239421767352 ], [ 11.076051510220477, 46.452023993530851 ], [ 11.076135446938464, 46.451941469946249 ], [ 11.076327695694232, 46.451753480079567 ], [ 11.076443956265573, 46.451643369425121 ], [ 11.076523696128854, 46.451578921621497 ], [ 11.076651477471415, 46.451450601644915 ], [ 11.076893877440529, 46.451212200226543 ], [ 11.077002309857763, 46.45108873131894 ], [ 11.0771459990368, 46.450951121838237 ], [ 11.077346324971737, 46.450740483650236 ], [ 11.077476242113935, 46.450625623804974 ], [ 11.077570704788551, 46.450520408050252 ], [ 11.077635474088842, 46.450447231587574 ], [ 11.078503348551665, 46.449900460390211 ], [ 11.078851721271104, 46.448769135238649 ], [ 11.07898326264908, 46.448055748888514 ], [ 11.078964607305803, 46.447480092702484 ], [ 11.078900926012141, 46.447004254483424 ], [ 11.078615588005421, 46.446113949845149 ], [ 11.077362156050375, 46.443517752835675 ], [ 11.076994801346885, 46.443186930035623 ], [ 11.076759122110474, 46.443002213017976 ], [ 11.0765782681441, 46.442910998966816 ], [ 11.076340583268756, 46.44278031712291 ], [ 11.076072006076874, 46.442564696412013 ], [ 11.075884567184787, 46.442428601167521 ], [ 11.075597503536615, 46.442240314825291 ], [ 11.075204448354423, 46.441981952334707 ], [ 11.074893248126958, 46.441843602001228 ], [ 11.074534124086425, 46.441643120934671 ], [ 11.074263186305489, 46.441558037864205 ], [ 11.073967787974535, 46.441428398229583 ], [ 11.073746582555932, 46.441324411822244 ], [ 11.073352632704285, 46.441106558892251 ], [ 11.073165593431453, 46.441001951705807 ], [ 11.072567302591271, 46.441102799311807 ], [ 11.072095855383196, 46.441201344769631 ], [ 11.071847291797729, 46.441255349436467 ], [ 11.071348648390506, 46.441430884130973 ], [ 11.071131538706645, 46.441520317065994 ], [ 11.07075800064252, 46.441626083073153 ], [ 11.070482717632949, 46.44174806825275 ], [ 11.070208658565674, 46.441924030206401 ], [ 11.069950114249476, 46.442036711040018 ], [ 11.069684677918808, 46.442118016290578 ], [ 11.068911642724563, 46.44237500703462 ], [ 11.068232337270969, 46.442571797294704 ], [ 11.067650527998177, 46.442721820531716 ], [ 11.067490679406877, 46.442927209971586 ], [ 11.067227313281043, 46.44327847000109 ], [ 11.067003374926591, 46.443381518417738 ], [ 11.066917236170054, 46.443513574833162 ], [ 11.066714132442772, 46.443823244396285 ], [ 11.066402477716837, 46.444188875310594 ], [ 11.066192213737297, 46.444503173293107 ], [ 11.065954779081116, 46.444808961956134 ], [ 11.065802443936301, 46.445041212954315 ], [ 11.065582258160831, 46.445351189084583 ], [ 11.06542171421888, 46.445538588228089 ], [ 11.065057215460813, 46.445626172296059 ], [ 11.064475097911677, 46.445812184497157 ], [ 11.063761099325811, 46.446018574388781 ], [ 11.063022372726266, 46.446216406112399 ], [ 11.062756297927118, 46.446324706459322 ], [ 11.062432350974483, 46.446452050093356 ], [ 11.06215702472857, 46.446574015825604 ], [ 11.061899107467299, 46.446704666830783 ], [ 11.061440814813293, 46.446937929734716 ], [ 11.060993013482168, 46.447018002930925 ], [ 11.060071692725192, 46.447273106689572 ], [ 11.059555925520444, 46.447471397961742 ], [ 11.058958113845351, 46.447630664893943 ], [ 11.058693920837149, 46.447702922146085 ], [ 11.058095453696033, 46.447866696314271 ], [ 11.057779720347831, 46.447953379172951 ], [ 11.057189562216532, 46.448121498980299 ], [ 11.056831360218075, 46.448312442507273 ], [ 11.056341996074904, 46.44845624464007 ], [ 11.055976044881158, 46.448570825522637 ], [ 11.055676737868655, 46.448661707095937 ], [ 11.055447582526536, 46.449124823326734 ], [ 11.055296086222247, 46.449186046502277 ], [ 11.055192694325552, 46.449228404870567 ], [ 11.055012727392432, 46.449290139482628 ], [ 11.054674925601692, 46.449417710045367 ], [ 11.054364083064266, 46.449526795316523 ], [ 11.054195031178772, 46.449597332411926 ], [ 11.054063349509496, 46.449644698027903 ], [ 11.05394146654859, 46.449606388215855 ], [ 11.053744088492952, 46.44955143468119 ], [ 11.053452204997361, 46.449493678373251 ], [ 11.053168585133481, 46.449417773072724 ], [ 11.0530221368557, 46.449375403494635 ], [ 11.052827037741759, 46.449315907491481 ], [ 11.052543250634464, 46.449235503682814 ], [ 11.052232333972164, 46.449169086057907 ], [ 11.052116452381176, 46.449117166689355 ], [ 11.052095330730513, 46.448901547756542 ], [ 11.051875948464211, 46.448693987332369 ], [ 11.051380042790424, 46.448707386745383 ], [ 11.05104815069968, 46.449122837959123 ], [ 11.050997767174454, 46.449146241664586 ], [ 11.050926226240335, 46.449170024907232 ], [ 11.050810638679712, 46.449212598089602 ], [ 11.050692448865693, 46.449250717873433 ], [ 11.050549379396335, 46.449298283707186 ], [ 11.050403694609445, 46.44934139630773 ], [ 11.05021383111978, 46.449421300680704 ], [ 11.049919220114608, 46.449507582957651 ], [ 11.049786245814152, 46.449563966733919 ], [ 11.049645945464341, 46.449620481699547 ], [ 11.049375354929515, 46.449544333393632 ], [ 11.049276421874449, 46.449033111493115 ], [ 11.049234457312879, 46.448912364808479 ], [ 11.049206142798937, 46.448786873475449 ], [ 11.049212129295844, 46.448642767464456 ], [ 11.049310861463455, 46.448519498765997 ], [ 11.049448422743421, 46.448368534145722 ], [ 11.049538225799246, 46.448267925113349 ], [ 11.049658484760595, 46.448067770859367 ], [ 11.049669973080492, 46.447788567360291 ], [ 11.049619370252605, 46.447654475786265 ], [ 11.049523587827304, 46.447422195022945 ], [ 11.04939050684979, 46.447280582015971 ], [ 11.049104832014404, 46.447105704334156 ], [ 11.048721982717856, 46.446878567861845 ], [ 11.048523439037071, 46.446792126472559 ], [ 11.048297861527109, 46.446679169335454 ], [ 11.048055564295924, 46.446467512142306 ], [ 11.047953559809006, 46.446329840682786 ], [ 11.047664651100659, 46.446285516190898 ], [ 11.047374836693468, 46.446304206642203 ], [ 11.046896540249996, 46.44633077115391 ], [ 11.046442940699933, 46.446343391694647 ], [ 11.045790302941661, 46.446386572126286 ], [ 11.044989098251145, 46.446373906974507 ], [ 11.044683164507378, 46.446374879090847 ], [ 11.044344387667284, 46.446389937579738 ], [ 11.04348687490633, 46.446481767876016 ], [ 11.043214814386968, 46.446518130263144 ], [ 11.042838379538155, 46.44672285563491 ], [ 11.042306586891133, 46.447038354255355 ], [ 11.041905130592728, 46.447270523268799 ], [ 11.041867213749754, 46.44738819943322 ], [ 11.041705433906539, 46.447697086011587 ], [ 11.041545245079698, 46.447983444136611 ], [ 11.041349802563285, 46.448175932378781 ], [ 11.041113226169385, 46.448378154599965 ], [ 11.04096334277703, 46.448853326129495 ], [ 11.04088129938223, 46.449336286296379 ], [ 11.040786182545846, 46.449643981391048 ], [ 11.040743475971963, 46.45011273931928 ], [ 11.040682104352095, 46.450343332640415 ], [ 11.040654801579937, 46.450766815955355 ], [ 11.04062759984375, 46.451149797822438 ], [ 11.040556856968998, 46.451434557785838 ], [ 11.040461829248297, 46.451679251524041 ], [ 11.040310850426108, 46.452059942408177 ], [ 11.040031601701143, 46.45210092537372 ], [ 11.039692935639289, 46.452097968192511 ], [ 11.03930244942446, 46.452014935173473 ], [ 11.039037076048668, 46.451947669259916 ], [ 11.038680601713441, 46.451882027315619 ], [ 11.037877419105504, 46.45177484836087 ], [ 11.037555020765426, 46.451771594865569 ], [ 11.037292689070187, 46.451807769674978 ], [ 11.037094664288002, 46.45188779760197 ], [ 11.036880746076051, 46.452022107818955 ], [ 11.036818112877235, 46.452153722423795 ], [ 11.036945575776874, 46.452385449141573 ], [ 11.037048441086672, 46.45259061426443 ], [ 11.036984399516035, 46.452771753548511 ], [ 11.036845637334027, 46.45291372446632 ], [ 11.03657504924729, 46.452990544302914 ], [ 11.036325958965396, 46.452945481806019 ], [ 11.036012910215208, 46.453018556645347 ], [ 11.035725147741287, 46.453158679686631 ], [ 11.035125269960899, 46.453331358186716 ], [ 11.034410417618242, 46.453542079185112 ], [ 11.034147669403694, 46.453654753375289 ], [ 11.033901252304533, 46.453834635728164 ], [ 11.033840637262848, 46.454042711957761 ], [ 11.033777702064066, 46.454363328259994 ], [ 11.033641787453089, 46.454581743780601 ], [ 11.033448949127994, 46.45497666978823 ], [ 11.033278888692371, 46.455218191945185 ], [ 11.032967861883947, 46.45536772162118 ], [ 11.032730356465839, 46.455524943148525 ], [ 11.032584842056496, 46.455748027998794 ], [ 11.032449335226252, 46.456065433737855 ], [ 11.032353138976069, 46.456323641111361 ], [ 11.032259770104709, 46.456635797553176 ], [ 11.032165198776196, 46.456893975857945 ], [ 11.032062342392351, 46.457170301139143 ], [ 11.031876429648239, 46.457511101790828 ], [ 11.031666735969591, 46.457825325022228 ], [ 11.031530181784222, 46.458070748955002 ], [ 11.03137665975737, 46.458275974649368 ], [ 11.031262940190384, 46.45843549345291 ], [ 11.03117614413814, 46.458662033057891 ], [ 11.031080728060209, 46.458897725628319 ], [ 11.030992031588331, 46.459029799890402 ], [ 11.03077875263234, 46.459182086903517 ], [ 11.030468305532931, 46.459457597923119 ], [ 11.030346735853009, 46.459581255601705 ], [ 11.030176631738904, 46.459800273951743 ], [ 11.030046135681181, 46.459946589558463 ], [ 11.029982413399249, 46.460159218631908 ], [ 11.029920484685547, 46.460376315765252 ], [ 11.029816090213618, 46.460589666874789 ], [ 11.029621578084715, 46.460809117704926 ], [ 11.029395818276805, 46.461195620953426 ], [ 11.029218300002885, 46.46150026842507 ], [ 11.028524548581395, 46.461953574750559 ], [ 11.028156297784808, 46.462207605192312 ], [ 11.027885542822812, 46.462347406458882 ], [ 11.02763800583466, 46.462432795936884 ], [ 11.027343024741247, 46.462577525512458 ], [ 11.027088826108439, 46.462681031710851 ], [ 11.026769243651607, 46.46279919630777 ], [ 11.026505266664634, 46.462880374815555 ], [ 11.025985903646545, 46.463011078130144 ], [ 11.02549190157732, 46.463123329985621 ], [ 11.025187206444487, 46.463160227354294 ], [ 11.025007908089149, 46.463329901292589 ], [ 11.024524325919558, 46.463635462060566 ], [ 11.024271644390819, 46.463801934330213 ], [ 11.02404236528014, 46.463940992050631 ], [ 11.023796522130406, 46.464116342081525 ], [ 11.023178165232267, 46.464739278896147 ], [ 11.022941603957019, 46.464923462689576 ], [ 11.022794600539614, 46.465020562536857 ], [ 11.022597839330427, 46.465136542254584 ], [ 11.022336689785934, 46.465316659825902 ], [ 11.022040025962028, 46.465438905638791 ], [ 11.0214726115862, 46.465547938443017 ], [ 11.021116322663172, 46.465576737258388 ], [ 11.020448621058534, 46.465615538718929 ], [ 11.020019589751016, 46.465636619728819 ], [ 11.019491488543757, 46.465686448797854 ], [ 11.019235812501771, 46.465794463463538 ], [ 11.019040845777029, 46.465937404990505 ], [ 11.018768920465435, 46.466090704997363 ], [ 11.018490664802867, 46.466248616057527 ], [ 11.01825403234243, 46.466387791890639 ], [ 11.018024132788195, 46.466598847471232 ], [ 11.017559567295393, 46.466958042132617 ], [ 11.017060648180205, 46.467313341025459 ], [ 11.016751404212471, 46.467602292828992 ], [ 11.016530093313914, 46.467781694249297 ], [ 11.016352722771218, 46.467982820000458 ], [ 11.016189153709824, 46.468138702665236 ], [ 11.01607472872681, 46.468302718379412 ], [ 11.015806260610793, 46.468527949339681 ], [ 11.015562064343966, 46.468793251229485 ], [ 11.015309862884596, 46.469018194225342 ], [ 11.014918622815973, 46.46935808563957 ], [ 11.01462344670475, 46.469565784698652 ], [ 11.014436092258503, 46.469695084282684 ], [ 11.014131273558903, 46.469839952790714 ], [ 11.013835861687472, 46.469953155205829 ], [ 11.01362211535047, 46.470051418734691 ], [ 11.013268943861274, 46.470165636948586 ], [ 11.012883402756625, 46.470307423605853 ], [ 11.012530734484336, 46.470457630183276 ], [ 11.012299189042512, 46.470470705688726 ], [ 11.011795920281093, 46.470488562406679 ], [ 11.011407006648829, 46.470472905537804 ], [ 11.010829393251587, 46.470528065432703 ], [ 11.010506407402113, 46.470533745638974 ], [ 11.01013345512585, 46.470531303568087 ], [ 11.00980615781328, 46.470685555581539 ], [ 11.009559539521927, 46.470775389454936 ], [ 11.009437752566535, 46.470917028118734 ], [ 11.009335136660253, 46.471269826828689 ], [ 11.009290250163193, 46.471576611495436 ], [ 11.009210788724376, 46.471740005730361 ], [ 11.00899380415423, 46.472148813164658 ], [ 11.008744147346237, 46.472598693636193 ], [ 11.008606282817533, 46.472812612834986 ], [ 11.008477014789744, 46.472972381596996 ], [ 11.008331218244342, 46.473235939097641 ], [ 11.008193812172228, 46.473395850478298 ], [ 11.007990873361612, 46.473633411581247 ], [ 11.007747967298073, 46.473979672650479 ], [ 11.007639828594629, 46.474116569695582 ], [ 11.007397711454365, 46.47441781677437 ], [ 11.00709084438213, 46.474774199259016 ], [ 11.006943660324371, 46.474911781060847 ], [ 11.006609804396446, 46.475309135386837 ], [ 11.00638312946551, 46.475610109216618 ], [ 11.006154468146818, 46.47585711821646 ], [ 11.005979202054732, 46.476139189398445 ], [ 11.005905935299264, 46.476360971650983 ], [ 11.005611468761241, 46.476523635288203 ], [ 11.005104375974456, 46.476793525801526 ], [ 11.004659900489534, 46.477017316809047 ], [ 11.00400306696487, 46.477289827813067 ], [ 11.003568488398253, 46.477472941670214 ], [ 11.00308805248814, 46.477404861034948 ], [ 11.002766520106618, 46.477495992548825 ], [ 11.002041641122254, 46.477733684708696 ], [ 11.001385115407468, 46.478015175069757 ], [ 11.000874815272983, 46.478132105132488 ], [ 11.000422292299564, 46.478248022020708 ], [ 11.000192417884326, 46.478418541301942 ], [ 10.999915059044911, 46.478670889503562 ], [ 10.999561991430662, 46.478857062141209 ], [ 10.999052506679442, 46.479018969084805 ], [ 10.998470498855049, 46.479312639444693 ], [ 10.998117751454281, 46.479507801850346 ], [ 10.997727965577928, 46.479469613923435 ], [ 10.997061939354298, 46.479692746194054 ], [ 10.996454861336728, 46.480013843709571 ], [ 10.995660853109882, 46.48054519774837 ], [ 10.995127156753103, 46.480847007529427 ], [ 10.994693029205141, 46.48108857864063 ], [ 10.994271655716233, 46.48105542992969 ], [ 10.993856432103204, 46.48092317396884 ], [ 10.99356706712036, 46.480937219708096 ], [ 10.993015034750313, 46.481005342970725 ], [ 10.992893016972266, 46.481119968111422 ], [ 10.992538087641757, 46.481211652844578 ], [ 10.991831152596358, 46.481408467846698 ], [ 10.991353034932922, 46.481560793995101 ], [ 10.991063323520534, 46.481498340630452 ], [ 10.990765311489122, 46.481476530420579 ], [ 10.990336658767502, 46.481578491801635 ], [ 10.989866988043739, 46.481717164885943 ], [ 10.989729847382936, 46.481908548601844 ], [ 10.989559019307661, 46.48213651778314 ], [ 10.989190777766597, 46.482399420992991 ], [ 10.988946694362012, 46.482583664441293 ], [ 10.988625634264647, 46.482800745748655 ], [ 10.988480991432461, 46.483010258117218 ], [ 10.988410420533921, 46.483240981747436 ], [ 10.988370936101779, 46.483498164268198 ], [ 10.988170495927909, 46.483807644958958 ], [ 10.987477166572837, 46.4839096978084 ], [ 10.987179480593147, 46.483941871683818 ], [ 10.98655124269769, 46.483975288670869 ], [ 10.986205219179711, 46.484021799638796 ], [ 10.984621650610706, 46.483603805655569 ], [ 10.984032777378072, 46.483533027191463 ], [ 10.983626524057113, 46.483445577713923 ], [ 10.982989153309733, 46.483384635119499 ], [ 10.981973224751588, 46.483438250102729 ], [ 10.981112561856222, 46.483462166247804 ], [ 10.980622042654835, 46.483767659721067 ], [ 10.980318024332771, 46.483916923475 ], [ 10.980087722477132, 46.484010910680105 ], [ 10.97947362456461, 46.483895546318024 ], [ 10.979034329419205, 46.483817652424598 ], [ 10.97864207597606, 46.483779442089229 ], [ 10.977974110757931, 46.483773000084085 ], [ 10.977072261060167, 46.483784098525071 ], [ 10.976462077769609, 46.483844147375557 ], [ 10.9760491497362, 46.483842284934312 ], [ 10.975387863686716, 46.483862711920807 ], [ 10.975023444504235, 46.483873507435625 ], [ 10.974229983397381, 46.483887210996265 ], [ 10.97362469038635, 46.483564666639481 ], [ 10.973135110232448, 46.48333462063178 ], [ 10.972795933461128, 46.483164976422493 ], [ 10.972249071948122, 46.482881915867409 ], [ 10.972007220051855, 46.48276908946211 ], [ 10.971468839896273, 46.482539877987932 ], [ 10.971028426633307, 46.482362974254947 ], [ 10.970424944267494, 46.482157379777803 ], [ 10.969952973743473, 46.482008015302554 ], [ 10.969695991429004, 46.481926944174909 ], [ 10.969365112448088, 46.481851645261322 ], [ 10.969084363337636, 46.481833981087341 ], [ 10.968753326959769, 46.481844181697461 ], [ 10.968191171225044, 46.481813360897924 ], [ 10.967504996218842, 46.481843170595646 ], [ 10.966695768755505, 46.481938091845684 ], [ 10.966200341700748, 46.481996111914512 ], [ 10.965926751012148, 46.481996316578858 ], [ 10.965547376815849, 46.481953339933952 ], [ 10.965207712321773, 46.481927679196843 ], [ 10.964892142820826, 46.481825104646198 ], [ 10.964718667249414, 46.481711087726488 ], [ 10.964435532728087, 46.481400957995753 ], [ 10.964162311413196, 46.481185155685118 ], [ 10.964043094008652, 46.480768710611244 ], [ 10.963968280584169, 46.480500000201118 ], [ 10.963864370083895, 46.480056292410971 ], [ 10.963830893270462, 46.479804871561313 ], [ 10.963645440765319, 46.479403063424236 ], [ 10.963360447734326, 46.478723968875677 ], [ 10.963170122056155, 46.478344743229968 ], [ 10.963068286073506, 46.478116995475659 ], [ 10.96280180723973, 46.477680577627353 ], [ 10.9626436744673, 46.477471795637427 ], [ 10.962476735843893, 46.477290164138601 ], [ 10.962301996346691, 46.477095166495317 ], [ 10.961911502300294, 46.476741873627304 ], [ 10.96159665992837, 46.47649977970265 ], [ 10.961213146933629, 46.476249863008384 ], [ 10.961139486562912, 46.47603512995331 ], [ 10.960980060038494, 46.475812868031703 ], [ 10.960831206987727, 46.475612924189576 ], [ 10.960763226040333, 46.475420593115679 ], [ 10.960619811476494, 46.474964059767132 ], [ 10.960484063189497, 46.474448895673213 ], [ 10.960359350684129, 46.474082039842934 ], [ 10.960316106282599, 46.473898284185857 ], [ 10.960124143419085, 46.473676578865266 ], [ 10.959775190728971, 46.473300066727646 ], [ 10.959600797192554, 46.47313655845096 ], [ 10.959426068939251, 46.472986555433067 ], [ 10.959277068115416, 46.47278211210255 ], [ 10.959058444321871, 46.472475363160214 ], [ 10.958767455834876, 46.472057355305665 ], [ 10.958551460316572, 46.471687561304662 ], [ 10.958359821732021, 46.471519846587846 ], [ 10.95799429984908, 46.471157112528424 ], [ 10.957770766028897, 46.470985443100048 ], [ 10.957562039325312, 46.470840519299834 ], [ 10.957272758935192, 46.470719473813702 ], [ 10.95673389910101, 46.470517200576445 ], [ 10.956080465099779, 46.470343884663279 ], [ 10.955442484108591, 46.47021530003844 ], [ 10.954830861707075, 46.470117760704859 ], [ 10.954490471786102, 46.470047081274444 ], [ 10.953878067367597, 46.469859551577315 ], [ 10.953373705809554, 46.46968817245974 ], [ 10.952711525370928, 46.469496986995445 ], [ 10.952396425543473, 46.46929087143387 ], [ 10.952096956550578, 46.469066488394098 ], [ 10.951908405467471, 46.468961709169555 ], [ 10.951617661648333, 46.468890173603974 ], [ 10.950961667611598, 46.46871237219613 ], [ 10.950354311746016, 46.468574236722105 ], [ 10.949782249912094, 46.468489495320981 ], [ 10.949102319419088, 46.468370590563829 ], [ 10.948512692567936, 46.46825014279451 ], [ 10.948247006148971, 46.468196171340786 ], [ 10.947524798983427, 46.468032978275957 ], [ 10.94642104126806, 46.467853777237089 ], [ 10.945897171105189, 46.467727696568957 ], [ 10.945730264522625, 46.467658538226949 ], [ 10.945187426512598, 46.467411278932431 ], [ 10.944853937916987, 46.467281954273709 ], [ 10.944604574987775, 46.467160197696614 ], [ 10.944394436599168, 46.466997274115549 ], [ 10.94410628710242, 46.466700678696846 ], [ 10.943803957832941, 46.466440323082026 ], [ 10.943152931722473, 46.466194893405579 ], [ 10.9428473830292, 46.466164086547501 ], [ 10.94229000790947, 46.466056558423382 ], [ 10.941951091248882, 46.466048815689007 ], [ 10.94169448939784, 46.46606667362849 ], [ 10.941331138420903, 46.46610434334611 ], [ 10.941068827207475, 46.466144796486191 ], [ 10.940237603033028, 46.466325403035896 ], [ 10.9396869133833, 46.466451745247916 ], [ 10.939455522502215, 46.466469170437747 ], [ 10.938779722505918, 46.46657963075927 ], [ 10.938457850860853, 46.46661658793785 ], [ 10.938236553911258, 46.466642839381613 ], [ 10.93790351245285, 46.466594485648734 ], [ 10.937113717456699, 46.46636037348221 ], [ 10.936712798349047, 46.466142168884083 ], [ 10.936235290628531, 46.465853261027853 ], [ 10.936099699687732, 46.465702559505381 ], [ 10.935955208842001, 46.465484509533745 ], [ 10.935801763713368, 46.465266610982468 ], [ 10.935723442109994, 46.465123939205689 ], [ 10.935585517969717, 46.464838278580537 ], [ 10.93543115225008, 46.464548396172397 ], [ 10.935333565744477, 46.464275552172388 ], [ 10.935337452097519, 46.464086489190208 ], [ 10.93533095825466, 46.463834602842944 ], [ 10.93532423415796, 46.463461222172846 ], [ 10.935273955374289, 46.463030079589629 ], [ 10.935178740744149, 46.46284719393411 ], [ 10.935063613608012, 46.462538647055013 ], [ 10.934938593294554, 46.462410264859123 ], [ 10.934744921083862, 46.462274044419424 ], [ 10.934435119462362, 46.462099289151809 ], [ 10.93387376178743, 46.461739791035541 ], [ 10.93343823258153, 46.461508660472369 ], [ 10.933053997699183, 46.461231661651375 ], [ 10.932734774991399, 46.461043561244047 ], [ 10.932316369809385, 46.460789637242378 ], [ 10.931957922028385, 46.460620197338145 ], [ 10.931860519559496, 46.460351847069724 ], [ 10.93172263976061, 46.46004368119344 ], [ 10.931554471349639, 46.459569529220765 ], [ 10.931471211535669, 46.459125442137641 ], [ 10.931384151262124, 46.458942415482603 ], [ 10.931321360526528, 46.458731979170281 ], [ 10.931275829790321, 46.458503251516284 ], [ 10.931309807089486, 46.458129182810602 ], [ 10.931405383590372, 46.457632575178359 ], [ 10.93141457802499, 46.45731742423493 ], [ 10.931452960089045, 46.457136778326813 ], [ 10.931605402712471, 46.456913705973051 ], [ 10.931741564353297, 46.456713408182694 ], [ 10.931860968056325, 46.45652239326153 ], [ 10.932166948009931, 46.456130227959946 ], [ 10.932361818696595, 46.455955936841256 ], [ 10.932602649637113, 46.455654870208143 ], [ 10.932784996745829, 46.455264792967718 ], [ 10.932991411576291, 46.454865308616228 ], [ 10.933019878095315, 46.454657830106861 ], [ 10.933031588292277, 46.454459634771311 ], [ 10.932952381189912, 46.454222477125448 ], [ 10.932808082750926, 46.45403141924016 ], [ 10.932630908007033, 46.453854416734593 ], [ 10.932375927698999, 46.453525731059969 ], [ 10.932189815516816, 46.453348878919478 ], [ 10.931963807436244, 46.453217700052754 ], [ 10.931648489722752, 46.453092529637097 ], [ 10.931105187669978, 46.452872210693108 ], [ 10.930372751705677, 46.452596583479703 ], [ 10.929857209592997, 46.452447788942763 ], [ 10.929494719333466, 46.452138911259325 ], [ 10.929310883352027, 46.451980015762793 ], [ 10.929009755052222, 46.451818599085797 ], [ 10.928741149435757, 46.451679132666008 ], [ 10.928250072426337, 46.451484918735282 ], [ 10.927557542322823, 46.451186100711958 ], [ 10.926901638068545, 46.451048659095427 ], [ 10.926385326574358, 46.450877362154564 ], [ 10.92581286410584, 46.450752008139233 ], [ 10.925504873709254, 46.450649197047454 ], [ 10.92523055440221, 46.450554818015277 ], [ 10.924996572298616, 46.450450759279974 ], [ 10.924435080582224, 46.450082216799778 ], [ 10.924057464481191, 46.449827575730055 ], [ 10.923822263126796, 46.449642536151259 ], [ 10.923521983516915, 46.449481090716631 ], [ 10.923013066713484, 46.449264654702347 ], [ 10.922737492091159, 46.449134291258979 ], [ 10.922210906595454, 46.448855149621238 ], [ 10.921769596330021, 46.448709570456401 ], [ 10.92141958072167, 46.448521955842025 ], [ 10.921127289072475, 46.44835586991762 ], [ 10.920632760366599, 46.448085182212147 ], [ 10.920156445063277, 46.447823186355365 ], [ 10.919888243422875, 46.447647692775149 ], [ 10.919711793026881, 46.447466158051782 ], [ 10.919533546206141, 46.447280153270782 ], [ 10.91909553709751, 46.446950010679153 ], [ 10.918923099128843, 46.446511910600698 ], [ 10.918731952465375, 46.446074124218079 ], [ 10.918491620475645, 46.445695662127264 ], [ 10.918388596383954, 46.445449893951292 ], [ 10.918221334296055, 46.445043205489192 ], [ 10.918061969701292, 46.444861381496764 ], [ 10.917060376043423, 46.444423686195549 ], [ 10.916570163017917, 46.444274406971012 ], [ 10.916261734906721, 46.44418057817068 ], [ 10.915988081595836, 46.444104165544651 ], [ 10.915614547133952, 46.444056425520131 ], [ 10.91501951674344, 46.443980894966053 ], [ 10.913802251320073, 46.443866279518701 ], [ 10.913063498763059, 46.443752645027303 ], [ 10.912452158036581, 46.443722373475588 ], [ 10.912071900198054, 46.443715233842049 ], [ 10.911460035256368, 46.44371646536154 ], [ 10.910782482437829, 46.443700791691448 ], [ 10.91013824536298, 46.443707057109741 ], [ 10.909551877467317, 46.443739352026753 ], [ 10.908859419005493, 46.443809414848012 ], [ 10.908522213200062, 46.443846544025241 ], [ 10.907853677798316, 46.443902701557015 ], [ 10.907383884845526, 46.443964539552127 ], [ 10.906666552307598, 46.444021504219663 ], [ 10.905939337617422, 46.444051629461832 ], [ 10.905263470908803, 46.444107894044635 ], [ 10.904948090346439, 46.444117649290249 ], [ 10.904346762259364, 46.444141166858209 ], [ 10.903817564413266, 46.444109480845505 ], [ 10.903266694004717, 46.444226651296205 ], [ 10.902814097225786, 46.444315183872057 ], [ 10.902415511001577, 46.444272317595619 ], [ 10.902019647877571, 46.444260904227093 ], [ 10.901747398014653, 46.444247433375196 ], [ 10.901465076274988, 46.444225129499898 ], [ 10.900772154711714, 46.444259151434522 ], [ 10.899864979703091, 46.44433272926053 ], [ 10.899318828649687, 46.444328303785724 ], [ 10.898830943917941, 46.444291408405675 ], [ 10.898582246809911, 46.444300038547688 ], [ 10.898202361707726, 46.44425684702091 ], [ 10.897895682284583, 46.444212439022301 ], [ 10.897239775440221, 46.4440703273197 ], [ 10.896525852109448, 46.443897674664854 ], [ 10.895862444255208, 46.443773679257902 ], [ 10.895391883739261, 46.443790481229115 ], [ 10.895137525137072, 46.443893696522224 ], [ 10.894842151572863, 46.444011090842508 ], [ 10.894572448726738, 46.444141558830118 ], [ 10.894074182429833, 46.444415311165947 ], [ 10.893479316545875, 46.444789659903705 ], [ 10.89310234423956, 46.444971400248491 ], [ 10.8923954224173, 46.445118101698519 ], [ 10.891828337043554, 46.44528498466557 ], [ 10.891754946421456, 46.445304198808138 ], [ 10.891565237193436, 46.445347837135557 ], [ 10.890906847690363, 46.445439727097444 ], [ 10.890130976453062, 46.445569555081548 ], [ 10.889591106390522, 46.445794476203858 ], [ 10.889099730395895, 46.446009593613205 ], [ 10.888684642450787, 46.446313447470864 ], [ 10.888456678720795, 46.446474710991687 ], [ 10.88801936114308, 46.446841928726087 ], [ 10.887597424281646, 46.447253890210675 ], [ 10.887188940782128, 46.447490130427738 ], [ 10.886934549097525, 46.447593327894076 ], [ 10.88653383084713, 46.447748438697381 ], [ 10.88605877269446, 46.448012772979766 ], [ 10.886031061751437, 46.448247226891574 ], [ 10.885973620613168, 46.448657668787149 ], [ 10.886027551714278, 46.448899775772183 ], [ 10.886024942680312, 46.449201314620097 ], [ 10.885951183055498, 46.449540026639959 ], [ 10.885828029186657, 46.450050550931643 ], [ 10.88567407959896, 46.450188088240019 ], [ 10.885428612792991, 46.450291135086481 ], [ 10.885100028787852, 46.450391051937785 ], [ 10.884548475774313, 46.450467643690267 ], [ 10.884210048974879, 46.450518220917978 ], [ 10.883453785499185, 46.450346184457487 ], [ 10.883099199190916, 46.450329525558196 ], [ 10.882553018816571, 46.450302520654922 ], [ 10.881905641713587, 46.450196180045467 ], [ 10.881566826558297, 46.450188256668618 ], [ 10.881004723487973, 46.450148006599576 ], [ 10.880649609251302, 46.450162848338195 ], [ 10.880442131627301, 46.449738767044224 ], [ 10.880675107110536, 46.449343440518348 ], [ 10.88082290539691, 46.449003513983229 ], [ 10.881281886515939, 46.448743966045726 ], [ 10.881533861206771, 46.448546322304061 ], [ 10.881704702914602, 46.448426512281216 ], [ 10.881749040796146, 46.448178285983587 ], [ 10.88168382035928, 46.447796864715897 ], [ 10.881235153767246, 46.447646750275467 ], [ 10.880851276633511, 46.447464068677746 ], [ 10.880433167096667, 46.447232449507084 ], [ 10.880194021393999, 46.446880887450327 ], [ 10.880049616095846, 46.446680764914575 ], [ 10.879765975129869, 46.446572930287374 ], [ 10.879465450587061, 46.446447372750242 ], [ 10.879058736164957, 46.446310059919639 ], [ 10.877810805977804, 46.446249564331701 ], [ 10.877551536124239, 46.446163823618853 ], [ 10.877053848210474, 46.446054997228373 ], [ 10.876737496205914, 46.445965691877873 ], [ 10.876147416146704, 46.445772879290296 ], [ 10.875764804242568, 46.445626159342098 ], [ 10.874899940446712, 46.445392848836725 ], [ 10.874326874511944, 46.445244747220649 ], [ 10.873754155609133, 46.445083137228067 ], [ 10.873380065811501, 46.444994768830256 ], [ 10.87279086091721, 46.444873923591985 ], [ 10.872368132198863, 46.444790848540542 ], [ 10.87197006164102, 46.44473886776376 ], [ 10.871341277588924, 46.444650162660274 ], [ 10.870865290448934, 46.444437455540196 ], [ 10.870620291619517, 46.444126468633691 ], [ 10.870432598453803, 46.443873042900094 ], [ 10.870094931334437, 46.443541071156147 ], [ 10.86962553585777, 46.44321125261159 ], [ 10.869368042433816, 46.442724969651536 ], [ 10.86918630963231, 46.442336446175688 ], [ 10.868973331739344, 46.441961932984881 ], [ 10.868785616298689, 46.441731004548956 ], [ 10.868513630599034, 46.441343955150856 ], [ 10.868241532853364, 46.440929907273173 ], [ 10.868061621620768, 46.44061785115376 ], [ 10.867712000551485, 46.44010156997242 ], [ 10.867432052624954, 46.439719147938533 ], [ 10.867211824035687, 46.439488747914496 ], [ 10.866923904664558, 46.439110954738965 ], [ 10.866718139099726, 46.43880381855864 ], [ 10.866549140891323, 46.438572580757217 ], [ 10.866042171304116, 46.438355859325341 ], [ 10.865641326554508, 46.438173403474586 ], [ 10.865098215601133, 46.437898768351047 ], [ 10.864872736594174, 46.437776448056766 ], [ 10.864378975311226, 46.437469504935635 ], [ 10.863827952135248, 46.437176993016948 ], [ 10.863368475722419, 46.4369684853392 ], [ 10.862769633900507, 46.436681247603836 ], [ 10.862242761597109, 46.436428834025726 ], [ 10.861958955259915, 46.436289458243913 ], [ 10.861653825741572, 46.436312426932176 ], [ 10.861019266179554, 46.436313757989744 ], [ 10.860465313425303, 46.43634077350643 ], [ 10.859774713023585, 46.43646450804512 ], [ 10.859123641220716, 46.436578595744294 ], [ 10.85845559370369, 46.436647956246318 ], [ 10.858183598214834, 46.436688376823597 ], [ 10.857558248345924, 46.436793037645906 ], [ 10.857229177726028, 46.436829883314438 ], [ 10.856823822841008, 46.436872466933295 ], [ 10.856155462884171, 46.436932819163268 ], [ 10.855578785878734, 46.437009679264385 ], [ 10.854970287776149, 46.437132052164706 ], [ 10.854623837997227, 46.437160172409143 ], [ 10.854286836319561, 46.437251137551243 ], [ 10.854067330153377, 46.437376195884326 ], [ 10.853586451703196, 46.437734988633473 ], [ 10.853345300056221, 46.438013394491627 ], [ 10.8529073578182, 46.438438987417491 ], [ 10.852662692526652, 46.438613950105641 ], [ 10.85235988296362, 46.438753854798662 ], [ 10.852073240662786, 46.438866497143913 ], [ 10.851828005698918, 46.439000967792474 ], [ 10.8514833708605, 46.439083048370293 ], [ 10.851020555795888, 46.439135541738423 ], [ 10.850263215211012, 46.439260299157276 ], [ 10.849712070057791, 46.439323216553397 ], [ 10.848952897432424, 46.439393995639918 ], [ 10.848680576289995, 46.439425398933047 ], [ 10.847988294277, 46.439477090231811 ], [ 10.847468197631342, 46.439543994875166 ], [ 10.846570608126354, 46.439684493803398 ], [ 10.846101230084244, 46.439759572919513 ], [ 10.84545717281711, 46.439769970722629 ], [ 10.845108817782062, 46.439766593252784 ], [ 10.844464608256585, 46.439772487978914 ], [ 10.844060651705831, 46.439761004425833 ], [ 10.842548758684959, 46.439780880077542 ], [ 10.841895555269515, 46.439737405939951 ], [ 10.841621773837609, 46.439701316847902 ], [ 10.840885384182945, 46.439627677288463 ], [ 10.840463133399304, 46.439580476073019 ], [ 10.840288715818703, 46.439547284154308 ], [ 10.839798229880259, 46.439406680080928 ], [ 10.83942347378253, 46.439295711598653 ], [ 10.839027047809269, 46.43926608934494 ], [ 10.838398261729036, 46.43922220246472 ], [ 10.838091943992071, 46.439186628086297 ], [ 10.837389642709557, 46.439206916670564 ], [ 10.836615008934897, 46.439277862230746 ], [ 10.836061363836054, 46.439291254596306 ], [ 10.835562717803143, 46.439488258746557 ], [ 10.834970391743024, 46.439682264338558 ], [ 10.834660053210127, 46.439817742921086 ], [ 10.834093894033655, 46.440015823986037 ], [ 10.833782239844496, 46.440160321151062 ], [ 10.83340494352246, 46.440337369668576 ], [ 10.832914948432617, 46.44057472290708 ], [ 10.832473290066019, 46.440797799501723 ], [ 10.832235742538181, 46.440896105268067 ], [ 10.831930033765461, 46.44100000263991 ], [ 10.831559653874889, 46.441019436433649 ], [ 10.831305085386928, 46.441095513246772 ], [ 10.831000365862392, 46.44113189323695 ], [ 10.83055381128308, 46.441112044242438 ], [ 10.829891509734583, 46.441064147211591 ], [ 10.829092588835319, 46.440775435532892 ], [ 10.828493937670912, 46.440587014080535 ], [ 10.828204497305277, 46.440569143025812 ], [ 10.827599908034349, 46.440470810567476 ], [ 10.827243237377328, 46.440413512315551 ], [ 10.826844841528342, 46.440568376659236 ], [ 10.82664309388011, 46.440715598050069 ], [ 10.826391444027035, 46.440854616381678 ], [ 10.826089154077234, 46.441012442723469 ], [ 10.825566071687247, 46.441259292695577 ], [ 10.825034894748775, 46.441434270504537 ], [ 10.824472630691085, 46.441677240940798 ], [ 10.823563504927458, 46.442011240222122 ], [ 10.823023074682796, 46.442177356355451 ], [ 10.822565429811659, 46.442337650340328 ], [ 10.821796519520419, 46.442313905452181 ], [ 10.82110042296795, 46.44225299615335 ], [ 10.820439414224817, 46.442317522092509 ], [ 10.820143839532243, 46.442335727758106 ], [ 10.819577499711686, 46.442457240699582 ], [ 10.819178267566473, 46.442661590786024 ], [ 10.818354540921515, 46.442751193254836 ], [ 10.817669586485021, 46.442829583783293 ], [ 10.816999068590038, 46.442804242311063 ], [ 10.816685969213671, 46.442809217730179 ], [ 10.816015750832673, 46.442792865595592 ], [ 10.815364782449752, 46.442816703278844 ], [ 10.814919190960163, 46.442850777077268 ], [ 10.814545222494569, 46.442811713522197 ], [ 10.814089912125816, 46.442724440144374 ], [ 10.813532265944769, 46.442593788909882 ], [ 10.813217735037927, 46.44253127854001 ], [ 10.812550057096887, 46.442321368677632 ], [ 10.812241288972071, 46.442236264596836 ], [ 10.811522884563569, 46.44196865363751 ], [ 10.811181799870022, 46.441816559726604 ], [ 10.810833715734438, 46.441772574053402 ], [ 10.810114417837889, 46.441747964781982 ], [ 10.809801323319592, 46.441752921267792 ], [ 10.809190653064471, 46.441789585696299 ], [ 10.808770356228205, 46.441850234861988 ], [ 10.80810723211658, 46.442072220558032 ], [ 10.807682234679918, 46.442236438498213 ], [ 10.807333118934986, 46.442210458204265 ], [ 10.806740247609845, 46.442219828569186 ], [ 10.806409852917067, 46.442243048870296 ], [ 10.805837301643393, 46.44215309498972 ], [ 10.805340166172748, 46.442079947164132 ], [ 10.804794103445156, 46.442102068102351 ], [ 10.804357462285763, 46.442135959430367 ], [ 10.803856721942974, 46.442224859598383 ], [ 10.80320679823526, 46.442329610311788 ], [ 10.802876620155285, 46.442384316498952 ], [ 10.802307852081954, 46.442433783168475 ], [ 10.800968055566358, 46.442666392189324 ], [ 10.800351095962546, 46.442784107176934 ], [ 10.799745443522456, 46.442973639735072 ], [ 10.799458357651652, 46.443077156935956 ], [ 10.799214232675466, 46.443175497432591 ], [ 10.798937807986226, 46.443355344369003 ], [ 10.798506849115093, 46.44363662008054 ], [ 10.798029092504743, 46.443954629546973 ], [ 10.797456395415038, 46.444206630657483 ], [ 10.797220691439605, 46.44436333356245 ], [ 10.797044431082954, 46.444546101260876 ], [ 10.79685154054261, 46.444742629826877 ], [ 10.796755131725101, 46.445176138133817 ], [ 10.796859832502943, 46.445687484605521 ], [ 10.796870336792773, 46.446105812874521 ], [ 10.79657465379227, 46.446443454124207 ], [ 10.796223001812862, 46.446835973020917 ], [ 10.796002890813819, 46.446996928283227 ], [ 10.795634520451722, 46.447425707358228 ], [ 10.795425711414326, 46.447608983624285 ], [ 10.795105393541448, 46.448064005908769 ], [ 10.794900193902748, 46.448382222317569 ], [ 10.79470683910254, 46.44856525462135 ], [ 10.7942949730534, 46.448909213386941 ], [ 10.794044074902414, 46.449075147877224 ], [ 10.793613204473804, 46.449410402493044 ], [ 10.793267283764946, 46.449730823335265 ], [ 10.792889116162293, 46.450110247802009 ], [ 10.792503990237568, 46.450525779474525 ], [ 10.792116415382415, 46.450891849029816 ], [ 10.791923042477999, 46.451074876807091 ], [ 10.791595352546729, 46.451480505304318 ], [ 10.791363583331352, 46.451758632159766 ], [ 10.790764803421858, 46.452236004073391 ], [ 10.790392818932158, 46.452556824235657 ], [ 10.790139944053278, 46.452961276875236 ], [ 10.790078774851004, 46.453155731248032 ], [ 10.789825825011357, 46.453582683931081 ], [ 10.7896623498042, 46.454008235539675 ], [ 10.789477716648653, 46.454483617164058 ], [ 10.789199321167194, 46.454879467153027 ], [ 10.788979260193935, 46.455292403392697 ], [ 10.788844200126873, 46.455492513062161 ], [ 10.788699384023889, 46.455643276063476 ], [ 10.788523501358611, 46.455839524047668 ], [ 10.788387336777362, 46.456030650592261 ], [ 10.787952141847203, 46.456460449319394 ], [ 10.787470633668393, 46.456967469023404 ], [ 10.787134888487612, 46.457377710098314 ], [ 10.786982298240364, 46.457564591728996 ], [ 10.786637456651501, 46.457970473542026 ], [ 10.7862440937865, 46.458386112156148 ], [ 10.785973055203502, 46.458759339451447 ], [ 10.785733671235835, 46.459105072188834 ], [ 10.78569060368922, 46.459605235664547 ], [ 10.785678811890756, 46.459816915938681 ], [ 10.785592347610519, 46.46025925814417 ], [ 10.785493838073162, 46.460607290101144 ], [ 10.785419083126508, 46.460909951855321 ], [ 10.784787894316032, 46.461446296508157 ], [ 10.784419497930044, 46.46183003942123 ], [ 10.784282703588854, 46.462003171015922 ], [ 10.783963188717017, 46.462413149082302 ], [ 10.783852206504978, 46.462603877064382 ], [ 10.783384453893529, 46.463011666188216 ], [ 10.782860834030609, 46.463528322446251 ], [ 10.78249078311393, 46.463912084772353 ], [ 10.782297919934589, 46.46411308747571 ], [ 10.782218297848594, 46.464541820380077 ], [ 10.782223864900116, 46.464762229359962 ], [ 10.781906593031419, 46.4655411593384 ], [ 10.781832178902794, 46.465830313420675 ], [ 10.781645959776833, 46.466310205966046 ], [ 10.781536429627792, 46.466545908050421 ], [ 10.7816068144704, 46.466981302793833 ], [ 10.781671743681409, 46.467299784781616 ], [ 10.781579008488062, 46.467800719918095 ], [ 10.781460968575782, 46.468324548751831 ], [ 10.781496888064993, 46.46875148060176 ], [ 10.781510663042244, 46.468949262028616 ], [ 10.781424152611143, 46.469391601086514 ], [ 10.781394368864413, 46.469576561418293 ], [ 10.781045470643431, 46.470085986524893 ], [ 10.780461701549449, 46.470833063338134 ], [ 10.780286034950311, 46.471038294506279 ], [ 10.779888351364246, 46.471350479551745 ], [ 10.779651747765786, 46.471484659756882 ], [ 10.779425553545661, 46.471663676551913 ], [ 10.778984170635539, 46.471859540866845 ], [ 10.778625490296688, 46.472045117199301 ], [ 10.777967462958015, 46.472163349042553 ], [ 10.777697716355126, 46.472280040903541 ], [ 10.777396445023012, 46.472428721523023 ], [ 10.777191940119952, 46.472548897904034 ], [ 10.776646350955353, 46.472845370715341 ], [ 10.776387223921297, 46.473038392865369 ], [ 10.775990386080737, 46.473328051519978 ], [ 10.77572062942917, 46.473444738833592 ], [ 10.775198774548654, 46.473745335975067 ], [ 10.774669202159711, 46.474059550210079 ], [ 10.77441653424194, 46.474175969189396 ], [ 10.773910724116995, 46.474444812061847 ], [ 10.773444796405501, 46.474663535146931 ], [ 10.773031286976831, 46.474966941701133 ], [ 10.772438995217504, 46.475381115941907 ], [ 10.772018595446884, 46.475698125302081 ], [ 10.771800788470813, 46.475885996647257 ], [ 10.771656018208903, 46.476041236604708 ], [ 10.771519947354367, 46.476263840148867 ], [ 10.771421210508747, 46.476557863593314 ], [ 10.771194377421596, 46.477069866618045 ], [ 10.771109363376169, 46.477260179411168 ], [ 10.770925403634008, 46.477537522798698 ], [ 10.770638329653892, 46.477924460351879 ], [ 10.770513552778482, 46.478169387236484 ], [ 10.770233365786773, 46.478542717377664 ], [ 10.770098910776301, 46.478765294107092 ], [ 10.769923303010406, 46.479024506898888 ], [ 10.769629006030074, 46.479465552423498 ], [ 10.769380945807388, 46.479775384549157 ], [ 10.769120238543213, 46.480197909310974 ], [ 10.768959531763981, 46.480389391491698 ], [ 10.76870512903578, 46.480780318419292 ], [ 10.768562523966402, 46.481003019312666 ], [ 10.768365401549065, 46.48135256036079 ], [ 10.768081090148007, 46.481599951590432 ], [ 10.767743686030883, 46.481942660809281 ], [ 10.767239956434118, 46.48227893998645 ], [ 10.767012816123399, 46.482430947007131 ], [ 10.766665633659906, 46.482773804090037 ], [ 10.766336551188459, 46.48314787977953 ], [ 10.766184270709822, 46.483600221853962 ], [ 10.76607947211297, 46.4840608301188 ], [ 10.765894194192796, 46.484500181694997 ], [ 10.765822398366925, 46.484672286557839 ], [ 10.765653540292636, 46.485115884017397 ], [ 10.765551078438207, 46.48534696087421 ], [ 10.765433751249789, 46.485848260920925 ], [ 10.765345697747026, 46.486272610626131 ], [ 10.764856599785066, 46.486131664142917 ], [ 10.763611573199569, 46.48590787948185 ], [ 10.762303917311412, 46.485887541852598 ], [ 10.76088380296687, 46.486066916561995 ], [ 10.7593383466135, 46.486576694559403 ], [ 10.758592988727276, 46.486493662638971 ], [ 10.757609331192018, 46.486040797775765 ], [ 10.756288798920213, 46.48569659679891 ], [ 10.754751016468976, 46.485787704662066 ], [ 10.753193206281834, 46.486041095105513 ], [ 10.75184930042988, 46.485805198713194 ], [ 10.750648853257486, 46.485243097805863 ], [ 10.749594873481641, 46.484930737374746 ], [ 10.748511264593466, 46.484938312839752 ], [ 10.747022701656437, 46.484430078080024 ], [ 10.745563411599569, 46.484708858652269 ], [ 10.744751212671984, 46.484622256964656 ], [ 10.743353896887582, 46.48406308326161 ], [ 10.742341345266018, 46.483363033358792 ], [ 10.741350852707985, 46.482460143208478 ], [ 10.740484794201027, 46.482113337492564 ], [ 10.739565832841953, 46.481996824743142 ], [ 10.739106577726425, 46.48179231555465 ], [ 10.739032066744652, 46.481293960339642 ], [ 10.738418589007242, 46.480056817579779 ], [ 10.737093366028745, 46.478942983719207 ], [ 10.73638579235298, 46.478661237541623 ], [ 10.735868283460315, 46.478390101429426 ], [ 10.735253362386192, 46.477692950990772 ], [ 10.734187405808358, 46.476714645180337 ], [ 10.733069010030757, 46.474468152370562 ], [ 10.732159644796438, 46.473982442847017 ], [ 10.7311558475783, 46.473291160375567 ], [ 10.730188808474509, 46.472756809389708 ], [ 10.729331824193535, 46.472432281140556 ], [ 10.727723889281641, 46.471660105882336 ], [ 10.726878036931025, 46.471042897386369 ], [ 10.726688027497783, 46.470492278903222 ], [ 10.726200000605838, 46.469991158586183 ], [ 10.725037479179182, 46.469630711186269 ], [ 10.723779597889866, 46.46906019416685 ], [ 10.722986342558224, 46.468559161275081 ], [ 10.722669579865983, 46.46791144801702 ], [ 10.722318753523812, 46.467628739163182 ], [ 10.720734802949504, 46.466860603947673 ], [ 10.719928086770182, 46.46649924935199 ], [ 10.719369950227602, 46.466224149495105 ], [ 10.718830901934849, 46.465624766812269 ], [ 10.718266478635648, 46.464994263534365 ], [ 10.717661303114834, 46.463792881555868 ], [ 10.717420616252166, 46.463180009781283 ], [ 10.716958428412561, 46.462201471363564 ], [ 10.716831976629521, 46.462036873540434 ], [ 10.7164671053708, 46.461434863994036 ], [ 10.71613952940522, 46.461138287225097 ], [ 10.715607246594853, 46.460880780451049 ], [ 10.713637728915398, 46.460707818968373 ], [ 10.712669126183949, 46.460681832264079 ], [ 10.711117313490119, 46.46077256440244 ], [ 10.710127412669788, 46.460976370160601 ], [ 10.70968278548553, 46.461100016906606 ], [ 10.708763449302435, 46.461478252053105 ], [ 10.708288157195129, 46.461818347137061 ], [ 10.707715331148238, 46.462137397422282 ], [ 10.707302783224467, 46.461126579304242 ], [ 10.706626597608354, 46.460196193287885 ], [ 10.705726681659307, 46.459737131402072 ], [ 10.704189377231781, 46.459170566535185 ], [ 10.703192651947576, 46.458816425413126 ], [ 10.702044428888222, 46.458536529383672 ], [ 10.700905659179043, 46.45874247126833 ], [ 10.700086020715597, 46.458768160800417 ], [ 10.698813454494903, 46.458755575627023 ], [ 10.697546996926587, 46.458598888550313 ], [ 10.696268340895541, 46.458284871644658 ], [ 10.695427857102802, 46.45774384863735 ], [ 10.694277054629257, 46.457090420471438 ], [ 10.692229356764795, 46.455937268575184 ], [ 10.691349889214944, 46.45571178606599 ], [ 10.690809682617955, 46.455508279925148 ], [ 10.69007744434877, 46.455069114642676 ], [ 10.689663951072138, 46.453752252324563 ], [ 10.689750115327406, 46.453327987422803 ], [ 10.689837242093263, 46.453092704452558 ], [ 10.689284417407199, 46.453190871558334 ], [ 10.688118690726762, 46.453181088855359 ], [ 10.686973622485693, 46.452864995559935 ], [ 10.68589167046189, 46.452273465635415 ], [ 10.685498682834323, 46.451959765714541 ], [ 10.68457971936761, 46.451163324562238 ], [ 10.683980243389879, 46.450222673753522 ], [ 10.683621143398055, 46.449872468911515 ], [ 10.682847384569142, 46.449402369076118 ], [ 10.68007955685319, 46.448948082074153 ], [ 10.67946855192814, 46.44895255850593 ], [ 10.678759222335255, 46.449147471657753 ], [ 10.677613385885499, 46.449384785038063 ], [ 10.676104027893423, 46.449816412626134 ], [ 10.674392217289208, 46.450466980832168 ], [ 10.673570005584235, 46.450830011351584 ], [ 10.671558203687836, 46.451997917113211 ], [ 10.671031452869977, 46.452230612003873 ], [ 10.669925891588546, 46.452404260717742 ], [ 10.668169339125994, 46.452101408042182 ], [ 10.666426718737215, 46.451640828515266 ], [ 10.664351051325861, 46.450852077482203 ], [ 10.662871581125891, 46.450158117611245 ], [ 10.661893525311395, 46.450082339266388 ], [ 10.660812624799549, 46.450183542908569 ], [ 10.660199824775228, 46.450156443004651 ], [ 10.658936710039169, 46.449643786867838 ], [ 10.657471542829089, 46.449498538570431 ], [ 10.656876657384542, 46.449525160081379 ], [ 10.655753060837439, 46.449640434296853 ], [ 10.654223533168468, 46.449653573170295 ], [ 10.653891641896911, 46.44963137487369 ], [ 10.652610063202012, 46.449474408765425 ], [ 10.650858281394736, 46.448892226804716 ], [ 10.649563424477424, 46.448537422247128 ], [ 10.647450694799014, 46.448153890904074 ], [ 10.646109103699484, 46.44802921595371 ], [ 10.644658801289552, 46.447645094252458 ], [ 10.642683088114108, 46.446971509677979 ], [ 10.63970746678665, 46.446438232049594 ], [ 10.638228438652771, 46.445635949061547 ], [ 10.636999760862047, 46.444524068978261 ], [ 10.636044424684078, 46.44400675296454 ], [ 10.634586238511718, 46.443897110817396 ], [ 10.633474833191427, 46.444281986560711 ], [ 10.632430228573202, 46.444724396594701 ], [ 10.631223272473431, 46.445425608162246 ], [ 10.629636913223793, 46.446285211821717 ], [ 10.628738182714793, 46.446518512926048 ], [ 10.62663562854911, 46.447070432932705 ], [ 10.625696452104449, 46.447340284697319 ], [ 10.624838344428978, 46.447572977467644 ], [ 10.623229689277968, 46.447906319412205 ], [ 10.621907048056945, 46.447952087866973 ], [ 10.621694143668025, 46.44809910468274 ], [ 10.621233461987529, 46.448425130917407 ], [ 10.620256159617803, 46.448920473723334 ], [ 10.619581167031484, 46.449155031861665 ], [ 10.618681391329282, 46.449383768550049 ], [ 10.6180548495024, 46.449496134295771 ], [ 10.616129234014098, 46.449626865306598 ], [ 10.615451052669096, 46.449699447489017 ], [ 10.615172533652114, 46.449775380606049 ], [ 10.614585680862753, 46.449936665614601 ], [ 10.612863922175984, 46.450523453012671 ], [ 10.612092176501866, 46.451038325527193 ], [ 10.611311628908073, 46.451503817871483 ], [ 10.6101430566535, 46.452748752739929 ], [ 10.609442223791973, 46.453766597458589 ], [ 10.609154338683783, 46.454630130295683 ], [ 10.608378974921377, 46.456297002497891 ], [ 10.607212953072821, 46.45716387888114 ], [ 10.607033574708195, 46.457346396008091 ], [ 10.606035648912247, 46.458395393368619 ], [ 10.605151985671972, 46.459456277532702 ], [ 10.60385187002861, 46.460666993401539 ], [ 10.603571552479035, 46.46087792010578 ], [ 10.602332688046641, 46.461903263651116 ], [ 10.601641623070408, 46.462929921585832 ], [ 10.60110644853607, 46.463999391341652 ], [ 10.600765137342997, 46.464629655048725 ], [ 10.600555716622626, 46.466455042717861 ], [ 10.600501269305612, 46.468485255319166 ], [ 10.600519300322103, 46.468655998737241 ], [ 10.599865473982181, 46.468818144752774 ], [ 10.599196587954848, 46.468966997969602 ], [ 10.598807996712425, 46.46901293094696 ], [ 10.598568887460299, 46.469020773831694 ], [ 10.598312061892951, 46.469118861627841 ], [ 10.598064851509022, 46.469239313910151 ], [ 10.597511472869812, 46.469440541562861 ], [ 10.597197663052583, 46.469566422270276 ], [ 10.596686053896619, 46.469749062911845 ], [ 10.595975290278737, 46.469997479511129 ], [ 10.595363423649838, 46.470064516404193 ], [ 10.594810835229421, 46.470126223388633 ], [ 10.594148512189362, 46.470193957480888 ], [ 10.5938425843415, 46.470283719960413 ], [ 10.593495980135168, 46.470374048473829 ], [ 10.593231952722819, 46.470476725061211 ], [ 10.592793856114172, 46.47064032438341 ], [ 10.592381403970363, 46.470790065240777 ], [ 10.592149398632467, 46.470874293830114 ], [ 10.591893339567045, 46.470999355794078 ], [ 10.59155588103615, 46.471152549493205 ], [ 10.591234040621254, 46.471283025420696 ], [ 10.591002817998749, 46.471394240096572 ], [ 10.590746077638867, 46.471523808838498 ], [ 10.590472667121389, 46.471640109208977 ], [ 10.590217813990694, 46.471778650278139 ], [ 10.589979083219143, 46.471939466026939 ], [ 10.589614958013497, 46.472156023146447 ], [ 10.589094914685806, 46.472190250692172 ], [ 10.588474614355098, 46.472248368070396 ], [ 10.58783004877739, 46.472171822467509 ], [ 10.587507546197331, 46.472140301182939 ], [ 10.586877334184251, 46.47208155047754 ], [ 10.585935267692395, 46.471937124242764 ], [ 10.585571591519692, 46.471861169688502 ], [ 10.584926022941875, 46.4718341203615 ], [ 10.584272186436285, 46.471802682054609 ], [ 10.583957410045658, 46.471784543366901 ], [ 10.583593936831178, 46.471771578105127 ], [ 10.583287106299515, 46.471802826267307 ], [ 10.582471342528969, 46.471998613875158 ], [ 10.581825023645553, 46.472142553040463 ], [ 10.58150360814766, 46.472232496668518 ], [ 10.580851008284741, 46.472412516258665 ], [ 10.580578027017136, 46.472488288015185 ], [ 10.579933558993025, 46.472668189948905 ], [ 10.579264776058579, 46.47287992324096 ], [ 10.578950539517582, 46.472965260634766 ], [ 10.578570519729679, 46.473056005196348 ], [ 10.57814896061393, 46.473174321093808 ], [ 10.577785384514305, 46.473242336676449 ], [ 10.577537786815084, 46.473295251487123 ], [ 10.577215057428061, 46.473340202312372 ], [ 10.577107462995397, 46.47336418573267 ], [ 10.576780294591888, 46.473593691764499 ], [ 10.576522989736898, 46.473705236704063 ], [ 10.576249773602846, 46.474167991251754 ], [ 10.576059909478781, 46.474359603358188 ], [ 10.575588071838803, 46.474964590016022 ], [ 10.575281157375231, 46.475247811181724 ], [ 10.574982679406238, 46.475512915780506 ], [ 10.574751405112851, 46.475624098146831 ], [ 10.574453853668924, 46.475695693686752 ], [ 10.573841161488367, 46.475906622745548 ], [ 10.573138334011546, 46.476069289869443 ], [ 10.572715226415701, 46.476304603824609 ], [ 10.572185103287527, 46.476527887958717 ], [ 10.571614092362632, 46.476801230270084 ], [ 10.571350453845476, 46.47686335184067 ], [ 10.571109356373672, 46.477001661062175 ], [ 10.570811558249481, 46.477149748436027 ], [ 10.570339191206539, 46.477484727543931 ], [ 10.569866590610351, 46.477783708845408 ], [ 10.569420386178994, 46.478122824806292 ], [ 10.568899418194761, 46.478381966972506 ], [ 10.568659547677164, 46.478506754505219 ], [ 10.56808733494092, 46.478739596639436 ], [ 10.567591740572942, 46.478975885460244 ], [ 10.567143962129455, 46.479261015479224 ], [ 10.56661364364359, 46.47959227333952 ], [ 10.566166454640758, 46.479926890063012 ], [ 10.565900750702578, 46.480088024591979 ], [ 10.565446151597396, 46.480391240793161 ], [ 10.564842302391629, 46.480799994850948 ], [ 10.564271164438594, 46.481185798826814 ], [ 10.564029833151086, 46.481373594804602 ], [ 10.563782232547151, 46.481484978108675 ], [ 10.563467453130079, 46.481525281383171 ], [ 10.563128207512738, 46.481592917489998 ], [ 10.562565565010159, 46.481735603456066 ], [ 10.562301248024353, 46.481775213952069 ], [ 10.561631122246233, 46.4820318606141 ], [ 10.561092854498522, 46.482201205685122 ], [ 10.560785995735806, 46.48229089205708 ], [ 10.560522313693896, 46.482438486763314 ], [ 10.56029839225376, 46.482581038463181 ], [ 10.560056526606116, 46.482750833775711 ], [ 10.559617632145679, 46.483121310453264 ], [ 10.559103546233622, 46.483596307724476 ], [ 10.558507495134631, 46.484166917117101 ], [ 10.55815969621325, 46.484563145738029 ], [ 10.557960785117769, 46.484754850598215 ], [ 10.55762925857406, 46.48515085585678 ], [ 10.557331539464366, 46.4854474025204 ], [ 10.557173235275085, 46.485692551418587 ], [ 10.556774559416018, 46.486332461573632 ], [ 10.556483678611883, 46.486754909260029 ], [ 10.556359208820329, 46.486959097593449 ], [ 10.556069000781671, 46.487377035145485 ], [ 10.555894610440079, 46.487658400039514 ], [ 10.555603883538875, 46.488143841466943 ], [ 10.5553299065697, 46.488588555463892 ], [ 10.555040336354912, 46.489028980944127 ], [ 10.554889934329633, 46.489238020096636 ], [ 10.554650047400855, 46.489650769750185 ], [ 10.554525307742894, 46.489931457411487 ], [ 10.554233726623083, 46.490101915958178 ], [ 10.553762736673063, 46.490378308567585 ], [ 10.553323280659164, 46.490618271934096 ], [ 10.552892165455026, 46.490894119274081 ], [ 10.552627189531066, 46.491055212651489 ], [ 10.552238324934065, 46.491298984761187 ], [ 10.551989358074737, 46.491450859600754 ], [ 10.551236300358582, 46.491632072463197 ], [ 10.550409786837143, 46.491836775626133 ], [ 10.549753590525444, 46.492016665405124 ], [ 10.54942360695752, 46.492097634690737 ], [ 10.548827561900804, 46.492245205044043 ], [ 10.548157659648103, 46.492344273676814 ], [ 10.547362339291631, 46.492472034719988 ], [ 10.546916362087559, 46.492541066645373 ], [ 10.546585703477064, 46.492541039265298 ], [ 10.546229728793776, 46.492509854178991 ], [ 10.545915395340257, 46.492482604923453 ], [ 10.545295138347527, 46.492436989906864 ], [ 10.544303447887586, 46.49236038925573 ], [ 10.543386109973326, 46.492206278803771 ], [ 10.542748869635147, 46.492106880799462 ], [ 10.54246784227178, 46.492047673668189 ], [ 10.541954858509012, 46.491964594596482 ], [ 10.541607642177212, 46.491897278095088 ], [ 10.541334840266483, 46.491869456353143 ], [ 10.539946352759074, 46.491757666710718 ], [ 10.539217838552679, 46.491713476520211 ], [ 10.538888097398297, 46.491659416139854 ], [ 10.538606036144262, 46.491649711955446 ], [ 10.538241950965132, 46.491677109381314 ], [ 10.537174683397549, 46.49174995907466 ], [ 10.536298027944792, 46.491824738033024 ], [ 10.535660604827452, 46.491891798002776 ], [ 10.535346061666315, 46.491972519273006 ], [ 10.53471698551988, 46.492133959073236 ], [ 10.533897479999409, 46.492329448947316 ], [ 10.533500601365597, 46.492465267883475 ], [ 10.532938271895556, 46.492625802770547 ], [ 10.532664124454326, 46.492723974580244 ], [ 10.532357425509577, 46.492881080161652 ], [ 10.532124992906166, 46.493014690595672 ], [ 10.531521342800444, 46.493270269233896 ], [ 10.531139926531242, 46.493464371080037 ], [ 10.530510605503109, 46.493792285878563 ], [ 10.530029817903571, 46.494073211323943 ], [ 10.529731990377339, 46.494198692068807 ], [ 10.529442922192104, 46.494288055978615 ], [ 10.529160315269481, 46.494404331931506 ], [ 10.528623123065106, 46.494533010318918 ], [ 10.528159011665617, 46.494683208912441 ], [ 10.527737624867489, 46.494846334426541 ], [ 10.526777565371503, 46.494998652117445 ], [ 10.526098875534796, 46.495106708377335 ], [ 10.525807916387208, 46.49518708857893 ], [ 10.525510065609316, 46.495254060387623 ], [ 10.525172127848773, 46.495285567177149 ], [ 10.524807454473562, 46.495321929322714 ], [ 10.524111838841041, 46.49534920194737 ], [ 10.523245134701018, 46.495374249549087 ], [ 10.522508001334808, 46.495402065431072 ], [ 10.522193037370936, 46.495410758231259 ], [ 10.52189687325648, 46.495392200800069 ], [ 10.52155742643132, 46.495369718646842 ], [ 10.52055612132679, 46.495270540598376 ], [ 10.519680633774318, 46.495214680462439 ], [ 10.519025918503358, 46.495160381099431 ], [ 10.518670886215782, 46.49513359754188 ], [ 10.517967880166641, 46.495070933701975 ], [ 10.517504682324741, 46.495108580327795 ], [ 10.51693338834189, 46.495125159723067 ], [ 10.51608947975966, 46.495149850682871 ], [ 10.515444588959166, 46.495185397777561 ], [ 10.515071950202019, 46.495199335110463 ], [ 10.514392809344617, 46.495203831010912 ], [ 10.514062881464822, 46.495230699014755 ], [ 10.513277392938321, 46.495277095018658 ], [ 10.512524213587467, 46.495372556754425 ], [ 10.51185420920072, 46.495412915606863 ], [ 10.511480313306443, 46.495440357427931 ], [ 10.511233303370084, 46.495461621415302 ], [ 10.510902556068363, 46.49554698930136 ], [ 10.510429560647426, 46.495701733047518 ], [ 10.509685673546116, 46.495927549255228 ], [ 10.509056276833528, 46.496169849272299 ], [ 10.508534452238269, 46.496149734981323 ], [ 10.508203332770575, 46.496104604027742 ], [ 10.50757429742915, 46.496036400817495 ], [ 10.506887897983201, 46.495955450478725 ], [ 10.505672613192891, 46.496070454905087 ], [ 10.504984294977879, 46.496156013185121 ], [ 10.50463788512142, 46.496205570171789 ], [ 10.503959273075372, 46.496259495553375 ], [ 10.502651588592435, 46.496420681582421 ], [ 10.502030708320603, 46.496500836042813 ], [ 10.501402009592068, 46.496563090344331 ], [ 10.501103950045055, 46.496594002369847 ], [ 10.50045018484859, 46.496692579330116 ], [ 10.499706549971053, 46.496751832438598 ], [ 10.499241732043908, 46.496879423416935 ], [ 10.498563635779277, 46.497041306564192 ], [ 10.49798468755651, 46.49716588810049 ], [ 10.49765246995333, 46.497228737557151 ], [ 10.497022352531401, 46.497358484184097 ], [ 10.496427045924277, 46.497510271101426 ], [ 10.495525006496887, 46.497733564532147 ], [ 10.495184985052568, 46.49786850656632 ], [ 10.494572562482944, 46.498020507584449 ], [ 10.494266199050898, 46.498105508560876 ], [ 10.493670752087546, 46.498104287806576 ], [ 10.493314944862941, 46.498108934615054 ], [ 10.492521005354243, 46.498146298533342 ], [ 10.491948602042955, 46.498153767765587 ], [ 10.491718213108499, 46.498098275149033 ], [ 10.491032277252632, 46.49794522587932 ], [ 10.490768131807503, 46.497876671905139 ], [ 10.490139771217111, 46.497713866998552 ], [ 10.489329482953886, 46.497539928548491 ], [ 10.488801788177581, 46.497245309387644 ], [ 10.488445210787123, 46.497042957674623 ], [ 10.488007824019574, 46.49677415851211 ], [ 10.487778318841301, 46.496601650179571 ], [ 10.487604793924104, 46.496450912465775 ], [ 10.48739931116531, 46.496233092299605 ], [ 10.487126998609407, 46.495894644705686 ], [ 10.486781058118792, 46.495543654155156 ], [ 10.48655863496567, 46.495272054407408 ], [ 10.486303281844028, 46.495077379798502 ], [ 10.485940492889881, 46.494735605366053 ], [ 10.485758469756693, 46.49457147566789 ], [ 10.485345699423286, 46.494248348125161 ], [ 10.484958864642303, 46.493920382443129 ], [ 10.484555751429774, 46.49359262676527 ], [ 10.483892549648566, 46.49376322932352 ], [ 10.483238183594876, 46.493929213563945 ], [ 10.482973218020586, 46.494009147529219 ], [ 10.482344641847364, 46.49416579247923 ], [ 10.481872836083729, 46.494306903013374 ], [ 10.481301135898439, 46.494458305319149 ], [ 10.480523033201781, 46.494657375714851 ], [ 10.479893831986029, 46.494791515958873 ], [ 10.479636679374524, 46.494889340488385 ], [ 10.479338925921409, 46.49499218951992 ], [ 10.479024046912686, 46.495063760266575 ], [ 10.478486279659458, 46.495115712730836 ], [ 10.477808062623359, 46.495214476316782 ], [ 10.477094749893364, 46.49534068833335 ], [ 10.476451409044623, 46.495434493519198 ], [ 10.476153127941375, 46.49548784262398 ], [ 10.476150935084256, 46.495978355259588 ], [ 10.476133525951527, 46.496208072633934 ], [ 10.476123967182117, 46.496667181301646 ], [ 10.476122323431056, 46.496847196738202 ], [ 10.475888561458095, 46.497268700428265 ], [ 10.47544813256199, 46.497908863243445 ], [ 10.475181835846184, 46.49836228414194 ], [ 10.475064125357894, 46.498557296238673 ], [ 10.474906631640454, 46.498757321163453 ], [ 10.474765377766253, 46.498925637458598 ], [ 10.474615507116988, 46.499076065270344 ], [ 10.47425875316693, 46.49937765528886 ], [ 10.473909603477159, 46.499719644844276 ], [ 10.47357917079901, 46.500061392129403 ], [ 10.473221262297374, 46.500380993133184 ], [ 10.473005494196476, 46.50059526562552 ], [ 10.472857048801389, 46.500678174937299 ], [ 10.472372011863836, 46.500814916561104 ], [ 10.472162609674694, 46.500903109624332 ], [ 10.471737703578498, 46.501034574601391 ], [ 10.470758557721323, 46.501636652084613 ], [ 10.470313337817009, 46.501921367930585 ], [ 10.470028868392843, 46.502096019343938 ], [ 10.469561499492642, 46.502345018138179 ], [ 10.469291642877154, 46.50257797797358 ], [ 10.468870985168762, 46.502898371361148 ], [ 10.468250514279028, 46.50336082408807 ], [ 10.467779841456609, 46.503699854931796 ], [ 10.467552908677332, 46.503833262980237 ], [ 10.467082590539434, 46.504185785911872 ], [ 10.466387832632718, 46.504613182585423 ], [ 10.465732177417381, 46.505071572763384 ], [ 10.465213339166226, 46.505438209313624 ], [ 10.465019411710154, 46.505557689854697 ], [ 10.464475867078395, 46.505884140890309 ], [ 10.464156531058624, 46.50612672172884 ], [ 10.463753707130556, 46.506415368769268 ], [ 10.463197601597422, 46.506881469681758 ], [ 10.462735928285763, 46.507193365260356 ], [ 10.462490895555424, 46.507412491735892 ], [ 10.46212111083913, 46.507718709798276 ], [ 10.461685350780201, 46.508025769919655 ], [ 10.461233734257394, 46.50828803251035 ], [ 10.460688872489495, 46.508627981695653 ], [ 10.460210869138225, 46.508940075527363 ], [ 10.460025642156628, 46.509050436717295 ], [ 10.459556016159365, 46.509371420516025 ], [ 10.459246813464462, 46.509537360765663 ], [ 10.458666325740127, 46.510008250266303 ], [ 10.458178254833475, 46.510401461093245 ], [ 10.457968061403777, 46.510584134741805 ], [ 10.457872968248168, 46.5108058393484 ], [ 10.457769816234995, 46.511000647535582 ], [ 10.45760313092193, 46.511439256922067 ], [ 10.457498076070044, 46.511715086259507 ], [ 10.457375057986296, 46.512081141249041 ], [ 10.457253144497106, 46.512366184851459 ], [ 10.457147780035926, 46.512691516025143 ], [ 10.457071624027121, 46.513164969711902 ], [ 10.457035744612494, 46.513376919383795 ], [ 10.456959926842709, 46.513832369267583 ], [ 10.456860887618145, 46.514211617596999 ], [ 10.456743149870483, 46.514775597447979 ], [ 10.456642959475237, 46.515172859548819 ], [ 10.456551667404653, 46.515628506116727 ], [ 10.456498093014869, 46.515849680575208 ], [ 10.456340096167347, 46.516279177406325 ], [ 10.456144703180978, 46.516925142398151 ], [ 10.455882655092644, 46.517607954250678 ], [ 10.455758738736932, 46.518032516441345 ], [ 10.455721810133189, 46.518266978063807 ], [ 10.455580672167752, 46.518687259386745 ], [ 10.455369298711103, 46.519315426822544 ], [ 10.455196403769627, 46.520042100584973 ], [ 10.455048968116108, 46.520471460923126 ], [ 10.454960363305799, 46.520693080158743 ], [ 10.454845059451063, 46.521135530896451 ], [ 10.454699195850669, 46.521776362938859 ], [ 10.454461785752178, 46.522467857210707 ], [ 10.454347055426078, 46.522901300345438 ], [ 10.454291047596318, 46.52315400326669 ], [ 10.454166867125959, 46.523569567005296 ], [ 10.454022327558341, 46.524138383747271 ], [ 10.453809149280127, 46.524883566276067 ], [ 10.453676505992849, 46.525348735086297 ], [ 10.45360454103113, 46.525583641063442 ], [ 10.453465086500563, 46.525976898838721 ], [ 10.453372589456801, 46.526297562379511 ], [ 10.453321752577628, 46.526469202000754 ], [ 10.453185975498688, 46.527091904010049 ], [ 10.45310556865099, 46.527407913815736 ], [ 10.453115078664405, 46.527794778388582 ], [ 10.453043316584111, 46.52800718218311 ], [ 10.453093611036506, 46.528456526149775 ], [ 10.453121233158802, 46.529095150967166 ], [ 10.453163963033809, 46.529841579637576 ], [ 10.453188637876277, 46.530277749472653 ], [ 10.453166627841744, 46.530552518663008 ], [ 10.453170758226385, 46.530768457927159 ], [ 10.453207869467773, 46.531028976389841 ], [ 10.453214280083593, 46.531483377520765 ], [ 10.453219623869515, 46.532050287850005 ], [ 10.453460492383217, 46.532402713270997 ], [ 10.453645032688271, 46.532751354311479 ], [ 10.453763162180264, 46.533024342187119 ], [ 10.453883900181598, 46.533211800071449 ], [ 10.45399542998703, 46.533390375239968 ], [ 10.454182860134308, 46.533572485064582 ], [ 10.454402161516013, 46.53372719031956 ], [ 10.454599491540582, 46.5339136733825 ], [ 10.454744505006492, 46.534033324195121 ], [ 10.455038153447187, 46.534286078665737 ], [ 10.455356247945375, 46.534538521292696 ], [ 10.455657568901653, 46.534773177221524 ], [ 10.455812725081316, 46.53490619704683 ], [ 10.456065469655035, 46.535091972150731 ], [ 10.456489550703752, 46.535406059729993 ], [ 10.45680163202967, 46.535555078914982 ], [ 10.457006949464166, 46.535673958670792 ], [ 10.457465305446313, 46.535897609461593 ], [ 10.457982678992673, 46.536134005526691 ], [ 10.45844116326068, 46.536362150586953 ], [ 10.458661997103407, 46.536512328262212 ], [ 10.458889372757818, 46.536693920829485 ], [ 10.459002350114675, 46.536894971695979 ], [ 10.459010333105875, 46.537344852243066 ], [ 10.459060531410024, 46.537758195607594 ], [ 10.459091013434914, 46.53825728710224 ], [ 10.459110174928334, 46.538455034850458 ], [ 10.459131676349575, 46.538679751672269 ], [ 10.459116483805847, 46.539116428291884 ], [ 10.45912776065127, 46.53935477500309 ], [ 10.459095087980799, 46.539778175119295 ], [ 10.459104609464459, 46.540133539566106 ], [ 10.459037315040206, 46.5405123830962 ], [ 10.459173210654081, 46.540807637543956 ], [ 10.459299133057705, 46.541157016924608 ], [ 10.459453169065631, 46.541308045280346 ], [ 10.459777431682353, 46.541240909404266 ], [ 10.460101934705243, 46.541182769179407 ], [ 10.460734822917235, 46.541012693970217 ], [ 10.461247202751132, 46.541060146435825 ], [ 10.461643616888304, 46.541100079086064 ], [ 10.462271071053676, 46.541213553552524 ], [ 10.462684243393445, 46.541239768865864 ], [ 10.462923854183773, 46.541268202911063 ], [ 10.463305419745177, 46.541240822415077 ], [ 10.463876073816376, 46.541242519271158 ], [ 10.464325197121136, 46.541241269558924 ], [ 10.464747963770305, 46.541199857250973 ], [ 10.465128503183482, 46.541194982917908 ], [ 10.465399711347372, 46.541277004845448 ], [ 10.466084255607248, 46.541421225630806 ], [ 10.466785127739458, 46.541596731661862 ], [ 10.46704933652425, 46.541660840158727 ], [ 10.467690964302029, 46.541846100219303 ], [ 10.46816087719259, 46.542011062036202 ], [ 10.46897142669108, 46.54208165077668 ], [ 10.469616185551679, 46.54214086482267 ], [ 10.470210636904216, 46.542178222846239 ], [ 10.470531651508376, 46.542232593396371 ], [ 10.471106854123827, 46.542432187824772 ], [ 10.471741784698096, 46.542640010407283 ], [ 10.472213424431169, 46.543079422426857 ], [ 10.47245655706037, 46.543328282383946 ], [ 10.472610252339027, 46.543555794349565 ], [ 10.472556566833539, 46.543740978234744 ], [ 10.47244481556287, 46.543949408778396 ], [ 10.47229420964895, 46.544378830577969 ], [ 10.472207955422114, 46.544595932271662 ], [ 10.472104393314355, 46.544835755770983 ], [ 10.471972354861773, 46.545228939529245 ], [ 10.471782332587916, 46.545708365861465 ], [ 10.471685558983939, 46.545988599940763 ], [ 10.471623140375792, 46.546182895319966 ], [ 10.471571170999708, 46.546341057662566 ], [ 10.471523828085587, 46.546580157179221 ], [ 10.471470287271028, 46.546801337136607 ], [ 10.471381488757848, 46.547135466109587 ], [ 10.4713134073889, 46.547662820628517 ], [ 10.471300127056688, 46.547865483253197 ], [ 10.471485085623142, 46.548133092735767 ], [ 10.471571397431813, 46.548370472506925 ], [ 10.471691088047058, 46.548575923977488 ], [ 10.471846073664667, 46.548789920735764 ], [ 10.472153632699809, 46.549159447041276 ], [ 10.472396136210051, 46.549444313540803 ], [ 10.472590033888656, 46.549680307385358 ], [ 10.472889131416732, 46.550067939881956 ], [ 10.473207157998747, 46.550311333652708 ], [ 10.473572820127849, 46.550657608547496 ], [ 10.473768847339329, 46.550821575875695 ], [ 10.474149749497743, 46.551248649192544 ], [ 10.474434731671989, 46.551505964877435 ], [ 10.474619930595562, 46.551751066992061 ], [ 10.474788649936883, 46.552050379077258 ], [ 10.475036878376333, 46.55242516233826 ], [ 10.475286785263773, 46.552831422089085 ], [ 10.475339255308461, 46.553082734832806 ], [ 10.475564459042728, 46.553480312972553 ], [ 10.475728331902523, 46.553991177350845 ], [ 10.475952656273167, 46.55432576864046 ], [ 10.476276955606707, 46.554708566997405 ], [ 10.476583680906311, 46.555105090744938 ], [ 10.476752554666342, 46.555318901367492 ], [ 10.476944943761593, 46.555707900740636 ], [ 10.477063486281722, 46.555989858014691 ], [ 10.477262466942735, 46.556441769050522 ], [ 10.477371842102805, 46.556746343440828 ], [ 10.477392256358725, 46.557047567092624 ], [ 10.477441263038727, 46.557501414942486 ], [ 10.477493592715662, 46.557716729852018 ], [ 10.477238121142046, 46.558098013932053 ], [ 10.477032405464504, 46.558420157327625 ], [ 10.476761156488942, 46.558761145755255 ], [ 10.476463122061336, 46.559196975300686 ], [ 10.476352343105185, 46.559351398850445 ], [ 10.476006534478268, 46.5596798484166 ], [ 10.47580244818591, 46.559911972294429 ], [ 10.475464219558564, 46.560249321988948 ], [ 10.475337376436341, 46.560412951374971 ], [ 10.475209466992219, 46.560567594752129 ], [ 10.474964204777077, 46.560845246265735 ], [ 10.474735275099837, 46.561154185298179 ], [ 10.474539663802826, 46.561368198342414 ], [ 10.474496483450572, 46.561490249840283 ], [ 10.474420754801432, 46.56194570665825 ], [ 10.474367180739371, 46.562135389189812 ], [ 10.474268059988615, 46.562600147012908 ], [ 10.474205267415833, 46.562780948660496 ], [ 10.474256964355524, 46.563153766232155 ], [ 10.474263682845015, 46.563612659853206 ], [ 10.474314437496718, 46.563980989689981 ], [ 10.474335449354964, 46.564214708726261 ], [ 10.474431507282484, 46.564388962852206 ], [ 10.474534819022168, 46.564590122206354 ], [ 10.474733658347619, 46.565006040402302 ], [ 10.474827510117645, 46.565279318328372 ], [ 10.474963926504056, 46.56597952867736 ], [ 10.474982001840516, 46.566285282257354 ], [ 10.475016626327839, 46.566599822001891 ], [ 10.475079470917793, 46.566752004836417 ], [ 10.475317191411822, 46.566946930055195 ], [ 10.475732827558968, 46.56729705243071 ], [ 10.476122824881708, 46.567724000836868 ], [ 10.476561943058545, 46.568127814737458 ], [ 10.476831219915358, 46.568313329777006 ], [ 10.476886242173066, 46.568537609430827 ], [ 10.47698020029612, 46.568783885265866 ], [ 10.477042310475367, 46.568999073693199 ], [ 10.477214733617899, 46.569491825092136 ], [ 10.477325433937043, 46.569814381000448 ], [ 10.47745701738345, 46.570244662258929 ], [ 10.477587085757788, 46.570769458733331 ], [ 10.477736066854014, 46.571240013055828 ], [ 10.477714578013583, 46.571469780523614 ], [ 10.478157218573275, 46.571761047587401 ], [ 10.47857474551906, 46.571998639986361 ], [ 10.478867809022436, 46.5721883424415 ], [ 10.479062266616017, 46.572500813929892 ], [ 10.479237939730238, 46.572872025416295 ], [ 10.479323260566373, 46.573100411684621 ], [ 10.479459588624985, 46.573314638706456 ], [ 10.479572720832932, 46.573515666230165 ], [ 10.479735759302985, 46.573662050390766 ], [ 10.479947667364746, 46.573866299368085 ], [ 10.480246748496448, 46.574186414551043 ], [ 10.480540612617414, 46.574434599694129 ], [ 10.481245188286739, 46.5748484581189 ], [ 10.481744619939057, 46.575156974883718 ], [ 10.482006936261822, 46.57532456856994 ], [ 10.482482896477089, 46.575579388648237 ], [ 10.4827781508037, 46.575728554434107 ], [ 10.483179102464179, 46.575984344004645 ], [ 10.483743333076584, 46.576305511092876 ], [ 10.483863992484284, 46.576542435032891 ], [ 10.484247963619223, 46.57689293687563 ], [ 10.484441068275935, 46.577124420247642 ], [ 10.484494781023054, 46.577299215198352 ], [ 10.484425742131737, 46.577489102711247 ], [ 10.484292299449463, 46.577949813777643 ], [ 10.484186085527485, 46.578302176214962 ], [ 10.484116518321136, 46.578532568526505 ], [ 10.484018528929377, 46.578857825277154 ], [ 10.483886427881652, 46.579278020191133 ], [ 10.483814981902382, 46.579499437063269 ], [ 10.483716708226137, 46.579874194931762 ], [ 10.483679950441058, 46.580081662322087 ], [ 10.483675442297075, 46.580275211974907 ], [ 10.483670126873022, 46.580558767982971 ], [ 10.483687500928461, 46.580986023066437 ], [ 10.48367166530026, 46.581332712623542 ], [ 10.483675767353256, 46.581602647039276 ], [ 10.483704895457171, 46.581773261347628 ], [ 10.483825479912872, 46.581947188996203 ], [ 10.483954465461672, 46.582130007102428 ], [ 10.484148936021908, 46.582320974931918 ], [ 10.484369871865082, 46.582525098344775 ], [ 10.484663728497246, 46.582800271490086 ], [ 10.484996892573779, 46.583110931876995 ], [ 10.485522221035101, 46.583378597487055 ], [ 10.485416530401238, 46.583690455823238 ], [ 10.485271638652346, 46.583881328719293 ], [ 10.485219184290196, 46.584021503422626 ], [ 10.485134922507138, 46.5842520869464 ], [ 10.485023508864439, 46.584474023346324 ], [ 10.485101959808514, 46.584747492034964 ], [ 10.485312200268279, 46.585127244296345 ], [ 10.485613025398845, 46.585537318147196 ], [ 10.485832633275324, 46.585781954016682 ], [ 10.486110204473523, 46.586057334887137 ], [ 10.486312172537433, 46.586342697128124 ], [ 10.486466543228834, 46.586588179481026 ], [ 10.486569788252972, 46.586843325691177 ], [ 10.486567012366033, 46.587099849801866 ], [ 10.486504222014666, 46.587429150527832 ], [ 10.486466422058106, 46.587717628320235 ], [ 10.486418401378007, 46.588109734063849 ], [ 10.486648224496333, 46.588309237637539 ], [ 10.486990697400296, 46.588660269100323 ], [ 10.487211547070833, 46.588859888189909 ], [ 10.487406668959848, 46.589073340788858 ], [ 10.487461213016937, 46.589248123221488 ], [ 10.487433112282465, 46.589473478080386 ], [ 10.487313911186643, 46.589709017156736 ], [ 10.487170427152041, 46.589832377133646 ], [ 10.48679451138797, 46.590048754280552 ], [ 10.486527507302391, 46.590160219637234 ], [ 10.486094934683862, 46.59036383143409 ], [ 10.485761171000359, 46.590480662152189 ], [ 10.485185448260372, 46.590641132028537 ], [ 10.48454704950499, 46.590806912287931 ], [ 10.484557330755681, 46.591153262433323 ], [ 10.48446919908011, 46.591541387934456 ], [ 10.484366255545629, 46.591745214330288 ], [ 10.484181820765162, 46.59192309936914 ], [ 10.483920031890607, 46.592196483204454 ], [ 10.483802230489079, 46.592364503540871 ], [ 10.483716527574604, 46.592572605446144 ], [ 10.483972203959015, 46.593181259360513 ], [ 10.484234772706944, 46.59329484686873 ], [ 10.484398658987438, 46.593499710204298 ], [ 10.484626413174322, 46.593712743891295 ], [ 10.484739659649357, 46.593945262721604 ], [ 10.484711702513405, 46.594116617441216 ], [ 10.484632283885674, 46.594405634519063 ], [ 10.484527428250912, 46.594748979084898 ], [ 10.48456496951815, 46.594928483193051 ], [ 10.48463113809299, 46.595080617006175 ], [ 10.484883213603402, 46.595347331851194 ], [ 10.485227943906111, 46.595540846504662 ], [ 10.485605795790129, 46.595751929059375 ], [ 10.485925659065462, 46.595990762415717 ], [ 10.486219300062086, 46.596225435816301 ], [ 10.486447688111632, 46.596460956484002 ], [ 10.486643696357245, 46.596705897113168 ], [ 10.486943303985903, 46.597187979130609 ], [ 10.487006842522845, 46.597452640275776 ], [ 10.487050980079252, 46.597753551865125 ], [ 10.487076462970455, 46.59820769854084 ], [ 10.487097392086586, 46.598495412465702 ], [ 10.487050282354366, 46.598950502870238 ], [ 10.487073126619896, 46.599517178285119 ], [ 10.487032981928888, 46.59995867871001 ], [ 10.487001138331715, 46.600494566553706 ], [ 10.486993570553807, 46.600904144915148 ], [ 10.486925651650132, 46.601076019495849 ], [ 10.48652534011932, 46.601238715035947 ], [ 10.486072266806106, 46.601591085405325 ], [ 10.485818722908965, 46.601868865762889 ], [ 10.485062686386479, 46.602661645699825 ], [ 10.484800728661464, 46.602930533421315 ], [ 10.484682420173899, 46.603170557370717 ], [ 10.484347288884269, 46.603867872662548 ], [ 10.484301064300134, 46.604147458704261 ], [ 10.48432215557753, 46.604471168951363 ], [ 10.484352320696397, 46.604709265668369 ], [ 10.484431079777083, 46.604933232404441 ], [ 10.484519001855304, 46.605134581274228 ], [ 10.484689944298758, 46.605357351369967 ], [ 10.484851992251055, 46.605553238011296 ], [ 10.48502339092359, 46.605762502346259 ], [ 10.485415602889164, 46.606108392108432 ], [ 10.485840013363175, 46.606467361580947 ], [ 10.486241268576796, 46.606844629439131 ], [ 10.486520039221761, 46.607070495399057 ], [ 10.4865974013216, 46.607451970853283 ], [ 10.48679610457422, 46.608002860486138 ], [ 10.486941727663682, 46.608194457823615 ], [ 10.487234639600935, 46.60851913320495 ], [ 10.487859387719441, 46.608920487804696 ], [ 10.488516957157545, 46.609357410052738 ], [ 10.489045745859062, 46.609413524292563 ], [ 10.489498993082099, 46.609542616197459 ], [ 10.489493927189304, 46.609893664506579 ], [ 10.489624632102702, 46.610076453104021 ], [ 10.489943213609028, 46.610324291036932 ], [ 10.490312712883549, 46.610553465580701 ], [ 10.490658547438644, 46.610782947330691 ], [ 10.49091984578037, 46.610995530851483 ], [ 10.491140432083775, 46.611181645878141 ], [ 10.491287422017413, 46.611332721841237 ], [ 10.491537048240817, 46.611833441547731 ], [ 10.491646966702282, 46.612209989039663 ], [ 10.491863797139253, 46.612675137474213 ], [ 10.491976868833053, 46.61289865124558 ], [ 10.492122293446707, 46.613171240347548 ], [ 10.492134560719483, 46.613409568198804 ], [ 10.492172034998948, 46.613674565835083 ], [ 10.492235330459557, 46.613898728654185 ], [ 10.492115537027287, 46.614143279018855 ], [ 10.492096346317034, 46.614395516506661 ], [ 10.492108038538099, 46.614642851355043 ], [ 10.492114366258063, 46.614813760079286 ], [ 10.492119130083024, 46.614957690579068 ], [ 10.492331658086139, 46.615116909713322 ], [ 10.492018836162412, 46.615228985046073 ], [ 10.491646381664802, 46.615220343400232 ], [ 10.491273911582857, 46.61512170534867 ], [ 10.490959535552049, 46.615058307020739 ], [ 10.490636122361988, 46.615022024218909 ], [ 10.490138819337089, 46.615015004602135 ], [ 10.48969129713903, 46.615007334508839 ], [ 10.489201837870876, 46.615018207741628 ], [ 10.488737897489553, 46.615096243290978 ], [ 10.488298475264051, 46.615205456328354 ], [ 10.487958300683486, 46.615272878737464 ], [ 10.487574824308071, 46.615457857282344 ], [ 10.487242829063732, 46.615615166564389 ], [ 10.486852388279523, 46.615903727903323 ], [ 10.486520317434314, 46.616088034663626 ], [ 10.48612863856173, 46.61633161190553 ], [ 10.485703791799569, 46.616616116515381 ], [ 10.485445385626177, 46.616808462828288 ], [ 10.485012896559658, 46.61705256617536 ], [ 10.484621993006096, 46.61735462511006 ], [ 10.484405028482598, 46.61751043301458 ], [ 10.484089102768522, 46.617748520325023 ], [ 10.483713567283909, 46.618135872280547 ], [ 10.483430364006827, 46.618436530014584 ], [ 10.483105165058721, 46.618724232247544 ], [ 10.4827888245268, 46.619097314258546 ], [ 10.482336931084337, 46.619499150687659 ], [ 10.481996344461781, 46.619791548875426 ], [ 10.481712496427884, 46.620069711776409 ], [ 10.481529505052613, 46.620184576162927 ], [ 10.481113452476707, 46.620374454500002 ], [ 10.480706501168799, 46.620658708555368 ], [ 10.480315463230495, 46.62089775755986 ], [ 10.47981628169082, 46.621183201963099 ], [ 10.479442944494341, 46.621413019428445 ], [ 10.479075222662665, 46.621669761633996 ], [ 10.478693100822838, 46.621967186664399 ], [ 10.478310695252002, 46.622224116196513 ], [ 10.477926443429507, 46.622503567102768 ], [ 10.477736009424751, 46.622645520088867 ], [ 10.477477913602662, 46.622851343406296 ], [ 10.477119482039845, 46.623179955434253 ], [ 10.476794630197578, 46.6234226373086 ], [ 10.476312395855485, 46.6236718493466 ], [ 10.476142316324964, 46.623782038604624 ], [ 10.47595464852038, 46.623905953837834 ], [ 10.47567039123849, 46.624080612248434 ], [ 10.475205234319507, 46.62438809615886 ], [ 10.474855915721612, 46.624662586318067 ], [ 10.474513746461737, 46.624959482037617 ], [ 10.474063143698308, 46.625262273865978 ], [ 10.473723086941835, 46.625487143793436 ], [ 10.47336519440454, 46.625716742192509 ], [ 10.472932977590231, 46.626005793411615 ], [ 10.472540509888244, 46.626285331764031 ], [ 10.472240484878698, 46.626451185010147 ], [ 10.4717912454628, 46.626744950711988 ], [ 10.471400520762337, 46.62702896243448 ], [ 10.470934583138559, 46.627309440246783 ], [ 10.4704263951598, 46.627657955639947 ], [ 10.469894617056429, 46.627979773335646 ], [ 10.469476561020924, 46.628340625486999 ], [ 10.469069489074172, 46.62862483913986 ], [ 10.468661296385726, 46.628958563041991 ], [ 10.468211399632144, 46.629319819295119 ], [ 10.467811288114277, 46.629590439795123 ], [ 10.467436776270041, 46.629811233155039 ], [ 10.466829423276112, 46.630147505186429 ], [ 10.46628924718588, 46.630401917274206 ], [ 10.465815658723072, 46.63067347255793 ], [ 10.465339960426229, 46.630927053868035 ], [ 10.464899955675449, 46.631202674860461 ], [ 10.464466448165746, 46.631568206054496 ], [ 10.464049773600982, 46.631861524063865 ], [ 10.463613907987082, 46.632200083627716 ], [ 10.463526088400084, 46.632304701592133 ], [ 10.463428486633353, 46.632409444634632 ], [ 10.463240366078521, 46.632609840351797 ], [ 10.463142763220002, 46.632714583157657 ], [ 10.463043756917319, 46.632828343335163 ], [ 10.462855646572104, 46.633028738271157 ], [ 10.462751741584666, 46.633142560834479 ], [ 10.462638500255199, 46.63324300342029 ], [ 10.462519066436226, 46.633325526052978 ], [ 10.462240155974992, 46.633459584541939 ], [ 10.462044706594391, 46.6335700768728 ], [ 10.461900541007884, 46.633643915447827 ], [ 10.461762892065337, 46.633717670564941 ], [ 10.461493326495878, 46.633865107059421 ], [ 10.461198690841659, 46.634021862662379 ], [ 10.460910462562264, 46.634174035916963 ], [ 10.460627940032195, 46.634326135583159 ], [ 10.460351015334943, 46.634473663329125 ], [ 10.460060097951787, 46.634616869248802 ], [ 10.459770351713503, 46.634773558732839 ], [ 10.459493301423487, 46.634916586235576 ], [ 10.459332101241447, 46.634995138639844 ], [ 10.459196779798166, 46.635064361197543 ], [ 10.45893091267236, 46.635198245167388 ], [ 10.458623080816759, 46.635350662631922 ], [ 10.458501386201954, 46.635410711097236 ], [ 10.458404434813364, 46.635479443476093 ], [ 10.458231137553916, 46.635594146554375 ], [ 10.458108994732253, 46.635667699564912 ], [ 10.458017145720396, 46.635713867817749 ], [ 10.457959097579073, 46.63574160618937 ], [ 10.457805934834205, 46.635815554233069 ], [ 10.457536334946727, 46.635962981756975 ], [ 10.45730822799027, 46.636073882032107 ], [ 10.457106443138301, 46.636283441069438 ], [ 10.456600225650385, 46.636559873165439 ], [ 10.456167001296143, 46.636817374838124 ], [ 10.455750632777839, 46.637034162597836 ], [ 10.455460499196493, 46.637177346745311 ], [ 10.455118701305405, 46.637312187865099 ], [ 10.454677473383931, 46.637515788664821 ], [ 10.454179594542161, 46.637738106928438 ], [ 10.453630878754728, 46.637983567779592 ], [ 10.45314746462847, 46.638228196450754 ], [ 10.452632992287104, 46.638441719231906 ], [ 10.452082749966161, 46.638691691739837 ], [ 10.451908514901373, 46.638680404104903 ], [ 10.451587891039038, 46.6387834676244 ], [ 10.450976698585134, 46.638953212747658 ], [ 10.450432252754686, 46.639176105265399 ], [ 10.449805616066783, 46.639440534624647 ], [ 10.449328221796959, 46.639667071766041 ], [ 10.448792525973682, 46.639912344303532 ], [ 10.448504783371069, 46.640023982180317 ], [ 10.447952170083271, 46.640278464468658 ], [ 10.447243541390149, 46.640561916502527 ], [ 10.446526398200939, 46.64086347077415 ], [ 10.446305109158804, 46.640956263754184 ], [ 10.445991367700408, 46.641104221948829 ], [ 10.445798851667522, 46.640989661933943 ], [ 10.445563240915584, 46.640790151018578 ], [ 10.445159969570765, 46.640489263707067 ], [ 10.444698359560551, 46.640144114299972 ], [ 10.444061293091851, 46.639711183157637 ], [ 10.443708694739758, 46.639472647448976 ], [ 10.443133417990424, 46.639335914539934 ], [ 10.4427759188753, 46.639250429161088 ], [ 10.442241915441423, 46.639099671956892 ], [ 10.44186703033826, 46.639005403443925 ], [ 10.441263675168775, 46.639071503643869 ], [ 10.440276500789338, 46.639137934125479 ], [ 10.43963090484084, 46.639182058807826 ], [ 10.439339473512012, 46.639185726128446 ], [ 10.438667727867143, 46.639198676174381 ], [ 10.438061755371377, 46.639197296195348 ], [ 10.437538335942032, 46.639167877130973 ], [ 10.436757772416472, 46.639141685683185 ], [ 10.436102343031518, 46.639122917504146 ], [ 10.435754196419639, 46.639082290231521 ], [ 10.435048273069375, 46.639068649506321 ], [ 10.434541562487034, 46.639084004571522 ], [ 10.433669191097101, 46.639013945874439 ], [ 10.43320407748981, 46.638965777232293 ], [ 10.4328217658715, 46.638930068825147 ], [ 10.432481688824197, 46.638916328990675 ], [ 10.432140780970037, 46.63887110032659 ], [ 10.431516704629635, 46.638802416134773 ], [ 10.431109087372896, 46.638735520459591 ], [ 10.430302361849794, 46.638615117596757 ], [ 10.429587662973855, 46.638516057727202 ], [ 10.428938629511107, 46.638429672381626 ], [ 10.428647517906066, 46.638383811261228 ], [ 10.427966425465655, 46.638320319510107 ], [ 10.427068755403926, 46.638219028060533 ], [ 10.426370175336423, 46.638142245729732 ], [ 10.426005736868202, 46.638164788370489 ], [ 10.425433588442953, 46.638144920849008 ], [ 10.425025535534566, 46.638154504598432 ], [ 10.424404541631187, 46.638171238368543 ], [ 10.423881374091508, 46.638150753162535 ], [ 10.423365429464674, 46.638125675944522 ], [ 10.422461490953543, 46.638064924043398 ], [ 10.421839320532362, 46.63806815927763 ], [ 10.421514990522503, 46.638063190597407 ], [ 10.420809906317178, 46.638080949779898 ], [ 10.419781902676201, 46.638116212231388 ], [ 10.418930497607484, 46.6377847956933 ], [ 10.418354945695524, 46.637634442371883 ], [ 10.418072127696497, 46.637561453035808 ], [ 10.417456339062786, 46.6373710962771 ], [ 10.417089083868131, 46.637222655089666 ], [ 10.416454051804337, 46.636983034119801 ], [ 10.416027896061875, 46.636830819095195 ], [ 10.415737040843506, 46.636730925001288 ], [ 10.415161849275943, 46.636562552166367 ], [ 10.414836123270421, 46.636472086658898 ], [ 10.414448818390449, 46.636337384203408 ], [ 10.414285663461058, 46.636280904795228 ], [ 10.413669209650282, 46.636095035608001 ], [ 10.412936010802978, 46.635879106938887 ], [ 10.4124437621736, 46.635696196674601 ], [ 10.41191022968564, 46.635527293092373 ], [ 10.411593959838889, 46.635423202395785 ], [ 10.411033960061776, 46.635241122089546 ], [ 10.410792087384062, 46.635140611199255 ], [ 10.41028481595389, 46.635070370566339 ], [ 10.409644941608697, 46.634988262583768 ], [ 10.409171492822155, 46.634962597674566 ], [ 10.408468310756211, 46.635052253317703 ], [ 10.408144000369491, 46.635110242936641 ], [ 10.407531540676812, 46.635171777524441 ], [ 10.407017152690701, 46.635236602337287 ], [ 10.406604458451474, 46.635286675178754 ], [ 10.406281666695739, 46.635371639308381 ], [ 10.405663244789833, 46.635550230554927 ], [ 10.405010313780046, 46.635720242816681 ], [ 10.404719463001925, 46.635809309952009 ], [ 10.40408424379193, 46.636001598134733 ], [ 10.403201672547221, 46.636322910054687 ], [ 10.402681188382468, 46.636500283715726 ], [ 10.402434414994227, 46.636620302739544 ], [ 10.401907740969259, 46.636905742604597 ], [ 10.401645218204923, 46.637048451642784 ], [ 10.401144187319328, 46.637378571187647 ], [ 10.400626710187165, 46.637735888339442 ], [ 10.400275972908794, 46.638163158071187 ], [ 10.400014235861939, 46.638463344693385 ], [ 10.40032651198505, 46.638824001562163 ], [ 10.400470398254201, 46.638988730567974 ], [ 10.400873414076443, 46.639289778346921 ], [ 10.401472093122482, 46.639957406538244 ], [ 10.401750102108055, 46.640223984699738 ], [ 10.401721152877093, 46.640494323909991 ], [ 10.401761933620145, 46.640966296999579 ], [ 10.401765171673352, 46.641186744617144 ], [ 10.401742294532921, 46.641376014053527 ], [ 10.401704957914745, 46.641605958320504 ], [ 10.401455094423778, 46.642049994248417 ], [ 10.401294690665891, 46.642416438194239 ], [ 10.401135323501363, 46.642886363198926 ], [ 10.400961018791705, 46.643410467746953 ], [ 10.400881220073126, 46.643609433507201 ], [ 10.40068872396243, 46.644061764529333 ], [ 10.400531659054096, 46.64465315328809 ], [ 10.400234967829885, 46.645372243585037 ], [ 10.400083755849005, 46.645779070730079 ], [ 10.39997198829102, 46.646005425454909 ], [ 10.399754401970061, 46.646435563074817 ], [ 10.399542658637102, 46.646807132189949 ], [ 10.399308037752888, 46.647178980732654 ], [ 10.399129090934384, 46.647365658684819 ], [ 10.39884176556858, 46.647625657440791 ], [ 10.398474979452235, 46.64800362000846 ], [ 10.398285301532436, 46.648154429913362 ], [ 10.397874775992829, 46.648514926204435 ], [ 10.397737581759246, 46.648642595164418 ], [ 10.3973679894531, 46.648975591042529 ], [ 10.397016716647968, 46.649321861185022 ], [ 10.396721437280686, 46.649590951105743 ], [ 10.396528191436353, 46.650016285357424 ], [ 10.396458513022873, 46.650228623432895 ], [ 10.396339098436243, 46.650635057082631 ], [ 10.396227293913736, 46.650955902773276 ], [ 10.396289869331703, 46.651261120833226 ], [ 10.396380428501859, 46.65166949110683 ], [ 10.396443006874517, 46.652037705261819 ], [ 10.3964800456577, 46.652302737304481 ], [ 10.396466481847542, 46.652473892689251 ], [ 10.396220086163455, 46.65264339031016 ], [ 10.395793297447518, 46.652977078904414 ], [ 10.395236415772809, 46.653429345634756 ], [ 10.39476773028195, 46.653817538093776 ], [ 10.394570781757903, 46.653972930028729 ], [ 10.394353815692837, 46.654430047528017 ], [ 10.39426546380315, 46.654647111428204 ], [ 10.394176663853441, 46.654751687469137 ], [ 10.394028143137295, 46.654820993366975 ], [ 10.393788046686129, 46.654886915115974 ], [ 10.393117359294495, 46.654980579515332 ], [ 10.392943861775837, 46.655063687350371 ], [ 10.392489679438357, 46.655190709440632 ], [ 10.391944494180988, 46.655368334068783 ], [ 10.391735553416884, 46.655789350980143 ], [ 10.391621867079776, 46.656006720983569 ], [ 10.391509003007551, 46.656224080863126 ], [ 10.391429613310969, 46.656441033474643 ], [ 10.391389184839058, 46.657062487663289 ], [ 10.391369921370874, 46.657553192261616 ], [ 10.391383248133007, 46.657850012172602 ], [ 10.391369434148718, 46.658043668451072 ], [ 10.391397955471721, 46.658263808175143 ], [ 10.391475825100313, 46.658465348741942 ], [ 10.391520449531418, 46.658676293097237 ], [ 10.39159901068105, 46.658936321599271 ], [ 10.391679532954443, 46.659304319607095 ], [ 10.392084833308456, 46.659722362562803 ], [ 10.39227925044564, 46.660007979030773 ], [ 10.392348627391518, 46.660164625056908 ], [ 10.392518978055636, 46.66056302714437 ], [ 10.392622525937016, 46.660777753466746 ], [ 10.392658991444577, 46.660957298552447 ], [ 10.392696147451213, 46.661226829711666 ], [ 10.392703361936256, 46.661762209107394 ], [ 10.392700578389787, 46.662131220382918 ], [ 10.392698948763513, 46.662576712892616 ], [ 10.392630477589005, 46.662996020740124 ], [ 10.39262632331509, 46.66324805582034 ], [ 10.392532771094952, 46.663645170264694 ], [ 10.392460602371097, 46.663889033755723 ], [ 10.392491095640766, 46.66418564428588 ], [ 10.39249865727718, 46.66470302031636 ], [ 10.39254640922297, 46.665066916543772 ], [ 10.392518180176323, 46.665494733728842 ], [ 10.39250504904602, 46.665715379919206 ], [ 10.392462363165919, 46.666120874409692 ], [ 10.392093561954923, 46.666426844127621 ], [ 10.391928537193809, 46.666586342365449 ], [ 10.391670085909125, 46.666989961832186 ], [ 10.391449250993572, 46.667267130998198 ], [ 10.391359833007678, 46.667380711556902 ], [ 10.391202341348249, 46.667706606730576 ], [ 10.39102265441972, 46.668091267901069 ], [ 10.390948742229513, 46.66826765565142 ], [ 10.391198946093434, 46.668561594721567 ], [ 10.391441805793452, 46.668887120592828 ], [ 10.391648961216067, 46.66919058167823 ], [ 10.391775624983021, 46.669414026715579 ], [ 10.391952059862279, 46.669825854206572 ], [ 10.392053295588596, 46.670045108586748 ], [ 10.392170045521969, 46.670264174075584 ], [ 10.392203841600249, 46.670434752080439 ], [ 10.392238182993056, 46.670753814118576 ], [ 10.392273234262067, 46.671036869751418 ], [ 10.39229067797503, 46.671270642760767 ], [ 10.39207545984368, 46.67138575474781 ], [ 10.39177013513746, 46.671618955213134 ], [ 10.391571596158048, 46.671778860495699 ], [ 10.391431970456676, 46.671974046630176 ], [ 10.391465053410041, 46.672212129224597 ], [ 10.391384240855711, 46.67240659992509 ], [ 10.39130134522412, 46.672583097030262 ], [ 10.391121086141075, 46.672850772369358 ], [ 10.390955409083956, 46.673176766419573 ], [ 10.390733127547769, 46.673494448909345 ], [ 10.390600853063452, 46.673689544598119 ], [ 10.390494471750021, 46.673906823986897 ], [ 10.390296670392505, 46.674318702047572 ], [ 10.390191209675427, 46.674571967657435 ], [ 10.389992711528015, 46.674956855322478 ], [ 10.389870526091093, 46.675322816662373 ], [ 10.389705776057241, 46.675621799204315 ], [ 10.389615495295073, 46.675829882686152 ], [ 10.389385925933889, 46.676278142601511 ], [ 10.389310614123154, 46.67640054947347 ], [ 10.389022283388044, 46.67662903626654 ], [ 10.388824508492984, 46.676851923314352 ], [ 10.388478020842562, 46.677202606947532 ], [ 10.388063834638871, 46.677527112647134 ], [ 10.387708361986599, 46.677846404929809 ], [ 10.387428071254392, 46.678070290392661 ], [ 10.387378719246559, 46.678345371307238 ], [ 10.387297600653117, 46.678719831052959 ], [ 10.387215820841456, 46.678941308561775 ], [ 10.387108623163202, 46.679127096503983 ], [ 10.386843972234033, 46.679323792582409 ], [ 10.386604846784833, 46.679592174033196 ], [ 10.386299549841235, 46.679861356830429 ], [ 10.386142688427437, 46.680182736929282 ], [ 10.386002740318647, 46.680526410438119 ], [ 10.385804996665582, 46.68094277921282 ], [ 10.385757866831442, 46.681177334982614 ], [ 10.385552045525055, 46.681629798783533 ], [ 10.385379150084123, 46.682059364921038 ], [ 10.385172590037508, 46.682291351207773 ], [ 10.384784394279512, 46.682579532328027 ], [ 10.384503843331464, 46.682762916179669 ], [ 10.38432206195478, 46.682909106577654 ], [ 10.384080859485131, 46.683065014998128 ], [ 10.383841889821149, 46.683180398528613 ], [ 10.383567914440592, 46.683269206664683 ], [ 10.383171133089359, 46.683381997491907 ], [ 10.382655399609154, 46.683541221688351 ], [ 10.382267775536315, 46.683820387854382 ], [ 10.382035220267092, 46.683931190378509 ], [ 10.381820503829434, 46.684068775203599 ], [ 10.381829765460234, 46.684239652186577 ], [ 10.381864709364363, 46.684680201332874 ], [ 10.381931603958044, 46.68489987890942 ], [ 10.382042272775433, 46.68539350969391 ], [ 10.382193758187043, 46.685724657819229 ], [ 10.382394574130823, 46.686131704649462 ], [ 10.382512232615152, 46.686418264005439 ], [ 10.382646065537996, 46.686538138675722 ], [ 10.382853646628423, 46.686697619136133 ], [ 10.38337126747439, 46.68712333295948 ], [ 10.383736699732479, 46.687222406829832 ], [ 10.384035405789609, 46.687236792397243 ], [ 10.384242699112663, 46.687256782970394 ], [ 10.384815519965269, 46.687155356916392 ], [ 10.385636734704679, 46.687050919797514 ], [ 10.385967668638381, 46.687015413227122 ], [ 10.386333495464596, 46.687001981404961 ], [ 10.386640026363569, 46.687002766234677 ], [ 10.386888997845361, 46.687022246847334 ], [ 10.387109936227636, 46.687096063269351 ], [ 10.387189068165059, 46.687122102033598 ], [ 10.387455495572471, 46.687280860606606 ], [ 10.38765505083262, 46.687444929393031 ], [ 10.38796369829574, 46.687720166990296 ], [ 10.388288107324504, 46.688035709822955 ], [ 10.388581683963173, 46.688392123289631 ], [ 10.38921191720447, 46.688361973657372 ], [ 10.389602960583145, 46.688343725482092 ], [ 10.390732551016859, 46.688374996600118 ], [ 10.391262466749774, 46.688512544162187 ], [ 10.39173635911016, 46.688632771987393 ], [ 10.392053699521975, 46.688799899879243 ], [ 10.392537370613883, 46.689045997115514 ], [ 10.392811197738531, 46.689173155197295 ], [ 10.393269421699516, 46.689446557353492 ], [ 10.393492822676668, 46.689551829375951 ], [ 10.393544020362301, 46.689762691837714 ], [ 10.393546291912633, 46.690041645788888 ], [ 10.39359656454527, 46.690216521852271 ], [ 10.394022653446847, 46.690701798443612 ], [ 10.394331454168276, 46.691076010369102 ], [ 10.394423861786633, 46.691268371323162 ], [ 10.394799328249871, 46.691659768201667 ], [ 10.395208632707842, 46.692127246108448 ], [ 10.395400612467302, 46.69240838593803 ], [ 10.395702639374235, 46.692868171031201 ], [ 10.395986241916923, 46.693278683399754 ], [ 10.39612886200689, 46.69348392931979 ], [ 10.396388198107436, 46.69384074037351 ], [ 10.396398055422623, 46.694223094627681 ], [ 10.396415990571775, 46.694474858949327 ], [ 10.396461046344633, 46.695239258035393 ], [ 10.396695517010242, 46.69561437060834 ], [ 10.396871182996119, 46.695832711200644 ], [ 10.39720653429718, 46.696251587927321 ], [ 10.397556473720343, 46.696697283640134 ], [ 10.397783020238101, 46.697112987997905 ], [ 10.397983773559817, 46.69744801249049 ], [ 10.398251073026104, 46.697858718198873 ], [ 10.398377487495365, 46.698100156829661 ], [ 10.398603117034289, 46.698479873109079 ], [ 10.398854429688743, 46.69890427187601 ], [ 10.399047855190208, 46.69917638825428 ], [ 10.399406924622363, 46.699720959820596 ], [ 10.399699818196876, 46.700108850472304 ], [ 10.399850052450288, 46.700322997802161 ], [ 10.400193395516535, 46.700732768351457 ], [ 10.40073554215364, 46.701432584241708 ], [ 10.400919760539992, 46.701727308568287 ], [ 10.40107772485435, 46.701923360804905 ], [ 10.40129685121947, 46.702303151216448 ], [ 10.401446869360319, 46.702539797510013 ], [ 10.401715972033671, 46.702954972450243 ], [ 10.401999907355874, 46.703374464665984 ], [ 10.402208892527922, 46.703677882726097 ], [ 10.402510344163886, 46.704205151606622 ], [ 10.402786696588329, 46.704615735368812 ], [ 10.402904619373833, 46.704812275956968 ], [ 10.403265050972271, 46.705343319223324 ], [ 10.4039678764728, 46.705172707730348 ], [ 10.40453244096831, 46.704999289645393 ], [ 10.405170563299066, 46.70488796106315 ], [ 10.405461768508847, 46.704861885645144 ], [ 10.405853754822429, 46.704875068379508 ], [ 10.406417146013373, 46.704908641307533 ], [ 10.407024090520897, 46.70491917737268 ], [ 10.407621577773005, 46.704943325655918 ], [ 10.408427847171483, 46.705072893458805 ], [ 10.408912311310429, 46.70515242263987 ], [ 10.409293555502531, 46.705224221894632 ], [ 10.409851711916311, 46.705433330453303 ], [ 10.410290648943436, 46.705585409915962 ], [ 10.410921327200953, 46.705816117740248 ], [ 10.411569413673288, 46.706087104547606 ], [ 10.412067344333158, 46.70636894042547 ], [ 10.412324250682628, 46.706500760134922 ], [ 10.412839230116759, 46.70677788249062 ], [ 10.413070564225585, 46.70683802121831 ], [ 10.41345255825796, 46.70712578261837 ], [ 10.413758886641416, 46.707396478989807 ], [ 10.41420676005969, 46.707764418230781 ], [ 10.414913066708149, 46.708196655315 ], [ 10.415087083819692, 46.708347492636804 ], [ 10.415286211285876, 46.708552015376348 ], [ 10.415600308817734, 46.709025096803359 ], [ 10.415575987322162, 46.70947086720571 ], [ 10.415607826168229, 46.7099069433227 ], [ 10.415556300489177, 46.710344050870823 ], [ 10.415532401251888, 46.710555832030657 ], [ 10.415489965581598, 46.710934331059882 ], [ 10.415407020931564, 46.711421323767077 ], [ 10.415380909476017, 46.711673629432767 ], [ 10.415446705890464, 46.711938297135468 ], [ 10.415570455588989, 46.712323739378384 ], [ 10.415719318970018, 46.712762866979965 ], [ 10.415802396958, 46.713000322457681 ], [ 10.415950978759701, 46.713209969076324 ], [ 10.416108796136337, 46.71339700274109 ], [ 10.416407809971954, 46.713667782338888 ], [ 10.416606282350468, 46.713908308250716 ], [ 10.417137808361572, 46.71412671021529 ], [ 10.417578131551878, 46.714296743197899 ], [ 10.417651556962065, 46.714664807833387 ], [ 10.417602093461454, 46.71489940448199 ], [ 10.417584445491782, 46.715381089709496 ], [ 10.417643246194061, 46.71562784393744 ], [ 10.417683044541628, 46.715991825447581 ], [ 10.417773885005783, 46.716431669098611 ], [ 10.417740667177311, 46.716693062540251 ], [ 10.417631869515606, 46.71694189340792 ], [ 10.417623973327876, 46.717139977434776 ], [ 10.417773044430264, 46.717336116447996 ], [ 10.418013916940607, 46.71754011688887 ], [ 10.418212145902567, 46.717677150136403 ], [ 10.41831134155823, 46.717810911066103 ], [ 10.41855191131642, 46.718190401848034 ], [ 10.418850170660743, 46.718555677642293 ], [ 10.418665967816779, 46.718922436317349 ], [ 10.418358878540236, 46.71928171877952 ], [ 10.418034311796976, 46.71931723973605 ], [ 10.417777609341281, 46.71935191882821 ], [ 10.417386340844935, 46.719370265744189 ], [ 10.416995674423623, 46.719442600075723 ], [ 10.416306508190528, 46.719640120047487 ], [ 10.415732490933751, 46.719831711381502 ], [ 10.415598079793496, 46.719945866590955 ], [ 10.415407849329918, 46.72011470840193 ], [ 10.415200324250781, 46.720279264129843 ], [ 10.414991175821539, 46.720443839551628 ], [ 10.414500442660211, 46.720787383840843 ], [ 10.413602387590293, 46.721567928809499 ], [ 10.413235551812841, 46.721801944362582 ], [ 10.412895010137394, 46.722197622565787 ], [ 10.412743315311474, 46.722370483656206 ], [ 10.412444343515807, 46.722729649719753 ], [ 10.412245349378649, 46.722970589252078 ], [ 10.412070393960398, 46.723098739723838 ], [ 10.411679012291323, 46.723333053140287 ], [ 10.411215320486781, 46.723586255845959 ], [ 10.411082063644935, 46.723745388217957 ], [ 10.410773040131597, 46.7240956744144 ], [ 10.410605905467818, 46.724304720417628 ], [ 10.410298517207702, 46.7247179806443 ], [ 10.4100073507876, 46.72509504266386 ], [ 10.409647615399189, 46.725571941678496 ], [ 10.409431431333116, 46.725939078959897 ], [ 10.409315111968542, 46.72615199668877 ], [ 10.409247726150683, 46.726328314158152 ], [ 10.409263739198586, 46.726535102119634 ], [ 10.409230368882826, 46.72701247900271 ], [ 10.409187517430128, 46.72725148970644 ], [ 10.409128067635443, 46.727355714487373 ], [ 10.408921216965325, 46.727704737022748 ], [ 10.408520699795224, 46.728281127324912 ], [ 10.408154975237386, 46.728686100255679 ], [ 10.408046810285693, 46.728804423021963 ], [ 10.407638323109566, 46.729200921153193 ], [ 10.407355520143161, 46.729460881622025 ], [ 10.406807071551571, 46.729602616724698 ], [ 10.405942971670488, 46.729842721550561 ], [ 10.405300463171939, 46.730017102909756 ], [ 10.405034816677759, 46.730119358238142 ], [ 10.404470934184443, 46.73036026447901 ], [ 10.404030170053407, 46.730523162698525 ], [ 10.4035049413162, 46.730709593718203 ], [ 10.403230634370937, 46.730888445531676 ], [ 10.402847921255546, 46.731082124917336 ], [ 10.402374080511013, 46.731357914111278 ], [ 10.402058300581123, 46.731546270750499 ], [ 10.401583640502908, 46.731822066677665 ], [ 10.401084196450345, 46.732089164764965 ], [ 10.400858698067189, 46.732478897754177 ], [ 10.400550476915839, 46.732959636341896 ], [ 10.400724516755373, 46.73336247631655 ], [ 10.40084799523436, 46.733549950808687 ], [ 10.401014090010166, 46.733930389225115 ], [ 10.401105445816656, 46.734077759713642 ], [ 10.401611411318742, 46.734251549580968 ], [ 10.401951026292425, 46.734350881214588 ], [ 10.402748723600059, 46.73457508713625 ], [ 10.403422355741066, 46.73474681327599 ], [ 10.40372985560408, 46.734837534201603 ], [ 10.404270534256858, 46.735087380829704 ], [ 10.404592751240154, 46.735272411899835 ], [ 10.404949669022338, 46.735407519584982 ], [ 10.40552343548252, 46.735670452997851 ], [ 10.405989009299816, 46.735705229870803 ], [ 10.406612655851124, 46.735715563295919 ], [ 10.406853453261308, 46.735915087929804 ], [ 10.40720162888298, 46.736279779285248 ], [ 10.407476309921266, 46.736555380258046 ], [ 10.407690829946084, 46.736813722067332 ], [ 10.408198260312991, 46.737041460801798 ], [ 10.408596446684994, 46.737252543563578 ], [ 10.409086703632765, 46.737480489772445 ], [ 10.409377281417747, 46.737580403248018 ], [ 10.410016973521637, 46.737766007616521 ], [ 10.410357319577606, 46.737860805603908 ], [ 10.410780525302306, 46.738089571030109 ], [ 10.411312169063828, 46.738397991431412 ], [ 10.411436397679244, 46.738643940852086 ], [ 10.411585859852124, 46.738853581468305 ], [ 10.411710200016541, 46.73904103350214 ], [ 10.411768297637233, 46.739260800447397 ], [ 10.411933650561547, 46.739452245843864 ], [ 10.412132544176993, 46.739643277045559 ], [ 10.412415202342176, 46.739846772912458 ], [ 10.412954042264881, 46.740429576564118 ], [ 10.41326092341896, 46.740776760568096 ], [ 10.413436209814803, 46.740878087704083 ], [ 10.413776356803222, 46.741026873977944 ], [ 10.414041837081886, 46.74110458735182 ], [ 10.414607058062376, 46.741349582032527 ], [ 10.414947328891932, 46.741502862957496 ], [ 10.415404463655413, 46.741713192945994 ], [ 10.416301207046349, 46.742057570034497 ], [ 10.41681747731602, 46.742276161693042 ], [ 10.417122582391714, 46.742398373914398 ], [ 10.417672297772748, 46.742675043145837 ], [ 10.418095807914213, 46.742912776980113 ], [ 10.418618638559774, 46.743162776857957 ], [ 10.419183328199264, 46.743448252487461 ], [ 10.419748362715611, 46.743715722378326 ], [ 10.420031286518089, 46.743833702397133 ], [ 10.420588270773276, 46.744137265374349 ], [ 10.421111712684162, 46.744378246916312 ], [ 10.421700496881554, 46.74467690983159 ], [ 10.422256451054029, 46.744971478135511 ], [ 10.422746243135357, 46.745176873130802 ], [ 10.422988046307967, 46.7452863578049 ], [ 10.423502523382796, 46.745558937541972 ], [ 10.423960199178939, 46.745787225219665 ], [ 10.42437522591135, 46.746011542334031 ], [ 10.425055564168373, 46.746367543823787 ], [ 10.425529518767629, 46.746654118107251 ], [ 10.425837266032607, 46.746812271456733 ], [ 10.426343829377879, 46.747093936331773 ], [ 10.426550349669597, 46.747199353627103 ], [ 10.426825601314576, 46.747335411131061 ], [ 10.427448712685489, 46.747692111968007 ], [ 10.427881526723391, 46.747907195092353 ], [ 10.428386614239217, 46.748224866629926 ], [ 10.428627051611768, 46.748374853390459 ], [ 10.4288181852923, 46.748516456008844 ], [ 10.429108411259042, 46.748661320341476 ], [ 10.429325353643799, 46.748789100761243 ], [ 10.429557391193018, 46.748930191161783 ], [ 10.430056527441179, 46.749238930326399 ], [ 10.430579288180105, 46.749574369913361 ], [ 10.431011336069304, 46.749852446032179 ], [ 10.431284164820578, 46.749988523084163 ], [ 10.431658828998636, 46.750231317245323 ], [ 10.432082707331112, 46.750509491522237 ], [ 10.432423130509697, 46.750725713748494 ], [ 10.432686581529024, 46.750816908218411 ], [ 10.433002649707396, 46.750947940077261 ], [ 10.433195440021619, 46.751089514601993 ], [ 10.433444908469619, 46.751239378079369 ], [ 10.433855057250161, 46.751585212703908 ], [ 10.434372131259199, 46.751920706154415 ], [ 10.434815444478154, 46.752189627303274 ], [ 10.435098086801958, 46.752294074540103 ], [ 10.435355949455433, 46.752389832608273 ], [ 10.435705016303666, 46.752376453845052 ], [ 10.436353398960749, 46.752386314970565 ], [ 10.43701066740222, 46.752391561161808 ], [ 10.437416425714298, 46.75238646449295 ], [ 10.437825255862998, 46.752435323730076 ], [ 10.438291470760666, 46.752487959841311 ], [ 10.438648757893674, 46.752537464034255 ], [ 10.439005938993761, 46.752582468782919 ], [ 10.439306281461752, 46.752583190789281 ], [ 10.439620882936579, 46.752565733953276 ], [ 10.439912325694578, 46.752539568368633 ], [ 10.440136100938744, 46.752491755439024 ], [ 10.44061002713887, 46.752373297868992 ], [ 10.440926220386128, 46.752292822120992 ], [ 10.441123667935074, 46.752209341502386 ], [ 10.44135604482787, 46.752116421212889 ], [ 10.441437447312461, 46.752038901481193 ], [ 10.44164343915198, 46.752306286025437 ], [ 10.441835115804793, 46.75249735631558 ], [ 10.442034494446148, 46.752670330562424 ], [ 10.44214261099294, 46.7528579537436 ], [ 10.442473807691309, 46.753677217056953 ], [ 10.442705870705096, 46.754124257419306 ], [ 10.442889241387768, 46.754616907936338 ], [ 10.442953652148255, 46.754791582456683 ], [ 10.443045039677084, 46.755271893652562 ], [ 10.443160641366026, 46.755616909521891 ], [ 10.443235894100876, 46.755921937259274 ], [ 10.443351949680611, 46.75625344819683 ], [ 10.443450501678496, 46.756603178453418 ], [ 10.443465725417116, 46.756805471088569 ], [ 10.443516242423636, 46.757011818126401 ], [ 10.443515944943085, 46.757245804169031 ], [ 10.443607101814921, 46.757717118326944 ], [ 10.443665666435404, 46.758040354864953 ], [ 10.443688878664908, 46.758296542535582 ], [ 10.443763480044025, 46.758669072894328 ], [ 10.443862806801381, 46.759108786051478 ], [ 10.443812735037639, 46.759532385721805 ], [ 10.443870145493152, 46.759720646902082 ], [ 10.443886381834364, 46.760174907411923 ], [ 10.443918184987819, 46.760507480708903 ], [ 10.443984546391224, 46.760785621985157 ], [ 10.443966537951118, 46.761091825899072 ], [ 10.443934135005865, 46.761533201132409 ], [ 10.443933044770175, 46.761798694600841 ], [ 10.44393433956691, 46.761969665187408 ], [ 10.443916494880156, 46.762190373508339 ], [ 10.443857752639918, 46.762411597897781 ], [ 10.4437821814761, 46.762646533562815 ], [ 10.443641124262639, 46.763003786096156 ], [ 10.443580806132887, 46.763319522945856 ], [ 10.443424462823842, 46.763717464910336 ], [ 10.443306310503944, 46.76392143977052 ], [ 10.443189566576935, 46.764116397428481 ], [ 10.442998836012485, 46.764330286652111 ], [ 10.442865952417343, 46.764534446809115 ], [ 10.442606410050356, 46.764960686768944 ], [ 10.442431574775936, 46.765187873566227 ], [ 10.442364445405108, 46.765463198632517 ], [ 10.442289119676564, 46.765738626960143 ], [ 10.44217308657713, 46.766298046412551 ], [ 10.442030882113606, 46.766704807350159 ], [ 10.441996691636056, 46.766957218747692 ], [ 10.44199625259847, 46.767339694685248 ], [ 10.442012356930238, 46.767789456884849 ], [ 10.44205260599646, 46.768346906386363 ], [ 10.442069238490252, 46.768724667438121 ], [ 10.442101485915551, 46.769196724326072 ], [ 10.442076754046095, 46.769435517483736 ], [ 10.442084316603852, 46.769871888221154 ], [ 10.442034413815163, 46.770731950184633 ], [ 10.44200832899298, 46.771042754699714 ], [ 10.441949301275647, 46.771223484520476 ], [ 10.44171635960317, 46.771635887772575 ], [ 10.441649506922808, 46.77183021495523 ], [ 10.441565474830727, 46.772024758525298 ], [ 10.441416228762559, 46.772260620379221 ], [ 10.441198221041578, 46.772650336131058 ], [ 10.440891368640392, 46.773207657190326 ], [ 10.440732910778834, 46.773497629859953 ], [ 10.440572679648536, 46.773751627444597 ], [ 10.440390286665744, 46.773911411189317 ], [ 10.440189450684652, 46.77411642323181 ], [ 10.439773720598041, 46.774490625951252 ], [ 10.43942309718801, 46.774850509198345 ], [ 10.439241360914838, 46.774942788125372 ], [ 10.438824711358592, 46.775191008818823 ], [ 10.438466756949945, 46.775429490838 ], [ 10.438241914467097, 46.775594304371744 ], [ 10.437983868353369, 46.775773033664109 ], [ 10.437741457184433, 46.775893070535268 ], [ 10.437516730283082, 46.776062380817436 ], [ 10.437251187615841, 46.77620520545775 ], [ 10.437009943793489, 46.7763387250357 ], [ 10.436636177769607, 46.77656840053745 ], [ 10.436185262245676, 46.776821541366417 ], [ 10.435778405312384, 46.777069627936392 ], [ 10.435336671012788, 46.777453139844638 ], [ 10.43510210875624, 46.777622568690703 ], [ 10.434695062474095, 46.777956146950082 ], [ 10.434203071201667, 46.778389780586835 ], [ 10.434128786601988, 46.778737184096926 ], [ 10.434061442552061, 46.779160994469244 ], [ 10.434018304517389, 46.779602499986865 ], [ 10.434017729171648, 46.77982748927522 ], [ 10.434042531130352, 46.780268143300432 ], [ 10.434024533133707, 46.780700334391121 ], [ 10.434106475607472, 46.781072777624075 ], [ 10.433715957118192, 46.78153663458842 ], [ 10.433574239180562, 46.781749893230447 ], [ 10.433323163365525, 46.78191502551784 ], [ 10.433098517169505, 46.78208882552466 ], [ 10.432774420201511, 46.782155879018497 ], [ 10.432458593297108, 46.782164332750263 ], [ 10.43189281104058, 46.782256907204513 ], [ 10.431651572764558, 46.78245341017076 ], [ 10.431277512917102, 46.782705569708781 ], [ 10.430900762137593, 46.78294876238003 ], [ 10.430669220335663, 46.783140642351221 ], [ 10.430501738525278, 46.783309222838611 ], [ 10.430368404841452, 46.783499874415838 ], [ 10.430250836242655, 46.783636333124043 ], [ 10.430076745867099, 46.783926485798517 ], [ 10.429992363121729, 46.784017533103693 ], [ 10.429852530024815, 46.784302757665685 ], [ 10.429634233646865, 46.784593461999457 ], [ 10.429477251190303, 46.784725912661173 ], [ 10.429201583937949, 46.784859845523293 ], [ 10.428969054226195, 46.784984239755516 ], [ 10.428734886319162, 46.785108653965153 ], [ 10.428435716366234, 46.785283375145944 ], [ 10.428160847890325, 46.785385798052005 ], [ 10.427944426125055, 46.785469492414364 ], [ 10.427628270571585, 46.785558930333757 ], [ 10.427045512703415, 46.78572368666611 ], [ 10.426613830176036, 46.785841560268771 ], [ 10.426280117094084, 46.785917714434291 ], [ 10.425781465659055, 46.786166909027699 ], [ 10.425239287339743, 46.786349149040767 ], [ 10.424964650620037, 46.786492058064603 ], [ 10.424707540698423, 46.786585252218288 ], [ 10.424406569224772, 46.786692490689717 ], [ 10.423990467286755, 46.786936150188879 ], [ 10.423622884084137, 46.787156706372237 ], [ 10.423232614348382, 46.787386542799901 ], [ 10.422974147176557, 46.787646236387893 ], [ 10.422865425721376, 46.78774658028054 ], [ 10.422741043060386, 46.787874116594288 ], [ 10.422631987394796, 46.788023960390042 ], [ 10.422723145729167, 46.788189313499231 ], [ 10.422981871392908, 46.788312086183758 ], [ 10.423862790721648, 46.788553107705816 ], [ 10.424344777454076, 46.788695597199698 ], [ 10.424710854393137, 46.788790031885782 ], [ 10.425126281114968, 46.788861352634143 ], [ 10.425792093874044, 46.788956550153507 ], [ 10.426099808764997, 46.78904270830234 ], [ 10.426374106433123, 46.789165279244493 ], [ 10.426623595780464, 46.789279159554226 ], [ 10.426923412890623, 46.789468905521467 ], [ 10.427080188846483, 46.789606439082291 ], [ 10.427263910409195, 46.789865126440979 ], [ 10.427511879734469, 46.790231003219105 ], [ 10.427661551270162, 46.790440618724332 ], [ 10.427743857228103, 46.790642075300433 ], [ 10.427835421111636, 46.79088391298685 ], [ 10.427876557931171, 46.791076883880777 ], [ 10.427909299082962, 46.791323955105966 ], [ 10.427858648744076, 46.791545069104345 ], [ 10.427667203489779, 46.791830934598465 ], [ 10.427449341563106, 46.792139627447433 ], [ 10.427258178226536, 46.792528980225867 ], [ 10.427116189261545, 46.792764731938348 ], [ 10.427031941706636, 46.792954767094962 ], [ 10.426957201580295, 46.793194179563585 ], [ 10.426890396755825, 46.79342449376356 ], [ 10.426715150489988, 46.793858643364352 ], [ 10.427347887968729, 46.79412523016164 ], [ 10.427762888459162, 46.7939310684718 ], [ 10.42825321542238, 46.794293919270352 ], [ 10.428427552336359, 46.794444730605179 ], [ 10.42863582899933, 46.794640114249937 ], [ 10.428843056858346, 46.794826511347658 ], [ 10.42897575552835, 46.794982341374485 ], [ 10.429191657975188, 46.795218125433323 ], [ 10.429349149721812, 46.795351147217318 ], [ 10.429424532309705, 46.795476195221504 ], [ 10.429465440409754, 46.795660169010027 ], [ 10.429673097752374, 46.796233527306882 ], [ 10.429789370320831, 46.79651105155699 ], [ 10.429897147437606, 46.796622195580376 ], [ 10.430138623822055, 46.796740667899208 ], [ 10.430454003680206, 46.796835717760374 ], [ 10.431102994746523, 46.797003088729923 ], [ 10.431419083770628, 46.797093627433519 ], [ 10.431642354695663, 46.797081835083013 ], [ 10.431967281710039, 46.797073269876108 ], [ 10.432467166997526, 46.797053514482407 ], [ 10.433058296765825, 46.797046113149086 ], [ 10.433673988464205, 46.797038401036154 ], [ 10.43398183421824, 46.79703454373805 ], [ 10.434354737002778, 46.797074866455205 ], [ 10.434705313504054, 46.797137966022014 ], [ 10.435070974986319, 46.79718287682276 ], [ 10.435545774610063, 46.797266914029954 ], [ 10.436003149246188, 46.797342168676899 ], [ 10.436576534362846, 46.797375468501585 ], [ 10.437266408132261, 46.797416301670104 ], [ 10.43758352136981, 46.797452814941714 ], [ 10.438283354655573, 46.797498016488191 ], [ 10.438673210797928, 46.797529112789206 ], [ 10.439197129077129, 46.797581019899887 ], [ 10.439647961165404, 46.797656342265419 ], [ 10.440071480101505, 46.797812999902185 ], [ 10.440643697400789, 46.798017279941661 ], [ 10.440968807516928, 46.798107678701605 ], [ 10.441244461795316, 46.798216697948689 ], [ 10.441560485739664, 46.798365704638066 ], [ 10.441874257022404, 46.7984607432941 ], [ 10.442249848968217, 46.798631495632009 ], [ 10.442723276239075, 46.798877506983779 ], [ 10.443129899970311, 46.799106360353804 ], [ 10.443373070382121, 46.799256280778224 ], [ 10.443639047401181, 46.799401413337392 ], [ 10.443870998431917, 46.799560473495703 ], [ 10.444061874412185, 46.799684054505938 ], [ 10.444312532845185, 46.799838378060258 ], [ 10.444561296767715, 46.799952228328671 ], [ 10.444843758728371, 46.80007015221053 ], [ 10.445193710370303, 46.800200721953914 ], [ 10.445733100057028, 46.800400891474496 ], [ 10.446083792301375, 46.800558446902876 ], [ 10.446357456885259, 46.800653980079154 ], [ 10.446656632070296, 46.800753689725539 ], [ 10.446947741043067, 46.800858000210887 ], [ 10.447181516486504, 46.800931537651721 ], [ 10.447480472650629, 46.801053746050222 ], [ 10.448020361992194, 46.801271896971237 ], [ 10.44831218095751, 46.801371695371856 ], [ 10.448461240103462, 46.801554293427522 ], [ 10.448660535378695, 46.801808249363553 ], [ 10.448827422421502, 46.802044616761002 ], [ 10.448844146716588, 46.80217939381766 ], [ 10.448850320664587, 46.802287306689152 ], [ 10.44883468803139, 46.802467489678577 ], [ 10.448775309110712, 46.802666225023366 ], [ 10.448560062537258, 46.803069416677204 ], [ 10.448533845269894, 46.803191238449593 ], [ 10.448908350571761, 46.803258491230068 ], [ 10.449365934801859, 46.803369686827772 ], [ 10.450007214597399, 46.80351904972769 ], [ 10.450189138891725, 46.803674231283416 ], [ 10.450306248748733, 46.803825734387509 ], [ 10.450496526410726, 46.804048303963583 ], [ 10.45066294483942, 46.804266676056407 ], [ 10.450762647500264, 46.804440897477406 ], [ 10.450885762383795, 46.804632820469863 ], [ 10.451003934449712, 46.804914798499759 ], [ 10.451094737483835, 46.805215121956827 ], [ 10.4511861898829, 46.805447942724903 ], [ 10.451477316673444, 46.805795221148017 ], [ 10.451626014165681, 46.805932823325165 ], [ 10.45168514272622, 46.806121057463649 ], [ 10.451782994272598, 46.806317799555281 ], [ 10.451833849026057, 46.806533136316474 ], [ 10.452024384871242, 46.806764699247267 ], [ 10.45207669590082, 46.807429979749749 ], [ 10.452399852255409, 46.807596864378347 ], [ 10.452674020446745, 46.807800366963605 ], [ 10.452855505006397, 46.807969048653213 ], [ 10.452995583694085, 46.8081517546673 ], [ 10.453202095416597, 46.808428108967071 ], [ 10.453408779754984, 46.808650465222378 ], [ 10.453607289801282, 46.808872924933247 ], [ 10.453787563299148, 46.809239603884109 ], [ 10.453919554998722, 46.809516903537101 ], [ 10.454041622974183, 46.809821326851875 ], [ 10.454123245888875, 46.810022772670983 ], [ 10.454287815956649, 46.81035365334688 ], [ 10.454395244950275, 46.81063126455917 ], [ 10.454649537722887, 46.811068995234393 ], [ 10.454779984796325, 46.811440805492673 ], [ 10.454727388878705, 46.811738449070717 ], [ 10.454626481077497, 46.811915216983692 ], [ 10.454634693600763, 46.812068099677454 ], [ 10.454699518740187, 46.812193265001476 ], [ 10.454840986480839, 46.812335454417287 ], [ 10.455063259778219, 46.812557609385749 ], [ 10.455212457673905, 46.812713198905278 ], [ 10.455469009531896, 46.812930417549524 ], [ 10.455692137669059, 46.813184057745481 ], [ 10.455898343100626, 46.813478409371463 ], [ 10.456021594503129, 46.813643327157315 ], [ 10.456163094113625, 46.813817011842843 ], [ 10.456517635598326, 46.814203966691693 ], [ 10.456930585201398, 46.814720665757456 ], [ 10.457351476673795, 46.81522826292403 ], [ 10.457599110573595, 46.815508584954173 ], [ 10.457806065023046, 46.815829921223688 ], [ 10.457995694401816, 46.816146978222669 ], [ 10.458034752959017, 46.816348963368881 ], [ 10.45804922793932, 46.816551261721209 ], [ 10.457965733098028, 46.816705312494989 ], [ 10.457865178748543, 46.816895577470511 ], [ 10.457680487412983, 46.817064416026916 ], [ 10.457370961973089, 46.817252842600659 ], [ 10.45717154498174, 46.817331875523919 ], [ 10.457119521501797, 46.81749902376076 ], [ 10.456942861402155, 46.817753251549767 ], [ 10.456809573157964, 46.817853939979265 ], [ 10.456600060812216, 46.818014093498284 ], [ 10.456623182648917, 46.818202783059597 ], [ 10.456588065783993, 46.818540701222688 ], [ 10.456494725879935, 46.818816365788713 ], [ 10.456460270314631, 46.818996788928679 ], [ 10.456492224263403, 46.819117871850736 ], [ 10.456559173560251, 46.819261007420046 ], [ 10.456589032778647, 46.819517105419763 ], [ 10.456554459727776, 46.819814520044496 ], [ 10.456536444102937, 46.819936238939867 ], [ 10.456584906100433, 46.820183100909702 ], [ 10.456581168638445, 46.820196647324039 ], [ 10.456515893125991, 46.820449456544573 ], [ 10.456380116441579, 46.820761657948005 ], [ 10.456261931406528, 46.820997141879644 ], [ 10.456194348898002, 46.821285977145351 ], [ 10.456176251653593, 46.821556184232414 ], [ 10.456182748764327, 46.821736086088755 ], [ 10.456240902190769, 46.821856835645207 ], [ 10.456596810174531, 46.822261770879749 ], [ 10.456777933634188, 46.822475446759611 ], [ 10.457008532106666, 46.822670493998324 ], [ 10.457241692450628, 46.822838510470902 ], [ 10.457491159651047, 46.822943324207529 ], [ 10.457880769149869, 46.823109346718724 ], [ 10.458288345111734, 46.823333633915766 ], [ 10.458610791074337, 46.823500509785305 ], [ 10.45890132562686, 46.823699288852382 ], [ 10.459124910116866, 46.823876422773779 ], [ 10.459406187997068, 46.824066319353719 ], [ 10.459572192175163, 46.824235187466265 ], [ 10.459703277785113, 46.824476494525442 ], [ 10.459843246890513, 46.824713188492453 ], [ 10.459900721040007, 46.824838444423008 ], [ 10.459958140580808, 46.825022195965403 ], [ 10.459957123324312, 46.825166196500582 ], [ 10.459972732849023, 46.825318984136018 ], [ 10.459954519822494, 46.825463204041341 ], [ 10.459903959358662, 46.82568432998702 ], [ 10.459811560736815, 46.825842995060377 ], [ 10.459684280825453, 46.826105596015864 ], [ 10.459616577830554, 46.826268445529784 ], [ 10.459481646673829, 46.826490647335845 ], [ 10.459356301064178, 46.826703727516119 ], [ 10.459220880786029, 46.826907936794029 ], [ 10.459093950602963, 46.827062541949601 ], [ 10.458826550213214, 46.827295431067697 ], [ 10.458616556432093, 46.827590582399175 ], [ 10.45838914643897, 46.827908453321726 ], [ 10.458179326335969, 46.828149606296328 ], [ 10.458060647145189, 46.828367099650606 ], [ 10.457817793874648, 46.828689665755206 ], [ 10.457666522422521, 46.828853578560562 ], [ 10.457523710988626, 46.829057879883599 ], [ 10.457430877422819, 46.829261544544472 ], [ 10.457378946727752, 46.829523183134008 ], [ 10.4573185800804, 46.829775929900038 ], [ 10.457309971701044, 46.829942524992774 ], [ 10.457342062651765, 46.830189594727202 ], [ 10.457365980533838, 46.830346776386804 ], [ 10.457438713530127, 46.830521334795556 ], [ 10.457546437682435, 46.830686448286627 ], [ 10.457902593876419, 46.831037380534056 ], [ 10.458125462984055, 46.831187527711123 ], [ 10.458324703312451, 46.831342475165279 ], [ 10.458682554046343, 46.83151339911889 ], [ 10.458930044461002, 46.831694728134593 ], [ 10.459137359796891, 46.831845071616989 ], [ 10.459252879439395, 46.831965088022855 ], [ 10.459418691180671, 46.832156456658161 ], [ 10.459608417975932, 46.832383516877449 ], [ 10.45973999974381, 46.832521326344363 ], [ 10.459914196591201, 46.832780081375795 ], [ 10.459987319896863, 46.832968131948626 ], [ 10.46012767873723, 46.833218319116121 ], [ 10.460251924136456, 46.833387718819218 ], [ 10.46029212919073, 46.833661681703624 ], [ 10.46014141949655, 46.834028072680113 ], [ 10.460124599412168, 46.834163275421204 ], [ 10.460030981735347, 46.834398449257399 ], [ 10.460055275159242, 46.834569124282062 ], [ 10.460255129798421, 46.834625069186842 ], [ 10.460787498949381, 46.834672270224829 ], [ 10.461237760585721, 46.834563031054302 ], [ 10.46169642924194, 46.834431184706119 ], [ 10.462179639760757, 46.834479007133936 ], [ 10.462563680969961, 46.834496597724254 ], [ 10.46289528737875, 46.834514857310509 ], [ 10.463203385146578, 46.834542415721124 ], [ 10.463520316015412, 46.834623855596277 ], [ 10.463877142616752, 46.83469578506309 ], [ 10.464410413500016, 46.834805952175813 ], [ 10.464984051116961, 46.835014591366679 ], [ 10.465298810746935, 46.835136550550935 ], [ 10.46557400039776, 46.835250016414818 ], [ 10.465896540601193, 46.835416870355751 ], [ 10.466105038820587, 46.835549187601245 ], [ 10.466320704463637, 46.835703910650999 ], [ 10.46643575523114, 46.835895919436204 ], [ 10.466443146178548, 46.836107306113938 ], [ 10.466373819822843, 46.836571653615231 ], [ 10.466338384054863, 46.83698607116736 ], [ 10.466251519873364, 46.83746864164646 ], [ 10.466249598624804, 46.837729643220079 ], [ 10.466265274349823, 46.837913926083601 ], [ 10.466223534802788, 46.838157439386677 ], [ 10.466204606661858, 46.838576144892158 ], [ 10.466201117285147, 46.838990152967099 ], [ 10.466174179009103, 46.839476455053358 ], [ 10.465672451583055, 46.839743858697169 ], [ 10.465296664395764, 46.839910656457384 ], [ 10.465120608128505, 46.84000740212997 ], [ 10.464837493336999, 46.840146014311749 ], [ 10.46461012505957, 46.840315409572312 ], [ 10.464459913122584, 46.840488316671291 ], [ 10.464282848464389, 46.840729061151194 ], [ 10.464287828377469, 46.841394938221967 ], [ 10.464376514646457, 46.841762770615091 ], [ 10.464542282964464, 46.841981129740589 ], [ 10.464880930372576, 46.842377259844262 ], [ 10.465113663541764, 46.842585761752169 ], [ 10.465305218286636, 46.842727296447705 ], [ 10.465661095221751, 46.843033211632402 ], [ 10.465958562582598, 46.843240882745775 ], [ 10.466106630018992, 46.843621451845593 ], [ 10.466212428763658, 46.843894571921439 ], [ 10.466460179901071, 46.844323358945061 ], [ 10.466642567473542, 46.844519004014273 ], [ 10.466932415480343, 46.844897754912516 ], [ 10.467147077820584, 46.845254970964547 ], [ 10.467518499209248, 46.84561917576837 ], [ 10.467775459062294, 46.84590385467034 ], [ 10.467934053746232, 46.846068305616654 ], [ 10.468289386982709, 46.846473210609872 ], [ 10.468379639047059, 46.846656536112619 ], [ 10.468494889363651, 46.846884536737626 ], [ 10.468601196993033, 46.847085654420596 ], [ 10.468865952022265, 46.847415226750684 ], [ 10.469181931385135, 46.847699144916319 ], [ 10.469937411251529, 46.847986417234537 ], [ 10.470512863295717, 46.848195005191442 ], [ 10.470861183103974, 46.84831201812333 ], [ 10.471393536330503, 46.848503157174605 ], [ 10.471868145824336, 46.848681537618511 ], [ 10.471648349055814, 46.849098326958021 ], [ 10.471477513893698, 46.849626976189739 ], [ 10.471267257084687, 46.8500931375969 ], [ 10.471173950018223, 46.850278820442256 ], [ 10.471031301244517, 46.85069911630999 ], [ 10.470870294199342, 46.851047654419197 ], [ 10.470761499637987, 46.851296530246529 ], [ 10.470692524907564, 46.851652884487038 ], [ 10.470598305830087, 46.852045559792018 ], [ 10.470453674121199, 46.852483878653047 ], [ 10.470377332248441, 46.852660343602395 ], [ 10.470276463233985, 46.853080101559115 ], [ 10.470012285973283, 46.853794430582326 ], [ 10.46977585593585, 46.854413911154865 ], [ 10.469616090533028, 46.854838924349067 ], [ 10.46983898217197, 46.854984548438708 ], [ 10.470371266226788, 46.855261185236373 ], [ 10.471043339441763, 46.85561251588053 ], [ 10.471367781790786, 46.855783829190479 ], [ 10.47174184770517, 46.855941004677561 ], [ 10.471957653417622, 46.856037220263126 ], [ 10.472265182325454, 46.85615925306854 ], [ 10.472548110760078, 46.856281601576534 ], [ 10.472829612348869, 46.856381469798151 ], [ 10.473197463600153, 46.856520722141894 ], [ 10.473445861614577, 46.856639013321825 ], [ 10.474068822553747, 46.856842472004161 ], [ 10.474734581482453, 46.857081372532356 ], [ 10.475174570480204, 46.85721968894368 ], [ 10.475508661887826, 46.857323372286885 ], [ 10.475775753903616, 46.857405420676649 ], [ 10.476057710442644, 46.857491776320437 ], [ 10.476648041512693, 46.857700141382658 ], [ 10.477187721900084, 46.858035145663152 ], [ 10.477727741491782, 46.858352144654432 ], [ 10.478125057618106, 46.858607990005808 ], [ 10.478391951099514, 46.858712532793938 ], [ 10.478667127385954, 46.858789970412765 ], [ 10.47897544840437, 46.858880477817785 ], [ 10.479332203102139, 46.858853369046976 ], [ 10.479583175740929, 46.858796129653314 ], [ 10.4799084116218, 46.858755927792068 ], [ 10.480134351196028, 46.85871250965242 ], [ 10.480634632501202, 46.858508056531576 ], [ 10.480944082762772, 46.858400562104109 ], [ 10.481086278530604, 46.858353726105619 ], [ 10.481302233744707, 46.858215943484836 ], [ 10.4816210923283, 46.858063329546596 ], [ 10.481829550975291, 46.857921143380167 ], [ 10.482039263338832, 46.857765441824128 ], [ 10.482281843511698, 46.857582316646905 ], [ 10.482440571326011, 46.857391277948878 ], [ 10.482651277540866, 46.857033080809323 ], [ 10.482820173474595, 46.856675424978086 ], [ 10.482872127164578, 46.856418275149331 ], [ 10.482479922254583, 46.856378360344301 ], [ 10.482071308488148, 46.856397151371937 ], [ 10.481455456043834, 46.856513115146399 ], [ 10.480906764075993, 46.856268239323228 ], [ 10.480499501013563, 46.85609802444479 ], [ 10.480576459683439, 46.855557077931969 ], [ 10.481128064935415, 46.855311462191061 ], [ 10.481458257760655, 46.855154202331192 ], [ 10.481713209097249, 46.855033912411535 ], [ 10.481956119370855, 46.854922777023624 ], [ 10.482280948112832, 46.854779083007436 ], [ 10.48250647363319, 46.854632174867909 ], [ 10.482958800236318, 46.854414833782613 ], [ 10.483392031411734, 46.854188739218131 ], [ 10.48414964736282, 46.854309405016664 ], [ 10.484841823243167, 46.854435414446137 ], [ 10.48519143880277, 46.854507370997808 ], [ 10.485773104880895, 46.85463930845129 ], [ 10.486738679222722, 46.854838249802448 ], [ 10.486957915544471, 46.854493432486677 ], [ 10.487166438714814, 46.854265743362134 ], [ 10.487367701528104, 46.854042647797677 ], [ 10.487610551922502, 46.853900003984528 ], [ 10.487761346392796, 46.853749557205845 ], [ 10.488171526305166, 46.85340225510248 ], [ 10.488597222151594, 46.853023252524856 ], [ 10.488942007794549, 46.852712794928152 ], [ 10.489675803732526, 46.852595255531206 ], [ 10.490075771532863, 46.852531553904583 ], [ 10.490342969628481, 46.852469579931132 ], [ 10.490634753866512, 46.852407285101947 ], [ 10.491018203390707, 46.852339295727546 ], [ 10.49098651966564, 46.852083231585667 ], [ 10.490955209783378, 46.851840661340589 ], [ 10.490914683953665, 46.851472222460863 ], [ 10.490710715417968, 46.850826937654183 ], [ 10.490644738384924, 46.850575819641534 ], [ 10.490712330654482, 46.85038145658396 ], [ 10.490797814410387, 46.850182360822295 ], [ 10.490972441529596, 46.850004601652252 ], [ 10.491254921113137, 46.849991921979388 ], [ 10.491663396874975, 46.850058592187693 ], [ 10.492205403300241, 46.850092022768635 ], [ 10.492664040555898, 46.850045545430575 ], [ 10.492971655232365, 46.850289010707925 ], [ 10.493268820552215, 46.850717094956515 ], [ 10.493401531029328, 46.850890847535027 ], [ 10.493698970219631, 46.851269431503141 ], [ 10.494052981740406, 46.851795762816792 ], [ 10.494410123045206, 46.852227560625998 ], [ 10.494608702799264, 46.8524409479963 ], [ 10.495167064870436, 46.852235672407069 ], [ 10.495444182494802, 46.85208806459022 ], [ 10.495544963884459, 46.851938260974144 ], [ 10.495672189608419, 46.851648624188378 ], [ 10.495864724874963, 46.85114215299371 ], [ 10.496017889027698, 46.85075318561406 ], [ 10.496220049168604, 46.850327580669735 ], [ 10.496244977828979, 46.85019226683707 ], [ 10.496021814568243, 46.849979203592007 ], [ 10.495772976338555, 46.8498159710525 ], [ 10.49549868004015, 46.849621573463459 ], [ 10.495283188790335, 46.849448904890892 ], [ 10.494910773268785, 46.849174795075335 ], [ 10.494362944070527, 46.848812982700977 ], [ 10.494969814599054, 46.848791558006852 ], [ 10.495320436730042, 46.848782477717464 ], [ 10.495636514756255, 46.848769348208869 ], [ 10.495912756916638, 46.848738740142103 ], [ 10.496236919474034, 46.848662508921763 ], [ 10.496504215997479, 46.848605018788952 ], [ 10.496863559895671, 46.848496828549258 ], [ 10.49732136679717, 46.848391848576661 ], [ 10.497671212856913, 46.848207286874576 ], [ 10.497948414975101, 46.848064171344504 ], [ 10.498189696345776, 46.847926024984375 ], [ 10.498767177213944, 46.847643988098582 ], [ 10.498979766183831, 46.84750621581329 ], [ 10.499147190708568, 46.847513021958818 ], [ 10.499310761672128, 46.847528877543958 ], [ 10.499652792869247, 46.847564892505794 ], [ 10.499814863494233, 46.847585266630418 ], [ 10.499989470397509, 46.847614475414439 ], [ 10.500081303142537, 46.847644768937108 ], [ 10.500141558447835, 46.847688975112128 ], [ 10.500229489693309, 46.847755316454176 ], [ 10.500289118916051, 46.847777032760384 ], [ 10.500348622915727, 46.847794251077602 ], [ 10.500437753707251, 46.847815580537393 ], [ 10.500504501327523, 46.847828204204305 ], [ 10.500615639618134, 46.847844745375909 ], [ 10.50066493406791, 46.847848598600343 ], [ 10.50075368915493, 46.847856433941821 ], [ 10.500861035263084, 46.847855026205522 ], [ 10.50093385074735, 46.847849571646719 ], [ 10.50099550504609, 46.847826265029504 ], [ 10.501056908631414, 46.847793962467975 ], [ 10.50113810510549, 46.847765899853513 ], [ 10.501194591631606, 46.847733661713946 ], [ 10.50127452501691, 46.847719114369824 ], [ 10.501372612349899, 46.847708828410454 ], [ 10.501464394503309, 46.847707624289001 ], [ 10.50155605127981, 46.847701922139088 ], [ 10.501631569124651, 46.847705430878747 ], [ 10.501736462994703, 46.847704054496717 ], [ 10.501821438472177, 46.847693940206895 ], [ 10.501908052882165, 46.847683804345145 ], [ 10.501987735175177, 46.847660260597593 ], [ 10.502068481150708, 46.847645702033375 ], [ 10.50215308020646, 46.847622093637547 ], [ 10.502307341671459, 46.847597570733662 ], [ 10.502418665708005, 46.847591609715991 ], [ 10.502490780066138, 46.847590662969544 ], [ 10.502594160166092, 46.847593805274535 ], [ 10.502678374580444, 46.8476151975402 ], [ 10.502739518096975, 46.847632393087679 ], [ 10.502843651155299, 46.847662522880441 ], [ 10.502932908153573, 46.847688348340498 ], [ 10.503001420621679, 46.847705446974416 ], [ 10.503170425203372, 46.847739224082126 ], [ 10.503267375260531, 46.847746949835397 ], [ 10.50332839358876, 46.847759647112696 ], [ 10.503442797360503, 46.847776142643397 ], [ 10.503545113848462, 46.847770298862194 ], [ 10.503643702975092, 46.847778002762645 ], [ 10.503723311891763, 46.847781456369944 ], [ 10.503794487974822, 46.847776021530443 ], [ 10.50388942250904, 46.84777027444072 ], [ 10.503958886983094, 46.847791859591432 ], [ 10.504073667745947, 46.847821848337489 ], [ 10.504150765451255, 46.847852332251456 ], [ 10.504219655280053, 46.847882923996664 ], [ 10.504303183437012, 46.847908823686936 ], [ 10.504382792578223, 46.847912276832609 ], [ 10.504467834213198, 46.847933656907706 ], [ 10.504540074582424, 46.847937206813619 ], [ 10.504619750241421, 46.847972156120186 ], [ 10.504675779961747, 46.84801191586596 ], [ 10.504762388637904, 46.848060272718818 ], [ 10.504836837346813, 46.848113289000572 ], [ 10.504876477594602, 46.848153264155073 ], [ 10.504922991772629, 46.848233645302841 ], [ 10.504977832077747, 46.84825992174094 ], [ 10.505067665768745, 46.848276738752524 ], [ 10.50514305891914, 46.848275747215347 ], [ 10.505178924039173, 46.848239278716797 ], [ 10.505204901537027, 46.848171443053793 ], [ 10.505226092870483, 46.848049675134462 ], [ 10.505244580854738, 46.847918943565013 ], [ 10.505291105530723, 46.8478823348253 ], [ 10.505356543629599, 46.847818479683951 ], [ 10.50542190969936, 46.847781623053365 ], [ 10.505488227417173, 46.84774925346656 ], [ 10.505575415782493, 46.847730108076235 ], [ 10.505651118225213, 46.847711113732672 ], [ 10.505834879570434, 46.847686197955824 ], [ 10.506010755882601, 46.847643387244936 ], [ 10.506190412859379, 46.847618524907389 ], [ 10.506383432889065, 46.847602485594628 ], [ 10.506520728173816, 46.847587179527316 ], [ 10.506686644046558, 46.847539999292913 ], [ 10.506846058445925, 46.847524401625378 ], [ 10.507049037485491, 46.847512729660494 ], [ 10.507224028327096, 46.847496926345336 ], [ 10.507592289935353, 46.847474077307091 ], [ 10.507760289395145, 46.847471864072979 ], [ 10.507931175926824, 46.847456113748805 ], [ 10.508277317584032, 46.847433553960876 ], [ 10.508469636158642, 46.847422019971155 ], [ 10.508596786019803, 46.84748333835207 ], [ 10.508790113775463, 46.847449292516032 ], [ 10.508958870104339, 46.847415570336203 ], [ 10.509101963916297, 46.847373187107017 ], [ 10.509274684606588, 46.847334912582909 ], [ 10.509453582754222, 46.847283057515938 ], [ 10.50962560290756, 46.84724929130153 ], [ 10.50978931516619, 46.847211134829202 ], [ 10.510133676037755, 46.847125598493932 ], [ 10.510300539329442, 46.847082900107011 ], [ 10.510459194540479, 46.847040309809707 ], [ 10.510800414589953, 46.846959312516951 ], [ 10.510967137552711, 46.846912115405829 ], [ 10.511067309001731, 46.846946789627239 ], [ 10.51101801696988, 46.847059930493771 ], [ 10.511146358964835, 46.847076234292423 ], [ 10.511339753927611, 46.847073680463936 ], [ 10.51150352174459, 46.847067018012019 ], [ 10.511701959676602, 46.847068896567428 ], [ 10.511850024712862, 46.847057941438734 ], [ 10.512034285694732, 46.847051007498827 ], [ 10.512215129375134, 46.847039618815778 ], [ 10.512571605021181, 46.847034907881209 ], [ 10.512754340056196, 46.847032492551179 ], [ 10.512957568344651, 46.847029806005359 ], [ 10.513132121753893, 46.847027498234553 ], [ 10.51330514944153, 46.847029709974279 ], [ 10.513488963149621, 46.847036278410783 ], [ 10.513651344329233, 46.847038630425246 ], [ 10.51383409239728, 46.847036213197967 ], [ 10.513978445270626, 46.847038803223391 ], [ 10.514153432280654, 46.847022989352077 ], [ 10.514337999927458, 46.846998049235367 ], [ 10.514700199557025, 46.846934761098218 ], [ 10.514870269192, 46.846919011212975 ], [ 10.515054962617432, 46.846898567875208 ], [ 10.515390617870876, 46.846853627364453 ], [ 10.515562199416523, 46.846833356827219 ], [ 10.515762468639801, 46.846812706074459 ], [ 10.515930898612211, 46.846796976327866 ], [ 10.516098375879848, 46.846776759351862 ], [ 10.516294414194492, 46.846751664114279 ], [ 10.516455475189984, 46.846736031229 ], [ 10.516612865253597, 46.84670694795728 ], [ 10.516755571031856, 46.846651061471569 ], [ 10.516911514530731, 46.846599498946652 ], [ 10.51707130826054, 46.846538885963483 ], [ 10.517245025871404, 46.846478088157603 ], [ 10.517602039975539, 46.846347365521098 ], [ 10.518043703072635, 46.846224518156546 ], [ 10.518737125162062, 46.846017335457738 ], [ 10.519352951558229, 46.845878672794008 ], [ 10.519687392564403, 46.845761742115492 ], [ 10.520270308770838, 46.845619011908703 ], [ 10.52077202772745, 46.845445860522162 ], [ 10.521189283756998, 46.845300827284191 ], [ 10.521688658865815, 46.84539317966491 ], [ 10.522113827982007, 46.845441520813758 ], [ 10.52275359135176, 46.845541000459917 ], [ 10.523070101538233, 46.845631280249918 ], [ 10.523620111461184, 46.845745448330767 ], [ 10.524244003454491, 46.845921624219216 ], [ 10.524718374778717, 46.846027795215257 ], [ 10.52514269287874, 46.846161628929458 ], [ 10.525525034598493, 46.846260023796226 ], [ 10.526116032956022, 46.846432128346784 ], [ 10.5264397419472, 46.846486305987384 ], [ 10.527089316164748, 46.846671123017174 ], [ 10.527688706738743, 46.846820609442474 ], [ 10.528163395007848, 46.846908763513795 ], [ 10.528620439493587, 46.847010650100536 ], [ 10.528936900245805, 46.847069417098616 ], [ 10.529544239408347, 46.847209788406317 ], [ 10.529826667892287, 46.847282506600251 ], [ 10.530476670225505, 46.847395305020697 ], [ 10.531226791392283, 46.847511259814112 ], [ 10.531808347379421, 46.847638465271039 ], [ 10.532374446242521, 46.847711879498313 ], [ 10.533056379854349, 46.847851233329351 ], [ 10.533415846865093, 46.847922910639433 ], [ 10.533964248923741, 46.848037050557863 ], [ 10.534422267576822, 46.848143400524087 ], [ 10.535396702407759, 46.848305815848583 ], [ 10.535886379286236, 46.848429733628763 ], [ 10.536188020226369, 46.848457182243045 ], [ 10.536521199761264, 46.848497705435051 ], [ 10.536827201970461, 46.848534093017115 ], [ 10.537202554550159, 46.848587546693466 ], [ 10.537544045688096, 46.848632454868877 ], [ 10.538236136621412, 46.848753642959757 ], [ 10.538976982765702, 46.848802177570754 ], [ 10.539351439458667, 46.84882413901984 ], [ 10.539784472206588, 46.848858809946989 ], [ 10.540135029292008, 46.848876590787661 ], [ 10.540408953801096, 46.848908900879195 ], [ 10.541092696922524, 46.848967189603322 ], [ 10.541592747336576, 46.849023449219999 ], [ 10.54218281374847, 46.849073994057655 ], [ 10.542981639758107, 46.849085724577158 ], [ 10.543406521421623, 46.849093494070615 ], [ 10.543699330053972, 46.849098543980972 ], [ 10.543939523099327, 46.849126801014009 ], [ 10.544648554036474, 46.849180227726855 ], [ 10.545330355658903, 46.849256515754632 ], [ 10.545855384682552, 46.849325918266629 ], [ 10.546596760881705, 46.84939239480638 ], [ 10.547179286398507, 46.849465513813861 ], [ 10.547503897072081, 46.849492622065284 ], [ 10.548195373626188, 46.849591260222411 ], [ 10.548911178812165, 46.849680565720462 ], [ 10.549426807037499, 46.849736580270161 ], [ 10.550102596636298, 46.84983091968477 ], [ 10.550509973467671, 46.849856898322621 ], [ 10.550760395553269, 46.849898501267454 ], [ 10.55106114472871, 46.849894425531986 ], [ 10.551835660564482, 46.849829930438851 ], [ 10.55266804455634, 46.849782643417768 ], [ 10.553044482921761, 46.8495885521247 ], [ 10.55352094399815, 46.849366104207199 ], [ 10.554037535826019, 46.849057616840781 ], [ 10.554238773104929, 46.848928895037382 ], [ 10.554547401962381, 46.848771716507244 ], [ 10.554797511946106, 46.848660328249657 ], [ 10.555348393197798, 46.848432361961045 ], [ 10.555516681894149, 46.848043108495311 ], [ 10.555669955206865, 46.847559567119426 ], [ 10.555762055510526, 46.847342333960079 ], [ 10.555921270275148, 46.847178183549438 ], [ 10.556163078910702, 46.847035407871367 ], [ 10.556347830995545, 46.846875409204827 ], [ 10.556247527297993, 46.846638294036573 ], [ 10.556024551368994, 46.846326353447026 ], [ 10.555742915629782, 46.845884721225481 ], [ 10.555526743058689, 46.845694176579173 ], [ 10.55532923330831, 46.845440383361193 ], [ 10.555038247235078, 46.845043872524059 ], [ 10.554872884592461, 46.844852636199278 ], [ 10.55445834420485, 46.844435304449 ], [ 10.553985720965811, 46.84396476458727 ], [ 10.55371215676173, 46.84371650085729 ], [ 10.552973181127133, 46.842934599939262 ], [ 10.552833014029547, 46.842792514423344 ], [ 10.552441966613852, 46.842392854940549 ], [ 10.551977323747948, 46.841998691804818 ], [ 10.551512852955328, 46.841582026379918 ], [ 10.551347763707788, 46.841314287794141 ], [ 10.550999215508304, 46.840909547577262 ], [ 10.550874884100699, 46.840690751614915 ], [ 10.550501123435158, 46.840349346090342 ], [ 10.550244620722824, 46.840037848249167 ], [ 10.549779921350158, 46.839783164834223 ], [ 10.549447318745955, 46.8395896856523 ], [ 10.549098318635192, 46.839396427465978 ], [ 10.548550754607639, 46.839138361098797 ], [ 10.548324314157291, 46.838988438169274 ], [ 10.547718888148335, 46.838713152205393 ], [ 10.547070810243168, 46.838379944678124 ], [ 10.546505795687088, 46.838113105193798 ], [ 10.546272526509306, 46.837895776282167 ], [ 10.546257093685227, 46.837729499125935 ], [ 10.546382505949671, 46.837615314203489 ], [ 10.546765376677776, 46.83761913915361 ], [ 10.54732393229312, 46.837746576695793 ], [ 10.5480647216636, 46.837741057716613 ], [ 10.548622021948901, 46.837967497396718 ], [ 10.548871861833327, 46.838076606541101 ], [ 10.549070221375285, 46.838190911613715 ], [ 10.54933490343964, 46.838331316128993 ], [ 10.549542751486785, 46.838490488049068 ], [ 10.549725158394843, 46.838677001791325 ], [ 10.549976002219504, 46.83884908950337 ], [ 10.550191450074777, 46.838958661565506 ], [ 10.550755750901281, 46.839171497172501 ], [ 10.551157233473754, 46.839251548644796 ], [ 10.551706184751183, 46.839329599240997 ], [ 10.552098310483748, 46.83936927777016 ], [ 10.552704453128991, 46.839469045960158 ], [ 10.553038093526181, 46.83952751323168 ], [ 10.553686585916237, 46.839617702264384 ], [ 10.554319765356873, 46.839631602189613 ], [ 10.554904044181697, 46.839655162268066 ], [ 10.555451623280604, 46.83965672012603 ], [ 10.555652840835757, 46.839698981134845 ], [ 10.5562689219436, 46.839830092636674 ], [ 10.556601319293785, 46.839902065264447 ], [ 10.556901170578584, 46.840010476611226 ], [ 10.55714272601071, 46.840115180790569 ], [ 10.557615558507916, 46.840338226354064 ], [ 10.557973158960721, 46.840459347697546 ], [ 10.558281541875289, 46.840720626101238 ], [ 10.558587930968002, 46.840941434310942 ], [ 10.559262800632967, 46.84083774917346 ], [ 10.559621625200057, 46.840774364572262 ], [ 10.560288602038288, 46.840652782488483 ], [ 10.56078041976879, 46.840596580135795 ], [ 10.561296351192141, 46.840580543201696 ], [ 10.561854944671536, 46.840622416668985 ], [ 10.562179769068738, 46.840658479547749 ], [ 10.562878205898981, 46.840689439740608 ], [ 10.563178711667957, 46.840734831123868 ], [ 10.563811108118502, 46.840834181878684 ], [ 10.564519047420394, 46.840909998337018 ], [ 10.565616914385865, 46.841371942900594 ], [ 10.565982107632832, 46.841443439608142 ], [ 10.566191243465187, 46.841503572188941 ], [ 10.5665818733869, 46.841547721180945 ], [ 10.566924663099648, 46.841637520017706 ], [ 10.567199467762965, 46.841701251198963 ], [ 10.56778036466001, 46.841720292245228 ], [ 10.568381057623302, 46.841743558653 ], [ 10.569054346296674, 46.842035803366279 ], [ 10.569320370941082, 46.842135646739926 ], [ 10.569604304874735, 46.842230744246429 ], [ 10.569994090186325, 46.842301890855396 ], [ 10.570544251381405, 46.842447328696984 ], [ 10.570751587517893, 46.842642466027336 ], [ 10.57121710675472, 46.843117534084904 ], [ 10.571391371123536, 46.84333112275197 ], [ 10.571572166375796, 46.843571619134543 ], [ 10.571772103938875, 46.843793853867631 ], [ 10.571904628488337, 46.843981017333505 ], [ 10.572094630280807, 46.844171890684166 ], [ 10.572285793354672, 46.844542732225882 ], [ 10.572459033833136, 46.844832826692524 ], [ 10.572733024604201, 46.845261024277342 ], [ 10.572947139987608, 46.84563154922904 ], [ 10.573013530852659, 46.845855617224387 ], [ 10.573178172338546, 46.846019839653039 ], [ 10.573470940407256, 46.846051811556912 ], [ 10.573828319010799, 46.846078394568217 ], [ 10.574527426924838, 46.846185767883149 ], [ 10.575243944379615, 46.846243401572863 ], [ 10.575809555930835, 46.846298609199543 ], [ 10.576176566804781, 46.846626526159291 ], [ 10.57638367632995, 46.846812657108458 ], [ 10.576640911554826, 46.847002596719861 ], [ 10.576840833279201, 46.847139330147861 ], [ 10.577015132351848, 46.847240419432531 ], [ 10.577527018419342, 46.847728321486407 ], [ 10.578296696405292, 46.848032681809848 ], [ 10.578786921612608, 46.847976424146701 ], [ 10.579427605585231, 46.847963084051258 ], [ 10.579759777624234, 46.847940500718323 ], [ 10.580375272837134, 46.847851009648316 ], [ 10.580983099391815, 46.847779619645557 ], [ 10.581178582000254, 46.847875910330764 ], [ 10.581644343880294, 46.848103453862947 ], [ 10.582314888256823, 46.848409157228573 ], [ 10.582607303395978, 46.848540102068206 ], [ 10.583119760297796, 46.848793991488449 ], [ 10.583420671343442, 46.848906818278792 ], [ 10.583729633004507, 46.849015033256386 ], [ 10.584079866513143, 46.849104677684927 ], [ 10.584540388617679, 46.849264787799321 ], [ 10.584933054585266, 46.84940333779803 ], [ 10.585267729011264, 46.84949319407427 ], [ 10.585601099134125, 46.849511073687445 ], [ 10.5859016587957, 46.84955640467561 ], [ 10.586493538128623, 46.849611195500479 ], [ 10.586834127626938, 46.84965146948818 ], [ 10.587543996466948, 46.849731616435008 ], [ 10.588186126226017, 46.849794700630447 ], [ 10.588753674081451, 46.849885814311527 ], [ 10.589428984416656, 46.849961929720187 ], [ 10.589697977954623, 46.850048185636588 ], [ 10.589947009672832, 46.850152716695696 ], [ 10.590232319832896, 46.850319737641627 ], [ 10.590744622003211, 46.850650088430946 ], [ 10.590928393558297, 46.850737526021078 ], [ 10.591007372663208, 46.851024403053259 ], [ 10.591085688342673, 46.851288791196552 ], [ 10.591179951785412, 46.851593454021781 ], [ 10.591292925687506, 46.8518933569814 ], [ 10.591371288505874, 46.852103748937111 ], [ 10.591406667023413, 46.852274242099533 ], [ 10.591525696933187, 46.852529064502683 ], [ 10.591653100240059, 46.852734274625561 ], [ 10.591762518871041, 46.852885739453754 ], [ 10.591967153520098, 46.853179867142323 ], [ 10.592121258224743, 46.853483696659254 ], [ 10.592397513027757, 46.853731831071386 ], [ 10.592642936784788, 46.853935397804776 ], [ 10.592818870325365, 46.854090435525201 ], [ 10.593171845777439, 46.854409493932302 ], [ 10.593400590683752, 46.854631289645539 ], [ 10.593594677529941, 46.854817570657353 ], [ 10.593763765267864, 46.855017698307854 ], [ 10.593958611801796, 46.855284961036496 ], [ 10.594693749885243, 46.856188139706283 ], [ 10.595050494153153, 46.856606131063209 ], [ 10.595217434577828, 46.856761290395724 ], [ 10.595721139943622, 46.857019744845282 ], [ 10.596139145010895, 46.857180401054322 ], [ 10.596464850872859, 46.857297347286959 ], [ 10.597017458498366, 46.857379629213561 ], [ 10.597608194947417, 46.857447877385432 ], [ 10.59818350054687, 46.85752083760638 ], [ 10.598476477997668, 46.857557242260349 ], [ 10.598893341824352, 46.857596414998824 ], [ 10.599143567533948, 46.857628915623572 ], [ 10.599651269144749, 46.857689314284784 ], [ 10.600177682383706, 46.857744949456198 ], [ 10.600602878411607, 46.857788499069272 ], [ 10.601086465168784, 46.857754736911446 ], [ 10.601527552872689, 46.857726067062224 ], [ 10.601794196018576, 46.857731334505552 ], [ 10.602110972043178, 46.857713401482798 ], [ 10.602442379840776, 46.857690763100095 ], [ 10.602693721561625, 46.857678244274425 ], [ 10.603009406376811, 46.857678322469035 ], [ 10.603467923439595, 46.857739393122984 ], [ 10.6040685286199, 46.857780472037355 ], [ 10.604719101533894, 46.857847844795913 ], [ 10.60539374070078, 46.857896877831969 ], [ 10.60571158914019, 46.857914916645811 ], [ 10.605969471272852, 46.857956294133565 ], [ 10.606345489091247, 46.858027510156958 ], [ 10.606978699669153, 46.858144609444224 ], [ 10.607648512542761, 46.858279189482339 ], [ 10.608199365312579, 46.858383940105554 ], [ 10.608917803015892, 46.858526828618011 ], [ 10.609150967757726, 46.858564046825535 ], [ 10.609852070557785, 46.8587026736094 ], [ 10.610420399971636, 46.858843164551303 ], [ 10.610904599359138, 46.858939840864217 ], [ 10.611624391990004, 46.859154687019121 ], [ 10.611967904655414, 46.859262339170762 ], [ 10.612226452830468, 46.85935318885042 ], [ 10.612536087611449, 46.859452317339688 ], [ 10.613138159660984, 46.859623816578804 ], [ 10.613639567470029, 46.859774234032109 ], [ 10.614291633084832, 46.859972019918878 ], [ 10.614960234581114, 46.860147070713907 ], [ 10.615196361676984, 46.86031022377437 ], [ 10.61538959592955, 46.860491980222641 ], [ 10.615559460330349, 46.860687565068162 ], [ 10.615913409720237, 46.861033537142603 ], [ 10.616250041838464, 46.861321257809117 ], [ 10.616613019753336, 46.861694097820937 ], [ 10.616849410232286, 46.861920238199296 ], [ 10.617127328540617, 46.862136792075475 ], [ 10.617696388143065, 46.862299734589158 ], [ 10.618037890011342, 46.862366900491153 ], [ 10.61868837835771, 46.862537685982588 ], [ 10.619467266614688, 46.862724649297704 ], [ 10.620034985927825, 46.862842603102024 ], [ 10.620528395082065, 46.862970605567021 ], [ 10.621146518271548, 46.86312833656487 ], [ 10.621480510005879, 46.863218096605124 ], [ 10.621740732440426, 46.863281903430661 ], [ 10.622108339298558, 46.863371185283128 ], [ 10.622550789578035, 46.863522399330463 ], [ 10.623187093317958, 46.863684361151385 ], [ 10.623480084026054, 46.863882687393236 ], [ 10.623782234075991, 46.864031387274785 ], [ 10.624058982989906, 46.864207444453804 ], [ 10.62417753730521, 46.864304753289488 ], [ 10.62435240880402, 46.86431127058826 ], [ 10.624652278879449, 46.864302514375993 ], [ 10.625185211622011, 46.864299447145164 ], [ 10.625776618446849, 46.864277548345939 ], [ 10.626351350273833, 46.86430087950513 ], [ 10.627134554924957, 46.864330243141119 ], [ 10.627593028083938, 46.864359720557587 ], [ 10.627868840751159, 46.864396294099905 ], [ 10.628179219696902, 46.864463872443125 ], [ 10.628787282849006, 46.864585708466137 ], [ 10.629671171766544, 46.864609122124897 ], [ 10.630204651395111, 46.864624022145648 ], [ 10.630762994439921, 46.864647564598883 ], [ 10.631072151900714, 46.864674656058035 ], [ 10.631396754050137, 46.864697026912324 ], [ 10.631747032955721, 46.864728029955671 ], [ 10.632038698533188, 46.864746368994197 ], [ 10.63236453171452, 46.864755220732206 ], [ 10.633013590848986, 46.864741461390196 ], [ 10.633863336529414, 46.864747331433243 ], [ 10.63437181782516, 46.864749070096558 ], [ 10.63478835037693, 46.86477461802955 ], [ 10.63506444946402, 46.864793171717409 ], [ 10.635371560366895, 46.864806781983503 ], [ 10.636064747079033, 46.864895865674519 ], [ 10.636665042340873, 46.864923279180012 ], [ 10.637332405073206, 46.864999225685999 ], [ 10.637974097149645, 46.865039538870626 ], [ 10.638567147808807, 46.865071545692402 ], [ 10.638965248807937, 46.865110841137017 ], [ 10.639633160307335, 46.865150769520085 ], [ 10.640602323790986, 46.865253869874337 ], [ 10.641485011506241, 46.865290708308542 ], [ 10.64219323558641, 46.865334543133429 ], [ 10.642534229227232, 46.865329649546446 ], [ 10.643125783043811, 46.865366153831737 ], [ 10.643927177722547, 46.865426638603786 ], [ 10.644470377770183, 46.865463830511899 ], [ 10.645192516039319, 46.86537245863687 ], [ 10.645818763405853, 46.865363454182649 ], [ 10.646100589050803, 46.865327903605895 ], [ 10.646716312238121, 46.86526954993591 ], [ 10.64710661140205, 46.865241435212994 ], [ 10.648032627109856, 46.865381090487617 ], [ 10.648642782096921, 46.865489292093521 ], [ 10.649303223620461, 46.865632762603958 ], [ 10.649587266898873, 46.865696162832513 ], [ 10.650297033262701, 46.865843416232082 ], [ 10.651667825476196, 46.866206107380499 ], [ 10.652076900776688, 46.866335190970531 ], [ 10.652470806980542, 46.866423995668114 ], [ 10.652770563985356, 46.866491660708327 ], [ 10.65303124946424, 46.86654189089888 ], [ 10.653699377986422, 46.866721221867586 ], [ 10.654033701404094, 46.866765886074909 ], [ 10.65437681073564, 46.866909413649012 ], [ 10.654898544511251, 46.867234841212927 ], [ 10.655209153742982, 46.867441830743765 ], [ 10.655444090641984, 46.867667912497872 ], [ 10.655540066381604, 46.867828509976384 ], [ 10.655757785450524, 46.868054840150492 ], [ 10.6557769675915, 46.868198550019876 ], [ 10.655864101478382, 46.86847176529033 ], [ 10.655913196264839, 46.868948013144994 ], [ 10.656224524430542, 46.869177487510541 ], [ 10.656737587815346, 46.869620021839907 ], [ 10.657151430856565, 46.869956000092984 ], [ 10.657395688003344, 46.870190942032089 ], [ 10.657799541083239, 46.870468567738719 ], [ 10.658345697947917, 46.870919614628541 ], [ 10.65871815628914, 46.871242688041825 ], [ 10.659104935247242, 46.871498058563709 ], [ 10.659381401713208, 46.871633537994128 ], [ 10.6595829981351, 46.871761103284015 ], [ 10.659893488045938, 46.871909586899051 ], [ 10.660313762773315, 46.872186965516661 ], [ 10.660743508243847, 46.872531699207912 ], [ 10.66108920974756, 46.872864152344476 ], [ 10.661350402742842, 46.873035845519162 ], [ 10.661628826704641, 46.873234285538473 ], [ 10.661914227856684, 46.873446122367213 ], [ 10.662108611218885, 46.873605285158042 ], [ 10.662326187938413, 46.873719114700059 ], [ 10.662712612719968, 46.874014974553475 ], [ 10.663049407242161, 46.874244060266037 ], [ 10.663620446595722, 46.87454173376922 ], [ 10.664006577191222, 46.874774599075813 ], [ 10.664341354557422, 46.874805727792555 ], [ 10.665024627507973, 46.87493977634805 ], [ 10.665293445719872, 46.875012358307778 ], [ 10.665610489158572, 46.875079738180304 ], [ 10.665911810704545, 46.875142846428901 ], [ 10.666321822848037, 46.875298863045963 ], [ 10.667654639264416, 46.875774405651008 ], [ 10.667971444295416, 46.875886778482133 ], [ 10.668061700426469, 46.875781972155231 ], [ 10.668150784443885, 46.875560193172774 ], [ 10.668278156973951, 46.875144373056742 ], [ 10.668487814921411, 46.874578866245876 ], [ 10.668757909403412, 46.874295952791002 ], [ 10.668971763689237, 46.874103850937786 ], [ 10.669152708008596, 46.873934726688368 ], [ 10.669408492202528, 46.873719514431436 ], [ 10.669531231534215, 46.873578236222279 ], [ 10.669720067412555, 46.873372999095594 ], [ 10.669916681259636, 46.873154149341509 ], [ 10.670078966333518, 46.872886304551301 ], [ 10.670243203844732, 46.87268142549204 ], [ 10.670488439810462, 46.872232385229616 ], [ 10.670722996725363, 46.871756502667978 ], [ 10.671007154981513, 46.871293394172618 ], [ 10.671155547355102, 46.871106743518013 ], [ 10.671277147488798, 46.870902485502874 ], [ 10.671484002369048, 46.870696982204677 ], [ 10.671914834025239, 46.87054670152137 ], [ 10.672336614095183, 46.870369553835332 ], [ 10.672816600711268, 46.870191553791507 ], [ 10.673199395831652, 46.870131962532298 ], [ 10.673639559836555, 46.87007153102801 ], [ 10.673864833274479, 46.870036739101472 ], [ 10.674163884283983, 46.87000086747517 ], [ 10.674922722997474, 46.870007762468845 ], [ 10.675590156253538, 46.870029489582564 ], [ 10.67611670156715, 46.870188264551189 ], [ 10.676752018456446, 46.870363441919302 ], [ 10.677112235860978, 46.870448155801071 ], [ 10.677420087413372, 46.870484140418107 ], [ 10.677727939355405, 46.870520124201455 ], [ 10.677978268208994, 46.870552450976021 ], [ 10.678320787996249, 46.870542928776949 ], [ 10.678768991048454, 46.87045086238453 ], [ 10.679393402524344, 46.870302213294302 ], [ 10.67997839368714, 46.86991566022688 ], [ 10.680466130420152, 46.869566529118785 ], [ 10.680695802778931, 46.869410169691776 ], [ 10.680927910068515, 46.869226776378781 ], [ 10.681124087833037, 46.869048409995777 ], [ 10.681453922009993, 46.868764588569299 ], [ 10.681951224659441, 46.868590795260083 ], [ 10.682597495795042, 46.868329317059789 ], [ 10.68334697493937, 46.868300296856624 ], [ 10.683737989970908, 46.868294544680126 ], [ 10.68443870661973, 46.868279733564592 ], [ 10.685279583399058, 46.868235856570791 ], [ 10.685735074925352, 46.868089660135091 ], [ 10.686165863646101, 46.8679663239012 ], [ 10.686821571778808, 46.867745179214353 ], [ 10.687113229662259, 46.867709382652521 ], [ 10.687794775386566, 46.867658836689642 ], [ 10.688293812669889, 46.867619978477848 ], [ 10.688665854121979, 46.867636987407131 ], [ 10.688894157370594, 46.867647117238967 ], [ 10.689494630631611, 46.867678750563634 ], [ 10.689710187620227, 46.86764857043535 ], [ 10.690035564715242, 46.867589770495584 ], [ 10.690350667760599, 46.867517622545968 ], [ 10.690624339540282, 46.867405589284274 ], [ 10.690812422456846, 46.86723182535949 ], [ 10.690969475355041, 46.867036021557233 ], [ 10.691272427721211, 46.866707572687282 ], [ 10.691666559961519, 46.86630578140435 ], [ 10.691976513146987, 46.865887234868225 ], [ 10.692336313965548, 46.865463450712646 ], [ 10.692500726792691, 46.865267535895363 ], [ 10.692837096198133, 46.864907091235843 ], [ 10.693230332580521, 46.864451312284245 ], [ 10.6935824835051, 46.864045635720828 ], [ 10.693886512626921, 46.863726163006675 ], [ 10.694378418083675, 46.863201425266766 ], [ 10.694525976461897, 46.863095749295276 ], [ 10.695051477526592, 46.863065468864157 ], [ 10.695757707076258, 46.862915518138827 ], [ 10.695948652127679, 46.862885690884561 ], [ 10.696412906185927, 46.862811315669063 ], [ 10.69697871858633, 46.86268143725372 ], [ 10.696989878064832, 46.862280805921792 ], [ 10.69699505374084, 46.862028750646168 ], [ 10.696862853615588, 46.86158074925023 ], [ 10.696746641438711, 46.861015520577936 ], [ 10.696601956215096, 46.860275228773205 ], [ 10.696512345540073, 46.859799597738643 ], [ 10.696410083840371, 46.859598630859224 ], [ 10.695980114466048, 46.859276531645598 ], [ 10.695415902539056, 46.858857428083176 ], [ 10.694913092688994, 46.858617397091464 ], [ 10.694469036215478, 46.858394492431202 ], [ 10.693939844510354, 46.858123350452587 ], [ 10.693654707970081, 46.857947585969576 ], [ 10.693217173854533, 46.857670584484872 ], [ 10.693539245500324, 46.857404840785144 ], [ 10.693734290265136, 46.857140976279034 ], [ 10.693947728971649, 46.85683634257601 ], [ 10.694141920792379, 46.856545492248081 ], [ 10.694149610078739, 46.8564508863914 ], [ 10.694230360906797, 46.856229209527697 ], [ 10.694233627653587, 46.855968183174589 ], [ 10.694288731652369, 46.85576488442706 ], [ 10.694303105936177, 46.855544190189605 ], [ 10.694233062774458, 46.855324745757791 ], [ 10.694007645979216, 46.854648639975743 ], [ 10.693739666175182, 46.854027159113272 ], [ 10.693627215589666, 46.853736347956492 ], [ 10.693533512633397, 46.853598246394611 ], [ 10.693372823402832, 46.85341613977009 ], [ 10.693084501382026, 46.853033438283141 ], [ 10.693364618068175, 46.85276381591698 ], [ 10.693815998734756, 46.852361168983087 ], [ 10.694587874250292, 46.852165257084302 ], [ 10.695243593608616, 46.852029555836353 ], [ 10.695500564526407, 46.851962754110133 ], [ 10.696172854024455, 46.851754808034826 ], [ 10.696828101868144, 46.851578608049543 ], [ 10.697468231791504, 46.851443125165837 ], [ 10.697965205296988, 46.851291764377905 ], [ 10.698313768715533, 46.85119209989012 ], [ 10.698595715871432, 46.85111142164687 ], [ 10.698886489503964, 46.850999114297515 ], [ 10.699142999885932, 46.850891814572172 ], [ 10.699448379378625, 46.850774789293929 ], [ 10.699846052324684, 46.85062039529884 ], [ 10.700418270522013, 46.850359915080304 ], [ 10.701037726589552, 46.850089730569415 ], [ 10.701443997284571, 46.849948702060907 ], [ 10.701651073664978, 46.84986013015596 ], [ 10.701839136566759, 46.849636851846974 ], [ 10.702003791735288, 46.849476916133206 ], [ 10.702198082788277, 46.848880075563159 ], [ 10.702404202578071, 46.848580034026995 ], [ 10.702276590448486, 46.84819946406008 ], [ 10.702499486653405, 46.847989165309201 ], [ 10.702657180209044, 46.847842831053512 ], [ 10.702888694015, 46.847645902191189 ], [ 10.703103560978292, 46.847467219113533 ], [ 10.703285799180117, 46.847397012359714 ], [ 10.703875065605303, 46.847158759012736 ], [ 10.704216540438406, 46.846991687519932 ], [ 10.70448926649197, 46.846879634562818 ], [ 10.705090372240056, 46.846834682611494 ], [ 10.705480046483208, 46.846765880980236 ], [ 10.705788350732146, 46.846716289477179 ], [ 10.706079168973831, 46.846657958578405 ], [ 10.70671116443579, 46.846630536087638 ], [ 10.707402582453824, 46.846615722406256 ], [ 10.707894070326001, 46.846603888589847 ], [ 10.708418575560893, 46.846573561226556 ], [ 10.708635363730048, 46.846610821222725 ], [ 10.709136117361908, 46.846684336681605 ], [ 10.709368567466116, 46.846698863222713 ], [ 10.709618914525199, 46.846708622289292 ], [ 10.710342971546083, 46.846792295065327 ], [ 10.711052808856225, 46.846867176617678 ], [ 10.711569495501289, 46.846899946528218 ], [ 10.712235869850861, 46.846948473017534 ], [ 10.712926840034871, 46.846996627464627 ], [ 10.713268992622222, 46.847032002090955 ], [ 10.713610144154339, 46.847035893275326 ], [ 10.713885458490807, 46.847031770240797 ], [ 10.714326432185597, 46.847029664584674 ], [ 10.714659389815761, 46.847033675390328 ], [ 10.714852478910597, 46.847021782776935 ], [ 10.715233517628651, 46.846939578413306 ], [ 10.715766484251056, 46.846814598289868 ], [ 10.716081586437706, 46.846746878578053 ], [ 10.716447012554465, 46.846637906505357 ], [ 10.716704627989506, 46.846490053968033 ], [ 10.716852398425663, 46.84631685110589 ], [ 10.716901344944869, 46.846077636311854 ], [ 10.716855479527563, 46.845641860206463 ], [ 10.71678694453993, 46.845291917155031 ], [ 10.716692558848916, 46.845005356694365 ], [ 10.716616390289902, 46.84475002029663 ], [ 10.716498080147796, 46.844535812654705 ], [ 10.716403715655114, 46.844352743150999 ], [ 10.716294952827857, 46.844129392822403 ], [ 10.716185635648548, 46.843991543715603 ], [ 10.716041253414984, 46.843782226218316 ], [ 10.716039785880142, 46.843530268793643 ], [ 10.716019559451489, 46.843152602939043 ], [ 10.716059790719154, 46.842846024577945 ], [ 10.716357318737323, 46.842639078927562 ], [ 10.716555575724538, 46.842532613585206 ], [ 10.716837928344066, 46.842415886979552 ], [ 10.717103715956327, 46.842267910798782 ], [ 10.717327471311009, 46.842138563324831 ], [ 10.717917681739975, 46.841882224510975 ], [ 10.718306098770908, 46.841646911432896 ], [ 10.718820206115334, 46.841369212472564 ], [ 10.719118815069752, 46.841171242589951 ], [ 10.719425698451175, 46.841027143211136 ], [ 10.719682596822119, 46.840883794180598 ], [ 10.719880613015453, 46.840718831380158 ], [ 10.720087646708318, 46.840553732685052 ], [ 10.720253809716205, 46.840366749840634 ], [ 10.720425471724791, 46.840121188806819 ], [ 10.720705443033918, 46.839802004747696 ], [ 10.721035114994244, 46.839396579414561 ], [ 10.721224699878055, 46.83917324575814 ], [ 10.721331486193085, 46.83900065329572 ], [ 10.721513544915872, 46.83877293271545 ], [ 10.721670010224091, 46.83859059327002 ], [ 10.72179327322899, 46.838395254271006 ], [ 10.722024409878589, 46.838112798740944 ], [ 10.722155863000593, 46.837917336083272 ], [ 10.722545419959621, 46.837744986150661 ], [ 10.722960364294361, 46.837572252636626 ], [ 10.723358502803753, 46.837386271791559 ], [ 10.723850476596306, 46.837392360467419 ], [ 10.724449814774994, 46.837423826964049 ], [ 10.724757847928709, 46.837419184596023 ], [ 10.725149731122842, 46.837422276601792 ], [ 10.725491109666144, 46.837435128100651 ], [ 10.72600726736384, 46.837454341750096 ], [ 10.726598414801176, 46.837485920533254 ], [ 10.727131495479673, 46.837495874490195 ], [ 10.727365167984699, 46.837523844880515 ], [ 10.727798013704371, 46.837526309471016 ], [ 10.728064272360387, 46.837522288940818 ], [ 10.728388441452182, 46.837535391676667 ], [ 10.728781151139314, 46.837538458757798 ], [ 10.729096839448394, 46.837542688331403 ], [ 10.729780371668099, 46.837541357200685 ], [ 10.730287918869886, 46.837547182775893 ], [ 10.730954578663805, 46.837505602994987 ], [ 10.731229408338949, 46.837487946527197 ], [ 10.731686397000329, 46.837476532223349 ], [ 10.731977954668833, 46.837494617927412 ], [ 10.73216194522791, 46.837455835877655 ], [ 10.73234323014961, 46.837358599175609 ], [ 10.732542116812759, 46.837247596767718 ], [ 10.732690052719569, 46.837132865864035 ], [ 10.732812547448075, 46.836762040534786 ], [ 10.732893839894507, 46.836486331453365 ], [ 10.733024000613309, 46.836124389045118 ], [ 10.733171787815431, 46.836005160101685 ], [ 10.733368052584726, 46.835583720704619 ], [ 10.733567547899634, 46.83536471585699 ], [ 10.733749461975689, 46.835235969855184 ], [ 10.733931506779596, 46.835111721220457 ], [ 10.734312859262774, 46.83488995928559 ], [ 10.734586229986588, 46.83475082650029 ], [ 10.735001602175521, 46.834618539398896 ], [ 10.735367140099834, 46.834491506183184 ], [ 10.735708403504148, 46.83437383928171 ], [ 10.736246836949331, 46.834194684528654 ], [ 10.73653055150394, 46.834122884758116 ], [ 10.736962354594969, 46.834017339014594 ], [ 10.737913791801626, 46.833912900153216 ], [ 10.738338559120912, 46.833843453202832 ], [ 10.738696575083003, 46.833788517865322 ], [ 10.739063085389644, 46.833742451598809 ], [ 10.739354072763685, 46.833693032494971 ], [ 10.739979730908518, 46.833652023204202 ], [ 10.740594673318075, 46.833584175624239 ], [ 10.741201957501062, 46.833507441976721 ], [ 10.741544846391559, 46.833466226818956 ], [ 10.741842588046973, 46.833448196086408 ], [ 10.742234480737357, 46.833401733274442 ], [ 10.742568615856415, 46.833419143695224 ], [ 10.742926004104568, 46.833395702169014 ], [ 10.743549871696647, 46.833350200962457 ], [ 10.74397540187911, 46.833330217512888 ], [ 10.744356598836292, 46.833333406519827 ], [ 10.744824106021596, 46.83334427752289 ], [ 10.745472266896526, 46.833365890067633 ], [ 10.7459055151638, 46.833381778863107 ], [ 10.746197866988087, 46.833399816179821 ], [ 10.746521735807319, 46.833403872782384 ], [ 10.747178756284448, 46.83342084079063 ], [ 10.747471691954013, 46.83345686451662 ], [ 10.747937075087242, 46.833427258430476 ], [ 10.748537079532108, 46.83340459274789 ], [ 10.749103308160812, 46.833350942682117 ], [ 10.749810774144422, 46.833331127319013 ], [ 10.750151692370798, 46.8333304132831 ], [ 10.750717873998276, 46.833326252036208 ], [ 10.750983962553697, 46.833317681060358 ], [ 10.751658480382421, 46.833217364807922 ], [ 10.752175489185117, 46.8331374550799 ], [ 10.752641627223644, 46.833080820404476 ], [ 10.753014513404487, 46.833030112090938 ], [ 10.75329112509535, 46.832967378781298 ], [ 10.753589648161729, 46.832872811496898 ], [ 10.754015584653668, 46.832789789401559 ], [ 10.75432117845267, 46.832686112525266 ], [ 10.754671977310224, 46.832586241305101 ], [ 10.755005167287907, 46.832423644021617 ], [ 10.755187804831753, 46.832344348766732 ], [ 10.755444884956924, 46.83216041935119 ], [ 10.755721142860791, 46.832061688393821 ], [ 10.755836568666851, 46.83190692932353 ], [ 10.7561206817463, 46.831596593437482 ], [ 10.756320295525622, 46.831359548159909 ], [ 10.756536754076254, 46.83096025662573 ], [ 10.756685429557498, 46.830593502798891 ], [ 10.756861752472972, 46.830194826737326 ], [ 10.756926437579812, 46.829941853265488 ], [ 10.756952216564581, 46.829626482037995 ], [ 10.757035995438704, 46.82917973039423 ], [ 10.757110055535362, 46.828962610016958 ], [ 10.757200464403303, 46.828493258144995 ], [ 10.757293775454842, 46.82803736054462 ], [ 10.757425709393242, 46.827634865459729 ], [ 10.757782321294952, 46.827287414484978 ], [ 10.757941093980229, 46.827104989357544 ], [ 10.758141191217685, 46.826908430119822 ], [ 10.758389501570386, 46.826783124070296 ], [ 10.759006458671818, 46.826503662656933 ], [ 10.75938136331777, 46.826340411119425 ], [ 10.759737682488987, 46.826109949387714 ], [ 10.760062705123584, 46.825924964443743 ], [ 10.760445374879373, 46.825698594819563 ], [ 10.760779101691172, 46.825504474600983 ], [ 10.760911558770109, 46.825344948468192 ], [ 10.761228066695278, 46.825200588080719 ], [ 10.761461122367823, 46.825035013219185 ], [ 10.76172768095382, 46.824841924148906 ], [ 10.761960292577555, 46.824662856132051 ], [ 10.762209360572637, 46.824461035935187 ], [ 10.762485489256353, 46.824159806000949 ], [ 10.762826413856461, 46.823835078900721 ], [ 10.763066234990719, 46.823651397869085 ], [ 10.763241122189697, 46.823486715552299 ], [ 10.763400460554086, 46.82327277638359 ], [ 10.763507247542124, 46.823055147247025 ], [ 10.763615160079711, 46.822797003760805 ], [ 10.76380710901584, 46.822402575172752 ], [ 10.763623792838574, 46.822058927273758 ], [ 10.763331029692594, 46.821725965030922 ], [ 10.763232574928109, 46.821596992185867 ], [ 10.763057394243122, 46.821401706624236 ], [ 10.76288335488432, 46.821165906304167 ], [ 10.762657751417189, 46.82100739418815 ], [ 10.762382562344198, 46.820885642599244 ], [ 10.762041619465867, 46.820782901531977 ], [ 10.761542338544563, 46.820624101582112 ], [ 10.761141415382328, 46.82031529700771 ], [ 10.760851207399471, 46.820135277358233 ], [ 10.760551852538152, 46.819950898048276 ], [ 10.760326420911689, 46.819796878336611 ], [ 10.760194044315217, 46.819632427451879 ], [ 10.760027308874156, 46.819419008680043 ], [ 10.759877844523741, 46.819182825746296 ], [ 10.75952771062596, 46.818571757297782 ], [ 10.759343630325695, 46.818354104558395 ], [ 10.758994005201048, 46.818085000571671 ], [ 10.758753563044646, 46.81787271293458 ], [ 10.758311143856508, 46.817546537537623 ], [ 10.758128152771022, 46.817387361636392 ], [ 10.757596126023472, 46.817026562972259 ], [ 10.757128940095466, 46.816669265795909 ], [ 10.756746287821176, 46.816391662753809 ], [ 10.7563731333381, 46.816028419127441 ], [ 10.756097624464905, 46.815870660029624 ], [ 10.755839520100414, 46.815744130808596 ], [ 10.755507277403694, 46.81560523948373 ], [ 10.754998716606574, 46.815410556057003 ], [ 10.754358604711499, 46.815226886701822 ], [ 10.753185455555917, 46.814952389567488 ], [ 10.752751279399803, 46.814878047215913 ], [ 10.752484873854922, 46.814823632124863 ], [ 10.752160545342614, 46.814801601001662 ], [ 10.75153749585508, 46.814739145381878 ], [ 10.75122100096131, 46.814680994413351 ], [ 10.750870836467545, 46.814191390515525 ], [ 10.750662303744566, 46.813875105394168 ], [ 10.750271823684631, 46.813228628341754 ], [ 10.750163051284467, 46.813032307079709 ], [ 10.749872173875604, 46.812627286738639 ], [ 10.749539675284961, 46.812150907467959 ], [ 10.749248044959144, 46.811772894974787 ], [ 10.748981046464651, 46.811421503189898 ], [ 10.748889567643237, 46.811202418035215 ], [ 10.748755706031741, 46.811015478178057 ], [ 10.748580987481978, 46.810806664221964 ], [ 10.748266103647392, 46.810393007226935 ], [ 10.747882069608673, 46.809993904658256 ], [ 10.747665723541532, 46.809713730568859 ], [ 10.747357389856541, 46.809223476723488 ], [ 10.747215906657376, 46.808978155803182 ], [ 10.747125542977024, 46.808768051469194 ], [ 10.747041355083006, 46.808571351752391 ], [ 10.746908645562298, 46.808343895123755 ], [ 10.746784186608952, 46.808143310358766 ], [ 10.746484349233373, 46.807661923688265 ], [ 10.746351450518828, 46.807402971633358 ], [ 10.746259455463598, 46.807192891471367 ], [ 10.746233616882476, 46.80690080767593 ], [ 10.746084346135495, 46.806642105140959 ], [ 10.746026971239585, 46.806413497808343 ], [ 10.74596845719522, 46.806225404798127 ], [ 10.745875592448632, 46.805988339579692 ], [ 10.745859690761959, 46.805750100002037 ], [ 10.745850946638889, 46.805201274343766 ], [ 10.745858952655684, 46.80484117899757 ], [ 10.745850511517663, 46.804377842279244 ], [ 10.745393264803857, 46.804119337763332 ], [ 10.745126703011879, 46.803956915957301 ], [ 10.744653417467424, 46.803658156105016 ], [ 10.743971555899703, 46.803317576847405 ], [ 10.743562684189165, 46.803085325674274 ], [ 10.743113402318803, 46.802844689323727 ], [ 10.742531983379905, 46.80257006626973 ], [ 10.742240024864962, 46.802457520816247 ], [ 10.741740094258997, 46.802195151924685 ], [ 10.741231940788753, 46.801982402308667 ], [ 10.74081764372688, 46.801759223204428 ], [ 10.74016799720321, 46.801400132457658 ], [ 10.739650987723955, 46.80111551583127 ], [ 10.739376226486357, 46.800926207262286 ], [ 10.738970624305393, 46.800743386284097 ], [ 10.738346432329543, 46.800487390657359 ], [ 10.737756296503415, 46.800271371410723 ], [ 10.737140535202075, 46.799997242493859 ], [ 10.736557582839939, 46.799749610332199 ], [ 10.736348964883796, 46.799680781631416 ], [ 10.735725520743916, 46.799447258687835 ], [ 10.735009814402966, 46.799197132717339 ], [ 10.734603572221058, 46.799018805620854 ], [ 10.734028292159284, 46.798780043590639 ], [ 10.733688078008324, 46.79866820759672 ], [ 10.733471515516623, 46.798581495351776 ], [ 10.733171994837692, 46.798563534334384 ], [ 10.732456886903462, 46.798484370699271 ], [ 10.731898766342695, 46.798447823191168 ], [ 10.731407094215459, 46.798414767158093 ], [ 10.730967292147314, 46.798389923667195 ], [ 10.730534525594127, 46.798405469085388 ], [ 10.730126697512604, 46.798407136779723 ], [ 10.729819948515004, 46.798393775950032 ], [ 10.729535728893921, 46.798393572758791 ], [ 10.729085959835098, 46.798364373022821 ], [ 10.728837577116487, 46.798332128869035 ], [ 10.728247631486475, 46.798273546065559 ], [ 10.727606551218345, 46.798229231296446 ], [ 10.727139835744612, 46.798182281108289 ], [ 10.726966104071078, 46.798076911370273 ], [ 10.726441961321363, 46.797873336725779 ], [ 10.726101179478881, 46.797743488079107 ], [ 10.726153609107294, 46.797513214108676 ], [ 10.726156835197148, 46.797153192039922 ], [ 10.726129221023806, 46.796955623245324 ], [ 10.726216162611463, 46.79672932823884 ], [ 10.726287412483419, 46.796498770233249 ], [ 10.726528412446884, 46.795865180399772 ], [ 10.726691148093408, 46.795601743931812 ], [ 10.72693417448944, 46.795211104694935 ], [ 10.727047644397363, 46.795020405945259 ], [ 10.727219332250462, 46.794806329921812 ], [ 10.727341613659341, 46.794660494547692 ], [ 10.727703082798753, 46.794286064154598 ], [ 10.72817747224914, 46.793806434702972 ], [ 10.728434269496812, 46.793667565691429 ], [ 10.728461120892081, 46.793329684775721 ], [ 10.728499470511743, 46.793095122567379 ], [ 10.728600489672134, 46.792643629357549 ], [ 10.728554520865668, 46.792410340915481 ], [ 10.728515848719967, 46.79196995732331 ], [ 10.728421074345709, 46.791183946428404 ], [ 10.728362093371613, 46.790595380289155 ], [ 10.72838297138906, 46.790352082585464 ], [ 10.7284472103554, 46.790184624294959 ], [ 10.728569858169847, 46.790025282921484 ], [ 10.728724827066751, 46.789775459620451 ], [ 10.728879729025287, 46.789575133516657 ], [ 10.729393996544335, 46.788986903824636 ], [ 10.729910113604156, 46.788457139549479 ], [ 10.730320830734497, 46.788113453532816 ], [ 10.730532059813289, 46.787907773610193 ], [ 10.731058960872344, 46.788097788934188 ], [ 10.731729974664814, 46.788083135399454 ], [ 10.732560297226772, 46.78805706638402 ], [ 10.733166944978588, 46.788052378398859 ], [ 10.733821250757813, 46.788078462753752 ], [ 10.734576471032184, 46.788085014850708 ], [ 10.735116278993871, 46.788090329143643 ], [ 10.735605209491535, 46.788091912981649 ], [ 10.736185563685249, 46.788110106203462 ], [ 10.736610713163635, 46.787707682717816 ], [ 10.737018351902266, 46.787422515034528 ], [ 10.737393491213961, 46.787272829665916 ], [ 10.737758428541493, 46.787213291535544 ], [ 10.73826408453113, 46.78704812193309 ], [ 10.738745820862244, 46.78700480485486 ], [ 10.739418062715318, 46.786927092039029 ], [ 10.740173830600323, 46.786875103017564 ], [ 10.740646567091162, 46.786831914803223 ], [ 10.74120359775214, 46.786787441879817 ], [ 10.741642814703985, 46.786771757701374 ], [ 10.742265049063512, 46.786793782230646 ], [ 10.742672167182171, 46.786823579644725 ], [ 10.743094354795925, 46.786889143455049 ], [ 10.743525368705299, 46.786999567985617 ], [ 10.744055715769797, 46.787117476167637 ], [ 10.744620572947838, 46.787239355370815 ], [ 10.744992906395813, 46.787332670398015 ], [ 10.745325106414786, 46.787350101898276 ], [ 10.745806463351663, 46.787320259892574 ], [ 10.746469942745922, 46.787301135123194 ], [ 10.746942059064734, 46.787289428094574 ], [ 10.747332315410397, 46.787278969272442 ], [ 10.747754705660265, 46.78729951601531 ], [ 10.748178636351986, 46.787342536051725 ], [ 10.748858657964815, 46.787404138877115 ], [ 10.749332023539433, 46.787405901921517 ], [ 10.749722571585991, 46.787404429839277 ], [ 10.750226988923306, 46.78737871624898 ], [ 10.750644343529951, 46.787345333211732 ], [ 10.751033381795665, 46.787271884898772 ], [ 10.751449625596878, 46.786901040026244 ], [ 10.751749097862934, 46.786666971828062 ], [ 10.752139891284742, 46.786395506979858 ], [ 10.75250546148826, 46.786128926798831 ], [ 10.752929477640558, 46.786023438489231 ], [ 10.753277611076834, 46.785901112703186 ], [ 10.753644005936369, 46.785711010767095 ], [ 10.754209554557836, 46.785450359246134 ], [ 10.754807764295922, 46.785288196957808 ], [ 10.75516472324218, 46.78521072684412 ], [ 10.755571038283751, 46.785190994168268 ], [ 10.756060926396783, 46.785147479001324 ], [ 10.756500695261845, 46.785199224459404 ], [ 10.756939493575816, 46.785246483450031 ], [ 10.757627881531979, 46.785339403413168 ], [ 10.758714511902095, 46.785516192106698 ], [ 10.759104275805534, 46.785591194584484 ], [ 10.759476358352334, 46.78575196157017 ], [ 10.759733647149863, 46.785882995169487 ], [ 10.760023663980132, 46.786063021239364 ], [ 10.760280413259004, 46.786252557752434 ], [ 10.760594927370965, 46.786531198448998 ], [ 10.760876064580932, 46.786765355147331 ], [ 10.761165682257001, 46.787008379974822 ], [ 10.761355936137111, 46.787167439811618 ], [ 10.761679753549732, 46.78732894261006 ], [ 10.762060355954221, 46.787449072879078 ], [ 10.762548906489315, 46.787590037435194 ], [ 10.763021789499732, 46.78767724516517 ], [ 10.763718954308413, 46.787711497418897 ], [ 10.764374551601037, 46.787701389625028 ], [ 10.765138390306571, 46.787721106018644 ], [ 10.765892631252722, 46.787722966720544 ], [ 10.766573370580106, 46.787730457000713 ], [ 10.767410748853402, 46.787870514129921 ], [ 10.768065619451921, 46.788013385536182 ], [ 10.769143072092039, 46.788307208723275 ], [ 10.769840733260668, 46.788480906087841 ], [ 10.770643223983768, 46.78867997505558 ], [ 10.771157984759521, 46.788869993729904 ], [ 10.771845698556179, 46.78926431717943 ], [ 10.772242360124062, 46.789573151453212 ], [ 10.772788952838495, 46.789933657555871 ], [ 10.773168971051668, 46.790184250638752 ], [ 10.773526318502167, 46.79031820219879 ], [ 10.773891927617308, 46.790479022633278 ], [ 10.774578901265228, 46.790724851673779 ], [ 10.774960600725404, 46.790826923302717 ], [ 10.77545006830743, 46.790819329133036 ], [ 10.776296781607821, 46.790743191775448 ], [ 10.776935300836627, 46.79071077876673 ], [ 10.777592957671727, 46.790538574792123 ], [ 10.778255676511364, 46.790321291547983 ], [ 10.778521082357917, 46.790348664101629 ], [ 10.77895887596069, 46.790562342453221 ], [ 10.779067040957125, 46.790763146257547 ], [ 10.779231742417526, 46.79108906184198 ], [ 10.779505539730252, 46.791345785292471 ], [ 10.779959847381795, 46.791712192064182 ], [ 10.780481730354808, 46.792041548048751 ], [ 10.780995726657608, 46.792429520236958 ], [ 10.781467611890132, 46.792831644812225 ], [ 10.781965103529554, 46.793215369916062 ], [ 10.782295922480822, 46.793511695668847 ], [ 10.782494077043207, 46.793733592753469 ], [ 10.782658877872958, 46.794037003362526 ], [ 10.782707910075121, 46.794256723649035 ], [ 10.782765560903094, 46.794489808653587 ], [ 10.782772689292884, 46.794755178577248 ], [ 10.782789940595924, 46.794979893663118 ], [ 10.782887260665365, 46.795248357894252 ], [ 10.783318558097278, 46.79556111361601 ], [ 10.783981300094506, 46.795739768678828 ], [ 10.784646061364196, 46.795954385825183 ], [ 10.785257978444443, 46.796205821060312 ], [ 10.786005272057341, 46.796315649964086 ], [ 10.786394702970098, 46.796377065668331 ], [ 10.786784861924762, 46.796213484816697 ], [ 10.787150393710965, 46.796072785678007 ], [ 10.787558414795873, 46.795706437675918 ], [ 10.787924531474067, 46.795435236242 ], [ 10.788348602684245, 46.795059635204048 ], [ 10.788822391017334, 46.794701254002725 ], [ 10.789330091932037, 46.794328841430371 ], [ 10.789803572611614, 46.794010958024181 ], [ 10.790269968658297, 46.793652686366677 ], [ 10.790769696964434, 46.793311889810461 ], [ 10.79124337516442, 46.792975998547199 ], [ 10.791700145178821, 46.792599872940258 ], [ 10.792182074944511, 46.792241350109514 ], [ 10.792672547307953, 46.79186919232761 ], [ 10.793122158853137, 46.791524670868718 ], [ 10.793661969782134, 46.791232729814745 ], [ 10.794085706315647, 46.791095595518293 ], [ 10.794292943709589, 46.791096845473291 ], [ 10.7942850105717, 46.791326453663551 ], [ 10.79417596617365, 46.791593644873807 ], [ 10.794365442856501, 46.791775160473229 ], [ 10.794672982160929, 46.791738839242235 ], [ 10.795554020941156, 46.791464034861036 ], [ 10.796043519520989, 46.791186371129825 ], [ 10.796267366484487, 46.790948873611306 ], [ 10.7967755061223, 46.790567421349849 ], [ 10.797258923898676, 46.790132358930926 ], [ 10.797724188273005, 46.78974257649044 ], [ 10.798140274623741, 46.789376063422573 ], [ 10.798571801054717, 46.788932811466218 ], [ 10.799437194624753, 46.788190255643038 ], [ 10.79976933760474, 46.787910550696623 ], [ 10.80025190877711, 46.787524985212677 ], [ 10.80106663715717, 46.786738217120181 ], [ 10.801457900389707, 46.786390081219075 ], [ 10.801957700707915, 46.785981738689308 ], [ 10.802347977647484, 46.78562911552671 ], [ 10.802771734772461, 46.78524896535388 ], [ 10.803254398018272, 46.784867885191169 ], [ 10.803702905626256, 46.784469342658646 ], [ 10.804135189091205, 46.784075553848595 ], [ 10.804543666319653, 46.783704637287499 ], [ 10.805017307708338, 46.78332369183493 ], [ 10.805482758686717, 46.782942873632365 ], [ 10.805974090044012, 46.782552645612945 ], [ 10.806298408872454, 46.782187550713587 ], [ 10.806704376760866, 46.781767169289346 ], [ 10.807145120620257, 46.781431731236644 ], [ 10.807620714199997, 46.780987748281042 ], [ 10.808068935199643, 46.780607191556058 ], [ 10.808542524750889, 46.78022623203919 ], [ 10.808893149597067, 46.779865213455871 ], [ 10.809365299194326, 46.779466274459459 ], [ 10.809848157622303, 46.779044665612624 ], [ 10.810255524433369, 46.778691744549683 ], [ 10.810713145966583, 46.778275030966284 ], [ 10.811129624250201, 46.777876965584937 ], [ 10.811603389767301, 46.777477991580128 ], [ 10.812001494189369, 46.777093712964145 ], [ 10.812409134241905, 46.776749779130007 ], [ 10.812866501981681, 46.776351059542385 ], [ 10.813331233932898, 46.775952221371696 ], [ 10.813780116573595, 46.775544633143859 ], [ 10.814153097009667, 46.775412728151188 ], [ 10.814527172191218, 46.775361799108509 ], [ 10.815339791568457, 46.775254414755523 ], [ 10.815977849589821, 46.775311784526686 ], [ 10.816319384934559, 46.775364859116721 ], [ 10.816758451181515, 46.775420883719015 ], [ 10.817089615675201, 46.775262634942926 ], [ 10.817465292973154, 46.775040682350095 ], [ 10.817846813713349, 46.774895130517891 ], [ 10.818369154247614, 46.774774337592341 ], [ 10.818800405505897, 46.774816979467104 ], [ 10.819139037556626, 46.774856592699798 ], [ 10.819546638674776, 46.774926605980646 ], [ 10.819961791948669, 46.774807510381073 ], [ 10.820434978356662, 46.77470998838816 ], [ 10.820850680938809, 46.774631378090909 ], [ 10.821538633814374, 46.774444939057538 ], [ 10.822128003667341, 46.774345560227658 ], [ 10.822510027846498, 46.774312477228932 ], [ 10.822907116741321, 46.774337649007229 ], [ 10.823188286382372, 46.774324169401474 ], [ 10.823637761052414, 46.774276508666219 ], [ 10.823911624823367, 46.774240645238393 ], [ 10.824260375171809, 46.774167589537683 ], [ 10.824491234035117, 46.774118911319505 ], [ 10.824774389133523, 46.77397040518273 ], [ 10.824958226627432, 46.773814483189966 ], [ 10.825323275847685, 46.77344868380014 ], [ 10.825704906034016, 46.773816069630378 ], [ 10.82611749531104, 46.774178460341005 ], [ 10.826226031069391, 46.774289220419398 ], [ 10.826573962842021, 46.774337662595471 ], [ 10.826897172071211, 46.77433250209473 ], [ 10.827100868687754, 46.774279752626299 ], [ 10.827481885502451, 46.774386159767708 ], [ 10.827977824312217, 46.774598722330694 ], [ 10.828299970119854, 46.774755564019927 ], [ 10.828530258932474, 46.774931871702357 ], [ 10.828910118042719, 46.775173283551545 ], [ 10.829554337276836, 46.775581455589112 ], [ 10.829784063893847, 46.775789267616119 ], [ 10.829890483779932, 46.776030549296713 ], [ 10.829946984087563, 46.776272629318264 ], [ 10.830150386183822, 46.776669848948757 ], [ 10.830336919008721, 46.777076337466305 ], [ 10.830459445105749, 46.777357858188431 ], [ 10.830581452612909, 46.777648386460903 ], [ 10.830751850097263, 46.777965138475309 ], [ 10.8308247847855, 46.778184456541211 ], [ 10.831062853060995, 46.778662114256804 ], [ 10.831273623078328, 46.779131208993995 ], [ 10.8314855965963, 46.779514789826031 ], [ 10.831698995229893, 46.779916346214797 ], [ 10.831871203112868, 46.780165572055679 ], [ 10.832107436490489, 46.780467768740337 ], [ 10.832465012252575, 46.780606032502448 ], [ 10.833034189811411, 46.780754404293631 ], [ 10.833862141830529, 46.781024617241492 ], [ 10.834630876138945, 46.781286774392953 ], [ 10.83530213642946, 46.781523491840396 ], [ 10.835914634756135, 46.781765647980301 ], [ 10.83623700051443, 46.781854968296443 ], [ 10.836542741346754, 46.78191305670255 ], [ 10.836824511202911, 46.781940031268391 ], [ 10.837099228946947, 46.781832127519856 ], [ 10.837650250685098, 46.781566795903196 ], [ 10.838199735820689, 46.781256489339967 ], [ 10.838457408885274, 46.781153355847422 ], [ 10.838715295260062, 46.781104214694594 ], [ 10.838962479692951, 46.781149738589505 ], [ 10.83912107245949, 46.781214684836975 ], [ 10.839468250718811, 46.781335095074667 ], [ 10.839716450814926, 46.781434597362704 ], [ 10.840104598016756, 46.781603843547423 ], [ 10.840335419046841, 46.781649627650275 ], [ 10.840536473599501, 46.781686890749349 ], [ 10.840743001841137, 46.781692567559894 ], [ 10.840902318024504, 46.78158651125446 ], [ 10.840968964639693, 46.781427949524087 ], [ 10.841172847041189, 46.780947700929822 ], [ 10.841350270283916, 46.780508375038231 ], [ 10.841552866821914, 46.780086642441901 ], [ 10.841755805789852, 46.779579409687933 ], [ 10.841942592555059, 46.779126432940828 ], [ 10.842104763304244, 46.778624355507723 ], [ 10.842355006333818, 46.778327845747555 ], [ 10.842753212096229, 46.778312433386233 ], [ 10.843442108785947, 46.778346332657911 ], [ 10.844171810777109, 46.778352571862719 ], [ 10.844844553083103, 46.778368724279638 ], [ 10.845614050454305, 46.778365313188317 ], [ 10.845989275454086, 46.7783007635758 ], [ 10.846189541526552, 46.778171540591558 ], [ 10.846496854306029, 46.778036089960622 ], [ 10.846981349616462, 46.777695291826944 ], [ 10.847498667513204, 46.777308964598355 ], [ 10.847949594583078, 46.776968704352264 ], [ 10.848433875216255, 46.776645902241711 ], [ 10.848834114034794, 46.776283958861569 ], [ 10.84930256360393, 46.775929910930373 ], [ 10.849826914222007, 46.775606455145201 ], [ 10.850286357345526, 46.775252548741854 ], [ 10.850636690208407, 46.775035396488242 ], [ 10.850952505438769, 46.774886297122663 ], [ 10.851493722674048, 46.774625556565688 ], [ 10.85200134038891, 46.77438785583513 ], [ 10.852292608151865, 46.774311145343169 ], [ 10.852575900528375, 46.77421656443623 ], [ 10.852992145411568, 46.774083831963971 ], [ 10.853341470057376, 46.774028676996949 ], [ 10.85372192602934, 46.773950518043293 ], [ 10.854345962267248, 46.773908907474485 ], [ 10.855059422405175, 46.773825346263592 ], [ 10.855781578009001, 46.773732640143194 ], [ 10.856528547843071, 46.773671024724671 ], [ 10.857259189997613, 46.773587170957178 ], [ 10.857996788420197, 46.773539197181115 ], [ 10.858720068917636, 46.773455453621182 ], [ 10.859458768993745, 46.773344456643898 ], [ 10.86018056283811, 46.773265227700328 ], [ 10.860879084916791, 46.773199871830663 ], [ 10.861642131074197, 46.773106463554036 ], [ 10.862306561691341, 46.772978657803868 ], [ 10.863061849478267, 46.77292136397071 ], [ 10.863767219053445, 46.772864878342951 ], [ 10.864506019620983, 46.77278084530986 ], [ 10.865203321941788, 46.772656986694848 ], [ 10.865900576258078, 46.772650116963376 ], [ 10.866490425136956, 46.772590998790541 ], [ 10.866888302632603, 46.772544009678235 ], [ 10.867196734357883, 46.772372487223031 ], [ 10.867397400786077, 46.772162225581319 ], [ 10.867482769941137, 46.772003342400488 ], [ 10.867560227864768, 46.771520609378591 ], [ 10.867639463285309, 46.771042346956264 ], [ 10.867717385231877, 46.77057310529878 ], [ 10.867753492512183, 46.770149543280915 ], [ 10.867881583295341, 46.769616486484743 ], [ 10.868001611933414, 46.769110559385375 ], [ 10.868089224381473, 46.768614160842063 ], [ 10.868159695241051, 46.768095543547318 ], [ 10.868296824481524, 46.767634333869978 ], [ 10.868407022291773, 46.767223060630428 ], [ 10.868493412091663, 46.76676267927094 ], [ 10.868622152124836, 46.766319604951597 ], [ 10.868723617028817, 46.765939971927239 ], [ 10.868856821444778, 46.765838802437067 ], [ 10.868998193123016, 46.765737499365734 ], [ 10.86958736978181, 46.76573237252569 ], [ 10.870325828088621, 46.765688804592337 ], [ 10.871096851406941, 46.765734693536125 ], [ 10.871671146552485, 46.765536311723025 ], [ 10.872368383334422, 46.765389911573848 ], [ 10.872775784432688, 46.765288749399545 ], [ 10.873114935814336, 46.765296696304716 ], [ 10.873787942100803, 46.765348671545659 ], [ 10.874184951974478, 46.765396165051392 ], [ 10.874565975564161, 46.765407921416845 ], [ 10.875106962362651, 46.765358558584779 ], [ 10.875769709369576, 46.765280198639054 ], [ 10.876167992702499, 46.765246669548873 ], [ 10.876576552674827, 46.765131975669604 ], [ 10.877015781232144, 46.765075273435485 ], [ 10.877522818931121, 46.764967959868336 ], [ 10.878078812049647, 46.764832842129962 ], [ 10.878453234665676, 46.764678204489385 ], [ 10.879102198295419, 46.76441556323045 ], [ 10.879777020363875, 46.764143493965818 ], [ 10.880282776525599, 46.763905697451221 ], [ 10.880824365746298, 46.763662809879705 ], [ 10.881332346782639, 46.763465469546119 ], [ 10.881639786143216, 46.763338921172064 ], [ 10.88194011203724, 46.763266485564607 ], [ 10.88224616993052, 46.763193954860995 ], [ 10.882587483856639, 46.763170340060206 ], [ 10.883233646722545, 46.76311020851012 ], [ 10.88395697673411, 46.763080300602084 ], [ 10.884693524217859, 46.763077168670129 ], [ 10.885398605550082, 46.763110548286235 ], [ 10.886194861892116, 46.763223415284315 ], [ 10.886897707743467, 46.763333317689053 ], [ 10.887618017078481, 46.763474425653847 ], [ 10.88824847684052, 46.763644010371998 ], [ 10.888902028312936, 46.763795211497175 ], [ 10.889638709649816, 46.763936036429811 ], [ 10.890084320327064, 46.76420315807561 ], [ 10.890339397433726, 46.764428429194346 ], [ 10.890528754945684, 46.764623287751213 ], [ 10.890858472572603, 46.765063310606529 ], [ 10.891260997424938, 46.765502128926322 ], [ 10.891538527052536, 46.765947512211426 ], [ 10.891868103732882, 46.766383034710323 ], [ 10.892204230531402, 46.766818447904967 ], [ 10.892540677951919, 46.76726285421649 ], [ 10.892904691582855, 46.767652806858415 ], [ 10.893207480008982, 46.768070769786128 ], [ 10.893552026916494, 46.768465542185723 ], [ 10.893939909622491, 46.768882094705617 ], [ 10.894236720021729, 46.769129164722528 ], [ 10.894582814528137, 46.769357418974941 ], [ 10.894847518483715, 46.769506025394577 ], [ 10.895210435414123, 46.769630505726774 ], [ 10.895658317516553, 46.769726578834799 ], [ 10.896327916892758, 46.76993596790674 ], [ 10.896786050837681, 46.769950871840848 ], [ 10.897151920881759, 46.769809813988545 ], [ 10.897475947609315, 46.769642450673437 ], [ 10.898033458087404, 46.769340721425408 ], [ 10.898333161558011, 46.769250254317363 ], [ 10.898673791308543, 46.769136608652055 ], [ 10.899098355339722, 46.769035067866049 ], [ 10.900069412572472, 46.768784959463318 ], [ 10.900750458315025, 46.76859815770775 ], [ 10.901416014841553, 46.768366612163163 ], [ 10.902022860284648, 46.768235032553093 ], [ 10.902620551665192, 46.768099102234743 ], [ 10.903092973275692, 46.768055246965261 ], [ 10.903375561815789, 46.768037046734761 ], [ 10.90408949334641, 46.767971170219688 ], [ 10.904578065391661, 46.767967537451156 ], [ 10.905074419391916, 46.768022269313683 ], [ 10.905539655007219, 46.768100015911585 ], [ 10.905895437671781, 46.768184083769917 ], [ 10.906267362617424, 46.768308378995876 ], [ 10.906763508672633, 46.768565594196424 ], [ 10.907332686178385, 46.768920583451582 ], [ 10.907737818450897, 46.76921980916574 ], [ 10.908092437974373, 46.769479378478117 ], [ 10.908571085710088, 46.769889867970491 ], [ 10.909006528244788, 46.770328074672982 ], [ 10.909418420894307, 46.770748673888036 ], [ 10.909715228166268, 46.770923708427404 ], [ 10.909922944797749, 46.771010235240766 ], [ 10.910280405770122, 46.771071762875494 ], [ 10.910951354330807, 46.771155051869826 ], [ 10.911339470094784, 46.771319557588704 ], [ 10.911686505716689, 46.771502747287187 ], [ 10.912157321786275, 46.77178286087883 ], [ 10.912578359244012, 46.772090802991094 ], [ 10.913180439565492, 46.772517208449571 ], [ 10.913559492645664, 46.77277185245314 ], [ 10.913914773087098, 46.77307189002719 ], [ 10.914212446933623, 46.773224399816428 ], [ 10.914550296446382, 46.773448231927716 ], [ 10.914988548981505, 46.773755877046945 ], [ 10.915417736156, 46.773969178281263 ], [ 10.915748612248215, 46.774134627324884 ], [ 10.916004949651176, 46.774229328346728 ], [ 10.916294467534174, 46.774359470736279 ], [ 10.916609530617334, 46.774471185596852 ], [ 10.916865565346384, 46.774534391770423 ], [ 10.917138603186926, 46.774615311299925 ], [ 10.917544323216097, 46.774721004684018 ], [ 10.918057939599828, 46.774775390934344 ], [ 10.918705447532833, 46.774773532923859 ], [ 10.919394765961856, 46.774680975539759 ], [ 10.920108455685835, 46.774606003822775 ], [ 10.920830620187431, 46.774562383353974 ], [ 10.921402126832069, 46.774656280046457 ], [ 10.921973094886587, 46.77480417949522 ], [ 10.922355128370267, 46.774887755175762 ], [ 10.923233838145055, 46.774917984160531 ], [ 10.923598594333365, 46.77490735214046 ], [ 10.923988227255895, 46.774882801463797 ], [ 10.924204643364957, 46.774775668353982 ], [ 10.924355647360239, 46.774602139390403 ], [ 10.924481337163824, 46.774361540330489 ], [ 10.924623229317341, 46.774116168841374 ], [ 10.924800124976887, 46.773888207121637 ], [ 10.924884902310323, 46.773648295897466 ], [ 10.92532659641178, 46.773361881227046 ], [ 10.925617611236477, 46.773257989681049 ], [ 10.926006364170965, 46.773300942635785 ], [ 10.926753169573558, 46.773328865323641 ], [ 10.927076363498022, 46.773300923277517 ], [ 10.927509544313384, 46.773235129593438 ], [ 10.928115274183828, 46.773049433776229 ], [ 10.928563690785216, 46.772951881304429 ], [ 10.92888647822071, 46.773027434452054 ], [ 10.929524360889005, 46.773214665476502 ], [ 10.930012647380739, 46.773453913578507 ], [ 10.930658035773643, 46.773668009956495 ], [ 10.931063814970784, 46.773728657260598 ], [ 10.931644370610643, 46.773754854307761 ], [ 10.932391331872511, 46.773787237266433 ], [ 10.933129031696083, 46.773720778084609 ], [ 10.933851003770561, 46.773695077438191 ], [ 10.934556058208029, 46.773768652061243 ], [ 10.935474299111965, 46.773897112249983 ], [ 10.936180193762336, 46.77392566548545 ], [ 10.936885295661096, 46.773931729202289 ], [ 10.937557191381334, 46.77390235321559 ], [ 10.938285668313286, 46.773944010152299 ], [ 10.939133115561733, 46.773970146862588 ], [ 10.939887091826682, 46.774060858279462 ], [ 10.940608841234777, 46.774165610530851 ], [ 10.941180718069505, 46.774223404401567 ], [ 10.941958453878419, 46.774268701854446 ], [ 10.942497353101988, 46.774525036463018 ], [ 10.943100250861484, 46.77478478129828 ], [ 10.943639014147928, 46.775014114532929 ], [ 10.944011069601375, 46.775138284881443 ], [ 10.944268158823512, 46.775115917209881 ], [ 10.944675796806479, 46.775068491441417 ], [ 10.945305171509691, 46.774994795538348 ], [ 10.946044359341755, 46.774878730840555 ], [ 10.946658338679581, 46.774832287657425 ], [ 10.947015702091985, 46.774866703881884 ], [ 10.947338200073029, 46.774955709061786 ], [ 10.947768227072697, 46.775006884952532 ], [ 10.948125605814379, 46.775018798861261 ], [ 10.948514900867497, 46.775007669482832 ], [ 10.94884005272729, 46.774966133416832 ], [ 10.949138210470258, 46.774925056328748 ], [ 10.949463212046812, 46.774879021330413 ], [ 10.950109078426117, 46.774899512023126 ], [ 10.950590158561262, 46.774913809318569 ], [ 10.951036899840632, 46.774883693017408 ], [ 10.951420320182883, 46.774800658435062 ], [ 10.951768063360776, 46.774704732069075 ], [ 10.952100743335595, 46.774667558006882 ], [ 10.952631879205962, 46.774775486686167 ], [ 10.953139659584265, 46.774690323729629 ], [ 10.953738586227722, 46.774590102858767 ], [ 10.954487243433576, 46.774487320963573 ], [ 10.955159301749338, 46.774394842679364 ], [ 10.955793243464115, 46.774267014305039 ], [ 10.956524696657938, 46.774209510348307 ], [ 10.957246825539674, 46.774120663190978 ], [ 10.957979111364626, 46.773973141277288 ], [ 10.958694843007262, 46.773911392765235 ], [ 10.959318131575561, 46.773806225798253 ], [ 10.960737984205885, 46.773633409569285 ], [ 10.961470735178144, 46.773521855042389 ], [ 10.962168791224752, 46.773446888641303 ], [ 10.962867498998278, 46.773389905676012 ], [ 10.963590260487592, 46.773274009214859 ], [ 10.964180150310691, 46.773196387262239 ], [ 10.964953474333571, 46.773097612949954 ], [ 10.965626313432155, 46.7729825610257 ], [ 10.966399625457701, 46.772906275733064 ], [ 10.96706526753665, 46.772840835973774 ], [ 10.967771812833956, 46.772729691576309 ], [ 10.968527935326861, 46.772631188919355 ], [ 10.969159861619323, 46.77253931874813 ], [ 10.969542743598055, 46.772442733366312 ], [ 10.970839324859806, 46.772325910321463 ], [ 10.971969474573083, 46.772180443378772 ], [ 10.972659483019941, 46.772087552663223 ], [ 10.973821079171895, 46.772153012181072 ], [ 10.97443061181535, 46.772322483183636 ], [ 10.974869972589135, 46.772404894141516 ], [ 10.975310355881739, 46.771866323837251 ], [ 10.975720982487296, 46.771521753828722 ], [ 10.976065343031742, 46.771178326934233 ], [ 10.976588512403993, 46.770710317188986 ], [ 10.977082581763453, 46.770364300492027 ], [ 10.977461605511392, 46.769984272446017 ], [ 10.97770231954817, 46.769404146491112 ], [ 10.97794880177679, 46.76904890657655 ], [ 10.978636002292003, 46.769082020541568 ], [ 10.979390133367207, 46.769154469910191 ], [ 10.980161110106677, 46.769195124643815 ], [ 10.980564014041416, 46.769467133267639 ], [ 10.980816887914171, 46.769755237426054 ], [ 10.981133456219466, 46.769637262630887 ], [ 10.981800136699153, 46.769400729320175 ], [ 10.982335094049184, 46.769188973272243 ], [ 10.982953475568669, 46.768908272821889 ], [ 10.984123782471915, 46.768321016035408 ], [ 10.984673772317029, 46.768072990425999 ], [ 10.985226007877083, 46.767752927521016 ], [ 10.98588478162082, 46.767503008257535 ], [ 10.986303240299119, 46.767329253564156 ], [ 10.986769000515745, 46.767240170732485 ], [ 10.98702572122987, 46.767276209652849 ], [ 10.987288873712094, 46.767420129775701 ], [ 10.987541757195464, 46.767685720389117 ], [ 10.987948253371547, 46.768254622806708 ], [ 10.988289900577451, 46.768685159240512 ], [ 10.989012397244073, 46.768632102543414 ], [ 10.989775829401848, 46.76862332659023 ], [ 10.990545520512876, 46.768717930403056 ], [ 10.991193293128131, 46.768769653828471 ], [ 10.991832810444926, 46.768641528149352 ], [ 10.992236075343349, 46.768234030348808 ], [ 10.992615612234474, 46.767804445727535 ], [ 10.992961928404513, 46.767384438000477 ], [ 10.993464217637591, 46.767087703897865 ], [ 10.994109377864556, 46.767157455222979 ], [ 10.994773323570833, 46.767181878049193 ], [ 10.995238305903749, 46.767182768859946 ], [ 10.995688014201608, 46.767080430417977 ], [ 10.99591135301006, 46.767099032800125 ], [ 10.996374564566487, 46.767162946116585 ], [ 10.996995686306969, 46.767246599837605 ], [ 10.997731676062793, 46.767359742484011 ], [ 10.998427577822611, 46.767473580682129 ], [ 11.00018941597607, 46.76783426698249 ], [ 11.000917268995883, 46.767992528712895 ], [ 11.001552358920843, 46.768143409358494 ], [ 11.002338786707684, 46.768291637754196 ], [ 11.003033740267155, 46.768423463460593 ], [ 11.004480689366403, 46.768789596587389 ], [ 11.00530549978693, 46.769045125618824 ], [ 11.0059260318562, 46.769178238244898 ], [ 11.006471171565527, 46.769353167406237 ], [ 11.007131058329467, 46.769598076535125 ], [ 11.007971860217459, 46.769974798520416 ], [ 11.008606598985002, 46.770247138916147 ], [ 11.009233913072286, 46.770452110225321 ], [ 11.009878455582086, 46.77070177272595 ], [ 11.010496657518589, 46.770947394776101 ], [ 11.011058384453314, 46.771149008960073 ], [ 11.011751539943308, 46.771406805795664 ], [ 11.012369590683621, 46.771647920652249 ], [ 11.013062268886829, 46.771892218750004 ], [ 11.013666362249618, 46.772066076241558 ], [ 11.014158492589043, 46.771827926598419 ], [ 11.014612191064385, 46.77143746075307 ], [ 11.01513168043738, 46.771077332333554 ], [ 11.015469979691296, 46.770643898340658 ], [ 11.015875496438444, 46.770191279953245 ], [ 11.016270267510365, 46.769801845726022 ], [ 11.016856336202437, 46.769449535339426 ], [ 11.017375163228889, 46.769116406621855 ], [ 11.017820115940054, 46.768690084145049 ], [ 11.018215118513112, 46.768395133389127 ], [ 11.018594018673195, 46.768041968829841 ], [ 11.019079288307962, 46.767709424370686 ], [ 11.019630483201201, 46.767366714524755 ], [ 11.020101490950111, 46.767025417975574 ], [ 11.020710897299073, 46.766663675991424 ], [ 11.021189719011666, 46.76629073872234 ], [ 11.021710077971948, 46.76591256562596 ], [ 11.021988023092367, 46.765574672873846 ], [ 11.022173614632864, 46.765175415621052 ], [ 11.022358150922575, 46.765316145114099 ], [ 11.022769749729004, 46.765596851280513 ], [ 11.023223769286815, 46.765917303363281 ], [ 11.024825973332474, 46.766820401726918 ], [ 11.025324357642022, 46.767297550964201 ], [ 11.025231801980775, 46.767776161493977 ], [ 11.024992037810659, 46.768891840344409 ], [ 11.024838891821329, 46.770221972635738 ], [ 11.02484610255852, 46.770676318096299 ], [ 11.025061726554538, 46.771689441121289 ], [ 11.02564073212009, 46.773092106408605 ], [ 11.026200489351558, 46.774243124496266 ], [ 11.026776775209063, 46.774939374073533 ], [ 11.027056910810218, 46.77535738545911 ], [ 11.027411309412383, 46.776183555535738 ], [ 11.027678864963773, 46.77731274554359 ], [ 11.028220681263765, 46.777874606685167 ], [ 11.028442016625622, 46.778230660779052 ], [ 11.028589360463165, 46.779123494144336 ], [ 11.028779264403793, 46.779601597521442 ], [ 11.029102631030526, 46.780014337299349 ], [ 11.029626603906205, 46.780536010559857 ], [ 11.03020089881238, 46.781110785120987 ], [ 11.030817099298242, 46.781689312626128 ], [ 11.031880359311092, 46.782615376001225 ], [ 11.032655871602755, 46.78374902996115 ], [ 11.033095815173841, 46.78479864795807 ], [ 11.033558739465349, 46.786153836894954 ], [ 11.034161174834601, 46.787407549339143 ], [ 11.034611419958539, 46.788533473156441 ], [ 11.035018369708675, 46.789574670461789 ], [ 11.035240050723031, 46.790371677521577 ], [ 11.035115914331239, 46.790945350406417 ], [ 11.035073777441628, 46.791391572328038 ], [ 11.035077175877406, 46.791611998191783 ], [ 11.035250587876853, 46.792040886546253 ], [ 11.035546678717388, 46.792899565066392 ], [ 11.036241373699237, 46.793643155684379 ], [ 11.037038010463689, 46.793984451974062 ], [ 11.037885087780476, 46.794446336665885 ], [ 11.038433564419591, 46.795003530139404 ], [ 11.039425885659698, 46.796664240233547 ], [ 11.039827006209817, 46.797287049632857 ], [ 11.04065636863163, 46.798599676088493 ], [ 11.04137578996867, 46.799365292696557 ], [ 11.042142489818039, 46.799518099430877 ], [ 11.042468833611657, 46.799570770149032 ], [ 11.043484582743734, 46.800092597921271 ], [ 11.044373513054277, 46.800639181461918 ], [ 11.044516768290778, 46.801199086006676 ], [ 11.044478257809615, 46.801393261967497 ], [ 11.044251408846527, 46.801761792484051 ], [ 11.04355466141828, 46.802440197665327 ], [ 11.042434560086789, 46.803144155880098 ], [ 11.041427279556045, 46.803648102562256 ], [ 11.040405529948371, 46.804246792308213 ], [ 11.039836801150955, 46.805084880856 ], [ 11.040387833964076, 46.805273042350834 ], [ 11.041298400823035, 46.805459286647896 ], [ 11.042179188270815, 46.80587554057665 ], [ 11.04362555429058, 46.806322183956475 ], [ 11.044678763537492, 46.80661834614088 ], [ 11.045490006753269, 46.806819831252895 ], [ 11.04639991381506, 46.80707354243939 ], [ 11.046992736454955, 46.807152931558797 ], [ 11.047717906678859, 46.807265946605888 ], [ 11.049564419487254, 46.808173322393991 ], [ 11.050134311764561, 46.808446593625732 ], [ 11.050810698949858, 46.808546964090255 ], [ 11.052064255811876, 46.808357997705038 ], [ 11.052687345227463, 46.808306322801599 ], [ 11.053683442561391, 46.808175954115377 ], [ 11.05543656250711, 46.808004980588578 ], [ 11.056538486951279, 46.808201164748091 ], [ 11.057683737678861, 46.808545049598585 ], [ 11.058461712122094, 46.809246509219527 ], [ 11.059022048277035, 46.809911383126099 ], [ 11.059195198125689, 46.810326740058187 ], [ 11.059301219498455, 46.810743304993309 ], [ 11.059277602624626, 46.811369189971273 ], [ 11.059465256431876, 46.811649294025933 ], [ 11.059780478286093, 46.812030594521353 ], [ 11.060396496051014, 46.812586465976686 ], [ 11.061859865803065, 46.812933579044568 ], [ 11.062268433370066, 46.813034208327693 ], [ 11.062811869246252, 46.813190900804877 ], [ 11.063391938748969, 46.81402638628726 ], [ 11.064169551252292, 46.814714314199144 ], [ 11.067008736143215, 46.815257016858013 ], [ 11.067829721312318, 46.815642655727437 ], [ 11.068618275929298, 46.816015375942378 ], [ 11.069064290999888, 46.816322290530977 ], [ 11.070577704226841, 46.817221851377042 ], [ 11.071805923095683, 46.817969067128821 ], [ 11.073079509773571, 46.819021427819138 ], [ 11.073563138259585, 46.819602125480792 ], [ 11.07400029167581, 46.819868684000504 ], [ 11.074778313799653, 46.820093062272342 ], [ 11.077065816099209, 46.82032153960148 ], [ 11.0779574330685, 46.820431341263983 ], [ 11.079264428196261, 46.820412095711887 ], [ 11.079996367935784, 46.820439288807805 ], [ 11.081713255641665, 46.820934528922045 ], [ 11.08273903626529, 46.82127133728779 ], [ 11.082972379373047, 46.821627065976564 ], [ 11.083491062886161, 46.822220582596202 ], [ 11.083576683053074, 46.82286698131864 ], [ 11.081782714347931, 46.825639958682146 ], [ 11.081325717781993, 46.826071245270967 ], [ 11.08106172248454, 46.826386527031389 ], [ 11.08093838240675, 46.826757746180149 ], [ 11.081055204467313, 46.827151595358323 ], [ 11.081440779137361, 46.827756541282767 ], [ 11.08151805020317, 46.828187107084716 ], [ 11.080563826622132, 46.829027908903441 ], [ 11.080342172348351, 46.829612401012781 ], [ 11.07973755390115, 46.830424339904319 ], [ 11.079248491610576, 46.830896697926711 ], [ 11.07890133227634, 46.83147896805383 ], [ 11.078662439030587, 46.831978275546504 ], [ 11.078077456857184, 46.833725786010703 ], [ 11.07786356941077, 46.833981653710616 ], [ 11.077729245498539, 46.834132583114211 ], [ 11.077053833518509, 46.834896295930939 ], [ 11.076851692076726, 46.835052955081629 ], [ 11.076177343254475, 46.835632155665131 ], [ 11.075790973498046, 46.835900148484797 ], [ 11.074055748006018, 46.83617460027164 ], [ 11.073229085577546, 46.836396568489121 ], [ 11.072935753554795, 46.836505376326166 ], [ 11.071372478911442, 46.837501122845772 ], [ 11.070646828697376, 46.838112716998637 ], [ 11.070553678230667, 46.838312389313067 ], [ 11.070604803960316, 46.838725436003045 ], [ 11.070857294612097, 46.839152837055643 ], [ 11.071645903904562, 46.839944006376768 ], [ 11.072683308583432, 46.840766661075811 ], [ 11.074416489466769, 46.842436135200614 ], [ 11.074677299731736, 46.842822879609869 ], [ 11.074872047481344, 46.843111828188064 ], [ 11.074675226071118, 46.843641861169935 ], [ 11.074352781010548, 46.84395368645125 ], [ 11.074293520763588, 46.844053754011476 ], [ 11.074029758245684, 46.844463507684488 ], [ 11.073671350190525, 46.845054963697656 ], [ 11.073383299281218, 46.84600511880096 ], [ 11.074081282834655, 46.846716918570799 ], [ 11.074304561543883, 46.84685236133901 ], [ 11.074648167569489, 46.847174608912574 ], [ 11.074727987627291, 46.847501638903118 ], [ 11.074234961074184, 46.848217028888961 ], [ 11.073561410194637, 46.8487152036111 ], [ 11.072532119738353, 46.849620290696919 ], [ 11.071955195935132, 46.850436183253208 ], [ 11.071723983904679, 46.850840841976215 ], [ 11.071478007293095, 46.851799228854745 ], [ 11.07146228896964, 46.852861439139772 ], [ 11.071626705855472, 46.853533415137406 ], [ 11.071970267584142, 46.854706111567552 ], [ 11.071979741133642, 46.855740867190747 ], [ 11.072084590353599, 46.856526412983101 ], [ 11.072399617010102, 46.857276654295546 ], [ 11.072642087659895, 46.85771773094114 ], [ 11.073197825003346, 46.857883150546236 ], [ 11.073474683427955, 46.857833137031015 ], [ 11.074758844867734, 46.857665869323228 ], [ 11.075578885738313, 46.857965974720088 ], [ 11.076574457815967, 46.858267388449569 ], [ 11.077038810755202, 46.858380451666747 ], [ 11.077638217209875, 46.858572055099081 ], [ 11.078048317583981, 46.8589785786384 ], [ 11.078586550068875, 46.859751747016169 ], [ 11.078797898159225, 46.860404860952762 ], [ 11.079417751847197, 46.861167543043109 ], [ 11.079629748501523, 46.861879139391405 ], [ 11.079941100786359, 46.862381944000873 ], [ 11.080166817593271, 46.862620823487077 ], [ 11.08060312762124, 46.863152852263354 ], [ 11.081259080056157, 46.864274842090552 ], [ 11.081404057047312, 46.864758170296611 ], [ 11.08174810139066, 46.865426863246533 ], [ 11.081683915806744, 46.865972492009107 ], [ 11.081329492054724, 46.866541399088177 ], [ 11.081341614876191, 46.866982146938732 ], [ 11.081793085589215, 46.867522894507488 ], [ 11.082022920472832, 46.86841864803371 ], [ 11.082886877799748, 46.869424350983373 ], [ 11.083330089622319, 46.869708761199696 ], [ 11.083782314979596, 46.870204490291009 ], [ 11.083926753287813, 46.870863312076224 ], [ 11.084247819651605, 46.871487418767806 ], [ 11.086303990590693, 46.872799849572466 ], [ 11.086514910191887, 46.873268469459077 ], [ 11.086616957964564, 46.873658080201125 ], [ 11.086547615574871, 46.874577277982624 ], [ 11.086548461581136, 46.874874240950518 ], [ 11.086953012883258, 46.875492317743365 ], [ 11.088233244416035, 46.876629876561836 ], [ 11.088429109111646, 46.877238257269362 ], [ 11.088507998758367, 46.878087255225608 ], [ 11.088786199213271, 46.878640136348459 ], [ 11.089595465170138, 46.878926838805036 ], [ 11.089955249663452, 46.879172249613859 ], [ 11.090465655136025, 46.879599394171088 ], [ 11.091154312501017, 46.880581238071159 ], [ 11.091330714818929, 46.880645509234697 ], [ 11.091572937011373, 46.880947059528033 ], [ 11.091940670639467, 46.881142822403035 ], [ 11.092291491998498, 46.88126239895859 ], [ 11.09444670107918, 46.882343388589348 ], [ 11.095449820938033, 46.882950477390594 ], [ 11.09645504271527, 46.883863496322412 ], [ 11.097040663215074, 46.884302732390765 ], [ 11.097502278318141, 46.884843231264753 ], [ 11.097805799651628, 46.885305632665762 ], [ 11.097925041416197, 46.885775911626467 ], [ 11.098831734115819, 46.886978694526917 ], [ 11.099540398581404, 46.887289670129285 ], [ 11.100513095444301, 46.888248246538559 ], [ 11.100707850874201, 46.888802629914487 ], [ 11.101437574546578, 46.889567673347052 ], [ 11.101589710546232, 46.889870856577474 ], [ 11.100382476402965, 46.890113505612327 ], [ 11.099093295702074, 46.890380143441824 ], [ 11.097702385113921, 46.890563138017626 ], [ 11.097295887599406, 46.890827069949196 ], [ 11.097006448061675, 46.891147350933977 ], [ 11.09692715203631, 46.891828253186837 ], [ 11.097062927243302, 46.892343226245607 ], [ 11.096958272057597, 46.893110086703423 ], [ 11.097409413903131, 46.894537210615894 ], [ 11.097773407408109, 46.895412471915861 ], [ 11.098075994923514, 46.895933384697898 ], [ 11.098211222463075, 46.896034397432885 ], [ 11.098997528326386, 46.896712924697518 ], [ 11.099233304509847, 46.897140566992732 ], [ 11.099320265577681, 46.897791422290943 ], [ 11.099090426086159, 46.899806985955202 ], [ 11.099061235074295, 46.900257487182358 ], [ 11.099195533822835, 46.900502504789429 ], [ 11.099196810709252, 46.90087145325861 ], [ 11.09894071822267, 46.901353114463021 ], [ 11.098492448869271, 46.901473827213991 ], [ 11.098110651274181, 46.901741808129451 ], [ 11.098054339235539, 46.902044317553248 ], [ 11.098147403168099, 46.902389084759932 ], [ 11.098041125005832, 46.902715008549059 ], [ 11.097612023404796, 46.903474317410804 ], [ 11.097282611708799, 46.903970817561138 ], [ 11.097443263897716, 46.904449336123996 ], [ 11.097521259244049, 46.904933869179793 ], [ 11.097140816927931, 46.905426804491761 ], [ 11.095717584587401, 46.905695859354807 ], [ 11.095578069057517, 46.906116882048153 ], [ 11.095563671433416, 46.906526614098553 ], [ 11.095480233349541, 46.906744125334448 ], [ 11.095440630377517, 46.906843842873776 ], [ 11.095020664090919, 46.907481483500078 ], [ 11.095014863637152, 46.908048545793392 ], [ 11.095429052766534, 46.908967890419369 ], [ 11.095368539433107, 46.910152406531971 ], [ 11.095437748013945, 46.9105381091602 ], [ 11.095883506842869, 46.911339882891973 ], [ 11.095939730319682, 46.912234283303256 ], [ 11.096408618081639, 46.912639662154525 ], [ 11.096927137788823, 46.913012632090776 ], [ 11.097289172439933, 46.913392967350504 ], [ 11.097498259287693, 46.913681612321916 ], [ 11.097607919177927, 46.913967579785705 ], [ 11.098067881046189, 46.914143633364738 ], [ 11.100621948706202, 46.914555742869318 ], [ 11.100979337029786, 46.914711169332953 ], [ 11.102440717141182, 46.915138794446356 ], [ 11.10405103538346, 46.915302683011973 ], [ 11.105129084370517, 46.915561834896785 ], [ 11.106163270124853, 46.915853281464322 ], [ 11.107314576886214, 46.916012072202456 ], [ 11.107848145319249, 46.915970747908716 ], [ 11.108757935732049, 46.916061978077195 ], [ 11.109007613005598, 46.916232863210197 ], [ 11.109229361806813, 46.916863226682445 ], [ 11.109749621425983, 46.91740259342933 ], [ 11.110522124422856, 46.918846234773497 ], [ 11.110863388899043, 46.919550884640294 ], [ 11.110994163660981, 46.920142425669333 ], [ 11.110825903390422, 46.920811476988931 ], [ 11.110726958133563, 46.921218270109293 ], [ 11.110649013022854, 46.921449189637535 ], [ 11.110767220208862, 46.922180451540058 ], [ 11.110677275554002, 46.923046042230453 ], [ 11.110013949405525, 46.92494812477161 ], [ 11.109805053445186, 46.925649420762937 ], [ 11.109791186773965, 46.926090641328003 ], [ 11.109916677673519, 46.926839767874831 ], [ 11.111498510158118, 46.928524955987662 ], [ 11.112246718062513, 46.929136598578175 ], [ 11.113745752014164, 46.930112340471567 ], [ 11.115051138260068, 46.931006148645118 ], [ 11.115233815073138, 46.931016271240267 ], [ 11.116146267794017, 46.931084895621012 ], [ 11.116779379671915, 46.931086685743352 ], [ 11.11816845235237, 46.930894497205863 ], [ 11.118781544264134, 46.930784155775441 ], [ 11.119677494240561, 46.930601077642848 ], [ 11.12027443412248, 46.930414533462184 ], [ 11.122973177995478, 46.929581563209048 ], [ 11.124009338932989, 46.929269859886148 ], [ 11.125482182864847, 46.92918401887114 ], [ 11.127470905374251, 46.928980578202548 ], [ 11.128614117432342, 46.92828437312933 ], [ 11.129291729060689, 46.927731809920147 ], [ 11.129788364898614, 46.92791605295271 ], [ 11.130329021473459, 46.92821646512872 ], [ 11.131457642080317, 46.928312440536381 ], [ 11.132316163763651, 46.928305446363574 ], [ 11.133294757222385, 46.928386200400794 ], [ 11.13371356449767, 46.928450386806077 ], [ 11.135209759561922, 46.9282919906831 ], [ 11.135866272626549, 46.928180747287911 ], [ 11.137363053971354, 46.92770733678725 ], [ 11.138642686653556, 46.927471946547428 ], [ 11.139262649462626, 46.927577349689649 ], [ 11.139589860362918, 46.927629727872137 ], [ 11.140648969378725, 46.928329864811197 ], [ 11.141404697895771, 46.928936677062659 ], [ 11.14206653881015, 46.929432750589349 ], [ 11.142531285343711, 46.929680530307664 ], [ 11.143377669724241, 46.930150642819314 ], [ 11.14490050946428, 46.930432586227383 ], [ 11.146357402761321, 46.930625753341367 ], [ 11.147590187346131, 46.931250574178691 ], [ 11.148447156902813, 46.931490968642962 ], [ 11.149066695149672, 46.931645822790607 ], [ 11.149993261496668, 46.931655416754907 ], [ 11.151680338570936, 46.933104092162885 ], [ 11.152206969004776, 46.933562152359883 ], [ 11.153152517344447, 46.93400332973907 ], [ 11.153804878611563, 46.934054048857007 ], [ 11.154746779211338, 46.934117311539993 ], [ 11.155705354422221, 46.934432232500733 ], [ 11.156358754812157, 46.934856388032458 ], [ 11.157038223855503, 46.935356542431059 ], [ 11.157667723235527, 46.935880133156431 ], [ 11.158541249631536, 46.936835583357926 ], [ 11.158958321128603, 46.937201186329538 ], [ 11.159814786185072, 46.937751980663229 ], [ 11.160698122245817, 46.938419251969947 ], [ 11.161942693475657, 46.938859210229161 ], [ 11.163790210734692, 46.939710722757617 ], [ 11.164790244793108, 46.940398254128944 ], [ 11.165233292051102, 46.940713846744011 ], [ 11.166306978964517, 46.941678949119563 ], [ 11.167097005587809, 46.942878894941316 ], [ 11.167959191282719, 46.94405497001933 ], [ 11.168373693968116, 46.944659068160895 ], [ 11.167660415999096, 46.945442019220096 ], [ 11.166632349703246, 46.946118434752734 ], [ 11.164718982020895, 46.947347047108856 ], [ 11.16419321802451, 46.94799593948246 ], [ 11.163707762336131, 46.948585571982882 ], [ 11.163418415323576, 46.948946513458999 ], [ 11.163064404208001, 46.949353672759507 ], [ 11.162764255427721, 46.950160280646458 ], [ 11.163021691076946, 46.950902354830397 ], [ 11.164312271759645, 46.952475325621542 ], [ 11.164442586707471, 46.952895826733311 ], [ 11.164515946396911, 46.953533387333074 ], [ 11.16481438941671, 46.954171190039219 ], [ 11.165619852140676, 46.954650910875742 ], [ 11.16554078015486, 46.955093371175792 ], [ 11.16484037626067, 46.955813064525167 ], [ 11.164173739562099, 46.956779594670799 ], [ 11.164060448814846, 46.957983138499941 ], [ 11.164088749380031, 46.959071513933587 ], [ 11.164014834024659, 46.960008834588756 ], [ 11.163935732918713, 46.960491790584236 ], [ 11.163848087409137, 46.960844418801045 ], [ 11.164603544037282, 46.963115943965512 ], [ 11.164674529738647, 46.964244007751702 ], [ 11.164563683196009, 46.965568994383922 ], [ 11.164946187167198, 46.965498764635832 ], [ 11.166042805209729, 46.965086547742239 ], [ 11.166931788874562, 46.96478174319617 ], [ 11.167514053866265, 46.964613230236708 ], [ 11.168928156054546, 46.964271465923808 ], [ 11.170848883224011, 46.963659096994164 ], [ 11.171737533485338, 46.963367760108966 ], [ 11.172669137984798, 46.963143095277104 ], [ 11.174174284950062, 46.962759040728891 ], [ 11.174923523267998, 46.962596316972949 ], [ 11.176165590237337, 46.962532209468868 ], [ 11.176724816262727, 46.962688060882506 ], [ 11.177446971277973, 46.963052292423505 ], [ 11.178085123211911, 46.963512610370941 ], [ 11.178632620308683, 46.964046644590667 ], [ 11.179671682978201, 46.964445325583263 ], [ 11.180876690475422, 46.9648228365322 ], [ 11.181874583164243, 46.965379769089381 ], [ 11.182729705546206, 46.965718934108978 ], [ 11.183165857996382, 46.966039087920493 ], [ 11.183790248993486, 46.966643624654644 ], [ 11.184816063066442, 46.967460977232783 ], [ 11.185481281866043, 46.968118720813621 ], [ 11.187339509368142, 46.969541100635503 ], [ 11.18784331359072, 46.969805948044105 ], [ 11.188947230032486, 46.970158308769882 ], [ 11.189764705590889, 46.970115672907347 ], [ 11.190346973404306, 46.970028037033877 ], [ 11.191269067412582, 46.96960991897511 ], [ 11.192484439142236, 46.968628221408771 ], [ 11.193691151193919, 46.969203548561914 ], [ 11.195220397794129, 46.97011014907752 ], [ 11.195501592481598, 46.969974265884026 ], [ 11.195598859853005, 46.969760917341809 ], [ 11.196292436463676, 46.969000670888441 ], [ 11.197642531955355, 46.968943256545636 ], [ 11.19860828451735, 46.968870712254343 ], [ 11.199873250221099, 46.968580926126933 ], [ 11.201087059067332, 46.968166120162095 ], [ 11.201646997926307, 46.968195846484583 ], [ 11.201930751840658, 46.968302878252722 ], [ 11.202172108165927, 46.968437722925707 ], [ 11.20249855297307, 46.968363946561794 ], [ 11.202958834166418, 46.968107607877549 ], [ 11.203160239117096, 46.967910246717764 ], [ 11.203523328462097, 46.967408296904793 ], [ 11.20415443869382, 46.966271235653849 ], [ 11.204731082915577, 46.96496873346242 ], [ 11.204853663431768, 46.96409344281912 ], [ 11.205079741119198, 46.96383710751109 ], [ 11.205410275181293, 46.963263784376409 ], [ 11.205904127836778, 46.962966289832181 ], [ 11.206197533006025, 46.96274915122644 ], [ 11.206907817825794, 46.962600467484044 ], [ 11.207497579124793, 46.962877069961813 ], [ 11.208329630630393, 46.963351478050654 ], [ 11.208876719396798, 46.963628896823607 ], [ 11.209784381551936, 46.964043339694754 ], [ 11.210549878705786, 46.964357029803068 ], [ 11.211107714532069, 46.964575735062084 ], [ 11.21190601857287, 46.96494727752853 ], [ 11.213477060851471, 46.965767334035725 ], [ 11.214815195586867, 46.966596376211079 ], [ 11.215904495422386, 46.967029753428491 ], [ 11.217194409648817, 46.967585223671769 ], [ 11.217718824551424, 46.967809043826293 ], [ 11.218849722013173, 46.968412573073614 ], [ 11.220163651147125, 46.969030539152683 ], [ 11.221891032516238, 46.968997016198891 ], [ 11.222740690721793, 46.969097507989687 ], [ 11.223407448679263, 46.969206046570228 ], [ 11.223724158272677, 46.969294385563458 ], [ 11.224516158881661, 46.969490476815118 ], [ 11.22545613971849, 46.969589192788824 ], [ 11.227243530629819, 46.969437431545565 ], [ 11.227860993492115, 46.969308422796807 ], [ 11.228879287206686, 46.969077112667343 ], [ 11.229799655305891, 46.969000689073283 ], [ 11.230774060168532, 46.968959201885092 ], [ 11.233260295558392, 46.968996206116806 ], [ 11.235127363838718, 46.969337726845588 ], [ 11.236802797784318, 46.969516476133435 ], [ 11.238536697458921, 46.969757052258366 ], [ 11.240481185448193, 46.969786496275276 ], [ 11.241432269281461, 46.969619384943144 ], [ 11.242087347027779, 46.969840534427682 ], [ 11.242355769237296, 46.96995226607136 ], [ 11.242650026250733, 46.970072490110631 ], [ 11.242962259507591, 46.970268854944713 ], [ 11.243058337765289, 46.970424459259291 ], [ 11.243169256941153, 46.970561774049784 ], [ 11.243380629806632, 46.970782612789634 ], [ 11.243543130769892, 46.970954913191591 ], [ 11.243983406334973, 46.971324250959121 ], [ 11.244322164254928, 46.971565088370397 ], [ 11.245407590389874, 46.972133250145149 ], [ 11.246005536219915, 46.972440991244738 ], [ 11.246258688755445, 46.972580011230924 ], [ 11.246798040995802, 46.972861900382867 ], [ 11.247186346369867, 46.973088257669062 ], [ 11.247766875813168, 46.973391831904841 ], [ 11.248364922556615, 46.973681560145039 ], [ 11.248617843627104, 46.973775583084048 ], [ 11.248985860225238, 46.973831346666806 ], [ 11.249260714276428, 46.973879940800515 ], [ 11.249553447902073, 46.973865187906021 ], [ 11.24995406379424, 46.973875311219281 ], [ 11.250648283883162, 46.973911157054239 ], [ 11.251514825868854, 46.973862615192779 ], [ 11.251883399070826, 46.973931857422002 ], [ 11.252553743392692, 46.974044655330609 ], [ 11.252812441213688, 46.974080060011829 ], [ 11.253489546737532, 46.974138723689542 ], [ 11.254474627959642, 46.974114823075162 ], [ 11.25545112116934, 46.974140579248036 ], [ 11.256120090098921, 46.97418138915387 ], [ 11.256469350833706, 46.974143005997362 ], [ 11.256907475594009, 46.974341350241943 ], [ 11.257068208511807, 46.974450671388844 ], [ 11.257267391320777, 46.974887707578624 ], [ 11.257883027560245, 46.976081466508852 ], [ 11.258003278018471, 46.976322074493865 ], [ 11.258169689103292, 46.976741757052956 ], [ 11.258385690855659, 46.977187458604369 ], [ 11.25856702791493, 46.977570848911299 ], [ 11.258740845887358, 46.977873393849123 ], [ 11.258894827721182, 46.978036841290709 ], [ 11.259039468694763, 46.978231970358969 ], [ 11.259225482778767, 46.978394785068112 ], [ 11.259460961474135, 46.978502627288961 ], [ 11.259975428735514, 46.978775946373418 ], [ 11.260726953052187, 46.979233565407611 ], [ 11.26146915392302, 46.979664365917365 ], [ 11.261957990755024, 46.979933682906257 ], [ 11.262219254325547, 46.980068007648306 ], [ 11.262809296193723, 46.980339820118566 ], [ 11.263252089209409, 46.980394059398883 ], [ 11.263870295893307, 46.980476324702046 ], [ 11.264738625241508, 46.980409649004116 ], [ 11.265449237384999, 46.980422582617429 ], [ 11.265772131739563, 46.980362194895676 ], [ 11.266430487327483, 46.980286164213581 ], [ 11.267313832354093, 46.980147177382847 ], [ 11.268202546651894, 46.97999907802523 ], [ 11.268952220139166, 46.979867227289425 ], [ 11.269268674790972, 46.979829455529369 ], [ 11.269944649326277, 46.9797620545001 ], [ 11.270902264475987, 46.979689061357227 ], [ 11.271856205931444, 46.979800618292415 ], [ 11.272517878669218, 46.97989997257082 ], [ 11.272811684043209, 46.980006629170035 ], [ 11.273432568375799, 46.980151784566736 ], [ 11.274363880061557, 46.98040775857293 ], [ 11.275324310526329, 46.98042016560462 ], [ 11.276032592808397, 46.980455577964257 ], [ 11.276277687018618, 46.980518198010287 ], [ 11.276864556188174, 46.980713507365898 ], [ 11.277219215888355, 46.98085943872065 ], [ 11.277721520100918, 46.981056426303297 ], [ 11.278193411587672, 46.981195521783903 ], [ 11.278571288960924, 46.981403981717321 ], [ 11.279053414800593, 46.981686858334939 ], [ 11.279314778375428, 46.981803143562871 ], [ 11.279599900438761, 46.981936953518478 ], [ 11.279936239900557, 46.98203824498151 ], [ 11.280464367419773, 46.982185210068288 ], [ 11.280899233216211, 46.98222604011805 ], [ 11.281887299902662, 46.982404327956296 ], [ 11.282457575801709, 46.982536944553011 ], [ 11.282768059294392, 46.982571248770356 ], [ 11.283437775763026, 46.982742373735512 ], [ 11.283623189403613, 46.982792669877973 ], [ 11.284226943499052, 46.982920110008273 ], [ 11.28468075347398, 46.983077538202842 ], [ 11.285150031305472, 46.983212157559109 ], [ 11.28544498138854, 46.983363755287314 ], [ 11.285765514146641, 46.983537339507507 ], [ 11.285968434048236, 46.9837087724624 ], [ 11.286274644753584, 46.984008631211466 ], [ 11.286494614802109, 46.984175222982785 ], [ 11.286892050832058, 46.984860226382253 ], [ 11.287089046122649, 46.985162265231018 ], [ 11.287214529717136, 46.985213753177717 ], [ 11.28782230228199, 46.985453585014142 ], [ 11.288114823953617, 46.985528730552417 ], [ 11.288831267089169, 46.985464908594764 ], [ 11.289072319430364, 46.98545108824564 ], [ 11.289625471725426, 46.985489519243004 ], [ 11.290293860084429, 46.985570637924255 ], [ 11.290681051739165, 46.985706877287214 ], [ 11.291209878998069, 46.985849279184407 ], [ 11.291587324871344, 46.985949713483642 ], [ 11.29220723067332, 46.986049790313658 ], [ 11.292432763058017, 46.986076770475236 ], [ 11.293007586246789, 46.98600675971592 ], [ 11.294147892708411, 46.985821920345458 ], [ 11.294788702614156, 46.985719080381593 ], [ 11.29503811306116, 46.985651084190188 ], [ 11.295720216436777, 46.98553391199453 ], [ 11.296217981030249, 46.985411435100339 ], [ 11.296818343356982, 46.985304895611677 ], [ 11.297521521564322, 46.984989305510958 ], [ 11.298111065811078, 46.98478398428577 ], [ 11.298332667435721, 46.984604048258248 ], [ 11.298693441642532, 46.984277328026096 ], [ 11.298850774122773, 46.984170676085164 ], [ 11.29942098735448, 46.983898241716048 ], [ 11.300331265595306, 46.983506478713849 ], [ 11.300938419612327, 46.98330978812681 ], [ 11.301212887489116, 46.983232275323694 ], [ 11.301853982269797, 46.983156387735562 ], [ 11.302948013521799, 46.983197373162604 ], [ 11.303762227930189, 46.983477962549465 ], [ 11.304392560396602, 46.983667756306069 ], [ 11.304704071858104, 46.983782973876295 ], [ 11.304948163422717, 46.983859051677356 ], [ 11.305282378892317, 46.983928813982381 ], [ 11.305642787898126, 46.983957550828762 ], [ 11.305917835486476, 46.983970007911502 ], [ 11.306419240579183, 46.984009400282439 ], [ 11.30717863153165, 46.983989594133625 ], [ 11.307897503300632, 46.984002097556655 ], [ 11.308239794660937, 46.984049190152305 ], [ 11.308490308065144, 46.984102632665383 ], [ 11.308852990494159, 46.984203307838143 ], [ 11.309088538168915, 46.984329045259926 ], [ 11.309267092355171, 46.984505428295229 ], [ 11.309563713768327, 46.984751422755444 ], [ 11.309793338981756, 46.984949272535076 ], [ 11.310018431783304, 46.985309200487031 ], [ 11.310307154482286, 46.985676842798021 ], [ 11.310436303644352, 46.985831723103466 ], [ 11.310804164379215, 46.986242762905981 ], [ 11.311001104422528, 46.986540262327203 ], [ 11.31122203827818, 46.986765282576492 ], [ 11.311470441197262, 46.987093239377224 ], [ 11.311876794897918, 46.987386507555087 ], [ 11.312159515141838, 46.987785763883728 ], [ 11.312380640253298, 46.987938783746571 ], [ 11.312770645723596, 46.988290874395581 ], [ 11.312999858469507, 46.988497725320755 ], [ 11.313348473008984, 46.988823652657466 ], [ 11.313704888217144, 46.989063928040181 ], [ 11.314060259661295, 46.989317722339862 ], [ 11.314656489293666, 46.989553145570575 ], [ 11.314851838872857, 46.989679684105042 ], [ 11.315170416666442, 46.989785730996672 ], [ 11.315415381896011, 46.989938262719768 ], [ 11.315680025891611, 46.990184888208638 ], [ 11.315985767244847, 46.990507175325938 ], [ 11.316282314720754, 46.9908071494905 ], [ 11.316673263245599, 46.991046716697383 ], [ 11.3170942642728, 46.99133517017647 ], [ 11.317356495695218, 46.991487348166622 ], [ 11.317847853707214, 46.991805871727003 ], [ 11.318235178991237, 46.992018509132748 ], [ 11.318850316610614, 46.992271526087649 ], [ 11.31934454057234, 46.992427998102649 ], [ 11.319820360578866, 46.992386856852065 ], [ 11.320103398546172, 46.992336122983652 ], [ 11.320427599080038, 46.992248556720426 ], [ 11.32102486871656, 46.992069958756389 ], [ 11.321904800102573, 46.991737135195564 ], [ 11.322799260282968, 46.991417508869596 ], [ 11.323314189381559, 46.991236070381774 ], [ 11.323628557282378, 46.991130696034098 ], [ 11.324226358379219, 46.990889075471976 ], [ 11.325194638642881, 46.990509435744613 ], [ 11.325691092529992, 46.990319362554523 ], [ 11.325958711228376, 46.99027342711333 ], [ 11.326632700099923, 46.990196732261623 ], [ 11.326859173407403, 46.99018762831259 ], [ 11.327050614804863, 46.990147738723429 ], [ 11.327446680338783, 46.98967172183341 ], [ 11.327755482359192, 46.989476456377822 ], [ 11.328027481258454, 46.989304436942824 ], [ 11.328385990888165, 46.989099159324432 ], [ 11.328768572057752, 46.988956385784412 ], [ 11.329059920712355, 46.988851464802877 ], [ 11.329327101027266, 46.988720037107861 ], [ 11.329601319769532, 46.98856146764107 ], [ 11.329910112545985, 46.988460689036764 ], [ 11.330201331745572, 46.988409763506432 ], [ 11.330625642071883, 46.988432620950555 ], [ 11.331094527298536, 46.988441069965226 ], [ 11.331610730558703, 46.988403556595181 ], [ 11.332197359242478, 46.988454598684619 ], [ 11.332656399796836, 46.988557734474632 ], [ 11.333218992072641, 46.988717252742489 ], [ 11.333570132769246, 46.988777588131903 ], [ 11.333786003843613, 46.988827182019591 ], [ 11.333928071387385, 46.98882428487444 ], [ 11.334112149082673, 46.988766535013042 ], [ 11.334311071291504, 46.988672484906694 ], [ 11.334569557541775, 46.988473727557036 ], [ 11.334676544413213, 46.988363553570998 ], [ 11.334717155500119, 46.988088246664319 ], [ 11.334764380791624, 46.987889298791529 ], [ 11.33484576700611, 46.987550164910871 ], [ 11.334869289414184, 46.987297704781945 ], [ 11.335256733219605, 46.986587854622144 ], [ 11.335462317907712, 46.986250685521853 ], [ 11.335601075073944, 46.98596437600343 ], [ 11.335875531663538, 46.985774288946153 ], [ 11.336148791900069, 46.985368242506688 ], [ 11.3362733221709, 46.985208212700577 ], [ 11.336530341773525, 46.985108472972037 ], [ 11.33678228484797, 46.985080830701783 ], [ 11.337080980271264, 46.984975739114098 ], [ 11.337498573590402, 46.984958211324511 ], [ 11.337975762834256, 46.985006959281904 ], [ 11.33850124271472, 46.985032220263427 ], [ 11.338917761306533, 46.98493371555854 ], [ 11.339185741254022, 46.984991233579059 ], [ 11.339561004198833, 46.985096054001545 ], [ 11.339938558751159, 46.985178328091919 ], [ 11.340423427352921, 46.985289903925263 ], [ 11.34090932201733, 46.985405956367835 ], [ 11.341313570993929, 46.985798155724119 ], [ 11.341557294757754, 46.986090146203217 ], [ 11.341742809514157, 46.986329331444104 ], [ 11.342073075197851, 46.986984021548594 ], [ 11.342176655910723, 46.987341873661236 ], [ 11.342253356074442, 46.987592284246759 ], [ 11.342323388144905, 46.987896827029502 ], [ 11.342418156121926, 46.98835385151208 ], [ 11.34263674171792, 46.988596858015377 ], [ 11.342905769456898, 46.988865829350139 ], [ 11.343266242956377, 46.988988939000279 ], [ 11.343493145304599, 46.989177777801181 ], [ 11.343954068013261, 46.989379822004132 ], [ 11.344306196717243, 46.989575093655148 ], [ 11.34455031691874, 46.989781576255304 ], [ 11.345188918494264, 46.990267952825207 ], [ 11.345389621207049, 46.990421327553925 ], [ 11.345625219195991, 46.990470494846136 ], [ 11.345891787968066, 46.990532525763626 ], [ 11.346108993387354, 46.990537072593717 ], [ 11.346460205438239, 46.990466877205307 ], [ 11.346920524224522, 46.990560930308831 ], [ 11.347111686636671, 46.990552510350177 ], [ 11.347285797197122, 46.990436448261519 ], [ 11.347502549017548, 46.990243017237965 ], [ 11.347608554297942, 46.990092354419993 ], [ 11.347833646315626, 46.989939248504271 ], [ 11.348233301213643, 46.989755562623401 ], [ 11.348440426859788, 46.989661319569578 ], [ 11.348865042820012, 46.989522115739412 ], [ 11.34923383848645, 46.989478548799305 ], [ 11.350384029023706, 46.989315443688461 ], [ 11.351294390730994, 46.989287744414092 ], [ 11.351829051451141, 46.989371251070637 ], [ 11.352255641475804, 46.98950197302316 ], [ 11.352649842199039, 46.989606361323744 ], [ 11.353176169359779, 46.98976202739734 ], [ 11.353687124741032, 46.989904508242951 ], [ 11.354012669156445, 46.989942809083743 ], [ 11.354498127790931, 46.989991318107435 ], [ 11.35481601589683, 46.990061271726177 ], [ 11.355576885129627, 46.990297593933441 ], [ 11.356028585213583, 46.990400787101308 ], [ 11.356589406723284, 46.990443236117947 ], [ 11.357049664764304, 46.990460755687565 ], [ 11.357441544602201, 46.990493180894894 ], [ 11.357767376144782, 46.990481968992015 ], [ 11.358008919654008, 46.990422996702719 ], [ 11.358325189506299, 46.990362484063141 ], [ 11.358533766802795, 46.990245694525299 ], [ 11.35879983019155, 46.990127719779522 ], [ 11.358942053289894, 46.990034795338829 ], [ 11.35928155048145, 46.989829812447958 ], [ 11.359779132920316, 46.989369588547135 ], [ 11.360370034299354, 46.988956933963337 ], [ 11.360824640056174, 46.988529089344013 ], [ 11.361239426917939, 46.988223555048499 ], [ 11.361505218568684, 46.988137077103595 ], [ 11.361821783536762, 46.988009053845943 ], [ 11.362165048702069, 46.988001969230005 ], [ 11.362449010463417, 46.987973609528034 ], [ 11.363056115465003, 46.987817086618911 ], [ 11.363390309916907, 46.98769769428494 ], [ 11.363715596939588, 46.987636980435582 ], [ 11.364023885602856, 46.98754511921522 ], [ 11.364214989279569, 46.987424180494948 ], [ 11.364488677141413, 46.987274537305794 ], [ 11.364704702704071, 46.987103586656119 ], [ 11.36490311278008, 46.986906001681184 ], [ 11.365095150311868, 46.986713047702374 ], [ 11.365234035480483, 46.986507692958455 ], [ 11.365324244026338, 46.986316843065495 ], [ 11.365448223590434, 46.986053300603338 ], [ 11.365547039262077, 46.985871271924616 ], [ 11.365602955134964, 46.985555140275061 ], [ 11.365709892248178, 46.985296449423622 ], [ 11.365815261593115, 46.984983795003373 ], [ 11.36583818554789, 46.984758338326152 ], [ 11.365977623903957, 46.984453978734486 ], [ 11.366101356373521, 46.984221938173626 ], [ 11.3663152006768, 46.983853044578893 ], [ 11.366487245642043, 46.98343101902978 ], [ 11.36662048659751, 46.983284274718933 ], [ 11.366852427474173, 46.983157987296515 ], [ 11.367118437208541, 46.983039994037433 ], [ 11.367717586820213, 46.982798117137087 ], [ 11.368092286263911, 46.982610377971845 ], [ 11.368658184489433, 46.982360184837965 ], [ 11.369157435718737, 46.982201361779666 ], [ 11.369606707153709, 46.981971576879978 ], [ 11.370130907125576, 46.981726739444326 ], [ 11.370797358561203, 46.981483452412704 ], [ 11.371330234587367, 46.98134192185821 ], [ 11.371961440592106, 46.981193851160228 ], [ 11.372302821413172, 46.981033786611739 ], [ 11.37293614280342, 46.980840670059948 ], [ 11.373461094055214, 46.980631798947435 ], [ 11.374077156965232, 46.980439033972743 ], [ 11.374543131938983, 46.980271878251031 ], [ 11.374885295679919, 46.980129788331418 ], [ 11.375201979886315, 46.98000622485079 ], [ 11.375631535800508, 46.979740827986127 ], [ 11.375931588315373, 46.97946461923172 ], [ 11.376155189398446, 46.979261991661744 ], [ 11.376286569466929, 46.9790927762281 ], [ 11.376593062257665, 46.978757936358434 ], [ 11.376773798164699, 46.978515700761768 ], [ 11.376997703441457, 46.978227571593749 ], [ 11.377121989532052, 46.977991007568455 ], [ 11.37736865290505, 46.977567415025405 ], [ 11.377523800570053, 46.97726721412652 ], [ 11.377671857190796, 46.976899665376216 ], [ 11.377811115278435, 46.97666728913466 ], [ 11.37793574638839, 46.976475713621113 ], [ 11.378059485509892, 46.976338152466603 ], [ 11.378367623991902, 46.976133763696687 ], [ 11.378848219201046, 46.975889792044015 ], [ 11.379081279488283, 46.975808452889837 ], [ 11.379572149070487, 46.975555265241582 ], [ 11.379871792764446, 46.975400545315907 ], [ 11.38019534100393, 46.975173332771412 ], [ 11.380337133333725, 46.975035393615386 ], [ 11.380509752732584, 46.97486981503905 ], [ 11.380591649389729, 46.974697124141827 ], [ 11.380673420020836, 46.974465940147965 ], [ 11.380705042290787, 46.974289795339416 ], [ 11.380777848500752, 46.974004801751455 ], [ 11.380786067601019, 46.973838143115906 ], [ 11.38080654592375, 46.973540739109758 ], [ 11.380806216816286, 46.973311262969204 ], [ 11.380803891541747, 46.973036831683174 ], [ 11.380759475061781, 46.972776775054463 ], [ 11.380691273742908, 46.972499214537137 ], [ 11.38070527825408, 46.972296438178297 ], [ 11.380979067329493, 46.971966766055026 ], [ 11.381168015677382, 46.9716883549507 ], [ 11.381540726986669, 46.971347623732441 ], [ 11.381847159593979, 46.970994771774421 ], [ 11.382103756323692, 46.970777946402393 ], [ 11.382403706390988, 46.970686208625438 ], [ 11.382677657648731, 46.970545515019907 ], [ 11.38300363171949, 46.970484731498807 ], [ 11.383587332795768, 46.970454576561224 ], [ 11.38398616115056, 46.970387773078585 ], [ 11.38457214453793, 46.970335067215963 ], [ 11.384946913669806, 46.970318258066087 ], [ 11.385529853338312, 46.970234113035453 ], [ 11.386073345359618, 46.970186784893919 ], [ 11.386547761304113, 46.970064400355959 ], [ 11.38708880818346, 46.969999119690947 ], [ 11.387771226412132, 46.969768898653079 ], [ 11.388297959233705, 46.969658914212616 ], [ 11.388772125143655, 46.96956802332155 ], [ 11.389339446105305, 46.969484184843893 ], [ 11.389839825647066, 46.969446738245438 ], [ 11.390431531642646, 46.969393882790065 ], [ 11.3910737572372, 46.969312970680406 ], [ 11.391532123866194, 46.969217898758352 ], [ 11.391832812618453, 46.969180116776982 ], [ 11.392365270378431, 46.969069993892077 ], [ 11.392781596481802, 46.968935298771818 ], [ 11.393264771009484, 46.968844200835463 ], [ 11.393598930586315, 46.968783215839899 ], [ 11.394056485048125, 46.968670152062494 ], [ 11.394398497389677, 46.968546005022773 ], [ 11.394840645335501, 46.968437760121766 ], [ 11.395206053875579, 46.968322120377458 ], [ 11.395596546207976, 46.968142958935651 ], [ 11.395846435880522, 46.967998237621302 ], [ 11.396129561123269, 46.967861819199669 ], [ 11.396460364997752, 46.967652406839754 ], [ 11.396893615352974, 46.967400350717433 ], [ 11.39708419444802, 46.9672523692523 ], [ 11.397391278138478, 46.967155942880424 ], [ 11.397765963662438, 46.966972605427777 ], [ 11.398164592259398, 46.96686525944417 ], [ 11.398504203792459, 46.966651156849501 ], [ 11.398955831446006, 46.966479701798853 ], [ 11.399252687452659, 46.966338488050155 ], [ 11.399669071768322, 46.966095774260815 ], [ 11.399984929341038, 46.965828169216749 ], [ 11.400292488605027, 46.965650730857092 ], [ 11.400947243359603, 46.965245523590809 ], [ 11.401186767879157, 46.964961517967069 ], [ 11.401370334975248, 46.964822675735121 ], [ 11.401611340999612, 46.964718625176829 ], [ 11.401994258564343, 46.964701588997976 ], [ 11.402478507554738, 46.964745419674699 ], [ 11.403054274083061, 46.964778327176603 ], [ 11.403865386094116, 46.964855784701811 ], [ 11.404499821734378, 46.964914450547695 ], [ 11.405126906567569, 46.964937269952181 ], [ 11.405586736473936, 46.964986100375128 ], [ 11.405879596205189, 46.965195928171369 ], [ 11.406091424354203, 46.965393959974207 ], [ 11.40656029557754, 46.965681079285865 ], [ 11.406804732458038, 46.965909921740014 ], [ 11.407096292397675, 46.965962285055667 ], [ 11.407564933368283, 46.966024421236085 ], [ 11.408041575091044, 46.966099886170682 ], [ 11.408391807699878, 46.966178009592319 ], [ 11.408912490290925, 46.966374035298138 ], [ 11.409363202074486, 46.966549033468304 ], [ 11.409740306413386, 46.966658084735165 ], [ 11.41005794449724, 46.96668739297354 ], [ 11.410408657487642, 46.966684505916845 ], [ 11.41082565082789, 46.966675721782309 ], [ 11.411167529783008, 46.966677518183047 ], [ 11.411835881475936, 46.966703931009619 ], [ 11.412286927332705, 46.966703423201864 ], [ 11.413129855190453, 46.966829640857668 ], [ 11.413781410528467, 46.96681139972533 ], [ 11.414306733740679, 46.966836315256998 ], [ 11.414550515870175, 46.966849170472933 ], [ 11.415017816918924, 46.966789813091289 ], [ 11.415342310740586, 46.966697470652718 ], [ 11.415958258531052, 46.966508980867616 ], [ 11.41639130311253, 46.966418843326075 ], [ 11.416799699889904, 46.966365222124075 ], [ 11.41718383809757, 46.966375107382468 ], [ 11.41745939437409, 46.966454780414281 ], [ 11.417677864009873, 46.966580655669297 ], [ 11.417879079614462, 46.966760891217028 ], [ 11.418097730620053, 46.966945257665152 ], [ 11.418267739975784, 46.967144150652196 ], [ 11.418377598761747, 46.9673758123296 ], [ 11.418480662407571, 46.967675112685583 ], [ 11.418524870377107, 46.967890162949779 ], [ 11.418747044023817, 46.968389431177016 ], [ 11.418864926759113, 46.96861642308086 ], [ 11.41901611275763, 46.96872571924451 ], [ 11.419284656466459, 46.968886530330799 ], [ 11.419569622411192, 46.969028994850795 ], [ 11.419862243791071, 46.969067804184959 ], [ 11.420430292647502, 46.969073789430652 ], [ 11.42101376739083, 46.968984952256676 ], [ 11.42083735961771, 46.968826695825982 ], [ 11.420794559521473, 46.968661113139049 ], [ 11.421195278633071, 46.968801124878603 ], [ 11.421563590563595, 46.968896824206013 ], [ 11.421982202430998, 46.968977958740368 ], [ 11.422324892250566, 46.969015702079481 ], [ 11.422726074808676, 46.969056705723247 ], [ 11.423084383810163, 46.969076117394692 ], [ 11.423644194225922, 46.969118258545002 ], [ 11.424062639509895, 46.969122894457932 ], [ 11.424645887885834, 46.969083539995957 ], [ 11.425179287811071, 46.968995742517137 ], [ 11.425763768802227, 46.968947356863474 ], [ 11.426080409803658, 46.968972142087161 ], [ 11.426265057290699, 46.969076219613399 ], [ 11.4265923056322, 46.969280765700866 ], [ 11.427013095826698, 46.969573320575712 ], [ 11.427407418581721, 46.969861935656411 ], [ 11.42789428312085, 46.970198082482504 ], [ 11.428232590412213, 46.970483383467709 ], [ 11.428719439941744, 46.97087352324354 ], [ 11.429080741423121, 46.97115833369368 ], [ 11.429341321770174, 46.97134178864178 ], [ 11.429861875580119, 46.97165921317761 ], [ 11.430332771984533, 46.971950691889802 ], [ 11.430751769380544, 46.972202773970338 ], [ 11.431079279219473, 46.972321807773717 ], [ 11.431364124267409, 46.972369752275569 ], [ 11.431773537397843, 46.972464545503918 ], [ 11.432124852732485, 46.972601069157903 ], [ 11.432476576295972, 46.972728583699919 ], [ 11.43270291062611, 46.97288126118589 ], [ 11.433056851714348, 46.973166215549647 ], [ 11.433207468745888, 46.973280004760738 ], [ 11.433367498946224, 46.973474587819858 ], [ 11.433588085793183, 46.973627385766981 ], [ 11.434014523025672, 46.973789304125695 ], [ 11.434366251865891, 46.973970808890584 ], [ 11.434760264310983, 46.974142413590542 ], [ 11.435230017302088, 46.974262908716206 ], [ 11.435596369475881, 46.97427761042087 ], [ 11.436056920695055, 46.974285806043248 ], [ 11.436700727608253, 46.97436659238938 ], [ 11.437243149590147, 46.974476532520399 ], [ 11.437711704164039, 46.974534047489669 ], [ 11.438045012538707, 46.974526946855548 ], [ 11.438420589109535, 46.974581940097764 ], [ 11.438697849914737, 46.974679524432162 ], [ 11.439125543204343, 46.97483239763973 ], [ 11.439417578292993, 46.974965662755437 ], [ 11.439881172730642, 46.975257257870297 ], [ 11.440315841010722, 46.97549097213335 ], [ 11.440694277566745, 46.975716884717158 ], [ 11.441223149760214, 46.975980084058079 ], [ 11.441827149209363, 46.976340670842603 ], [ 11.442129452065972, 46.976500708018165 ], [ 11.442315382659176, 46.976721723911716 ], [ 11.442409986597051, 46.976940189044633 ], [ 11.442554044145266, 46.9772160943674 ], [ 11.442656442085967, 46.977443392284073 ], [ 11.442642869874581, 46.977722662001085 ], [ 11.442678140093872, 46.978009888513597 ], [ 11.442774983527421, 46.978403792924283 ], [ 11.442844941311282, 46.978784772127263 ], [ 11.442890877840565, 46.979251757913254 ], [ 11.442978293942707, 46.979600866572895 ], [ 11.442997974486454, 46.979888425722137 ], [ 11.443040650390337, 46.98010349912775 ], [ 11.443092556456209, 46.980322875135151 ], [ 11.443203181578117, 46.98053199813873 ], [ 11.443340278100994, 46.980763054223864 ], [ 11.443541622835159, 46.980997237961311 ], [ 11.443737220722332, 46.981249542763891 ], [ 11.443948209797592, 46.981587012364287 ], [ 11.444092901360507, 46.981912398506793 ], [ 11.444237186875252, 46.982192796377852 ], [ 11.444324203766993, 46.982478916975921 ], [ 11.444477726088294, 46.982817613006262 ], [ 11.444536834267312, 46.982996337381124 ], [ 11.444782116239292, 46.98332857317056 ], [ 11.445053064098685, 46.983574766244857 ], [ 11.445231022178039, 46.983908439466049 ], [ 11.445401800982323, 46.98415677200596 ], [ 11.445603373056356, 46.984395446873322 ], [ 11.445739048307264, 46.984577033969558 ], [ 11.445890127912371, 46.984717794601337 ], [ 11.44606686830582, 46.984844507525779 ], [ 11.446294113609728, 46.98501513730411 ], [ 11.446512732483829, 46.985158953008565 ], [ 11.446814079540751, 46.985350495916045 ], [ 11.447032906274261, 46.985534803244285 ], [ 11.447403437047237, 46.985801359672877 ], [ 11.447680978388117, 46.986011408101419 ], [ 11.447916431952143, 46.98618185909001 ], [ 11.448112070041125, 46.986434155467514 ], [ 11.448305656984466, 46.986677496042219 ], [ 11.448457783268566, 46.986858727937602 ], [ 11.448535181928657, 46.987113553296219 ], [ 11.44870556875791, 46.987334891206338 ], [ 11.448932425779882, 46.987604516838566 ], [ 11.449227425694472, 46.987818687566929 ], [ 11.449514232698277, 46.988105027659927 ], [ 11.449783373366515, 46.988364747178764 ], [ 11.450121093002945, 46.988667994539412 ], [ 11.450406257216924, 46.988900371491155 ], [ 11.450701894764018, 46.989146022461917 ], [ 11.450912546497721, 46.98943848953617 ], [ 11.45111704239496, 46.989740087408897 ], [ 11.451276787668624, 46.989979648067688 ], [ 11.451572855673263, 46.990342279015188 ], [ 11.451784744893416, 46.990589721234223 ], [ 11.451952485639824, 46.990788612595679 ], [ 11.452172424007907, 46.991373356962477 ], [ 11.452332160067956, 46.991486925528953 ], [ 11.452574025154195, 46.991670728517086 ], [ 11.452884474002929, 46.991952053757615 ], [ 11.45293519481703, 46.992108455080128 ], [ 11.453352608560941, 46.992301992538309 ], [ 11.453713354405012, 46.992496743509342 ], [ 11.45411350309992, 46.992600654961812 ], [ 11.454608105822283, 46.992738536487622 ], [ 11.454949955979128, 46.992789699393171 ], [ 11.455217059249904, 46.992824466254007 ], [ 11.455551104494049, 46.992848796787378 ], [ 11.455876103964314, 46.992837323100659 ], [ 11.456193709133764, 46.992808008507886 ], [ 11.456585224128165, 46.992777106494259 ], [ 11.456919246275561, 46.992711440102731 ], [ 11.457762218889687, 46.99263034372968 ], [ 11.458078780115992, 46.99256054926839 ], [ 11.45863777379436, 46.992310058528872 ], [ 11.458979171706511, 46.992172232884158 ], [ 11.459480465997634, 46.991918478096501 ], [ 11.459862906406787, 46.991779767717212 ], [ 11.460263207014401, 46.991618173722088 ], [ 11.460671304296048, 46.991447411325211 ], [ 11.460990251406161, 46.991859022455472 ], [ 11.461283316708442, 46.992226192610623 ], [ 11.461399770836186, 46.992399175164707 ], [ 11.461728787400913, 46.992851064682462 ], [ 11.462146401852028, 46.992923074645098 ], [ 11.462747971557237, 46.99299112450052 ], [ 11.463106243784994, 46.993005912253935 ], [ 11.463582978123558, 46.993040647129789 ], [ 11.463732909741807, 46.993244404332188 ], [ 11.463910364028678, 46.993438569424477 ], [ 11.464160282518341, 46.993617674917168 ], [ 11.464585982591375, 46.99390098648027 ], [ 11.464729315301165, 46.993978893661541 ], [ 11.465045716914942, 46.9940305745072 ], [ 11.465697999250159, 46.994075018142588 ], [ 11.466316010558648, 46.994124696319304 ], [ 11.466549682730653, 46.994200654261846 ], [ 11.467151919965584, 46.994372159065939 ], [ 11.467435103243258, 46.994505543547625 ], [ 11.46791375908224, 46.994688708164368 ], [ 11.468063862011272, 46.994752966156419 ], [ 11.468497923265922, 46.994806599569166 ], [ 11.469131749366067, 46.994860421090557 ], [ 11.469892986138477, 46.995181469696774 ], [ 11.469852093321624, 46.995578323438899 ], [ 11.469879088160086, 46.99580722411892 ], [ 11.469729581339431, 46.996219920883767 ], [ 11.469589658150371, 46.996465922757487 ], [ 11.4693900559753, 46.996879700061086 ], [ 11.469165797222534, 46.997258011606853 ], [ 11.4691004205787, 46.997533902087923 ], [ 11.469027498631782, 46.997967443781945 ], [ 11.468993714479792, 46.998179657178746 ], [ 11.468870712751327, 46.998650276520465 ], [ 11.468830239951147, 46.99909211730953 ], [ 11.46893178786404, 46.999368906104394 ], [ 11.469024487044351, 46.999596389343999 ], [ 11.469217657426642, 46.999988192519538 ], [ 11.469361579141207, 47.000417055383558 ], [ 11.469493130579737, 47.000738192926356 ], [ 11.469556696334495, 47.001011301047889 ], [ 11.469597825164023, 47.001154402914089 ], [ 11.469738407078752, 47.001457346601583 ], [ 11.469851240677164, 47.00169339394153 ], [ 11.470049321877353, 47.002013094955842 ], [ 11.470164405601412, 47.002208596395903 ], [ 11.47028571152744, 47.002556952121395 ], [ 11.470416636178108, 47.00282860571663 ], [ 11.47051690767565, 47.002970430519412 ], [ 11.470705123540423, 47.003236347318932 ], [ 11.470887774509228, 47.003452887610898 ], [ 11.471152981745236, 47.003694643003357 ], [ 11.471368265674538, 47.003851982198007 ], [ 11.471683988254597, 47.004083646137275 ], [ 11.471866595038787, 47.004192193797714 ], [ 11.472115553580581, 47.004348804234439 ], [ 11.472398577565732, 47.004441682847279 ], [ 11.472772998213156, 47.004591081650503 ], [ 11.473138822814455, 47.004767662997409 ], [ 11.473455954865717, 47.004904798578565 ], [ 11.473711510831297, 47.005097260292395 ], [ 11.473943238649328, 47.00527223787028 ], [ 11.474242344849864, 47.005499754285005 ], [ 11.474491316366976, 47.00565635927444 ], [ 11.474832325739026, 47.005882968102746 ], [ 11.474980500050444, 47.00608224873357 ], [ 11.475094993756345, 47.006300256264659 ], [ 11.475210917295154, 47.006477735752334 ], [ 11.475349695238311, 47.006776211787148 ], [ 11.475513744368619, 47.007105638671312 ], [ 11.475554082734927, 47.007266754090843 ], [ 11.47571956650299, 47.007573651301001 ], [ 11.475808021217091, 47.007832718374196 ], [ 11.475898898255734, 47.008037736977201 ], [ 11.476012561961344, 47.008201765518656 ], [ 11.476270393009793, 47.008389672603599 ], [ 11.476402318303277, 47.008521807958317 ], [ 11.476618455733323, 47.008697117448172 ], [ 11.476760056340252, 47.008878539329451 ], [ 11.476891193430959, 47.009064687160354 ], [ 11.476940188739222, 47.009270611352292 ], [ 11.477037041291524, 47.009497998022852 ], [ 11.477062388124045, 47.009636939026294 ], [ 11.477184672641014, 47.009791780461946 ], [ 11.477525745066801, 47.010072375841609 ], [ 11.477716034388974, 47.010257242142735 ], [ 11.478055193375628, 47.010407387088854 ], [ 11.478363367514207, 47.010598699017159 ], [ 11.478754273149985, 47.010729722611551 ], [ 11.479080462620388, 47.010830649117878 ], [ 11.479354693370393, 47.010910202036996 ], [ 11.479570968767407, 47.010946013342782 ], [ 11.479897341857702, 47.010997437231744 ], [ 11.480239914255845, 47.011008012133985 ], [ 11.480547752887606, 47.01097884187822 ], [ 11.480900136490746, 47.010917207503795 ], [ 11.481132855733385, 47.010952659388408 ], [ 11.481425120678223, 47.010977820385818 ], [ 11.481733815633188, 47.011002624349914 ], [ 11.482050910036486, 47.010995747657127 ], [ 11.482359973576495, 47.010957546621576 ], [ 11.482635765986858, 47.010929065838404 ], [ 11.482927608689508, 47.01092723416231 ], [ 11.483220082632103, 47.010956885704019 ], [ 11.483504297859886, 47.010932719729567 ], [ 11.483772721809711, 47.010922394764876 ], [ 11.484039066292521, 47.01088511630995 ], [ 11.484507678355522, 47.010811948628124 ], [ 11.484825534017203, 47.01073305304952 ], [ 11.485051428548468, 47.010710149481447 ], [ 11.485484408605169, 47.010772741492531 ], [ 11.4857345565892, 47.010776307833083 ], [ 11.486143681483417, 47.010803418155291 ], [ 11.486551951588023, 47.010794548254339 ], [ 11.486954234440152, 47.010727311336623 ], [ 11.48731303366991, 47.010751011417732 ], [ 11.487572830440005, 47.010749864361621 ], [ 11.487973504066581, 47.010736654833813 ], [ 11.488508085211562, 47.010720532230842 ], [ 11.489000325063966, 47.010678330003174 ], [ 11.489494617055948, 47.010627081678393 ], [ 11.489810683434769, 47.010615706146737 ], [ 11.490253453000268, 47.010606072448638 ], [ 11.490613020874251, 47.010557750766459 ], [ 11.491114500638858, 47.010501839334012 ], [ 11.491666269933928, 47.010431331795544 ], [ 11.492183557857111, 47.010379571155646 ], [ 11.492769629920691, 47.010303811609617 ], [ 11.493314550364946, 47.010156950916119 ], [ 11.493807125844823, 47.010033726611901 ], [ 11.494025362168882, 47.009952476472741 ], [ 11.49424293739672, 47.009821743963727 ], [ 11.494552933934656, 47.009697995864762 ], [ 11.49486337080215, 47.009601235335403 ], [ 11.495206684526831, 47.009539754499627 ], [ 11.495423715787194, 47.009485525964578 ], [ 11.495617513186541, 47.009409305325299 ], [ 11.495817286365959, 47.009355452380788 ], [ 11.496218331928162, 47.009315207786415 ], [ 11.496577509973781, 47.009311872496347 ], [ 11.497170247979815, 47.009361935668537 ], [ 11.497646889841928, 47.009338035178104 ], [ 11.498289265679286, 47.009324013835723 ], [ 11.498774527430077, 47.009308919808142 ], [ 11.498755198649427, 47.009493828322491 ], [ 11.498779703065628, 47.009560788339691 ], [ 11.499021946658056, 47.009676989934988 ], [ 11.499213249630865, 47.009776304799381 ], [ 11.49947833323653, 47.009941503014801 ], [ 11.499703473929406, 47.009990581650641 ], [ 11.499995122249627, 47.010020208322253 ], [ 11.500237399032185, 47.009960919481493 ], [ 11.500513781520018, 47.009909884276567 ], [ 11.500806950977262, 47.009813484866214 ], [ 11.501091669831599, 47.009694771031171 ], [ 11.501284063555341, 47.009659068480623 ], [ 11.501526992330183, 47.009631260340861 ], [ 11.501719521016584, 47.009528059041315 ], [ 11.501812634667981, 47.009409032080022 ], [ 11.501805986718686, 47.009143696812295 ], [ 11.501716244154746, 47.008947673094724 ], [ 11.501641325398396, 47.008787322634731 ], [ 11.50148562190472, 47.008552243539675 ], [ 11.501377810004545, 47.008356614506923 ], [ 11.501189387956174, 47.008054755056286 ], [ 11.50109464747686, 47.007786845313625 ], [ 11.50106702857131, 47.007688456131703 ], [ 11.501032443427498, 47.007599218528135 ], [ 11.501022141507516, 47.00757244563588 ], [ 11.500971103157188, 47.007465568893764 ], [ 11.500908763316133, 47.007345440085153 ], [ 11.500850709341151, 47.007211718567092 ], [ 11.50099891107741, 47.007145484456785 ], [ 11.501157599299102, 47.007092519984511 ], [ 11.501329009905705, 47.007030277875145 ], [ 11.501466340676199, 47.006977779776292 ], [ 11.501632007222346, 47.006915662763404 ], [ 11.501797660234631, 47.006853545804574 ], [ 11.501952851103031, 47.00679615700416 ], [ 11.502119541374546, 47.006738516571716 ], [ 11.502275151643397, 47.006690117507006 ], [ 11.502401959380645, 47.00678183789767 ], [ 11.502516229735031, 47.006869332633634 ], [ 11.502634206272726, 47.006965745553259 ], [ 11.502789644510598, 47.006948847262507 ], [ 11.502976480841099, 47.006917763029328 ], [ 11.503146035728168, 47.006851059100079 ], [ 11.503301855468102, 47.006807153728168 ], [ 11.503464864057314, 47.006758591209824 ], [ 11.503651317443472, 47.006754512286228 ], [ 11.503836535596262, 47.006741460737331 ], [ 11.504005745853663, 47.00673775849318 ], [ 11.504208640407727, 47.006733318921484 ], [ 11.504375379794284, 47.00672967019775 ], [ 11.50456038739935, 47.006712122409283 ], [ 11.504747878700419, 47.006712518654879 ], [ 11.504861824509112, 47.006687526323091 ], [ 11.504916024320105, 47.006668341302351 ], [ 11.505033860136262, 47.006638763979254 ], [ 11.505077361834495, 47.006601814360586 ], [ 11.505223085674553, 47.006535628988637 ], [ 11.505381794082657, 47.006500656883937 ], [ 11.505560202823906, 47.006465253242567 ], [ 11.505688118126521, 47.006439954236029 ], [ 11.505802667375059, 47.006410448076224 ], [ 11.505970193502911, 47.00637078240441 ], [ 11.506062571167064, 47.006341761483164 ], [ 11.506156801899589, 47.006317199580366 ], [ 11.506231479724143, 47.006437055376061 ], [ 11.506249617481419, 47.006490654249866 ], [ 11.506294027079754, 47.006543677761748 ], [ 11.506357966823799, 47.006609772552395 ], [ 11.506373633982305, 47.006663425513985 ], [ 11.506439073487316, 47.006778983825171 ], [ 11.506506563765191, 47.006903496529041 ], [ 11.50656636329022, 47.006933684491173 ], [ 11.506696370224029, 47.006953335285743 ], [ 11.506871350976358, 47.00696750110049 ], [ 11.507056188739661, 47.006981450710853 ], [ 11.507230748729281, 47.006986625845784 ], [ 11.50741127566692, 47.00699616965202 ], [ 11.507582550073916, 47.007001416237216 ], [ 11.507641481146013, 47.006995625275721 ], [ 11.507778677334697, 47.007010617634954 ], [ 11.507866140674295, 47.00699970164429 ], [ 11.507901230136108, 47.006976434316314 ], [ 11.507922151650957, 47.006948977788248 ], [ 11.507959474070477, 47.006903163137089 ], [ 11.507980958449602, 47.006835197195116 ], [ 11.507967115709913, 47.006768005445728 ], [ 11.507952879218292, 47.006709821671635 ], [ 11.507855408374702, 47.006594966155482 ], [ 11.507788125917113, 47.006474949355052 ], [ 11.507746904948656, 47.00634986175578 ], [ 11.507717617907028, 47.006233511983957 ], [ 11.507665515227714, 47.006104163125769 ], [ 11.507630655535044, 47.005974436414292 ], [ 11.50760424756561, 47.005867022871534 ], [ 11.507586223019134, 47.00572792790333 ], [ 11.507561037096407, 47.005611488220588 ], [ 11.507531750926084, 47.005495138372154 ], [ 11.507510862140505, 47.00536510549459 ], [ 11.507495927057171, 47.005239441835208 ], [ 11.507466220324471, 47.005114101829413 ], [ 11.507442046364375, 47.004984140913407 ], [ 11.507438047504198, 47.004898734700042 ], [ 11.507462647875904, 47.004862198290347 ], [ 11.507573825107784, 47.00476076941343 ], [ 11.507690785253695, 47.004677212408886 ], [ 11.507773682345837, 47.004621399777662 ], [ 11.507822937610911, 47.004602321715623 ], [ 11.507862980998034, 47.004596944529936 ], [ 11.50792376264933, 47.004595612535056 ], [ 11.507958063918569, 47.004608359855091 ], [ 11.507994245701301, 47.004643564330806 ], [ 11.508032898227587, 47.004678714647156 ], [ 11.508137962131174, 47.004797903296414 ], [ 11.508193715470551, 47.004882175196641 ], [ 11.508234235775104, 47.004939782885671 ], [ 11.508270390632122, 47.004956989161848 ], [ 11.508317019472598, 47.004969466181691 ], [ 11.508359520642131, 47.00496403495297 ], [ 11.508438373023486, 47.004962306601264 ], [ 11.508616197674366, 47.004949409342736 ], [ 11.508684744859163, 47.004920908664531 ], [ 11.508804820378876, 47.00486877995445 ], [ 11.50891915386654, 47.00483477570495 ], [ 11.508987517718671, 47.00481977789029 ], [ 11.509098199492524, 47.004812851575444 ], [ 11.509282581313013, 47.004799809512271 ], [ 11.509469012458764, 47.004777722861675 ], [ 11.509632655587257, 47.004760635317616 ], [ 11.509808008511534, 47.004747790405943 ], [ 11.509983150662716, 47.004730450171884 ], [ 11.510173288116151, 47.004717280433674 ], [ 11.510337169530091, 47.004722685033599 ], [ 11.510529175266608, 47.00473197210156 ], [ 11.510720366253514, 47.004741276722051 ], [ 11.510911346537833, 47.004746085969714 ], [ 11.511093087528842, 47.004746597954899 ], [ 11.511272568605399, 47.004751658918991 ], [ 11.511454507255088, 47.004756665668502 ], [ 11.511631546147582, 47.004779778369731 ], [ 11.511796497346033, 47.004825654487256 ], [ 11.511948923916048, 47.004867305605778 ], [ 11.512113047693633, 47.004913199429254 ], [ 11.512276567811249, 47.00496360594601 ], [ 11.512459168618403, 47.005000094297579 ], [ 11.512534342279723, 47.005007443236899 ], [ 11.512576754134699, 47.004930017576307 ], [ 11.512604096996794, 47.004794426953389 ], [ 11.512637617707128, 47.004667700034105 ], [ 11.512675251690581, 47.004540882790181 ], [ 11.512694680351572, 47.004481960409279 ], [ 11.512741642500478, 47.004431432832718 ], [ 11.51287233941283, 47.004343069203557 ], [ 11.513002025946712, 47.004268226640768 ], [ 11.513146691788334, 47.004179555946934 ], [ 11.513204142439102, 47.004142296875401 ], [ 11.513257268676973, 47.004100633067594 ], [ 11.51332160628861, 47.003982228498025 ], [ 11.513401331916137, 47.00385898625138 ], [ 11.513469574113623, 47.003753994869967 ], [ 11.513553639346831, 47.003653155586967 ], [ 11.513606959840693, 47.003597988312102 ], [ 11.513667062035452, 47.00354717172943 ], [ 11.513740545905666, 47.003518559566572 ], [ 11.513803345536376, 47.003490182048729 ], [ 11.513889353966308, 47.003465794349665 ], [ 11.513970826978035, 47.003432506862637 ], [ 11.514133604103213, 47.003379434457138 ], [ 11.514300286247163, 47.003339775056993 ], [ 11.514475587463719, 47.003290926678169 ], [ 11.514493987910308, 47.003227526888011 ], [ 11.514473580508195, 47.003160480111823 ], [ 11.514435632269395, 47.003035322919857 ], [ 11.514389876627943, 47.00290133789666 ], [ 11.514347617624496, 47.002771775706954 ], [ 11.514365641573949, 47.002735382274786 ], [ 11.514400725410756, 47.002712113045156 ], [ 11.514464984776204, 47.002697202119528 ], [ 11.514638446322769, 47.002661892936707 ], [ 11.514807385371345, 47.00261768351492 ], [ 11.514990098790024, 47.002586670164668 ], [ 11.515152255495728, 47.00253810960541 ], [ 11.515317726916853, 47.002507474674069 ], [ 11.515506376949947, 47.002462830975901 ], [ 11.515440953452366, 47.002365276107653 ], [ 11.5153824768548, 47.002240570434758 ], [ 11.515326487630425, 47.002133808774886 ], [ 11.515265963215468, 47.002018147408002 ], [ 11.515203779933227, 47.00188452375113 ], [ 11.51513300759656, 47.001778086903485 ], [ 11.515078028785897, 47.001657803873371 ], [ 11.515023261309505, 47.001542015850191 ], [ 11.514965208796626, 47.001426299993128 ], [ 11.514904277026238, 47.001301648021112 ], [ 11.514848893490507, 47.001190373128573 ], [ 11.514780774925306, 47.001070378700611 ], [ 11.514720658762046, 47.000945708703945 ], [ 11.514670609670247, 47.000825317141128 ], [ 11.514692294399193, 47.000761845125155 ], [ 11.514733508911984, 47.00071144298812 ], [ 11.514824153986755, 47.000628456837148 ], [ 11.514946203141498, 47.000531281429851 ], [ 11.515060866677336, 47.000434268206369 ], [ 11.51518127235641, 47.000337128662146 ], [ 11.515297353428274, 47.000235584360965 ], [ 11.515424117540347, 47.000133805120427 ], [ 11.515522986713997, 47.000050637631979 ], [ 11.515651814795362, 46.999957812125594 ], [ 11.515781246027956, 46.999860473531498 ], [ 11.515909275170943, 46.999785664015882 ], [ 11.516032570611191, 46.999697459387903 ], [ 11.516158926514835, 46.999604687653431 ], [ 11.516286321010686, 46.999516392621004 ], [ 11.516613271627584, 46.999563199287046 ], [ 11.516913652873587, 46.999552093526752 ], [ 11.517213369959213, 46.999509503818274 ], [ 11.518189322802225, 46.999371040627331 ], [ 11.518790407859596, 46.99928581738336 ], [ 11.519508179976025, 46.999252018189836 ], [ 11.519941980309421, 46.999210968893671 ], [ 11.51986635356387, 46.998861658983991 ], [ 11.519804858460208, 46.998480540069941 ], [ 11.520337718384607, 46.998063834356103 ], [ 11.521047714777753, 46.998057194787229 ], [ 11.521731641960457, 46.99805562495154 ], [ 11.521922999631183, 46.99791191788006 ], [ 11.521988852429828, 46.997721479928124 ], [ 11.52196301443648, 46.997452068340451 ], [ 11.52186865319803, 46.996932184522912 ], [ 11.522617415734546, 46.996614202654577 ], [ 11.523017989088624, 46.996618870885634 ], [ 11.52365302715855, 46.996609367989848 ], [ 11.523936169495117, 46.996616622621495 ], [ 11.524554061902604, 46.996539997599207 ], [ 11.525287879786273, 46.996411314618676 ], [ 11.525729248078854, 46.996095595464176 ], [ 11.526186254284051, 46.995797528113286 ], [ 11.526660885131923, 46.995490070400649 ], [ 11.526818960651745, 46.995338090481546 ], [ 11.527193869824451, 46.994938338967039 ], [ 11.527616008142825, 46.994407052101216 ], [ 11.52831377268007, 46.993811178406816 ], [ 11.528771135386604, 46.993504093276343 ], [ 11.528954751406955, 46.993284050619714 ], [ 11.529145949889132, 46.993189831340821 ], [ 11.529486759923005, 46.993060807005421 ], [ 11.530237207558539, 46.992711239697819 ], [ 11.530812330592264, 46.992496035945521 ], [ 11.531246476632285, 46.992324444901364 ], [ 11.531478938422735, 46.992233808645814 ], [ 11.531728438097796, 46.992138295285486 ], [ 11.531994055526692, 46.991983928794362 ], [ 11.532469779117958, 46.991631425528105 ], [ 11.53275969889051, 46.99140002468625 ], [ 11.533041846496968, 46.991056302877958 ], [ 11.533523444220981, 46.990532676867119 ], [ 11.533797820906798, 46.990094631656397 ], [ 11.533837925926266, 46.98988225816575 ], [ 11.533993915520831, 46.989356839896161 ], [ 11.533850188464976, 46.988838058212863 ], [ 11.533646877144193, 46.988154106959485 ], [ 11.533494035093103, 46.987703021958673 ], [ 11.533408235303776, 46.987452938697665 ], [ 11.533556009271118, 46.987049194429723 ], [ 11.533713466555389, 46.986676733392372 ], [ 11.534230470863204, 46.986363805589598 ], [ 11.534746157450314, 46.986005907666865 ], [ 11.535126119074873, 46.985628515809054 ], [ 11.535343435222703, 46.985461712235292 ], [ 11.535792227583233, 46.985132289738537 ], [ 11.536234332452439, 46.984974002074409 ], [ 11.536816892770446, 46.984605613094807 ], [ 11.537132961479735, 46.984459115292765 ], [ 11.537449278116089, 46.984335109589033 ], [ 11.537974965641824, 46.984206459604593 ], [ 11.538115812960184, 46.984108842083344 ], [ 11.538691004381048, 46.984123081055841 ], [ 11.539093891405349, 46.984091643796226 ], [ 11.539718908925568, 46.984082273533673 ], [ 11.540044441932055, 46.984066048782481 ], [ 11.540771155141707, 46.984103912052291 ], [ 11.541469440861539, 46.984200898120527 ], [ 11.54181952125886, 46.984373110389569 ], [ 11.542193232828231, 46.984558295698349 ], [ 11.542374885674699, 46.98478374453758 ], [ 11.542547753770988, 46.985031886753589 ], [ 11.542588085625734, 46.985206478779183 ], [ 11.542494204015572, 46.985393052247375 ], [ 11.542221246742391, 46.986119067886044 ], [ 11.542686317718069, 46.986306721610859 ], [ 11.54325266251797, 46.986411128177643 ], [ 11.543628119332672, 46.986528774573983 ], [ 11.544268586573397, 46.986757519969572 ], [ 11.544560258617263, 46.986859027343627 ], [ 11.545149800220832, 46.987070901414043 ], [ 11.545873817257185, 46.987293279844678 ], [ 11.546265707456193, 46.987410551989832 ], [ 11.546921991216013, 46.987746923311519 ], [ 11.547329509524594, 46.987985335766986 ], [ 11.547577963504938, 46.988128294762767 ], [ 11.54815253703471, 46.988335986912716 ], [ 11.548867535601632, 46.988662040242694 ], [ 11.549223782007713, 46.988807094362187 ], [ 11.54981417045132, 46.989122418562324 ], [ 11.550296040015242, 46.989368163127303 ], [ 11.550604131357932, 46.989451290405803 ], [ 11.551210631740783, 46.98970775224717 ], [ 11.551527435841111, 46.989835679752403 ], [ 11.552068944082217, 46.989918098040164 ], [ 11.552535767240272, 46.990020178488344 ], [ 11.553027654163683, 46.990130697250954 ], [ 11.553667816334002, 46.990264903297025 ], [ 11.554060029254648, 46.990319145837816 ], [ 11.554660768795358, 46.990454226206694 ], [ 11.555518072502274, 46.990556575964384 ], [ 11.556026748262015, 46.990639708739202 ], [ 11.556535455724816, 46.990740837329859 ], [ 11.556785478060723, 46.99072625195997 ], [ 11.55724580633194, 46.990657469862178 ], [ 11.557522231327871, 46.99061079497951 ], [ 11.558182053933809, 46.99051955155165 ], [ 11.558715744355267, 46.990386127713279 ], [ 11.559501767492094, 46.990373049293403 ], [ 11.560152526183931, 46.990367491446918 ], [ 11.560477843021605, 46.990432207991795 ], [ 11.560701632407206, 46.990539692841963 ], [ 11.561035023882656, 46.990635724996473 ], [ 11.561667367998263, 46.990846556126911 ], [ 11.561859329199713, 46.990855757867884 ], [ 11.56215022576494, 46.991042732065168 ], [ 11.562822277498798, 46.991482152321709 ], [ 11.563112216081567, 46.991700643408144 ], [ 11.563578422948009, 46.991978180824368 ], [ 11.563810378243701, 46.992152972119712 ], [ 11.564291953105231, 46.992407663833617 ], [ 11.564572615322865, 46.992603860604333 ], [ 11.565374299798714, 46.992693883936326 ], [ 11.566148666737387, 46.992780014548927 ], [ 11.566825560839119, 46.99278733179986 ], [ 11.567167545163784, 46.992770660929779 ], [ 11.567868211893439, 46.992759439904184 ], [ 11.568786856469133, 46.992819816505374 ], [ 11.569786740023636, 46.992945856870982 ], [ 11.570370440499998, 46.993049739572442 ], [ 11.570738269411173, 46.993108972370308 ], [ 11.571335926244284, 46.993298030883331 ], [ 11.571734949665165, 46.993527548056178 ], [ 11.572449989149499, 46.99386695241234 ], [ 11.572940645645872, 46.994121403633457 ], [ 11.573464284656296, 46.994343613136522 ], [ 11.573773000883133, 46.994404165547657 ], [ 11.574396312093196, 46.994579131995657 ], [ 11.575297062509234, 46.994864843835423 ], [ 11.576119536966772, 46.995129812272836 ], [ 11.576661098714455, 46.995365102782813 ], [ 11.576976605676894, 46.995515487616544 ], [ 11.577126632698123, 46.995575104770126 ], [ 11.577352077578286, 46.995750015287641 ], [ 11.577838357215391, 46.995964046830757 ], [ 11.578324002796009, 46.996250085763009 ], [ 11.578849987885036, 46.996571211144243 ], [ 11.579394503850068, 46.996833420343833 ], [ 11.579997986511358, 46.997022302356022 ], [ 11.580845352077215, 46.99712018685485 ], [ 11.581089929112744, 46.997384652481912 ], [ 11.581084640983136, 46.997650253927283 ], [ 11.5810435258082, 46.997957160719892 ], [ 11.580956238113998, 46.998517091915453 ], [ 11.580869964691191, 46.998996005577787 ], [ 11.580768435789667, 46.999448265007601 ], [ 11.580674215144699, 46.999949856159567 ], [ 11.580538063482855, 47.000434393974665 ], [ 11.580582355594601, 47.000739374476261 ], [ 11.580561343060143, 47.001122322440203 ], [ 11.580829815490494, 47.001489742661711 ], [ 11.581515183873785, 47.001807261089873 ], [ 11.582007776491144, 47.002048130679157 ], [ 11.582417307176856, 47.002169380839597 ], [ 11.582684237971195, 47.002248851005668 ], [ 11.582935052147249, 47.002369181578707 ], [ 11.583511316360127, 47.002486664337255 ], [ 11.583879873876585, 47.002559337631936 ], [ 11.584463424281882, 47.002793643159698 ], [ 11.585323827314088, 47.003125184381929 ], [ 11.585893380981922, 47.003341800059253 ], [ 11.586193051553467, 47.003452020092162 ], [ 11.586751711390798, 47.003664378003158 ], [ 11.587321276364658, 47.003880986326884 ], [ 11.588173515055514, 47.004298184951203 ], [ 11.588458466042457, 47.004426730750431 ], [ 11.588891312949844, 47.004655423055318 ], [ 11.589217835233191, 47.004742529227563 ], [ 11.589843513558451, 47.004894859644644 ], [ 11.590629119716356, 47.005106561991731 ], [ 11.59094725862187, 47.005207352105664 ], [ 11.59130563115596, 47.005221736070091 ], [ 11.59174026106251, 47.005265889725322 ], [ 11.592341930822762, 47.00534675510778 ], [ 11.592675271883436, 47.005370701215483 ], [ 11.593342607804573, 47.005432074787784 ], [ 11.593878986867011, 47.005437916861084 ], [ 11.594437591624713, 47.005461251311132 ], [ 11.595330267360247, 47.005472507280174 ], [ 11.595948343948557, 47.005467487367113 ], [ 11.596282457904204, 47.005473406641848 ], [ 11.596942254632671, 47.005480933898902 ], [ 11.597609989274883, 47.005465778677781 ], [ 11.598211914132797, 47.005483611641488 ], [ 11.598905102722286, 47.005535366384471 ], [ 11.599588378471914, 47.005569343325114 ], [ 11.599946478217136, 47.005561207919193 ], [ 11.600556881211533, 47.005601334403835 ], [ 11.601174936991129, 47.005731277631398 ], [ 11.60163481736747, 47.005837815500115 ], [ 11.602110999280676, 47.005975478730498 ], [ 11.602369385335001, 47.006064096713864 ], [ 11.602914328740958, 47.006330684111617 ], [ 11.603213936357221, 47.006472358938964 ], [ 11.60370758698004, 47.006749108774336 ], [ 11.604084571217202, 47.006943017144202 ], [ 11.604358935488618, 47.007089763108532 ], [ 11.604760387351105, 47.007364106963507 ], [ 11.605211343491806, 47.007641822114422 ], [ 11.6054465209683, 47.007793957281834 ], [ 11.605638645428366, 47.007974070453933 ], [ 11.605806627887526, 47.008181731224745 ], [ 11.606182682809418, 47.00854214264281 ], [ 11.606910519437516, 47.008696552898556 ], [ 11.60772800316739, 47.008952408745408 ], [ 11.607937334091575, 47.009114127173426 ], [ 11.60828033555797, 47.009470785275816 ], [ 11.608456984866756, 47.009687244006436 ], [ 11.608817188162343, 47.010025509602627 ], [ 11.609151439906292, 47.010404863032065 ], [ 11.609353176068476, 47.010629747776868 ], [ 11.609494957540203, 47.010788503884001 ], [ 11.610180058887769, 47.010925869091075 ], [ 11.610815015593365, 47.011046375454711 ], [ 11.61113169142131, 47.011115645021064 ], [ 11.611816751677805, 47.011235002586567 ], [ 11.612768063643927, 47.011384274961316 ], [ 11.613679626563576, 47.01156144547447 ], [ 11.614289410080168, 47.011705006000987 ], [ 11.61463281823446, 47.011782654576926 ], [ 11.615208588764126, 47.011886490058025 ], [ 11.615709783370418, 47.012046023646896 ], [ 11.616452565126304, 47.0120335428741 ], [ 11.617195241585058, 47.01205255756458 ], [ 11.617856320529627, 47.012050935610041 ], [ 11.6181991820024, 47.012016093548084 ], [ 11.618791016920605, 47.011876559770656 ], [ 11.619483267644762, 47.011671728621643 ], [ 11.620042121967638, 47.011496945684073 ], [ 11.620618112720356, 47.011353265461658 ], [ 11.621168423322477, 47.011205670837327 ], [ 11.621427884086319, 47.011231225433519 ], [ 11.622154019903023, 47.011282084674555 ], [ 11.622646063595491, 47.011338304500462 ], [ 11.623256787907815, 47.011702280962702 ], [ 11.623540930591803, 47.011862255953965 ], [ 11.623833509377674, 47.012026536512899 ], [ 11.624133523520452, 47.012141149131615 ], [ 11.624401644780155, 47.012175497794942 ], [ 11.624685753949255, 47.012200479734865 ], [ 11.625387703539063, 47.012260872602972 ], [ 11.625813263646224, 47.012269107378621 ], [ 11.626573132198393, 47.012454155554259 ], [ 11.627249431737658, 47.012578121528108 ], [ 11.627550642031499, 47.012499210642659 ], [ 11.627725145806291, 47.012418708830616 ], [ 11.627875774006524, 47.012203764022026 ], [ 11.628107200757338, 47.011775477501189 ], [ 11.62819741093818, 47.011368432646165 ], [ 11.628281293534624, 47.011033528238613 ], [ 11.628379807328281, 47.01071178680116 ], [ 11.628628872095906, 47.010458582346246 ], [ 11.628895293077191, 47.010056488453564 ], [ 11.629036936571575, 47.009859747222627 ], [ 11.629368399069927, 47.009442658775242 ], [ 11.629594582024954, 47.009108983248879 ], [ 11.629876673062778, 47.008607533402355 ], [ 11.630125545011008, 47.008183341270097 ], [ 11.630382902656162, 47.007781452024787 ], [ 11.630492412210145, 47.007616945448028 ], [ 11.630600114550118, 47.007348987115236 ], [ 11.630715144544782, 47.007179853702475 ], [ 11.631040903785619, 47.007082370278241 ], [ 11.631892103138014, 47.006734318030801 ], [ 11.632266791006144, 47.006595208412818 ], [ 11.632491141664813, 47.006509052854952 ], [ 11.63307507476876, 47.006311130320547 ], [ 11.633334360307124, 47.006233168660728 ], [ 11.633525009755852, 47.006080291004267 ], [ 11.633700041551563, 47.005810780121372 ], [ 11.633924931378683, 47.005585118433537 ], [ 11.634457074927703, 47.004969908124096 ], [ 11.634681824522731, 47.004591258103801 ], [ 11.634839036501054, 47.004277158599869 ], [ 11.634955587198236, 47.004022491338652 ], [ 11.635204177496068, 47.003593794471669 ], [ 11.635496297788329, 47.003164094492618 ], [ 11.635844118994402, 47.002697113053316 ], [ 11.636286275587187, 47.002542936835063 ], [ 11.636819769347269, 47.002323658356744 ], [ 11.637169903849466, 47.002221095892267 ], [ 11.637804411522147, 47.00211647723274 ], [ 11.638346844054544, 47.002045475934999 ], [ 11.638914413519965, 47.002000890632516 ], [ 11.639506724360375, 47.001924233853771 ], [ 11.639749169271241, 47.001855645369716 ], [ 11.640382630722428, 47.001746536787529 ], [ 11.640691066513, 47.001698922160578 ], [ 11.641308972687789, 47.001608166233204 ], [ 11.641509224645858, 47.001567546154178 ], [ 11.641952522484459, 47.001453818963093 ], [ 11.642542119421158, 47.001255716885048 ], [ 11.64309377286015, 47.001071987292846 ], [ 11.643735535762763, 47.00088167351943 ], [ 11.644011574215531, 47.000794300980353 ], [ 11.6442865153246, 47.000684454570788 ], [ 11.645090959710096, 47.000458875781881 ], [ 11.6457080228581, 47.000035136775253 ], [ 11.646165424337058, 46.999691581728811 ], [ 11.646494286335768, 46.999508487642053 ], [ 11.646830886956675, 46.999365711016686 ], [ 11.647251557794556, 46.999193990248379 ], [ 11.647686785269519, 46.999017431395501 ], [ 11.648433619314234, 46.998824659877961 ], [ 11.649061579092479, 46.998688632033549 ], [ 11.649347006793324, 46.998592029730865 ], [ 11.650143801533357, 46.998312595686876 ], [ 11.650614254292943, 46.998117210947733 ], [ 11.651506408703622, 46.997705066683508 ], [ 11.652094285147108, 46.997506954859517 ], [ 11.652666494223851, 46.997241707453654 ], [ 11.652908224064241, 46.997209105198635 ], [ 11.653260220382981, 46.997128948588959 ], [ 11.653612145077375, 46.997080290564789 ], [ 11.654003547982549, 46.997048714692696 ], [ 11.654312165920265, 46.997005558647658 ], [ 11.654631395251602, 46.996894659848543 ], [ 11.654917567245814, 46.996780027416989 ], [ 11.65520305646789, 46.996651910956068 ], [ 11.655473031527297, 46.996492655784188 ], [ 11.655827900938077, 46.996254934458975 ], [ 11.656080329493557, 46.996123083378933 ], [ 11.656391720242096, 46.996003362133379 ], [ 11.656719150570851, 46.995892267074971 ], [ 11.657104823078155, 46.995761819797309 ], [ 11.657430826954899, 46.995704752425681 ], [ 11.658751319584502, 46.995543586544088 ], [ 11.659293879383847, 46.995427485333742 ], [ 11.659447458163507, 46.995275425376455 ], [ 11.659619579910038, 46.994983442935371 ], [ 11.659650308350351, 46.994708245860437 ], [ 11.660349825809977, 46.99472348290314 ], [ 11.660783076211688, 46.994740407727654 ], [ 11.66105128916618, 46.994662175182242 ], [ 11.661466753882529, 46.994288035408935 ], [ 11.661830765050302, 46.994036583459632 ], [ 11.662397762165218, 46.993568920767117 ], [ 11.662873300167695, 46.99317987886149 ], [ 11.663207648795952, 46.993059604637224 ], [ 11.663620531227073, 46.992915002754806 ], [ 11.663948161912424, 46.992758884957418 ], [ 11.664143064228165, 46.992628355130883 ], [ 11.664385178933866, 46.992141247638152 ], [ 11.664522312362818, 46.991989563641624 ], [ 11.664856497999947, 46.991981781389022 ], [ 11.665562919041486, 46.992037323149745 ], [ 11.66624179029821, 46.992232993875447 ], [ 11.666879312450455, 46.992456622616395 ], [ 11.667681877053885, 46.99272589718057 ], [ 11.668253493905794, 46.992897058061558 ], [ 11.668808101843695, 46.993073112516221 ], [ 11.669255828018668, 46.99316616285131 ], [ 11.669587177151785, 46.993216929346659 ], [ 11.670003248710659, 46.993252218863319 ], [ 11.670529711248445, 46.993176937241238 ], [ 11.67083889533685, 46.993129223498883 ], [ 11.671116420747902, 46.993023751544278 ], [ 11.671598769195594, 46.993052988381073 ], [ 11.672237734531393, 46.993173059971951 ], [ 11.672894093883313, 46.993279222522311 ], [ 11.673897650297933, 46.99353925867775 ], [ 11.67423018771243, 46.99353148755533 ], [ 11.67463251591291, 46.993373593305115 ], [ 11.674939796863258, 46.993073928406872 ], [ 11.675445468868944, 46.992747125568819 ], [ 11.67579732908445, 46.992648903587082 ], [ 11.676131656714524, 46.992627585876257 ], [ 11.676566071831797, 46.992536430201149 ], [ 11.677075435393816, 46.992497516129319 ], [ 11.677674612167037, 46.992528493716669 ], [ 11.678521912865868, 46.992639155067451 ], [ 11.679369444492844, 46.992803801440942 ], [ 11.679940350759059, 46.992943422539049 ], [ 11.680685436393169, 46.993195953259018 ], [ 11.681305777534629, 46.993419904205957 ], [ 11.682025343070553, 46.993655025308982 ], [ 11.682690094699513, 46.993796932763203 ], [ 11.683227950626195, 46.993932812599134 ], [ 11.68390772070847, 46.99412835751879 ], [ 11.684595117332243, 46.99432821920206 ], [ 11.685307377359935, 46.994531993006795 ], [ 11.686011721611074, 46.994708949840771 ], [ 11.686672857600191, 46.994909415486461 ], [ 11.687321890299216, 46.995065164305522 ], [ 11.688050292139954, 46.995246043331747 ], [ 11.688479950503304, 46.995420437982958 ], [ 11.688670172190003, 46.995492463865546 ], [ 11.689113889046775, 46.995324546624651 ], [ 11.689576269516445, 46.995151689238511 ], [ 11.69007256774783, 46.994901537240636 ], [ 11.69055534264964, 46.994971181654279 ], [ 11.690995469698004, 46.995010328912223 ], [ 11.691537489217723, 46.995015579717794 ], [ 11.692038910573551, 46.994900290454915 ], [ 11.692382992858985, 46.994811199825975 ], [ 11.692803023276291, 46.994630326335646 ], [ 11.693440619049063, 46.994394833283501 ], [ 11.694047247407797, 46.994034073360908 ], [ 11.694538403902806, 46.993698528048931 ], [ 11.694969277044098, 46.993422896885441 ], [ 11.695400445396503, 46.993480237068852 ], [ 11.696052423930395, 46.993383882136044 ], [ 11.696870787476797, 46.993310600479184 ], [ 11.697447015306196, 46.993261020196947 ], [ 11.698064941456767, 46.993174455959661 ], [ 11.698643547802748, 46.992976322460187 ], [ 11.69941391803876, 46.992782661717115 ], [ 11.699823510795582, 46.992705502289702 ], [ 11.700429833563916, 46.992812687424149 ], [ 11.701668349256559, 46.992985939669651 ], [ 11.702097577863697, 46.993151293938858 ], [ 11.702576849830313, 46.993004983212899 ], [ 11.703259462176323, 46.992880865172815 ], [ 11.703849776713572, 46.992817420579037 ], [ 11.704567094945123, 46.992696974337811 ], [ 11.705308053852358, 46.992670459027657 ], [ 11.706099156006042, 46.992611254928512 ], [ 11.706698250313114, 46.992624083410355 ], [ 11.707330508354666, 46.992658622753062 ], [ 11.708020095241544, 46.992705301044275 ], [ 11.708859600897721, 46.992806922662581 ], [ 11.709466775487634, 46.992833044546138 ], [ 11.709973812195029, 46.992911031928038 ], [ 11.710638121623345, 46.992994290956794 ], [ 11.710987617044845, 46.993013009517888 ], [ 11.71127097265382, 46.99302429473564 ], [ 11.711521424522697, 46.992856369640648 ], [ 11.711808331493289, 46.992548088279534 ], [ 11.712077300834263, 46.992307727342606 ], [ 11.712356578202129, 46.991995125665241 ], [ 11.712820349250855, 46.991462162105194 ], [ 11.713157511508275, 46.991107688413443 ], [ 11.713519121117596, 46.990716636055915 ], [ 11.713814995482878, 46.990358639745835 ], [ 11.713984836648519, 46.990044129685586 ], [ 11.714079129458399, 46.989812406604848 ], [ 11.714290617710235, 46.989492408459164 ], [ 11.71473750859672, 46.989000334863029 ], [ 11.715041707911109, 46.988709633779486 ], [ 11.715343291716643, 46.988513488412458 ], [ 11.715911614912853, 46.988212017067795 ], [ 11.716457181998207, 46.987834587566851 ], [ 11.71673407958642, 46.987670522702857 ], [ 11.716984442879331, 46.987534085652563 ], [ 11.717137014223114, 46.98730097606596 ], [ 11.717160243617805, 46.986818952429964 ], [ 11.717283861929735, 46.986177053912286 ], [ 11.717347360634676, 46.985743570972438 ], [ 11.717419207157279, 46.985215395183239 ], [ 11.717483927779369, 46.984822380743829 ], [ 11.717537716336784, 46.984375629000887 ], [ 11.717615798907714, 46.98422978280756 ], [ 11.71785915396403, 46.984053012508319 ], [ 11.718245134307793, 46.983706363094242 ], [ 11.71864090173087, 46.983390977992585 ], [ 11.719184759604264, 46.983013575622877 ], [ 11.719438005900285, 46.982724073294264 ], [ 11.719766771880668, 46.982432775318586 ], [ 11.720033786000988, 46.982187941790627 ], [ 11.720612135600918, 46.981940205081457 ], [ 11.721098687063195, 46.981600153960066 ], [ 11.721684365076641, 46.981302740313623 ], [ 11.722146178953448, 46.980945274113239 ], [ 11.722648813682033, 46.980663330322812 ], [ 11.723920511246861, 46.980070594937921 ], [ 11.724414363271947, 46.979761853909018 ], [ 11.724648967845683, 46.979607775990758 ], [ 11.724667777769822, 46.979314844644996 ], [ 11.724708627030077, 46.978841398641229 ], [ 11.724673100983031, 46.978320274140323 ], [ 11.724662557800174, 46.977789555187833 ], [ 11.724891066467222, 46.977370136832178 ], [ 11.725262933305141, 46.97689330656835 ], [ 11.725666232121426, 46.976582216923177 ], [ 11.726012507083095, 46.976119493016661 ], [ 11.726166985988462, 46.97571533493231 ], [ 11.726390171340075, 46.9751430487972 ], [ 11.726552536938708, 46.974716203451898 ], [ 11.726798389598471, 46.974282868471235 ], [ 11.726905413455004, 46.973672851729141 ], [ 11.72695133469448, 46.973428770826104 ], [ 11.727145278360746, 46.973235158873067 ], [ 11.727281433900378, 46.972939429801954 ], [ 11.727708622062089, 46.972533268469476 ], [ 11.728003873604651, 46.972328240295489 ], [ 11.728371724114687, 46.972193476197205 ], [ 11.728729146112476, 46.972144454877032 ], [ 11.729136806192928, 46.972049236637403 ], [ 11.729595767991253, 46.971993290827371 ], [ 11.730078483969574, 46.97196827463798 ], [ 11.730759482870585, 46.972028519245541 ], [ 11.731341397315564, 46.972095624915049 ], [ 11.731732026007203, 46.97211779750473 ], [ 11.732280998226615, 46.972086690359539 ], [ 11.732656013216362, 46.972028237116419 ], [ 11.732948038244892, 46.971953765948406 ], [ 11.733664066798339, 46.971927661248777 ], [ 11.734271313527346, 46.971895152214152 ], [ 11.734662636304954, 46.971818303648099 ], [ 11.734989037627702, 46.971725006611251 ], [ 11.735254299581531, 46.971673668027918 ], [ 11.736165323191901, 46.971314403948021 ], [ 11.736408271031955, 46.971196099995424 ], [ 11.736691551888772, 46.971063331556202 ], [ 11.737219820504148, 46.970771710133441 ], [ 11.737537636521703, 46.970575116822147 ], [ 11.737940482496382, 46.970353989139156 ], [ 11.738282295537356, 46.970305311374808 ], [ 11.738663453879346, 46.970287189103743 ], [ 11.739339545781299, 46.970203507863303 ], [ 11.740046328834948, 46.970141586397844 ], [ 11.740795201678631, 46.970083152071226 ], [ 11.741329268379356, 46.97003435939947 ], [ 11.742186271341589, 46.969937327125898 ], [ 11.742760817142933, 46.969860559056805 ], [ 11.742962865197956, 46.96969822395954 ], [ 11.743555315149933, 46.969409534121247 ], [ 11.744013515566877, 46.969371547544071 ], [ 11.74464563732322, 46.969392383753316 ], [ 11.745305354418319, 46.969246063350795 ], [ 11.745897051904421, 46.969119370600609 ], [ 11.746654321491141, 46.968952702113562 ], [ 11.747207252382115, 46.968903429052887 ], [ 11.747789350923677, 46.969006444580252 ], [ 11.748105718781733, 46.969070842389208 ], [ 11.748720713575679, 46.969222560382704 ], [ 11.749244298260201, 46.969353972784397 ], [ 11.7499156830772, 46.969787814094879 ], [ 11.750893609068557, 46.97054276398341 ], [ 11.751487201086888, 46.971221453303301 ], [ 11.752317027013664, 46.971507477972416 ], [ 11.752851613599921, 46.971548614100641 ], [ 11.754431605032787, 46.971785073626933 ], [ 11.755356730601084, 46.97197428709142 ], [ 11.756388762332529, 46.972196915712793 ], [ 11.757013844265652, 46.972271850294732 ], [ 11.758779631093478, 46.972445275772472 ], [ 11.760623376642823, 46.97247280075171 ], [ 11.76253233690441, 46.972458223575941 ], [ 11.763609072875338, 46.972495217571584 ], [ 11.764191389828223, 46.972553146833093 ], [ 11.764507068986346, 46.972635514998679 ], [ 11.765038391390437, 46.972883661972752 ], [ 11.765362902216035, 46.973105306891497 ], [ 11.765611812905927, 46.974107236627837 ], [ 11.765916008330619, 46.975224822978745 ], [ 11.766598702537099, 46.977179211280685 ], [ 11.766819853270782, 46.977578841771418 ], [ 11.767733762461731, 46.978821169667285 ], [ 11.768282439768722, 46.979865338642774 ], [ 11.768413255665209, 46.980186155955295 ], [ 11.769196090009315, 46.981085162173137 ], [ 11.769551896173899, 46.981481528189448 ], [ 11.770586362777614, 46.982239440992728 ], [ 11.771178372510196, 46.983102556382597 ], [ 11.771640354007779, 46.983707832752359 ], [ 11.772026475118443, 46.984323944653852 ], [ 11.772977273181375, 46.985146859376052 ], [ 11.774322888506125, 46.985879198095255 ], [ 11.775465416687819, 46.986593948732263 ], [ 11.776305269417771, 46.987082045426547 ], [ 11.77695068488898, 46.987561355874192 ], [ 11.777497272606897, 46.987989064707833 ], [ 11.778569751407922, 46.988381502530729 ], [ 11.779118792135508, 46.988539158840958 ], [ 11.78041864108145, 46.98871906786156 ], [ 11.780924868323702, 46.988954251705465 ], [ 11.781110314257157, 46.989660705426004 ], [ 11.781245701377049, 46.99033687733727 ], [ 11.781317710669773, 46.990789602006622 ], [ 11.781352340074861, 46.991504220906272 ], [ 11.781821796336471, 46.992059777038058 ], [ 11.782788209907594, 46.992117272627858 ], [ 11.784426010680377, 46.991964934286706 ], [ 11.785379123893597, 46.991671750871802 ], [ 11.785898614177166, 46.991497112296365 ], [ 11.786727399667884, 46.99115294760081 ], [ 11.788001410963561, 46.990581940842091 ], [ 11.789306913604669, 46.99019014227148 ], [ 11.790896105372768, 46.989768910527538 ], [ 11.79186248375561, 46.989826330141113 ], [ 11.793351565351976, 46.990275959856241 ], [ 11.794466189240932, 46.990590724079169 ], [ 11.796148814845468, 46.990873599060144 ], [ 11.796865172491509, 46.990959584930749 ], [ 11.79830961341996, 46.990915268096238 ], [ 11.799727666063154, 46.990822081362289 ], [ 11.800379274840346, 46.990738638752845 ], [ 11.80110675171113, 46.990612837268401 ], [ 11.802163251840156, 46.990915450210316 ], [ 11.803068372853149, 46.991325256508809 ], [ 11.803703214013774, 46.991314201867439 ], [ 11.804856069120669, 46.991132954655662 ], [ 11.806543460896577, 46.99083059120084 ], [ 11.807412605598564, 46.9906787756779 ], [ 11.809003156407165, 46.9901762626642 ], [ 11.809530272866832, 46.989929332915629 ], [ 11.809781678544613, 46.98977016746688 ], [ 11.810114439722565, 46.989955484982865 ], [ 11.810447533965556, 46.990037298846943 ], [ 11.810756472257239, 46.990128704678348 ], [ 11.811148205329175, 46.990200076454826 ], [ 11.811557621390506, 46.990154018577492 ], [ 11.811933625657154, 46.990176276789946 ], [ 11.812198905700999, 46.990156257636464 ], [ 11.812617098595458, 46.990073982143734 ], [ 11.812952132012921, 46.989989249865587 ], [ 11.813261239564198, 46.989864656205825 ], [ 11.813603795340251, 46.989797736096861 ], [ 11.814211754482512, 46.98976028547186 ], [ 11.814771731831209, 46.989701513207798 ], [ 11.815330124161713, 46.989768770548146 ], [ 11.815722320850334, 46.989817616435005 ], [ 11.816147709548561, 46.989888142839128 ], [ 11.816789405294177, 46.990038838169205 ], [ 11.817089659232142, 46.990089942841337 ], [ 11.817665658281761, 46.990210752439417 ], [ 11.81811603548244, 46.990271656625666 ], [ 11.818882183937422, 46.990459772724591 ], [ 11.819257418719813, 46.990576520833699 ], [ 11.819682831400094, 46.990678531853753 ], [ 11.820241991360735, 46.990853740631593 ], [ 11.820533125514931, 46.990950058697855 ], [ 11.821148708547707, 46.991150870709596 ], [ 11.821382837182679, 46.991226093357227 ], [ 11.822159187019505, 46.991373438112269 ], [ 11.822983911989594, 46.991596080043074 ], [ 11.82354272177812, 46.991748782532099 ], [ 11.823859647234871, 46.99180395780008 ], [ 11.824442870318075, 46.991983051945731 ], [ 11.824752876639106, 46.992047395071388 ], [ 11.825335428564232, 46.992275998643848 ], [ 11.825793497960298, 46.992404179142646 ], [ 11.826277505162867, 46.992572214982609 ], [ 11.826577360959067, 46.992708800125229 ], [ 11.826777277719694, 46.99282085503016 ], [ 11.826977012770673, 46.993022909350991 ], [ 11.827162245437258, 46.993292818120757 ], [ 11.827679513906174, 46.99317204129558 ], [ 11.828046700150628, 46.993104469206912 ], [ 11.828888636735003, 46.992827169378039 ], [ 11.829588865396099, 46.992715359437568 ], [ 11.83021581347392, 46.99263235647831 ], [ 11.830548036662883, 46.992556641635971 ], [ 11.830923804850437, 46.992542845142438 ], [ 11.831148947586801, 46.992478777437825 ], [ 11.831490769355593, 46.992398322570239 ], [ 11.831983291947195, 46.992462628959238 ], [ 11.833169097959338, 46.992563765507079 ], [ 11.833779751617431, 46.99267013660959 ], [ 11.834121060844533, 46.992688681409213 ], [ 11.834731297394352, 46.992709562212937 ], [ 11.835297429653224, 46.992704534097435 ], [ 11.83560766648713, 46.99274184350886 ], [ 11.835965442987186, 46.992822971416409 ], [ 11.836249684467887, 46.99289692154521 ], [ 11.836568751771738, 46.993131999171467 ], [ 11.836986073554941, 46.993468134327522 ], [ 11.837120859853837, 46.993653782365406 ], [ 11.837314138367228, 46.994089966654819 ], [ 11.837541626448562, 46.994489304082776 ], [ 11.837675325182799, 46.994778473036064 ], [ 11.837750404027982, 46.994938602524719 ], [ 11.838036073656992, 46.995179004133874 ], [ 11.838228075857739, 46.995327233509776 ], [ 11.838588054419008, 46.995651285949776 ], [ 11.838813991561697, 46.995834670562623 ], [ 11.83912497944999, 46.996195934933553 ], [ 11.839492716312925, 46.996510792478894 ], [ 11.839534977664352, 46.996842726275716 ], [ 11.839730078096808, 46.997188865885626 ], [ 11.839837873643869, 46.997469675624089 ], [ 11.839930939233719, 46.997674354868579 ], [ 11.840065985150598, 46.997864492715657 ], [ 11.84024939411132, 46.998098427513064 ], [ 11.84043346718615, 46.998282848120979 ], [ 11.840651761161434, 46.998430420720439 ], [ 11.841144972610149, 46.998692660299383 ], [ 11.841421122178392, 46.998861293607774 ], [ 11.8417481663422, 46.999028662213689 ], [ 11.842165120657432, 46.999247793702409 ], [ 11.842725197683986, 46.99949936597654 ], [ 11.843026508801957, 46.999599873810268 ], [ 11.843602579035242, 46.999873543221135 ], [ 11.844163496822004, 47.000125087571227 ], [ 11.844748846432823, 47.00054251300697 ], [ 11.845132422214258, 47.000411481976499 ], [ 11.845749909186624, 47.000180137102753 ], [ 11.846108616153924, 47.000184714235459 ], [ 11.846825858976452, 47.000144371967146 ], [ 11.847577010182594, 47.000107681065849 ], [ 11.848277970471086, 47.00008573396628 ], [ 11.848460488351449, 47.000085690042901 ], [ 11.848844575244589, 47.00013462439501 ], [ 11.849387712564349, 47.000175096907384 ], [ 11.84970632199186, 47.000198660365463 ], [ 11.850047172345235, 47.000176671278297 ], [ 11.850322924783836, 47.000151803118186 ], [ 11.850831609831511, 47.000116631005092 ], [ 11.85136619975224, 47.000058312228951 ], [ 11.851941602680794, 46.999994473892656 ], [ 11.852225620483175, 47.000140386234492 ], [ 11.852727701488163, 47.000397855116297 ], [ 11.853012139824466, 47.000597752219143 ], [ 11.853104537872781, 47.000680943786101 ], [ 11.853391741545332, 47.001164256254036 ], [ 11.853722263469381, 47.001565491797685 ], [ 11.854217936060163, 47.00216509617912 ], [ 11.854548231034741, 47.002561835216135 ], [ 11.854919177422969, 47.003011556165241 ], [ 11.85522580167339, 47.003210894182565 ], [ 11.85548264634083, 47.003370975829064 ], [ 11.855995692357004, 47.003740650869759 ], [ 11.85649505612872, 47.004038668952454 ], [ 11.857008907051934, 47.004376821003724 ], [ 11.857513653614605, 47.004760195774907 ], [ 11.857744693894091, 47.005006412325464 ], [ 11.858247533200457, 47.005754312437631 ], [ 11.85856872623644, 47.006241262492338 ], [ 11.858848299042236, 47.006657255326516 ], [ 11.859212463934613, 47.007071133630561 ], [ 11.859526163585857, 47.007463773172354 ], [ 11.859805896112418, 47.007897758704516 ], [ 11.860079239041212, 47.008088916021819 ], [ 11.860320045536715, 47.008240388182706 ], [ 11.860593486331897, 47.008418042535126 ], [ 11.861300504616608, 47.008661350505527 ], [ 11.861899130596218, 47.008907365313249 ], [ 11.862647048198561, 47.009100144577864 ], [ 11.863171950522288, 47.009213004282337 ], [ 11.86348649236459, 47.009313127249754 ], [ 11.864176789253746, 47.009489339485299 ], [ 11.864816620613515, 47.009828802626359 ], [ 11.865373376076253, 47.010152343614678 ], [ 11.865811882174331, 47.010478843694315 ], [ 11.866383474356049, 47.010833506512334 ], [ 11.866881361609982, 47.011163014658656 ], [ 11.86727020056024, 47.011360260446878 ], [ 11.86762827412657, 47.011535777154123 ], [ 11.867969265609775, 47.011653223983096 ], [ 11.868294740714177, 47.011757559474276 ], [ 11.86875167220013, 47.011890096567342 ], [ 11.869041997160958, 47.011936814290159 ], [ 11.869608198989253, 47.012021610352605 ], [ 11.869891735419253, 47.011911004429784 ], [ 11.870211031747814, 47.011700505952824 ], [ 11.870838688064049, 47.01142827291477 ], [ 11.871380915089356, 47.011234676302429 ], [ 11.872050135369363, 47.011001891377227 ], [ 11.872708830301017, 47.010710869811724 ], [ 11.873486163422125, 47.010362867837983 ], [ 11.873954692232479, 47.010328601548409 ], [ 11.874444955551844, 47.010469278207125 ], [ 11.87505983902301, 47.010633820044511 ], [ 11.875666901669142, 47.010974046028664 ], [ 11.876213835150518, 47.01134277890921 ], [ 11.876501059516965, 47.011745037161965 ], [ 11.876666944011543, 47.012199842834015 ], [ 11.876846067668453, 47.012717312094757 ], [ 11.876950992180964, 47.013200648605078 ], [ 11.877078914173213, 47.013683406726415 ], [ 11.877319310942509, 47.014131837976848 ], [ 11.877548594111408, 47.014603047028217 ], [ 11.877787534456504, 47.014871523311882 ], [ 11.877977930297257, 47.015078223428155 ], [ 11.878201179130636, 47.015284096824907 ], [ 11.878424622258729, 47.015462966311219 ], [ 11.87874039612316, 47.015630512886752 ], [ 11.879006066399018, 47.015799319293947 ], [ 11.879289465873766, 47.015900182480607 ], [ 11.879587265823297, 47.016054679726921 ], [ 11.880078983637295, 47.016190795954437 ], [ 11.880394463353035, 47.016245851265765 ], [ 11.880735741577309, 47.016291256657759 ], [ 11.881094274237096, 47.01633622656778 ], [ 11.881770198493319, 47.016319204841835 ], [ 11.88249391087556, 47.016318974298258 ], [ 11.883928331583631, 47.016260330271393 ], [ 11.884661655893703, 47.016255343960957 ], [ 11.885387440427397, 47.016232544014152 ], [ 11.886138536303113, 47.016191101937004 ], [ 11.886820420230302, 47.016223397422308 ], [ 11.888162182920274, 47.016261533043476 ], [ 11.888904016382725, 47.01629230284879 ], [ 11.889636667051226, 47.016305300680976 ], [ 11.890395841961062, 47.016322123547617 ], [ 11.891429086575995, 47.016327516079208 ], [ 11.891836475976747, 47.016393716505526 ], [ 11.892243667616359, 47.016486919086773 ], [ 11.892602497015963, 47.016689337283886 ], [ 11.892949262156945, 47.016973055203543 ], [ 11.893121059377396, 47.017427687691509 ], [ 11.893376192902943, 47.017902711415267 ], [ 11.893663601989289, 47.018502911788616 ], [ 11.89393612672826, 47.018918997439741 ], [ 11.894240568614103, 47.019392772062524 ], [ 11.894538800817932, 47.019812705755811 ], [ 11.894868807420231, 47.020272332662152 ], [ 11.895183424371782, 47.020538858072619 ], [ 11.895514516698183, 47.020638474350612 ], [ 11.896223554429383, 47.020791520434734 ], [ 11.896804827187916, 47.021015293341769 ], [ 11.897045916724663, 47.021108184242223 ], [ 11.897152105098804, 47.021352982723101 ], [ 11.897776037650617, 47.021665665867651 ], [ 11.898415187920632, 47.021955461303392 ], [ 11.899031284971283, 47.022214338904284 ], [ 11.899712283647332, 47.022471568441254 ], [ 11.900327564751981, 47.022730459752893 ], [ 11.900669001953224, 47.022883796115046 ], [ 11.900958589866375, 47.023051945326181 ], [ 11.90128208583452, 47.023268731458842 ], [ 11.901631313916548, 47.023565859923998 ], [ 11.902044658096944, 47.023937857196309 ], [ 11.902500965073212, 47.024313262918817 ], [ 11.903014386381278, 47.024664718942702 ], [ 11.903413701480455, 47.02488407516676 ], [ 11.903728940024145, 47.025069565558397 ], [ 11.904403218390801, 47.025232442695014 ], [ 11.905127060970004, 47.025353559556521 ], [ 11.9058594133387, 47.02555545151602 ], [ 11.906233239792847, 47.0256989492066 ], [ 11.907198329389759, 47.026187405787191 ], [ 11.907728991620317, 47.026461906621982 ], [ 11.908218068459322, 47.026818457760804 ], [ 11.908657009097263, 47.027221278970003 ], [ 11.909163233834716, 47.027635887117846 ], [ 11.909743438573393, 47.027958616425153 ], [ 11.910101025585497, 47.028120513536557 ], [ 11.910409679231426, 47.028229657012226 ], [ 11.91070117136422, 47.028325736920841 ], [ 11.911084342755723, 47.028428483181251 ], [ 11.911374519990616, 47.028515595298401 ], [ 11.911773295259366, 47.028617942224912 ], [ 11.912223598138359, 47.028669478885625 ], [ 11.91307369466414, 47.028751333988644 ], [ 11.913807342728953, 47.028764151988632 ], [ 11.914148376471219, 47.028863461279123 ], [ 11.914447406464411, 47.029022336408758 ], [ 11.914678964658735, 47.029286424123171 ], [ 11.914818274614932, 47.029548361597683 ], [ 11.914940603051518, 47.029981722622587 ], [ 11.915054361983719, 47.030514296666738 ], [ 11.915191713289383, 47.031208261053983 ], [ 11.915154992033687, 47.031681671967682 ], [ 11.915276451876105, 47.03229504526243 ], [ 11.91536680685955, 47.032549229742294 ], [ 11.915806095784315, 47.032745025473758 ], [ 11.916097283817093, 47.032850098951855 ], [ 11.916837382212183, 47.033146218475046 ], [ 11.917412320953957, 47.033325050725892 ], [ 11.918135544414024, 47.033477599645742 ], [ 11.919568570883602, 47.033702030441425 ], [ 11.920291462909756, 47.033908571384245 ], [ 11.920940775842572, 47.034062988903408 ], [ 11.921724567349715, 47.034209469217515 ], [ 11.922482841846382, 47.034280099884619 ], [ 11.923189430083099, 47.034383544340628 ], [ 11.923873017490342, 47.03448757218267 ], [ 11.924772484773685, 47.034703071934416 ], [ 11.925454435549316, 47.03485212983017 ], [ 11.926137114329775, 47.035014664346789 ], [ 11.92683492235386, 47.03521280593386 ], [ 11.927468150068233, 47.035448593686397 ], [ 11.928100468992655, 47.03578789582523 ], [ 11.928657621758923, 47.036061621885366 ], [ 11.929296132611372, 47.036288264785981 ], [ 11.929929463546413, 47.036555534665936 ], [ 11.93051900825813, 47.036864420375132 ], [ 11.93169787161178, 47.037477688724493 ], [ 11.932116303239967, 47.037606459850856 ], [ 11.932365648002346, 47.037667566564636 ], [ 11.932822868708882, 47.03776834244168 ], [ 11.93312291414801, 47.037778650533561 ], [ 11.933765064056923, 47.037771187382731 ], [ 11.934533004625385, 47.037701997646153 ], [ 11.935266934545172, 47.03759767707416 ], [ 11.935942685267474, 47.037467845988509 ], [ 11.936627388586908, 47.037351280430755 ], [ 11.937345614462629, 47.037305846495173 ], [ 11.938245648569401, 47.037260239318137 ], [ 11.938946119721059, 47.03716125400711 ], [ 11.939790692825738, 47.037004564923372 ], [ 11.940398462893395, 47.036745960667595 ], [ 11.941251881963295, 47.036526036638058 ], [ 11.941869745189056, 47.036271664818642 ], [ 11.942697426922075, 47.036002894178012 ], [ 11.943281993368213, 47.035726872126418 ], [ 11.943851266983867, 47.035352245544537 ], [ 11.944478785233761, 47.035034614280299 ], [ 11.944948046947875, 47.0346220578257 ], [ 11.945375660862386, 47.034260068977055 ], [ 11.9458600538045, 47.033973112818281 ], [ 11.946271567189662, 47.033692530978435 ], [ 11.946747621393719, 47.033612775279927 ], [ 11.947096687930303, 47.033617284354222 ], [ 11.947381271077308, 47.033645952281752 ], [ 11.947812784987571, 47.033832826069997 ], [ 11.948136531853866, 47.034049473618076 ], [ 11.948552304396218, 47.03435374431082 ], [ 11.948884141876214, 47.034687175355586 ], [ 11.949148982271753, 47.034909837949783 ], [ 11.949472122804183, 47.03527948962877 ], [ 11.949584788549316, 47.035636567172538 ], [ 11.949673183007956, 47.036165261638295 ], [ 11.949696414470353, 47.036646138380355 ], [ 11.949919310774064, 47.036928377489474 ], [ 11.950077355370134, 47.037108793464448 ], [ 11.950482950290272, 47.03757081154685 ], [ 11.950840127393645, 47.037930582100508 ], [ 11.951121009255898, 47.038368815451122 ], [ 11.951453340986204, 47.038621230366623 ], [ 11.951702754575683, 47.0387722886123 ], [ 11.952228430926775, 47.039069210966709 ], [ 11.952482539799281, 47.039260644314282 ], [ 11.952643638459538, 47.0394364781611 ], [ 11.952807467505354, 47.039661738803197 ], [ 11.953096889802552, 47.040000751923515 ], [ 11.95332105941791, 47.040305450374795 ], [ 11.953620949097521, 47.040729687638425 ], [ 11.953825217331312, 47.04097190201972 ], [ 11.954046912995056, 47.04123166519507 ], [ 11.954404978626206, 47.041636399365196 ], [ 11.95456092426206, 47.041852861486163 ], [ 11.95482531893588, 47.042215015307811 ], [ 11.955047521476235, 47.042483762985093 ], [ 11.955221172188923, 47.04276726350448 ], [ 11.95614726519443, 47.043161820044844 ], [ 11.956440559951453, 47.043257737046012 ], [ 11.956674586950209, 47.043278688687167 ], [ 11.956991498966266, 47.043265999521864 ], [ 11.957615918500826, 47.043159865770697 ], [ 11.957831123814648, 47.043019309801295 ], [ 11.958309697106911, 47.042745950972567 ], [ 11.958963502960696, 47.04242756080226 ], [ 11.959136389407512, 47.042265597836526 ], [ 11.959606606363593, 47.041915953487376 ], [ 11.959811457496574, 47.041766662002502 ], [ 11.960263423007692, 47.041399487924274 ], [ 11.96072724870373, 47.04111300104055 ], [ 11.961038458504026, 47.040893458594894 ], [ 11.961401292056403, 47.040596083059832 ], [ 11.961734270950569, 47.040546966654105 ], [ 11.962334927409897, 47.040472920434453 ], [ 11.96268425546042, 47.04043687730023 ], [ 11.963367568141415, 47.040369684970337 ], [ 11.963918793753905, 47.040368906972262 ], [ 11.96443750445593, 47.040404966908632 ], [ 11.964972217242634, 47.040418110964829 ], [ 11.965341227403227, 47.04044004674774 ], [ 11.966001505536147, 47.040476930426422 ], [ 11.966334432790179, 47.040486299003895 ], [ 11.966993714634253, 47.040505203680993 ], [ 11.967571152150526, 47.04051722770167 ], [ 11.968440905309905, 47.040607161351012 ], [ 11.968788618808837, 47.040868126591491 ], [ 11.96912186958526, 47.041223961346461 ], [ 11.969292242365553, 47.041417530324985 ], [ 11.96957458316248, 47.041819682629395 ], [ 11.969868309634489, 47.042293535104861 ], [ 11.970167737321967, 47.042677243332612 ], [ 11.970432989234411, 47.043052838441568 ], [ 11.970725103239319, 47.043423235742004 ], [ 11.970880579225858, 47.043689185489399 ], [ 11.971138124217561, 47.044073978598263 ], [ 11.97142128310864, 47.0444311073161 ], [ 11.971695505810265, 47.044819965829035 ], [ 11.972021215540497, 47.045261483644708 ], [ 11.972279631438608, 47.045691249269659 ], [ 11.972510191282383, 47.045901249067391 ], [ 11.972790621049439, 47.046208947764988 ], [ 11.973113532460788, 47.046511042184171 ], [ 11.973624391311334, 47.046952244206899 ], [ 11.974130665810566, 47.047281068783711 ], [ 11.974545294911533, 47.047589774710922 ], [ 11.974773949899021, 47.047750321964543 ], [ 11.975255967345044, 47.048057273338586 ], [ 11.975729893620414, 47.048395931517604 ], [ 11.976162226004082, 47.048726670059359 ], [ 11.97650064027842, 47.048951855557917 ], [ 11.976711720010426, 47.049018360902636 ], [ 11.977234142864805, 47.049252256446323 ], [ 11.977502885679595, 47.049393756095853 ], [ 11.977991694962702, 47.049615023549833 ], [ 11.978320435375839, 47.049754959767426 ], [ 11.978914626200446, 47.049829487539341 ], [ 11.97994302673664, 47.049883705333755 ], [ 11.980302135197674, 47.049874352467988 ], [ 11.980567658305789, 47.049795439902432 ], [ 11.980875082791831, 47.049715435139333 ], [ 11.981175117246803, 47.049635622084359 ], [ 11.981532171159136, 47.049545322945413 ], [ 11.981962199591944, 47.049273129969983 ], [ 11.982513380630612, 47.048871783805573 ], [ 11.982834040073401, 47.048615937540127 ], [ 11.983107434971403, 47.048442318544794 ], [ 11.983312480162335, 47.048297479618931 ], [ 11.983484306090336, 47.048117508288357 ], [ 11.98391300960664, 47.047777845758525 ], [ 11.984135173984269, 47.047659557545629 ], [ 11.984550507017092, 47.047522731195265 ], [ 11.985056287474961, 47.047370044435709 ], [ 11.985282286783384, 47.047305651240045 ], [ 11.985723282059308, 47.047289645030688 ], [ 11.986432249711049, 47.047194646899825 ], [ 11.986707084861393, 47.047164974457992 ], [ 11.987033670080345, 47.047192447509083 ], [ 11.987310301544804, 47.047239222928347 ], [ 11.987787868246352, 47.047303249925314 ], [ 11.988289888932247, 47.047407134276348 ], [ 11.988769372018114, 47.047579101779924 ], [ 11.989198428111823, 47.047761384212706 ], [ 11.989746282251907, 47.048008057675858 ], [ 11.990032950970839, 47.048131060467242 ], [ 11.990496759743591, 47.048375426774292 ], [ 11.990715861161084, 47.048482194643 ], [ 11.991195258007796, 47.048622655815173 ], [ 11.991715803923592, 47.048748539763025 ], [ 11.992184577322277, 47.048875775226968 ], [ 11.992941012149089, 47.04904048255775 ], [ 11.993267403869787, 47.049108440890976 ], [ 11.993929798703133, 47.049239603501363 ], [ 11.994676012542003, 47.049368568588129 ], [ 11.995112711337503, 47.049451633747381 ], [ 11.995906411852342, 47.049502851568 ], [ 11.996507398631678, 47.049536611968861 ], [ 11.996859720921634, 47.049567882756939 ], [ 11.997135065061016, 47.049547171483972 ], [ 11.997526721672674, 47.049487414329334 ], [ 11.998198551282357, 47.049258322767081 ], [ 11.998879973555708, 47.04908297316387 ], [ 11.999353301362396, 47.048953572486553 ], [ 11.999909685000233, 47.048808492971311 ], [ 12.000260318859441, 47.048736302597135 ], [ 12.000560438493125, 47.048687934723816 ], [ 12.000901512987653, 47.048665490636594 ], [ 12.001452944521828, 47.048637527737682 ], [ 12.002812682704263, 47.04858385251265 ], [ 12.003489387412046, 47.048588590355926 ], [ 12.003813830721056, 47.048548574999451 ], [ 12.004524922015715, 47.048520905510138 ], [ 12.005550731230322, 47.048484965199165 ], [ 12.006502572320885, 47.048450959263484 ], [ 12.006786065925882, 47.048443509904025 ], [ 12.007135536063581, 47.048380328527116 ], [ 12.00740872061788, 47.048292152477266 ], [ 12.008040739472376, 47.048131545900105 ], [ 12.008581849887868, 47.048022823800629 ], [ 12.009021713120454, 47.047898762625032 ], [ 12.009851543611827, 47.047656447479433 ], [ 12.010192673178361, 47.04756197762871 ], [ 12.010476526182876, 47.047532010718882 ], [ 12.01085045507318, 47.047508672458633 ], [ 12.011443076004936, 47.047452578707123 ], [ 12.012169189917007, 47.047428965965459 ], [ 12.012561515908599, 47.047396138217145 ], [ 12.013452266845048, 47.047300685720934 ], [ 12.013786622008826, 47.047246881579973 ], [ 12.014051448958616, 47.047185908416978 ], [ 12.014369184045263, 47.047114541229774 ], [ 12.01499110775922, 47.04693616286437 ], [ 12.015515440706281, 47.046778352261221 ], [ 12.016299244994142, 47.046771191936777 ], [ 12.016916125184979, 47.046736929150192 ], [ 12.017577252796549, 47.046728494823959 ], [ 12.017909967081842, 47.046733219077502 ], [ 12.018562195039157, 47.046756512289072 ], [ 12.019330646264731, 47.046754235983485 ], [ 12.020100419927147, 47.046760919176023 ], [ 12.020535929749451, 47.046866417553169 ], [ 12.021188562157409, 47.046984180627874 ], [ 12.021509349236013, 47.047083704862331 ], [ 12.021752405628206, 47.047176281469362 ], [ 12.02199678593432, 47.047277822168631 ], [ 12.022571223177316, 47.0476136323703 ], [ 12.023591709870328, 47.048095146070423 ], [ 12.023918910346952, 47.048234992170137 ], [ 12.024164180295955, 47.048323005377426 ], [ 12.024515898117263, 47.048430703257708 ], [ 12.025113907219781, 47.048644383381934 ], [ 12.025663929688086, 47.048998822733594 ], [ 12.026560014926208, 47.049506098494852 ], [ 12.026830200423017, 47.049597946735354 ], [ 12.027474372539997, 47.049652900805675 ], [ 12.028228457244989, 47.04981743705207 ], [ 12.030052905878915, 47.049962627705632 ], [ 12.030387256673015, 47.050039268959168 ], [ 12.030673566445424, 47.050139680662539 ], [ 12.030860685892021, 47.050319215532276 ], [ 12.031168413688965, 47.050666546992574 ], [ 12.031500911705056, 47.050986222625482 ], [ 12.031739965648152, 47.051254375821962 ], [ 12.03182234619074, 47.051589677062438 ], [ 12.031955115197874, 47.051928142819051 ], [ 12.032072014051217, 47.052393023003134 ], [ 12.032076094889462, 47.05259540528084 ], [ 12.032186308420119, 47.053087461194643 ], [ 12.032235429035852, 47.053387645179662 ], [ 12.03229076859412, 47.053710163257044 ], [ 12.032280163000696, 47.054016429788057 ], [ 12.032554796458861, 47.054360134702684 ], [ 12.032821243256249, 47.054762553166469 ], [ 12.032994296206185, 47.054969456076556 ], [ 12.033234757511543, 47.055363562796252 ], [ 12.033535475020035, 47.055760571295181 ], [ 12.034130123266729, 47.056608763295479 ], [ 12.034462912018103, 47.057004918899068 ], [ 12.034642460827859, 47.057166649180196 ], [ 12.034906449321406, 47.05751063073518 ], [ 12.035171818914787, 47.057719581493032 ], [ 12.035357529718464, 47.057917145477404 ], [ 12.035855026028674, 47.058097437694428 ], [ 12.036502784549914, 47.058372735501621 ], [ 12.037034887329195, 47.058597102066763 ], [ 12.037304258841679, 47.058702446614092 ], [ 12.037912072745454, 47.058969797202714 ], [ 12.039067253817304, 47.059555591840216 ], [ 12.039346275576342, 47.059714672700323 ], [ 12.040086387007996, 47.05992000032127 ], [ 12.040429433860332, 47.060032379592606 ], [ 12.040944681890831, 47.060234676952092 ], [ 12.041441085605335, 47.060423973539514 ], [ 12.041945100917218, 47.06055906819703 ], [ 12.042588212688374, 47.060982948081239 ], [ 12.04307988433224, 47.061262359111801 ], [ 12.043421930179925, 47.061284760343725 ], [ 12.044132638944058, 47.061319852040043 ], [ 12.044409131337618, 47.061361993449253 ], [ 12.044900992924788, 47.061254410041947 ], [ 12.045974059572428, 47.061090855952251 ], [ 12.046624993983325, 47.06100152932288 ], [ 12.046958308048243, 47.061015152886036 ], [ 12.047636232842038, 47.061024097062436 ], [ 12.048262899502127, 47.061043402345682 ], [ 12.048816971353094, 47.061204131933522 ], [ 12.049521606041397, 47.06139234472262 ], [ 12.050077841752971, 47.061562010118315 ], [ 12.050339698794785, 47.06170802242525 ], [ 12.050954980856863, 47.061556624542312 ], [ 12.051653621892152, 47.061380501221109 ], [ 12.052749183290636, 47.061063290678213 ], [ 12.053533340696461, 47.061015368082934 ], [ 12.053825350784624, 47.061012074718519 ], [ 12.054450791543363, 47.060995380468825 ], [ 12.055104014826831, 47.061018439093189 ], [ 12.055748550430824, 47.061019227051574 ], [ 12.056147972977303, 47.06100855934384 ], [ 12.056379372276394, 47.060880884214967 ], [ 12.056926466237378, 47.06064577944322 ], [ 12.057181746318314, 47.060503965289072 ], [ 12.057720144046655, 47.060246590078279 ], [ 12.058007354565607, 47.059986926209127 ], [ 12.058678600684317, 47.059361512782111 ], [ 12.058892722286904, 47.059162297691245 ], [ 12.059336525286428, 47.058848946283092 ], [ 12.059559532224872, 47.058689990465879 ], [ 12.060032499039197, 47.058713340873084 ], [ 12.060398673019037, 47.058726046380393 ], [ 12.060777226158036, 47.05879691686647 ], [ 12.061614787791941, 47.058963500074242 ], [ 12.062025457685882, 47.059020007685 ], [ 12.062636026263501, 47.059089162574224 ], [ 12.063012322442969, 47.059106088569806 ], [ 12.063631222459779, 47.059148016359011 ], [ 12.064116717206517, 47.05918901360689 ], [ 12.064518755070891, 47.059209745084914 ], [ 12.065436681947638, 47.05919865594003 ], [ 12.065672657033691, 47.059237331611882 ], [ 12.066258180845322, 47.059343136534999 ], [ 12.066584502856887, 47.059392888534894 ], [ 12.067212303760281, 47.059475056530388 ], [ 12.067849925408538, 47.059642453848028 ], [ 12.068503742617326, 47.059804913494382 ], [ 12.069106203860777, 47.059847252510785 ], [ 12.069792668829551, 47.059918833195802 ], [ 12.070085444299425, 47.059928977086216 ], [ 12.070393935796208, 47.0599116997316 ], [ 12.070753950620174, 47.05988853900034 ], [ 12.07120414841598, 47.059844957344566 ], [ 12.07148850063837, 47.059837324551694 ], [ 12.071812394329859, 47.059801630725659 ], [ 12.07231561015605, 47.059792619664833 ], [ 12.072706282365269, 47.05977312937631 ], [ 12.073350281416618, 47.059764832779159 ], [ 12.073701816819742, 47.059737390712073 ], [ 12.074192179873036, 47.059562224209564 ], [ 12.074722396305347, 47.05926449014833 ], [ 12.075064342554706, 47.059156305223432 ], [ 12.075429802140144, 47.059056486859085 ], [ 12.07592776200454, 47.05889910784262 ], [ 12.076338034536725, 47.058834080218908 ], [ 12.076580513585439, 47.058814061152631 ], [ 12.076921776617684, 47.058822883729242 ], [ 12.07713029595249, 47.05879927692505 ], [ 12.077222599303004, 47.059287272394165 ], [ 12.077365977678625, 47.059575903040027 ], [ 12.077440751024216, 47.059902377101835 ], [ 12.077569569926521, 47.060366891128396 ], [ 12.077644838560262, 47.060630354565156 ], [ 12.077788894955697, 47.061044960703313 ], [ 12.07807451832044, 47.06147375754756 ], [ 12.078217467620354, 47.061811896378536 ], [ 12.078368986798864, 47.062127305480971 ], [ 12.078369556868383, 47.062365779302887 ], [ 12.07835322434971, 47.06282519782858 ], [ 12.078422883519083, 47.063048313459149 ], [ 12.078491145299932, 47.063275966434858 ], [ 12.078574512179129, 47.063494213362375 ], [ 12.078642893037868, 47.063852357080684 ], [ 12.078701554318988, 47.064170264118687 ], [ 12.078760525803748, 47.064393667088552 ], [ 12.07894568045824, 47.064564176899609 ], [ 12.079131484605142, 47.064788666464189 ], [ 12.079441161725944, 47.065162814970108 ], [ 12.079558886701173, 47.065348637901401 ], [ 12.079676056192856, 47.065538975454963 ], [ 12.079794159731147, 47.065774285684874 ], [ 12.079945610884657, 47.066116693207476 ], [ 12.08006381004185, 47.066410497894061 ], [ 12.080114231876028, 47.066571133166768 ], [ 12.080140335294981, 47.066795420159707 ], [ 12.080424864589931, 47.067075747269641 ], [ 12.080719548722826, 47.067432296746105 ], [ 12.080928733322226, 47.067633654899886 ], [ 12.081246659738325, 47.068007576361587 ], [ 12.081482024326695, 47.068248726640597 ], [ 12.0818763049644, 47.068647588794555 ], [ 12.08214394666623, 47.068905867516108 ], [ 12.082370397165755, 47.069106757946493 ], [ 12.082612991846588, 47.069316212579714 ], [ 12.08283124437243, 47.069431826895531 ], [ 12.083099367368119, 47.069627093318587 ], [ 12.08330800475866, 47.069747465599079 ], [ 12.083574143834019, 47.069879787274019 ], [ 12.084127419043497, 47.070008869035924 ], [ 12.084587375315962, 47.070104465507981 ], [ 12.085054638788503, 47.070141365806464 ], [ 12.085514252075571, 47.070173970698136 ], [ 12.086132377410953, 47.070242796687822 ], [ 12.086440575092551, 47.070247983105347 ], [ 12.086825866341364, 47.070305086444321 ], [ 12.08708514281423, 47.070361088617091 ], [ 12.087537185665258, 47.070533383230632 ], [ 12.087755584224913, 47.070864974325637 ], [ 12.087898273853044, 47.071140110857975 ], [ 12.088000177881424, 47.071492844411537 ], [ 12.088142607147898, 47.071677991792157 ], [ 12.088360437581855, 47.071843104703696 ], [ 12.088588097388461, 47.072021451258209 ], [ 12.08880429975726, 47.072186607272421 ], [ 12.089081107906607, 47.072332127539511 ], [ 12.089416672801503, 47.072525558440844 ], [ 12.090068503339172, 47.072777944698913 ], [ 12.090521011913964, 47.072986213329301 ], [ 12.090719947292069, 47.073066336039254 ], [ 12.091063734341525, 47.073174043959867 ], [ 12.091356641302736, 47.073256126729014 ], [ 12.091624108327089, 47.073325396742923 ], [ 12.092126055369413, 47.073590820547381 ], [ 12.092210536229926, 47.073827026570832 ], [ 12.092245491888827, 47.074217563906217 ], [ 12.092245772935241, 47.074393048234938 ], [ 12.092214660546247, 47.074708874528277 ], [ 12.092165157333762, 47.074948701321041 ], [ 12.092191206562013, 47.075384477229548 ], [ 12.092242596823963, 47.075603578259567 ], [ 12.092378604671502, 47.075833891813978 ], [ 12.092612351291475, 47.076003066284798 ], [ 12.093022209850574, 47.076284474459449 ], [ 12.093708560537335, 47.076648401726736 ], [ 12.094226655351166, 47.076751387232001 ], [ 12.09477175755335, 47.07689413806726 ], [ 12.095147465904692, 47.076969471850333 ], [ 12.095815802323477, 47.077135882927898 ], [ 12.096200502787605, 47.077224469345197 ], [ 12.096811219156645, 47.07741943250619 ], [ 12.097170364643899, 47.077535706052281 ], [ 12.097605871992176, 47.077591413969706 ], [ 12.098223835332121, 47.077655679424637 ], [ 12.098575265009973, 47.077695661006175 ], [ 12.099277865024694, 47.077771128162112 ], [ 12.100238260524941, 47.077862105433248 ], [ 12.101132631374917, 47.077950364284057 ], [ 12.101817706285226, 47.078021791015324 ], [ 12.102152483488986, 47.078044213850738 ], [ 12.10282030810963, 47.078017106782369 ], [ 12.103321823456547, 47.077990006681247 ], [ 12.103772662402326, 47.077955279415917 ], [ 12.104139250662728, 47.077774342781801 ], [ 12.105173514069312, 47.077422294716264 ], [ 12.105507810354352, 47.077323226288996 ], [ 12.105824714348932, 47.077265127124143 ], [ 12.106192292964522, 47.077214651034076 ], [ 12.106592045266183, 47.077122802080908 ], [ 12.107544373666949, 47.076961948373999 ], [ 12.108047071998769, 47.076898796978398 ], [ 12.108689475155332, 47.076845347265902 ], [ 12.109064632910592, 47.076727159043848 ], [ 12.109606516161001, 47.076559440705267 ], [ 12.110556345554718, 47.076200638631171 ], [ 12.111375286573102, 47.075912884772322 ], [ 12.111866625778809, 47.075683532852032 ], [ 12.112184530290937, 47.075557891783397 ], [ 12.112750674250224, 47.075326501368025 ], [ 12.113344078672236, 47.075040368795875 ], [ 12.11405209453873, 47.074827610530377 ], [ 12.114469852684346, 47.074649747630417 ], [ 12.115086303605183, 47.074448474807177 ], [ 12.115361667803905, 47.07434198216243 ], [ 12.115969600328173, 47.07414993607091 ], [ 12.116687819310334, 47.07390088509996 ], [ 12.11769742370322, 47.073594392574357 ], [ 12.118331380470435, 47.073397124928135 ], [ 12.118647500097858, 47.073312012588367 ], [ 12.119000213253944, 47.07327539968837 ], [ 12.119317253878858, 47.073361252851626 ], [ 12.11992728539289, 47.073515613109883 ], [ 12.120146889957217, 47.073779613015624 ], [ 12.120767195595224, 47.074208176552943 ], [ 12.12103340498726, 47.074353908780793 ], [ 12.121276971403496, 47.074464259654967 ], [ 12.12158706019682, 47.07459979400295 ], [ 12.122054234896257, 47.07480303824898 ], [ 12.122490352674603, 47.074939631096477 ], [ 12.122841117864095, 47.075024554185688 ], [ 12.123377229072366, 47.075279909189632 ], [ 12.123838143077725, 47.075474317464604 ], [ 12.124381352241423, 47.075738473596111 ], [ 12.124641412296173, 47.075834867542632 ], [ 12.125252694731611, 47.076052162541352 ], [ 12.125771098369635, 47.076271991596151 ], [ 12.126516389017652, 47.076598113978314 ], [ 12.126992292801901, 47.076724602951749 ], [ 12.127578209045325, 47.076902080556899 ], [ 12.127871162161153, 47.07699756807682 ], [ 12.12833200283152, 47.077232458517805 ], [ 12.128833005424633, 47.077520246521175 ], [ 12.129570008679048, 47.077662083774207 ], [ 12.130163739657519, 47.077789836592068 ], [ 12.130481253315839, 47.077812648704494 ], [ 12.130807276432259, 47.077826227492722 ], [ 12.131141358579606, 47.077794586785387 ], [ 12.13178453324513, 47.077754485437097 ], [ 12.132410939298026, 47.077737338542455 ], [ 12.133061666694948, 47.077629526175564 ], [ 12.133578567326571, 47.077570373245479 ], [ 12.133790321381612, 47.077713067390697 ], [ 12.134208508195796, 47.077922103603235 ], [ 12.134443183686118, 47.078104666913944 ], [ 12.134811616978558, 47.078391560528871 ], [ 12.135021590994652, 47.078714293319372 ], [ 12.135408749119177, 47.079320158025325 ], [ 12.135577768021385, 47.0797025094842 ], [ 12.135855220152765, 47.080122387223049 ], [ 12.13608940727705, 47.080282461526984 ], [ 12.136299798649656, 47.080429688188588 ], [ 12.136559361143767, 47.080517069139347 ], [ 12.136985649680954, 47.08055488062238 ], [ 12.1373121947037, 47.080590925614715 ], [ 12.137869082679885, 47.080427161478063 ], [ 12.138445697260213, 47.080262853533611 ], [ 12.139072161578911, 47.080106174685568 ], [ 12.1393715423647, 47.080030463909658 ], [ 12.139921143547577, 47.079812891983387 ], [ 12.140331038992112, 47.07969814746415 ], [ 12.14077416278427, 47.079798480014063 ], [ 12.141443138365476, 47.079874611061875 ], [ 12.141919242302507, 47.079933535454757 ], [ 12.142521061436884, 47.080016004054414 ], [ 12.142855482799961, 47.080087815325172 ], [ 12.143524980231552, 47.080172919478365 ], [ 12.144209290276137, 47.080257612674465 ], [ 12.144844468272575, 47.080249156253153 ], [ 12.145480140571403, 47.080263181740733 ], [ 12.146097322593457, 47.080214714810779 ], [ 12.14643225819678, 47.080169506522672 ], [ 12.147074971265498, 47.080093333385499 ], [ 12.147875950957504, 47.0799363058686 ], [ 12.149026918258535, 47.079738142394234 ], [ 12.149620351541799, 47.079636312296074 ], [ 12.149945788058059, 47.079541857268481 ], [ 12.150573287625132, 47.079389586474718 ], [ 12.151355874755193, 47.079242040519382 ], [ 12.152025299800421, 47.079367595137256 ], [ 12.152336168685165, 47.079570521956079 ], [ 12.152579165379967, 47.07973931954335 ], [ 12.152788737015356, 47.079900038013953 ], [ 12.153041070933661, 47.080059577722686 ], [ 12.153416789455372, 47.080175218189609 ], [ 12.153635007531351, 47.080259200071474 ], [ 12.154187294378406, 47.080464467305745 ], [ 12.154755924122551, 47.080723278985921 ], [ 12.155325490276649, 47.080928064318478 ], [ 12.155676310334536, 47.081026384758644 ], [ 12.155911009062089, 47.081096408350199 ], [ 12.156211823697889, 47.081128609242228 ], [ 12.156889604215639, 47.081199907260498 ], [ 12.157474415155759, 47.081314265119374 ], [ 12.158143762418204, 47.081354289761023 ], [ 12.158844881518377, 47.081402432968837 ], [ 12.159496676234347, 47.08145193388799 ], [ 12.159814454998571, 47.081492656491747 ], [ 12.160499697808104, 47.081536728179479 ], [ 12.161052015590535, 47.08158896793185 ], [ 12.161503764203022, 47.081805977028964 ], [ 12.162274269322712, 47.082135670070372 ], [ 12.162768231258228, 47.082342507893152 ], [ 12.163127903997921, 47.082409062136769 ], [ 12.16364703347865, 47.082651198902475 ], [ 12.164449868910845, 47.082997982653318 ], [ 12.16474417266082, 47.083156335889377 ], [ 12.165289236179365, 47.083460745261064 ], [ 12.165581962967552, 47.083578641677278 ], [ 12.165808905104779, 47.083711856942472 ], [ 12.166034675064795, 47.083894602109886 ], [ 12.166202472257476, 47.084002454270262 ], [ 12.16656065632878, 47.084307528903423 ], [ 12.166903440584733, 47.084491533767078 ], [ 12.167316159487106, 47.084799596436618 ], [ 12.167550443059934, 47.084973103330533 ], [ 12.167794622798558, 47.085132836334452 ], [ 12.168053974123662, 47.085229151405478 ], [ 12.168507885826504, 47.085495570948858 ], [ 12.169018257064398, 47.085755925186078 ], [ 12.169388795843084, 47.086240641226937 ], [ 12.169582445781449, 47.086464767404181 ], [ 12.16974252642901, 47.086608826625607 ], [ 12.170127952663593, 47.086706144164928 ], [ 12.170629537435509, 47.086818240929425 ], [ 12.171291524032574, 47.086885391615816 ], [ 12.171692893866611, 47.086946263509212 ], [ 12.172235437907011, 47.08698522088676 ], [ 12.172604034987391, 47.086979501015911 ], [ 12.17333952814195, 47.087008603181161 ], [ 12.173607793532936, 47.087019162054219 ], [ 12.174260283641484, 47.087023561591536 ], [ 12.174802829719193, 47.087062506726149 ], [ 12.175538591751678, 47.087096087089819 ], [ 12.175721646824206, 47.087100006203848 ], [ 12.176217162711664, 47.087248245418181 ], [ 12.176543154447039, 47.087329191948335 ], [ 12.17676115562198, 47.08742213546283 ], [ 12.177046495474578, 47.087567206577283 ], [ 12.177290140172197, 47.087744933485546 ], [ 12.177408066632097, 47.0878721533348 ], [ 12.177744147811618, 47.088177806873404 ], [ 12.178030073080603, 47.088484852513133 ], [ 12.178307832294779, 47.088765125398652 ], [ 12.178543936641999, 47.089037555140195 ], [ 12.178946838837335, 47.089386347001565 ], [ 12.179139789478278, 47.089569978206136 ], [ 12.179560214253206, 47.089936280299426 ], [ 12.179922057963442, 47.090259210797292 ], [ 12.180433026019781, 47.090362004264875 ], [ 12.181253277382039, 47.090568692164808 ], [ 12.18155436233366, 47.090645817132383 ], [ 12.1818655946931, 47.090713659503059 ], [ 12.18218368654105, 47.090785810070081 ], [ 12.182726323852792, 47.090784216867128 ], [ 12.183194681865444, 47.090793687182526 ], [ 12.18385574379025, 47.090982285916851 ], [ 12.184651557597327, 47.091234627596407 ], [ 12.185205144269267, 47.091457708512266 ], [ 12.185473279215, 47.091589738173532 ], [ 12.185800686790113, 47.091666119160976 ], [ 12.186101830362436, 47.0917027322322 ], [ 12.186720297174876, 47.091784505007304 ], [ 12.187236933969935, 47.091554124076687 ], [ 12.187838340989147, 47.091253881865832 ], [ 12.188087827385658, 47.091183933361251 ], [ 12.188387987962987, 47.091135071330797 ], [ 12.188747381456123, 47.09105755890409 ], [ 12.189355988724188, 47.090905601837733 ], [ 12.190007917645914, 47.090734434470413 ], [ 12.190576189579104, 47.090610594284669 ], [ 12.191201295705104, 47.090404169491507 ], [ 12.19179210067067, 47.090230196807283 ], [ 12.192101904786529, 47.090136057812757 ], [ 12.192627024208953, 47.089882916577039 ], [ 12.193136168713258, 47.089693216140049 ], [ 12.193511017617123, 47.089502761923761 ], [ 12.193969148418446, 47.089341480440865 ], [ 12.194336052002749, 47.089155745093642 ], [ 12.194828801601773, 47.088912496947444 ], [ 12.195144371862131, 47.088791189730081 ], [ 12.19539518999008, 47.088730187608114 ], [ 12.195704379673092, 47.088681054100626 ], [ 12.196297757984716, 47.088619481512659 ], [ 12.196948469030488, 47.088511305761202 ], [ 12.197733684493043, 47.088448865310752 ], [ 12.198445222388061, 47.088352480491835 ], [ 12.19866999428141, 47.088296699057224 ], [ 12.198936491175431, 47.088181252993998 ], [ 12.199218622331587, 47.08805186970541 ], [ 12.199544871629101, 47.087930251667075 ], [ 12.199978071706441, 47.087724644880808 ], [ 12.200403252370782, 47.087591257856609 ], [ 12.200929617691679, 47.08740104075158 ], [ 12.201246760524466, 47.087320170949454 ], [ 12.201573463843667, 47.087275031309161 ], [ 12.201881782445813, 47.087252904310319 ], [ 12.202090634819793, 47.087220060695152 ], [ 12.202462345977889, 47.087115161255134 ], [ 12.20302399741963, 47.086964445198092 ], [ 12.203586171363426, 47.086849710302076 ], [ 12.204256036010584, 47.086731956830029 ], [ 12.204557805487005, 47.08666950760351 ], [ 12.205152324806766, 47.086531359947756 ], [ 12.205723332732161, 47.086330870412134 ], [ 12.206199916581664, 47.086299517389676 ], [ 12.206718691537741, 47.08627147974439 ], [ 12.207071672075893, 47.08623908733783 ], [ 12.207772657470498, 47.086241936081983 ], [ 12.208048621650887, 47.086229699114568 ], [ 12.208482979147794, 47.086208520135415 ], [ 12.208717542647166, 47.086219941606473 ], [ 12.209218156934718, 47.086273398707746 ], [ 12.209811408721636, 47.086319755034403 ], [ 12.20998703172757, 47.086350826660727 ], [ 12.210320297458351, 47.086305477834223 ], [ 12.211308288302824, 47.086192255987918 ], [ 12.211652228039375, 47.086160103154569 ], [ 12.212355963478494, 47.086140347450105 ], [ 12.212864596380891, 47.086108066788633 ], [ 12.213533509297671, 47.086111780763268 ], [ 12.214095293415644, 47.086100500921184 ], [ 12.21432001680601, 47.086071688882754 ], [ 12.214646407983162, 47.086049019660372 ], [ 12.2149305898955, 47.086036535169235 ], [ 12.215257580019555, 47.085955349641971 ], [ 12.2158455452106, 47.085736333492264 ], [ 12.216156096896579, 47.085628608446051 ], [ 12.216360181594451, 47.08535288209395 ], [ 12.216614673049767, 47.085093737585552 ], [ 12.21688572347044, 47.084672133182401 ], [ 12.21706287328829, 47.084496158983626 ], [ 12.217282790274149, 47.084291982979671 ], [ 12.217485448394038, 47.084088291875098 ], [ 12.217670449912406, 47.084029091412397 ], [ 12.219136195222605, 47.084028360148494 ], [ 12.219486187171128, 47.083933015775138 ], [ 12.219612264269477, 47.083893469485602 ], [ 12.220128329925096, 47.083779950310102 ], [ 12.220610665993044, 47.083680877709021 ], [ 12.221313313691141, 47.083589100028291 ], [ 12.221871543064562, 47.08351938413189 ], [ 12.222198202757756, 47.083474186542603 ], [ 12.222864131050454, 47.083374433729496 ], [ 12.223548701238164, 47.083256152490875 ], [ 12.224074858111303, 47.083173829913541 ], [ 12.22469040141138, 47.083003488909853 ], [ 12.225015999986832, 47.082899815353883 ], [ 12.225289259474083, 47.08277511712398 ], [ 12.225630995237719, 47.082706985547695 ], [ 12.225930556878467, 47.082595043742529 ], [ 12.226162180161982, 47.082462517664233 ], [ 12.226724175903062, 47.081978687326718 ], [ 12.226923201028326, 47.081797580859394 ], [ 12.227292011562158, 47.081319196002568 ], [ 12.227621043765422, 47.080904929694384 ], [ 12.227728266778449, 47.080730911289685 ], [ 12.228006069185978, 47.080300089708253 ], [ 12.22813663461935, 47.08003541568084 ], [ 12.228378348527995, 47.079416618361329 ], [ 12.228581345140139, 47.078960907006312 ], [ 12.2288114149917, 47.078598927741638 ], [ 12.228917828401734, 47.078397931984853 ], [ 12.229236152078808, 47.077970463467999 ], [ 12.229589333527018, 47.077425014394038 ], [ 12.229833370573877, 47.077049139190883 ], [ 12.230081440300461, 47.076808144634263 ], [ 12.230477811530037, 47.076432467084381 ], [ 12.230659264475726, 47.076274349186619 ], [ 12.231130974912805, 47.07586504310261 ], [ 12.231534697525762, 47.075556651717079 ], [ 12.231931061679798, 47.075140470664756 ], [ 12.232287620986884, 47.074882907014874 ], [ 12.232758183102373, 47.074550123716463 ], [ 12.233022927218608, 47.07435364983364 ], [ 12.233198321736497, 47.074218198189271 ], [ 12.233497016199665, 47.074079261660351 ], [ 12.234302631751479, 47.073732502364408 ], [ 12.234741892982331, 47.073495092198122 ], [ 12.235183329607121, 47.07332061654548 ], [ 12.235422845279885, 47.073129350223525 ], [ 12.235545367885736, 47.072977390699442 ], [ 12.235676686504963, 47.072766684374166 ], [ 12.235963941813884, 47.072385073512258 ], [ 12.23611195552694, 47.072191893819422 ], [ 12.236545614319116, 47.071522650446212 ], [ 12.236875314885323, 47.071189334697443 ], [ 12.237171036057122, 47.070852479552421 ], [ 12.237378205518239, 47.070684623412163 ], [ 12.237799407163813, 47.070299217516521 ], [ 12.238031510085003, 47.070108155345295 ], [ 12.238372057823801, 47.070022019424208 ], [ 12.238672883219516, 47.069932507085397 ], [ 12.239106272867545, 47.069897738908786 ], [ 12.239589522042721, 47.069897556033638 ], [ 12.239797486678675, 47.069756671977032 ], [ 12.239962742493802, 47.069549499374325 ], [ 12.240160870638652, 47.069341395566227 ], [ 12.240240652842076, 47.069136643166068 ], [ 12.240312235428339, 47.068891624349817 ], [ 12.240333957952011, 47.068612018889638 ], [ 12.240262284267121, 47.068299059829428 ], [ 12.240232264563478, 47.067939922602243 ], [ 12.239960632485541, 47.06758762780165 ], [ 12.239646826008299, 47.067232026735489 ], [ 12.239434587858369, 47.067031043525539 ], [ 12.239036973908892, 47.066650814649073 ], [ 12.238132445663743, 47.065893446335075 ], [ 12.237869028408657, 47.065635410772565 ], [ 12.237525572282388, 47.065510135007948 ], [ 12.237199622016357, 47.065456360382747 ], [ 12.236897235538883, 47.065370419257476 ], [ 12.236337105611135, 47.06525576975077 ], [ 12.235372684932932, 47.065098552994584 ], [ 12.234676984708075, 47.06494723047669 ], [ 12.234367771819169, 47.064856975833294 ], [ 12.233804388775223, 47.06468840779204 ], [ 12.233502839494426, 47.064588934516436 ], [ 12.23323416310707, 47.064515530513013 ], [ 12.232906616121136, 47.064380791626242 ], [ 12.232436652029161, 47.064205077211682 ], [ 12.23203297570026, 47.064036487965076 ], [ 12.231266499583791, 47.063585654681042 ], [ 12.230761802594083, 47.063325417356708 ], [ 12.230459193170148, 47.063194467118791 ], [ 12.229986858193989, 47.062870314814809 ], [ 12.22928802815416, 47.062489555997125 ], [ 12.228547862777312, 47.062105459543602 ], [ 12.227950374090021, 47.061780330699492 ], [ 12.227714891643874, 47.06162947990633 ], [ 12.227176290917958, 47.061325184876807 ], [ 12.226806093939958, 47.06112413397441 ], [ 12.226410419791472, 47.06092380035421 ], [ 12.225830428367216, 47.060697163563653 ], [ 12.225487271310383, 47.060616841733903 ], [ 12.224875722970244, 47.060508085674947 ], [ 12.224506814016971, 47.060450985989881 ], [ 12.223133385853814, 47.060156698222478 ], [ 12.222639071850057, 47.060053627108587 ], [ 12.222100987687075, 47.059852790056979 ], [ 12.22148869878869, 47.059636040571753 ], [ 12.221169661324499, 47.059559526494425 ], [ 12.220598732469501, 47.059359607126233 ], [ 12.220288207298179, 47.059246852244478 ], [ 12.219920161523021, 47.059149214918165 ], [ 12.219508825050964, 47.05908429352187 ], [ 12.218338032419597, 47.058941740272815 ], [ 12.218046089199298, 47.058904953893503 ], [ 12.217743244123234, 47.058796475933313 ], [ 12.21718189174662, 47.058618769407381 ], [ 12.216778262619959, 47.058504123222527 ], [ 12.216773830113148, 47.058211758210398 ], [ 12.216802368318234, 47.057783470936897 ], [ 12.216831426493815, 47.057391167741692 ], [ 12.216810498699443, 47.0571802636318 ], [ 12.216791505573928, 47.056946805910009 ], [ 12.216780434407086, 47.056749124172292 ], [ 12.21670145000903, 47.056530852688041 ], [ 12.216590993659707, 47.056281967093241 ], [ 12.216504355942064, 47.056045911272051 ], [ 12.21639358940031, 47.05584653246018 ], [ 12.216009791255882, 47.055267842373546 ], [ 12.215887816877602, 47.055046278906914 ], [ 12.215769400433903, 47.054829115143932 ], [ 12.215690715005696, 47.054588335321519 ], [ 12.215671145000345, 47.054399892000937 ], [ 12.215669921282021, 47.054215432856111 ], [ 12.215683533561556, 47.053963059070043 ], [ 12.215689149083754, 47.05379640705398 ], [ 12.215694541013335, 47.053557763833489 ], [ 12.215755660131022, 47.053151060050752 ], [ 12.215875684909602, 47.05271120154319 ], [ 12.215973238423878, 47.052636461872773 ], [ 12.216253461052242, 47.05220559920064 ], [ 12.216359313183588, 47.052022629643481 ], [ 12.216574159108397, 47.051832095806596 ], [ 12.216753719696424, 47.05160205507309 ], [ 12.217067276625423, 47.05124675040404 ], [ 12.217231757532812, 47.051026132610126 ], [ 12.217334749105818, 47.050645249367854 ], [ 12.21713148046009, 47.050371975111275 ], [ 12.217029480913228, 47.050181349975624 ], [ 12.216925065604521, 47.049936794532378 ], [ 12.216837606196689, 47.049714261457382 ], [ 12.216798235033243, 47.049278883471985 ], [ 12.216775653415151, 47.04872603738869 ], [ 12.216760431086302, 47.048226982497305 ], [ 12.216789442308956, 47.047902177857488 ], [ 12.216770433755554, 47.047695719396266 ], [ 12.216717732472645, 47.047503707802811 ], [ 12.21662422593185, 47.047317343315541 ], [ 12.216570173959777, 47.047102870391456 ], [ 12.216476132038041, 47.046894021597488 ], [ 12.216438034138234, 47.046589103121519 ], [ 12.216350350982585, 47.046321577432686 ], [ 12.21643621039633, 47.045779181920189 ], [ 12.216473940292536, 47.045503630468211 ], [ 12.216438217048367, 47.045306641524121 ], [ 12.216361166656441, 47.045092815046594 ], [ 12.216206644444062, 47.044863167075761 ], [ 12.216055061994014, 47.044709933666525 ], [ 12.215800300525302, 47.04451010203276 ], [ 12.21553155193023, 47.044324162508182 ], [ 12.215227802256383, 47.044089707702788 ], [ 12.214916084355465, 47.043900474488915 ], [ 12.214410888330123, 47.043572681588394 ], [ 12.213997436573051, 47.043224309711988 ], [ 12.213769206178053, 47.043068726697712 ], [ 12.213347808402482, 47.042752074627849 ], [ 12.213110827417765, 47.042587736390367 ], [ 12.212958267551674, 47.042322030135615 ], [ 12.212710244480869, 47.0419465083151 ], [ 12.212482661294162, 47.041678408358642 ], [ 12.212496260229617, 47.041466533626149 ], [ 12.212466204647878, 47.041075890771396 ], [ 12.212462853488832, 47.040841992741498 ], [ 12.212440478162344, 47.040428634946046 ], [ 12.212436904019599, 47.040136245120955 ], [ 12.212421165644733, 47.039655203183472 ], [ 12.2124356495714, 47.039362306264252 ], [ 12.21228096218012, 47.039047160442976 ], [ 12.212075407857357, 47.03865244530121 ], [ 12.211955938217981, 47.038457806168552 ], [ 12.211819777195391, 47.038245636114233 ], [ 12.211724146698462, 47.038023328360026 ], [ 12.211666657029532, 47.037394963270906 ], [ 12.211602851967058, 47.037099764343658 ], [ 12.21145725289071, 47.036730364021295 ], [ 12.211379157223956, 47.036498564021329 ], [ 12.211208824783867, 47.036237854071878 ], [ 12.21105730070059, 47.03607111282291 ], [ 12.210600111838309, 47.035746455490639 ], [ 12.210416546397413, 47.035594112153014 ], [ 12.210202923420786, 47.035379614044317 ], [ 12.209664300323363, 47.034904243111221 ], [ 12.20943457611528, 47.034640696940386 ], [ 12.209231876202749, 47.034457389541977 ], [ 12.209146088732696, 47.034275302134944 ], [ 12.209192854162474, 47.03402649846506 ], [ 12.209286610499328, 47.033600882342164 ], [ 12.209276685809394, 47.033380668022076 ], [ 12.209348114375061, 47.03310417327581 ], [ 12.209133353589602, 47.032664712471103 ], [ 12.208678612708901, 47.03239397702005 ], [ 12.208492902304569, 47.032219191491571 ], [ 12.208264222668863, 47.032027611284597 ], [ 12.208111911753798, 47.031847388630126 ], [ 12.207755591006778, 47.031447893661301 ], [ 12.207571240553639, 47.031282068209741 ], [ 12.207384414366814, 47.031129811429025 ], [ 12.207017388216071, 47.030483122407226 ], [ 12.206913357139314, 47.030216047508091 ], [ 12.206844016924077, 47.030019997720878 ], [ 12.206825089714323, 47.029773036369235 ], [ 12.206811911448167, 47.029539413416614 ], [ 12.206603175927924, 47.029405768914472 ], [ 12.206350659144741, 47.02925535169927 ], [ 12.206048007324652, 47.029146837634634 ], [ 12.205703029055458, 47.028936012215688 ], [ 12.20512383237042, 47.028619251677064 ], [ 12.205034920977722, 47.028302253066315 ], [ 12.204890036827784, 47.028108318485636 ], [ 12.204830030726429, 47.027889506704383 ], [ 12.204843390211851, 47.027673139485032 ], [ 12.204904917220977, 47.027203431058922 ], [ 12.204867119197049, 47.026956997996315 ], [ 12.204532200713331, 47.02683138445726 ], [ 12.203656225526712, 47.026860418375847 ], [ 12.203330237208384, 47.026842547726964 ], [ 12.202577464276711, 47.02685462395165 ], [ 12.202110991523263, 47.026881181196508 ], [ 12.201719226643277, 47.026932644833515 ], [ 12.20120940727487, 47.027059408280032 ], [ 12.200900060665132, 47.027086063541553 ], [ 12.200258640899586, 47.027144507155924 ], [ 12.199992833060254, 47.027156442433004 ], [ 12.199348992914718, 47.027174449964292 ], [ 12.199023549463517, 47.027152051929548 ], [ 12.198638440765697, 47.027122321514767 ], [ 12.19790435833475, 47.02706184670086 ], [ 12.197311796390224, 47.027001911856324 ], [ 12.196618145989371, 47.027012296391874 ], [ 12.196310202528373, 47.027007401046227 ], [ 12.195743352856999, 47.026964739083517 ], [ 12.195173723361654, 47.026958150756428 ], [ 12.194706838305329, 47.026867693132985 ], [ 12.193770327385163, 47.026709347942578 ], [ 12.193077415970581, 47.026566695437452 ], [ 12.192750938992413, 47.026499309890418 ], [ 12.192133048644903, 47.02634555822879 ], [ 12.191490467258919, 47.026232990702617 ], [ 12.190765488116828, 47.026131717455677 ], [ 12.190237870982934, 47.026029435918893 ], [ 12.189960976253323, 47.025938160485445 ], [ 12.189677012176077, 47.025811082689017 ], [ 12.189367842087579, 47.025702706304777 ], [ 12.188774433991789, 47.025476256390419 ], [ 12.188046304102834, 47.025280556909038 ], [ 12.187478370242834, 47.025246883912715 ], [ 12.186928734515483, 47.02524419730068 ], [ 12.186227182183911, 47.025245739223507 ], [ 12.18591947887043, 47.025272308150257 ], [ 12.185226659744639, 47.025282600413938 ], [ 12.184859051593177, 47.025283835277193 ], [ 12.183304907021222, 47.025043600622659 ], [ 12.182669996189608, 47.024948769522076 ], [ 12.182369474247684, 47.024930130616113 ], [ 12.182069167703228, 47.024956483407941 ], [ 12.181686153496972, 47.025003135059791 ], [ 12.180727814470584, 47.025209777844793 ], [ 12.180077255793844, 47.025335859908502 ], [ 12.179850308022173, 47.025171174064511 ], [ 12.179481822022534, 47.024839427335465 ], [ 12.179305792781646, 47.024673325260167 ], [ 12.178936512783084, 47.024328099300334 ], [ 12.17859266032546, 47.024009164743546 ], [ 12.178265407547892, 47.023748266004255 ], [ 12.178006425299882, 47.023597966019139 ], [ 12.177522016075258, 47.023377429547644 ], [ 12.176961757295693, 47.023347991006652 ], [ 12.176644498985153, 47.023365800620375 ], [ 12.175892265602549, 47.02340018534219 ], [ 12.175267897354979, 47.023413016833928 ], [ 12.174500151771548, 47.023393824769542 ], [ 12.173932408194863, 47.023432076758404 ], [ 12.173623433388133, 47.023395650003316 ], [ 12.173389237044868, 47.023330149080671 ], [ 12.173022362868348, 47.02321882937639 ], [ 12.172419992743203, 47.023006042867095 ], [ 12.171148909940445, 47.022474303048973 ], [ 12.170754215749723, 47.022309749086524 ], [ 12.170228005635281, 47.022063341262374 ], [ 12.169960173693598, 47.021985265880708 ], [ 12.169718132915575, 47.021870476514827 ], [ 12.169416482463234, 47.021721339333574 ], [ 12.169048903924399, 47.021556028276969 ], [ 12.16867203859495, 47.021372973883494 ], [ 12.168128921490975, 47.02110452548439 ], [ 12.167786018916697, 47.020911527948989 ], [ 12.167333456760359, 47.020672067190837 ], [ 12.167049150605576, 47.020468445435782 ], [ 12.166897808450813, 47.02030164090592 ], [ 12.166636481024925, 47.020110881556512 ], [ 12.166285597471811, 47.019796604611159 ], [ 12.166000876065068, 47.019529993905884 ], [ 12.165665329234436, 47.019210790775126 ], [ 12.165505033997063, 47.01900373353422 ], [ 12.165238726233859, 47.018853607419082 ], [ 12.164970917290058, 47.018775519753596 ], [ 12.164636695853925, 47.018798265240122 ], [ 12.164069443646735, 47.018885953075809 ], [ 12.163910942103312, 47.018903836290903 ], [ 12.163394128895852, 47.019246616981057 ], [ 12.16293740520959, 47.019506736760555 ], [ 12.162496883390645, 47.019734907894573 ], [ 12.161972218840102, 47.020028400804861 ], [ 12.161739895859201, 47.020147317909412 ], [ 12.161198768584663, 47.020454761735429 ], [ 12.161031850612206, 47.020580869749615 ], [ 12.160367655934611, 47.020977207018596 ], [ 12.159817385282444, 47.021338894911466 ], [ 12.159259564809345, 47.021628791117749 ], [ 12.159010716867355, 47.02180215705183 ], [ 12.158769157629946, 47.021876324652503 ], [ 12.158393701250233, 47.021981187472456 ], [ 12.157868472064678, 47.022112682562096 ], [ 12.15736141657996, 47.022329170649094 ], [ 12.15661965299452, 47.022471135669257 ], [ 12.155976958041403, 47.022619362617696 ], [ 12.155634953462894, 47.022691794607248 ], [ 12.155017756076459, 47.022812313773073 ], [ 12.15383404641436, 47.023173440485067 ], [ 12.153259413974036, 47.023360274277692 ], [ 12.152617777560893, 47.023512952895203 ], [ 12.152259093897653, 47.023567834996392 ], [ 12.151726448485249, 47.023699506045283 ], [ 12.150283807420712, 47.023896734959578 ], [ 12.149782645284949, 47.024018530283819 ], [ 12.149107292313076, 47.02418561690007 ], [ 12.148764759987936, 47.024235543566562 ], [ 12.148190209644419, 47.024368351407688 ], [ 12.147580801992907, 47.024286123169659 ], [ 12.146972118959521, 47.024244370290816 ], [ 12.146393549536453, 47.023945295240928 ], [ 12.145801203977344, 47.023691594455201 ], [ 12.145540931233301, 47.023545756496326 ], [ 12.145038984763842, 47.023262567182769 ], [ 12.143867318763718, 47.02269629273561 ], [ 12.143374047465844, 47.022462355948718 ], [ 12.142922354829329, 47.022236274463559 ], [ 12.142637520148455, 47.022064105659865 ], [ 12.142243471784337, 47.021768940450855 ], [ 12.141950957578361, 47.021605980544841 ], [ 12.141774380640859, 47.021372338491815 ], [ 12.141464485370877, 47.021025361326004 ], [ 12.141227827908818, 47.02060887484835 ], [ 12.140958915086815, 47.020175274101916 ], [ 12.140808564586781, 47.019967909520133 ], [ 12.140463728307589, 47.019585890187791 ], [ 12.140028224497216, 47.019116361646724 ], [ 12.139651365733366, 47.018861214254962 ], [ 12.139224751914419, 47.018584931728022 ], [ 12.138599004269162, 47.01837710868967 ], [ 12.138264488499861, 47.018282789243557 ], [ 12.137686575532062, 47.01810514789252 ], [ 12.136894118249955, 47.017915387226786 ], [ 12.135934367967076, 47.017635710333863 ], [ 12.134981209528522, 47.017355844765113 ], [ 12.134445250798068, 47.017150038358686 ], [ 12.133968892599752, 47.016978595454439 ], [ 12.133492715567749, 47.016726148532101 ], [ 12.132840003530113, 47.016366038124325 ], [ 12.132253295822618, 47.016107613137201 ], [ 12.132019923411832, 47.015956508141109 ], [ 12.13145122348002, 47.015724585071688 ], [ 12.131192277478252, 47.015628176445055 ], [ 12.13105104518065, 47.015519545943697 ], [ 12.13052257802816, 47.015061525263206 ], [ 12.130280123136959, 47.014825168344807 ], [ 12.130112252350296, 47.014753264267704 ], [ 12.129553360484175, 47.014548062459092 ], [ 12.129226070099181, 47.014422020117408 ], [ 12.128691318671967, 47.014193654606274 ], [ 12.128349555363288, 47.014059005894083 ], [ 12.127737999176443, 47.013796737450612 ], [ 12.127185815536192, 47.013537342648021 ], [ 12.127028242544659, 47.013402154839881 ], [ 12.126591358763887, 47.013117106363225 ], [ 12.126373951946059, 47.012943054351418 ], [ 12.126139532874761, 47.012787466154002 ], [ 12.125930339477872, 47.012613188861053 ], [ 12.1256301796847, 47.012373898994269 ], [ 12.125228221890088, 47.012024893359964 ], [ 12.124950823146644, 47.011766980573533 ], [ 12.124833121633525, 47.011455206950004 ], [ 12.124613446542279, 47.011101220033176 ], [ 12.124470871418387, 47.010884621986186 ], [ 12.124169388259235, 47.010523868798813 ], [ 12.12406080358196, 47.010396338757637 ], [ 12.12391689148401, 47.009846788481134 ], [ 12.123798787713406, 47.009584522963664 ], [ 12.12361256137808, 47.009211621391294 ], [ 12.123402107910591, 47.008789882735876 ], [ 12.12321830125547, 47.008542909934967 ], [ 12.122991527418657, 47.008405105928901 ], [ 12.122715274171433, 47.008250652730638 ], [ 12.122280248989174, 47.00801053547012 ], [ 12.121946768288716, 47.007763145662956 ], [ 12.121670427682778, 47.007536694905667 ], [ 12.121434422701363, 47.00726864437501 ], [ 12.121099688539219, 47.006872791606348 ], [ 12.121027743196869, 47.006654262280847 ], [ 12.121263977796591, 47.006305829376053 ], [ 12.121366993315798, 47.005943031502738 ], [ 12.121592510208101, 47.005396897326008 ], [ 12.121738937710839, 47.005172409542844 ], [ 12.121904374518712, 47.005005900739071 ], [ 12.122085401678557, 47.004838966213953 ], [ 12.12253992184718, 47.004511572147777 ], [ 12.123142605127653, 47.00413063318716 ], [ 12.12359876844368, 47.003902186493697 ], [ 12.123854759573904, 47.003737702087804 ], [ 12.123985927811686, 47.003590125318937 ], [ 12.124297199141399, 47.003203638045477 ], [ 12.124493388793674, 47.002986787254528 ], [ 12.124863717633811, 47.002612184904635 ], [ 12.125239001783942, 47.002012453784644 ], [ 12.12564687855787, 47.001393831478168 ], [ 12.125856666598377, 47.000987613265053 ], [ 12.126071385549007, 47.000792752572082 ], [ 12.126128236399659, 47.000710201846431 ], [ 12.126468335642176, 47.000268922492481 ], [ 12.126651997479261, 46.999584426354289 ], [ 12.126569122488977, 46.999249203024313 ], [ 12.126477179774497, 46.998491241968672 ], [ 12.126443273929421, 46.998262676477793 ], [ 12.126377118054197, 46.997805500197821 ], [ 12.126252216131331, 46.997538922820375 ], [ 12.126485764709264, 46.997033057237282 ], [ 12.126594790471437, 46.996760086714666 ], [ 12.126877981751745, 46.996527354118754 ], [ 12.127304206680762, 46.996209713497805 ], [ 12.127486594524843, 46.996024733476723 ], [ 12.128030018583672, 46.995771383657342 ], [ 12.128423643231608, 46.995571626233534 ], [ 12.12871506380694, 46.99543766060485 ], [ 12.129132562904143, 46.995097752454427 ], [ 12.129440922782857, 46.994859825086749 ], [ 12.129565989666247, 46.994622411550523 ], [ 12.129649608390119, 46.994435630147422 ], [ 12.129749681748459, 46.994234898951504 ], [ 12.129984889871283, 46.993814477569678 ], [ 12.130200394711229, 46.993507091045686 ], [ 12.130209659900899, 46.992962355717943 ], [ 12.129641508548124, 46.992608912925114 ], [ 12.129058952302026, 46.992444855024281 ], [ 12.128791526185656, 46.992285675154257 ], [ 12.128541469541201, 46.991959525192101 ], [ 12.128733217360633, 46.991414299027149 ], [ 12.128875157384366, 46.991099927188401 ], [ 12.129176044398557, 46.990664211303439 ], [ 12.129369090634977, 46.990253943959353 ], [ 12.129425693555422, 46.990040902526232 ], [ 12.129577740367026, 46.989618256814602 ], [ 12.12978595062436, 46.989045579170892 ], [ 12.1299781596746, 46.988635333582984 ], [ 12.129711976045394, 46.988314127177517 ], [ 12.129376649491896, 46.987963312678829 ], [ 12.129160234106728, 46.987762239527669 ], [ 12.128784601506757, 46.987453024493668 ], [ 12.128560971883795, 46.98718464973755 ], [ 12.128376466917, 46.986798208426627 ], [ 12.128026360003243, 46.986461293722613 ], [ 12.127816548282345, 46.98624653789598 ], [ 12.127550619746808, 46.985830822559358 ], [ 12.127625582975446, 46.985608280229698 ], [ 12.127809314404319, 46.985418762731051 ], [ 12.128109743297603, 46.985271052418547 ], [ 12.128485602049542, 46.985148277568094 ], [ 12.129278279210826, 46.984928602797154 ], [ 12.129937649291215, 46.98486106519627 ], [ 12.130547570073285, 46.984763378064457 ], [ 12.130896699064971, 46.984717824262191 ], [ 12.131565255271273, 46.98469502437213 ], [ 12.13228204965896, 46.984625901183293 ], [ 12.132582562782469, 46.984325181644451 ], [ 12.132916510185325, 46.98387955024365 ], [ 12.133200099998035, 46.983444296829717 ], [ 12.133301257147423, 46.983234532732084 ], [ 12.133509225258093, 46.983080340894105 ], [ 12.133710261291931, 46.982962337420908 ], [ 12.134192773846635, 46.982949118302948 ], [ 12.13503592590909, 46.982876515631354 ], [ 12.135537478386363, 46.982907767588372 ], [ 12.135812571490067, 46.982931725866557 ], [ 12.136338805867505, 46.982935298563334 ], [ 12.13673825435021, 46.983005343482255 ], [ 12.137322519984144, 46.982989320938593 ], [ 12.137555531778409, 46.982996429703803 ], [ 12.137739495012495, 46.982811389509749 ], [ 12.138064384732672, 46.982590984130553 ], [ 12.138148181354477, 46.982309694156406 ], [ 12.138214776067436, 46.982015376448722 ], [ 12.138223943886521, 46.98183513060826 ], [ 12.138206800447703, 46.981444113234069 ], [ 12.13824835161391, 46.981213480529917 ], [ 12.138173128732953, 46.980743059009242 ], [ 12.137940634840922, 46.980042959034996 ], [ 12.137715577237001, 46.979792640518703 ], [ 12.137465729828776, 46.979498002888199 ], [ 12.137247880995082, 46.97908999064726 ], [ 12.137031499264381, 46.978875431714805 ], [ 12.136981570331898, 46.978471813564198 ], [ 12.136898673434558, 46.977898104762573 ], [ 12.136940055313152, 46.977509981975473 ], [ 12.136990230807422, 46.977103618559454 ], [ 12.136981981588129, 46.976653858709419 ], [ 12.136898205810079, 46.976458162217504 ], [ 12.136648318991371, 46.976078026469438 ], [ 12.136415105102841, 46.975814429414115 ], [ 12.136148849534196, 46.975533738318695 ], [ 12.135822771920187, 46.975227687373234 ], [ 12.136140009927718, 46.974989497441705 ], [ 12.136490219040841, 46.974570408102352 ], [ 12.136590233131988, 46.974369671822721 ], [ 12.136756651900612, 46.97395562102048 ], [ 12.136807636360246, 46.97378772802643 ], [ 12.136482145787857, 46.973351166812286 ], [ 12.135999342795253, 46.972711923819794 ], [ 12.135765414669372, 46.972295349635154 ], [ 12.135715384257187, 46.972058228374273 ], [ 12.135674242580862, 46.971649868625107 ], [ 12.135824627060188, 46.970961766895684 ], [ 12.135866772107775, 46.970713119032446 ], [ 12.135840686266285, 46.970295346804328 ], [ 12.135916432465754, 46.969834284138329 ], [ 12.135933375265179, 46.969604326574945 ], [ 12.136084294325082, 46.969150202612319 ], [ 12.136292692426734, 46.96855500665697 ], [ 12.136442173542299, 46.968244917259213 ], [ 12.136601107728454, 46.967984066959652 ], [ 12.136617505788379, 46.967871120673514 ], [ 12.1367164376357, 46.967427420994497 ], [ 12.136751048142488, 46.967246477272262 ], [ 12.136809286697005, 46.966781394026334 ], [ 12.136760417461668, 46.96628324896777 ], [ 12.136660786360233, 46.965858493698683 ], [ 12.136544199508586, 46.965438703126807 ], [ 12.13637626726876, 46.964997820930883 ], [ 12.136226888464442, 46.964803922482901 ], [ 12.135977130777043, 46.964621775548075 ], [ 12.135768275849651, 46.9644925051903 ], [ 12.135358790777135, 46.964332734970519 ], [ 12.13460055784666, 46.964349015779106 ], [ 12.133991070461045, 46.964365716175841 ], [ 12.13379940517874, 46.964361967537613 ], [ 12.133182133059945, 46.96431587875658 ], [ 12.132790127005872, 46.964286116712671 ], [ 12.132164653207166, 46.964240247060395 ], [ 12.131564250276742, 46.964117189902858 ], [ 12.131088171712346, 46.96391422885165 ], [ 12.131356258814243, 46.963411904978237 ], [ 12.131547692146528, 46.9629476779184 ], [ 12.131682091767226, 46.962773003471419 ], [ 12.132006733820679, 46.962395125871197 ], [ 12.132366256419775, 46.961953294004772 ], [ 12.132974599838651, 46.96172063985621 ], [ 12.13344186426197, 46.961491847167828 ], [ 12.134059188105169, 46.961272440792975 ], [ 12.134343194856072, 46.961183661341892 ], [ 12.134659326623622, 46.9610400024008 ], [ 12.134859095321492, 46.960845533242242 ], [ 12.135110277321777, 46.960532657995365 ], [ 12.13530974853126, 46.960234699180852 ], [ 12.13564411609269, 46.959658550129696 ], [ 12.135828086054099, 46.959208019704391 ], [ 12.136036386026136, 46.958990815170573 ], [ 12.136328819280759, 46.958568809254885 ], [ 12.136745348712914, 46.958035402673076 ], [ 12.136912167776046, 46.957783335019343 ], [ 12.13726233802244, 46.957449740633344 ], [ 12.137639101445407, 46.957079416708119 ], [ 12.137838031402296, 46.956884965160285 ], [ 12.13811379532496, 46.956683905493051 ], [ 12.13840649872283, 46.956603876930558 ], [ 12.138873407343262, 46.956496567955007 ], [ 12.139522821097074, 46.956321249758588 ], [ 12.140156114215628, 46.956137370658475 ], [ 12.140807385253805, 46.955979993624403 ], [ 12.141157229944739, 46.955893889082269 ], [ 12.141724108255213, 46.955698325442796 ], [ 12.142341367369694, 46.955465375935489 ], [ 12.142883331397234, 46.95527949068638 ], [ 12.143391768325319, 46.955054025339763 ], [ 12.143984994389056, 46.954803727828164 ], [ 12.144301229276028, 46.95470503777306 ], [ 12.144835359542094, 46.954469859902765 ], [ 12.145168148993509, 46.95430321414787 ], [ 12.14582741085389, 46.953974593306512 ], [ 12.146377256734002, 46.953671477788888 ], [ 12.147003463713654, 46.953451756364579 ], [ 12.147261689528968, 46.953372653530487 ], [ 12.14790332655417, 46.95322000073358 ], [ 12.148394651007671, 46.953179478822562 ], [ 12.14889598705742, 46.953183677955288 ], [ 12.149463219565492, 46.953177060733964 ], [ 12.149946226706993, 46.953190759683999 ], [ 12.150221320091134, 46.953147184645722 ], [ 12.150480067169219, 46.953077059907656 ], [ 12.150813759222892, 46.952982370765064 ], [ 12.151422610203408, 46.952817101623381 ], [ 12.151956048980953, 46.952626908048536 ], [ 12.152481559893827, 46.952441430341594 ], [ 12.152722577575558, 46.952349289734386 ], [ 12.153048691184305, 46.952083807498973 ], [ 12.153490310912236, 46.951743141825808 ], [ 12.153724025492709, 46.951610701507413 ], [ 12.154248230319961, 46.951249756282763 ], [ 12.154674481370105, 46.951067005565029 ], [ 12.155158190419836, 46.950855669028201 ], [ 12.155617177530134, 46.950838507334836 ], [ 12.156082724979187, 46.950821162779164 ], [ 12.156618555689942, 46.950783877200088 ], [ 12.156976676993906, 46.950769493607943 ], [ 12.157709889686645, 46.950722255038514 ], [ 12.158251782523118, 46.95066229502315 ], [ 12.158635157514718, 46.950309717800494 ], [ 12.159027224635945, 46.949979398605976 ], [ 12.159368929891031, 46.949546971814875 ], [ 12.159510896811623, 46.949349555453729 ], [ 12.159826404629277, 46.948890851575136 ], [ 12.160236920871919, 46.948623016804845 ], [ 12.160502484274671, 46.948404184711954 ], [ 12.160719778988804, 46.948119187567997 ], [ 12.160885996537992, 46.94781760197575 ], [ 12.16119561501552, 46.947426555167624 ], [ 12.161320091005402, 46.947225119983166 ], [ 12.161461713176585, 46.946771217204606 ], [ 12.161670741637323, 46.946234453078318 ], [ 12.16178699616648, 46.945754251715066 ], [ 12.161978014743656, 46.945483478023164 ], [ 12.16227837216692, 46.945061184908795 ], [ 12.162437278776668, 46.944858796499012 ], [ 12.162720068426793, 46.944472986978639 ], [ 12.16311238436251, 46.944120146968771 ], [ 12.163428791057727, 46.943733405956984 ], [ 12.163728359392616, 46.943576624025106 ], [ 12.164003825061904, 46.943443007474428 ], [ 12.164461635585457, 46.943142349618427 ], [ 12.164711899967079, 46.943040927778718 ], [ 12.16499592448487, 46.94285757322978 ], [ 12.165138711793309, 46.942646627209335 ], [ 12.165530567006279, 46.942383789222092 ], [ 12.165713171219707, 46.941915246843529 ], [ 12.165894946437097, 46.941599723299099 ], [ 12.165903490943771, 46.941410491465348 ], [ 12.166004262359568, 46.94100271214041 ], [ 12.166054117344219, 46.940789837347204 ], [ 12.1661961971478, 46.940358414918421 ], [ 12.166454946429587, 46.939635769494892 ], [ 12.166987176411057, 46.939108046425922 ], [ 12.167387655939246, 46.938741465544275 ], [ 12.167580116805736, 46.938551640156682 ], [ 12.167988817825382, 46.938171329751718 ], [ 12.168244839719545, 46.93788974487466 ], [ 12.168294827706502, 46.937289874610244 ], [ 12.168079057158547, 46.936917860428686 ], [ 12.167962052967098, 46.93648011179787 ], [ 12.167921477889164, 46.936251741119335 ], [ 12.16780445902608, 46.935827492384796 ], [ 12.167904406658451, 46.93525323780063 ], [ 12.167936945336724, 46.934788847593559 ], [ 12.167920020791568, 46.934474323838295 ], [ 12.167811752876467, 46.934045332760796 ], [ 12.167778004570657, 46.933821272788194 ], [ 12.167645224398509, 46.933352461376259 ], [ 12.167444758750689, 46.932836025410623 ], [ 12.166911776744758, 46.932612289814422 ], [ 12.166460963863948, 46.932431275880766 ], [ 12.165852025199431, 46.932200638379726 ], [ 12.165560425268634, 46.93207371249742 ], [ 12.165018945546349, 46.931872702756493 ], [ 12.164177135128776, 46.931536002823833 ], [ 12.163893097700569, 46.931314365714684 ], [ 12.163450971336296, 46.931029602093602 ], [ 12.163034269358588, 46.930744133663488 ], [ 12.162793082799702, 46.930552808043934 ], [ 12.162300742579195, 46.930237929265033 ], [ 12.161816618912978, 46.929922821231308 ], [ 12.16145042997781, 46.929658450108043 ], [ 12.161143082738421, 46.929207955885687 ], [ 12.160926177901096, 46.928759461251431 ], [ 12.160866812077954, 46.928518107600333 ], [ 12.160607975125732, 46.928138269588175 ], [ 12.160183185838269, 46.927812515212324 ], [ 12.159917112542882, 46.927504873886043 ], [ 12.159633166424797, 46.926977230831909 ], [ 12.159309264337971, 46.926621686759155 ], [ 12.15916647587937, 46.926427635453095 ], [ 12.158933132385323, 46.926020090088542 ], [ 12.158533127156257, 46.925333653429469 ], [ 12.158350016111497, 46.925082215981611 ], [ 12.158250763067633, 46.924706965488454 ], [ 12.158100798385261, 46.924279116406545 ], [ 12.157949349269421, 46.924049303528925 ], [ 12.157666630126769, 46.923751116320311 ], [ 12.157374911687732, 46.923439677155216 ], [ 12.156782310288353, 46.923177041238922 ], [ 12.15629090901991, 46.922722613916243 ], [ 12.15592431303941, 46.922296240062963 ], [ 12.155774374676721, 46.922133881057263 ], [ 12.155516299442484, 46.92168201207317 ], [ 12.155233354475747, 46.921239828375782 ], [ 12.154857559213053, 46.92064270877939 ], [ 12.154782366769377, 46.920410788202993 ], [ 12.154574132523242, 46.920038540416584 ], [ 12.154440798391118, 46.919781223836353 ], [ 12.154232659289589, 46.919368473712851 ], [ 12.153789750748771, 46.918746202025503 ], [ 12.153540713907146, 46.918168082127551 ], [ 12.153474540070018, 46.917935911985388 ], [ 12.153466001819382, 46.917706652593047 ], [ 12.153424208841642, 46.91744231089455 ], [ 12.153382286749308, 46.917371468367627 ], [ 12.15305092957615, 46.917236607034866 ], [ 12.152559241416558, 46.916957667565569 ], [ 12.152291907349552, 46.916780540204321 ], [ 12.151924709142362, 46.916412668727041 ], [ 12.151482186472307, 46.916019872237051 ], [ 12.151199580369029, 46.915960160503268 ], [ 12.150607880406406, 46.915836964703409 ], [ 12.150232601401461, 46.915806802788978 ], [ 12.14959940853652, 46.915801741986137 ], [ 12.14872495832955, 46.915938316785706 ], [ 12.148216455129335, 46.915875816706077 ], [ 12.147690880751613, 46.915872282857855 ], [ 12.147024697835699, 46.915710619289143 ], [ 12.146767007446678, 46.915627711543443 ], [ 12.146233095629306, 46.915439904590862 ], [ 12.145733201954059, 46.915314158073798 ], [ 12.145408101420919, 46.91496310747516 ], [ 12.145006759610443, 46.914501655015869 ], [ 12.144847160226419, 46.914411545712547 ], [ 12.144447182640958, 46.914197548145111 ], [ 12.144172793106332, 46.914011596032417 ], [ 12.14455010086909, 46.914104720607192 ], [ 12.144949367882189, 46.914026244000958 ], [ 12.145428580877267, 46.913743071958933 ], [ 12.146056883028828, 46.913482796336801 ], [ 12.146725569084287, 46.913239405743361 ], [ 12.147269800568333, 46.912945437210645 ], [ 12.147887341817363, 46.91272594663797 ], [ 12.148441124542979, 46.912553206872033 ], [ 12.149075023741515, 46.912346759226132 ], [ 12.149727496525168, 46.912135296632925 ], [ 12.150419769341879, 46.911958733184832 ], [ 12.151121045353648, 46.91178191746635 ], [ 12.151705697613949, 46.911603811361211 ], [ 12.153126117486909, 46.911191168396371 ], [ 12.15376021068222, 46.911002688843439 ], [ 12.154528222334534, 46.910774512919694 ], [ 12.155128964131857, 46.910591445504821 ], [ 12.155739339735515, 46.910376609771731 ], [ 12.156424220716346, 46.910186713976344 ], [ 12.157149826646496, 46.909977690246073 ], [ 12.157743127208983, 46.90982181383113 ], [ 12.158402352989539, 46.909614614824036 ], [ 12.158945421296361, 46.909442119695719 ], [ 12.15929821521741, 46.909216379415518 ], [ 12.159518288499708, 46.908980804861116 ], [ 12.159872948507013, 46.90863351378465 ], [ 12.160010617388293, 46.908350715979026 ], [ 12.160317088954736, 46.907923756598933 ], [ 12.160631782997593, 46.907483069408634 ], [ 12.161061548536395, 46.907129199018314 ], [ 12.161412205611285, 46.907007008967796 ], [ 12.161703758541718, 46.906940450646964 ], [ 12.162292208190735, 46.907009679811281 ], [ 12.163015185830426, 46.907147183998184 ], [ 12.163533970614115, 46.907371330254414 ], [ 12.164184722179229, 46.907717820579109 ], [ 12.164811762679035, 46.908037963900405 ], [ 12.165240211300553, 46.908233102823019 ], [ 12.165841388520731, 46.908517957035805 ], [ 12.166122710157094, 46.908667666195946 ], [ 12.166475415233016, 46.908914396286562 ], [ 12.166663439603656, 46.909152185378666 ], [ 12.167010107396505, 46.909268583685751 ], [ 12.167654594458412, 46.909480230572207 ], [ 12.168837084918911, 46.909892964143197 ], [ 12.169289585384679, 46.910091921424744 ], [ 12.169735829216611, 46.910282050507448 ], [ 12.169924086637982, 46.909939339775583 ], [ 12.170380999907591, 46.909503683479848 ], [ 12.170774546688563, 46.90921827906552 ], [ 12.17112739316619, 46.909091498567783 ], [ 12.171410548747584, 46.908980149222891 ], [ 12.171903821828046, 46.908826972698499 ], [ 12.17232665149996, 46.908815245158998 ], [ 12.172993188739023, 46.908760755731201 ], [ 12.173569102034893, 46.908672777857149 ], [ 12.173934350086592, 46.908631142787698 ], [ 12.174310676254587, 46.908499200886872 ], [ 12.17469319901654, 46.90841658473407 ], [ 12.175054361296624, 46.908208562826651 ], [ 12.175641849104935, 46.907886257808315 ], [ 12.176234982363145, 46.907617791869093 ], [ 12.176798994727978, 46.907287132962793 ], [ 12.177338846788718, 46.907186637912758 ], [ 12.177671571053006, 46.907316891014986 ], [ 12.178064713202705, 46.907580461600453 ], [ 12.178684593798387, 46.907819729569212 ], [ 12.179239394083256, 46.907943805638148 ], [ 12.179629854317676, 46.908009449319088 ], [ 12.179919087621446, 46.908014907496103 ], [ 12.180459818222277, 46.908053870528043 ], [ 12.180949692282546, 46.907954748242666 ], [ 12.18158491581854, 46.907829080920678 ], [ 12.182377001640189, 46.90763604656523 ], [ 12.183012874751036, 46.907438354593467 ], [ 12.183570769278266, 46.907323828151661 ], [ 12.184240359659537, 46.90703069256304 ], [ 12.184751006778681, 46.906728479427109 ], [ 12.185377718887974, 46.906612027741993 ], [ 12.186183814726359, 46.906531074471118 ], [ 12.186925156279438, 46.906465419687642 ], [ 12.187807430508162, 46.906395831882385 ], [ 12.189695183676887, 46.906230700094419 ], [ 12.190203455866222, 46.906234522883466 ], [ 12.190408081589482, 46.905796822886678 ], [ 12.190640588154535, 46.905344844913294 ], [ 12.190806512306917, 46.904849724927537 ], [ 12.190945947441367, 46.904350843820701 ], [ 12.191055717429345, 46.903780791560507 ], [ 12.19110228094625, 46.903486997730013 ], [ 12.19116733628743, 46.903048690538739 ], [ 12.191173349377038, 46.902652530026835 ], [ 12.191627604141733, 46.902783851299809 ], [ 12.19235562488223, 46.903033527000801 ], [ 12.192976993175451, 46.90318717756675 ], [ 12.193628564843603, 46.90342097986322 ], [ 12.194223977750562, 46.903593348127288 ], [ 12.194360686608704, 46.903270035602446 ], [ 12.194573477508786, 46.903025596248312 ], [ 12.19476127277353, 46.902691856362111 ], [ 12.19474294698473, 46.902300875368503 ], [ 12.194510033110969, 46.901861889519758 ], [ 12.194208907738135, 46.901379809158364 ], [ 12.194163654625989, 46.901115577838922 ], [ 12.194168469487183, 46.900782449336177 ], [ 12.194523988724987, 46.900399025940153 ], [ 12.195060767295194, 46.900069036574308 ], [ 12.195839606522135, 46.899655782033051 ], [ 12.196515506106081, 46.899429896108956 ], [ 12.196912150116503, 46.899117314402851 ], [ 12.197500971673769, 46.898641861117824 ], [ 12.19782488975399, 46.898169312305711 ], [ 12.198262338042907, 46.897756586542876 ], [ 12.198717478153394, 46.897379363606163 ], [ 12.199024793705199, 46.896848776622917 ], [ 12.199196390542147, 46.896546981590141 ], [ 12.199357261835582, 46.896299485413465 ], [ 12.199486232405501, 46.896012382162382 ], [ 12.199465411782507, 46.895841967554837 ], [ 12.199267965327554, 46.895640494734472 ], [ 12.198735575171746, 46.895146895554646 ], [ 12.198391985631506, 46.894778511649605 ], [ 12.197949295203815, 46.894399398157844 ], [ 12.19765586767522, 46.894101608121638 ], [ 12.197444407690021, 46.893761026329734 ], [ 12.197180349189185, 46.893142919316702 ], [ 12.196995609414985, 46.89283758906533 ], [ 12.196975833570015, 46.892505147476157 ], [ 12.197486608826038, 46.892153373351164 ], [ 12.197923015256348, 46.891875675317081 ], [ 12.198434234084814, 46.891600383214637 ], [ 12.199762367344357, 46.891113238140093 ], [ 12.200146997417766, 46.8909584781685 ], [ 12.20001111985928, 46.890660785230601 ], [ 12.199925863164859, 46.89027617711762 ], [ 12.200286547865602, 46.890050087814423 ], [ 12.200661718831338, 46.89002608864697 ], [ 12.200935664175349, 46.889955422360586 ], [ 12.201145802487574, 46.889805542793951 ], [ 12.20083371928188, 46.889593781606948 ], [ 12.200746321422253, 46.889393730999693 ], [ 12.200736830296735, 46.888890004745285 ], [ 12.200525052476626, 46.888598936550913 ], [ 12.200129417196925, 46.888389511711388 ], [ 12.1995659072461, 46.888378279281334 ], [ 12.19913435799501, 46.888295853767019 ], [ 12.199165447512643, 46.887894490497906 ], [ 12.199258209600121, 46.887288905152253 ], [ 12.199417839918874, 46.887144941584161 ], [ 12.199702146687523, 46.887069488382593 ], [ 12.20035059347731, 46.887046843691792 ], [ 12.200699222154935, 46.88705958652524 ], [ 12.20075515958653, 46.886635027634078 ], [ 12.20126944080384, 46.886701631343172 ], [ 12.201865865954634, 46.886797432405544 ], [ 12.202213317120806, 46.886652706051436 ], [ 12.202562704516987, 46.886719421095272 ], [ 12.202885987995893, 46.886692367646184 ], [ 12.203068785839005, 46.886565749786271 ], [ 12.203234299564562, 46.886273118354453 ], [ 12.203075420472107, 46.886030072309495 ], [ 12.202850173268295, 46.885815884393324 ], [ 12.203180846707864, 46.885307130579228 ], [ 12.203435530832385, 46.884872503276988 ], [ 12.203625236743196, 46.88466919213927 ], [ 12.203898137758268, 46.884292552531413 ], [ 12.204254544892317, 46.883940572089948 ], [ 12.204660182865808, 46.883506212160825 ], [ 12.205049577484123, 46.883184804288028 ], [ 12.20539805653047, 46.882824042506485 ], [ 12.205571306110107, 46.882675188481379 ], [ 12.206018340244949, 46.88231616207333 ], [ 12.206492090587659, 46.881978884454583 ], [ 12.206838875543843, 46.881658665062666 ], [ 12.207278545402469, 46.881272840522428 ], [ 12.207660024784897, 46.880915646064111 ], [ 12.207808475758361, 46.880722484802313 ], [ 12.208098273573034, 46.880327361098821 ], [ 12.208338074091753, 46.879960638929838 ], [ 12.208661150690988, 46.879587079760192 ], [ 12.208999160721902, 46.879271599757047 ], [ 12.209106864634617, 46.879138079295259 ], [ 12.209495426082896, 46.878776179843314 ], [ 12.209728746152342, 46.878589633943506 ], [ 12.210134165221509, 46.878276758411282 ], [ 12.210523750425136, 46.877973325812611 ], [ 12.211088541383566, 46.877691971931604 ], [ 12.211653904026068, 46.877392599421867 ], [ 12.212125566335899, 46.877145355338726 ], [ 12.212391062694792, 46.876975899863375 ], [ 12.21288815837358, 46.876687438701381 ], [ 12.213370005450047, 46.87634990450551 ], [ 12.213793905556516, 46.876085995771035 ], [ 12.214090488623034, 46.875654666195786 ], [ 12.214346135571001, 46.875224486457647 ], [ 12.214486613959062, 46.87503604027421 ], [ 12.214800945974263, 46.874599709905233 ], [ 12.21507265212424, 46.874191576686648 ], [ 12.215647357575332, 46.87404941930199 ], [ 12.216269855001848, 46.873869915342986 ], [ 12.216618424789939, 46.873855611304826 ], [ 12.216951154421546, 46.873850751684607 ], [ 12.217301899054114, 46.873845384258715 ], [ 12.217976108895682, 46.873817414057172 ], [ 12.218290773526633, 46.87386705817147 ], [ 12.218626753788005, 46.873889101830883 ], [ 12.218813431733645, 46.874212343179792 ], [ 12.21919203078434, 46.87479567817892 ], [ 12.21923416894048, 46.874992489345047 ], [ 12.219361510691224, 46.875434398590322 ], [ 12.219395437072382, 46.875658440506058 ], [ 12.219507229432516, 46.876100787314265 ], [ 12.219551143804022, 46.876437046473434 ], [ 12.219627857733952, 46.876731882700412 ], [ 12.219847208416674, 46.877175700790602 ], [ 12.219948569452754, 46.877375344082793 ], [ 12.220317484873386, 46.877850949363534 ], [ 12.220402224882996, 46.878019560723658 ], [ 12.22070516587954, 46.878407023847316 ], [ 12.221115206067939, 46.87899396678413 ], [ 12.22167752526212, 46.879657617216644 ], [ 12.22198605538296, 46.879905421369621 ], [ 12.222260776562546, 46.879780682413937 ], [ 12.222848963881145, 46.879548110338213 ], [ 12.223356085683649, 46.879290820579989 ], [ 12.223619357080594, 46.879139401417959 ], [ 12.224119559649241, 46.878999301714181 ], [ 12.22459983555864, 46.878855261755838 ], [ 12.225166086583918, 46.878722294884376 ], [ 12.225481135087431, 46.878681909633769 ], [ 12.225781425300896, 46.878655439638308 ], [ 12.226080558242188, 46.878705500490184 ], [ 12.226956673825727, 46.878883278578051 ], [ 12.22754738726854, 46.878884607809795 ], [ 12.22790413463238, 46.87892403790827 ], [ 12.228588822685756, 46.879206205410455 ], [ 12.228879733101397, 46.879310490379964 ], [ 12.229465094128832, 46.879563957537634 ], [ 12.229798806989782, 46.879752530290659 ], [ 12.230158493104957, 46.879895369012054 ], [ 12.230807459114525, 46.880156032563697 ], [ 12.231167436050249, 46.880289860018614 ], [ 12.231707860008541, 46.880396087353319 ], [ 12.232034829879739, 46.880499345265555 ], [ 12.232259929671843, 46.880668480804587 ], [ 12.232435623023338, 46.880834512507995 ], [ 12.232678150724942, 46.881075153661449 ], [ 12.232889458926945, 46.881465174945681 ], [ 12.233091227812414, 46.88184646564499 ], [ 12.233200277723345, 46.882077379464683 ], [ 12.233387275818334, 46.882513086528952 ], [ 12.233462217881396, 46.882722464763873 ], [ 12.233655937940181, 46.882901484696511 ], [ 12.233815011419519, 46.883022984823725 ], [ 12.234165711020898, 46.883193064740105 ], [ 12.234632124619134, 46.883404870033338 ], [ 12.235016131448472, 46.883569505294105 ], [ 12.23520035121583, 46.883658792554996 ], [ 12.23546039626145, 46.883876432527195 ], [ 12.235719919566893, 46.884044587325249 ], [ 12.23586996860227, 46.884206839409572 ], [ 12.235987797645691, 46.884392502738734 ], [ 12.236131248906707, 46.884649439925056 ], [ 12.23624879294675, 46.884871110568803 ], [ 12.236343060507172, 46.885196938444949 ], [ 12.236387135070041, 46.885465687518582 ], [ 12.236412379988211, 46.885721469644551 ], [ 12.236298433593207, 46.885913691834276 ], [ 12.236224011649973, 46.886190294253439 ], [ 12.236151001639064, 46.88639485762647 ], [ 12.236128786304665, 46.88658448373743 ], [ 12.236003627846333, 46.886781522823561 ], [ 12.236047176947428, 46.887014287332882 ], [ 12.236065899696284, 46.887216254778728 ], [ 12.236051210397354, 46.887612665068247 ], [ 12.236145691579125, 46.888050985431825 ], [ 12.236240984841336, 46.888516282348263 ], [ 12.236440733318661, 46.888699626874676 ], [ 12.236532950721587, 46.88881401539971 ], [ 12.236734924635162, 46.88893879723198 ], [ 12.237000504412853, 46.889057278376441 ], [ 12.237543718147165, 46.889248898176923 ], [ 12.238194514124707, 46.889428469256693 ], [ 12.238626964860986, 46.889470222344606 ], [ 12.239009187928684, 46.889495396667073 ], [ 12.239426354552613, 46.889528579748308 ], [ 12.23962778260165, 46.889671371701176 ], [ 12.239920355316231, 46.889883580109675 ], [ 12.240154252598206, 46.890061450746522 ], [ 12.240681607945007, 46.890357003572838 ], [ 12.241223725268121, 46.890598136316612 ], [ 12.242226076299758, 46.891082715654285 ], [ 12.242772560805063, 46.890770224776233 ], [ 12.243013153375307, 46.890637403934143 ], [ 12.243228100485902, 46.890487310135185 ], [ 12.243469550327815, 46.890259965277203 ], [ 12.243748723130649, 46.889937051162562 ], [ 12.24431241493609, 46.889543065791663 ], [ 12.244710341298999, 46.889243779830977 ], [ 12.24515658217314, 46.888943121435055 ], [ 12.245423078447301, 46.888859059705105 ], [ 12.246097473460235, 46.888776919497992 ], [ 12.246447151503837, 46.888942490884951 ], [ 12.246789193591797, 46.889090278237205 ], [ 12.24742178240043, 46.88910381591181 ], [ 12.247878555499502, 46.889086344039775 ], [ 12.248262437054143, 46.889070940805169 ], [ 12.248528116187321, 46.88898689502215 ], [ 12.248811542522501, 46.888897844491659 ], [ 12.249185074421185, 46.888779233509048 ], [ 12.249483239493204, 46.88867626270838 ], [ 12.249881342608802, 46.888570451062201 ], [ 12.251110353362252, 46.888054023728692 ], [ 12.251792840905775, 46.88822811648479 ], [ 12.252094504653744, 46.888305037065564 ], [ 12.25276882775397, 46.88845235652434 ], [ 12.253144206560826, 46.888513677735823 ], [ 12.253733695390599, 46.888370908456118 ], [ 12.254606287176518, 46.888256078885135 ], [ 12.255387392057022, 46.888215846122783 ], [ 12.255604983420088, 46.888232151477098 ], [ 12.256195248211291, 46.888224345685011 ], [ 12.256920123836604, 46.888176703596862 ], [ 12.257367088455471, 46.887929975876546 ], [ 12.257948104618366, 46.887688427303566 ], [ 12.258562426325165, 46.887468426444222 ], [ 12.258869027749743, 46.887369690572044 ], [ 12.259442116517535, 46.887105860513699 ], [ 12.260079635642596, 46.886795191315386 ], [ 12.260578998579895, 46.886600956450287 ], [ 12.261169229830722, 46.886660625022955 ], [ 12.261385984929657, 46.886798441750827 ], [ 12.261588538569768, 46.886999662366691 ], [ 12.261888300218892, 46.887112610921385 ], [ 12.262455614994607, 46.887132427008943 ], [ 12.262737635412394, 46.887128880860359 ], [ 12.263151531531021, 46.88685157418896 ], [ 12.263956388910092, 46.886473108839539 ], [ 12.26408169341267, 46.886591030894941 ], [ 12.264351130417703, 46.886934335877832 ], [ 12.26463478016951, 46.887119736319995 ], [ 12.264952561111638, 46.887218662590605 ], [ 12.265268707274783, 46.887236635603081 ], [ 12.265825930031067, 46.887184723946348 ], [ 12.26653302109448, 46.887142028566302 ], [ 12.267037821798384, 46.886821611499855 ], [ 12.267568820028838, 46.88659494252736 ], [ 12.267884679606357, 46.886432918526431 ], [ 12.268357247471885, 46.886216915472986 ], [ 12.269027460270536, 46.885851262234759 ], [ 12.269510129572902, 46.885706964785719 ], [ 12.270049290290968, 46.885493550643545 ], [ 12.270646884916136, 46.885323462189859 ], [ 12.270987574954239, 46.885219218696484 ], [ 12.271543390412246, 46.885077320263306 ], [ 12.272283472091662, 46.88488964688095 ], [ 12.273037748139629, 46.884679062652765 ], [ 12.27341064640817, 46.884551390266303 ], [ 12.273777545096609, 46.884486887733026 ], [ 12.274059264934657, 46.884397823079802 ], [ 12.274165976974787, 46.884183270043827 ], [ 12.274314453188925, 46.883994520781243 ], [ 12.274403971590536, 46.883780459812129 ], [ 12.274516361495641, 46.883241747277808 ], [ 12.274554516807839, 46.882750159870405 ], [ 12.274752109547942, 46.882452004641976 ], [ 12.274874663524798, 46.882295496592334 ], [ 12.274973436127528, 46.882018170747777 ], [ 12.275054485919227, 46.88179985177652 ], [ 12.2752091939574, 46.881322925757331 ], [ 12.275542199089227, 46.881133389479395 ], [ 12.276013311570207, 46.88088139637135 ], [ 12.276776503224925, 46.880589532486454 ], [ 12.277090674609541, 46.88042753104434 ], [ 12.277291277819801, 46.880286783403889 ], [ 12.277530370317404, 46.880117932519106 ], [ 12.277712957566669, 46.879923701027117 ], [ 12.277852667874738, 46.879699198596946 ], [ 12.277974056751459, 46.879254723361058 ], [ 12.278134699051185, 46.878620124550132 ], [ 12.277992721503743, 46.878444196287589 ], [ 12.277822310841632, 46.878003585455552 ], [ 12.277713354523565, 46.877777210789283 ], [ 12.277543766040436, 46.877363575694297 ], [ 12.277458841064654, 46.877181511555918 ], [ 12.277090564482053, 46.876913068882395 ], [ 12.276681626361741, 46.876636790248988 ], [ 12.276579516037396, 46.876455217888882 ], [ 12.276452544319907, 46.876175358728915 ], [ 12.276184175134569, 46.875836551158606 ], [ 12.276023918961457, 46.875629644421295 ], [ 12.275729608912284, 46.875228579549741 ], [ 12.275335405863672, 46.874789875548117 ], [ 12.275358550741624, 46.874415716162829 ], [ 12.275353565830013, 46.873929863537725 ], [ 12.2753922580617, 46.873487759415546 ], [ 12.275449000329626, 46.873247636346974 ], [ 12.275596329316587, 46.872865419708518 ], [ 12.275843305762521, 46.872664846566479 ], [ 12.276555582512652, 46.87219894363573 ], [ 12.277137997866317, 46.872065254943948 ], [ 12.277452960908256, 46.872024728374079 ], [ 12.27776899401211, 46.871907670951295 ], [ 12.278008870511274, 46.871752296165816 ], [ 12.278505279847705, 46.871499566989527 ], [ 12.279119291518279, 46.871130964311583 ], [ 12.279599036874142, 46.870887708098586 ], [ 12.279997206697377, 46.870732289027025 ], [ 12.280094586978811, 46.870499997748311 ], [ 12.28016738464834, 46.870187412242508 ], [ 12.280124210832357, 46.869963652637011 ], [ 12.280222675521596, 46.869735830076102 ], [ 12.280388041764654, 46.869609587326572 ], [ 12.280942247227799, 46.869229190417407 ], [ 12.281489669412773, 46.869033483877097 ], [ 12.281988782486346, 46.868866161015305 ], [ 12.282568941789684, 46.868629009994017 ], [ 12.282850282408917, 46.868508434275753 ], [ 12.283116069700869, 46.868401804303787 ], [ 12.283363287542979, 46.868259707199115 ], [ 12.283696732685952, 46.868079133739776 ], [ 12.284443668846224, 46.868008182362196 ], [ 12.284950712375327, 46.867930617946705 ], [ 12.285324871314369, 46.867946868493235 ], [ 12.285641456397029, 46.867973772052935 ], [ 12.285933472865468, 46.867960881067575 ], [ 12.286215388115197, 46.867957279556848 ], [ 12.286880160368364, 46.867870673595519 ], [ 12.287136347018416, 46.867660810996114 ], [ 12.287833234176976, 46.867334778132367 ], [ 12.288405679673263, 46.867039319493706 ], [ 12.288944019840262, 46.866762838772658 ], [ 12.289192026449506, 46.866620706246216 ], [ 12.289655323982164, 46.866377880442649 ], [ 12.290202626623127, 46.866060636181651 ], [ 12.29084081497245, 46.865767773478773 ], [ 12.29107246298277, 46.865653107401428 ], [ 12.291311734662967, 46.865515721580586 ], [ 12.291801747827758, 46.865267618028412 ], [ 12.292025180093301, 46.865112686802632 ], [ 12.291739025862016, 46.864751927404335 ], [ 12.29158716031384, 46.864441301363541 ], [ 12.291103527398494, 46.864297723256364 ], [ 12.290769741534001, 46.864203830411633 ], [ 12.290478791514561, 46.8640727042132 ], [ 12.290120778714776, 46.864119005615244 ], [ 12.289754842370641, 46.864143034015434 ], [ 12.289694414824648, 46.863865774526722 ], [ 12.28968451563712, 46.863663560793519 ], [ 12.289680506298136, 46.863195679528701 ], [ 12.289629080110636, 46.862904661114122 ], [ 12.289900694897769, 46.862451349947385 ], [ 12.290078968433006, 46.862000723819122 ], [ 12.290268846774483, 46.861873761187688 ], [ 12.290400846646655, 46.861712463990379 ], [ 12.290558219195225, 46.861509936769593 ], [ 12.290714501149189, 46.861343440458924 ], [ 12.290951706303607, 46.860864117082414 ], [ 12.291041936246604, 46.860650021629809 ], [ 12.290929837687219, 46.860144751378201 ], [ 12.290868849633888, 46.85981800884057 ], [ 12.290884020699647, 46.859543074063929 ], [ 12.290613716608259, 46.859145855810162 ], [ 12.290495750747688, 46.858933251972005 ], [ 12.290293388089061, 46.858534077803398 ], [ 12.290015458490887, 46.85813257757129 ], [ 12.289761232640426, 46.857649395228108 ], [ 12.2895512337229, 46.857232439533895 ], [ 12.289256944492639, 46.856844907989149 ], [ 12.289439149840343, 46.856673167615476 ], [ 12.289785250632423, 46.856298712962463 ], [ 12.290105318003574, 46.855673007891603 ], [ 12.290392694557443, 46.855156241895415 ], [ 12.290573538532302, 46.855029538539789 ], [ 12.291036686227363, 46.854692211315047 ], [ 12.2912191412964, 46.854511460877717 ], [ 12.291433225054776, 46.854284799979972 ], [ 12.291547758648745, 46.854146503867433 ], [ 12.291680228207055, 46.853859192197909 ], [ 12.291244647517788, 46.853534232612546 ], [ 12.291175801634505, 46.853333715430885 ], [ 12.290990675607787, 46.85297454592817 ], [ 12.290989485691224, 46.852754081479318 ], [ 12.291011203045937, 46.852492457956849 ], [ 12.291033767838952, 46.852284809715407 ], [ 12.291131507076985, 46.851791499408719 ], [ 12.291361916134802, 46.851483369111982 ], [ 12.291566668961108, 46.851171476912668 ], [ 12.291722657744238, 46.851000487367067 ], [ 12.291894084712842, 46.850586054506174 ], [ 12.292016378198335, 46.850132536173575 ], [ 12.292106051028707, 46.849922955545821 ], [ 12.292154274480207, 46.849773067930215 ], [ 12.292445353010804, 46.8497331870539 ], [ 12.292986073565308, 46.849726616021201 ], [ 12.293551634412234, 46.84975082675804 ], [ 12.293997563498655, 46.849494982616498 ], [ 12.294263497637273, 46.849352321995411 ], [ 12.294709406982527, 46.849055975817144 ], [ 12.294933302618132, 46.848896525007667 ], [ 12.295396619594793, 46.84850967493874 ], [ 12.295940657135025, 46.848061996491687 ], [ 12.296304705780772, 46.847768003580981 ], [ 12.296700386517859, 46.847468597500864 ], [ 12.296733630440224, 46.847382139432376 ], [ 12.296606081984173, 46.847106818215018 ], [ 12.296447765684517, 46.846917883465821 ], [ 12.296255064951019, 46.846729939734828 ], [ 12.29599472085383, 46.846548445543796 ], [ 12.295770125999377, 46.846388420231229 ], [ 12.295633508720169, 46.845937860160454 ], [ 12.295596775990651, 46.845592420541216 ], [ 12.295645167455467, 46.845244527419304 ], [ 12.295689943190755, 46.844784239001598 ], [ 12.29572966725703, 46.844576094983076 ], [ 12.295877031199483, 46.844144349306944 ], [ 12.295964976001013, 46.843813315772195 ], [ 12.296146210682558, 46.843466092963105 ], [ 12.297034077388863, 46.843386495011032 ], [ 12.29773291132838, 46.843312342218894 ], [ 12.298082334038332, 46.843275264049574 ], [ 12.298780093526833, 46.843237135671238 ], [ 12.299386138340511, 46.843107149944601 ], [ 12.300116579648948, 46.842973570715714 ], [ 12.300656081573852, 46.842881498617132 ], [ 12.30123845696262, 46.842860185837075 ], [ 12.301611615069376, 46.842849411442302 ], [ 12.302202740470834, 46.842863840935699 ], [ 12.302734929483837, 46.842852969869128 ], [ 12.303326294128025, 46.842804386880481 ], [ 12.303899087719445, 46.8427338375269 ], [ 12.304138521959095, 46.842641419097731 ], [ 12.304562909219229, 46.84254365497322 ], [ 12.304760322375117, 46.842434449745156 ], [ 12.305100119593027, 46.842307628587449 ], [ 12.305680720700078, 46.842097345093336 ], [ 12.306169371915455, 46.841858217523985 ], [ 12.306640862532491, 46.841660083969977 ], [ 12.306887982976583, 46.841252438559216 ], [ 12.306960869537013, 46.840944331613038 ], [ 12.306943286236333, 46.840764840782661 ], [ 12.30684057911248, 46.840547311997049 ], [ 12.306731056405463, 46.840352480147821 ], [ 12.306605181937515, 46.840158121071582 ], [ 12.306267366914232, 46.839582891871643 ], [ 12.305932441061175, 46.839214577434511 ], [ 12.305656200803124, 46.83892106512252 ], [ 12.305378267771944, 46.838519601433788 ], [ 12.305276128143102, 46.838338054696479 ], [ 12.305166889250026, 46.83813421315589 ], [ 12.305164005920334, 46.83790029726282 ], [ 12.305296379696737, 46.837612971612671 ], [ 12.305541269241894, 46.837142393582688 ], [ 12.305713471288902, 46.836889915855522 ], [ 12.305920034861737, 46.836622944394229 ], [ 12.305876016413908, 46.836466717583846 ], [ 12.30570834596247, 46.836165566235834 ], [ 12.305640866825463, 46.83600101763912 ], [ 12.305598486226927, 46.83584474336309 ], [ 12.305554082550858, 46.835508528085555 ], [ 12.305782911838634, 46.835110413478752 ], [ 12.306035656442967, 46.834581107250209 ], [ 12.306509840792422, 46.834414395873388 ], [ 12.307005557941242, 46.834251559708505 ], [ 12.306763533479367, 46.834087559995233 ], [ 12.30664702133725, 46.834018929768568 ], [ 12.306216046087497, 46.83394139296464 ], [ 12.305898182355309, 46.833743584474995 ], [ 12.305563428809794, 46.833591263275309 ], [ 12.305226619609138, 46.833205001150937 ], [ 12.304847563639383, 46.832851459065864 ], [ 12.304587226193803, 46.832615984266702 ], [ 12.304251860493954, 46.832333177274201 ], [ 12.303538042418907, 46.831746305303092 ], [ 12.302949771184721, 46.831308801793213 ], [ 12.302530370860266, 46.830938417525836 ], [ 12.302303605045793, 46.83071546780662 ], [ 12.301875773212917, 46.830367824600714 ], [ 12.301244616347082, 46.829751551244534 ], [ 12.301000365851868, 46.829457103952628 ], [ 12.300815926547948, 46.829309429084923 ], [ 12.300379108709542, 46.828948539733666 ], [ 12.300161107255905, 46.828761332688735 ], [ 12.299740674583605, 46.828413467934105 ], [ 12.299404781831177, 46.828081162067605 ], [ 12.298827009498062, 46.827746834151725 ], [ 12.298391346131307, 46.827444403763671 ], [ 12.297947232170184, 46.827151215446875 ], [ 12.297639298226965, 46.827047597390823 ], [ 12.296980370348219, 46.826886600355188 ], [ 12.296661167519048, 46.826598805067846 ], [ 12.295997156473391, 46.826073449832379 ], [ 12.295662727422355, 46.825858090511844 ], [ 12.295259232082101, 46.825478221175047 ], [ 12.295116013294935, 46.825347349072707 ], [ 12.294662892072772, 46.824973407800073 ], [ 12.294159882188209, 46.824600902091341 ], [ 12.293663686529097, 46.824205697930523 ], [ 12.293328179941437, 46.823972362875608 ], [ 12.292910288153127, 46.823651399789561 ], [ 12.292699989163644, 46.823495456630965 ], [ 12.292189123031513, 46.823181668374922 ], [ 12.29166297732419, 46.822845817782806 ], [ 12.291217586811189, 46.822584140050466 ], [ 12.290682756189801, 46.822307034818778 ], [ 12.290165937529068, 46.822056408711745 ], [ 12.289897303847042, 46.821911139026248 ], [ 12.28965401221892, 46.821751639608863 ], [ 12.289452173127966, 46.821586447101808 ], [ 12.288825139515779, 46.821140986240756 ], [ 12.288636603049653, 46.820790910073839 ], [ 12.288569462358877, 46.820603841647838 ], [ 12.288466604383789, 46.820422300456976 ], [ 12.288270688494812, 46.820004936065175 ], [ 12.288109733108392, 46.819757565550482 ], [ 12.288024610985353, 46.819584513878254 ], [ 12.28788875249783, 46.81938592120968 ], [ 12.287662353704757, 46.819113432020416 ], [ 12.287122849666597, 46.81854394517665 ], [ 12.286803735854257, 46.818188619965774 ], [ 12.286525511331741, 46.81783211852175 ], [ 12.286331879023793, 46.817653184628973 ], [ 12.285904800629089, 46.817327960019234 ], [ 12.28545970798382, 46.816868251737581 ], [ 12.285131078452096, 46.816558195197565 ], [ 12.284629056717709, 46.816280119021613 ], [ 12.284128128430439, 46.81599300925577 ], [ 12.283925784307634, 46.815859321436875 ], [ 12.283423781685739, 46.815608239375898 ], [ 12.283172359096691, 46.815394959793068 ], [ 12.282845959663717, 46.815201832423391 ], [ 12.282470204058356, 46.814992121150155 ], [ 12.282816686233504, 46.814788673750066 ], [ 12.283090396675073, 46.814668314774003 ], [ 12.283363010777038, 46.81458398655144 ], [ 12.283611624260658, 46.814441847066227 ], [ 12.283858603821383, 46.814286253985777 ], [ 12.284237751413906, 46.813919864300885 ], [ 12.284565931366478, 46.813631437389816 ], [ 12.284772266257175, 46.813441009977225 ], [ 12.285025994307269, 46.81308722076291 ], [ 12.285254375629604, 46.812774659206845 ], [ 12.285532071362782, 46.812357180225177 ], [ 12.28570294147876, 46.812136270239357 ], [ 12.285843570646062, 46.811970229010797 ], [ 12.286058088920221, 46.811833563940588 ], [ 12.286683346265766, 46.811338592374362 ], [ 12.287005505320403, 46.811045831345297 ], [ 12.287334741050566, 46.810748365920105 ], [ 12.287729938366052, 46.810444502775653 ], [ 12.288001943250563, 46.810229680990055 ], [ 12.288396589149775, 46.809889831386421 ], [ 12.289245275803784, 46.809190419289969 ], [ 12.289381151842569, 46.808732010566047 ], [ 12.289493597275651, 46.808319275744843 ], [ 12.289605830638106, 46.808104546747309 ], [ 12.289662730040595, 46.80786890977285 ], [ 12.289660469200095, 46.807657474967698 ], [ 12.289642782483432, 46.806964984298588 ], [ 12.289680562816862, 46.806644397431839 ], [ 12.289636299511146, 46.80634867117147 ], [ 12.289699444863817, 46.806067854431902 ], [ 12.289789336819121, 46.805862768006889 ], [ 12.28994326615093, 46.805633338829502 ], [ 12.290097140571991, 46.805214911082764 ], [ 12.290391096511545, 46.804756451735308 ], [ 12.29066871378407, 46.804338961838468 ], [ 12.290824262550792, 46.804068984800388 ], [ 12.290946620970187, 46.80397996287715 ], [ 12.291120217772017, 46.803871465894389 ], [ 12.291401483342872, 46.803741869093734 ], [ 12.291690627297024, 46.803580544769957 ], [ 12.291980340320382, 46.80346870331779 ], [ 12.292185809347849, 46.80331878697973 ], [ 12.292371524290033, 46.802845439105937 ], [ 12.292599262564423, 46.802496880690754 ], [ 12.292436602640784, 46.80197956492561 ], [ 12.292274274301407, 46.801588239387073 ], [ 12.291957223561324, 46.801480368751683 ], [ 12.291398632049034, 46.801239951051862 ], [ 12.290612970809077, 46.800916066264584 ], [ 12.289978338391341, 46.800677830190253 ], [ 12.289669750378419, 46.800560709695354 ], [ 12.289110921981825, 46.800369787660912 ], [ 12.28883477123907, 46.800247231740116 ], [ 12.288275093062413, 46.799934830053161 ], [ 12.287924261138446, 46.79978291982566 ], [ 12.287787064988473, 46.799467365192712 ], [ 12.287608967931574, 46.799112486508484 ], [ 12.287696639488184, 46.798803965374518 ], [ 12.287791333800007, 46.798288242141986 ], [ 12.287805180853939, 46.798112343883176 ], [ 12.287884084455564, 46.797660074644774 ], [ 12.288026738651226, 46.79712497188914 ], [ 12.288095531292038, 46.796573993170512 ], [ 12.288191644589018, 46.796283228767386 ], [ 12.28829453238364, 46.795848269334066 ], [ 12.288358516366467, 46.795621428886641 ], [ 12.288264159074883, 46.795457642657404 ], [ 12.288137888675166, 46.795186774107513 ], [ 12.287857007866801, 46.794623351559849 ], [ 12.287388706271534, 46.794371317750681 ], [ 12.287004654304873, 46.794184359897166 ], [ 12.286703738696266, 46.794058010847472 ], [ 12.286404200657474, 46.793981121445285 ], [ 12.286103558337876, 46.793872762975766 ], [ 12.285569340147859, 46.793681116361192 ], [ 12.284928040614775, 46.793546544030278 ], [ 12.284055352381879, 46.793391614870139 ], [ 12.2836211857152, 46.793323085260099 ], [ 12.28298099056669, 46.793246970328163 ], [ 12.282622868757715, 46.793176253257762 ], [ 12.282389026921065, 46.793128967068867 ], [ 12.28213146626582, 46.79300136127155 ], [ 12.281828639391398, 46.792762554210256 ], [ 12.281276431113572, 46.792409403870629 ], [ 12.280924557057068, 46.792212502101506 ], [ 12.280873010928428, 46.79198448118084 ], [ 12.280661194569237, 46.791558559161253 ], [ 12.280587031800058, 46.791376187112441 ], [ 12.280681291737105, 46.791134982179521 ], [ 12.280883432617959, 46.790715181219205 ], [ 12.280892911466504, 46.790399908953326 ], [ 12.28094628692905, 46.790173377033327 ], [ 12.281014109070652, 46.789968930507975 ], [ 12.281015985173463, 46.789743876467519 ], [ 12.281133938506828, 46.7895154911498 ], [ 12.281195214326024, 46.789284232344187 ], [ 12.281298694685303, 46.78881776196679 ], [ 12.281483676488774, 46.788519952391475 ], [ 12.281711953088886, 46.788045399556374 ], [ 12.281974024463791, 46.787614876145931 ], [ 12.282050005973957, 46.787396694672914 ], [ 12.282201752770746, 46.787198838067191 ], [ 12.282302261762302, 46.786966452235909 ], [ 12.282371983684406, 46.786766450258895 ], [ 12.282507609404904, 46.786357555769243 ], [ 12.282576225924538, 46.786085585282891 ], [ 12.282888697192075, 46.785676112549531 ], [ 12.283022730763205, 46.785510263465419 ], [ 12.283191354181879, 46.785266920767342 ], [ 12.28334990803924, 46.785059867053569 ], [ 12.283445181460998, 46.784620630145994 ], [ 12.283581347017913, 46.784247718788393 ], [ 12.283542067459374, 46.784019346536894 ], [ 12.283469807569203, 46.783773921438758 ], [ 12.283538963465061, 46.783510934788133 ], [ 12.283574055983914, 46.783266926459454 ], [ 12.283725512835806, 46.783064575991808 ], [ 12.283882699338067, 46.782902560813909 ], [ 12.28411727638326, 46.782774322398993 ], [ 12.284400904194287, 46.782671674411809 ], [ 12.284710415113425, 46.782563782059455 ], [ 12.284958627240513, 46.782498150273149 ], [ 12.28525915403397, 46.78243101464804 ], [ 12.285741161867209, 46.782412662698135 ], [ 12.286613382633815, 46.782468591811345 ], [ 12.287328372226476, 46.782524535389392 ], [ 12.287593233574643, 46.782570919370428 ], [ 12.28824965481892, 46.782646541418067 ], [ 12.288830866053651, 46.782697323239212 ], [ 12.289396808147858, 46.782712541348822 ], [ 12.290111003054102, 46.78278199040431 ], [ 12.290874782118316, 46.782845507710945 ], [ 12.291132010219034, 46.782887603203896 ], [ 12.291829322102648, 46.782975527576227 ], [ 12.292177545337134, 46.782979000530176 ], [ 12.292968531628684, 46.78292472007476 ], [ 12.293325753930281, 46.782914430285693 ], [ 12.293756554030562, 46.782942519701095 ], [ 12.29441244900192, 46.78303612154177 ], [ 12.294703211774911, 46.783117742755095 ], [ 12.295324287139634, 46.783338343135334 ], [ 12.295747787341394, 46.783488135770526 ], [ 12.29615304430008, 46.783647452840199 ], [ 12.296608709806257, 46.783814314964893 ], [ 12.297082574053846, 46.7838501500974 ], [ 12.297713674347349, 46.783912947986259 ], [ 12.298021567553899, 46.783886066353119 ], [ 12.298686660549276, 46.783808377872944 ], [ 12.299129121193623, 46.783719110264649 ], [ 12.299529073485576, 46.783617567734261 ], [ 12.300070377023589, 46.783390443342086 ], [ 12.300487483328423, 46.783261402192622 ], [ 12.300797384167433, 46.782919454168201 ], [ 12.301006804376259, 46.782715406993248 ], [ 12.301133930443518, 46.782477735591733 ], [ 12.301391350290487, 46.78234880192138 ], [ 12.301875199626577, 46.782240328335085 ], [ 12.302239563357825, 46.782346804723836 ], [ 12.302719986890093, 46.782436427123379 ], [ 12.303252420302218, 46.782466044578534 ], [ 12.303510997577753, 46.782463073066403 ], [ 12.303909377292394, 46.782510061022528 ], [ 12.304249695862644, 46.782504725535134 ], [ 12.304897151104557, 46.782594011064198 ], [ 12.305113496781473, 46.782583256717267 ], [ 12.305495286465812, 46.782666718876115 ], [ 12.305968335518763, 46.782716040708834 ], [ 12.306207465481229, 46.782983626343004 ], [ 12.306439490721004, 46.783215416837599 ], [ 12.30661044349012, 46.783385973070835 ], [ 12.306784150939118, 46.783601449516432 ], [ 12.306940650331731, 46.783749923237934 ], [ 12.307064177983291, 46.783894850506925 ], [ 12.307288312010581, 46.784131367559077 ], [ 12.307618403988817, 46.784306318481711 ], [ 12.307841644420034, 46.784421359913289 ], [ 12.308329826655626, 46.784663734768365 ], [ 12.30870296503779, 46.784819436823049 ], [ 12.309010877445219, 46.784833025111723 ], [ 12.309634558215814, 46.784774471492248 ], [ 12.309933704053536, 46.784711810824234 ], [ 12.310199914002352, 46.784699603176968 ], [ 12.310582713156039, 46.784639018657565 ], [ 12.31100848864808, 46.784464687817845 ], [ 12.311383035526831, 46.784309839275231 ], [ 12.311791908930324, 46.784140495067419 ], [ 12.31233298390581, 46.784030319389636 ], [ 12.312966382020482, 46.783876965625716 ], [ 12.313224371476561, 46.783810988927286 ], [ 12.313923743820128, 46.783691717944095 ], [ 12.314763967833739, 46.783559358796303 ], [ 12.315230086585574, 46.783442342588522 ], [ 12.315738437046459, 46.783333099663118 ], [ 12.316445650570344, 46.783155085527774 ], [ 12.316746418061467, 46.783105859937791 ], [ 12.31735334880101, 46.782921749462496 ], [ 12.317886488031487, 46.782816277642539 ], [ 12.318352357806869, 46.782735255996137 ], [ 12.319251177922755, 46.782650663080091 ], [ 12.319825227894006, 46.782597994596912 ], [ 12.320215921211556, 46.782559648510436 ], [ 12.320873590209713, 46.782468546069808 ], [ 12.32189606107813, 46.782330840183739 ], [ 12.322771131218534, 46.782219909474392 ], [ 12.323427426678641, 46.782119832161122 ], [ 12.323752174993633, 46.782087890998511 ], [ 12.324018341255105, 46.782048652198476 ], [ 12.324359127113119, 46.781971242797098 ], [ 12.324800707494445, 46.781868400952007 ], [ 12.32530026747121, 46.781723370768354 ], [ 12.326158573205516, 46.781473400979827 ], [ 12.3268076573399, 46.78127001347648 ], [ 12.326959255106107, 46.781112601116156 ], [ 12.327078033369137, 46.780821143032391 ], [ 12.327584025879272, 46.780581415110142 ], [ 12.328132961023778, 46.780506935614923 ], [ 12.328440240419214, 46.780457489521396 ], [ 12.328648376199363, 46.780433429458235 ], [ 12.329048456070712, 46.780268779103757 ], [ 12.329322362823467, 46.780089801767851 ], [ 12.32982279336135, 46.779760225353414 ], [ 12.330282714703557, 46.779517327227715 ], [ 12.33188490709956, 46.779155641173908 ], [ 12.332848967282276, 46.779015039095711 ], [ 12.333961375252883, 46.778996103363276 ], [ 12.335440350718784, 46.779078963012012 ], [ 12.336396950328314, 46.779096049474106 ], [ 12.336677738845335, 46.779002353995281 ], [ 12.337292723621957, 46.778817901895437 ], [ 12.338610262834548, 46.778117928427037 ], [ 12.339838969249199, 46.777875037566034 ], [ 12.340850726833114, 46.777566473211927 ], [ 12.341528898852822, 46.776975149060327 ], [ 12.341999628195781, 46.776299884726839 ], [ 12.342936639645481, 46.775948486470249 ], [ 12.344708243557323, 46.77631517026083 ], [ 12.346254998596509, 46.776607407850811 ], [ 12.3465471414214, 46.7766708566338 ], [ 12.348299405691158, 46.776619548143692 ], [ 12.349213435673915, 46.776610773637742 ], [ 12.349870382772274, 46.776681525810183 ], [ 12.350444020211956, 46.776781716035778 ], [ 12.351209446411907, 46.777069782686894 ], [ 12.351649495570186, 46.776917381097071 ], [ 12.352128161711562, 46.776358842651554 ], [ 12.352889658375119, 46.775648006256333 ], [ 12.353918089308104, 46.775280336095271 ], [ 12.354749044713556, 46.775120953280769 ], [ 12.355047282067934, 46.775071700646869 ], [ 12.355694941986126, 46.774953690428248 ], [ 12.356508284654028, 46.774866812292984 ], [ 12.357446208086897, 46.774663768731273 ], [ 12.358182188535483, 46.774070646827504 ], [ 12.358530275593768, 46.77367791805051 ], [ 12.358965571483521, 46.77297662340532 ], [ 12.358962370014828, 46.771991209748904 ], [ 12.35895135198837, 46.771748531566494 ], [ 12.35887380316329, 46.771291806484292 ], [ 12.358629142352006, 46.770412487750342 ], [ 12.358453092000175, 46.770017156728215 ], [ 12.358208847743301, 46.769565328253861 ], [ 12.358207947565955, 46.76934035286623 ], [ 12.358239364961005, 46.768884926216877 ], [ 12.358237374710894, 46.76865548279703 ], [ 12.359053793108181, 46.767659488167446 ], [ 12.359293665302049, 46.767251936172684 ], [ 12.359562558469486, 46.76625852575939 ], [ 12.359635890843721, 46.764595856177571 ], [ 12.359785571787272, 46.764172953392851 ], [ 12.361093522852114, 46.761830483694574 ], [ 12.361603409404816, 46.761014483385118 ], [ 12.36191265945766, 46.760091880377281 ], [ 12.361964432442482, 46.75993735630486 ], [ 12.362243983062051, 46.759510630434129 ], [ 12.362986046705329, 46.758467292333364 ], [ 12.363530683425445, 46.757947263484525 ], [ 12.364216427785356, 46.757288077951344 ], [ 12.364476126684831, 46.756083422791569 ], [ 12.364689094912746, 46.755442648054888 ], [ 12.364911416096589, 46.755017599754687 ], [ 12.365239588536916, 46.754701936047638 ], [ 12.36591005375565, 46.754061189863535 ], [ 12.365967818823082, 46.753924487559495 ], [ 12.366146418414887, 46.753257721562754 ], [ 12.366161148587082, 46.752798282966118 ], [ 12.366163025086498, 46.751502213920659 ], [ 12.36655752285556, 46.750820089143261 ], [ 12.366655836562794, 46.750191686897033 ], [ 12.366775294048876, 46.749508661179846 ], [ 12.367233534192911, 46.748221649716335 ], [ 12.367499357699987, 46.746841303638398 ], [ 12.367424958302999, 46.746330489538167 ], [ 12.367675696004749, 46.746152100918316 ], [ 12.367880941008723, 46.745966051980041 ], [ 12.36810113330942, 46.745757061989806 ], [ 12.368502107668359, 46.745389742628184 ], [ 12.368584128915174, 46.745274824281985 ], [ 12.368639809597493, 46.745196682534541 ], [ 12.368786984629359, 46.744341835372332 ], [ 12.368707325658351, 46.744101180105552 ], [ 12.368654158835733, 46.743747242746593 ], [ 12.368595750531423, 46.743505961139583 ], [ 12.368478642501195, 46.743018906355381 ], [ 12.368498336697561, 46.742914824777337 ], [ 12.368493761134602, 46.742788958117323 ], [ 12.368479382486401, 46.74250587846236 ], [ 12.368560604273052, 46.742246981922122 ], [ 12.368671008265135, 46.742009725591309 ], [ 12.368864699958648, 46.741455010768128 ], [ 12.368912999258981, 46.741206084316495 ], [ 12.36911873717581, 46.740529512487868 ], [ 12.369163724212065, 46.740411185112428 ], [ 12.369491348135265, 46.740469028985885 ], [ 12.370750718545651, 46.740733403078067 ], [ 12.371089530435155, 46.740799912568555 ], [ 12.371159631981605, 46.74057284241109 ], [ 12.371235688513019, 46.740323096298518 ], [ 12.371390536617971, 46.739828023281412 ], [ 12.371496328753441, 46.739464898546743 ], [ 12.371611652744468, 46.739096992488136 ], [ 12.37173792146023, 46.738616262045667 ], [ 12.371899612008162, 46.737994984786106 ], [ 12.37205585630686, 46.737378367961192 ], [ 12.372112865584342, 46.737138183147067 ], [ 12.372211834901318, 46.736770758820128 ], [ 12.372312961318467, 46.736385270517133 ], [ 12.372400495033101, 46.736018183360152 ], [ 12.37249620722705, 46.735650854820392 ], [ 12.37252701346122, 46.735528444342101 ], [ 12.372558905208452, 46.735397001709131 ], [ 12.372596244315384, 46.735274398458913 ], [ 12.372871555689985, 46.734573266103489 ], [ 12.373335530632026, 46.733133055745355 ], [ 12.374052280081338, 46.732243389639464 ], [ 12.37567565346396, 46.731749953819772 ], [ 12.376170381453775, 46.731091833678136 ], [ 12.376275294450288, 46.730571227781624 ], [ 12.376486698161214, 46.72993497459597 ], [ 12.377023282181353, 46.728965109788739 ], [ 12.377135046931288, 46.72876380498851 ], [ 12.377535114328277, 46.727586467872165 ], [ 12.377736405311497, 46.726514004642738 ], [ 12.377730105416365, 46.725771680148569 ], [ 12.377667607976715, 46.724680011145843 ], [ 12.377525312162218, 46.723266695199669 ], [ 12.377539524095491, 46.722865769368525 ], [ 12.377957981110276, 46.721930890012167 ], [ 12.378731050933705, 46.721003527633066 ], [ 12.379077331657202, 46.720628785753448 ], [ 12.379688654513791, 46.72009770410822 ], [ 12.381604034448447, 46.718565031541502 ], [ 12.382017255936878, 46.718201800271167 ], [ 12.383103385927916, 46.717116641699299 ], [ 12.383730903301011, 46.716558058153851 ], [ 12.384670300394406, 46.716552745118157 ], [ 12.386022468205802, 46.716661199314679 ], [ 12.386685403032379, 46.716538057164747 ], [ 12.387232076730893, 46.716386856020009 ], [ 12.387341281294605, 46.716158616147929 ], [ 12.387649076051204, 46.715771488050336 ], [ 12.388197114764761, 46.71523773556617 ], [ 12.389169693390222, 46.714326886988509 ], [ 12.389392684402862, 46.71412677158645 ], [ 12.390381038129949, 46.713494449274883 ], [ 12.391494107426992, 46.713038420804828 ], [ 12.392007544164128, 46.712762180633135 ], [ 12.392696178052901, 46.712345735697809 ], [ 12.393045382116933, 46.712137366573451 ], [ 12.394000114161775, 46.711465509875921 ], [ 12.394954438261658, 46.710996160649501 ], [ 12.395469084891491, 46.710791870009309 ], [ 12.39670408945876, 46.710521171111026 ], [ 12.397360126155116, 46.710276669379141 ], [ 12.397933045890509, 46.71010213600271 ], [ 12.399285190866175, 46.709782925772032 ], [ 12.400332177583291, 46.709175772948711 ], [ 12.40089552955134, 46.707574983789364 ], [ 12.401826098609281, 46.707119783491443 ], [ 12.402829787654685, 46.706644398313536 ], [ 12.403361212656485, 46.706435072116577 ], [ 12.406182632146914, 46.705739014219155 ], [ 12.406762246798374, 46.705555236460135 ], [ 12.408271950772157, 46.705429226292971 ], [ 12.40857859099647, 46.705546084360975 ], [ 12.410021349295258, 46.705966557652999 ], [ 12.410510379872539, 46.705681961402803 ], [ 12.410520863384725, 46.704862633202978 ], [ 12.410945983933539, 46.703058913165556 ], [ 12.411501029892133, 46.702421335622752 ], [ 12.412728785621852, 46.701651168754786 ], [ 12.413234368843563, 46.701370566348466 ], [ 12.413907787775702, 46.70065294025283 ], [ 12.414861854133848, 46.700223931145402 ], [ 12.415955985418186, 46.699786227821228 ], [ 12.417225086428097, 46.699478285411239 ], [ 12.417821879132314, 46.699347938439558 ], [ 12.418766948205416, 46.699243171948801 ], [ 12.420019232813683, 46.699070704052069 ], [ 12.42070760100432, 46.699108605128302 ], [ 12.421371373462829, 46.699106737508188 ], [ 12.423029355282873, 46.699273098423951 ], [ 12.424208012575642, 46.699435796321012 ], [ 12.424936651551951, 46.699476965479377 ], [ 12.425258956864463, 46.699453806524531 ], [ 12.425915516376184, 46.699402627624202 ], [ 12.426445981289147, 46.699296724043371 ], [ 12.42733434962523, 46.698671575608515 ], [ 12.428080500128246, 46.69758267617803 ], [ 12.428172521284235, 46.696247888341446 ], [ 12.428098346155807, 46.694819083159352 ], [ 12.428398624067883, 46.694616572115521 ], [ 12.42935129660091, 46.694542990098249 ], [ 12.430463206610224, 46.694415119680478 ], [ 12.431117803979836, 46.694269467458994 ], [ 12.432020273315612, 46.693958865130675 ], [ 12.433440489347538, 46.693407698296632 ], [ 12.434949180842478, 46.692705351384276 ], [ 12.435885347489933, 46.692308203631484 ], [ 12.436407974039662, 46.692067486015837 ], [ 12.436541310111943, 46.691901473351685 ], [ 12.437196703775474, 46.691305752198382 ], [ 12.43789295903993, 46.690735798666267 ], [ 12.438573086504094, 46.690143825523741 ], [ 12.439584806662872, 46.689843376108236 ], [ 12.440556182050868, 46.689602633515563 ], [ 12.441773845495273, 46.688967457335075 ], [ 12.441989806240567, 46.68878994973182 ], [ 12.44294326036829, 46.688126716793313 ], [ 12.443259257087048, 46.688198198877004 ], [ 12.44386335419329, 46.688648007983467 ], [ 12.444517843753449, 46.689118795670709 ], [ 12.445272874467506, 46.68973055210769 ], [ 12.446126233661923, 46.689947829863172 ], [ 12.447353624953125, 46.689915314386987 ], [ 12.449509490507902, 46.689764763991555 ], [ 12.45091012819579, 46.689731481223298 ], [ 12.451259078546736, 46.689729944509104 ], [ 12.451963035524612, 46.688142648198685 ], [ 12.455453861183445, 46.688046158554698 ], [ 12.457136069517782, 46.687968284804811 ], [ 12.459407920725837, 46.687728536317074 ], [ 12.460775557282966, 46.687448625165857 ], [ 12.462260456821109, 46.68694463991789 ], [ 12.463180707361399, 46.686673752029321 ], [ 12.464108494560175, 46.686623133578891 ], [ 12.465119728150448, 46.686713981059718 ], [ 12.466131102164217, 46.686998320030206 ], [ 12.46709985675079, 46.68730644354509 ], [ 12.467648096271692, 46.687366312322901 ], [ 12.469331312165808, 46.687202725869035 ], [ 12.470483842444334, 46.687023729994216 ], [ 12.471851130336539, 46.68696870187361 ], [ 12.473600398351232, 46.686879547631548 ], [ 12.474579367537602, 46.686620283197087 ], [ 12.47556654315615, 46.686005251869588 ], [ 12.475880791763828, 46.685667186583643 ], [ 12.476477134685608, 46.684834527477385 ], [ 12.476641829269159, 46.684064498182082 ], [ 12.477521079275611, 46.682890218322214 ], [ 12.477429932943577, 46.681992968751842 ], [ 12.477405586967137, 46.681512197215078 ], [ 12.477743772773485, 46.680453379627323 ], [ 12.477918926866252, 46.679872034602454 ], [ 12.477528715513971, 46.679802906783159 ], [ 12.476318536647989, 46.679488715429514 ], [ 12.475314885851837, 46.67913223015961 ], [ 12.473980447937512, 46.678664288574659 ], [ 12.470689603357807, 46.677688747357379 ], [ 12.468070402895449, 46.676989739391182 ], [ 12.465707763026391, 46.676390894225868 ], [ 12.463270911180262, 46.675704246892096 ], [ 12.462267204612051, 46.675446651357106 ], [ 12.461123187343976, 46.675346300286996 ], [ 12.460643682498405, 46.675311319852739 ], [ 12.460087707089009, 46.675013145944938 ], [ 12.459218400208389, 46.674607450847887 ], [ 12.458131714843843, 46.674406331980293 ], [ 12.457004400945138, 46.674170430852612 ], [ 12.455025001380191, 46.673951281516956 ], [ 12.453963367468821, 46.67350185945952 ], [ 12.452553642002075, 46.673116945291866 ], [ 12.451924724184138, 46.673455451151199 ], [ 12.451900220921956, 46.673276186766607 ], [ 12.451534868123289, 46.673134217583424 ], [ 12.451004549780635, 46.672929727042522 ], [ 12.449594230344688, 46.672432291518732 ], [ 12.449015292642729, 46.671810748851634 ], [ 12.448783146225626, 46.671655750538747 ], [ 12.446363268968948, 46.67104923272661 ], [ 12.444854985386295, 46.670847200201109 ], [ 12.444316463911019, 46.670525923026588 ], [ 12.443429893327918, 46.670282632305742 ], [ 12.441639810857538, 46.669760539535837 ], [ 12.440157201833776, 46.669305665627746 ], [ 12.439045976615159, 46.669024102041575 ], [ 12.437555747022158, 46.668924932467895 ], [ 12.436610205772004, 46.668858866923458 ], [ 12.435955299825828, 46.668788556159051 ], [ 12.435366992839588, 46.668621737411421 ], [ 12.434281462448048, 46.668280853696551 ], [ 12.433926701577048, 46.667634497670186 ], [ 12.433577271355908, 46.667419990956446 ], [ 12.433041259348933, 46.667278589759043 ], [ 12.431468751786698, 46.665557272592189 ], [ 12.429356633582893, 46.663325614211125 ], [ 12.428881602894801, 46.662804354335336 ], [ 12.427460249968028, 46.66158245917164 ], [ 12.424068718426318, 46.658570046003163 ], [ 12.423737096171722, 46.65827397367282 ], [ 12.421856999684401, 46.656588739160576 ], [ 12.418649754049003, 46.653755151768969 ], [ 12.417708488786309, 46.652910282866806 ], [ 12.417652084297107, 46.652857968309277 ], [ 12.416039778536037, 46.651371634639673 ], [ 12.415124889157552, 46.65050345547332 ], [ 12.413712647829724, 46.64951962308632 ], [ 12.412599349006062, 46.648729352021498 ], [ 12.410124856337614, 46.646985170394679 ], [ 12.409102639494643, 46.646277649590353 ], [ 12.408771933068097, 46.645954505834965 ], [ 12.407309514804563, 46.644688583843468 ], [ 12.405787415247913, 46.64319941601304 ], [ 12.405290190900638, 46.643007227798073 ], [ 12.403656697808438, 46.642916386387213 ], [ 12.401684051727498, 46.642822116909443 ], [ 12.399926911592942, 46.642725902263763 ], [ 12.393260239474092, 46.641754014169663 ], [ 12.392464848829805, 46.641638124626994 ], [ 12.391187608064316, 46.641509528215856 ], [ 12.388487747523122, 46.642336629781461 ], [ 12.385762816246007, 46.643168909944634 ], [ 12.385183975544697, 46.643316560449222 ], [ 12.383177916799502, 46.643510967585435 ], [ 12.381610216053508, 46.643282859502321 ], [ 12.379927153557762, 46.642828636263268 ], [ 12.379877049776177, 46.642627613197476 ], [ 12.379302587886091, 46.641614076360774 ], [ 12.379052453647063, 46.640955456343391 ], [ 12.378377366936876, 46.638981866490596 ], [ 12.378219228721536, 46.638541030322962 ], [ 12.378076397544699, 46.637847735288616 ], [ 12.378299139463026, 46.637202135339614 ], [ 12.378447029614621, 46.636639749709374 ], [ 12.379397823388688, 46.635752116736874 ], [ 12.380292624540159, 46.635460146668315 ], [ 12.381954081687811, 46.633790950264995 ], [ 12.38228511176642, 46.633403143968735 ], [ 12.382581738166799, 46.632777848948557 ], [ 12.382920651893752, 46.631966796615899 ], [ 12.383629865426615, 46.63127978332971 ], [ 12.384466954518873, 46.630980488550854 ], [ 12.385385435179918, 46.630624775114768 ], [ 12.386240121722059, 46.63030694546724 ], [ 12.38777991534826, 46.629793297117828 ], [ 12.387894455145631, 46.629600896649656 ], [ 12.389193068686627, 46.628468862366311 ], [ 12.389845987060271, 46.627549473114279 ], [ 12.389969281066325, 46.627392811749317 ], [ 12.389944202943717, 46.627213550908117 ], [ 12.389502733642447, 46.626277120583218 ], [ 12.38927614239981, 46.625185811884343 ], [ 12.388828085838641, 46.624470080071134 ], [ 12.387791232376125, 46.623974308355621 ], [ 12.386645929530941, 46.623715747440116 ], [ 12.385925270238861, 46.623471594891278 ], [ 12.385726390123551, 46.62331998309859 ], [ 12.385202945123337, 46.62278197528223 ], [ 12.383951215065307, 46.622544540455173 ], [ 12.381888256006921, 46.62256060793716 ], [ 12.380014851674062, 46.622539530963948 ], [ 12.37895495612015, 46.622458371593773 ], [ 12.378284931414155, 46.622397178582638 ], [ 12.376551627367862, 46.622029894063672 ], [ 12.375706179734163, 46.621537357502248 ], [ 12.375140925942734, 46.621257045489607 ], [ 12.374071470472748, 46.620811613611721 ], [ 12.3734578175852, 46.620658725559892 ], [ 12.371949452505895, 46.620244229902639 ], [ 12.370613958697328, 46.619878617103439 ], [ 12.370035330783319, 46.619868681386173 ], [ 12.369091257955988, 46.619811015602409 ], [ 12.368187801868972, 46.619671142794253 ], [ 12.366695110468315, 46.619508122390229 ], [ 12.365569720748024, 46.619541271210295 ], [ 12.36494736963798, 46.619537097467358 ], [ 12.364408166130961, 46.619543972817539 ], [ 12.36231281610228, 46.61945713745601 ], [ 12.360142934881024, 46.619484957949325 ], [ 12.359471522762426, 46.619743203511305 ], [ 12.358958236939865, 46.620023798167885 ], [ 12.358195963666406, 46.620581714289692 ], [ 12.356807057597031, 46.621212034726319 ], [ 12.353353748992831, 46.622019935861573 ], [ 12.352708639210906, 46.622295369980215 ], [ 12.352501021120311, 46.622449964470903 ], [ 12.351996247240935, 46.623054285811143 ], [ 12.350929428166655, 46.623693086854452 ], [ 12.349960648924487, 46.624121998906546 ], [ 12.34935506205438, 46.624099248055856 ], [ 12.348070717202528, 46.62397937854643 ], [ 12.347359029201092, 46.624049727658026 ], [ 12.346778888774198, 46.624174721394951 ], [ 12.344603497354182, 46.626393959542099 ], [ 12.343594118473117, 46.627503521375267 ], [ 12.343055287121482, 46.628392305428875 ], [ 12.342120696899386, 46.629139657554788 ], [ 12.341465993366903, 46.629950820445323 ], [ 12.341600618776614, 46.630068386957667 ], [ 12.342040361631938, 46.630658542227735 ], [ 12.342173135605966, 46.6310506685764 ], [ 12.341626707897353, 46.631512157614644 ], [ 12.340029220916589, 46.632409376065056 ], [ 12.339208761275144, 46.632770859314135 ], [ 12.338834830183313, 46.632732283265277 ], [ 12.338926654134537, 46.632459594412389 ], [ 12.339744414480872, 46.631378175515387 ], [ 12.339603774399139, 46.63097727606354 ], [ 12.339040306934722, 46.630525729556808 ], [ 12.338483167429356, 46.629884991052315 ], [ 12.337339153086333, 46.628968882650334 ], [ 12.335797013067632, 46.628455893376902 ], [ 12.334662584629301, 46.628358497339654 ], [ 12.334089741401501, 46.628523714235698 ], [ 12.333528022768023, 46.628670603335301 ], [ 12.332292211528587, 46.629102652943494 ], [ 12.331680729802114, 46.629223983267757 ], [ 12.330760065983194, 46.629363321909373 ], [ 12.330271366932621, 46.629463065730469 ], [ 12.32870390475529, 46.629454730034631 ], [ 12.328108792475298, 46.629350559302836 ], [ 12.327817179116584, 46.629269049068327 ], [ 12.327047691862539, 46.628917944581225 ], [ 12.325872230759835, 46.629136662751165 ], [ 12.32530118893145, 46.629225281239933 ], [ 12.324621496232174, 46.629353058454974 ], [ 12.324025721796884, 46.629437889928361 ], [ 12.323397023762951, 46.629465174402263 ], [ 12.322899840192536, 46.62950663201763 ], [ 12.322162760570023, 46.629564061494712 ], [ 12.321565821229898, 46.629563412064449 ], [ 12.321134566454527, 46.629481443116923 ], [ 12.320711168760706, 46.629367743545991 ], [ 12.32020486918991, 46.629206949809046 ], [ 12.319690735603599, 46.629104882683684 ], [ 12.319275846553763, 46.629103433128343 ], [ 12.318755328011763, 46.629190551406623 ], [ 12.317870104918624, 46.629549261556441 ], [ 12.317540111167501, 46.629734345148968 ], [ 12.317102174114714, 46.629810058395172 ], [ 12.316405806335206, 46.629839268383392 ], [ 12.316060805979282, 46.629939281274744 ], [ 12.315925063233323, 46.629682214162742 ], [ 12.315735539453593, 46.629039698773695 ], [ 12.315519938011072, 46.628397939577077 ], [ 12.315381629046284, 46.627951942084763 ], [ 12.315346159280089, 46.627718965899525 ], [ 12.315182578210132, 46.627260200971449 ], [ 12.315085285632932, 46.626790512764607 ], [ 12.314997777569252, 46.62633404093912 ], [ 12.314959771933141, 46.625952634858088 ], [ 12.314997108291999, 46.625695046164147 ], [ 12.315126845659726, 46.625493278447209 ], [ 12.315282133351106, 46.62532227008866 ], [ 12.315437673136412, 46.625101753093347 ], [ 12.315618507874825, 46.624948003530129 ], [ 12.31611927058098, 46.624604966909196 ], [ 12.316439975029002, 46.624388656095782 ], [ 12.316737322644027, 46.624177522330939 ], [ 12.316411520093228, 46.624083474951497 ], [ 12.315880006114631, 46.623896393198365 ], [ 12.31551400730562, 46.623826010032055 ], [ 12.315197439908227, 46.623722691067883 ], [ 12.314855891374986, 46.623638096224056 ], [ 12.31416572666091, 46.623446607927839 ], [ 12.313824973398892, 46.623334986335834 ], [ 12.313608133047413, 46.623260271907924 ], [ 12.313216816567143, 46.623069112731905 ], [ 12.312850518785551, 46.622926728091471 ], [ 12.312600518365345, 46.622830472484992 ], [ 12.312326326202038, 46.622698916684158 ], [ 12.312016534314251, 46.622545891428928 ], [ 12.31177523429086, 46.622444881775017 ], [ 12.311091798805441, 46.622095676395546 ], [ 12.310632285923393, 46.621870483374757 ], [ 12.310390702623078, 46.621737978300146 ], [ 12.310206717429212, 46.621612804614145 ], [ 12.310004789045459, 46.621461149716694 ], [ 12.309805574262301, 46.621313915974227 ], [ 12.309546585563409, 46.621136912188092 ], [ 12.309237069692651, 46.620947870605221 ], [ 12.309052829827742, 46.620845202942675 ], [ 12.308828362759026, 46.620712198971638 ], [ 12.30842022025414, 46.620485509740433 ], [ 12.307960457999178, 46.620255813106994 ], [ 12.307477606840999, 46.620022282742518 ], [ 12.307160241675872, 46.619878463718258 ], [ 12.306859451099719, 46.619738664320941 ], [ 12.306576864833332, 46.619602837528447 ], [ 12.306068506713327, 46.619406040018539 ], [ 12.30554329365455, 46.619173726955331 ], [ 12.305137163001804, 46.61915397247013 ], [ 12.304663933083059, 46.61913165672393 ], [ 12.304257528573284, 46.619120907228812 ], [ 12.303577575311675, 46.619109063837158 ], [ 12.30314590407588, 46.619058539855246 ], [ 12.302664504378431, 46.61898245074363 ], [ 12.302174681773501, 46.618915603180596 ], [ 12.301785674073855, 46.618895342009061 ], [ 12.301360777114484, 46.618808614761583 ], [ 12.300672949615574, 46.618814981932786 ], [ 12.300017721494529, 46.618806903333152 ], [ 12.299702606745015, 46.618793501532288 ], [ 12.2990231924077, 46.618777115343661 ], [ 12.298219389899037, 46.618809315995051 ], [ 12.297681238901905, 46.618806845284091 ], [ 12.297240630010771, 46.618824058358307 ], [ 12.297041220071572, 46.618766810025299 ], [ 12.296584809102304, 46.618644973377648 ], [ 12.296219135937196, 46.618538518251221 ], [ 12.295610585517032, 46.61837156457964 ], [ 12.295228627108891, 46.618279076198739 ], [ 12.29464644322203, 46.61812935754476 ], [ 12.294224292894185, 46.618128026451458 ], [ 12.293651654309732, 46.618095030152581 ], [ 12.293153448198154, 46.618091386887819 ], [ 12.29273999256378, 46.618098799956414 ], [ 12.292152436886772, 46.618210229064239 ], [ 12.29131631683024, 46.618315313603858 ], [ 12.290853172148562, 46.618391652293539 ], [ 12.290456294192554, 46.618457080984165 ], [ 12.290215885799901, 46.618477502811501 ], [ 12.289892628815716, 46.618531809793147 ], [ 12.28956991604614, 46.618554599510418 ], [ 12.289278695117142, 46.618490980089078 ], [ 12.288605240815095, 46.6183303572138 ], [ 12.287800048946302, 46.618191520729603 ], [ 12.287425708870616, 46.618089786897784 ], [ 12.286787052847057, 46.618031654553974 ], [ 12.286106280096698, 46.617911728301472 ], [ 12.28576481929891, 46.617867544883218 ], [ 12.285077540773202, 46.617882802443617 ], [ 12.284431565909538, 46.617905869035958 ], [ 12.283876043086687, 46.61792633294418 ], [ 12.28361173150296, 46.618010429031941 ], [ 12.283290103849579, 46.618172672780823 ], [ 12.28274598726129, 46.618422308365858 ], [ 12.282491186692235, 46.61854212940689 ], [ 12.281978580525307, 46.618759355586299 ], [ 12.281352411772927, 46.619002340575442 ], [ 12.280963400494004, 46.619157512208574 ], [ 12.280748254458722, 46.619258190515204 ], [ 12.280153595886871, 46.619333760824603 ], [ 12.279566539937628, 46.619481111370177 ], [ 12.279227236710899, 46.619540348625783 ], [ 12.278946602999932, 46.619638402456033 ], [ 12.278673581050001, 46.619740737316519 ], [ 12.278303033398192, 46.619944871160506 ], [ 12.277932200028308, 46.620117511327443 ], [ 12.277678183011234, 46.62043980326149 ], [ 12.277417092928422, 46.620766797537932 ], [ 12.277096517210515, 46.620919993308959 ], [ 12.27683027860421, 46.620999628738168 ], [ 12.276566748976132, 46.621083685969431 ], [ 12.276244824921493, 46.62114691613403 ], [ 12.275937841144101, 46.621146715841242 ], [ 12.275431730700671, 46.62109372064085 ], [ 12.274867746373733, 46.621069382137854 ], [ 12.273996253268095, 46.621008849635885 ], [ 12.273614288635823, 46.620970290238162 ], [ 12.273341276802904, 46.620924108945133 ], [ 12.27300849274555, 46.620875138718908 ], [ 12.272643650848471, 46.620795584875658 ], [ 12.27237634775255, 46.620735737529564 ], [ 12.271910456485227, 46.620645574383353 ], [ 12.271538555824574, 46.620557218914762 ], [ 12.271024820097015, 46.620688926216935 ], [ 12.270232049300393, 46.620945618299118 ], [ 12.270067116522581, 46.621067339981217 ], [ 12.269929333596581, 46.621300786894736 ], [ 12.269626604516393, 46.621763957215755 ], [ 12.269260809452353, 46.622318932558997 ], [ 12.268893919549313, 46.62293693924083 ], [ 12.268609373862075, 46.62335008564321 ], [ 12.268528918895335, 46.623545890461969 ], [ 12.268219900440783, 46.624054237611162 ], [ 12.267993745056666, 46.62451521359489 ], [ 12.26779044033163, 46.624894534144367 ], [ 12.267628972180292, 46.625250157714476 ], [ 12.267392772214732, 46.625666418717806 ], [ 12.267230497931889, 46.625941063144893 ], [ 12.266976661165657, 46.626267825678632 ], [ 12.26690327272331, 46.626364425330138 ], [ 12.266512321533295, 46.626299098427886 ], [ 12.265756241550859, 46.626136202134994 ], [ 12.265472892116049, 46.626040796412127 ], [ 12.265165361527039, 46.625950580922066 ], [ 12.264649202599513, 46.625758322182357 ], [ 12.264290328892876, 46.625656070685061 ], [ 12.263909985751672, 46.625576931635251 ], [ 12.26398653655421, 46.625790749603468 ], [ 12.264040486116654, 46.626171716214735 ], [ 12.264154163531725, 46.626703979876531 ], [ 12.264207583038324, 46.627048960822094 ], [ 12.264221034507647, 46.627489585080724 ], [ 12.264297868107889, 46.627680894296418 ], [ 12.263743271685762, 46.627854236250755 ], [ 12.263496000494975, 46.627924298499728 ], [ 12.262493128690391, 46.627975431323698 ], [ 12.261888583700085, 46.628010687407169 ], [ 12.261907017502796, 46.628113663251412 ], [ 12.261860951474331, 46.62854248608464 ], [ 12.261880160586289, 46.628780442344542 ], [ 12.261835705707821, 46.629263220162613 ], [ 12.261378226571564, 46.629055771635777 ], [ 12.260935680282927, 46.628852395296832 ], [ 12.260553989985931, 46.628710282287329 ], [ 12.260202993431342, 46.628562792357592 ], [ 12.259611034560804, 46.628332172332669 ], [ 12.259320622566429, 46.628227952609571 ], [ 12.258737361922973, 46.628006080174835 ], [ 12.25808914394054, 46.627844557646348 ], [ 12.25739015808376, 46.62761247705518 ], [ 12.257040807109385, 46.627464930522486 ], [ 12.256449412439604, 46.627243278227105 ], [ 12.256165802583546, 46.627143356764904 ], [ 12.255575493307493, 46.626939669364901 ], [ 12.254901547068474, 46.626648359206257 ], [ 12.254317498973373, 46.626439986914974 ], [ 12.253876360146947, 46.626245543361826 ], [ 12.253368130794012, 46.626021507344923 ], [ 12.253042727988694, 46.625850766469441 ], [ 12.252551346179041, 46.625635247455151 ], [ 12.252093634694855, 46.625463769088284 ], [ 12.251493096940337, 46.625143349487409 ], [ 12.251250842599616, 46.624983738186955 ], [ 12.250926544267369, 46.6248039597047 ], [ 12.250376509772039, 46.624563099192272 ], [ 12.250141845408745, 46.624421270021038 ], [ 12.249834407942142, 46.624236508869686 ], [ 12.24963314094046, 46.62413422974592 ], [ 12.249125263404201, 46.623847163699772 ], [ 12.248697254221618, 46.623557825144978 ], [ 12.248440058919796, 46.623421133013203 ], [ 12.248139978147147, 46.623209157702021 ], [ 12.24787270511203, 46.623108751382119 ], [ 12.247664116956773, 46.623006676847261 ], [ 12.247358934244453, 46.623145851034955 ], [ 12.246755959018198, 46.623329485235899 ], [ 12.246120613396911, 46.623559036480422 ], [ 12.245425768827127, 46.623790273746657 ], [ 12.245012449033174, 46.623923512119113 ], [ 12.244732295110666, 46.624003467504409 ], [ 12.244637893426496, 46.623776643341557 ], [ 12.244578009535219, 46.623539839003747 ], [ 12.244407960403034, 46.623099158186307 ], [ 12.244192667866836, 46.622475257952694 ], [ 12.244124673826839, 46.622184682557972 ], [ 12.243969804281207, 46.621806571337999 ], [ 12.243832654624324, 46.621342455359425 ], [ 12.243772508892844, 46.621101157896149 ], [ 12.243653681928393, 46.620861525856796 ], [ 12.243585903136145, 46.620669945850594 ], [ 12.243346683135261, 46.620096223905094 ], [ 12.243106504872911, 46.619356025479028 ], [ 12.242910687139469, 46.618907073335848 ], [ 12.242841289780566, 46.618688538272067 ], [ 12.242721245054531, 46.618264436266678 ], [ 12.242338033299909, 46.617370791339489 ], [ 12.24220062291014, 46.61692918105679 ], [ 12.242097689015653, 46.616531593436953 ], [ 12.241995700118038, 46.616313982363373 ], [ 12.241545768762011, 46.616065739651638 ], [ 12.240847237945641, 46.615865045735177 ], [ 12.240331505141295, 46.61570416579751 ], [ 12.239633989901131, 46.615615937832814 ], [ 12.239035921525753, 46.615497886705576 ], [ 12.238679343996173, 46.61539098969542 ], [ 12.238056048893469, 46.615233147537573 ], [ 12.237224694047516, 46.615049694904791 ], [ 12.236285790004915, 46.614855781487869 ], [ 12.235620153306485, 46.61467212451322 ], [ 12.235337694476048, 46.614617119700618 ], [ 12.234589498974174, 46.614417793484392 ], [ 12.233692455433184, 46.614213673846884 ], [ 12.23282962126866, 46.614035580016221 ], [ 12.232254955344844, 46.613912331343087 ], [ 12.231923097226076, 46.6138227144951 ], [ 12.231258027732357, 46.613634515999813 ], [ 12.230334733505087, 46.613359110834232 ], [ 12.229544756830158, 46.613142932198265 ], [ 12.229314198987483, 46.613081945788281 ], [ 12.228896262415889, 46.612972251927403 ], [ 12.228588862694842, 46.612881934394096 ], [ 12.227933006776329, 46.612738457128629 ], [ 12.227508556093547, 46.612628942178624 ], [ 12.226911078241425, 46.61251981110766 ], [ 12.226644662473362, 46.612473332008385 ], [ 12.226155270054921, 46.612383645826718 ], [ 12.225474971193883, 46.612254344690768 ], [ 12.225166716387498, 46.612218043102729 ], [ 12.224543472953879, 46.612073626070469 ], [ 12.223912666819656, 46.61189791838413 ], [ 12.22354524467386, 46.611813780511454 ], [ 12.222755848919078, 46.611606538750266 ], [ 12.22240745455842, 46.611512860495289 ], [ 12.222091864968673, 46.61147675742086 ], [ 12.221752184592614, 46.611364831161424 ], [ 12.221011923501626, 46.611201193094978 ], [ 12.220172030716775, 46.610981856402269 ], [ 12.219658266969736, 46.610852328330083 ], [ 12.219316667986853, 46.610762949305055 ], [ 12.218642719128791, 46.610574927547944 ], [ 12.218309507240743, 46.610516809897568 ], [ 12.217771594018572, 46.610378953217236 ], [ 12.217002072469356, 46.610162112004744 ], [ 12.216864404975926, 46.610125486258447 ], [ 12.216457390188618, 46.610006439344133 ], [ 12.215976239099493, 46.609875976890734 ], [ 12.215593398378315, 46.609765246826768 ], [ 12.215360119028388, 46.609726809266043 ], [ 12.214994918683377, 46.609624581072673 ], [ 12.214329146578896, 46.609436303873508 ], [ 12.213839913615256, 46.609265558981939 ], [ 12.213314816188765, 46.609095820365269 ], [ 12.213047408294987, 46.608990836387449 ], [ 12.212725387939404, 46.608900887244339 ], [ 12.212439823522015, 46.608764911656046 ], [ 12.212166825060892, 46.608579081263564 ], [ 12.211957074279066, 46.608413973137516 ], [ 12.211522089814288, 46.608097691054191 ], [ 12.211229611415661, 46.60785840481261 ], [ 12.210921552308998, 46.607687056813845 ], [ 12.210827175664051, 46.607374702446677 ], [ 12.210766964186266, 46.60710188892557 ], [ 12.210689553318007, 46.606897059806037 ], [ 12.210630069537967, 46.606691727015189 ], [ 12.210544812631881, 46.60646461778552 ], [ 12.210492125536646, 46.606250093815852 ], [ 12.210440851410562, 46.606004029536905 ], [ 12.210346916898597, 46.605768163738965 ], [ 12.210277280328031, 46.60543261348846 ], [ 12.210215274590613, 46.605087848673321 ], [ 12.209947805723559, 46.604843356544251 ], [ 12.209663282201642, 46.60455884199196 ], [ 12.209471734810611, 46.604411218395541 ], [ 12.209245435542371, 46.604255570163858 ], [ 12.209028926803272, 46.604086146325535 ], [ 12.208528051041883, 46.603731202168191 ], [ 12.208128069114844, 46.603481425733655 ], [ 12.207684733930215, 46.603160863338836 ], [ 12.207400410450054, 46.602948338892837 ], [ 12.207201029687516, 46.602778430903015 ], [ 12.206891685577535, 46.602584607674487 ], [ 12.206733009232021, 46.602440557206847 ], [ 12.20657353772312, 46.60228302857287 ], [ 12.206172615094916, 46.601947770069145 ], [ 12.205903702126314, 46.601595306927301 ], [ 12.205575877158097, 46.601226495213318 ], [ 12.205191164188481, 46.600764776201387 ], [ 12.204879973582942, 46.600359495277907 ], [ 12.204712708456455, 46.600152681643721 ], [ 12.20438680828418, 46.599788312610748 ], [ 12.20412602667359, 46.599462617780418 ], [ 12.203814812868369, 46.599084335101189 ], [ 12.203424546329144, 46.598915271399164 ], [ 12.203150994072733, 46.59878793609191 ], [ 12.202583280097759, 46.598515840698639 ], [ 12.202020340378104, 46.59832461027829 ], [ 12.2015604979562, 46.598013486776317 ], [ 12.201277707635866, 46.597895405951817 ], [ 12.201036753939945, 46.597767152465195 ], [ 12.20074523496266, 46.597680815408296 ], [ 12.20042981895474, 46.59759064672722 ], [ 12.20010666378642, 46.597590695603188 ], [ 12.199708555102369, 46.597592842082115 ], [ 12.199160257937228, 46.597428188147482 ], [ 12.198811394741833, 46.59736595178132 ], [ 12.198485523658285, 46.597015065375992 ], [ 12.198235639448262, 46.596873555665574 ], [ 12.197743033283283, 46.596531833086168 ], [ 12.197591625990926, 46.596455067825204 ], [ 12.197409122884377, 46.596293670703012 ], [ 12.197108067544463, 46.596059088329497 ], [ 12.1966320636623, 46.595694396086451 ], [ 12.196380938835603, 46.595489915813353 ], [ 12.196039773155952, 46.595211451566911 ], [ 12.195722365098844, 46.595017823626108 ], [ 12.19544752831297, 46.594868005381976 ], [ 12.195188620212193, 46.594780742359085 ], [ 12.194799116364829, 46.594679129203364 ], [ 12.194375397746875, 46.594578471051996 ], [ 12.194036333795907, 46.59451594623458 ], [ 12.193670641649264, 46.594472164871455 ], [ 12.193263659544611, 46.594434036111473 ], [ 12.192632930318183, 46.594393156416629 ], [ 12.192400512400143, 46.594215145340378 ], [ 12.192271212094742, 46.594569763772391 ], [ 12.192134835674258, 46.59492907976658 ], [ 12.191956764345589, 46.595384061893682 ], [ 12.191884463965966, 46.595584084933719 ], [ 12.191815483685421, 46.596076520727152 ], [ 12.19177659113728, 46.596275610654359 ], [ 12.191720770067029, 46.59653367443336 ], [ 12.191823893730904, 46.596899801363101 ], [ 12.192036494198586, 46.597406873250357 ], [ 12.192148252541211, 46.597808759365492 ], [ 12.192241300808032, 46.598031164604059 ], [ 12.192370368611709, 46.598477567832973 ], [ 12.19241402257194, 46.598678852213801 ], [ 12.192582981086362, 46.598984638302468 ], [ 12.192712187845441, 46.599350035724981 ], [ 12.192889326938994, 46.599795095396011 ], [ 12.192974762896789, 46.600026712835337 ], [ 12.193002402738362, 46.60023294444904 ], [ 12.193052871731364, 46.600425037987122 ], [ 12.193158009706792, 46.600894609211508 ], [ 12.193228077700992, 46.601225657629165 ], [ 12.193264438952463, 46.601580148194238 ], [ 12.193317464482927, 46.601871171968263 ], [ 12.193430124061665, 46.602232530745454 ], [ 12.193456329279876, 46.60248380310771 ], [ 12.19351765243125, 46.602680093191346 ], [ 12.193634895260979, 46.602897321057782 ], [ 12.193737985826601, 46.603137444689033 ], [ 12.193822169161891, 46.603306095288723 ], [ 12.193931692298055, 46.603600039954465 ], [ 12.194143459146465, 46.603981128660926 ], [ 12.194262293560614, 46.604225311869101 ], [ 12.194447726741698, 46.604602635914439 ], [ 12.19454136962807, 46.604807022212206 ], [ 12.19466079512774, 46.605019687904125 ], [ 12.194818245607992, 46.605240290687746 ], [ 12.194937701356199, 46.605439454997082 ], [ 12.195096005717877, 46.605633033039297 ], [ 12.195332513992033, 46.606004427648934 ], [ 12.195534737227504, 46.606250778132569 ], [ 12.195752851538264, 46.606586685514472 ], [ 12.195955829767406, 46.606873514856332 ], [ 12.196266201324399, 46.60726534238519 ], [ 12.196375903524373, 46.60745127770118 ], [ 12.196512901032166, 46.607906454285548 ], [ 12.196633131332195, 46.608312598787357 ], [ 12.196430056778523, 46.608772786548947 ], [ 12.196211839112362, 46.609183896537466 ], [ 12.196059838455932, 46.609638155152972 ], [ 12.195929643225284, 46.609866799860484 ], [ 12.195832629559561, 46.610063016024732 ], [ 12.195642729120186, 46.610261829333993 ], [ 12.195379543402781, 46.610422190590747 ], [ 12.195116270093989, 46.610636554615759 ], [ 12.194731156844176, 46.610944325413463 ], [ 12.194411761732768, 46.611259258235918 ], [ 12.194205670830025, 46.611377520229063 ], [ 12.193984985291635, 46.611622191870225 ], [ 12.193704681092406, 46.611783027598413 ], [ 12.193623718885814, 46.611960792957561 ], [ 12.193534755257193, 46.612210783058188 ], [ 12.19345357137332, 46.612357053942475 ], [ 12.193372460683625, 46.612629324858439 ], [ 12.193310968440617, 46.613027049694011 ], [ 12.193250136854918, 46.613519257608836 ], [ 12.193230096415153, 46.613983325327702 ], [ 12.193233798394937, 46.614212725746881 ], [ 12.193201965431308, 46.61440711838204 ], [ 12.193220865614386, 46.614645094312856 ], [ 12.193223422649091, 46.614910527303586 ], [ 12.193235390780188, 46.615072195621202 ], [ 12.193252720744702, 46.615269714726033 ], [ 12.193305147147402, 46.615605755548692 ], [ 12.193365178270902, 46.615779581170614 ], [ 12.193451173762412, 46.616020182400156 ], [ 12.193468548687834, 46.616190699750014 ], [ 12.193570873699748, 46.616417344385752 ], [ 12.193639793281879, 46.616631422154661 ], [ 12.19370925530834, 46.616854484868384 ], [ 12.193744210138131, 46.617074011730317 ], [ 12.19388046444519, 46.617488711055437 ], [ 12.193958228309709, 46.61778354278453 ], [ 12.194036521995979, 46.618087359793051 ], [ 12.1941471100063, 46.618412774571652 ], [ 12.194182861331033, 46.618645779225915 ], [ 12.194235206332278, 46.618869319957469 ], [ 12.194294364721689, 46.619083670090006 ], [ 12.194370940621994, 46.619275033018695 ], [ 12.194465097338288, 46.619515405311788 ], [ 12.194575527857189, 46.619768822873432 ], [ 12.194703424232756, 46.620152254223193 ], [ 12.194797276679324, 46.620415135092749 ], [ 12.194874471306171, 46.620561479644472 ], [ 12.195042517586497, 46.620808786083032 ], [ 12.195151436942218, 46.62099474422493 ], [ 12.195279054473131, 46.621207179949231 ], [ 12.195364846278558, 46.621416284819091 ], [ 12.195716807727734, 46.621847451266191 ], [ 12.195592386550397, 46.621841929977521 ], [ 12.195028379832276, 46.621844197864412 ], [ 12.19477275239629, 46.621828843239207 ], [ 12.194206865982654, 46.621813159320943 ], [ 12.19365349212076, 46.621788122818941 ], [ 12.1932789072348, 46.621749088358882 ], [ 12.192948000447235, 46.621744833031663 ], [ 12.192607413712345, 46.621686846286579 ], [ 12.192291471601131, 46.621673170895534 ], [ 12.191934864302615, 46.621606629469895 ], [ 12.191743651864234, 46.621575968867418 ], [ 12.191471196152952, 46.621552076653806 ], [ 12.191030879458502, 46.621505870131884 ], [ 12.190665067048146, 46.621421581464382 ], [ 12.190109072491826, 46.621338100025106 ], [ 12.189867946200327, 46.621263828746748 ], [ 12.189460838922953, 46.621185188812461 ], [ 12.189146266153427, 46.621166966437229 ], [ 12.188524060307447, 46.621040324073455 ], [ 12.188125107135402, 46.620961451898708 ], [ 12.187709576656438, 46.620878540615081 ], [ 12.187244364513592, 46.620783513075018 ], [ 12.186562409717261, 46.620654026144045 ], [ 12.185965657864221, 46.620585161088748 ], [ 12.185601099851622, 46.620563822229535 ], [ 12.185277308471134, 46.620541346071604 ], [ 12.184961901272985, 46.620536635636491 ], [ 12.184225576601454, 46.620579652502293 ], [ 12.183505877094952, 46.620599701190031 ], [ 12.182975046993072, 46.620735987500495 ], [ 12.182710865742887, 46.620797345264215 ], [ 12.18240535404707, 46.620877853511345 ], [ 12.182191822030191, 46.621023301080626 ], [ 12.182044812628437, 46.621189396550008 ], [ 12.181889240069619, 46.621432231387665 ], [ 12.181717726693364, 46.62162600901172 ], [ 12.181505309125678, 46.621901926227146 ], [ 12.181161221886455, 46.622271509260003 ], [ 12.180898739839174, 46.62258481929463 ], [ 12.180580332967029, 46.623016686754767 ], [ 12.180399323660859, 46.623201726448627 ], [ 12.180079624260284, 46.623597627886177 ], [ 12.17992540332642, 46.623835922253683 ], [ 12.179590051767153, 46.62431325894287 ], [ 12.179229676305969, 46.624809290936646 ], [ 12.178961024684893, 46.625212769277951 ], [ 12.178854650259833, 46.625431731059329 ], [ 12.178528142608851, 46.625823317259339 ], [ 12.178193852052976, 46.626305120214106 ], [ 12.178005609883407, 46.626562358141442 ], [ 12.177687138731869, 46.627007719159906 ], [ 12.177514861657937, 46.62730051288608 ], [ 12.177434980705874, 46.627442235619135 ], [ 12.177279210479851, 46.627626568531376 ], [ 12.176953205079826, 46.628027136211458 ], [ 12.176830019853252, 46.628224062941989 ], [ 12.176659257102104, 46.62843131200966 ], [ 12.176313697166922, 46.628818921089618 ], [ 12.175993936362792, 46.629214812325067 ], [ 12.175659234161794, 46.629606617709499 ], [ 12.175478995522711, 46.629791627919396 ], [ 12.175126384096412, 46.630170429073935 ], [ 12.174879681504388, 46.63043378570616 ], [ 12.174388471569101, 46.630955936292331 ], [ 12.174101577048406, 46.631341909108151 ], [ 12.173790833188692, 46.631697042996699 ], [ 12.17360973960303, 46.631895574089306 ], [ 12.173454502993218, 46.632075386724637 ], [ 12.173291868243671, 46.632282404904977 ], [ 12.173003805447433, 46.632564905900587 ], [ 12.172660518753007, 46.633019941356075 ], [ 12.172292546258754, 46.633444160470319 ], [ 12.172095344952009, 46.633674636565132 ], [ 12.171874087931123, 46.63384277905147 ], [ 12.171632569787976, 46.633943982439504 ], [ 12.171426222770377, 46.633990208707885 ], [ 12.17106164509357, 46.633941823359287 ], [ 12.170580705353011, 46.633914665000248 ], [ 12.170092206349622, 46.633869714039356 ], [ 12.169602458279249, 46.633901296627229 ], [ 12.169022503556764, 46.633926378108846 ], [ 12.168442548144816, 46.633951456659631 ], [ 12.168137279885228, 46.633995919067523 ], [ 12.167863869665229, 46.634012497335704 ], [ 12.16747463275631, 46.634059285207279 ], [ 12.166986058103312, 46.634180825195116 ], [ 12.166472747142809, 46.634298548315215 ], [ 12.165911840793079, 46.634440087751031 ], [ 12.165622701921828, 46.634565097681985 ], [ 12.16542301707301, 46.634669629294578 ], [ 12.165059632917654, 46.634823694293189 ], [ 12.1648126011474, 46.63495653625872 ], [ 12.164615650127711, 46.635051990632931 ], [ 12.16434372179592, 46.635262021856839 ], [ 12.164171432353028, 46.635388293092753 ], [ 12.163924484165886, 46.635606631871298 ], [ 12.163472606061408, 46.635965643889278 ], [ 12.163258608150276, 46.63614706876664 ], [ 12.163018991320655, 46.636239201080812 ], [ 12.162788872783795, 46.636340070169915 ], [ 12.162550447163062, 46.636508669476626 ], [ 12.162210273810244, 46.636599082299909 ], [ 12.161977817405225, 46.636646013754792 ], [ 12.16158177102016, 46.636688469757367 ], [ 12.161184915138337, 46.6367309467715 ], [ 12.160835108079532, 46.636628119553649 ], [ 12.160319631692731, 46.636484871536332 ], [ 12.159795706400333, 46.636350854876596 ], [ 12.159479040694416, 46.636256107420927 ], [ 12.159139036623928, 46.636153004037716 ], [ 12.158832096555413, 46.636084986310003 ], [ 12.158607712254923, 46.636046186769924 ], [ 12.158265781866296, 46.635952134133397 ], [ 12.157885502174537, 46.635872640173815 ], [ 12.157452581144833, 46.635758598717523 ], [ 12.156820823359874, 46.635609546983559 ], [ 12.156439003287515, 46.635489590264463 ], [ 12.156122622589658, 46.635399325698877 ], [ 12.155830427784691, 46.635303892424389 ], [ 12.15554837880296, 46.635172177862003 ], [ 12.155265422496839, 46.635080988142974 ], [ 12.154941478067297, 46.63497292889187 ], [ 12.154683331594903, 46.634845052477516 ], [ 12.154183210895022, 46.63465635243255 ], [ 12.153617523185057, 46.634379458189798 ], [ 12.153226891351492, 46.634318234583652 ], [ 12.152646129879216, 46.634217253511231 ], [ 12.152346788147391, 46.634167009012053 ], [ 12.152022752314226, 46.634099444504962 ], [ 12.151723437226348, 46.634035697475476 ], [ 12.151176234224527, 46.633992284277859 ], [ 12.150686637731148, 46.633956280636561 ], [ 12.149692327212984, 46.63383518305254 ], [ 12.14913483512143, 46.633783043498219 ], [ 12.148746324879999, 46.633744246389099 ], [ 12.148106195994743, 46.633703378399062 ], [ 12.147509037759541, 46.633643323308959 ], [ 12.147218987561297, 46.633682810577739 ], [ 12.146854517568032, 46.633706345828195 ], [ 12.146192624596877, 46.633783067689905 ], [ 12.145555161481703, 46.633872613547673 ], [ 12.145229581615261, 46.63398957443097 ], [ 12.144872820279968, 46.634300894581386 ], [ 12.144682154557042, 46.634477142460376 ], [ 12.144291035662663, 46.634829906485621 ], [ 12.144059174667673, 46.634957785972802 ], [ 12.143676547302826, 46.635499316436075 ], [ 12.143344257849241, 46.636007960873933 ], [ 12.143137082458445, 46.636153159773038 ], [ 12.142837807052727, 46.636287390595001 ], [ 12.142598276010061, 46.636437978213884 ], [ 12.142074469135855, 46.636699881498281 ], [ 12.141743327092559, 46.636861985724877 ], [ 12.141385749446375, 46.637047315781594 ], [ 12.140872606174547, 46.637281920119541 ], [ 12.140556352224367, 46.637461611954137 ], [ 12.140182914118462, 46.637894876706952 ], [ 12.140091463538052, 46.638050390771809 ], [ 12.139776505960196, 46.638464047339689 ], [ 12.139677341044296, 46.638556772280047 ], [ 12.139634202975992, 46.63905296256987 ], [ 12.139565833224538, 46.639846849045966 ], [ 12.139506005359177, 46.640280496958539 ], [ 12.139490276570553, 46.640474431034683 ], [ 12.139464034622588, 46.640952156859953 ], [ 12.139513112430107, 46.641418813774507 ], [ 12.139454822118982, 46.641780418586265 ], [ 12.139262612385954, 46.642325703358011 ], [ 12.139162929069354, 46.642719945136427 ], [ 12.138954768085373, 46.642919163834904 ], [ 12.138771716565149, 46.643072692170485 ], [ 12.13852266123482, 46.643214532432474 ], [ 12.138149733771874, 46.643431773842252 ], [ 12.137710626731723, 46.64359233014379 ], [ 12.137378087969752, 46.643745459649757 ], [ 12.136680407674387, 46.643841108297615 ], [ 12.136143220157777, 46.643986349837135 ], [ 12.135785717871791, 46.644018658392199 ], [ 12.13517991149002, 46.644107277278941 ], [ 12.134773581823257, 46.644100421524421 ], [ 12.134393027811514, 46.644115357730016 ], [ 12.133820501039338, 46.644158056348985 ], [ 12.133214981387107, 46.644138655866499 ], [ 12.132559236245351, 46.644098128435125 ], [ 12.132287464350986, 46.64408757607724 ], [ 12.131591089392542, 46.644093156914138 ], [ 12.13070313023699, 46.644090480942303 ], [ 12.130065252438344, 46.644076450063942 ], [ 12.129667112386455, 46.644154852683869 ], [ 12.129028383794077, 46.644253340379755 ], [ 12.12870453022304, 46.644302705764488 ], [ 12.128050177526278, 46.644442116019164 ], [ 12.127618527896667, 46.644548428753986 ], [ 12.12719474061752, 46.644663524829944 ], [ 12.126896369619075, 46.644829188990641 ], [ 12.126306874790936, 46.645101816183256 ], [ 12.125817489925216, 46.645340202380105 ], [ 12.125584730760799, 46.645468068456722 ], [ 12.125035951806131, 46.645753075777449 ], [ 12.124629295364992, 46.645953194688211 ], [ 12.123974368334407, 46.646281598860092 ], [ 12.123493220647713, 46.646578250390078 ], [ 12.123011776350676, 46.646883908048792 ], [ 12.122721432795384, 46.646990841326449 ], [ 12.122206357293267, 46.647265914049747 ], [ 12.121700332451523, 46.6475137370089 ], [ 12.121244256234403, 46.647778193950337 ], [ 12.120646498729819, 46.648064517359423 ], [ 12.120106080956369, 46.648353772490189 ], [ 12.119849054319467, 46.648500289306632 ], [ 12.11935137446935, 46.648765874126916 ], [ 12.118869000099464, 46.648999538870186 ], [ 12.118387490252848, 46.649219677856649 ], [ 12.117698456380245, 46.649566976265731 ], [ 12.117258573432933, 46.649857975644643 ], [ 12.117026596405196, 46.649985802743721 ], [ 12.116469230588459, 46.650293502772932 ], [ 12.115697919932161, 46.650602531851568 ], [ 12.11487612865783, 46.650971431775091 ], [ 12.114302768958991, 46.651257056778789 ], [ 12.114038224714857, 46.651358764831194 ], [ 12.113440471348516, 46.651618049807702 ], [ 12.112975695543568, 46.651860210124511 ], [ 12.112411246171044, 46.652159082976098 ], [ 12.111938479555585, 46.652432956843953 ], [ 12.111447129944928, 46.652738834803621 ], [ 12.111182195859774, 46.65287654706075 ], [ 12.110700750641124, 46.653227152522874 ], [ 12.110359154706707, 46.653537950342255 ], [ 12.11003570296675, 46.653780752956401 ], [ 12.109694712871569, 46.654330033995905 ], [ 12.109461510294638, 46.654750380985632 ], [ 12.109385794360453, 46.65496844219436 ], [ 12.10926896055466, 46.655381123179986 ], [ 12.109201314922675, 46.655625964914606 ], [ 12.109125474014339, 46.656141031406278 ], [ 12.10898378428678, 46.65650488775362 ], [ 12.108817518352728, 46.656725411309552 ], [ 12.108509599939451, 46.657125288044504 ], [ 12.108368228538824, 46.65729563358839 ], [ 12.107968689209926, 46.657693500197112 ], [ 12.107603954671017, 46.658085919131949 ], [ 12.107155705393398, 46.658318605949901 ], [ 12.106657063573765, 46.658584160773422 ], [ 12.106375210195695, 46.658726821508182 ], [ 12.10606755990921, 46.658861182457819 ], [ 12.105776996224524, 46.658923077859505 ], [ 12.105105022329465, 46.659058334314516 ], [ 12.104449666542134, 46.659184135419679 ], [ 12.103959923606416, 46.659377436228674 ], [ 12.10342110933971, 46.65961256744886 ], [ 12.102840130037652, 46.659853340685437 ], [ 12.102556898551766, 46.660000529352132 ], [ 12.102025318663516, 46.660262457736302 ], [ 12.101627050191704, 46.660498266322449 ], [ 12.101277296657189, 46.660696757052193 ], [ 12.100846106218796, 46.660856955614541 ], [ 12.100464923983415, 46.661020296174875 ], [ 12.099890994132167, 46.661256363036898 ], [ 12.09955907033188, 46.661323864169958 ], [ 12.098978413514583, 46.661456608218181 ], [ 12.09838890245198, 46.661634589556655 ], [ 12.097892269100537, 46.661679550054863 ], [ 12.097087663737547, 46.661782353245883 ], [ 12.09644814688683, 46.6618716788578 ], [ 12.096091010586354, 46.661912852683344 ], [ 12.095478186324794, 46.661983449772791 ], [ 12.094979179346929, 46.662086962172282 ], [ 12.094481782856199, 46.66227592925091 ], [ 12.09396676490179, 46.662370870589179 ], [ 12.093725974376962, 46.662575388757226 ], [ 12.093244329412748, 46.662925924957136 ], [ 12.092977719666912, 46.663050139759072 ], [ 12.09260409832827, 46.663375250162019 ], [ 12.092387935388709, 46.663610599325736 ], [ 12.092079623129344, 46.663920441100458 ], [ 12.091505879934301, 46.66447596205925 ], [ 12.09113282219808, 46.664868552622657 ], [ 12.090923280217197, 46.665076719758211 ], [ 12.09066503487019, 46.665448204106909 ], [ 12.090515683951921, 46.665623242891478 ], [ 12.090333362121605, 46.665821672936872 ], [ 12.089966477885367, 46.666308593115417 ], [ 12.089683677449953, 46.666622238628584 ], [ 12.089359097767723, 46.667063013122636 ], [ 12.089134963581957, 46.667316571441006 ], [ 12.082136232802037, 46.667383988985833 ], [ 12.081940253547897, 46.667587273724592 ], [ 12.081709751206297, 46.667786988803698 ], [ 12.081461848527265, 46.667910672154051 ], [ 12.081008579051534, 46.668201890957782 ], [ 12.080802900801922, 46.668378435007426 ], [ 12.080333563917973, 46.668746584414187 ], [ 12.080020754289512, 46.668993514066102 ], [ 12.079634841573265, 46.669521413345223 ], [ 12.079382159465144, 46.669906221834026 ], [ 12.079203060765886, 46.670320547781742 ], [ 12.079115426011851, 46.670561409188394 ], [ 12.078852689391008, 46.670941987239843 ], [ 12.078510725045589, 46.67149569891432 ], [ 12.077959564427591, 46.672136042708161 ], [ 12.077540608927723, 46.672471323638128 ], [ 12.077358460621314, 46.672602227685005 ], [ 12.077107271334345, 46.67286999034031 ], [ 12.076907952837647, 46.673302856784247 ], [ 12.076653401850335, 46.673741709406393 ], [ 12.076246507484816, 46.673973160533876 ], [ 12.076073121809436, 46.674085826619795 ], [ 12.075758634319888, 46.674260789213662 ], [ 12.075493392690051, 46.674353425802551 ], [ 12.075186133513728, 46.674411191997542 ], [ 12.074863064550653, 46.674478382646903 ], [ 12.073735299523705, 46.674535712172556 ], [ 12.072887772128569, 46.674562997749945 ], [ 12.072292670717864, 46.674574493129441 ], [ 12.071985209526753, 46.674614256071514 ], [ 12.07126419652281, 46.674696629830727 ], [ 12.070425935882163, 46.674786648305655 ], [ 12.069338389221086, 46.674919354283034 ], [ 12.068699519826854, 46.674995006222098 ], [ 12.068401276920088, 46.675039012043008 ], [ 12.06890956125789, 46.667307845042735 ], [ 12.069051430887594, 46.666062031884216 ], [ 12.069234047759016, 46.665247125904841 ], [ 12.06961967834647, 46.66410726696413 ], [ 12.070463287829053, 46.662370103514398 ], [ 12.071103864656907, 46.661029889892149 ], [ 12.071209149769965, 46.66001905680357 ], [ 12.071178638482591, 46.659538374390834 ], [ 12.070869231448805, 46.658547682229781 ], [ 12.069016517591086, 46.655982926751214 ], [ 12.067277244424842, 46.653932599581935 ], [ 12.066698764801179, 46.653367617579626 ], [ 12.066570164230704, 46.652957065507117 ], [ 12.066609654794151, 46.652731004940691 ], [ 12.074298851534076, 46.642502903567866 ], [ 12.071385454595331, 46.641505715677276 ], [ 12.070052998109446, 46.64083500592259 ], [ 12.069700598849844, 46.640524967990537 ], [ 12.069297303928103, 46.640022794282565 ], [ 12.068613996076262, 46.63815112699163 ], [ 12.068267458933745, 46.636832920029065 ], [ 12.067585126467893, 46.634385215578291 ], [ 12.067202446562069, 46.632599971274352 ], [ 12.066348202853581, 46.629535866356079 ], [ 12.066078796801946, 46.628395583935152 ], [ 12.065880510804044, 46.62768989676799 ], [ 12.065571102511093, 46.625956680901687 ], [ 12.064902732284221, 46.623144080168501 ], [ 12.06415763080491, 46.621602543130223 ], [ 12.062786003220278, 46.620545795123938 ], [ 12.060659208975945, 46.620008758705012 ], [ 12.05887507204484, 46.61980001626128 ], [ 12.057855022676581, 46.619633807884192 ], [ 12.053036820684264, 46.617908588563438 ], [ 12.052457491958219, 46.616259046379128 ], [ 12.052249742470929, 46.615468087033491 ], [ 12.051858425640301, 46.614533527309604 ], [ 12.051840397147867, 46.614300006528424 ], [ 12.051906022184975, 46.613492746889946 ], [ 12.052143403734533, 46.612473898940671 ], [ 12.051899781705, 46.611436394169637 ], [ 12.0519836117792, 46.610691648701398 ], [ 12.051695222572588, 46.610091842877758 ], [ 12.051301992940065, 46.60974683757005 ], [ 12.050400007286754, 46.609077906248473 ], [ 12.048903523148104, 46.608519328264414 ], [ 12.047183904350671, 46.60805668045731 ], [ 12.045489904655652, 46.607831826486233 ], [ 12.044650255286998, 46.607530192463337 ], [ 12.04437284934146, 46.607051576783554 ], [ 12.044587430030404, 46.606118852185737 ], [ 12.046253309809279, 46.603923444583963 ], [ 12.047484594584002, 46.602711610064127 ], [ 12.048664741540977, 46.601694627972989 ], [ 12.048952449635488, 46.601295449451918 ], [ 12.049367119378811, 46.600613880028639 ], [ 12.04970942800213, 46.599385233792596 ], [ 12.049710488496371, 46.598692197883956 ], [ 12.049706325040979, 46.598269304297794 ], [ 12.049560304003977, 46.596221177374012 ], [ 12.049561958080556, 46.595582125974623 ], [ 12.049803685869009, 46.595004169616871 ], [ 12.049857390052072, 46.593751722118334 ], [ 12.049442117093029, 46.591994281622782 ], [ 12.048690899119263, 46.590065798526034 ], [ 12.0478486341291, 46.587793233842923 ], [ 12.04718761337943, 46.585506830404178 ], [ 12.046450803622355, 46.584050453336019 ], [ 12.045659700100904, 46.583473029388252 ], [ 12.045491841470817, 46.583302000042615 ], [ 12.04501645727227, 46.582738658809241 ], [ 12.043859252021722, 46.581887471812941 ], [ 12.042652742185997, 46.58120408779579 ], [ 12.040984304108479, 46.580370980272484 ], [ 12.040136713221337, 46.580065024486053 ], [ 12.038999128138681, 46.579649772029292 ], [ 12.037071953512413, 46.578782986246253 ], [ 12.036615148060715, 46.578520620249378 ], [ 12.035216608296096, 46.577594756357833 ], [ 12.034259159414027, 46.576693166613431 ], [ 12.033323410973923, 46.575507489182804 ], [ 12.032992937796783, 46.574409244818192 ], [ 12.033071137431648, 46.572346142046875 ], [ 12.032821457836528, 46.571979262663227 ], [ 12.032436275118611, 46.57156647733504 ], [ 12.031448158202497, 46.570989681833616 ], [ 12.030188878581313, 46.569776558561138 ], [ 12.029504725306232, 46.568930683375996 ], [ 12.028754139463601, 46.567960562805332 ], [ 12.028164923009848, 46.566621656788556 ], [ 12.027997066255155, 46.566185097865812 ], [ 12.028000522641831, 46.564182477946659 ], [ 12.027944553005005, 46.56298694359495 ], [ 12.027372877955528, 46.561742069489497 ], [ 12.027121730270084, 46.561361716069143 ], [ 12.026205002771459, 46.560260976566511 ], [ 12.024906715997986, 46.559395332293271 ], [ 12.023927260422973, 46.559056745868297 ], [ 12.022703503433043, 46.559237620033088 ], [ 12.022175263192839, 46.559431592116098 ], [ 12.021661804901882, 46.559539669683929 ], [ 12.018284379496768, 46.555650855337881 ], [ 12.017533437512091, 46.554667169564631 ], [ 12.016623889870747, 46.55344016151232 ], [ 12.015856154794454, 46.552461407901916 ], [ 12.014713680461998, 46.551326032011922 ], [ 12.014138677053497, 46.550837190294828 ], [ 12.013857537737959, 46.550678101877303 ], [ 12.013558187097237, 46.550307989725653 ], [ 12.013215509625184, 46.54992101882182 ], [ 12.013048492329244, 46.549731919122912 ], [ 12.012698615235045, 46.549376636949766 ], [ 12.012331818700794, 46.548877797427657 ], [ 12.01199849243428, 46.548468076025387 ], [ 12.011732529797314, 46.548155580030375 ], [ 12.011448669686963, 46.54778505409373 ], [ 12.011239467609135, 46.547570062851307 ], [ 12.010971947208667, 46.547244105904298 ], [ 12.010447369620678, 46.546618914927024 ], [ 12.010189106342477, 46.546342213065017 ], [ 12.010004809101829, 46.546032062104523 ], [ 12.009713900707235, 46.545666217514245 ], [ 12.009571716849436, 46.54545395835958 ], [ 12.009271542786417, 46.545097356767066 ], [ 12.008955577842524, 46.544646668625916 ], [ 12.008629911696332, 46.544182734768526 ], [ 12.008238364225445, 46.543869036449806 ], [ 12.007887129356444, 46.54347327453695 ], [ 12.007754700110109, 46.543319257297448 ], [ 12.007296763954129, 46.542939801824886 ], [ 12.007039355300439, 46.542663070305267 ], [ 12.006830385521036, 46.542304062521524 ], [ 12.006404897382589, 46.541788747603093 ], [ 12.006129959390302, 46.541386473110464 ], [ 12.005987553087923, 46.541169715219432 ], [ 12.005687780698727, 46.540745592475041 ], [ 12.005421460185312, 46.54041059070741 ], [ 12.005061802042896, 46.539920540011515 ], [ 12.004762000555006, 46.539554916521354 ], [ 12.004477751716291, 46.539175383156532 ], [ 12.0043289857944, 46.538931789913953 ], [ 12.004011179051394, 46.538535137231001 ], [ 12.003561342230354, 46.53802045160942 ], [ 12.003378244770509, 46.537701258113472 ], [ 12.003110078166724, 46.537361799338186 ], [ 12.002793898028406, 46.53702360145558 ], [ 12.002643765904017, 46.536784541954809 ], [ 12.002335115546378, 46.536405644292948 ], [ 12.001844080905913, 46.535734531506833 ], [ 12.001268186843122, 46.535209647501226 ], [ 12.000861012684233, 46.534846833337667 ], [ 12.0007283773999, 46.534688313217295 ], [ 12.00036189372628, 46.534324428881 ], [ 11.999946445989707, 46.533885327371976 ], [ 11.999597282881966, 46.533583986970555 ], [ 11.999156012959558, 46.533208561368276 ], [ 11.998724231003248, 46.532886886013529 ], [ 11.998524124792286, 46.532716633427839 ], [ 11.998235891845763, 46.532899698387162 ], [ 11.997840261547386, 46.533130580554086 ], [ 11.997279985060537, 46.533613283602321 ], [ 11.996983278215492, 46.53390906945738 ], [ 11.996696295728858, 46.534263100507665 ], [ 11.996325532587619, 46.534709328855435 ], [ 11.9961850259934, 46.534911015777425 ], [ 11.99598076715894, 46.535316877093642 ], [ 11.995497006788135, 46.536094570116276 ], [ 11.995234834953955, 46.536573949076953 ], [ 11.995021290339777, 46.536989052059823 ], [ 11.994923346843755, 46.537194121993018 ], [ 11.994678227795831, 46.537628051986509 ], [ 11.994405307735541, 46.537882706954889 ], [ 11.993937144727285, 46.538425980615941 ], [ 11.993600212569815, 46.538776811982686 ], [ 11.993254262677844, 46.539141378719044 ], [ 11.993123465864333, 46.539297806684182 ], [ 11.992842899767139, 46.539710160530881 ], [ 11.992473216328181, 46.540147347452518 ], [ 11.992194582536104, 46.540550648901032 ], [ 11.991931461957908, 46.540895042616896 ], [ 11.991578088687485, 46.54127329864918 ], [ 11.991437513758958, 46.541429980560878 ], [ 11.991109744724355, 46.541888566158349 ], [ 11.990698138188877, 46.542394345340853 ], [ 11.990368887682621, 46.542722465512455 ], [ 11.990121512136644, 46.5430124421149 ], [ 11.989751504970954, 46.54340012764095 ], [ 11.989594591545547, 46.54361573549501 ], [ 11.989234325556197, 46.543958163809378 ], [ 11.989027709315392, 46.544233571695941 ], [ 11.988409317837254, 46.544641248729675 ], [ 11.98796394638811, 46.544963397900084 ], [ 11.987691716097583, 46.545128017032397 ], [ 11.987419909083734, 46.545166622593108 ], [ 11.98713635892164, 46.54516953390285 ], [ 11.986433756612783, 46.54509789402212 ], [ 11.985737851513747, 46.545089075780666 ], [ 11.985050317337796, 46.545039534070789 ], [ 11.984496638641694, 46.545022493399372 ], [ 11.983841900575937, 46.544931587400264 ], [ 11.983484262336884, 46.544936423881005 ], [ 11.982823028691939, 46.544890682258242 ], [ 11.982151862340338, 46.544827195718938 ], [ 11.980935490949307, 46.544782426759582 ], [ 11.980290788518957, 46.54474073936445 ], [ 11.979933902017304, 46.544759045310805 ], [ 11.979271700041854, 46.544740308755017 ], [ 11.978320010851572, 46.54472011242818 ], [ 11.97735922067621, 46.544727145639285 ], [ 11.976722425348964, 46.544725732679439 ], [ 11.976383025733989, 46.544721071744299 ], [ 11.975694764714063, 46.544657992430203 ], [ 11.974750872515305, 46.544556562190238 ], [ 11.973740972038662, 46.544515342475201 ], [ 11.973095946783728, 46.544482622974918 ], [ 11.972748091005963, 46.544487171332889 ], [ 11.97210143822635, 46.544454488545561 ], [ 11.970983745739149, 46.544380046991535 ], [ 11.970585572671425, 46.544358896367953 ], [ 11.970155982172242, 46.544419561958364 ], [ 11.969510642128801, 46.544395830504186 ], [ 11.969244440517809, 46.544402746668666 ], [ 11.968517289199117, 46.544403635317821 ], [ 11.967905826472778, 46.544433015622957 ], [ 11.967392054271972, 46.544459856301422 ], [ 11.96698639006525, 46.544465887988729 ], [ 11.966604990393222, 46.544498288782371 ], [ 11.965977070182563, 46.544465085059954 ], [ 11.965686344682728, 46.544396128290835 ], [ 11.964981961312569, 46.544216401144737 ], [ 11.964357448802462, 46.544066098512353 ], [ 11.964293778050457, 46.544049749672375 ], [ 11.963775591387721, 46.543860685610589 ], [ 11.963721445332897, 46.543839589396825 ], [ 11.963199112207342, 46.543664130430869 ], [ 11.962685644190127, 46.54350193945988 ], [ 11.962420086354225, 46.543400821546165 ], [ 11.961814872787713, 46.543200504117145 ], [ 11.960926616173598, 46.542922015440375 ], [ 11.960088915102757, 46.542628710320926 ], [ 11.959476559877162, 46.542401565111078 ], [ 11.95918577048622, 46.542301093034894 ], [ 11.958539714922841, 46.54212881610048 ], [ 11.95766012071689, 46.541859077933957 ], [ 11.957063739094883, 46.54168550716831 ], [ 11.956765305496047, 46.541594226838477 ], [ 11.95618577954853, 46.541460715979632 ], [ 11.955878631518862, 46.541374158798945 ], [ 11.955266067869443, 46.541187496982339 ], [ 11.954428253268224, 46.541011154919687 ], [ 11.953948208120417, 46.540893061333421 ], [ 11.953484778745047, 46.540765536228349 ], [ 11.952845362303087, 46.540624555974873 ], [ 11.952489391717254, 46.540494250456028 ], [ 11.952224343390043, 46.540447096434299 ], [ 11.951935770950934, 46.540387049203567 ], [ 11.951637350813703, 46.540250754528877 ], [ 11.951148148433086, 46.539993383780363 ], [ 11.950783069844183, 46.539800307273303 ], [ 11.950376971826081, 46.539617288631355 ], [ 11.950004424844126, 46.539406402185989 ], [ 11.949581731370966, 46.539142807965902 ], [ 11.949331154877447, 46.538730768779615 ], [ 11.94920566975216, 46.538491003593826 ], [ 11.949046525761386, 46.538036103805183 ], [ 11.948871272973303, 46.537464617792544 ], [ 11.948613101640264, 46.536791769312799 ], [ 11.948502473830045, 46.536344617121223 ], [ 11.948444230762565, 46.536157117046166 ], [ 11.948260271917572, 46.535680355911047 ], [ 11.947992669177111, 46.535043749716351 ], [ 11.947742250034342, 46.534393199472234 ], [ 11.94758304140657, 46.533951799323567 ], [ 11.947476122354573, 46.533738553691855 ], [ 11.947316278587312, 46.53327016913866 ], [ 11.947041215388836, 46.532615752706782 ], [ 11.946758079237293, 46.532038044824262 ], [ 11.946556092006686, 46.531543745332371 ], [ 11.946457486779986, 46.531348284619661 ], [ 11.946313678577114, 46.530919985737512 ], [ 11.94618035300326, 46.530549917285256 ], [ 11.946080402355181, 46.530223989006295 ], [ 11.945731297150187, 46.529616478490738 ], [ 11.94534875787317, 46.529324833152899 ], [ 11.945026142533029, 46.529297146314967 ], [ 11.94444675723598, 46.529208573075323 ], [ 11.943511245970614, 46.529075168682859 ], [ 11.942765104634562, 46.528977381395777 ], [ 11.942549950141792, 46.528856919247112 ], [ 11.941977930893696, 46.528678142523077 ], [ 11.941687338167474, 46.528564120690667 ], [ 11.94107463848089, 46.528341385857139 ], [ 11.94059443169742, 46.528187239897377 ], [ 11.939973403087883, 46.528338218910847 ], [ 11.939245667026929, 46.528505439040984 ], [ 11.938659158410591, 46.528601522317508 ], [ 11.938287036720052, 46.528638090273901 ], [ 11.937658468735338, 46.528694749119033 ], [ 11.936722853256786, 46.528453290251662 ], [ 11.935836078252938, 46.528210569134536 ], [ 11.93517363400019, 46.528092581980985 ], [ 11.934925447237374, 46.52800895434055 ], [ 11.934263100973292, 46.52787745919909 ], [ 11.933898109672693, 46.527819328429878 ], [ 11.933237662800861, 46.527980282772567 ], [ 11.932434049237685, 46.528176407180176 ], [ 11.931798104136677, 46.528323224301914 ], [ 11.931525888100303, 46.528429208362923 ], [ 11.93080514618241, 46.528560194681546 ], [ 11.930051777540996, 46.5284940101091 ], [ 11.929456126809105, 46.528450778456985 ], [ 11.928993551329979, 46.528548135372695 ], [ 11.928365812829259, 46.528681222817262 ], [ 11.928042528367284, 46.5287165060139 ], [ 11.927464261275203, 46.528875321420848 ], [ 11.927093043804264, 46.529019831182985 ], [ 11.926513669552854, 46.529264171287352 ], [ 11.925737775696085, 46.529567540080748 ], [ 11.925183434872372, 46.529838232914251 ], [ 11.924943429595645, 46.529952376904561 ], [ 11.92439757877241, 46.530168847874876 ], [ 11.923746700091316, 46.530433003663347 ], [ 11.923209606120462, 46.530676245260892 ], [ 11.922688255249804, 46.530878581179572 ], [ 11.922085555302939, 46.531114495009845 ], [ 11.921845235977802, 46.53119263998277 ], [ 11.921216760842416, 46.531388707597344 ], [ 11.920886038799523, 46.531437660731889 ], [ 11.920266926475385, 46.531610983513964 ], [ 11.919422173316097, 46.531817067205068 ], [ 11.918818738333362, 46.532039482287345 ], [ 11.91850481624904, 46.532128499983841 ], [ 11.917769474392337, 46.532399278324569 ], [ 11.917315262863939, 46.532455873657703 ], [ 11.916891767042907, 46.532462182633211 ], [ 11.916487765222806, 46.532512993172411 ], [ 11.916023261192393, 46.53260584646268 ], [ 11.915411195159418, 46.532697961981263 ], [ 11.915129099657152, 46.532772658333251 ], [ 11.914684762170834, 46.532891992134864 ], [ 11.914174883631661, 46.532913994100078 ], [ 11.91383374165644, 46.53293619208474 ], [ 11.913198155187834, 46.533015395181813 ], [ 11.912783589276801, 46.532944960312562 ], [ 11.912244876388284, 46.532900187649531 ], [ 11.911971176076074, 46.532857660783606 ], [ 11.911680565116464, 46.532712062766443 ], [ 11.911432848586724, 46.532560871283927 ], [ 11.911199258901188, 46.532445319887806 ], [ 11.910875754147916, 46.53230955779145 ], [ 11.909945494532082, 46.532045242932334 ], [ 11.90925761311347, 46.531801751457685 ], [ 11.909133993030514, 46.531791397922142 ], [ 11.908446194938735, 46.531732401777262 ], [ 11.908147604520623, 46.531681499031478 ], [ 11.907939556721473, 46.531601291517823 ], [ 11.907674048997048, 46.531437044384269 ], [ 11.907159888140953, 46.531180120459553 ], [ 11.90660316744502, 46.530919776529238 ], [ 11.906152333734921, 46.530490235389287 ], [ 11.905778852709531, 46.530211727802204 ], [ 11.905397782023236, 46.530126914387814 ], [ 11.904751234330696, 46.530030846938068 ], [ 11.904163379472607, 46.529919784284985 ], [ 11.903526160688834, 46.529845973139224 ], [ 11.902887656809421, 46.529763190965213 ], [ 11.902449428553073, 46.529706819784998 ], [ 11.902232978009318, 46.529667315785865 ], [ 11.90192640646338, 46.529558098719953 ], [ 11.901337124866899, 46.529420057413596 ], [ 11.900930553245125, 46.529299875997509 ], [ 11.90044750835467, 46.528907130404001 ], [ 11.900106623163122, 46.528627777089362 ], [ 11.899916504333742, 46.528547100034849 ], [ 11.899318867673667, 46.528328259296877 ], [ 11.899045877790787, 46.528191182271527 ], [ 11.898887928999329, 46.528087187214496 ], [ 11.898629976055902, 46.527895727114867 ], [ 11.89838773063201, 46.527631867183665 ], [ 11.897987359916785, 46.527214514276494 ], [ 11.897512503988294, 46.52674504763641 ], [ 11.897162791374429, 46.526452409141037 ], [ 11.896839026901834, 46.526325614023762 ], [ 11.89628258534562, 46.52611471338809 ], [ 11.895926941696512, 46.525970723309264 ], [ 11.895278651044967, 46.525595642898097 ], [ 11.894697254088658, 46.525236864819711 ], [ 11.894289594536531, 46.524972685499016 ], [ 11.893983781350782, 46.524876928104469 ], [ 11.893328458600097, 46.52476751809921 ], [ 11.892756854536218, 46.524669485589577 ], [ 11.892126759333344, 46.524559430171692 ], [ 11.891661394484796, 46.524175200134422 ], [ 11.891170836871655, 46.523899606876206 ], [ 11.890972390082833, 46.523738124572866 ], [ 11.890481412284352, 46.523408538287285 ], [ 11.889933246747992, 46.523075895877717 ], [ 11.889534550036922, 46.522887973950105 ], [ 11.888822570796053, 46.522815970974243 ], [ 11.888168845190926, 46.522751491607337 ], [ 11.887869925488069, 46.522754544930855 ], [ 11.887216625792012, 46.52274405004345 ], [ 11.886635366602677, 46.522709231638679 ], [ 11.886205188769848, 46.522711095629433 ], [ 11.885320246624826, 46.522665938810711 ], [ 11.884616438629381, 46.522625203725653 ], [ 11.884293992142196, 46.522583840904716 ], [ 11.883640311646467, 46.52255083487438 ], [ 11.882710900120713, 46.522466279298314 ], [ 11.881735052717049, 46.522427887563637 ], [ 11.88108174343629, 46.522417357807988 ], [ 11.880708843091487, 46.52237725670237 ], [ 11.880071097853676, 46.522352828702715 ], [ 11.879151948040231, 46.522276985684769 ], [ 11.878118174091908, 46.52222202203663 ], [ 11.877438802963002, 46.522180627332212 ], [ 11.877224155600507, 46.522159030805611 ], [ 11.876486109090488, 46.522056106750966 ], [ 11.875749122810275, 46.521957651307439 ], [ 11.87536652861203, 46.521656773437442 ], [ 11.874917043953278, 46.521308076261818 ], [ 11.87452628798018, 46.520975900482341 ], [ 11.874285569184551, 46.520815452415597 ], [ 11.873795364229881, 46.52054427582727 ], [ 11.873156417951407, 46.520218335679111 ], [ 11.87210429260349, 46.520015277129758 ], [ 11.871740218680339, 46.519956924733286 ], [ 11.871359299195905, 46.519903494446012 ], [ 11.871061923155519, 46.519919965165634 ], [ 11.870511935862284, 46.519951779991693 ], [ 11.870415907616966, 46.519954191760995 ], [ 11.869639196506109, 46.51998269616216 ], [ 11.868926958650032, 46.519951076181101 ], [ 11.868471282188779, 46.519886012599912 ], [ 11.867808318235507, 46.51983064869021 ], [ 11.867502064452667, 46.519802332338323 ], [ 11.866865588529462, 46.519723798112118 ], [ 11.866068664014577, 46.519631283753753 ], [ 11.865639633106587, 46.51959254102244 ], [ 11.864943859300457, 46.519501982681092 ], [ 11.86429774950037, 46.519441675857806 ], [ 11.864024372003607, 46.519372025764483 ], [ 11.863336242302378, 46.519240765587533 ], [ 11.862549515896317, 46.51909397053285 ], [ 11.861513984600599, 46.518926399289015 ], [ 11.860802185319745, 46.518840717006512 ], [ 11.860511507545739, 46.518798491872474 ], [ 11.859857719631826, 46.518715851834166 ], [ 11.859311154483716, 46.518657525981794 ], [ 11.858499843724685, 46.518569818786794 ], [ 11.857936756631938, 46.518507399523507 ], [ 11.857273930349725, 46.518438470868197 ], [ 11.856984435772391, 46.518418707450067 ], [ 11.856288239831711, 46.51835060721595 ], [ 11.855808869974673, 46.518299585412009 ], [ 11.855287218828835, 46.518281118262877 ], [ 11.85435944054594, 46.51820979138342 ], [ 11.85372231318118, 46.518149200412147 ], [ 11.853391660940201, 46.518121455420093 ], [ 11.852736356473995, 46.517993811951705 ], [ 11.852116276310827, 46.517869785779304 ], [ 11.851518311260602, 46.517763204701524 ], [ 11.850913647187989, 46.517544286266236 ], [ 11.850324595300703, 46.51737447586936 ], [ 11.850067469847547, 46.517241386340025 ], [ 11.849463420558902, 46.51704944522303 ], [ 11.848799493733004, 46.516849993300809 ], [ 11.848136024152433, 46.516628025862609 ], [ 11.847686705320129, 46.516418719258994 ], [ 11.847123245548012, 46.516239254611143 ], [ 11.846893010335737, 46.516136988453042 ], [ 11.846319992920735, 46.51589925722368 ], [ 11.84555757250552, 46.515607738179746 ], [ 11.844612408807413, 46.515280261992267 ], [ 11.843996860660713, 46.515039077599326 ], [ 11.843716052896871, 46.514920063240105 ], [ 11.843202354626701, 46.514694340606496 ], [ 11.842389852625081, 46.514363545802517 ], [ 11.841526088208514, 46.514002519341908 ], [ 11.840979155131329, 46.51376411283254 ], [ 11.8406461777367, 46.513659887866538 ], [ 11.840083211681232, 46.513426375609619 ], [ 11.839278662061728, 46.513122361402317 ], [ 11.838423893334788, 46.512792588402512 ], [ 11.837811420400305, 46.512546794278208 ], [ 11.837554242640284, 46.512427178061451 ], [ 11.836990365939636, 46.512175672967913 ], [ 11.836276867768388, 46.511882877659296 ], [ 11.835406662280581, 46.511490464426011 ], [ 11.834873949479514, 46.511211175439712 ], [ 11.834551455122858, 46.511088672489038 ], [ 11.833972033330557, 46.510851038197984 ], [ 11.833174514142708, 46.510492806059702 ], [ 11.832370270390648, 46.510161735326896 ], [ 11.831748797880154, 46.509961132283372 ], [ 11.831441438597603, 46.509878746049679 ], [ 11.830829142694087, 46.509650910345002 ], [ 11.829991458127937, 46.509365651684071 ], [ 11.829095539125356, 46.509009827526917 ], [ 11.828564527302438, 46.508824968161925 ], [ 11.828242999617903, 46.508751924083263 ], [ 11.828112642969678, 46.509097153858519 ], [ 11.827989016177975, 46.509383716251449 ], [ 11.827759978471081, 46.509821388316908 ], [ 11.827489094439992, 46.51020609450098 ], [ 11.827167849908825, 46.510484044492081 ], [ 11.826700051244808, 46.510999620962977 ], [ 11.82646656046772, 46.511225897990634 ], [ 11.82606194850668, 46.511483406193229 ], [ 11.825819845296028, 46.511669394362336 ], [ 11.825628531417653, 46.511845126269833 ], [ 11.825430244649175, 46.512043530482302 ], [ 11.825262411487653, 46.512232181447118 ], [ 11.825079343088923, 46.51242570879149 ], [ 11.824912913750545, 46.512704325543204 ], [ 11.824796118878739, 46.512918714608517 ], [ 11.824694908480955, 46.513308220351519 ], [ 11.824659852880094, 46.513732091445483 ], [ 11.824641869167452, 46.513966538496106 ], [ 11.824648405807153, 46.514186879394259 ], [ 11.824640399355911, 46.51436257920593 ], [ 11.824687076447281, 46.51480693053329 ], [ 11.824718267076253, 46.515094162835283 ], [ 11.824824203209152, 46.515393047921883 ], [ 11.824954702898856, 46.515898328026914 ], [ 11.825011233265839, 46.516139933411274 ], [ 11.825075464655121, 46.516592850691346 ], [ 11.825107815996871, 46.516839553701388 ], [ 11.825120782783443, 46.517262237720082 ], [ 11.825169306637605, 46.517648042424483 ], [ 11.825231568790336, 46.518078507971651 ], [ 11.825255796819116, 46.5184199126899 ], [ 11.825271278430245, 46.51860853198643 ], [ 11.825202982313687, 46.519082725141693 ], [ 11.825177090906372, 46.519290367296605 ], [ 11.825102278533665, 46.519733221089133 ], [ 11.825083587777998, 46.519985685684112 ], [ 11.825090490625291, 46.520260017890294 ], [ 11.825014277818449, 46.520675905902209 ], [ 11.824977702901444, 46.521086314087974 ], [ 11.824942776680807, 46.521559682125464 ], [ 11.824859205233142, 46.52178674993111 ], [ 11.824726219035242, 46.521956538339857 ], [ 11.824526961404702, 46.522136964430857 ], [ 11.824193769731526, 46.52237470023762 ], [ 11.823936609314922, 46.522570056152077 ], [ 11.823703514974383, 46.522710816387082 ], [ 11.823348098704232, 46.522913098396828 ], [ 11.8230237286388, 46.523101112340235 ], [ 11.822824809656577, 46.523209526338803 ], [ 11.822714486857697, 46.52345525336068 ], [ 11.822590560699249, 46.523642815639228 ], [ 11.822330620817574, 46.524099239035024 ], [ 11.822056378483424, 46.524515514551467 ], [ 11.821905820375834, 46.524771234251816 ], [ 11.821656551542407, 46.525024890634555 ], [ 11.821448561347491, 46.525241527146704 ], [ 11.821241483613258, 46.525413140322897 ], [ 11.821066155937734, 46.525615469760844 ], [ 11.820850361804688, 46.525791797392209 ], [ 11.820466906568397, 46.526129763526683 ], [ 11.820044038973201, 46.526540701438243 ], [ 11.819685687321162, 46.52682854505187 ], [ 11.819219539604006, 46.52722254738395 ], [ 11.819004661215246, 46.527322348176497 ], [ 11.818706062207324, 46.527442213409181 ], [ 11.818440607643952, 46.527556760513832 ], [ 11.81822537125336, 46.527665568736658 ], [ 11.81788490850699, 46.527826964396091 ], [ 11.817760722602067, 46.527852526212598 ], [ 11.817444908552549, 46.528049313204157 ], [ 11.816988980474207, 46.528357553624403 ], [ 11.816756185491673, 46.528520792275529 ], [ 11.816358968309821, 46.528656581751363 ], [ 11.815802085221604, 46.528904304376333 ], [ 11.815479750464332, 46.528975245418643 ], [ 11.815013679908336, 46.529292727778376 ], [ 11.814832272583802, 46.52944119671691 ], [ 11.814317490918249, 46.529525873802868 ], [ 11.813779204129052, 46.529629127365993 ], [ 11.813428934237093, 46.529979752659173 ], [ 11.813262402003428, 46.530163853226334 ], [ 11.813104705275258, 46.530361236197244 ], [ 11.813013288327134, 46.53057948792425 ], [ 11.812885928539403, 46.531001125814178 ], [ 11.812775646878729, 46.53151684403511 ], [ 11.812675487849763, 46.531865811651315 ], [ 11.812564165790167, 46.532345554909831 ], [ 11.812512856741261, 46.532567319251882 ], [ 11.81240550964869, 46.532776962327794 ], [ 11.812213845356501, 46.532979679801137 ], [ 11.811513667645245, 46.532852903733207 ], [ 11.810658394839361, 46.532563436013547 ], [ 11.810288248929089, 46.532482536757641 ], [ 11.80883865901378, 46.532000664840808 ], [ 11.808010868598927, 46.531643001406366 ], [ 11.807493310721194, 46.531390213121178 ], [ 11.806419738752135, 46.530881073721297 ], [ 11.803269703740435, 46.528888357771585 ], [ 11.802175018101259, 46.528078193856807 ], [ 11.80112515869831, 46.527568423362965 ], [ 11.800198284162631, 46.525773119589438 ], [ 11.799604066865676, 46.525216171037066 ], [ 11.798820339550726, 46.524650359975738 ], [ 11.798583664898823, 46.524485153755599 ], [ 11.79805041504072, 46.52424170697698 ], [ 11.797246166465467, 46.523910389474032 ], [ 11.795969934801162, 46.523100108834136 ], [ 11.794966142668985, 46.522341652670882 ], [ 11.793452989738206, 46.521375135786833 ], [ 11.792671067301947, 46.52068323728502 ], [ 11.79198697669959, 46.519673940883024 ], [ 11.791700717621742, 46.519001427064786 ], [ 11.791577803593055, 46.51855892517883 ], [ 11.791244564031025, 46.517208051387577 ], [ 11.790958761666499, 46.516130520632949 ], [ 11.791126639682314, 46.515176912263449 ], [ 11.791487753074479, 46.51438508580889 ], [ 11.79145798801453, 46.514169810701375 ], [ 11.791241727374244, 46.513765588322656 ], [ 11.789569043156563, 46.513018917508838 ], [ 11.788977226417144, 46.5127903578706 ], [ 11.788731525151775, 46.512701852156916 ], [ 11.787606156960846, 46.512220799884389 ], [ 11.786540596276602, 46.511697778040798 ], [ 11.785135476054805, 46.511210021362139 ], [ 11.783612094561533, 46.510815128542227 ], [ 11.782290460373945, 46.510716807386203 ], [ 11.781629759543756, 46.51066988826485 ], [ 11.780697047006383, 46.510625083368339 ], [ 11.780037944819291, 46.510465615068327 ], [ 11.778278779334524, 46.509887384137649 ], [ 11.775520651244456, 46.509193887664729 ], [ 11.774516766842499, 46.508934758562383 ], [ 11.773085271881063, 46.508501494533753 ], [ 11.772491715864156, 46.508412393084491 ], [ 11.771534609205608, 46.508255604070243 ], [ 11.771495323305212, 46.50825205665663 ], [ 11.771074341822116, 46.508208263518469 ], [ 11.769917124964467, 46.508137313169499 ], [ 11.769537030227337, 46.508128523821988 ], [ 11.768611011354388, 46.508069957944755 ], [ 11.767404948509633, 46.508031665626717 ], [ 11.766027477978923, 46.507826507267858 ], [ 11.765409318029105, 46.507701964114766 ], [ 11.764445320264041, 46.507504782069041 ], [ 11.763522652492886, 46.507351593013993 ], [ 11.761771798573628, 46.50675490694362 ], [ 11.761656425949516, 46.50671269425402 ], [ 11.760908948977301, 46.5064472499541 ], [ 11.758265588748939, 46.506371570465483 ], [ 11.757472105324579, 46.506323215918101 ], [ 11.755695483657176, 46.506181562587791 ], [ 11.755001714056355, 46.506139786803899 ], [ 11.754730349741987, 46.506105827086735 ], [ 11.754062076328285, 46.506036430848297 ], [ 11.753006281912171, 46.505859364348581 ], [ 11.751251704554928, 46.505492108911781 ], [ 11.75059912221772, 46.505426814756156 ], [ 11.749204925163099, 46.505307356895067 ], [ 11.747693792477682, 46.505195193251687 ], [ 11.747066179267428, 46.505156278889032 ], [ 11.746064365102367, 46.505063351596839 ], [ 11.745141712153115, 46.504973014316548 ], [ 11.744456864487903, 46.504881459766551 ], [ 11.744185909358215, 46.504806964824127 ], [ 11.743820043158687, 46.504869748904078 ], [ 11.74304172706635, 46.504960431209767 ], [ 11.742460466517679, 46.505113880768199 ], [ 11.740541754159766, 46.506356912693711 ], [ 11.73972865436073, 46.506452906376651 ], [ 11.736491853207099, 46.506255944908325 ], [ 11.736082572970794, 46.506882248121073 ], [ 11.735761177198979, 46.507263444324757 ], [ 11.735162424120208, 46.507799778303344 ], [ 11.734388732380165, 46.508551795974384 ], [ 11.733827718172542, 46.509321221752039 ], [ 11.73367489340667, 46.509522878482343 ], [ 11.733089464071975, 46.509757380364725 ], [ 11.732641774814033, 46.509781584665049 ], [ 11.731035250077561, 46.509864982360433 ], [ 11.730158657053035, 46.509930924502569 ], [ 11.729131801345941, 46.509973447651447 ], [ 11.728461722839608, 46.50999844531983 ], [ 11.727510416056404, 46.509971649906404 ], [ 11.725527182878336, 46.509951457977266 ], [ 11.724560105956886, 46.509902513864049 ], [ 11.72314522445604, 46.509940731798672 ], [ 11.721990332846469, 46.509801739721254 ], [ 11.720370802306146, 46.509673795510267 ], [ 11.720066945005607, 46.50960902652492 ], [ 11.719625159136836, 46.509768040220195 ], [ 11.71914133696893, 46.510472556006356 ], [ 11.718247584208662, 46.511452321029438 ], [ 11.717266443808596, 46.51264115770617 ], [ 11.716879418661303, 46.513032860300719 ], [ 11.716653325972251, 46.513335236128363 ], [ 11.716289695807662, 46.513330378101337 ], [ 11.715420892444133, 46.513292521078647 ], [ 11.714415581793327, 46.513082398200467 ], [ 11.713798720325155, 46.512917044662437 ], [ 11.713512727732594, 46.512802333762721 ], [ 11.712877568644954, 46.512596909384925 ], [ 11.712501675489655, 46.512443829418864 ], [ 11.711919041262242, 46.51219665296194 ], [ 11.711246820973694, 46.51193359846895 ], [ 11.710687878244569, 46.511703853877776 ], [ 11.710343753032616, 46.51159951373446 ], [ 11.709751532763399, 46.51138855376697 ], [ 11.709267543137155, 46.511175025386912 ], [ 11.708750359083458, 46.510998281850618 ], [ 11.708034170420451, 46.510817250959093 ], [ 11.707753912820733, 46.510751890092116 ], [ 11.707418447444349, 46.510624835849775 ], [ 11.707240910430146, 46.510413039631146 ], [ 11.706869041311725, 46.510012344245581 ], [ 11.706527906676646, 46.509705420488764 ], [ 11.706147089964187, 46.509304934606952 ], [ 11.705724719189877, 46.508936931331377 ], [ 11.705400384375729, 46.508607106354518 ], [ 11.70518048204983, 46.508427809862795 ], [ 11.704758039488986, 46.508041804577445 ], [ 11.704341264926143, 46.507786164482802 ], [ 11.703925248319861, 46.507562005145147 ], [ 11.703541391524881, 46.50729658334987 ], [ 11.703269602073945, 46.507253511347912 ], [ 11.702635302557555, 46.507129010271996 ], [ 11.702099779879328, 46.507024670740286 ], [ 11.701777238714394, 46.507009795149244 ], [ 11.701437322107632, 46.506972829162009 ], [ 11.701197399897026, 46.506865998640237 ], [ 11.700931423596545, 46.506710282953726 ], [ 11.700642593934695, 46.506537106502634 ], [ 11.700535230719202, 46.506359642001449 ], [ 11.700569042613193, 46.505989840665698 ], [ 11.700867075203984, 46.505559795784372 ], [ 11.70127117730728, 46.505149743523397 ], [ 11.701487162695974, 46.504708135871674 ], [ 11.701413597515513, 46.504489373045232 ], [ 11.701099509608424, 46.504118793305828 ], [ 11.700999330706239, 46.504004159852499 ], [ 11.70046048545885, 46.503782890361251 ], [ 11.699989479043349, 46.503582516011612 ], [ 11.699377595770844, 46.503547467995816 ], [ 11.698708228620365, 46.503536274117671 ], [ 11.698394526051464, 46.50353468041768 ], [ 11.697773102370061, 46.503603349751195 ], [ 11.697127946483736, 46.503735576142034 ], [ 11.696349990264542, 46.503686430480847 ], [ 11.695804888491304, 46.503568787353849 ], [ 11.695192847807764, 46.503398719703299 ], [ 11.694952577664376, 46.503300884334166 ], [ 11.694316050709661, 46.503113389200657 ], [ 11.693646103613768, 46.503106679352385 ], [ 11.693158499839063, 46.503113669416827 ], [ 11.692497213063939, 46.503282249951916 ], [ 11.69185159516967, 46.503355956996828 ], [ 11.6915129580248, 46.503327931433326 ], [ 11.690875635445495, 46.503338437197186 ], [ 11.690107149627531, 46.503365526562661 ], [ 11.689436022719688, 46.503318319498767 ], [ 11.68896564930237, 46.503162885153777 ], [ 11.688410213216747, 46.503000449577037 ], [ 11.688088598231918, 46.502855012716779 ], [ 11.687559945828975, 46.502673942991947 ], [ 11.686657756442868, 46.502335150449476 ], [ 11.685847308535905, 46.502039195355721 ], [ 11.685252248341394, 46.501783174900623 ], [ 11.684963196148388, 46.501686464569943 ], [ 11.684392332732076, 46.50147487153874 ], [ 11.683556536651249, 46.501093994948363 ], [ 11.682704620312776, 46.500848491500228 ], [ 11.682017306274778, 46.500869121258013 ], [ 11.681711154967182, 46.5008718045842 ], [ 11.68100987303451, 46.500856755752551 ], [ 11.680455425358248, 46.500829259227551 ], [ 11.679032213493389, 46.500826625968351 ], [ 11.678453799118261, 46.500808681525349 ], [ 11.678097648222419, 46.50077202655482 ], [ 11.67519148949483, 46.500727581357687 ], [ 11.674944756239325, 46.500629855216367 ], [ 11.67469752054672, 46.500505140128304 ], [ 11.674460345321135, 46.50040268924824 ], [ 11.674221918275615, 46.500241766791682 ], [ 11.674000744132274, 46.500066940127937 ], [ 11.673812103785924, 46.499891351979073 ], [ 11.673242643378059, 46.499873171694375 ], [ 11.67307555008494, 46.49990407970914 ], [ 11.672632726401041, 46.499644433208026 ], [ 11.672526439033657, 46.499619918260052 ], [ 11.672078880288364, 46.499612381933979 ], [ 11.671434579947178, 46.49954644188621 ], [ 11.671105162502419, 46.499473140073469 ], [ 11.670799078242069, 46.49932729164113 ], [ 11.670536906492547, 46.499229916729178 ], [ 11.670280852789752, 46.499190898657972 ], [ 11.669924790463085, 46.499172216260902 ], [ 11.669395626529482, 46.49921157588399 ], [ 11.668824606675516, 46.499211410109268 ], [ 11.66858788179238, 46.498951435540107 ], [ 11.668317574215976, 46.498687744434456 ], [ 11.6680834169267, 46.498297208039659 ], [ 11.667929220653049, 46.498075805869632 ], [ 11.667749842615128, 46.497922491663296 ], [ 11.667503162662451, 46.497775247896847 ], [ 11.667224774922451, 46.49757924319379 ], [ 11.666224613364566, 46.497481077103679 ], [ 11.665662199632273, 46.497489694856803 ], [ 11.665007402232185, 46.497491463824815 ], [ 11.66469327890831, 46.497480787339065 ], [ 11.664047805251398, 46.497473333379737 ], [ 11.663171667209054, 46.497412750068605 ], [ 11.662102098437289, 46.497527666353108 ], [ 11.661448558607608, 46.497538385671305 ], [ 11.661108217468843, 46.497591310181463 ], [ 11.6604453881362, 46.497678740499353 ], [ 11.659540433518526, 46.497812301228635 ], [ 11.658603218578589, 46.497969105278024 ], [ 11.657940343601629, 46.498106022383297 ], [ 11.657615679507844, 46.498163071933 ], [ 11.656994394238156, 46.49826751633092 ], [ 11.656661153707358, 46.498315762471336 ], [ 11.65609280105833, 46.498202970373356 ], [ 11.655605104648808, 46.498173802055739 ], [ 11.655095783312465, 46.497951632847766 ], [ 11.654550094733761, 46.497802306401105 ], [ 11.654229008186483, 46.497715262386087 ], [ 11.6535935123835, 46.497595016948459 ], [ 11.652891849476866, 46.497453803585209 ], [ 11.652496092557156, 46.49742248807302 ], [ 11.6517021746744, 46.497310408419004 ], [ 11.651099421928443, 46.49724338980581 ], [ 11.650717559361201, 46.497229745969797 ], [ 11.650072087131734, 46.497222212960153 ], [ 11.649586059865022, 46.497143479965828 ], [ 11.648865375018863, 46.497214184035712 ], [ 11.64807625892611, 46.49731796913386 ], [ 11.647529385876965, 46.497479138366067 ], [ 11.647229406153082, 46.497558086729548 ], [ 11.647029057588115, 46.497625727001449 ], [ 11.646721012218993, 46.497790361285794 ], [ 11.64646360893185, 46.497890821858483 ], [ 11.646305201670009, 46.498033990182243 ], [ 11.646003461005982, 46.49826147688816 ], [ 11.645516428752266, 46.498682252538529 ], [ 11.645317482988835, 46.498745357289529 ], [ 11.644776087868623, 46.498969386805427 ], [ 11.644484554524107, 46.49908863268822 ], [ 11.643950699813169, 46.499316983831747 ], [ 11.643668236173475, 46.499472018008191 ], [ 11.642951696573631, 46.499830590235362 ], [ 11.642366217700662, 46.500204128309868 ], [ 11.64189879462287, 46.500475934256713 ], [ 11.641739573968019, 46.500686615283236 ], [ 11.641451036092743, 46.500918284675407 ], [ 11.641118865278798, 46.501056461075123 ], [ 11.640868495934336, 46.501201746615457 ], [ 11.640586872881149, 46.50130725342563 ], [ 11.640231043423181, 46.501427973691492 ], [ 11.639882696024676, 46.501535019976259 ], [ 11.639311355020043, 46.501764215007775 ], [ 11.638928362745759, 46.501980058832913 ], [ 11.63846341414129, 46.502337293835467 ], [ 11.63826428811784, 46.502481390743057 ], [ 11.63812277685421, 46.502570157313706 ], [ 11.637933169992133, 46.502507032996299 ], [ 11.637801815238721, 46.502267063280037 ], [ 11.637522348888382, 46.501963010849167 ], [ 11.637218165771799, 46.501686528126328 ], [ 11.636872846466838, 46.501334493220519 ], [ 11.636477637007452, 46.500961107922961 ], [ 11.636257161052008, 46.500714191973088 ], [ 11.635937537372312, 46.500573062576258 ], [ 11.635411610713286, 46.500360188724237 ], [ 11.634958394883068, 46.500235636735567 ], [ 11.634399924535506, 46.499956008117664 ], [ 11.633717793614158, 46.499611725858244 ], [ 11.633240872581089, 46.499384212772171 ], [ 11.632976812084616, 46.499313795389249 ], [ 11.632949470137703, 46.499219924761157 ], [ 11.632899771474719, 46.498865567848263 ], [ 11.63327218044051, 46.498244985992628 ], [ 11.633727402567857, 46.497635994781774 ], [ 11.63409282585439, 46.496534068577674 ], [ 11.634290612423369, 46.495890507044983 ], [ 11.63437329758618, 46.495461099105476 ], [ 11.634199843952166, 46.494416590970182 ], [ 11.634151060330604, 46.494098213468924 ], [ 11.634085085218734, 46.493676731536866 ], [ 11.634101080544641, 46.493451361658728 ], [ 11.634285076353892, 46.492961118520668 ], [ 11.635152420402559, 46.492707124276947 ], [ 11.635582705934269, 46.492931204791134 ], [ 11.635963121288645, 46.492881932199055 ], [ 11.636459693835022, 46.492640978017448 ], [ 11.636591792663593, 46.492408429607643 ], [ 11.636964804690514, 46.492138823133061 ], [ 11.637395575199223, 46.491935383108036 ], [ 11.638097754600839, 46.491752677712462 ], [ 11.638744482523824, 46.491535247931942 ], [ 11.639604403225675, 46.491263390977309 ], [ 11.640902082257893, 46.490882413340927 ], [ 11.641680348073415, 46.490522426710797 ], [ 11.642118617677136, 46.489684291344872 ], [ 11.642705954413437, 46.4888472077335 ], [ 11.643418373506513, 46.488137729114314 ], [ 11.643840232398128, 46.487835469956664 ], [ 11.644518073165562, 46.487387785939184 ], [ 11.645800658949355, 46.486782099752894 ], [ 11.646991698289968, 46.486304520061083 ], [ 11.648083111344953, 46.485653734783341 ], [ 11.648877491527704, 46.485041323343538 ], [ 11.649241461201528, 46.484654884909212 ], [ 11.649912642399386, 46.483820319890818 ], [ 11.650259265776461, 46.483177778294859 ], [ 11.64995380510153, 46.482874358295994 ], [ 11.649919966741036, 46.482362138828307 ], [ 11.649399768998878, 46.4821806965872 ], [ 11.648697947996073, 46.481746958992105 ], [ 11.647845617747423, 46.481181702848822 ], [ 11.647216717053663, 46.480035261155557 ], [ 11.646729364787612, 46.478885538187164 ], [ 11.64638240367449, 46.478313067332472 ], [ 11.646201302717945, 46.477903256902565 ], [ 11.646067865273059, 46.477703844487479 ], [ 11.645754793615877, 46.477292588443497 ], [ 11.645506254946238, 46.476902338058466 ], [ 11.644845200703305, 46.476215630960738 ], [ 11.645292401925554, 46.475732777746899 ], [ 11.645664588785277, 46.474945656496892 ], [ 11.645755055432755, 46.473755551991218 ], [ 11.645698716327022, 46.47331585221994 ], [ 11.645556456056333, 46.472648639149924 ], [ 11.645193997003433, 46.471419517055786 ], [ 11.644730901106941, 46.471002729841018 ], [ 11.644417033579073, 46.47096049166425 ], [ 11.643821818695685, 46.470992261560312 ], [ 11.643333823067108, 46.471237550689686 ], [ 11.6430285020278, 46.471892617338568 ], [ 11.642655296602461, 46.472558252760308 ], [ 11.642463599011263, 46.473206190545852 ], [ 11.642266109454519, 46.473633759920773 ], [ 11.642034356809795, 46.47409362121244 ], [ 11.641438629719913, 46.474233391356826 ], [ 11.640785181991893, 46.474189990435072 ], [ 11.638734677041571, 46.474097847120262 ], [ 11.63777452276997, 46.474025509106745 ], [ 11.636338204071617, 46.473838146038858 ], [ 11.634947129996085, 46.473744222667847 ], [ 11.63423757203442, 46.473769578377095 ], [ 11.633253613175631, 46.473355748130984 ], [ 11.632054704990393, 46.472586856494885 ], [ 11.629212119655232, 46.471261769231297 ], [ 11.628368310984593, 46.471186675801079 ], [ 11.627905052585401, 46.47108482701497 ], [ 11.627194192056445, 46.470930167447129 ], [ 11.626895958597119, 46.470806521075573 ], [ 11.626021018175212, 46.470507123908675 ], [ 11.625697964202377, 46.469952040993988 ], [ 11.625913084453884, 46.469465594764891 ], [ 11.62618661730343, 46.468788804309952 ], [ 11.626401892179652, 46.468356353983538 ], [ 11.626890042161945, 46.467724130273119 ], [ 11.627263077352127, 46.467153051068991 ], [ 11.627643482099309, 46.466532300707989 ], [ 11.627733990957164, 46.465571711095258 ], [ 11.627934902435234, 46.46475708428472 ], [ 11.628108269273454, 46.464114092000443 ], [ 11.628091502090051, 46.46366447327749 ], [ 11.628018033510715, 46.463220658334897 ], [ 11.627935610691299, 46.462286544461165 ], [ 11.627911598786, 46.461652590374001 ], [ 11.627729614029008, 46.46122027022313 ], [ 11.627482048003785, 46.460744456966054 ], [ 11.626978451472764, 46.460445529826451 ], [ 11.626423828042569, 46.460422275769993 ], [ 11.625737918833044, 46.460411035272799 ], [ 11.625433340778045, 46.46045853247773 ], [ 11.624762317763963, 46.460536945052816 ], [ 11.624068173555846, 46.460489883283039 ], [ 11.623671470532448, 46.460381989285459 ], [ 11.623390191726916, 46.460118443148815 ], [ 11.623457558329061, 46.459860394346421 ], [ 11.623886460888805, 46.45963904663153 ], [ 11.624201770543644, 46.45957780701027 ], [ 11.625590766222549, 46.459077902474576 ], [ 11.626542357885292, 46.458741035138502 ], [ 11.627169392328742, 46.458645622975446 ], [ 11.627492232534808, 46.458588701183317 ], [ 11.62831018282527, 46.458299891697663 ], [ 11.628137565244153, 46.458011358089486 ], [ 11.62755955870427, 46.457907646446479 ], [ 11.626996255004801, 46.45775409343274 ], [ 11.626153498375448, 46.457408957000133 ], [ 11.625607703098648, 46.457263994939446 ], [ 11.624913451974892, 46.457162940279417 ], [ 11.624054096888903, 46.45740317557577 ], [ 11.623689913480034, 46.457362035717743 ], [ 11.623086621923028, 46.45722288151309 ], [ 11.622870926366804, 46.457070329994337 ], [ 11.622425450765554, 46.456743048665565 ], [ 11.621574460332804, 46.455835561601866 ], [ 11.621162949951509, 46.454926990214901 ], [ 11.621087929573179, 46.453974700650413 ], [ 11.620874646891918, 46.453295584401012 ], [ 11.620891689835675, 46.452701187225841 ], [ 11.620934340581419, 46.452470706708667 ], [ 11.621190722600213, 46.451843820411398 ], [ 11.621025942303131, 46.450700086795912 ], [ 11.620985342646227, 46.450278013166503 ], [ 11.620820120852244, 46.449480793035676 ], [ 11.620465846788081, 46.448813908714193 ], [ 11.62022610200161, 46.448328899736232 ], [ 11.619664817912266, 46.447027751208282 ], [ 11.619764859514403, 46.446822955797856 ], [ 11.620071595765541, 46.445888913713333 ], [ 11.620029426210868, 46.445484875685381 ], [ 11.619980920239653, 46.445287985308269 ], [ 11.619559631434518, 46.444919637577122 ], [ 11.619435465887992, 46.44477398163442 ], [ 11.618493434754846, 46.444372563098128 ], [ 11.617981788667345, 46.443578774571741 ], [ 11.617568675734091, 46.442769226907018 ], [ 11.617603520646687, 46.442205922090203 ], [ 11.61767111239806, 46.441578866435272 ], [ 11.617728028639439, 46.44113655745462 ], [ 11.617724781034751, 46.440916129138095 ], [ 11.61762364442683, 46.440265937509274 ], [ 11.617735356548925, 46.439421868442246 ], [ 11.617849986749006, 46.439131239267489 ], [ 11.618121449147914, 46.438751516337298 ], [ 11.618335569515386, 46.438584609098093 ], [ 11.61852410635818, 46.438274285781254 ], [ 11.618399542859319, 46.437899134820881 ], [ 11.617652933310035, 46.437430231129618 ], [ 11.617056567962914, 46.436989382699977 ], [ 11.616291157626106, 46.435940393138168 ], [ 11.61585034889837, 46.435077471874408 ], [ 11.616004319345983, 46.434299937599249 ], [ 11.616092846543799, 46.433973906981834 ], [ 11.616215215607642, 46.433539100175736 ], [ 11.616651598040988, 46.432917101897878 ], [ 11.617177536682002, 46.432126548864503 ], [ 11.617975105485073, 46.431113768518877 ], [ 11.618410937311259, 46.430599777315301 ], [ 11.618795807367631, 46.429803448219033 ], [ 11.619091377384704, 46.429045164701854 ], [ 11.619279053761897, 46.428361354119872 ], [ 11.619472505332229, 46.427186903819255 ], [ 11.61955251795723, 46.426582061288386 ], [ 11.619559027885851, 46.425920402568217 ], [ 11.619456279908819, 46.425270248153488 ], [ 11.618840408213581, 46.424181846183494 ], [ 11.618691764338132, 46.423982749234831 ], [ 11.618483656406742, 46.423578011473793 ], [ 11.618292405938265, 46.423168387050417 ], [ 11.617013387681599, 46.421802661331057 ], [ 11.616689925517283, 46.421400561624345 ], [ 11.615918647833185, 46.420428203262773 ], [ 11.614847369122405, 46.41937270261122 ], [ 11.614831065466635, 46.419355075361857 ], [ 11.613966700494261, 46.418101329108552 ], [ 11.613833181999917, 46.417690376545188 ], [ 11.613997974797998, 46.41732660191839 ], [ 11.613354404532153, 46.416522307495008 ], [ 11.611129985614248, 46.414615620854697 ], [ 11.608799574197814, 46.412733810592478 ], [ 11.60763316197194, 46.411774914803551 ], [ 11.606803242222863, 46.410214322720279 ], [ 11.606601702974183, 46.409534908547748 ], [ 11.606352337490843, 46.408159073302087 ], [ 11.605910642555267, 46.40627911450261 ], [ 11.605787893635213, 46.405750904519543 ], [ 11.605131179584228, 46.404204350171135 ], [ 11.604122396439113, 46.402827817525832 ], [ 11.603075015224386, 46.401168650099159 ], [ 11.602481074766427, 46.399827653552634 ], [ 11.601000355168479, 46.397858828302184 ], [ 11.600297843212852, 46.396934298274878 ], [ 11.599868184933039, 46.395985556566849 ], [ 11.599744578455457, 46.395574361098674 ], [ 11.599704802400975, 46.394805752137103 ], [ 11.599790939830898, 46.394650789883705 ], [ 11.600375072200615, 46.393615981519858 ], [ 11.600648540282876, 46.393177750810075 ], [ 11.601311812155828, 46.392474142530816 ], [ 11.601467210122838, 46.391998096506406 ], [ 11.60150965562482, 46.391574122466103 ], [ 11.601531060739921, 46.391357631195298 ], [ 11.601465153006895, 46.390963124168536 ], [ 11.601117384906249, 46.390026022521823 ], [ 11.600422322927283, 46.389033821618092 ], [ 11.599881196612071, 46.387876111398747 ], [ 11.598109393037124, 46.386255874580215 ], [ 11.597350922890678, 46.385364098104709 ], [ 11.596786480933156, 46.384791914043234 ], [ 11.596407328819598, 46.384373020636303 ], [ 11.595627831430345, 46.383670713984671 ], [ 11.595052217746229, 46.383445281755691 ], [ 11.594111352717416, 46.383367640978008 ], [ 11.593411102185224, 46.383410534762064 ], [ 11.593121094629995, 46.383448616279225 ], [ 11.591863809225508, 46.383675142134031 ], [ 11.590598942714044, 46.383964827172129 ], [ 11.590039849260702, 46.384139502879592 ], [ 11.589719373381561, 46.384169266091575 ], [ 11.589100363010139, 46.384142791088557 ], [ 11.588182673421342, 46.383610067708062 ], [ 11.58742810974142, 46.383415650264787 ], [ 11.586484779683669, 46.3833200021081 ], [ 11.585778132270077, 46.383416994858948 ], [ 11.584900067549256, 46.383274856003524 ], [ 11.583667715529961, 46.382704212402231 ], [ 11.583385741485417, 46.382602584897903 ], [ 11.582681707343145, 46.382478995220133 ], [ 11.582020211919717, 46.382412941219641 ], [ 11.580980504929165, 46.381927917624168 ], [ 11.580408259749536, 46.381823837890948 ], [ 11.580070534827266, 46.381849463426605 ], [ 11.579478412556346, 46.381961831902764 ], [ 11.579019106623662, 46.38209820056889 ], [ 11.578312458424572, 46.38229864909696 ], [ 11.577785580132728, 46.382346535574484 ], [ 11.577354203910222, 46.381816254920572 ], [ 11.577159702263607, 46.381483134914816 ], [ 11.577018932937827, 46.3811173023199 ], [ 11.576382526051514, 46.38099664890526 ], [ 11.574749343752247, 46.381042456431125 ], [ 11.573784056838175, 46.381118201326309 ], [ 11.572838386426445, 46.381265497779914 ], [ 11.571924686373187, 46.381470567987769 ], [ 11.571295756625149, 46.381439719646778 ], [ 11.570752220601412, 46.381375446349928 ], [ 11.569677092809856, 46.381102620722586 ], [ 11.565844943696176, 46.381539731063086 ], [ 11.565226811883321, 46.381531107267946 ], [ 11.564913153142751, 46.381515646987573 ], [ 11.564495783039657, 46.381264008773059 ], [ 11.563974714715846, 46.380915693774647 ], [ 11.563851057849403, 46.38077446535155 ], [ 11.563560773235467, 46.38040747043781 ], [ 11.563412429664076, 46.380190293876865 ], [ 11.563122512094454, 46.379796289092447 ], [ 11.562850045707558, 46.379514394311215 ], [ 11.562594140089805, 46.379065624395885 ], [ 11.562369909547927, 46.37861614368331 ], [ 11.562254238986029, 46.378384732738603 ], [ 11.562122084904559, 46.378131190799522 ], [ 11.562088621628297, 46.377902436682483 ], [ 11.562014080399596, 46.377508100305974 ], [ 11.561989253091182, 46.377342153732847 ], [ 11.562004930433108, 46.376878293442836 ], [ 11.561980129106113, 46.376365839644002 ], [ 11.561814550273334, 46.376144547216484 ], [ 11.561516571055638, 46.375768719258581 ], [ 11.561334396968791, 46.375574798612952 ], [ 11.561061831335181, 46.375220900293783 ], [ 11.560872592678052, 46.374928135311208 ], [ 11.560673018850132, 46.374640101674181 ], [ 11.560556898260527, 46.373877688688232 ], [ 11.560498355886994, 46.373442491870748 ], [ 11.560490881477103, 46.373213154857694 ], [ 11.560466003506198, 46.372768203538278 ], [ 11.560364690576051, 46.372113460526705 ], [ 11.560232134126679, 46.371468417507707 ], [ 11.560181832473965, 46.370983534789566 ], [ 11.560214341504842, 46.370757802023263 ], [ 11.560188640002666, 46.370294868587187 ], [ 11.560213784957927, 46.369650792404343 ], [ 11.560154658640688, 46.368977103453197 ], [ 11.560203663063604, 46.368530496634264 ], [ 11.560195105177826, 46.368260682901422 ], [ 11.56020292653289, 46.367819498745945 ], [ 11.560259438079754, 46.36749872620733 ], [ 11.560202552922897, 46.367081492105385 ], [ 11.560118528798407, 46.366448861514314 ], [ 11.560042830640077, 46.366063549377934 ], [ 11.560002015968298, 46.365798958237164 ], [ 11.559895989993734, 46.36535582414848 ], [ 11.55970482985995, 46.365108100876313 ], [ 11.559490364824303, 46.364743896820606 ], [ 11.559381944605045, 46.364458319091767 ], [ 11.559266033454159, 46.364046906393085 ], [ 11.55914888589766, 46.363626521056936 ], [ 11.559141267186577, 46.363428687541649 ], [ 11.559008251768914, 46.362981656808138 ], [ 11.55905825551495, 46.362521527451044 ], [ 11.559131309042412, 46.362137383477609 ], [ 11.558989646984363, 46.361609544569923 ], [ 11.558866014364755, 46.361189304032145 ], [ 11.558718641105067, 46.361026100343835 ], [ 11.55841200145797, 46.36061895693129 ], [ 11.558048495892971, 46.360177084846256 ], [ 11.557725367749132, 46.359729807782379 ], [ 11.557676264777401, 46.359339398418406 ], [ 11.55752696346986, 46.358978232077 ], [ 11.557493722918251, 46.358735970784082 ], [ 11.557428034959615, 46.35825143039628 ], [ 11.557434818274979, 46.357648265580949 ], [ 11.557409592177954, 46.35721232067047 ], [ 11.557409146702096, 46.356924324390569 ], [ 11.557358524764537, 46.356466447268254 ], [ 11.557309076749801, 46.356242548933125 ], [ 11.557259715534798, 46.355811644103809 ], [ 11.557234525826068, 46.355533201684381 ], [ 11.55715172208626, 46.355256048485906 ], [ 11.557069151466679, 46.354861887429152 ], [ 11.556969952724621, 46.354477098552394 ], [ 11.556813472618973, 46.354048590202318 ], [ 11.556737606514289, 46.353798282029224 ], [ 11.556630087224162, 46.353409178866059 ], [ 11.556496194931125, 46.352750659574049 ], [ 11.556596294775993, 46.352406412545704 ], [ 11.55663626534686, 46.352009509459336 ], [ 11.556784348161981, 46.351596687201436 ], [ 11.556941273575548, 46.351390671525074 ], [ 11.556742361881, 46.351201617687387 ], [ 11.556404438469803, 46.350853669697955 ], [ 11.556231364300114, 46.350713538077848 ], [ 11.555883067807297, 46.350473823006929 ], [ 11.555479823454066, 46.350257836160338 ], [ 11.555017750535491, 46.349912660265147 ], [ 11.554571141331031, 46.349585137219321 ], [ 11.554347587977507, 46.349459631466431 ], [ 11.553911602372029, 46.349185869594201 ], [ 11.553671403725021, 46.349051734311836 ], [ 11.553441339148725, 46.348629365538009 ], [ 11.553283618356092, 46.348434885137202 ], [ 11.552853646646025, 46.347958480223141 ], [ 11.552556897201001, 46.347569100031997 ], [ 11.552391467421982, 46.347365790370411 ], [ 11.552167983196426, 46.34699727322576 ], [ 11.551830710952929, 46.346644796951381 ], [ 11.55164757657883, 46.346252877201827 ], [ 11.551457631864606, 46.34564510421442 ], [ 11.55125057980589, 46.345262718009565 ], [ 11.551077675732168, 46.345073073581325 ], [ 11.550887629707971, 46.344672306633761 ], [ 11.550705257637089, 46.344383870679543 ], [ 11.5498798060043, 46.344361791513627 ], [ 11.549237600756911, 46.344542623470943 ], [ 11.548586453842791, 46.344705650805267 ], [ 11.548289367225468, 46.344779777676443 ], [ 11.547702678717661, 46.344914361912615 ], [ 11.547200343713449, 46.345029062494703 ], [ 11.546631740363804, 46.345185738606716 ], [ 11.545848070094991, 46.345329202975087 ], [ 11.545163742308144, 46.345425448386763 ], [ 11.544866390969458, 46.345459071293078 ], [ 11.544222677572265, 46.345590407402248 ], [ 11.543645898720666, 46.345711249796523 ], [ 11.543094069369937, 46.34616004151421 ], [ 11.542962062095004, 46.34651848720133 ], [ 11.54282992323561, 46.346944437167913 ], [ 11.54274050502514, 46.34713543110928 ], [ 11.542607463345595, 46.347331895695341 ], [ 11.542467958373713, 46.347546504322871 ], [ 11.542221566854259, 46.347943494697724 ], [ 11.541941507241635, 46.348350233626562 ], [ 11.541676496172879, 46.348783637736922 ], [ 11.541330900425857, 46.349196332807203 ], [ 11.541142264033775, 46.349385031737228 ], [ 11.54075456668453, 46.349713159318007 ], [ 11.540399577215418, 46.350081059350032 ], [ 11.539897295084431, 46.350285728389395 ], [ 11.539261565048264, 46.35053836152526 ], [ 11.538758139245868, 46.350806052314674 ], [ 11.538469953636607, 46.350897956120988 ], [ 11.537916983975181, 46.351148743303838 ], [ 11.537068008274073, 46.351568103341876 ], [ 11.536375568387614, 46.351929981645732 ], [ 11.535773108862227, 46.352199857169317 ], [ 11.535558238879183, 46.352366628358538 ], [ 11.535038769065507, 46.35265715906862 ], [ 11.534651319859698, 46.352904258405893 ], [ 11.534204912123897, 46.353035661380147 ], [ 11.533530363291002, 46.353275622927313 ], [ 11.532720986117557, 46.353428566814401 ], [ 11.532398430978228, 46.353462715686241 ], [ 11.531831059279655, 46.353578789466972 ], [ 11.531269580130596, 46.353699229995385 ], [ 11.530733263152568, 46.353819110529919 ], [ 11.530370554037507, 46.353881143454629 ], [ 11.529890734491644, 46.353905267026754 ], [ 11.529635917314302, 46.353928908282654 ], [ 11.529305801769812, 46.353922714902957 ], [ 11.528934937685014, 46.353948922993531 ], [ 11.528589408872069, 46.353943068631615 ], [ 11.52832459643821, 46.353908426886115 ], [ 11.528307595039267, 46.354156308245102 ], [ 11.528357545022066, 46.354587212214867 ], [ 11.528374617983467, 46.354816339295979 ], [ 11.528424287723375, 46.355382252219606 ], [ 11.528457739930596, 46.355948523899372 ], [ 11.528448843002332, 46.356178225518732 ], [ 11.528366035911983, 46.356355561267165 ], [ 11.528235227783972, 46.356619460679823 ], [ 11.528028507185967, 46.356664534704642 ], [ 11.527724175081913, 46.356689266997144 ], [ 11.52689064273817, 46.356689700462788 ], [ 11.526445642400432, 46.356659038461125 ], [ 11.525760580924794, 46.356602180105178 ], [ 11.525158120460908, 46.356556992754918 ], [ 11.524820080201593, 46.356555461574445 ], [ 11.524143908612945, 46.356462396370262 ], [ 11.52362385310669, 46.356442381322985 ], [ 11.523079784774342, 46.356359892776936 ], [ 11.522238695803635, 46.356301957916983 ], [ 11.521594037666704, 46.356257683098974 ], [ 11.521247653602344, 46.356233824988884 ], [ 11.520636441206518, 46.356157306226535 ], [ 11.519612525655987, 46.356080884004044 ], [ 11.518639986494891, 46.356043821135515 ], [ 11.518071020497949, 46.356020358654511 ], [ 11.51766581212487, 46.356006786007981 ], [ 11.517097016030228, 46.355933813920537 ], [ 11.516832819637683, 46.355912632225014 ], [ 11.516322161957042, 46.355973378599472 ], [ 11.515594613848956, 46.356052397515953 ], [ 11.515258394662085, 46.356302803052955 ], [ 11.515034523861205, 46.356469733459861 ], [ 11.514779171193039, 46.356605855564432 ], [ 11.514515315952556, 46.356769164722209 ], [ 11.51431760593012, 46.356940018169851 ], [ 11.514035658681706, 46.357063223439802 ], [ 11.513154403746899, 46.357564116445062 ], [ 11.512511221912497, 46.357906765589277 ], [ 11.512025037858798, 46.358164958548336 ], [ 11.511718555906029, 46.358338198337826 ], [ 11.5111338358934, 46.358432049816159 ], [ 11.510439923198838, 46.358501296497771 ], [ 11.510134747060789, 46.358508000035208 ], [ 11.509746353012716, 46.358489529833619 ], [ 11.509218576198098, 46.358478618879303 ], [ 11.508912763812459, 46.358453832497467 ], [ 11.508509797458276, 46.358471678720846 ], [ 11.508186564323788, 46.358492273675317 ], [ 11.507534874684195, 46.35859657668793 ], [ 11.506908332102007, 46.358682323983892 ], [ 11.506306158913507, 46.358803534093468 ], [ 11.505745593494789, 46.358946329161647 ], [ 11.505126791801107, 46.359094898161793 ], [ 11.50482123825385, 46.35914659663559 ], [ 11.504112742500981, 46.359306126197197 ], [ 11.50366620498947, 46.359437412211982 ], [ 11.503004778090263, 46.359595903678411 ], [ 11.502321253029194, 46.359786375779507 ], [ 11.501743631074346, 46.35994752495435 ], [ 11.501414319130751, 46.359995234297223 ], [ 11.500811107849989, 46.360111937978331 ], [ 11.500117794522064, 46.360248610004177 ], [ 11.499540143062646, 46.360373747952131 ], [ 11.498937728422801, 46.360490424286944 ], [ 11.498328407601033, 46.360598248241899 ], [ 11.498005581807789, 46.360645805936997 ], [ 11.49730471792428, 46.360706124427978 ], [ 11.496330308081143, 46.360754413868527 ], [ 11.49547279240161, 46.360818142859195 ], [ 11.494779440915583, 46.360918782556162 ], [ 11.494432872655739, 46.360962348349439 ], [ 11.493830835444102, 46.361069989280807 ], [ 11.493393560966387, 46.361120031339368 ], [ 11.492980405250561, 46.361129044826242 ], [ 11.491933173405927, 46.361273387021257 ], [ 11.491256030335656, 46.361337651183455 ], [ 11.490934612190559, 46.361380658085295 ], [ 11.490341293526617, 46.361483590465461 ], [ 11.489986180454107, 46.361482328103662 ], [ 11.489614229954672, 46.361539932529197 ], [ 11.488913977690064, 46.361685687717262 ], [ 11.488360022892236, 46.361778752311992 ], [ 11.487799161194955, 46.36189896506945 ], [ 11.487435946196465, 46.361987872802636 ], [ 11.487164041322716, 46.362029791364456 ], [ 11.486800414356427, 46.36212770620179 ], [ 11.486264317753156, 46.362256372667744 ], [ 11.485595299696923, 46.362410428092112 ], [ 11.484970110313245, 46.362563526575883 ], [ 11.484359120403505, 46.362707312782369 ], [ 11.484053514636651, 46.362740956366402 ], [ 11.483491824753244, 46.362879166235182 ], [ 11.48253545061149, 46.363057448234336 ], [ 11.482047206829019, 46.363113054028481 ], [ 11.481536652975493, 46.363250143641721 ], [ 11.480958512843946, 46.363384198131193 ], [ 11.480694310994792, 46.363452934512317 ], [ 11.480084103267224, 46.363542679826949 ], [ 11.478954587190332, 46.363648187665021 ], [ 11.478194200214325, 46.363777181008487 ], [ 11.477756684092915, 46.363822668236239 ], [ 11.477210999286628, 46.363901999076276 ], [ 11.477375360935788, 46.363727433180919 ], [ 11.477660040858193, 46.363338754806932 ] ] ] ] } }
]
}
