,cloudPercent,SCA_cloudFree,SCA,SCA_error
2002-07-04,37.222601481948736,9.913566576872862,24.83477993829018,18.611300740974368
2002-07-05,44.37596973191839,13.835821285133074,29.88402628543929,22.187984865959194
2002-07-06,94.0196397243562,20.26114362899595,48.221509247157705,47.0098198621781
2002-07-07,40.59447656921308,12.242808777955187,27.570142921781148,20.29723828460654
2002-07-08,1.355999086170014,9.714902907817695,10.26116845625039,0.677999543085007
2002-07-09,1.3586369602419046,8.532749436806535,9.096138829354201,0.6793184801209523
2002-07-10,42.70818424879021,13.505714875329913,29.09176140665285,21.354092124395105
2002-07-11,62.74267440100046,18.229082589745445,38.16300585467223,31.37133720050023
2002-07-12,31.38638561768649,14.16951510934995,25.41540926581627,15.693192808843245
2002-07-13,88.9920715879216,15.915469082553255,46.24799923701474,44.4960357939608
2002-07-14,80.70287036825998,10.773955246317056,42.43049929447745,40.35143518412999
2002-07-15,89.77545728676519,19.761388725718568,46.90824027437206,44.887728643382594
2002-07-16,99.07843547288414,17.344416984947202,49.6990577308104,49.53921773644207
2002-07-17,97.55150129723843,30.39323467230444,49.51992860529787,48.775750648619216
2002-07-18,68.35653753026635,14.189972681354531,38.668467445023055,34.178268765133176
2002-07-19,43.1802337162207,11.582141657293933,28.171062678441004,21.59011685811035
2002-07-20,5.947560129749845,8.817360046985883,11.26672232120978,2.9737800648749224
2002-07-21,55.85693502057937,11.514084507042254,33.011137316018754,27.928467510289686
2002-07-22,39.99485564696462,13.185768510132261,27.90956725204426,19.99742782348231
2002-07-23,3.7967243620896625,9.750589901406048,11.278749060216741,1.8983621810448312
2002-07-24,70.95285462646358,13.993307982620731,39.541083825510306,35.47642731323179
2002-07-25,79.05671483406704,10.92649038080912,41.81672345611461,39.52835741703352
2002-07-26,76.02168879971646,10.117905364521205,40.4369472351133,38.01084439985823
2002-07-27,44.542738589211616,14.499221859755185,30.312240663900415,22.271369294605808
2002-07-28,2.6685635364853217,8.711906214925552,9.81370523058391,1.3342817682426609
2002-07-29,50.14539827928085,15.266619792728436,32.683811633521664,25.072699139640424
2002-08-08,43.73092111952951,11.481099022681173,28.32576922518215,21.865460559764756
2002-08-09,97.99348005285547,65.55532617671346,50.312120722579145,48.99674002642774
2002-08-10,100.0,-1.0,50.0,50.0
2002-08-11,99.95631469979296,100.0,50.02184265010352,49.97815734989648
2002-08-12,70.15088082901555,10.319256780214134,38.15564766839378,35.075440414507774
2002-08-13,49.81131448485843,7.775198321560254,28.807927076215655,24.905657242429214
2002-08-14,8.564476986665948,6.946626585899683,10.63392284393366,4.282238493332974
2002-08-15,5.119855795089474,8.765920377864793,10.87704579295049,2.559927897544737
2002-08-16,38.076036268623575,10.72625511093237,25.68014045894046,19.038018134311788
2002-08-17,25.59259120859958,15.232730407707182,24.130575588854427,12.79629560429979
2002-08-18,32.94835236446802,13.850310910818584,25.761037850581726,16.47417618223401
2002-08-19,8.66327638800348,11.623656085101159,14.9483048260596,4.33163819400174
2002-08-20,19.098372910074005,11.64778925052423,18.9724374787166,9.549186455037002
2002-08-21,95.3380914114343,60.49580167932827,50.48930467992743,47.66904570571715
2002-08-22,14.311496757016082,9.557649100440873,15.345554837892342,7.155748378508041
2002-08-23,75.9901626029736,14.64925830363384,41.51234440005967,37.9950813014868
2002-08-24,61.714043996740365,13.0904088518677,35.868810172043055,30.857021998370183
2002-08-25,26.03956449161621,10.01162183557629,20.42442135685278,13.019782245808106
2002-08-26,77.28989720456934,12.347515077417178,41.449081969047405,38.64494860228467
2002-08-27,91.51427754503301,14.249438421720873,46.96630656837517,45.757138772516505
2002-08-28,75.98149361148192,13.277582159624412,41.17982372499109,37.99074680574096
2002-08-29,78.24844295677586,13.704882417959372,42.10524679523716,39.12422147838793
2002-08-30,40.56480832043295,16.13696114406617,29.87343794744946,20.282404160216476
2002-08-31,40.317852215317906,14.83596897715698,29.01335103789537,20.158926107658953
2002-09-01,98.4914114392672,67.45813889651386,50.26337148630965,49.2457057196336
2002-09-02,44.770353649984855,17.38001863204712,31.984099651038793,22.385176824992428
2002-09-03,91.53701313900667,13.466810260426865,46.908200952438165,45.76850656950334
2002-09-04,86.3286680686633,14.715688651794373,45.1761646759005,43.16433403433165
2002-09-05,75.2274371373909,15.77652640298545,41.521968489411144,37.61371856869545
2002-09-06,60.863266109809935,15.541009305010512,36.51387651045661,30.431633054904967
2002-09-07,47.829477784530376,14.27935306372354,31.364351954600423,23.914738892265188
2002-09-08,50.82839696683094,12.878679230957424,31.74685151077704,25.41419848341547
2002-09-09,46.53908144448155,11.732227249093999,29.541697176627263,23.269540722240777
2002-09-10,73.62225866848576,13.911553396531936,40.480682904375556,36.81112933424288
2002-09-11,93.02112657092492,24.695022409545576,48.23399764270637,46.51056328546246
2002-09-12,10.626585879392184,8.321000332235947,12.750055025602478,5.313292939696092
2002-09-14,7.840262186675084,8.548493596460983,11.798400378824853,3.920131093337542
2002-09-15,58.738763025558605,11.866996361297065,34.265851003162425,29.369381512779302
2002-09-16,30.66584798693985,7.215387561182848,20.33565177347187,15.332923993469924
2002-09-17,7.611221520998298,7.914351477225728,11.117583414842827,3.805610760499149
2002-09-18,5.133274081949647,6.6913432156272155,8.914495269579952,2.5666370409748236
2002-09-19,84.72597460717364,12.608347689260862,44.288789531260356,42.36298730358682
2002-09-20,86.79892261473117,22.694812838421093,46.39542111260748,43.399461307365584
2002-09-21,64.55382127977116,16.74415068741484,38.21207221773107,32.27691063988558
2002-09-22,94.28038281277506,58.60158597965022,50.491977790066,47.14019140638753
2002-09-23,99.26927194306575,46.89713799943327,49.97732651679391,49.63463597153287
2002-09-24,97.82199538268819,99.733815001426,51.08320478709637,48.91099769134409
2002-09-25,95.73943246282799,29.02143794662389,49.10619419538837,47.869716231413996
2002-09-26,68.5370222187211,24.69082116054898,42.03697868511939,34.26851110936055
2002-09-27,79.88104859600041,19.721066293107,43.90819604186095,39.940524298000206
2002-09-28,16.280918819609514,40.94411065292267,42.41849264591399,8.140459409804757
2002-09-29,7.545841407111571,40.099154468914826,40.84625657065361,3.7729207035557857
2002-09-30,2.631136254602775,34.77627475822999,35.17683171236732,1.3155681273013875
2002-10-01,1.79753392053467,31.592638493522095,31.923517060476474,0.898766960267335
2002-10-02,32.39256598754635,22.111087922610427,31.145022170487625,16.196282993773174
2002-10-03,89.04165207970387,15.752362948960302,46.24702477746682,44.52082603985193
2002-10-04,99.97929606625259,100.0,50.0103519668737,49.989648033126294
2002-10-05,33.313276510278776,17.150582129767336,28.09379953689487,16.656638255139388
2002-10-06,91.04690269885187,27.657753515914134,47.99967693301744,45.52345134942593
2002-10-07,65.14152410575427,16.027482823235477,38.15769828926905,32.570762052877136
2002-10-08,58.50167565114125,30.775761752793052,42.0222632585767,29.250837825570624
2002-10-09,62.339208208650355,34.88098056814365,44.306057570874884,31.169604104325177
2002-10-10,81.99924178549158,33.35404870413847,47.00360255472714,40.99962089274579
2002-10-11,82.40773352006929,29.99152083284264,46.48005502633226,41.20386676003464
2002-10-12,97.04892098844168,24.768453550378894,49.25539712843364,48.52446049422084
2002-10-13,20.30408385657205,15.503118855074163,22.507394530641896,10.152041928286025
2002-10-14,95.6612135017602,23.592019854906454,48.854214123006834,47.8306067508801
2002-10-15,99.62564962627079,27.43362831858407,49.915522703273496,49.81282481313539
2002-10-16,73.82428346110721,23.442547665800976,43.0483965570485,36.91214173055361
2002-10-17,99.47100025466524,88.84540117416829,50.20549207328562,49.73550012733262
2002-10-18,16.01768184309752,48.259612983615966,48.53838263873893,8.00884092154876
2002-10-19,43.333264184213256,30.211742482482922,38.78664039000104,21.666632092106628
2002-10-20,65.73353951263194,14.035968568334836,37.676399379803826,32.86676975631597
2002-10-21,97.66790349431417,89.57648939003818,50.9229619261382,48.83395174715709
2002-10-22,89.15223770561398,61.27677446451071,51.22327768838414,44.57611885280699
2002-10-23,58.798516502663325,32.49997482807576,42.78973001675987,29.399258251331663
2002-10-24,14.282421682769275,35.18912830202391,37.30447945282279,7.141210841384638
2002-10-25,87.20121492635649,49.83245649534601,49.978556466934485,43.60060746317824
2002-10-26,7.380450041116713,25.709673441476184,27.502408857952137,3.6902250205583567
2002-10-27,31.26016732512201,19.10336209030373,28.761702798711863,15.630083662561004
2002-10-28,23.542135012215905,14.799571042664967,23.086503552679922,11.771067506107952
2002-10-29,5.7057244133239475,20.206477982435278,21.906414241780514,2.8528622066619738
2002-10-30,34.05878142150201,20.265758778126347,30.39287900322644,17.029390710751006
2002-10-31,44.82100397123448,18.38657762536474,32.55603092334314,22.41050198561724
2002-11-01,4.2852514579075915,17.78908952043708,19.16940803136786,2.1426257289537958
2002-11-02,100.0,-1.0,50.0,50.0
2002-11-03,99.3421720125975,49.41768964431854,49.99616939950678,49.67108600629875
2002-11-04,83.35011602850986,40.153560895481526,48.360579313774245,41.67505801425493
2002-11-05,82.87044998270015,36.85502793971794,47.74832543617389,41.435224991350076
2002-11-06,5.459246184196864,38.46914187685745,39.09863980895027,2.729623092098432
2002-11-07,75.48239271759982,69.11513697125378,54.68657421410489,37.74119635879991
2002-11-08,44.372660244112375,29.797173856306625,38.76170526075639,22.186330122056187
2002-11-09,86.78571798510477,19.505847678173893,45.970416714142175,43.392858992552384
2002-11-10,20.748561217522326,30.24422691157446,34.34326558482124,10.374280608761163
2002-11-11,58.74233892035795,15.419445295971135,35.73287194075155,29.371169460178976
2002-11-12,5.114482414878041,35.85911645742502,36.58234945951839,2.5572412074390205
2002-11-13,94.12253164137564,84.17714829299229,52.00875107680074,47.06126582068782
2002-11-14,92.76835198701008,79.17060457656729,52.109515446238476,46.38417599350504
2002-11-16,99.93002070393375,85.79881656804734,50.02505175983437,49.965010351966875
2002-11-17,80.4768998402599,66.89164809508648,53.29777337623457,40.23844992012995
2002-11-18,99.8055900621118,100.0,50.0972049689441,49.9027950310559
2002-11-19,92.51499362149804,73.84002434772985,51.784427343063996,46.25749681074902
2002-11-20,27.4284089068994,58.13892949398266,55.906550631728855,13.7142044534497
2002-11-21,97.92447868677311,73.0147645650439,50.477676343736476,48.96223934338656
2002-11-22,98.38237486335177,100.0,50.808812568324115,49.191187431675885
2002-11-23,10.150453228670218,65.62452330435023,64.03856337413949,5.075226614335109
2002-11-24,90.49768882850941,72.08830965042281,52.098899915505555,45.248844414254705
2002-11-25,93.6255417305976,83.2158518759136,52.11733061665662,46.8127708652988
2002-11-26,92.26331722387182,95.35381650786854,53.50888091008105,46.13165861193591
2002-11-27,80.20150632607238,64.50198786356978,52.871175149762614,40.10075316303619
2002-11-28,76.69258749834283,73.04318458544043,55.370770084846875,38.346293749171416
2002-11-29,88.22073359681174,86.8289165948617,54.33817619911677,44.11036679840587
2002-11-30,61.67183830494633,55.86393380563517,52.24753803071477,30.835919152473164
2002-12-01,5.824666046387985,52.37397950857632,52.23570313019207,2.9123330231939923
2002-12-02,85.64794389174388,40.0381012859184,48.57026270710737,42.82397194587194
2002-12-03,90.89788808967076,84.66141803950123,53.15492105966245,45.44894404483538
2002-12-04,92.13918353228236,99.37024057337092,53.88090400114336,46.06959176614118
2002-12-05,86.82260473614757,97.19379333113238,56.218912687248945,43.411302368073784
2002-12-06,89.34337618874052,91.12074159006549,54.382082739653406,44.67168809437026
2002-12-07,71.97240870435736,82.69994453688298,59.16500680869938,35.98620435217868
2002-12-08,53.4075450413086,57.53249065337369,53.509572314940776,26.7037725206543
2002-12-09,71.0661571174547,71.77156527780762,56.299350490551646,35.53307855872735
2002-12-10,8.642172689804097,60.24186748425543,59.356747609605186,4.3210863449020485
2002-12-11,15.962700556128729,67.40410101104916,64.62593648216921,7.981350278064364
2002-12-12,43.17466308842866,69.27338620495846,60.95216664523595,21.58733154421433
2002-12-13,80.76689576292785,91.43531236870173,57.96929681882885,40.38344788146392
2002-12-14,82.70601447053266,57.13874944588879,51.23457429615694,41.35300723526633
2002-12-15,96.96327727490169,91.73486088379705,51.267372004746434,48.48163863745084
2002-12-16,70.98871724738135,61.75834065439585,53.41124545426289,35.49435862369067
2002-12-17,58.60337858845476,54.82280014820897,51.99647631878951,29.30168929422738
2002-12-18,53.37726011373676,54.59721795915462,52.14334897110125,26.68863005686838
2002-12-19,3.1761228995283477,55.48469989661222,55.310499087225516,1.5880614497641738
2002-12-20,5.683514940824408,59.379740843085656,58.846641870858285,2.841757470412204
2002-12-21,97.35682545730128,64.71602036819428,50.38897010407047,48.67841272865064
2002-12-22,100.0,-1.0,50.0,50.0
2002-12-23,28.903083974531807,53.80854589157779,52.70775867432648,14.451541987265903
2002-12-24,98.85353061634376,46.071880079465416,49.95496530775777,49.42676530817188
2002-12-25,85.30910702415245,93.80330133491212,56.43509611899994,42.65455351207623
2002-12-26,66.83038536064741,84.82459154665584,61.5511828157543,33.415192680323706
2002-12-27,100.0,-1.0,50.0,50.0
2002-12-28,99.66335334027606,100.0,50.16832332986196,49.83167667013803
2002-12-29,29.07326101571124,64.69531638533775,60.42290869554392,14.53663050785562
2002-12-30,91.25003883394605,47.99630743011338,49.82467767824782,45.625019416973025
2002-12-31,98.93104704800868,100.0,50.53447647599566,49.46552352400434
2003-01-01,8.976600657872877,59.00963896652027,58.200879655779644,4.488300328936439
2003-01-02,100.0,-1.0,50.0,50.0
2003-01-03,18.437784775573498,62.56970301615863,60.25212822711053,9.218892387786749
2003-01-04,22.592810133307875,55.576856561409905,54.31688794708365,11.296405066653938
2003-01-05,97.49302179188788,83.86883621045676,50.84908434313734,48.74651089594394
2003-01-06,60.979477611940304,84.60913220176907,63.50466417910447,30.489738805970152
2003-01-07,88.98596183010002,68.46679081315953,52.03393938891697,44.49298091505001
2003-01-08,42.10751207208403,83.05673194746007,69.13736455204686,21.053756036042014
2003-01-09,84.66203518571852,94.018398692369,56.7515265032457,42.33101759285926
2003-01-10,67.32407558993765,79.76635928918428,59.72643306096144,33.662037794968825
2003-01-11,7.194174394411937,75.02410778810206,73.22382983318036,3.5970871972059686
2003-01-12,5.285781030992057,69.91427694466368,68.86165187146342,2.6428905154960285
2003-01-13,98.94839930597253,98.54302027958259,50.51047873816199,49.474199652986265
2003-01-14,65.64129247314948,75.14721498214114,58.6402580468622,32.82064623657474
2003-01-15,3.3841738213023302,64.33209876808587,63.84707563353312,1.6920869106511651
2003-01-16,52.43068896693382,49.60640234717801,49.81276830831026,26.21534448346691
2003-01-17,4.4017503161908405,62.38991306010193,61.844540022803116,2.2008751580954202
2003-01-18,4.841178046293739,60.293761442665016,59.79542212356487,2.4205890231468694
2003-01-19,9.590557296436351,64.32139797369153,62.94789609537397,4.795278648218176
2003-01-20,59.077686108064285,52.86755876228067,51.1734713977362,29.538843054032142
2003-01-21,90.02804276417982,83.03564010966188,53.29429990431495,45.01402138208991
2003-01-22,71.26230697481604,92.20815752461323,62.129650741009435,35.63115348740802
2003-01-23,60.07710701449852,80.07251835036338,62.00581931906086,30.03855350724926
2003-01-24,51.44739543477856,64.82791317495708,57.19933804911128,25.72369771738928
2003-01-25,18.8715000311339,68.80873131407198,65.25924157828099,9.43575001556695
2003-01-26,62.11914214339763,57.915216391935374,52.998351870471524,31.059571071698816
2003-01-27,37.554713848388936,69.20170036260664,61.99055673740466,18.777356924194468
2003-01-28,58.63334487556165,60.80569005443446,54.469952538633635,29.316672437780824
2003-01-29,30.08783998306699,63.43490469151632,59.39263206605534,15.043919991533494
2003-01-30,93.2443658164206,38.8273895311398,49.24521930796751,46.6221829082103
2003-01-31,71.7747900622199,63.110102989862504,53.70035409194788,35.88739503110995
2003-02-02,57.07957080192708,55.210753321773744,52.23647769015813,28.53978540096354
2003-02-03,49.050459628978196,58.847428371369716,54.50772408986825,24.525229814489098
2003-02-04,99.93892339544513,69.15254237288136,50.011697722567284,49.969461697722565
2003-02-05,49.735264289817685,62.84214782601521,56.45507166425746,24.867632144908843
2003-02-06,72.7159833482602,44.83188328710915,48.58993017547351,36.3579916741301
2003-02-07,7.361135051056116,67.8683115025679,66.5530009615205,3.680567525528058
2003-02-08,45.44775562028531,51.58056468297432,50.862233508435615,22.723877810142653
2003-02-09,17.34950414269729,69.16758766201146,65.84210624653564,8.674752071348644
2003-02-10,3.3347662569335847,67.61243890649337,67.02510523681659,1.6673831284667924
2003-02-11,9.291794701436757,70.92634937638337,68.98191595382444,4.6458973507183785
2003-02-12,20.62676135255274,72.45338959786028,67.82198250995073,10.31338067627637
2003-02-13,14.756436580914793,71.32092015051694,68.17471209003843,7.378218290457396
2003-02-14,34.957605136356655,80.225754375666,69.65955451153563,17.478802568178327
2003-02-15,2.0356033294014053,65.00235306088705,64.69696466249107,1.0178016647007027
2003-02-16,74.29452659594314,83.45751286145112,58.600412070259225,37.14726329797157
2003-02-17,8.716716575363517,67.31631522552671,65.80690110602102,4.358358287681758
2003-02-18,6.4679509675865265,67.37675728000141,66.2528371393744,3.2339754837932633
2003-02-19,3.1738846030048484,65.78749268129478,65.28641588188265,1.5869423015024242
2003-02-20,9.087095829708062,69.56227787269421,67.78463493592871,4.543547914854031
2003-02-21,3.095376040634857,65.03575477176734,64.57034162103345,1.5476880203174286
2003-02-22,1.0085066790722403,64.88058273610716,64.73051106532863,0.5042533395361202
2003-02-23,3.239459141779034,64.61028647957212,64.13699221856952,1.619729570889517
2003-02-24,1.225068740083568,62.878738501971085,62.72096510246633,0.612534370041784
2003-02-25,3.0412400035718217,63.90912868225024,63.48611869661735,1.5206200017859108
2003-02-26,2.539544755089369,63.324767639576066,62.98637920185737,1.2697723775446845
2003-02-27,7.7379951114461525,66.9153131414989,65.60640703752391,3.8689975557230762
2003-02-28,10.95560787440155,60.53724355491929,59.382824470271686,5.477803937200775
2003-03-01,65.2113587436692,64.35414542831423,54.99361215846824,32.6056793718346
2003-03-02,58.49773357829212,72.32348062433799,59.2647504033111,29.24886678914606
2003-03-03,75.70121344738413,52.45514394869696,50.596570187653334,37.85060672369207
2003-03-04,5.687437050266335,61.47357249178682,60.82102027889977,2.8437185251331676
2003-03-05,13.403110494806155,57.93967753225397,56.87551377967467,6.7015552474030775
2003-03-06,87.85192336777378,88.27321565617805,54.64945956752971,43.92596168388689
2003-03-07,34.87551130951269,59.20115486467624,55.992205059240305,17.437755654756344
2003-03-08,44.558882417748855,64.55995119924853,58.07219966429377,22.279441208874427
2003-03-09,99.02626375560317,43.3978311715926,49.935712289201525,49.513131877801584
2003-03-10,29.374968858476308,62.68545274427437,58.95910495108705,14.687484429238154
2003-03-11,69.88731863107785,53.53930225675685,51.065778811260266,34.94365931553892
2003-03-12,49.19174195475248,54.16886080393189,52.11812555480889,24.59587097737624
2003-03-13,35.53501537746382,47.1964331702292,48.19268107430573,17.76750768873191
2003-03-15,28.43526262269907,57.00900974049512,55.015979413534765,14.217631311349535
2003-03-16,20.727535413587525,53.8207937488871,53.028837371506384,10.363767706793762
2003-03-17,57.43522214733786,59.111459723859724,53.87827259059568,28.71761107366893
2003-03-18,3.4941217761145364,54.154095778333456,54.00894661314205,1.7470608880572682
2003-03-19,2.157203589593419,54.47023662961988,54.373804524582404,1.0786017947967095
2003-03-20,5.428597536156038,54.11916097183915,53.89554830081159,2.714298768078019
2003-03-21,5.82435768853007,54.489429632308195,54.2279491923477,2.912178844265035
2003-03-22,12.265993999979239,56.42499479393446,55.63690531801148,6.1329969999896194
2003-03-23,2.781048744675593,52.02683938665037,51.970471995331344,1.3905243723377965
2003-03-24,4.8321308561056355,53.30537121458453,53.145651352215765,2.4160654280528178
2003-03-25,2.487295624129073,50.75561708018316,50.73682264961259,1.2436478120645365
2003-03-26,15.345227119826577,50.580827777696015,50.491698436033516,7.672613559913288
2003-03-27,33.9059391253654,47.09992529302086,48.08322285775933,16.9529695626827
2003-03-28,26.65764350051793,46.373550481592495,47.340276465935816,13.328821750258966
2003-03-29,49.24471925965888,50.88549119005764,50.44943353944474,24.62235962982944
2003-03-30,42.13901723969799,45.163731030723774,47.20168724544524,21.069508619848996
2003-03-31,96.87562131353967,59.51213045207477,50.29719497647292,48.437810656769834
2003-04-01,10.642427714945278,49.02483278699189,49.12861425273612,5.321213857472639
2003-04-02,100.0,-1.0,50.0,50.0
2003-04-03,91.8011187072716,99.84586618152416,54.086803397555414,45.9005593536358
2003-04-04,62.10144912507026,58.67322647198857,53.287027146984464,31.05072456253513
2003-04-05,5.3973969234858306,63.12328382255137,62.41496810525267,2.6986984617429153
2003-04-06,46.080655664270694,48.02152324248648,48.933218304513915,23.040327832135347
2003-04-07,86.67606100795756,26.130707975612793,46.819670092838194,43.33803050397878
2003-04-08,5.01338161372503,62.40641769675509,61.78443663302404,2.506690806862515
2003-04-09,93.45641267829106,24.855180272862523,48.35462676426846,46.72820633914553
2003-04-10,99.79295894790019,97.6,50.098551540799505,49.896479473950095
2003-04-11,66.53792571584944,70.89939222719923,56.99337015200139,33.26896285792472
2003-04-12,99.30123066220558,100.0,50.349384668897216,49.65061533110279
2003-04-13,13.697037153940078,58.72801994206023,57.532539807792936,6.848518576970039
2003-04-14,17.498043270198956,56.093540821564815,55.02729041192017,8.749021635099478
2003-04-15,60.54635902348796,66.77353571879074,56.6177705615587,30.27317951174398
2003-04-16,16.260895202581214,53.01203026906941,52.522247183546014,8.130447601290607
2003-04-17,29.3059280726083,48.930665797456385,49.24404410970962,14.65296403630415
2003-04-18,16.88316540669797,46.38081823676022,46.99185068021704,8.441582703348985
2003-04-19,94.34278377202973,47.55646666910715,49.861764035868866,47.17139188601487
2003-04-20,96.14564308994605,45.67529816267326,49.83331055589377,48.072821544973024
2003-04-21,86.69180956328032,45.5108841207063,49.402579909858574,43.34590478164016
2003-04-22,71.0219192961945,35.768856586929154,45.87608777668603,35.51095964809725
2003-04-23,83.3313647845268,29.86909660496513,46.644453147502325,41.6656823922634
2003-04-24,12.486013514214836,42.80685441020191,43.70499154064125,6.243006757107418
2003-04-25,53.95488896447029,38.50214391236983,44.705799397745274,26.977444482235146
2003-04-26,69.63583483108101,30.621134126193045,44.11576915821398,34.81791741554051
2003-04-27,72.00593620650703,43.749861173839975,48.25033214982289,36.002968103253515
2003-04-28,91.00671224337216,53.07433677229182,50.27648395254003,45.50335612168608
2003-04-29,52.88925656847133,43.294295761320676,46.840892880838645,26.444628284235666
2003-04-30,99.37267080745342,60.726072607260726,50.067287784679095,49.68633540372671
2003-05-01,65.26291124594094,31.594247885339747,43.60637755207837,32.63145562297047
2003-05-02,85.08430340942044,28.830717955839468,46.84245411988898,42.54215170471022
2003-05-03,25.6976444898332,40.681692470150466,43.076278011640554,12.8488222449166
2003-05-04,2.8238250503624016,33.55196371975132,34.01642748852568,1.4119125251812008
2003-05-05,2.2057556078444405,32.95978695751892,33.33565241229209,1.1028778039222202
2003-05-06,12.299915928882061,28.52571233804044,31.167031666787757,6.149957964441031
2003-05-07,1.194835188342828,30.26573561807389,30.501527553069746,0.597417594171414
2003-05-08,46.30501301745687,25.060463463068995,36.60871910298831,23.152506508728436
2003-05-09,98.50615241593354,49.97920997920998,49.9996894287767,49.25307620796677
2003-05-10,97.92290027809241,17.974279732828233,49.33479385339167,48.96145013904621
2003-05-11,90.88745754287135,23.7550853428487,47.608421009029904,45.44372877143567
2003-05-13,95.24279947892397,34.37962559860688,49.2569074675829,47.621399739461985
2003-05-14,77.83035978947849,28.87864536095969,45.31747166893647,38.915179894739246
2003-05-15,55.75992516587747,27.799864976370863,40.178643652270225,27.879962582938735
2003-05-16,32.40124886862799,34.301086495881876,39.387730530021834,16.200624434313994
2003-05-17,86.97528076854564,7.720933191266043,44.49327025448339,43.48764038427282
2003-05-18,76.35944881971379,11.382170855328926,40.870532336338556,38.179724409856895
2003-05-19,21.7999028291662,19.717655430234288,26.3191771208365,10.8999514145831
2003-05-20,98.92111354498361,78.77566685856841,50.31045677207773,49.460556772491806
2003-05-21,68.39093803900757,16.399076551760324,39.37906328778028,34.19546901950378
2003-05-22,63.39555371301239,13.227324465283793,36.53956573560657,31.697776856506195
2003-05-23,31.084473843651182,19.951104514101107,29.291645571721432,15.542236921825591
2003-05-24,28.441075532690142,20.764789508805524,29.0795978067471,14.220537766345071
2003-05-25,39.43681848935526,23.828877298553188,34.149935454949215,19.71840924467763
2003-05-26,40.16788834553629,17.583560750807088,30.604559874021497,20.083944172768145
2003-05-27,97.54718348500377,23.619787269964547,49.352941785466555,48.773591742501885
2003-05-28,60.245804725258765,14.507098841122664,35.890082764629014,30.122902362629382
2003-05-29,85.89141570538779,19.025736643518858,45.629969944715675,42.94570785269389
2003-05-30,55.353761601078446,18.522062683197614,35.946285062477315,27.676880800539223
2003-05-31,56.272512924518324,24.162967599969647,38.70211499658872,28.136256462259162
2003-06-01,29.395769201229676,24.567381474577964,32.04349531814021,14.697884600614838
2003-06-02,35.92611495626483,21.944688195161753,32.023871765506485,17.963057478132416
2003-06-03,24.75379684295311,23.38353477362452,29.972120502536765,12.376898421476556
2003-06-04,22.599070648179293,19.494987700619397,26.3888369813922,11.299535324089646
2003-06-05,46.39482173791272,20.978771987537975,34.443118990072925,23.19741086895636
2003-06-06,66.54265147791679,21.154024954906372,40.348901594569874,33.271325738958396
2003-06-07,65.33144760253661,15.14194451423034,37.91521676917908,32.66572380126831
2003-06-08,30.09750254810257,16.06630595530109,26.279500385069674,15.048751274051286
2003-06-09,54.18882854636732,15.212992762184111,34.06366447069655,27.09441427318366
2003-06-10,4.913297198513074,17.162257491738938,18.775673374452268,2.456648599256537
2003-06-11,39.7411083797492,13.135110385877216,27.785626121500655,19.8705541898746
2003-06-12,17.446560281994806,16.206694512270257,22.102463925465685,8.723280140997403
2003-06-13,20.19784422881657,11.743078684429642,19.470152058489465,10.098922114408285
2003-06-14,11.499770569341004,13.507851192165935,17.70436458088936,5.749885284670502
2003-06-15,46.74090962841868,13.323075724524774,30.466203754608202,23.37045481420934
2003-06-16,36.74574667421984,15.38842579379529,28.106707171566885,18.37287333710992
2003-06-17,44.33399767308263,18.851616172153257,32.660939933593674,22.166998836541314
2003-06-18,66.42554444278582,13.815078517219447,37.851109618350996,33.21277222139291
2003-06-19,85.88002246134018,15.958851843155669,45.19339752635167,42.94001123067009
2003-06-20,8.802987962613097,9.668195736059099,13.218599610518492,4.401493981306548
2003-06-21,4.052333995710124,9.287076131344369,10.936899785921481,2.026166997855062
2003-06-22,1.4984361435674203,9.67473280945925,10.278981188032448,0.7492180717837101
2003-06-23,31.420971934927707,14.941217757501315,25.957027886644248,15.710485967463853
2003-06-24,24.13853216340287,10.494610712917876,20.030631812257706,12.069266081701436
2003-06-25,33.352010841255705,11.685121064168992,24.46390364066135,16.676005420627853
2003-06-26,64.27326262289169,12.111929171090573,36.463828437702745,32.136631311445846
2003-06-27,50.49828926905132,11.90966898735768,31.144634525660962,25.24914463452566
2003-06-28,69.00100531677843,24.229354730859246,42.01135904318716,34.500502658389216
2003-06-29,30.916872673985374,11.049250664006633,23.091604241778906,15.458436336992687
2003-06-30,64.70490709308928,13.604763135025951,37.15426733481719,32.35245354654464
2003-07-01,79.42150969434377,18.125704849363622,43.44075126243004,39.710754847171884
2003-07-02,29.85629207395675,11.202949889172,22.78631048634017,14.928146036978376
2003-07-03,83.27165891074544,15.83517055166093,44.28479079731975,41.63582945537272
2003-07-04,91.62458104261869,16.01454293628809,47.15357558633318,45.81229052130934
2003-07-05,75.9382269159483,12.993167386115923,41.095499910852375,37.96911345797415
2003-07-06,34.69350909158826,13.363733138435629,26.074139712871,17.34675454579413
2003-07-07,38.78738454962162,16.51287822803176,29.501656924325143,19.39369227481081
2003-07-08,16.93843663082735,10.283526665900332,17.010876333596247,8.469218315413675
2003-07-09,93.37567588276346,25.953482555958484,48.40708074559887,46.68783794138173
2003-07-10,29.751256583835207,11.346757183118564,22.84658263154181,14.875628291917604
2003-07-11,31.576478694635213,10.144896764467685,22.729734946360416,15.788239347317607
2003-07-12,86.25751108532593,23.308304686086483,46.331896730346855,43.128755542662965
2003-07-13,7.467722578207082,10.013665708496301,12.999734222580283,3.733861289103541
2003-07-14,29.372733233187542,13.58556748277017,24.281481604435186,14.686366616593771
2003-07-15,10.560632583096094,13.182486191821658,17.070648551334045,5.280316291548047
2003-07-16,9.603097170614245,14.026027110999864,17.48064268366097,4.801548585307122
2003-07-17,64.10423398721548,22.572947362338937,40.15484936098194,32.05211699360774
2003-07-18,3.698635541536973,6.564231053688135,8.170761841676304,1.8493177707684865
2003-07-19,0.29720305136773634,6.523795041432494,6.653007649188247,0.14860152568386817
2003-07-20,1.846978851022557,8.982302008480817,9.73989021556048,0.9234894255112785
2003-07-21,11.454486959951016,11.361723773379683,15.78754008530776,5.727243479975508
2003-07-22,5.4593136613655755,8.255309055208905,10.534282670852722,2.7296568306827877
2003-07-23,12.068267548002567,8.660381857630895,13.649357578374607,6.034133774001283
2003-07-24,97.64646690518784,56.848772763262076,50.161188133571855,48.82323345259392
2003-07-25,7.663710565120771,8.658089475696709,11.826413840370517,3.8318552825603853
2003-07-26,25.840231023307858,8.660890500118976,19.34301189786644,12.920115511653929
2003-07-27,22.910305402931353,13.594517818436394,21.935124969642374,11.455152701465677
2003-07-28,60.35045948810267,17.592074360409462,37.150406394464994,30.175229744051336
2003-07-29,64.6210037332692,10.93364581807529,36.17871601242903,32.3105018666346
2003-07-30,6.622373557013537,5.012851755665445,7.992068765052736,3.3111867785067686
2003-07-31,76.58403174175636,10.583457209598642,40.7702348517026,38.29201587087818
2003-08-01,75.05949518234132,16.700052364289217,41.694824955637735,37.52974759117066
2003-08-02,7.675055136293595,9.434607356222559,12.548023607886464,3.8375275681467973
2003-08-03,5.127028267501823,11.32568626592531,13.30852926333366,2.5635141337509113
2003-08-04,2.194438098402874,10.31185499146359,11.182786766080293,1.097219049201437
2003-08-05,10.797202855280151,11.139093780476735,15.334984656398841,5.398601427640076
2003-08-06,13.103621521520688,17.782200358850243,22.00389888638836,6.551810760760344
2003-08-07,3.9821235361672347,7.673158113298959,9.358665246185573,1.9910617680836173
2003-08-08,9.733061765151657,11.139964302800575,14.922235579168976,4.866530882575828
2003-08-09,44.00042329447601,9.499371945412978,27.319819726352573,22.000211647238004
2003-08-10,13.321236832599102,11.852958928520104,16.934616614280788,6.660618416299551
2003-08-11,0.2600267088137008,5.048757176144279,5.165642413430006,0.1300133544068504
2003-08-12,2.32566348895206,6.694544658289097,7.701683821895706,1.16283174447603
2003-08-13,0.7296116837560153,6.681088590222103,6.99714842914376,0.36480584187800763
2003-08-14,62.39250499639265,12.046924183705533,35.726798908671746,31.196252498196326
2003-08-15,95.62830439923873,12.723827569872098,48.370399209739915,47.814152199619365
2003-08-16,26.84959543667515,10.41699181339652,21.044869373165557,13.424797718337574
2003-08-17,36.79660953661178,14.113963311966444,27.3188081102274,18.39830476830589
2003-08-18,53.430674190156836,11.136047878593565,31.901319514000786,26.715337095078418
2003-08-19,26.05943372338703,11.891168148746969,21.82211392778126,13.029716861693515
2003-08-20,34.7393675751513,16.124969787943165,27.892941049503143,17.36968378757565
2003-08-21,72.05081481573617,14.200310040720659,39.99427835788871,36.02540740786809
2003-08-22,35.72321195036182,20.176141171303264,30.830181472455298,17.86160597518091
2003-08-23,8.537887094630516,10.185435365546304,13.584757941254653,4.268943547315258
2003-08-24,12.885830816650582,9.952752303414556,15.113172888321555,6.442915408325291
2003-08-25,45.857678275496596,12.73454439583509,29.823617134691048,22.928839137748298
2003-08-26,7.805217319091069,9.335690319093837,12.50962806099675,3.9026086595455345
2003-08-27,0.5582589299621804,5.063188035312619,5.3140518009458,0.2791294649810902
2003-08-28,24.34636623412737,13.520882593358605,22.402222116156825,12.173183117063685
2003-08-29,98.46254829772519,75.74410774410775,50.39580322274725,49.231274148862596
2003-08-30,43.97340000622465,12.790021590753382,29.15251423888122,21.986700003112325
2003-08-31,62.72824184302437,11.61086410959819,35.6916941123767,31.364120921512185
2003-09-01,78.91220998514842,11.304723643757306,41.84002137632903,39.45610499257421
2003-09-02,51.62552460536607,11.833398376354646,31.537106688601725,25.812762302683034
2003-09-03,17.651675757833736,10.77253197240489,17.696837436643875,8.825837878916868
2003-09-04,0.4895170250989107,6.372276880564681,6.585842012897331,0.24475851254945535
2003-09-05,0.07165272726895111,5.874332840064513,5.905950084010227,0.035826363634475555
2003-09-06,98.97087599780508,24.044265593561367,49.732883307277376,49.48543799890254
2003-09-07,69.833029965047,13.573264428164988,39.01115759533297,34.9165149825235
2003-09-08,99.40206544153575,98.16481994459834,50.28799410347084,49.70103272076788
2003-09-09,100.0,-1.0,50.0,50.0
2003-09-10,50.75425447637693,4.7215975608728975,27.702313157665525,25.377127238188464
2003-09-11,59.82383896692004,16.53351499762598,36.55445109333466,29.91191948346002
2003-09-12,71.26716531776569,11.179815004545521,38.84586042191854,35.633582658882844
2003-09-13,46.16763373917878,8.113128292478025,27.451305807206474,23.08381686958939
2003-09-14,14.626587454799832,10.465543190455234,16.248085090483364,7.313293727399916
2003-09-15,0.6874465203990928,11.01505284598751,11.283053508677195,0.3437232601995464
2003-09-16,6.122300664451828,8.323324817800781,10.874896179401993,3.061150332225914
2003-09-17,0.22679645848607133,8.21008457588203,8.304862624068255,0.11339822924303566
2003-09-18,0.017238192357457802,6.946527463305402,6.953949103717842,0.008619096178728901
2003-09-19,0.013499789195599483,6.201186480109009,6.207099227604369,0.006749894597799741
2003-09-20,0.012876722001956432,5.918446618075015,5.924122877158149,0.006438361000978216
2003-09-21,0.03904554413496466,5.591719111325346,5.6090585662393115,0.01952277206748233
2003-09-22,7.487478299872914,8.023442953758304,11.166428553629425,3.743739149936457
2003-09-23,99.82463477655945,77.68595041322314,50.048551528803785,49.912317388279725
2003-09-24,75.44719863331785,11.514266172410007,40.55067421880183,37.72359931665893
2003-09-25,3.0543054554667854,7.348171632998437,8.650888753668093,1.5271527277333927
2003-09-26,0.18941242686748816,5.599310828441644,5.6834112513473825,0.09470621343374408
2003-09-27,2.4698280964753234,6.705295369027617,7.774600148289376,1.2349140482376617
2003-09-28,15.185910305466338,9.42956527699241,15.590555104566112,7.592955152733169
2003-09-29,63.389815043310016,12.555086041848398,36.291347743047275,31.694907521655008
2003-09-30,53.187178285377726,16.10247958781338,34.13161420376538,26.593589142688863
2003-10-01,95.74546508738507,45.41516596904507,49.80493663546757,47.872732543692536
2003-10-02,46.43127369667018,12.249675908906218,29.77763220902199,23.21563684833509
2003-10-03,92.3311739951622,36.08425600864164,48.932825806024056,46.1655869975811
2003-10-04,80.44089239672026,22.36881146151238,44.595586101692106,40.22044619836013
2003-10-05,97.90305213898208,59.40554952108226,50.19722946949932,48.95152606949104
2003-10-06,21.09965478802573,54.98185951185117,53.930704352826154,10.549827394012866
2003-10-07,96.47443264768555,32.44640234948605,49.381136092076844,48.23721632384277
2003-10-08,63.03203623362727,19.94659516102793,38.8898681885675,31.516018116813633
2003-10-09,72.69365197165754,14.397746769711969,40.278324827005754,36.34682598582877
2003-10-10,1.983006951324116,41.26451711329546,41.437742346170545,0.991503475662058
2003-10-11,10.122124184160196,41.35508242551668,42.23013171802417,5.061062092080098
2003-10-12,8.722416109054596,37.21312668598489,38.32845098377094,4.361208054527298
2003-10-13,27.408162375686825,43.333457245881576,45.160634108774936,13.704081187843412
2003-10-14,60.158782803366364,56.381827452367816,52.542597736412255,30.079391401683182
2003-10-15,6.127098246641456,29.237725898117155,30.50985083057651,3.063549123320728
2003-10-16,3.953041152331744,28.385510699621403,29.239940356531708,1.976520576165872
2003-10-17,9.628340852609046,28.578648949172482,30.641169643580103,4.814170426304523
2003-10-18,33.99780423670246,25.87454366508083,34.07666908103778,16.99890211835123
2003-10-19,22.905004742602266,29.637417013509364,34.301467612281364,11.452502371301133
2003-10-20,98.75061858252978,96.83460391117003,50.58514283821194,49.37530929126489
2003-10-21,91.17965648151409,62.810247258553076,51.1299078137718,45.58982824075704
2003-10-22,88.98414618485208,61.194366620912696,51.233155062491456,44.49207309242604
2003-10-23,99.70329665779111,100.0,50.14835167110445,49.85164832889556
2003-10-24,91.97783791282167,98.75858153099675,53.91149244182556,45.988918956410835
2003-10-25,14.850005293564477,73.15947554987787,69.72029220475923,7.4250026467822385
2003-10-26,6.883797625030633,62.951547253972684,62.05998895169898,3.4418988125153165
2003-10-27,7.195012543403499,54.79723953974427,54.45207755312256,3.5975062717017496
2003-10-28,6.522258335842826,50.14996667407243,50.14018546017175,3.261129167921413
2003-10-29,96.0577209780016,53.16980933872577,50.124962728597936,48.0288604890008
2003-10-30,99.37904788723063,98.06602200733577,50.29846697917875,49.68952394361531
2003-10-31,99.57536231884058,100.0,50.212318840579705,49.78768115942029
2003-11-01,99.56086956521739,100.0,50.219565217391306,49.780434782608694
2003-11-02,21.021879016534363,52.28532893750937,51.804909853136294,10.510939508267182
2003-11-03,30.525946660414043,56.513558152662505,54.5252328652857,15.262973330207021
2003-11-04,2.520170711192798,44.952916613404916,45.08011173068336,1.260085355596399
2003-11-05,2.142621279176263,44.87856433416243,44.98829730453799,1.0713106395881316
2003-11-06,5.2392107022855745,42.64594697061009,43.03124130397764,2.6196053511427873
2003-11-07,68.46050387428218,45.09859321510471,48.45412099697228,34.23025193714109
2003-11-08,99.7697717800658,84.17266187050359,50.07867511112859,49.8848858900329
2003-11-09,6.357334795266991,65.67459085465916,64.67810463624018,3.1786673976334954
2003-11-10,12.502153897256507,60.13965605603325,58.871980651255484,6.251076948628254
2003-11-11,16.214084857792123,56.971032979553414,55.84074377678395,8.107042428896062
2003-11-12,56.085909947565824,69.84363049205406,58.7141497639529,28.042954973782912
2003-11-13,69.37229055792479,41.87978068097205,47.51296282090886,34.68614527896239
2003-11-14,18.98171781941937,62.70622075257608,60.29436178380958,9.490858909709685
2003-11-15,43.957024224181026,67.12147740691248,59.595385435618276,21.978512112090513
2003-11-16,79.5600611613192,68.59358370077543,53.80051713635742,39.7800305806596
2003-11-17,58.00442438428701,60.29542447520686,54.32362277044411,29.002212192143507
2003-11-18,48.641658301046185,37.97588999050946,43.824616495067744,24.320829150523092
2003-11-19,13.191743818349055,50.21406771715316,50.185828452308535,6.5958719091745275
2003-11-20,11.102625298329356,45.243397953085314,45.771505655286916,5.551312649164678
2003-11-21,99.04699792960663,57.35389963067564,50.070082815734985,49.523498964803316
2003-11-22,99.9768115942029,54.46428571428571,50.00103519668737,49.98840579710145
2003-11-23,83.17687706099723,47.4414538649068,49.569572638242164,41.588438530498614
2003-11-24,99.82525879917185,87.55924170616115,50.0656314699793,49.912629399585924
2003-11-25,52.909017404554824,45.429050677772835,47.84749505022339,26.454508702277412
2003-11-26,99.61158937792189,100.0,50.19420531103906,49.805794688960944
2003-11-27,80.01255287328226,56.52444269413728,51.304069533803684,40.00627643664113
2003-11-28,100.0,-1.0,50.0,50.0
2003-11-29,27.4697374512405,70.1536154147788,64.61747017340632,13.73486872562025
2003-11-30,41.46409762310231,64.17836931832277,58.29943642280943,20.732048811551156
2003-12-01,80.93373930694506,73.38946224877783,54.45949584705566,40.46686965347253
2003-12-02,79.70524266213725,70.07154740398256,54.07347183959236,39.852621331068626
2003-12-03,98.4615066053754,95.08748317631225,50.69366795047004,49.2307533026877
2003-12-04,40.88444320902117,64.6398293189602,58.654416615152286,20.442221604510586
2003-12-05,7.9614025324656446,56.4019898701621,55.89230168651083,3.9807012662328223
2003-12-06,5.921551281971414,51.84340697543522,51.73424868604939,2.960775640985707
2003-12-07,12.755967294307641,49.72126985788689,49.756824583654215,6.377983647153821
2003-12-08,3.9074878981262087,47.759232885475264,47.84679058930051,1.9537439490631043
2003-12-09,2.464072105000831,46.65531081325654,46.73772636650607,1.2320360525004155
2003-12-10,85.76242471439105,58.289571301805275,51.18023395494876,42.88121235719552
2003-12-11,81.4522211171888,51.822518124643935,50.33803663185812,40.7261105585944
2003-12-12,27.34650597209426,56.55412526454988,54.76180100766121,13.67325298604713
2003-12-13,72.88839346762195,53.558218445266405,50.96469018444313,36.444196733810976
2003-12-14,50.28305525487416,43.525446916422666,46.781050020944015,25.14152762743708
2003-12-15,69.22309827735265,47.326017689576894,49.17703109224011,34.611549138676324
2003-12-16,75.6519720327266,39.278903456495826,47.389624415189225,37.8259860163633
2003-12-25,20.56139753654294,51.89558537254544,51.505826528451806,10.28069876827147
2003-12-26,33.290786942201244,67.92824408956422,61.95979054722961,16.645393471100622
2003-12-27,88.6539174525322,43.20998922944924,49.22959977299136,44.3269587262661
2003-12-28,99.91428571428571,100.0,50.042857142857144,49.957142857142856
2003-12-29,97.54917287690577,100.0,51.22541356154711,48.774586438452886
2003-12-30,74.49053789503122,91.99109941691435,60.71170359321753,37.24526894751561
2003-12-31,98.77031781630976,100.0,50.61484109184512,49.38515890815488
2004-01-02,87.31297842727905,99.55923404672119,56.28759071478279,43.656489213639524
2004-01-03,15.880314803704405,80.9080409277348,75.99974672875273,7.940157401852202
2004-01-04,56.765963975956325,75.84371238244138,61.17327992137495,28.382981987978162
2004-01-05,43.123577933889614,66.88060681204871,59.60108517774141,21.561788966944807
2004-01-06,90.93269774347654,89.06296389339302,53.54195700657057,45.46634887173827
2004-01-07,75.97941584267171,74.01748043588925,55.76913910057263,37.98970792133586
2004-01-08,75.89813504503365,97.08918977004083,61.34937292676307,37.94906752251683
2004-01-09,53.892561932069086,73.84890016007482,60.99611687118917,26.946280966034543
2004-01-10,68.46052718887894,57.25274653026607,52.2874780199728,34.23026359443947
2004-01-11,90.829396792919,87.88898423738766,53.474648403604284,45.4146983964595
2004-01-12,94.22224247156062,84.66970142299007,52.00313128405427,47.11112123578031
2004-01-13,100.0,-1.0,50.0,50.0
2004-01-14,5.631805089163152,70.67850022226428,69.51392739438418,2.815902544581576
2004-01-15,95.84200359026282,73.3492680011951,50.97086172518961,47.92100179513141
2004-01-16,89.7788973663658,64.73175378503821,51.50574767410304,44.8894486831829
2004-01-17,97.31771011305297,94.64947498455837,51.19762835208576,48.658855056526484
2004-01-18,99.85797101449275,100.0,50.07101449275362,49.928985507246374
2004-01-19,50.38459146227686,78.7417993397685,64.26036116351875,25.19229573113843
2004-01-20,61.406026420024475,65.89272664746593,56.13363472346074,30.703013210012237
2004-01-21,45.53764779091475,63.41601825085789,57.30667911221738,22.768823895457373
2004-01-22,25.00223098937634,80.69074869388116,73.017376813068,12.50111549468817
2004-01-23,12.51530940568368,77.7600607441154,74.28580325078363,6.25765470284184
2004-01-24,11.428707867734689,72.27146249469635,69.7261221083054,5.714353933867344
2004-01-25,84.70047686717737,80.64747616984403,54.688917706231585,42.350238433588686
2004-01-26,93.80953958813102,99.00307774655425,53.03351612849782,46.90476979406551
2004-01-27,88.36603771239893,86.25632077487359,54.21804668582047,44.18301885619947
2004-01-28,52.03710922919967,80.50124944877261,64.62928095684414,26.018554614599836
2004-01-29,99.07678101137925,86.85803991926441,50.340280423368064,49.53839050568963
2004-01-30,5.0395041476759515,74.10616082654568,72.89132985184646,2.5197520738379757
2004-01-31,18.986937126749105,81.34381133448466,75.3925815832792,9.493468563374552
2004-02-01,94.62396316035763,93.7259282082884,52.350722008953156,47.311981580178816
2004-02-02,95.63604811053494,92.61614388079533,51.85974801610311,47.81802405526747
2004-02-03,75.41837406930155,79.6411475188781,57.286276004657125,37.709187034650775
2004-02-04,87.29541302645805,92.58045583488213,55.409671045273214,43.647706513229025
2004-02-05,4.073821795995332,70.38432978799405,69.55390851812318,2.036910897997666
2004-02-06,37.20715076938395,77.66031951583705,67.36870273028622,18.603575384691975
2004-02-07,69.41878152601453,85.23779190328395,60.77614612735162,34.709390763007264
2004-02-08,44.46306636687215,59.00324185428089,55.00012445344197,22.231533183436074
2004-02-09,45.94597958417431,54.307281393189086,52.328258763641486,22.972989792087155
2004-02-10,12.476101311755144,68.78784500772021,66.4438544302615,6.238050655877572
2004-02-11,49.87980744302002,49.267745633165184,49.632992701335496,24.93990372151001
2004-02-12,57.000619826572944,62.88363078881143,55.53988138302173,28.500309913286472
2004-02-13,44.78179430854341,62.424775170735,56.86073791047749,22.390897154271705
2004-02-14,30.77604649763341,77.78220754072218,69.23194242992051,15.388023248816705
2004-02-15,18.865508460329945,63.62192276996746,61.05207777733964,9.432754230164972
2004-02-16,13.717536174718179,63.31716448435327,61.490377628765394,6.858768087359089
2004-02-17,4.479229829967854,66.52093759375285,65.7809268288631,2.239614914983927
2004-02-18,67.28900276962369,70.05957284999049,56.56168631938571,33.644501384811846
2004-02-20,77.68479458980117,87.85641996973158,58.44773787719313,38.842397294900586
2004-02-21,100.0,-1.0,50.0,50.0
2004-02-22,94.21019600370342,90.18352234107252,52.326547182356144,47.10509800185171
2004-02-23,99.21170494946587,100.0,50.394147525267066,49.605852474732934
2004-02-24,92.02712442938451,97.57884345612304,53.79340198669461,46.01356221469226
2004-02-25,67.70240155888845,95.8652648874854,64.81337907731216,33.85120077944423
2004-02-26,72.98360356775756,93.75680775662366,61.82151264962366,36.49180178387878
2004-02-27,98.0111442184449,98.81311816762103,50.97082252283405,49.00557210922245
2004-02-28,99.98695652173913,100.0,50.00652173913044,49.993478260869566
2004-02-29,83.47374571614459,90.78234704112337,56.73979437494043,41.736872858072296
2004-03-01,45.01338653383133,89.41865990812609,71.6749861572249,22.506693266915665
2004-03-02,39.27753483084532,81.40200677123013,69.06807262407581,19.63876741542266
2004-03-03,10.080045835374612,80.45783833449532,77.3876742699139,5.040022917687306
2004-03-04,5.210692966519595,78.99454361059209,77.48372696600052,2.6053464832597975
2004-03-05,14.334461780511143,78.70963990288863,74.59426754368667,7.1672308902555715
2004-03-06,91.64601154202153,99.61828276819354,54.14510561550201,45.82300577101076
2004-03-07,99.77079701352856,100.0,50.114601493235725,49.88539850676428
2004-03-08,96.08085108145154,98.98562975486053,51.91981977878177,48.04042554072577
2004-03-09,40.216892916643324,78.46627427571941,67.01802323289535,20.108446458321662
2004-03-10,67.19063122359022,96.07625159489129,65.11732730411428,33.59531561179511
2004-03-11,94.22288313216082,94.85193948519395,52.59114896155216,47.11144156608041
2004-03-12,65.75599422962128,92.69255212904397,64.61964001459177,32.87799711481064
2004-03-13,47.44389298965694,87.20817350949473,69.55516748624416,23.72194649482847
2004-03-14,93.07885680207734,90.97355193872666,52.83583820295449,46.53942840103867
2004-03-15,5.3544173683718705,77.85444732107595,76.36300395585226,2.6772086841859353
2004-03-16,3.8895961091578912,75.2637685793985,74.28111001970757,1.9447980545789456
2004-03-17,9.60379591751978,71.53181215700599,69.4639408601034,4.80189795875989
2004-03-18,5.035844229203701,69.12694438187627,68.16374125699855,2.5179221146018507
2004-03-19,13.437450682348642,72.84586468870918,69.77596288820779,6.718725341174321
2004-03-20,88.02796484514135,68.46156507299523,52.210225060676095,44.01398242257068
2004-03-21,59.74274767378216,82.44134066703748,63.059992370337206,29.87137383689108
2004-03-22,61.77400089583437,57.65495991059901,52.92618490684981,30.887000447917185
2004-03-23,99.9689437778859,100.0,50.01552811105705,49.98447188894295
2004-03-24,99.96707965481258,100.0,50.01646017259371,49.98353982740629
2004-03-25,97.87440653786666,97.81804013247614,51.016417134776205,48.93720326893333
2004-03-26,99.7848825653427,100.0,50.10755871732865,49.89244128267135
2004-03-27,65.70628193218765,80.07122601865903,60.31254147037356,32.853140966093825
2004-03-28,14.312261483071786,73.38226421220719,70.03573341749339,7.156130741535893
2004-03-29,3.1694045814209466,66.13762174288846,65.62615522003696,1.5847022907104733
2004-03-30,4.046319601930537,63.60704700891697,63.056462398551275,2.0231598009652685
2004-03-31,34.5606097381354,67.91273308268293,61.72198330854302,17.2803048690677
2004-04-01,47.92329351518132,60.36879579566418,55.399727352518255,23.96164675759066
2004-04-02,70.87879968823071,77.20222375661112,57.92161406941842,35.43939984411536
2004-04-03,64.08496400058877,58.2361192082797,52.95800517860808,32.042482000294385
2004-04-04,98.3413803955345,97.92784920733992,50.7949407029516,49.17069019776725
2004-04-05,79.19597989949749,49.65685542108671,49.928612132829095,39.597989949748744
2004-04-06,96.68080894670038,52.86961946350593,50.09524815249643,48.34040447335019
2004-04-07,88.53211484248617,56.44179535807821,50.73873769374646,44.26605742124308
2004-04-08,57.75354819173406,57.00476213854386,52.95926346114359,28.87677409586703
2004-04-09,99.92132260836259,100.0,50.039338695818714,49.96066130418129
2004-04-10,90.39941499510078,40.925666199158485,49.12881086982191,45.19970749755039
2004-04-11,71.74882500139942,45.49083784041624,48.72610870732532,35.87441250069971
2004-04-12,62.70874754582339,66.58883310817197,56.186183633570444,31.354373772911696
2004-04-13,99.14118482539011,53.567984570877535,50.03064239292243,49.570592412695056
2004-04-14,63.514858465136726,51.982814471306305,50.72343266622986,31.757429232568363
2004-04-15,98.06085579103211,87.22904431393486,50.72192485686776,49.030427895516056
2004-04-16,77.73323222528862,76.42247676117279,55.883431540737426,38.86661611264431
2004-04-17,98.91898718976009,12.507182532081975,49.59469784025194,49.459493594880044
2004-04-18,95.05916657347466,55.49082068907703,50.27129230399648,47.52958328673733
2004-04-19,98.43676237959964,97.5364238410596,50.74310726087641,49.21838118979982
2004-04-20,46.74536445278133,64.14831150715568,57.53463172922096,23.372682226390666
2004-04-21,12.454497693996084,58.11305717376042,57.10261665514184,6.227248846998042
2004-04-22,15.045407169640521,53.74593391124135,53.18234290198944,7.522703584820261
2004-04-23,75.06114699322616,50.556866917118256,50.13887622190347,37.53057349661308
2004-04-24,95.53114963877725,48.359744231303864,49.92669942415564,47.765574819388625
2004-04-25,69.84359969482867,35.2337412347037,45.5470278966398,34.921799847414334
2004-04-26,26.80469271981043,56.45998934107428,54.72840904846682,13.402346359905215
2004-04-27,88.06928354795406,50.25438002465663,50.03034935945243,44.03464177397703
2004-04-28,64.89342729041115,32.068806634925515,43.70497256359315,32.44671364520558
2004-04-29,81.2959195090316,54.12692610193523,50.77190357990875,40.6479597545158
2004-04-30,98.40552403826244,48.51318010647967,49.976293014203485,49.20276201913122
2004-05-01,78.62965488510334,40.45506124705403,47.96021364748993,39.31482744255167
2004-05-02,96.740408825868,28.147630542497776,49.28770209382454,48.370204412934
2004-05-03,99.87412008281574,20.230263157894736,49.96252587991719,49.93706004140787
2004-05-04,99.79274804497844,94.30569430569432,50.091824417634434,49.89637402248922
2004-05-05,98.60103519668738,100.0,50.69948240165631,49.30051759834369
2004-05-06,97.93722641642267,51.074081509737,50.02215586964894,48.96861320821134
2004-05-07,88.25634938883054,56.95664444209264,50.8169640175407,44.12817469441527
2004-05-08,94.78736974636782,54.68774829175273,50.24435498567003,47.39368487318391
2004-05-09,99.79337474120082,61.32264529058116,50.023395445134575,49.89668737060041
2004-05-10,90.06689191848673,58.914680181025666,50.88550481750252,45.033445959243366
2004-05-11,78.85239207622806,41.762883970752554,48.25804699790858,39.42619603811403
2004-05-12,78.07690474068332,41.124747083183635,48.05426984854107,39.03845237034166
2004-05-13,98.75725469652956,22.309230256581138,49.655874259518846,49.37862734826478
2004-05-14,51.48352810862612,43.83291647961693,47.007948657315794,25.74176405431306
2004-05-15,27.20793139295296,47.13818630650867,47.916826612827926,13.60396569647648
2004-05-16,64.33494963482919,30.414438502673796,43.01479962767711,32.16747481741459
2004-05-17,51.96624959284992,35.33453981609057,42.95562945920096,25.98312479642496
2004-05-18,6.9308678433400415,43.32649787014702,43.789029483289625,3.4654339216700207
2004-05-19,17.9222348400705,39.75662256262125,41.59246472250307,8.96111742003525
2004-05-20,3.3021944016382205,41.33630299099223,41.62239510859858,1.6510972008191103
2004-05-21,84.58334801013632,16.40503198752755,44.8207806954111,42.29167400506816
2004-05-22,99.70555775271407,55.41490857946554,50.01594377850985,49.852778876357036
2004-05-23,48.07621679832179,30.279489454208324,39.76036485793904,24.038108399160894
2004-05-24,5.690238067549383,39.006216103738254,39.63178858006745,2.8451190337746914
2004-05-25,5.907995846313603,37.15128252102955,37.91038421599169,2.9539979231568014
2004-05-26,36.765868610169775,32.68364882249468,39.050155744491875,18.382934305084888
2004-05-27,80.28807189982776,14.850683491062039,43.07139200205617,40.14403594991388
2004-05-28,94.77029167831516,33.04822998336897,49.11347187276737,47.38514583915758
2004-05-29,24.128354677349055,34.21002237772951,38.01988418190498,12.064177338674527
2004-05-30,5.85220275341581,33.76818755349281,34.718106128416586,2.926101376707905
2004-05-31,96.05695577354365,13.518197573656845,48.56150639572086,48.028477886771825
2004-06-01,99.77204968944099,100.0,50.1139751552795,49.886024844720495
2004-06-02,74.91357799534109,20.607868083208036,42.62656575118752,37.45678899767054
2004-06-03,95.9473505491047,22.045675164767793,48.867109208063475,47.97367527455235
2004-06-04,86.63744258939688,18.503302223186875,45.79123567712919,43.31872129469844
2004-06-05,89.16109919932052,24.189140115823474,47.202386501351725,44.58054959966026
2004-06-06,58.78438368667801,28.63038795272896,41.192382690951334,29.392191843339006
2004-06-07,17.732756705581426,35.34086578622606,37.940334391499235,8.866378352790713
2004-06-08,2.0640096367525804,29.08162832519001,29.513385532409814,1.0320048183762902
2004-06-09,4.994288799817242,28.172176049595375,29.26232061639426,2.497144399908621
2004-06-10,12.369935234962739,26.45735341160859,29.369563547188775,6.1849676174813695
2004-06-11,67.99992537731097,15.493888338288736,38.958018518863994,33.999962688655486
2004-06-12,85.78600584298532,18.036180230608885,45.45666452562004,42.89300292149266
2004-06-13,75.50160014592005,14.405130548081967,41.27982655413136,37.750800072960025
2004-06-14,81.06211822547782,21.74003458616991,44.648161160408,40.53105911273891
2004-06-15,48.491054643243984,16.670493685419057,32.83232280474596,24.245527321621992
2004-06-16,96.2280325760823,22.57905138339921,48.96569075085261,48.11401628804115
2004-06-17,6.702775897088693,24.30391694195375,26.026267803664364,3.3513879485443465
2004-06-18,59.47977442096334,21.173405404298666,38.319398843067425,29.73988721048167
2004-06-19,93.77190220948246,27.445046722756146,48.59525545328771,46.88595110474123
2004-06-20,98.71472802394094,18.94940380277151,49.60091538867776,49.35736401197047
2004-06-21,88.6661072956483,17.314054874147732,46.29541005003263,44.33305364782415
2004-06-22,95.61693924919197,18.361755397042845,48.61327651856315,47.808469624595986
2004-06-23,99.26246174615598,33.63279056709714,49.879285569345576,49.63123087307799
2004-06-24,40.99742706560983,24.209708218893855,34.78306428186082,20.498713532804913
2004-06-25,60.478279355795465,17.67758931945086,37.22562714536083,30.239139677897732
2004-06-26,12.663594967618423,22.446524477369934,25.93578501705769,6.331797483809211
2004-06-27,14.264625274068168,17.182857101341877,21.864099561490928,7.132312637034084
2004-06-28,42.43255022414079,20.593547549777742,33.07145525485639,21.216275112070395
2004-06-29,33.66962006930467,19.519748737745022,29.78233353391571,16.834810034652335
2004-06-30,11.625932024260143,18.954421891776956,22.563759699177556,5.8129660121300715
2004-07-01,90.43525264784216,18.465669185631075,46.98382092841196,45.21762632392108
2004-07-02,86.9991298222351,23.894820717131473,46.60609953176149,43.49956491111755
2004-07-03,27.11255690747203,18.682088629767502,27.173175172253444,13.556278453736015
2004-07-04,60.25962445695563,17.298400141931307,37.00426140781984,30.129812228477814
2004-07-05,31.75044197840323,11.13675127922143,23.476004515234767,15.875220989201615
2004-07-06,55.40244375283802,14.179180808033845,34.024790012668696,27.70122187641901
2004-07-07,79.30825796075376,21.6575183300613,44.13544680533563,39.65412898037688
2004-07-08,68.16797769693956,12.06079233193551,37.92318295349729,34.08398884846978
2004-07-09,72.66468338291543,16.579450309428466,40.864386926912196,36.332341691457714
2004-07-10,85.2073397461806,16.6722712624352,45.069942317537496,42.6036698730903
2004-07-11,70.96528794053388,13.971485889298998,39.539224668653844,35.48264397026694
2004-07-12,95.46904860994644,22.830507700041128,48.76896351096452,47.73452430497322
2004-07-13,89.8443682952196,16.487484444807116,46.59659234520737,44.9221841476098
2004-07-14,60.38792826313748,14.800251322058747,36.056650302498596,30.19396413156874
2004-07-15,66.12411957046858,9.993818130627185,36.447553665510384,33.06205978523429
2004-07-16,59.288664582106506,24.942829057608957,39.79889109140824,29.644332291053253
2004-07-17,31.289540540989325,12.268756268200438,24.074689072281355,15.644770270494663
2004-07-18,68.4088425967198,14.916097362497457,38.916589094573,34.2044212983599
2004-07-19,66.31404780466768,14.838797040611574,38.15561397979664,33.15702390233384
2004-07-20,73.79729340508372,13.623135685703891,40.46827697529419,36.89864670254186
2004-07-21,17.044361981140497,17.538712632859554,23.071531955453203,8.522180990570249
2004-07-22,20.413314402902667,14.733712378071045,21.93273054856735,10.206657201451334
2004-07-23,26.922725725717417,12.775461753413452,22.797322088206727,13.461362862858708
2004-07-24,100.0,-1.0,50.0,50.0
2004-07-25,57.54023956093627,14.435768594072751,34.89951254304902,28.770119780468136
2004-07-26,45.60716063723863,12.417577807693627,29.557853468304017,22.803580318619314
2004-07-27,46.94212029866166,11.223548180239924,29.426036841024278,23.47106014933083
2004-07-28,9.953866149546759,9.128660364307125,13.196938805170646,4.976933074773379
2004-07-29,0.8413484004826693,8.502884144119237,8.85201946461913,0.4206742002413347
2004-07-30,3.7822997013536694,9.392308123999015,10.92821273255162,1.8911498506768347
2004-07-31,2.2806565765646027,8.99231956068057,9.927563921516505,1.1403282882823014
2004-08-01,17.45824840486697,12.725690777231257,19.233132272540466,8.729124202433486
2004-08-02,14.837273899260742,12.808974521485613,18.32710883767664,7.418636949630371
2004-08-03,40.971820322142364,17.592755283484323,30.8705933600921,20.485910161071182
2004-08-04,49.04827889494144,13.32437659033079,31.31313864676378,24.52413944747072
2004-08-05,60.619813036059696,18.499994735345833,37.59523903312815,30.309906518029848
2004-08-06,42.04211369327837,15.186542853665348,29.822856087688105,21.021056846639183
2004-08-07,76.09499490121625,15.051936115976208,41.64566354659791,38.04749745060813
2004-08-08,68.57209185672208,21.695257315842582,41.10441146903183,34.28604592836104
2004-08-09,19.02864341736869,10.139002452984466,17.724009538812133,9.514321708684346
2004-08-10,79.13245831796462,18.54562426144206,43.436245031932394,39.56622915898231
2004-08-11,64.2958919338213,15.701696805637042,37.75409676261903,32.14794596691065
2004-08-12,42.33263086279423,20.743186616742022,33.1283654284932,21.166315431397116
2004-08-13,23.670766516165862,13.433071251601184,22.088743577767396,11.835383258082931
2004-08-14,82.07085462328696,7.890904888477984,42.45019912063685,41.03542731164348
2004-08-15,40.464152885701004,12.986216176644891,27.963530251710168,20.232076442850502
2004-08-16,50.08287126638496,9.329820434928958,29.698614110311095,25.04143563319248
2004-08-17,72.76043005048203,21.42737591674021,42.216940076427626,36.380215025241014
2004-08-18,46.393086940108105,10.7750348243306,28.972707020506032,23.196543470054053
2004-08-19,48.98842252796921,15.843145543150014,32.57604972673517,24.494211263984607
2004-08-20,87.52638764302154,28.96480709504908,47.37615157849378,43.76319382151077
2004-08-21,92.53842648216431,14.43364797334814,47.346190495919124,46.269213241082156
2004-08-22,1.803553107619202,7.805672468856412,8.566669574283377,0.901776553809601
2004-08-23,17.759008026975287,8.043292753740273,15.49438776145806,8.879504013487644
2004-08-24,99.2683199516354,16.468590831918505,49.75465736918166,49.6341599758177
2004-08-25,41.95929159826241,15.64777400321831,30.061724679702046,20.979645799131205
2004-08-26,74.74240263938856,12.891685880026586,40.627331432266196,37.37120131969428
2004-08-27,14.90305755918493,9.031618962105556,15.13716036924917,7.451528779592465
2004-08-28,7.463343626120561,9.894171345478046,12.887407152068144,3.7316718130602804
2004-08-29,58.59980007217311,17.663973229269466,36.612820268201936,29.299900036086555
2004-08-30,38.25423408728207,10.57338755755722,25.65573617397476,19.127117043641036
2004-08-31,97.8804792428212,30.535470001954266,49.58744524640413,48.9402396214106
2004-09-01,43.48779506159521,14.018773930888145,29.666215784472776,21.743897530797604
2004-09-02,0.6384361844195817,6.38169789826824,6.660172921915142,0.31921809220979086
2004-09-03,34.01780726039432,8.371183863870293,22.532394301842825,17.00890363019716
2004-09-04,57.5820683761393,17.789101009310695,36.33680289069857,28.79103418806965
2004-09-05,2.272326055216215,7.022662937681172,7.999248165586337,1.1361630276081074
2004-09-06,9.407122832519988,10.07862464183381,13.834077458207869,4.703561416259994
2004-09-07,0.5769590230326694,6.035779341232306,6.289434879229059,0.2884795115163347
2004-09-08,10.932462533968026,5.897804638717512,10.719260623247106,5.466231266984013
2004-09-09,3.2133118171037407,7.375355399388445,8.745018141338367,1.6066559085518703
2004-09-10,5.90017107361148,6.1979723990336355,8.78236696120117,2.95008553680574
2004-09-11,53.69312349260794,12.90893213014174,32.82428500623176,26.84656174630397
2004-09-12,99.89503105590062,36.68639053254438,49.9860248447205,49.94751552795031
2004-09-13,74.79708658398864,10.717104614069129,40.09956588858152,37.39854329199432
2004-09-14,79.00660413317645,14.265697003187258,42.49815631162891,39.503302066588226
2004-09-15,99.45957138420127,46.74329501915709,49.982399834351384,49.729785692100634
2004-09-16,99.36907014979148,42.369543813587136,49.95185717421284,49.68453507489574
2004-09-17,23.176819442829377,12.817802909488002,21.435453594032925,11.588409721414688
2004-09-18,0.7528728589853558,5.699111044146451,6.032640413384314,0.3764364294926779
2004-09-19,0.9418699077237487,6.476096227309132,6.886034779610749,0.47093495386187434
2004-09-20,43.41307053941909,13.465127278193503,29.326037344398344,21.706535269709544
2004-09-21,56.31257580626768,12.538975184019819,33.634243181323406,28.15628790313384
2004-09-22,34.924178452945824,4.612363186538161,20.46362246284651,17.462089226472912
2004-09-23,82.31863407036758,25.75785971981446,45.71365846788558,41.15931703518379
2004-09-24,71.33498304691321,15.947393916608224,40.23881469322789,35.667491523456604
2004-09-25,58.2088561926168,14.893923156307057,35.32876894112183,29.1044280963084
2004-09-26,43.43667299922848,4.76628728990056,24.414307165196906,21.71833649961424
2004-09-27,23.1089149595416,10.835029230611442,19.88562901963877,11.5544574797708
2004-09-28,62.978806305466094,8.025057661732763,34.46037529378116,31.489403152733047
2004-09-29,87.65279426295217,10.191756001811868,45.084794213237714,43.826397131476085
2004-09-30,36.7114000676291,8.788928696689688,23.918089955003826,18.35570003381455
2004-10-01,86.83416106728991,29.31826765705653,47.27707643123385,43.417080533644956
2004-10-02,35.15813142113964,12.134599266799317,25.447366619719187,17.57906571056982
2004-10-03,32.1582429258008,14.10970133731387,25.651390768055915,16.0791214629004
2004-10-04,48.33470595190925,12.350883955495059,30.54847348909961,24.167352975954625
2004-10-05,1.759869411625439,6.1952608558702345,6.966167060910089,0.8799347058127195
2004-10-06,12.628557314509049,8.678072721916825,13.896435991689307,6.314278657254524
2004-10-07,65.96057816480557,21.044490725516702,40.14371205352978,32.980289082402784
2004-10-08,19.84447829461547,11.152162262226238,18.861312990026192,9.922239147307735
2004-10-09,54.65877401229512,13.265777403821971,33.344253117840374,27.32938700614756
2004-10-10,99.3359781019782,68.44402868724664,50.12247238936074,49.6679890509891
2004-10-11,98.61675013923598,44.050291872474176,49.91770067061013,49.30837506961799
2004-10-12,87.22848436007764,31.113237846518192,47.587874217693134,43.61424218003882
2004-10-13,88.41988158227298,13.596436302484927,45.78442421555507,44.20994079113649
2004-10-14,82.66201536256142,8.846300898489773,42.864777972042454,41.33100768128071
2004-10-15,79.61700813769636,18.186901445680242,43.51553871052637,39.80850406884818
2004-10-16,87.70226336041574,57.07257072570726,50.86976612149581,43.85113168020787
2004-10-17,35.09599016848101,44.39970190594685,46.36518197444137,17.547995084240505
2004-10-18,20.936991397349452,50.224494297057156,50.177491945394756,10.468495698674726
2004-10-19,91.60590969799249,99.82238886970251,54.18213631234017,45.802954848996244
2004-10-20,81.56123264802257,39.22962863112489,48.01407628034913,40.780616324011284
2004-10-21,68.4258422401141,26.217378459114336,42.490837555244156,34.21292112005705
2004-10-22,75.56995221460927,27.183856350028,44.42600520352845,37.78497610730464
2004-10-23,23.630253566031783,17.972141061357615,25.540405340329787,11.815126783015891
2004-10-24,5.919872433725334,10.49611581920904,12.834695369078467,2.959936216862667
2004-10-25,59.69603274833428,26.269969900439914,40.43585643986288,29.84801637416714
2004-10-26,72.4453503522476,15.68988588353806,40.54596826146488,36.2226751761238
2004-10-27,96.31808224737154,57.63369510206376,50.28106637514441,48.15904112368577
2004-10-28,99.61676145833549,98.10913019989195,50.18437272898555,49.808380729167745
2004-10-29,93.00077451634147,44.745251198295755,49.63220828276887,46.50038725817073
2004-10-30,70.67224887820348,18.468996904637393,40.7526658859861,35.33612443910174
2004-10-31,99.91884024364491,76.53061224489795,50.02153218025748,49.959420121822454
2004-11-01,98.57948840050103,84.987611135403,50.497003074565995,49.28974420025052
2004-11-02,51.741604017299935,12.814222558290405,32.05474027293423,25.870802008649967
2004-11-03,99.93374741200827,85.0,50.0231884057971,49.96687370600414
2004-11-04,36.34543610000602,8.176727874793855,23.37757851999228,18.17271805000301
2004-11-05,71.8268242548818,9.008869864524954,38.45149686702251,35.9134121274409
2004-11-06,59.54116646969791,20.036179709639896,37.87698782940432,29.770583234848957
2004-11-07,78.14425298670618,23.17808582860827,44.137870294577816,39.07212649335309
2004-11-08,38.76181148925399,17.31749877174852,29.985828287816478,19.380905744626993
2004-11-09,34.3798119824849,21.216366649378248,31.11212567704983,17.18990599124245
2004-11-10,93.9620758483034,97.92188196563903,52.893486885150864,46.9810379241517
2004-11-11,69.36871403021203,86.74993065093402,61.25697635138636,34.684357015106016
2004-11-12,68.34949927372415,73.33398801924777,57.38532404750113,34.174749636862074
2004-11-13,82.15665678419965,45.80203193033382,49.250942149239755,41.07832839209983
2004-11-14,55.55818231211259,43.952105867311225,47.31220591559402,27.779091156056296
2004-11-15,51.18200858511499,61.12312299556103,55.43008522904008,25.591004292557496
2004-11-16,61.80942548180581,49.6799900115627,49.87778634690019,30.904712740902905
2004-11-17,48.126835825353886,31.22615629473819,40.26141323287808,24.063417912676943
2004-11-18,36.49236568335229,37.33764323674182,41.958436770920684,18.246182841676145
2004-11-19,81.09462324147233,34.93582366029836,47.15206070741043,40.54731162073617
2004-11-20,51.9393574880229,33.70718150983455,42.16956675031628,25.96967874401145
2004-11-21,17.485289293263182,48.68686919521198,48.916473915228124,8.742644646631591
2004-11-22,31.83847288892209,34.13744492855555,39.18784022446773,15.919236444461045
2004-11-23,38.8504583310856,26.25271444082519,35.478643721756306,19.4252291655428
2004-11-24,13.069619793256223,40.60825205154905,41.83571780035253,6.534809896628111
2004-11-25,10.621492154261118,38.82670532424509,40.01347594160286,5.310746077130559
2004-11-26,4.4532453885037615,36.86452743163555,37.44948225804442,2.2266226942518808
2004-11-27,46.35639329504181,17.208858091883176,32.40964880074509,23.178196647520906
2004-11-28,99.83538873106453,11.069182389937108,49.93591548712512,49.91769436553226
2004-11-29,100.0,-1.0,50.0,50.0
2004-11-30,80.19502778565999,72.6393290036499,54.48371281868588,40.097513892829994
2004-12-01,74.95958415201332,61.46950735001987,52.87201233616037,37.47979207600666
2004-12-02,79.47853040386545,60.60639715681919,52.176588567781934,39.739265201932724
2004-12-03,49.18382831578816,66.19955614301333,58.231994261713936,24.59191415789408
2004-12-04,6.391165580983904,60.59743607376335,59.920136386950205,3.195582790491952
2004-12-05,69.78351658600785,74.69030797722752,57.46054281480253,34.891758293003925
2004-12-06,31.31066198214875,59.5587835429041,56.565865138180136,15.655330991074376
2004-12-07,9.583311701122451,55.42941008939153,54.90909279699295,4.7916558505612254
2004-12-08,6.749101933179675,55.54024053245807,55.16632405157914,3.3745509665898377
2004-12-09,2.6256983240223466,48.135612017907,48.18456522190609,1.3128491620111733
2004-12-10,6.677022180597117,49.13394482347339,49.19177151970628,3.3385110902985584
2004-12-11,3.4153777142762207,43.31515732709501,43.54346995397983,1.7076888571381104
2004-12-12,5.327723308945234,44.4423239336207,44.73842153684486,2.663861654472617
2004-12-13,5.615492445875084,41.062081256807154,41.563989408649604,2.807746222937542
2004-12-14,15.02946342921925,44.70249004227452,45.498677364030115,7.514731714609625
2004-12-15,8.858719802650432,42.79959901576597,43.43746236362655,4.429359901325216
2004-12-16,25.220859697800428,43.41170463123307,45.07332936266646,12.610429848900214
2004-12-17,53.75130386815948,53.375033629270916,51.56090904754893,26.87565193407974
2004-12-18,49.26017249853279,36.33859345815401,43.068225886393186,24.630086249266395
2004-12-19,55.65577357410545,47.69964689100391,48.979926208751664,27.827886787052726
2004-12-20,7.177487505632069,53.541558084236854,53.28736319523605,3.5887437528160344
2004-12-21,15.654800207576544,55.584705155623595,54.710430721328486,7.827400103788272
2004-12-22,6.679542292276701,54.68905079601038,54.37584366498452,3.3397711461383506
2004-12-23,52.644960597262546,44.99969344766276,47.632102861883034,26.322480298631273
2004-12-24,10.592214684831157,53.756615968433785,53.35870714017263,5.296107342415579
2004-12-25,71.26199791124446,72.25727367775895,56.396295774414405,35.63099895562223
2004-12-26,97.42152141416734,96.73197366308014,51.20497393363947,48.71076070708367
2004-12-27,85.30834654152551,85.12762656889015,55.160829163688355,42.654173270762755
2004-12-28,89.4628916566036,83.72385595219373,53.55351923925359,44.7314458283018
2004-12-29,81.78299309724946,97.3113084207774,58.61870432079461,40.89149654862473
2004-12-30,9.704702668139278,77.91938161301151,75.20988864068559,4.852351334069639
2004-12-31,2.1160779557386853,71.08048757200598,70.63440802153254,1.0580389778693426
2005-01-01,21.162376060889727,66.2123418046447,62.78142506366895,10.581188030444864
2005-01-02,23.784734114208735,64.44713764366251,61.010924368003614,11.892367057104368
2005-01-03,45.62336253373466,54.43780661798927,52.41313001611796,22.81168126686733
2005-01-04,13.71981598963696,61.934161329284784,60.296816355000495,6.85990799481848
2005-01-05,12.986929407173047,66.40557338327746,64.27499314914925,6.493464703586524
2005-01-06,52.37519544453523,55.503063183882475,52.62082308588777,26.187597722267615
2005-01-07,9.895492667044579,64.96841707436793,63.48721846040121,4.947746333522289
2005-01-08,13.593055437325988,65.27285527893449,63.19680759400635,6.796527718662994
2005-01-09,78.56762562952007,80.07848747293535,56.44653404017742,39.28381281476003
2005-01-10,13.583335582550779,61.85476605201513,60.24449339664362,6.7916677912753896
2005-01-11,7.747155887867543,59.011294221445965,58.31317521059615,3.8735779439337716
2005-01-12,3.2726351379416334,56.34310252281267,56.135515920815436,1.6363175689708167
2005-01-13,63.22591612833675,50.071596892582114,50.02632910132765,31.612958064168375
2005-01-14,8.048671601656993,55.780621588725325,55.31535834051433,4.024335800828497
2005-01-15,18.176194884611075,60.15915940293661,58.312610791220564,9.088097442305537
2005-01-16,7.482053827097943,55.40380700577043,54.9994912568862,3.7410269135489713
2005-01-17,6.602993827929657,55.472740250239596,55.11137554929765,3.3014969139648285
2005-01-18,73.2251147276061,56.939790920275776,51.858121057047846,36.61255736380305
2005-01-19,70.575512292747,75.61731220120119,57.53776287957106,35.2877561463735
2005-01-20,80.1711077444078,63.66135354063235,52.70889507422751,40.0855538722039
2005-01-21,95.953921211318,40.109524540662264,49.59982357033994,47.976960605659
2005-01-22,62.16951401559131,46.35928183093652,48.622698623320616,31.084757007795655
2005-01-23,89.38852608752384,94.79837607838544,54.75376799077083,44.69426304376192
2005-01-24,86.81399723237296,70.52409979262238,52.706308366685725,43.40699861618648
2005-01-25,78.72148162886324,63.78228854170725,52.932666799310255,39.36074081443162
2005-01-26,98.00429824343462,96.53491026040045,50.92869802148293,49.00214912171731
2005-01-27,37.060782421960106,71.53966605680002,63.556897285072566,18.530391210980053
2005-01-28,92.32145853140204,85.87575193547517,52.754734489536794,46.16072926570102
2005-01-29,40.752973492196205,73.67425834103706,64.02629411484017,20.376486746098102
2005-01-30,4.257970195869952,66.09448204060385,65.4091837921353,2.128985097934976
2005-01-31,55.81472020171022,73.57610455430677,60.41716776285778,27.90736010085511
2005-02-01,67.31898766194858,52.38850472625769,50.78058752428321,33.65949383097429
2005-02-02,69.24896792961809,46.89731435468319,49.04589214216549,34.624483964809045
2005-02-03,46.37640565998589,51.44531930123232,50.77503215901075,23.188202829992946
2005-02-04,12.212154237376097,70.40359804774697,67.91187918418184,6.106077118688049
2005-02-05,24.69696120729908,73.03244759715814,67.34413294899652,12.34848060364954
2005-02-06,36.587684216861724,67.02308014557642,60.79472933792963,18.293842108430862
2005-02-07,7.9211436783280105,67.68788721467057,66.28680425473591,3.9605718391640052
2005-02-08,10.125220865022664,66.22095212573032,64.57854489659053,5.062610432511332
2005-02-09,15.598970227961633,66.19970186408742,63.672715193289875,7.799485113980817
2005-02-10,10.20141196013289,64.20884685642935,62.759343853820596,5.100705980066445
2005-02-11,66.3085075066235,47.4806022680425,49.15117730225924,33.15425375331175
2005-02-12,76.04952185226313,64.05785066777385,53.36692245222666,38.02476092613156
2005-02-13,71.54523459544181,34.2334006076547,45.51365113063165,35.772617297720906
2005-02-14,90.44792072316909,33.360801491954724,48.41061056748225,45.223960361584545
2005-02-15,56.18401456916828,46.78782255506692,48.59255279871565,28.09200728458414
2005-02-16,99.9815733082123,100.0,50.009213345893855,49.99078665410615
2005-02-17,27.650025831644076,70.45365253525206,64.79821232574014,13.825012915822038
2005-02-18,10.136179013730034,64.85411048643702,63.34847125663452,5.068089506865017
2005-02-19,37.49917005560627,64.19833415773381,58.874076686861976,18.749585027803136
2005-02-20,98.84895870000041,99.8740780715956,50.57407123659811,49.424479350000205
2005-02-21,98.59560855927202,88.38272150965649,50.53904365560007,49.29780427963601
2005-02-22,77.04699516988329,80.63545966059445,57.0317585356247,38.523497584941644
2005-02-23,55.19933802851952,88.19221671365153,67.1103659092983,27.59966901425976
2005-02-24,42.4628793774319,80.21330390215576,67.38386511024643,21.23143968871595
2005-02-25,31.369168041333374,81.65445222460062,71.72471391370206,15.684584020666687
2005-02-26,32.92360554916941,80.045286941028,70.15329518244783,16.461802774584704
2005-02-27,80.74309692793867,53.80559351763174,50.732839455006996,40.37154846396933
2005-02-28,35.03560136430403,70.98498711401938,63.632770682400974,17.517800682152014
2005-03-01,3.8652970454304776,71.74617368427873,70.90561947536614,1.9326485227152388
2005-03-02,6.685257011868476,71.95086946363605,70.48339742365224,3.342628505934238
2005-03-03,97.627508967254,99.99127094972067,51.18603842043788,48.813754483627
2005-03-04,56.27244155865695,91.39793102794344,68.10230448375087,28.136220779328475
2005-03-05,40.13853679585427,79.19356795065066,67.47569693675602,20.069268397927136
2005-03-06,87.56282916682206,59.03979743124157,51.12429504949675,43.78141458341103
2005-03-07,29.08821570616757,70.13607890294247,64.27885283689047,14.544107853083785
2005-03-08,52.50577649825979,55.98038273750775,52.84033634361142,26.252888249129896
2005-03-09,65.2908771617007,50.18876039376852,50.065517076943166,32.64543858085035
2005-03-10,22.056262906121262,63.57623652707366,60.58182610590542,11.028131453060631
2005-03-11,59.26726908546524,78.7910102064191,61.727364714956934,29.63363454273262
2005-03-12,29.504978438525935,66.17750956726523,61.40433885755316,14.752489219262968
2005-03-13,18.354919213855936,67.12567739047954,63.98227314063142,9.177459606927968
2005-03-14,43.118178931705785,65.79860414378851,58.98653374035789,21.559089465852892
2005-03-15,2.6393449091524563,66.23870549388667,65.81011004712151,1.3196724545762282
2005-03-16,4.12234539647202,63.29991855689754,62.75164997653274,2.06117269823601
2005-03-17,5.11875860550794,61.36273597811217,60.78110495241141,2.55937930275397
2005-03-18,9.653955168869462,58.0087475551204,57.235586656561146,4.826977584434731
2005-03-19,71.02619865534163,38.761126534817826,46.743671128820594,35.513099327670815
2005-03-20,45.52006786424661,52.3304996021609,51.26965460168126,22.760033932123306
2005-03-21,12.5787260551316,55.7034577279281,54.986035404661784,6.2893630275658
2005-03-22,80.38016905610343,51.814658768122825,50.3560329825143,40.19008452805171
2005-03-23,73.2809747808608,58.62352448463602,52.30412168182854,36.6404873904304
2005-03-24,55.707303316031876,51.05059130874463,50.46533522177039,27.853651658015938
2005-03-25,97.81150219284622,87.98372599110607,50.83127301039065,48.90575109642311
2005-03-26,96.20932274282117,66.41175506636806,50.62211666680471,48.104661371410586
2005-03-27,91.36100166142552,47.13922593640593,49.75285777617574,45.68050083071276
2005-03-28,68.22258433674992,24.204881294893628,41.80297790824958,34.11129216837496
2005-03-29,97.46540009153469,60.282702835198954,50.26062537664872,48.732700045767345
2005-03-30,81.6096360972314,37.02964941343521,47.61470532766585,40.8048180486157
2005-03-31,96.85074750486604,40.86396212768755,49.71228309934981,48.42537375243302
2005-04-01,26.434388370031613,49.10477706197567,49.34142377019063,13.217194185015806
2005-04-02,5.309061912059707,44.181425826995444,44.49033753223938,2.6545309560298533
2005-04-03,8.710702271689023,43.091365258591864,43.6931558619544,4.355351135844511
2005-04-04,4.477894006699604,42.2052835144002,42.55432265674809,2.238947003349802
2005-04-05,32.113124387855045,42.25917378612584,44.74499493683494,16.056562193927522
2005-04-06,22.200559358668503,36.7176407792901,39.66639882231538,11.100279679334252
2005-04-07,98.12983097664151,42.09477413640389,49.8521589146725,49.06491548832076
2005-04-08,98.52081909849473,62.527995520716686,50.18531171708388,49.26040954924736
2005-04-09,99.94906832298138,90.65040650406505,50.02070393374741,49.97453416149069
2005-04-10,98.49366095258604,100.0,50.75316952370699,49.24683047629302
2005-04-11,97.36861177084477,97.25369845766446,51.24342825905549,48.68430588542238
2005-04-12,82.36969671859462,77.75806356853299,54.89383079217765,41.18484835929731
2005-04-13,67.67979061413769,39.317500753983275,46.54739387604423,33.83989530706884
2005-04-14,79.75596056070621,47.867308282993754,49.56825704769071,39.87798028035311
2005-04-15,60.01434812448034,45.81224591388036,48.32549922972135,30.00717406224017
2005-04-16,96.17746818353122,59.82665222101842,50.37562690764217,48.08873409176561
2005-04-17,56.55768305430653,52.37279072654184,51.030795267882326,28.278841527153265
2005-04-18,80.27844727718104,41.67165810241376,48.35752166173091,40.13922363859052
2005-04-19,99.97184230031843,100.0,50.01407884984078,49.985921150159214
2005-04-20,98.75991560220395,70.27884454833863,50.251474787297255,49.37995780110197
2005-04-21,83.38402191072457,47.4308941062055,49.57311792759682,41.692010955362285
2005-04-22,7.80921332682704,51.957871691551595,51.804977314492774,3.90460666341352
2005-04-23,69.24626907441535,51.127723252804145,50.34681697475264,34.623134537207676
2005-04-24,99.92194455371747,100.0,50.03902772314126,49.96097227685873
2005-04-25,99.65320049359404,89.43283582089552,50.136752879988734,49.82660024679702
2005-04-26,44.74929319203397,39.238705220714664,44.054308572756106,22.374646596016984
2005-04-27,30.798509073400744,45.59868764357647,46.95422622901828,15.399254536700372
2005-04-28,91.98051362989567,40.43855571052224,49.23322127842022,45.990256814947834
2005-04-29,89.05240740970919,34.04609620406464,48.25343161017406,44.526203704854595
2005-04-30,67.70023749520342,36.82459768048189,45.74437634174419,33.85011874760171
2005-05-01,32.02637035991473,35.74824790435619,40.312566813283986,16.013185179957365
2005-05-02,13.823420699622488,39.141068519821495,40.64214430181031,6.911710349811244
2005-05-03,91.98017566859484,22.539575962606204,47.79772223154206,45.99008783429742
2005-05-04,47.20002489419965,29.834549362125124,39.352647083229606,23.600012447099825
2005-05-05,92.89862155803704,21.51939340915719,47.97748434341761,46.44931077901852
2005-05-06,80.17077228773121,17.730036989822572,43.60111555204701,40.085386143865605
2005-05-07,76.02410488028436,33.21282153297929,45.97512369718763,38.01205244014218
2005-05-08,38.03287465422678,20.644377021840903,31.809164313091546,19.01643732711339
2005-05-09,86.43535802632833,24.080155178470513,46.48406584982825,43.217679013164165
2005-05-10,99.17638728431409,29.688285570638513,49.83271013718597,49.588193642157044
2005-05-11,50.49836160769837,34.19122113898118,42.17439545397984,25.249180803849185
2005-05-12,32.778211214767104,35.90407635369144,40.52446797915076,16.389105607383552
2005-05-13,69.4626148363006,13.588436182419358,38.88086051289919,34.7313074181503
2005-05-14,98.26074531794876,64.53149184426718,50.25273965227331,49.13037265897438
2005-05-15,68.09932231226723,31.372128398143452,44.05758272020704,34.04966115613362
2005-05-16,99.98405780598144,100.0,50.00797109700928,49.99202890299072
2005-05-17,78.19972978125544,23.315146099884032,44.18262974229752,39.09986489062772
2005-05-18,99.59631366262288,3.652263374485597,49.812900519559264,49.79815683131144
2005-05-19,18.641415126845814,35.41782537924982,38.13614908482542,9.320707563422907
2005-05-20,19.1467234604343,23.47980128624793,28.55755039512769,9.57336173021715
2005-05-21,7.357772028256636,28.170220014703506,29.77640546029162,3.678886014128318
2005-05-22,60.12345397336364,25.17242814193723,40.09962188072338,30.06172698668182
2005-05-23,99.10073878977622,34.95279760534193,49.864686345640976,49.55036939488811
2005-05-24,52.469400924145006,26.46915024576782,38.81564614417409,26.234700462072503
2005-05-25,3.255478757871301,25.52332333664648,26.320156346054794,1.6277393789356505
2005-05-26,2.612925267554326,25.7339361497942,26.367990263577095,1.306462633777163
2005-05-27,7.573026427820857,25.799254500967262,27.63198335333868,3.7865132139104287
2005-05-28,10.150985632380822,25.332747841963553,27.836717064428978,5.075492816190411
2005-05-29,13.495249467836562,21.959370243576878,25.743523181558594,6.747624733918281
2005-05-30,8.034106743474677,22.240261573096628,24.470508590023403,4.0170533717373385
2005-05-31,45.31615682108653,20.979803690199308,34.130641359735755,22.658078410543265
2005-06-01,42.83521598267658,22.814255235773064,34.45932772202887,21.41760799133829
2005-06-02,52.84334396905068,21.058763530208306,36.35228066683667,26.42167198452534
2005-06-03,20.30843205401298,22.92884609372558,28.4265729910186,10.15421602700649
2005-06-04,95.38616387630164,19.252177035640543,48.58134583681956,47.69308193815082
2005-06-05,78.8327746309042,14.689674748206368,42.525783875392094,39.4163873154521
2005-06-06,98.20430949156614,28.83994464944649,49.62003089449076,49.10215474578307
2005-06-07,58.58824358612912,13.860647654517514,35.03405943713826,29.29412179306456
2005-06-08,43.62748251269399,8.406491675592905,26.55269224623953,21.813741256346994
2005-06-09,71.55656603757943,12.921254162446536,39.453531413601716,35.778283018789715
2005-06-10,35.49019729919872,10.243368881596936,24.35307570503282,17.74509864959936
2005-06-11,36.672442235663965,19.151989776692826,30.464708506686865,18.336221117831982
2005-06-12,95.48014174262241,19.06616568914956,48.601834535577524,47.740070871311204
2005-06-13,80.54460595961982,25.939813581890814,45.31899592550682,40.27230297980991
2005-06-14,99.94596105469114,36.7816091954023,49.992856921022394,49.97298052734557
2005-06-15,89.49991400336113,33.265575970476206,48.2428710858578,44.74995700168056
2005-06-16,45.99117333991771,14.755949979830577,30.965102116613995,22.995586669958854
2005-06-17,90.16532367512106,10.527757294848836,46.11803269177774,45.08266183756053
2005-06-18,23.367584174035787,16.586170561450174,24.394175281272055,11.683792087017894
2005-06-19,7.092637427896295,15.211424995530127,17.678852486928935,3.5463187139481476
2005-06-20,4.200926894902078,14.381762380357884,15.87805850401156,2.100463447451039
2005-06-21,12.275350251150892,14.882109135151383,19.192953239628473,6.137675125575446
2005-06-22,16.82911992891502,17.034309748761277,22.58214529653689,8.41455996445751
2005-06-23,2.492585792967095,12.472684055155844,13.408084600878906,1.2462928964835476
2005-06-24,34.90681940812684,27.26472782457326,35.200888224795584,17.45340970406342
2005-06-25,16.460548172757473,15.647261176260047,21.30191029900332,8.230274086378737
2005-06-26,41.36002672659399,20.003821710144518,32.41024906778553,20.680013363296997
2005-06-27,11.550798808275633,13.3693253837848,17.600460910817908,5.775399404137817
2005-06-28,33.930146318788616,14.03673528358659,26.23912362287894,16.965073159394308
2005-06-29,78.86193179463805,17.333986767949032,43.095035843036506,39.43096589731903
2005-06-30,54.47686440097972,14.410736983093624,33.79865153812173,27.23843220048986
2005-07-01,89.68367581587773,14.892463401409723,46.37819271143005,44.84183790793887
2005-07-02,41.832716438719956,8.798424865439422,26.0341629597663,20.916358219359978
2005-07-03,4.760164230961731,8.909366850125165,10.86534847160121,2.3800821154808656
2005-07-04,23.70817955754086,16.637690622916924,24.54728683457807,11.85408977877043
2005-07-05,90.86736617110381,10.030843198621127,46.34976326483271,45.433683085551905
2005-07-06,18.237991162142922,8.743101426170663,16.26753094183993,9.118995581071461
2005-07-07,99.37168004141859,34.93737640079104,49.905358529640175,49.68584002070929
2005-07-08,64.16213021432793,11.846399555586418,36.32656235418546,32.081065107163965
2005-07-09,93.04373221320542,16.75152597885961,47.68714711206665,46.52186610660271
2005-07-10,95.6530113894084,14.231942062130742,48.44516659521102,47.8265056947042
2005-07-11,89.09477338780009,17.09406580047109,46.41153330667998,44.547386693900044
2005-07-12,90.15754637829775,17.949527477847234,46.845447106470694,45.078773189148876
2005-07-13,7.32113524839529,9.961998315019628,12.893234569131826,3.660567624197645
2005-07-14,4.833792309960831,9.512232913094051,11.469327485015764,2.4168961549804155
2005-07-15,22.23359358295431,15.760489463821429,23.373163081228192,11.116796791477155
2005-07-16,53.37451554908584,13.737158105403601,33.09227429097537,26.68725777454292
2005-07-17,27.838048715703323,13.030450298636653,23.322051554478335,13.919024357851661
2005-07-18,24.26557418556821,18.94754437983328,26.482601034785482,12.132787092784104
2005-07-19,52.42370508632758,7.411475974385465,29.737958210193394,26.21185254316379
2005-07-20,4.54770112555551,8.441152986787515,10.33112514017527,2.273850562777755
2005-07-21,36.72535247797985,13.291074901049027,26.772557034516385,18.362676238989923
2005-07-22,55.450144565618686,13.95223241305461,33.94077165269406,27.725072282809343
2005-07-23,73.09614161038078,14.923774968608692,40.56314208913031,36.54807080519039
2005-07-24,88.38927801221854,15.444456339435463,45.98785189420541,44.19463900610927
2005-07-25,49.65040911777822,16.619774008972083,33.193192777956384,24.82520455888911
2005-07-26,47.54191555268776,29.402621441397258,39.19500976179559,23.77095777634388
2005-07-27,15.07268283871075,12.294234281369416,17.977504760045928,7.536341419355375
2005-07-28,0.38505552567140683,7.562000271039436,7.7254101339802155,0.19252776283570341
2005-07-29,0.0,6.079058919310722,6.079058919310722,0.0
2005-07-30,40.473680934498,15.324208170819695,29.35877751727286,20.236840467249
2005-07-31,73.32851171590863,15.245953862769321,40.73057865626081,36.664255857954316
2005-08-01,25.925695283406608,11.912288076222502,21.78679221000278,12.962847641703304
2005-08-02,80.64725978441248,17.32860874405858,43.677190525419476,40.32362989220624
2005-08-03,95.14756094278324,12.54107104757841,48.18232830109762,47.57378047139162
2005-08-04,66.99656488470492,8.808472415027731,36.40538092049481,33.49828244235246
2005-08-05,6.8456119442650785,6.076680648856833,9.083500644676384,3.4228059721325392
2005-08-06,53.75662253372179,12.003443776315967,32.42910908129517,26.878311266860894
2005-08-07,72.82661199206417,14.948579450090024,40.47534149167961,36.413305996032086
2005-08-08,45.445906523750836,11.588255429201688,29.044820960988627,22.722953261875418
2005-08-09,18.63402013691775,13.630853797647635,20.407887824619035,9.317010068458876
2005-08-10,44.964243764967605,14.018695112800383,30.197416752097023,22.482121882483803
2005-08-11,73.17631258238615,26.529129964456803,43.7042471874715,36.58815629119307
2005-08-12,17.938585744483806,9.97993385510371,17.158967735505065,8.969292872241903
2005-08-13,88.38410939037655,19.710346549663797,46.481586989174914,44.192054695188276
2005-08-14,89.04065040650406,17.38645599047421,46.425767697167416,44.52032520325203
2005-08-15,78.12399634488231,12.252784723800863,41.74241780647353,39.06199817244116
2005-08-16,74.31908631125114,8.97534202348763,39.46449299394744,37.15954315562557
2005-08-17,9.422017167560206,7.927716864307508,11.891774604136991,4.711008583780103
2005-08-18,12.390610008846727,14.344263266559052,18.762226550980824,6.195305004423363
2005-08-19,32.49696554729078,11.144614419947072,23.771435685163862,16.24848277364539
2005-08-20,98.32362557382072,24.135375494071145,49.566412049355314,49.16181278691036
2005-08-21,99.9768115942029,100.0,50.01159420289854,49.98840579710145
2005-08-22,99.91014492753622,84.7926267281106,50.03126293995859,49.95507246376811
2005-08-23,87.99911346966844,55.42303842038041,50.65081268732614,43.99955673483422
2005-08-24,41.38082007590298,13.157335825333446,28.403132398621377,20.69041003795149
2005-08-25,94.6865255040978,18.475507579595497,48.324954135279185,47.3432627520489
2005-08-26,66.00903295910284,21.03455428390151,40.154364893392,33.00451647955142
2005-08-27,90.72432781831516,15.016081479496112,46.755006401730334,45.36216390915758
2005-08-28,95.25643813488242,10.622134905042566,48.13208660805815,47.62821906744121
2005-08-29,29.006481767822784,11.46186589330402,22.640422736621886,14.503240883911392
2005-08-30,6.257385850320356,11.006145788561831,13.446141704482912,3.128692925160178
2005-08-31,23.48251434645761,17.39393511835636,25.050658982003604,11.741257173228805
2005-09-01,5.8289361931876,10.604132809106206,12.900492770416333,2.9144680965938
2005-09-02,34.04649560731878,12.627141306570605,25.3512899999585,17.02324780365939
2005-09-03,37.71994431500611,17.121936919530427,29.52352400533613,18.859972157503055
2005-09-04,11.044732109855516,9.149161159600268,13.661026874151228,5.522366054927758
2005-09-05,14.677813216385927,11.437631723688117,17.097744111100035,7.338906608192963
2005-09-06,6.412213423384694,9.11572294664335,11.737310047912473,3.206106711692347
2005-09-07,27.844349901421605,11.020127587853267,21.873819653419112,13.922174950710803
2005-09-08,27.724213244972617,13.917414721723521,23.921027608571986,13.862106622486309
2005-09-09,93.42781530458839,8.138509042787826,47.248785498038984,46.713907652294196
2005-09-10,89.9058829866355,30.966258927838435,48.0787119041552,44.95294149331775
2005-09-11,83.1933347840955,35.29651141282232,47.52883389809432,41.59666739204775
2005-09-12,75.81706255440865,24.91064770769587,43.932657629648055,37.908531277204325
2005-09-13,42.780226987803765,10.924702007414448,27.641203184803274,21.390113493901882
2005-09-14,15.046255927319233,10.244504453866739,16.226218058911947,7.523127963659617
2005-09-15,0.724625641238655,5.079068872240853,5.404577457475752,0.3623128206193275
2005-09-16,67.50362264010134,20.074382643199346,40.27525845645473,33.75181132005067
2005-09-17,99.53041922713795,97.97178130511463,50.225266261408244,49.76520961356898
2005-09-18,99.7662501682212,91.76262178919397,50.09762005817866,49.8831250841106
2005-09-19,99.8567267020433,96.82080924855492,50.06708171754042,49.92836335102165
2005-09-20,87.02464788732395,11.670524383430442,45.02661557580779,43.512323943661976
2005-09-21,75.09519535517143,12.417185471252122,40.64007346158709,37.54759767758571
2005-09-22,60.18942606142662,11.63661552243159,34.72731645721845,30.09471303071331
2005-09-23,36.78177856179309,15.87107745135695,28.424302168724708,18.390889280896545
2005-09-24,8.471749758056813,8.471268931873617,11.989479105661678,4.235874879028406
2005-09-25,50.72927968202534,16.869184455391352,33.6762085339518,25.36463984101267
2005-09-26,22.04417388848979,13.030404721574143,21.18004659062125,11.022086944244895
2005-09-27,98.74754644161567,95.80095883617126,50.57363573871777,49.373773220807834
2005-09-28,36.87050210420592,14.8042837983538,27.781121081072108,18.43525105210296
2005-09-29,98.85773086590501,99.94562262098967,50.57051343103113,49.428865432952506
2005-09-30,22.500944371339262,7.7529781034408884,17.258956998933172,11.250472185669631
2005-10-01,54.338164692024215,7.056045054046689,30.39100201784748,27.169082346012107
2005-10-02,98.32614151185616,100.0,50.836929244071925,49.16307075592808
2005-10-03,99.68921786841969,12.991339107261826,49.88498369480822,49.844608934209845
2005-10-04,91.03944359756098,70.96826387444236,51.87887311108166,45.51972179878049
2005-10-05,95.98026892085825,54.39699139663078,50.176747229717556,47.990134460429125
2005-10-06,77.03047447335426,25.83456638637266,44.44931455749324,38.51523723667713
2005-10-07,93.80657959034927,13.707331750860888,47.75224247745099,46.903289795174636
2005-10-08,49.78307126295662,33.24165045696893,41.584471552471456,24.89153563147831
2005-10-09,10.387879215728615,24.957540623139142,27.558921055855357,5.193939607864308
2005-10-10,23.610626743722598,25.67739796570006,31.4201167463797,11.805313371861299
2005-10-11,38.14007250782873,16.474890133852192,29.26139134513021,19.070036253914363
2005-10-12,12.958445360268241,20.513548325541457,24.334534054458064,6.479222680134121
2005-10-13,3.9591273014257675,17.430238391806796,18.71971671564606,1.9795636507128838
2005-10-14,5.451362425264417,14.750011531339984,16.67161615763056,2.7256812126322085
2005-10-15,0.9439448378990217,15.573074463512565,15.898045649961578,0.47197241894951086
2005-10-16,1.1667753552455047,15.649743632848617,16.05053395860419,0.5833876776227523
2005-10-17,15.735714048544011,17.850194312959616,22.909195803034834,7.867857024272006
2005-10-18,20.068158516286232,16.884863655011607,23.53046170960819,10.034079258143116
2005-10-19,43.232154444829135,14.389850192463607,29.784885155292766,21.616077222414567
2005-10-20,99.8472049689441,100.0,50.07639751552795,49.92360248447205
2005-10-21,77.4988552805236,26.962671037365794,44.81633727061583,38.7494276402618
2005-10-22,39.85736843306546,15.270896871506837,29.11300345892962,19.92868421653273
2005-10-23,97.08043706478324,23.148936170212767,49.21606629271414,48.54021853239162
2005-10-24,12.40932454182026,14.134921556958634,18.585535538134053,6.20466227091013
2005-10-25,98.11176605775262,40.67982456140351,49.82401328389142,49.05588302887631
2005-10-26,14.343292972878688,12.335910284288842,17.738181017781166,7.171646486439344
2005-10-27,1.8616822429906543,11.14412446882354,11.867497403946002,0.9308411214953272
2005-10-28,0.5825678260562547,9.76406146852621,9.998463100922347,0.29128391302812734
2005-10-29,0.673120258199045,9.860574430002844,10.130761035039223,0.3365601290995225
2005-10-30,1.4078861562361111,9.7783338915536,10.344609160501928,0.7039430781180556
2005-10-31,8.326050175937555,10.454078143469852,13.746691439781609,4.163025087968777
2005-11-01,98.98212718026868,61.87957689178194,50.12091898428053,49.49106359013434
2005-11-02,94.4126952574997,29.69166913726653,48.86531166658384,47.20634762874985
2005-11-03,56.572011562659405,16.28865290219073,35.35984008029164,28.286005781329703
2005-11-04,59.1733440558455,10.079805866645005,33.701919688936606,29.58667202792275
2005-11-05,99.97060041407867,30.985915492957744,49.9944099378882,49.98530020703934
2005-11-06,99.8575569358178,100.0,50.071221532091094,49.9287784679089
2005-11-07,33.13700830542031,34.31383503733914,39.511760823818,16.568504152710155
2005-11-08,27.376940317091393,21.72387385842792,29.465012036191585,13.688470158545696
2005-11-09,3.2394869323940387,16.633254489180036,17.714165849768225,1.6197434661970194
2005-11-10,6.002683181106418,17.415722889702927,19.371653811487835,3.001341590553209
2005-11-11,7.115295954943243,14.371154396508551,16.90625220652675,3.5576479774716216
2005-11-12,3.424721546669879,13.313935859305948,14.570331402557429,1.7123607733349395
2005-11-13,40.8498821107163,21.19512965367206,32.9618852322917,20.42494105535815
2005-11-14,4.616879759281833,12.621972194040834,14.347670794232897,2.3084398796409165
2005-11-15,23.00944823392939,14.961362123290808,23.023559367406186,11.504724116964695
2005-11-16,65.22692601067888,14.906832298136646,37.797026829834515,32.61346300533944
2005-11-17,36.608710085689985,30.306977779377924,37.51633919123597,18.304355042844993
2005-11-18,39.895846300676375,19.100762884462704,31.428275032159007,19.947923150338188
2005-11-19,35.946483741988224,28.110746864310148,35.979163683973546,17.973241870994112
2005-11-20,15.93767840646052,26.20022522745009,29.993356792161013,7.96883920323026
2005-11-21,57.52665651970156,19.400857313036433,37.003521024539346,28.76332825985078
2005-11-22,28.974388771067737,34.37013360757996,38.8987918605182,14.487194385533869
2005-11-23,17.304024225467874,32.604816343945686,35.61488313785395,8.652012112733937
2005-11-24,47.460766924935946,60.01192412780137,55.26018815280415,23.730383462467973
2005-11-25,80.01723670008349,83.51251879114614,56.696727305874774,40.00861835004174
2005-11-26,100.0,-1.0,50.0,50.0
2005-11-27,51.487594050453346,88.10410352212926,68.48521738409086,25.743797025226673
2005-11-28,43.95312772115472,91.69872601097909,73.37083170927909,21.97656386057736
2005-11-29,99.98033126293996,100.0,50.00983436853003,49.99016563146998
2005-11-30,40.2163496442573,81.34387653489978,68.73851355556016,20.10817482212865
2005-12-01,19.042924156253893,81.78009665799223,75.7282369546266,9.521462078126946
2005-12-02,20.040122566765486,74.50139456444185,69.5912850631609,10.020061283382743
2005-12-03,97.53029161110788,94.88598256203889,51.10855287677133,48.76514580555394
2005-12-04,17.19227384431456,83.80443201215157,77.99268148910733,8.59613692215728
2005-12-05,76.27092653875722,89.31465697918122,59.32900383562553,38.13546326937861
2005-12-06,92.92345477550835,97.57696359592649,53.366805345305664,46.46172738775417
2005-12-07,39.43408122715979,72.10337612705936,63.38711283117012,19.717040613579893
2005-12-08,33.75398966782321,83.9640982133633,72.49986001165533,16.876994833911606
2005-12-09,33.58947648020718,74.66151293484612,66.37783984793273,16.79473824010359
2005-12-10,13.333042712900225,78.16617524832394,74.41076707187459,6.6665213564501125
2005-12-11,2.7358230001017576,70.57624107796731,70.01331154199988,1.3679115000508788
2005-12-12,48.763812340926016,80.87594077804722,65.81965495854483,24.381906170463008
2005-12-13,37.88521668406059,70.06019226786562,62.46034495994556,18.942608342030294
2005-12-14,22.9558749981842,69.58770245191388,65.09117396203628,11.4779374990921
2005-12-15,5.661490031915313,69.14589212056647,68.06194934663934,2.8307450159576564
2005-12-16,97.16929945908333,59.85075718779721,50.27884543699936,48.58464972954167
2005-12-17,89.2780058578134,55.13783976971969,50.55087887914428,44.6390029289067
2005-12-18,47.18376627822302,59.91656813798467,55.23755780493725,23.59188313911151
2005-12-19,84.2787893853707,79.7248685614895,54.67310919147349,42.13939469268535
2005-12-20,14.422532053876665,72.15511637609026,68.95978761517497,7.211266026938333
2005-12-21,12.419831368176713,65.60468633689092,63.666610608316155,6.209915684088356
2005-12-22,99.66169772256728,85.98531211750307,50.12173913043478,49.83084886128364
2005-12-23,61.84201251394239,57.62175906808945,52.908309871419036,30.921006256971197
2005-12-24,8.243290091818158,69.16679487063465,67.58682036814452,4.121645045909079
2005-12-25,68.33582301376335,85.29280900346791,61.17517750627255,34.16791150688167
2005-12-26,76.48895088892435,88.69130534445365,59.09673180125073,38.244475444462175
2005-12-27,72.80131474508163,90.64545378349753,61.055029045006805,36.40065737254081
2005-12-28,98.2052715489575,78.66866635902169,50.51452471167981,49.10263577447875
2005-12-29,43.625377392919944,94.07805201015191,74.84883547327561,21.812688696459972
2005-12-30,3.1064388306930613,83.42906991199379,82.3906163035081,1.5532194153465306
2005-12-31,15.504431172034106,83.7163649586257,78.48883435990376,7.752215586017053
2006-01-01,100.0,-1.0,50.0,50.0
2006-01-02,99.5611991542885,100.0,50.21940042285574,49.78059957714425
2006-01-03,66.5069876001708,91.43453047735164,63.877672430590394,33.2534938000854
2006-01-04,20.709405666194034,75.9290677642155,70.55931193546178,10.354702833097017
2006-01-05,64.60073317796153,89.82808610338263,64.09885046984765,32.300366588980765
2006-01-06,34.44685376355242,77.56752564755934,68.07138040151476,17.22342688177621
2006-01-07,32.799882116343696,80.69093952580523,70.62434754094278,16.399941058171848
2006-01-08,40.10358092882546,79.91831389910831,67.91999867203937,20.05179046441273
2006-01-09,6.426106420707728,75.86552757128592,74.20338124327759,3.213053210353864
2006-01-10,3.020297294940005,73.28746589921155,72.5841151965976,1.5101486474700025
2006-01-11,10.475670468653332,75.5982459028939,72.91665801635118,5.237835234326666
2006-01-12,10.353690539463194,79.53098005067231,76.4734337629551,5.176845269731597
2006-01-13,1.3276844958100993,69.89952054419707,69.63531769519122,0.6638422479050496
2006-01-14,4.283782969948311,71.3700535246654,70.45460681110694,2.1418914849741557
2006-01-15,2.4393637634236653,69.97954331134399,69.49216957170952,1.2196818817118327
2006-01-16,13.727663513768762,76.18864311113892,72.59355430601998,6.863831756884381
2006-01-17,95.14276011165688,87.9050136425648,51.84113744232855,47.57138005582844
2006-01-18,95.34620290911501,74.80532194188582,51.15438935091614,47.673101454557504
2006-01-19,7.623803492452399,73.2807663865244,71.50588650567887,3.8119017462261997
2006-01-20,8.428951707011183,75.08911402967746,72.97436472439898,4.214475853505592
2006-01-21,32.34494636150478,64.65358073915044,59.91388790903244,16.17247318075239
2006-01-22,45.62032215316274,63.2896668764182,57.22687803431407,22.81016107658137
2006-01-23,12.188351848660814,71.23473573463525,68.64657142916461,6.094175924330407
2006-01-24,2.9897269021428765,70.09838339555434,69.49749662028162,1.4948634510714383
2006-01-25,86.80621137564822,65.04151820051172,51.98454611726891,43.40310568782411
2006-01-26,44.26716864097918,92.26957899670428,73.55803317840129,22.13358432048959
2006-01-27,88.99075917298637,93.07392703257004,54.74211236066776,44.495379586493186
2006-01-28,93.85454153914962,87.95107651875064,52.332267642905364,46.92727076957481
2006-01-29,66.86448281506746,87.06671752765567,62.28224855626675,33.43224140753373
2006-01-30,4.528578488577326,83.53941149731283,82.02055292305009,2.264289244288663
2006-01-31,38.01422795010051,83.04387553258785,70.48250136408242,19.007113975050256
2006-02-01,10.258134967592996,77.19640783392016,74.40656361197959,5.129067483796498
2006-02-02,2.0775919537962158,73.20191298261986,72.71987190536613,1.0387959768981079
2006-02-03,12.555067908436756,79.97948732558885,76.21554233325998,6.277533954218378
2006-02-04,3.5625433506805275,73.06469013723586,72.2430005523967,1.7812716753402638
2006-02-05,7.237388502234109,74.48961091575698,72.71720263109812,3.6186942511170543
2006-02-06,41.191931806630556,65.65953739077675,59.20907142753418,20.595965903315278
2006-02-07,90.51518804342874,73.33275101541686,52.21306755810726,45.25759402171437
2006-02-08,97.3578342564315,98.43272470809498,51.279672860914125,48.67891712821575
2006-02-09,62.32463225916164,62.75685167142802,54.806190779363796,31.16231612958082
2006-02-10,56.49915213128076,65.23717844854701,56.628301816387705,28.24957606564038
2006-02-11,21.369924993047228,69.56978490565041,65.38773655001225,10.684962496523614
2006-02-12,14.172214852321726,77.44779559918051,73.55783503463853,7.086107426160863
2006-02-13,5.757454310615138,73.0498125995668,71.72273017046435,2.878727155307569
2006-02-14,4.063180103998803,71.25122841347424,70.3877527287226,2.0315900519994017
2006-02-15,99.9182184457778,96.9620253164557,50.038406274198024,49.9591092228889
2006-02-16,98.72548816598679,99.91876523151909,50.63622057026899,49.362744082993395
2006-02-17,45.01936412647772,79.40267648623463,66.1657784959664,22.50968206323886
2006-02-18,92.41327893635967,93.84997543265818,53.32677532255058,46.20663946817984
2006-02-19,83.30837129427655,98.25009928514694,58.053727422819655,41.65418564713828
2006-02-20,95.57445345856472,97.07574977775698,52.083359216144245,47.78722672928236
2006-02-21,92.51921615088743,95.71946728687321,53.42017452469672,46.259608075443715
2006-02-22,84.5424998394591,99.3017957652104,57.620825159556944,42.27124991972955
2006-02-23,78.63908672884725,90.05743000717875,58.55663288248617,39.31954336442362
2006-02-24,99.20638864388322,100.0,50.3968056780584,49.60319432194161
2006-02-25,90.900543618949,100.0,54.54972819052551,45.4502718094745
2006-02-26,91.44668310977744,99.6247155101448,54.24455917345411,45.72334155488872
2006-02-27,30.510785320758238,86.85228983014406,75.60836679428517,15.255392660379119
2006-02-28,60.24854631283596,88.2102102415197,65.18911402792571,30.12427315641798
2006-03-01,46.825668435888026,79.07563647994508,65.4607753462219,23.412834217944013
2006-03-02,47.37869637110912,82.16109229550015,66.92358602718296,23.68934818555456
2006-03-03,63.06617897102855,81.2289467774534,61.53404331201738,31.533089485514274
2006-03-04,99.9556930313834,76.16822429906543,50.0115943469277,49.9778465156917
2006-03-05,99.35996190002899,99.644128113879,50.31774133432725,49.679980950014496
2006-03-06,38.30917413298695,76.36942760852163,66.26751766810114,19.154587066493477
2006-03-07,79.64636249088136,62.99841159939722,52.645649578884544,39.82318124544068
2006-03-08,37.85823459998217,78.30778061820439,67.59095462171629,18.929117299991084
2006-03-09,48.106787356596016,73.71515592399255,62.30655629235227,24.053393678298008
2006-03-10,73.0971242854241,76.4234094025918,57.10865699113283,36.54856214271205
2006-03-11,67.87169327801655,57.4952084099665,52.40808354740594,33.935846639008275
2006-03-12,82.8771352556505,75.77719423502789,54.413794103752075,41.43856762782525
2006-03-13,8.417162373996906,78.75015586211586,76.33020856042438,4.208581186998453
2006-03-14,37.12759336099585,80.49629592964742,69.17375518672199,18.563796680497926
2006-03-15,3.9211817749468865,77.1998045963098,76.13325081565814,1.9605908874734432
2006-03-16,70.89875720543199,96.46490897051598,63.52186597378486,35.449378602715996
2006-03-17,7.020392906092952,78.56852506175541,76.56290235494455,3.510196453046476
2006-03-18,48.514943882672064,92.32829700760887,71.79274746787667,24.257471941336032
2006-03-19,3.1505301762270057,75.14146584127951,74.3493763732042,1.5752650881135029
2006-03-20,3.451806378188887,75.15976725927361,74.29130080828051,1.7259031890944434
2006-03-21,93.50120405589801,97.54667686229529,53.08996150748213,46.75060202794901
2006-03-22,50.34924994761769,69.53784058195068,59.700684392977244,25.174624973808847
2006-03-23,75.54438409552635,64.29061872186762,53.49485882499274,37.77219204776318
2006-03-24,99.64575569358178,100.0,50.17712215320911,49.82287784679089
2006-03-25,77.51667281491828,54.64433526597657,51.04420109342165,38.75833640745914
2006-03-26,65.36210703069125,56.94843435794312,52.40679125594701,32.681053515345624
2006-03-27,42.912982531809355,85.57651443329301,70.30957100910736,21.456491265904678
2006-03-28,99.13824518394594,98.91878904372898,50.421560020539665,49.56912259197297
2006-03-29,37.822803195352215,54.61735349375799,52.870940968980186,18.911401597676107
2006-03-30,100.0,-1.0,50.0,50.0
2006-03-31,25.160974273176766,60.35696455317024,57.75105136646504,12.580487136588383
2006-04-01,61.423101401624066,75.18902855177528,59.71714600233431,30.711550700812033
2006-04-02,30.032491461908172,59.09159696031857,56.36116387945979,15.016245730954086
2006-04-03,83.63700788870032,55.0768685256946,50.83072759636046,41.81850394435016
2006-04-04,7.810816030301332,58.587135008751,57.91640969094386,3.905408015150666
2006-04-05,99.7428438324965,100.0,50.12857808375175,49.87142191624825
2006-04-06,94.55096803325718,71.86680351237314,51.19152911349405,47.27548401662859
2006-04-07,7.906710164820903,68.74749142009298,67.26518161033157,3.9533550824104515
2006-04-08,6.800299854433548,61.576270166815576,60.78904908351278,3.400149927216774
2006-04-09,39.27636410407479,60.26285312133811,56.231977561934954,19.638182052037394
2006-04-10,99.93685182539633,100.0,50.031574087301834,49.968425912698166
2006-04-11,94.81974613297993,85.21805172482712,51.82438448636448,47.409873066489965
2006-04-12,93.67047443478981,50.97519471169579,50.06172519858736,46.835237217394905
2006-04-13,39.645521613928516,57.79705820680552,54.70587381017585,19.822760806964258
2006-04-14,7.140039202006611,60.399668173006184,59.65712778857494,3.5700196010033056
2006-04-15,98.0410832120355,48.41982877074305,49.9690457605115,49.02054160601775
2006-04-16,79.51390400381413,53.9351196017323,50.80615237917561,39.75695200190707
2006-04-17,95.38144210338844,49.91032194422025,49.99585816707326,47.69072105169422
2006-04-18,98.57428621126655,47.30573710965868,49.961587522467674,49.28714310563328
2006-04-19,88.01026909759993,50.929766348679664,50.111476483227754,44.005134548799965
2006-04-20,31.96586908873539,52.63085638974565,51.78988028028692,15.982934544367694
2006-04-21,36.130613532455186,57.903065435380206,55.04763940570594,18.065306766227593
2006-04-22,35.821468598231704,50.18352332444014,50.11778257440538,17.910734299115852
2006-04-23,63.50408247046481,42.11007714944723,47.12050026331831,31.752041235232404
2006-04-24,75.64700125647416,37.84172661870503,47.039095836218806,37.82350062823708
2006-04-25,90.07132602602374,16.87566507396666,46.7111927791462,45.03566301301187
2006-04-26,98.42770095261363,36.25230445088228,49.78384511384365,49.21385047630682
2006-04-27,99.6318535696538,95.2193475815523,50.16647341394732,49.8159267848269
2006-04-28,95.67153175839104,37.498803942206486,49.45888969881714,47.83576587919552
2006-04-29,97.73762120995644,19.037159070107997,49.299503254007206,48.86881060497822
2006-04-30,66.77649381159634,61.94610180492798,53.96891387243324,33.38824690579817
2006-05-01,85.08433135800423,38.72419637151668,48.318138494053294,42.54216567900212
2006-05-02,88.16409211229448,44.89185216295674,49.39540432723974,44.08204605614724
2006-05-03,23.01430270918932,46.25074499672336,47.11360989251687,11.50715135459466
2006-05-04,51.70254297585636,53.17464748807065,51.533274006218974,25.85127148792818
2006-05-05,97.27088613885991,31.959936262235374,49.50766611997416,48.635443069429954
2006-05-06,83.30719330704828,44.108776328364506,49.01658942064447,41.65359665352414
2006-05-07,29.02893655713304,39.87170712016707,42.8118428345744,14.51446827856652
2006-05-08,91.88390785548557,30.89744244218694,48.44961882664899,45.94195392774279
2006-05-09,99.71821246076506,100.0,50.14089376961747,49.85910623038253
2006-05-10,63.73444086648019,40.78410968616173,46.65780584855466,31.867220433240096
2006-05-11,19.372245164049637,41.77872309744403,43.371369014622566,9.686122582024819
2006-05-12,75.31570929666206,37.73531041663168,46.97254836937936,37.65785464833103
2006-05-13,86.94793841768586,23.30058564921358,46.51517599681814,43.47396920884293
2006-05-14,93.49281305662565,38.62435546502005,49.25976554409511,46.746406528312825
2006-05-15,89.45595844190277,17.722861745177383,46.596685128647,44.72797922095138
2006-05-16,55.08386559116379,25.098077224853,38.81501889593038,27.541932795581896
2006-05-17,64.19145540100745,23.37678877413977,40.466615534503845,32.09572770050372
2006-05-18,92.46209093205982,34.84532117149294,48.857654090368754,46.23104546602991
2006-05-19,71.0195915828755,31.545136529147914,44.65170519332435,35.50979579143775
2006-05-20,97.8193888242383,21.56490361789004,49.3799411104531,48.90969441211915
2006-05-21,100.0,-1.0,50.0,50.0
2006-05-22,73.58314972609185,24.28541164839821,43.20701569660553,36.79157486304592
2006-05-23,98.26067870801558,16.452380952380953,49.41649911895094,49.13033935400779
2006-05-24,99.92463658893607,100.0,50.037681705531966,49.962318294468034
2006-05-25,60.5068782322715,12.802566498997134,35.309572292979105,30.25343911613575
2006-05-26,81.08554029321112,12.554107810154186,42.917311809904014,40.54277014660556
2006-05-27,84.20194528749442,21.616092737811115,45.51589480117256,42.10097264374721
2006-05-28,97.93049185758802,23.351675837918958,49.448510761649395,48.96524592879401
2006-05-29,96.9901445194418,41.24647451331086,49.73653153339683,48.4950722597209
2006-05-30,96.8129890729279,26.5544798908453,49.25278871221235,48.40649453646395
2006-05-31,78.08482371399614,14.280715359807825,42.17205580300239,39.04241185699807
2006-06-01,82.2644817167937,9.460548915138983,42.810118240933,41.13224085839685
2006-06-02,72.82369865512496,12.50600663590252,39.81051937714541,36.41184932756248
2006-06-03,96.65822491235554,24.563142892551742,49.14995744610358,48.32911245617777
2006-06-04,84.2699073786287,17.681617598630048,44.916288514535545,42.13495368931435
2006-06-05,90.27405177753516,28.286012481629,47.88810881693076,45.13702588876758
2006-06-06,68.03115231216988,19.931396261161076,40.38741386887339,34.01557615608494
2006-06-07,40.94875179530605,22.510860549143104,33.76732003354005,20.474375897653026
2006-06-08,29.899557972067154,23.62867199734749,31.513582501504555,14.949778986033577
2006-06-09,77.05607166831031,26.029636184679845,44.500256905367664,38.528035834155155
2006-06-10,57.035801770073036,10.826872387058154,33.16957979951341,28.517900885036518
2006-06-11,6.741381709142937,23.33093594062779,25.12879934712592,3.3706908545714684
2006-06-12,3.200461896642319,21.510546404824893,22.422340511700067,1.6002309483211594
2006-06-13,6.787382934983492,21.584195471435827,23.512884938845858,3.393691467491746
2006-06-14,0.812687309575089,19.293473708896595,19.54302175127573,0.4063436547875445
2006-06-15,4.23861167762543,19.305216084390782,20.60624877985969,2.119305838812715
2006-06-16,83.4686258178669,25.61348539917283,45.96857402135674,41.73431290893345
2006-06-17,53.1747579260046,15.769235880693019,33.97136183735615,26.5873789630023
2006-06-18,8.303383267412045,20.30123878336122,22.767240752852263,4.151691633706022
2006-06-19,15.47146229402007,19.190403324646745,23.957098457213682,7.735731147010035
2006-06-20,8.42430685031621,14.461294995998342,17.45518455616412,4.212153425158105
2006-06-22,69.41171839063789,30.46732643757578,44.02529080488826,34.70585919531894
2006-06-23,61.43705692335462,23.873289826924836,39.924771628156904,30.71852846167731
2006-06-24,21.184642659923853,20.081284966232232,26.419457834576853,10.592321329961926
2006-06-25,21.69444998172697,19.941024695908588,26.46215405827436,10.847224990863484
2006-06-26,16.075414499434185,15.655949627027226,21.17689808037707,8.037707249717092
2006-06-27,1.816286352724222,13.982436028139581,14.6366181271442,0.908143176362111
2006-06-28,25.77786726336022,12.173881429734015,21.92464806565843,12.88893363168011
2006-06-29,94.69808511475438,13.701519353200798,48.07548545146935,47.34904255737719
2006-06-30,20.421428497285625,10.710465765432033,18.73394990606089,10.210714248642812
2006-07-01,13.779274211293274,11.520904857977937,16.823044891621585,6.889637105646637
2006-07-02,10.287661617567046,12.778038838052867,16.607308249816214,5.143830808783523
2006-07-03,26.461111756987926,16.026118770961077,25.01598545116341,13.230555878493963
2006-07-04,19.350480072726974,19.429396429481354,25.34495498150693,9.675240036363487
2006-07-05,23.367974390805934,17.089272846469342,24.779843139534403,11.683987195402967
2006-07-06,43.42581548514236,20.6929930700693,33.419799823678886,21.71290774257118
2006-07-07,91.35644191855383,19.22938681618863,47.34032417744014,45.67822095927691
2006-07-08,91.4857031576941,24.670300257920093,47.843354174694525,45.74285157884705
2006-07-09,76.76435952298021,15.064422871011493,41.88249489973628,38.38217976149011
2006-07-10,35.237203819501374,13.383858614667284,26.28636298545377,17.618601909750687
2006-07-11,19.56105522838086,15.818156002736435,22.50448538512015,9.78052761419043
2006-07-12,49.66208719995853,14.037537797332147,31.89724713567318,24.831043599979264
2006-07-13,54.86230806405781,14.006001259069667,33.75313973289196,27.431154032028903
2006-07-14,23.341263712081577,13.023108441500412,21.65398221270023,11.670631856040789
2006-07-15,7.771042680305758,11.8515766602497,14.816106919845417,3.885521340152879
2006-07-16,8.4568870283156,10.223978441451209,13.58779164901614,4.2284435141578
2006-07-17,0.29263085313628,7.004176343772457,7.129995389350646,0.14631542656814
2006-07-18,0.300733765465047,6.522984495074378,6.653734560914164,0.1503668827325235
2006-07-19,1.0432221712230187,7.508195757934459,7.95147968074037,0.5216110856115094
2006-07-20,1.3578513632512006,7.9790213029362596,8.549603735025837,0.6789256816256003
2006-07-21,12.349693417137495,8.204717582316055,13.366306823726791,6.174846708568747
2006-07-22,16.838157575052797,11.395467881890255,17.89575983104944,8.419078787526399
2006-07-23,67.14818884903273,11.491974930731313,37.34941632627672,33.57409442451637
2006-07-24,21.701154292427667,14.768913466483571,22.414465914020678,10.850577146213833
2006-07-25,10.491765829751001,12.946597402838457,16.83415363528752,5.245882914875501
2006-07-26,19.45791737953258,10.823129076332139,18.446132252545556,9.72895868976629
2006-07-27,11.247749889440934,11.650201535082076,15.963690949520704,5.623874944720467
2006-07-28,22.182480206261754,12.914920463851933,21.141310891434408,11.091240103130877
2006-07-29,99.03289722954352,97.55940912010276,50.459948363213236,49.51644861477176
2006-07-30,23.10391654450392,13.148273161774634,21.662465375686775,11.55195827225196
2006-07-31,45.03630404115841,14.31946766711833,30.38866069205875,22.518152020579205
2006-08-01,88.9575215996255,18.010092104522688,46.467521330342215,44.47876079981275
2006-08-02,56.03989265731221,15.327895533865163,34.75810565871827,28.019946328656104
2006-08-03,99.74988767720603,100.0,50.125056161396984,49.874943838603016
2006-08-04,97.00702584841314,11.671509616715097,48.852838190134825,48.50351292420657
2006-08-05,86.08211638369609,11.95616568893124,44.70510341740596,43.041058191848045
2006-08-06,94.88216046058899,10.638556167044351,47.98554446423394,47.441080230294496
2006-08-07,93.81833316767717,10.7593876662312,47.57427608256303,46.909166583838584
2006-08-08,70.47508709826508,11.036937202543907,38.496189645202804,35.23754354913254
2006-08-09,87.61898645807223,18.95057390489576,46.15576635047429,43.809493229036114
2006-08-10,86.39944959527845,12.669510894408045,44.92284801286488,43.19972479763923
2006-08-11,90.91027693276206,21.492686927598307,47.40876418780817,45.45513846638103
2006-08-12,91.10168613589369,14.294362819288892,46.822800336481286,45.55084306794684
2006-08-13,69.90517101973288,10.115734362083218,37.9968984662335,34.95258550986644
2006-08-14,91.72538384564547,23.958437656484726,47.845160675477175,45.862691922822734
2006-08-15,12.826700504029956,9.783302680604923,14.941777998375974,6.413350252014978
2006-08-16,90.63274676253927,17.06351838340961,46.91475635946428,45.316373381269635
2006-08-17,52.283206839975364,14.37886335776323,33.002735907174134,26.141603419987682
2006-08-18,27.64631283559537,13.629856997375178,23.684860510634234,13.823156417797685
2006-08-19,57.332539680893646,11.08664479280593,33.39665960813756,28.666269840446823
2006-08-20,60.13112538580007,12.914948815397493,35.21460744259896,30.065562692900034
2006-08-21,42.39265115178584,15.518694922215579,30.136234296423748,21.19632557589292
2006-08-22,47.86571957281199,12.490350409460977,30.444614095212806,23.932859786405995
2006-08-24,58.90750970438937,16.039682900121612,36.044859991373876,29.453754852194685
2006-08-25,39.03949268746161,12.510892652905614,27.14644997426916,19.519746343730805
2006-08-26,28.913546672756148,11.721038352699992,22.788843794438502,14.456773336378074
2006-08-27,56.24577483773303,14.069461032436633,34.278871078116254,28.122887418866515
2006-08-28,99.59481311091189,16.198262646908535,49.86303979196127,49.79740655545594
2006-08-29,72.83472074820907,7.213057213057213,38.37680750862298,36.41736037410453
2006-08-30,60.38774096398038,11.022562453856665,34.56015647361893,30.19387048199019
2006-08-31,7.735252838148705,13.919823580373317,16.71071645088155,3.8676264190743526
2006-09-01,0.9223394732633705,10.162204539547051,10.529644252356732,0.46116973663168526
2006-09-02,9.372819550121275,8.971923641837968,12.817411203774462,4.686409775060637
2006-09-03,62.04902704697458,6.314495643385867,33.42092605722863,31.02451352348729
2006-09-04,1.9758716867182131,5.597728789499889,6.4750606946079925,0.9879358433591066
2006-09-05,0.022015040842054544,5.251535679490136,5.261387072186488,0.011007520421027272
2006-09-06,0.0,4.391169891731691,4.391169891731691,0.0
2006-09-07,10.251761959939031,12.59610779343679,16.430665786205836,5.125880979969516
2006-09-08,37.77953432211565,11.760312363499352,26.20708827880093,18.889767161057826
2006-09-09,0.7038436216897647,5.321369559306436,5.635837249921599,0.35192181084488233
2006-09-10,1.9447478930513267,5.4115534017596545,6.27868627752325,0.9723739465256633
2006-09-11,2.594028604715396,7.151019746800899,8.262534551397735,1.297014302357698
2006-09-12,0.6311303650753763,5.0025288519012365,5.28652155583292,0.31556518253768817
2006-09-13,0.3109008440220642,5.469920230329974,5.608364624177577,0.1554504220110321
2006-09-14,92.91006058095583,17.901378826828697,47.72422720447367,46.455030290477914
2006-09-15,99.64947151567854,40.165386887182514,49.96552687971676,49.82473575783927
2006-09-16,78.51860143107065,16.778277399309108,42.863509356681504,39.259300715535325
2006-09-17,96.04260377577309,54.770003663195354,50.188767944862775,48.021301887886544
2006-09-18,75.38077853584511,14.14508862784725,41.172799963513256,37.690389267922555
2006-09-19,77.57410991433792,13.351689982074546,41.78129027712736,38.78705495716896
2006-09-20,4.512160424986657,8.218245562143046,10.103505350753135,2.2560802124933286
2006-09-21,4.245699368015302,7.123863478622987,8.94425533594047,2.122849684007651
2006-09-22,1.9030311841244458,5.172209378149268,6.025296212837101,0.9515155920622229
2006-09-23,33.75861861475544,12.505833967630487,25.16334648128129,16.87930930737772
2006-09-24,42.99691029479813,14.671782345810689,29.861824399333504,21.498455147399063
2006-09-25,69.91437085790785,12.643187281731954,38.76096786627596,34.95718542895393
2006-09-26,75.72570353674301,10.504979816169254,40.412861712353745,37.862851768371506
2006-09-27,47.63852231794565,11.933283931635447,30.0677049615723,23.819261158972825
2006-09-28,18.076835219603364,10.390594700647146,17.550721628076005,9.038417609801682
2006-09-29,31.052142299838977,14.184032166805109,25.305657464433338,15.526071149919488
2006-09-30,34.12593507153751,14.308394522722761,26.48848863388772,17.062967535768756
2006-10-01,87.77875602050858,33.39266039494873,47.97037650836398,43.88937801025429
2006-10-02,94.48683570252724,33.862910798122066,49.110335759470736,47.24341785126362
2006-10-03,98.77864207525255,36.34514324461773,49.83322532490522,49.389321037626274
2006-10-04,97.6088036771709,32.47034375270586,49.58083150441012,48.80440183858545
2006-10-05,54.39591087702564,28.86853879451457,40.36318959886367,27.19795543851282
2006-10-06,12.722652649410826,22.416319384978404,25.92569525755047,6.361326324705413
2006-10-07,95.67786185559325,82.87096928752815,51.42072870201248,47.838930927796625
2006-10-08,2.051899772588031,13.605512854492446,14.352291253465696,1.0259498862940155
2006-10-09,0.742903783887067,11.668675404677012,11.9534402655097,0.3714518919435335
2006-10-10,0.6014512919987871,9.253749430638145,9.498818281128635,0.30072564599939355
2006-10-11,0.31859436333049496,8.365766861962348,8.498411181956012,0.15929718166524748
2006-10-12,19.13886622783801,12.103055414362656,19.356100943045686,9.569433113919006
2006-10-13,3.2659486536217015,8.700524702225046,10.049344359665554,1.6329743268108508
2006-10-14,94.95497212165398,41.206174562771984,49.556349055118766,47.47748606082699
2006-10-15,5.998770845790977,13.094270442196404,15.308160587336388,2.9993854228954886
2006-10-16,0.8216179393506393,8.312514527791796,8.655026386895651,0.41080896967531966
2006-10-17,8.991692085990337,8.789009915899664,12.494575249849976,4.4958460429951685
2006-10-18,28.514863813229574,10.62127506393899,21.85006485084306,14.257431906614787
2006-10-19,66.01620929548402,15.22845734142104,38.18331171817703,33.00810464774201
2006-10-20,85.21973629159538,18.83968609865471,45.3944234330145,42.60986814579769
2006-10-21,87.51092734300879,22.966046874222496,46.623709952064694,43.755463671504394
2006-10-22,19.937266592073005,13.112718089395587,20.467033822482307,9.968633296036503
2006-10-23,92.73427274384082,23.401647521591652,48.067436254286996,46.36713637192041
2006-10-24,86.6229846436214,51.92257065427797,50.257182571659996,43.3114923218107
2006-10-25,13.12202819708893,8.387645699344906,13.848030564149417,6.561014098544465
2006-10-26,3.8061637051173167,5.459899143409782,7.155168296435965,1.9030818525586584
2006-10-27,1.7023812985200477,5.152702802632552,5.916174803012241,0.8511906492600239
2006-10-28,27.483449206184495,10.837070468002782,21.600394313583067,13.741724603092248
2006-10-29,61.80162472164512,15.272756879986973,36.73475734919075,30.90081236082256
2006-10-30,1.2978489643584796,8.351569733187441,8.892103454076834,0.6489244821792398
2006-10-31,66.86423519220448,15.607507614562422,38.603784611622416,33.43211759610224
2006-11-01,52.60335334556879,12.792442758445672,32.36486556547526,26.301676672784396
2006-11-02,22.023577269519738,21.166284275470716,27.516499937736082,11.011788634759869
2006-11-03,56.334657223149755,15.043293641558094,34.73603434508934,28.167328611574877
2006-11-04,13.544406546023746,23.951985093191567,27.480034129338566,6.772203273011873
2006-11-05,49.09553701452534,8.332552254194395,28.789409485244395,24.54776850726267
2006-11-06,52.44003342824023,31.4087387234191,41.15800235158961,26.220016714120113
2006-11-07,1.5767753780460199,18.780030259739984,19.272299055637824,0.7883876890230099
2006-11-08,4.637698013839164,16.207534843205575,17.774727328609522,2.318849006919582
2006-11-09,77.87593198141633,13.671146911441015,41.962579832315875,38.937965990708165
2006-11-10,8.807913604830555,17.871406387329174,20.701265155180327,4.403956802415277
2006-11-11,99.7089020888242,72.11948790896159,50.06438936726577,49.8544510444121
2006-11-12,38.95981313064259,18.35659641860639,30.684807322092407,19.479906565321293
2006-11-13,32.2569198012775,14.106770330750921,25.68482063924894,16.12845990063875
2006-11-14,55.72017553319453,17.97135523998651,35.817772321169336,27.860087766597264
2006-11-15,11.33173762582804,21.579966426532874,24.80045006425041,5.66586881291402
2006-11-16,57.35926203148682,43.76358464418565,47.34074646949908,28.67963101574341
2006-11-17,68.52834398007907,27.360827458989395,42.87507749213675,34.264171990039536
2006-11-18,93.61405194315779,47.9524010246101,49.86924139301917,46.807025971578895
2006-11-19,40.06684688908852,38.573644054888604,43.15182459641865,20.03342344454426
2006-11-20,57.62920996476705,53.00215348472983,51.2720361495503,28.814604982383525
2006-11-21,82.2402622293222,54.454348181160604,50.79108055636708,41.1201311146611
2006-11-22,68.98758840257683,36.13220157732923,45.69926127366038,34.493794201288416
2006-11-23,78.32870373247329,50.95439730073312,50.206830266611156,39.16435186623664
2006-11-24,64.87921764040146,54.3025095021129,51.511074998238115,32.43960882020073
2006-11-25,99.90143335776793,51.68067226890757,50.00165658222239,49.950716678883964
2006-11-26,5.7580131033838295,25.548722310483953,26.95663008379105,2.8790065516919148
2006-11-27,15.06952515357795,25.892104420752194,29.52504980906525,7.534762576788975
2006-11-28,85.54782561869987,30.92477679531091,47.243215478836106,42.77391280934994
2006-11-29,8.713167348464397,20.45244648665863,23.026974271653135,4.356583674232199
2006-11-30,3.4382067742330755,19.330631944354828,20.385108234458496,1.7191033871165378
2006-12-01,3.3581299141465117,17.886184103079845,18.96460776128826,1.6790649570732559
2006-12-02,4.046665296112402,18.905360659640312,20.16365663877796,2.023332648056201
2006-12-03,53.93137326023649,27.371381009155737,39.575305980744716,26.965686630118245
2006-12-04,90.760299827214,45.0356518229517,49.54130911290757,45.380149913607
2006-12-05,61.0596240685683,23.424272433952016,39.651311779267786,30.52981203428415
2006-12-06,98.66372938346039,95.49116826774093,50.60788511468242,49.331864691730196
2006-12-07,78.6980336263973,64.28112965340179,53.04216143653826,39.34901681319865
2006-12-08,89.81264224754749,52.146690518783544,50.218691042986464,44.90632112377374
2006-12-09,99.45211624772321,75.62547384382108,50.14039780763423,49.726058123861606
2006-12-10,49.2751368517562,73.9801259507647,62.16388607130189,24.6375684258781
2006-12-11,3.726656476374028,71.17546811631719,70.38633116235793,1.863328238187014
2006-12-12,63.06458167462845,58.368932474837344,53.09110021894905,31.532290837314225
2006-12-13,5.472960204015941,65.22649430880735,64.39315433481957,2.7364801020079703
2006-12-14,1.6452956838506814,57.477849197165376,57.35481646707955,0.8226478419253407
2006-12-15,1.5256711935583696,56.2426842308398,56.14744139582507,0.7628355967791848
2006-12-16,8.364478995365525,57.95016813044385,57.28517798707663,4.182239497682763
2006-12-17,72.02302508889275,73.80275222562918,56.6592900183173,36.011512544446376
2006-12-18,90.70204759567493,95.91723093371347,54.269362277600706,45.35102379783746
2006-12-19,60.52072296601014,66.1048816995352,56.35809086215584,30.26036148300507
2006-12-20,11.070760426983602,64.2896334985629,62.70766240804301,5.535380213491801
2006-12-21,4.5623981144026,55.65381058586738,55.39586123830587,2.2811990572013
2006-12-22,5.546118319405911,56.21244533756049,55.867895768610964,2.7730591597029557
2006-12-23,4.69558643949526,52.808636191289715,52.676754251156765,2.34779321974763
2006-12-24,2.551530066560751,51.11022549757155,51.08189776019438,1.2757650332803756
2006-12-25,5.086540757737793,49.92517557485724,49.92898154973887,2.5432703788688964
2006-12-26,4.241585984324574,48.058964115776824,48.14129482179275,2.120792992162287
2006-12-27,7.4732608384188435,49.85974156541878,49.87022344408292,3.7366304192094217
2006-12-28,8.715659198039745,49.920836764498475,49.92773636231493,4.3578295990198725
2006-12-29,26.168637487312647,50.00140566313564,50.00103782024539,13.084318743656324
2006-12-30,12.239440041361526,48.39907159638576,48.595016268451246,6.119720020680763
2006-12-31,59.6688015359448,61.106512921484054,54.47938976879967,29.8344007679724
2007-01-01,90.20966856835196,91.44845382630399,54.05794100288877,45.10483428417598
2007-01-02,79.31017333733953,48.5988422170142,49.71010288342986,39.65508666866977
2007-01-03,53.0274563477251,35.71040700010154,43.28781469039028,26.51372817386255
2007-01-04,91.70092172865021,71.90088831220682,51.817571863150945,45.85046086432511
2007-01-05,27.2381470190897,51.28412814757562,50.93435543482546,13.61907350954485
2007-01-06,30.108140526653287,49.25086849372013,49.4764180603603,15.054070263326643
2007-01-07,31.12269243696084,46.72881713304618,47.746897315778774,15.56134621848042
2007-01-08,69.96174394555455,85.3697238971755,60.62444822998396,34.98087197277727
2007-01-09,80.00982043520688,44.860394254088675,48.9725835824699,40.00491021760344
2007-01-10,23.32648069818049,57.844954235174114,56.01500249972513,11.663240349090245
2007-01-11,10.607796736828995,51.114857490514076,50.99659567401503,5.303898368414497
2007-01-12,45.713100386861235,36.36558161927943,42.59829698082289,22.856550193430618
2007-01-13,6.344993718136416,46.25059036654833,46.48849017225805,3.172496859068208
2007-01-14,25.55233137391651,48.51381907095918,48.89357294676364,12.776165686958254
2007-01-15,5.6558008560018775,44.450656605899994,44.76451641708598,2.8279004280009388
2007-01-16,14.480067255498241,52.701049545132385,52.30993575439289,7.240033627749121
2007-01-17,28.27091603702912,61.87567986668827,58.518316382750456,14.13545801851456
2007-01-18,100.0,-1.0,50.0,50.0
2007-01-19,65.82935510149932,59.75916770299372,53.33477054083915,32.91467755074966
2007-01-20,68.48561961344228,45.44510054051211,48.56455165811172,34.24280980672114
2007-01-21,69.8606603918253,52.655028499529024,50.80020805616687,34.93033019591265
2007-01-22,99.64244010302363,99.18934568616096,50.17588137375879,49.821220051511816
2007-01-23,100.0,-1.0,50.0,50.0
2007-01-24,94.93712827819287,75.83442408376963,51.3079637514289,47.468564139096436
2007-01-25,75.96099060815948,93.43158801982331,60.44052352311081,37.98049530407974
2007-01-26,76.75669627130726,97.4645175094501,61.03232196808004,38.37834813565363
2007-01-27,76.68769003417766,62.83595757354837,52.992358216627046,38.34384501708883
2007-01-28,8.196843853820598,77.43144457211099,75.18293189368771,4.098421926910299
2007-01-29,9.64363198488576,67.55948209505647,65.86611026335731,4.82181599244288
2007-01-30,12.852325441354193,70.19497678053615,67.59945264189574,6.426162720677096
2007-01-31,4.381006570367725,65.05573786156856,64.39614499663591,2.1905032851838624
2007-02-01,41.232212743981734,66.62678708183785,59.7711948597656,20.616106371990867
2007-02-02,13.133556844956976,59.48164611413823,58.236368731900235,6.566778422478488
2007-02-03,15.790981386109019,54.39474838906884,53.70077448898465,7.8954906930545095
2007-02-04,9.391761547103126,59.58408866419308,58.68397391038912,4.695880773551563
2007-02-05,13.658907229293346,60.21125321291948,58.816507609618576,6.829453614646673
2007-02-06,98.88115942028986,84.159881569208,50.38219461697723,49.44057971014493
2007-02-07,86.40249863304227,93.63461889965271,55.93321790134708,43.201249316521135
2007-02-08,98.79624836953145,90.48847609219126,50.48738069111162,49.39812418476573
2007-02-09,18.687724192905538,67.41416988338132,64.15985784509101,9.343862096452769
2007-02-10,62.84690339042424,68.0318448595211,56.69938874114669,31.42345169521212
2007-02-11,91.10559248067041,45.4905339636262,49.59890971377916,45.552796240335205
2007-02-12,69.8709034273078,52.82613929492691,50.85149023744733,34.9354517136539
2007-02-13,67.64117961754911,53.33444406707978,51.07898676641963,33.82058980877456
2007-02-14,74.0912247245743,76.6610930212092,56.9075626768373,37.04561236228715
2007-02-15,31.84768103339138,61.63092036945115,57.92674194894061,15.92384051669569
2007-02-16,4.3556814500386265,59.820261508865336,59.3925221999784,2.1778407250193133
2007-02-17,41.28127235591129,58.668874967334574,55.09025308187577,20.640636177955646
2007-02-18,12.57669284864491,60.47936616507068,59.161408470004915,6.288346424322455
2007-02-19,5.363573306529658,55.489917686894195,55.19546192728949,2.681786653264829
2007-02-20,8.165494442056387,58.69718094884916,57.98701312185529,4.082747221028193
2007-02-21,9.594394790178423,56.127024233375444,55.539173339535495,4.797197395089212
2007-02-22,51.34792610000601,57.856725657302924,53.822459972910806,25.673963050003007
2007-02-23,87.51991711991712,54.91433125249037,50.61331261331261,43.75995855995856
2007-02-24,92.88853086378847,60.74371742232317,50.76403614857029,46.44426543189424
2007-02-25,100.0,-1.0,50.0,50.0
2007-02-26,69.85587707259633,48.40342491661222,49.51872644423529,34.927938536298164
2007-02-27,30.91921196171057,54.4737016050043,53.090468323218566,15.459605980855285
2007-02-28,83.83858471609388,53.33264971287941,50.53860336005634,41.91929235804694
2007-03-01,77.7126992841826,46.85655322432209,49.299410564263,38.8563496420913
2007-03-02,51.0862305704318,43.51598212241229,46.82842244558476,25.5431152852159
2007-03-03,87.43800522889899,27.1517390372215,47.12980265256825,43.719002614449494
2007-03-04,5.516283242444002,56.57695477773505,56.21415132346772,2.758141621222001
2007-03-05,40.15643775176247,63.609124768516914,58.14418505228773,20.078218875881234
2007-03-06,83.17416254065589,61.00960354592465,51.85245799755547,41.58708127032794
2007-03-07,99.21073172953689,82.24029380902414,50.25446240933871,49.605365864768444
2007-03-08,96.20534142816322,74.29335370511842,50.92184982875791,48.10267071408161
2007-03-09,5.897744192276304,58.73209225961921,58.21709579551331,2.948872096138152
2007-03-10,88.99755957091539,32.16027415315671,48.037194790989055,44.49877978545769
2007-03-11,20.390566296220953,60.158580338332534,58.08718827968997,10.195283148110477
2007-03-12,4.2804005009377,55.47411838476677,55.239804194003284,2.14020025046885
2007-03-13,2.811311703172668,53.367650892555694,53.27297572889128,1.405655851586334
2007-03-14,1.2035581290538309,52.0214675821011,51.99713804469053,0.6017790645269154
2007-03-15,3.783709696846355,52.72793200350515,52.62471497576515,1.8918548484231774
2007-03-16,4.4479562742577565,50.69589331664233,50.6649402862026,2.2239781371288783
2007-03-17,22.066190682813303,52.14833916293492,51.67428254672814,11.033095341406652
2007-03-18,9.485978882671125,52.42996850274483,52.199462203718895,4.742989441335562
2007-03-19,100.0,-1.0,50.0,50.0
2007-03-20,99.91635212442829,100.0,50.04182393778586,49.95817606221414
2007-03-21,76.05924562559849,59.82719512406282,52.35270464654504,38.029622812799246
2007-03-22,55.6001326947399,55.16589226925681,52.29364931268271,27.80006634736995
2007-03-23,62.14392756984647,62.41451622617542,54.69964825443413,31.071963784923234
2007-03-24,97.22100860346417,73.95127039713881,50.66560374369752,48.610504301732085
2007-03-25,85.34190619018817,86.16810807755357,55.30155521124194,42.670953095094085
2007-03-26,52.810897243128565,68.95510580789768,58.944744357362545,26.405448621564283
2007-03-27,70.39407947925952,69.47680932108447,55.766288687576434,35.19703973962976
2007-03-28,86.90387655031975,74.08174886899302,53.1537755607253,43.451938275159876
2007-03-29,35.99968452098039,54.23339105844506,52.709383632865446,17.999842260490194
2007-03-30,90.08522933214586,69.97702109880927,51.98067582821577,45.04261466607293
2007-03-31,98.18015794464897,97.2010467629992,50.85898449955897,49.090078972324484
2007-04-01,82.20180596823187,63.08179468672146,52.32832320118022,41.10090298411593
2007-04-02,71.32169886218769,68.18047112736629,55.21385025817913,35.660849431093844
2007-04-03,63.24158691722091,49.329392787447404,49.75349543064701,31.620793458610454
2007-04-04,94.72845038224843,39.16254222641213,49.42869803616244,47.36422519112421
2007-04-05,6.997186257306906,57.44201987634777,56.92128788429392,3.498593128653453
2007-04-06,1.8991232259967024,55.871064981911246,55.75956622322641,0.9495616129983512
2007-04-07,15.595627394188547,52.58670523785979,52.18329232717722,7.7978136970942735
2007-04-08,63.45595263023679,54.31228157763355,51.57588222244798,31.727976315118394
2007-04-09,11.720341464326282,53.35155516770125,52.95874145768139,5.860170732163141
2007-04-10,3.393635557475406,50.56601988916071,50.54681123693977,1.696817778737703
2007-04-11,7.352699921711303,49.76756383589155,49.784654169547984,3.6763499608556516
2007-04-12,16.09744144563202,43.67887496844388,44.696414369103806,8.04872072281601
2007-04-13,43.05171176180143,43.06068101755549,46.04817662410947,21.525855880900714
2007-04-14,6.930115297713982,43.266654022514025,43.73328266214779,3.465057648856991
2007-04-15,2.8573386750073206,42.10189870846776,42.32757421126196,1.4286693375036603
2007-04-16,14.344834173608978,41.11707736875916,42.39131788998065,7.172417086804489
2007-04-17,11.148144225637575,39.49545068911601,40.66651299654658,5.574072112818787
2007-04-18,89.7496032518843,15.14471663028539,46.427195166924264,44.87480162594215
2007-04-19,11.478334184764776,38.84260877521002,40.12329142629304,5.739167092382388
2007-04-20,5.123668307270575,36.660187629416576,37.34367536809752,2.5618341536352873
2007-04-21,6.100078504346815,35.46723287550041,36.35374307894879,3.0500392521734074
2007-04-22,11.664188650408665,36.80655951969572,38.345467306797794,5.8320943252043325
2007-04-23,14.802370638635429,33.52401797814154,35.96285390337197,7.401185319317714
2007-04-24,93.63260200552534,18.190984193065766,47.97459336544714,46.81630100276267
2007-04-25,14.330267876238311,35.51024266338333,37.58666370433739,7.165133938119156
2007-04-26,27.893896516714662,28.900585670930106,34.78603446951373,13.946948258357331
2007-04-27,76.75512420815231,29.661039621177665,45.272233922589635,38.377562104076155
2007-04-28,11.630669299759324,25.575132650615434,28.41590819892724,5.815334649879662
2007-04-29,31.39243395795721,27.96502254902257,34.882338292971426,15.696216978978605
2007-04-30,85.43690326002067,21.069701280227594,45.78685261027454,42.718451630010335
2007-05-01,59.3360083776582,21.93619451697128,38.588136489470905,29.6680041888291
2007-05-02,84.5529381545804,26.342680130345574,46.34563916876574,42.2764690772902
2007-05-03,96.93778457855973,31.989992562039355,49.44849477483223,48.468892289279864
2007-05-04,100.0,-1.0,50.0,50.0
2007-05-05,82.40941038009515,24.30885211143177,45.48077560627911,41.20470519004758
2007-05-06,91.60103573278094,18.926651210970256,47.39016053858104,45.80051786639047
2007-05-07,50.41862567999452,12.794686030752755,31.55309401397424,25.20931283999726
2007-05-08,52.48180905523244,17.577011554461368,34.59318244044903,26.24090452761622
2007-05-09,75.97433149759875,14.656555722345876,41.50850124051992,37.98716574879938
2007-05-10,28.369755362660488,17.153460183554277,26.4719431745788,14.184877681330244
2007-05-11,53.70244769531679,20.844664065265018,36.50179309600997,26.851223847658396
2007-05-12,54.54157101589928,23.228305148920448,37.83000810828185,27.27078550794964
2007-05-13,63.21713938504099,27.46390334383862,41.71057897891172,31.608569692520494
2007-05-14,74.9205724174378,12.683039698542292,40.64111996518243,37.4602862087189
2007-05-15,97.13683390903142,26.746709098799364,49.334219659882535,48.56841695451571
2007-05-16,18.601676526347045,32.79558783389072,35.99589693328987,9.300838263173523
2007-05-17,97.82528115830388,46.305465625595126,49.91965426484688,48.91264057915194
2007-05-18,16.700190348085826,22.383477532793748,26.99548935233908,8.350095174042913
2007-05-19,0.9350142266713742,22.308108380085034,22.567031506365655,0.4675071133356871
2007-05-20,6.207697212247585,22.627095562754505,24.32632258841659,3.1038486061237927
2007-05-21,15.27763356273908,18.908392100341448,23.65845402401492,7.63881678136954
2007-05-22,72.32212455427481,24.41445017864232,42.91846338834066,36.161062277137404
2007-05-23,40.995793270477975,21.22823678379234,33.02344935218026,20.497896635238988
2007-05-24,55.45722285595769,16.069807182801508,34.886549828891425,27.728611427978844
2007-05-25,54.777363374999474,19.5966277085665,36.25079342689894,27.388681687499737
2007-05-26,61.31622286475208,14.136501825707898,36.12664429335313,30.65811143237604
2007-05-27,79.87494896616327,22.230918152984305,44.4114581066602,39.93747448308164
2007-05-28,97.38721520376532,28.720874940561103,49.44402225567522,48.69360760188266
2007-05-29,96.61820945029598,94.85091532480254,51.51676401590992,48.30910472514799
2007-05-30,64.78118234528065,38.49442105573056,45.94787113149796,32.39059117264033
2007-05-31,92.67921870792685,27.257808963331826,48.335093933180055,46.339609353963425
2007-06-01,99.84554545642766,84.71849865951742,50.05362429863972,49.92277272821383
2007-06-02,99.0763726559928,55.25666890831652,50.04855203142113,49.5381863279964
2007-06-03,68.04631059608826,14.395074703359867,38.62291275821681,34.02315529804413
2007-06-04,68.97265982989629,18.22403988158484,40.14076476174284,34.48632991494814
2007-06-05,91.8665559258423,23.356846367363566,47.83299399969761,45.93327796292115
2007-06-06,95.25648565370088,15.082725804339283,48.34369408919223,47.62824282685044
2007-06-07,74.67440954346871,28.27542185633153,44.49812231092542,37.337204771734356
2007-06-08,83.58241740024204,23.374902178577738,45.62880257290164,41.79120870012102
2007-06-09,69.14762198888202,17.422120106683863,39.948949347306105,34.57381099444101
2007-06-10,24.33398108240531,15.944180278165721,24.23131700673493,12.166990541202654
2007-06-11,95.94527151977768,24.994892747701737,48.986110794730926,47.97263575988884
2007-06-12,88.71592994023632,23.710337486924445,47.03345606354913,44.35796497011816
2007-06-13,91.1503435020432,22.830462460213443,47.595589255645464,45.5751717510216
2007-06-14,58.242709079025175,20.348036950353553,37.61814352557917,29.121354539512588
2007-06-15,84.05335300162429,17.057295050019487,44.746743129910165,42.026676500812144
2007-06-16,72.79069767441861,17.688955924250042,41.208390332877336,36.395348837209305
2007-06-17,32.94276130617803,15.50038227837914,26.865508995956596,16.471380653089014
2007-06-18,80.1292678276871,17.412841931816995,43.52469309770311,40.06463391384355
2007-06-19,11.421374087019004,14.801537992638266,18.82168601137631,5.710687043509502
2007-06-20,2.265137607057709,10.516373465020855,11.410731938294886,1.1325688035288546
2007-06-21,77.92415599920407,22.37766177188568,43.90213570338927,38.96207799960204
2007-06-22,57.31520156623957,15.506644316497825,35.27658065345705,28.657600783119786
2007-06-23,71.54947390245167,19.611000991080278,41.35416990618359,35.77473695122583
2007-06-24,22.352415955480804,13.36888242325702,21.556822193151852,11.176207977740402
2007-06-25,52.29832603870646,13.2694105624769,32.47889398245141,26.14916301935323
2007-06-26,59.527852591813925,11.97233606557377,34.60938779656941,29.763926295906963
2007-06-27,85.05534520327764,18.893709026901913,45.351272194006484,42.52767260163882
2007-06-28,63.12039092999293,17.4979199928043,38.0133599537253,31.560195464996465
2007-06-29,59.89572320003317,13.15630314653323,35.22410183054502,29.947861600016584
2007-06-30,78.12046564461433,12.969787689596696,41.897961975673056,39.060232822307164
2007-07-01,30.61032571464159,12.033255848045068,23.654999896203112,15.305162857320795
2007-07-02,99.1168784915912,67.29191090269636,50.1527085843966,49.5584392457956
2007-07-03,72.71741901254474,10.989653757919205,39.356970693017594,36.35870950627237
2007-07-04,79.88473362778325,17.784094420070446,43.519684778375336,39.942366813891624
2007-07-05,90.68562160415445,12.931993061424189,46.54734556994276,45.342810802077224
2007-07-06,69.77781279219474,8.79031926132232,37.54553313941796,34.88890639609737
2007-07-07,22.550332226948058,8.804839284613507,18.094484887358355,11.275166113474029
2007-07-08,40.110696282522476,14.397640878502472,28.677995015139285,20.055348141261238
2007-07-09,97.44085113079633,10.923213852253419,48.99996686917881,48.720425565398166
2007-07-10,49.62377157841671,10.447072776990742,30.074727034714254,24.811885789208354
2007-07-11,80.35678019140462,17.962568311776,43.70681687245357,40.17839009570231
2007-07-13,12.83952001561465,12.077977149064713,16.94698286333651,6.419760007807325
2007-07-14,0.3426841096339926,6.951023563957377,7.098545565563779,0.1713420548169963
2007-07-15,0.548503401925681,7.326078466997041,7.560146378340658,0.2742517009628405
2007-07-16,0.0,5.270110012897491,5.270110012897491,0.0
2007-07-17,0.0031153359682152657,6.1947270257584,6.196091707183342,0.0015576679841076328
2007-07-18,4.187764019788244,7.151217989569379,8.945623865519691,2.093882009894122
2007-07-19,1.2369857921091272,6.790428505037463,7.324924765261385,0.6184928960545636
2007-07-20,31.63049342241773,10.682852807283764,23.119060463958167,15.815246711208864
2007-07-21,8.741402511961722,11.11930329985914,14.518021497873471,4.370701255980861
2007-07-22,48.484194895745624,11.02648126826676,29.922478047890234,24.242097447872812
2007-07-23,25.10084056292181,11.962360375841904,21.510127651800598,12.550420281460905
2007-07-24,73.6044503328834,15.322922721631347,40.8467948438838,36.8022251664417
2007-07-25,1.3301241449201926,5.239840127628496,5.835205821395789,0.6650620724600963
2007-07-26,9.527725685899473,11.491289886443717,15.160294151241589,4.763862842949736
2007-07-27,37.90388011263304,12.398204863443308,26.650744212201637,18.95194005631652
2007-07-28,41.30173168616352,17.42340960265252,30.87810556106549,20.65086584308176
2007-07-29,63.328335894261656,15.177440513887634,37.229987952231944,31.664167947130828
2007-07-30,34.885501568699055,7.238571724478578,22.156110456333728,17.442750784349528
2007-07-31,9.829387251695849,7.578803390462769,11.748547082017453,4.914693625847924
2007-08-01,0.9337700342063888,5.506999054493463,5.922461364641767,0.4668850171031944
2007-08-02,4.905696422008251,5.915607981517955,8.078254423432721,2.4528482110041256
2007-08-03,78.17118985799452,14.174648529090685,42.17975204470903,39.08559492899726
2007-08-04,7.089836572062149,6.516594297309558,9.599496697597063,3.5449182860310744
2007-08-05,1.1312799850464184,5.741288076917421,6.241978026542607,0.5656399925232092
2007-08-06,1.4359621922826897,8.059000158036138,8.661257058832081,0.7179810961413449
2007-08-07,63.53010916944582,12.207805493512472,36.217227921013304,31.76505458472291
2007-08-08,99.42514692300365,32.88904899135447,49.90163717162346,49.712573461501826
2007-08-09,73.36508548416849,14.585635359116022,40.56741425157569,36.682542742084244
2007-08-10,84.63656535980888,16.599463271883806,44.86853037030284,42.31828267990444
2007-08-11,81.16402730403716,6.873789825734907,41.87675882677188,40.58201365201858
2007-08-12,43.921022770882644,15.134869199810606,30.44799123765981,21.960511385441322
2007-08-13,55.869325737568545,14.29578789018428,34.24349045584962,27.934662868784272
2007-08-14,74.78322142087374,18.4785824649068,42.051313935173674,37.39161071043687
2007-08-15,16.201228664973915,8.055724854196706,14.851212782434118,8.100614332486957
2007-08-16,39.22634509888541,18.58476265909215,30.907812072070577,19.613172549442705
2007-08-17,91.42923997920985,24.851413384875574,47.84457499259713,45.71461998960493
2007-08-18,57.15020490783296,10.446352512971425,33.05134310033018,28.57510245391648
2007-08-19,73.51247720112751,18.155355759524873,41.565142596584316,36.756238600563755
2007-08-20,99.09521936271972,21.69336384439359,49.74388703699869,49.54760968135986
2007-08-21,99.1057785875484,41.3290113452188,49.9224621627777,49.5528892937742
2007-08-22,54.47900392347257,13.23804227932798,33.26559066831822,27.239501961736284
2007-08-23,60.48696748297853,11.028732737270705,34.60127049418243,30.243483741489264
2007-08-24,50.54383327284982,8.689672522956936,29.569495567421843,25.27191663642491
2007-08-25,4.242550098639809,6.483778625954198,8.329976118783096,2.1212750493199044
2007-08-26,13.11246372238438,8.043217000088402,13.544784950031346,6.55623186119219
2007-08-27,46.59751011528627,12.938540283182268,30.208257723599154,23.298755057643135
2007-08-28,66.27038930984286,15.357470013586875,38.3152095023619,33.13519465492143
2007-08-29,91.25720179097307,21.323668751184385,47.492886225163915,45.628600895486535
2007-08-30,95.84652693358295,15.302153968887117,48.558834310470864,47.923263466791475
2007-08-31,35.23366270070176,10.07077156706639,24.13930123211892,17.61683135035088
2007-09-01,61.244436886398425,14.01510084173012,36.053849695350834,30.622218443199213
2007-09-02,52.61662217299224,12.926003913654451,32.43308835883681,26.30831108649612
2007-09-03,23.97544514497703,12.673944861936388,21.623032736346705,11.987722572488515
2007-09-04,72.08968338507322,14.763251880397094,40.165312035014566,36.04484169253661
2007-09-05,75.7819172312004,13.105478947863972,41.06485435444151,37.8909586156002
2007-09-06,90.61380364413554,44.61188826618419,49.49426125279068,45.30690182206777
2007-09-07,37.13851247624659,9.407455076481362,24.482922437328334,18.569256238123295
2007-09-08,26.60454498287849,8.755117967742665,19.728131161149737,13.302272491439245
2007-09-09,37.56744305730792,8.988383108141795,24.395398930871902,18.78372152865396
2007-09-10,9.398873289740624,15.364781488645843,18.62010179015281,4.699436644870312
2007-09-11,32.41135016684098,6.644315289508669,20.69647807825755,16.20567508342049
2007-09-12,3.1073546055842254,13.432439151942251,14.568722938104187,1.5536773027921127
2007-09-13,7.504625755124672,14.40060169957679,17.072203313099767,3.752312877562336
2007-09-14,26.586003042004986,11.697136202783524,21.880336737086523,13.293001521002493
2007-09-15,30.923076284448797,11.306916175401275,23.27200800328766,15.461538142224398
2007-09-16,13.728376809848816,18.745562415008965,23.036289376475548,6.864188404924408
2007-09-17,76.65478641463116,20.38953080455074,43.08737272269252,38.32739320731558
2007-09-18,92.07509893700959,40.404515522107246,49.2395673486124,46.03754946850479
2007-09-19,19.384043679544934,17.38004063669303,23.70310780792626,9.692021839772467
2007-09-20,11.711900658263596,11.937841187857064,16.39564341632577,5.855950329131798
2007-09-21,0.38214787876773926,8.815196112157015,8.97258296658906,0.19107393938386963
2007-09-22,0.7223350654421447,8.337377828357209,8.638321557485659,0.3611675327210723
2007-09-23,3.840873926542819,8.924841958398396,10.502486993904528,1.9204369632714096
2007-09-24,1.2675263609345178,7.9203005557588995,8.453671838816671,0.6337631804672589
2007-09-25,53.22146913506016,14.4939676798837,33.39079971221888,26.61073456753008
2007-09-26,97.88314215909561,86.48278560250391,50.77228870760694,48.941571079547806
2007-09-27,95.66368052880733,39.8901623686724,49.56160514228677,47.83184026440367
2007-09-28,98.2611144355662,77.32793522267207,50.475201520644866,49.1305572177831
2007-09-29,84.30714992936653,42.791145840208024,48.86872532489322,42.153574964683266
2007-09-30,45.41235125034738,30.133655504646413,39.15542964748043,22.70617562517369
2007-10-01,38.52566150628831,16.545847254564478,29.434280901067623,19.262830753144154
2007-10-02,23.93340724224268,17.551645364403797,25.317642222748166,11.96670362112134
2007-10-03,3.3037099497600155,15.037093358420215,16.19216638386339,1.6518549748800078
2007-10-04,100.0,-1.0,50.0,50.0
2007-10-05,28.823329168102358,12.739388460360743,23.479137174478897,14.411664584051179
2007-10-06,65.3204006666722,33.66369184604257,44.334633786349805,32.6602003333361
2007-10-07,2.3078121268133627,8.302383376950273,9.264686029969159,1.1539060634066813
2007-10-08,0.21038858543271927,7.36934338168112,7.459033417101082,0.10519429271635963
2007-10-09,24.66095520020925,11.557516174185228,21.037799888317096,12.330477600104626
2007-10-10,53.55617729347666,15.509480471924764,33.981284259821926,26.77808864673833
2007-10-11,21.57132983106502,9.310954437669377,18.088122661032042,10.78566491553251
2007-10-12,38.41157286774102,9.945397159035405,25.33100011617679,19.20578643387051
2007-10-13,7.548635062095486,7.266369151227532,10.492174992784424,3.774317531047743
2007-10-14,2.6813955468605597,7.2794669990097995,8.424973468493446,1.3406977734302798
2007-10-15,0.09802903487092152,6.470028148634771,6.5127001599202465,0.04901451743546076
2007-10-16,0.1327133122459703,6.069668295726318,6.127969694011702,0.06635665612298515
2007-10-17,2.3726603077293693,7.18780179620593,8.203589829853778,1.1863301538646847
2007-10-18,82.38328438880127,28.54218625005882,46.219837975292165,41.191642194400636
2007-10-19,36.69371070487415,9.295556750095054,24.231527400244847,18.346855352437075
2007-10-20,66.96458195089582,13.148578243675852,37.825978765759785,33.48229097544791
2007-10-21,46.204447247282964,16.002113202890612,31.710648873252,23.102223623641482
2007-10-22,82.22983880159063,29.527485598339435,46.362001189457345,41.114919400795316
2007-10-23,83.7201785917769,37.582244168140804,47.978411527664115,41.86008929588845
2007-10-24,95.97353790725845,88.88203229455928,51.56557029122796,47.98676895362922
2007-10-25,20.952645800215,35.74335251617239,38.730497366444055,10.4763229001075
2007-10-26,79.71843825427574,70.29481469374413,54.11610537329204,39.85921912713787
2007-10-27,60.24607164783381,30.989001815639543,42.442381402757725,30.123035823916904
2007-10-28,61.956697500279866,34.68729394968149,44.17454091638438,30.978348750139933
2007-10-29,29.980927397513295,27.668340338251596,34.363579008100146,14.990463698756647
2007-10-30,80.0009944806325,100.0,59.99950275968375,40.00049724031625
2007-10-31,31.51090303890563,25.40677134148189,33.15631977820389,15.755451519452816
2007-11-01,3.84686475226839,21.46242002997931,22.560222134996437,1.923432376134195
2007-11-02,10.363757163026326,16.986083701624185,20.407565816792626,5.181878581513163
2007-11-03,1.0737524637115283,16.43751351510227,16.79789154061671,0.5368762318557642
2007-11-04,22.56860624653622,11.808857983819516,20.428066446506744,11.28430312326811
2007-11-05,21.261138590741243,17.8773188239605,24.706966587860208,10.630569295370622
2007-11-06,56.651364733398026,17.01464123941129,35.701297139492254,28.325682366699013
2007-11-07,92.56491098691215,13.771871169062743,47.306406373643675,46.28245549345608
2007-11-08,33.21768145654962,15.688815143492798,27.08619523309525,16.60884072827481
2007-11-09,65.32976476027191,14.449128471910786,37.67442921143795,32.66488238013596
2007-11-10,78.8103118465202,9.08815273417251,41.3309071465432,39.4051559232601
2007-11-11,54.571536366237005,43.8210143009683,47.19298172877997,27.285768183118503
2007-11-12,58.848757341473934,27.37063317676941,40.68773434648439,29.424378670736967
2007-11-13,29.00871247182663,50.05569149542628,50.03953610964681,14.504356235913315
2007-11-14,61.279934640929454,29.461631973266357,42.04753047636229,30.639967320464727
2007-11-15,33.250822172194496,40.11146996745425,43.39948750402009,16.625411086097248
2007-11-16,7.562021910117026,53.810213731370105,53.522084534181616,3.781010955058513
2007-11-17,21.66824015188455,63.808686254357426,60.816586954942984,10.834120075942275
2007-11-18,63.399535349306646,95.49099104200405,66.64991409557878,31.699767674653323
2007-11-19,87.86627001226425,49.66023561550282,49.95877390699062,43.933135006132126
2007-11-20,97.23901736019083,92.85285735713215,51.1831599522926,48.619508680095414
2007-11-21,99.65651818341806,83.6045810729355,50.11542562552407,49.82825909170903
2007-11-22,92.75527088005731,95.24068145437916,53.277564823385916,46.377635440028655
2007-11-23,80.07959378580115,84.51786679978368,56.87609928299299,40.039796892900576
2007-11-24,81.92421395439413,99.98510062806584,59.03519984420997,40.96210697719707
2007-11-25,83.31945083315722,83.1896551724138,55.53621674934006,41.65972541657861
2007-11-26,55.9199717889147,36.20924136827591,43.92102970461334,27.95998589445735
2007-11-27,6.792709816997969,52.89072837355597,52.69436958354269,3.3963549084989846
2007-11-28,8.49788134273667,59.829242117252534,58.99396478523812,4.248940671368335
2007-11-29,2.818609635441545,54.74610101251864,54.61232695207201,1.4093048177207725
2007-11-30,40.46070308885196,44.68157028105452,46.833444338626315,20.23035154442598
2007-12-01,30.82742336405549,50.21806947027416,50.150844271444996,15.413711682027746
2007-12-02,32.82586728140815,43.93906164571859,45.928617225902975,16.412933640704075
2007-12-03,41.07002131913164,57.91425896860197,54.66387112294585,20.53501065956582
2007-12-04,65.9418622249589,35.72424288540557,45.1379429734812,32.97093111247945
2007-12-05,49.55462665770944,54.83982342351229,52.44146699509841,24.77731332885472
2007-12-06,20.117570622289847,50.27076468937417,50.2162934117691,10.058785311144923
2007-12-07,99.82981366459627,100.0,50.085093167701864,49.914906832298136
2007-12-08,39.07069298589626,40.68063861379395,44.321777689244676,19.53534649294813
2007-12-09,99.87225672877847,100.0,50.06387163561077,49.93612836438923
2007-12-10,40.40412422463332,53.02955407804505,51.805489284899274,20.20206211231666
2007-12-11,67.53546198553944,34.11083931046376,44.84165738776678,33.76773099276972
2007-12-12,79.88655174056895,58.88036256888294,51.78614713054215,39.943275870284474
2007-12-13,18.63175784338342,48.07276418202777,48.431842092703306,9.31587892169171
2007-12-14,22.81230802437364,50.83258271379213,50.64265138056419,11.40615401218682
2007-12-15,5.56318153594398,53.22659383576103,53.04709256325006,2.78159076797199
2007-12-16,50.46305128609229,77.88098876028215,63.81139110311133,25.231525643046144
2007-12-17,17.753712704268807,51.49200419038483,51.22711805288825,8.876856352134403
2007-12-18,7.569546545723376,55.26503211659482,54.86649305988188,3.784773272861688
2007-12-19,2.3750334884706206,51.158224360897144,51.130716144454205,1.1875167442353103
2007-12-20,1.3711404224740757,50.061381989702994,50.06054035643005,0.6855702112370379
2007-12-21,2.6566095415313304,51.2943651274524,51.25997889997424,1.3283047707656652
2007-12-22,10.161464788966331,55.25432737861385,54.720410752138996,5.0807323944831655
2007-12-23,50.54623338440772,87.33759019273259,68.46484471380025,25.27311669220386
2007-12-24,11.016528736920545,52.474614700963166,52.20199806130349,5.508264368460273
2007-12-25,19.571540382703002,51.64981531051323,51.32692104077612,9.785770191351501
2007-12-26,41.98602982820464,45.15256952614584,47.187813130799725,20.99301491410232
2007-12-27,1.4450885059595882,48.90703530824913,48.92282961538382,0.7225442529797941
2007-12-28,9.747629746217768,51.93074887840792,51.74254662641145,4.873814873108884
2007-12-29,1.9503188919879295,48.47835296111158,48.5080299307804,0.9751594459939648
2007-12-30,96.8802609100792,100.0,51.5598695449604,48.4401304550396
2007-12-31,39.92642146019995,37.89095556361501,42.72566368008898,19.963210730099973
2008-01-01,30.864914894765022,54.981929736090095,53.4442613629289,15.432457447382511
2008-01-02,34.5887682963258,60.65158376780708,56.967332138471235,17.2943841481629
2008-01-03,90.28298409042898,95.33664400349538,54.40536891068521,45.14149204521449
2008-01-04,86.9695419592802,83.10208363133552,54.31335311818515,43.4847709796401
2008-01-05,98.19466703108759,99.4609473563482,50.89293478936057,49.097333515543795
2008-01-06,70.38977932251557,90.54730892454916,62.00614765134035,35.19488966125778
2008-01-07,50.70024409515771,71.58944631874742,60.64354433634944,25.350122047578854
2008-01-08,14.956808051701623,69.42086016570566,66.51611938873168,7.4784040258508115
2008-01-09,84.92500207176597,95.19130339178716,56.81258805005387,42.46250103588299
2008-01-10,6.221483827423291,65.11414695936594,64.173822750636,3.1107419137116454
2008-01-11,73.22186308635837,74.29860262143885,56.50671307807061,36.610931543179184
2008-01-12,99.04981582287523,99.1937241229026,50.46743098275422,49.524907911437616
2008-01-13,93.13139596042424,98.57401266204403,53.33635659588919,46.56569798021212
2008-01-14,95.94988091539815,97.4278993659235,51.92088640364503,47.97494045769908
2008-01-15,93.31226481716574,88.82110674139906,52.59625281391019,46.65613240858287
2008-01-16,93.36435379897165,72.84359006366246,51.51581981623791,46.682176899485825
2008-01-17,92.67231380995776,95.60781210254092,53.341997349018314,46.33615690497888
2008-01-18,26.532912393441805,79.76149106227169,71.86490071173712,13.266456196720902
2008-01-19,97.36540142417451,98.55345911949685,51.27918874247628,48.682700712087254
2008-01-20,46.58761774347484,73.99480261190116,62.81619569276733,23.29380887173742
2008-01-21,20.15319993192959,75.16095075959402,70.09021404823868,10.076599965964794
2008-01-22,60.3714470552132,68.48507997634982,57.32536970531397,30.1857235276066
2008-01-23,2.5350106023505856,67.45026007317422,67.0078941301815,1.2675053011752928
2008-01-24,10.541452525567149,71.71444488289501,69.42542698437418,5.270726262783574
2008-01-25,26.00382250463287,74.97805510762112,68.48280599232594,13.001911252316434
2008-01-26,65.6087813185652,79.13285499990963,60.01914387116424,32.8043906592826
2008-01-27,51.467272368980574,56.16299595245524,52.991070039515854,25.733636184490287
2008-01-28,40.98865246167535,76.74439039478123,65.78222516287067,20.494326230837675
2008-01-29,5.660655516450204,64.13832721093975,63.33800521173991,2.830327758225102
2008-01-30,83.35342463483542,84.61595888962162,55.76237168493525,41.67671231741771
2008-01-31,51.234142677516935,60.77718068834059,55.25558455786237,25.617071338758468
2008-02-01,98.14882295699704,95.26898557208366,50.838009068510736,49.07441147849852
2008-02-02,99.97619047619047,100.0,50.01190476190476,49.988095238095234
2008-02-03,56.60851190019473,78.43119450205982,62.33671837899377,28.304255950097364
2008-02-04,99.84926943295906,100.0,50.07536528352047,49.92463471647953
2008-02-05,64.19991664610465,85.71445119514412,62.78580329724787,32.09995832305233
2008-02-06,41.53595584879041,60.25444931419345,55.99516577451347,20.767977924395204
2008-02-07,33.92218010245685,59.69579361191705,56.40676904052005,16.961090051228425
2008-02-08,1.9427657674495877,65.49669084555514,65.1956264407202,0.9713828837247939
2008-02-09,8.204775718963953,67.86472118538627,66.39896087930708,4.1023878594819765
2008-02-10,3.0569227254792017,66.17745978021037,65.68292733578386,1.5284613627396009
2008-02-11,3.7757282622013904,63.96873152012984,63.44131017625326,1.8878641311006952
2008-02-12,3.3303498559831874,63.39043273527187,62.94448447795723,1.6651749279915937
2008-02-13,0.9516135061827878,61.4871381962442,61.377825037694855,0.4758067530913939
2008-02-14,3.57445465268894,62.82725557594397,62.36875114219734,1.78722732634447
2008-02-15,2.2829694178043787,61.913505862550444,61.64152416712009,1.1414847089021893
2008-02-16,9.559388325368387,67.69907746409363,66.00715391929316,4.779694162684193
2008-02-17,4.424909246475773,63.11848541014348,62.53800433623247,2.2124546232378863
2008-02-18,8.633732943206667,64.64474279337328,63.38035481037394,4.316866471603333
2008-02-19,3.5191377126124066,61.69728670907193,61.285643081140584,1.7595688563062033
2008-02-20,28.93074320818546,73.01807944911852,66.35877799223793,14.46537160409273
2008-02-21,57.01035929931657,49.37080071577749,49.72950948842147,28.505179649658285
2008-02-22,80.0402110041351,49.22271721860494,49.84485599693236,40.02010550206755
2008-02-23,81.07135159332825,55.43341399056201,51.028471830752395,40.53567579666412
2008-02-24,2.6053781484681333,59.61096812301289,59.36056605967968,1.3026890742340667
2008-02-25,60.4280679933665,69.92430393671913,57.8844320066335,30.21403399668325
2008-02-26,4.133498094516153,58.76620985177708,58.40385873459258,2.0667490472580763
2008-02-27,62.13946718583807,54.26168101465466,51.61349513898824,31.069733592919036
2008-02-28,9.407396331738436,59.238577283855534,58.36946770334929,4.703698165869218
2008-02-29,83.30577896006066,55.810374782824525,50.96999680949362,41.65288948003033
2008-03-01,94.35252208311327,52.58178084201261,50.145805502915074,47.176261041556636
2008-03-02,44.63522162633168,40.82574823597304,44.92069584340411,22.31761081316584
2008-03-03,16.494528604674823,54.97234203885788,54.152177658936196,8.247264302337411
2008-03-04,94.18153655642551,67.41049184995373,51.013023103636066,47.09076827821276
2008-03-05,72.34180167293759,52.085535043734396,50.57682141857644,36.170900836468796
2008-03-06,56.64305796296143,84.57683368880133,64.99145774069682,28.321528981480714
2008-03-07,99.96376811594203,100.0,50.018115942028984,49.981884057971016
2008-03-08,97.04472264504571,42.69096005606167,49.783997597672226,48.522361322522855
2008-03-09,80.61791932904039,77.76008038653953,55.38048117484233,40.308959664520195
2008-03-10,83.46730420226562,74.32520488208316,54.02161212533044,41.73365210113281
2008-03-11,50.65416878363386,73.06652994498913,61.3823709341269,25.32708439181693
2008-03-12,66.27578444196156,53.51465978240826,51.18529144115105,33.13789222098078
2008-03-13,30.072540451261364,55.702403807636045,53.987546115890424,15.036270225630682
2008-03-14,71.06614034142034,35.80851109566564,45.89385451695699,35.53307017071017
2008-03-15,12.199759620873543,62.05410338370751,60.58353174644361,6.0998798104367715
2008-03-16,98.47774593761905,94.8993471164309,50.683482135462384,49.238872968809524
2008-03-17,68.51638396059391,40.02370526454417,46.859101670529604,34.25819198029696
2008-03-18,52.24421319818008,49.23638763803428,49.63533090842731,26.12210659909004
2008-03-19,18.339038572119545,58.455988896176194,56.90524183085229,9.169519286059773
2008-03-20,59.93185485041662,40.657105444307,46.2564754482524,29.96592742520831
2008-03-21,99.9944099378882,100.0,50.0027950310559,49.9972049689441
2008-03-22,38.3054449312146,69.53364145827867,62.05119318641683,19.1527224656073
2008-03-23,99.71655082312067,100.0,50.141724588439665,49.858275411560335
2008-03-24,68.9373585093415,73.85924516968666,57.41131178943702,34.46867925467075
2008-03-25,82.79673084616198,50.60423870742316,50.10394881116967,41.39836542308099
2008-03-26,56.16124456684031,49.936849872990194,49.972315770264444,28.080622283420155
2008-03-27,98.90800444749041,99.01403109594236,50.535231039673356,49.454002223745206
2008-03-28,70.02726377442596,70.9509843254984,56.279583268543,35.01363188721298
2008-03-29,40.607521617180886,63.0306756180882,57.739241199608315,20.303760808590443
2008-03-30,14.50231101771988,64.94989824218845,62.78181750227364,7.25115550885994
2008-03-31,47.363203066342,62.02961596961172,56.33200452982341,23.681601533171
2008-04-01,47.56720756384641,50.02492936679408,50.01307116314679,23.783603781923205
2008-04-02,86.3225103201313,23.666308086241116,46.39821200616721,43.16125516006565
2008-04-03,80.74779988768911,42.52117663520218,48.56016195976286,40.373899943844556
2008-04-04,38.109611263585236,45.56515676639562,47.25525828287166,19.054805631792618
2008-04-05,63.690151648647806,50.234661368229936,50.08520518694349,31.845075824323903
2008-04-06,96.7992662267616,63.25118054207904,50.42413501096312,48.3996331133808
2008-04-07,80.82183830616327,67.17571277262607,53.2939859676032,40.410919153081636
2008-04-08,99.79212863179644,76.69322709163346,50.05548757637306,49.89606431589822
2008-04-09,97.96693841798901,96.81197799959259,50.95171634048915,48.98346920899451
2008-04-10,93.29655103854064,79.60268174375135,51.98440066191562,46.64827551927032
2008-04-11,97.11748908265297,94.85669132964586,51.2929990247377,48.55874454132648
2008-04-12,95.50235132599877,29.668508287292816,49.08556093257875,47.75117566299939
2008-04-13,89.35765600788844,89.76914392494257,54.23236909921033,44.67882800394422
2008-04-14,75.42234140437843,62.48619296958658,53.068813879655494,37.711170702189214
2008-04-15,99.8759811259423,94.82470784641069,50.05559109797076,49.93799056297115
2008-04-16,71.99366432534187,56.87625843894351,51.925788020267525,35.996832162670934
2008-04-17,88.16167758933527,67.50358680057388,52.07213103888249,44.080838794667635
2008-04-18,92.67439548696538,62.96893110564555,50.95005260236752,46.33719774348269
2008-04-19,85.73198422169186,50.61420066792508,50.08763424821002,42.86599211084593
2008-04-20,51.21482182198379,50.36420926405491,50.17768013841003,25.607410910991895
2008-04-21,99.82443064182195,98.46698113207547,50.085093167701864,49.912215320910974
2008-04-22,97.20826007087044,25.704747774480712,49.321739742737435,48.60413003543522
2008-04-23,78.30627315447923,32.35530085959885,46.172207165767425,39.153136577239614
2008-04-24,94.36413790818271,26.038068641140587,48.64953859407876,47.182068954091356
2008-04-25,94.137651083994,31.950823147035962,48.941894276412256,47.068825541997
2008-04-26,47.33748063084835,54.06024988577101,52.13822988253012,23.668740315424174
2008-04-27,29.892748040908483,58.860444739147944,56.21181431797051,14.946374020454241
2008-04-28,37.6433172586883,46.61644122924705,47.89012499195576,18.82165862934415
2008-04-29,99.66455738139412,89.81481481481481,50.1335558574079,49.83227869069706
2008-04-30,84.59393675750138,58.940192545581674,51.37733171757346,42.29696837875069
2008-05-01,88.28854208526839,52.96614666242173,50.34737901805874,44.144271042634195
2008-05-02,64.13657832644277,41.1406602300977,46.822737620826786,32.06828916322139
2008-05-03,50.97767535826663,45.38023127403816,47.73528197746171,25.488837679133315
2008-05-04,78.30630802426785,26.48551036202597,44.89883904827246,39.153154012133925
2008-05-05,39.69311574436131,50.345347101354555,50.2082680766941,19.846557872180654
2008-05-06,15.791025499938746,51.3458001075062,51.13328446935169,7.895512749969373
2008-05-07,18.67119291579723,50.6106589602459,50.496641647720786,9.335596457898616
2008-05-08,34.509107893507704,53.85817437223839,52.52675281540298,17.254553946753852
2008-05-09,21.520869281737898,47.10861225029766,47.73086402833928,10.760434640868949
2008-05-10,45.18902660374423,52.70181281459335,51.48088990302339,22.594513301872116
2008-05-11,63.44098508193118,48.848553601815084,49.57904253951401,31.72049254096559
2008-05-12,29.35103489796342,40.96130281597019,43.61425398077602,14.67551744898171
2008-05-13,36.99590894655893,40.63081672118942,44.097031236054406,18.497954473279464
2008-05-14,48.36939154108892,37.72542210754348,43.66256074836171,24.18469577054446
2008-05-15,91.70284781545956,30.5654724753464,48.38748767493309,45.85142390772978
2008-05-16,90.20813006109043,28.998476770754,47.94355816020235,45.104065030545215
2008-05-17,100.0,-1.0,50.0,50.0
2008-05-18,99.85444833226362,100.0,50.0727758338682,49.92722416613181
2008-05-19,95.56353649519383,19.07096171802054,48.627844504232456,47.781768247596915
2008-05-20,98.35320475920305,28.44209732176537,49.6449854846792,49.176602379601526
2008-05-21,88.33068546892056,28.14313861227967,47.44945409804486,44.16534273446028
2008-05-22,99.08236365895068,50.11281588447653,50.00103523955444,49.54118182947534
2008-05-23,59.626220165944645,40.65366795763434,46.22653247865552,29.813110082972322
2008-05-24,91.00440769523935,41.768362882799906,49.25951548492933,45.502203847619676
2008-05-25,95.22936691872277,34.23634627073022,49.24797392037347,47.61468345936139
2008-05-26,99.44947670265738,25.272658894321175,49.86387022639986,49.72473835132869
2008-05-27,14.326407819802386,27.26380481090329,30.52108485639958,7.163203909901193
2008-05-28,49.30379339750067,29.316935417860357,39.51447084771012,24.651896698750335
2008-05-29,50.91210304131108,19.977866667793045,35.262766125086046,25.45605152065554
2008-05-30,89.94347801773328,31.763978992894653,48.16609053872967,44.97173900886664
2008-05-31,93.28773963109295,23.3008210383357,48.20788159173264,46.64386981554647
2008-06-01,33.46568973390344,22.42902021219845,31.655838764581347,16.73284486695172
2008-06-02,88.42650721232539,36.24125029091104,48.40763209474439,44.213253606162695
2008-06-03,53.185080070454525,16.96845613195423,34.536309186681684,26.592540035227263
2008-06-04,99.97929606625259,52.0,50.00041407867495,49.989648033126294
2008-06-05,99.99399585921324,100.0,50.00300207039338,49.99699792960662
2008-06-06,95.39168216441,47.56426388639223,49.88775353824871,47.695841082205
2008-06-07,95.86442811824439,38.974564390146206,49.54403518507782,47.932214059122195
2008-06-08,77.0545354301005,17.784683203555492,42.60804589839095,38.52726771505025
2008-06-09,83.43648920541314,19.209117293835067,44.899948819215794,41.71824460270657
2008-06-10,44.52807472755579,20.625963567782783,33.705656460819924,22.264037363777895
2008-06-11,91.59195983230319,23.051340165549863,47.734145856463456,45.795979916151595
2008-06-12,82.75093152513149,21.467188889155874,45.0783558736856,41.375465762565746
2008-06-13,71.56197841614745,16.82585047900961,40.56592819896124,35.78098920807373
2008-06-14,99.51032256595117,32.21987315010571,49.912934731070806,49.755161282975585
2008-06-15,99.97701834805402,74.77477477477478,50.005693652509144,49.98850917402701
2008-06-16,99.6869513366681,41.732804232804234,49.974119654155764,49.84347566833405
2008-06-17,99.56126911036391,26.663520528551203,49.897615656005165,49.780634555181955
2008-06-18,71.03456139987145,20.685138394806348,41.50882176103497,35.517280699935725
2008-06-19,18.05949787893197,18.15783672011008,23.908371522247855,9.029748939465986
2008-06-20,49.90616102146579,19.056371788025185,34.49914870937705,24.953080510732896
2008-06-21,14.39750128756791,20.997816593886462,25.173406323204468,7.198750643783955
2008-06-22,7.47911392799367,19.58336887185035,21.85826336698225,3.739556963996835
2008-06-23,10.84385390339282,21.727362090090427,24.793205639676273,5.42192695169641
2008-06-24,21.190773209678458,13.797144964180363,21.468809870249558,10.595386604839229
2008-06-25,0.5925307480467047,13.89183124721869,14.10578324963551,0.29626537402335235
2008-06-26,13.387213329900074,16.856790762798013,21.293742887757393,6.693606664950037
2008-06-27,65.3024081125845,21.969113122442273,40.273957268801915,32.65120405629225
2008-06-28,16.707570793207836,15.432957412226909,21.2082705236974,8.353785396603918
2008-06-29,21.25345124660065,18.13776922468563,24.90959290859646,10.626725623300326
2008-06-30,42.30261711018254,13.147135290246718,28.73686154254723,21.15130855509127
2008-07-01,39.45252505126481,15.273973776673236,28.974267971740016,19.726262525632404
2008-07-02,52.51586483307437,20.08361985731324,35.79446561599532,26.257932416537184
2008-07-03,54.81890730509515,12.977838572267919,33.27298292767906,27.409453652547576
2008-07-04,61.14470824415575,18.19977155545118,37.643928458845586,30.572354122077876
2008-07-05,24.699408880691003,10.225556865900298,20.04960920560951,12.349704440345501
2008-07-06,95.4091543549663,18.58985925658607,48.55800892158203,47.70457717748315
2008-07-07,89.32965476101707,22.573569376504388,47.07350516574288,44.664827380508534
2008-07-08,62.09655675893164,15.059423493619908,36.756318415802156,31.04827837946582
2008-07-09,22.730726433269115,13.637181860436376,21.90271457516774,11.365363216634558
2008-07-10,6.252544132917964,11.300992037997846,13.72066458982347,3.126272066458982
2008-07-11,28.61095658383082,19.741452252116037,28.398712211160838,14.30547829191541
2008-07-12,71.53928424857708,15.53043820232902,40.1897159960038,35.76964212428854
2008-07-13,88.11484153467264,18.553502962704776,46.26253399532299,44.05742076733632
2008-07-14,96.51988253956421,43.141922047009814,49.76133083170769,48.259941269782104
2008-07-15,7.002088688278846,11.153628908927324,13.873686264902146,3.501044344139423
2008-07-16,0.8224367388306444,8.204407625812504,8.548149932709721,0.4112183694153222
2008-07-17,99.91407636230375,92.04819277108433,50.03612933681445,49.95703818115187
2008-07-18,89.71227180338262,24.087164924576562,47.33415795940271,44.85613590169131
2008-07-19,17.214367596484525,12.451459476815941,18.9152032695918,8.607183798242263
2008-07-20,94.45898489265836,30.194319880418536,48.90256427246223,47.22949244632918
2008-07-21,49.86881158855166,11.543744673104452,30.721422186086357,24.93440579427583
2008-07-22,59.811353617623034,12.532181755330948,34.94219101845823,29.905676808811517
2008-07-23,47.30808083950955,8.483483779027884,28.12415083459347,23.654040419754775
2008-07-24,17.220696227367004,8.968947277337607,16.034780225598098,8.610348113683502
2008-07-25,22.006090257870735,9.070948373600753,18.07783241619668,11.003045128935367
2008-07-26,89.50230011951093,17.18327644377799,46.554998850458055,44.75115005975547
2008-07-27,82.26366540831506,17.910587245774096,44.308514385403676,41.13183270415753
2008-07-28,30.8652612434549,13.431213268747392,24.71826482691038,15.43263062172745
2008-07-29,60.81380663330589,15.093910254714036,36.321632175660454,30.406903316652944
2008-07-30,19.2674187347154,9.460404645086967,17.271338235477295,9.6337093673577
2008-07-31,28.817186445955063,12.295117819100078,23.160604016397695,14.408593222977531
2008-08-01,53.985779956332145,8.61046522107464,30.95492839177485,26.992889978166072
2008-08-02,16.206760516589842,11.121876277675218,17.422760682695902,8.103380258294921
2008-08-03,22.671104043050576,17.857152445720022,25.144290857149976,11.335552021525288
2008-08-04,89.98224875358079,13.679596394012075,46.361512315056665,44.991124376790395
2008-08-05,68.33967950618,15.723797489901337,39.148044432191995,34.16983975309
2008-08-06,10.877185695892345,12.566583248283864,16.638285500685303,5.438592847946173
2008-08-07,7.094556707025815,10.315212507460618,13.13067226018151,3.5472783535129073
2008-08-08,56.904938645345624,18.033757060787728,36.2241279925686,28.452469322672812
2008-08-09,49.389631621314344,10.005165119863575,29.758466734715896,24.694815810657172
2008-08-10,11.896887139336485,8.756062269940095,13.66280699350354,5.9484435696682425
2008-08-11,19.78774456284845,7.5112887991822905,15.918846439646476,9.893872281424224
2008-08-12,91.47058945388405,18.769582007626358,47.33622943416239,45.73529472694202
2008-08-13,72.85032226766978,20.9231826511912,42.10573779498013,36.42516113383489
2008-08-14,38.83862159969625,13.22930271214614,27.510534691345473,19.419310799848127
2008-08-15,96.1133677035024,17.34171818375613,48.73069267144866,48.0566838517512
2008-08-16,39.15137805080525,7.768261861640625,24.302569317615806,19.575689025402625
2008-08-17,55.60718679143908,16.358249686910035,35.06548062341952,27.80359339571954
2008-08-18,11.322768683170557,9.93866783445233,14.474719806953896,5.661384341585278
2008-08-19,1.0897354686360965,6.682680799418788,7.154724990809836,0.5448677343180482
2008-08-20,63.26682950497431,16.47926121610332,37.68676987131903,31.633414752487155
2008-08-21,34.80537430891069,14.59608644580902,26.918551078348358,17.402687154455347
2008-08-22,23.018903179595775,13.743861096952193,22.089626607704524,11.509451589797887
2008-08-23,93.60459936810483,42.541060610968934,49.52297094318123,46.802299684052414
2008-08-24,1.4361698813472374,6.5338598406149515,7.158107454168215,0.7180849406736187
2008-08-25,27.56366474778027,9.224252567865003,20.463542888460317,13.781832373890134
2008-08-26,45.25197056296462,12.447734828411026,29.440874809584884,22.62598528148231
2008-08-27,21.58196922080564,11.475665860205092,19.789975796775945,10.79098461040282
2008-08-28,15.571838800032392,10.818534394774444,16.919809058310303,7.785919400016196
2008-08-29,28.975211482745166,6.290635053751502,18.955515984691885,14.487605741372583
2008-08-30,3.4664434896195675,6.669190838118144,8.171228851309676,1.7332217448097837
2008-08-31,14.452297700223415,16.96933069260791,21.74302135328854,7.2261488501117075
2008-09-01,63.947021350719154,18.92453079794546,38.796367723419436,31.973510675359577
2008-09-02,48.51146202251947,16.537720719196024,32.770761624372646,24.255731011259734
2008-09-03,59.621680007795284,11.477084852281246,34.44509405132862,29.810840003897642
2008-09-04,92.25869529643033,20.699989296799743,47.731796893286734,46.129347648215166
2008-09-05,71.82270953508528,15.245706212194799,40.20718169038032,35.91135476754264
2008-09-06,58.22803707313028,15.826309676266492,35.72497874722677,29.11401853656514
2008-09-07,96.0843435870461,57.425428390099434,50.29075426294622,48.04217179352305
2008-09-08,20.71405289480623,10.225478464201268,18.46439389378271,10.357026447403115
2008-09-09,0.34434846902006067,4.968415963120348,5.123481533326825,0.17217423451003033
2008-09-10,34.20102654323805,7.449985023095962,22.00252693949868,17.100513271619025
2008-09-11,2.8288701755843295,5.877374640157465,7.125546429646859,1.4144350877921648
2008-09-12,71.17955881834781,15.037539913126025,39.92366475500387,35.58977940917391
2008-09-13,99.95465838509317,100.0,50.022670807453416,49.977329192546584
2008-09-14,99.39727354794896,68.39574029543112,50.110875992811174,49.69863677397448
2008-09-15,89.68904759044504,15.180185609256359,46.40974550907506,44.84452379522252
2008-09-16,44.09688357287227,13.874742015471647,29.80485496930886,22.048441786436136
2008-09-17,5.060318027292117,14.05360002099903,15.872602179298944,2.5301590136460583
2008-09-18,31.957528821358405,12.457504901228432,24.45515859267542,15.978764410679203
2008-09-19,36.04139999875527,9.55371246744232,24.131120741698115,18.020699999377634
2008-09-20,15.442789911709815,7.3166420339881855,13.908143331942446,7.721394955854907
2008-09-21,91.0280068013263,23.129659980148194,47.5891949209584,45.51400340066315
2008-09-22,65.10919838224619,13.204855373129003,37.161879083272844,32.554599191123096
2008-09-23,72.5616795832962,33.077498356965336,45.356749776662184,36.2808397916481
2008-09-24,39.448044873590696,17.32055710917366,30.21195840518628,19.724022436795348
2008-09-25,96.35834679256222,16.335929948257235,48.774071313206605,48.17917339628111
2008-09-26,63.231091478462844,13.15258099449508,36.4516062133184,31.615545739231422
2008-09-27,33.98677354044276,15.468880606864305,27.204893955989245,16.99338677022138
2008-09-28,2.5814785662513735,11.631565819684187,12.622038724255308,1.2907392831256868
2008-09-29,3.820329260669196,8.635566649679987,10.215824200472271,1.910164630334598
2008-09-30,71.2674672624846,20.972826361387032,41.65975783151009,35.6337336312423
2008-10-01,68.27021939934662,21.243638406710787,40.87566955771878,34.13510969967331
2008-10-02,93.82741104136942,27.84245311504009,48.632305707475574,46.91370552068471
2008-10-03,95.81338424836818,59.999010733541084,50.41862015837779,47.90669212418409
2008-10-04,53.25579176208968,37.87615881990086,44.33280643234093,26.62789588104484
2008-10-05,2.616636482961437,46.44666099377901,46.5396389585791,1.3083182414807184
2008-10-06,12.813852813852813,34.42925897613588,36.42447081296002,6.406926406926407
2008-10-07,17.636728237448153,24.076902525947546,28.648888778174964,8.818364118724077
2008-10-08,59.20548200827277,23.497362188316377,39.18837664963042,29.602741004136384
2008-10-09,11.164662470694992,17.76876021196474,21.367269344419228,5.582331235347496
2008-10-10,13.287384201334449,18.00427241942514,22.25566767106845,6.6436921006672245
2008-10-11,1.850094186990772,12.996290582990005,13.680894059885066,0.925047093495386
2008-10-12,1.4592082144325786,12.087432661422898,12.640655958329699,0.7296041072162893
2008-10-13,32.39051132755923,22.986265633392158,31.73615232340503,16.195255663779616
2008-10-14,51.71820165431873,13.894115524396216,32.567429666564344,25.859100827159367
2008-10-15,37.87650243065425,10.96100408795789,25.74761032348554,18.938251215327124
2008-10-16,98.40245998384859,28.865845755022683,49.66237342886133,49.20122999192429
2008-10-17,28.385678796092407,14.727583608647771,24.739898429117265,14.192839398046203
2008-10-18,37.7260129612573,17.313528296795727,29.644830848124272,18.86300648062865
2008-10-19,0.8043730646136081,8.457769775135045,8.791924285503631,0.40218653230680407
2008-10-20,0.2540031984049513,7.097510343204926,7.206484039128538,0.12700159920247564
2008-10-21,6.392849577811097,8.803471516614383,11.43710361383733,3.1964247889055484
2008-10-22,38.00146030218299,10.829402121181705,25.71480132422857,19.000730151091496
2008-10-23,71.89568369191977,22.5296413525458,42.279643514755406,35.947841845959886
2008-10-24,9.717160768385796,12.03077383074393,15.720304580122555,4.858580384192898
2008-10-25,16.333130603187914,9.596572316043575,16.19571692782876,8.166565301593957
2008-10-26,0.2953320096699426,6.684650155185702,6.812574248377959,0.1476660048349713
2008-10-27,92.48978222790912,23.880020952223415,48.03833269148747,46.24489111395456
2008-10-28,91.18301352157486,31.463340146122583,48.36562520713197,45.59150676078743
2008-10-29,98.84143260637285,93.26184092940125,50.50121758289089,49.420716303186424
2008-10-30,82.30051452715514,55.98730887208186,51.05972286402848,41.15025726357757
2008-10-31,94.55095883659916,91.36994109823294,52.25426511971739,47.27547941829958
2008-11-01,48.391340252389234,40.94922204800386,45.32901480224254,24.195670126194617
2008-11-02,87.7867735105594,51.29509948603125,50.15817343349258,43.8933867552797
2008-11-03,77.3848866530055,23.75032066551838,44.06360526528439,38.69244332650275
2008-11-04,100.0,-1.0,50.0,50.0
2008-11-05,57.43623785174199,27.388454321709677,40.37567547944779,28.718118925870996
2008-11-06,46.85802127222599,30.343451851157855,39.554121364127646,23.429010636112995
2008-11-07,95.66927014312219,37.89624671288549,49.4758191425921,47.834635071561095
2008-11-08,79.9045937567348,29.8482067358261,45.9504152782613,39.9522968783674
2008-11-09,49.24083536116073,35.06606561196006,42.419659656918576,24.620417680580363
2008-11-10,5.480470502234553,25.093927556037947,26.458897509594458,2.7402352511172765
2008-11-11,26.841131113933088,27.398348157560353,33.464887162504255,13.420565556966544
2008-11-12,93.27978697411304,99.86442766908027,53.35099576350151,46.63989348705652
2008-11-13,99.43477792776751,100.0,50.28261103611624,49.71738896388376
2008-11-14,54.897951565876305,79.22682213598661,63.181895475527874,27.448975782938152
2008-11-15,2.4525084785890963,53.658095201597625,53.56838010662358,1.2262542392945481
2008-11-16,9.26113980383728,51.038922697010825,50.94270661358685,4.63056990191864
2008-11-17,15.282668637775526,44.988101044314114,45.75405295417172,7.641334318887763
2008-11-18,100.0,-1.0,50.0,50.0
2008-11-19,29.23786934606629,37.3390771901631,41.04086125930952,14.618934673033145
2008-11-20,72.26710873957416,64.7057504931556,54.078329793296376,36.13355436978708
2008-11-21,94.96013968198737,18.78929848354087,48.4270242392986,47.480069840993686
2008-11-22,97.84209011411804,54.78361001823242,50.10322599348548,48.92104505705902
2008-11-23,19.161677889685063,65.14018955569193,62.239075201142505,9.580838944842531
2008-11-24,84.14050202965785,99.10285206853322,57.78746582718913,42.070251014828926
2008-11-25,33.981814863362594,75.00125664450783,66.50537589805704,16.990907431681297
2008-11-26,4.938451059871088,66.74778171460028,65.9207007110107,2.469225529935544
2008-11-27,3.9547001783997193,62.3304451618623,61.84281302504865,1.9773500891998597
2008-11-28,88.10733451111888,95.93702652339736,55.46313689996624,44.05366725555944
2008-11-29,88.61003021448349,84.65454545454546,53.94714225658082,44.30501510724174
2008-11-30,93.20273348519362,89.61430660492323,52.69268999792918,46.60136674259681
2008-12-01,92.6777904780837,99.53621221119312,53.62714524732465,46.33889523904185
2008-12-02,89.63294297932262,97.55503176061684,54.930057258824384,44.81647148966131
2008-12-03,31.20162721432945,86.70845978870138,75.25482300930875,15.600813607164724
2008-12-04,57.07957447514178,80.07389340996353,62.90784302344864,28.53978723757089
2008-12-05,91.14319383492561,96.83853618613352,54.148398360564066,45.571596917462806
2008-12-06,49.724532472406594,83.64540715322687,66.91538574784717,24.862266236203297
2008-12-07,45.43824998755208,76.7376954432074,64.5885545468125,22.71912499377604
2008-12-08,1.8715888983958997,78.05584714626754,77.53075702572708,0.9357944491979499
2008-12-09,29.79287510269113,86.70431241837018,75.7690424622636,14.896437551345565
2008-12-10,94.23984128759169,97.22811432680209,52.72041434210145,47.119920643795844
2008-12-11,100.0,-1.0,50.0,50.0
2008-12-12,80.2272011666639,99.95180823869589,59.87687055665114,40.11360058333195
2008-12-13,80.65370201182108,97.92362717381992,59.27144771979109,40.32685100591054
2008-12-14,90.83767735949483,82.33951175406872,52.96305040727187,45.41883867974742
2008-12-15,99.70372425444516,94.54926624737946,50.13198867071363,49.85186212722258
2008-12-16,84.89199691774864,88.84090161237249,55.86808461277146,42.44599845887432
2008-12-17,37.877062762738475,85.8872623478943,72.29422146455377,18.938531381369238
2008-12-18,91.60078191976211,83.43236113508048,52.808056921108104,45.80039095988106
2008-12-19,67.53936029168047,78.77263966712191,59.33978289691747,33.76968014584023
2008-12-24,10.991057580709123,73.99463494285048,71.35737080000084,5.4955287903545615
2008-12-25,25.270287656621583,74.43726778444844,68.26189991989939,12.635143828310792
2008-12-26,7.126481655300733,75.80840626243744,73.96917492461937,3.5632408276503664
2008-12-27,13.169652125530448,77.98959434192342,74.30346213574495,6.584826062765224
2008-12-28,45.257621198733986,75.45920223084383,63.9369729249889,22.628810599366993
2008-12-29,24.286852688854854,72.2476668174156,66.84440875076264,12.143426344427427
2008-12-30,3.47616960916456,70.80054822933543,70.07748589324765,1.73808480458228
2008-12-31,12.424648776113454,69.66500667237116,67.22169866152977,6.212324388056727
2009-01-01,56.97519653696885,78.32950258033739,62.18871280724451,28.487598268484426
2009-01-02,12.089641483892935,83.1147177047957,79.11126705588268,6.0448207419464675
2009-01-03,16.36293812988469,79.34744570113847,74.54534131835968,8.181469064942345
2009-01-04,25.09950899212644,69.42203258339799,64.54719776867428,12.54975449606322
2009-01-05,87.23783646089836,89.64347727309608,55.05936540217912,43.61891823044918
2009-01-06,87.28602558578862,99.84033627136317,56.33668760149803,43.64301279289431
2009-01-07,38.06868029874707,81.91962491627595,69.76824495433965,19.034340149373534
2009-01-08,36.13823911866755,80.11775479982333,69.23372855308921,18.069119559333775
2009-01-09,3.43970393999053,73.06462262426311,72.27126789111239,1.719851969995265
2009-01-10,10.680127634220419,75.40023800448118,72.68746016620683,5.3400638171102095
2009-01-11,3.1387256948121935,72.52684817728266,71.81979220531095,1.5693628474060968
2009-01-12,4.560435110366267,73.55240625537184,72.47831405116575,2.2802175551831336
2009-01-13,4.134546693027197,72.80701184310004,71.86404528916283,2.0672733465135984
2009-01-14,89.69627822802738,100.0,55.1518608859863,44.84813911401369
2009-01-15,83.00754745907736,97.45790609492923,58.064262170096484,41.50377372953868
2009-01-16,4.045882685183647,74.99632107891935,73.98499925245444,2.0229413425918237
2009-01-17,26.389393125281362,89.73770020545456,79.2511622792914,13.194696562640681
2009-01-18,99.98633537543556,100.0,50.00683231228222,49.99316768771778
2009-01-19,74.8467808437724,91.51070840197694,60.441279457651845,37.4233904218862
2009-01-20,88.60050500552026,99.7056311667545,55.66619093682874,44.30025250276013
2009-01-21,100.0,-1.0,50.0,50.0
2009-01-22,56.23005116442093,91.9017654918833,68.34038131700164,28.115025582210464
2009-01-23,100.0,-1.0,50.0,50.0
2009-01-24,82.57950134832298,87.5389371061705,56.539470032434316,41.28975067416149
2009-01-25,7.744825051547035,85.69615124915597,82.93154678477322,3.8724125257735174
2009-01-26,36.46899676751414,88.59631361688787,74.5206252515654,18.23449838375707
2009-01-27,88.85678183776618,95.07389162561576,55.02268207805121,44.42839091888309
2009-01-28,78.2248393250305,88.56865654605639,58.39838693308093,39.11241966251525
2009-01-29,22.629727626459147,82.12044159773407,74.85167315175097,11.314863813229573
2009-01-30,17.190448804854906,82.16633488609982,76.63679755510664,8.595224402427453
2009-01-31,31.9667030363877,87.94617948100336,75.81603697265633,15.98335151819385
2009-02-01,76.00674722164085,91.9228909002971,60.058665185704015,38.003373610820425
2009-02-02,92.24497656801695,96.790215765862,53.62859219651802,46.122488284008476
2009-02-03,74.31383679591616,85.36412250066542,59.08368622121305,37.15691839795808
2009-02-04,16.14999657513632,86.06760486675826,80.2426879160431,8.07499828756816
2009-02-05,73.16437913372123,89.55162802189741,60.61392494239727,36.58218956686061
2009-02-06,97.8865670900021,92.35743680188125,50.89519600920253,48.94328354500105
2009-02-07,86.46963056248292,92.9044899958667,55.80513600172332,43.23481528124146
2009-02-08,78.13349804337733,97.27388196932644,60.337144325794256,39.066749021688665
2009-02-09,24.914126078483058,84.25969947923001,75.72419475686524,12.457063039241529
2009-02-10,86.7815353763031,87.95392210641799,55.016925766942336,43.39076768815155
2009-02-11,98.1382868595185,75.01112099644128,50.465635326172475,49.06914342975925
2009-02-12,41.08042833696782,76.51558103582458,65.62286677027204,20.54021416848391
2009-02-13,73.02156782278155,62.60592325125802,53.40088045465286,36.510783911390774
2009-02-14,38.54656217384899,73.02151107629662,64.14750999591242,19.273281086924495
2009-02-15,10.839533956717434,76.64211651349017,73.75423524722218,5.419766978358717
2009-02-16,61.11513215881871,75.76387888872888,60.01825025664424,30.557566079409355
2009-02-17,87.44659868314734,54.89594164149791,50.61460720249613,43.72329934157367
2009-02-18,13.00734176584418,82.44407264291222,78.22396123148985,6.50367088292209
2009-02-19,29.423165513606385,84.12767483843653,74.08623258477795,14.711582756803192
2009-02-20,73.53972047365683,63.890803697321005,53.67554548676675,36.769860236828414
2009-02-21,70.72971550090992,69.6193119857242,55.742628434985555,35.36485775045496
2009-02-22,73.26311122345174,75.62147418015002,56.85038505445874,36.63155561172587
2009-02-23,83.23835141789003,68.4816339651101,53.09782653746363,41.619175708945015
2009-02-24,78.68881002918546,56.89121892386103,51.46860075616875,39.34440501459273
2009-02-25,4.40885134377453,78.90807107183434,77.63355719192447,2.204425671887265
2009-02-26,67.1835717853538,67.52581551773139,55.75134666840764,33.5917858926769
2009-02-27,61.859834643596635,67.26099904356143,56.583373577381536,30.929917321798317
2009-02-28,1.6049210934563332,77.335576235091,76.89686180607619,0.8024605467281666
2009-03-01,80.1377496064297,97.11326874341673,59.357755406413126,40.06887480321485
2009-03-02,86.05931667947573,96.93146695197336,56.54256718545111,43.029658339737864
2009-03-03,97.91043354569943,100.0,51.04478322715028,48.95521677284972
2009-03-04,80.37550864805284,92.40693426803776,58.32214514805698,40.18775432402642
2009-03-05,99.30020703933748,100.0,50.34989648033126,49.65010351966874
2009-03-06,97.14110007702693,93.20634460780764,51.23522615271209,48.57055003851347
2009-03-07,60.981328755706485,74.17762546159773,59.43378819353742,30.490664377853243
2009-03-08,43.030426224339735,78.60664093788684,66.29708141384768,21.515213112169867
2009-03-09,51.70737776303239,68.51255496015389,58.94019823331813,25.853688881516195
2009-03-10,76.21756257472808,51.17016641979612,50.27829409655955,38.10878128736404
2009-03-11,61.019272321595196,59.1941824526686,53.58395922413043,30.509636160797598
2009-03-12,39.524092036808085,73.1198655393006,63.98194860476115,19.762046018404043
2009-03-13,47.792720271537526,62.935100958920984,56.75306434078291,23.896360135768763
2009-03-14,13.685759776803044,80.4629159762289,76.29383447471285,6.842879888401522
2009-03-15,75.0051311182106,60.58824017318746,52.64651674817715,37.5025655591053
2009-03-16,7.321316969152093,73.625996953132,71.89626282907099,3.6606584845760466
2009-03-17,37.552050159029186,70.02900418949403,62.507702489901185,18.776025079514593
2009-03-18,6.398682508135678,74.06381043242884,72.52404360349807,3.199341254067839
2009-03-19,84.83490981424117,55.03832543141729,50.76406659552646,42.417454907120586
2009-03-20,48.50779546977117,60.539586891373695,55.42706563874733,24.253897734885584
2009-03-21,14.787105292111344,69.89780381743547,66.95549461613354,7.393552646055672
2009-03-22,45.82223881216043,59.799200783905434,55.3089875990212,22.911119406080214
2009-03-23,15.634275845749562,73.33986153005841,69.6908431964331,7.817137922874781
2009-03-24,70.87695589000379,58.47407565567062,52.467908791115406,35.43847794500189
2009-03-25,78.25620238894552,55.829822922821805,51.26762489742123,39.12810119447276
2009-03-26,64.76695974297229,49.98116184331363,49.99336274467101,32.383479871486145
2009-03-27,51.56309304307969,60.043675601610005,54.864845806206745,25.781546521539845
2009-03-28,93.06070459582048,82.36681092374273,52.24602862291076,46.53035229791024
2009-03-29,99.99068322981365,100.0,50.00465838509317,49.99534161490683
2009-03-30,83.52350912678018,71.43072762719326,53.5310318815591,41.76175456339009
2009-03-31,80.32399063658774,91.12673980333116,58.092101174569635,40.16199531829387
2009-04-01,59.20800250493002,68.63597313935105,57.601985696186,29.60400125246501
2009-04-02,90.98367446696575,82.66292986607246,52.94499608535176,45.491837233482876
2009-04-03,56.7095309822277,66.08548122729495,56.9634802670617,28.35476549111385
2009-04-04,54.324125268410086,63.510628633720934,56.171097810188684,27.162062634205043
2009-04-05,79.93795307312584,71.20766060305557,54.254690822277205,39.96897653656292
2009-04-06,33.14703549762699,64.51734118406996,59.70527294847467,16.573517748813494
2009-04-07,31.489338735926136,62.88002278470274,58.82418878076323,15.744669367963068
2009-04-08,34.824390517150164,61.59967658864686,57.56015991469003,17.412195258575082
2009-04-09,35.82034720089,66.90393415584626,60.84888625061229,17.910173600445
2009-04-10,23.735655682414887,59.96843107905837,57.60235860119425,11.867827841207443
2009-04-11,49.534263285425034,57.248387534376654,53.65795216915059,24.767131642712517
2009-04-12,39.14736881400644,56.856770886585004,54.17252549888215,19.57368440700322
2009-04-13,44.53750479766808,60.69905585564018,55.93396334062925,22.26875239883404
2009-04-14,41.60244678776108,58.158399658897096,54.76430578207155,20.80122339388054
2009-04-15,36.349390188215565,52.68423438259185,51.7085315532973,18.174695094107783
2009-04-16,96.93078635398872,84.23289704493321,51.05068074752809,48.46539317699436
2009-04-17,64.09211901089607,56.618805964979124,52.376672968804414,32.046059505448035
2009-04-18,91.5834876754217,54.701422734209615,50.39569582385528,45.79174383771085
2009-04-19,88.31761377522068,55.363695995177906,50.62660768207971,44.15880688761034
2009-04-20,97.6521233178796,34.82670429491137,49.64374972823104,48.8260616589398
2009-04-21,97.78760145767765,51.85774450163782,50.041100712274314,48.893800728838826
2009-04-22,20.38443816236815,52.02289986782521,51.61054309518176,10.192219081184074
2009-04-23,74.0367352861911,49.11489232587293,49.77019715156415,37.01836764309555
2009-04-24,73.10949280364513,55.49842351544493,51.47855397110679,36.55474640182256
2009-04-25,46.977178423236516,48.724419924091244,49.32365145228216,23.488589211618258
2009-04-26,99.96418189798673,27.74566473988439,49.99202891949416,49.98209094899337
2009-04-27,98.78258096975293,41.105442176870746,49.891715960404895,49.391290484876464
2009-04-28,99.8165623874219,31.715575620767495,49.96645948844509,49.90828119371095
2009-04-29,91.37353052082858,48.655010087424344,49.88397485569372,45.68676526041429
2009-04-30,94.07991616114127,53.603414497621046,50.21332515932075,47.039958080570635
2009-05-01,30.57857758128626,57.04743737704134,54.892431271210185,15.28928879064313
2009-05-02,65.4293392165482,37.60841140553963,45.7161459413282,32.7146696082741
2009-05-03,37.35912964431144,52.375256775561596,51.48788151739424,18.67956482215572
2009-05-04,99.28154226167183,85.47550432276657,50.254876506017865,49.640771130835915
2009-05-05,71.72291863569285,29.246714408226993,44.13157654744732,35.861459317846425
2009-05-06,91.40630664034585,19.71460939571432,47.39736639869418,45.70315332017292
2009-05-07,3.1674367893671147,48.70365644161253,48.74471730439749,1.5837183946835574
2009-05-08,55.333055380971054,39.52762633627135,45.32231065532455,27.666527690485527
2009-05-09,54.71248491183535,52.60966930907992,51.18185438210077,27.356242455917673
2009-05-10,61.135861156394014,25.922032179736902,40.64230515561418,30.567930578197007
2009-05-11,49.24864677580981,40.21012182160085,45.03150434546273,24.624323387904905
2009-05-12,76.6440567003261,40.12720208632711,47.69411491719117,38.32202835016305
2009-05-13,98.5896129924553,15.120375807398709,49.50806231210713,49.29480649622765
2009-05-14,96.35436296090751,29.281454132348767,49.24467701788754,48.177181480453754
2009-05-15,99.79481721961804,97.0736629667003,50.096587050502706,49.89740860980902
2009-05-16,76.99642357331675,32.49333044920326,45.97283989011559,38.49821178665837
2009-05-17,26.79952668618048,32.90907337768778,37.48936081874987,13.39976334309024
2009-05-18,42.28882460603696,31.711667008259354,39.44558807050454,21.14441230301848
2009-05-19,59.89686829758018,27.04745057877913,40.7953088765448,29.94843414879009
2009-05-20,28.84907618849907,31.426412319758178,36.78472078056882,14.424538094249534
2009-05-21,54.66082442786101,15.832486798634562,34.50873120099915,27.330412213930504
2009-05-22,70.6991331312989,24.176010753068518,42.43334729056892,35.34956656564945
2009-05-23,7.294755201195964,29.974444944645644,31.43526016361447,3.647377600597982
2009-05-24,67.31657153756684,24.864724278582347,41.78493014075514,33.65828576878342
2009-05-25,1.113397950982245,30.398329895954536,30.616574489251274,0.5566989754911225
2009-05-26,17.5299921515865,26.39395564417657,30.532093367052443,8.76499607579325
2009-05-27,50.99477504471716,23.37941693307645,36.95452338364618,25.49738752235858
2009-05-28,43.18647668522775,16.46752943238585,30.949022016049394,21.593238342613876
2009-05-29,34.09327628919882,19.89057069460535,30.155861616794542,17.04663814459941
2009-05-30,30.030365359828476,24.726130407311494,32.315965786562444,15.015182679914238
2009-05-31,90.8793789792427,39.85375601780362,49.07459953854247,45.43968948962135
2009-06-01,70.34626291437954,13.599250622151384,39.20581748229714,35.17313145718977
2009-06-02,68.84507836353801,17.772336844066242,39.9594967985059,34.422539181769004
2009-06-03,92.1605176063193,17.246116453555953,47.432265066129844,46.08025880315965
2009-06-04,57.901036102842795,20.147617475622916,37.43245625862123,28.950518051421398
2009-06-05,80.36573768080208,23.552441353692895,44.80721695836036,40.18286884040104
2009-06-06,96.15085931077043,36.6008500564911,49.48424786751352,48.075429655385214
2009-06-07,74.17926413639266,23.146155822467723,43.06613982569469,37.08963206819633
2009-06-08,95.43724030506775,14.545124387143634,48.382279225648226,47.71862015253387
2009-06-09,96.09712353137316,21.114353940037144,48.872628917114874,48.04856176568658
2009-06-10,89.64426566357898,28.470847084708474,47.770498119210565,44.82213283178949
2009-06-11,52.08581718956376,15.05532691999775,33.25654545793842,26.04290859478188
2009-06-12,8.83527215877122,17.153730180781338,20.055787513313636,4.41763607938561
2009-06-13,4.124252958057671,18.126509351209105,19.441052732128096,2.0621264790288354
2009-06-14,21.71428215550564,14.443380791128247,22.164245411101376,10.85714107775282
2009-06-15,94.5046681733532,13.174758745476478,47.976330797100694,47.2523340866766
2009-06-16,61.10797752109989,21.575161691078065,38.94500549530307,30.553988760549945
2009-06-17,75.07507071879307,23.86883283170095,43.486825062947496,37.537535359396536
2009-06-18,2.8440054495912808,14.943032427695005,15.940054495912806,1.4220027247956404
2009-06-19,77.70890839612397,26.041443937267005,44.65937632109019,38.85445419806199
2009-06-20,64.50315743630689,14.646771517375148,37.45072014433995,32.251578718153446
2009-06-21,88.123556282953,12.076334013641041,45.49601715368918,44.0617781414765
2009-06-22,87.15103126527839,13.411153926769101,45.298710607655146,43.575515632639195
2009-06-23,99.9080709179036,26.351351351351347,49.9782600143691,49.9540354589518
2009-06-24,75.58834806578307,8.266757227151166,39.8122260334304,37.79417403289153
2009-06-25,82.62618100447538,17.490131539718316,44.351794298027514,41.31309050223769
2009-06-26,84.51252339004967,25.186315043016368,46.1569863462204,42.25626169502483
2009-06-27,93.78967929292406,19.074778200253487,48.079444546861176,46.89483964646203
2009-06-28,88.24606614021859,12.722946774762073,45.61847981903002,44.123033070109294
2009-06-29,63.18188510838616,19.142620577782033,38.63889459178658,31.59094255419308
2009-06-30,71.79626477119805,18.023217344635675,40.98135288519158,35.89813238559903
2009-07-01,61.395952612512104,21.915203343306672,39.15813178997049,30.697976306256052
2009-07-02,58.35653093820656,19.427273497078588,37.2684560974092,29.17826546910328
2009-07-03,68.41694951099205,18.634376271943072,40.09377922177552,34.20847475549603
2009-07-04,41.34686618702647,16.77204105532421,30.510760776859403,20.673433093513236
2009-07-05,77.77865289871143,17.96813789501175,42.88208873864444,38.889326449355714
2009-07-06,88.37052202310893,16.130929047432378,46.06120385259354,44.185261011554466
2009-07-07,94.83755529415663,19.728818998716303,48.43726701900297,47.418777647078315
2009-07-08,40.873063627950984,9.90290103766401,26.291813809502074,20.436531813975492
2009-07-09,71.9791116222685,16.136785510911928,40.51122646690083,35.98955581113425
2009-07-10,80.39575687621874,18.48441926345609,43.82160893053636,40.19787843810937
2009-07-11,85.41754269675722,12.822625321382406,44.578625211024,42.70877134837861
2009-07-12,91.4247365281368,22.816425120772944,47.66893683303506,45.7123682640684
2009-07-13,29.596190159988378,11.649272141545554,22.99962648627337,14.798095079994189
2009-07-14,47.835060527866055,26.49403737031927,37.73812882188462,23.917530263933028
2009-07-15,48.88551480379834,8.877310024104599,28.98034871999104,24.44275740189917
2009-07-16,24.229946224396397,18.60805921007579,26.214309582268786,12.114973112198198
2009-07-17,48.7010643681403,13.296812144979683,31.17165528741258,24.35053218407015
2009-07-18,97.8954517407455,34.5336481700118,49.674503161791804,48.94772587037275
2009-07-19,25.280645864248136,13.756860653734195,22.919360361949632,12.640322932124068
2009-07-20,33.299573295256444,17.17976003783636,28.108759899716084,16.649786647628222
2009-07-21,18.746431174353873,11.728568581051729,18.90309613144491,9.373215587176936
2009-07-22,21.19062595362799,12.455911599299327,20.41173893999124,10.595312976813995
2009-07-23,4.555761827039284,8.192730192090544,10.097369830926601,2.277880913519642
2009-07-24,31.060631222339392,16.348843581659906,26.801105178813117,15.530315611169696
2009-07-25,35.00993846038932,10.235290361715034,24.1568907350311,17.50496923019466
2009-07-26,5.510295201802569,9.048551541644963,11.305097241114353,2.7551476009012843
2009-07-27,3.309759429907435,9.3957901156623,10.739691781248572,1.6548797149537176
2009-07-28,27.473521885046686,12.255825001001597,22.625479179681744,13.736760942523343
2009-07-29,1.2093734228611661,9.910315221184613,10.395149214208423,0.6046867114305831
2009-07-30,19.33717369868701,13.885164434996769,20.868752919196638,9.668586849343505
2009-07-31,99.59420289855072,18.418367346938773,49.871842650103524,49.79710144927536
2009-08-01,30.334574342244526,16.3973737987572,26.590587424719736,15.167287171122263
2009-08-02,17.36989497765239,11.81579509339631,18.44835138372496,8.684947488826195
2009-08-03,99.90621079176312,90.06622516556291,50.037577795353194,49.95310539588156
2009-08-04,78.02906409148287,11.473693148048566,41.535409813639106,39.01453204574143
2009-08-05,6.137709629457352,8.684378781744531,11.22021164372752,3.068854814728676
2009-08-06,2.2972058035547396,9.669732610317642,10.596201853382569,1.1486029017773698
2009-08-07,6.360872400430302,12.775980110580559,15.143752518057326,3.180436200215151
2009-08-08,93.5510795837001,16.899508623181426,47.86537565370475,46.77553979185005
2009-08-09,78.96650963739509,17.582460913625518,43.18146004047374,39.483254818697546
2009-08-10,86.57404049217327,15.613905097094872,45.383336822013085,43.287020246086634
2009-08-11,41.67415173283604,10.643307299446603,27.04487513250123,20.83707586641802
2009-08-12,17.449309176658144,12.42748621389398,18.983630309874126,8.724654588329072
2009-08-13,19.108241899715107,15.736013245543107,22.28325871907107,9.554120949857554
2009-08-14,24.822312265435585,12.203863443081035,21.585738483509914,12.411156132717792
2009-08-15,3.007175269721608,10.233708394445811,11.429550481293417,1.503587634860804
2009-08-16,13.775516561104768,9.748226215879042,15.29311597964905,6.887758280552384
2009-08-17,17.50070587453703,11.219852230632952,18.00665182946071,8.750352937268515
2009-08-18,3.413931098360009,8.980020985275905,10.38041480540032,1.7069655491800044
2009-08-19,4.063352156494614,9.802482605740213,11.435849295637167,2.031676078247307
2009-08-20,1.4212044619547948,9.486779732434425,10.062555426558642,0.7106022309773974
2009-08-21,53.20339577167107,10.289424696392164,31.41679923837811,26.601697885835534
2009-08-22,58.49530014577532,17.0447051299986,36.32200377813121,29.24765007288766
2009-08-23,5.681466543997773,7.785210368243511,10.183629517790797,2.8407332719988867
2009-08-24,1.5679905629813005,9.182248216086657,9.82226671207955,0.7839952814906502
2009-08-25,5.6838524511860316,8.326489090680894,10.695149961995506,2.8419262255930158
2009-08-26,83.56209793542104,8.598437106125536,43.19445163829986,41.78104896771052
2009-08-27,12.697990758527594,13.031749769851633,17.72597476766523,6.348995379263797
2009-08-28,22.101714757793832,11.297637509925869,19.851523272009448,11.050857378896916
2009-08-29,91.11666293782783,38.8484678886246,49.00937181495016,45.55833146891391
2009-08-30,5.895998654241941,6.394069601410654,8.96507467088116,2.9479993271209706
2009-08-31,1.5231915993927172,4.875199038289167,5.56253621578063,0.7615957996963586
2009-09-01,0.036968653489487815,5.017961359702978,5.034590613700416,0.018484326744743908
2009-09-02,48.481711883075526,14.849172988033693,31.890895664493485,24.240855941537763
2009-09-03,93.018305309368,17.330051014355202,47.71908390623706,46.509152654684
2009-09-04,97.24587149884883,33.55134566230642,49.54698292282974,48.622935749424414
2009-09-05,4.968570046122185,7.579416154415991,9.687112576757825,2.4842850230610924
2009-09-06,5.017202251553601,6.094753846792828,8.297568845341688,2.5086011257768006
2009-09-07,0.7055094954059847,5.071543759765237,5.3885182846794155,0.35275474770299237
2009-09-08,0.22222729906602226,5.1769392967388885,5.276548373898469,0.11111364953301113
2009-09-09,54.22915280101678,10.587707695374078,31.960659911633048,27.11457640050839
2009-09-10,35.79413424512017,11.402692414577558,25.21826450670562,17.897067122560085
2009-09-11,73.56686974180447,13.605255524807738,40.37972978573501,36.783434870902234
2009-09-12,91.18002825174709,20.360237653523708,47.38578133479149,45.590014125873545
2009-09-13,71.70807253819409,17.19074034720034,40.71762805827437,35.854036269097044
2009-09-14,99.42399867490708,85.69374550682963,50.20559644709463,49.71199933745354
2009-09-15,75.9661873291596,12.776249644313761,41.053713570453084,37.9830936645798
2009-09-16,99.9896480331263,28.000000000000004,49.99772256728778,49.99482401656315
2009-09-17,71.01923108818603,16.08160987788564,40.1701897401025,35.509615544093016
2009-09-18,58.49304671331224,15.34318574697483,35.615012297342695,29.24652335665612
2009-09-19,66.01444887735043,13.126616878996437,37.4683775287609,33.007224438675216
2009-09-20,29.574082069847385,12.086940374395388,23.29937974326187,14.787041034923693
2009-09-21,28.38519232006776,16.383610881632535,25.925687583943468,14.19259616003388
2009-09-22,6.676358802882717,8.492602549494373,11.263785333028723,3.3381794014413586
2009-09-23,5.991447612995143,10.375032585595179,12.74914174989564,2.9957238064975713
2009-09-24,25.263188494873273,11.369496121446511,21.12879313280481,12.631594247436636
2009-09-25,72.956595264938,26.70125371670294,43.699225744412765,36.478297632469
2009-09-26,58.01036673518364,16.56885990910887,35.96238687958782,29.00518336759182
2009-09-27,31.44026584030901,12.185301347800289,24.074343130763626,15.720132920154505
2009-09-28,5.704649201872474,9.978327614231533,12.26142362856229,2.852324600936237
2009-09-29,0.5868963855822029,4.770519542919217,5.035969728939433,0.29344819279110146
2009-09-30,1.8456560521194827,4.4039422625269244,5.2454886616864895,0.9228280260597413
2009-10-01,34.83381139970361,15.656491661676839,27.61964458428981,17.416905699851807
2009-10-02,40.343097380391114,12.371603783101266,27.552064311564127,20.171548690195557
2009-10-03,10.926158164875504,7.742173095167611,12.359330099828911,5.463079082437752
2009-10-04,1.8489290208962414,4.833280083957691,5.66838067627232,0.9244645104481207
2009-10-05,30.377427401046702,10.653130933184702,22.605697518541422,15.188713700523351
2009-10-06,31.878349972090053,8.855164598836978,21.971459223460126,15.939174986045026
2009-10-07,2.2074674663864324,4.711036733896401,5.71077586385934,1.1037337331932162
2009-10-08,47.701510616629434,14.463278628709219,31.41483154643751,23.850755308314717
2009-10-09,95.22454280512282,73.91021470396876,51.141822068391264,47.61227140256141
2009-10-10,79.82985917593996,37.63931260464496,47.50683194553504,39.91492958796998
2009-10-11,20.80460294990639,10.278446111346993,18.542357683414355,10.402301474953195
2009-10-12,58.49076169124616,24.51885604652557,39.42297123255568,29.24538084562308
2009-10-13,52.256636525628174,10.046273163737482,30.92474697500555,26.128318262814087
2009-10-14,46.18509389963569,20.606037241219784,34.18166654218637,23.092546949817844
2009-10-15,41.1772881918513,29.98776225625906,38.2282590656377,20.58864409592565
2009-10-16,33.012833148322976,20.034815145207652,29.927171623906794,16.506416574161488
2009-10-17,99.2142434168299,87.167325428195,50.2920447063403,49.60712170841495
2009-10-18,81.8395278181901,8.332857843864474,42.433050239779824,40.91976390909505
2009-10-19,9.907328387248153,34.41020558679819,35.954737714210964,4.953664193624077
2009-10-20,10.340353266511098,39.18433599077498,40.30271385744775,5.170176633255549
2009-10-21,79.98168437453383,50.339481256080646,50.06795842933152,39.990842187266914
2009-10-22,99.28902691511388,97.32090856144437,50.33643892339544,49.64451345755694
2009-10-23,87.65480677629127,11.98288877705083,45.306714161454664,43.82740338814563
2009-10-24,25.2868935806394,30.22092480668385,35.22243850205235,12.6434467903197
2009-10-25,32.579531990214,22.63102170460561,31.547706743748353,16.289765995107
2009-10-26,13.215965121710695,26.427394101196843,29.542741475060986,6.607982560855348
2009-10-27,12.683396801534865,27.07444557002963,29.982184607334627,6.341698400767433
2009-10-28,14.529873711051216,25.06638420481076,28.689207091450474,7.264936855525608
2009-10-29,10.431338028169014,21.177738630568818,24.184286141376564,5.215669014084507
2009-10-30,4.8853522495545745,24.54435895868447,25.787956690934916,2.4426761247772872
2009-10-31,38.03341249183354,18.494519287088945,30.477128724165464,19.01670624591677
2009-11-01,6.911989766783161,21.94841205220809,23.887334940579645,3.4559948833915803
2009-11-02,98.23029188692254,100.0,50.88485405653873,49.11514594346127
2009-11-03,46.07126115400092,70.28130985622967,60.93745462691397,23.03563057700046
2009-11-04,89.03647397526977,92.1957946838456,54.62614693150515,44.518236987634886
2009-11-05,61.979301664451405,60.366275994088106,53.941330524342625,30.989650832225703
2009-11-06,97.16256843046803,98.29246935201401,51.3702657711006,48.581284215234014
2009-11-07,43.91026306070025,63.654557561408694,57.6588054164194,21.955131530350126
2009-11-08,95.25679257786614,98.76440796367447,52.31299701789265,47.62839628893307
2009-11-09,80.8869901754008,75.59077309977019,54.89116697674997,40.4434950877004
2009-11-10,64.97522648589256,52.71235698346839,50.94999689035388,32.48761324294628
2009-11-11,29.7354725719835,52.008174451295865,51.41103428813321,14.86773628599175
2009-11-12,42.96364054984101,50.767345276280665,50.43766581000325,21.481820274920505
2009-11-13,47.377033201087556,49.67387748828521,49.82838465893655,23.688516600543778
2009-11-14,100.0,-1.0,50.0,50.0
2009-11-15,98.04219954409088,89.45642978003384,50.77247816211896,49.02109977204544
2009-11-16,97.68862840064882,73.3938359241621,50.540718479549895,48.84431420032441
2009-11-17,56.62704284429413,68.9671318881366,58.22660598750772,28.313521422147065
2009-11-18,39.00434651811741,40.50225173131607,44.20678637745205,19.502173259058704
2009-11-19,16.561883603596122,43.5947076491242,44.6555447127463,8.280941801798061
2009-11-20,52.500222947175004,38.391410844725435,44.48594603226616,26.250111473587502
2009-11-21,14.80984776610829,38.75498044376211,40.420350721310044,7.404923883054145
2009-11-22,20.26979630379064,38.22154429219941,40.60901327190279,10.13489815189532
2009-11-23,11.725179046428519,33.299616807766405,35.25776663849545,5.862589523214259
2009-11-24,92.04998301588222,25.229919495610037,48.03077439292135,46.02499150794111
2009-11-25,9.147693764484057,32.356369653860924,33.97035492686331,4.573846882242028
2009-11-26,81.2514890046716,52.65303867403315,50.497405247511416,40.6257445023358
2009-11-27,59.31810830312932,50.19852292825142,50.0807628826647,29.65905415156466
2009-11-28,24.308426370222104,41.69252081361697,43.711938274860415,12.154213185111052
2009-11-29,99.53291345234102,71.94148936170212,50.102485745164536,49.76645672617051
2009-11-30,100.0,-1.0,50.0,50.0
2009-12-01,96.86304228991702,82.23762376237623,51.0112806241614,48.43152114495851
2009-12-02,12.170097719599154,73.33115825360011,70.49173349502266,6.085048859799577
2009-12-03,21.683490780468667,77.05048384660034,71.1849946756506,10.841745390234333
2009-12-04,92.97402742630888,100.0,53.51298628684557,46.48701371315444
2009-12-05,85.5412925387111,96.13549413231311,56.670596132411255,42.77064626935555
2009-12-06,99.36888791341673,100.0,50.31555604329164,49.684443956708364
2009-12-07,99.96459627329193,100.0,50.017701863354034,49.982298136645966
2009-12-08,86.28602550907355,99.9592286667774,56.851395875225464,43.14301275453678
2009-12-09,5.194524735041031,65.32455187398153,64.52851423635336,2.5972623675205155
2009-12-10,79.17605107049543,58.024715926051215,51.671062746178734,39.588025535247716
2009-12-11,73.41208899389645,79.32542404589672,57.79701764748552,36.70604449694822
2009-12-12,83.35688650548285,60.16011155517374,51.69095889729712,41.678443252741424
2009-12-13,84.80977000066282,75.55634340569434,53.88206734274541,42.40488500033141
2009-12-14,35.03858820502072,76.47697723599052,67.19981821313472,17.51929410251036
2009-12-15,29.12640492558925,85.33085125377214,75.04024445394084,14.563202462794624
2009-12-16,14.018200655688693,66.33278195670285,64.04321980935612,7.0091003278443464
2009-12-17,19.57257771550158,64.84401415448625,61.938657947999374,9.78628885775079
2009-12-18,8.739424598477392,63.641121563380345,62.44896602996208,4.369712299238696
2009-12-19,70.94201711853832,88.824763154891,61.28169303131627,35.47100855926916
2009-12-20,4.804000357174748,70.36710636246436,69.3886705000654,2.402000178587374
2009-12-21,92.6682694796656,94.27199548086429,53.24590340463159,46.3341347398328
2009-12-22,85.16756322329542,83.72505481307694,55.002247433058606,42.58378161164771
2009-12-23,90.33604307979081,93.2726103729104,54.18184642468803,45.168021539895406
2009-12-24,94.61247734921045,94.07649433019412,52.37463111571318,47.306238674605225
2009-12-25,89.5620190037527,97.80555555555556,54.98993480403933,44.78100950187635
2009-12-26,47.770878898759236,91.16637227856391,71.50083443035875,23.885439449379618
2009-12-27,70.690848792621,95.90104807569907,63.45320758627837,35.3454243963105
2009-12-28,25.542556746133044,78.40285423605981,71.14803907529279,12.771278373066522
2009-12-29,25.851040212129828,64.67212311997201,60.87922667225485,12.925520106064914
2009-12-30,95.90043772284731,92.29759078741351,51.73401607606522,47.95021886142366
2009-12-31,80.37213928286523,88.36868052403221,57.530951172259456,40.18606964143262
2010-01-01,91.55875091138066,84.13122960272862,52.8811021077749,45.77937545569033
2010-01-02,85.70993429354684,79.59370106142335,54.22895932664872,42.85496714677342
2010-01-03,14.852796747596098,67.18006242684355,64.62834267347435,7.426398373798049
2010-01-04,93.27553704969652,78.3155170820369,51.90406645536842,46.63776852484826
2010-01-05,51.62653638062217,87.24080131351627,68.01466547495858,25.813268190311085
2010-01-06,83.94588066151383,85.01709787728241,55.62168668209343,41.97294033075691
2010-01-07,30.172573029626935,71.11334359748666,64.74290458153894,15.086286514813468
2010-01-08,94.73696199595773,99.04780641353531,52.58140469169344,47.368480997978864
2010-01-09,99.73913043478261,100.0,50.13043478260869,49.869565217391305
2010-01-10,72.49890705061132,94.85048707536295,62.33437413884913,36.24945352530566
2010-01-11,92.93381130184292,91.3630901790686,52.92279400344187,46.46690565092146
2010-01-12,61.31029878842661,93.45243517541087,66.81161733851908,30.655149394213304
2010-01-13,83.63157316939291,98.9268947015426,58.008562959710176,41.815786584696454
2010-01-14,35.66337565814986,87.28073851073019,73.98516868751595,17.83168782907493
2010-01-15,4.5455017433976215,83.12712257121288,81.62132863720093,2.2727508716988107
2010-01-16,3.105965422356056,75.6884833754493,74.89060796428015,1.552982711178028
2010-01-17,61.38531798327407,80.86726480499689,61.9192961517103,30.692658991637035
2010-01-18,43.61978167397116,67.94961408568842,60.12003161019076,21.80989083698558
2010-01-19,24.324335543001357,67.63552391243535,63.34579990120833,12.162167771500679
2010-01-20,4.745241778894576,73.24525545853908,72.14221188490971,2.372620889447288
2010-01-21,42.47014943949816,63.62892263091663,57.84069882257275,21.23507471974908
2010-01-22,15.427990328840188,78.63000790172414,74.21297305149996,7.713995164420094
2010-01-23,2.8720523618482803,70.95871433122176,70.35676908125888,1.4360261809241401
2010-01-24,91.45764031864522,81.3321371417487,52.67650385050353,45.72882015932261
2010-01-25,72.99979904244762,91.32029433655345,61.156562507121556,36.49989952122381
2010-01-26,90.95134241740762,92.23145414177482,53.82137967743873,45.47567120870381
2010-01-27,44.93558644235137,72.80771143154183,62.5589325456993,22.467793221175686
2010-01-28,55.35411728352817,61.05433803104765,54.93530679242388,27.677058641764084
2010-01-29,92.52218758737818,96.87569244405051,53.50527634808363,46.26109379368909
2010-01-30,80.29537665911097,72.03633992975963,54.342177781277066,40.147688329555486
2010-01-31,56.49156122954575,83.84492962175865,64.7254004813862,28.245780614772876
2010-02-01,8.924529790653537,76.20937772164135,73.87031399892857,4.4622648953267685
2010-02-02,15.862233617405566,70.96296625287765,67.6377715727083,7.931116808702783
2010-02-03,60.96985479961601,62.19494055524272,54.759703005811744,30.484927399808004
2010-02-04,81.66959144900001,80.92977518564986,55.66955415543543,40.834795724500005
2010-02-05,96.44028558886137,98.55738467802921,51.728504220055825,48.220142794430686
2010-02-06,95.47110340728592,100.0,52.264448296357045,47.73555170364296
2010-02-07,53.75207365627074,75.86514576775802,61.962093563370935,26.87603682813537
2010-02-08,3.346249849445752,76.9927380543142,76.08949359781042,1.673124924722876
2010-02-09,89.50927997348579,96.80126369829203,54.909789543458444,44.754639986742895
2010-02-10,85.60935050519484,98.53072384515758,56.983886365848456,42.80467525259742
2010-02-11,96.73510630367984,98.1544901065449,51.572192911983706,48.36755315183992
2010-02-12,23.650604885155875,84.15481471816284,76.07699443991308,11.825302442577938
2010-02-13,6.233830411906631,79.83064321476735,77.97105150597781,3.1169152059533154
2010-02-14,19.22519717725197,85.86695377120202,78.97146118721462,9.612598588625985
2010-02-15,11.700263655047852,78.99236124336106,75.6001785380639,5.850131827523926
2010-02-16,45.99948146227638,82.9848281159977,67.8119782214156,22.99974073113819
2010-02-17,71.5829887038894,83.0364629282626,59.38797540215977,35.7914943519447
2010-02-18,81.76210486183632,81.41764846226383,55.72991778142457,40.88105243091816
2010-02-19,100.0,-1.0,50.0,50.0
2010-02-20,98.50939110521226,99.27767745520211,50.73453744329205,49.25469555260613
2010-02-21,6.662153659584984,84.1368401381127,81.86259139358475,3.331076829792492
2010-02-22,82.4046756776915,92.45234142263355,57.46962715572609,41.20233783884575
2010-02-23,80.98311806990243,90.18229762566332,57.641420096272796,40.491559034951216
2010-02-24,69.3133607872899,81.45212514359078,59.65160016754378,34.65668039364495
2010-02-25,61.94603651203106,69.35580548834979,57.365651153338916,30.97301825601553
2010-02-26,99.07988098910722,99.5949594959496,50.4563326507668,49.53994049455361
2010-02-27,22.97855299087838,72.38214288600747,67.23905032245213,11.48927649543919
2010-02-28,87.75241776291942,79.02213803717297,53.554510223061804,43.87620888145971
2010-03-01,3.0482764922598946,71.98269214291835,71.3125989059599,1.5241382461299473
2010-03-02,68.63635421202132,63.50102465789648,54.23441355145031,34.31817710601066
2010-03-03,95.4211752523945,60.19900497512438,50.46699456381051,47.71058762619725
2010-03-04,86.95215347678106,57.77156828501572,51.014022302276004,43.47607673839053
2010-03-05,51.82386362457761,60.919362061244875,55.26052675795147,25.911931812288806
2010-03-06,78.99561074476419,48.57678456908885,49.70106229095084,39.497805372382096
2010-03-07,42.2730572204824,72.43750493996595,62.95248563784557,21.1365286102412
2010-03-08,3.5557567664668173,71.0889370745919,70.33906576758618,1.7778783832334086
2010-03-09,75.76107995639721,81.20500675433047,57.56375663678301,37.880539978198605
2010-03-10,78.65692233118313,82.00073763490954,56.82994228801306,39.32846116559156
2010-03-11,97.61934838566721,50.513221990257485,50.01221802759618,48.809674192833604
2010-03-12,51.66920723803599,79.07646359622208,64.05288536319802,25.834603619017994
2010-03-13,22.074013809878608,71.45364476522758,66.71796425702895,11.037006904939304
2010-03-14,10.026595579029978,69.17425265076783,67.25172788217391,5.013297789514989
2010-03-15,79.45158060778417,43.86184356527528,48.73870587284248,39.72579030389208
2010-03-16,61.370851520461166,51.03467156223328,50.39968481405066,30.685425760230583
2010-03-17,80.92677146432212,72.34435417300257,54.26178973623805,40.46338573216106
2010-03-18,22.457255157500658,74.86832808786691,69.28358419577025,11.228627578750329
2010-03-19,41.14839882313397,78.29502185869411,66.65207341718573,20.574199411566983
2010-03-20,92.30801090956534,81.85930054115177,52.45061392191419,46.15400545478267
2010-03-21,93.52579061470513,86.24428310998816,52.3465307787397,46.762895307352565
2010-03-22,91.59823630892345,70.5605403273516,51.72744801191258,45.79911815446172
2010-03-23,56.25655785636376,69.67968864807467,58.6085732178183,28.12827892818188
2010-03-24,15.255961500932166,60.43092677429628,58.839588601419216,7.627980750466083
2010-03-25,86.96739155200305,70.42434837889382,52.66182535227605,43.483695776001525
2010-03-26,91.86828889464147,67.18535119441756,51.39746311157132,45.93414444732073
2010-03-27,52.279347690775545,63.26542147093094,56.33034565749616,26.139673845387772
2010-03-28,78.55293622613428,37.56004213822497,47.331994303943084,39.27646811306714
2010-03-29,94.6286057443416,42.20286055746173,49.581184899877826,47.3143028721708
2010-03-30,96.7172308106485,57.14736310875599,50.23463143398532,48.35861540532425
2010-03-31,73.46409292012474,68.66141363341741,54.95197538155482,36.73204646006237
2010-04-01,99.63784321033668,79.24528301886792,50.10591377810908,49.81892160516834
2010-04-02,39.51930122447624,81.22524625047191,68.88524712666344,19.75965061223812
2010-04-03,87.52405474435166,64.03500033207146,51.7509989580593,43.76202737217583
2010-04-04,92.44731637101702,86.55496750486742,52.76088104632017,46.22365818550851
2010-04-05,75.41195610499155,48.63580043998281,49.66457001336746,37.70597805249577
2010-04-06,2.9010639380452865,62.75537703403315,62.38533539073712,1.4505319690226433
2010-04-07,1.585666488750802,59.98341303237624,59.825109397488276,0.792833244375401
2010-04-08,3.501496250547725,58.388640687274574,58.09491274813774,1.7507481252738626
2010-04-09,12.672239802656168,58.06280568851099,57.04106761684067,6.336119901328084
2010-04-10,24.257353826230965,55.86318950494833,54.440934881230575,12.128676913115482
2010-04-11,71.27047889098928,54.074528335918615,51.17059247836037,35.63523944549464
2010-04-12,73.40318130274616,49.16210696971114,49.77714710985715,36.70159065137308
2010-04-13,55.42622396691988,52.45714019865547,51.09524016896747,27.71311198345994
2010-04-14,96.73276656553209,59.62221095334685,50.314380093402775,48.366383282766044
2010-04-15,80.434350132626,50.83142687680054,50.16267407161804,40.217175066313
2010-04-16,51.59375071311657,53.38373254134577,51.63793800916523,25.796875356558285
2010-04-17,71.01040399161711,54.10907478780685,51.191204180667526,35.505201995808555
2010-04-18,94.51734444681499,62.59775586535192,50.69069156152841,47.258672223407494
2010-04-19,64.56615512235587,44.27315611429107,47.97075902115305,32.28307756117793
2010-04-20,31.440004480760734,49.6467484213361,49.757810733496385,15.720002240380367
2010-04-21,56.733968322450565,41.73134729060497,46.4224820994466,28.366984161225282
2010-04-22,31.63787880045485,55.68921347223233,53.88926700918832,15.818939400227425
2010-04-23,99.33454388097157,22.930927193528312,49.81986719864507,49.66727194048578
2010-04-24,42.72093853227761,48.75839059890673,49.28881778795876,21.360469266138804
2010-04-25,44.86227187092812,41.85983502920104,45.51169796914292,22.43113593546406
2010-04-26,75.83443873321174,29.389162392575948,45.019275410379706,37.91721936660587
2010-04-27,94.35314830157415,10.10160290503613,47.74699668599835,47.176574150787076
2010-04-28,19.390644984469212,48.424146262305726,48.72971446605651,9.695322492234606
2010-04-29,8.797523029512663,44.24749141034311,44.75356967829286,4.398761514756331
2010-04-30,93.75147551575748,24.104331687270076,48.38190282512084,46.87573775787874
2010-05-01,97.67981198297907,30.040160642570278,49.53689419901229,48.83990599148954
2010-05-02,98.43303545547154,31.342494714587737,49.70764350728407,49.21651772773577
2010-05-03,97.25427750847426,45.09803921568628,49.865405760219325,48.62713875423713
2010-05-04,100.0,-1.0,50.0,50.0
2010-05-05,97.7190610383076,98.33877995642702,51.1025780656329,48.8595305191538
2010-05-06,90.51956605485206,31.1923799536855,48.21695600485475,45.25978302742603
2010-05-07,98.48896121777551,27.952863798300903,49.666859221622474,49.244480608887756
2010-05-08,93.85004858059717,36.01360910867075,49.13984375485547,46.92502429029859
2010-05-09,97.17475521101856,25.408574569439356,49.30523203448683,48.58737760550928
2010-05-10,99.37346004927844,62.29345670852611,50.077023417603584,49.68673002463922
2010-05-11,95.90261700744226,19.558295850811138,48.75268679154639,47.95130850372113
2010-05-12,97.2131439530443,37.03923900118906,49.63880224837316,48.60657197652215
2010-05-13,85.08938988579399,28.577782101708106,46.80581661137004,42.544694942896996
2010-05-14,95.70968510215282,30.372658814442943,49.15792525706475,47.85484255107641
2010-05-15,99.88467383607535,71.45421903052065,50.02474232780789,49.942336918037675
2010-05-16,93.53972843331373,22.973839446011798,48.25403663416372,46.76986421665686
2010-05-17,73.63508441804704,16.370724958929735,41.13367002459905,36.81754220902352
2010-05-18,68.63050359771886,24.532291852527376,42.01090820893511,34.31525179885943
2010-05-19,39.78033008557006,28.17237555361165,36.85547660822352,19.89016504278503
2010-05-20,74.4215258906418,21.885104417377775,42.808638712525884,37.2107629453209
2010-05-21,71.19689166438602,20.34810901081182,41.459333714825966,35.59844583219301
2010-05-22,45.78850853209753,36.65591410193125,42.76597201189888,22.894254266048765
2010-05-23,81.27880375319121,32.62861949880457,46.747869765591325,40.639401876595606
2010-05-24,2.5271552887910445,33.72886845278934,34.14006521423082,1.2635776443955222
2010-05-25,5.934709473771649,32.90739620542121,33.921792582132326,2.9673547368858246
2010-05-26,78.65053968464511,23.56327418164874,44.355901712731914,39.325269842322555
2010-05-27,95.00208108572625,25.343884653629434,48.767707347578586,47.50104054286312
2010-05-28,97.481638239673,21.78917941128104,49.28954948201925,48.7408191198365
2010-05-29,88.17554900494471,23.881852104903558,46.91167240132826,44.08777450247236
2010-05-30,91.34844658605252,33.36286576313395,48.56062944494739,45.67422329302626
2010-05-31,58.546647952615025,12.143096489604849,34.307044513597056,29.273323976307513
2010-06-01,75.3421108269112,20.054471633560578,42.6160648031075,37.6710554134556
2010-06-02,85.44369378704356,16.029328018223236,45.055124963733576,42.72184689352178
2010-06-03,82.97480381206573,19.0253045923149,44.72649733822655,41.487401906032865
2010-06-04,26.060316735507172,26.915454448480492,32.93136013615891,13.030158367753586
2010-06-05,4.284094354748267,27.397726927533338,28.36602963227567,2.1420471773741334
2010-06-06,12.824751517064643,31.544091021707228,33.9110154883889,6.412375758532321
2010-06-07,98.060970508695,18.816744980777443,49.39534748882842,49.0304852543475
2010-06-08,88.33635806152215,26.330840689887918,47.23931400822063,44.168179030761074
2010-06-09,46.27526811222849,21.063709001594948,34.45405524284153,23.137634056114244
2010-06-10,97.5536928594502,23.72608769256814,49.357259407121504,48.7768464297251
2010-06-11,11.66603688185929,18.377415343971307,22.06651773294079,5.833018440929645
2010-06-12,42.632648828043976,17.504917416331608,31.35843186060983,21.316324414021988
2010-06-13,78.27206903268858,28.255872731261146,45.27545103760408,39.13603451634429
2010-06-14,85.24694134301104,22.965398069709615,46.01156931954079,42.62347067150552
2010-06-15,99.77722567287785,100.0,50.11138716356107,49.888612836438924
2010-06-16,97.71719188095604,51.986574746008706,50.04534968959277,48.85859594047802
2010-06-17,99.70826707745313,49.396735273243436,49.99824007818194,49.854133538726565
2010-06-18,96.30028497581019,19.883564711150918,48.88577771886805,48.15014248790509
2010-06-19,96.98276129833825,11.406217829936175,48.83553346792981,48.49138064916912
2010-06-20,98.1902401348416,100.0,50.90487993257919,49.0951200674208
2010-06-21,81.9048427890521,14.724804249278813,43.61689787243739,40.95242139452605
2010-06-22,68.93272111029343,12.91878799201959,38.479876449797366,34.466360555146714
2010-06-23,23.673970834517952,16.978844078054774,24.796262900236783,11.836985417258976
2010-06-24,17.909756958137024,20.016484669510188,25.386459392706666,8.954878479068512
2010-06-25,7.818307922967343,17.36875777181063,19.919968768299825,3.9091539614836717
2010-06-26,53.67167782061465,17.953274751444777,35.153289878906904,26.835838910307324
2010-06-27,3.2320501078872987,15.13805965344516,16.264815034027592,1.6160250539436494
2010-06-28,5.071101760565575,16.083977281677445,17.80389330686012,2.5355508802827873
2010-06-29,6.740541685529994,18.098272898128602,20.248622111834262,3.370270842764997
2010-06-30,62.83582584749629,14.37044559261698,36.758570350279115,31.417912923748144
2010-07-01,37.162488771236106,15.549209283898445,28.35198051537174,18.581244385618053
2010-07-02,14.64640381444455,15.737329991970997,20.755578998957507,7.323201907222275
2010-07-03,12.598554362970763,17.376708781366265,21.486771860536102,6.299277181485381
2010-07-04,16.24579841092216,14.659418511550198,20.400778137411425,8.12289920546108
2010-07-05,55.581939861755444,16.450725794779135,35.09806320758043,27.790969930877722
2010-07-06,67.27789443572676,17.159201049050722,39.25379909911964,33.63894721786338
2010-07-07,27.832871624075285,12.859389781382898,23.19668814392878,13.916435812037642
2010-07-08,4.0372071000018686,10.923193119820985,12.500804741641588,2.0186035500009343
2010-07-09,0.742903783887067,10.254398299268484,10.549669878231901,0.3714518919435335
2010-07-10,15.250554158053347,11.2432744843057,17.153889898964742,7.625277079026674
2010-07-11,9.26510870626154,12.865948140705358,16.30645841250854,4.63255435313077
2010-07-12,30.117383317246315,14.687684717358307,25.32283006922606,15.058691658623157
2010-07-13,56.609313377872326,13.035811566361785,33.96098483434728,28.304656688936163
2010-07-14,15.931954229190415,13.879709350286253,19.634377524049192,7.965977114595208
2010-07-15,8.764388403305153,17.028947572073037,19.918658667513927,4.382194201652577
2010-07-16,1.6548458447128216,11.01943500581804,11.664503265869843,0.8274229223564108
2010-07-17,23.613295759683584,18.66907901528364,26.067342051637482,11.806647879841792
2010-07-18,79.63669225794683,13.840030943365496,42.63663422156632,39.81834612897342
2010-07-19,34.948975355387276,13.592920805823166,26.316821941012357,17.474487677693638
2010-07-20,8.954954206558535,13.515788417189222,16.78293285705385,4.477477103279267
2010-07-21,21.895740303632337,14.741819476967486,22.461859120076564,10.947870151816169
2010-07-22,10.004650911703273,15.39171421254565,18.854152392105078,5.002325455851636
2010-07-23,81.61250292623001,16.85613529073763,43.905672846450095,40.806251463115004
2010-07-24,84.83728331724055,18.33884500806253,45.19930877008317,42.418641658620274
2010-07-25,41.71938116054182,8.543600842968617,25.838954022726192,20.85969058027091
2010-07-26,78.22351351575388,14.214613349574618,42.2072001127349,39.11175675787694
2010-07-27,79.84224782344688,15.374176236544768,43.02021225667266,39.92112391172344
2010-07-28,49.80228138459018,4.977713886789024,27.399839502665625,24.90114069229509
2010-07-29,100.0,-1.0,50.0,50.0
2010-07-30,60.75213072600212,12.271154201780572,35.192231922526595,30.37606536300106
2010-07-31,0.994614667295267,7.138601731892328,7.564907485674766,0.4973073336476335
2010-08-01,2.010363339944549,8.584962645048481,9.417555373256768,1.0051816699722744
2010-08-02,57.26466306975818,16.29710137895564,35.596952719038875,28.63233153487909
2010-08-03,58.272032518639115,10.219377155750822,33.40035463566888,29.136016259319558
2010-08-04,37.95140719097206,12.925374831522301,26.995716793737884,18.97570359548603
2010-08-05,99.93043262213112,100.0,50.03478368893444,49.96521631106556
2010-08-06,90.77375836438156,18.76585333004108,47.11826215540612,45.38687918219078
2010-08-07,60.83211333728708,12.059253298320662,35.13941133289925,30.41605666864354
2010-08-08,65.03001981971522,12.973315864047855,37.05177589624089,32.51500990985761
2010-08-09,6.267886143404816,12.167847971692993,14.539124186427092,3.133943071702408
2010-08-10,34.546126181092966,15.056531747189267,27.128146381855423,17.273063090546483
2010-08-11,75.20938127599779,10.018141840769816,40.08824998497387,37.60469063799889
2010-08-12,93.86665562193896,16.52091704088868,47.946612547500955,46.93332781096948
2010-08-13,99.98674948240166,100.0,50.006625258799176,49.99337474120083
2010-08-14,81.21972804201441,10.311758538873255,42.546440318258405,40.609864021007205
2010-08-15,58.2365954341232,15.129175106239327,35.43675632416025,29.1182977170616
2010-08-16,82.88692573645852,15.933673283996075,44.17020421022958,41.44346286822926
2010-08-17,63.92304024215786,6.949025918050687,34.468517405096094,31.96152012107893
2010-08-18,91.93554400281684,23.88791863570988,47.89420268842816,45.96777200140842
2010-08-19,22.91077531257916,14.107532905456907,22.330775395629082,11.45538765628958
2010-08-20,56.45383040978117,18.737678219377695,36.38645633957029,28.226915204890584
2010-08-21,3.9244518104067754,10.741723915797301,12.282396042318284,1.9622259052033877
2010-08-22,2.9107138777604016,8.358396686931261,9.570464613486688,1.4553569388802008
2010-08-23,32.61134787678594,13.82360638576289,25.62121595657713,16.30567393839297
2010-08-24,34.56619024599738,17.1175912920235,28.48378724348907,17.28309512299869
2010-08-25,39.141811873442364,15.12232546244992,28.774079215769277,19.570905936721182
2010-08-26,0.8785247430367049,5.984381646024485,6.371069744064766,0.43926237151835246
2010-08-27,98.00992655508782,55.790240349599415,50.115230035593974,49.00496327754391
2010-08-28,52.83602462825279,13.69412323567316,32.876705224375996,26.418012314126393
2010-08-29,27.631679987381467,9.983567206683244,21.040779858498105,13.815839993690734
2010-08-30,48.58350653175857,13.05137121695,31.002310695158325,24.291753265879287
2010-08-31,46.37184044356738,10.909301965639994,29.036378086410146,23.18592022178369
2010-09-01,10.115683742406437,24.426299559980137,27.01325421772295,5.057841871203219
2010-09-02,21.357613144807086,18.941767380970607,25.57506455335719,10.678806572403543
2010-09-03,70.06600831062246,18.900412639508154,40.69065210407967,35.03300415531123
2010-09-04,64.57491096227123,15.762600712010494,37.871370818027,32.287455481135616
2010-09-05,45.345270610779636,19.205579461026492,33.16939278744553,22.672635305389818
2010-09-06,40.624397164885906,17.66195746345826,30.79909229885272,20.312198582442953
2010-09-07,99.37575442613922,21.42620232172471,49.821629332709435,49.68787721306961
2010-09-08,94.50499846774395,36.313964880548646,49.24795216048105,47.25249923387197
2010-09-09,54.26614716890317,15.642876260552807,34.28716359200338,27.133073584451584
2010-09-10,55.874373610327545,9.551945549068826,32.15204261109083,27.937186805163773
2010-09-11,4.525925172201122,6.699959109456157,8.65968655969466,2.262962586100561
2010-09-12,1.1441543040264512,6.467891642961289,6.965966134361805,0.5720771520132256
2010-09-13,91.86141160826907,46.523642286354146,49.71707355466218,45.93070580413453
2010-09-14,51.42889139595845,8.395173479757137,29.79207452632976,25.714445697979226
2010-09-15,23.324795762486715,6.3624920482384315,16.540851653825715,11.662397881243358
2010-09-16,60.6706204379562,16.737142917400426,36.91792468480425,30.3353102189781
2010-09-17,99.95507246376812,85.71428571428571,50.01604554865424,49.97753623188406
2010-09-18,99.66436352267151,98.82788402220851,50.163884189886176,49.832181761335754
2010-09-19,21.062748183190074,11.027634827929873,19.236285965156274,10.531374091595037
2010-09-20,4.74152253734071,7.5647345322784245,9.576812208210802,2.370761268670355
2010-09-21,0.2589882634909624,5.936382074037673,6.050501672935415,0.1294941317454812
2010-09-22,8.89259445383526,5.492609433940761,9.450471178964943,4.44629722691763
2010-09-23,0.9233759922242022,5.552690714561218,5.963106497692598,0.4616879961121011
2010-09-24,46.35488222475874,14.679154625535324,31.05209089965757,23.17744111237937
2010-09-25,66.2489449814296,28.388856802290576,42.70601116919906,33.1244724907148
2010-09-26,86.58338704095526,19.583886812270244,45.919187816417335,43.29169352047763
2010-09-27,92.78549518556643,76.5079091665949,51.91241438302967,46.392747592783216
2010-09-28,80.35415285145888,22.047825490754512,44.50855852122016,40.17707642572944
2010-09-29,47.055565926202476,21.85488578357054,35.09872855868749,23.527782963101238
2010-09-30,76.73145864848622,16.32780286230819,42.164970885052945,38.36572932424311
2010-10-01,97.3976309725187,24.37743655024266,49.333206344736766,48.69881548625935
2010-10-02,73.05594950776708,26.389583605876147,43.63839748534083,36.52797475388354
2010-10-03,66.62128474359214,24.613226054781595,41.52622101203761,33.31064237179607
2010-10-04,70.31876019508232,14.694729785406526,39.52095808383233,35.15938009754116
2010-10-05,95.71485376532036,32.337731380793585,49.243145961305075,47.85742688266018
2010-10-06,9.290372154842998,10.59720457433291,14.257870908788837,4.645186077421499
2010-10-07,14.516480573908819,12.326864424888786,17.795677832232137,7.258240286954409
2010-10-08,47.70597299387997,19.380539747377608,33.987851186365454,23.852986496939984
2010-10-09,42.016048581283016,15.735971614158583,30.132362426658315,21.008024290641508
2010-10-10,39.394448628339426,14.506218271070747,28.488797880528704,19.697224314169713
2010-10-11,6.6676357595265285,7.12461229702609,9.983386979545218,3.3338178797632643
2010-10-12,1.2151735739727307,5.683031847348016,6.221559933124954,0.6075867869863654
2010-10-13,28.584617938131494,10.459451215083595,21.761966015892444,14.292308969065747
2010-10-14,4.687564891646525,6.493056614625773,8.532472818187104,2.3437824458232623
2010-10-15,0.9549543187902527,6.072666500311392,6.492152468696066,0.47747715939512636
2010-10-16,97.06058949704754,100.0,51.46970525147623,48.53029474852377
2010-10-17,98.03246708870984,86.05409956846648,50.709376274878906,49.01623354435492
2010-10-18,67.37687008832974,41.40417987837812,47.19577443474981,33.68843504416487
2010-10-19,12.272277135223005,39.82544449414165,41.074094143097675,6.136138567611503
2010-10-20,57.220688668269126,29.236154204157614,41.11736976255607,28.610344334134563
2010-10-21,15.682919992940858,41.128120775456836,42.51949049611228,7.841459996470429
2010-10-22,13.780136586662348,36.27039211625252,38.162350835446084,6.890068293331174
2010-10-23,99.77971014492753,68.51503759398496,50.0407867494824,49.88985507246377
2010-10-24,99.86976740334008,89.0302066772655,50.05083005163754,49.93488370167004
2010-10-25,98.05030652237376,100.0,50.97484673881313,49.02515326118688
2010-10-26,45.774088597016906,85.52838377851285,69.26558991064819,22.887044298508453
2010-10-27,1.3910840195640661,68.7630713757669,68.50206128827921,0.6955420097820331
2010-10-28,89.34580523049334,81.47680227020933,53.3535998210806,44.67290261524667
2010-10-29,2.3464271918055735,57.95129732028924,57.764725917864666,1.1732135959027867
2010-10-30,44.15676299234816,63.37892112605935,57.471222633492125,22.07838149617408
2010-10-31,81.06111929460366,66.26227930076357,53.07989367674997,40.53055964730183
2010-11-01,99.8103519668737,100.0,50.094824016563145,49.90517598343685
2010-11-02,99.87825860109194,100.0,50.06087069945403,49.93912930054597
2010-11-03,41.233888799007715,46.50433076146575,47.94573112806408,20.616944399503858
2010-11-04,26.015104379605976,39.15465617934664,41.976083694616754,13.007552189802988
2010-11-05,12.8111463718875,36.89303516932409,38.572187618693796,6.40557318594375
2010-11-06,22.66266257956463,39.844301382288144,42.14585309261769,11.331331289782314
2010-11-07,99.98716356107661,100.0,50.0064182194617,49.99358178053831
2010-11-08,94.94897209149204,99.9549087927854,52.52323638479329,47.47448604574602
2010-11-09,87.72441758601337,86.71424233221985,54.50688707516241,43.86220879300669
2010-11-10,75.88558878678946,72.69024891096085,55.47161992769012,37.94279439339473
2010-11-11,41.427424191175405,65.87048249327755,59.29575038960123,20.713712095587702
2010-11-12,36.5387727327422,54.23384724020243,52.68685141925338,18.2693863663711
2010-11-13,65.49700812347348,58.51931975241873,52.93942020211235,32.74850406173674
2010-11-14,52.50340062704245,47.13021535936156,48.636949886369294,26.251700313521226
2010-11-15,82.29498143728455,50.112333255324124,50.019888623707246,41.147490718642274
2010-11-16,94.41767725184327,99.70327510107192,52.77459723254605,47.208838625921636
2010-11-17,77.03402228917909,84.7409452655514,57.97859774621502,38.517011144589546
2010-11-18,89.28285911928323,59.35531248792177,51.00262201916187,44.641429559641615
2010-11-19,85.86142322097379,79.56103850436618,54.17951012561731,42.930711610486895
2010-11-20,84.227100580928,87.25897126044238,55.87682006149053,42.113550290464
2010-11-21,92.22528269063497,88.58847659891852,53.000144969556395,46.112641345317485
2010-11-22,90.83833178685047,90.65650856806981,53.724814422057264,45.41916589342524
2010-11-23,56.33041826829379,62.95649201435707,55.65804586977164,28.165209134146895
2010-11-24,55.75056252009001,51.26000009373257,50.557542953723,27.875281260045004
2010-11-25,27.085753883946357,71.49600921934355,65.67365306732174,13.542876941973178
2010-11-26,99.77763284574056,100.0,50.11118357712972,49.88881642287028
2010-11-27,15.162588290985497,77.62128746794056,73.43318536850715,7.581294145492748
2010-11-28,99.86956521739131,100.0,50.06521739130435,49.934782608695656
2010-11-29,94.61631817880574,96.11463743027505,52.48266535224335,47.30815908940287
2010-11-30,79.0515119622776,82.7285763734362,56.85614190650612,39.5257559811388
2010-12-01,97.32911203690666,99.40305450034886,51.31950023605025,48.66455601845333
2010-12-02,97.24012125328187,95.59606872233476,51.25839621000671,48.620060626640935
2010-12-03,68.92319873317498,93.02564444592657,63.37099401823134,34.46159936658749
2010-12-04,46.41029575198633,92.99197944757623,73.03927463632293,23.205147875993166
2010-12-05,97.48463742670687,97.84344390484814,51.20343608175705,48.742318713353434
2010-12-06,97.57915071505329,100.0,51.21042464247336,48.789575357526644
2010-12-07,61.29805101677071,85.32987040805398,63.673348421166075,30.649025508385353
2010-12-08,82.93395372348029,83.09399240097598,55.64783605789848,41.46697686174014
2010-12-09,41.135361030531655,65.43865709733365,59.08790976207966,20.567680515265828
2010-12-10,76.97752701856788,50.982704756417064,50.22624293703337,38.48876350928394
2010-12-11,48.92957670519956,67.51431704642378,58.944635852802016,24.46478835259978
2010-12-12,43.496277421336146,57.03310625952517,53.97396684954474,21.748138710668073
2010-12-13,54.748267381142966,65.96108371675251,57.22266692657678,27.374133690571483
2010-12-14,43.341063820077416,58.76113905791212,54.9639681874567,21.670531910038708
2010-12-15,76.4285699483798,61.30007824382182,52.66359003902081,38.2142849741899
2010-12-16,5.1528837668068315,69.46186180926526,68.45901469137725,2.5764418834034157
2010-12-17,94.93735363361348,89.69325153374234,52.00952895647366,47.46867681680674
2010-12-18,22.09197568792866,73.99756468635346,68.69602853014929,11.04598784396433
2010-12-19,62.44483003816549,80.53390448011658,61.46705972349199,31.222415019082746
2010-12-20,42.037911349342004,76.19131125657167,65.18103104930384,21.018955674671002
2010-12-21,97.61914621369917,95.338725106531,51.07944875335937,48.809573106849584
2010-12-22,91.58345930051975,86.63583132411553,53.08346965398712,45.791729650259875
2010-12-23,88.13429451270402,83.71118906749044,54.00007041101394,44.06714725635201
2010-12-24,99.65381015876696,98.56459330143541,50.168125688445706,49.82690507938348
2010-12-25,87.99555935734953,99.67563277489259,55.963281850323,43.99777967867477
2010-12-26,93.56394950379632,98.98018273066529,53.152389293678446,46.78197475189816
2010-12-27,6.384436793162024,75.94819898758213,74.29155262425604,3.192218396581012
2010-12-28,73.24736390654823,76.14178913291568,56.993617715046454,36.623681953274115
2010-12-29,30.120659425026197,66.42100168362666,61.474887692323655,15.060329712513099
2010-12-30,25.6901119739744,83.37884321148971,74.80378101484065,12.8450559869872
2010-12-31,7.69063058685753,72.8570432404102,71.09919248171195,3.845315293428765
2011-01-01,1.6502356144355117,66.142693338345,65.87630086374652,0.8251178072177558
2011-01-02,36.04728846544863,64.60754352156451,59.34192017063019,18.023644232724315
2011-01-03,7.005844432218081,64.99148268294371,63.94120272809376,3.5029222161090403
2011-01-04,67.7301673454675,87.79169421779407,62.195316481394784,33.86508367273375
2011-01-05,2.454833758740932,66.19584865408076,65.79826749380581,1.227416879370466
2011-01-06,89.31785093741392,94.14319226071616,54.715441598273664,44.65892546870696
2011-01-07,99.81262939958592,99.88950276243094,50.09347826086956,49.90631469979296
2011-01-08,80.75672204499317,78.82555573496958,55.546981812155614,40.378361022496584
2011-01-09,94.82037062729985,66.60536521009075,50.86009637386599,47.410185313649926
2011-01-10,99.16666666666667,100.0,50.416666666666664,49.583333333333336
2011-01-11,79.257652775879,76.10074198348264,55.41390653028589,39.6288263879395
2011-01-12,38.120549718667526,71.96148249478632,63.58964464140484,19.060274859333763
2011-01-13,51.70851989108276,58.04854377270659,53.8867609150541,25.85425994554138
2011-01-14,3.2573682275754785,63.57713139935037,63.13487423493176,1.6286841137877393
2011-01-15,4.795359771394395,61.01492680564614,60.48672143675965,2.3976798856971975
2011-01-16,13.64146966912719,65.03833789765501,62.986887594605534,6.820734834563595
2011-01-17,6.79721133657722,66.23127469133739,65.12800064794682,3.39860566828861
2011-01-18,12.973317525803163,61.76779340751627,60.24112020297865,6.486658762901581
2011-01-19,93.84456065862372,68.96702557200538,51.16750375394812,46.92228032931186
2011-01-20,82.33966814746056,79.08439219551113,55.13640017902135,41.16983407373028
2011-01-21,61.214248106429636,84.94850650148842,63.55504102217561,30.607124053214818
2011-01-22,15.893869246579609,60.934206174064585,59.19633774160733,7.946934623289804
2011-01-23,15.82803870271168,66.45740264289361,63.85251858311531,7.91401935135584
2011-01-24,57.278845256488694,49.625961795189205,49.84020655972293,28.639422628244347
2011-01-25,86.68557412233635,59.92624749101433,51.32162286462455,43.342787061168174
2011-01-26,67.2102838805438,42.34667105005279,47.49049516362415,33.6051419402719
2011-01-27,31.250272384846063,61.86208395467197,58.15515040831786,15.625136192423032
2011-01-28,22.400881926120004,63.06859225093239,60.14111233139495,11.200440963060002
2011-01-29,83.19429223696994,87.37349456997399,56.28088027826173,41.59714611848497
2011-01-30,14.76914645841896,66.14911370577661,63.76402745083386,7.38457322920948
2011-01-31,2.1799943926980467,61.725878841148315,61.470255339916726,1.0899971963490234
2011-02-01,8.285971181939185,65.24645097018136,63.98313443652365,4.142985590969593
2011-02-02,2.772505056966153,61.35392725626063,61.039139048916546,1.3862525284830765
2011-02-03,67.56317670828369,73.16203715534203,57.51302906283997,33.781588354141846
2011-02-04,28.445240313487556,71.1752492416905,65.15189870791168,14.222620156743778
2011-02-05,26.29518440986147,66.5364315773177,62.188146399251444,13.147592204930735
2011-02-06,42.895166493441295,51.69129160112329,50.96580925293187,21.447583246720647
2011-02-07,1.767178537160801,58.57697682629552,58.42540633268397,0.8835892685804005
2011-02-08,3.707565077611308,61.107947805456696,60.69611341178229,1.853782538805654
2011-02-09,2.5603003908570194,58.45095038556794,58.23458066981512,1.2801501954285097
2011-02-10,8.769277416192821,62.40735176282052,61.31931666673589,4.384638708096411
2011-02-11,43.697766533253144,46.30766680786018,47.921133945791254,21.848883266626572
2011-02-12,33.71913756362346,62.85312680007012,58.51916329312753,16.85956878181173
2011-02-13,92.9498634408758,72.74436090225564,51.603508503109076,46.4749317204379
2011-02-14,18.686404359835883,63.94316662072627,61.33769012541169,9.343202179917942
2011-02-15,68.13277698664892,77.49157657833456,58.760802018104066,34.06638849332446
2011-02-16,99.36244932103648,95.71289379668724,50.29144286477465,49.68122466051824
2011-02-17,93.89024513975596,71.93886196495747,51.34041068518622,46.94512256987798
2011-02-18,40.94731273145987,69.95935087885718,61.786533055322145,20.473656365729934
2011-02-19,16.439985552192702,61.969955556880485,60.00209659272545,8.219992776096351
2011-02-20,59.80676408597382,91.54326080230999,66.69758082065162,29.90338204298691
2011-02-21,95.86034809438515,69.15612025411436,50.79299669714133,47.93017404719257
2011-02-22,89.45650372825187,65.3052805280528,51.61371168185585,44.72825186412594
2011-02-23,5.54129758597348,68.90583955244387,67.85821072171628,2.77064879298674
2011-02-24,7.284718703536037,67.28849926983757,66.02908072996702,3.6423593517680186
2011-02-25,44.35212915107722,50.85832271145002,50.47763831393468,22.17606457553861
2011-02-26,8.60915050595034,66.46747404058077,65.04976441589886,4.30457525297517
2011-02-27,96.88495773108147,100.0,51.557521134459265,48.442478865540735
2011-02-28,94.89177614684978,65.86127214497101,50.810229287122475,47.44588807342489
2011-03-01,11.228531217695632,68.8296352416562,66.71534377036862,5.614265608847816
2011-03-02,11.362584111732355,64.94613782813295,63.24787034595589,5.6812920558661775
2011-03-03,96.97774041736459,94.30704939371104,51.33907404608444,48.48887020868229
2011-03-04,32.057176050786275,67.81598666251398,62.10468445292726,16.028588025393137
2011-03-05,9.871815903300227,65.6480037232192,64.10326160312144,4.935907951650114
2011-03-06,3.662816535213959,61.5965803269642,61.171818865228786,1.8314082676069794
2011-03-07,19.67522399955169,66.48243465318905,63.23947871459438,9.837611999775845
2011-03-08,4.960127922913984,61.399307338497344,60.83388711218175,2.480063961456992
2011-03-09,5.813692759978076,59.84384575028546,59.271554802597706,2.906846379989038
2011-03-10,28.547829443529004,57.554502204485644,55.397855799841444,14.273914721764502
2011-03-11,3.104291140476027,60.193236300819365,59.87680856940525,1.5521455702380136
2011-03-12,73.67263099669984,84.19458149398424,59.00253364905542,36.83631549834992
2011-03-13,98.4469496982308,69.39074790027996,50.3011480687806,49.2234748491154
2011-03-14,81.8522238906436,72.5833694734199,54.09837932998498,40.9261119453218
2011-03-15,83.69501271885125,66.28849476572822,52.65583699984256,41.84750635942562
2011-03-16,99.49709936687108,100.0,50.25145031656446,49.74854968343554
2011-03-17,98.83372085078543,97.51464583703178,50.55415340722046,49.41686042539271
2011-03-18,68.09685324399072,51.80431632235298,50.5756336842629,34.04842662199536
2011-03-19,96.19799109454283,88.59352870683081,51.46732939836388,48.098995547271414
2011-03-20,3.187011050492506,61.72691994997543,61.353181715287306,1.593505525246253
2011-03-21,6.063312143446053,62.700769140636226,61.930681863020986,3.0316560717230265
2011-03-22,8.155386982695786,62.248635498297475,61.249711873311476,4.077693491347893
2011-03-23,4.02519537212601,59.38070044467526,59.00310892450319,2.012597686063005
2011-03-24,7.7297504957896805,56.98509222833377,56.445162027182775,3.8648752478948403
2011-03-25,4.360899757450909,56.57450190206534,56.28779446456458,2.1804498787254545
2011-03-26,48.291118629161225,46.422611597830624,48.15017247494809,24.145559314580613
2011-03-27,97.78728813910249,58.95012632169926,50.19804050668555,48.89364406955124
2011-03-28,96.35247972564385,60.35882586725714,50.37784027369345,48.17623986282192
2011-03-29,17.91673241588944,56.18360078515491,55.07570157881187,8.95836620794472
2011-03-30,53.47983599890445,55.4849845898583,52.5516238266369,26.739917999452224
2011-03-31,62.022088474145455,32.7000764275576,43.429850331617374,31.011044237072728
2011-04-01,29.413791242772525,50.53687881122212,50.37896239846257,14.706895621386263
2011-04-02,4.0788735904305025,51.65916486428558,51.59148962681452,2.0394367952152512
2011-04-03,11.495694201081225,49.101110944302654,49.20444448135261,5.747847100540612
2011-04-04,90.72656060678239,42.532329752306076,49.307490125494766,45.36328030339119
2011-04-05,17.20784544905419,47.33851982038676,47.79650321635181,8.603922724527095
2011-04-06,44.239748916653355,36.28517432776298,42.35257876951735,22.119874458326677
2011-04-07,3.2278897649895235,46.58300590761122,46.69330271018974,1.6139448824947618
2011-04-08,56.81930369639072,38.42041557393585,44.9998548157612,28.40965184819536
2011-04-09,3.909890602805951,44.03073132780083,44.264123202671385,1.9549453014029754
2011-04-10,7.078089669506429,43.480349657225084,43.94181635462498,3.5390448347532146
2011-04-11,36.85507661285303,28.233129640580852,36.25532638776518,18.427538306426516
2011-04-12,94.90023964027033,9.954512224839576,47.95777608858198,47.450119820135164
2011-04-13,59.08285913366625,26.816820317370215,40.514105711963104,29.541429566833123
2011-04-14,99.46973932128289,99.53143303397111,50.262645712984245,49.73486966064144
2011-04-15,79.43422462331031,43.32742185768122,48.62773256741663,39.71711231165516
2011-04-16,38.013648180692115,47.8077354353902,48.64109517417095,19.006824090346058
2011-04-17,12.00390377607276,42.76103413123914,43.62999262850795,6.00195188803638
2011-04-18,10.049008410341605,39.04686269937829,40.14754438791403,5.024504205170802
2011-04-19,29.501673129457874,32.91246212600814,37.95357169546553,14.750836564728937
2011-04-20,12.518427161324347,39.16417853769219,40.52065295478234,6.259213580662173
2011-04-21,4.1613102197891205,37.36190868312133,37.88781886867688,2.0806551098945603
2011-04-22,11.873424345753053,38.229610952706366,39.62715919143758,5.936712172876526
2011-04-23,69.07269261055163,39.69540834444452,46.813067263458905,34.53634630527581
2011-04-24,91.94497267691645,23.67751060820368,47.87971628737503,45.972486338458225
2011-04-25,30.79637787364077,35.352383923589656,39.86331911996114,15.398188936820384
2011-04-26,56.14893877288682,35.03134722130287,43.43608690513954,28.07446938644341
2011-04-27,87.93139527897085,30.65460351250665,47.665280566208565,43.96569763948543
2011-04-28,96.15626760330031,24.47198275862069,49.01877133105802,48.078133801650154
2011-04-29,97.76965068215141,50.464252553389045,50.0103544536576,48.884825341075704
2011-04-30,92.30832951935602,27.209822029563018,48.247054608561676,46.15416475967801
2011-05-01,70.09088439662341,20.267609539656128,41.10730496556844,35.045442198311704
2011-05-02,85.94057887833775,23.877737495210305,46.32736110794554,42.97028943916887
2011-05-03,86.59839724271065,28.672993106859142,47.141839256161546,43.29919862135532
2011-05-04,23.503672059550055,28.281115169408277,33.38585063498192,11.751836029775028
2011-05-05,7.821137400997603,32.32392636931139,33.70639637506905,3.9105687004988017
2011-05-06,6.3646634186053275,31.205599827888687,32.401800140389355,3.1823317093026637
2011-05-07,9.597290489510199,26.510407813555197,28.764772210489593,4.798645244755099
2011-05-08,13.599122985503515,27.43838552780822,30.506567227396737,6.799561492751757
2011-05-09,6.158069721127949,28.56760339283857,29.88742531881623,3.0790348605639744
2011-05-10,36.20470755174946,17.13412353868917,29.033117995826018,18.10235377587473
2011-05-11,61.15573386216825,21.472323836479667,38.91863354810337,30.577866931084124
2011-05-12,92.32963018192663,21.044957472660997,47.77904115717268,46.164815090963316
2011-05-13,24.084260869926226,29.299897735413627,34.28536436515812,12.042130434963113
2011-05-14,70.02833930041109,25.058447577019383,42.52460253457415,35.014169650205545
2011-05-15,99.62918026270022,55.49972082635399,50.020394050320505,49.81459013135011
2011-05-16,88.99931424404211,18.31142415910204,46.514039351204424,44.499657122021055
2011-05-17,59.46896893472415,17.971291768124246,37.01843431673188,29.734484467362076
2011-05-18,58.1205536179986,23.497939124920737,38.90108362569581,29.0602768089993
2011-05-19,26.819754757362574,24.602231305793282,31.41385058342173,13.409877378681287
2011-05-20,38.79218177477449,24.135533433954585,34.1689243193307,19.396090887387246
2011-05-21,55.339229856541905,22.11457181871383,37.5461530164367,27.669614928270953
2011-05-22,59.306913031213185,21.92238879005826,38.574353251580575,29.653456515606592
2011-05-23,37.20396013305582,21.44929547677585,32.07128820530273,18.60198006652791
2011-05-24,7.357644224778835,25.9292551164511,27.700294887236783,3.6788221123894176
2011-05-25,23.077513908494563,23.412971493802473,29.548596695175622,11.538756954247281
2011-05-26,65.88966009071987,20.22718432440317,39.844391372490485,32.944830045359936
2011-05-27,98.27410578969598,25.731765834932823,49.581155951602085,49.13705289484799
2011-05-28,68.11504340360584,26.52141393775812,42.513863024607126,34.05752170180292
2011-05-29,36.32639423565815,14.475077978078138,27.38000120367161,18.163197117829075
2011-05-30,11.048972251411103,17.017133865473824,20.661401592397695,5.524486125705551
2011-05-31,53.3986361486963,17.536660806871538,34.87164118432732,26.69931807434815
2011-06-01,88.8026889948784,19.688534595964267,46.60593094850028,44.4013444974392
2011-06-02,92.91668306179548,21.258369148905068,47.964139193608176,46.45834153089774
2011-06-03,95.70059242908349,14.227231132302654,48.46198286697575,47.85029621454174
2011-06-04,82.1845737505517,24.327719363543316,45.42637377666067,41.09228687527585
2011-06-05,57.32345384074606,16.813660461341847,35.83721648821781,28.66172692037303
2011-06-06,91.92430184834693,20.872330059745124,47.64773729701523,45.962150924173464
2011-06-07,98.95767333805424,11.104489471593167,49.5945817234625,49.47883666902712
2011-06-08,85.47709504613307,25.348396023221646,46.4198709848488,42.738547523066536
2011-06-09,98.10553654717621,46.74756750847273,49.93838385512025,49.05276827358811
2011-06-10,97.08271810238962,26.315042237523954,49.30904301473862,48.54135905119481
2011-06-11,99.73933747412008,87.84749801429706,50.09865424430642,49.86966873706004
2011-06-12,76.21356405802389,13.531908218664762,41.32554070917164,38.106782029011946
2011-06-13,99.99068309478605,71.11111111111111,50.001966902211834,49.995341547393025
2011-06-14,69.31264317774254,18.479685452162517,40.32724860320718,34.65632158887127
2011-06-15,75.73344883110316,16.136910963466498,41.78259617158051,37.86672441555158
2011-06-16,85.83512054621369,19.327374595883498,45.65525958619546,42.917560273106844
2011-06-17,83.60447502947643,13.444889602264828,44.00659774673687,41.802237514738216
2011-06-18,99.89192367575447,15.517241379310345,49.962732301984296,49.945961837877235
2011-06-19,47.22758225752238,13.473930872876391,30.724310215328178,23.61379112876119
2011-06-20,58.13119078827297,12.10681698847819,34.13457550065537,29.065595394136484
2011-06-21,10.558461867548322,13.374493240889946,17.241583405846914,5.279230933774161
2011-06-22,64.44745757089485,16.36206715573646,38.04085965326931,32.22372878544743
2011-06-23,95.64887867304466,12.53093470397868,48.36967550889399,47.82443933652233
2011-06-24,51.672910262313984,14.677099518417732,32.929470186312216,25.836455131156992
2011-06-25,62.50635016411934,9.847860591413609,34.94549744852998,31.25317508205967
2011-06-26,10.545110284347595,9.539492006906922,13.806097196385863,5.272555142173798
2011-06-27,0.9175531362539409,8.572566445879099,8.952685161724451,0.45877656812697043
2011-06-28,3.4961375529529026,9.85552715159966,11.259033142287565,1.7480687764764513
2011-06-29,7.7902715049576905,9.564494808122344,12.714530446970876,3.8951357524788452
2011-06-30,82.86543103716212,14.502865987858854,43.9177190928587,41.43271551858106
2011-07-01,55.647948746675304,11.451706459097373,32.90304109145681,27.823974373337652
2011-07-02,59.18689068657955,15.129599512095954,35.76830533084422,29.593445343289776
2011-07-03,49.82567340259384,6.307278296563612,28.077471113222064,24.91283670129692
2011-07-04,8.217275111455347,9.8441211737291,13.143840210306426,4.1086375557276735
2011-07-05,35.09483463612475,13.073385693819075,26.03271992129286,17.547417318062376
2011-07-06,36.77935828632951,14.544374698530305,27.58472616081634,18.389679143164756
2011-07-07,91.21927273631098,22.442384355907816,47.58024092991657,45.60963636815549
2011-07-08,46.313815309035384,11.582604260055028,29.37516596959437,23.156907654517692
2011-07-09,14.358535658594421,11.455497179099881,16.989923361066758,7.179267829297211
2011-07-10,27.90638313767564,12.072687706531877,22.656828788969847,13.95319156883782
2011-07-11,18.52437844414822,14.984531011880794,21.47092900123335,9.26218922207411
2011-07-12,14.348141089915654,12.872796546701212,18.19986008092056,7.174070544957827
2011-07-13,87.4039728513537,22.882331655646567,46.58425113326538,43.70198642567685
2011-07-14,79.41208776405585,21.715102525643996,44.17673013195281,39.70604388202793
2011-07-15,72.39197933896288,15.37959097870807,40.44199032446617,36.19598966948144
2011-07-16,40.67174939059177,11.116278581843995,26.930968310772265,20.335874695295885
2011-07-17,89.9832619341581,13.48182156595111,46.34206971984455,44.99163096707905
2011-07-18,79.36914478960097,15.925914765821958,42.97022481106877,39.68457239480048
2011-07-19,64.73420136009288,11.567721377591214,36.44655000829325,32.36710068004644
2011-07-20,94.03046589414603,15.480692502515353,47.93935816583305,47.01523294707302
2011-07-21,64.14655839053628,8.655124958077462,35.17643936833856,32.07327919526814
2011-07-22,69.95499426804012,14.625479535230316,39.37172329870663,34.97749713402006
2011-07-23,86.23378507190517,26.089443499465624,46.70842140163289,43.11689253595259
2011-07-24,84.20280576568065,14.718342186372876,44.42648798609341,42.101402882840326
2011-07-25,93.48600919948721,11.258067592916415,47.476354087061694,46.74300459974361
2011-07-26,75.80265339966833,15.373346583510383,41.62126865671642,37.901326699834165
2011-07-27,86.26360303489382,20.327092228542114,45.924011597422705,43.13180151744691
2011-07-28,77.59259988517636,12.366919184911804,41.567405006228256,38.79629994258818
2011-07-29,80.82368055699455,13.783862636828283,43.055077809320544,40.41184027849727
2011-07-30,90.10046191768338,11.407766990291263,46.17954719638752,45.05023095884169
2011-07-31,39.90041655683708,8.841223356494591,25.263746686951414,19.95020827841854
2011-08-01,35.609833050690895,16.011192490200123,28.114550100360553,17.804916525345448
2011-08-02,9.489061705065776,11.723247122415222,15.355351821664781,4.744530852532888
2011-08-03,30.60251363784442,18.643555948906858,28.23941601598569,15.30125681892221
2011-08-04,56.70483302219457,12.592585494859291,33.80439742791952,28.352416511097285
2011-08-05,88.90014501760928,18.055581477817803,46.45421586906981,44.45007250880464
2011-08-06,68.770498260628,16.2176874361051,39.44995211025836,34.385249130314
2011-08-07,99.97018633540372,83.33333333333334,50.00993788819876,49.98509316770186
2011-08-08,68.98370334743733,20.833751077780676,40.953709711859595,34.491851673718664
2011-08-09,67.75802245998615,10.283888553171245,37.19474026754661,33.879011229993075
2011-08-10,13.884488990103861,6.290665130261004,12.359482917897543,6.942244495051931
2011-08-11,1.3289664425069885,6.439445762287336,7.018350910276593,0.6644832212534942
2011-08-12,40.934605814983826,9.222434582197364,25.914570246922036,20.467302907491913
2011-08-13,41.79265546689357,14.000891345039665,29.0458747963599,20.896327733446785
2011-08-14,9.599897020871959,9.793690128682425,13.653454472221588,4.799948510435979
2011-08-15,88.08122370081236,14.526839104436101,45.772033306606836,44.04061185040618
2011-08-16,11.571287955244895,9.379520562099607,14.079833206660105,5.785643977622447
2011-08-17,8.95121596643891,14.120148080901624,17.331831114618595,4.475607983219455
2011-08-18,4.875774398082671,11.774440752271705,13.638232783596363,2.4378871990413353
2011-08-19,3.7568269130931364,11.04132188607838,12.504931990447513,1.8784134565465682
2011-08-20,6.641164462221226,8.992365665068023,11.715750103317156,3.320582231110613
2011-08-21,0.10799831356479586,4.556218799964238,4.605297317280353,0.05399915678239793
2011-08-22,0.048183862975062774,5.40106429620764,5.422553786275492,0.024091931487531387
2011-08-23,0.8776939867785142,6.121153326363032,6.5062753250853085,0.4388469933892571
2011-08-24,0.2706188511056328,5.3400140778781555,5.460872418684539,0.1353094255528164
2011-08-25,0.4130746753449039,5.326971442394718,5.511504410075782,0.20653733767245194
2011-08-26,6.895148396848929,8.662239131501362,11.51253908731889,3.4475741984244643
2011-08-27,86.9935106374162,19.015834581196035,45.97004782071789,43.4967553187081
2011-08-28,1.8907816089089375,10.132729312644214,10.88653233477468,0.9453908044544688
2011-08-29,0.4942999736234888,5.483303381902656,5.70334940154396,0.2471499868117444
2011-08-30,74.71364890153501,20.187516391292945,42.46151072353001,37.356824450767505
2011-08-31,28.96417857773072,15.440299728794537,25.450233031274976,14.48208928886536
2011-09-01,93.41935777802628,15.341284576895239,47.71923393927345,46.70967888901314
2011-09-02,74.27562745784988,10.76637924087356,39.907397234147965,37.13781372892494
2011-09-03,5.039591151019527,7.103759411650218,9.265554556460739,2.5197955755097636
2011-09-04,90.55285414889123,16.45841553772634,46.83127759507617,45.276427074445614
2011-09-05,95.06493936783514,39.56445115810674,49.48499933735339,47.53246968391757
2011-09-06,21.2971576656644,10.160838385917142,18.64544744754722,10.6485788328322
2011-09-07,32.73777775933024,5.957093622049917,20.3757624308131,16.36888887966512
2011-09-08,97.19335300512502,10.203629924745462,48.88305637521354,48.59667650256251
2011-09-09,23.759945036355294,7.723030514233442,17.768015227088277,11.879972518177647
2011-09-10,2.0524674051645007,7.69981023460939,8.568007841866763,1.0262337025822503
2011-09-11,3.385662750440809,8.838153134465035,10.23175445118494,1.6928313752204045
2011-09-12,27.00977044538867,10.680901042836789,21.300899412361783,13.504885222694336
2011-09-13,0.37134804741125965,5.919312238248409,6.083005011537128,0.18567402370562983
2011-09-14,44.198482311269366,11.180773249738767,28.338282318324527,22.099241155634683
2011-09-15,25.871420239076244,15.703525326911768,24.576510416774774,12.935710119538122
2011-09-16,1.3859091277266977,6.347511457069686,6.952495280266008,0.6929545638633489
2011-09-17,57.81005442792555,14.734433811409875,35.12147681934994,28.905027213962775
2011-09-18,100.0,-1.0,50.0,50.0
2011-09-19,90.45207394749106,22.568608308927214,47.38087100616229,45.22603697374553
2011-09-20,32.38869672932198,38.13786627057682,41.97985678982631,16.19434836466099
2011-09-21,3.0575838379810767,37.759559212598084,38.13382095181133,1.5287919189905383
2011-09-22,12.168689209505535,27.497629861148877,30.235873348118247,6.084344604752768
2011-09-23,13.430790315212427,23.985608059486687,27.479546492794547,6.715395157606213
2011-09-24,10.385521903001733,19.671040892796317,22.820861583827394,5.192760951500866
2011-09-25,23.133487098468507,13.365077135819542,21.840012290138617,11.566743549234253
2011-09-26,1.2795643541325712,10.8185664305505,11.319918087943309,0.6397821770662856
2011-09-27,3.4964090933635728,11.477449054037477,12.824355028307727,1.7482045466817864
2011-09-28,2.3805122815908017,8.92494324842404,9.902740019065698,1.1902561407954009
2011-09-29,0.1607513359599077,7.122099372809252,7.191026170899023,0.08037566797995385
2011-09-30,0.10322146508019914,7.195545871864812,7.239729256535456,0.05161073254009957
2011-10-01,0.004153781290953688,6.270808712502777,6.272625127469163,0.002076890645476844
2011-10-02,0.011215209485574956,6.064162347980517,6.069089844212433,0.005607604742787478
2011-10-03,0.27331880894475263,6.745901997821618,6.864123583300969,0.13665940447237632
2011-10-04,0.0199381501965777,5.386243672010187,5.395138829755197,0.00996907509828885
2011-10-05,0.5831908932498977,6.513732527507882,6.7673404792217475,0.29159544662494885
2011-10-06,15.297429839113203,13.289653008598798,18.905392583303403,7.6487149195566015
2011-10-07,62.42322956278692,30.889607451469438,42.818931662388394,31.21161478139346
2011-10-08,82.90257213540696,14.131462226423325,43.86740262807842,41.45128606770348
2011-10-09,23.995774302946778,42.51185830654917,44.30869588679449,11.997887151473389
2011-10-10,52.94221337397995,33.451292334133925,42.21254445723292,26.471106686989977
2011-10-11,14.943557125835019,27.5316726013389,30.88923994137746,7.4717785629175095
2011-10-12,10.453456458463952,21.2155075279487,24.224481915304416,5.226728229231976
2011-10-13,44.0657681314533,7.021200063781896,25.960138389356963,22.03288406572665
2011-10-14,7.4143527315544535,17.921612431477048,20.30001723640245,3.7071763657772268
2011-10-15,5.437981139637704,16.13956644625159,17.980890436703984,2.718990569818852
2011-10-16,2.6420721222140076,15.363251236150631,16.278379119281603,1.3210360611070038
2011-10-17,2.068575961656273,14.165843190309982,14.907099944137443,1.0342879808281364
2011-10-18,1.4756246741891335,13.764529307357302,14.299228853706508,0.7378123370945667
2011-10-19,99.03869247269084,39.50032306698256,49.89906581529976,49.51934623634542
2011-10-20,77.87856744652586,39.88345621644916,47.76207559017912,38.93928372326293
2011-10-21,24.47935589821099,50.21814133139063,50.16474173851842,12.239677949105495
2011-10-22,12.447907906785522,38.612356219613424,40.029879630148734,6.223953953392761
2011-10-23,24.094611795535197,30.460509038385787,35.16847353241042,12.047305897767599
2011-10-24,68.28636706666778,42.11094041120518,47.498092600117765,34.14318353333389
2011-10-25,95.28634169674305,97.14900720435776,52.22244309299142,47.643170848371525
2011-10-26,99.43374272250702,76.672760511883,50.15103644750681,49.71687136125351
2011-10-27,30.495723870576786,37.12326149399547,41.05011611232285,15.247861935288393
2011-10-28,39.096659845506956,24.07540560157845,34.211056089856676,19.548329922753478
2011-10-29,3.205997487202384,25.396644904386857,26.185427850519694,1.602998743601192
2011-10-30,3.8492851386938933,22.15449349617028,23.226346439816236,1.9246425693469467
2011-10-31,9.120202638873028,20.438958416149212,23.134985310757923,4.560101319436514
2011-11-01,11.842036968215972,22.526782833551962,25.780171366760996,5.921018484107986
2011-11-02,28.885555043720405,23.243531873050514,30.97228620161602,14.442777521860203
2011-11-03,60.361140876861,29.82702906204574,42.003664468952536,30.1805704384305
2011-11-04,88.95623425692695,26.94976929136812,47.454386517300804,44.478117128463474
2011-11-05,94.85721385822859,43.63372795361198,49.67259624345089,47.428606929114295
2011-11-06,80.95166062977115,24.914876257818875,45.221700498147484,40.47583031488558
2011-11-07,83.62770543043504,34.422205915842206,47.44955766510142,41.81385271521752
2011-11-08,83.81802476245322,32.089915256406975,47.101794521768134,41.90901238122661
2011-11-09,24.198797106081297,28.192224817174505,33.4694440870168,12.099398553040649
2011-11-10,3.442159916926272,20.3221587951631,21.343717549325024,1.721079958463136
2011-11-11,47.45833039422746,29.225994456158638,39.084990643270004,23.72916519711373
2011-11-12,4.628471977038326,19.039789900960777,20.472774549426997,2.314235988519163
2011-11-13,3.333167183807067,17.729054990385546,18.804699539350437,1.6665835919035334
2011-11-14,9.038053431785807,17.590512715153174,20.519699492925458,4.519026715892903
2011-11-15,3.576086595334618,16.364948253766546,17.56776683059746,1.788043297667309
2011-11-16,11.970882031115366,15.744907682582813,19.845544373550485,5.985441015557683
2011-11-17,3.5980934777416644,15.087035201861346,16.34323631114942,1.7990467388708322
2011-11-18,12.194681409847842,15.774204302829538,19.94793104808489,6.097340704923921
2011-11-19,3.74268690069969,15.770327825700464,17.05143728232042,1.871343450349845
2011-11-20,12.875019721491027,14.25987876708412,18.861426424306842,6.4375098607455135
2011-11-21,2.786661903852065,15.136619026255635,16.10814358224578,1.3933309519260324
2011-11-22,5.81062110098602,15.321727166895968,17.336750205593813,2.90531055049301
2011-11-23,9.753651415922956,16.798774104334584,20.03710594401093,4.876825707961478
2011-11-24,3.6042060839929135,13.77776915966984,15.083293007374978,1.8021030419964568
2011-11-25,11.015502684834114,14.619735663082437,18.517049631017,5.507751342417057
2011-11-26,27.328622670962172,11.948927418663773,22.347761466671095,13.664311335481086
2011-11-27,2.6702139369508013,14.093120518948446,15.051911019175613,1.3351069684754007
2011-11-28,11.773425708122517,17.01411685527576,20.897685301487975,5.886712854061258
2011-11-29,28.29850882506701,14.942119683936731,24.862977039059324,14.149254412533505
2011-11-30,8.30943595259701,17.080014584753496,19.81547968843768,4.154717976298505
2011-12-01,5.268120456905503,14.53914858353028,16.407268951194183,2.6340602284527517
2011-12-02,40.35925609341157,17.841762156220213,30.82058772271969,20.179628046705783
2011-12-03,84.19125110303713,58.77905605492807,51.38785892724719,42.095625551518566
2011-12-04,90.84156006602096,44.276863241678726,49.47584995764967,45.42078003301048
2011-12-05,62.60978071839134,46.89968678105164,48.84078608901851,31.30489035919567
2011-12-06,51.25013477983196,18.46834393143489,34.628360164887575,25.62506738991598
2011-12-07,99.76004140786749,29.939603106125972,49.951863354037265,49.880020703933745
2011-12-08,6.070158825093035,52.07934451455431,51.953125,3.0350794125465175
2011-12-09,49.86525313752887,78.03078856944381,64.05316489284515,24.932626568764434
2011-12-10,42.76714817918572,51.21975970860591,50.69810326659642,21.38357408959286
2011-12-11,44.178531129696005,71.68979124709239,62.1075600690296,22.089265564848002
2011-12-12,94.07821159629196,99.26555450634771,52.917401893779356,47.03910579814598
2011-12-13,64.30604709214211,77.59506978851437,59.84977121520284,32.153023546071054
2011-12-14,81.38081642293874,84.703552034185,56.461518061005876,40.69040821146937
2011-12-15,99.55201468777064,88.78071395456652,50.17373190249413,49.77600734388532
2011-12-16,100.0,-1.0,50.0,50.0
2011-12-17,64.55778590320789,58.733463558419984,53.095332852440535,32.27889295160394
2011-12-18,75.28437998014677,71.79594677309811,55.38700338416839,37.64218999007338
2011-12-19,17.350785775083562,64.30937949778078,61.82658971537711,8.675392887541781
2011-12-20,74.60484873601327,57.13912710004324,51.812992125984245,37.30242436800663
2011-12-21,59.63636212927504,60.82235524843158,54.368296281560326,29.81818106463752
2011-12-22,93.72176596692178,68.02810860743624,51.13184685011236,46.86088298346089
2011-12-23,13.546162453472174,60.28157109273885,58.88881276974721,6.773081226736087
2011-12-24,92.62603149622605,50.97444538051109,50.07185529544537,46.313015748113024
2011-12-25,27.175201160577718,58.55066103148842,56.227001695622306,13.587600580288859
2011-12-26,35.00754057076001,60.35486527376142,56.729881612001854,17.503770285380003
2011-12-27,9.871302570833429,62.651704552000645,61.40281651530476,4.935651285416714
2011-12-28,3.4250515564545774,58.1952565379049,57.91456477629795,1.7125257782272887
2011-12-29,99.10822064447467,80.61295565358718,50.27300001863482,49.554110322237335
2011-12-30,81.29534558985004,61.70528554339639,52.189433208613536,40.64767279492502
2011-12-31,75.53599854082377,38.578327543844786,47.20580188366386,37.767999270411885
2012-01-01,65.18328353009242,58.04153737112635,52.799799266326715,32.59164176504621
2012-01-02,97.8317044889846,91.45339954163484,50.89883220142455,48.9158522444923
2012-01-03,22.397460633596815,86.7579908675799,78.52513433331258,11.198730316798407
2012-01-04,97.00853108046549,93.21658475808127,51.29281070112229,48.504265540232744
2012-01-05,94.01035140514422,42.90110650069156,49.57480122526837,47.00517570257211
2012-01-06,82.83349218847125,39.07953022969499,48.125336703824956,41.41674609423563
2012-01-07,68.10328385438262,43.38509135105975,47.890061364955635,34.05164192719131
2012-01-08,80.5109351393808,28.27839217354317,45.76666176193249,40.2554675696904
2012-01-09,28.661107836870897,59.12352915509141,56.50862462542231,14.330553918435449
2012-01-10,76.420194264915,48.80930404282813,49.71923620640336,38.2100971324575
2012-01-11,3.609131532609057,64.91556495757244,64.3772425994219,1.8045657663045285
2012-01-12,10.107793483384519,67.31455579092292,65.56443624901105,5.0538967416922596
2012-01-13,34.09380039140568,51.941455611501056,51.279539610628134,17.04690019570284
2012-01-14,19.55330918601393,55.1034151778803,54.105528629103404,9.776654593006965
2012-01-15,4.254338237126505,60.61759564121585,60.16588720998812,2.1271691185632524
2012-01-16,2.3923603971829173,59.57886852833786,59.34970747116769,1.1961801985914586
2012-01-17,29.36408434040045,56.570583931095484,54.64119212391181,14.682042170200225
2012-01-18,3.053008670370178,60.72931126077494,60.40174445771248,1.526504335185089
2012-01-19,99.37018633540373,53.122945430637735,50.019668737060044,49.685093167701865
2012-01-20,96.83398450845078,49.571643450395655,49.98643816528046,48.41699225422539
2012-01-21,77.79387442953605,36.907928508096504,47.092758164733,38.89693721476802
2012-01-22,49.34980655915807,51.181972615076035,50.59867141595379,24.674903279579034
2012-01-23,38.61344232704337,53.70867328660173,52.2766268659813,19.306721163521686
2012-01-24,70.29222259998508,40.69029043558359,47.234292206015276,35.14611129999254
2012-01-25,18.54267788854795,57.76043551618149,56.32144295566748,9.271338944273975
2012-01-26,9.665280829342649,63.36242172341815,62.070906138248695,4.832640414671324
2012-01-27,28.71075872518395,60.337207541896184,57.36931682562086,14.355379362591975
2012-01-28,95.34863494798223,95.29872673849168,52.10700914452323,47.67431747399112
2012-01-29,57.496412901941596,71.58223896032938,59.1732257342147,28.748206450970798
2012-01-30,20.098518486227963,66.27671044256525,63.00533278531647,10.049259243113982
2012-01-31,87.87347204215114,94.10428515311438,55.34831846970181,43.93673602107557
2012-02-01,98.15518098235732,100.0,50.92240950882133,49.07759049117866
2012-02-02,97.39239190529536,100.0,51.30380404735232,48.69619595264768
2012-02-03,25.14289746665726,74.04400674296868,67.9986467807079,12.57144873332863
2012-02-04,90.81469483120746,99.98195963468261,54.5909955217883,45.40734741560373
2012-02-05,18.888711248056044,79.0558788068061,73.5675977584034,9.444355624028022
2012-02-06,20.027439112981895,78.7676192503043,73.00620182069515,10.013719556490948
2012-02-07,93.36985109863939,99.8813056379822,53.307204837741004,46.68492554931969
2012-02-08,21.850684189443577,79.40281304112267,72.97809722069442,10.925342094721788
2012-02-09,44.340295783120034,63.25794418296123,57.37933251747527,22.170147891560017
2012-02-10,67.17166169616155,88.80246968137827,62.7382060172472,33.585830848080775
2012-02-11,79.53326608100522,98.55574110621932,59.93777433460588,39.76663304050261
2012-02-12,70.8487811347891,93.50731520054597,62.68291267648832,35.42439056739455
2012-02-13,88.1821194110216,83.17532638219575,53.92062045685174,44.0910597055108
2012-02-14,69.42514056358118,65.90428273074942,54.86271208929726,34.71257028179059
2012-02-15,85.63653239741268,49.65165087195465,49.94996498584931,42.81826619870634
2012-02-16,35.410359888371325,57.91264178764058,55.11074685395939,17.705179944185662
2012-02-17,37.22300728133683,55.952243226358775,53.73663929680838,18.611503640668413
2012-02-18,20.33181839887553,70.78815076579077,66.56154170360574,10.165909199437765
2012-02-19,98.13066887554359,100.0,50.93466556222821,49.065334437771796
2012-02-20,96.05918267597816,95.80092495270128,51.80493078509829,48.02959133798908
2012-02-21,2.377970906145843,75.9837394223283,75.36585365853658,1.1889854530729216
2012-02-22,4.163023726701625,68.96586843605019,68.1763148330824,2.0815118633508125
2012-02-23,99.8120082815735,83.70044052863436,50.06335403726708,49.90600414078675
2012-02-24,12.01748193671622,64.30471093239318,62.58564487999335,6.00874096835811
2012-02-25,58.909853249475894,52.51367609358283,51.03287319568602,29.454926624737947
2012-02-26,58.75370673744893,34.10021015374405,43.441926051883954,29.376853368724465
2012-02-27,17.221317004825902,58.80438407550519,57.28815318354003,8.610658502412951
2012-02-28,34.570854721780734,48.88961473452548,49.27348441150474,17.285427360890367
2012-02-29,62.277561629808666,59.34379928236633,53.524708925725015,31.138780814904333
2012-03-01,2.855754393907613,58.45290827931795,58.211513979718355,1.4278771969538064
2012-03-02,1.579205329921829,55.887479320706305,55.79450393347566,0.7896026649609145
2012-03-03,3.204455917444244,55.057103073031435,54.89505043435642,1.602227958722122
2012-03-04,83.76147682060225,85.17786309197352,55.712365452206924,41.88073841030113
2012-03-05,97.9522240834184,100.0,51.0238879582908,48.9761120417092
2012-03-06,63.09073302630733,65.65767223411368,55.77913204675477,31.545366513153667
2012-03-07,9.45401314355125,69.91336332824245,68.0307513418673,4.727006571775625
2012-03-08,56.31315958615828,42.43590595426803,46.695486305488174,28.15657979307914
2012-03-09,28.141977845014715,54.96494045074913,53.56770800908114,14.070988922507357
2012-03-10,8.772228543900596,61.13665436038439,60.15972158774721,4.386114271950298
2012-03-11,59.80084693943118,32.358795078839634,42.908385032014145,29.90042346971559
2012-03-12,40.59876215444861,56.859527218129124,54.07464407792122,20.299381077224304
2012-03-13,2.2167994101826562,54.60430600364037,54.50223777530867,1.1083997050913281
2012-03-14,3.954967696112942,54.06236418243502,53.901698991321254,1.977483848056471
2012-03-15,3.55559339844618,52.42871477728347,52.3423595549953,1.77779669922309
2012-03-16,5.9245121576380875,51.9079166675865,51.79488191265773,2.9622560788190437
2012-03-17,12.051186766510202,51.17010277642704,51.0290915054797,6.025593383255101
2012-03-18,84.49503695356776,79.03891627590076,54.502473237662805,42.24751847678388
2012-03-19,98.15645014670955,89.39683252836123,50.72630024827769,49.07822507335477
2012-03-20,8.180730747984565,60.57886511316526,59.713436642064735,4.090365373992283
2012-03-21,20.062651022594224,59.25816278037037,57.40072989064095,10.031325511297112
2012-03-22,10.266815081863719,51.35063203839905,51.21196514458022,5.133407540931859
2012-03-23,14.061429336744228,52.357595892479615,52.02608421201261,7.030714668372114
2012-03-24,39.06206541547837,56.40659699987738,53.904047888879205,19.531032707739186
2012-03-25,73.2255991375736,44.15674918117833,48.43550460237167,36.6127995687868
2012-03-26,3.9607579269153774,47.20468286438376,47.315398609415105,1.9803789634576887
2012-03-27,5.618460567141985,47.29705643537558,47.44892025370611,2.8092302835709924
2012-03-28,2.9607415145555254,46.395146015473685,46.50187642393266,1.4803707572777627
2012-03-29,38.97578988859615,36.011626523431524,41.463705578490966,19.487894944298073
2012-03-30,71.35817875770114,20.9434959143645,41.67768804053102,35.67908937885057
2012-03-31,3.804337667678083,44.28273799885575,44.500241950725126,1.9021688338390415
2012-04-01,24.503452797928322,41.444155244490005,43.540632625620425,12.251726398964161
2012-04-02,15.740556206040374,42.47408659401633,43.65870722370311,7.870278103020187
2012-04-03,63.54868276983311,36.16343435147943,44.95638956169747,31.774341384916553
2012-04-04,96.25703772573007,57.772737331267976,50.29093062598745,48.128518862865036
2012-04-05,99.2970898068705,61.620029455081,50.081678371484415,49.64854490343525
2012-04-06,78.78233256710064,43.152866242038215,48.547197930549885,39.39116628355032
2012-04-07,97.23630836893119,65.82752678504534,50.43742403316347,48.618154184465595
2012-04-08,81.9948742067348,33.47640472710954,47.02490588554605,40.9974371033674
2012-04-09,52.716728729359666,38.37606500300371,44.503823283047346,26.358364364679833
2012-04-10,28.00752737699544,44.79184979177774,46.25052388718064,14.00376368849772
2012-04-11,98.69885974229803,97.66072565245067,50.62013288857693,49.34942987114901
2012-04-12,24.125495179011885,69.50019838826637,64.7956789662074,12.062747589505943
2012-04-13,99.79543835820648,100.0,50.10228082089676,49.89771917910324
2012-04-14,99.84678835260212,55.54054054054054,50.00848875343691,49.92339417630106
2012-04-15,99.60061863738284,100.0,50.19969068130858,49.80030931869142
2012-04-16,99.51527273931985,81.33276377616403,50.15187844754758,49.75763636965993
2012-04-17,39.42814208444202,47.61816649190978,48.55727919169445,19.71407104222101
2012-04-18,91.43195089767518,39.9545476524346,49.13930071030996,45.71597544883759
2012-04-19,96.36390002382358,55.54922515952598,50.201775374703494,48.18195001191179
2012-04-20,96.31804258544739,35.34705816177298,49.460484921537315,48.15902129272369
2012-04-21,46.637151801699936,55.39386823628206,52.878321718943525,23.318575900849968
2012-04-22,99.09157924816638,80.46501025757921,50.27675047522809,49.54578962408319
2012-04-23,94.14407137709074,55.2183908045977,50.3055852407817,47.07203568854537
2012-04-24,99.42972629346939,73.27523602033406,50.13273255115691,49.71486314673469
2012-04-25,29.55863368629909,67.39382796801434,62.252450074923935,14.779316843149545
2012-04-26,32.47735016663139,58.01231126668367,55.41012488016236,16.238675083315695
2012-04-27,20.207735705716054,50.37745960063682,50.30118356214428,10.103867852858027
2012-04-28,3.5571653163920773,49.474244098031996,49.49294610462569,1.7785826581960387
2012-04-29,92.31693224038736,64.90107283411504,51.144859522754295,46.15846612019368
2012-04-30,66.01178170870025,50.99624197759828,50.338604898055664,33.00589085435013
2012-05-01,96.89095031525329,46.98634698634699,49.90630403047966,48.445475157626646
2012-05-02,53.22830824869255,39.102367999858124,44.9029931527018,26.614154124346275
2012-05-03,59.44584539580102,27.473319799342395,40.864495284231836,29.72292269790051
2012-05-04,51.42407425841131,39.142833967306615,44.72603109031787,25.712037129205655
2012-05-05,93.28303809212188,30.04162170494836,48.659403332491166,46.64151904606094
2012-05-06,99.21922556120104,48.92601431980907,49.99161459433271,49.60961278060052
2012-05-07,61.5857932699287,27.88680080548072,41.5053899467849,30.79289663496435
2012-05-08,61.243139117037806,34.372157722968275,43.94313890968206,30.621569558518903
2012-05-09,77.44863336670377,14.176209996139777,41.92124577428735,38.72431668335189
2012-05-10,36.81609483955161,29.948906883122856,37.33093634139915,18.408047419775805
2012-05-11,27.32114366806157,30.462993888218048,35.80072739645597,13.660571834030785
2012-05-12,95.45304907212055,21.597377168617093,48.70854667762634,47.726524536060275
2012-05-13,61.20403209591463,25.03646554073188,40.315155183457044,30.602016047957314
2012-05-14,5.2669065749118,29.42686356472582,30.510431440300845,2.6334532874559
2012-05-15,8.764082276838094,28.69017758375024,30.557787953358464,4.382041138419047
2012-05-16,87.03531415570718,22.85956304240119,46.48132761167897,43.51765707785359
2012-05-17,15.258315875583165,42.302933487525394,43.477376209152496,7.629157937791582
2012-05-18,63.02407435813458,24.00605449041372,40.388498036988366,31.51203717906729
2012-05-19,26.402703947614125,24.711102841468126,31.388055489851897,13.201351973807062
2012-05-20,93.42570657035884,23.479383878791698,48.256456876843046,46.71285328517942
2012-05-21,95.90131177073519,64.47913509144185,50.59345460569228,47.950655885367595
2012-05-22,80.6124077770937,28.91878020615029,45.91285907075381,40.30620388854685
2012-05-23,39.24575441159382,18.461175891960572,30.838825345706272,19.62287720579691
2012-05-24,85.81785641786222,23.36342126018754,46.22236215775061,42.90892820893111
2012-05-25,20.861573975085268,24.905568321319528,30.14066174959468,10.430786987542634
2012-05-26,44.14474775970793,26.497119958999804,36.87240706936608,22.072373879853966
2012-05-27,68.82733894950626,20.896961155173216,40.927808345508616,34.41366947475313
2012-05-28,91.02832267470757,23.247385794418413,47.59984177739487,45.514161337353784
2012-05-29,70.15161754401967,15.886046059393838,39.8175365569509,35.075808772009836
2012-05-30,74.43921368648205,21.632361766661802,42.74900860898461,37.219606843241024
2012-05-31,76.43715670369242,18.234657896819463,42.51518221769155,38.21857835184621
2012-06-01,74.91690221400684,17.49392772756564,41.846470105519685,37.45845110700342
2012-06-02,33.82110683712805,28.424035890185063,35.72126576290597,16.910553418564024
2012-06-03,81.74416845734794,23.26988342924598,45.120194947688624,40.87208422867397
2012-06-04,99.95424430641822,93.21266968325791,50.01977225672878,49.97712215320911
2012-06-05,16.753090930226765,21.512516613594595,26.285050609052334,8.376545465113383
2012-06-06,99.86210066651344,21.77177177177177,49.96107346141821,49.93105033325672
2012-06-07,63.14840079452293,27.926250168789668,41.8654701825827,31.574200397261464
2012-06-08,96.28278192872881,25.649025069637883,49.09482115935786,48.141390964364405
2012-06-09,94.80609848531915,21.95773524720893,48.54351238625397,47.40304924265958
2012-06-10,97.162588915004,34.6007882061013,49.5630610575579,48.581294457502
2012-06-11,97.23021173059999,39.0625,49.697054408034376,48.615105865299995
2012-06-12,98.76153361936157,20.882795519143958,49.63939321152285,49.380766809680786
2012-06-13,75.66966969457009,23.453182244185054,43.541071554429706,37.834834847285045
2012-06-14,59.294075692800185,16.153250616302998,36.222367815424676,29.647037846400092
2012-06-15,9.354053672433698,18.32523938241627,21.288113491199947,4.677026836216849
2012-06-16,1.6394838554246893,17.684792408767755,18.21459502007298,0.8197419277123447
2012-06-17,7.578164750838499,16.96511431942026,19.468552381545745,3.7890823754192495
2012-06-18,5.585109696388304,15.373297793729549,17.30723709619146,2.792554848194152
2012-06-19,11.71463576709029,16.750676824721804,20.64571392972838,5.857317883545145
2012-06-20,58.61841627880459,20.99978958126672,37.99925364624905,29.309208139402294
2012-06-21,35.50111321604276,15.96556472056723,28.048168121559456,17.75055660802138
2012-06-22,25.47868266530508,17.26952932427577,25.60882208260428,12.73934133265254
2012-06-23,83.01701448614594,23.15492751500952,45.44090522869044,41.50850724307297
2012-06-24,64.21244023900252,11.82270575899245,36.337278008367576,32.10622011950126
2012-06-25,71.32908152161522,13.924352616283272,39.65678054806502,35.66454076080761
2012-06-26,63.99015819846113,11.431992309596312,36.11172144468029,31.995079099230566
2012-06-27,42.02576724803467,18.14605333810632,31.53291882154686,21.012883624017334
2012-06-28,6.606800562386947,13.6902776480634,16.089188588612288,3.3034002811934733
2012-06-29,14.05237850048168,13.634969139903133,18.745120918180913,7.02618925024084
2012-06-30,1.7188346981966358,12.57256246130178,13.2158782443628,0.8594173490983179
2012-07-01,13.340516033405784,9.853874715534795,15.209574995900049,6.670258016702892
2012-07-02,56.22946095170563,15.7646925077329,35.01502136579358,28.114730475852816
2012-07-03,71.33573034639257,16.957301291227463,40.528551741288375,35.66786517319628
2012-07-04,32.75262987471252,19.372551924661785,29.403846632847074,16.37631493735626
2012-07-05,43.67379456144464,13.461070962894208,29.419007765511836,21.83689728072232
2012-07-06,67.48175076582534,10.092035488476442,37.02262863585679,33.74087538291267
2012-07-07,50.37560136672842,14.512777849776132,32.38967941629826,25.18780068336421
2012-07-08,59.56305908406634,15.7349291325662,36.14425353853299,29.78152954203317
2012-07-09,27.402174386909667,16.52116224338939,25.695091748166387,13.701087193454834
2012-07-10,35.97393433777445,12.889444955853179,26.239571659818207,17.986967168887226
2012-07-11,46.05215103297725,18.243781228483837,32.868203059505134,23.026075516488625
2012-07-12,52.644721859840004,11.420224856891334,31.730440175132586,26.322360929920002
2012-07-13,93.77475350070429,23.538415466010047,48.35270113513961,46.887376750352146
2012-07-14,92.61211698154635,19.491406622368014,47.746060810684845,46.306058490773175
2012-07-15,71.30605137135395,12.892038927541885,39.35226071273089,35.65302568567697
2012-07-16,18.73419823559938,8.623032556999014,16.374675661650233,9.36709911779969
2012-07-17,55.02596239185793,9.384870043941147,31.733736178966314,27.512981195928965
2012-07-18,1.3649325322073818,6.9376333127683365,7.525405564820796,0.6824662661036909
2012-07-19,30.05850040570519,8.101901303140355,20.695841469918673,15.029250202852594
2012-07-20,78.83284307933408,23.311886084750906,44.350885048393145,39.41642153966704
2012-07-21,78.00702597954383,11.685435612307403,41.57348780816382,39.00351298977191
2012-07-22,66.66708143060377,11.432073264813479,37.14418438745588,33.333540715301886
2012-07-23,19.338599350224722,9.187749324411271,17.080266968372758,9.669299675112361
2012-07-24,42.33758366147858,12.964228917656708,28.644279484317494,21.16879183073929
2012-07-25,78.85348338359188,15.602795174110337,42.72618936591331,39.42674169179594
2012-07-26,19.666753860398682,10.676204406725347,18.409918494620978,9.833376930199341
2012-07-27,2.8911373897729207,7.725654159136841,8.94786357802395,1.4455686948864603
2012-07-28,54.9432591167004,11.500046027800792,32.65317549855659,27.4716295583502
2012-07-29,54.760704662696554,17.550664832645577,35.32014942864907,27.380352331348277
2012-07-30,73.55563939074847,15.75387027238879,40.9438299601184,36.777819695374234
2012-07-31,46.96264153839453,13.310911224090733,30.54107646962434,23.481320769197264
2012-08-01,3.1094754681243457,9.62994401145493,10.885240998886802,1.5547377340621729
2012-08-02,45.864176394293125,13.742251798809354,30.371569390402076,22.932088197146562
2012-08-03,61.819950470201235,15.856778882979592,36.96410126645289,30.909975235100617
2012-08-04,45.71953759719836,14.887973275644603,30.941029535024605,22.85976879859918
2012-08-05,30.36738200631292,11.94022733639707,23.497983891887632,15.18369100315646
2012-08-06,31.01797674476508,10.813534137633361,22.968383005917552,15.50898837238254
2012-08-07,16.17025163643611,10.606814810412162,16.976791983175797,8.085125818218055
2012-08-08,15.90016196685909,11.83408722790661,17.902529174799618,7.950080983429545
2012-08-09,83.70824798424262,12.809560132214596,43.941025763171034,41.85412399212131
2012-08-10,48.644281212855425,14.34866906329523,31.691002740271625,24.322140606427713
2012-08-11,45.514888813729534,12.471390216501325,29.55249523279917,22.757444406864767
2012-08-12,21.431788698043693,12.573113319701365,20.594364589279227,10.715894349021847
2012-08-13,34.00114969006099,13.91701359628712,26.18564381605789,17.000574845030496
2012-08-14,45.381766115728205,15.465715327801584,31.137983627478445,22.690883057864102
2012-08-15,15.258879348830447,13.65787081392471,19.203272459224035,7.629439674415224
2012-08-16,58.4321379974113,19.574145321536747,37.35262271414822,29.21606899870565
2012-08-17,0.3586790144738509,5.608197397876447,5.767421477956921,0.17933950723692546
2012-08-18,0.029076469036675812,4.659820629106947,4.673003952322898,0.014538234518337906
2012-08-19,0.0,3.968522645377153,3.968522645377153,0.0
2012-08-20,0.00809987351735969,4.67525184338976,4.678923090662508,0.004049936758679845
2012-08-21,0.2575344400391286,5.983979144152304,6.097335556990918,0.1287672200195643
2012-08-22,5.261431258798467,6.766050521830989,9.04077505408851,2.6307156293992335
2012-08-23,1.293808823651573,6.627897680172692,7.1890497669898075,0.6469044118257865
2012-08-24,30.50518215363415,10.667208189740128,22.6657479775696,15.252591076817074
2012-08-25,66.235874344638,19.983176456863575,39.865081981147135,33.117937172319
2012-08-26,86.84661986888888,17.637514964400477,45.743239323393645,43.42330993444444
2012-08-27,0.2031199051276353,4.785530404090645,4.87736999183782,0.10155995256381765
2012-08-28,0.0031153359682152657,3.936038083053291,3.9374731302272745,0.0015576679841076328
2012-08-29,28.327326928346636,10.207586900041418,21.47971385154492,14.163663464173318
2012-08-30,93.07757310147426,21.443317475989588,48.0231845276313,46.53878655073713
2012-08-31,99.9511380082113,100.0,50.024430995894356,49.97556900410565
2012-09-01,99.69292951044723,90.62710721510452,50.12475385701654,49.846464755223614
2012-09-02,53.02336101462086,12.549307159863421,32.40692322696581,26.51168050731043
2012-09-03,98.65316170548446,18.35511145272867,49.57379452278859,49.32658085274223
2012-09-04,88.20513989353877,19.225634178905207,46.37020660275125,44.102569946769385
2012-09-05,62.32326101696321,16.382968185045154,37.33419866923503,31.161630508481604
2012-09-06,41.84475166325646,12.87066178517139,28.407341155376997,20.92237583162823
2012-09-07,1.1709412182523942,5.552952054722552,6.073400859410209,0.5854706091261971
2012-09-08,0.029907225294866547,4.154608440931141,4.168319525472025,0.014953612647433273
2012-09-09,0.7366639321280595,5.7179860570606005,6.044195682198153,0.36833196606402974
2012-09-10,17.259076102865613,8.536573126179292,15.69277752518804,8.629538051432807
2012-09-11,31.64224942934219,11.292408383320787,23.54036107076157,15.821124714671095
2012-09-12,99.99296066252587,100.0,50.00351966873706,49.99648033126294
2012-09-13,87.55388634202627,12.604650388642,45.34573228457375,43.77694317101314
2012-09-14,3.8759770410917946,18.786064105804606,19.99590909468473,1.9379885205458973
2012-09-15,16.101161871033767,7.791221298495646,14.587325081011288,8.050580935516884
2012-09-16,7.244540895262026,10.739281316467032,13.583540137269356,3.622270447631013
2012-09-17,35.65193213108155,8.18671963677639,23.09396197365172,17.825966065540776
2012-09-18,0.2066484732935405,7.45995309043307,7.547861447910047,0.10332423664677025
2012-09-19,98.5981018161942,55.6343228474376,50.07898746966798,49.2990509080971
2012-09-20,2.770653214568307,7.938355725484332,9.103738024676487,1.3853266072841535
2012-09-21,10.200747013916715,7.828557820581293,12.13035994942396,5.100373506958357
2012-09-22,36.28205101602525,8.16904068726105,23.34617068560176,18.141025508012625
2012-09-23,60.615905820689434,15.602642731173171,36.45291241805131,30.307952910344717
2012-09-24,98.99624211932047,88.8407590759076,50.38986718014017,49.498121059660235
2012-09-25,55.54573886496935,12.040345982663544,33.125316277179095,27.772869432484676
2012-09-26,84.4544414697423,20.107703176443927,45.35307550125573,42.22722073487115
2012-09-27,47.16347670191398,15.214778859068309,31.62069852758088,23.58173835095699
2012-09-28,19.615295201879725,9.233327566484451,17.22983070830185,9.807647600939863
2012-09-29,99.96956496534133,100.0,50.01521751732933,49.98478248267067
2012-09-30,81.497334623377,23.059782547840594,45.015341713092354,40.7486673116885
2012-10-01,96.87524593355342,28.625397667020145,49.33209624441343,48.43762296677671
2012-10-02,43.665744704249256,17.951079009499114,31.94547902967778,21.832872352124628
2012-10-03,40.7350930588145,14.92398332288972,29.212231357635886,20.36754652940725
2012-10-04,85.7107341449064,17.97831003885635,45.424335590158364,42.8553670724532
2012-10-05,20.49720511527213,9.999921675721824,18.198819776118626,10.248602557636065
2012-10-06,8.16238393435543,8.432283094286387,11.8251997408767,4.081191967177715
2012-10-07,74.3198234141994,31.848300686827596,45.338611563053774,37.1599117070997
2012-10-08,24.58883404601407,9.481413820710982,19.444461734127554,12.294417023007036
2012-10-09,59.97333836435219,11.146505063061664,34.44824304796814,29.986669182176094
2012-10-10,92.4690585857247,18.166817919313587,47.60266170720392,46.23452929286235
2012-10-11,56.62296142411086,18.79244994431619,36.46308897375612,28.31148071205543
2012-10-12,52.07182549556274,13.230484364995586,32.37704238201874,26.03591274778137
2012-10-13,91.88669670136191,33.43970997472491,48.65641344311532,45.94334835068096
2012-10-14,77.75132160005305,17.521865074560136,42.77404421013804,38.87566080002652
2012-10-15,99.82898302873954,100.0,50.08550848563023,49.91449151436977
2012-10-16,27.279464578567364,66.08983600005709,61.70061488767193,13.639732289283682
2012-10-17,95.48383221875434,36.37989544162157,49.38489322616254,47.74191610937717
2012-10-18,7.357790773013473,40.85534382544333,41.52818849367867,3.6788953865067366
2012-10-19,28.009388482714108,29.371661492249906,35.149532962414945,14.004694241357054
2012-10-20,2.489293917782273,23.600473679278235,24.257635482303293,1.2446469588911364
2012-10-21,1.8299369459928723,18.992936039316156,19.56034575860035,0.9149684729964361
2012-10-22,0.37030806390981347,14.528212996239379,14.659567883927219,0.18515403195490673
2012-10-23,1.395156617648586,11.930160802855909,12.461294683743041,0.697578308824293
2012-10-24,2.9513820392008654,10.702288181650896,11.862113790074568,1.4756910196004327
2012-10-25,1.136266872140381,9.804881328017007,10.261605145704262,0.5681334360701905
2012-10-26,99.0653992757569,96.21178555604784,50.43189568249249,49.53269963787845
2012-10-27,95.86782506429023,94.90404369394197,51.85551363864123,47.933912532145115
2012-10-28,95.20462145290031,99.84887737478411,52.39044237160043,47.602310726450156
2012-10-29,54.73125304628276,67.16820687158952,57.771832125190556,27.36562652314138
2012-10-30,55.05426205472037,60.85443899467994,54.878607705979086,27.527131027360184
2012-10-31,67.0092346207091,80.26019058866393,59.98306848043239,33.50461731035455
2012-11-01,87.27885041568459,70.42819928362097,52.598701788251475,43.639425207842294
2012-11-02,57.198353998232875,65.83350697557218,56.77700160534951,28.599176999116438
2012-11-03,86.10884432643357,58.03724522506673,51.11646624608031,43.054422163216785
2012-11-04,99.53933747412009,31.41573033707865,49.91438923395445,49.769668737060044
2012-11-05,59.2601959377941,65.50771391353904,56.317812262903246,29.63009796889705
2012-11-06,50.39042813322465,34.702904276355675,42.41117630344925,25.195214066612326
2012-11-07,42.50770108385625,29.026252363289988,37.94171031478504,21.253850541928124
2012-11-08,58.75702700068637,41.07635763953483,46.319624590718036,29.378513500343185
2012-11-09,7.0416510942236625,44.34137581359195,44.73983638553216,3.5208255471118313
2012-11-10,99.84120082815735,46.41460234680574,49.994306418219466,49.92060041407868
2012-11-11,97.54992090507781,99.00278881095242,51.20060708458601,48.774960452538906
2012-11-12,87.59109877706558,89.63232471585694,54.91793602634332,43.79554938853279
2012-11-13,36.478001776125225,55.485835050940246,53.48471204362296,18.239000888062613
2012-11-14,8.416523200056487,40.81441992195029,41.58752640027911,4.208261600028243
2012-11-15,2.8673485281138054,35.64968634946698,36.06115985670526,1.4336742640569027
2012-11-16,3.2185784179354915,35.28813493860088,35.76164785234286,1.6092892089677457
2012-11-17,3.7502388290316415,32.99500709880939,33.63273494546391,1.8751194145158208
2012-11-18,91.65607100405465,61.73528900801628,50.97918418229786,45.828035502027326
2012-11-19,58.61378994316567,48.50924613095387,49.38303347232618,29.306894971582835
2012-11-20,9.215709482960904,36.14523695701401,37.42205166860823,4.607854741480452
2012-11-21,4.889810023009893,31.431965169240982,32.3399067974714,2.4449050115049467
2012-11-22,95.51096893085277,100.0,52.24451553457361,47.755484465426385
2012-11-23,73.12941810568212,39.730444912475605,47.24051079002467,36.56470905284106
2012-11-24,15.222993021280837,33.067265584434665,35.6449345628282,7.611496510640419
2012-11-25,21.759038245196,38.664929938400974,41.13133216822406,10.879519122598
2012-11-26,87.3993255224301,51.971921287543765,50.248475382397295,43.69966276121505
2012-11-27,95.07867453239436,49.37939159338578,49.96945784043119,47.53933726619718
2012-11-28,98.5315982820673,93.4141869976026,50.6374946676993,49.26579914103365
2012-11-29,94.8025701394195,96.55776892430279,52.419807384491776,47.40128506970975
2012-11-30,74.80870466321244,79.65988745187087,57.471709844559584,37.40435233160622
2012-12-01,77.75410777083106,75.6115510013973,55.69751803398949,38.87705388541553
2012-12-02,83.8880495089109,76.77000257267815,54.313169560973186,41.94402475445545
2012-12-03,10.261914895825763,68.33017521210313,66.44914823158136,5.130957447912881
2012-12-04,96.37211825556885,98.13366816962503,51.74623256045089,48.186059127784425
2012-12-05,40.12219832547645,73.65843352002521,64.1661499024197,20.061099162738223
2012-12-06,52.613144317069526,55.422372181158565,52.56949168007697,26.306572158534763
2012-12-07,71.17662297290296,76.82125395455853,57.73079115071758,35.58831148645148
2012-12-08,83.00756365715564,88.103336868927,56.47468526195196,41.50378182857782
2012-12-09,23.654755752583394,61.44210171482008,58.73550050121724,11.827377876291697
2012-12-10,63.748339071870255,50.61927471094795,50.22449736842651,31.874169535935128
2012-12-11,67.99504216851237,59.027678837411116,52.889304805075554,33.997521084256185
2012-12-12,4.278433587811625,65.9946583584107,65.31033752294874,2.1392167939058124
2012-12-13,92.42175721125967,91.10188019239177,53.114800271716625,46.21087860562984
2012-12-14,69.39960462677845,91.90977301045561,62.824556241219106,34.69980231338923
2012-12-15,93.65859314983113,98.82448979591837,53.09615954047836,46.82929657491557
2012-12-16,35.601529419331015,86.0274669871041,73.20113772865047,17.800764709665508
2012-12-17,70.00388378550704,76.82582324756973,58.04670511683548,35.00194189275352
2012-12-18,45.33556782497957,69.64652941667488,60.73966374772368,22.667783912489785
2012-12-19,22.710621190076402,66.82456945977373,63.00360522290324,11.355310595038201
2012-12-20,95.57258011068032,66.76802170557141,50.74239072803791,47.78629005534016
2012-12-21,70.81651345728235,88.86237919746644,61.34139720327252,35.40825672864118
2012-12-22,88.44430913756361,72.0217932863774,52.54477035453855,44.222154568781804
2012-12-23,65.58308720659102,68.58472897207518,56.396289963210535,32.79154360329551
2012-12-24,19.842656254538362,67.13583186665286,63.735627652997294,9.921328127269181
2012-12-25,99.51179618836635,95.16539440203562,50.22049917701011,49.75589809418317
2012-12-26,83.01703848576258,84.82896598838627,55.914989889614475,41.50851924288129
2012-12-27,35.73783082511676,70.31264636624104,63.053347171769595,17.86891541255838
2012-12-28,54.68478127871022,48.79247614471065,49.45280792386388,27.34239063935511
2012-12-29,39.85762467175268,75.663045352647,65.4343650566473,19.92881233587634
2012-12-30,7.487771253934376,61.12992524467724,60.296541901621914,3.743885626967188
2012-12-31,9.100835992302311,64.89229532457567,63.53697195159673,4.550417996151156
2013-01-01,67.83585972170691,71.15090898545495,56.80300803621583,33.917929860853455
2013-01-02,64.35758289319857,89.5469005344608,64.09547124130441,32.178791446599284
2013-01-03,45.72964698415069,54.18458257369888,52.27098773498609,22.864823492075345
2013-01-04,64.78500866766753,52.12130133961431,50.74701608287783,32.39250433383376
2013-01-05,63.93839301820715,49.37758381775424,49.775546722567455,31.969196509103575
2013-01-06,14.032698678933514,57.82890479364068,56.7302981740885,7.016349339466757
2013-01-07,28.03106862197837,53.09253529939247,52.225664607460864,14.015534310989185
2013-01-08,19.12092838862471,60.51147153929066,58.50158059367223,9.560464194312354
2013-01-09,99.91904761904762,100.0,50.04047619047619,49.95952380952381
2013-01-10,95.58813785335067,63.76777584831276,50.60741529108724,47.79406892667534
2013-01-11,61.18732628777626,43.563864725012415,47.50196381604174,30.59366314388813
2013-01-12,28.941809700873144,59.865383773050475,57.010163175193384,14.470904850436572
2013-01-13,64.93258857788325,89.04873075445492,63.69337906877934,32.466294288941626
2013-01-14,94.60208859226066,96.64710169946676,52.517969224015296,47.30104429613033
2013-01-15,82.46451289508079,94.85577263814406,57.86567822677363,41.232256447540394
2013-01-16,99.95486542443064,100.0,50.02256728778468,49.97743271221532
2013-01-17,89.78713444478275,83.93940008518061,53.466185300946776,44.893567222391376
2013-01-18,24.86598999308938,82.24921695033228,74.23012989061297,12.43299499654469
2013-01-19,43.49060516819445,86.11332332637251,70.40742046538637,21.745302584097224
2013-01-20,85.86608008351352,96.19273718455992,56.52884448089877,42.93304004175676
2013-01-21,98.39766285285995,98.70784339061895,50.780463868218696,49.198831426429976
2013-01-22,71.90527404257611,99.69906400053107,63.962815834353904,35.952637021288055
2013-01-23,14.01227737653597,85.54980420181457,80.56846703024088,7.006138688267985
2013-01-24,47.81847596133903,89.4780355183872,70.60024059401833,23.909237980669516
2013-01-25,26.29777962232828,76.6526546367806,69.64359825689978,13.14888981116414
2013-01-26,3.603386585317736,77.50341989896488,76.51236535582197,1.801693292658868
2013-01-27,27.926860396826548,84.78265251179812,75.06894970251497,13.963430198413274
2013-01-28,99.72028985507247,100.0,50.13985507246377,49.86014492753623
2013-01-29,38.824847271633494,71.00412337574261,62.84930455436507,19.412423635816747
2013-01-30,61.45409385036107,87.40176962590431,64.41685101830524,30.727046925180534
2013-01-31,11.265649330426658,73.85449789302018,71.1671338108585,5.632824665213329
2013-02-01,99.42731377863171,75.84960231381056,50.148037110729696,49.71365688931586
2013-02-02,99.95445134575569,100.0,50.02277432712216,49.97722567287784
2013-02-03,55.06568549775379,60.659869189333904,54.789939147063336,27.532842748876895
2013-02-04,57.470787584152916,61.8293360902769,55.030923473218316,28.735393792076458
2013-02-05,55.705229629660344,77.00792119997753,61.96309667733233,27.852614814830172
2013-02-06,56.21921603679869,85.42540038937601,65.50951801257177,28.109608018399346
2013-02-07,61.183577683428425,72.00568260716308,58.541818694440764,30.591788841714212
2013-02-08,63.03772020725389,56.934670830926926,52.56321243523316,31.518860103626945
2013-02-09,51.32740792980782,79.77779955934933,64.49362690700158,25.66370396490391
2013-02-10,3.080929428939887,73.31302080320201,72.59476308450128,1.5404647144699435
2013-02-11,100.0,-1.0,50.0,50.0
2013-02-12,95.72358952589019,90.53314609462012,51.73336370507656,47.861794762945095
2013-02-13,31.700110592155635,93.71787393824505,79.85925955128218,15.850055296077818
2013-02-14,22.529616377628532,83.09204498572095,75.63653419892576,11.264808188814266
2013-02-15,90.0375118324872,91.48387633324324,54.132826271125,45.0187559162436
2013-02-16,63.63856860330609,70.26128699380277,57.367293970338864,31.819284301653045
2013-02-17,84.48943063830492,90.82567582006624,56.332294765452154,42.24471531915246
2013-02-18,21.624308176948986,80.11708448511422,73.60447332214105,10.812154088474493
2013-02-19,45.48987225955564,74.39968028621996,63.30029689227852,22.74493612977782
2013-02-20,68.69732833129521,63.28844040099055,54.15963686861359,34.348664165647605
2013-02-21,72.65239118764497,87.82031362502937,60.34295142177884,36.32619559382248
2013-02-22,75.26535010464804,91.89775640488598,60.36326336075595,37.63267505232402
2013-02-23,58.11811101988007,89.40705866044863,66.50442055849983,29.059055509940034
2013-02-24,96.91673103085546,99.84553391537945,51.5368718797173,48.45836551542773
2013-02-25,68.23731364634321,95.22149771224552,64.36356248276662,34.118656823171605
2013-02-26,69.08158461752221,84.71346551122797,60.732853460414624,34.540792308761105
2013-02-27,50.87230094641802,89.89724220876501,69.60059708300076,25.43615047320901
2013-02-28,65.78913541956057,82.39764380772307,61.08351405031327,32.89456770978028
2013-03-01,5.00785982311764,78.44362297708805,77.0192062097794,2.50392991155882
2013-03-02,3.0618623283361406,76.5607024955387,75.74745035168637,1.5309311641680703
2013-03-03,7.69131733977893,76.87400175466223,74.8070369978134,3.845658669889465
2013-03-04,3.2764177666281786,73.48455733164431,72.71510512281635,1.6382088833140893
2013-03-05,95.27101328920855,92.78300853952265,52.0232027883108,47.63550664460428
2013-03-06,96.58817000339609,98.21558630735615,51.64503383667282,48.29408500169804
2013-03-07,85.85553095099503,83.45244720424122,54.73167104093862,42.927765475497516
2013-03-08,75.65088922916895,87.188433423254,59.05505284816487,37.82544461458448
2013-03-09,95.77794067705356,87.41968708617391,51.57988138723919,47.88897033852678
2013-03-10,64.99056701565253,78.63775256413294,60.02591479216337,32.495283507826265
2013-03-11,55.88736157176074,57.809010161234966,53.44476041725004,27.94368078588037
2013-03-12,92.32724335073328,64.53929429551039,51.11556466981523,46.16362167536664
2013-03-13,86.45078691628669,84.76981178233414,54.71103588719451,43.225393458143344
2013-03-14,76.74825355971261,52.393005472273224,50.556415564715174,38.374126779856304
2013-03-15,38.83278427337377,59.024310831343605,55.51991967404925,19.416392136686884
2013-03-16,5.318472924817463,67.0590454382952,66.15176472542717,2.6592364624087317
2013-03-17,99.36475201931418,94.52411994784876,50.28283857288683,49.68237600965709
2013-03-18,99.45146080398575,98.79199697999245,50.26764322795334,49.72573040199288
2013-03-19,53.93325770506219,92.21657977904432,69.44780301254919,26.966628852531095
2013-03-20,85.70378072930045,95.10265586739499,56.447974579711826,42.851890364650224
2013-03-21,36.691474418691506,70.93304493166846,63.25240210551214,18.345737209345753
2013-03-22,13.988724161266083,70.75026125319476,67.84756444374328,6.994362080633041
2013-03-23,43.46719333804959,78.37908256880733,66.04349188105913,21.733596669024795
2013-03-24,99.86521739130436,100.0,50.06739130434783,49.93260869565218
2013-03-25,98.84216650689172,93.86623748211731,50.507897989734374,49.42108325344586
2013-03-26,98.7933969179543,100.0,50.60330154102285,49.39669845897715
2013-03-27,66.74468018947128,95.22509381506276,65.03974958281077,33.37234009473564
2013-03-28,96.77872917594193,90.1581383389046,51.293602393796014,48.38936458797097
2013-03-29,81.09622421788555,83.84522635098104,56.39802570233857,40.548112108942775
2013-03-30,99.99689440993788,100.0,50.00155279503106,49.99844720496894
2013-03-31,88.26402169791578,61.533165021803995,51.35352974450248,44.13201084895789
2013-04-01,38.53987488198861,76.36730091423478,66.20537613213125,19.269937440994305
2013-04-02,82.35529363984104,74.03732105739081,54.24131471742527,41.17764681992052
2013-04-03,65.61554869643268,79.26546213066624,60.06276857508287,32.80777434821634
2013-04-04,75.82126599798193,86.82388428052376,58.90354902939878,37.91063299899096
2013-04-05,99.98033126293996,100.0,50.00983436853003,49.99016563146998
2013-04-06,94.52957083873426,83.59135470683977,51.837591263547175,47.26478541936713
2013-04-07,95.19102119604163,60.25668633446746,50.493241871813034,47.595510598020816
2013-04-08,99.55238095238094,58.83441258094357,50.03954451345756,49.77619047619047
2013-04-09,76.55841948615061,80.23519009725906,57.087606430164406,38.279209743075306
2013-04-10,58.98377221364927,56.64259635709013,52.72454245275192,29.491886106824634
2013-04-11,94.19736899339452,81.9447419147569,51.853635499325776,47.09868449669726
2013-04-12,92.81351424683467,79.0615903392224,52.08850704937149,46.406757123417336
2013-04-13,35.3837502230744,64.76924213278011,59.54333038667613,17.6918751115372
2013-04-14,6.111069577352472,62.13700678376233,61.39530585459861,3.055534788676236
2013-04-15,5.165005638289697,61.20926382544486,60.63030471684987,2.5825028191448487
2013-04-16,65.11731129805698,51.45021464841659,50.50587386131714,32.55865564902849
2013-04-17,79.3625524434937,34.996986741663314,46.903761006915076,39.68127622174685
2013-04-18,26.801135396911686,54.17045799211404,53.05272789897624,13.400567698455843
2013-04-19,87.70259382229946,26.659031193155023,47.12966626001189,43.85129691114973
2013-04-20,99.11736206582412,100.0,50.44131896708793,49.55868103291206
2013-04-21,84.2716507702379,55.496430547140484,50.864497791625574,42.13582538511895
2013-04-22,99.08608484461993,56.72859084730403,50.061493611497035,49.543042422309966
2013-04-23,81.79856920220175,58.098306898789666,51.47400772597652,40.899284601100874
2013-04-24,4.802728039242562,52.781462154662385,52.647876091859494,2.401364019621281
2013-04-25,3.174411988254302,50.9644998841828,50.9338826842326,1.587205994127151
2013-04-26,95.53747452825499,57.35765000696088,50.32833700568248,47.768737264127495
2013-04-27,96.95035578492201,81.3730816243379,50.95676736884832,48.475177892461005
2013-04-28,78.80364163131487,46.93534352115292,49.350404429974446,39.40182081565744
2013-04-29,100.0,-1.0,50.0,50.0
2013-04-30,98.78292450115019,87.64886015651582,50.45821505256119,49.391462250575096
2013-05-01,83.85077206514734,30.064420090855425,46.78055776033755,41.92538603257367
2013-05-02,91.93366320843232,61.96687636410322,50.96528855095907,45.96683160421616
2013-05-03,44.71637158134333,33.33696141720463,40.78806766663001,22.358185790671666
2013-05-04,49.228305092833686,29.20254173221911,39.440777939837055,24.614152546416843
2013-05-05,43.18618958201492,37.64558080761969,42.98098370179789,21.59309479100746
2013-05-06,98.32436014246666,29.57241720217499,49.65770728070902,49.16218007123333
2013-05-07,90.34149292319931,34.66389258290077,48.51876097981372,45.170746461599656
2013-05-08,74.22496371552975,29.472380201587928,44.708998548621196,37.11248185776488
2013-05-09,59.331413920994336,22.325818626950934,38.74530172664139,29.665706960497168
2013-05-10,99.96687343166403,100.0,50.01656328416798,49.98343671583201
2013-05-11,96.82861823099273,28.999608201645554,49.33399740308689,48.414309115496366
2013-05-12,82.70712989284027,26.937684962198823,46.011863816809075,41.353564946420136
2013-05-13,72.36069332526209,12.77339413758963,39.71082424109243,36.180346662631045
2013-05-14,32.78328266531091,29.38341658588391,36.142209402463195,16.391641332655453
2013-05-15,86.27222269413328,17.03742831270752,45.474971564481805,43.13611134706664
2013-05-16,98.50427350427351,37.77685492801772,49.817175180547274,49.25213675213676
2013-05-17,99.34636869195063,96.95913842255305,50.30693963072005,49.673184345975315
2013-05-18,44.829760795922475,32.70665383227048,40.45921955287445,22.414880397961237
2013-05-19,82.47485510070398,35.765654940739516,47.50541040289882,41.23742755035199
2013-05-20,90.55598829934453,28.62877574747187,47.98169908101792,45.27799414967227
2013-05-21,77.93104591688703,17.784163473818644,42.8903018295463,38.965522958443515
2013-05-22,94.21051214222237,13.174466867038786,47.86799023070533,47.105256071111185
2013-05-23,54.801951648570494,26.320572427815435,39.297360876582296,27.400975824285247
2013-05-24,99.07029713220831,99.62138084632517,50.46133140076613,49.535148566104155
2013-05-25,96.98849198870944,26.90138907990648,49.30438348164455,48.49424599435472
2013-05-26,89.76591649730365,36.395473592582846,48.60770140731855,44.882958248651825
2013-05-27,78.632413082636,24.044002095337873,44.45382958745214,39.316206541318
2013-05-28,87.65122690300973,41.707480711170746,48.975975608998326,43.825613451504864
2013-05-29,96.29965581083265,38.00649205283188,49.55619892559964,48.14982790541632
2013-05-30,99.84823042472706,99.86357435197817,50.075677735009904,49.92411521236353
2013-05-31,99.83146928144629,95.57739557739558,50.07681191226465,49.915734640723144
2013-06-01,81.41858783505197,23.45818048013559,45.06815511893736,40.70929391752598
2013-06-02,96.11861177834838,64.24455825864277,50.552886606477266,48.05930588917419
2013-06-03,79.08549020908292,16.31552868893073,42.955057949627765,39.54274510454146
2013-06-04,66.98413422367987,23.71354117610122,41.32129803735392,33.49206711183994
2013-06-05,61.8946792118672,46.417045361778555,48.634703641412436,30.9473396059336
2013-06-06,36.3602777114748,35.637106058777675,40.85949418321071,18.1801388557374
2013-06-07,51.06319859927474,34.16972949600031,42.253171962260076,25.53159929963737
2013-06-08,29.98791588459047,29.63745014012663,35.74375446406325,14.993957942295236
2013-06-09,99.31311257126171,27.70575821525475,49.84686365584807,49.656556285630856
2013-06-10,96.1708763761981,25.101411650170373,49.04660227150348,48.08543818809905
2013-06-11,68.87760284408328,15.297463632972772,39.19973880867735,34.43880142204164
2013-06-12,46.504930712748894,22.53844512963717,35.30942219474292,23.252465356374447
2013-06-13,0.9568195459520531,24.791773261422065,25.032970502044687,0.47840977297602655
2013-06-14,81.79242389069444,18.237805225112414,44.21687421237647,40.89621194534722
2013-06-15,49.682550221384915,21.49286842354843,35.65593838569526,24.841275110692457
2013-06-16,34.83647051985685,28.25811342872797,35.83221933458987,17.418235259928426
2013-06-17,8.33900994376002,24.49683361466393,26.623545195510772,4.16950497188001
2013-06-18,37.046170708316204,23.393345863422034,33.25009237462998,18.523085354158102
2013-06-19,9.247791469902937,22.485755474703094,25.030215432921736,4.623895734951469
2013-06-20,11.112472509558055,21.4279205926812,24.602985062228598,5.556236254779027
2013-06-21,22.424481491477568,22.466533568129147,28.640770652106212,11.212240745738784
2013-06-22,67.28048879093905,18.826235449919842,39.80009661375025,33.64024439546952
2013-06-23,69.21705270447632,25.751023817221686,42.53545044195126,34.60852635223816
2013-06-24,98.27829324299981,15.77871316897174,49.41080979229777,49.139146621499904
2013-06-25,89.38113029359135,19.99492910498703,46.81380061634303,44.69056514679568
2013-06-26,92.35315434712832,18.122241178541447,47.56235698532837,46.17657717356416
2013-06-27,85.20971393887667,17.38028208468143,45.17545040799289,42.60485696943834
2013-06-28,99.32999296037103,22.466007416563656,49.81552031140006,49.664996480185515
2013-06-29,92.15644036446413,19.171860145769514,47.58197646600703,46.078220182232066
2013-06-30,45.45763851142489,13.12266074308493,29.886228315125162,22.728819255712445
2013-07-01,23.652431695180205,21.889130889938464,28.538035005117283,11.826215847590102
2013-07-02,45.77571849599608,17.16772999189119,32.19693748664843,22.88785924799804
2013-07-03,93.66379372841931,16.2929061784897,47.86424900731387,46.831896864209654
2013-07-04,74.9961648969912,16.04029349583385,41.50877098423255,37.4980824484956
2013-07-05,61.38167695033548,19.31201581622237,38.1488151304788,30.69083847516774
2013-07-06,41.502507014660225,18.016880181928485,31.2906767279308,20.751253507330112
2013-07-07,64.60188001965871,24.73227885178676,41.05570175165741,32.300940009829354
2013-07-08,52.68610213369732,12.09489319911613,32.06561648211685,26.34305106684866
2013-07-09,70.71677252264863,17.313289100063024,40.42827609230725,35.35838626132431
2013-07-10,55.083556073497,17.25312774110152,35.291269484148295,27.5417780367485
2013-07-11,33.3644580563233,17.21627462337064,28.15438692595636,16.68222902816165
2013-07-12,9.37679077145396,14.797444979540591,18.09831491001503,4.68839538572698
2013-07-13,22.260042256970532,16.23629732861315,23.752111810781752,11.130021128485266
2013-07-14,5.282898958872018,12.407358680875323,14.393339937735853,2.641449479436009
2013-07-15,12.249753958465698,12.261374068921132,16.884262892784026,6.124876979232849
2013-07-16,5.166949796686341,12.303730274481978,14.251477606422966,2.5834748983431703
2013-07-17,15.30284876561796,14.86630937378948,20.24276491609857,7.65142438280898
2013-07-18,82.43751735341287,20.997180240446443,44.906384812707465,41.218758676706436
2013-07-19,53.43062332927555,11.853062460477917,32.23520896887398,26.715311664637774
2013-07-20,23.22731736484677,13.737861058302075,22.160583153571938,11.613658682423385
2013-07-21,17.26262898905799,17.773684527514003,23.33679380437265,8.631314494528995
2013-07-22,5.112592078784342,12.532091337472833,14.447672667839347,2.556296039392171
2013-07-23,6.854814424061424,13.968271664121115,16.43817977532757,3.427407212030712
2013-07-24,56.504587498289794,14.130139499859403,34.398256211675836,28.252293749144897
2013-07-25,21.166328663562712,13.264188402820565,21.03981102270675,10.583164331781356
2013-07-26,10.584857004040513,13.43525843912475,17.305584047240366,5.292428502020257
2013-07-27,12.234462197714588,11.88072906194188,16.544416854903,6.117231098857294
2013-07-28,4.9549343744808105,8.63106098181842,10.680864761588303,2.4774671872404053
2013-07-29,98.87201699428141,32.929515418502206,49.80744783492689,49.436008497140705
2013-07-30,40.286948690386765,8.939865719567967,25.481740949329527,20.143474345193383
2013-07-31,1.4342351472759707,7.904046522897989,8.507801483247528,0.7171175736379853
2013-08-01,0.01806894861564854,6.628971213247972,6.636807902153528,0.00903447430782427
2013-08-02,0.002699957839119897,6.972310146300127,6.973471875785324,0.0013499789195599485
2013-08-03,2.4679976329149405,6.324632386597092,7.402539425462776,1.2339988164574702
2013-08-04,5.343449633408707,7.393416910708214,9.670078218600953,2.6717248167043537
2013-08-05,4.5366943707192675,8.974858214426343,10.83604351239206,2.2683471853596338
2013-08-06,0.6463229995036273,7.599173044079928,7.873219340675773,0.32316149975181363
2013-08-07,48.6114625374874,9.032351801627277,28.947324758068866,24.3057312687437
2013-08-08,62.60549058954496,12.385593196848998,35.934277108308855,31.30274529477248
2013-08-09,82.5632493737737,10.899606696847634,43.18216192585563,41.28162468688685
2013-08-10,36.632313953922555,9.954856302930903,24.624319065340686,18.316156976961278
2013-08-11,20.933631754442057,11.634893125361064,19.666103320696113,10.466815877221029
2013-08-12,40.31703947122745,16.30290074213115,29.88857355058483,20.158519735613726
2013-08-13,41.97842823623135,13.182086350227943,28.637667809775134,20.989214118115676
2013-08-14,59.36939496171208,14.554881907444834,35.59843406245918,29.68469748085604
2013-08-15,30.68009855959347,12.976244306629015,24.335169043818333,15.340049279796736
2013-08-16,4.958991794205059,8.61231785879741,10.664729619991318,2.4794958971025296
2013-08-17,33.70306104658403,15.756255165677361,27.297445391825587,16.851530523292016
2013-08-19,73.74798998723539,8.594342005556959,39.130182517447736,36.87399499361769
2013-08-20,58.57253652851567,9.960755653888894,33.412756674256464,29.286268264257835
2013-08-21,0.9248317213334358,5.42910447761194,5.841310257885369,0.4624158606667179
2013-08-22,1.450280689438891,6.981939263661461,7.605821891491672,0.7251403447194456
2013-08-23,82.91398248278634,17.04604712645072,44.36948183941104,41.45699124139317
2013-08-24,32.44779933704224,9.060760247745327,22.344642612667553,16.22389966852112
2013-08-25,76.62778138274604,14.849474001667584,41.78454221855506,38.31389069137302
2013-08-26,96.6645682596613,66.57974793568013,50.553006175114824,48.33228412983065
2013-08-27,93.36254869514612,34.16019220568505,48.9486404708699,46.68127434757306
2013-08-28,72.9337100053682,13.263188525657224,40.05670807157322,36.4668550026841
2013-08-29,34.55251820060931,11.55441400304414,24.838332101973222,17.276259100304657
2013-08-30,29.92221767840425,13.070189729993928,24.120407947206832,14.961108839202126
2013-08-31,18.78703692168417,12.659121066235782,19.674365778403452,9.393518460842085
2013-09-01,52.118894504250235,14.283177485090109,32.898390531906294,26.059447252125118
2013-09-02,47.69333186779458,7.268344322547647,27.648494677398283,23.84666593389729
2013-09-03,1.104661426153415,4.992796932291164,5.489974143570679,0.5523307130767074
2013-09-04,0.25441910407091334,5.1176019855746,5.231791380488443,0.12720955203545667
2013-09-05,3.271617117163892,8.0506363901819,9.423058950582028,1.635808558581946
2013-09-06,27.273953919958814,16.34207814671991,25.52192424339927,13.636976959979407
2013-09-07,3.6803585447204785,11.602674538197984,13.015833786775548,1.8401792723602393
2013-09-08,95.14225541987041,24.51615653508398,48.76205997527433,47.571127709935205
2013-09-09,44.832816971261494,13.960180403161193,30.117846759784765,22.416408485630747
2013-09-10,94.1806622626271,20.91384648233159,48.307378491996104,47.09033113131355
2013-09-11,72.60012978154822,22.32621838184666,42.41741975208822,36.30006489077411
2013-09-12,71.41731646787346,14.164164164164164,39.75715645195065,35.70865823393673
2013-09-13,82.32420680893571,14.214191914454554,43.67457457104783,41.16210340446786
2013-09-14,43.85147732528117,3.8246744132790624,24.073236842814747,21.925738662640583
2013-09-15,99.66915113871636,8.760951188986233,49.863561076604555,49.83457556935818
2013-09-16,93.24942412541637,8.187062722474531,47.177385943688584,46.624712062708184
2013-09-17,39.651198253916554,11.729700182551388,26.9043326355362,19.825599126958277
2013-09-18,74.27575118411728,10.87672667230478,39.935831824265804,37.13787559205864
2013-09-19,24.932391624240637,8.619536066797535,18.936675390551226,12.466195812120318
2013-09-20,22.25358778182301,9.16376994996823,18.251296250939237,11.126793890911506
2013-09-21,7.1647047341787395,9.086313604530744,12.017658430633972,3.5823523670893698
2013-09-22,65.64006544038517,5.722113597412315,34.786147207690284,32.820032720192586
2013-09-23,0.35099233216751263,7.0862564141041515,7.236880363536674,0.17549616608375632
2013-09-24,1.035736760451346,7.100225390656151,7.544554126435898,0.517868380225673
2013-09-25,20.05354307831194,9.75531246592909,17.825798217306037,10.02677153915597
2013-09-26,64.67145324379408,8.452613602352155,35.32191217052544,32.33572662189704
2013-09-27,82.3660200874032,18.90951821386604,44.517510687103574,41.1830100437016
2013-09-28,32.898603929572175,13.075463183338382,25.223120303480943,16.449301964786088
2013-09-29,98.71242236024844,6.528380768612317,49.440269151138715,49.35621118012422
2013-09-30,98.79792960662526,100.0,50.60103519668737,49.39896480331263
2013-10-01,75.44635086410544,21.040416571722748,42.889365493804135,37.72317543205272
2013-10-02,21.217297099855138,11.27356067491208,19.49026436271112,10.608648549927569
2013-10-03,44.77579140068955,12.871617943529465,29.496144843585764,22.387895700344774
2013-10-04,92.52710384890187,31.063629309389203,48.58490468350367,46.26355192445094
2013-10-05,98.92872523686476,62.21492075763433,50.13085536341351,49.46436261843238
2013-10-06,91.27041497944262,36.48744839367912,48.82041031907953,45.63520748972131
2013-10-07,72.93270954810119,19.021143964282704,41.61486305813681,36.46635477405059
2013-10-08,73.37824253039143,18.094333452716484,41.50615083272015,36.689121265195716
2013-10-09,90.28628120262131,49.84967696539372,49.98539804313066,45.143140601310655
2013-10-10,99.70724152780998,90.87694483734087,50.11967071918375,49.85362076390499
2013-10-11,62.717083640058476,48.19266386718207,49.32617238125849,31.358541820029238
2013-10-12,61.93211152602889,65.87980261222889,56.04510554831005,30.966055763014445
2013-10-13,66.71427771823517,68.17842106574325,56.05081875115313,33.35713885911758
2013-10-14,92.018959190942,76.589782839945,52.12214141949592,46.009479595471
2013-10-15,86.36716735130163,75.97666043670512,53.54135464505665,43.183583675650816
2013-10-16,35.325394420624015,28.786517430815834,36.28026381873047,17.662697210312007
2013-10-17,3.6533681629127277,37.77848181745688,38.2249788717625,1.8266840814563639
2013-10-18,4.131589548922456,35.26389436427516,35.87272976463895,2.065794774461228
2013-10-19,44.607301401021374,40.70274074129529,44.84999720086006,22.303650700510687
2013-10-20,85.87473852080443,39.30294277210011,48.48901269597995,42.937369260402214
2013-10-21,61.91146852073485,29.121761813221227,42.047785675912806,30.955734260367425
2013-10-22,74.49846462419553,31.39061547836685,45.25432122299624,37.24923231209777
2013-10-23,97.64411131356634,86.0871857971524,50.85017392744741,48.82205565678317
2013-10-24,69.94847967371841,24.971208286496513,42.47846757079382,34.974239836859205
2013-10-25,37.615255788470996,17.94922973031413,30.005208949431683,18.807627894235498
2013-10-26,8.390713900078907,12.986998268249117,16.092653349391586,4.195356950039454
2013-10-27,65.3679178228101,25.12580554441938,41.385548535229304,32.68395891140505
2013-10-28,47.0933923007671,19.343733949162708,33.780809585250395,23.54669615038355
2013-10-29,97.28273023182619,73.45881277146994,50.637439227411654,48.641365115913096
2013-10-30,91.58696917535106,32.10882678813246,48.494810082794245,45.79348458767553
2013-10-31,61.0520904374071,46.94367419061255,48.809624987821586,30.52604521870355
2013-11-01,65.1707980245747,21.293458922653084,40.00174082801241,32.58539901228735
2013-11-02,84.52535302865239,13.441745298802116,44.34273914610353,42.262676514326195
2013-11-03,89.72768739357933,89.10264166162533,54.01674558885063,44.863843696789665
2013-11-04,96.17976178643607,86.24857715865359,51.384781996488094,48.08988089321804
2013-11-05,39.2791110281072,33.738983039262926,40.126165945570186,19.6395555140536
2013-11-06,95.18760432241685,50.84344607969705,50.04058996268208,47.59380216120842
2013-11-07,5.973952611280833,43.66990471394304,44.04806160658101,2.9869763056404164
2013-11-08,56.724697648770906,61.932705481092576,55.1639143756245,28.362348824385453
2013-11-09,96.27054492448744,82.7559404841217,51.221618084916955,48.13527246224372
2013-11-10,89.93176005218957,86.0968836778772,53.634320862370686,44.96588002609479
2013-11-11,34.16417421316596,59.98034082209389,56.57063979656601,17.08208710658298
2013-11-12,20.33620319179194,45.698023814301614,46.572882432687734,10.16810159589597
2013-11-13,17.756778469989143,39.845976379006146,41.64900385917639,8.878389234994572
2013-11-14,90.75123438380224,30.320673593694014,48.17990522583425,45.37561719190112
2013-11-15,84.79106904300819,97.46973349130477,57.21963899216056,42.395534521504096
2013-11-16,11.247760103154647,61.76161633176351,60.4386979425133,5.6238800515773235
2013-11-17,49.47598226114432,61.499099276548776,55.80980695829213,24.73799113057216
2013-11-18,69.17152075394284,65.70547075074106,54.84175779088778,34.58576037697142
2013-11-19,98.94944107532181,100.0,50.5252794623391,49.47472053766091
2013-11-20,81.99781620936211,62.39598559047958,52.23154810865912,40.99890810468106
2013-11-21,88.69089538265243,83.54548618106558,53.793694126614575,44.345447691326214
2013-11-22,57.60215430477442,70.60189712497555,58.73476055333625,28.80107715238721
2013-11-23,99.45238095238095,100.0,50.27380952380952,49.726190476190474
2013-11-24,90.95743799599066,89.94366068156833,53.611930283801925,45.47871899799533
2013-11-25,24.16784110886716,62.29899466540395,59.32659317668107,12.08392055443358
2013-11-26,34.73991953472062,57.12246318982319,54.64812520878852,17.36995976736031
2013-11-27,16.818465739893377,68.7182698376663,65.5701440379176,8.409232869946688
2013-11-28,22.429733881346785,61.46614680200274,58.894320587868975,11.214866940673392
2013-11-29,2.7689572746133573,61.26544264648087,60.95350735280375,1.3844786373066786
2013-11-30,73.6354293150106,79.52560968900556,57.78430023663195,36.8177146575053
2013-12-01,3.524293116517658,59.38864910826723,59.05776559401057,1.762146558258829
2013-12-02,2.1189371047630914,57.46023865295176,57.302160888030485,1.0594685523815457
2013-12-03,5.369790877169668,60.098568648060336,59.55629663007207,2.684895438584834
2013-12-04,3.202968919384784,57.70769729177707,57.460822143121185,1.601484459692392
2013-12-05,28.874381824819938,59.18931609847435,56.53595788111122,14.437190912409969
2013-12-06,36.50629307947996,42.96516814645129,45.533324480556395,18.25314653973998
2013-12-07,60.19300111761498,41.63610792790916,46.67058557633891,30.09650055880749
2013-12-08,9.355432092613816,50.40804406830128,50.36986978258342,4.677716046306908
2013-12-09,80.58385726000846,71.17610042769228,54.111581885804696,40.29192863000423
2013-12-10,4.100721665541768,50.44945742443896,50.431026426457606,2.050360832770884
2013-12-11,2.601515595179502,47.52558635394457,47.58995861083595,1.300757797589751
2013-12-12,4.405177480079827,47.90543388061712,47.99770323561356,2.2025887400399133
2013-12-13,3.736708755607244,45.38182241811157,45.55439026416348,1.868354377803622
2013-12-14,5.732880894135042,47.99088850312382,48.1060684722701,2.866440447067521
2013-12-15,18.939900422312377,45.556116215392414,46.39778337908038,9.469950211156188
2013-12-16,14.953548542499865,49.105514387215706,49.23927172752908,7.4767742712499325
2013-12-17,13.108841319709047,48.82354346890981,48.97776328876578,6.554420659854523
2013-12-18,97.28400173916644,87.29989327641408,51.013064452680176,48.64200086958322
2013-12-19,93.63773958378626,80.93269981775579,51.968018916171296,46.81886979189313
2013-12-20,99.25279193702666,98.19894707675256,50.36014641882575,49.62639596851333
2013-12-21,40.5358246920035,58.38127902473404,54.98385845232019,20.26791234600175
2013-12-22,78.93937762017597,73.07211911997561,54.85913188288124,39.46968881008799
2013-12-23,58.818420747176944,73.27350603725533,59.584397333642855,29.409210373588472
2013-12-24,86.82375750344879,65.67943155379488,52.06595992360879,43.411878751724394
2013-12-25,97.2311833523139,91.42237511217469,51.14690961797288,48.61559167615695
2013-12-26,98.57862302034324,88.17016317016318,50.54254191239812,49.28931151017162
2013-12-27,38.49199678750864,77.38842328299391,66.84607227275463,19.24599839375432
2013-12-28,34.17965711440928,73.73956068198292,65.62546024041403,17.08982855720464
2013-12-29,93.66782701972876,94.92118516580548,52.84448714948674,46.83391350986438
2013-12-30,30.512030814824655,75.76017322481894,67.90022123250998,15.256015407412328
2013-12-31,10.30013685060856,73.13605604391279,70.75301060955628,5.15006842530428
2014-01-01,20.65097355419936,70.83472855887155,66.53215427408976,10.32548677709968
2014-01-02,95.02329337225915,95.82709269429189,52.28067995941777,47.51164668612957
2014-01-03,92.68755345431352,97.98646314179717,53.50898446640946,46.34377672715676
2014-01-04,100.0,-1.0,50.0,50.0
2014-01-05,92.21744668952017,100.0,53.891276655239906,46.10872334476009
2014-01-06,9.97464706260992,78.25621651294044,75.43775864252773,4.98732353130496
2014-01-07,38.5897701816975,76.37661236662827,66.19793827262922,19.29488509084875
2014-01-08,66.82590717369507,91.87992556234154,63.893285381638584,33.412953586847536
2014-01-09,85.13257026348288,62.81079273051622,51.90463560790034,42.56628513174144
2014-01-10,96.96898793020266,69.50403060527395,50.59116952174282,48.48449396510133
2014-01-11,64.88229442970822,88.36035972241892,63.47127818302387,32.44114721485411
2014-01-12,2.011173184357542,62.51902184279798,62.26724263255177,1.005586592178771
2014-01-13,7.260601354199327,64.4408870579543,63.392391816666084,3.6303006770996635
2014-01-14,100.0,-1.0,50.0,50.0
2014-01-15,41.48530238676707,88.01004216147597,72.24146123345001,20.742651193383534
2014-01-16,99.69399522566299,86.06224627875507,50.11035219534617,49.846997612831494
2014-01-17,94.06992514675584,97.0564614686267,52.79048338837756,47.03496257337792
2014-01-18,60.05127981909043,89.22239574956026,65.66884512624081,30.025639909545216
2014-01-19,88.4705799505817,75.40689110049222,52.92926719647403,44.23528997529085
2014-01-20,79.04732312090233,83.9037845533278,57.103750427244194,39.52366156045117
2014-01-21,77.16274300628683,63.90592119584936,53.17573096083935,38.581371503143416
2014-01-22,11.567005387002688,72.87761593445933,70.23136086690262,5.783502693501344
2014-01-23,54.636150234741784,86.71414661796771,66.6549503143715,27.318075117370892
2014-01-24,99.78488612836439,90.85659287776708,50.08788819875777,49.892443064182196
2014-01-25,8.56572795296189,69.37930721284302,67.71932847782216,4.282863976480945
2014-01-26,76.08929492985361,49.66584898627857,49.920102136620166,38.044647464926804
2014-01-27,70.89487150270874,73.06194791051257,56.71220957333306,35.44743575135437
2014-01-28,78.98623984354607,83.1100332239015,56.95766296939288,39.49311992177304
2014-01-29,25.415016974194245,85.57470001196336,76.53338396540418,12.707508487097122
2014-01-30,98.25682032764075,99.2754483905452,50.858959599807854,49.12841016382038
2014-01-31,93.4145003157644,92.50117905989624,52.798915012785876,46.7072501578822
2014-02-01,77.55775098970624,89.52858316487128,58.87110306410147,38.77887549485312
2014-02-02,97.49155672987126,99.4139012712564,51.239519680946884,48.74577836493563
2014-02-03,77.67493996523267,91.28251770318055,59.216346861098515,38.837469982616334
2014-02-04,87.26251568732216,86.77527395701232,54.68424475121875,43.63125784366108
2014-02-05,95.62557071952591,87.92956546435671,51.65920201762941,47.812785359762955
2014-02-06,29.933938722040214,73.33254318646479,66.34819400673486,14.966969361020107
2014-02-07,76.79880518113893,76.78029356094426,56.213348082137585,38.399402590569466
2014-02-08,64.92411257412056,89.0786939103511,63.70719868349875,32.46205628706028
2014-02-09,98.71814783752161,98.57835218093699,50.62270265792771,49.35907391876081
2014-02-10,99.65693581780538,100.0,50.171532091097305,49.82846790890269
2014-02-11,69.52406818455108,84.75819234406144,60.59288299905875,34.76203409227554
2014-02-12,30.67222792874114,80.14750339724748,70.90059244041875,15.33611396437057
2014-02-13,87.90486291211295,76.50625107038877,53.20596740382305,43.95243145605647
2014-02-14,19.68873953626425,78.24467727679195,72.68365633490596,9.844369768132125
2014-02-15,68.374601516414,78.41300842847593,58.98572713668039,34.187300758207
2014-02-16,99.8952380952381,85.7707509881423,50.03747412008281,49.94761904761905
2014-02-17,91.61778959663991,95.1720900353322,53.78641963035681,45.808894798319955
2014-02-18,65.76006069374945,93.58158625992094,64.92230868409816,32.880030346874726
2014-02-19,95.35244397878006,99.79505457785697,52.31425305730295,47.67622198939003
2014-02-20,75.80893522922509,92.9056080050717,60.379323422801676,37.90446761461254
2014-02-21,36.43409404997573,76.50824429623971,66.85020563835042,18.217047024987863
2014-02-22,83.66261854785738,87.81295183014991,56.177646178806526,41.83130927392869
2014-02-23,8.83508369773304,77.94735607418527,75.47818377372751,4.41754184886652
2014-02-24,1.6311661986807784,74.08612411906039,73.69323940385797,0.8155830993403892
2014-02-25,16.6333884050511,75.98348839930587,71.66155385266794,8.31669420252555
2014-02-26,62.90421557611216,84.46289952104978,62.784282912549706,31.45210778805608
2014-02-27,74.95942576313766,72.72117740546985,55.68951329570587,37.47971288156883
2014-02-28,63.29977218217962,77.00954005524082,59.91256273281883,31.64988609108981
2014-03-01,94.16264890567788,61.3850847938693,50.66458737180442,47.08132445283894
2014-03-02,95.55188330527375,73.92458100558659,51.0641932818528,47.775941652636874
2014-03-03,70.56033223293608,82.80398699159522,59.6573847846765,35.28016611646804
2014-03-04,95.40323432384243,72.25751227643376,51.02312568468966,47.70161716192121
2014-03-05,81.15340459306108,60.418934520864255,51.96361443486117,40.57670229653054
2014-03-06,42.62993844966195,71.24858928726452,62.19032875268219,21.314969224830975
2014-03-07,1.7814938962338995,71.64557818526288,71.25996353108788,0.8907469481169498
2014-03-08,0.7142382427953112,69.03376822235191,68.89782177066286,0.3571191213976556
2014-03-09,2.033271719038817,68.81026075895697,68.42779704666764,1.0166358595194085
2014-03-10,4.55205237943945,68.5535699522672,67.70900172978406,2.276026189719725
2014-03-11,49.80578074481477,63.93670206172789,56.99541878980562,24.902890372407384
2014-03-12,1.964261979132053,67.54193447248785,67.19736492324051,0.9821309895660265
2014-03-13,5.055678084723728,68.08479922305293,67.17048999206675,2.527839042361864
2014-03-14,2.59325715757251,66.53654022868425,66.10770521558904,1.296628578786255
2014-03-15,100.0,-1.0,50.0,50.0
2014-03-16,47.391869777050445,53.63746757189381,51.913603677039454,23.695934888525223
2014-03-17,2.5037381624854627,61.92210691341615,61.62360857285263,1.2518690812427313
2014-03-18,24.539361571847557,60.54457134055101,57.95700085309178,12.269680785923779
2014-03-19,8.119976662437944,60.26136730852235,59.42814667782329,4.059988331218972
2014-03-20,4.488714356617609,61.80776907589481,61.27775205018887,2.2443571783088045
2014-03-21,46.75823799553003,52.14859508190971,51.143949879950114,23.379118997765016
2014-03-22,99.23058606731337,67.2497308934338,50.13272183284503,49.615293033656684
2014-03-23,99.86832025507775,100.0,50.065839872461126,49.934160127538874
2014-03-24,80.0972664279557,73.33027933658862,54.64336333797494,40.04863321397785
2014-03-25,71.09409662184295,75.95662121744618,57.502995849349205,35.547048310921475
2014-03-26,80.87254513754279,81.99386536314665,56.119612156091215,40.43627256877139
2014-03-27,62.07888990953144,75.87502255565094,59.81209578926197,31.03944495476572
2014-03-28,25.039962798267794,67.29099564917567,62.961336771171986,12.519981399133897
2014-03-29,5.949866786278675,66.99241562800145,65.98138953436458,2.9749333931393376
2014-03-30,3.516240704244949,65.74122103722517,65.18772181576908,1.7581203521224744
2014-03-31,26.963125310021773,69.4839829841407,64.23049223674352,13.481562655010887
2014-04-01,39.664974808810385,62.10847660399542,57.30565240928994,19.832487404405192
2014-04-02,35.099023050042746,61.21088491925196,57.27597383732995,17.549511525021373
2014-04-03,100.0,-1.0,50.0,50.0
2014-04-04,47.60640172481705,64.890733625871,57.80179115616642,23.803200862408524
2014-04-05,99.99089026915114,100.0,50.00455486542443,49.99544513457557
2014-04-06,71.00350167205359,56.994751969798806,52.02823313796671,35.501750836026794
2014-04-07,14.551211510910866,55.62450947279412,54.80607520295663,7.275605755455433
2014-04-08,96.57273261930203,39.50453172205438,49.640292239258464,48.286366309651015
2014-04-09,34.76465388079338,48.21001399669169,48.832296435256474,17.38232694039669
2014-04-10,57.39732477127396,38.90866070428775,45.274792741331645,28.69866238563698
2014-04-11,58.699145855668476,46.34328807840617,48.48974674278415,29.349572927834238
2014-04-12,98.29262283032033,30.584525830705793,49.66850462664842,49.14631141516016
2014-04-13,90.25864408113723,34.46098235169041,48.48628898458326,45.12932204056862
2014-04-14,16.653104098248352,55.5506018724922,54.62625436458674,8.326552049124176
2014-04-15,52.890990346429426,36.719169579419095,43.7435323150942,26.445495173214713
2014-04-16,37.66410844958763,47.69395697872241,48.56250752315055,18.832054224793815
2014-04-17,4.846691378791182,52.36771233899164,52.252956629183146,2.423345689395591
2014-04-18,99.26852547738392,69.91225587319559,50.14565307859055,49.63426273869196
2014-04-19,93.72939617327923,70.80774057195694,51.30477097655927,46.86469808663961
2014-04-20,80.65018045605036,54.33267305530275,50.83836441763041,40.32509022802518
2014-04-21,99.30847143200245,91.73652694610779,50.28862000712233,49.654235716001224
2014-04-22,65.26247905641911,36.98461685400636,45.47877855377316,32.631239528209555
2014-04-23,88.31043190580066,27.410150988870775,47.35934421746723,44.15521595290033
2014-04-24,49.01406755997021,46.23384655447414,48.07979154867633,24.507033779985104
2014-04-25,72.57126863350818,38.32739971427924,46.798353824145295,36.28563431675409
2014-04-26,63.284411853173324,29.7836637607137,42.57745324800597,31.642205926586662
2014-04-27,99.94513457556936,96.98113207547169,50.02577639751553,49.97256728778468
2014-04-28,99.34326442302715,92.71752837326608,50.280541206430705,49.671632211513575
2014-04-29,77.4372525855458,31.40185370603419,45.80374722792182,38.7186262927729
2014-04-30,98.16900329426186,37.543819970598214,49.77192775400084,49.08450164713093
2014-05-01,63.847232129526724,33.53274523074805,44.0466316086329,31.923616064763362
2014-05-02,99.8734989648033,30.11456628477905,49.9748447204969,49.93674948240165
2014-05-03,92.31293390552251,21.037316448875117,47.77361937269067,46.15646695276126
2014-05-04,20.705564445329962,41.88875104040705,43.568230921056724,10.352782222664981
2014-05-05,7.992616003089817,45.88628521003586,46.21507863666,3.9963080015449086
2014-05-06,59.12019970392731,37.808174713063416,45.01600617025423,29.560099851963656
2014-05-07,99.36684879943518,55.134074558535,50.03250645470526,49.68342439971759
2014-05-08,31.56668015732179,42.046026652755955,44.55683197907911,15.783340078660896
2014-05-09,61.46559554075407,24.696221196172765,40.24933953226027,30.732797770377037
2014-05-10,78.18589104653596,30.326116900512023,45.708317705300544,39.09294552326798
2014-05-11,99.7583850931677,54.841473864610116,50.011697722567284,49.87919254658385
2014-05-12,78.43934121821162,31.876465838748125,46.09244664029163,39.21967060910581
2014-05-13,81.84568835098335,33.35730593607306,46.97863345284231,40.922844175491676
2014-05-14,72.10716439625212,18.53090217407457,41.22237627743202,36.05358219812606
2014-05-15,58.881776085635664,22.72598898549555,38.78541108062767,29.440888042817832
2014-05-16,91.92011862504297,18.523644752018452,47.45674783480303,45.96005931252149
2014-05-17,81.37070837685052,16.298290303562887,43.72161021866348,40.68535418842526
2014-05-18,71.48491662953252,37.56986793234531,46.45553747784905,35.74245831476626
2014-05-19,74.56583887372064,29.402702834879285,44.76125025136463,37.28291943686032
2014-05-20,64.5967986003723,41.96440072603782,47.15514060537215,32.29839930018615
2014-05-21,33.62479318598419,39.449174011221686,42.996867429361465,16.812396592992094
2014-05-22,21.732866375059945,32.51461491941901,36.314690294146345,10.866433187529973
2014-05-23,95.56550478778038,36.933781638180626,49.42057917232696,47.78275239389019
2014-05-24,20.889413142663713,31.009445007376453,34.976460497870335,10.444706571331857
2014-05-25,44.81654984609573,29.456125173957197,38.66318107569018,22.408274923047866
2014-05-26,99.63643440705268,54.840546697038725,50.01759856230098,49.81821720352634
2014-05-27,99.87390912761266,68.30870279146141,50.02308560307256,49.93695456380633
2014-05-28,81.6149215115556,18.93373025269781,44.288441923526634,40.8074607557778
2014-05-29,90.17749493493096,16.640303701360327,46.72324214137446,45.08874746746548
2014-05-30,86.7555445062515,20.20992038042203,46.054466163232746,43.37777225312575
2014-05-31,43.78905828554356,26.78271525647698,36.94934560513889,21.89452914277178
2014-06-01,79.12234125232378,28.748126309101917,45.56310633332711,39.56117062616189
2014-06-02,85.64750376961442,20.94379103831445,45.82970870408112,42.82375188480721
2014-06-03,78.84484269991235,26.592805924532737,45.0481712737981,39.422421349956174
2014-06-04,89.72810356223077,15.351876878391192,46.440980675317576,44.864051781115386
2014-06-05,95.72347100421399,16.613403060236298,48.5722125011648,47.861735502106995
2014-06-06,8.934522388214653,25.01453538082698,27.246867311026442,4.467261194107326
2014-06-07,4.956458349342566,25.41059550551977,26.629359097640048,2.478229174671283
2014-06-08,0.22825028193790511,23.615812152625992,23.67603413577465,0.11412514096895256
2014-06-09,6.80818011709023,23.243085439476562,25.064744376532943,3.404090058545115
2014-06-10,2.7185312869930014,22.88928739165706,23.62630059604162,1.3592656434965007
2014-06-11,17.50985204287144,21.903930087038816,26.82351035866004,8.75492602143572
2014-06-12,39.91648065321838,23.415818167379648,34.02728796541395,19.95824032660919
2014-06-13,55.493566504342915,19.3290585943689,36.349457860810844,27.746783252171458
2014-06-14,67.63992082983596,18.457272046061522,39.792748261676046,33.81996041491798
2014-06-15,94.55390292235155,24.976236644994486,48.63718155520538,47.27695146117578
2014-06-16,69.32349471405736,22.15290825774882,41.45748542970702,34.66174735702868
2014-06-17,86.82299812526541,20.68542681968244,46.13721814245911,43.41149906263271
2014-06-18,78.04552482889844,15.336757236457016,42.389866973979295,39.02276241444922
2014-06-19,77.40827921741544,20.211136486622824,43.27018313075262,38.70413960870772
2014-06-20,89.46893104741072,17.483576570551907,46.57567302772893,44.73446552370536
2014-06-21,30.881983763249675,16.258734961458106,26.678706952175652,15.440991881624837
2014-06-22,8.4755650688131,17.589708807897598,20.336664126876038,4.23778253440655
2014-06-23,46.61105512633897,15.014700113794804,31.321717529868913,23.305527563169484
2014-06-24,85.45644830373242,19.550564999928753,45.571570679543235,42.72822415186621
2014-06-25,67.56195391934331,22.27739222678067,41.007327715763395,33.780976959671655
2014-06-26,31.744183633231636,18.480161276100183,28.485876761513396,15.872091816615818
2014-06-27,69.12299609322376,18.30312793663579,40.21295557466917,34.56149804661188
2014-06-28,80.76557284317443,15.861422615777398,43.43364020065518,40.38278642158721
2014-06-29,99.9813662281519,100.0,50.00931688592405,49.99068311407595
2014-06-30,58.510305184423295,13.074966138036856,34.67991614012313,29.255152592211648
2014-07-01,75.26804608755309,16.58663314477268,41.73622150876837,37.634023043776544
2014-07-02,99.53332367129755,6.832298136645963,49.798546553758875,49.766661835648776
2014-07-03,0.758065085599048,10.312050711641369,10.612911198386671,0.379032542799524
2014-07-04,57.16817314129495,7.10614946867197,31.627780207389844,28.584086570647475
2014-07-05,74.13853843730831,9.481950398653792,39.521440176395494,37.069269218654156
2014-07-06,59.91040411477398,14.296578340179412,35.68664253937967,29.95520205738699
2014-07-07,64.64062626333826,13.586660178122271,37.124471082381575,32.32031313166913
2014-07-08,99.5581716505208,67.33833177132146,50.07660566509246,49.7790858252604
2014-07-09,96.80805679351879,33.653409459547134,49.47822611375271,48.404028396759394
2014-07-10,83.7454776024766,13.145683544949263,44.00950687735962,41.8727388012383
2014-07-11,67.42858564642509,12.180992940307723,37.681814506179876,33.714292823212546
2014-07-12,84.68503374157497,13.31511445424536,44.381722156725836,42.342516870787485
2014-07-13,85.90727790727792,16.015584797471146,45.21067081067081,42.95363895363896
2014-07-14,85.31787308283639,23.202743515199412,46.06559279258372,42.65893654141819
2014-07-15,44.328985462129936,15.448763830485223,30.764976289055607,22.164492731064968
2014-07-16,19.375240072670646,13.64969650458784,20.692655073968336,9.687620036335323
2014-07-17,26.03856319202078,16.762483297589238,25.417055087604922,13.01928159601039
2014-07-18,3.830529595015576,10.35187968625825,11.87061266874351,1.915264797507788
2014-07-19,3.4486983790743797,9.000471059927857,10.414421149912256,1.7243491895371899
2014-07-20,69.01926492010767,11.264873686533921,37.99957313396341,34.50963246005384
2014-07-21,99.90517519813828,69.21397379912663,50.01821961258478,49.95258759906914
2014-07-22,94.18503279085708,9.2340016381183,47.62947056277684,47.09251639542854
2014-07-23,78.54253864323898,17.488750265551673,43.023911151630685,39.27126932161949
2014-07-24,98.24907235621522,31.63434247871334,49.67843062549695,49.12453617810761
2014-07-25,44.673994467835215,12.905585081445198,29.477141950036213,22.336997233917607
2014-07-26,99.93602484472049,25.5663430420712,49.9843685300207,49.968012422360246
2014-07-27,85.72716009994075,22.627843177100722,46.09321587947444,42.86358004997037
2014-07-28,82.29568517927659,23.41665496419042,45.293600904981126,41.147842589638294
2014-07-29,97.71425494816796,31.980431237543034,49.588118598650674,48.85712747408398
2014-07-30,86.657275439178,23.265743385914796,46.43292177659927,43.328637719589
2014-07-31,84.10610299450833,16.364608323771773,44.65402548958657,42.05305149725417
2014-08-01,53.64097501897529,13.132420173029264,32.90854945811541,26.820487509487645
2014-08-02,78.72892804455569,16.98892471337704,42.97819042251653,39.36446402227784
2014-08-03,67.4422026714749,15.290305742458287,38.699288090278856,33.72110133573745
2014-08-04,47.597197491356305,15.13276964812578,31.728594138473483,23.798598745678152
2014-08-05,77.79922059616102,14.059625960541918,42.0209568425853,38.89961029808051
2014-08-06,9.68602695350624,8.275449790193711,12.316900969744793,4.84301347675312
2014-08-07,55.00351549618273,14.270964411318685,33.92319003797565,27.501757748091364
2014-08-08,56.33389531399373,12.01037194635462,33.41140924427081,28.166947656996864
2014-08-09,71.32775826157241,16.5990820051321,40.42320804965752,35.663879130786206
2014-08-10,24.384790722972102,9.348978566506426,19.261645069814367,12.192395361486051
2014-08-11,91.26718784308365,26.308174012049907,47.93103733992882,45.633593921541824
2014-08-12,81.23849597877457,22.73043651188227,44.88381974960617,40.61924798938728
2014-08-13,99.9567287784679,100.0,50.02163561076605,49.97836438923395
2014-08-14,88.116278346991,18.55635951529945,46.263325287225335,44.0581391734955
2014-08-15,92.48833582873083,26.234389215118682,48.21480712958879,46.24416791436541
2014-08-16,75.53104185749633,15.994342483040153,41.67916989609194,37.76552092874817
2014-08-17,7.489430448614122,8.362195710485853,11.480630103079083,3.744715224307061
2014-08-18,52.57053974179499,15.502442138587538,33.6379945040701,26.285269870897494
2014-08-19,98.94670147983577,26.55789266758404,49.75308463037235,49.47335073991788
2014-08-20,99.31090603019341,30.588942307692307,49.86623957196663,49.655453015096704
2014-08-21,49.68067359405086,11.388161557017092,30.57078298253768,24.84033679702543
2014-08-22,79.18828228144827,15.18926832183084,42.75528878737697,39.59414114072413
2014-08-23,99.63166939274105,61.66385609893198,50.042961551999014,49.81583469637052
2014-08-24,48.19306103903918,12.79879540749106,30.727194644016738,24.09653051951959
2014-08-25,86.791647677839,11.05987892475142,44.856651613705104,43.3958238389195
2014-08-26,97.67233846956564,77.68190713396193,50.64434110324779,48.83616923478282
2014-08-27,47.90370480978216,10.972133757961783,29.66792759610439,23.95185240489108
2014-08-28,15.592524226083814,9.768667253772318,16.041747558704262,7.796262113041907
2014-08-29,50.39465770754267,9.606508578882236,29.962670316680146,25.197328853771335
2014-08-30,98.37939573636348,26.229717644052634,49.61477779066108,49.18969786818174
2014-08-31,99.60372342628096,86.99059561128527,50.146585064886665,49.80186171314048
2014-09-01,77.27231286286764,11.864669468578775,41.33272138810727,38.63615643143382
2014-09-02,59.79801665709481,8.059267358084796,33.13899364940485,29.899008328547406
2014-09-03,79.46577318049582,20.80949353676626,44.005955193077554,39.73288659024791
2014-09-04,91.02978543634433,8.368732108227906,46.265585944537754,45.51489271817216
2014-09-05,97.23847985916952,25.97870106494675,49.33664699181941,48.61923992958476
2014-09-06,47.264166597527584,11.235004916420847,29.556956774247073,23.632083298763792
2014-09-07,42.32978003875567,17.92838718265118,31.5042303431163,21.164890019377836
2014-09-08,17.38523969155086,10.0537927534302,16.998536630930015,8.69261984577543
2014-09-09,67.70895196959944,13.454959357958638,38.19922337354902,33.85447598479972
2014-09-10,61.003736899078845,16.5304418576207,36.94812304808199,30.501868449539423
2014-09-11,62.46166351818482,13.892479533326703,36.44583747197989,31.23083175909241
2014-09-12,73.18034186794122,13.990386101579647,40.34234465776934,36.59017093397061
2014-09-13,55.32008857484077,9.648573271521581,31.971018278927815,27.660044287420384
2014-09-14,29.76541080608774,7.875474653152288,20.414012672756066,14.88270540304387
2014-09-15,27.27572867545832,12.736591145944864,22.90045744020366,13.63786433772916
2014-09-16,78.54637152335307,22.05856786880179,44.005548959518286,39.27318576167654
2014-09-17,68.52512652939359,15.270449200608683,39.06891782898161,34.262563264696794
2014-09-18,81.5272691115788,10.951377052121646,42.78665296720415,40.7636345557894
2014-09-19,80.3298219732131,13.315706866948268,42.78413423286037,40.16491098660655
2014-09-20,96.4007355072764,14.641583247037165,48.72735706062137,48.2003677536382
2014-09-21,57.70927851732915,16.01720771894713,35.62843196438536,28.854639258664577
2014-09-22,19.518179327294316,6.849940421844291,15.27204643014306,9.759089663647158
2014-09-23,1.1017813343080793,6.852335632145287,7.327728544340209,0.5508906671540397
2014-09-24,54.23946354592165,11.286719560656659,32.28459519198471,27.119731772960826
2014-09-25,53.891527532925444,12.508096728921517,32.71305610287255,26.945763766462722
2014-09-26,49.85335296923938,5.522786873040428,27.69616892410446,24.92667648461969
2014-09-27,0.5030197801832637,5.524662366668754,5.748382112267701,0.2515098900916318
2014-09-28,1.6371686929649305,5.180113128907412,5.91389028498324,0.8185843464824653
2014-09-29,1.9836770294685688,5.284992097089271,6.171993437584367,0.9918385147342844
2014-09-30,53.86227482846542,7.286148814096947,30.292800729669782,26.93113741423271
2014-10-01,98.5883765709435,98.4746259900264,50.68427917762273,49.29418828547175
2014-10-02,43.79477069931521,14.94020741878436,30.29456318738327,21.897385349657604
2014-10-03,16.37099788214775,11.587887996742591,17.876334039284085,8.185498941073876
2014-10-04,30.269701447927737,13.450015627092915,24.51358677603613,15.134850723963869
2014-10-05,74.49529341285091,16.112226403439617,41.357022775279894,37.247646706425456
2014-10-06,46.88298967360627,11.55159480535717,29.577356642427866,23.441494836803134
2014-10-07,78.15977870100808,11.44380562038671,41.57924182302297,39.07988935050404
2014-10-08,96.67772297932427,17.28779758195189,48.91321001610826,48.338861489662136
2014-10-09,57.492075141548646,13.079294165845665,34.30577410680781,28.746037570774323
2014-10-10,46.9156912018294,15.970400716136925,31.93562243337407,23.4578456009147
2014-10-11,88.6792843620939,45.59442350616561,49.501257212922575,44.33964218104695
2014-10-12,63.89371612009506,17.2872477902028,38.188640822200746,31.94685806004753
2014-10-13,99.2672877846791,85.70217575586324,50.26159420289855,49.63364389233955
2014-10-14,62.45518877215681,22.38801848916771,39.63313366549105,31.227594386078405
2014-10-15,83.1226303685748,15.658834794137144,44.204114612468146,41.5613151842874
2014-10-16,96.88087566573623,16.729735112527386,48.962259071820824,48.44043783286811
2014-10-17,41.52937442038502,16.489076709635984,30.405953514619267,20.76468721019251
2014-10-18,2.7161509115792053,5.4247216339913935,6.635453463668704,1.3580754557896026
2014-10-19,1.0187000515061393,4.4285351590777,4.892771694884277,0.5093500257530696
2014-10-20,41.99024645235966,12.683172777789697,28.35260049659705,20.99512322617983
2014-10-21,55.5865469959271,19.413354998669263,36.41541479681136,27.79327349796355
2014-10-22,61.98721883086723,10.034637938088094,34.808054375953816,30.993609415433614
2014-10-23,72.70111427831044,25.480889712415422,43.30655610261726,36.35055713915522
2014-10-24,6.088529089938895,49.94152150217885,49.94508198253005,3.0442645449694474
2014-10-25,60.14857744557895,31.81837095599709,42.75436218239705,30.074288722789476
2014-10-27,6.695074164751029,37.08810162867609,37.95256280071351,3.3475370823755144
2014-10-28,2.6611089303849913,33.17053499417511,33.61838539038113,1.3305544651924957
2014-10-29,3.977528789939876,30.458762028147323,31.23602039438843,1.988764394969938
2014-10-30,33.79054930234971,19.86161641800867,30.04554178121272,16.895274651174855
2014-10-31,17.022782854936285,22.538611849891037,27.213304323635292,8.511391427468142
2014-11-01,25.114182742212737,27.11047286901221,32.858990541516846,12.557091371106369
2014-11-02,4.137852262579694,25.139892332188772,26.16856685980105,2.068926131289847
2014-11-03,32.87058745419915,28.48069380526597,35.55421616754292,16.435293727099577
2014-11-04,91.10816122398685,48.41046183943918,49.85866082947973,45.55408061199343
2014-11-05,98.69339782826567,99.74643423137877,50.649987990027576,49.34669891413284
2014-11-06,98.8346112989694,100.0,50.58269435051529,49.4173056494847
2014-11-07,94.9841695811617,83.0945795318499,51.65996798714516,47.49208479058085
2014-11-08,90.12314485363864,74.9570140490669,52.46496812648339,45.06157242681932
2014-11-09,74.12794071323175,55.871421476746605,51.51905764543992,37.063970356615876
2014-11-10,99.78612836438924,100.0,50.106935817805386,49.89306418219462
2014-11-11,92.35725011370977,44.974048207831736,49.615879075119054,46.178625056854884
2014-11-12,94.43983127535374,57.74459051804403,50.430612299836206,47.21991563767687
2014-11-13,76.85844760211673,54.958858974473756,51.147556947914985,38.42922380105836
2014-11-14,70.76983018390871,47.179563534266386,49.1755816315111,35.384915091954355
2014-11-15,99.81345755693582,77.58046614872363,50.051449275362316,49.90672877846791
2014-11-16,63.90771380416237,54.56869119691209,51.648945102193544,31.953856902081185
2014-11-17,96.79813462661471,66.13633423877894,50.51666369852518,48.399067313307356
2014-11-18,86.69439875371337,77.63747898112973,53.6773327477554,43.347199376856686
2014-11-19,48.17833332641894,45.11918342839988,47.470679505316475,24.08916666320947
2014-11-20,18.675287744024576,55.70912265118915,54.64292756842028,9.337643872012288
2014-11-21,51.177381006717816,43.59399301394661,46.87241961651611,25.588690503358908
2014-11-22,39.76963124814545,53.09407987211642,51.86357571645262,19.884815624072726
2014-11-23,2.428184551994551,41.51142990932698,41.71754805695393,1.2140922759972754
2014-11-24,74.45485706706678,70.43743509865004,55.22077200777562,37.22742853353339
2014-11-25,37.75426585758,37.55232635648581,42.251854156942066,18.87713292879
2014-11-26,95.84077813825701,62.705958484742894,50.52846900304141,47.920389069128504
2014-11-27,83.63216019191209,59.56385819695992,51.56539698915108,41.816080095956046
2014-11-28,88.65283922387367,40.35593684402665,48.90567264834054,44.326419611936835
2014-11-29,40.79228500188768,41.21713234650083,44.79986475105482,20.39614250094384
2014-11-30,89.28021806176069,47.49686020674331,49.731668872553584,44.640109030880346
2014-12-01,93.67055304197949,84.15212908716002,52.16164089560649,46.835276520989744
2014-12-02,92.07042527721512,88.25449891608118,53.033419076377584,46.03521263860756
2014-12-03,70.47525495242891,69.87204233903516,55.86716983634551,35.237627476214456
2014-12-04,83.48606180117405,50.46848541862653,50.07736539250249,41.74303090058702
2014-12-05,64.06871957878073,64.53772692671448,55.22359142890889,32.034359789390365
2014-12-06,78.4730597240699,70.95855071905743,54.51173469599201,39.23652986203495
2014-12-07,90.7728927181238,79.0103500145933,52.67681611869431,45.3864463590619
2014-12-08,50.70852553678691,38.04155726115936,44.1055072511864,25.354262768393454
2014-12-09,37.985108841547536,49.79276154028856,49.8714812947715,18.992554420773768
2014-12-10,48.49405712626273,45.40504621332635,47.63332572756124,24.247028563131366
2014-12-11,32.70617332107785,41.75284432522431,44.45017335427555,16.353086660538924
2014-12-12,6.276801418749001,46.94311194815266,47.13498674076058,3.1384007093745003
2014-12-13,99.10681565495008,94.36717663421419,50.39628067603744,49.55340782747504
2014-12-14,95.60650265767454,74.35667829201621,51.070110013438494,47.80325132883727
2014-12-15,93.313302783639,96.19100706057228,53.08865278332839,46.6566513918195
2014-12-16,92.30630649286107,100.0,53.846846753569466,46.153153246430534
2014-12-17,94.90946969932301,64.37899190431634,50.73196693982111,47.454734849661506
2014-12-18,48.43151527217,46.66186784197658,48.27857582789491,24.215757636085
2014-12-19,22.047436967289002,51.90587019737754,51.48567466693237,11.023718483644501
2014-12-20,7.655828246335285,45.69868779623517,46.02798887089406,3.8279141231676426
2014-12-21,10.826983368976185,46.341656499427216,46.73774474181426,5.4134916844880925
2014-12-22,46.833723847637216,53.342953530547376,51.77732390569598,23.416861923818608
2014-12-23,7.474747474747474,42.65854939255084,43.20730428644098,3.737373737373737
2014-12-24,99.33664321591394,79.30711610486891,50.19441074290163,49.66832160795697
2014-12-25,31.54739672816912,35.763197380984856,40.254537984611936,15.77369836408456
2014-12-26,65.13412583381543,36.962675738040296,45.454422928187675,32.567062916907716
2014-12-27,100.0,-1.0,50.0,50.0
2014-12-28,88.90665617200203,75.52140709897866,52.83117743923278,44.453328086001015
2014-12-29,46.369515499978235,55.637045485298955,53.023174805252424,23.184757749989117
2014-12-30,89.5550179575233,57.96268020385096,50.83170051739208,44.77750897876165
2014-12-31,60.95386765013796,49.58640389067046,49.838506715757305,30.47693382506898
2015-01-01,4.1759688650660305,55.428047567342645,55.201373990949435,2.0879844325330152
2015-01-02,42.19257249420731,67.54810280112245,60.144106805400845,21.096286247103656
2015-01-03,16.38879204436033,51.185532850664806,50.99123833715178,8.194396022180165
2015-01-04,63.120436442084305,36.51688237180028,45.02748506471955,31.560218221042152
2015-01-05,22.29817390744781,43.95864500961744,45.30575685173922,11.149086953723906
2015-01-06,11.174049726120124,47.99571746488882,48.21967699201409,5.587024863060062
2015-01-07,8.098237717171045,50.78810689426919,50.72428412450586,4.049118858585523
2015-01-08,65.16056658116663,46.35721385336007,48.7308739458509,32.58028329058332
2015-01-09,87.49192171938954,23.331566919484647,46.66429151407692,43.74596085969477
2015-01-10,66.2526832260043,63.3066051057873,54.49062217691473,33.12634161300215
2015-01-11,78.91280070775485,40.10788186051995,47.91402933370351,39.45640035387743
2015-01-12,24.177441112379373,43.95225413369609,45.414444329148075,12.088720556189687
2015-01-13,6.178959720044444,48.127405905439474,48.2431127402623,3.089479860022222
2015-01-14,38.01570099660883,42.860250026769464,45.57447602849824,19.007850498304414
2015-01-15,62.29325350261426,55.88464921926545,52.21890976336881,31.14662675130713
2015-01-16,95.34066434724984,79.3146362060536,51.36586729622267,47.67033217362492
2015-01-17,99.96790890269152,88.38709677419355,50.01231884057971,49.98395445134576
2015-01-18,61.47426462967186,76.3833588016271,60.16438299371904,30.73713231483593
2015-01-19,32.443429994293716,83.38585627756687,72.55433936815895,16.221714997146858
2015-01-20,38.098439296044084,72.4467222181255,63.89487137990132,19.049219648022042
2015-01-21,76.75169331562492,91.55377704894656,59.66054952728056,38.37584665781246
2015-01-22,77.7128269099665,72.89665752405746,55.10301769421887,38.85641345498325
2015-01-23,63.63210422221024,57.732781521131905,52.812249924329436,31.81605211110512
2015-01-24,25.649039359489983,59.02024160414434,56.706636284776266,12.824519679744991
2015-01-25,63.3195242716031,55.378814857524006,51.9729748782895,31.65976213580155
2015-01-26,4.846633665011046,63.49315113333086,62.83918752803203,2.423316832505523
2015-01-27,72.3539084580787,48.34724691163565,49.54307836822886,36.17695422903935
2015-01-28,10.99073135890238,64.94156616669387,63.299378768499906,5.49536567945119
2015-01-29,96.79070528283992,73.13375056455254,50.74243023474917,48.39535264141996
2015-01-30,99.81366150992149,99.44444444444444,50.09213403120548,49.906830754960744
2015-01-31,10.369521389136317,75.58150578783871,72.92882607350563,5.184760694568158
2015-02-01,53.60693679979759,69.88632045740034,59.22587321799653,26.803468399898794
2015-02-02,48.759920840714756,55.34490366825769,52.738732870602774,24.379960420357378
2015-02-03,76.56489530075655,94.52729281767955,60.43501769156191,38.28244765037827
2015-02-04,46.96079773356064,79.76554037937412,65.78740516751492,23.48039886678032
2015-02-05,98.27638324126909,99.85585585585585,50.859323886740256,49.138191620634544
2015-02-06,84.87998707266242,99.67253096569111,57.51049310334826,42.43999353633121
2015-02-07,14.859000143210277,81.19970649680535,76.56374206376387,7.429500071605139
2015-02-08,49.59636437552633,60.37077426390404,55.22724727141488,24.798182187763164
2015-02-09,63.797171767438,53.13661590272567,51.135543667579,31.898585883719
2015-02-10,18.215013005237385,69.48972288074074,65.93966732332909,9.107506502618692
2015-02-11,1.44212397614182,66.78494968055158,66.542889896825,0.72106198807091
2015-02-12,6.869864421773086,68.20020335173606,66.94987405698481,3.434932210886543
2015-02-13,17.758015756592393,74.20825438793453,69.90934875932915,8.879007878296196
2015-02-14,76.8600708045996,90.6718589141041,59.41143935517683,38.4300354022998
2015-02-15,80.03423117647912,83.67598982927716,56.723670278345885,40.01711558823956
2015-02-16,22.30393377835343,65.03696025603693,61.68312659825313,11.151966889176714
2015-02-17,3.44449497561006,62.84486540893488,62.40242466530025,1.72224748780503
2015-02-18,2.713125171322485,61.181942567819966,60.87856246936961,1.3565625856612424
2015-02-19,4.617061926319725,61.84295035782168,61.29615400589774,2.3085309631598623
2015-02-20,2.886734106867312,60.355678734338014,60.05673782431627,1.443367053433656
2015-02-21,96.485521125594,88.0751782242385,51.338144095083294,48.242760562797
2015-02-22,75.88634993130516,97.35573411249086,61.4191960113476,37.94317496565258
2015-02-23,57.915189217210994,55.15092089833165,52.16775531363401,28.957594608605497
2015-02-24,98.98876544078978,100.0,50.50561727960511,49.49438272039489
2015-02-25,87.51491696224352,98.31070990010289,56.03163224715749,43.75745848112176
2015-02-26,62.61504211992571,84.25677960933038,62.806882628018045,31.307521059962856
2015-02-27,70.19748095164049,80.50366969285888,59.090861970662935,35.09874047582024
2015-02-28,54.408619548734926,64.62524058039594,56.667849074921115,27.204309774367463
2015-03-01,86.69797659420635,51.57532433148001,50.20955001129064,43.348988297103176
2015-03-02,99.6,99.79296066252587,50.1991718426501,49.8
2015-03-03,13.794370636121855,64.38132809263702,62.397514393141954,6.897185318060927
2015-03-04,67.55257190941838,47.36926152804482,49.14639302606108,33.77628595470919
2015-03-05,62.834493498306934,43.03257194505507,47.41052007323866,31.417246749153467
2015-03-06,7.947382844614963,62.27638095753606,61.300729963377265,3.9736914223074815
2015-03-07,6.751009287102723,64.30782593202974,63.34190327457593,3.3755046435513614
2015-03-08,16.570435562531532,62.34779427684084,60.30171098280297,8.285217781265766
2015-03-09,85.31089011287204,84.02126549433814,54.997421073454866,42.65544505643602
2015-03-10,3.0157151134657356,60.85976145099467,60.5322619836307,1.5078575567328678
2015-03-11,58.19481720849391,48.0777149888121,49.196385237299175,29.097408604246954
2015-03-12,15.957108964898845,57.096179065993915,55.96383404008892,7.978554482449423
2015-03-13,2.8438991364880524,59.12749985037236,58.867922960944675,1.4219495682440262
2015-03-14,38.49884713485513,64.77277712349706,59.08542824114909,19.249423567427566
2015-03-15,72.19727224307336,70.40938026447218,55.67436443180711,36.09863612153668
2015-03-16,87.50067315379803,79.59302036555256,53.698928339153525,43.75033657689902
2015-03-17,99.94927536231884,33.46938775510204,49.9916149068323,49.97463768115942
2015-03-18,12.246283813249935,67.11700518966043,65.0208081538059,6.1231419066249675
2015-03-19,19.571746742747074,54.46397233405595,53.59029497416823,9.785873371373537
2015-03-20,26.30528006907803,62.953960376518836,59.54638481943816,13.152640034539015
2015-03-21,96.80392713028392,63.017425665608606,50.41604641003398,48.40196356514196
2015-03-22,92.58946269565595,83.0482419363855,52.44905229712572,46.29473134782798
2015-03-23,52.55857280080994,76.72420201949525,62.67834284564332,26.27928640040497
2015-03-24,87.69247665207183,40.53203131576732,48.83472754361354,43.846238326035916
2015-03-25,100.0,-1.0,50.0,50.0
2015-03-26,94.88104433322081,99.92718446601941,52.55575043848659,47.44052216661041
2015-03-27,67.79449167034593,45.97476990409989,48.70365418617715,33.89724583517297
2015-03-28,3.596133279340456,57.90430564291684,57.620056277191125,1.798066639670228
2015-03-29,89.52301629725396,54.97152349311818,50.520865706152186,44.76150814862698
2015-03-30,84.17097141152118,30.47832233741753,46.90990806183913,42.08548570576059
2015-03-31,29.963671219348242,52.87647452646297,52.0145771566453,14.981835609674121
2015-04-01,74.73114267472617,27.0935192780968,44.211794068140925,37.365571337363086
2015-04-02,74.99248590978532,28.177349701184482,44.542697651665435,37.49624295489266
2015-04-03,5.260862522273311,61.443358630032485,60.84133926457578,2.6304312611366556
2015-04-04,96.39671359071488,22.59455109782734,49.012503184304435,48.19835679535744
2015-04-05,78.05995668528439,27.744086752814933,45.11704299348207,39.029978342642195
2015-04-06,56.935042309606764,37.491451633099274,44.61319893811183,28.467521154803382
2015-04-07,8.656537302028918,58.963320248304896,58.18740708751007,4.328268651014459
2015-04-08,15.491472288831448,59.180981112792594,57.75871196786147,7.745736144415724
2015-04-09,2.5404756564574145,56.60389822093328,56.436127794253245,1.2702378282287072
2015-04-10,22.659272419346806,53.71430871618721,52.8726733856908,11.329636209673403
2015-04-11,53.129951470405246,33.91313197461924,42.46007714961218,26.564975735202623
2015-04-12,45.295132910420826,59.810319786733004,55.36672240039498,22.647566455210413
2015-04-13,48.74831701695534,28.754619528919363,39.111384952420075,24.37415850847767
2015-04-14,87.31439270764508,26.288634545365486,46.99206929476996,43.65719635382254
2015-04-15,11.998273002588421,47.67736426721515,47.95604044329034,5.999136501294211
2015-04-16,65.66620927523495,38.355006580456646,46.00183232942132,32.833104637617474
2015-04-17,99.97929606625259,100.0,50.0103519668737,49.989648033126294
2015-04-18,86.25945977292403,33.99553840588448,47.80090051653364,43.129729886462016
2015-04-19,9.853460609622138,46.144082925424705,46.52402419550767,4.926730304811069
2015-04-20,23.521194295049163,44.791853263200174,46.016871576334125,11.760597147524582
2015-04-21,2.9702949734268467,43.73575285906006,43.92181947701043,1.4851474867134233
2015-04-22,2.6339562924827473,42.82307672618997,43.01211374836715,1.3169781462413737
2015-04-23,58.639505727316276,39.46596464836405,45.64307091170413,29.319752863658138
2015-04-24,22.40272209962071,49.34372458370789,49.490748141427936,11.201361049810355
2015-04-25,95.82643952116392,75.053336641032,51.04561615667988,47.91321976058196
2015-04-26,90.7069234083452,51.90353067047076,50.17689656315248,45.3534617041726
2015-04-27,93.17882947902062,47.574230372214465,49.834534117242626,46.58941473951031
2015-04-28,99.8664571389529,52.71317829457365,50.003623255919884,49.93322856947645
2015-04-29,79.43801324174049,29.38059160151527,45.760239975472125,39.719006620870246
2015-04-30,79.15728776742817,50.430095764675464,50.08964362255579,39.578643883714086
2015-05-01,100.0,-1.0,50.0,50.0
2015-05-02,68.0034992868752,26.827387816982622,42.585574977611195,34.0017496434376
2015-05-03,99.87246218379524,100.0,50.06376890810238,49.93623109189762
2015-05-04,99.7018503910108,45.34722222222222,49.98612776124842,49.8509251955054
2015-05-05,75.43409972482843,23.49924508886021,43.489850976361765,37.717049862414214
2015-05-06,95.14386589772528,23.51285659460151,48.71374879637203,47.57193294886264
2015-05-07,16.423562237640287,34.78324589642701,37.282378977176,8.211781118820143
2015-05-08,65.20901788027986,28.314950870857984,42.45555843482768,32.60450894013993
2015-05-09,96.98015834391236,5.1090385406665755,48.644364046032806,48.49007917195618
2015-05-10,30.566432391043158,16.32118777793717,26.615599145900383,15.283216195521579
2015-05-11,6.20657144399819,25.822814518289565,27.323388808359876,3.103285721999095
2015-05-12,97.56345535037624,9.382170476757032,49.01032844795812,48.78172767518812
2015-05-13,40.18783256400367,26.051096079906532,35.675641488227804,20.093916282001835
2015-05-14,34.02467158493979,26.18825253373332,34.29012140776578,17.012335792469894
2015-05-15,99.5869411282408,60.0,50.04130588717592,49.7934705641204
2015-05-16,50.97621487514158,21.816381539138565,36.183323445337365,25.48810743757079
2015-05-17,37.717131887516864,22.915930825364033,33.13126491646778,18.858565943758432
2015-05-18,32.670331334989285,24.628229586914916,32.91727104642259,16.335165667494643
2015-05-19,97.88267107276481,12.253080383336593,49.20077355181617,48.941335536382404
2015-05-20,99.84615448326127,100.0,50.076922758369356,49.92307724163064
2015-05-21,97.90857874042649,49.78714978714979,49.99554840539741,48.954289370213246
2015-05-22,99.67824155073492,35.77863577863578,49.954241559017,49.83912077536746
2015-05-23,99.09438931321417,100.0,50.45280534339292,49.54719465660708
2015-05-24,90.54631986397403,21.589589677306282,47.314170682760036,45.27315993198702
2015-05-25,86.2159754733397,16.722021009603104,45.41295521398683,43.10798773666985
2015-05-26,89.75286466911544,22.25951235291739,47.15739468935613,44.87643233455772
2015-05-27,45.94047903073556,19.143816559531803,33.31929504268539,22.97023951536778
2015-05-28,24.981575019255402,25.613876812296077,31.70591447072037,12.490787509627701
2015-05-29,36.80769661685803,22.220945389118537,32.44577553332309,18.403848308429016
2015-05-30,81.54279048276176,20.092503199443186,44.4799106541599,40.77139524138088
2015-05-31,88.65648393257356,14.228325177123658,45.942234318879485,44.32824196628678
2015-06-01,69.28887552989707,17.891084831794373,40.138991096692614,34.644437764948535
2015-06-02,49.515556357946686,23.44038375376622,36.59152550462447,24.757778178973343
2015-06-03,59.78105565267522,16.33349660986362,36.45968773783083,29.89052782633761
2015-06-04,58.79994111463363,29.320852520067437,41.480179061276026,29.399970557316816
2015-06-05,11.610839995846744,22.849463628717363,26.00186896480116,5.805419997923372
2015-06-06,45.816516577553415,29.781052631578948,39.04467000443838,22.908258288776707
2015-06-07,7.476575349293108,18.605695098767566,20.952913960095028,3.738287674646554
2015-06-08,78.14889569509663,13.257022551827477,41.9712536730727,39.07444784754831
2015-06-09,71.68924689280058,14.125158333272319,39.84356214813402,35.84462344640029
2015-06-10,52.60676189804462,13.362018024958308,32.636073966816994,26.30338094902231
2015-06-11,37.57934152244395,21.879832008220028,32.44720597453599,18.789670761221974
2015-06-12,46.81648872186688,19.284343851877274,33.66433554831056,23.40824436093344
2015-06-13,81.2960910061023,24.62832074092128,45.2545042011583,40.64804550305115
2015-06-14,96.55318814046541,25.872739289791504,49.168378716459706,48.276594070232704
2015-06-15,98.55751213805813,73.36012630974594,50.336966986552376,49.278756069029065
2015-06-16,98.32436708205466,76.8536826495304,50.44996914615611,49.16218354102733
2015-06-17,56.280795328234646,14.167469085148063,34.33430247026229,28.140397664117323
2015-06-18,93.04149011518818,20.330357142857142,47.935434968997356,46.52074505759409
2015-06-19,74.09315579503652,16.71506395641844,41.37692347546759,37.04657789751826
2015-06-20,81.04894177701908,17.694258603349514,43.87772013855511,40.52447088850954
2015-06-21,89.49878295095552,12.384597175096662,46.04992490548449,44.74939147547776
2015-06-22,99.48509316770186,18.2951347004423,49.83674948240166,49.74254658385093
2015-06-23,46.97720248096749,13.362701334470495,30.573879312133094,23.488601240483746
2015-06-24,26.724238122514716,13.370757557304664,23.15964353016379,13.362119061257358
2015-06-25,43.044812794049584,14.778565650529446,29.939566129638123,21.522406397024792
2015-06-26,12.765003363144913,11.005844780154401,15.98345000539764,6.382501681572457
2015-06-27,83.99505033609212,29.314788194309543,46.68934226262652,41.99752516804606
2015-06-28,10.854729778827847,11.818956723446474,15.963405797853678,5.427364889413924
2015-06-29,81.17660956391626,17.60489722219164,43.90214332196252,40.58830478195813
2015-06-30,5.829603862727792,11.699532918443767,13.932298426872954,2.914801931363896
2015-07-01,5.2149029266337585,14.236105785978603,16.101158152023807,2.6074514633168793
2015-07-02,2.8135403837646655,11.373320853260847,12.460098069961557,1.4067701918823328
2015-07-03,62.522184441864326,8.287647361462245,34.367121413169684,31.261092220932163
2015-07-04,0.34621048018791317,8.629270244585605,8.77250004672907,0.17310524009395659
2015-07-05,2.615877604507384,9.64439942421496,10.700052541841373,1.307938802253692
2015-07-06,9.399011504755576,10.119189511323004,13.867591477343522,4.699505752377788
2015-07-07,2.901569684609282,12.959679334027769,14.034430049553684,1.450784842304641
2015-07-08,82.8584626410889,32.40365908184597,46.98371664771327,41.42923132054445
2015-07-09,24.285794337825244,9.83873929931225,19.59222047655911,12.142897168912622
2015-07-10,1.5471742782795421,7.363422932755082,8.02308508627833,0.7735871391397711
2015-07-11,1.6743162135781187,7.38454909514878,8.098066499138127,0.8371581067890593
2015-07-12,2.3326860572579724,7.792282355142651,8.776855899731052,1.1663430286289862
2015-07-13,82.60960563316073,20.408479403248293,44.853917869080405,41.30480281658036
2015-07-14,19.649084930414855,10.95024027282592,18.62316072674129,9.824542465207427
2015-07-15,1.7578364323230895,10.670412673850036,11.361762488551426,0.8789182161615448
2015-07-16,24.6045551920554,17.672016233167312,25.62617284155637,12.3022775960277
2015-07-17,19.754790162553203,13.292903692976104,20.544313543194992,9.877395081276601
2015-07-18,12.923122276499054,5.903852297598214,11.602451384405226,6.461561138249527
2015-07-19,15.93438526138378,11.797152190176611,17.884541141013983,7.96719263069189
2015-07-20,22.66774894021615,13.210885047689866,21.550149262407047,11.333874470108075
2015-07-21,11.59870181915585,13.320633817042408,17.574964129759945,5.799350909577925
2015-07-22,25.86578424004883,17.073641999854384,25.590302718278107,12.932892120024414
2015-07-23,16.506602267134852,11.430667644900954,17.797153933846506,8.253301133567426
2015-07-24,83.390327611812,14.257210908954871,44.0632398295764,41.695163805906
2015-07-25,54.745130886578785,15.659531968700177,34.459266139499015,27.372565443289393
2015-07-26,71.74312991016674,11.454086869812594,39.10813140186296,35.87156495508337
2015-07-27,38.21808190522834,17.2472632855353,29.76473102927321,19.10904095261417
2015-07-28,79.32363306378932,16.46525982484619,43.06623407028034,39.66181653189466
2015-07-29,93.96721664513137,28.935264639253106,48.72921015140974,46.983608322565686
2015-07-30,60.29369678016084,16.614176107132973,36.74372353265671,30.14684839008042
2015-07-31,11.988387884526732,8.338406074076172,13.332959552792348,5.994193942263366
2015-08-01,94.88308332021835,6.9445568595710245,47.79688884839348,47.44154166010917
2015-08-02,85.55994970096103,15.28176288304832,44.98666909737256,42.779974850480514
2015-08-03,0.724419457142323,6.127393038926697,6.445214740108289,0.3622097285711615
2015-08-04,4.071710284469349,8.531721975890258,10.220190116990278,2.0358551422346745
2015-08-05,5.102835531685556,9.690388180168824,11.747321374795689,2.551417765842778
2015-08-06,6.505513675160427,8.483265364146032,11.184142213361577,3.2527568375802134
2015-08-07,20.253747887856054,15.23448074800608,22.27580136920899,10.126873943928027
2015-08-08,60.7206190720142,13.512371819919528,35.6678855355591,30.3603095360071
2015-08-09,16.190907090941543,11.221255330424404,17.499885850908832,8.095453545470772
2015-08-10,5.084341002207423,9.004250962100146,11.088614639596143,2.5421705011037115
2015-08-11,7.41820658833107,10.174563367264994,13.128896531386157,3.709103294165535
2015-08-12,5.598199006462975,10.763910277281568,12.960424662313713,2.7990995032314876
2015-08-13,6.508859765885385,8.222071676865497,10.941338444510434,3.2544298829426923
2015-08-14,60.80709567467376,16.72062464292516,36.95684625623546,30.40354783733688
2015-08-15,71.50731673946437,13.799701698861364,39.6855636656875,35.753658369732186
2015-08-16,99.0426362286824,12.694636678200691,49.64285196679869,49.5213181143412
2015-08-17,98.27091366164575,61.84431137724551,50.20479836989609,49.135456830822875
2015-08-18,83.6327655518256,22.090270304488193,45.431949106883835,41.8163827759128
2015-08-19,99.93415985490323,42.76729559748428,49.995237976926965,49.967079927451614
2015-08-20,76.28429573888077,12.133635195496543,41.01972490852742,38.142147869440386
2015-08-21,70.48752693518979,15.930328070261657,39.94519724846677,35.243763467594896
2015-08-22,39.68508970750621,12.85935510513094,27.59865334960605,19.842544853753104
2015-08-23,80.01089922772962,16.112078616743375,43.226109245073076,40.00544961386481
2015-08-24,87.28739823082182,16.030310437545833,45.681568643699116,43.64369911541091
2015-08-25,92.25637912853968,25.89421867893737,48.13333968639361,46.12818956426984
2015-08-26,5.572239737151449,9.071534143895272,11.352166382135604,2.7861198685757245
2015-08-27,2.1263914271473667,6.111428213740846,7.04467104170128,1.0631957135736834
2015-08-28,0.8112115837525078,4.288980644729018,4.659793728790327,0.4056057918762539
2015-08-29,0.002907646903667581,4.012877096422452,4.014214239577644,0.0014538234518337906
2015-08-30,0.0,3.371831962931656,3.371831962931656,0.0
2015-08-31,0.23925780235893238,4.757076802328365,4.865324026094054,0.11962890117946619
2015-09-01,6.865104496516783,6.516800324613796,9.501967420758106,3.4325522482583914
2015-09-02,95.48703719042491,32.329999082316235,49.202559430133356,47.74351859521246
2015-09-03,98.50764503197163,14.028028305813791,49.46317049332406,49.25382251598582
2015-09-04,56.74032954335655,14.0837641101382,34.46275471361508,28.370164771678276
2015-09-05,97.11615326946415,15.04488330341113,48.99194800999043,48.558076634732075
2015-09-06,58.25328905749291,12.019992746170624,34.14459615580063,29.126644528746453
2015-09-07,21.45463678708724,8.111850781057989,17.09880105281512,10.72731839354362
2015-09-08,12.70265444095613,9.399877744505043,14.557170977226292,6.351327220478065
2015-09-09,38.678011829407495,12.906795722214701,27.253709660682784,19.339005914703748
2015-09-10,82.89557922565487,21.048997637938342,45.04809873760237,41.447789612827435
2015-09-11,54.33652036999774,14.914321019061983,33.978658125491386,27.16826018499887
2015-09-12,32.541337532965244,10.155175860849237,23.121214573386702,16.270668766482622
2015-09-13,92.89887035483905,12.04980898778105,47.305107735636106,46.449435177419524
2015-09-14,84.44731302214561,46.238392773877244,49.41496900278477,42.223656511072804
2015-09-15,87.90910541178323,19.03905138881749,46.25654433990996,43.954552705891615
2015-09-16,87.00393311834772,11.515904889398865,44.9985812606276,43.50196655917386
2015-09-17,87.01832154360818,18.63541350864036,45.92835023251479,43.50916077180409
2015-09-18,44.756231124091464,11.93002613318915,28.968711625900234,22.378115562045732
2015-09-19,49.00357679747032,11.071671078257971,30.14794463739568,24.50178839873516
2015-09-20,30.602748710115268,11.232033591128497,23.096096931257343,15.301374355057634
2015-09-21,3.358815723070597,7.208769577251706,8.646048152786344,1.6794078615352985
2015-09-22,88.24193581801984,12.55924588142014,45.59769210052001,44.12096790900992
2015-09-23,95.27653944188955,100.0,52.36173027905523,47.63826972094478
2015-09-24,99.24631751566376,45.43956043956044,49.96562876582423,49.62315875783188
2015-09-25,27.256295589196593,29.817339483826427,35.31838509187877,13.628147794598297
2015-09-26,52.24310639171751,19.79063959170377,35.572947890067354,26.121553195858755
2015-09-27,51.137655012235086,17.7426747699725,34.23831446227863,25.568827506117543
2015-09-28,24.600525575081264,12.254881718298769,21.540379194533354,12.300262787540632
2015-09-29,1.8069711997740507,10.454863659339752,11.169432883926865,0.9034855998870254
2015-09-30,36.25427842429523,15.745576783523537,28.164270749061338,18.127139212147615
2015-10-01,56.663224211657074,16.053039583492843,35.288481877340764,28.331612105828537
2015-10-02,82.41824027044719,11.779398423601211,43.28014566364789,41.20912013522359
2015-10-03,79.36707864284027,16.436073013514328,43.0747813405039,39.683539321420135
2015-10-04,79.52894722667628,39.70045033648738,47.891573752967645,39.76447361333814
2015-10-05,5.374441654881976,10.341997384106252,12.473393596189029,2.687220827440988
2015-10-06,93.06071049840932,24.053844317096466,48.199521142629905,46.53035524920466
2015-10-07,87.48467121834814,11.999735178258135,45.24414191966061,43.74233560917407
2015-10-08,84.32736712778896,22.75996087036988,45.730768672966434,42.16368356389448
2015-10-09,51.66928437900048,16.571578210791575,33.843804528469434,25.83464218950024
2015-10-10,84.32874793283956,16.081511749381786,44.68454820887543,42.16437396641978
2015-10-11,59.585794153754264,13.40469092345821,35.210296459736554,29.792897076877132
2015-10-12,19.007885358224414,13.206202925144092,20.19992569207043,9.503942679112207
2015-10-13,99.61510191827904,45.88488434642281,49.98416099878879,49.80755095913952
2015-10-14,97.62031963753981,81.33484162895928,50.74566907285234,48.810159818769904
2015-10-15,90.369793468287,76.47602864947412,52.54969624033986,45.1848967341435
2015-10-16,97.70167068392847,71.11451482115505,50.48528108408088,48.850835341964235
2015-10-17,88.91770193411018,84.7605875976526,53.85227192702659,44.45885096705509
2015-10-18,91.11362920733829,67.09560109098538,51.51917850217929,45.556814603669146
2015-10-19,73.84072601541415,35.34660369583822,46.16677791274714,36.920363007707074
2015-10-20,4.320829984778351,47.14809091382634,47.271317056760346,2.1604149923891756
2015-10-21,2.4004585355520804,44.709920123240856,44.83690629718004,1.2002292677760402
2015-10-22,3.41612842931611,40.69294135608017,41.01088243234824,1.708064214658055
2015-10-23,4.708628193627695,36.84355034124487,37.463038639157446,2.3543140968138476
2015-10-24,3.8461778075893536,33.24572050572111,33.89011988545156,1.9230889037946768
2015-10-25,62.18115338216822,25.861861071831804,40.87123426235693,31.09057669108411
2015-10-26,7.8898575880705355,26.406856148465728,28.268321598900403,3.9449287940352677
2015-10-27,5.072686492772886,23.018022551160154,24.38673367669048,2.536343246386443
2015-10-28,90.09277536926834,22.410620949195064,47.26665824321273,45.04638768463417
2015-10-29,93.61373458100293,34.690833630556725,49.02231600221151,46.806867290501465
2015-10-30,4.666024232505784,22.779090918993106,24.049225133021253,2.333012116252892
2015-10-31,1.5946366375971206,18.13233546709553,18.640508921283768,0.7973183187985603
2015-11-01,2.991925166564208,16.670877132886595,17.668059547742867,1.495962583282104
2015-11-02,5.876550286174729,15.292557592552958,17.332157898671717,2.9382751430873646
2015-11-03,5.289521887032261,15.412193453320702,17.241723050851682,2.6447609435161303
2015-11-04,56.79403143488517,12.474151125355647,33.786593531428665,28.397015717442585
2015-11-05,3.2835231933872624,13.740618658535276,14.931203854661005,1.6417615966936312
2015-11-06,4.560699607706318,14.300883877397371,15.929013326355532,2.280349803853159
2015-11-07,16.117097477421364,13.70197662503527,19.55216443475553,8.058548738710682
2015-11-08,3.220419946416333,13.871077118527674,15.034580157427985,1.6102099732081665
2015-11-09,16.159009419566207,12.395685270388732,18.47217002970994,8.079504709783103
2015-11-10,3.1922449132162924,10.513761074286204,11.774258527812735,1.5961224566081462
2015-11-11,7.481881424566504,10.15664805923851,13.137680407019001,3.740940712283252
2015-11-12,1.375934337298101,10.195507785354184,10.743191461522645,0.6879671686490505
2015-11-13,18.79425777722418,11.378092053460954,18.636792991415728,9.39712888861209
2015-11-14,91.02669251416641,27.581590730739048,47.988327202836594,45.51334625708321
2015-11-15,99.78840579710145,44.324853228962816,49.9879917184265,49.89420289855072
2015-11-16,14.225355914186116,13.35387564719181,18.56691726513401,7.112677957093058
2015-11-17,58.121878991986996,14.25303179610088,35.02984139887519,29.060939495993498
2015-11-18,6.8487946254328635,9.214218374947345,12.007552794824736,3.4243973127164318
2015-11-19,41.689368774210685,15.912438887267912,30.123327945689226,20.844684387105342
2015-11-20,95.4520984740253,16.899613020714774,48.49462699546556,47.72604923701265
2015-11-21,96.19310944732673,72.86872313802296,50.870587260658404,48.09655472366337
2015-11-22,63.56103195356583,21.998065103573865,39.79638389070798,31.780515976782915
2015-11-23,18.461742815752004,42.50278720988836,43.88690335354843,9.230871407876002
2015-11-24,2.982523545965255,34.244044662887674,34.71396974070882,1.4912617729826274
2015-11-25,99.59440909815548,46.70750382848392,49.98664593508475,49.79720454907774
2015-11-26,84.22799464653454,29.1141235813367,46.705878453130246,42.11399732326727
2015-11-27,19.970820976521885,38.262240582122956,40.60636750212201,9.985410488260943
2015-11-28,85.96296066123921,16.70872625846726,45.32689080852651,42.981480330619604
2015-11-29,72.12860848308421,15.439951199190622,40.367633490289265,36.064304241542104
2015-11-30,47.035884671230036,14.237878906555965,31.058908940053932,23.517942335615018
2015-12-01,66.24500210383188,26.878392650996,42.19530192578345,33.12250105191594
2015-12-02,2.440792151585383,27.25540742191408,27.810555652470075,1.2203960757926915
2015-12-03,3.093879738067992,24.480177967518358,25.269730570572317,1.546939869033996
2015-12-04,15.257273944590343,28.038942363048854,31.38960108784787,7.628636972295172
2015-12-05,3.3848741939168634,21.73466294924516,22.69140904889978,1.6924370969584317
2015-12-06,14.261361394824432,25.408730398982865,28.915780228359523,7.130680697412216
2015-12-07,3.301785888593283,20.271091647533606,21.252676548348173,1.6508929442966416
2015-12-08,28.522607726736066,25.25517017150687,32.313040916136345,14.261303863368033
2015-12-09,62.06672165324469,15.926225388431197,37.07470023334756,31.033360826622346
2015-12-10,5.239109936987792,22.345858136007784,23.794689030392902,2.619554968493896
2015-12-11,46.80573014549392,13.409764467321791,30.536091370347783,23.40286507274696
2015-12-12,55.5992980913228,21.782474236436173,37.471220499715834,27.7996490456614
2015-12-13,30.14698712695663,26.464351266104746,33.55964026015788,15.073493563478316
2015-12-14,4.546672287790463,18.489243381546654,19.921934220390973,2.2733361438952313
2015-12-15,48.93395121243223,25.79936578572328,37.64169232523663,24.466975606216113
2015-12-16,82.18529382519638,54.65359659526966,50.82902456000795,41.09264691259819
2015-12-17,34.26402521125212,28.898981227828763,36.12903961975656,17.13201260562606
2015-12-18,48.04206623087899,11.707651963582226,30.104087168596745,24.021033115439494
2015-12-19,5.002533243631592,22.896848989298455,24.252693128680473,2.501266621815796
2015-12-20,5.851841392714165,22.955603096535146,24.538198308942007,2.9259206963570823
2015-12-21,74.34922976820519,36.3013587966329,46.486193020046336,37.174614884102596
2015-12-22,24.926680130263414,28.64074448849593,33.9648977880542,12.463340065131707
2015-12-23,6.763788585405964,19.96681662286758,21.9981976519641,3.381894292702982
2015-12-24,15.859248494913846,21.762322788214338,26.240606186423083,7.929624247456923
2015-12-25,4.280573373396654,19.2909533861076,20.60547665868584,2.140286686698327
2015-12-26,3.2465806339066545,17.94569092637946,18.98635991709621,1.6232903169533273
2015-12-27,4.335799105344259,19.918462687344785,21.22273771302069,2.1678995526721296
2015-12-28,4.378335721554213,17.095778667251604,18.53643594376259,2.1891678607771063
2015-12-29,13.480559061918681,19.2670126915795,23.4099911971831,6.740279530959341
2015-12-30,4.716238638227885,16.50756912025595,18.087152086288206,2.3581193191139427
2015-12-31,80.89189261984133,22.824118750474373,44.80720342933624,40.445946309920664
2016-01-01,11.468127022746097,21.41343037897511,24.691774494559994,5.734063511373049
2016-01-02,98.51980835566009,71.75828787242972,50.32206435903913,49.259904177830045
2016-01-03,35.599108928141774,59.445645067265296,56.08307959080388,17.799554464070887
2016-01-04,82.40775066325084,82.86047278206819,55.780896305056025,41.20387533162542
2016-01-05,85.8308391760478,52.28920594082563,50.32436127134705,42.9154195880239
2016-01-06,34.8892217929512,58.17357331327835,55.3218771915992,17.4446108964756
2016-01-07,60.56524884589154,67.48091843815051,56.89355668553732,30.28262442294577
2016-01-08,67.8215851909574,45.585640127265464,48.57952896898755,33.9107925954787
2016-01-09,99.91200700631272,99.29411764705883,50.04337536982938,49.95600350315636
2016-01-10,78.04885121755197,86.52877120803217,58.018484916275185,39.024425608775985
2016-01-11,97.57604247775882,99.86330627936779,51.2086653633969,48.78802123887941
2016-01-12,59.15990738418358,53.03417892418105,51.23916148276513,29.57995369209179
2016-01-13,50.51685589012457,41.43582263466076,45.76217577248386,25.258427945062284
2016-01-14,98.79931176276935,99.44818072081392,50.59371848943937,49.399655881384675
2016-01-15,38.590352048986496,48.52778744202857,49.09591945105913,19.295176024493248
2016-01-16,58.769188659017814,33.89426462008892,43.35947463043104,29.384594329508907
2016-01-17,63.359068236191675,35.739140766893556,44.77468829946471,31.679534118095837
2016-01-18,5.370538050656676,59.14659304387521,58.655371784115175,2.685269025328338
2016-01-19,49.52354492527659,64.3908089413195,57.263970210154426,24.761772462638294
2016-01-20,52.10172380543581,35.93563301989714,43.26341065885324,26.050861902717905
2016-01-21,13.944933559472627,58.26021928184593,57.108337191125756,6.972466779736314
2016-01-22,2.0778859353809667,58.57614306862866,58.397940598007466,1.0389429676904833
2016-01-23,49.83397868373406,45.42425294769394,47.70452975836173,24.91698934186703
2016-01-24,22.45286386769504,57.302492646251935,55.66287391344055,11.22643193384752
2016-01-25,25.05474751793954,52.85608246965828,52.14049821798127,12.52737375896977
2016-01-26,80.03717348871326,47.602785937451344,49.52144831558925,40.01858674435663
2016-01-27,90.39201108375148,62.452041212225716,51.19639073951734,45.19600554187574
2016-01-28,15.897314533406407,53.113846062706415,52.61882816003188,7.948657266703203
2016-01-29,6.769640346632831,50.36529843099869,50.34056904102818,3.3848201733164154
2016-01-30,47.63250370585369,71.37557800722114,61.193855020783886,23.816251852926847
2016-01-31,80.7828436674997,36.90005068095798,47.482562259881384,40.39142183374985
2016-02-01,32.96881286474514,61.23075971102826,57.52811155861016,16.48440643237257
2016-02-02,89.03508771929825,78.98394711992445,53.1780643771847,44.51754385964912
2016-02-03,99.74699269136008,100.0,50.12650365431996,49.87349634568004
2016-02-04,44.51763983580817,43.52669809451533,46.408459322283505,22.258819917904084
2016-02-05,46.0950413651645,38.259725369642915,43.67140981688993,23.04752068258225
2016-02-06,42.554749218609025,46.40724400124199,47.93613230654999,21.277374609304513
2016-02-07,93.77149945843628,97.31338320864505,52.94691432938258,46.88574972921814
2016-02-08,95.77163254488836,80.98129468220546,51.310002981514614,47.88581627244418
2016-02-09,84.37116211833464,91.09376656418955,56.42247815578719,42.18558105916732
2016-02-10,95.0049296183067,83.43423453309006,51.67006354650826,47.50246480915335
2016-02-11,5.5011773109139,73.08464729561075,71.81471991628011,2.75058865545695
2016-02-12,37.92816602220489,65.71196540349776,59.75270507990773,18.964083011102446
2016-02-13,67.03249100465933,81.76337082466254,60.471592133844034,33.51624550232967
2016-02-14,95.82122868010792,98.04271344333779,52.007595130668136,47.91061434005396
2016-02-15,69.98511898593559,85.93633476039221,60.78624811914759,34.99255949296779
2016-02-16,83.20530190969848,94.6464035920905,57.49822869146913,41.60265095484924
2016-02-17,94.16854926045643,99.7017257297067,52.8983316526309,47.084274630228215
2016-02-18,12.213008416966778,76.55954810168186,73.3158282565151,6.106504208483389
2016-02-28,100.0,-1.0,50.0,50.0
2016-02-29,99.46641875257525,81.0244470314319,50.165540631476944,49.733209376287626
2016-03-01,48.18898225802102,62.25952780369061,56.35178612545298,24.09449112901051
2016-03-02,94.64874907570997,26.66821489394643,48.75145763385895,47.324374537854986
2016-03-03,100.0,-1.0,50.0,50.0
2016-03-04,88.23334465645377,79.37614420504154,53.45658964183036,44.11667232822688
2016-03-05,96.57430855656719,96.73597678916828,51.60103035787128,48.287154278283595
2016-03-06,94.85353958935173,87.1962015129567,51.914287785129275,47.42676979467586
2016-03-07,95.36264601110098,94.00205439685588,52.04053102477011,47.68132300555049
2016-03-08,95.77582029842587,86.79411764705883,51.55424964902037,47.887910149212935
2016-03-09,69.84303700893348,89.2252165543792,61.829134039469835,34.92151850446674
2016-03-10,12.681232390637684,82.64559297691628,78.50572946621183,6.340616195318842
2016-03-11,56.66000596975324,89.91515452971505,67.29922559034227,28.33000298487662
2016-03-12,51.58521886869952,70.50586591939395,59.92787010395252,25.79260943434976
2016-03-13,95.83798391021195,46.012239414896264,49.83402876282575,47.91899195510597
2016-03-14,33.68818610056237,73.92614614301361,65.86586150366266,16.844093050281185
2016-03-15,99.52629203433555,84.7027972027972,50.16438991465804,49.76314601716778
2016-03-16,60.18381232231026,68.78222555545139,57.47836617720553,30.09190616115513
2016-03-17,8.802068192200672,69.61891295586659,67.89204285892271,4.401034096100336
2016-03-18,5.077498774805007,69.84325264435961,68.83571173446079,2.5387493874025036
2016-03-19,2.3156609290888546,68.2090510551627,67.78739117432046,1.1578304645444273
2016-03-20,7.9210161825872625,68.90569254570138,67.40816957972619,3.9605080912936312
2016-03-21,22.18166718571577,66.71371247452056,63.00633239904495,11.090833592857885
2016-03-22,13.997184701050964,65.4829614036443,63.31578269878377,6.998592350525482
2016-03-23,59.252148890206534,48.81247964832302,49.516110975200164,29.626074445103267
2016-03-24,25.906324973642487,57.4359261645332,55.509550967549124,12.953162486821244
2016-03-25,99.59294464999658,83.16378433367242,50.13499495839381,49.79647232499829
2016-03-26,28.106978115281933,61.482242942078415,58.25493143120492,14.053489057640967
2016-03-27,80.10691309167383,76.06940871358489,55.1860101318802,40.053456545836916
2016-03-28,86.44563900195756,72.24336344046583,53.014945778827325,43.22281950097878
2016-03-29,71.90861078362917,59.1790824605399,52.578531780481896,35.954305391814586
2016-03-30,93.25165953833249,70.27499846541035,51.36822592504375,46.625829769166245
2016-03-31,77.49807772419125,55.03628928268799,51.13326189997534,38.749038862095624
2016-04-01,98.08401189519637,44.64980544747082,49.897490908789685,49.042005947598184
2016-04-02,97.74232757888808,77.99688159222232,50.632077874478966,48.87116378944404
2016-04-03,84.85814677158045,64.34660062665043,52.172341210154926,42.429073385790225
2016-04-04,46.208863582148375,43.79625094960261,46.66293288527957,23.104431791074187
2016-04-05,90.72079295720079,47.8497744830974,49.80047612239951,45.36039647860039
2016-04-06,81.82801536746392,32.887084635208794,46.89024364973123,40.91400768373196
2016-04-07,86.3494161618338,27.330125821482238,46.90542981925464,43.1747080809169
2016-04-08,99.92795031055901,100.0,50.036024844720494,49.963975155279506
2016-04-09,98.18130997857077,95.5714936247723,50.828804207169995,49.09065498928538
2016-04-10,56.595601687637675,52.961051373954604,51.28522653258493,28.297800843818838
2016-04-11,26.108788521656823,51.258410236961495,50.92985456945834,13.054394260828412
2016-04-12,48.61102466753802,42.501009285425916,46.14634551150391,24.30551233376901
2016-04-13,63.05876548124007,37.35471886592326,45.32867704070421,31.529382740620036
2016-04-14,78.5879193073062,26.35745949398943,44.9376401490502,39.2939596536531
2016-04-15,82.44072911787018,22.795523762306114,45.22309232535869,41.22036455893509
2016-04-16,80.01566651055417,27.407814509104483,45.485102308945244,40.007833255277085
2016-04-17,98.79890760843683,61.21358386485088,50.134685502622276,49.39945380421842
2016-04-18,83.0353202026586,31.176635845069562,46.80667654402851,41.5176601013293
2016-04-19,32.893529951315884,46.6571214754433,47.75671222415446,16.446764975657942
2016-04-20,5.8763548158654935,48.0631118622677,48.17693028162726,2.9381774079327467
2016-04-21,21.850058225583137,44.009190273184856,45.318185686677865,10.925029112791568
2016-04-22,57.19606554113326,39.07733005169548,45.324667514169406,28.59803277056663
2016-04-23,98.88134793122867,100.0,50.55932603438566,49.44067396561434
2016-04-24,83.65045398142644,30.920885915564337,46.88065146282904,41.82522699071322
2016-04-25,64.56633330016254,26.052716262469648,41.51459929677912,32.28316665008127
2016-04-26,96.4693822609704,28.635110563669425,49.24568742363685,48.2346911304852
2016-04-27,86.49437550496157,59.56467718926879,51.29176938534524,43.247187752480784
2016-04-28,86.82138580053788,28.177030107695938,47.12403499102847,43.41069290026894
2016-04-29,40.15744599598187,47.83252581234761,48.70292808873097,20.078722997990933
2016-04-30,62.39560845211209,38.059207623753636,45.50973768091597,31.197804226056046
2016-05-01,99.78715562898824,100.0,50.106422185505885,49.89357781449412
2016-05-02,98.50095139893949,41.408839779005525,49.871214332892315,49.250475699469746
2016-05-03,76.91735292227779,27.005621307088596,44.69228871860031,38.45867646113889
2016-05-04,45.49048088395497,28.170311578065814,38.100741816672716,22.745240441977487
2016-05-05,47.99878028795991,49.21216811335206,49.59031780966269,23.999390143979955
2016-05-06,35.97119165562859,40.39785347189572,43.8518600025744,17.985595827814294
2016-05-07,36.073665711540976,36.286595261278805,41.23352304439571,18.036832855770488
2016-05-08,35.07129560646403,33.57081215840445,39.332741192071666,17.535647803232013
2016-05-09,99.29250117502365,55.399473222124676,50.03820120960144,49.64625058751182
2016-05-10,99.37194436334043,76.72271678206396,50.167833529018324,49.685972181670216
2016-05-11,99.85900037268624,92.2173274596182,50.0595262743799,49.92950018634312
2016-05-12,96.80363500054881,21.78307632499676,49.09808412773034,48.401817500274404
2016-05-13,99.97391304347826,100.0,50.01304347826087,49.98695652173913
2016-05-14,94.71531328896981,25.862204107226837,48.724393108119024,47.357656644484905
2016-05-15,53.3331674009176,25.922699473759064,38.76388646904116,26.6665837004588
2016-05-16,96.6076109778976,25.666849783311967,49.17452488331739,48.3038054889488
2016-05-17,71.69686944192236,27.113728247495168,43.52246862601211,35.84843472096118
2016-05-18,66.77086550679815,37.45391482273972,45.831044482816516,33.38543275339907
2016-05-19,99.78053148648509,99.05660377358491,50.10766379908279,49.890265743242544
2016-05-20,43.24275531484421,39.89053656824464,44.26214710368226,21.621377657422105
2016-05-21,18.644131143456324,35.17500472157992,37.938996283299765,9.322065571728162
2016-05-22,14.175118575925971,29.54453069046282,32.44411772035187,7.087559287962986
2016-05-23,99.45646884893561,63.695238095238096,50.07443788526006,49.72823442446781
2016-05-24,72.34271924768946,27.10372846798495,43.667513900579245,36.17135962384473
2016-05-25,28.28859276359084,34.95698190113364,39.21244003047521,14.14429638179542
2016-05-26,58.395969702249104,23.001799663996252,38.76766055236152,29.197984851124552
2016-05-27,46.97487186935862,20.47201264752841,34.34274687195236,23.48743593467931
2016-05-28,56.20310497434643,31.54328411921245,41.91653152050834,28.101552487173215
2016-05-29,99.47055985655216,40.32068830660931,49.94875383828575,49.73527992827608
2016-05-30,98.98166879595483,92.43594957299716,50.4321385162347,49.490834397977416
2016-05-31,93.73799812320166,33.23298819014853,48.9500494057841,46.86899906160083
2016-06-01,89.33299642099682,30.09980194943886,47.87724516171792,44.66649821049841
2016-06-02,83.74654905114451,32.50870324793736,47.157060662084746,41.873274525572256
2016-06-03,91.60135375846099,33.99590618757553,48.65587277653044,45.800676879230494
2016-06-04,97.78769857703712,30.971546237364283,49.57903324664138,48.89384928851856
2016-06-05,83.29948228623064,23.17792035343319,45.52057383742378,41.64974114311532
2016-06-06,90.33659920873293,21.821143788047674,47.276964185844186,45.16829960436647
2016-06-07,39.41506461809224,22.47008567503777,33.321019195527064,19.70753230904612
2016-06-08,97.6116275265415,15.710074562164037,49.18102885967328,48.80581376327075
2016-06-09,99.95465838509317,70.31963470319634,50.009213250517604,49.977329192546584
2016-06-10,27.48647251850883,23.857651530764123,31.043260958453455,13.743236259254415
2016-06-11,99.69834243620056,49.69114619080302,49.999068319123474,49.84917121810028
2016-06-12,82.92761747323021,20.402121024595633,44.9469368815086,41.46380873661511
2016-06-13,79.75860118005227,23.776223776223777,44.691940868894825,39.87930059002613
2016-06-14,88.42410960266135,21.360317801159546,46.68470177851612,44.21205480133067
2016-06-15,57.209250237975255,20.973760989463685,37.579454699674194,28.604625118987627
2016-06-16,85.81893060380634,17.99722445402089,45.461664191116604,42.90946530190317
2016-06-17,75.42067581741073,23.07134424017541,43.381118402779215,37.71033790870536
2016-06-18,72.98491524545125,14.538672315733725,40.420092271007206,36.492457622725624
2016-06-19,94.32245051791045,61.72083014188278,50.66545593101706,47.16122525895523
2016-06-20,59.39346550547653,16.128488538389245,36.24595301452456,29.696732752738264
2016-06-21,78.88756959942643,11.38538548363351,41.84751638578234,39.443784799713214
2016-06-22,8.95099289336728,21.122163400019616,23.707016501842077,4.47549644668364
2016-06-23,0.09221394465917186,14.470371794738538,14.503135066429348,0.04610697232958593
2016-06-24,1.8606322286673187,16.312343400826165,16.939146796593167,0.9303161143336593
2016-06-25,24.193678966215167,17.447929502872572,25.323472935803622,12.096839483107583
2016-06-26,70.48020666177379,14.807141251826048,39.61114082772519,35.240103330886896
2016-06-27,67.92645260255799,10.745446789809082,37.40967227047532,33.96322630127899
2016-06-28,3.9212754424985516,12.475007835381339,13.946466137932036,1.9606377212492758
2016-06-29,30.079275621345257,20.388678102566843,29.295549231219525,15.039637810672629
2016-06-30,56.96884487134823,16.408365861886175,35.54513180377909,28.484422435674116
2016-07-01,32.8969871566031,18.06745951964863,28.572303260246905,16.44849357830155
2016-07-02,79.83808773530143,19.474977635651342,43.84557177212041,39.919043867650714
2016-07-03,56.94655570371815,16.224561065484934,35.45851021250386,28.473277851859073
2016-07-04,55.62155950933988,20.713217423817536,37.00298262279985,27.81077975466994
2016-07-05,56.68987574122816,12.448818332016378,33.73653655895914,28.34493787061408
2016-07-06,19.247919884410344,11.765719074722483,19.125022835600287,9.623959942205172
2016-07-07,4.974379629937216,10.785708199235726,12.736375942597084,2.487189814968608
2016-07-08,45.116840655237084,21.696087696087694,34.46591870944186,22.558420327618542
2016-07-09,52.5544447670801,10.27785306486444,31.153606836188658,26.27722238354005
2016-07-10,13.437825065973469,16.686015274206547,21.162690264163793,6.718912532986734
2016-07-14,65.63409658238031,9.002443365207686,35.91081928330334,32.817048291190154
2016-07-15,66.15277777777779,9.51071478879709,36.29550165837479,33.07638888888889
2016-07-16,25.641094821431537,6.704997418256416,17.80631008318252,12.820547410715768
2016-07-17,30.966119002748005,9.084868674235135,21.75469693070211,15.483059501374003
2016-07-18,10.836556768799221,9.315685420678703,13.724464266063713,5.418278384399611
2016-07-19,8.16154485049834,10.195480834015383,13.444144518272424,4.08077242524917
2016-07-20,2.003771609912522,8.941938437280118,9.764648218454305,1.001885804956261
2016-07-21,56.56413170151085,11.071963946416124,33.09126952857694,28.282065850755426
2016-07-22,58.92404262687384,12.736203876192063,34.693538988576016,29.46202131343692
2016-07-23,99.59543675852503,100.0,50.20228162073749,49.79771837926251
2016-07-24,52.02139853211541,12.151858267920632,31.84099091536553,26.010699266057706
2016-07-25,79.20349579608961,14.463139428252461,42.60957529725875,39.601747898044806
2016-07-26,77.69912274883089,21.056300716655976,43.54530115087393,38.849561374415444
2016-07-27,69.58906778133075,11.655672463610097,38.33913254320394,34.79453389066538
2016-07-28,86.80319580964378,18.938014193305282,45.90081055545426,43.40159790482189
2016-07-29,36.66153900448619,16.481701201565375,28.77002538919371,18.330769502243093
2016-07-30,20.652246131869408,13.100499527685974,20.721075186658584,10.326123065934704
2016-07-31,97.0361382417678,31.3748777420707,49.44797712397324,48.5180691208839
2016-08-01,79.17185792972775,16.34601029152691,42.99049921120442,39.585928964863875
2016-08-02,92.22101882205301,14.756149504845064,47.25838750359812,46.110509411026506
2016-08-03,14.016229033691442,9.4773522529419,15.15709937168557,7.008114516845721
2016-08-04,33.70721462930759,15.716239947660531,27.272340531499413,16.853607314653797
2016-08-05,99.94264535365248,100.0,50.02867732317377,49.97132267682624
2016-08-06,47.861817201290144,6.795668467493615,27.47404664862118,23.930908600645072
2016-08-07,2.8845554794093826,6.263792661021299,7.525387826303658,1.4422777397046913
2016-08-08,0.01744588142200549,5.672147152605395,5.679880537250072,0.008722940711002745
2016-08-09,90.29500113940047,10.132986103699276,46.13090675560896,45.147500569700235
2016-08-10,71.78387027905424,7.414290856467027,37.98396106547608,35.89193513952712
2016-08-11,46.27593589099976,12.256592233347105,29.722707414522027,23.13796794549988
2016-08-12,85.27447294852479,7.32791983900249,43.71631129246513,42.637236474262394
2016-08-13,2.3283489096573207,7.032271645732731,8.032710280373832,1.1641744548286603
2016-08-14,0.2560806165872948,5.811692097547974,5.924849788884066,0.1280403082936474
2016-08-15,37.046971790371636,9.365144749633389,24.419128111295056,18.523485895185818
2016-08-16,10.791181685678335,12.023227668388959,16.121370169049527,5.395590842839168
2016-08-17,68.29436124041933,10.835174604834808,37.58254193938841,34.14718062020967
2016-08-18,65.51675531804632,18.511349427719534,39.14169157611512,32.75837765902316
2016-08-19,70.34939659105048,15.20633877182799,39.68346949778128,35.17469829552524
2016-08-20,64.22310790001099,11.507869842023856,36.22871212639354,32.111553950005494
2016-08-21,80.13455099565664,23.65790022959716,44.76702360343737,40.06727549782832
2016-08-22,17.33456008340793,7.137491363607813,14.567518676439128,8.667280041703965
2016-08-23,0.04673003952322898,3.8301223444928354,3.851697546569081,0.02336501976161449
2016-08-24,0.0,4.607789586054926,4.607789586054926,0.0
2016-08-25,0.005607604742787478,4.077995771213512,4.080570895700629,0.002803802371393739
2016-08-26,0.08764478523912281,4.801202327326547,4.840816716477427,0.043822392619561404
2016-08-27,0.2492248070065401,4.869735765459834,4.982211579399908,0.12461240350327005
2016-08-28,4.294505284538493,7.399619374985081,9.22909497215986,2.1472526422692466
2016-08-29,58.53300084779666,12.034111813164841,34.256685467438594,29.26650042389833
2016-08-30,77.27896429933507,17.45409098787619,42.60523239424943,38.639482149667536
2016-08-31,23.150329755190242,11.15880292057558,20.150668125325655,11.575164877595121
2016-09-01,59.06304773955341,13.145853918066427,34.9130358124436,29.531523869776706
2016-09-02,20.244120150291657,9.78298213467705,17.924563552197288,10.122060075145829
2016-09-03,23.17949952975811,9.507349622586949,18.893343326406004,11.589749764879056
2016-09-04,51.49137196266334,11.696706453709087,31.419597807580562,25.74568598133167
2016-09-05,41.45383348612246,8.341422285831698,25.61049972414995,20.72691674306123
2016-09-06,43.39318127599548,8.558832583297908,26.54147348331622,21.69659063799774
2016-09-07,10.122826143383689,6.592256472577896,10.986346882624721,5.061413071691844
2016-09-08,3.124084923273737,7.572126206390924,8.897609014842674,1.5620424616368684
2016-09-09,12.741013648786728,9.228887159384898,14.423540211169907,6.370506824393364
2016-09-10,69.44125462753763,11.969313626404933,38.378299387693346,34.720627313768816
2016-09-11,42.93880379618141,11.3482733417936,27.944862415397193,21.469401898090705
2016-09-12,11.664130188792852,11.05979410520378,15.6018304165568,5.832065094396426
2016-09-13,6.823019748004744,8.780755266202027,11.593152474367468,3.411509874002372
2016-09-14,3.7472715302483715,7.160796972299301,8.766098231141626,1.8736357651241857
2016-09-15,90.87785287166815,19.106761727441988,47.181873352071136,45.43892643583408
2016-09-16,99.96231884057971,51.098901098901095,50.00041407867495,49.981159420289856
2016-09-17,94.32066703116458,20.883929548189474,48.34640141160097,47.16033351558229
2016-09-18,96.14428195481717,34.73848136612609,49.41155887206478,48.07214097740859
2016-09-19,67.81446902737433,9.475955808934842,36.95712120552421,33.907234513687165
2016-09-20,49.97707549733723,9.505679768081322,29.74355676252082,24.988537748668616
2016-09-21,68.67954093698765,19.308578575730103,40.38730591695494,34.339770468493825
2016-09-22,15.117838825557008,10.083075658538494,16.11765194460018,7.558919412778504
2016-09-23,42.32766041297201,12.095437102360393,28.13955176669467,21.163830206486004
2016-09-24,17.08200717113773,13.0908890597105,19.39570603733393,8.541003585568864
2016-09-25,0.2589882634909624,4.904402363808247,5.021194669037091,0.1294941317454812
2016-09-26,7.6463026915002095,6.773292679636275,10.078537564920165,3.8231513457501047
2016-09-27,29.049624253643834,10.338200709045596,21.85980437530223,14.524812126821917
2016-09-28,1.7327462667968183,4.884105785305624,5.665849758042742,0.8663731333984092
2016-09-29,1.7102910298506535,4.733107665521423,5.507303264610163,0.8551455149253268
2016-09-30,37.40701778411319,13.56504732070343,27.194276549081124,18.703508892056593
2016-10-01,83.69824642821627,12.859031060952672,43.945370769383764,41.84912321410813
2016-10-02,94.46988383483796,63.583252190847126,50.75116962516076,47.23494191741898
2016-10-03,39.38527608634765,8.957236639444698,25.12204230246574,19.692638043173826
2016-10-04,31.807276923204636,6.003871109109279,19.99784166092493,15.903638461602318
2016-10-05,26.47503687981227,6.8092863653423406,18.244043728772063,13.237518439906134
2016-10-06,27.049265355745412,6.727925283825904,18.432703598740254,13.524632677872706
2016-10-07,55.4774275847049,10.867458653622176,32.57718594111363,27.73871379235245
2016-10-08,81.4087355445366,20.278192639486413,44.47434019266353,40.7043677722683
2016-10-09,96.01229089839924,23.360506776052755,48.937694504088334,48.00614544919962
2016-10-10,86.24268690853042,27.739963256332263,46.93761705089746,43.12134345426521
2016-10-11,87.3647114396526,34.12694508665781,47.99439370835682,43.6823557198263
2016-10-12,26.888790646799627,29.814734905692514,35.24230857840237,13.444395323399814
2016-10-13,87.46645073642705,32.8332314403265,47.84839460560977,43.733225368213525
2016-10-14,99.15320735653697,22.273838630806846,49.765216905210984,49.576603678268484
2016-10-15,65.21368779054222,19.642527331764427,39.439754778726765,32.60684389527111
2016-10-16,2.0191363114313186,13.393362457633046,14.132500368645026,1.0095681557156593
2016-10-17,100.0,-1.0,50.0,50.0
2016-10-18,61.64735844439191,16.772473611351447,37.256365906366526,30.823679222195956
2016-10-19,99.99772256728778,100.0,50.00113871635611,49.99886128364389
2016-10-20,42.93544104223716,30.962940881362833,39.13658617542113,21.46772052111858
2016-10-21,55.75655643532325,23.145105722763088,38.118470006097084,27.878278217661624
2016-10-22,64.51110705727244,27.804809663720743,42.12317266312324,32.25555352863622
2016-10-23,86.76938820746216,41.35247698377905,48.85587980005345,43.38469410373108
2016-10-24,92.75811649311164,30.31715617582292,48.57459137941033,46.37905824655582
2016-10-25,95.68009110673982,99.43440540670085,52.135521275494355,47.84004555336991
2016-10-26,93.98190616801297,35.6570209544782,49.13682606273826,46.990953084006485
2016-10-27,6.8194324753667726,11.275502813527217,13.916293750584034,3.4097162376833863
2016-10-28,5.446579665908784,8.646738724652703,10.899077044465901,2.723289832954392
2016-10-29,7.349945702841931,7.55584241535955,10.675464951859288,3.6749728514209656
2016-10-30,15.620900107946525,7.824420438358456,14.412625591629993,7.810450053973263
2016-10-31,1.2373985968672507,7.62024326233976,8.144649777567322,0.6186992984336254
2016-11-01,6.446168091582134,8.578460200125605,11.248562281747104,3.223084045791067
2016-11-02,85.39016580856008,30.942829196376675,47.215778944011134,42.69508290428004
2016-11-03,6.815454065974226,9.339067653088511,12.110294819989118,3.407727032987113
2016-11-04,61.00458286782644,21.771300090893146,38.992100719454285,30.50229143391322
2016-11-05,97.4607874602698,100.0,51.2696062698651,48.7303937301349
2016-11-06,92.01256520217592,99.8677831643896,53.98315666537591,46.00628260108796
2016-11-07,58.72152216330991,42.93364143266188,47.08311474492028,29.360761081654957
2016-11-08,55.69958719688012,74.70862852888429,60.946024436285185,27.84979359844006
2016-11-09,76.75632118191498,90.82588430311834,59.48943742205982,38.37816059095749
2016-11-10,39.86944373572624,48.55183452691421,49.12921004540636,19.93472186786312
2016-11-11,99.04035280233545,99.2017259978425,50.47216298474089,49.520176401167724
2016-11-12,29.625655797582677,46.28475713868648,47.385422200823484,14.812827898791339
2016-11-13,89.27680074894421,74.99468835107102,52.680230234065775,44.638400374472106
2016-11-14,7.350290697674419,53.633003960098705,53.36596760797342,3.6751453488372094
2016-11-15,21.741928519232047,52.03944122281585,51.59602736995947,10.870964259616024
2016-11-16,90.51184853757562,43.597860495579084,49.39255530698484,45.25592426878781
2016-11-17,57.03189939119818,31.880282505499597,42.214301556932405,28.51594969559909
2016-11-18,89.13033120868695,67.4708897909401,51.89902785517051,44.56516560434348
2016-11-19,99.58198757763975,100.0,50.20900621118013,49.790993788819875
2016-11-20,87.77986736202875,76.3478585108727,53.219743257293636,43.88993368101438
2016-11-21,92.30449027266364,61.979601173336206,50.92189137359019,46.15224513633182
2016-11-22,99.98509316770186,95.83333333333334,50.00683229813665,49.99254658385093
2016-11-23,91.80415786640162,52.89153886965968,50.236985960988946,45.90207893320081
2016-11-24,100.0,-1.0,50.0,50.0
2016-11-25,97.93009489221876,45.28358507552266,49.902374686574085,48.96504744610938
2016-11-26,91.58591266348414,76.86513894700569,52.26045625407739,45.79295633174207
2016-11-27,41.83018734887039,45.45555016827335,47.35650204686003,20.915093674435195
2016-11-28,20.342525748587512,37.541594031826435,40.07594847376571,10.171262874293756
2016-11-29,13.854687600553865,39.33243045246863,40.81038888785091,6.927343800276932
2016-11-30,3.943406335533229,33.25399038804537,33.9143535920322,1.9717031677666146
2016-12-01,60.75630025642567,21.443437288708587,38.79334827249529,30.378150128212834
2016-12-02,4.635915626044862,32.20296167247387,33.028017353272844,2.317957813022431
2016-12-03,19.62508587285214,39.366833651810154,41.45360167864563,9.81254293642607
2016-12-04,17.79872268795935,37.953994546005454,40.0980296517384,8.899361343979676
2016-12-05,3.4954404138621387,30.512049100244898,31.19323881182855,1.7477202069310693
2016-12-06,6.566175630923832,32.92393502366614,34.045179440862896,3.283087815461916
2016-12-07,4.332350375877393,31.021016849078965,31.843252896955597,2.1661751879386966
2016-12-08,10.73037032422836,33.994840984632276,35.71225381796285,5.36518516211418
2016-12-09,31.933472364885198,37.03752255987513,41.17689171102189,15.966736182442599
2016-12-10,3.8368004718381963,30.23587289383776,30.994183015901694,1.9184002359190981
2016-12-11,36.21505215724351,33.64688433090689,39.56917369980332,18.107526078621756
2016-12-12,32.70726074045483,22.149445384992553,31.258598900585817,16.353630370227414
2016-12-13,5.415883629416589,31.657313978098024,32.6507325075535,2.7079418147082945
2016-12-14,18.164194655807254,26.192807142132494,30.517191994918992,9.082097327903627
2016-12-15,12.014192230397448,31.434180503677418,33.66471374711422,6.007096115198724
2016-12-16,5.263573232323232,27.43527915999912,28.62298976608187,2.631786616161616
2016-12-17,20.067332519697462,33.16333684751731,36.54200602754739,10.033666259848731
2016-12-18,13.501202127703749,27.717237373325204,30.725678195188998,6.7506010638518745
2016-12-19,49.292768377754406,40.850463275449464,45.36052322071974,24.646384188877203
2016-12-20,60.53690663196157,35.96935292449561,44.463072644453746,30.268453315980786
2016-12-21,4.38144008771602,28.970257679903572,29.891663240259657,2.19072004385801
2016-12-22,10.707634816006644,29.973564225910778,32.117921835262365,5.353817408003322
2016-12-23,5.595298661655228,27.088557476573843,28.370521113453012,2.797649330827614
2016-12-24,82.64318841360225,51.156407380003344,50.20071545011838,41.32159420680112
2016-12-25,58.18533522969942,18.15274465373879,36.683176938419244,29.09266761484971
2016-12-26,17.515972484567197,28.51074538225376,32.27479730823678,8.757986242283598
2016-12-27,9.476127499932526,28.619100041282508,30.6451813820036,4.738063749966263
2016-12-28,9.678879274551162,27.910018250104585,30.048080915447343,4.839439637275581
2016-12-29,8.619082516239798,32.32591953109026,33.84926311069221,4.309541258119899
2016-12-30,5.008690812658475,26.47718528105215,27.65537034075877,2.5043454063292376
2016-12-31,13.355450551823218,29.92648785420251,32.60739584284872,6.677725275911609
2017-01-01,5.6621484390413075,25.632999167888414,27.01269492514501,2.8310742195206537
2017-01-02,27.206086844628558,25.152249529566063,31.91235010148892,13.603043422314279
2017-01-03,7.041577891576023,31.573009862726042,32.870560726315226,3.5207889457880115
2017-01-04,76.51115357988252,15.111938652147439,41.805196851046546,38.25557678994126
2017-01-05,85.18392688085615,26.02069351230425,46.44720841731939,42.591963440428074
2017-01-06,14.662226964547429,44.4325247394693,45.248840598363344,7.3311134822737145
2017-01-07,46.57025187569211,27.782650882980786,38.12932632687849,23.285125937846054
2017-01-08,52.11081821556789,20.98076240136508,36.102924553933455,26.055409107783944
2017-01-09,18.319508059612282,53.67820618687671,53.004376908022664,9.159754029806141
2017-01-10,22.962372687202727,45.404760365485735,46.45993641623295,11.481186343601363
2017-01-11,24.471178090492725,46.25707165485654,47.17301031599612,12.235589045246362
2017-01-12,28.12509077027134,35.51541883282769,39.58922043378853,14.06254538513567
2017-01-13,99.87577511154359,90.66666666666666,50.0505181213056,49.937887555771795
2017-01-14,76.2468999724442,48.28951729672208,49.593707332536354,38.1234499862221
2017-01-15,35.72042020362948,52.21341182013871,51.42277181714836,17.86021010181474
2017-01-16,54.65111457573144,50.496493457807205,50.22515424931998,27.32555728786572
2017-01-17,55.78913760539699,79.49476665666266,63.03989070018638,27.894568802698494
2017-01-18,28.333343710631127,67.30542563820391,62.40221991154391,14.166671855315563
2017-01-19,5.055315225134108,56.093890469867944,55.78582509714172,2.527657612567054
2017-01-20,2.3137821750923147,52.69928672413976,52.63683110906199,1.1568910875461573
2017-01-21,5.068822009752207,51.869514617477975,51.77475224907171,2.5344110048761035
2017-01-22,4.02643169976513,49.65444418959914,49.6683577582895,2.013215849882565
2017-01-23,8.35323335562136,51.24947037138578,51.14509919555458,4.17661667781068
2017-01-24,9.245267740910762,50.18462087519904,50.16755218098127,4.622633870455381
2017-01-25,12.521466825318706,51.20033043804405,51.050031460450164,6.260733412659353
2017-01-26,5.843275290990458,47.62101158561734,47.76002242781048,2.921637645495229
2017-01-27,2.631578947368421,46.916026594031486,46.9971837889254,1.3157894736842104
2017-01-28,30.380127511127153,52.528785283384224,51.760537089809475,15.190063755563576
2017-01-29,3.272700086599146,45.52010649032784,45.66671996909844,1.636350043299573
2017-01-30,65.90222531841357,56.960439747534316,52.37335506196183,32.951112659206785
2017-01-31,95.59785804805725,93.89905451808646,51.9324986954469,47.798929024028624
2017-02-01,90.1346080955409,85.80126388276543,53.53193498878438,45.06730404777045
2017-02-02,73.28961408961409,81.10712041641133,58.308831908831905,36.644807044807045
2017-02-03,94.1545883717078,95.77060677978109,52.675480371045225,47.0772941858539
2017-02-04,94.34077541214481,85.48215919487649,52.00801507745837,47.170387706072404
2017-02-05,99.68260869565218,100.0,50.15869565217391,49.84130434782609
2017-02-06,98.50517598343686,100.0,50.74741200828158,49.25258799171843
2017-02-07,14.049821798126441,76.84261877793905,73.07127867368818,7.0249108990632205
2017-02-08,71.4590909561848,75.49097192475514,57.27535511142884,35.7295454780924
2017-02-09,55.558182802456614,75.01330122371257,61.11636560491323,27.779091401228307
2017-02-10,81.38658987559431,85.06889566591724,56.52751737639711,40.693294937797155
2017-02-11,61.473863579827196,84.5302856650901,63.30318496160798,30.736931789913598
2017-02-12,77.85691631928394,93.42832000898692,59.61636924071912,38.92845815964197
2017-02-13,17.73105877420386,73.65540939434764,69.46105485135733,8.86552938710193
2017-02-14,1.0680916195409054,62.51821063459075,62.38450467588622,0.5340458097704527
2017-02-15,3.368880120450651,61.047747381813565,60.67556201651004,1.6844400602253256
2017-02-16,2.312077505373664,59.127687709138534,58.91664849485478,1.156038752686832
2017-02-17,84.58742667216474,54.64641032535628,50.71613139850765,42.29371333608237
2017-02-18,19.420232695720767,55.506467210559805,54.437098464955525,9.710116347860383
2017-02-19,8.918222460323888,60.28615851795786,59.36881601870483,4.459111230161944
2017-02-20,44.38169025481844,48.01960806258464,48.89853947807972,22.19084512740922
2017-02-21,80.5824800250244,45.385879190048435,49.10405217005815,40.2912400125122
2017-02-22,18.029813076741068,61.228458425964845,59.2039883603638,9.014906538370534
2017-02-23,47.444264313819794,64.05205296811577,57.38515981640497,23.722132156909897
2017-02-24,99.96811594202899,90.9090909090909,50.01304347826087,49.984057971014494
2017-02-25,6.211098857965271,55.409852037856346,55.07384077971543,3.1055494289826355
2017-02-26,90.03051060207173,31.676050778084807,48.17319582503941,45.015255301035864
2017-02-27,28.938577161377605,56.56754420799365,54.666990359755815,14.469288580688803
2017-02-28,99.88612836438924,100.0,50.05693581780538,49.94306418219462
2017-03-01,33.552664342629484,68.28147884443028,62.14755561088977,16.776332171314742
2017-03-02,43.79770675693615,50.866185903350335,50.48681634143104,21.898853378468075
2017-03-03,66.5363382127035,50.92956839033819,50.31106762222439,33.26816910635175
2017-03-04,83.41398239254274,83.95508873596523,55.63179699637494,41.70699119627137
2017-03-05,90.68321308799557,78.0203655120281,52.610597746720444,45.341606543997784
2017-03-06,55.44727755368679,58.101484422639196,53.60943186884975,27.723638776843394
2017-03-07,81.95333530895309,49.20306830186946,49.85618040862171,40.97666765447654
2017-03-08,18.84583286623569,64.45187993389918,61.72830279552749,9.422916433117845
2017-03-09,82.22825906770109,31.14790415670728,46.64965436642132,41.114129533850544
2017-03-10,24.408822876214472,54.26079029525553,53.220781538959685,12.204411438107236
2017-03-11,2.4587082799425977,58.230176675736786,58.027820640356545,1.2293541399712988
2017-03-12,7.202033163487773,58.47653313285362,57.86605040551147,3.6010165817438864
2017-03-13,6.679168951137251,58.12605290741536,57.583300104670286,3.3395844755686257
2017-03-14,25.14873510314445,57.46757747306671,55.58957619574307,12.574367551572225
2017-03-15,56.61953381170901,66.06098539866983,56.96733034037632,28.309766905854506
2017-03-16,4.99349081343031,52.57104268789734,52.44265790746782,2.496745406715155
2017-03-17,4.766137188163881,52.22354511199497,52.11756790151658,2.3830685940819407
2017-03-18,84.76524615167817,17.58416649663334,45.061527557880254,42.382623075839085
2017-03-19,90.59176805591508,39.735857362976006,49.03432565363707,45.29588402795754
2017-03-20,11.623459545883989,51.65959066484657,51.466688815290865,5.8117297729419946
2017-03-21,94.83592572346734,68.21972734562951,50.940880253110045,47.41796286173367
2017-03-22,98.9997618973674,56.5100393293314,50.06511589386834,49.4998809486837
2017-03-23,88.8933767481938,53.939687808880855,50.43756628222973,44.4466883740969
2017-03-24,97.11698728898662,19.685435219764436,49.12602724409743,48.55849364449331
2017-03-25,15.76948473987815,44.73805526588912,45.567836837755564,7.884742369939075
2017-03-26,64.99460737545112,41.98607613686861,47.19469448707844,32.49730368772556
2017-03-27,9.016822321239479,44.30858407786488,44.821768939126535,4.5084111606197395
2017-03-28,3.8073047754325637,43.90130695531655,44.13350278684576,1.9036523877162819
2017-03-29,8.941031874718426,40.45408013205624,41.307583870184175,4.470515937359213
2017-03-30,24.961346170209676,36.21348187196287,39.65478238672093,12.480673085104838
2017-03-31,8.867133157534104,39.46070334126975,40.3952368098669,4.433566578767052
2017-04-01,92.2792038725152,38.307176391683434,49.097220927655464,46.1396019362576
2017-04-02,56.002512187842,42.77766000047111,46.82235183895466,28.001256093921
2017-04-03,51.29271454498314,28.721202572073413,39.635675395385014,25.64635727249157
2017-04-04,94.16110092883105,35.074838618145705,49.12853489070444,47.08055046441552
2017-04-05,89.028091086295,37.94438046330734,48.67726840545126,44.5140455431475
2017-04-06,53.91420477875152,25.89027781527579,38.888842805536086,26.95710238937576
2017-04-07,49.27961424504735,30.855702913431564,40.28993866761833,24.639807122523674
2017-04-08,6.716438057462075,38.714539184715704,39.47252016987343,3.3582190287310376
2017-04-09,3.4173905639649704,36.87314682818692,37.321742669825994,1.7086952819824852
2017-04-10,25.76760962368191,33.278723814689215,37.58739698621778,12.883804811840955
2017-04-11,83.16697713836953,17.718745383819982,44.566089030437276,41.583488569184766
2017-04-12,67.2841413025225,28.94576748076704,43.11192703916939,33.64207065126125
2017-04-13,57.83082059683541,22.01245180580691,38.197880591443564,28.915410298417704
2017-04-14,13.138242102749894,35.325808965184265,37.253739709958374,6.569121051374947
2017-04-15,98.1461733896266,30.503741762537693,49.63857317676681,49.0730866948133
2017-04-16,92.59217067108534,19.13323081224661,47.71344241922121,46.29608533554267
2017-04-17,98.01593957125908,30.473805051137546,49.612588492780816,49.00796978562954
2017-04-18,73.93124295097194,19.784633248236428,42.12322945000995,36.96562147548597
2017-04-19,74.47005620678793,14.734175982075449,40.99665495001077,37.235028103393965
2017-04-20,32.72163258530715,27.854847365207043,35.10110284581946,16.360816292653574
2017-04-21,5.538260246518728,39.95136730000572,40.50788673014818,2.769130123259364
2017-04-22,13.132672214747263,37.90706568505593,39.495191109782226,6.5663361073736315
2017-04-23,21.635101337678105,29.5643675542819,33.98563734290844,10.817550668839052
2017-04-25,94.60447373271508,31.46278739492573,48.999819824670766,47.30223686635754
2017-04-26,99.95900604143289,100.0,50.02049697928356,49.97950302071644
2017-04-27,99.94658362974587,100.0,50.026708185127056,49.97329181487294
2017-04-28,95.4177523519153,22.447226867965465,48.73746370117523,47.70887617595765
2017-04-29,31.677736966357223,60.28785636356453,57.02889628523792,15.838868483178612
2017-04-30,11.570560275101908,53.857136483290944,53.410844181598826,5.785280137550954
2017-05-01,98.04905724449524,50.689874761197196,50.01345906167563,49.02452862224762
2017-05-02,30.410139827473454,55.90620245234046,54.110118028090056,15.205069913736727
2017-05-03,93.25621773037302,32.35736888998126,48.810219371306864,46.62810886518651
2017-05-04,98.4809738663729,50.87241003271538,50.01325213638933,49.24048693318645
2017-05-05,45.94343967437982,48.129300651262035,48.988764278038474,22.97171983718991
2017-05-06,96.99635155897347,70.11581414587067,50.60420833799224,48.498175779486736
2017-05-07,98.04608554484312,20.76091564222128,49.42869330417785,49.02304277242156
2017-05-08,97.93691255433129,47.06413730803975,49.939430585380094,48.96845627716564
2017-05-09,50.027787339756216,39.804467535054336,44.90506683477316,25.013893669878108
2017-05-10,35.54039926320506,48.064694676140455,48.752509915202204,17.77019963160253
2017-05-11,85.28740393976427,36.17165061665822,47.965490813430826,42.64370196988214
2017-05-12,91.11405231194955,28.943381273163794,48.12891987506111,45.557026155974775
2017-05-13,55.027454917718224,33.128378752375504,42.41240252830024,27.513727458859112
2017-05-14,68.35750094334537,25.045865548420913,42.10388824156276,34.178750471672686
2017-05-15,87.12261053137514,33.47276295891116,47.87172331781616,43.56130526568757
2017-05-16,6.51642084889164,31.70740918461648,32.899431386312564,3.25821042444582
2017-05-17,10.339027748072503,34.71625226961129,36.29644318840158,5.169513874036252
2017-05-18,78.9279208519933,30.47570342541871,45.885824772712674,39.46396042599665
2017-05-19,93.44805450290946,27.43362831858407,48.52146362676275,46.72402725145473
2017-05-20,97.34362480304935,25.892439594699923,49.35961274480371,48.671812401524676
2017-05-21,46.666376154784736,28.524739416152112,38.54646530043079,23.333188077392368
2017-05-22,19.90234018170041,29.83090034421266,33.845023169293626,9.951170090850205
2017-05-23,52.97490741989357,27.15160499055888,39.2555210937419,26.487453709946784
2017-05-24,89.78297521551278,14.241404476159586,46.34653543274469,44.89148760775639
2017-05-25,27.381700851774614,20.28385046846471,28.420637637855727,13.690850425887307
2017-05-26,5.403390590736926,24.447971339949557,25.82864725230912,2.701695295368463
2017-05-27,1.7780260815927258,23.30460450639421,23.77925560085485,0.8890130407963629
2017-05-28,3.98463963580402,23.550927618301888,24.604827839725523,1.99231981790201
2017-05-29,3.253327573638597,22.621833153730233,23.51253460489671,1.6266637868192986
2017-05-30,50.173479975098566,22.025787750818363,36.06142353185308,25.086739987549283
2017-05-31,45.61286654548775,23.07169917858601,35.354469095225056,22.806433272743874
2017-06-01,55.175525955433834,14.769608183480292,34.20816216440517,27.587762977716917
2017-06-02,79.19845469260693,20.296714026662414,43.82125751047165,39.599227346303465
2017-06-03,54.71686760736375,16.4026812427551,34.786081666780774,27.358433803681876
2017-06-04,92.86280943119138,19.026612879821226,47.78937033561802,46.43140471559569
2017-06-05,90.22182723660606,14.982733416664901,46.57595117646328,45.11091361830303
2017-06-06,95.80439856763849,30.758218975219663,49.19269155971245,47.90219928381924
2017-06-07,29.047848399794056,16.11678097422813,25.959127069804524,14.523924199897028
2017-06-08,47.8628525442923,5.775481058029303,26.942597347647357,23.93142627214615
2017-06-09,38.34885712922808,6.6608580396220125,23.280923671040707,19.17442856461404
2017-06-10,21.932466001606272,14.424326846138918,22.22694926545207,10.966233000803136
2017-06-11,0.6542137596730178,12.735813556770859,12.97960099191267,0.3271068798365089
2017-06-12,43.41653475185839,14.304780482081442,29.802407868830695,21.708267375929196
2017-06-13,2.0504161890046353,14.244369104336155,14.97750834870159,1.0252080945023176
2017-06-14,99.3391304347826,22.431077694235587,49.81780538302277,49.6695652173913
2017-06-15,20.767239428608203,16.064087616103127,23.111639793149692,10.383619714304102
2017-06-16,83.87739199993368,20.58124140413116,45.256928873102254,41.93869599996684
2017-06-17,16.50742636952884,8.170791143647179,15.075716996566058,8.25371318476442
2017-06-18,0.6934737865247181,8.749555578793265,9.035616597679283,0.34673689326235907
2017-06-19,2.5273419814161753,11.597933201938956,12.568484757857835,1.2636709907080876
2017-06-20,19.512103981515505,17.415549210623375,23.773461130452294,9.756051990757753
2017-06-21,17.067185420632928,13.0896710559255,19.38922533617624,8.533592710316464
2017-06-22,6.728790292266253,12.64047132904191,15.154315667489767,3.3643951461331265
2017-06-23,48.44204619216388,10.552503077059217,29.661677758122618,24.22102309608194
2017-06-24,14.782444419993649,13.047429029421151,18.509922294905675,7.391222209996824
2017-06-25,91.6676851942004,10.036795783402118,46.670140018188484,45.8338425971002
2017-06-26,1.1385514518504056,8.39105307274893,8.864792342088812,0.5692757259252028
2017-06-27,86.33381735475733,19.374005305039788,45.8145956280644,43.166908677378665
2017-06-28,77.03762648712386,16.884312362937358,42.39585211342033,38.51881324356193
2017-06-29,82.37632829123064,23.80207843506066,45.38296430887419,41.18816414561532
2017-06-30,79.7626597362978,19.077707684745207,43.74215048682525,39.8813298681489
2017-07-01,69.0418393301727,11.888978170617383,38.20152862914677,34.52091966508635
2017-07-02,88.718253581926,12.901863582116956,45.81468232350328,44.359126790963
2017-07-03,31.3929111107421,11.753956560281006,23.7605029806878,15.69645555537105
2017-07-04,25.267633058832565,13.572942447701825,22.777197684146284,12.633816529416283
2017-07-05,8.283229803344943,12.06130171029779,15.203851274031521,4.1416149016724715
2017-07-06,10.137015317141243,9.599364047909006,13.694782702594942,5.0685076585706215
2017-07-07,22.862193965526185,10.11913888597475,19.236778708985312,11.431096982763092
2017-07-08,30.22779955631279,12.097426623677917,23.554540530556935,15.113899778156394
2017-07-09,37.839003970344805,6.54904525765696,22.990453747764867,18.919501985172403
2017-07-10,79.29293661961616,14.615985107788386,42.673009609745286,39.64646830980808
2017-07-11,64.00827705749776,17.09632633780179,38.15740093759654,32.00413852874888
2017-07-12,37.77180962896701,15.167463795668153,28.32434305970939,18.885904814483506
2017-07-13,47.97126433204923,15.547200204143474,32.07464386400552,23.985632166024615
2017-07-14,73.36514068743678,16.871838767411095,41.17636086286084,36.68257034371839
2017-07-15,54.87005715328528,11.174881216053524,32.478246082635856,27.43502857664264
2017-07-16,7.772765114632662,5.620061679760484,9.069610043411554,3.886382557316331
2017-07-17,0.42347712309705293,6.204179363480314,6.389644644748593,0.21173856154852647
2017-07-18,11.787865762112123,12.685824052429748,17.08436902336766,5.893932881056061
2017-07-19,10.772607586945867,7.434248650762067,12.019690010050585,5.386303793472933
2017-07-20,74.25204421217533,17.37153434469438,41.59883708882636,37.12602210608767
2017-07-21,38.47052549227937,9.884824876477632,25.317343548644818,19.235262746139686
2017-07-22,51.07316344689977,16.750251177460584,33.73194973927977,25.536581723449885
2017-07-23,53.18082255428245,15.33986948373863,33.772411990674286,26.590411277141225
2017-07-24,97.19026438723785,14.584715159554868,49.004924129476855,48.59513219361892
2017-07-25,63.910132951320286,11.37969462667019,36.061983136971165,31.955066475660143
2017-07-26,88.85944502342272,15.276176306490608,46.13157333145482,44.42972251171136
2017-07-27,95.6130814453121,3.1578947368421053,47.94507499280409,47.80654072265605
2017-07-28,45.527562910829296,9.030552582361702,27.682943529646103,22.763781455414648
2017-07-29,51.90785065766138,18.73226193248967,34.962672712601666,25.95392532883069
2017-07-30,28.662516890033686,9.361970794212377,21.009852779098075,14.331258445016843
2017-07-31,7.82883494561031,5.678602966353692,9.148451985706485,3.914417472805155
2017-08-01,0.8290654737427986,4.297884459932065,4.67678492064481,0.4145327368713993
2017-08-02,24.22155669981134,7.849452647204626,18.058971373542786,12.11077834990567
2017-08-03,4.3577491054611,5.74401420912867,7.672579034043357,2.17887455273055
2017-08-04,2.782681292755766,8.160387938861177,9.324650996648073,1.391340646377883
2017-08-05,13.052127111746042,22.044782606619,25.693533115168027,6.526063555873021
2017-08-06,91.65756991381042,8.38733705772812,46.528492687039254,45.82878495690521
2017-08-07,11.552786520399605,8.452476239880385,13.252372964399306,5.776393260199803
2017-08-08,45.81990800581758,10.952703711787885,28.844138949805696,22.90995400290879
2017-08-09,43.83716805347241,13.760993465790513,29.647147661100774,21.918584026736205
2017-08-10,83.22323653515123,28.93407909520811,46.46582027811094,41.611618267575615
2017-08-11,80.10040481130571,11.23899796885579,42.28671750472073,40.050202405652854
2017-08-12,61.06340723173306,10.275795974869556,34.53274844829945,30.53170361586653
2017-08-13,15.998480151652627,7.910542941464355,14.644216374912537,7.999240075826314
2017-08-14,56.55397544035024,15.182471298661001,34.87316792935316,28.27698772017512
2017-08-15,4.208541278554176,8.355863522341203,10.108474196100909,2.104270639277088
2017-08-16,83.15741717093664,18.6762770445628,44.72427601608416,41.57870858546832
2017-08-17,38.68417885173302,9.926387220144518,25.428535260254755,19.34208942586651
2017-08-18,21.062225433285995,11.908168471771457,19.93115589991446,10.531112716642998
2017-08-19,87.74445434021665,34.06060401210052,48.046540046809305,43.872227170108324
2017-08-20,37.04479234977214,9.353872119356147,24.411145790963502,18.52239617488607
2017-08-21,36.7071331827506,6.396484375,22.402084927830217,18.3535665913753
2017-08-22,11.245940580901834,8.394005184401877,13.072990639457139,5.622970290450917
2017-08-23,62.44082389315019,9.565611059582174,34.813176650139866,31.220411946575094
2017-08-24,0.19169700657751268,4.572316809761823,4.659400318595025,0.09584850328875634
2017-08-25,17.422567175583616,10.617246078722259,17.478732836251666,8.711283587791808
2017-08-26,8.745236098541145,6.695130772625325,10.48224382872373,4.372618049270573
2017-08-27,26.446377028123454,6.148173434180718,17.745392821496086,13.223188514061727
2017-08-28,55.21781500756806,28.309102694693955,40.28634224221941,27.60890750378403
2017-08-29,0.25732675097458096,4.608224882873503,4.725030062992093,0.12866337548729048
2017-08-30,6.301596265966812,4.472227515877272,7.341203926714615,3.150798132983406
2017-08-31,70.99797313260852,12.230956124053167,39.04621174754103,35.49898656630426
2017-09-01,96.76794825072886,89.01274905503236,51.26091223827193,48.38397412536443
2017-09-02,92.19689093416949,19.95647211826844,47.655670752165285,46.098445467084744
2017-09-03,71.38722451433665,13.992667091762797,39.697302676590716,35.693612257168326
2017-09-04,51.801398137199996,23.049179904540974,37.0100815234302,25.900699068599998
2017-09-05,63.57801171337083,11.082387641569062,35.82543178537654,31.789005856685414
2017-09-06,91.10687655343827,13.138159120551517,46.72183098591549,45.553438276719135
2017-09-07,41.312736506671975,11.853705785451178,27.61298380136759,20.656368253335987
2017-09-08,35.114663811225455,13.550854884000588,26.349849653549484,17.557331905612727
2017-09-09,95.54114266893424,16.171893147502903,48.49165297764667,47.77057133446712
2017-09-10,99.6784552601448,100.0,50.1607723699276,49.8392276300724
2017-09-11,94.62113524819317,29.33317933317933,48.88835966783326,47.310567624096585
2017-09-12,98.5374631415035,24.139883902024636,49.621786270417125,49.26873157075175
2017-09-13,73.4417888742265,18.303289365917582,41.5819206698749,36.72089443711325
2017-09-14,89.3882369999068,15.919737663960026,46.38348333108941,44.6941184999534
2017-09-15,83.92064826974782,19.255394524959744,45.05646674758991,41.96032413487391
2017-09-16,95.1679497745071,42.530853616729516,49.63908709534478,47.58397488725355
2017-09-17,88.94828111306553,21.914777946497196,46.89610020987555,44.47414055653277
2017-09-18,86.81747835509046,16.20330352512219,45.544743171934854,43.40873917754523
2017-09-19,99.97494803269592,100.0,50.01252598365203,49.98747401634796
2017-09-20,76.2102465990801,13.536402606907608,41.32540009907906,38.10512329954005
2017-09-21,12.70787398632236,22.557336967508853,26.0447160041689,6.35393699316118
2017-09-22,17.125116255895833,17.64907754161396,23.189210622467282,8.562558127947916
2017-09-23,37.649666577421904,16.172853067569413,28.90866110028413,18.824833288710952
2017-09-24,84.22218400545349,16.546724799075484,44.72180379464887,42.11109200272674
2017-09-25,70.22408301398497,18.662293072589126,40.668910399973456,35.11204150699248
2017-09-26,49.86917757199383,15.425113614728112,32.66732510151447,24.934588785996915
2017-09-27,58.234628113569066,17.378891917521884,36.37567289587844,29.117314056784533
2017-09-28,73.00909812668556,7.574919742561787,38.549088218039955,36.50454906334278
2017-09-29,75.74617049703272,10.470667611816651,40.41262311890878,37.87308524851636
2017-09-30,80.46515772220253,21.07284164076671,44.34912523907507,40.23257886110127
2017-10-01,97.50773849578135,70.18360056492482,50.50302810704488,48.75386924789068
2017-10-02,22.060166922725575,14.698791971337622,22.486297388199144,11.030083461362787
2017-10-03,98.29797807249122,41.72749391727494,49.85920013251752,49.14898903624561
2017-10-04,57.3038182632793,13.313738826272834,34.33636725685744,28.65190913163965
2017-10-05,5.472555215526369,8.174628101533278,10.46354467277612,2.7362776077631845
2017-10-06,28.565469408593113,7.064623715892717,19.329315493793725,14.282734704296557
2017-10-07,6.115986328165556,17.154699737459662,19.163513810961554,3.057993164082778
2017-10-08,70.89651083975733,8.977536572511147,38.061031803116265,35.44825541987866
2017-10-09,44.3546730571722,9.392186911566757,27.4036496426089,22.1773365285861
2017-10-10,58.63248182297046,11.772903872665747,34.18639906097445,29.31624091148523
2017-10-11,9.909543399657103,11.39905445631238,15.224231907642109,4.954771699828552
2017-10-12,4.282468934812944,8.573040167482022,10.34713685294704,2.141234467406472
2017-10-13,37.19780493474579,8.772382066586028,24.108150964699632,18.598902467372895
2017-10-14,0.3071721264660252,7.91504343659507,8.044316692593185,0.1535860632330126
2017-10-15,0.11713614584696287,7.235401630600902,7.28549443291775,0.058568072923481436
2017-10-16,0.16947322073887003,7.048614867395085,7.1214059631312665,0.08473661036943501
2017-10-17,30.5320873205121,12.182735050905787,23.729135407392647,15.26604366025605
2017-10-18,0.1676050750899813,6.347647717201809,6.420811275023937,0.08380253754499065
2017-10-19,0.855453490038401,6.696761489798483,7.067200554933654,0.4277267450192005
2017-10-20,1.6448393166440294,6.058033810121076,6.780808546518631,0.8224196583220147
2017-10-21,21.10009316493098,11.144217898177782,19.342824121624847,10.55004658246549
2017-10-22,98.7448547741898,93.92939623886505,50.55137771961936,49.3724273870949
2017-10-23,60.759231188737814,14.450509672953249,36.05010668718157,30.379615594368907
2017-10-24,22.5415288943133,24.58049060223917,30.310436657928115,11.27076444715665
2017-10-25,85.6109354735791,29.275491692343138,47.01793712682779,42.80546773678955
2017-10-26,35.39893837604711,20.803189133323492,31.138550219789334,17.699469188023556
2017-10-27,67.8288884466116,16.2419930660274,39.13967393107109,33.9144442233058
2017-10-28,31.522325616143842,14.262725322148546,25.527945412436605,15.761162808071921
2017-10-29,81.08453472453779,27.074847807997198,45.66360079777485,40.542267362268895
2017-10-30,7.906129763019595,19.2579899667437,21.688493171733448,3.9530648815097975
2017-10-31,15.023980068514481,19.682032412463627,24.23699781999377,7.5119900342572405
2017-11-01,58.14327621772346,11.44290681433199,33.86126400679997,29.07163810886173
2017-11-02,79.16444812762211,40.043552621112084,47.9255192417258,39.582224063811054
2017-11-03,4.148929542953257,15.077233042310276,16.526154037834583,2.0744647714766287
2017-11-04,81.43280427665658,35.981876820408665,47.3972276325059,40.71640213832829
2017-11-05,99.9695652173913,93.19727891156462,50.0131469979296,49.98478260869565
2017-11-06,92.93873291061126,86.10809701164257,52.54968917088767,46.46936645530563
2017-11-07,88.69525585249637,90.57689488344818,54.587114149575314,44.34762792624819
2017-11-08,36.91743111653245,67.28304728580964,60.90259020923314,18.458715558266224
2017-11-09,60.974583124256135,82.91491995685693,62.84518472748083,30.487291562128068
2017-11-10,82.15358481967145,45.318630295995355,49.16454332649721,41.076792409835726
2017-11-11,95.21431337105895,71.92489075412107,51.0492565652299,47.607156685529475
2017-11-12,81.34100339103829,61.55648071051901,52.15632334389105,40.67050169551914
2017-11-13,99.80330733539412,100.0,50.09834633230293,49.90165366769706
2017-11-14,10.693181959745367,65.13140152325333,63.513373225312165,5.346590979872683
2017-11-15,7.921676114537261,61.06801371098683,60.19124151248988,3.9608380572686306
2017-11-16,10.469658175565815,58.8043465655406,57.88256157553633,5.234829087782908
2017-11-17,16.372044175731578,55.92273442502519,54.9530617285488,8.186022087865789
2017-11-18,6.260176108988204,53.98802771968381,53.73837016115633,3.130088054494102
2017-11-19,49.045496314949915,43.45737513383243,46.66623797146964,24.522748157474958
2017-11-20,48.803336554853644,39.19192082865789,44.466624081763015,24.401668277426822
2017-11-21,41.92459177557145,38.09221099246455,43.08450292337016,20.962295887785725
2017-11-22,5.926925752494471,52.91431119391289,52.74158213325304,2.9634628762472355
2017-11-23,57.7086265397873,75.91454449214844,60.95961679168747,28.85431326989365
2017-11-24,53.42724582132983,50.14807326620678,50.06896179827481,26.713622910664913
2017-11-25,97.63459651069857,91.72794117647058,50.98703417660189,48.817298255349286
2017-11-26,55.060282937875606,56.89328183617813,53.097821353473265,27.530141468937803
2017-11-27,14.116237690776101,51.887540492191654,51.621090789804235,7.058118845388051
2017-11-28,99.63602107682274,99.94311717861206,50.181782420107865,49.81801053841137
2017-11-29,98.41864741241683,92.58871284535812,50.673477712598434,49.209323706208416
2017-11-30,91.40310475654003,80.26112931200616,52.601517586441126,45.701552378270016
2017-12-01,43.84844234950457,74.40690177532284,63.70485552107019,21.924221174752287
2017-12-02,42.47837517312302,81.26775184186623,67.98571890627721,21.23918758656151
2017-12-03,4.431324745768343,63.47928119771409,62.88197047444808,2.2156623728841716
2017-12-04,51.96611568020533,46.153912555569946,48.15257480610432,25.983057840102664
2017-12-05,31.576981343515886,50.25507263959237,50.17452839977587,15.788490671757943
2017-12-06,3.562921691313133,54.226871611116614,54.07627148562019,1.7814608456565666
2017-12-07,5.449927943417932,53.580660676753325,53.38551724997197,2.724963971708966
2017-12-08,96.8063959050305,66.41379757505025,50.52419171149681,48.40319795251525
2017-12-09,60.04022392701638,39.09280532984652,45.64150943396226,30.02011196350819
2017-12-10,99.20928239115986,84.13197172034565,50.26988751063711,49.60464119557993
2017-12-11,99.81221376574547,100.0,50.093893117127266,49.906106882872734
2017-12-12,83.66788888198371,87.720700152207,56.160586663352184,41.83394444099186
2017-12-13,33.37802192784937,75.37598903495109,66.90598585045646,16.689010963924684
2017-12-14,70.73058508984641,63.54463185622636,53.96443449605173,35.36529254492321
2017-12-15,87.5103319267412,83.7670630774079,54.217394096456175,43.7551659633706
2017-12-16,44.843450982668784,60.90292265764495,56.01367587998565,22.421725491334392
2017-12-17,53.213796822499695,57.28560345782999,53.40865723648732,26.606898411249848
2017-12-18,77.54914253147506,81.29713563061358,57.026475312159995,38.77457126573753
2017-12-19,9.604719200509958,65.62099460204433,64.12064193419116,4.802359600254979
2017-12-20,22.161481195532836,64.11649739899265,60.98807248244702,11.080740597766418
2017-12-21,23.031758352600313,59.54974073285102,57.35026752396093,11.515879176300157
2017-12-22,70.65689226121532,59.22353406394758,52.70647153770764,35.32844613060766
2017-12-23,38.3432458391332,69.6376721385385,62.10795123337572,19.1716229195666
2017-12-24,1.7819351649743822,59.504270287300784,59.33491035287716,0.8909675824871911
2017-12-25,5.716831103349026,61.92187906099812,61.24032537073533,2.858415551674513
2017-12-26,61.75754887492331,75.61232066687262,59.794779213026686,30.878774437461654
2017-12-27,97.85316466179424,94.4739126241682,50.95478167249839,48.92658233089712
2017-12-28,92.49122589061093,96.91981028016767,53.5231025664917,46.24561294530547
2017-12-29,4.576189526847422,78.30010881392818,77.00504219829878,2.288094763423711
2017-12-30,90.70352070969157,84.62823539893972,53.21920673246168,45.35176035484579
2017-12-31,4.955998820544128,73.50795589356602,72.34290187674685,2.477999410272064
2018-01-01,99.47142857142856,100.0,50.26428571428572,49.73571428571428
2018-01-02,37.99707435495752,75.30921625058565,65.69245453319363,18.99853717747876
2018-01-03,75.32481255037159,71.75939142554871,55.36917062215252,37.662406275185795
2018-01-04,97.96321106939702,72.92598617324116,50.46695394860815,48.98160553469851
2018-01-05,71.80884897079694,88.7650110975556,60.92830282499923,35.90442448539847
2018-01-06,72.45185683948827,84.93096083268155,59.62283109752939,36.225928419744136
2018-01-07,99.5246327601735,72.60452961672473,50.107454528514786,49.76231638008675
2018-01-08,61.838911288232914,79.37704722121126,61.21060105098414,30.919455644116457
2018-01-09,68.79714830473348,81.82319341126461,59.92974384481472,34.39857415236674
2018-01-10,42.51624019523483,85.20554467445056,70.23747073862046,21.258120097617415
2018-01-11,30.73140979362195,74.33496858284366,66.85648966450081,15.365704896810975
2018-01-12,17.808753694417693,73.08512035231968,68.97394812871516,8.904376847208846
2018-01-13,24.664596685816758,73.71367488401309,67.86479261448544,12.332298342908379
2018-01-14,53.89436787688351,81.5232842696225,64.53400947847639,26.947183938441754
2018-01-15,13.768735727631306,71.92278802819614,68.90429728046502,6.884367863815653
2018-01-16,84.18029357053192,66.65531825740811,52.634822453215556,42.09014678526596
2018-01-17,91.6219741991593,47.90657439446367,49.82461226264676,45.81098709957965
2018-01-18,55.746842792858175,55.61428665148406,52.48449909794082,27.873421396429087
2018-01-19,76.67142564085562,53.39704928808079,50.79248316918671,38.33571282042781
2018-01-20,38.2260554204669,63.59209116587123,58.39637086400491,19.11302771023345
2018-01-21,82.04366251178598,48.16793805033987,49.67102877332587,41.02183125589299
2018-01-22,62.51518480897199,51.74397062320612,50.65372416509464,31.257592404485994
2018-01-23,10.925320462919716,67.98913993404724,66.02376874772952,5.462660231459858
2018-01-24,2.2452658555935385,71.80910618643654,71.31943377182233,1.1226329277967693
2018-01-25,49.7045052069293,79.30083365629612,64.73699926592873,24.85225260346465
2018-01-26,89.94454016799483,91.81134795592627,54.20432329892808,44.972270083997415
2018-01-27,4.380536670252221,69.67296244899201,68.81118111478895,2.1902683351261105
2018-01-28,54.815128193961414,61.04479050490864,54.99057443088849,27.407564096980707
2018-01-29,2.1923111270796944,67.516588985975,67.13257085655067,1.0961555635398472
2018-01-30,6.316510761116706,71.614118690087,70.24886055710712,3.158255380558353
2018-01-31,22.872503776497734,78.41290937021623,71.91416560150063,11.436251888248867
2018-02-01,99.76459627329193,99.47229551451187,50.11645962732919,49.882298136645964
2018-02-02,95.120471575251,97.29706793397548,52.307873873911184,47.5602357876255
2018-02-03,90.51117416789212,95.78503918101848,54.344462625049196,45.25558708394606
2018-02-04,39.55198486143733,85.82731491652021,71.65690074447866,19.775992430718667
2018-02-05,58.84245106065473,89.42889227964689,66.2279656362374,29.421225530327366
2018-02-06,77.13691948764489,90.38198377815034,59.23256546368469,38.568459743822444
2018-02-07,76.85309903226475,95.38585496866607,60.50541890295709,38.426549516132376
2018-02-08,67.76139882519246,78.59829367554119,59.21968984085794,33.88069941259623
2018-02-09,55.25970983484885,88.91164626997771,67.40918344922524,27.629854917424424
2018-02-10,31.56739304552076,68.93844754396603,62.96007337104251,15.78369652276038
2018-02-11,32.676580542635335,69.95294458431302,63.43300457659258,16.338290271317668
2018-02-12,91.63164316000754,80.89108910891089,52.58507656839371,45.81582158000377
2018-02-13,46.788806245670216,82.12399384123643,67.09356060448928,23.394403122835108
2018-02-14,4.179602889960937,74.36340899387304,73.34511524747211,2.0898014449804685
2018-02-15,99.86356051163773,43.85432473444613,49.99161487211127,49.931780255818865
2018-02-16,37.5720420738159,65.05621300791934,59.399286321860544,18.78602103690795
2018-02-17,87.80731867498959,80.63617209270713,53.73537083344555,43.903659337494794
2018-02-18,85.82707171793321,66.58873041851766,52.35110886512191,42.913535858966604
2018-02-19,46.08148129713048,83.19986152780983,67.90087354719893,23.04074064856524
2018-02-20,61.92235755668081,83.06740581809468,62.591288552695424,30.961178778340404
2018-02-21,42.39797686002535,75.79262033818948,64.85707113560971,21.198988430012676
2018-02-22,98.36286199963973,96.85089161502466,50.76701375013717,49.18143099981987
2018-02-23,65.87139380723582,87.00014576551189,62.62763403906027,32.93569690361791
2018-02-24,21.786405993436116,70.98780177081343,66.41531406792643,10.893202996718058
2018-02-25,86.76269898300451,84.46544225775163,54.56229433849735,43.381349491502256
2018-02-26,50.257886430424584,77.24462270326161,63.55205116665872,25.128943215212292
2018-02-27,82.23691161025569,67.29174684252878,53.07154827576921,41.118455805127844
2018-02-28,18.0846360301978,79.50931625079505,74.17266381183875,9.0423180150989
2018-03-01,95.72134152023773,97.98170466095543,52.052973275210455,47.860670760118865
2018-03-02,92.46955581830191,89.11100723183105,52.94523256849294,46.23477790915096
2018-03-03,84.54109983549291,89.03006178547975,56.033618285562746,42.27054991774646
2018-03-04,13.921145970910482,72.69119516731763,69.53232076553117,6.960572985455241
2018-03-05,99.16229976252046,98.17103311913,50.40352885883529,49.58114988126023
2018-03-06,99.26141269575048,100.0,50.36929365212476,49.63070634787524
2018-03-07,99.35569358178054,98.90745501285348,50.31511387163561,49.67784679089027
2018-03-08,11.417980957918452,79.14740494162876,75.8193597956662,5.708990478959226
2018-03-09,42.10150715197029,72.91815214392439,63.26926467995062,21.050753575985144
2018-03-10,99.1956221971005,100.0,50.40218890144974,49.59781109855025
2018-03-11,97.91511387163561,93.12810327706057,50.899171842650105,48.957556935817806
2018-03-12,97.76364773259016,91.48227016017036,50.927689689300045,48.88182386629508
2018-03-13,87.8983504530971,80.24892145449564,53.66061846614099,43.94917522654855
2018-03-14,47.053367639125206,64.90353527634409,57.890920031539196,23.526683819562603
2018-03-15,99.99378881987577,100.0,50.00310559006211,49.99689440993789
2018-03-16,45.59751037344398,68.6030813820456,60.12053941908714,22.79875518672199
2018-03-17,96.08841847213941,87.04213423671395,51.448933280328625,48.044209236069705
2018-03-18,95.67887172265253,81.79247543733526,51.373793646191444,47.839435861326265
2018-03-19,99.4763855905621,85.36971134835903,50.1852009051966,49.73819279528105
2018-03-20,58.898783107844686,69.60266404298797,58.056933464949026,29.449391553922343
2018-03-21,43.85676966076479,64.4120853737411,58.091410288066704,21.928384830382395
2018-03-22,4.8143756346864315,71.58069963390741,70.54172368893772,2.4071878173432157
2018-03-23,36.02737338357597,60.273043963386556,56.57193605683837,18.013686691787985
2018-03-24,31.38059949212461,79.37239796705074,70.15516339977759,15.690299746062305
2018-03-25,11.264657572932261,71.04526020934689,68.67458371143141,5.632328786466131
2018-03-26,77.05769099247905,50.00767834075573,50.00176158866283,38.528845496239526
2018-03-27,84.83873440643447,55.28588608286869,50.80140722799704,42.419367203217234
2018-03-28,76.26087479245392,53.072308619229325,50.72933918988108,38.13043739622696
2018-03-29,99.60950844857251,98.03817603393425,50.18758501887238,49.804754224286256
2018-03-30,90.54662885622018,74.18322852071783,52.28613034661187,45.27331442811009
2018-03-31,98.515328149751,57.69874476987448,50.114301096420846,49.2576640748755
2018-04-01,63.720232110242,51.138298723413975,50.41297213474667,31.860116055121
2018-04-02,16.74442554976257,66.22964638516808,63.512085329213875,8.372212774881286
2018-04-03,93.65146749113168,79.30652053364648,51.86053398329672,46.82573374556584
2018-04-04,88.50226176865338,73.86691165874045,52.74415502642873,44.25113088432669
2018-04-05,69.72619756163822,60.312502140660214,53.12198652451531,34.86309878081911
2018-04-06,35.454683114733356,64.06823455306238,59.080386572436694,17.727341557366678
2018-04-07,8.844215470680213,65.04198388074117,63.71163841526344,4.422107735340107
2018-04-08,20.12640513593535,63.49677144312853,60.780356542213255,10.063202567967675
2018-04-09,99.94906811208328,100.0,50.02546594395836,49.97453405604164
2018-04-10,74.01995531402467,65.99387305740818,54.15521536733281,37.009977657012335
2018-04-11,90.3750181193183,67.84638554216868,51.71771137479033,45.18750905965915
2018-04-12,96.20128390971216,63.72110771914522,50.52122592669289,48.10064195485608
2018-04-13,85.20178071663695,51.73934345908868,50.25739185916678,42.60089035831847
2018-04-14,18.808904979780284,56.957740140729825,55.64906540891993,9.404452489890142
2018-04-15,96.04766736380014,91.0043485094567,51.62062824840039,48.02383368190007
2018-04-16,81.55415670903969,31.269523788120544,46.54500571030612,40.777078354519844
2018-04-17,43.13400479218314,56.46920624265817,53.67877851193378,21.56700239609157
2018-04-18,6.474035737723984,57.34353314754571,56.868110187162,3.237017868861992
2018-04-19,2.511785350860798,54.755397445865775,54.63595206944532,1.255892675430399
2018-04-20,3.6310662272422376,53.68211458149267,53.548414562475735,1.8155331136211188
2018-04-21,2.777489335720249,52.23416072115179,52.17210714537895,1.3887446678601245
2018-04-22,9.431685795986684,50.92713394431464,50.83968958377895,4.715842897993342
2018-04-23,44.420514927246664,38.63937553429373,43.68582342091122,22.210257463623332
2018-04-24,24.537165823136935,49.387222874811904,49.53758101414556,12.268582911568467
2018-04-25,37.96447154589663,48.95247144472623,49.35016012502828,18.982235772948314
2018-04-26,70.295925222483,28.75301902860573,43.68878088429224,35.1479626112415
2018-04-27,84.29601541617455,34.68841124701474,47.59547046269244,42.14800770808728
2018-04-28,42.94386502876562,32.299552743536594,39.900808922840085,21.47193251438281
2018-04-29,93.66020137258069,32.553733585941075,48.89394184134558,46.83010068629034
2018-04-30,26.855680374623258,35.25283569298178,39.21328700359512,13.427840187311629
2018-05-01,98.33436520968488,46.61859771258081,49.94367818710023,49.16718260484244
2018-05-02,98.28183817226342,59.67703060978549,50.16626704599572,49.14091908613171
2018-05-03,78.88551202928545,20.932308990472826,43.86250587842891,39.442756014642725
2018-05-04,99.68591612283433,50.82399472643375,50.00258803458443,49.842958061417164
2018-05-05,91.04916858065359,31.729100627039035,48.36460259832784,45.52458429032679
2018-05-06,38.11390897737504,37.594196679986055,42.32253326528834,19.05695448868752
2018-05-07,59.18655205602204,38.23033136816426,45.196392419767015,29.59327602801102
2018-05-08,53.87947300542007,34.91509726611849,43.042763362514044,26.939736502710034
2018-05-09,88.74837154295916,34.76852277956742,48.286210774638114,44.37418577147958
2018-05-10,79.99112982781918,22.93103805439894,44.583806547347656,39.99556491390959
2018-05-11,79.23409158735949,39.13251761512206,47.74326856119641,39.61704579367974
2018-05-12,74.61735725139883,18.12182492363482,41.908476705592605,37.308678625699415
2018-05-13,92.46356880711144,27.16829724084863,48.279304431391715,46.23178440355572
2018-05-14,93.08201502027697,28.556031256549204,48.51650946327157,46.541007510138485
2018-05-15,99.62335879474814,46.8389224848818,49.98809407954811,49.81167939737407
2018-05-16,86.48649768659051,14.825434305953786,45.24668425120332,43.243248843295255
2018-05-17,82.23691980630684,20.69685516983949,44.79485888454454,41.11845990315342
2018-05-18,69.86719619601153,26.292365157216263,42.856224906257964,34.93359809800577
2018-05-19,97.29667612912843,17.94577205882353,49.1334704044426,48.648338064564214
2018-05-20,95.56989550155525,13.972513089005236,48.40394468167943,47.784947750777626
2018-05-21,69.68136172400995,19.721922061579285,40.82009907292788,34.84068086200497
2018-05-22,99.9991718426501,100.0,50.00041407867495,49.99958592132505
2018-05-23,91.07896535299356,19.061215962114353,47.23994035661772,45.53948267649678
2018-05-24,86.79513537711604,24.639796591016104,46.651219471755674,43.39756768855802
2018-05-25,29.644383644678417,26.465971521471015,33.44248921069403,14.822191822339208
2018-05-26,44.55888334564653,21.571533915022478,34.2389409547843,22.279441672823264
2018-05-27,83.44918894167715,34.75044128140609,47.47607434925752,41.724594470838575
2018-05-28,88.4143398899385,10.72794880045765,45.4500736297717,44.20716994496925
2018-05-29,84.48669201520913,29.184698402521768,46.77085815522011,42.243346007604565
2018-05-30,17.89654413566022,20.952990231900696,26.15140115513812,8.94827206783011
2018-05-31,68.1789162545239,19.199828032074624,40.19905148433581,34.08945812726195
2018-06-01,59.5178204455578,19.638759118105074,37.709107951234586,29.7589102227789
2018-06-02,70.05834567010437,25.04847376876627,42.52910026581077,35.02917283505219
2018-06-03,78.42688990633634,17.02375004803812,42.88599729310155,39.21344495316817
2018-06-04,46.54646618038786,18.40596753098063,33.11187316919349,23.27323309019393
2018-06-05,43.074672697470795,19.544909481234715,32.66334004191132,21.537336348735398
2018-06-06,76.10405436492394,14.858371927633518,41.60257566054668,38.05202718246197
2018-06-07,98.93308211520146,17.85367746943528,49.65702513561639,49.46654105760073
2018-06-08,70.43845863586039,10.96554287678054,38.46081281125214,35.21922931793019
2018-06-09,69.75112353028972,13.014398004426992,38.81227094078042,34.87556176514486
2018-06-10,44.76783757760882,20.25089605734767,33.56892659118829,22.38391878880441
2018-06-11,64.40456249170758,13.514772773600619,37.012923742868516,32.20228124585379
2018-06-12,92.63199320615588,27.7128078263803,48.35787816649061,46.31599660307794
2018-06-13,99.01539748538109,41.85068349106204,49.91976162472874,49.50769874269054
2018-06-14,52.15614354650656,15.445589204565163,33.467837300681715,26.07807177325328
2018-06-15,3.9374248493872694,11.804623270273016,13.30853752494637,1.9687124246936347
2018-06-16,9.584854260881121,13.343835830355586,16.857275743645324,4.792427130440561
2018-06-17,60.12983376714956,16.172829230737218,36.51305078242474,30.06491688357478
2018-06-18,69.23158232898432,11.764666258007585,38.235592816356984,34.61579116449216
2018-06-19,11.177239890392759,11.963484833258157,16.214917379390517,5.588619945196379
2018-06-20,15.707699975080988,16.5491552481043,21.803513580862198,7.853849987540494
2018-06-21,28.13582756036446,24.160453420150276,31.430623688236846,14.06791378018223
2018-06-22,18.595379225609353,10.876864672753278,18.151960051803147,9.297689612804676
2018-06-23,19.568185590969456,10.143259970537928,17.94250083001328,9.784092795484728
2018-06-24,81.25284870182068,13.038192909557067,43.07071410221349,40.62642435091034
2018-06-25,54.415766505716235,14.193868358070416,33.678049347072196,27.207883252858117
2018-06-26,36.90205673184874,10.025422864791798,24.77686399754296,18.45102836592437
2018-06-27,46.79451668253899,12.02097997543237,29.793078836693493,23.397258341269495
2018-06-28,99.89648011693606,58.599999999999994,50.008902709943506,49.94824005846803
2018-06-29,70.71356475637988,12.476557800502459,39.01072139906693,35.35678237818994
2018-06-30,30.5193956259455,15.850700977844681,26.2728606499034,15.25969781297275
2018-07-01,20.30684497127868,14.334967801072343,21.577410598665207,10.15342248563934
2018-07-02,34.72620116958579,20.058604240226536,30.4561135647473,17.363100584792896
2018-07-03,53.49580138736765,19.068159514675706,35.61539546616217,26.747900693683825
2018-07-04,54.575846564796834,11.108625381229798,32.33392232011016,27.287923282398417
2018-07-05,93.48393097976172,16.109751057132865,47.791687987752205,46.74196548988086
2018-07-06,93.43209764038498,15.006937436932391,47.701689818218725,46.71604882019249
2018-07-07,67.43383676279102,16.412417867875515,39.0618131754207,33.71691838139551
2018-07-08,49.36368030302716,10.878239424502873,30.190180243906994,24.68184015151358
2018-07-09,50.12787246355168,13.95044168288666,32.021318299762925,25.06393623177584
2018-07-10,88.31499396281592,18.541297412265152,46.3240487034034,44.15749698140796
2018-07-11,59.735271303359504,16.733972741039878,36.60552437602924,29.867635651679752
2018-07-12,33.32517079082585,15.854212705032836,27.23335463895276,16.662585395412925
2018-07-13,16.203372095195977,11.406442789397792,17.659900469004004,8.101686047597989
2018-07-14,47.491301560428475,15.809438010455068,32.04698091011509,23.745650780214238
2018-07-15,54.15582180061761,13.001524535062044,33.038352976799075,27.077910900308805
2018-07-16,59.17107638608208,12.182331380532231,34.5594529667929,29.58553819304104
2018-07-17,69.25802158437435,11.931622778920396,38.297027691516746,34.629010792187174
2018-07-18,21.016810542549415,11.735860361709843,19.77776209522584,10.508405271274707
2018-07-19,1.6680788848460681,6.964602517529779,7.682466895944441,0.8340394424230341
2018-07-20,48.46831263429486,13.251280895439487,31.062764960136725,24.23415631714743
2018-07-21,99.5157239605871,30.910645575032063,49.90755483044128,49.75786198029355
2018-07-22,71.89347824735282,10.782231660914963,38.97724941087228,35.94673912367641
2018-07-23,70.05986533927494,12.374468438768302,38.73486518375362,35.02993266963747
2018-07-24,12.839712282800091,10.702561048243002,15.748239144157614,6.419856141400046
2018-07-25,42.71316124695544,15.36725987411544,30.159998008323548,21.35658062347772
2018-07-26,36.641062988368375,11.921431986534191,25.87382407741689,18.320531494184188
2018-07-27,46.89024200491686,13.632191002238308,30.685144653174696,23.44512100245843
2018-07-28,32.716094212657,11.68592064441717,24.220790943101814,16.3580471063285
2018-07-29,18.8847172961434,9.935692306116911,17.501723550763764,9.4423586480717
2018-07-30,14.87160642995497,12.035634765601184,17.68154574689163,7.435803214977485
2018-07-31,2.9443528322028336,8.392732190507166,9.617796958658188,1.4721764161014168
2018-08-01,15.768225680239281,11.364650046450194,17.45675921947615,7.8841128401196405
2018-08-02,44.844897798301794,11.436502324461763,28.73026344450737,22.422448899150897
2018-08-03,16.9689985257169,12.345043001583019,18.734712099503728,8.48449926285845
2018-08-04,12.257282309246161,13.941415862199507,18.36121831668677,6.128641154623081
2018-08-05,25.467056918669822,12.00930219604239,21.68441482957612,12.733528459334911
2018-08-06,12.478793277806503,18.4127172430156,22.354428960335902,6.239396638903251
2018-08-07,47.756323822879025,8.687348371444795,28.416752062995528,23.878161911439513
2018-08-08,32.57154476942997,17.79069552747706,28.281763553666877,16.285772384714985
2018-08-09,26.794811643906712,11.280538816022686,21.65534550980498,13.397405821953356
2018-08-10,80.76113484463635,17.375432097435954,43.72340337370565,40.38056742231817
2018-08-11,51.32990475637257,12.11791835569025,31.56275478344574,25.664952378186285
2018-08-12,41.84654690088943,13.726210386303745,28.905538769729105,20.923273450444714
2018-08-13,38.09598910950262,16.165171567641497,29.05488412245169,19.04799455475131
2018-08-14,86.1410296773766,20.63667613211777,45.930545659414406,43.0705148386883
2018-08-15,55.337015703329904,18.15170478566484,35.77560090966435,27.668507851664952
2018-08-16,16.58492117547386,10.875588426390378,17.36434124624151,8.29246058773693
2018-08-17,24.042393321349845,16.06557287453818,24.224221315388544,12.021196660674923
2018-08-18,42.054598953340225,9.418185334130715,26.484704739849853,21.027299476670112
2018-08-19,25.15759704988289,13.27851251362891,22.51675636617332,12.578798524941446
2018-08-20,23.016480972873552,13.762994323621017,22.103477840263892,11.508240486436776
2018-08-21,16.713731613524804,10.786567275809627,17.340595177780916,8.356865806762402
2018-08-22,39.38123064919111,15.409236709948413,29.03150498451935,19.690615324595555
2018-08-23,51.00593482886043,9.317808590244976,30.06814062765688,25.502967414430216
2018-08-24,89.90859323055508,24.05993431855501,47.3822824558242,44.95429661527754
2018-08-25,93.5601118359739,26.69239427560701,48.499016257636946,46.78005591798695
2018-08-26,61.634550971352006,11.078796003978722,35.06770531957035,30.817275485676003
2018-08-27,1.5592744431014358,12.3297988599108,12.91718067895312,0.7796372215507179
2018-08-28,0.14413201994587782,5.915238691455443,5.978778948417767,0.07206600997293891
2018-08-29,8.657268027323878,5.399218973755154,9.260428129476985,4.328634013661939
2018-08-30,84.7428687468141,27.225315768029333,46.525236534229606,42.37143437340705
2018-08-31,99.95693581780539,100.0,50.021532091097306,49.978467908902694
2018-09-01,96.6002538885748,28.567947858926722,49.27136464073524,48.3001269442874
2018-09-02,95.01043849983846,29.554605454319038,48.97986446519258,47.50521924991923
2018-09-03,84.37454027835045,14.565128028324029,44.46313835264768,42.187270139175226
2018-09-04,59.26861751783024,8.98219451574787,33.292880762416864,29.63430875891512
2018-09-05,21.196339465372564,11.223365850316474,19.44259285792898,10.598169732686282
2018-09-06,52.36813007860229,15.367931430960594,33.50409814810589,26.184065039301146
2018-09-07,99.75093167701863,37.1571072319202,49.968012422360246,49.875465838509314
2018-09-08,10.980991562189137,8.797682008739125,13.32210507078582,5.490495781094569
2018-09-09,1.2498727904479645,5.8645006740684495,6.416138271071612,0.6249363952239823
2018-09-10,10.07525291958071,8.75221680336954,12.908035284150374,5.037626459790355
2018-09-11,8.466562146335384,4.873943098007455,8.694568749805322,4.233281073167692
2018-09-12,0.026791889326651285,3.797781286355326,3.8101597336595434,0.013395944663325643
2018-09-13,31.420122640824243,12.00787937654887,23.945050270287098,15.710061320412121
2018-09-14,76.52092811175477,22.40141945393395,43.52010943345389,38.260464055877385
2018-09-15,26.89683091647031,12.373092662590485,22.49353830823048,13.448415458235155
2018-09-16,23.534052009574047,14.469622723977945,22.831360191314854,11.767026004787024
2018-09-17,8.891436499085145,8.589306677912397,12.271312178476709,4.445718249542573
2018-09-18,72.4748814537255,19.11047194530615,41.497620784560795,36.23744072686275
2018-09-19,15.149741002564024,9.280782198906762,15.449638234042332,7.574870501282012
2018-09-20,2.1748747141738614,5.162124464202689,6.137292081603492,1.0874373570869307
2018-09-21,1.6494357193591664,7.7336154541384765,8.430772298119619,0.8247178596795832
2018-09-22,88.8029760412934,8.929298161234229,45.401303675104444,44.4014880206467
2018-09-23,39.49774862127683,12.873014730332418,27.537338042804194,19.748874310638413
2018-09-24,19.307043726985523,5.999516396225832,14.494709005691607,9.653521863492761
2018-09-25,3.554039379512106,4.08371079689303,5.715593796782117,1.777019689756053
2018-09-26,0.25981848013458225,4.702866697623475,4.820557020914245,0.12990924006729113
2018-09-27,0.04029167852225077,3.46897432967307,3.4877224609492634,0.020145839261125384
2018-09-28,0.004361470355501372,3.4810205454983505,3.483049456996941,0.002180735177750686
2018-09-29,18.650432053536033,9.208582429442968,16.816358047113866,9.325216026768016
2018-09-30,0.5732158656182632,3.6538035735920156,3.919467324618791,0.2866079328091316
2018-10-01,87.35533390219453,99.8100011465448,56.298308328293665,43.677666951097265
2018-10-02,20.686555576084316,20.15390252839868,26.328032069153785,10.343277788042158
2018-10-03,56.8487767041837,4.547093003695925,30.38651460758512,28.42438835209185
2018-10-04,0.9769673305779973,7.970661890240066,8.381274792830588,0.48848366528899867
2018-10-05,0.1331286903750657,6.155375503277543,6.213745277669895,0.06656434518753285
2018-10-06,82.29127605488489,18.0340910420347,44.339245426087096,41.145638027442445
2018-10-07,80.35094629049978,14.44154912489846,43.01310088928505,40.17547314524989
2018-10-08,40.69641252720847,11.35444366689993,27.081798695653074,20.348206263604236
2018-10-09,6.021429001634486,8.384677262521437,10.890514374959762,3.010714500817243
2018-10-10,13.623224520308996,7.200521208974026,13.031190298197526,6.811612260154498
2018-10-11,50.26976813625675,7.152923713265953,28.69204961577221,25.134884068128375
2018-10-12,5.316281136942318,6.070576261669124,8.405987929437469,2.658140568471159
2018-10-13,0.6566978193146418,4.572708001455037,4.871028037383177,0.3283489096573209
2018-10-14,0.47685409220148334,4.324353652912292,4.542159841657857,0.23842704610074167
2018-10-15,75.88016456129078,12.446617458776219,40.94218592938787,37.94008228064539
2018-10-16,44.58026949348662,15.769209182241678,31.02938797855001,22.29013474674331
2018-10-17,35.168451433657914,8.03571714326863,22.79390557922104,17.584225716828957
2018-10-18,77.99348258881682,14.145179662421043,42.109602719662234,38.99674129440841
2018-10-19,1.0481958238316573,5.1938620665047734,5.663518133143923,0.5240979119158287
2018-10-20,0.6039597997046662,3.6060771321886995,3.88627777581627,0.3019798998523331
2018-10-21,9.25567646338375,5.118966735981004,9.273009968322242,4.627838231691875
2018-10-22,0.08992936494914733,3.736155457992417,3.777760239590105,0.044964682474573664
2018-10-23,69.30056083679753,11.784450387659724,38.268040595876144,34.650280418398765
2018-10-24,47.99424200185849,4.711118910683376,26.447174100623922,23.997121000929244
2018-10-25,6.472509379470432,8.561635472835727,11.243737503555582,3.236254689735216
2018-10-26,28.575340874198123,12.209234773313504,23.0080747558071,14.287670437099061
2018-10-27,100.0,-1.0,50.0,50.0
2018-10-28,99.45631469979296,100.0,50.271842650103515,49.72815734989648
2018-10-29,98.73538539896023,94.02423051735428,50.55673684711787,49.367692699480116
2018-10-30,99.10120501884137,81.22552407279429,50.28065344320676,49.550602509420685
2018-10-31,66.93950561499655,32.767408763471536,44.302820141856905,33.469752807498274
2018-11-01,94.75518321658629,58.26687722068693,50.4335825639348,47.377591608293145
2018-11-02,97.22221647083182,76.15533691115087,50.72653864071639,48.61110823541591
2018-11-03,80.24881361970789,55.58189044917307,51.10248958615989,40.124406809853944
2018-11-04,51.35515568638832,26.537056845640155,38.586487831170444,25.67757784319416
2018-11-05,83.78624708190146,31.92119988757442,47.0687480192144,41.89312354095073
2018-11-06,95.75102558951983,40.92016765766644,49.614200247259745,47.87551279475991
2018-11-07,87.6366724314696,20.649333243985794,46.37128092540621,43.8183362157348
2018-11-08,49.81456667925014,28.816165256601543,39.36880074007392,24.90728333962507
2018-11-09,96.63497480735339,11.822265985599113,48.7153096324338,48.317487403676694
2018-11-10,44.5578478200903,28.591255293360668,38.13053117993666,22.27892391004515
2018-11-11,72.05876868377543,29.107559971821583,44.16239500412317,36.02938434188771
2018-11-12,29.777490984691614,28.33061992713692,34.783217624772284,14.888745492345807
2018-11-13,46.82871603898972,40.31742936806598,44.85165287456898,23.41435801949486
2018-11-14,6.373042685598361,25.028221397696605,26.619683507374514,3.1865213427991805
2018-11-15,6.911503597794599,23.783582405864415,25.59553105109595,3.4557517988972997
2018-11-16,37.52305588809517,31.554128324593943,38.475583062402876,18.761527944047586
2018-11-17,9.522702361577041,20.990959985315712,23.753404523864884,4.7613511807885205
2018-11-18,7.033218072126517,21.32072226230819,23.337798407110892,3.5166090360632585
2018-11-19,98.69377529788093,64.09890632429862,50.184163397136615,49.346887648940466
2018-11-20,72.25364167455895,35.583738525771736,46.00001243422812,36.126820837279475
2018-11-21,42.536266764041955,42.780341269325476,45.85131456645864,21.268133382020977
2018-11-22,59.101946025525386,37.05795565740708,44.70695571936591,29.550973012762693
2018-11-23,97.07183052517816,74.77197200028283,50.7253653224237,48.53591526258908
2018-11-24,89.36682696887983,61.845308817514265,51.259532182636825,44.68341348443992
2018-11-25,98.1299471407778,47.0659875996457,49.945132417217245,49.0649735703889
2018-11-26,71.9622682945526,49.98152663858716,49.99482048849009,35.9811341472763
2018-11-27,77.37867478645146,72.03463600128282,54.98452666947183,38.68933739322573
2018-11-28,18.675701823224834,55.47689919789236,54.45404983453539,9.337850911612417
2018-11-29,43.406692532126186,47.43454921862118,48.54812655135731,21.703346266063093
2018-11-30,96.61255955819776,88.50785500336207,51.30443065365446,48.30627977909888
2018-12-01,20.18435475834579,40.839003683126286,42.68809167912307,10.092177379172895
2018-12-02,91.82359972076239,45.471358719059566,49.62972016165952,45.911799860381194
2018-12-03,24.00801228827632,37.48412314701761,40.48893639986716,12.00400614413816
2018-12-04,33.109333311203045,34.84549128591323,39.86304808773553,16.554666655601523
2018-12-05,63.167124787005136,29.110668377569166,42.30585855068137,31.583562393502568
2018-12-06,67.65019213151994,36.46736971591856,45.6222201035479,33.82509606575997
2018-12-07,50.05994482586962,40.3890084148094,45.20026549957479,25.02997241293481
2018-12-08,20.26629522067753,42.21466620150276,43.7924649330214,10.133147610338765
2018-12-09,70.37523036005614,31.29963823132203,44.46006090419302,35.18761518002807
2018-12-10,70.11346327209425,40.244638139418775,47.084460194597284,35.056731636047125
2018-12-11,48.06721084934827,40.793805536022504,45.218966440223596,24.033605424674136
2018-12-12,21.54282037444477,52.817659679727825,52.21065631616091,10.771410187222385
2018-12-13,40.93118635765493,67.10671492322288,60.10473355832576,20.465593178827465
2018-12-14,13.864412763350536,59.594766293852295,58.264508291193785,6.932206381675268
2018-12-15,4.876995488415838,54.28530270059084,54.076308681218066,2.438497744207919
2018-12-16,56.450499636232486,51.16013421860498,50.50523265575156,28.225249818116243
2018-12-17,61.75623004519634,64.1709809448947,55.41951735290459,30.87811502259817
2018-12-18,2.58996660519364,51.78054796915408,51.73443237136354,1.29498330259682
2018-12-19,100.0,-1.0,50.0,50.0
2018-12-20,34.26238353151134,62.762206305262595,58.3895702338708,17.13119176575567
2018-12-21,81.89675880291898,84.81045960970923,56.301821464958124,40.94837940145949
2018-12-22,42.008979024749344,45.3805251508119,47.3211193712609,21.004489512374672
2018-12-23,62.78130565213155,38.01552995699739,45.539536725482996,31.390652826065775
2018-12-24,74.28332252403084,36.523756959495934,46.534358041395826,37.14166126201542
2018-12-25,31.042312218387252,49.66351044682683,49.767964584505094,15.521156109193626
2018-12-26,4.514257352956446,49.55165581781763,49.57189522802835,2.257128676478223
2018-12-27,3.4299717561056653,48.68968869084997,48.73463199867088,1.7149858780528326
2018-12-28,72.58849273284126,84.32149255762266,59.408038426630085,36.29424636642063
2018-12-29,9.769243865673936,44.18199557275727,44.750370613370315,4.884621932836968
2018-12-30,79.02019058988357,21.394278262931206,43.99857409917472,39.510095294941785
2018-12-31,58.62675289721797,29.16725136820159,41.3808154302646,29.313376448608985
2019-01-01,11.08529980215943,50.39609808943668,50.352189428712,5.542649901079715
2019-01-02,75.77844845097982,36.68797549057363,46.77562112123109,37.88922422548991
2019-01-03,42.68984742514374,31.992790601724174,39.68004081937427,21.34492371257187
2019-01-04,58.21560721800147,45.95029022175919,48.30785335972886,29.107803609000737
2019-01-05,55.68893939456778,28.25119452647146,40.362873625667206,27.84446969728389
2019-01-06,62.600934800369934,26.66367255508611,41.27243168367749,31.300467400184967
2019-01-07,46.799908728841686,31.85517045077924,40.34693411881845,23.399954364420843
2019-01-08,84.55568699514593,31.166496753769383,47.09129480887279,42.27784349757297
2019-01-09,74.3220444370751,33.053248419982076,45.64842065992373,37.16102221853755
2019-01-10,57.369627210037855,36.49277801832131,44.24182091564266,28.684813605018928
2019-01-11,16.77499714555589,49.485281829089125,49.57162578756708,8.387498572777945
2019-01-12,91.70127403442855,87.00643937503119,53.07106299334917,45.850637017214275
2019-01-13,80.03191478338358,18.223615248098138,43.654864413980334,40.01595739169179
2019-01-14,74.68908308529073,19.028588743028884,42.160851829435124,37.344541542645366
2019-01-15,30.342630639604863,58.13925774092733,55.6695928277923,15.171315319802432
2019-01-16,4.682999362447537,61.769056972105474,61.21791210913569,2.3414996812237683
2019-01-17,75.11791182102272,87.98470917449531,59.451388831326,37.55895591051136
2019-01-18,27.105540004689466,65.72967341396694,61.46606049413713,13.552770002344733
2019-01-19,53.680958058997355,83.03650576194698,65.30219295971797,26.840479029498677
2019-01-20,10.600281151433478,65.79977284393355,64.12495250118877,5.300140575716739
2019-01-21,22.5610186449896,58.69434101856841,56.732809120310215,11.2805093224948
2019-01-22,9.23912366317101,63.40356793934,62.16519572214724,4.619561831585505
2019-01-23,53.915283449721976,81.97050365216452,64.73351598779631,26.957641724860988
2019-01-24,16.267682376262286,61.45024826905772,59.58755824935393,8.133841188131143
2019-01-25,17.953911542037453,56.1063276538913,55.01000298844468,8.976955771018726
2019-01-26,52.814202891338425,38.21244320229212,44.43794736536532,26.407101445669213
2019-01-27,68.18689504974294,84.01422578880175,60.8209813482089,34.09344752487147
2019-01-28,86.66176531499814,80.9704215511218,54.13090750942302,43.33088265749907
2019-01-29,33.12797506650454,68.45480977190005,62.34110499209415,16.56398753325227
2019-01-30,98.74472049689442,100.0,50.6276397515528,49.37236024844721
2019-01-31,73.68815902911334,88.30437453726312,60.078586113137476,36.84407951455667
2019-02-01,94.28729400752943,98.40867075071593,52.765445034851496,47.14364700376471
2019-02-02,98.36504814162956,100.0,50.81747592918522,49.18252407081478
2019-02-03,94.15758815697107,99.98582264124194,52.920377621827356,47.07879407848554
2019-02-04,6.403191109413026,87.27323954910804,84.88656278810934,3.201595554706513
2019-02-05,2.8716321453343245,85.33492976417011,84.32024056253088,1.4358160726671623
2019-02-06,3.3779167678982662,84.02521373215674,82.875870332185,1.6889583839491331
2019-02-07,73.74892018818245,84.96448863636363,59.178555817725695,36.874460094091226
2019-02-08,18.885389787652763,81.12008558164294,75.24293611729854,9.442694893826381
2019-02-09,8.503229021741387,77.56529988357342,75.22135930394334,4.251614510870693
2019-02-10,97.66190848893692,97.44952178533475,51.10941324090293,48.83095424446846
2019-02-11,94.61591987872463,79.5484268020617,51.590910973599414,47.30795993936231
2019-02-12,36.865061825999085,68.68480039966082,61.79663718026133,18.432530912999542
2019-02-13,10.70414230667021,74.09475803639103,71.51562084772787,5.352071153335105
2019-02-14,11.144506414873456,79.58559147822837,76.28842333805895,5.572253207436728
2019-02-15,1.9504091041242682,73.44031956081568,72.9831374340657,0.9752045520621341
2019-02-16,14.791056859936477,78.37377576377722,74.17699445724605,7.3955284299682384
2019-02-17,2.651493126220044,70.96200284999958,70.4061967853138,1.325746563110022
2019-02-18,0.6540101476455427,68.01702547549661,67.89919230058298,0.32700507382277133
2019-02-19,3.4295005575663944,69.32771663634682,68.66487248653846,1.7147502787831972
2019-02-20,45.524199068293356,72.88590552919945,62.46728033750514,22.762099534146678
2019-02-21,4.292827568449773,68.07298446585091,67.29714240625921,2.1464137842248867
2019-02-22,48.660210449445664,50.779096926446464,50.39998672243245,24.330105224722832
2019-02-23,10.489554048610735,68.06347453734847,66.16869661269627,5.2447770243053675
2019-02-24,64.7932120508889,79.83462319394991,60.503812523310266,32.39660602544445
2019-02-25,3.935601513597036,64.63619225514104,64.06017005121474,1.967800756798518
2019-02-26,62.4874376545039,84.10842222136296,62.79494315085382,31.24371882725195
2019-02-27,1.70793199838843,61.606950436726436,61.4087116161805,0.853965999194215
2019-02-28,4.089418517957014,61.05127538867957,60.59934248646448,2.044709258978507
2019-03-01,97.91083467227642,82.61645193260654,50.68141160490964,48.95541733613821
2019-03-02,56.327267676066114,39.5114124036307,45.41934721447631,28.163633838033057
2019-03-03,21.42840833847067,58.23999027823275,56.474291514362754,10.714204169235336
2019-03-04,66.22992418509865,71.45672312499616,57.24595166670468,33.11496209254933
2019-03-05,11.637478144947277,59.38553078690975,58.293291692795826,5.8187390724736385
2019-03-06,96.81733371712808,58.52039820417724,50.27117584081078,48.40866685856404
2019-03-07,91.60950108531756,95.37398173290545,53.807103444847634,45.80475054265878
2019-03-08,62.091636110235434,62.16476458294581,54.6114632244363,31.045818055117717
2019-03-09,90.81178259122561,30.04598530273658,48.16658174783664,45.405891295612804
2019-03-10,73.90925046779712,37.49533393164905,46.73743889626819,36.95462523389856
2019-03-11,76.3081750838401,30.1727833428109,45.30257054383107,38.15408754192005
2019-03-12,7.8484387849186374,60.46638452836481,59.6449367456619,3.9242193924593187
2019-03-13,93.91191065969662,36.043544820547716,49.15031853993555,46.95595532984831
2019-03-14,87.88316934230969,30.31080110780593,47.614293112377005,43.94158467115484
2019-03-15,68.31808389987415,35.86835595460911,45.52282438997083,34.15904194993708
2019-03-16,17.626939951270334,67.28914509155774,64.24159786818086,8.813469975635167
2019-03-17,24.86694840670198,67.00610829163985,62.7772081167699,12.43347420335099
2019-03-18,85.54715667503791,51.840860215053766,50.26605664271329,42.773578337518956
2019-03-19,40.42949951876805,61.99305678878222,57.144323952075936,20.214749759384024
2019-03-20,9.957241261870793,62.367761323459206,61.13627348979003,4.978620630935397
2019-03-21,4.656591438201827,60.128863902206334,59.657204092949065,2.3282957191009137
2019-03-22,2.8105743889446173,57.88170181849264,57.66018072576911,1.4052871944723087
2019-03-23,3.0115490132145966,55.75252884294194,55.57928861733743,1.5057745066072983
2019-03-24,2.8996101870562163,54.76536249521443,54.62718555885303,1.4498050935281082
2019-03-25,54.75397529799182,32.93979073188841,42.28093350033594,27.37698764899591
2019-03-26,19.417328620265224,50.321457272970804,50.259038857904315,9.708664310132612
2019-03-27,54.973571096654275,43.25198457491165,46.9616096322358,27.486785548327138
2019-03-28,12.646608237877963,51.59504187222554,51.39332317541508,6.323304118938982
2019-03-29,5.492008904837852,53.756619569755436,53.55030568846358,2.746004452418926
2019-03-30,6.344592167472649,52.503153745363605,52.34433884889547,3.1722960837363243
2019-03-31,2.1366163456965497,52.29181212212529,52.24284488971131,1.0683081728482748
2019-04-01,9.70567529794847,51.73571661844593,51.567253599367035,4.852837648974235
2019-04-02,88.31164258731526,58.325212183496646,50.97308055537147,44.15582129365763
2019-04-03,95.71207866332,53.726153103115195,50.15977451394584,47.85603933166
2019-04-04,92.33079467523886,68.92537877764873,51.45142615694665,46.16539733761943
2019-04-05,94.59873635032626,89.46399815965034,52.131554587305104,47.29936817516313
2019-04-06,83.97012513466478,75.74993860907551,54.12768293693544,41.98506256733239
2019-04-07,72.62008860303108,73.31385844887086,56.3833137865156,36.31004430151554
2019-04-08,98.98398224298292,100.0,50.50800887850855,49.49199112149146
2019-04-09,97.08982546822064,55.71052444317939,50.16618622797644,48.54491273411032
2019-04-10,96.78398724281114,35.50132011076052,49.53372060513808,48.39199362140557
2019-04-11,99.98633531885291,100.0,50.006832340573546,49.993167659426454
2019-04-12,90.721769065383,22.909318212260573,47.48646398197131,45.3608845326915
2019-04-13,62.117523618357204,60.13115184822294,53.83793120609142,31.058761809178602
2019-04-14,99.78943401851821,88.10226155358899,50.08023040100708,49.894717009259104
2019-04-15,64.57273667905953,64.2624697109813,55.05280270057873,32.286368339529766
2019-04-16,74.55728869772503,58.11213765459256,52.06394776390112,37.278644348862514
2019-04-17,44.36108321645241,56.986023478170075,53.88694778949814,22.180541608226203
2019-04-18,49.24323516964974,51.69613444828629,50.86090297312323,24.62161758482487
2019-04-19,23.346304309477116,54.70445537048669,53.606138903589326,11.673152154738558
2019-04-20,2.758712351696367,53.212314066354146,53.12369556143036,1.3793561758481836
2019-04-21,31.51081704085931,50.361710764682,50.24773274740596,15.755408520429654
2019-04-22,21.718347862183478,50.51768342962289,50.40525114155251,10.859173931091739
2019-04-23,99.71076604554865,67.71653543307087,50.05124223602484,49.855383022774326
2019-04-24,96.33372751164414,63.49206349206349,50.49465581192103,48.16686375582207
2019-04-25,90.80408099849811,32.89180239237683,48.42674400538609,45.402040499249054
2019-04-26,95.45059187037666,53.03623452294246,50.138130700221176,47.72529593518833
2019-04-27,56.206606222989066,37.90374898781591,44.70264116197855,28.103303111494533
2019-04-28,98.28562317256004,48.459958932238195,49.97359789280123,49.14281158628002
2019-04-29,93.97982366939151,76.24191550846291,51.57980958613877,46.989911834695754
2019-04-30,90.31883157240522,35.07735764267831,48.55531385954009,45.15941578620261
2019-05-01,4.7499880585732175,57.93325992870303,57.556431029434066,2.3749940292866087
2019-05-02,44.38776779715843,50.65846383296048,50.36618643575771,22.193883898579216
2019-05-03,93.18471271627821,46.40838650865998,49.75522122244427,46.59235635813911
2019-05-04,93.86631923227495,48.20005403214913,49.88959706034049,46.93315961613747
2019-05-05,99.32228728558769,99.93889398105713,50.33844223394651,49.661143642793846
2019-05-06,50.3802557442889,58.191221168197536,54.06446299507929,25.19012787214445
2019-05-07,68.23832295857767,69.83390438897047,56.29958065672929,34.119161479288834
2019-05-08,99.99461697722568,15.384615384615385,49.99813664596273,49.99730848861284
2019-05-09,80.60977657278951,34.46539670322622,46.987805712224755,40.30488828639476
2019-05-10,82.17331915572773,24.871809778501248,45.52047772727178,41.08665957786386
2019-05-11,99.86335064225199,44.3939393939394,49.99233935418685,49.931675321125994
2019-05-12,99.90909994450749,100.0,50.04545002774626,49.954549972253744
2019-05-13,84.0429631655499,39.72291471901943,48.36008171620608,42.02148158277495
2019-05-14,61.751473106731304,39.98796604473162,46.17054450005598,30.875736553365652
2019-05-15,91.82789106064246,34.76122883504005,48.75467101938007,45.91394553032123
2019-05-16,80.43022916135769,46.14961146753054,49.246487787798365,40.21511458067884
2019-05-17,93.95436782013871,51.192107426692246,50.07207043020663,46.97718391006936
2019-05-18,98.93304897870446,99.78653211721328,50.53119791289223,49.46652448935223
2019-05-19,97.40070153932803,51.06349079901219,50.02764329996812,48.70035076966401
2019-05-20,99.95031014749604,100.0,50.02484492625198,49.97515507374802
2019-05-21,99.9496894409938,100.0,50.02515527950311,49.9748447204969
2019-05-22,81.29604218573164,24.789715742228623,45.28467906756931,40.64802109286582
2019-05-23,34.04162584887177,47.586202556340815,48.40789845086091,17.020812924435884
2019-05-24,11.762140791022864,45.471425041476934,46.00408240392542,5.881070395511432
2019-05-25,93.02017760267461,39.434947768281106,49.262578118041354,46.510088801337304
2019-05-26,89.54180522319255,20.07052717079066,46.86991743584962,44.77090261159628
2019-05-27,99.95424260117353,100.0,50.02287869941323,49.97712130058677
2019-05-28,99.70515828072493,61.79775280898876,50.03478469721785,49.852579140362465
2019-05-29,99.84182194616977,100.0,50.07908902691511,49.92091097308489
2019-05-30,81.3496363112786,28.11805740691371,45.91893812423217,40.6748181556393
2019-05-31,47.00982375335844,28.097960142515955,38.39407047790952,23.50491187667922
2019-06-01,17.41134074547674,37.32732445910078,39.53380717909543,8.70567037273837
2019-06-02,7.172718871039761,38.23360956489055,39.07757967206986,3.5863594355198805
2019-06-03,17.94445344196805,40.928563656561,42.55638332772718,8.972226720984025
2019-06-04,21.091257113080594,40.40569338840801,42.429253264076166,10.545628556540297
2019-06-05,20.666024488575736,39.16084648054283,41.40086860122816,10.333012244287868
2019-06-06,87.00559939179378,37.08232368320367,48.321425390124105,43.50279969589689
2019-06-07,6.661142367017024,30.814689554663076,32.092650396981156,3.330571183508512
2019-06-08,28.79171509214677,28.323861152400102,34.564793292379214,14.395857546073385
2019-06-09,56.92959597655756,21.711590296495956,37.81606764889411,28.46479798827878
2019-06-10,91.66965301096006,25.923162998881015,47.99431593382123,45.83482650548003
2019-06-11,58.35462039909102,23.17902556085515,38.83030338215536,29.17731019954551
2019-06-12,84.40773302494084,17.893743437055548,44.99390676100825,42.20386651247042
2019-06-13,8.128723830647088,25.957706522599093,27.912038161930692,4.064361915323544
2019-06-14,16.51594044030328,20.490356016671807,25.364151241103833,8.25797022015164
2019-06-15,91.03564408524423,24.641866913123845,47.72680669675498,45.517822042622115
2019-06-16,44.079493393532964,15.849504656599011,30.902869995352233,22.039746696766482
2019-06-17,44.88569762930722,26.18602182513542,36.87509206221435,22.44284881465361
2019-06-18,17.898002795297423,25.18060403703142,29.62278022025947,8.949001397648711
2019-06-19,44.073368843754146,25.22020999224861,36.14149824107261,22.036684421877073
2019-06-20,53.02595034774005,16.679177632159952,34.347860356389475,26.512975173870025
2019-06-21,85.99784151947087,15.669798061986834,45.19303071795371,42.998920759735434
2019-06-22,99.6006045798998,96.99326075686885,50.18768893121869,49.8003022899499
2019-06-23,67.90675302488742,13.942220729217809,38.427887844886925,33.95337651244371
2019-06-24,2.5067913900957857,19.85889029487327,20.614465037840713,1.2533956950478928
2019-06-25,0.7852707221333777,17.869246759010192,18.121560157012606,0.39263536106668884
2019-06-26,0.04735310671687204,15.172640209782218,15.189132046630348,0.02367655335843602
2019-06-27,0.013084411066504115,14.75491560489047,14.759527216613463,0.006542205533252058
2019-06-28,0.477060790462938,14.79216098732661,14.960123782425388,0.238530395231469
2019-06-29,0.25587292752274715,14.830392893804776,14.920382397105644,0.12793646376137358
2019-06-30,0.21952734122690237,14.413902487761016,14.492023701476045,0.10976367061345119
2019-07-01,36.71780630860616,21.911415030911268,32.224927254689526,18.35890315430308
2019-07-02,36.61319206243476,15.26019092016185,27.979543940686142,18.30659603121738
2019-07-03,86.25685013104598,22.339142495326538,46.19852689809491,43.12842506552299
2019-07-04,6.824562860821532,13.739282379083395,16.213917846907837,3.412281430410766
2019-07-05,13.327977480507187,12.716250751473607,17.68542045520597,6.663988740253593
2019-07-06,22.76119712755801,11.284636385132957,20.09671661616371,11.380598563779005
2019-07-07,46.08905358020442,11.724137931034482,29.365120508285138,23.04452679010221
2019-07-08,88.23896256731027,13.64749405443495,45.724568168021335,44.11948128365513
2019-07-09,67.15589635793371,17.609523028080563,39.36163817318317,33.57794817896686
2019-07-10,14.97232384218984,10.311601864581018,16.253877361193585,7.48616192109492
2019-07-11,95.67775322687862,10.756036795707168,48.30377906675751,47.83887661343931
2019-07-12,87.8230563780389,16.95650694255377,45.97631247966814,43.91152818901945
2019-07-13,67.4949455152464,14.395804891741198,38.4268369812025,33.7474727576232
2019-07-14,71.3930337945131,16.218586045972348,40.33616232643568,35.69651689725655
2019-07-15,89.11805276522416,21.027788351732013,46.8472592156879,44.55902638261208
2019-07-16,10.448616526928204,10.98884282574219,15.064969041597628,5.224308263464102
2019-07-17,22.463847854747794,14.574680880120178,22.532570669268857,11.231923927373897
2019-07-18,63.09986976034244,16.273436446202957,37.55485412328801,31.54993488017122
2019-07-19,70.9529050618612,14.70122308010675,39.74673075607678,35.4764525309306
2019-07-20,25.375141650996852,15.037156938001312,23.9090278901992,12.687570825498426
2019-07-21,65.0457332561954,13.141284229509754,37.116306171242066,32.5228666280977
2019-07-22,69.20929538525944,7.711464552301593,36.97906196439933,34.60464769262972
2019-07-23,1.0880830091653184,9.275590551181102,9.718705930976617,0.5440415045826592
2019-07-24,0.5715508092469943,9.726054580204494,9.956240641167028,0.28577540462349715
2019-07-25,23.339775031810646,16.56413477888854,24.367990501435372,11.669887515905323
2019-07-26,16.99075477102802,12.613682681223384,18.965900174775097,8.49537738551401
2019-07-27,40.17481197549147,13.761493336291899,28.32024525116258,20.087405987745736
2019-07-28,99.81676791016038,100.0,50.09161604491982,49.90838395508019
2019-07-29,62.72400839228109,11.85428253615128,35.78080555947159,31.362004196140546
2019-07-30,41.30769949057406,16.42053831223241,30.291441436767897,20.65384974528703
2019-07-31,85.23716405728892,15.554183563220004,44.914820630310764,42.61858202864446
2019-08-01,21.23867163574832,12.124686964544615,20.168900331156763,10.61933581787416
2019-08-02,69.86667164237898,20.537200886161298,41.12187799968072,34.93333582118949
2019-08-03,49.98859247767237,10.769562548730113,30.380306053453577,24.994296238836185
2019-08-04,14.212706952955049,8.933851462197724,14.770462810740796,7.1063534764775245
2019-08-05,47.6050891725427,10.580600714268746,29.34624089552177,23.80254458627135
2019-08-06,80.23705508154207,21.731109876633788,44.41323481585974,40.118527540771034
2019-08-07,99.56272477126903,35.984848484848484,49.938715214155124,49.781362385634516
2019-08-08,33.87096104844667,12.879317972870782,25.45244972319746,16.935480524223333
2019-08-09,0.9971131279985047,7.616076729272125,8.038692392365366,0.49855656399925236
2019-08-10,47.23697906946847,21.57190241141887,35.00047691918501,23.618489534734234
2019-08-11,37.961739029385704,23.999959861253732,33.87002724626013,18.980869514692852
2019-08-12,91.95750886612973,25.932412940449208,48.064366444599116,45.978754433064864
2019-08-13,80.48481256359617,12.248322147651008,42.63268930672674,40.24240628179808
2019-08-14,31.835644415110554,9.96340074660041,22.70931012081551,15.917822207555277
2019-08-15,59.1676346137891,13.791964888931785,35.21540280428109,29.58381730689455
2019-08-16,31.83717440173362,13.92385789893601,25.409482177069,15.91858720086681
2019-08-17,73.57635606852064,6.220091940317241,38.431752980780395,36.78817803426032
2019-08-18,2.9689586218782638,6.565586312421755,7.8551360824613825,1.4844793109391319
2019-08-19,76.55231738661803,16.827998338062784,42.22193433380317,38.276158693309014
2019-08-20,90.51588041519051,12.506280446512442,46.44405080075414,45.257940207595254
2019-08-21,71.72532007370452,21.219651653764952,41.86244862342917,35.86266003685226
2019-08-22,36.22761885588691,11.139714257818856,25.217870462804804,18.113809427943455
2019-08-23,81.17473499258227,11.987100466672537,42.84397092584765,40.58736749629114
2019-08-24,67.0404238032863,11.842088715052885,37.423314154963435,33.52021190164315
2019-08-25,79.0182253779165,18.22402212564204,43.33283593843909,39.50911268895825
2019-08-26,44.08304469546197,11.373505244171287,28.401240191673534,22.041522347730986
2019-08-27,1.7084502449692518,6.765582773214892,7.504221280236932,0.8542251224846259
2019-08-28,61.036938093588674,13.076181908194172,35.61334989867899,30.518469046794337
2019-08-29,97.16547793599906,18.05362752977278,49.09447302368349,48.58273896799953
2019-08-30,61.92000232611752,13.30344530436158,36.02595282550588,30.96000116305876
2019-08-31,43.64750016599163,14.383707914813396,29.929329061815285,21.823750082995815
2019-09-01,49.96752808872198,16.59077525359344,33.28453901297839,24.98376404436099
2019-09-02,97.25046847014733,46.92371413510054,49.91541655019619,48.62523423507366
2019-09-03,1.266658774711684,4.463992730393517,5.040778562127339,0.633329387355842
2019-09-04,0.1341671356978041,4.210106001335155,4.271540990552224,0.06708356784890206
2019-09-05,50.75172070652625,8.309689586367732,29.468239489178206,25.375860353263125
2019-09-06,99.9184236298172,100.0,50.0407881850914,49.9592118149086
2019-09-07,97.44772568693179,53.889835320840426,50.09927926771447,48.723862843465895
2019-09-08,99.5293723031563,98.7241531016278,50.22930935954879,49.76468615157815
2019-09-09,56.27381315346819,27.866294154756876,40.321774426047256,28.136906576734095
2019-09-10,42.29763821347364,22.77244454032287,34.28905744302999,21.14881910673682
2019-09-11,33.81180918233748,16.43583538145157,27.784486675920796,16.90590459116874
2019-09-12,28.07103490508267,10.034717913346627,21.25338619780585,14.035517452541335
2019-09-13,0.08619096178728901,7.089345921833232,7.126331027292419,0.043095480893644504
2019-09-14,17.340568863829336,8.898002853067046,16.025322972740124,8.670284431914668
2019-09-15,1.1272777115514814,5.732577727553425,6.2315945123090914,0.5636388557757407
2019-09-16,0.4203591744843643,5.899651489460216,6.085031350403848,0.21017958724218214
2019-09-17,33.811812160748964,9.99592463713596,23.522027455472006,16.905906080374482
2019-09-18,13.150596206862192,7.827872379076593,13.37375859434683,6.575298103431096
2019-09-19,29.42215231506363,8.724248135222465,20.86846271806503,14.711076157531815
2019-09-20,20.43519060609458,7.467585839793552,16.1591657428053,10.21759530304729
2019-09-21,0.014538234518337906,3.6901327118372977,3.6968653489487817,0.007269117259168953
2019-09-22,98.1106565183903,30.3013698630137,49.62782521554045,49.05532825919515
2019-09-23,99.40535347512092,100.0,50.29732326243954,49.70267673756046
2019-09-24,58.83507826267233,6.197150469130083,31.968591271898,29.417539131336166
2019-09-25,75.54603623515946,19.434458199084283,42.525513483476885,37.77301811757973
2019-09-26,81.47515814293676,7.358484235015156,42.10072663908187,40.73757907146838
2019-09-27,71.52420793525488,11.858869412732021,39.13901096282667,35.76210396762744
2019-09-28,78.21095833082995,26.415776062069753,44.86122361881401,39.10547916541498
2019-09-29,25.283464599620526,11.451893877301533,21.19819064265815,12.641732299810263
2019-09-30,33.56831722618012,8.400626017199855,22.36483583985125,16.78415861309006
2019-10-01,38.479531920987796,12.599315126263052,26.990923600920713,19.239765960493898
2019-10-02,80.42931778759173,25.1887541695346,45.14426992558022,40.214658893795864
2019-10-03,15.973828097430554,10.82226163948358,17.08044621765358,7.986914048715277
2019-10-04,65.99196324396466,12.173065204143816,37.13580211094371,32.99598162198233
2019-10-05,71.30600789334041,11.723699513830194,39.01700135977713,35.653003946670204
2019-10-06,97.10490625420589,21.677871549134604,49.18004783054322,48.55245312710294
2019-10-07,46.47228953658213,17.798406945871044,32.76322450537777,23.236144768291066
2019-10-08,39.36133805402244,9.285159683813394,25.31106561882302,19.68066902701122
2019-10-09,92.27000420367314,27.496048648503844,48.260445506521904,46.13500210183657
2019-10-10,40.391057860051404,13.086674948931831,27.99635742837762,20.195528930025702
2019-10-11,1.9958628939804275,11.324133371195586,12.09605064216525,0.9979314469902137
2019-10-12,2.3041713913083206,9.913205774377529,10.836874218616957,1.1520856956541603
2019-10-13,13.261643537019546,8.071839032317513,13.632202281479328,6.630821768509773
2019-10-14,11.046235275803019,7.32551329228084,12.039437496756785,5.5231176379015094
2019-10-15,84.22711757688229,18.507235338918505,45.032683258218455,42.113558788441146
2019-10-16,12.677395909043712,19.835815287442152,23.65984840618835,6.338697954521856
2019-10-17,8.52574086765103,12.391140493466159,15.597574398272174,4.262870433825515
2019-10-18,73.17789152243002,16.027855712971768,40.88795460717669,36.58894576121501
2019-10-19,95.44406869516057,52.940909090909095,50.1339857979196,47.72203434758028
2019-10-20,92.84896183917569,14.35108755466736,47.45073266711542,46.42448091958784
2019-10-21,96.07918651816605,32.56759611322349,49.31650795819952,48.03959325908303
2019-10-22,13.260881747970602,7.4191857919182205,13.06577721137501,6.630440873985301
2019-10-23,1.6440290758047766,5.641871347004966,6.3711318795430945,0.8220145379023883
2019-10-24,81.7235501595803,12.149267938896696,43.0822299406208,40.86177507979015
2019-10-25,35.26388093400071,9.81878680442246,23.98824198354791,17.631940467000355
2019-10-26,0.042576258232275295,4.455165764912193,4.474557051147586,0.021288129116137647
2019-10-27,0.11838276679218009,4.7438342007697765,4.797409701986961,0.05919138339609004
2019-10-28,94.51948702763036,77.85082747676265,51.52636821277626,47.25974351381518
2019-10-29,98.30834501479421,62.16646266829865,50.20581457225147,49.15417250739711
2019-10-30,99.62691511387163,85.73806881243064,50.13333333333333,49.813457556935816
2019-10-31,76.79567856084638,31.892702789584597,45.798324551352316,38.39783928042319
2019-11-01,77.18295735194178,25.84675735067105,44.48894432381363,38.59147867597089
2019-11-02,85.722747588218,32.15736335151445,47.4525617287786,42.861373794109
2019-11-03,97.67062867555703,100.0,51.16468566222149,48.83531433777851
2019-11-04,14.652849009356196,42.159221675907524,43.30811908489512,7.326424504678098
2019-11-05,89.12727882717672,79.56419877716615,53.214432900020505,44.56363941358836
2019-11-06,99.22414167955623,99.89324793167867,50.38710091541757,49.61207083977811
2019-11-07,46.38078212105123,65.59165154966949,58.36012161534377,23.190391060525616
2019-11-08,98.45523152892946,99.6515212438011,50.767001045581125,49.22761576446473
2019-11-09,70.87432985458933,61.02711936792654,53.21172241364298,35.43716492729467
2019-11-10,3.054646352202303,66.04818461485728,65.55796932892484,1.5273231761011514
2019-11-11,78.29870893964002,77.25506668066787,55.91470134906692,39.14935446982001
2019-11-12,99.46418219461698,100.0,50.26790890269152,49.73209109730849
2019-11-13,91.20865234828146,80.82895449939915,52.7102805674323,45.60432617414073
2019-11-14,9.657183082798104,78.86490002597326,76.07736378379838,4.828591541399052
2019-11-15,100.0,-1.0,50.0,50.0
2019-11-16,58.710958881387974,82.7655642707214,63.52858730448341,29.355479440693987
2019-11-17,99.9184265010352,100.0,50.0407867494824,49.9592132505176
2019-11-18,52.14654475337439,82.1860295837991,65.40212726254899,26.073272376687196
2019-11-19,86.54420444426036,96.7079139348047,56.28492140741814,43.27210222213018
2019-11-20,61.79608772969769,93.02001334584733,66.43532815731986,30.898043864848844
2019-11-21,73.11463179599829,83.27886290409607,58.94714482587117,36.557315897999146
2019-11-22,92.50562202591723,93.31620247568524,53.246279937546845,46.25281101295862
2019-11-23,99.97163561076604,100.0,50.01418219461697,49.98581780538302
2019-11-24,99.71510915294664,82.04941860465115,50.09130586013847,49.85755457647332
2019-11-25,6.3306122533740075,66.66969653973716,65.6144026879923,3.1653061266870037
2019-11-26,87.71242967345282,55.68967261202333,50.69912252355267,43.85621483672641
2019-11-27,99.52587599069143,98.8646288209607,50.231678937299684,49.762937995345716
2019-11-28,69.03634604267205,81.04581286721897,59.612918064445275,34.518173021336025
2019-11-29,68.22502714215861,87.10811163275952,61.79109239936682,34.112513571079305
2019-11-30,12.380679529818181,63.68534533823007,61.99100658935489,6.1903397649090905
2019-12-01,99.49337474120082,86.3506334286882,50.18416149068323,49.74668737060041
2019-12-02,50.02986275575169,62.83185106179889,56.41209358655844,25.014931377875843
2019-12-03,4.701286888769367,65.39517552461267,64.67140415617102,2.3506434443846835
2019-12-04,2.433249705085816,60.43169143003107,60.17786232907439,1.216624852542908
2019-12-05,1.2750031672582345,58.845903018828224,58.73311747516558,0.6375015836291172
2019-12-06,2.671207983302354,60.538192184669356,60.256695153736715,1.335603991651177
2019-12-07,25.909485209581085,61.76036435239779,58.713314489920435,12.954742604790543
2019-12-08,43.48675735051582,76.05729451539368,64.72582207737516,21.74337867525791
2019-12-09,64.78320454634984,68.24641759587419,56.42580356235784,32.39160227317492
2019-12-10,26.929087773260196,61.01184136154355,58.046452935841316,13.464543886630098
2019-12-11,26.778163681102768,57.179976141834246,55.25731037830974,13.389081840551384
2019-12-12,98.5578635260599,100.0,50.72106823697005,49.27893176302995
2019-12-13,99.28694914026025,100.0,50.35652542986987,49.643474570130124
2019-12-14,26.06460126862002,68.36511611590542,63.578321827775596,13.03230063431001
2019-12-15,69.08374886320556,87.72899663624545,61.66439135145437,34.54187443160278
2019-12-16,98.21954340471171,99.45342481683916,50.88049676374734,49.10977170235586
2019-12-17,95.05418735531748,92.23813112283345,52.08901882995068,47.52709367765874
2019-12-18,76.00341446839545,70.64323950958384,54.953672625411265,38.001707234197724
2019-12-19,87.58069894555449,72.03228711517295,52.736256066013134,43.790349472777244
2019-12-20,99.23290337274064,100.0,50.383548313629674,49.61645168637032
2019-12-21,95.00763039485481,98.99626710908336,52.44607474680962,47.50381519742741
2019-12-22,98.48527825455027,100.0,50.75736087272487,49.24263912727513
2019-12-23,68.45040636921546,73.40277321416836,57.38347984740422,34.22520318460773
2019-12-24,94.47506833429968,97.66875304523819,52.63366603164085,47.23753416714984
2019-12-25,45.23100283775038,59.75169112132897,55.34090343351201,22.61550141887519
2019-12-26,6.87750368089114,66.1284100057312,65.01917801391782,3.43875184044557
2019-12-27,69.01616610941713,51.193845124602774,50.36989899031774,34.508083054708564
2019-12-28,6.582627527766761,64.16262316653292,63.23035043531886,3.2913137638833807
2019-12-29,2.7727472856110387,63.766642387062454,63.3849281839554,1.3863736428055193
2019-12-30,1.2056250038941376,61.173920721144945,61.039205139015515,0.6028125019470688
2019-12-31,4.673605602096633,63.97831073853722,63.32501962478246,2.3368028010483166
2020-01-01,1.8733008932446942,60.92240355737667,60.71779407397254,0.9366504466223471
2020-01-02,7.866960427434376,64.54023791600366,63.39636315309684,3.933480213717188
2020-01-03,89.04395055795271,41.340518056343356,49.05126287682782,44.521975278976356
2020-01-04,95.01069639429001,71.0775361115723,51.05162226920951,47.505348197145004
2020-01-05,6.70479109433304,57.90354602352144,57.37362977359987,3.35239554716652
2020-01-06,1.3593051655673152,57.92997593435955,57.82218336185555,0.6796525827836576
2020-01-07,38.14716779169484,51.60160848377934,50.99064020810601,19.07358389584742
2020-01-08,30.830878827316937,55.856845339911295,54.051128450059885,15.415439413658468
2020-01-09,23.207232711581927,73.00349192964248,67.66501802574038,11.603616355790964
2020-01-10,2.5806156843117423,58.15658928940687,57.94609906689955,1.2903078421558711
2020-01-11,4.9552037946975585,59.42130954826135,58.9544644600157,2.4776018973487792
2020-01-12,2.7835582526489806,57.4189868469119,57.21247502627173,1.3917791263244903
2020-01-13,76.34571739468366,52.13010181728966,50.503860303642675,38.17285869734183
2020-01-14,5.221250516600798,62.000298002506725,61.37373238105721,2.610625258300399
2020-01-15,1.7296345295531153,58.62169536373454,58.47257154369051,0.8648172647765576
2020-01-16,6.883855573806919,62.505631158033715,61.64476157052168,3.4419277869034595
2020-01-17,2.769609064779279,57.77634906530877,57.560974596687096,1.3848045323896394
2020-01-18,98.72980577519115,99.91850040749797,50.63406190928722,49.364902887595576
2020-01-19,40.00435680127799,53.56488301484879,52.13877449404052,20.002178400638996
2020-01-20,4.250843586149614,63.25904785037649,62.69542646524425,2.125421793074807
2020-01-21,4.621605288242881,60.37250662468673,59.89313030999687,2.3108026441214404
2020-01-22,1.7714736667220468,58.222583986976474,58.07692307692308,0.8857368333610234
2020-01-23,3.9445020154465653,59.32152454830641,58.95383682462811,1.9722510077232827
2020-01-24,6.354661594178822,65.64859596718934,64.65418064923414,3.177330797089411
2020-01-25,96.48769658337372,82.66509433962264,51.14729722453476,48.24384829168686
2020-01-26,75.20605320804691,83.12715236216523,58.21352853036448,37.603026604023455
2020-01-27,16.413723507413874,63.1612549031298,61.00100291322412,8.206861753706937
2020-01-28,98.25619555787456,90.34671099501305,50.70356773858256,49.12809777893728
2020-01-29,66.3598931856066,33.09009780779874,44.311490840334045,33.1799465928033
2020-01-30,9.205656968413182,65.21173279170726,63.81139285195108,4.602828484206591
2020-01-31,37.92298595406544,52.63113918550827,51.633332641756056,18.96149297703272
2020-02-01,31.0918007077869,74.85091049210827,67.12431492783146,15.54590035389345
2020-02-02,60.84933040341639,49.70162293823304,49.88318338239562,30.424665201708194
2020-02-03,67.52462234678795,50.43502684208174,50.141276609858885,33.762311173393975
2020-02-04,67.38567104772171,41.19879230891467,47.129545171856215,33.69283552386086
2020-02-05,74.349385352101,36.326533910907095,46.49267190447563,37.1746926760505
2020-02-06,6.04584426074624,63.972718693573725,63.127949882368085,3.02292213037312
2020-02-07,1.127935883563621,61.25595503163414,61.12899507579455,0.5639679417818105
2020-02-08,8.822320312597324,62.44312877149037,61.34535609436054,4.411160156298662
2020-02-09,2.275960466116039,61.743654261378126,61.47637333311181,1.1379802330580195
2020-02-10,94.96160473168874,62.341238850754245,50.62180039430739,47.48080236584437
2020-02-11,40.684427997743185,48.217920114142636,48.94294912216654,20.342213998871593
2020-02-12,56.65049147691925,40.667336394948336,45.954336195097675,28.325245738459625
2020-02-13,28.9478708788358,59.41599315338577,56.69026361338364,14.4739354394179
2020-02-14,42.71794105809963,44.19362666096864,46.67398980154927,21.358970529049817
2020-02-15,12.58932407386268,62.78694830419133,61.17715794301939,6.29466203693134
2020-02-16,71.82192107253495,47.42620563881576,49.27475419347486,35.910960536267474
2020-02-17,84.90847407076016,84.57949055775143,55.218572783722095,42.45423703538008
2020-02-18,8.24999169352427,57.63448794089955,57.00464331993223,4.124995846762135
2020-02-19,76.05657734419681,50.60666378191259,50.14525607340301,38.028288672098405
2020-02-20,56.85153622539323,36.10060596158559,44.00262499844491,28.425768112696616
2020-02-21,21.726910214867388,52.959381762634195,52.3163995441515,10.863455107433694
2020-02-22,8.750116796960164,59.775999854368045,58.92058844904019,4.375058398480082
2020-02-23,72.86989428483201,35.90280271027966,46.175415472423076,36.43494714241601
2020-02-24,52.75649508228003,53.94091589581037,51.86182679504038,26.378247541140016
2020-02-25,99.99668737060041,100.0,50.001656314699794,49.998343685300206
2020-02-26,76.43153956953815,61.00739542204908,52.59427363447011,38.21576978476907
2020-02-27,44.20258446376836,49.75190392828072,49.86156880393373,22.10129223188418
2020-02-28,26.824353211218614,56.43876332634695,54.71160670925323,13.412176605609307
2020-02-29,99.44573733291372,74.22487859544266,50.134269458201516,49.72286866645686
2020-03-01,78.9570402167878,78.71045869391854,56.04153027653703,39.4785201083939
2020-03-02,99.9842647497267,100.0,50.00786762513665,49.99213237486335
2020-03-03,91.21979098290218,96.10631573982359,54.048230892039584,45.60989549145109
2020-03-04,35.626484652967235,80.31196622514422,69.5128782299306,17.813242326483618
2020-03-05,85.13120258159125,100.0,57.43439870920437,42.56560129079563
2020-03-06,74.67086172876354,84.42711487161023,58.72009152862757,37.33543086438177
2020-03-07,58.13524811107148,65.9036090873521,56.658006485805046,29.06762405553574
2020-03-08,2.884675292309609,71.16526239254095,70.55471329775082,1.4423376461548045
2020-03-09,89.39091750700541,84.57003416300634,53.667563442209754,44.695458753502706
2020-03-10,98.38788845281611,65.00513874614595,50.241899574397586,49.19394422640806
2020-03-11,22.34680703560561,64.72404281025138,61.43368937560453,11.173403517802805
2020-03-12,3.4791692193311636,65.80781892118682,65.25783815103328,1.7395846096655818
2020-03-13,68.92300293926216,65.7831196723717,54.904919636675686,34.46150146963108
2020-03-14,90.24793867706666,66.92577253902516,51.65061171738594,45.12396933853333
2020-03-15,51.53634240147369,71.27056214980674,60.308492409564074,25.768171200736845
2020-03-16,3.751085119020423,62.859799936131466,62.37741789439144,1.8755425595102115
2020-03-17,4.8642148636748805,61.02035692845058,60.48430308870686,2.4321074318374403
2020-03-18,3.456081944095419,59.606374419715266,59.27437024791329,1.7280409720477095
2020-03-19,2.1020715435335653,58.127546918454065,57.956700067493905,1.0510357717667826
2020-03-20,18.857781220086007,63.69315099341816,61.110926536943325,9.428890610043004
2020-03-21,64.77617574886382,50.58976639008792,50.20773827673683,32.38808787443191
2020-03-22,68.4669018434154,59.72564562669665,53.066797381827826,34.2334509217077
2020-03-23,15.246767104916243,56.796498198394595,55.76025194679555,7.6233835524581215
2020-03-24,21.38367390997484,57.51663498098859,55.909302267650894,10.69183695498742
2020-03-25,69.8976249315841,61.298098445560164,53.40099596968139,34.94881246579205
2020-03-26,95.78391721492932,83.7516577435041,51.422997831799854,47.89195860746466
2020-03-27,84.31006628003314,71.14889572414886,53.318247721623855,42.15503314001657
2020-03-28,18.096973873765407,52.239214513455565,51.83398444797794,9.048486936882703
2020-03-29,85.2565762086327,53.58984084172672,50.52926544873135,42.62828810431635
2020-03-30,89.83456727721685,99.2969514183241,55.011248430812834,44.917283638608424
2020-03-31,43.00353261602351,72.28752984335875,62.703104677864,21.501766308011756
2020-04-01,12.730654885482236,65.83458625152254,63.81873972329718,6.365327442741118
2020-04-02,3.239137974360199,59.135688530219774,58.83977097381816,1.6195689871800996
2020-04-03,31.942204426621167,52.606746370623405,51.77409411603534,15.971102213310584
2020-04-04,8.35209150109642,57.5472360750158,56.91688401222672,4.17604575054821
2020-04-05,4.097111171107557,55.81594778488551,55.57766193848518,2.0485555855537787
2020-04-06,3.1209243983685133,54.037976745781314,53.91195454432178,1.5604621991842567
2020-04-07,6.223690686580926,54.357319703606585,54.08613360302867,3.111845343290463
2020-04-08,3.7535071014261,52.03873565376126,51.962211566218016,1.87675355071305
2020-04-09,16.904375912037548,50.62351054422278,50.51810997797618,8.452187956018774
2020-04-10,3.8500357196258577,51.14916337105201,51.10492017078966,1.9250178598129288
2020-04-11,8.692600637066999,49.95792777221869,49.96158494295883,4.346300318533499
2020-04-12,29.169261427325942,44.662387902233164,46.219329929007344,14.584630713662971
2020-04-13,41.843664090461125,43.716174513644354,46.3455573421858,20.921832045230563
2020-04-14,27.36077532088863,44.86533742068378,46.27022091249624,13.680387660444316
2020-04-15,6.801698452083095,46.652942919459875,46.88059964909731,3.4008492260415477
2020-04-16,77.65963839817644,34.689126139747145,46.579495415220435,38.82981919908822
2020-04-17,4.686085244594337,46.24428335806278,46.420279441449374,2.3430426222971685
2020-04-18,33.17273661376869,40.13021181162774,43.40429065169332,16.586368306884346
2020-04-19,72.33428200094936,24.52423052716756,42.95194545955795,36.16714100047468
2020-04-20,98.57169479242157,49.173673528559,49.98819753597681,49.285847396210784
2020-04-21,96.76947735942049,34.87820512820513,49.51148699300468,48.384738679710246
2020-04-22,4.727884445644386,41.56733661769194,41.96602319809763,2.363942222822193
2020-04-23,8.315439725885163,41.63172950825242,42.32758799709272,4.157719862942582
2020-04-24,20.601161301305165,36.283581504189925,39.109323003273815,10.300580650652583
2020-04-25,89.06416348037895,25.23201636425622,47.29141380038857,44.532081740189476
2020-04-26,63.45759900476882,34.88345702548739,44.476052249637156,31.72879950238441
2020-04-27,91.73902057115399,29.10618026827128,48.27396585006172,45.86951028557699
2020-04-28,99.56374643874643,84.48030374940674,50.15042155303783,49.78187321937322
2020-04-29,97.49708542047598,35.972532472904774,49.64890447012634,48.74854271023799
2020-04-30,92.4900383554381,36.15354916992995,48.96013685352862,46.24501917771905
2020-05-01,82.39969665009707,32.22236611294898,46.87108250744389,41.199848325048535
2020-05-02,84.69129407864749,27.173192220763575,46.50551112584428,42.345647039323744
2020-05-03,14.88556433061777,37.72455966182809,39.55182823023327,7.442782165308885
2020-05-04,54.725022096994394,27.48682461848678,39.80716482075499,27.362511048497197
2020-05-05,91.74541492495267,29.36762860727729,48.29688335038797,45.872707462476335
2020-05-06,54.27205083325729,37.60872917252451,44.33372597489859,27.136025416628645
2020-05-07,2.535980561151378,36.35251726511243,36.69861477435567,1.267990280575689
2020-05-08,18.91216446226783,27.6588882176464,31.884076020624207,9.456082231133916
2020-05-09,27.413699687992377,31.617676499019055,36.656951459253214,13.706849843996189
2020-05-10,88.83381012257038,16.3846838824577,46.24644997441703,44.41690506128519
2020-05-11,91.06021785553763,37.22341929056324,48.85780151906495,45.530108927768815
2020-05-12,58.40593987535387,27.688579520523355,40.71977435110388,29.202969937676936
2020-05-13,99.99399585921324,100.0,50.00300207039338,49.99699792960662
2020-05-14,64.76155715743282,20.792825027659422,39.70784634144318,32.38077857871641
2020-05-15,99.55050829209713,10.54813450023031,49.822667135965546,49.77525414604857
2020-05-16,96.59607956840046,23.41810659527866,49.09517349929068,48.29803978420023
2020-05-17,52.102862881306,18.439132581894423,34.883248056900754,26.051431440653
2020-05-18,59.31967598879603,27.482888493626824,40.839966081243304,29.659837994398014
2020-05-19,88.46083735883138,31.7129214088249,47.88982425904598,44.23041867941569
2020-05-20,78.50395039006474,18.103456587764548,43.14350320425133,39.25197519503237
2020-05-21,22.393856859342172,22.14158652881619,28.380159764836787,11.196928429671086
2020-05-22,67.44521039126849,13.241145723908296,38.033232327838135,33.722605195634245
2020-05-23,17.467912457003834,21.22586340896572,26.252104398946297,8.733956228501917
2020-05-24,37.59741162651215,14.39745913497514,27.783092973495737,18.798705813256074
2020-05-25,53.69707681679851,17.186827956989248,34.80654215495298,26.848538408399254
2020-05-26,29.561774154719707,18.033458256729364,27.483335131949225,14.780887077359854
2020-05-27,3.9549864602196267,20.16523278969252,21.345193793298222,1.9774932301098134
2020-05-28,83.848128648064,16.38187602627258,44.57004386482919,41.924064324032
2020-05-29,56.35983063962377,17.653434236358365,35.883903918481316,28.179915319811887
2020-05-30,95.665995000818,19.62442660550459,48.68352113055238,47.832997500409
2020-05-31,71.35737873476606,17.56169935586596,40.708820401622745,35.67868936738303
2020-06-01,6.61499040673771,19.641963751664886,21.650144937166207,3.307495203368855
2020-06-02,19.69083357031803,17.89230447133142,24.214577361145995,9.845416785159015
2020-06-03,63.932706560384766,18.889387041890835,38.77924393353581,31.966353280192383
2020-06-04,99.79813204855597,100.0,50.100933975722015,49.899066024277985
2020-06-05,71.93707768256449,15.207240487624677,40.23613492594996,35.968538841282246
2020-06-06,79.05009462571539,18.95654410891677,43.496425365910284,39.525047312857694
2020-06-07,99.93188391694393,79.63525835866263,50.020186377197476,49.965941958471966
2020-06-08,97.0219471438067,27.499652343206787,49.32992775395345,48.51097357190335
2020-06-09,93.0775383671727,21.253667005927078,48.01004612764053,46.53876918358635
2020-06-10,99.84408162420151,75.96281540504648,50.0404808000911,49.922040812100754
2020-06-11,89.1276697118472,23.965398978736378,47.16943218776542,44.5638348559236
2020-06-12,36.56910204877401,19.244540213911787,30.49153568865604,18.284551024387007
2020-06-13,15.060252222469106,17.546909188700234,22.434426518868925,7.530126111234553
2020-06-14,89.12183028141447,19.561699129871858,46.688869971893766,44.56091514070724
2020-06-15,99.71033217590436,100.0,50.14483391204783,49.85516608795218
2020-06-16,93.63162854273021,11.008130081300813,47.5168528854418,46.815814271365106
2020-06-17,98.85725052696094,26.309113969922088,49.729272524733,49.42862526348047
2020-06-18,60.13198266508725,14.438772589852064,35.822443691614474,30.065991332543625
2020-06-19,95.1994218516072,20.760902385368592,48.59635426912477,47.5997109258036
2020-06-20,61.67426098029903,9.436606761151788,34.453779769744,30.837130490149516
2020-06-21,79.61204279506568,11.509533682969469,42.152580199304154,39.80602139753284
2020-06-22,49.65410696140846,8.202386493288245,28.95661821122701,24.82705348070423
2020-06-23,4.338698390482855,11.99143004130859,13.640507254351885,2.1693491952414274
2020-06-24,16.888570598248016,18.023582537632905,23.423942375555278,8.444285299124008
2020-06-25,77.48568065583011,21.168749884947445,43.50884027818071,38.742840327915054
2020-06-26,83.47063089195069,23.74309028691761,45.65989847715736,41.735315445975345
2020-06-27,17.760387685101364,15.411182840220253,21.554290863488003,8.880193842550682
2020-06-28,59.34301588848816,15.002269979646698,35.77097846623515,29.67150794424408
2020-06-29,77.40342676222977,16.81735653896235,42.501859668098454,38.701713381114885
2020-06-30,49.684503980518485,19.198581852661086,34.50211367813183,24.842251990259243
2020-07-01,64.90853835501711,25.388564305841903,41.36348748310489,32.45426917750856
2020-07-02,47.71508500464869,15.458168279497336,31.939832647097887,23.857542502324346
2020-07-03,86.30501883280162,15.198667978506016,45.23396413372222,43.15250941640081
2020-07-04,20.680940841291694,13.146899281630258,20.768467239377948,10.340470420645847
2020-07-05,8.858677708260222,10.82882217847769,14.298870576215858,4.429338854130111
2020-07-06,16.054183908857418,14.150665720172448,19.905983775557026,8.027091954428709
2020-07-07,1.3317022818797521,8.450840600576328,9.004151704400307,0.6658511409398761
2020-07-08,1.3059488378758393,9.05911393284105,9.593780958651184,0.6529744189379196
2020-07-09,6.029858557078688,9.622299177239388,12.05701742545225,3.014929278539344
2020-07-10,1.6180886989245973,10.474284520047371,11.113845655397576,0.8090443494622986
2020-07-11,98.80055158477096,34.57621267046435,49.814999627307586,49.40027579238548
2020-07-12,12.725294666010583,9.414163233069113,14.578830554327132,6.362647333005292
2020-07-13,32.378920453602085,11.992511202504451,24.29892576665726,16.189460226801042
2020-07-14,69.33530954281154,17.41049699853983,40.0065297830661,34.66765477140577
2020-07-15,81.83564727021768,11.714302013805693,43.0456507727285,40.91782363510884
2020-07-16,94.69549639110669,15.574730595033579,48.17391034204231,47.34774819555334
2020-07-17,79.09034776554834,19.698756379130952,43.66411533616231,39.54517388277417
2020-07-18,61.425259132368005,11.64879947527446,35.2061237779612,30.712629566184003
2020-07-19,65.35152564514624,16.94734700228614,38.54776000248831,32.67576282257312
2020-07-20,5.239568838397474,9.887520766577099,11.989241728800183,2.619784419198737
2020-07-21,66.41665768596275,17.612391619611838,39.12315861028443,33.20832884298137
2020-07-22,34.71341874578557,12.134492237776682,25.278904507495202,17.356709372892784
2020-07-23,25.84194323175833,13.058290340369902,22.604745979452495,12.920971615879164
2020-07-24,99.7459469532269,100.0,50.12702652338654,49.87297347661345
2020-07-25,69.58457711442786,9.642594258608,37.725124378109456,34.79228855721393
2020-07-26,47.17707060797567,15.210793109811881,31.623321808350667,23.588535303987836
2020-07-27,17.23760599995017,12.678286045455572,19.11165604936836,8.618802999975085
2020-07-28,0.06043751778337615,5.398817118940643,5.42577296677598,0.030218758891688076
2020-07-29,7.149532128038675,9.346609589500664,12.253136798036309,3.5747660640193377
2020-07-30,12.211733729801114,14.426552122163983,18.770686855514903,6.105866864900557
2020-07-31,4.564361884390543,9.161233886621,11.025262961155471,2.2821809421952715
2020-08-01,3.2508016414959546,8.718088520346285,10.060081576367775,1.6254008207479773
2020-08-02,86.61075035327562,7.974311358712473,44.37307563206293,43.30537517663781
2020-08-03,99.98571413782751,100.0,50.00714293108624,49.99285706891376
2020-08-04,95.16486701934923,19.865536142514557,48.542958599484436,47.582433509674615
2020-08-05,30.73694300819148,10.636475018198267,22.73561925786988,15.36847150409574
2020-08-06,7.4116454770874265,9.574575461435456,12.570764610841367,3.7058227385437132
2020-08-07,8.83502444251544,11.14935511647084,14.581819088005515,4.41751222125772
2020-08-08,1.5780084030297428,7.911246162124522,8.5754102344167,0.7890042015148714
2020-08-09,2.13078359255098,9.001534207739791,9.875122790038898,1.06539179627549
2020-08-10,9.137893801340564,12.792374440389324,16.192367750026996,4.568946900670282
2020-08-11,5.407914274144144,10.841416132814045,12.959078779320299,2.703957137072072
2020-08-12,15.36369280089031,10.03942271602152,16.17884305139433,7.681846400445155
2020-08-13,53.01696785191391,16.56286552934166,34.290220362251816,26.508483925956956
2020-08-14,84.03096407479602,12.928876263117614,44.080098932580434,42.01548203739801
2020-08-15,63.26337580014187,15.300268762562954,37.25249013694197,31.631687900070936
2020-08-16,73.57635606852064,6.220091940317241,38.431752980780395,36.78817803426032
2020-08-17,86.94803944106518,17.88768823090716,45.80871373333582,43.47401972053259
2020-08-18,73.71036906999832,18.42198623495187,41.69825672614372,36.85518453499916
2020-08-19,8.012434484305306,7.412766745150447,10.82504090837355,4.006217242152653
2020-08-20,6.795715270682251,10.632997698311723,13.308267085337386,3.3978576353411256
2020-08-21,1.0917805971668118,7.712965879265092,8.174647512912586,0.5458902985834059
2020-08-22,37.727564056027894,18.893100530933364,30.62897595396968,18.863782028013947
2020-08-23,68.11015790128062,12.749684848012269,38.120933316755774,34.05507895064031
2020-08-24,84.00907957282851,19.36940443752433,45.10188583723579,42.004539786414256
2020-08-25,6.384755006001802,5.745178336121106,8.570740277702784,3.192377503000901
2020-08-26,20.471192343695193,5.6865247449558805,14.758021498591736,10.235596171847597
2020-08-27,5.809336307261619,6.112072671950964,8.66166996872391,2.9046681536308094
2020-08-28,93.36038056658363,11.83406113537118,47.46592690619829,46.680190283291815
2020-08-29,99.17306434114305,7.28592889334001,49.64678211466951,49.58653217057152
2020-08-30,80.18451323857619,29.081915438754276,45.854979723022915,40.092256619288094
2020-08-31,99.99233954451346,100.0,50.00383022774327,49.99616977225673
2020-09-02,77.35064612068518,16.64043483830823,42.44427403392781,38.67532306034259
2020-09-03,25.200944939425895,11.349476167348922,21.089773397215,12.600472469712948
2020-09-04,0.2481884321344828,4.887006708391111,4.998971939130489,0.1240942160672414
2020-09-05,0.020976595519316122,4.020457510365858,4.030102453015541,0.010488297759658061
2020-09-06,91.36849343725468,19.49223717994865,47.366720450040496,45.68424671862734
2020-09-07,97.82181867888342,8.728724921555576,49.101036795254686,48.91090933944171
2020-09-08,6.71820028328259,7.926973171546255,10.753523379120994,3.359100141641295
2020-09-09,0.367194266120306,4.764227540591302,4.9303307032974795,0.183597133060153
2020-09-10,44.79229767071339,10.862352087959987,28.393003842036695,22.396148835356694
2020-09-11,37.487935139308924,11.615227533079873,26.004886138850203,18.743967569654462
2020-09-12,4.72735957798108,13.303817253173413,15.038577763008961,2.36367978899054
2020-09-13,1.0544373807085936,5.049620916349714,5.52359451617794,0.5272186903542968
2020-09-14,0.10758293543570051,3.9174919069964718,3.9670688219253196,0.053791467717850254
2020-09-15,0.0610605849770192,4.079635075177423,4.107674318624102,0.0305302924885096
2020-09-16,10.205259715315053,8.72703138947086,12.939045028395817,5.102629857657527
2020-09-17,27.53440633508201,9.286575430337082,20.496775184275183,13.767203167541005
2020-09-18,1.961623214652879,5.882502478582505,6.747921551686539,0.9808116073264395
2020-09-19,3.0371502625107993,9.763965044551062,10.985993885824417,1.5185751312553997
2020-09-20,21.21230366763903,10.193503163564591,18.63737815195839,10.606151833819515
2020-09-21,66.39986068872014,22.35096681844544,40.709886332775675,33.19993034436007
2020-09-22,89.12197334868969,13.84773584187074,46.067347069826596,44.560986674344846
2020-09-23,98.91022787273913,62.511875356260695,50.13635093023016,49.455113936369564
2020-09-24,98.12645206177241,51.62466843501326,50.030438941967226,49.063226030886206
2020-09-25,95.74926700790141,83.09221101855911,51.40666153158078,47.874633503950704
2020-09-26,92.48236468546386,21.563171524601906,47.86222294019941,46.24118234273193
2020-09-27,61.8372594558726,54.3138299028451,51.64627571333775,30.9186297279363
2020-09-28,96.32803926034829,24.163988044888065,49.05131178431657,48.164019630174145
2020-09-29,61.08270888769519,8.937669203385132,34.019653186383806,30.541354443847595
2020-09-30,40.374287161012376,13.269780942635789,28.099345059724907,20.187143580506188
2020-10-01,24.7970432227378,22.853870883176732,29.585308253575608,12.3985216113689
2020-10-02,99.11963410568946,99.48259642521167,50.435627902546884,49.55981705284473
2020-10-03,87.69860505197393,98.45412905833221,55.960533784091716,43.849302525986964
2020-10-04,87.57021773712468,30.35711309970171,47.558431928150064,43.78510886856234
2020-10-05,92.33764969331126,33.7776095595988,48.75698361633767,46.16882484665563
2020-10-06,65.5625431541232,28.03065881531255,42.43431761019983,32.7812715770616
2020-10-07,61.27739337603337,19.851031587514925,38.32553356044945,30.638696688016687
2020-10-08,28.232493363470134,18.570585751551576,27.443893043422314,14.116246681735067
2020-10-09,69.42213491806947,15.146032391407468,39.3424008089448,34.71106745903474
2020-10-10,28.467050256972293,16.30056293888921,25.893798623392367,14.233525128486146
2020-10-11,99.96666666666667,100.0,50.016666666666666,49.983333333333334
2020-10-12,38.81028705403919,45.2082478561474,47.067940618094674,19.405143527019597
2020-10-13,33.921678495828665,41.177431258931236,44.170194662350056,16.960839247914333
2020-10-14,7.874278974929714,44.928248321436705,45.327612197522456,3.937139487464857
2020-10-15,99.91987577639752,100.0,50.04006211180124,49.95993788819876
2020-10-16,92.864984444067,41.38071183882018,49.38501244888913,46.4324922220335
2020-10-17,90.69113177722855,29.418702986602575,48.084114182485635,45.345565888614274
2020-10-18,39.093188119469396,46.22914735866543,47.703293875450335,19.546594059734698
2020-10-19,40.66638171081408,53.094532025906084,51.83609782008772,20.33319085540704
2020-10-20,94.80386635082081,31.64899976089902,49.04645750161512,47.401933175410406
2020-10-21,60.26108534717054,35.7438350661749,44.33475478418064,30.13054267358527
2020-10-22,72.69153292658665,27.82858140258479,43.94532545261622,36.34576646329332
2020-10-23,99.955900621118,81.2206572769953,50.01376811594203,49.977950310559
2020-10-24,70.07773121875668,26.063638127442555,42.837697464042314,35.03886560937834
2020-10-25,56.50521706861487,39.92783637828228,45.619134296239935,28.252608534307434
2020-10-26,97.70291789272277,47.48940773460741,49.94232963428498,48.85145894636138
2020-10-27,74.05075228878604,70.26718319421703,55.25918157115291,37.02537614439302
2020-10-28,51.74466602226103,61.81105408402755,55.69946359453887,25.872333011130515
2020-10-29,78.12840066080345,26.65801095547679,44.89473367838273,39.064200330401725
2020-10-30,28.84361617368788,42.19582389320923,44.44683049497062,14.42180808684394
2020-10-31,2.656385313975149,38.75104538239661,39.04986096083436,1.3281926569875746
2020-11-01,97.1525408288336,89.15145786373883,51.114821777586386,48.5762704144168
2020-11-02,19.09360730593607,28.28425348954739,32.43057285180573,9.546803652968036
2020-11-03,60.03550519201216,16.739317702981808,36.70753635030684,30.01775259600608
2020-11-04,79.87726171804589,20.917805257251114,44.147866065268424,39.93863085902294
2020-11-05,37.117472648088324,28.49195560072327,36.4751980977635,18.558736324044162
2020-11-06,3.7167340258941888,20.72014357142549,21.808397958039286,1.8583670129470944
2020-11-07,3.1741053812124864,17.38476685249256,18.420008722922596,1.5870526906062432
2020-11-08,19.983271865394553,16.592614495550386,23.268503164024963,9.991635932697276
2020-11-09,3.0826199465842583,16.376057240449747,17.412555606783716,1.5413099732921292
2020-11-10,32.252448177899886,20.93834617787961,30.31144101649965,16.126224088949943
2020-11-11,3.3042849784837256,16.135579678083104,17.254556631830795,1.6521424892418628
2020-11-12,30.43609128689277,18.45884820940996,28.058741961331357,15.218045643446384
2020-11-13,4.4907910229866195,16.67695840109933,18.17342656180886,2.2453955114933097
2020-11-14,3.787770224944288,15.149193000028063,16.4692614907258,1.893885112472144
2020-11-15,8.448098279771745,16.90388109263044,19.699873744715138,4.224049139885873
2020-11-16,39.77833713423656,25.406085248613074,35.1891355729265,19.88916856711828
2020-11-17,16.343540345973917,21.508760520940115,26.165237740268317,8.171770172986959
2020-11-18,3.0436579555673706,16.015834186591494,17.05019595300451,1.5218289777836853
2020-11-19,19.62729154254469,16.18569668542678,22.822528580058414,9.813645771272345
2020-11-20,41.57534573348185,29.422708229780586,37.977788425836614,20.787672866740927
2020-11-21,13.562552951143743,35.4336932028386,37.409256275229666,6.781276475571872
2020-11-22,4.384112368836918,28.073276938613734,29.03456911642858,2.192056184418459
2020-11-23,74.72149624136509,24.187068527294493,43.47487714745829,37.360748120682544
2020-11-24,15.052388356851177,23.27895695101238,27.301112123747384,7.526194178425588
2020-11-25,6.179666782266321,19.496269276144396,21.381298191038468,3.0898333911331606
2020-11-26,7.2905137560193625,20.444741097786597,22.599471313679604,3.6452568780096812
2020-11-27,4.828945428264658,17.867110664010248,19.418790354569868,2.414472714132329
2020-11-28,18.365876249693677,14.496938305650461,21.017386681287096,9.182938124846839
2020-11-29,7.473115265379687,18.99673027335992,21.313640356068298,3.7365576326898435
2020-11-30,6.041814205698312,16.53555664107829,18.557416133795492,3.020907102849156
2020-12-01,93.23078452324744,42.596671561429275,49.49885274554144,46.61539226162372
2020-12-02,98.31732859609676,100.0,50.84133570195163,49.15866429804838
2020-12-03,65.2970839000763,80.31284355432341,60.519440666157976,32.64854195003815
2020-12-04,79.04061961278344,68.00059314912758,53.77281279008089,39.52030980639172
2020-12-05,99.99461697722568,100.0,50.00269151138716,49.99730848861284
2020-12-06,100.0,-1.0,50.0,50.0
2020-12-07,87.52376809793077,89.65700434970283,54.947699828082605,43.761884048965385
2020-12-08,88.64188069594034,91.66621077010048,54.73249792874897,44.32094034797017
2020-12-09,97.80763423463465,99.37476316786662,51.08247540442253,48.903817117317324
2020-12-10,52.79120979380588,97.09097777055487,72.23108090174676,26.39560489690294
2020-12-11,62.0081880601839,96.85115804743441,67.7996038570073,31.00409403009195
2020-12-12,62.454062501943206,93.54863641382356,66.35074380919019,31.227031250971603
2020-12-13,36.28959144594485,75.48934368843517,66.23936500164932,18.144795722972425
2020-12-14,10.910664870262382,82.55861641492639,79.00625489149954,5.455332435131191
2020-12-15,86.94633527917836,88.0758549551694,54.97029444543416,43.47316763958918
2020-12-16,76.21699798185743,83.14631213953407,57.88318808508522,38.108498990928716
2020-12-17,12.617548026023522,75.89615548169915,72.62869562690206,6.308774013011761
2020-12-18,2.3854323725976414,70.77422237351601,70.27866734786275,1.1927161862988207
2020-12-19,38.583160641645556,78.16525598330148,67.29821002213357,19.291580320822778
2020-12-20,92.13938428499924,83.71908687381104,52.650527841757544,46.06969214249962
2020-12-21,100.0,-1.0,50.0,50.0
2020-12-22,93.82305499015408,88.77342361972444,52.39501305542499,46.91152749507704
2020-12-23,100.0,-1.0,50.0,50.0
2020-12-24,99.90020703933747,89.83402489626556,50.03975155279503,49.95010351966874
2020-12-25,98.3631913730557,100.0,50.81840431347214,49.18159568652785
2020-12-26,21.131116711018485,73.78840596493261,68.76165013679181,10.565558355509243
2020-12-27,64.16264530786196,61.923904493082226,54.27321194633766,32.08132265393098
2020-12-28,99.98136645962732,100.0,50.00931677018634,49.99068322981366
2020-12-29,81.04711391041313,88.28680119810227,57.256453818422905,40.523556955206566
2020-12-30,65.24665257223397,88.80605471429168,63.48640301786676,32.623326286116985
2020-12-31,23.01276595744681,81.94027275227428,74.58993253762326,11.506382978723405
2021-01-01,72.50585431561495,85.39341086732041,59.73111594653404,36.25292715780748
2021-01-02,90.74924814210321,92.16801379217698,53.900858319317976,45.374624071051606
2021-01-03,91.9247656712235,89.44161653555453,53.18500295830349,45.96238283561175
2021-01-04,32.11402518958565,89.8497010214464,77.05235799744453,16.057012594792823
2021-01-05,35.20317059361526,85.66819657019953,73.11186048392616,17.60158529680763
2021-01-06,87.36217836436111,95.15311561992553,55.706370214979984,43.68108918218056
2021-01-07,9.159298834297484,83.3576769138283,80.30234760111131,4.579649417148742
2021-01-08,13.492043723197126,82.8567589422184,78.42371065970882,6.746021861598563
2021-01-09,12.11862700532817,91.43823483563773,86.41648971831482,6.059313502664085
2021-01-10,17.792872723046496,80.19595764770037,74.82322933594001,8.896436361523248
2021-01-11,7.145823211623667,83.13004085228556,80.76262670304254,3.5729116058118335
2021-01-12,99.13525870798209,88.43390804597702,50.33235387300976,49.567629353991045
2021-01-13,73.02726325190481,79.11468256407105,57.853026683050444,36.51363162595241
2021-01-14,85.53727313603238,92.14315391337985,56.0950492423536,42.76863656801619
2021-01-15,51.979449796923696,82.81005794022917,65.75557034484618,25.989724898461848
2021-01-16,8.44459854211607,81.8036069417642,79.11792001361965,4.222299271058035
2021-01-17,93.27357603522476,76.42096188188928,51.77718591174752,46.63678801761238
2021-01-18,68.4274247047897,73.7360140778484,57.4940709168104,34.21371235239485
2021-01-19,5.503802241889866,84.6824772444589,82.77362228433543,2.751901120944933
2021-01-20,42.33892540903718,89.24832499577427,72.63100595151691,21.16946270451859
2021-01-21,79.43540368553626,89.81425520770378,58.18764085907464,39.71770184276813
2021-01-22,89.19399127766113,88.32739258748228,54.1416613860484,44.59699563883056
2021-01-23,94.41138346730277,99.78881067061874,52.78250570457153,47.205691733651385
2021-01-24,94.93646511223427,96.5569413207933,52.35742696645499,47.46823255611714
2021-01-25,90.31958799179132,95.95695980490727,54.44882305556188,45.15979399589566
2021-01-26,58.00302000755002,80.03605383380665,62.61423551910528,29.00151000377501
2021-01-27,98.49772256728778,99.98621830209483,50.75093167701863,49.24886128364389
2021-01-28,98.47762084001045,97.4704202366381,50.72267978484205,49.23881042000522
2021-01-29,83.52844177716827,86.58944561827145,56.02685183842494,41.764220888584134
2021-01-30,35.57180864851638,87.91286603539173,74.42657387611384,17.78590432425819
2021-01-31,77.21005895701009,89.2256351501264,58.939499124452134,38.605029478505045
2021-02-01,80.4742861878911,87.40807555579137,57.30419377564129,40.23714309394555
2021-02-02,77.07110214329809,90.15549190918044,59.20721172371217,38.535551071649046
2021-02-03,78.95250306034313,92.67135757516115,58.98125267974208,39.47625153017157
2021-02-04,18.072794381716914,81.59045645046041,75.88117821192286,9.036397190858457
2021-02-05,54.546152186898524,93.12033145793121,69.59984983739298,27.273076093449262
2021-02-06,78.1077895905437,97.61206456129729,60.42333335404537,39.05389479527185
2021-02-07,98.64648016514722,98.33256845647851,50.654190900752226,49.32324008257361
2021-02-08,59.44751702133839,78.97943523634132,61.75188054152958,29.723758510669196
2021-02-09,79.10792040836205,80.7314968206573,56.42044877547341,39.553960204181024
2021-02-10,99.25734989648033,98.43880680234179,50.35973084886128,49.62867494824017
2021-02-11,25.48407582505614,79.89761928634293,72.2784873175247,12.74203791252807
2021-02-12,38.361709628585054,94.14115857966665,77.20785549864168,19.180854814292527
2021-02-13,18.275795500071617,79.70175184595338,74.2735204186482,9.137897750035808
2021-02-14,4.650916476642617,77.67068955377971,76.38374889412233,2.3254582383213087
2021-02-15,20.331355001567303,77.39376047152136,71.82423778177734,10.165677500783652
2021-02-16,57.63088598146343,58.874827495081774,53.76018578033963,28.815442990731714
2021-02-17,10.236030828516379,73.95080632476892,71.49919440568733,5.118015414258189
2021-02-18,73.92764172373198,74.66453623326656,56.4306262539172,36.96382086186599
2021-02-19,63.10127067620866,91.42195960367566,65.28417675477047,31.55063533810433
2021-02-20,3.7255174791336545,77.87880356703725,76.84017386717396,1.8627587395668272
2021-02-21,13.299132380938538,80.85539958717068,76.75189914940529,6.649566190469269
2021-02-22,5.264961098341151,75.58231030393891,74.23541161837962,2.6324805491705754
2021-02-23,2.0906104241860386,78.99386383352387,78.38771509384593,1.0453052120930193
2021-02-24,4.741196700475989,77.91752235695256,76.59389770811008,2.3705983502379944
2021-02-25,1.6153787043325298,70.3942632657757,70.06481868007485,0.8076893521662649
2021-02-26,3.097981960802231,72.26730105660215,71.57746408671109,1.5489909804011155
2021-02-27,42.297631173335716,68.38069284861731,60.606095180405475,21.148815586667858
2021-02-28,8.051313784038573,71.27516869461532,69.5622381049283,4.025656892019287
2021-03-01,3.0936741352062485,68.74038325539931,68.1606168657885,1.5468370676031242
2021-03-02,3.452107255821874,67.13352449336497,66.5420568511515,1.726053627910937
2021-03-03,92.23819574037981,37.875917278185455,49.05895243085832,46.119097870189904
2021-03-04,92.57895848956542,92.7002205287106,53.16880109048272,46.28947924478271
2021-03-05,58.725729036003436,54.446632374216364,51.83531509490685,29.362864518001718
2021-03-06,16.751340701047024,70.37968117156481,66.96581134472886,8.375670350523512
2021-03-07,21.094943540352045,65.44814578055576,62.189368150116245,10.547471770176022
2021-03-08,35.48677560437189,60.81634753301216,56.97797455538313,17.743387802185946
2021-03-09,69.78373862041369,57.50670701165751,52.268246211642165,34.89186931020684
2021-03-10,48.33790676016784,58.37762967721214,54.32805885512919,24.16895338008392
2021-03-11,100.0,-1.0,50.0,50.0
2021-03-12,83.87906918916678,68.27296331525233,52.94577177314076,41.93953459458339
2021-03-13,22.036867890060616,67.35043827416898,63.52694511334385,11.018433945030308
2021-03-14,98.91570805071763,60.95092610273058,50.11874001010377,49.45785402535881
2021-03-15,74.37774129625484,44.93046735322908,48.70107123017354,37.18887064812742
2021-03-16,78.87218839975871,29.828795683100317,45.7382659544257,39.436094199879356
2021-03-17,79.61055403940877,43.33001341517948,48.64002668970934,39.805277019704384
2021-03-18,83.21842081812737,59.750796512633066,51.63633763763079,41.609210409063685
2021-03-19,58.09451308049086,72.22197472565006,59.31222671191391,29.04725654024543
2021-03-20,62.625269823891315,59.69774138246701,53.624504674873876,31.312634911945658
2021-03-21,69.43627867635779,54.92949148403638,51.50663603985356,34.718139338178894
2021-03-22,52.50172160594722,52.51339560597922,51.1938196420719,26.25086080297361
2021-03-23,24.334684407032224,67.71534758698246,63.40437366008148,12.167342203516112
2021-03-24,3.6478872946947183,68.7402068654857,68.05658524024014,1.8239436473473591
2021-03-25,20.36448417682756,70.56322312541387,66.37562880579321,10.18224208841378
2021-03-26,12.344915083545995,66.27840592790525,64.26885053915045,6.172457541772998
2021-03-27,95.69691610249697,64.57791895273847,50.627300083046336,47.848458051248485
2021-03-28,55.27126671311503,70.51046094934333,59.17406937394247,27.635633356557516
2021-03-29,50.42004430689578,60.747382029194085,55.328547248243076,25.21002215344789
2021-03-30,4.32548731303918,63.378627710608,62.79993686632691,2.16274365651959
2021-03-31,4.232854778316121,62.127090213971115,61.613768096378344,2.1164273891580603
2021-04-01,10.155187344122172,62.333321776514225,61.0808498443558,5.077593672061086
2021-04-02,44.08941974281345,49.23414378871499,49.57180534833485,22.044709871406724
2021-04-03,44.00674595025173,55.34389182180235,52.99221892392551,22.003372975125863
2021-04-04,9.91012313690806,59.19649894221596,58.2851145727579,4.95506156845403
2021-04-05,71.06454855390099,33.40543637861261,45.19828810064144,35.532274276950496
2021-04-06,45.215818609079086,48.179543191601326,49.00267763994351,22.607909304539543
2021-04-07,91.90796694762565,35.25618058043712,48.80692525938659,45.953983473812826
2021-04-08,24.912837753704395,55.583654630128656,54.192607811397494,12.456418876852197
2021-04-09,42.828229624391625,61.38121146173376,56.50684008286485,21.414114812195812
2021-04-10,84.44328888815228,72.20306028685195,53.45406594681494,42.22164444407614
2021-04-11,98.61564327243212,98.4295542925516,50.670437792980074,49.30782163621606
2021-04-12,99.75092961432392,100.0,50.12453519283804,49.87546480716196
2021-04-13,95.24542323313706,72.25997560550618,51.05836762844875,47.62271161656853
2021-04-14,36.49100382423064,70.3460353452022,62.921562809305144,18.24550191211532
2021-04-15,92.38481727994564,52.15581730638449,50.164169426991734,46.19240863997282
2021-04-16,37.490065386874065,66.1677223173857,60.10643264902957,18.745032693437032
2021-04-17,59.7851575863506,63.06796797261277,55.25526272685239,29.8925787931753
2021-04-18,94.73164286424336,31.82908133181336,49.04269110971205,47.36582143212168
2021-04-19,98.05618145067763,42.1372256552312,49.84716193379503,49.028090725338814
2021-04-20,80.43304826774477,35.98055620274077,47.256822199059634,40.21652413387238
2021-04-21,75.65932881900989,65.07478441487686,53.66930370566833,37.82966440950494
2021-04-22,75.86297683733059,36.58850811646483,46.76286509761159,37.931488418665296
2021-04-23,9.153558021328195,60.575822056037175,59.60775804790539,4.576779010664097
2021-04-24,8.152635546703827,58.598959428567554,57.89791760554751,4.076317773351914
2021-04-25,41.48889377611612,49.31368412094478,49.59842898697462,20.74444688805806
2021-04-26,98.80996753139183,40.7342961545154,49.88973511579366,49.40498376569592
2021-04-27,69.99890141551575,58.53997250184818,52.562085569367326,34.99945070775787
2021-04-28,79.14869014907559,41.52529739721535,48.23291350134902,39.574345074537796
2021-04-29,99.37743271221532,42.50083139341536,49.95331262939959,49.68871635610766
2021-04-30,89.79467110292548,45.55014210312627,49.545877366171595,44.89733555146274
2021-05-01,85.37059487912794,27.23538077969175,46.6696716300372,42.68529743956397
2021-05-02,92.38806928447603,22.673595994775795,47.919933060078165,46.194034642238016
2021-05-03,40.57181162924392,54.52999332977122,52.69209296919912,20.28590581462196
2021-05-04,88.75067066337152,26.77335002946376,47.38715765094846,44.37533533168576
2021-05-05,94.11371223605623,32.466664321148365,48.96793740732457,47.056856118028115
2021-05-06,85.73089019554219,32.69155377444788,47.53023880263043,42.865445097771094
2021-05-07,78.80652253648671,36.51856776893443,47.1428156983503,39.403261268243355
2021-05-08,23.434312409074213,44.47525418032098,45.76994037551183,11.717156204537106
2021-05-09,7.196114787353541,46.79895203853563,47.02930312424085,3.5980573936767706
2021-05-10,58.3852386955512,35.27600484297694,43.87264456092625,29.1926193477756
2021-05-11,95.57477595374957,64.51733657760516,50.642424669107285,47.78738797687478
2021-05-12,97.98403379616687,23.91371340523883,49.474109278414566,48.992016898083435
2021-05-13,93.56193127562044,31.057559280589427,48.78047264840949,46.78096563781022
2021-05-14,84.8861738413272,39.94735110233629,48.48066012126537,42.4430869206636
2021-05-15,94.20663572288122,28.172035322298093,48.73542649193991,47.10331786144061
2021-05-16,95.7838872058857,28.313933500319237,49.08569097576682,47.89194360294285
2021-05-17,69.70040566395602,24.250364299348025,42.1979648396933,34.85020283197801
2021-05-18,68.5231455082681,30.924541352392872,43.99564563786221,34.26157275413405
2021-05-19,92.81533611966017,25.753819544537333,48.25799343045436,46.40766805983009
2021-05-20,58.50790714650099,33.7423282221467,43.254351730116,29.253953573250495
2021-05-21,97.32722539653612,17.294281729428175,49.125849868183714,48.66361269826806
2021-05-22,84.8711072054782,34.241602279576966,47.61592890274283,42.4355536027391
2021-05-23,71.99954395638565,47.3833443147242,49.26732447503161,35.999771978192825
2021-05-24,99.92359726440937,100.0,50.03820136779531,49.96179863220468
2021-05-25,74.4290003151487,32.2892679920864,45.47118877407155,37.21450015757435
2021-05-26,38.727079502007165,38.00174121010715,42.64831643052552,19.363539751003582
2021-05-27,95.59563602022938,19.447971034936756,48.654377441173665,47.79781801011469
2021-05-28,22.636162049033288,36.55413583676186,39.59776343764534,11.318081024516644
2021-05-29,98.50107775801486,19.118662798729105,49.53711276806772,49.25053887900743
2021-05-30,27.923115554946808,36.16352925594707,40.02710297053538,13.961557777473404
2021-05-31,14.091529217792525,38.89203117144294,40.457313844422345,7.045764608896262
2021-06-01,14.468076272330002,38.10360604170358,39.82478539324676,7.234038136165001
2021-06-02,54.75890733139897,35.86511043670404,43.605221514064866,27.379453665699486
2021-06-03,49.756298981414815,31.065142517324258,40.486426818109194,24.878149490707408
2021-06-04,74.62894508242094,27.675587334014303,44.33606100248579,37.31447254121047
2021-06-05,56.11520489788807,24.99031181769204,39.02454958551705,28.057602448944035
2021-06-06,93.56628956979468,17.854267958914257,47.93183668480682,46.78314478489734
2021-06-07,98.66845282956362,36.97714196858964,49.82659450237281,49.33422641478181
2021-06-08,85.36346406785628,18.96607842859771,45.457708918048404,42.68173203392814
2021-06-09,82.74431634522142,22.318019164725378,45.22328495768858,41.37215817261071
2021-06-10,70.6564858915847,18.289116799457535,40.69491251414572,35.32824294579235
2021-06-11,85.93179529471246,35.59077385335965,47.97288056924282,42.96589764735623
2021-06-12,33.97983286769315,19.73351610347473,30.01801674644128,16.989916433846574
2021-06-13,11.149612380568785,20.774380483929384,24.032923775791122,5.574806190284392
2021-06-14,1.0845455376205628,23.50956390282823,23.79686474541633,0.5422727688102814
2021-06-15,3.722509500965672,24.245640146245186,25.204348638714098,1.861254750482836
2021-06-16,42.09772916813616,16.43294255904609,30.56391149025156,21.04886458406808
2021-06-17,18.364923251965674,24.714131662207393,29.35786197603609,9.182461625982837
2021-06-18,41.64745527775415,34.19626473976928,40.77811831448853,20.823727638877074
2021-06-19,17.14750211263073,16.182838813151566,21.981637242098138,8.573751056315364
2021-06-20,90.52706582212409,31.388026413609133,48.23689999295755,45.26353291106204
2021-06-21,17.22953266449533,19.608959423771914,24.845193686933165,8.614766332247665
2021-06-22,24.550107725070674,21.53181257977904,28.520783258818305,12.275053862535337
2021-06-23,9.252496143409122,14.374746899301957,17.67097206852378,4.626248071704561
2021-06-24,40.852119924300275,16.873658064244516,30.40647099837312,20.426059962150138
2021-06-25,52.637999896260176,14.971985298305098,33.41003164064526,26.318999948130088
2021-06-26,24.307357599863817,15.447210215678961,23.846080389283088,12.153678799931908
2021-06-27,14.024924524619301,14.444728885110658,19.431328823497658,7.012462262309651
2021-06-28,17.9182637801652,11.607269342075972,18.486580093771153,8.9591318900826
2021-06-29,46.00455129122663,15.870698564299188,31.571730548623517,23.002275645613317
2021-06-30,76.34750457510108,13.546668535978409,41.377877443249055,38.17375228755054
2021-07-01,84.31676053361183,15.776817683353814,44.63269636426176,42.15838026680591
2021-07-02,29.815401982104618,14.59518431353998,25.151272431481264,14.907700991052309
2021-07-03,37.35382088053863,11.960228589591624,26.16953666560191,18.676910440269314
2021-07-04,99.39252771825213,29.345603271983638,49.87453026491506,49.69626385912606
2021-07-05,65.81215891025388,6.16879770587415,35.0150582119591,32.90607945512694
2021-07-06,8.758173734823172,10.379020291491047,13.849094529801299,4.379086867411586
2021-07-07,68.46551634799731,12.870532251915922,38.29141406290481,34.232758173998654
2021-07-08,87.78076356501614,23.342998117910373,46.74271791354938,43.89038178250807
2021-07-09,40.00082999605752,9.872939679202087,25.924096860539912,20.00041499802876
2021-07-10,26.742203867388405,13.31521277017873,23.1255333594952,13.371101933694202
2021-07-11,47.614166006067826,12.091586119473934,30.141361234814873,23.807083003033913
2021-07-12,6.820744432331413,11.651379009110197,14.267040440222187,3.4103722161657064
2021-07-13,98.16130562003906,39.148552764951006,49.80047504954473,49.08065281001953
2021-07-14,97.86882903627256,28.867081228138357,49.54962137134598,48.93441451813628
2021-07-15,97.58094583174535,19.83902731398236,49.270389733052745,48.79047291587268
2021-07-16,91.8553863550229,21.201718920843188,47.65449126970813,45.92769317751145
2021-07-17,98.09818224735433,19.357648339684268,49.417238316296,49.049091123677165
2021-07-18,89.16521814795402,16.173011836243,46.33491962533951,44.58260907397701
2021-07-19,2.5209490680650015,6.826364655102624,7.914750012979596,1.2604745340325008
2021-07-20,13.615565391418441,11.233117039173274,16.51144733891929,6.8077826957092205
2021-07-21,3.5093257351246168,9.608087486736444,11.025571267473422,1.7546628675623084
2021-07-22,41.50231410890729,26.140490240581027,36.04273892578048,20.751157054453646
2021-07-23,6.2481957387242755,10.203936962522206,12.690472877409922,3.1240978693621377
2021-07-24,60.21360293812852,19.5912754020306,37.901464090000914,30.10680146906426
2021-07-25,80.25525758922927,15.608762740508256,43.209538791236355,40.12762879461464
2021-07-26,69.94003635542087,11.90743792535183,38.54938968907202,34.970018177710436
2021-07-27,86.63614043448084,23.951937984496123,46.518973572708724,43.31807021724042
2021-07-28,75.10045653584004,13.455456421865636,40.90057548798355,37.55022826792002
2021-07-29,0.9915075941506452,7.08096032220509,7.506505859946956,0.4957537970753226
2021-07-30,34.286455146090255,12.146523476712693,25.1251387261054,17.143227573045127
2021-07-31,46.63117403698924,21.709313988477057,34.90159301876849,23.31558701849462
2021-08-01,97.20781910047212,22.908632453277956,49.243560009939536,48.60390955023606
2021-08-02,79.7452250415439,18.61407205843239,43.64285092681229,39.87261252077195
2021-08-03,88.43068687488088,11.91132757941482,45.59340222246161,44.21534343744044
2021-08-04,99.97163549331466,100.0,50.01418225334267,49.98581774665733
2021-08-05,51.167629146545856,9.865556570312002,30.401399744444994,25.583814573272928
2021-08-06,17.547060923863853,9.291798111226646,16.4348910976592,8.773530461931927
2021-08-07,80.6962438386647,18.4922023419807,43.91781156828904,40.34812191933235
2021-08-08,55.69601088430859,15.790878066820524,34.843994342150566,27.848005442154296
2021-08-09,26.01717817898019,12.350812221193502,22.146068488544422,13.008589089490094
2021-08-10,2.308836173774346,6.4290436901150345,7.435025690657074,1.154418086887173
2021-08-11,22.955081024405942,11.627048396180909,20.43559052829366,11.477540512202971
2021-08-12,0.6949247234112371,6.92133139528804,7.220695713938579,0.34746236170561856
2021-08-13,22.826732077413787,9.32744614540673,18.61166104283657,11.413366038706894
2021-08-14,0.2774725902357063,5.3968214298359065,5.520583024741999,0.13873629511785315
2021-08-15,7.1516973860172275,8.83267281559478,11.776835477735046,3.5758486930086137
2021-08-16,53.11310480734326,22.865106401805072,37.27729087797542,26.55655240367163
2021-08-17,16.915163680066755,6.898309149778151,14.189030705969532,8.457581840033377
2021-08-18,49.055460943771564,15.055965667333071,32.19792278157262,24.527730471885782
2021-08-19,20.514875495970983,12.583817671259714,20.25970089134628,10.257437747985492
2021-08-20,25.33019758924105,12.862809853027436,22.269733496347744,12.665098794620524
2021-08-21,8.395668841660195,11.000077078978748,14.27438145593042,4.197834420830097
2021-08-22,98.30142772836923,8.484700719249055,49.29483263793264,49.15071386418462
2021-08-23,64.69969982420643,14.720788334713388,37.546332382500246,32.34984991210322
2021-08-24,67.03568489160608,10.071883627764816,36.83796990221017,33.51784244580304
2021-08-25,43.44856206166743,15.638575789597276,30.56812051292692,21.724281030833716
2021-08-26,17.117261105379942,6.876948698363407,14.258433986271484,8.558630552689971
2021-08-27,60.92744895546901,13.402116570603658,35.70027331583117,30.463724477734505
2021-08-28,80.88574660164811,13.683605900011923,43.05839240658416,40.442873300824054
2021-08-29,85.49674773169822,9.915301444017539,44.18641504743754,42.74837386584911
2021-08-30,86.71953824384322,14.626688714860691,45.30226092289078,43.35976912192161
2021-08-31,46.22260668973472,13.165660501089747,30.191452374432632,23.11130334486736
2021-09-01,2.4418556358501533,6.01233288136892,7.086448209984218,1.2209278179250767
2021-09-02,6.734647255508712,9.123500830583279,11.876388860044443,3.367323627754356
2021-09-03,20.012662300594712,11.302632774079697,19.047006196224142,10.006331150297356
2021-09-04,28.996237004381513,9.539775617228013,21.271718171761137,14.498118502190756
2021-09-05,22.894810041973024,11.309884370498997,20.167912848892968,11.447405020986512
2021-09-06,12.906233323435542,13.857722549912502,18.522329206024224,6.453116661717771
2021-09-07,16.983114259554156,7.922721020382643,15.068753386802422,8.491557129777078
2021-09-08,46.75630859014243,13.555589337012913,30.595650450457928,23.378154295071216
2021-09-09,13.340669608097585,8.263831153428708,13.831715546327535,6.670334804048792
2021-09-10,12.161126833086604,8.958991729325087,13.950040798699426,6.080563416543302
2021-09-11,51.99658179223602,6.305414887917178,29.025105574499506,25.99829089611801
2021-09-12,47.7040848079995,14.149364095810094,31.251581851751965,23.85204240399975
2021-09-13,20.66756910504964,11.366069021828736,19.350763404739464,10.33378455252482
2021-09-14,5.33225078336057,7.351173502961175,9.625315887943618,2.666125391680285
2021-09-15,95.26564344746163,11.834448965306033,48.19310673377659,47.632821723730814
2021-09-16,99.67907839597171,97.87096774193549,50.15362827754129,49.83953919798586
2021-09-17,31.407948232100498,12.485401172747242,24.26796695189097,15.703974116050249
2021-09-18,9.072539193676677,7.505829848366844,11.361130090401417,4.536269596838339
2021-09-19,92.67058104735572,27.59614569498997,48.35792765644578,46.33529052367786
2021-09-20,45.020589791197736,10.62448117123236,28.351571981287666,22.510294895598868
2021-09-21,15.158587125333245,10.711908374528901,16.667427973456693,7.5792935626666225
2021-09-22,84.34820270309476,9.038912205907664,43.58885356786127,42.17410135154738
2021-09-24,1.8606090436523515,4.600782985927415,5.445484923438607,0.9303045218261757
2021-09-25,3.751009535831515,5.000539269613236,6.688473332682801,1.8755047679157575
2021-09-26,88.09464141846145,9.775063931945096,45.21107712190343,44.047320709230725
2021-09-27,18.00203429235687,10.381325360680679,17.51349275542824,9.001017146178436
2021-09-28,11.37133815626635,7.783049259064019,12.583681487080241,5.685669078133175
2021-09-29,68.6053599492451,20.047945476879185,40.59666029466037,34.30267997462255
2021-09-30,20.135589279894717,9.615694510144355,17.74731239711966,10.067794639947358
2021-10-01,14.425127333055102,10.079876157985918,15.838404853709736,7.212563666527551
2021-10-02,27.46073983054717,7.183447597028763,18.941189656818587,13.730369915273585
2021-10-03,85.5965134680553,13.200356649792914,44.69956832624924,42.79825673402765
2021-10-04,77.1213031854262,13.158562214653236,41.57115914696068,38.5606515927131
2021-10-05,89.78699168470213,45.10169732119319,49.499735940105005,44.893495842351065
2021-10-06,93.92418747890126,85.14163002351978,52.13513955708721,46.96209373945063
2021-10-07,92.8428237711029,37.520254629629626,49.10680263092497,46.42141188555145
2021-10-08,47.5849553576058,24.88337217630091,36.83510831354412,23.7924776788029
2021-10-09,12.240452364092459,17.75236977478266,21.69962559104907,6.120226182046229
2021-10-10,11.159419387121623,12.321387672302176,16.526102041197685,5.579709693560812
2021-10-11,4.401924011514162,11.875541767416395,13.553751448616183,2.200962005757081
2021-10-12,90.34135751705338,15.954275419821135,46.71164518207184,45.17067875852669
2021-10-13,36.68667173018897,13.357566381398458,26.80045571700721,18.343335865094485
2021-10-14,29.399140740125773,8.0937906056526,20.413856084348602,14.699570370062887
2021-10-15,6.496513458176034,15.099460114906025,17.36677838551725,3.248256729088017
2021-10-16,5.31774165747738,14.25716992884904,16.157881293103983,2.65887082873869
2021-10-17,2.42341296460517,11.17354344652032,12.11446882833414,1.211706482302585
2021-10-18,3.3976016196854073,10.117086151934705,11.472148678814307,1.6988008098427037
2021-10-19,98.88863119618651,8.943543879262156,49.543711354722745,49.444315598093254
2021-10-20,6.056345925022998,9.914764940450402,12.342465440515324,3.028172962511499
2021-10-21,92.24487344380722,31.444290139942314,48.560981216952584,46.12243672190361
2021-10-22,6.687101785165433,9.366737588021117,12.083925204143512,3.3435508925827166
2021-10-23,3.3027488639856455,8.01902900527271,9.405555047891207,1.6513744319928227
2021-10-24,0.4702080421359574,6.278887787573686,6.484467973307802,0.2351040210679787
2021-10-25,96.8137869051736,26.673599376056156,49.25677116876824,48.4068934525868
2021-10-26,15.760932750917636,7.748992005047368,14.408144961716687,7.880466375458818
2021-10-27,0.8953401191709951,6.037528657828669,6.431142301134181,0.44767005958549755
2021-10-28,1.265410048514654,5.906257953644321,6.464224596265036,0.632705024257327
2021-10-29,14.712744361370458,7.630602236635554,13.864303417011579,7.356372180685229
2021-10-30,47.49550139726186,4.8348185906572905,26.286247958007515,23.74775069863093
2021-10-31,32.702633173168685,9.935691913088515,23.037775620119337,16.351316586584343
2021-11-01,94.94861222993724,98.18800475546263,52.4341629788547,47.47430611496862
2021-11-02,23.56383861862859,62.28020635351616,59.38651834633903,11.781919309314295
2021-11-03,96.61214542036026,93.44172116618789,51.471742340003026,48.30607271018013
2021-11-04,92.72987505799695,74.61181230234479,51.78930950487174,46.364937528998475
2021-11-05,14.88398650402284,63.47465482753574,61.469089021541656,7.44199325201142
2021-11-06,2.467553775891038,60.95892744586975,60.688510017882024,1.233776887945519
2021-11-07,2.4955140559579982,57.72053811812017,57.52787100418688,1.2477570279789991
2021-11-08,40.10249879705985,68.25451787934085,60.93400006636911,20.051249398529926
2021-11-09,8.038836241621887,56.414372674397605,55.89873175917543,4.019418120810943
2021-11-10,29.50715566476292,52.50328255915967,51.76463507769956,14.75357783238146
2021-11-11,27.065527065527068,54.99960169337218,53.64643314388399,13.532763532763534
2021-11-12,4.6025938645924604,42.57147956607289,42.91338419179482,2.3012969322962302
2021-11-13,85.61120235612341,82.32982597555885,54.65187323824061,42.80560117806171
2021-11-14,86.77358611732001,97.8088585390302,56.32339750295713,43.386793058660004
2021-11-15,91.49892405862897,50.17297666033231,50.0147048772557,45.749462029314486
2021-11-16,95.42801294568073,76.86141304347827,51.22810032695505,47.71400647284037
2021-11-17,52.081575100310005,57.357122147743944,53.52541705114514,26.040787550155002
2021-11-18,84.7369020855133,59.28294100078738,51.416864374294214,42.36845104275665
2021-11-19,62.804884370470674,33.34504019355342,43.80516844194056,31.402442185235337
2021-11-20,12.769222144475197,41.19251642387889,42.31716356705196,6.384611072237599
2021-11-21,6.292165628770119,35.713668423886666,36.612588068931004,3.1460828143850597
2021-11-22,97.80341506945466,97.34187953624281,51.03990459173004,48.90170753472733
2021-11-23,34.15202324968728,39.728573498743046,43.23647346552686,17.07601162484364
2021-11-24,5.555186349721919,33.98766395830814,34.87717906436781,2.7775931748609595
2021-11-25,95.26262609531067,44.60664335664335,49.744496529790794,47.63131304765533
2021-11-26,94.98199125555847,79.04077926366188,51.45726884290451,47.490995627779235
2021-11-27,92.17697289527806,81.24536693847294,52.44433352456657,46.08848644763903
2021-11-28,79.51435637616979,87.82115448782115,57.74790692279331,39.75717818808489
2021-11-29,67.83347218940797,83.69542807071801,60.83864924126554,33.916736094703985
2021-11-30,51.2441897366014,71.23482315304047,60.35321008626465,25.6220948683007
2021-12-01,11.812550744319232,66.40734269850763,64.46921701645206,5.906275372159616
2021-12-02,90.7401961596448,81.83302395276542,52.94767557447937,45.3700980798224
2021-12-03,8.971119246014855,66.73988813766549,65.23813281118602,4.485559623007427
2021-12-04,69.31332606650392,73.67859482310357,57.266173185399474,34.65666303325196
2021-12-05,90.32416431727461,81.04902590451724,53.00425272760793,45.162082158637304
2021-12-06,57.084002007057876,70.14150920607007,58.643929686625285,28.542001003528938
2021-12-07,32.486721991701245,65.82107715095232,60.68132780082988,16.243360995850622
2021-12-08,96.3362720455176,89.28510878779316,51.43929951260719,48.1681360227588
2021-12-09,98.7550054454277,99.86695493098287,50.620840873421756,49.37750272271385
2021-12-10,93.16314529688005,99.86068627154063,53.40890267436371,46.58157264844002
2021-12-11,63.714017963029,72.44080541207661,58.14286662077773,31.8570089815145
2021-12-12,4.824973990617933,74.92090713515826,73.71847984766082,2.4124869953089667
2021-12-13,41.96620800371687,75.19156814250383,64.61962225642259,20.983104001858436
2021-12-14,52.87976461757613,79.08524054899648,63.705033808231335,26.439882308788064
2021-12-15,39.70759979173538,70.77551891060597,62.526059006926246,19.85379989586769
2021-12-16,5.998907854931574,66.7405887407257,65.7363362477965,2.999453927465787
2021-12-17,4.482930475953152,63.70300800918317,63.088711687017195,2.241465237976576
2021-12-18,3.897951343100709,62.58100763886638,62.09060608263158,1.9489756715503546
2021-12-19,2.9357645739444664,60.92914881871906,60.60829473946543,1.4678822869722332
2021-12-20,27.408543418529558,70.1127803427722,64.60016020985,13.704271709264779
2021-12-21,30.198543598680526,70.9808292465448,64.64492437916226,15.099271799340263
2021-12-22,18.262279225105807,65.82848087925706,62.93783950399465,9.131139612552904
2021-12-23,39.447002122446264,75.04248612348387,65.16397609083987,19.723501061223132
2021-12-24,99.99420289855072,17.857142857142858,49.99813664596273,49.99710144927536
2021-12-25,95.78960444725101,91.84205350118017,51.76171595979254,47.894802223625504
2021-12-26,80.33832639277352,58.964605220176814,51.76259141856755,40.16916319638676
2021-12-27,32.107632621729834,72.01327433628319,64.94533308437585,16.053816310864917
2021-12-28,50.212251733872804,67.77713479240131,58.85083511937087,25.106125866936402
2021-12-29,71.55475713912752,66.56760123249055,54.71269440680284,35.77737856956376
2021-12-30,44.910722434722004,58.557652844141714,54.71434912838213,22.455361217361002
2021-12-31,8.879679594052806,56.93313069216239,56.317490900861436,4.439839797026403
2022-01-01,5.358018025501516,54.227529353423776,54.00101756863397,2.679009012750758
2022-01-02,52.18151390159079,55.99732854553182,52.86783171682106,26.090756950795395
2022-01-03,68.55409755915657,65.88708083536466,54.9958359401867,34.27704877957829
2022-01-04,94.82898205031049,83.12645150956996,51.71297475365506,47.41449102515524
2022-01-05,98.87659525130643,100.0,50.56170237434679,49.43829762565321
2022-01-06,34.82418836220309,66.18594436310396,60.54932060989524,17.412094181101544
2022-01-07,35.22585356341202,78.35099091712678,68.36411237288347,17.61292678170601
2022-01-08,32.369432408652486,63.19954343083499,58.92692614174012,16.184716204326243
2022-01-09,98.66562318192452,93.25058184639255,50.57712573784102,49.33281159096226
2022-01-10,51.09765910146658,58.93999855816735,54.37186857123897,25.54882955073329
2022-01-11,7.6978015475743105,60.94538665706959,60.1028325135937,3.8489007737871552
2022-01-12,6.88530922215277,62.58020343851683,61.71401753099906,3.442654611076385
2022-01-13,4.489885764480873,60.149414690995116,59.69371756560599,2.2449428822404367
2022-01-14,12.149034019537616,61.21251367812044,59.85030157692029,6.074517009768808
2022-01-15,4.488553296119085,55.28633116050112,55.04905136895268,2.2442766480595426
2022-01-16,6.948292261491877,55.27220866987905,54.905880202860146,3.4741461307459387
2022-01-17,18.531517881234564,48.34996573309521,48.655742128313165,9.265758940617282
2022-01-18,3.0605845388356574,51.22920968971988,51.19158868800645,1.5302922694178287
2022-01-19,6.294711180053285,52.81684210526316,52.63953003033871,3.1473555900266423
2022-01-20,48.0303724797624,36.32358223250988,42.89241662812378,24.0151862398812
2022-01-21,32.17931480928195,47.28672210087067,48.15983633768217,16.089657404640974
2022-01-22,51.963228096952406,39.30521798817998,44.86257195945386,25.981614048476203
2022-01-23,19.491996927484482,59.6546148907037,57.77273765284726,9.745998463742241
2022-01-24,6.482848557717266,53.46157603964969,53.23716730728897,3.241424278858633
2022-01-25,4.536628420123566,53.711930038287505,53.54353356523545,2.268314210061783
2022-01-26,6.76217253351496,52.472211148501934,52.305035965247434,3.38108626675748
2022-01-27,88.47500947591462,75.56745682296065,52.94664697609585,44.23750473795731
2022-01-28,53.346536296050516,37.284971329510604,44.06799871426646,26.673268148025258
2022-01-29,41.427359169759804,42.82187248723916,45.79558115361394,20.713679584879902
2022-01-30,22.397427887658967,52.163819020209914,51.67917921553895,11.198713943829484
2022-01-31,52.839260944118806,40.06559625767195,45.31486177432297,26.419630472059403
2022-02-01,56.52944799397789,35.4819320214669,43.68891570912213,28.264723996988945
2022-02-02,97.85920881823772,15.328820116054159,49.25776243843155,48.92960440911886
2022-02-03,26.524969329356008,61.602985715577255,58.52529731323083,13.262484664678004
2022-02-04,13.740323313936711,59.330175783130215,58.04817946476949,6.870161656968356
2022-02-05,8.119119457936279,55.550683891264455,55.100017235400266,4.059559728968139
2022-02-06,23.65696498054475,67.03662627284045,63.0062775616083,11.828482490272375
2022-02-07,81.0978275961397,51.55624746472542,50.2941645788131,40.54891379806985
2022-02-08,27.49992736087532,60.93665015887556,57.92907930947173,13.74996368043766
2022-02-09,4.280626706675111,58.54223116990743,58.176570141102445,2.1403133533375556
2022-02-10,2.0015991194459155,56.557323200749344,56.426071877303926,1.0007995597229578
2022-02-11,80.99007480666486,48.1948061854996,49.65683400626876,40.49503740333243
2022-02-12,4.364105311686208,55.50271753881966,55.262573150420934,2.182052655843104
2022-02-13,8.529433752253112,58.243696677730306,57.54055603086661,4.264716876126556
2022-02-14,21.144771083137226,61.86148963382861,59.3534048037055,10.572385541568613
2022-02-15,100.0,-1.0,50.0,50.0
2022-02-16,57.44976735992373,91.16883496422432,67.5174350524865,28.724883679961867
2022-02-17,44.280438213221466,72.57356799666539,62.577893167382435,22.140219106610733
2022-02-18,47.410562639851186,66.22356471641343,58.53188140412144,23.705281319925593
2022-02-19,89.30237181983117,67.70308990939363,51.893810734907916,44.65118590991558
2022-02-20,35.94388300245024,52.720683020994606,51.742763899060776,17.97194150122512
2022-02-21,77.89631145927646,56.56652762806392,51.45144481484781,38.94815572963823
2022-02-22,52.194927748091835,41.2222945131208,45.80381154993769,26.097463874045918
2022-02-23,8.81757451288622,58.27934019435253,57.549303203540155,4.40878725644311
2022-02-24,82.79063793467768,76.47943952234206,54.556942620267904,41.39531896733884
2022-02-25,57.196647687924795,38.63193791840649,45.1340883361601,28.598323843962397
2022-02-26,28.53884595269917,48.48593093393971,48.918028772320135,14.269422976349585
2022-02-27,14.9013689188572,59.83825915128747,58.37222385996089,7.4506844594286
2022-02-28,11.462145382158003,53.19858767923626,52.83196090926641,5.731072691079001
2022-03-01,10.014265157508518,58.856622016083435,57.969696403394565,5.007132578754259
2022-03-02,23.966328093544142,61.43660434011191,58.69567022120018,11.983164046772071
2022-03-03,14.789829072606766,59.66484639808567,58.23543213567881,7.394914536303383
2022-03-04,18.638804532613186,59.652005306663945,57.8529869040774,9.319402266306593
2022-03-05,12.16780254419955,58.62543442797361,57.575908598198374,6.083901272099775
2022-03-06,15.064227002539182,58.29295956430551,57.043689310309745,7.532113501269591
2022-03-07,5.53761554004523,55.22306029981732,54.93382730098869,2.768807770022615
2022-03-08,24.29307272467021,58.50783403572035,56.44101972612856,12.146536362335105
2022-03-09,4.700170488644127,55.011625043852675,54.77607012254001,2.3500852443220634
2022-03-10,9.973837752538362,56.2912990832036,55.663815120117945,4.986918876269181
2022-03-11,23.777551388799555,63.50921701636524,60.29705599807455,11.888775694399778
2022-03-12,62.54239818216498,56.78862013615985,52.54285429952813,31.27119909108249
2022-03-13,7.621577059889901,54.90846640771112,54.53436385798861,3.8107885299449507
2022-03-14,10.079144935720691,54.082410148186796,53.670938112480485,5.039572467860346
2022-03-15,100.0,-1.0,50.0,50.0
2022-03-16,77.41677426307685,67.0588343259886,53.85243506392574,38.70838713153842
2022-03-17,100.0,-1.0,50.0,50.0
2022-03-18,72.0702141286347,49.896847542151505,49.971189739401865,36.03510706431735
2022-03-19,20.84911144328185,52.541088093501976,52.01129380501578,10.424555721640925
2022-03-20,37.188587710481066,53.87588569236924,52.43449854210452,18.594293855240533
2022-03-21,21.92363326201233,50.96619513154608,50.75437005431049,10.961816631006165
2022-03-22,7.0649578257962435,49.43637708328213,49.476196804644765,3.5324789128981218
2022-03-23,2.9945380158252166,48.47235335298689,48.518099312579174,1.4972690079126083
2022-03-24,4.594380746091049,49.18480626904658,49.22225937286485,2.2971903730455243
2022-03-25,5.077867839616548,48.31885706784519,48.404223284135064,2.538933919808274
2022-03-26,10.146311687287056,49.86182164362924,49.875841650350985,5.073155843643528
2022-03-27,4.925270539958508,45.94338386265344,46.143183182185375,2.462635269979254
2022-03-28,8.950881361000814,46.45562431145892,46.772877174328386,4.475440680500407
2022-03-29,69.3840504629361,36.75546891921161,45.94506104788508,34.69202523146805
2022-03-30,100.0,-1.0,50.0,50.0
2022-03-31,99.94885969543567,88.66396761133603,50.01977287079309,49.974429847717836
2022-04-17,6.81856883568898,39.19710989873057,39.93371239652945,3.40928441784449
2022-04-18,15.432656273033235,36.997527687688276,39.00415454664366,7.716328136516617
2022-04-19,43.84254648074369,26.97591581249954,37.07026062416999,21.921273240371846
2022-04-20,51.020941485379126,48.097851402051205,49.068345525175616,25.510470742689563
2022-04-21,70.15157073542792,50.9273468367439,50.276798464602756,35.07578536771396
2022-04-22,100.0,-1.0,50.0,50.0
2022-04-23,97.94118621466494,49.37141707734084,49.98705864813603,48.97059310733247
2022-04-24,93.12776625996474,33.356438925891325,48.85621558032173,46.56388312998237
2022-04-25,73.26723848453065,33.89419162744535,45.69447265762647,36.633619242265326
2022-04-26,97.09958251880322,48.86477224046837,49.967073655611145,48.54979125940161
2022-04-27,47.35390839773847,37.67266622264435,43.510140567456816,23.676954198869236
2022-04-28,9.704772760776448,39.07166902742775,40.13223871486144,4.852386380388224
2022-04-29,17.14148085551682,35.970972438350266,38.37575551204563,8.57074042775841
2022-04-30,87.580217698972,13.382384837412618,45.45217191297843,43.790108849486
2022-05-01,89.2793451492035,40.14567514828339,48.9435518447712,44.63967257460175
2022-05-02,92.14010248168046,31.85064165063638,48.573479033507446,46.07005124084023
2022-05-03,78.74042842514169,25.629875195007802,44.81901587420038,39.37021421257084
2022-05-04,97.86271870794077,26.273977911257507,49.492908168547466,48.931359353970386
2022-05-05,100.0,-1.0,50.0,50.0
2022-05-06,100.0,-1.0,50.0,50.0
2022-05-07,99.8498946156681,100.0,50.07505269216595,49.92494730783405
2022-05-08,98.85335205073575,41.94655110148068,49.90765529336009,49.426676025367875
2022-05-09,86.08259060338739,20.88492677699726,45.94793606343117,43.041295301693694
2022-05-10,31.101923400227893,35.222757438553046,39.818764100680156,15.550961700113946
2022-05-11,15.788009401134447,26.945873047963275,30.5856607785003,7.894004700567224
2022-05-12,9.57759814619095,27.672184753729816,29.810653172841533,4.788799073095475
2022-05-13,82.10972667810688,20.744422047681933,44.7660971424308,41.05486333905344
2022-05-14,65.63651329088597,31.223641420753818,43.547788515165145,32.818256645442986
2022-05-15,13.246076886178304,27.367035281727226,30.365015189931242,6.623038443089152
2022-05-16,73.22240788115249,24.390319433906757,43.14234419507179,36.611203940576246
2022-05-17,45.411513841584075,13.779306151917012,30.227671552257014,22.705756920792037
2022-05-18,39.59354636604478,22.695098790066385,33.50607751082417,19.79677318302239
2022-05-19,20.307277068410674,21.332847019591497,27.1543652029482,10.153638534205337
2022-05-20,10.243824449718344,16.180678771447276,19.645070668186545,5.121912224859172
2022-05-21,46.388798990929985,11.49596975477999,29.357526948641986,23.194399495464992
2022-05-22,42.47783755978777,15.449631662261517,30.12588100107442,21.238918779893886
2022-05-23,39.743983402489626,14.856043025265636,28.823651452282157,19.871991701244813
2022-05-24,94.75518754698771,25.292212920549677,48.70412290639322,47.37759377349386
2022-05-25,99.80205891852944,74.05857740585773,50.04762180830359,49.90102945926472
2022-05-26,48.10041521658876,18.673023281835693,33.74142915807681,24.05020760829438
2022-05-27,6.427052353498263,15.88414160470536,18.07678568461628,3.2135261767491317
2022-05-28,78.06392531342134,14.728550379689448,42.26282846824971,39.03196265671067
2022-05-29,99.8633537543556,55.757575757575765,50.007867511112856,49.9316768771778
2022-05-30,77.49733085941143,13.705836289096688,41.83284442279187,38.74866542970572
2022-05-31,58.13612013845538,20.775000247698877,37.76528121415995,29.06806006922769
2022-06-01,40.50601654628041,18.401263977343277,31.200653219096075,20.253008273140203
2022-06-02,78.01653577571022,18.017720803091713,42.969187094635195,39.00826788785511
2022-06-03,93.81859598260509,19.072026800670017,48.0882170221578,46.909297991302545
2022-06-04,2.946380363002035,10.691085092178914,11.849275241932135,1.4731901815010175
2022-06-05,35.68301498445948,17.238520449310617,28.928804106513738,17.84150749222974
2022-06-06,3.068574063228202,10.253064477769279,11.472728632132489,1.534287031614101
2022-06-07,98.68186749931671,12.8023876845743,49.509686182592205,49.340933749658355
2022-06-08,26.60837767613292,9.237103373779476,20.083448859815878,13.30418883806646
2022-06-09,94.22799721651535,21.015428776462144,48.3270097421963,47.113998608257674
2022-06-10,58.256892152591945,8.490739498387425,32.67274462215031,29.128446076295972
2022-06-11,6.166374591995217,9.265258434126848,11.777115188159764,3.0831872959976083
2022-06-12,0.6868277364591923,7.5810047220514365,7.872350147147703,0.34341386822959613
2022-06-13,64.79378225878362,13.079587220808595,37.00171908600199,32.39689112939181
2022-06-14,5.979444814789433,9.315501170649823,11.748208326324468,2.9897224073947166
2022-06-15,23.90081210709935,13.484567909651975,22.212052723661518,11.950406053549674
2022-06-16,75.0334810785261,15.945494855890194,41.49777552958152,37.51674053926305
2022-06-17,14.388626615679092,6.335934506690463,12.618593855748351,7.194313307839546
2022-06-18,2.132922394439033,6.752767762595256,7.675197663961919,1.0664611972195166
2022-06-19,2.328575938325552,9.354772860654412,10.301227839898981,1.164287969162776
2022-06-20,14.271629026901362,11.498650137407537,16.99341996014613,7.135814513450681
2022-06-21,51.444418861764326,13.103359890638016,32.08462197441594,25.722209430882163
2022-06-22,98.36562871424489,21.816799695933106,49.53938186682348,49.182814357122446
2022-06-23,9.6442462843247,11.998621006665134,15.66356758822198,4.82212314216235
2022-06-24,56.832167382552846,14.802411896125111,34.80596408194079,28.416083691276423
2022-06-25,21.310627800642045,11.677314312705663,19.84411922273488,10.655313900321023
2022-06-26,21.76008205162276,13.700207779939019,21.599072351592866,10.88004102581138
2022-06-27,2.210545990737472,7.177838280954667,8.12444185998214,1.105272995368736
2022-06-28,83.84494896965529,11.275697998024956,43.74406925043613,41.922474484827646
2022-06-29,74.47939127550174,12.748291914112322,40.49313733620833,37.23969563775087
2022-06-30,12.767106107388543,12.99204257922311,17.71688777131087,6.383553053694271
2022-07-01,66.98388350520807,15.341729554615203,38.55718505467171,33.491941752604035
2022-07-02,0.38588628192959756,5.531127053922703,5.702726334350317,0.19294314096479878
2022-07-03,7.455479985462852,9.912370266479662,12.901095477908727,3.727739992731426
2022-07-04,64.89065202334194,12.46212456808718,36.820696691565296,32.44532601167097
2022-07-05,63.8821082147205,10.934252081538903,35.89027544170014,31.94105410736025
2022-07-06,27.161856776145545,10.970971427269022,21.571980269315134,13.580928388072772
2022-07-07,82.83670073785217,16.608115123199692,44.268850869322875,41.418350368926085
2022-07-08,6.101146599446011,4.728945302566257,7.490998716772079,3.0505732997230055
2022-07-09,14.950197838515608,5.647684834875149,12.278443698023276,7.475098919257804
2022-07-10,79.70128594576897,12.448704599742758,42.377569923042174,39.850642972884486
2022-07-11,14.683223265023182,8.43568691844554,14.538667806783417,7.341611632511591
2022-07-12,9.97782566990146,7.476342367400786,11.719278794447282,4.98891283495073
2022-07-13,0.2668804479437744,4.157816261422228,4.2801600867309535,0.1334402239718872
2022-07-14,38.30372478571488,10.26434176815122,25.484578939070836,19.15186239285744
2022-07-15,33.63884668708957,10.082067705857332,23.5099997509402,16.819423343544784
2022-07-16,3.1612155549832606,9.027368204327527,10.322601413938342,1.5806077774916303
2022-07-17,3.6961740372794627,7.041248250685171,8.629078479582683,1.8480870186397313
2022-07-18,3.0866428242096475,7.329758782080955,8.646836720706801,1.5433214121048238
2022-07-19,2.721298946205384,7.157420553165597,8.323295216179506,1.360649473102692
2022-07-20,8.951449133924974,7.884822389666307,11.654741091117488,4.475724566962487
2022-07-21,25.107402134345026,12.757095588846582,22.10782136586459,12.553701067172513
2022-07-22,1.720689605040987,7.608493516593126,8.337919762073383,0.8603448025204935
2022-07-23,70.17812981316374,16.626465824650182,40.04738796146774,35.08906490658187
2022-07-24,9.039369686296823,10.306842309536313,13.894853573342084,4.519684843148411
2022-07-25,1.4532003846401476,9.683830285863618,10.269705019221623,0.7266001923200738
2022-07-26,50.8815128124812,15.008974386046415,32.81293756702879,25.4407564062406
2022-07-27,60.815563860189044,18.75678107385747,37.757520831864355,30.407781930094522
2022-07-28,34.8514189762781,14.346246973365616,26.772085821445398,17.42570948813905
2022-07-29,41.16842893564762,10.150318938493708,26.555806567382156,20.58421446782381
2022-07-30,54.05546096143118,10.443995052678144,31.826175864879495,27.02773048071559
2022-07-31,62.0459979387814,8.880013549765337,34.393319495105125,31.0229989693907
2022-08-01,12.968364929647938,10.852435786415132,15.92923477470108,6.484182464823969
2022-08-02,31.923015449633528,9.114026716102535,22.16606228425416,15.961507724816764
2022-08-03,2.1194272873407574,7.638348118898435,8.5361725282348,1.0597136436703787
2022-08-04,0.9214972409080807,7.216462430459772,7.610711548725958,0.46074862045404036
2022-08-05,32.9960908645746,12.297940072586739,24.738146024052387,16.4980454322873
2022-08-07,73.10546328626046,21.51569085207529,42.33927701855632,36.55273164313023
2022-08-08,33.09003442987326,9.139436423132395,22.66021097895814,16.54501721493663
2022-08-09,1.2394728917226554,4.4975364174904895,5.061527118661669,0.6197364458613277
2022-08-10,7.284519280291074,10.414580771462042,13.298188267348939,3.642259640145537
2022-08-11,12.557587182686577,12.055055368776948,16.820024872264934,6.278793591343288
2022-08-12,65.06341344070528,18.673851504127523,39.05571301504631,32.53170672035264
2022-08-13,15.446129955759652,7.710816749941688,14.242858951975037,7.723064977879826
2022-08-14,4.341731750418952,4.540530683749737,6.514258896625336,2.170865875209476
2022-08-15,59.87885451132109,16.848146424693656,36.69909659485754,29.939427255660544
2022-08-16,4.748207714098209,6.415855400146082,8.485321116160064,2.3741038570491044
2022-08-17,64.80836670489447,14.229225719387365,37.41168028834688,32.404183352447234
2022-08-18,98.0749799153546,8.03484995159729,49.19216243301668,49.0374899576773
2022-08-19,90.7651452694725,26.72378987035126,47.85047580775461,45.38257263473625
2022-08-20,77.73143993018923,17.054191410540426,42.66344282377131,38.86571996509461
2022-08-21,7.147899459760235,5.829463049880258,8.986728621911062,3.5739497298801175
2022-08-22,10.940948568509917,6.422403342223548,11.190205779943566,5.4704742842549585
2022-08-23,1.6323106125110585,3.201411965393336,3.9653102843875514,0.8161553062555292
2022-08-24,0.8779016758430618,5.561934534909547,5.952057056339813,0.4389508379215309
2022-08-25,12.62600251693532,8.168722176931542,13.450340367738372,6.31300125846766
2022-08-26,16.435389911018657,12.525931097192858,18.684940436893,8.217694955509328
2022-08-27,92.25614049621008,18.83023106546855,47.58625688605393,46.12807024810504
2022-08-28,62.99817290802117,17.77118900559361,38.07475108204908,31.499086454010584
2022-08-29,13.857007607215227,11.047080543544803,16.444789555858218,6.928503803607613
2022-08-30,27.40771181761954,11.89035722250496,22.335338289685062,13.70385590880977
2022-08-31,85.83521210815111,15.702854133446465,45.14188203504468,42.917606054075556
2022-09-01,77.22065739376266,15.121103488435573,42.05481666635577,38.61032869688133
2022-09-02,27.321671703251088,12.37170517177371,22.652384352273106,13.660835851625544
2022-09-03,93.17715334317829,12.937890838443325,47.47130912412312,46.588576671589145
2022-09-04,24.92734670154025,13.599148359624506,22.672914850334205,12.463673350770126
2022-09-05,40.3264747365801,9.757453996899526,25.985854144196463,20.16323736829005
2022-09-06,25.000415113450508,11.641229296102063,21.231081204493186,12.500207556725254
2022-09-07,62.3932616181321,12.499724372119688,35.89736945214368,31.19663080906605
2022-09-08,73.23685257973034,17.131038970092717,41.203231504054926,36.61842628986517
2022-09-09,79.31125970574945,20.274115336833244,43.850088921868974,39.655629852874725
2022-09-10,71.94409090720649,13.73560203621748,39.82569347423232,35.97204545360324
2022-09-11,49.25025053894402,9.356321087189382,29.373434779992575,24.62512526947201
2022-09-12,1.7038138514832566,4.7172641684836805,5.488797693911628,0.8519069257416283
2022-09-13,2.9420133040641154,3.956853774866746,5.311449262419861,1.4710066520320577
2022-09-14,96.27029635105724,18.355449447559824,48.8197520433541,48.13514817552862
2022-09-15,45.329096516863956,17.278938922001206,32.111100279389284,22.664548258431978
2022-09-16,59.17792594282396,12.958616555409922,34.87893901844689,29.58896297141198
2022-09-17,76.34892440468664,13.452690801062122,41.356168273306295,38.17446220234332
2022-09-18,52.91920749103147,10.75703356367226,31.524100397748374,26.459603745515736
2022-09-19,29.356536100955694,7.650623111061507,20.082933225992523,14.678268050477847
2022-09-20,24.656274648179664,8.673768771126557,18.863277844659386,12.328137324089832
2022-09-21,9.707064666699889,13.405295521756527,16.957567150047343,4.8535323333499445
2022-09-22,7.8072727499268,13.894876733002217,16.713702183154016,3.9036363749634
2022-09-23,13.395560354673256,9.116412227467924,14.592997902693275,6.697780177336628
2022-09-24,100.0,-1.0,50.0,50.0
2022-09-25,87.75101732983035,13.789370411718934,45.56456625697213,43.87550866491517
2022-09-26,57.773665385924,28.572341010926817,40.95188501531082,28.886832692962
2022-09-27,70.27992976360518,20.520922705617288,41.23879752306834,35.13996488180259
2022-09-28,94.59312801607192,33.58231824101739,49.1123169645631,47.29656400803596
2022-09-29,94.6057378101561,30.926331145149526,48.97111629274677,47.30286890507805
2022-09-30,99.17863923690264,80.31257877489286,50.248975628339956,49.58931961845132
2022-10-01,99.99213250517597,2.631578947368421,49.99627329192546,49.99606625258799
2022-10-02,42.943241370439374,8.777639200485789,26.47985709721456,21.471620685219687
2022-10-03,3.595057626414703,13.003674839198858,14.33371404838542,1.7975288132073515
2022-10-04,83.97952885718665,12.072242117102558,43.9237944932543,41.989764428593325
2022-10-05,8.265485586376878,10.106680368593915,13.404056952655043,4.132742793188439
2022-10-06,0.4783029487387174,8.966988111212439,9.163250217032818,0.2391514743693587
2022-10-07,0.3266948985335075,8.991990264963034,9.125961340757526,0.16334744926675376
2022-10-08,21.49230430684786,8.083930507443743,17.092659716253753,10.74615215342393
2022-10-09,99.19788310709524,55.085183273102736,50.04078911406873,49.59894155354762
2022-10-24,99.61490683229813,76.18279569892474,50.100828157349895,49.807453416149066
2022-10-25,9.214969574879026,10.802284856761808,14.414342381258956,4.607484787439513
2022-10-27,1.9601449651605936,5.866240729403441,6.7313263896821365,0.9800724825802968
2022-10-28,2.853339314567212,6.888258470563335,8.118382740817353,1.426669657283606
2022-10-30,1.6784872431231244,7.129776119875883,7.849347358802089,0.8392436215615622
2022-10-31,31.136079226495717,10.880067022876379,23.060480347985614,15.568039613247858
2022-11-02,42.14495651470494,14.658569026526463,29.553199741971348,21.07247825735247
2022-11-03,92.94698955861219,35.5599271830407,48.98154015647586,46.473494779306094
2022-11-05,41.24794936194306,31.273673323143285,38.99789906816518,20.62397468097153
2022-11-06,45.374952811990525,39.92101915665167,44.49435195825054,22.687476405995262
2022-11-07,26.03317874817143,35.26896923180502,39.10392480313735,13.016589374085715
2022-11-09,46.212919335036666,27.65377452700332,37.98061767926469,23.106459667518333
2022-11-10,28.541217879274633,30.71586021427306,36.21978856666127,14.270608939637317
2022-11-11,88.32040273044613,29.20110681471496,47.57077303943402,44.16020136522307
2022-11-12,96.56032121062779,36.740713984708925,49.54392315130984,48.280160605313895
2022-11-14,71.56592694841869,32.08056039478384,44.90477345221884,35.782963474209346
2022-11-15,47.78573339222285,27.379987927309696,38.1891265896541,23.892866696111426
2022-11-16,90.76677389087158,51.71949660138636,50.15876500914478,45.38338694543579
2022-11-17,53.92912716031453,43.597364640610294,47.050250005186825,26.964563580157265
2022-11-18,73.96490050029637,39.6543626565199,47.30650302374646,36.98245025014818
2022-11-19,8.582084902956776,31.63203183920475,33.208386461712266,4.291042451478388
2022-11-20,40.51249927402159,19.42160575186371,31.809677499647382,20.256249637010797
2022-11-21,19.887067811212255,27.168651595717115,31.709137335090983,9.943533905606127
2022-11-23,25.85114485598245,63.13299952139316,59.73796879118234,12.925572427991225
2022-11-24,47.09501365454519,42.76117238514059,46.170299238787614,23.547506827272596
2022-11-26,26.44687960483988,43.30602904619344,45.07637548512961,13.22343980241994
2022-11-27,12.291061914194708,48.9510141853374,49.0799456812887,6.145530957097354
2022-11-28,99.95507246376812,100.0,50.02246376811594,49.97753623188406
2022-11-29,97.85035292558644,96.2531304180312,50.994279064855895,48.92517646279322
2022-12-01,39.02016370035861,56.48374087498086,53.95377457165627,19.510081850179304
2022-12-02,93.67634359837731,98.80472868978616,53.08624335008625,46.83817179918866
2022-12-03,89.78727811263695,92.9420354520748,54.38555065349324,44.89363905631848
2022-12-04,97.90904912357709,95.28666204574711,50.94692185694824,48.954524561788546
2022-12-05,75.09893789393858,80.45914843691494,57.58465146925362,37.54946894696929
2022-12-06,9.260428260544545,62.99601812439929,61.79253118926192,4.630214130272273
2022-12-07,17.27748256393225,60.40915979966075,58.61071903022251,8.638741281966125
2022-12-08,3.6962350238932373,56.88531201007506,56.630814696054344,1.8481175119466187
2022-12-09,98.45365094089584,83.11462238885913,50.51206765173602,49.22682547044792
2022-12-10,97.06403630822236,96.05782792665727,51.352241105148074,48.53201815411118
2022-12-11,81.01162993111566,76.74946522896931,55.07928744912424,40.50581496555783
2022-12-12,14.487205570341338,73.0608628098371,69.7199882082816,7.243602785170669
2022-12-13,83.51842299876331,83.49106996970954,55.51985648559573,41.75921149938166
2022-12-14,90.30635696922765,96.37738428348676,54.49565807945073,45.153178484613825
2022-12-15,92.33242846464282,99.27896300297057,53.77849974013497,46.16621423232141
2022-12-16,99.40041407867494,100.0,50.29979296066253,49.70020703933747
2022-12-17,23.036540576432262,79.91345609447036,73.02243064345444,11.518270288216131
2022-12-18,2.035950529081299,70.97152379094834,70.5445539413701,1.0179752645406495
2022-12-19,98.69737418715692,99.82461734693877,50.64902832671151,49.34868709357846
2022-12-20,65.68388333419676,83.09551270825659,61.357094752111074,32.84194166709838
2022-12-21,95.8390885050497,77.85796048375056,51.15914508002709,47.91954425252485
2022-12-22,47.58835375097733,71.67921683767347,61.362434438519976,23.794176875488667
2022-12-23,54.71484907921527,61.29992262365336,55.117187014053314,27.357424539607635
2022-12-24,40.74547408516977,66.98901991540853,60.06676320845141,20.372737042584884
2022-12-25,7.024275190804826,59.24271792627264,58.59348398402139,3.512137595402413
2022-12-26,62.550874639497586,81.07207316938137,61.63621963330866,31.275437319748793
2022-12-27,46.49337127497179,63.87651708084766,57.424856474414284,23.246685637485896
2022-12-28,47.169157973529735,81.9138038627738,66.8603313033796,23.584578986764868
2022-12-29,48.76478822126601,67.88508473341454,59.16346103997097,24.382394110633005
2022-12-30,63.41326401585348,66.10444133461,55.89208943281553,31.70663200792674
2022-12-31,74.25363777105825,56.75451589013749,51.73904212788622,37.126818885529126
2023-01-01,36.48176108977177,56.80817091527703,54.32443026738234,18.240880544885886
2023-01-02,44.01686097985266,72.54606396177849,62.621994331293784,22.00843048992633
2023-01-03,92.24054738010528,84.72870906616136,52.69475772548987,46.12027369005264
2023-01-04,31.9842946496387,51.48314263920671,51.008769927408416,15.99214732481935
2023-01-05,58.847792067818396,59.65952303004357,53.9751070025805,29.423896033909198
2023-01-06,4.209780945202037,49.37025250598314,49.396763495989156,2.1048904726010185
2023-01-07,32.08292959242745,62.20354568978422,58.288290718351035,16.041464796213724
2023-01-08,97.2501340665757,76.34214291092538,50.72437361404148,48.62506703328785
2023-01-09,95.08423796578305,97.87717968157695,52.3535282218408,47.54211898289152
2023-01-10,47.976490065538194,58.78815431611354,54.57190633369916,23.988245032769097
2023-01-11,99.56480331262941,6.470028544243577,49.81055900621118,49.782401656314704
2023-01-12,80.75247976285486,65.87328084780994,53.0552129434811,40.37623988142743
2023-01-13,72.10051880271196,67.67456891748327,54.93111303183497,36.05025940135598
2023-01-14,24.455538027233477,65.60642738011173,61.78979159747592,12.227769013616738
2023-01-15,100.0,-1.0,50.0,50.0
2023-01-16,82.15648578211815,80.88260904900675,55.51054273651238,41.07824289105908
2023-01-17,95.94815090901562,96.38695829926411,51.879529548184045,47.97407545450781
2023-01-18,51.55929770409645,74.97184407398049,62.09653664567413,25.779648852048226
2023-01-19,99.90931677018634,100.0,50.04534161490683,49.95465838509317
2023-01-20,56.46310838861389,72.2554310291449,59.689322884805605,28.231554194306945
2023-01-21,74.16342783270214,76.63119742761147,56.88058854240041,37.08171391635107
2023-01-22,50.633824868164844,78.7422445696235,64.18894679106072,25.316912434082422
2023-01-23,96.7812398417329,85.57828380290749,51.14517962404318,48.39061992086645
2023-01-24,75.76107899807322,87.98485392413286,59.20711873536785,37.88053949903661
2023-01-25,10.867728009867294,72.79180343527011,70.31485222938136,5.433864004933647
2023-01-26,14.180393557254318,71.97604008157597,68.85975110970854,7.090196778627159
2023-01-27,34.6292788091439,72.52156027513355,64.72250637528816,17.31463940457195
2023-01-28,50.64525897472062,73.50927696413187,61.602942762562954,25.32262948736031
2023-01-29,3.9885951140903915,65.71772782426824,65.09081130022345,1.9942975570451957
2023-01-30,5.832492348072379,63.23535248847825,62.46340156734734,2.9162461740361896
2023-01-31,9.122360363241429,61.82430579675703,60.74565001152521,4.561180181620714
2023-02-01,49.85459146632372,51.26372308125057,50.63369910182745,24.92729573316186
2023-02-02,70.66417030028965,43.2244658519864,48.01234084109301,35.33208515014483
2023-02-03,37.079892093795394,57.96736276928354,55.01307325171197,18.539946046897697
2023-02-04,29.727940566116047,58.55173981991986,56.0094836888852,14.863970283058023
2023-02-05,27.411415075935864,60.8941278722364,57.90789326227447,13.705707537967932
2023-02-06,28.443972296341176,66.04314669295677,61.479838492150776,14.221986148170588
2023-02-07,7.5946133959070945,62.785847835466704,61.81481212297405,3.7973066979535472
2023-02-08,4.27661227015779,60.92425580290411,60.457067738813684,2.138306135078895
2023-02-09,11.233920617946614,64.5280741439041,62.89600182726149,5.616960308973307
2023-02-10,4.658160658883338,61.98021829143715,61.42216047613708,2.329080329441669
2023-02-11,78.31467637201726,41.657108995679934,48.19081708578333,39.15733818600863
2023-02-12,10.89725357653717,58.2724241654648,57.37095712722735,5.448626788268585
2023-02-13,1.403551038125165,57.52093273089197,57.415372601470835,0.7017755190625825
2023-02-14,4.555149204292232,58.772332550746654,58.37273971436344,2.277574602146116
2023-02-15,3.205078948406806,56.58014435166193,56.36924553027204,1.602539474203403
2023-02-16,33.08485013205641,70.71606852182002,63.862188298121744,16.542425066028205
2023-02-17,73.12039383309748,47.87407887028643,49.42856077291403,36.56019691654874
2023-02-18,63.281454002859924,70.0414272652361,57.358920688869084,31.640727001429962
2023-02-19,33.3941178057013,53.302020488318426,52.19933987648098,16.69705890285065
2023-02-20,36.83131712761742,54.76221755123489,53.00823010263252,18.41565856380871
2023-02-21,29.11506389441601,61.728944333542124,58.31405469669085,14.557531947208005
2023-02-22,34.23541596186057,55.0039291676792,53.29081320268736,17.117707980930284
2023-02-23,80.12239319071386,74.81429003052624,54.932487004783894,40.06119659535693
2023-02-24,66.48407696135345,63.496108973486585,54.52334549676563,33.242038480676726
2023-02-25,49.381341098197325,39.857171537557,44.865836257601025,24.690670549098662
2023-02-26,95.29779850251789,80.31177066361354,51.42532053405778,47.648899251258946
2023-02-27,87.06834048018561,37.97356828193833,48.4447827978373,43.534170240092806
2023-02-28,31.32272826323818,51.263757184559324,50.86791395573266,15.66136413161909
2023-03-01,57.55951838000547,65.4319781556362,56.54940585274435,28.779759190002736
2023-03-02,83.24125802422337,60.61628596855533,51.779155972880766,41.620629012111685
2023-03-03,56.935606602515854,62.21954742416948,55.26227397413648,28.467803301257927
2023-03-04,8.794364232058102,51.059344701910625,50.96618207035159,4.397182116029051
2023-03-05,12.528760455515778,51.23994017520119,51.08459104085854,6.264380227757889
2023-03-06,92.46503576146873,70.92997691546664,51.57706627571326,46.23251788073436
2023-03-07,78.54285317692978,72.19851308293907,54.76316754474468,39.27142658846489
2023-03-08,73.94371889709433,51.25204830010978,50.326237224620755,36.971859448547164
2023-03-09,40.3402489626556,44.96313812769509,46.99502074688797,20.1701244813278
2023-03-10,78.49071071091815,43.475412363187914,48.59660757027842,39.245355355459075
2023-03-11,48.504632787571815,35.007690015863176,42.27965492004321,24.252316393785907
2023-03-12,71.64831247111105,31.38767244467514,44.723091049661,35.82415623555553
2023-03-13,96.96645918489897,22.0,49.15060857177171,48.48322959244948
2023-03-14,90.3913949451724,68.28558494470673,51.756989639301885,45.1956974725862
2023-03-15,19.580857962494758,52.12562207033267,51.70940703192139,9.790428981247379
2023-03-16,2.8682209180134492,53.78858986502233,53.67992473801603,1.4341104590067246
2023-03-17,50.5725313538951,40.613382119688815,45.36043239027951,25.28626567694755
2023-03-18,21.268728759194403,49.50874398784912,49.61322789658673,10.634364379597201
2023-03-19,66.82801940378954,47.328687935506046,49.113872880301834,33.41400970189477
2023-03-20,67.5505092392927,47.85047923322684,49.30249145738646,33.77525461964635
2023-03-21,71.84798696533625,30.4130125840347,44.4858687495595,35.92399348266812
2023-03-22,15.075485411691414,46.486890946169986,47.01650918907694,7.537742705845707
2023-03-23,44.223982872044466,41.85366615709073,45.45629944047849,22.111991436022233
2023-03-24,90.03339949693562,36.34700538427957,48.63926056994625,45.01669974846781
2023-03-25,61.684321814299636,39.152523115711105,45.84371566574763,30.842160907149818
2023-03-26,86.19620971684745,27.07107696001921,46.834939549375605,43.098104858423724
2023-03-27,76.5500289124564,27.576362865021565,44.74166357507187,38.2750144562282
2023-03-28,8.607207521469743,52.64077427269939,52.41347735087457,4.303603760734871
2023-03-29,65.1914572478837,22.176292951974794,40.314973036964545,32.59572862394185
2023-03-30,85.9920123626089,50.53901778980524,50.075505545359256,42.99600618130445
2023-03-31,99.34202489870538,83.32284455632474,50.219256020223725,49.67101244935269
2023-04-01,54.819987849205745,36.514128623945005,43.90708167365786,27.409993924602873
2023-04-02,82.4308673411249,32.65250769466621,46.952196063887754,41.21543367056245
2023-04-03,35.49947820818974,35.869509276652686,40.885759751697634,17.74973910409487
2023-04-04,9.227683882071329,43.63554443511812,44.22283627546032,4.613841941035664
2023-04-05,15.701479027047677,44.38637667810235,45.26779856664756,7.8507395135238385
2023-04-06,16.01199742615771,41.80842203598852,43.120057288747745,8.005998713078855
2023-04-07,80.81822138401277,20.446442077057718,44.33110194607366,40.40911069200639
2023-04-08,97.18838658907826,40.539147086985345,49.7339973907101,48.59419329453913
2023-04-09,59.67293974649097,42.36094680643137,46.919394415831974,29.836469873245484
2023-04-10,27.234997987142613,40.42337789742654,43.031570734298676,13.617498993571306
2023-04-11,97.62714250810622,25.165794066317627,49.41071968395029,48.81357125405311
2023-04-12,100.0,-1.0,50.0,50.0
2023-04-13,99.93457272469404,100.0,50.03271363765298,49.96728636234702
2023-04-14,83.43909444723067,49.68840724797277,49.94839741862749,41.719547223615336
2023-04-15,92.01648732899056,56.7118098796181,50.535838192193374,46.00824366449528
2023-04-16,68.58880420521133,35.47573955906904,45.437756115154144,34.294402102605666
2023-04-17,90.27594833942226,59.40747997955359,50.914788213170304,45.13797416971113
2023-04-18,48.352804465564105,45.51232859100095,47.68224357245129,24.176402232782053
2023-04-19,96.74303120916623,50.71846388606307,50.023400144542485,48.37151560458312
2023-04-20,99.95238095238095,100.0,50.023809523809526,49.976190476190474
2023-04-21,77.10942503103543,50.41195110909914,50.09429797746382,38.554712515517714
2023-04-22,57.13897621792904,41.21859290404053,46.23619901620034,28.56948810896452
2023-04-23,85.79592293257221,45.69316243055252,49.38825347246675,42.897961466286105
2023-04-24,90.22096460464797,34.21665819352652,48.45654141817556,45.11048230232399
2023-04-25,84.30803016491257,31.2666684270286,47.06037126046242,42.15401508245628
2023-04-26,23.016960127512263,48.06433524203897,48.509866427581166,11.508480063756132
2023-04-27,80.63885037604425,22.200338250090983,44.61766589364652,40.31942518802212
2023-04-28,99.66438575968695,46.63787785317705,49.98871623929854,49.832192879843475
2023-04-29,70.64396295098551,29.91737871619236,44.10453825551216,35.321981475492755
2023-04-30,77.26647212919056,44.35054516281953,48.71567961004079,38.63323606459528
2023-05-01,100.0,-1.0,50.0,50.0
2023-05-02,99.79171282042788,95.62624254473161,50.09503361374116,49.89585641021394
2023-05-03,56.19162392063238,45.551004947799534,48.05096751577956,28.09581196031619
2023-05-04,15.25313222841908,41.72256986470528,42.98513722835679,7.62656611420954
2023-05-05,28.638865073911774,30.57338922455296,36.136950072967245,14.319432536955887
2023-05-06,73.81034793656848,19.79455198721094,42.08929826124985,36.90517396828424
2023-05-07,87.61008778017872,35.791920272891446,48.239631393689024,43.80504389008936
2023-05-08,99.97536231884058,100.0,50.01231884057971,49.98768115942029
2023-05-09,87.65547721117964,35.25630266205646,48.17996092220286,43.82773860558982
2023-05-10,99.83891605828838,100.0,50.08054197085582,49.91945802914419
2023-05-11,99.79233137535431,100.0,50.103834312322846,49.896165687677154
2023-05-12,95.02212687177597,31.75804975455529,49.09193886066801,47.51106343588798
2023-05-14,99.34509932211671,55.23237432816946,50.034266854944576,49.672549661058355
2023-05-15,76.22887442917168,21.160671462829736,43.144566999645534,38.11443721458584
2023-05-16,99.47198628406724,100.0,50.26400685796638,49.73599314203362
2023-05-17,99.92256215732719,17.647058823529413,49.97494658031174,49.961281078663596
2023-05-18,78.16419954947393,18.78558955280541,43.184083622942424,39.08209977473697
2023-05-19,96.93277319623917,57.85068178749832,50.24079821606412,48.466386598119584
2023-05-20,99.34635921877815,17.453278428888186,49.78726135486048,49.673179609389074
2023-05-21,74.76238637446995,18.552552700516532,42.06341475546418,37.38119318723498
2023-05-22,42.9633303382258,27.577148927809997,37.210752505203395,21.4816651691129
2023-05-23,67.53902272618872,22.62845534168514,41.11492910897331,33.76951136309436
2023-05-24,94.86072945420358,18.756547667015873,48.39431445676101,47.43036472710179
2023-05-25,58.47579425897851,26.78040764954725,40.358248700171515,29.237897129489255
2023-05-26,21.555556016916253,26.532589104940968,31.591120006145324,10.777778008458126
2023-05-27,54.670233947237435,29.999267942277246,40.93371494939439,27.335116973618717
2023-05-28,79.173643462259,22.247208899679595,44.22010477627282,39.5868217311295
2023-05-29,57.312044734265854,27.07979049044283,40.21583121774769,28.656022367132927
2023-05-30,67.25250942199335,33.43145447179175,44.574217114237264,33.626254710996676
2023-05-31,68.35122817057947,17.883116032234817,39.83540067432226,34.17561408528974
2023-06-01,85.18499333870658,14.793784876159041,44.78419688421367,42.59249666935329
2023-06-02,22.0859634551495,24.284313255195425,29.963870431893685,11.04298172757475
2023-06-03,72.03435664183512,30.47170230738452,44.53878591336241,36.01717832091756
2023-06-04,98.80138723536415,36.08567973743306,49.83322118122056,49.40069361768207
2023-06-05,99.14347116746308,95.60067681895093,50.39058294478629,49.57173558373154
2023-06-06,73.37860189779751,22.62527640225482,42.712465851666686,36.689300948898754
2023-06-07,40.75528074034112,24.472548717445818,34.87633315350458,20.37764037017056
2023-06-08,63.88110648199032,20.300855486019405,39.27299761723554,31.94055324099516
2023-06-09,35.579081026724765,20.19475954845557,30.799190198920712,17.789540513362383
2023-06-10,56.84477706649746,21.67154396536397,37.77479164463357,28.42238853324873
2023-06-11,63.92350986922602,21.244747446296053,39.62611415038386,31.96175493461301
2023-06-12,24.231809791557225,20.477701595444405,27.631488790932252,12.115904895778613
2023-06-13,38.91153245427901,20.841524822333817,32.18753435426429,19.455766227139506
2023-06-14,32.9175576639608,19.979512001881677,29.861523449664706,16.4587788319804
2023-06-15,52.573561430793156,16.876972988098675,34.290927941938826,26.286780715396578
2023-06-16,64.40961463128507,15.313835796731775,37.655060490431595,32.20480731564253
2023-06-17,29.553049203193037,15.393386209091018,25.62069581027734,14.776524601596519
2023-06-18,33.58591676161894,17.261724328665583,28.257174344829306,16.79295838080947
2023-06-19,22.003438880951588,15.898283785150987,23.40183406984085,11.001719440475794
2023-06-20,41.860986035553026,11.059899614367916,27.360609599027697,20.930493017776513
2023-06-21,1.4635453227608608,12.081862347324826,12.636811477418577,0.7317726613804304
2023-06-22,50.01927876682228,7.848447771717717,28.932350185324918,25.00963938341114
2023-06-23,82.37086035075504,12.768158361838935,43.436346643622855,41.18543017537752
2023-06-24,31.38391569652242,9.609296334261638,22.285480721949156,15.69195784826121
2023-06-25,0.6920185258260815,9.88062523266368,10.158258738499242,0.34600926291304074
2023-06-26,5.377065246957543,10.49055858504954,12.61500702863989,2.6885326234787716
2023-06-27,93.63809397568902,14.112706318976462,47.71688410134479,46.81904698784451
2023-06-28,93.7575591894892,23.624842412580453,48.35354639892639,46.8787795947446
2023-06-29,22.94626267658996,15.096830511579787,23.105803464848087,11.47313133829498
2023-06-30,98.72932592365603,23.08945738960404,49.6580547112462,49.36466296182802
2023-07-01,87.73631428453027,20.340615337827565,46.36266627988894,43.86815714226513
2023-07-02,82.90645222115626,19.877568337474997,44.851007751616734,41.45322611057813
2023-07-03,55.99240100462701,23.240382485590814,38.223734831563206,27.996200502313506
2023-07-04,47.547625419309064,14.927445094386634,31.603612125889185,23.773812709654532
2023-07-05,27.30264727915649,11.48800246630243,22.002797313085324,13.651323639578244
2023-07-06,83.56359628678976,23.695487774136627,45.676484175766355,41.78179814339488
2023-07-07,2.3969345157739514,7.807868513391878,8.819186275935117,1.1984672578869757
2023-07-08,39.62791836362089,12.480927048538085,27.348954648530782,19.813959181810446
2023-07-09,2.1040935429603937,8.247004936789157,9.125527009906747,1.0520467714801969
2023-07-10,21.534143749169658,12.108192765984466,20.267869004915635,10.767071874584829
2023-07-11,3.0135245152607704,11.134595041393105,12.305813547776099,1.5067622576303852
2023-07-12,15.563071339740436,8.821395991571038,15.230051510112052,7.781535669870218
2023-07-13,92.47633706706,23.922022137782918,48.037980845920075,46.23816853353
2023-07-14,30.106223563449795,9.670445839445536,21.81215157716463,15.053111781724898
2023-07-15,2.1000907574823002,7.326826350100022,8.223001725845945,1.0500453787411501
2023-07-16,6.994203687127866,9.802717518728995,12.614197332159257,3.497101843563933
2023-07-17,6.7898747845588385,15.079800032080415,17.45083788441971,3.3949373922794193
2023-07-18,1.8679088932317895,9.175525441951123,9.938089432836069,0.9339544466158948
2023-07-19,19.6468087403108,6.613895354695036,15.137880354229202,9.8234043701554
2023-07-20,20.16732927120421,11.257287890529513,19.07065821024113,10.083664635602105
2023-07-21,81.38841399604199,6.379922728335543,41.88161180359123,40.694206998020995
2023-07-22,75.65805976801799,15.685122256572729,41.64709296901724,37.829029884008996
2023-07-23,29.6382841845311,13.272300414095772,24.157760391806917,14.81914209226555
2023-07-24,98.45996807301383,27.130949179887065,49.64780931597157,49.22998403650691
2023-07-25,64.48420969672082,13.663544416154727,37.09482063119734,32.24210484836041
2023-07-26,51.611645330169495,8.743698775762148,30.036754639962165,25.805822665084747
2023-07-27,53.33354068176164,8.519392347920359,30.642469105084185,26.66677034088082
2023-07-28,25.0673384603253,10.956920043423356,20.74398104147385,12.53366923016265
2023-07-29,55.54626989475867,15.021435202246614,34.450723210119754,27.773134947379337
2023-07-30,57.81885451080182,13.426781780994338,34.57299761295929,28.90942725540091
2023-07-31,30.18445757600287,10.012635083911823,22.082604282769918,15.092228788001435
2023-08-01,96.23517084716421,41.24635608602387,49.67044026199119,48.117585423582106
2023-08-02,57.485631081252066,12.380408744737009,34.00626818801245,28.742815540626033
2023-08-03,71.90543890044847,25.548269070469082,43.130393514104995,35.95271945022424
2023-08-04,93.62413327479227,16.21516273630871,47.845923802738724,46.812066637396136
2023-08-05,93.8112685449646,14.203480589022757,47.784649543405,46.9056342724823
2023-08-06,52.980839828599635,10.575162879740274,31.462772687111375,26.490419914299817
2023-08-07,47.57349219651021,8.526018421802299,28.256639811488267,23.786746098255104
2023-08-08,27.94812936112276,7.648146654529953,19.48469741435492,13.97406468056138
2023-08-09,99.44259124669479,17.60772659732541,49.819442632658934,49.721295623347395
2023-08-10,72.96572743671082,18.266111405103192,41.42097406232506,36.48286371835541
2023-08-11,0.022845797100245282,4.775862677848431,4.786194492501386,0.011422898550122641
2023-08-12,35.8134294914354,12.58981992378034,25.987688387996283,17.9067147457177
2023-08-13,2.9039955639458452,7.298845411805975,8.538885046800788,1.4519977819729226
2023-08-14,10.702985508449943,6.756210068168925,11.38458663787734,5.351492754224972
2023-08-15,13.738749493921873,12.52596438276374,17.674428261478887,6.869374746960936
2023-08-16,5.3990122820935635,6.843871908183449,9.173876564336656,2.6995061410467818
2023-08-17,38.72588682940593,13.487844518182435,27.62750052904784,19.362943414702965
2023-08-18,22.681223505183745,7.683591851639044,17.28147096313458,11.340611752591872
2023-08-19,0.0199381501965777,3.509398765665475,3.5186681315668684,0.00996907509828885
2023-08-20,0.3264872094689598,4.1198790624212105,4.269671788971295,0.1632436047344799
2023-08-21,4.069006766102202,6.871028846674243,8.625949601053335,2.034503383051101
2023-08-22,0.2936723372704257,4.907149924490965,5.0395751512495615,0.14683616863521284
2023-08-23,5.242783773849007,9.466460942328512,11.591546751010863,2.6213918869245036
2023-08-24,0.8277987531099564,3.505733647169195,3.8906126043055504,0.4138993765549782
2023-08-25,9.36325622147754,7.741311812636155,11.698101063454295,4.68162811073877
2023-08-26,15.986239912971808,9.859395077592172,16.276368483006458,7.993119956485904
2023-08-27,95.95938472496279,31.48347425057648,49.251818432162594,47.979692362481394
2023-08-28,91.35276756588826,34.1500802375991,48.629420597524984,45.67638378294413
2023-08-29,99.48964591985889,33.91480730223124,49.917908562768375,49.744822959929444
2023-08-30,92.23871136134831,29.329810233005045,48.395726910026475,46.119355680674154
2023-08-31,68.6656771122702,11.491385926376797,37.933586526581145,34.3328385561351
2023-09-01,15.317816451162106,8.996481247624535,15.277324988631245,7.658908225581053
2023-09-02,1.9632643397425515,6.258778368828131,7.117534174880684,0.9816321698712758
2023-09-03,98.47133810720928,4.673530208615551,49.3071115289518,49.23566905360464
2023-09-04,0.9082148479524148,5.180866069613368,5.587920098692819,0.4541074239762074
2023-09-05,7.3178886336923155,7.207594772208367,10.339095330456487,3.6589443168461577
2023-09-06,0.0,4.190542255378628,4.190542255378628,0.0
2023-09-07,0.0,3.782848621671523,3.782848621671523,0.0
2023-09-08,0.0070614281946212686,3.3893094889449684,3.3926008693864245,0.0035307140973106343
2023-09-09,0.00332302503276295,4.776591833809995,4.778094618984027,0.001661512516381475
2023-09-10,0.06479898813887752,2.5639213844385744,2.5946594833942207,0.03239949406943876
2023-09-11,0.09096781027188576,4.978058459498057,5.01901393385934,0.04548390513594288
2023-09-12,15.929558108540135,5.753773745644728,12.802002067668392,7.964779054270068
2023-10-17,22.05998912759309,6.148521836357102,15.822153151545585,11.029994563796546
2023-10-18,68.59495230895101,18.090382662146652,39.978769457015915,34.297476154475504
2023-10-19,95.79741624753333,44.57035869136776,49.7718147765462,47.89870812376667
2023-10-20,90.47034265099963,68.95929765086815,51.80675610190482,45.23517132549981
2023-10-27,25.587963683527885,20.07736221076322,27.73395590142672,12.793981841763943
2023-10-28,22.14993045319604,23.131713404942985,29.08302019971351,11.07496522659802
2023-10-29,99.71014492753623,18.21428571428571,49.90786749482402,49.85507246376812
2023-10-30,99.62898550724638,88.16964285714286,50.1416149068323,49.81449275362319
2023-10-31,96.8812696046461,43.311425346876455,49.7914013892771,48.44063480232305
2023-11-01,47.55358879555073,42.54535102563697,46.0903041450573,23.776794397775365
2023-11-02,97.4353718255324,99.71742289681899,51.275067035231025,48.7176859127662
2023-11-03,97.09398382601998,88.10202336848106,51.1072509617017,48.54699191300999
2023-11-04,31.66602347844489,62.76901309237534,58.725574408578055,15.833011739222446
2023-11-05,44.69030495507923,68.33500855111164,60.141037316079995,22.345152477539614
2023-11-06,5.294724796839987,58.84036296494467,58.372290074909095,2.6473623984199937
2023-11-07,83.84118553625878,58.18836771059007,51.323143145963144,41.92059276812939
2023-11-08,2.887666771894263,54.5148334445414,54.384460099357,1.4438333859471315
2023-11-09,91.20670698754967,79.75416784402374,52.61637116194128,45.60335349377483
2023-11-10,64.94286111093837,75.87791134263229,59.07205532097484,32.47143055546918
2023-11-11,26.446635945082917,47.44992947813822,48.12433734539788,13.223317972541459
2023-11-12,67.86519695223566,78.79704582836133,59.253873960518355,33.93259847611783
2023-11-13,52.20935923812052,46.039013170742294,48.107019013804084,26.10467961906026
2023-11-14,52.95241136751995,31.885080067527362,41.477366989067136,26.476205683759975
2023-11-15,33.77784509660713,41.43921994993091,44.33086697430449,16.888922548303565
2023-11-16,61.56261268542581,58.40409758727591,53.23031553991603,30.781306342712906
2023-11-17,55.57924603437977,43.40670115608016,47.07120694232428,27.789623017189886
2023-11-18,39.98128584114127,61.29326645533958,56.77807331302854,19.990642920570636
2023-11-19,48.93031220909862,39.2545711409178,44.5123430298733,24.46515610454931
2023-11-20,8.616115908336102,47.159234164147264,47.40399784124876,4.308057954168051
2023-11-21,62.609959125467405,44.54872525486587,47.96176614461128,31.304979562733703
2023-11-22,41.87392671373226,31.001238122763265,38.95676574775388,20.93696335686613
2023-11-23,2.0355140186915888,42.76159160820778,42.90893042575286,1.0177570093457944
2023-11-24,36.15596585367878,42.951303460402166,45.4998277743886,18.07798292683939
2023-11-25,55.04791139503049,34.34056807485742,42.960758285975025,27.523955697515245
2023-11-26,46.273161786061024,35.06778332503176,41.97739210528499,23.136580893030512
2023-11-27,46.69321552278431,63.70852269190064,57.30757264638168,23.346607761392153
2023-11-28,41.704503734617134,38.4139420528093,43.24585002209035,20.852251867308567
2023-11-29,11.340978983805424,51.97568887379528,51.751626413832774,5.670489491902712
2023-11-30,100.0,-1.0,50.0,50.0
2023-12-01,98.67284212618559,99.53198127925117,50.657367589603865,49.33642106309279
2023-12-02,87.67533347281982,64.20311291894981,51.75048630373941,43.83766673640991
2023-12-03,2.598794262467006,67.41738572375841,66.96474370289764,1.299397131233503
2023-12-04,97.42165790792345,96.73947960167042,51.205103676187406,48.71082895396172
2023-12-05,73.33358206789624,86.9436455499417,59.8515469217025,36.66679103394812
2023-12-06,82.07181467661434,56.848333564461704,51.227781933000315,41.03590733830717
2023-12-07,4.7198454892839345,61.82853705265774,61.27024838012959,2.3599227446419673
2023-12-08,98.74879134030266,95.66440509680622,50.57135699097051,49.37439567015133
2023-12-09,22.156955131065775,64.76230091751925,61.49142452691161,11.078477565532888
2023-12-10,26.066040887988663,54.0469834639989,52.9920950995428,13.033020443994332
2023-12-11,100.0,-1.0,50.0,50.0
2023-12-12,73.44030034746322,58.453209348769,52.2451470140332,36.72015017373161
2023-12-13,99.79709766848657,100.0,50.101451165756714,49.898548834243286
2023-12-14,37.629707707662014,57.98338617333072,54.97926129113247,18.814853853831007
2023-12-15,39.041054678017375,47.783200931239406,48.64866266777601,19.520527339008687
2023-12-16,6.201365251504082,59.70460211397018,59.102784290677704,3.100682625752041
2023-12-17,2.2596053997923153,57.95440057796098,57.77466251298027,1.1298026998961577
2023-12-18,5.1560478537060455,58.92928302118138,58.468884915616414,2.5780239268530227
2023-12-19,3.5999925233800134,53.962474712765015,53.819825919364646,1.7999962616900067
2023-12-20,56.77175461552658,59.560107454667566,54.13266670952302,28.38587730776329
2023-12-21,87.18499014963032,39.33011105543072,48.63265268072994,43.59249507481516
2023-12-22,87.11149142126648,16.890653634697617,45.73269905334541,43.55574571063324
2023-12-23,57.66790754585895,35.41953468319951,43.82778394184805,28.833953772929476
2023-12-24,54.65875481700564,53.54259392253821,51.606256196255906,27.32937740850282
2023-12-25,24.009438661154554,57.35322633063779,55.58775796516744,12.004719330577277
2023-12-26,75.98085014262956,72.39639484238216,55.379423639840155,37.99042507131478
2023-12-27,16.06702430679544,59.128585032835744,57.66189305674354,8.03351215339772
2023-12-28,54.53397997885967,68.27673919286681,58.30970590064043,27.266989989429835
2023-12-29,89.58113697605876,26.453690634753396,47.54674228004151,44.79056848802938
2023-12-30,2.1208766788716074,51.614833424219206,51.58058479872233,1.0604383394358037
2023-12-31,99.86252331823988,97.43975903614458,50.065218606557885,49.93126165911994
2024-01-01,90.50314504487152,87.93753952849322,53.60287310256554,45.25157252243576
2024-01-02,88.81590122842996,56.198484876548925,50.69324467093407,44.40795061421498
2024-01-03,12.339695670952523,61.55775799582147,60.13156583275192,6.169847835476261
2024-01-04,37.89971766941391,47.92557455905933,48.71177594443834,18.949858834706955
2024-01-05,92.03633102985548,94.54181402121905,53.54716262194731,46.01816551492774
2024-01-06,100.0,-1.0,50.0,50.0
2024-01-07,92.75604249943045,100.0,53.62197875028478,46.378021249715225
2024-01-08,70.42377271691154,85.73560528565223,60.56924384027188,35.21188635845577
2024-01-09,51.304556981448194,78.87704178092692,64.06180342587466,25.652278490724097
2024-01-10,44.10629041154977,81.82158837104039,67.78626619054137,22.053145205774886
2024-01-11,0.7520249221183801,68.88626618872141,68.74423676012461,0.37601246105919006
2024-01-12,4.223693800888347,67.48339761810294,66.74495243672246,2.1118469004441733
2024-01-13,0.7354132312076063,63.47621229524832,63.37710644696344,0.36770661560380313
2024-01-14,25.762047067612997,74.20126746113613,67.96652554683934,12.881023533806498
2024-01-15,12.365295628219048,62.13474708567557,60.634249734795084,6.182647814109524
2024-01-16,8.594880697025888,64.14150936966858,62.92606351058683,4.297440348512944
2024-01-17,98.86210237765944,86.22634643377002,50.412218734730715,49.43105118882972
2024-01-18,86.73690227420053,72.92203432176262,53.04017181283667,43.368451137100266
2024-01-19,67.67263533117797,74.55989640095906,57.93956727182293,33.836317665588986
2024-01-20,4.118772156078475,64.99478009244218,64.37717926512947,2.0593860780392377
2024-01-21,46.20034560228355,75.72191482388324,63.838301279724185,23.100172801141774
2024-01-22,99.50496791918823,48.013383521539104,49.99016561110893,49.752483959594116
2024-01-23,43.796192771784106,47.92820789152202,48.83557395718165,21.898096385892053
2024-01-24,55.358753553529475,53.206837289237775,51.43157213742595,27.679376776764737
2024-01-25,57.89914694066333,48.944765207795534,49.555737150703,28.949573470331664
2024-01-26,30.8888450721765,60.61697213955151,57.3375120640093,15.44442253608825
2024-01-27,7.386065132930068,59.26278026905829,58.57862528526545,3.693032566465034
2024-01-28,2.2318035115702375,57.179000229422115,57.018779050206234,1.1159017557851187
2024-01-29,6.583475066401682,58.01679274937366,57.489009197593546,3.291737533200841
2024-01-30,2.671819932005142,59.238395192919114,58.9915619087573,1.335909966002571
2024-01-31,78.38301029321254,45.227344626269016,48.96829557912014,39.19150514660627
2024-02-01,92.34885652216232,50.994721883881446,50.07610759854122,46.17442826108116
2024-02-03,17.117474369568196,59.22290941792103,57.6441802621799,8.558737184784098
2024-02-04,11.83566705763901,51.848869298220826,51.6300432837525,5.917833528819505
2024-02-05,9.54877694256406,57.77316084895373,57.030919058100416,4.77438847128203
2024-02-06,95.79948857577672,67.80696998077586,50.747983808350504,47.89974428788836
2024-02-07,58.506650744684386,72.0336357822368,59.14249344876771,29.253325372342193
2024-02-08,45.50082881925931,51.7518614955918,50.95474999533206,22.750414409629656
2024-02-09,99.89109730848861,72.0532319391635,50.024016563147,49.945548654244305
2024-02-10,99.62358845671268,96.47964796479648,50.1749547602188,49.81179422835634
2024-02-11,99.28550724637681,100.0,50.357246376811595,49.642753623188405
2024-02-12,50.86086455426992,62.89557829729433,56.33677568601764,25.43043227713496
2024-02-13,19.351558008389354,56.99458263096264,55.64102191568718,9.675779004194677
2024-02-14,45.98171044089494,50.16356934418676,50.08835736197273,22.99085522044747
2024-02-15,16.205453171327246,62.63374118509929,60.58638617356134,8.102726585663623
2024-02-16,19.35548812632051,51.84255834961126,51.48592218703173,9.677744063160254
2024-02-17,65.59534398643171,41.321248207118494,47.01410529938773,32.79767199321586
2024-02-18,7.849069611460775,54.25148837020646,53.91778608850579,3.9245348057303877
2024-02-19,61.71193494141285,42.786198978624775,47.237975171738825,30.855967470706425
2024-02-20,42.24097875059118,46.039282161416715,47.712328141983555,21.12048937529559
2024-02-21,60.58620575257937,33.50395606245528,43.49828318349202,30.293102876289684
2024-02-22,98.25091419602516,77.44761453770569,50.480082329408745,49.12545709801258
2024-02-23,99.63414331146889,100.0,50.182928344265555,49.817071655734445
2024-02-24,80.13588814085966,93.80566041671011,58.70160538581046,40.06794407042983
2024-02-25,74.20960714973803,88.18308150790017,59.84756672322318,37.10480357486902
2024-02-26,98.59269889862489,92.75383707201888,50.60167521999465,49.296349449312444
2024-02-27,96.00702316692652,98.36660617059891,51.93126737933591,48.00351158346326
2024-02-28,93.76562373793334,79.918277855292,51.86521801262947,46.88281186896667
2024-02-29,66.28313265496446,86.1144233960687,62.17665222887696,33.14156632748223
2024-03-01,99.79813664596273,100.0,50.100931677018636,49.899068322981364
2024-03-02,78.49649733855746,77.7641810315755,55.970271407052564,39.24824866927873
2024-03-03,96.7561132161418,90.13850769132571,51.30204774623682,48.3780566080709
2024-03-04,45.73983496994362,68.19580633446107,59.873074545628036,22.86991748497181
2024-03-05,43.51351967960112,56.819742315925524,53.85223240118718,21.75675983980056
2024-03-06,96.69841598509163,73.27688930699279,50.7685060565276,48.349207992545814
2024-03-07,57.10124979011238,84.99690737590846,65.01323587637671,28.55062489505619
2024-03-08,70.89818125291465,80.23346081803872,58.798486968236695,35.44909062645733
2024-03-09,80.17299425078987,72.29467084639498,54.420365670482205,40.086497125394935
2024-03-10,99.99151138716356,95.1219512195122,50.00383022774327,49.99575569358178
2024-03-11,49.980186763098,72.81124531307032,61.41014230260933,24.990093381549
2024-03-12,64.99259701641098,53.88256061225336,51.35918363961364,32.49629850820549
2024-03-13,41.71661656116502,51.77383986672173,51.033853891112344,20.85830828058251
2024-03-14,64.6981877583512,85.3045668884439,62.46315191568578,32.3490938791756
2024-03-15,58.960019235871584,74.88711551088439,60.21366741841337,29.480009617935792
2024-03-16,59.121456994565094,49.57491706317402,49.82623228886083,29.560728497282547
2024-03-17,71.31883529275208,57.55271944151358,52.16620790289684,35.65941764637604
2024-03-18,99.17574226676052,100.0,50.41212886661973,49.58787113338026
2024-03-19,31.228067262815152,57.71261828891464,55.30411666192819,15.614033631407576
2024-03-20,8.023751933477977,61.48343449985214,60.56203220214058,4.011875966738988
2024-03-21,90.30367927889115,67.47196411406601,51.69413767677688,45.151839639445576
2024-03-25,3.7410600812380075,58.08993102972172,57.78728184936912,1.8705300406190037
2024-03-26,94.38714339848465,93.34095772153766,52.4326658066333,47.19357169924233
2024-03-27,87.84538397169818,67.31365665791895,52.10440848722856,43.92269198584909
2024-03-28,99.86894111460096,100.0,50.06552944269952,49.93447055730048
2024-03-29,99.21735403549238,47.85714285714286,49.98322901504626,49.60867701774619
2024-03-30,82.54972800304935,62.95926967959448,52.26142780790759,41.274864001524676
2024-03-31,89.43490724707324,71.32942537298803,52.25347357432247,44.71745362353662
2024-04-01,99.8260815553278,100.0,50.086959222336105,49.9130407776639
2024-04-02,50.690723210747855,51.843608794796495,50.909070163537194,25.345361605373927
2024-04-03,99.54323244830306,67.1804170444243,50.07847457030514,49.77161622415153
2024-04-04,63.3625970418433,43.58566683829645,47.649954912468,31.68129852092165
2024-04-05,70.17607494844185,32.983529084717496,44.92502046780595,35.088037474220926
2024-04-06,16.01843681549689,52.508201625244446,52.10642693269939,8.009218407748445
2024-04-07,35.69287573768111,47.91252036191797,48.657601875187986,17.846437868840557
2024-04-08,39.38161393494647,59.443571924710106,55.72454088765178,19.690806967473236
2024-04-09,68.91534199611563,60.52131468923163,53.2705146886601,34.457670998057814
2024-04-10,99.93333181501029,100.0,50.03333409249486,49.966665907505146
2024-04-11,3.4386721329860808,58.6206303219576,58.3241951093887,1.7193360664930404
2024-04-12,4.714724193930231,52.33735296874013,52.227153222825386,2.3573620969651157
2024-04-13,3.222021716874913,47.56386185883337,47.64235475879484,1.6110108584374565
2024-04-14,3.633516573661989,46.10782701644969,46.249249766882585,1.8167582868309946
2024-04-15,99.26663478122238,72.36024844720497,50.16398228494406,49.63331739061119
2024-04-16,59.87748502249217,47.01235358853405,48.8012811210846,29.938742511246087
2024-04-17,94.46299756783745,28.009129344857257,48.78236495697102,47.231498783918724
2024-04-18,95.76117795679997,53.932968536251714,50.166711537266764,47.880588978399985
2024-04-19,90.58821579651719,30.01408698714562,48.118968996134356,45.294107898258595
2024-04-20,87.91742625124296,24.190312901843118,46.88152552204176,43.95871312562148
2024-04-21,94.31648015707815,37.27633832586276,49.276848164004164,47.15824007853907
2024-04-22,99.87825734079249,98.46938775510205,50.05900792155467,49.939128670396244
2024-04-23,93.36943803005043,32.730509745127435,48.854935746756276,46.684719015025216
2024-04-24,97.17669713942581,42.383571690502386,49.784965161664374,48.588348569712906
2024-04-25,47.108075972534344,55.34618583556957,52.82770055051659,23.554037986267172
2024-04-26,80.73427573259731,73.24470831182241,54.47826141011773,40.367137866298656
2024-04-27,81.02271761812105,61.96221882507098,52.270104045572,40.511358809060525
2024-04-28,89.76355277850864,22.41853875733657,47.17663827697866,44.88177638925432
2024-04-29,13.106640925037885,51.571526181750414,51.36555188806543,6.5533204625189425
2024-04-30,70.75481476874599,30.150988870773375,44.19511992868545,35.377407384372994
2024-05-01,93.6643917190526,40.51588858375833,49.39912385173832,46.8321958595263
2024-05-02,98.61577007495755,63.50037397157816,50.18687621650722,49.307885037478776
2024-05-03,97.14137795357121,23.17444219066937,49.233158690384975,48.570688976785604
2024-05-04,92.84745446827016,27.513028372900983,48.39160911566457,46.42372723413508
2024-05-05,77.77310236324931,29.380111723507635,45.416838539971685,38.886551181624654
2024-05-06,99.35858018058308,38.1859264041317,49.9242221904756,49.67929009029154
2024-05-07,99.84222916524321,100.0,50.078885417378395,49.921114582621605
2024-05-08,97.83708452661244,75.36620392532312,50.548649549711854,48.91854226330622
2024-05-09,63.746947034943744,37.37325212318778,45.42241840445515,31.873473517471872
2024-05-10,48.278751599702154,36.06527135575616,42.792784384003184,24.139375799851077
2024-05-11,35.24689513183237,38.289593456326365,42.41714817028625,17.623447565916184
2024-05-12,56.82789968522029,27.821647117592246,40.42513924544108,28.413949842610144
2024-05-13,95.31754775434469,26.35442926009464,48.89280744189129,47.658773877172344
2024-05-14,73.35086388747291,46.31468449904747,49.017895255975105,36.675431943736456
2024-05-15,97.39252688639591,72.20678154530295,50.579035858190565,48.69626344319796
2024-05-16,99.50826019350738,47.78947368421053,49.98912996217227,49.75413009675369
2024-05-17,86.03127370083178,44.893932650942,49.2867474273589,43.01563685041589
2024-05-18,75.61346164608149,31.092072719855175,45.38901106189646,37.806730823040745
2024-05-19,71.86241155043051,19.67167214370975,41.46633992416091,35.931205775215254
2024-05-20,51.720726289196506,22.650312546989454,36.79576953551176,25.860363144598253
2024-05-21,99.48012422360249,100.0,50.259937888198756,49.740062111801244
2024-05-22,76.93741280268998,29.615280898876406,45.29875638237666,38.46870640134499
2024-05-23,95.3094453096524,31.5334010331582,49.133814076013124,47.6547226548262
2024-05-24,89.42662835764934,27.12667998902864,47.58151886829584,44.71331417882467
2024-05-25,89.38232100075439,16.993285446595877,46.49545300052226,44.691160500377194
2024-05-26,27.578745839225384,31.688777894697605,36.73878329917501,13.789372919612692
2024-05-27,87.9415475842693,15.378006872852234,45.82512343338534,43.97077379213465
2024-05-28,92.35807498332001,25.96730023589382,48.16343910454318,46.179037491660004
2024-05-29,50.2531364655471,18.319401304955075,34.23989580027833,25.12656823277355
2024-05-30,84.83378253240552,34.63918370692128,47.670345196194,42.41689126620276
2024-05-31,98.8635257823742,23.519766806339952,49.69905897698686,49.4317628911871
2024-06-01,96.10013606343828,29.387711751898465,49.19614880411214,48.05006803171914
2024-06-02,81.8546164398891,14.279025147895204,43.518292101674824,40.92730821994455
2024-06-03,91.15383181364365,18.06495422296111,47.174972140173246,45.576915906821824
2024-06-04,60.41739231394404,28.551524738369356,41.51013418254797,30.20869615697202
2024-06-05,44.296683684057605,26.888887233059627,37.12634375129706,22.148341842028803
2024-06-06,37.84077724713213,25.547523248242815,34.800530507282026,18.920388623566065
2024-06-07,51.15743189289529,22.930715268459227,36.7786661688911,25.578715946447645
2024-06-08,84.86823568409713,13.735315862975437,44.51251346647883,42.434117842048565
2024-06-09,89.10560719789234,23.321736154679748,47.09356514390814,44.55280359894617
2024-06-10,75.3679222009615,16.133077479843124,41.657873296694866,37.68396110048075
2024-06-11,93.51886946814217,13.703182922152626,47.647555906275045,46.759434734071085
2024-06-12,89.63206544374064,21.52007514439315,47.047220029298835,44.81603272187032
2024-06-13,63.919227101214915,20.823756550519445,39.47298586059626,31.959613550607457
2024-06-14,96.85635778963562,23.949413779475694,49.18106277552423,48.42817889481781
2024-06-15,99.54694540153723,25.411334552102378,49.88859992048768,49.773472700768615
2024-06-16,57.80949043886074,18.276394158001295,36.61564904409341,28.90474521943037
2024-06-17,45.382948786592124,24.392338352692633,36.01385032353393,22.691474393296062
2024-06-18,20.69130164002491,15.491191791220585,22.63151339007681,10.345650820012455
2024-06-19,7.560758318640858,20.54923157452525,22.775932998157987,3.780379159320429
2024-06-20,85.77610672632736,17.44170805237173,45.368943301638595,42.88805336316368
2024-06-21,81.7045727689413,26.39846873478079,45.68199902195625,40.85228638447065
2024-06-22,25.637773635506917,15.882515499256092,24.629478945685975,12.818886817753459
2024-06-23,98.35080875593212,24.808537350910232,49.58454460373858,49.17540437796606
2024-06-24,89.33764805081533,27.472506120545603,47.598039317241536,44.668824025407666
2024-06-25,62.229484130357704,16.987543712292144,37.53102495889258,31.114742065178852
2024-06-26,89.66938125257666,17.39662294950467,46.63186941812841,44.83469062628833
2024-06-27,66.0882348672247,11.197187404463467,36.84128132769071,33.04411743361235
2024-06-28,22.0681953111053,14.418364302761677,22.270589163314195,11.03409765555265
2024-06-29,22.790836678192075,21.673834740067736,28.12960480165368,11.395418339096038
2024-06-30,78.76254527071265,20.102826258743647,43.650601261364294,39.381272635356325
2024-07-01,98.98576593515362,51.796651694569206,50.01822225351296,49.49288296757681
2024-07-02,47.22686215962169,11.547293259098486,29.7073000682676,23.613431079810844
2024-07-03,97.32928899747402,18.3114970152725,49.153691664251106,48.66464449873701
2024-07-04,26.350670949336735,14.896904019531007,24.146805334374243,13.175335474668367
2024-07-05,14.021411711462967,15.251667238107197,20.123874037521354,7.010705855731484
2024-07-06,81.94517528412976,15.359548370070339,43.74572717743038,40.97258764206488
2024-07-07,97.17148579322458,52.93256205608845,50.082947934378964,48.58574289661229
2024-07-08,61.740605980143634,17.54231866141818,37.58188780696259,30.870302990071817
2024-07-09,3.6986961415926265,13.08625467720543,14.451581951176962,1.8493480707963132
2024-07-10,5.380298889341164,12.020833653417732,14.064226318543932,2.690149444670582
2024-07-11,20.02661274920909,17.342978992916304,23.88307412543282,10.013306374604545
2024-07-12,63.47438106315529,15.750127717545553,37.490022163754695,31.737190531577646
2024-07-13,74.55805267510523,16.181801888406422,41.39599185021981,37.279026337552615
2024-07-14,6.885823999867085,12.574187864526992,15.151263418696562,3.4429119999335427
2024-07-15,12.460021432665709,11.7175786217237,16.487576530400325,6.230010716332854
2024-07-16,50.207696056574626,18.201885912301748,34.16698638517612,25.103848028287313
2024-07-17,50.29147837916867,16.85739675334699,33.52530189943115,25.145739189584337
2024-07-18,13.333347176597133,16.97889886935125,21.38171692463589,6.666673588298567
2024-07-19,10.656360713885208,15.433266700757752,19.116822488131678,5.328180356942604
2024-07-20,47.45050541920551,10.680795642907885,29.33795683715837,23.725252709602756
2024-07-21,5.014027648276707,11.402829883429092,13.338102664526353,2.5070138241383537
2024-07-22,46.41897820211528,11.721895323629607,29.490200389536845,23.20948910105764
2024-07-23,75.49787749146022,20.74190000845952,42.831144496401684,37.74893874573011
2024-07-24,45.36084185711588,13.935867587799422,30.2948616584386,22.68042092855794
2024-07-25,12.835248246681255,10.53863889709315,15.603602556170562,6.4176241233406275
2024-07-26,29.685563832679858,15.271443457520451,25.580811278106534,14.842781916339929
2024-07-27,20.828316129514445,16.02618060526916,23.10235511007399,10.414158064757222
2024-07-28,32.874242053231626,14.009428858489837,25.841056331890417,16.437121026615813
2024-07-29,1.7215346560357558,9.26775147928994,9.968971253756575,0.8607673280178779
2024-07-30,0.7507585464982254,7.0150952713759,7.337808117330165,0.3753792732491127
2024-07-31,0.10841369169389124,6.014757769244044,6.0624437941469065,0.05420684584694562
2024-08-01,38.102171613465245,8.554157116624445,24.345923298695375,19.051085806732623
2024-08-02,56.964474183495106,12.18663724361229,33.72682050888612,28.482237091747553
2024-08-03,51.24893995094227,11.878564653944139,31.415396162881592,25.624469975471136
2024-08-04,79.9908431548439,16.82887434771805,43.3627374409311,39.99542157742195
2024-08-05,68.36903278766685,14.733599842715774,38.84489652927922,34.18451639383343
2024-08-06,4.829743093469453,10.140961857379768,12.066050999196323,2.4148715467347266
2024-08-07,17.5859055345314,9.505901674030115,16.62715555269544,8.7929527672657
2024-08-08,40.4629936939927,5.1585974301084265,23.302771324261535,20.23149684699635
2024-08-09,26.057378920927526,13.951020385244911,23.344439600589567,13.028689460463763
2024-08-10,1.1856968695027301,7.232964815671108,7.740052213030828,0.5928484347513651
2024-08-11,0.11568280895306021,7.443048081641479,7.492279159025441,0.057841404476530106
2024-08-12,2.3343329705840814,6.932642663332397,7.937978185201492,1.1671664852920407
2024-08-13,10.772983464983756,9.326192210064423,13.707974797853458,5.386491732491878
2024-08-14,11.463928995458431,11.747026084183974,16.13231985254436,5.731964497729216
2024-08-15,2.1459708789280323,6.0578469949530325,7.0008328020153385,1.0729854394640161
2024-08-16,19.524983809096796,9.551187804689313,17.4488118367957,9.762491904548398
2024-08-17,17.36900678531979,12.67947152326534,19.16167664670659,8.684503392659895
2024-08-18,94.93178800951881,15.859588901148298,48.26969159108843,47.465894004759406
2024-08-19,98.11671636845594,29.601935341983726,49.6158465871438,49.05835818422797
2024-08-20,56.94738195360256,10.265906978312278,32.89343269717253,28.47369097680128
2024-08-21,32.22562753280061,12.97979627889034,24.90978924193913,16.112813766400304
2024-08-22,52.47693785303703,14.36883710982003,33.06698031601417,26.238468926518514
2024-08-23,3.128141225337487,9.634292231764993,10.89698857736241,1.5640706126687436
2024-08-24,5.550202271084788,12.93210731608642,14.989450337672263,2.775101135542394
2024-08-25,39.721433563605515,7.7405015602797835,24.526580157326162,19.860716781802758
2024-08-27,12.06810984789493,9.696829437630178,14.560660333281419,6.034054923947465
2024-09-04,51.62383308381061,10.033176736849324,30.665582867119817,25.811916541905305
2024-09-05,99.50124120339794,49.97924449979244,49.99989648011693,49.75062060169897
2024-09-10,48.28928808496515,13.425489496042713,31.087060238964487,24.144644042482575
2024-09-11,68.11988027725268,13.937128181788626,38.50311328889331,34.05994013862634
2024-09-12,99.542638740507,26.618379357175193,49.893061525338105,49.7713193702535
2024-09-13,94.78064934338738,15.939211173716373,48.22224799474793,47.39032467169369
2024-09-14,98.90676439530407,95.89015151515152,50.50168747541255,49.45338219765203
2024-09-15,60.2157960199005,51.16689853531958,50.46424129353234,30.10789800995025
2024-09-16,98.07211303534011,62.64633229513479,50.24380699182548,49.036056517670055
2024-09-17,50.708128334259804,34.40608641497366,42.31346812800239,25.354064167129902
2024-09-18,16.64369142871379,23.385777155680195,27.81536628203904,8.321845714356895
2024-09-19,77.74186128913948,24.06207525740565,44.22670073207474,38.87093064456974
2024-09-20,60.299032942971834,26.134755291868828,40.52526706034569,30.149516471485917
2024-09-21,41.57441216949779,17.658010396051914,31.10400245781342,20.787206084748895
2024-09-22,89.35180294113381,29.54302278077155,47.82170075340919,44.675901470566906
2024-10-08,98.60650985588869,62.43684992570579,50.17330627795262,49.303254927944344
2024-10-09,95.4217171821747,26.638324815702592,48.930436439081156,47.71085859108735
2024-10-10,92.2750452581475,98.28127094784823,53.72970632951245,46.13752262907375
2024-10-12,72.10585440873498,26.190723870948567,43.35860585233608,36.05292720436749
2024-10-13,99.85465838509316,26.923076923076923,49.96645962732919,49.92732919254658
2024-10-14,93.25896444043171,39.57238964150769,49.29707107772081,46.629482220215856
2024-10-15,55.8009720816814,19.037700088198314,36.31496441782924,27.9004860408407
2024-10-16,92.15475929139761,31.658835330763953,48.56109148293729,46.077379645698805
2024-10-17,75.67541807648557,18.36759031321073,42.30554859135523,37.837709038242785
2024-10-18,82.0659457197835,91.07571837752934,57.36654162981497,41.03297285989175
2024-10-19,98.60928797697674,37.412535358046746,49.82494461583056,49.30464398848837
2024-10-20,66.48272144944961,14.746666336805125,38.18404195775202,33.24136072472481
2024-10-21,5.635124836206342,9.111494999064732,11.415613299525907,2.817562418103171
2024-10-22,18.60795307119238,11.912819715026766,19.00006434859502,9.30397653559619
2024-10-23,98.49750619569065,96.98222405952873,50.705905005621155,49.248753097845324
2024-10-24,77.9956327716155,29.01461228486423,45.38229822286124,38.99781638580775
2024-10-25,64.24974239147787,16.447738515696134,38.00498008587642,32.12487119573893
2024-10-26,70.84071594208304,23.77388795315154,42.35265349091188,35.42035797104152
2024-10-27,22.80345321352232,9.088758478118859,18.41793429763214,11.40172660676116
2024-10-28,27.670343124539578,11.65188651367224,22.26294109712697,13.835171562269789
2024-10-29,1.1636383271686601,6.925346288327057,7.426579468211261,0.5818191635843301
2024-10-30,3.7157650538226212,6.50714627759395,8.123238537121305,1.8578825269113106
2024-10-31,1.0953157288086313,5.445256608662603,5.9332717209582455,0.5476578644043156
2024-11-01,0.8396851440320671,5.802109972415787,6.173233088953042,0.41984257201603353
2024-11-02,0.2766418339775156,5.1587293322809,5.2827790458349,0.1383209169887578
2024-11-03,1.6122902080836738,4.612159771682365,5.343943475344193,0.8061451040418369
2024-11-04,0.462523546747693,4.96680312647362,5.175092265866925,0.2312617733738465
2024-11-05,71.43141342595088,33.79587987813724,45.37071191442272,35.71570671297544
2024-11-06,1.5676272918345477,6.3011663825262065,6.986201224527094,0.7838136459172739
2024-11-07,1.585290629692475,5.902848122636413,6.601916139309518,0.7926453148462375
2024-11-08,1.5205698502689344,5.101980565490249,5.784686312379291,0.7602849251344672
2024-11-09,8.991502604442395,7.114358516950409,10.970422087830642,4.495751302221198
2024-11-10,2.858584683883937,4.241855453676724,5.549890765307394,1.4292923419419685
2024-11-11,0.9406218197678041,4.60477900708863,5.0317763608797685,0.47031090988390206
2024-11-12,11.648747752349392,10.42790802609562,15.037561200463442,5.824373876174696
2024-11-13,27.123565747305843,10.49281273230098,21.208570645766567,13.561782873652922
2024-11-14,6.973605528055546,20.44394348592728,22.505066276867876,3.486802764027773
2024-11-15,4.551788298961472,8.155508367636436,10.060181041518273,2.275894149480736
2024-11-16,1.4685632753260185,6.1590995320602,6.802930895904597,0.7342816376630092
2024-11-17,1.2764304806448195,6.50253601008093,7.05775089875576,0.6382152403224097
2024-11-18,18.616940681255407,14.497835972588135,21.107252790133398,9.308470340627704
2024-11-19,53.542084344918095,9.892002856122813,31.366660515954877,26.771042172459047
2024-11-20,46.88389205511726,41.80765371264803,45.64854450279153,23.44194602755863
2024-11-21,91.16726625782627,25.76031139353296,47.858972845458744,45.583633128913135
2024-11-22,40.191970446927954,54.79245754419082,52.86627442434808,20.095985223463977
2024-11-23,17.99749593556706,50.7988595678309,50.655084849579644,8.99874796778353
2024-11-24,80.69934154520429,65.11166199843319,52.91665026916075,40.349670772602146
2024-11-25,14.93404975801981,46.522877763160785,47.04215292815753,7.467024879009905
2024-11-26,87.62893856715367,60.54772506612207,51.30486554769769,43.814469283576834
2024-11-27,38.873340539284534,43.96204129841567,46.30919754610391,19.436670269642267
2024-11-28,82.57231503382226,71.7579387716296,53.79190502425345,41.28615751691113
2024-11-29,6.90395463803653,34.180224583784025,35.27241470235883,3.451977319018265
2024-11-30,7.988521976014086,35.250551741879576,36.42881465732036,3.994260988007043
2024-12-01,6.244976875455586,28.133001958126226,29.498590929197565,3.122488437727793
2024-12-02,43.54242318037499,22.24075169244671,34.32780106221265,21.771211590187495
2024-12-03,86.28736560810391,78.2642193519148,53.875769063451614,43.143682804051956
2024-12-04,82.96289850748742,57.14789503125228,51.21779413105272,41.48144925374371
2024-12-05,9.85201319775663,51.79845675457791,51.621272557760946,4.926006598878315
2024-12-06,34.44408710356776,52.680487418895396,51.757217997530894,17.22204355178388
2024-12-07,93.23008033933479,32.086150457368376,48.78724677783139,46.615040169667395
2024-12-08,99.34244306418219,100.0,50.328778467908904,49.671221532091096
2024-12-09,76.63989026995331,64.27602110958357,53.33489419628336,38.319945134976656
2024-12-10,79.75311557455835,86.71461750171375,57.433566172814956,39.876557787279175
2024-12-11,7.76474839116955,65.26142076551943,64.07640984215914,3.882374195584775
2024-12-12,9.896382740147017,58.99391824779164,58.103845674654266,4.948191370073508
2024-12-13,5.179857907995323,52.15505818295709,52.043429231245284,2.5899289539976613
2024-12-14,88.81681445263942,59.18968487745234,51.02769951106323,44.40840722631971
2024-12-15,41.59188151626331,40.40231517647894,44.3941728765822,20.795940758131653
2024-12-16,38.9656917861929,49.5277199017032,49.71174710917306,19.48284589309645
2024-12-19,95.52317321194097,87.4121021465581,51.67487501087312,47.761586605970486
2024-12-20,76.241136221409,71.49996511303377,55.10814742365028,38.1205681107045
2024-12-21,7.374960806829059,60.47543894259223,59.70287942623275,3.6874804034145297
2024-12-22,89.56208870080722,71.01863427993094,52.193906402440916,44.78104435040361
2024-12-23,23.965666091114358,60.74524532174597,58.17007570726525,11.982833045557179
2024-12-24,40.82613629526976,43.82156404916665,46.34398073136982,20.41306814763488
2024-12-26,3.7777934695471216,53.38802697125886,53.26003430959215,1.8888967347735608
2024-12-27,23.476629228875602,60.049040881867896,57.68986481297363,11.738314614437801
2025-01-01,36.37635057882691,57.935143843948644,55.048628100339684,18.188175289413454
2025-01-02,99.07960914965824,58.49268841394826,50.07816592711002,49.53980457482912
2025-01-03,19.093214465072073,44.1167870480568,45.24008151440821,9.546607232536036
2025-01-04,24.64486557515896,54.58677685950413,53.45637186824684,12.32243278757948
2025-01-05,94.86264140160229,80.29826682789198,51.55653061604819,47.431320700801145
2025-01-06,92.67621909422444,92.18436307083275,53.08949032780469,46.33810954711222
2025-01-07,83.07942458858498,92.7298322928143,57.230133496276814,41.53971229429249
2025-01-08,59.452407401266704,67.4469835980107,57.0743318300892,29.726203700633352
2025-01-09,70.00329524800368,79.10223990935346,58.729712981826395,35.00164762400184
2025-01-10,24.14872952758847,52.22145919458937,51.68500502212224,12.074364763794234
2025-01-11,18.909819306493965,64.67352350917432,61.89878672769353,9.454909653246983
2025-01-12,36.90879096936182,49.039290107417955,49.39387651349305,18.45439548468091
2025-01-13,5.845472028044642,55.12747837863472,54.82775306426759,2.922736014022321
2025-01-14,16.88084936762471,53.60733330835612,52.99838480638438,8.440424683812354
2025-01-15,42.58024760517618,41.4319783197832,45.08026316608469,21.29012380258809
2025-01-16,17.227576413139616,58.500050165546305,57.03569752812161,8.613788206569808
2025-01-17,2.9858526616601315,51.87111856090528,51.81524971755167,1.4929263308300658
2025-01-18,8.765925633650722,51.38781400515337,51.26615926152823,4.382962816825361
2025-01-19,58.66692645232968,66.54246756698477,56.837510286061324,29.33346322616484
2025-01-20,89.0516135848994,79.37970707338303,53.216603858018615,44.5258067924497
2025-01-21,27.744767399628508,66.0652992523359,61.60801934272106,13.872383699814254
2025-01-22,63.97052273052165,72.71744505652478,58.18497670284684,31.985261365260826
2025-01-23,90.77748433535291,75.2829934417393,52.3317280306561,45.388742167676455
2025-01-24,9.71401756218296,56.85318062646613,56.18746145684308,4.85700878109148
2025-01-25,57.4977719745487,68.29701222515348,57.776637857779434,28.74888598727435
2025-01-26,96.3147736262462,98.08373138522056,51.77199435049309,48.1573868131231
2025-01-27,78.0518829422708,72.64687004455183,54.97056154729004,39.0259414711354
2025-01-28,85.86229184880112,79.9745028794162,54.23770773686457,42.93114592440056
2025-01-29,14.173893725383536,70.25705659793117,67.38584292384961,7.086946862691768
2025-01-30,69.22503123620788,72.36608224933345,56.883154825916414,34.61251561810394
2025-01-31,71.61513964200097,56.27805800296366,51.782017997335416,35.807569821000484
2025-02-01,82.51234690664413,85.26446721554225,56.16692769187425,41.25617345332206
2025-02-02,13.527404727738656,66.86967610548486,64.5876467424373,6.763702363869328
2025-02-03,1.4457235783164308,60.59979600782251,60.44655225768397,0.7228617891582154
2025-02-04,0.6980429459447671,56.82265000167319,56.77502497461001,0.34902147297238356
2025-02-05,6.597178956812122,59.14905159897456,58.545472292139124,3.298589478406061
2025-02-06,1.6272066458982346,57.12792796596751,57.01194184839045,0.8136033229491173
2025-02-07,57.566093681962386,80.00107502712001,62.730628071412276,28.783046840981193
2025-02-08,51.426622264431074,63.96099876627008,56.78132866639848,25.713311132215537
2025-02-09,79.03797583751339,81.68681367558538,56.64219753899832,39.51898791875669
2025-02-10,74.61994459489419,85.7573209460287,59.075227867483584,37.309972297447096
2025-02-11,96.61709321368897,99.92655609278414,51.688968854234176,48.30854660684449
2025-02-12,99.25981904387254,82.23776223776224,50.23861777676556,49.62990952193627
2025-02-13,87.88727318668437,90.80945215785515,54.94313745389173,43.943636593342184
2025-02-14,84.39253304603655,77.54841964131633,54.29961049185762,42.196266523018274
2025-02-15,6.962184341730122,68.48374605229385,67.1968735788759,3.481092170865061
2025-02-16,30.725379353853306,59.13814537992601,56.33041554603713,15.362689676926653
2025-02-17,33.25102095023075,67.91236873029789,61.95632325110395,16.625510475115377
2025-02-18,7.212776384205193,60.87534492134786,60.09093061116002,3.6063881921025964
2025-02-19,31.409063080451183,67.85253947026038,62.24522408658386,15.704531540225592
2025-02-20,7.410883944053912,58.70440440597602,58.059331097428014,3.705441972026956
2025-02-21,11.618487269345113,56.24945678855744,55.52336444717567,5.809243634672557
2025-02-22,59.78626295956987,66.68625268019133,56.71016577471386,29.893131479784934
2025-02-23,70.24593153876127,54.58237264995368,51.36344229541629,35.122965769380635
2025-02-24,60.54765661772482,51.914142157378016,50.755173936753664,30.27382830886241
2025-02-25,85.04621592844093,78.27032568190948,54.227483458799256,42.523107964220465
2025-02-26,100.0,-1.0,50.0,50.0
2025-02-27,31.448983953668368,65.37615139893268,60.54050801279058,15.724491976834184
2025-02-28,19.245534518591725,62.11418066821787,59.78274184607143,9.622767259295863
2025-03-01,67.14341993406457,64.15526554927303,54.65093615874267,33.571709967032284
2025-03-02,7.80594879377335,58.491645530843286,57.82879202895691,3.902974396886675
2025-03-03,1.1277328830709226,54.337519718863106,54.2886040826838,0.5638664415354613
2025-03-04,11.839760762569309,56.476286046763626,55.70950927252716,5.9198803812846545
2025-03-05,1.5842159916926273,53.69762298679812,53.63904465212877,0.7921079958463136
2025-03-06,6.613931871185328,53.69673168312649,53.45223236814397,3.306965935592664
2025-03-07,7.628174512531927,54.704328571268,54.345474178208775,3.8140872562659633
2025-03-08,1.8003052420652637,52.224818413456966,52.18476489093307,0.9001526210326318
2025-03-09,21.56769122818672,55.28704904581668,54.146754632532144,10.78384561409336
2025-03-10,95.64816770404973,74.7823190750345,51.07848496519279,47.82408385202486
2025-03-11,89.50701424392831,43.103073855447846,49.27630652204536,44.753507121964155
2025-03-12,95.53150026197581,83.44533531074757,51.494504720742064,47.765750130987904
2025-03-13,90.96253394564967,62.19028627747599,51.101692984255024,45.481266972824834
2025-03-14,96.26721172623596,66.51872399445215,50.61660899224035,48.13360586311798
2025-03-15,95.44412625249255,97.14571402599763,52.14789920838536,47.722063126246276
2025-03-16,91.75421081846878,78.50845243776845,52.35074688693548,45.87710540923439
2025-03-21,97.87755625997711,61.82811433030923,50.2510450721664,48.938778129988556
2025-03-22,90.73642961293743,62.174126906050176,51.12775881495229,45.368214806468714
2025-03-23,80.2762358820714,55.6984232033868,51.123943551077325,40.1381179410357
2025-03-24,55.55172921693058,56.712001418850164,52.983368565613986,27.77586460846529
2025-03-25,80.40702397135374,44.48921745936056,48.92027369782169,40.20351198567687
2025-03-26,71.02340435673769,42.21875737571254,47.74526078873905,35.51170217836884
2025-03-27,40.25138969551149,51.43199333472194,50.85559611714926,20.125694847755746
2025-03-28,74.03951940229857,64.77038739644686,53.834463554259926,37.01975970114928
2025-03-29,92.44774567455772,99.20188694769753,53.71585163520671,46.22387283727886
2025-03-30,33.02278291903556,45.76783667399857,47.16541478192306,16.51139145951778
2025-03-31,71.71662520729684,32.360981830708226,45.0110903814262,35.85831260364842
2025-04-01,88.83609023802912,55.16326038128121,50.576421729741824,44.41804511901456
2025-04-02,45.73857152934245,52.43653910124303,51.322100921580585,22.869285764671226
2025-04-03,9.351785896000814,53.07130485782099,52.7840830033041,4.675892948000407
2025-04-04,4.753874685113691,52.88968061539535,52.75230882013944,2.3769373425568454
2025-04-05,7.393855827494694,50.43591744477034,50.40368633737712,3.696927913747347
2025-04-06,9.116121880436271,48.61947355437593,48.74532402775068,4.558060940218136
2025-04-07,2.9166337842721086,50.4689070956425,50.45523079287414,1.4583168921360543
2025-04-08,19.977790692847357,47.6327454860958,48.10567063805056,9.988895346423678
2025-04-09,50.42113164355384,55.56638296982497,52.75974968482517,25.21056582177692
2025-04-10,24.773157449069387,42.52056049240345,44.37345381792824,12.386578724534694
2025-04-11,3.571628808093477,45.99578356192113,46.13879930976197,1.7858144040467385
2025-04-12,5.316493548025368,47.7537306231303,47.87315338962285,2.658246774012684
2025-04-13,97.73338081769731,48.82616241892756,49.973393572218335,48.866690408848655
2025-04-14,97.69725807854294,22.021400953151694,49.355725070711834,48.84862903927147
2025-04-15,96.92700816082267,45.943396226415096,49.87534089708998,48.46350408041133
2025-04-16,90.37466388800271,42.16382575757576,49.245741890844904,45.18733194400136
2025-04-17,93.6540448965813,51.94673803074312,50.12353912141213,46.82702244829065
2025-04-18,83.93196077943821,40.404926171900186,48.458259774059066,41.96598038971911
2025-04-19,78.68841252216569,53.689357193541795,50.78626058567144,39.344206261082846
2025-04-20,95.40878562390107,42.491767783842306,49.65528096310088,47.704392811950534
2025-04-21,97.52680178174641,37.87992966591309,49.70024663644628,48.76340089087321
2025-04-22,73.92641788291286,40.96242825115672,47.64358130867468,36.96320894145643
2025-04-23,75.20324192110772,32.16999506800305,45.57873681155815,37.60162096055386
2025-04-24,98.04114404972401,33.48483247014058,49.6764916581433,49.020572024862005
2025-04-25,90.49404298331373,42.96640083671068,49.33138908681171,45.24702149165687
2025-04-26,79.36610554408998,28.168306888933518,45.49527148552436,39.68305277204499
2025-04-27,97.82874700047412,25.43148660246019,49.466555415917,48.91437350023706
2025-04-28,41.49691489339623,22.905713657294083,34.149006601899835,20.748457446698115
2025-04-29,32.86901027402944,38.029026535544524,41.96376703347774,16.43450513701472
2025-04-30,16.06057082101206,32.973786033071754,35.70829318536731,8.03028541050603
2025-05-01,10.47750370681098,33.500273723474336,35.22903315571098,5.23875185340549
2025-05-02,8.03023538328955,33.961637896971,35.24955612546854,4.015117691644775
2025-05-03,90.68247721623861,31.94398132710904,48.317626346313176,45.341238608119305
2025-05-04,75.25442207326527,20.32934357436615,42.65782459282105,37.62721103663264
2025-05-05,98.75524773883814,39.58402662229618,49.87034693585901,49.37762386941907
2025-05-06,98.4632810946922,33.230022907963885,49.74229259161089,49.2316405473461
2025-05-07,99.52317557201333,83.6734693877551,50.16056332779143,49.761587786006665
2025-05-08,94.7755242394049,32.90511875024781,49.10688207280418,47.38776211970245
2025-05-15,71.70980481585522,18.357491462824814,41.04827257367346,35.85490240792761
2025-05-16,53.938443540056504,18.070791677924884,35.292909681514395,26.969221770028252
2025-05-17,83.06757263607672,25.987615038182888,45.934120357994686,41.53378631803836
2025-05-18,58.58564278499024,17.980707588749098,36.73941586308604,29.29282139249512
2025-05-19,13.871492062964863,25.289101627838594,28.71687193422028,6.935746031482432
2025-05-20,95.13201678914794,24.365136756135946,48.75209916116381,47.56600839457397
2025-05-21,90.52303690295216,13.671926220551597,46.55720185405336,45.26151845147608
2025-05-22,99.91863337191175,100.0,50.04068331404413,49.959316685955876
2025-05-23,77.864336756787,24.060727456522958,44.25816998203671,38.9321683783935
2025-05-24,78.77208542807288,26.30885324638558,44.97086360603285,39.38604271403644
2025-05-25,87.15316338200924,19.001693411821627,46.01769819827286,43.57658169100462
2025-05-26,65.6690301447112,15.322600125609934,38.09491230252519,32.8345150723556
2025-05-27,98.2395984744015,36.23853211009174,49.75774290932131,49.11979923720075
2025-05-28,81.11733417289433,7.772805054626826,42.026379890304725,40.558667086447166
2025-05-29,47.46345390191579,12.755160471205224,30.43284771179724,23.731726950957896
2025-05-30,18.25204433190818,19.648977602201697,25.188659665435225,9.12602216595409
2025-05-31,1.3277368867031087,19.19520609215265,19.60421270374001,0.6638684433515544
2025-06-01,44.69925927155134,18.77749895911868,32.73372565044504,22.34962963577567
2025-06-02,87.63230308907511,13.463568281200262,45.481284862951824,43.816151544537554
2025-06-04,89.74916540338145,13.35811547941331,46.24390102471069,44.87458270169073
2025-06-05,92.59143443497133,16.746331236897273,47.53638014690807,46.29571721748567
2025-06-06,63.67612111761315,30.622427484315146,42.961314029055956,31.838060558806575
2025-06-07,86.31835178835935,18.504890827049454,45.69094995908474,43.159175894179675
2025-06-08,61.2595479215966,23.741407738923744,39.82730264863441,30.6297739607983
2025-06-09,1.5719789405912832,13.6149947460152,14.186959366140876,0.7859894702956416
2025-06-10,1.0133086323344935,13.234007465176148,13.606560441294974,0.5066543161672468
2025-06-12,0.42825485109732514,12.63299730720214,12.793023308943713,0.21412742554866257
2025-06-13,0.4882729343936464,10.673453798665115,10.865474679798044,0.2441364671968232
2025-06-14,2.8069118777129325,12.849404348522892,13.892188830505306,1.4034559388564662
2025-06-15,11.741695164414876,11.255166832522873,15.804467035009145,5.870847582207438
2025-06-16,77.33677296367667,16.384914285714284,42.381736806116734,38.66838648183833
2025-06-17,36.23122873973285,10.713890750125227,24.9477308553887,18.115614369866424
2025-06-18,1.438638246967271,8.343131677097162,8.942423317279236,0.7193191234836355
2025-06-19,1.8865690983969148,11.22040535534741,11.95200920439701,0.9432845491984574
2025-06-20,5.9434888873660885,10.552669517625683,12.897217221208177,2.9717444436830442
2025-06-21,25.83981849167914,20.974640317975705,28.4747405763678,12.91990924583957
2025-06-22,0.36179435044206615,7.780350893283335,7.9330991985279,0.18089717522103307
2025-06-23,45.202112899512834,15.802062636010975,31.260252892585978,22.601056449756417
2025-06-25,0.7946051584952762,8.681498353469228,9.009817298965519,0.3973025792476381
